lat,lon,depth,starttime,energy,duration 
 48.835, -124.35, 25.0, 2014-11-23 02:55:00, 0.0, None 
 47.81, -123.78, 24.0, 2014-11-09 00:00:00, 0.0, None 
 47.69, -123.34, 52.0, 2014-11-09 00:50:00, 0.0, None 
 47.715, -123.315, 60.0, 2014-11-09 02:00:00, 0.0, None 
 47.77, -123.37, 53.0, 2014-11-09 02:07:30, 0.0, None 
 47.69, -123.34, 27.0, 2014-11-09 02:10:00, 0.0, None 
 47.71, -123.36, 27.0, 2014-11-09 02:12:30, 0.0, None 
 47.6, -123.48, 48.0, 2014-11-09 02:20:00, 0.0, None 
 47.59, -123.48, 47.5, 2014-11-09 02:22:30, 0.0, None 
 47.6, -123.46, 40.0, 2014-11-09 02:30:00, 0.0, None 
 47.63, -123.45, 47.0, 2014-11-09 02:32:30, 0.0, None 
 47.6, -123.48, 20.0, 2014-11-09 02:52:30, 0.0, None 
 47.71, -123.43, 28.0, 2014-11-09 03:00:00, 0.0, None 
 47.735, -123.47, 20.0, 2014-11-09 03:02:30, 0.0, None 
 47.8, -123.53, 50.0, 2014-11-09 03:07:30, 0.0, None 
 47.66, -123.4, 29.0, 2014-11-09 03:40:00, 0.0, None 
 47.68, -123.41, 27.0, 2014-11-09 03:42:30, 0.0, None 
 47.78, -123.49, 20.0, 2014-11-09 06:02:30, 0.0, None 
 47.78, -123.39, 26.0, 2014-11-09 07:05:00, 0.0, None 
 48.98, -125.275, 50.0, 2014-11-11 03:15:00, 0.0, None 
 49.0, -125.08, 45.0, 2014-11-11 03:47:30, 0.0, None 
 48.96, -125.15, 52.0, 2014-11-11 07:55:00, 0.0, None 
 49.0, -125.24, 60.0, 2014-11-11 11:40:00, 0.0, None 
 48.983000000000004, -125.148, 49.8, 2014-11-11 12:07:30, 0.0, None 
 48.89, -125.33, 60.0, 2014-11-11 22:25:00, 0.0, None 
 48.98, -125.255, 56.5, 2014-11-11 23:20:00, 0.0, None 
 48.965, -125.22, 46.0, 2014-11-12 14:05:00, 0.0, None 
 49.0, -125.35, 51.0, 2014-11-13 03:45:00, 0.0, None 
 49.0, -125.335, 46.0, 2014-11-13 04:25:00, 0.0, None 
 49.0, -125.14, 27.0, 2014-11-13 04:30:00, 0.0, None 
 48.94, -125.16, 50.0, 2014-11-13 04:45:00, 0.0, None 
 48.93, -125.21, 46.0, 2014-11-13 04:52:30, 0.0, None 
 49.0, -125.17, 45.0, 2014-11-13 11:42:30, 0.0, None 
 48.96, -125.12, 37.0, 2014-11-13 14:12:30, 0.0, None 
 48.985, -125.09, 28.5, 2014-11-13 16:32:30, 0.0, None 
 49.0, -125.14, 40.0, 2014-11-13 17:00:00, 0.0, None 
 48.99, -125.035, 26.5, 2014-11-13 18:37:30, 0.0, None 
 49.0, -125.09, 36.0, 2014-11-14 05:35:00, 0.0, None 
 48.998000000000005, -125.01, 43.0, 2014-11-14 06:07:30, 0.0, None 
 48.79, -122.99, 44.0, 2014-11-14 09:07:30, 0.0, None 
 48.79, -123.01, 44.0, 2014-11-14 09:10:00, 0.0, None 
 48.5, -123.7, 38.0, 2014-11-14 14:50:00, 0.0, None 
 48.98, -124.99, 20.0, 2014-11-15 01:07:30, 0.0, None 
 48.965, -125.005, 20.0, 2014-11-15 01:10:00, 0.0, None 
 48.97, -125.06, 26.5, 2014-11-15 02:20:00, 0.0, None 
 48.99, -125.07, 20.0, 2014-11-15 03:02:30, 0.0, None 
 49.0, -124.95, 35.0, 2014-11-15 06:47:30, 0.0, None 
 48.96, -124.89, 46.0, 2014-11-15 06:50:00, 0.0, None 
 48.945, -124.945, 36.0, 2014-11-15 06:55:00, 0.0, None 
 48.99, -125.12, 36.0, 2014-11-15 07:45:00, 0.0, None 
 49.0, -125.14, 46.0, 2014-11-15 08:05:00, 0.0, None 
 48.99, -125.09, 37.0, 2014-11-15 08:37:30, 0.0, None 
 48.99, -125.02, 48.0, 2014-11-15 08:40:00, 0.0, None 
 48.97, -125.07, 29.0, 2014-11-15 10:15:00, 0.0, None 
 48.995, -125.0, 28.5, 2014-11-15 11:22:30, 0.0, None 
 48.995, -124.963, 22.2, 2014-11-15 11:25:00, 0.0, None 
 48.96, -124.89, 40.0, 2014-11-15 12:17:30, 0.0, None 
 48.98, -125.095, 33.0, 2014-11-15 13:22:30, 0.0, None 
 48.98, -125.01, 28.0, 2014-11-15 13:37:30, 0.0, None 
 48.94, -124.87299999999999, 57.5, 2014-11-15 13:50:00, 0.0, None 
 48.99, -125.06, 35.0, 2014-11-15 13:55:00, 0.0, None 
 48.98, -125.02799999999999, 20.0, 2014-11-15 14:00:00, 0.0, None 
 48.965, -125.03, 20.5, 2014-11-15 14:02:30, 0.0, None 
 48.96, -125.04, 26.0, 2014-11-15 14:37:30, 0.0, None 
 48.96, -125.01, 32.0, 2014-11-15 14:40:00, 0.0, None 
 48.88, -124.93, 60.0, 2014-11-15 18:42:30, 0.0, None 
 49.0, -124.86, 50.0, 2014-11-15 18:47:30, 0.0, None 
 48.88, -124.9, 32.0, 2014-11-15 19:50:00, 0.0, None 
 48.99, -124.915, 32.0, 2014-11-15 20:10:00, 0.0, None 
 48.995, -124.98, 20.0, 2014-11-15 20:15:00, 0.0, None 
 48.998000000000005, -124.98, 20.0, 2014-11-15 20:17:30, 0.0, None 
 48.992, -124.928, 39.0, 2014-11-15 20:25:00, 0.0, None 
 48.97, -124.92, 34.0, 2014-11-15 20:32:30, 0.0, None 
 48.972, -124.91799999999999, 31.0, 2014-11-15 20:35:00, 0.0, None 
 48.995, -124.965, 41.8, 2014-11-15 20:45:00, 0.0, None 
 48.99, -124.87, 20.0, 2014-11-15 21:10:00, 0.0, None 
 48.97, -124.935, 29.8, 2014-11-15 23:50:00, 0.0, None 
 48.985, -125.01, 31.5, 2014-11-16 00:17:30, 0.0, None 
 48.89, -124.43, 24.0, 2014-11-16 01:42:30, 0.0, None 
 48.81, -124.29, 50.0, 2014-11-16 02:52:30, 0.0, None 
 48.965, -124.87, 30.0, 2014-11-16 03:25:00, 0.0, None 
 48.935, -124.9, 27.0, 2014-11-16 03:27:30, 0.0, None 
 48.998000000000005, -124.755, 60.0, 2014-11-16 03:55:00, 0.0, None 
 48.77, -124.7, 20.0, 2014-11-16 04:17:30, 0.0, None 
 48.97, -124.8, 30.0, 2014-11-16 04:20:00, 0.0, None 
 48.97, -124.77799999999999, 29.2, 2014-11-16 04:22:30, 0.0, None 
 48.968, -124.773, 35.8, 2014-11-16 04:32:30, 0.0, None 
 49.0, -124.88, 22.5, 2014-11-16 04:40:00, 0.0, None 
 48.977, -124.86, 29.0, 2014-11-16 04:42:30, 0.0, None 
 48.955, -124.87, 33.8, 2014-11-16 04:45:00, 0.0, None 
 48.945, -124.905, 34.0, 2014-11-16 04:47:30, 0.0, None 
 48.995, -124.845, 42.5, 2014-11-16 04:57:30, 0.0, None 
 48.968, -124.9, 34.2, 2014-11-16 05:00:00, 0.0, None 
 48.68, -124.2, 60.0, 2014-11-16 05:02:30, 0.0, None 
 48.43, -123.9, 60.0, 2014-11-16 05:07:30, 0.0, None 
 48.995, -124.79, 36.0, 2014-11-16 05:17:30, 0.0, None 
 48.86, -124.69, 28.5, 2014-11-16 05:20:00, 0.0, None 
 48.953, -124.77799999999999, 33.2, 2014-11-16 05:22:30, 0.0, None 
 48.96, -124.765, 23.2, 2014-11-16 05:37:30, 0.0, None 
 48.925, -124.78, 38.2, 2014-11-16 05:40:00, 0.0, None 
 48.96, -124.755, 40.0, 2014-11-16 05:42:30, 0.0, None 
 48.785, -124.23, 23.5, 2014-11-16 06:00:00, 0.0, None 
 48.953, -124.825, 40.0, 2014-11-16 06:07:30, 0.0, None 
 48.995, -124.77, 33.2, 2014-11-16 06:10:00, 0.0, None 
 48.985, -124.8, 34.5, 2014-11-16 06:17:30, 0.0, None 
 48.97, -124.77, 33.5, 2014-11-16 06:20:00, 0.0, None 
 48.945, -124.78, 33.2, 2014-11-16 06:22:30, 0.0, None 
 48.95, -124.825, 26.8, 2014-11-16 06:25:00, 0.0, None 
 48.943999999999996, -124.76799999999999, 21.6, 2014-11-16 06:27:30, 0.0, None 
 49.0, -124.822, 20.0, 2014-11-16 06:30:00, 0.0, None 
 48.79, -124.19, 50.0, 2014-11-16 06:35:00, 0.0, None 
 48.95, -124.61, 44.0, 2014-11-16 07:00:00, 0.0, None 
 48.953, -124.75, 26.8, 2014-11-16 07:05:00, 0.0, None 
 48.91, -124.79799999999999, 25.5, 2014-11-16 07:07:30, 0.0, None 
 48.97, -124.75200000000001, 24.8, 2014-11-16 07:10:00, 0.0, None 
 48.965, -124.795, 20.0, 2014-11-16 07:12:30, 0.0, None 
 48.953, -124.71, 20.0, 2014-11-16 07:15:00, 0.0, None 
 48.64, -124.725, 60.0, 2014-11-16 07:17:30, 0.0, None 
 48.95, -124.8, 27.0, 2014-11-16 07:17:30, 0.0, None 
 48.78, -124.27, 60.0, 2014-11-16 07:22:30, 0.0, None 
 48.84, -124.62, 28.0, 2014-11-16 07:25:00, 0.0, None 
 48.986999999999995, -124.713, 34.8, 2014-11-16 07:32:30, 0.0, None 
 48.945, -124.865, 29.0, 2014-11-16 07:55:00, 0.0, None 
 48.85, -124.29, 54.0, 2014-11-16 07:57:30, 0.0, None 
 48.93, -124.83, 33.0, 2014-11-16 08:00:00, 0.0, None 
 48.961999999999996, -124.785, 33.0, 2014-11-16 08:07:30, 0.0, None 
 48.9, -124.33, 20.0, 2014-11-16 08:07:30, 0.0, None 
 48.8, -124.67, 32.5, 2014-11-16 08:10:00, 0.0, None 
 48.94, -124.43, 60.0, 2014-11-16 08:12:30, 0.0, None 
 48.93, -124.745, 27.2, 2014-11-16 08:25:00, 0.0, None 
 48.885, -124.315, 38.0, 2014-11-16 08:25:00, 0.0, None 
 48.985, -124.75200000000001, 29.2, 2014-11-16 08:27:30, 0.0, None 
 48.78, -124.6, 20.0, 2014-11-16 08:35:00, 0.0, None 
 49.0, -124.78, 26.0, 2014-11-16 08:35:00, 0.0, None 
 48.935, -124.75, 20.0, 2014-11-16 08:37:30, 0.0, None 
 48.82, -124.34, 20.0, 2014-11-16 08:37:30, 0.0, None 
 48.975, -124.75, 20.0, 2014-11-16 08:42:30, 0.0, None 
 48.883, -124.79799999999999, 22.0, 2014-11-16 08:45:00, 0.0, None 
 48.88, -124.655, 20.0, 2014-11-16 08:47:30, 0.0, None 
 48.96, -124.77799999999999, 22.0, 2014-11-16 08:50:00, 0.0, None 
 48.995, -124.785, 21.8, 2014-11-16 08:52:30, 0.0, None 
 48.96, -124.745, 60.0, 2014-11-16 08:57:30, 0.0, None 
 48.89, -124.665, 33.0, 2014-11-16 09:00:00, 0.0, None 
 48.983000000000004, -124.76700000000001, 23.2, 2014-11-16 09:07:30, 0.0, None 
 48.963, -124.77, 33.5, 2014-11-16 09:10:00, 0.0, None 
 48.905, -124.835, 21.2, 2014-11-16 09:15:00, 0.0, None 
 48.898, -124.81200000000001, 22.2, 2014-11-16 09:17:30, 0.0, None 
 48.895, -124.838, 32.8, 2014-11-16 09:20:00, 0.0, None 
 48.836999999999996, -124.8, 20.0, 2014-11-16 09:22:30, 0.0, None 
 48.975, -124.81, 26.2, 2014-11-16 09:25:00, 0.0, None 
 48.875, -124.757, 41.8, 2014-11-16 09:27:30, 0.0, None 
 48.876999999999995, -124.68299999999999, 34.5, 2014-11-16 09:30:00, 0.0, None 
 48.945, -124.73, 20.0, 2014-11-16 09:32:30, 0.0, None 
 48.92, -124.45, 20.0, 2014-11-16 09:35:00, 0.0, None 
 48.995, -124.99, 28.2, 2014-11-16 09:40:00, 0.0, None 
 48.985, -124.635, 20.0, 2014-11-16 09:45:00, 0.0, None 
 48.845, -124.165, 60.0, 2014-11-16 09:52:30, 0.0, None 
 48.876999999999995, -124.575, 21.8, 2014-11-16 09:55:00, 0.0, None 
 48.92, -124.52, 60.0, 2014-11-16 10:07:30, 0.0, None 
 48.81, -124.75, 20.0, 2014-11-16 10:15:00, 0.0, None 
 48.985, -124.82, 33.0, 2014-11-16 10:17:30, 0.0, None 
 48.972, -124.77799999999999, 27.0, 2014-11-16 10:22:30, 0.0, None 
 48.963, -124.81200000000001, 37.8, 2014-11-16 10:25:00, 0.0, None 
 48.88, -124.89, 60.0, 2014-11-16 10:27:30, 0.0, None 
 48.99, -124.72, 32.0, 2014-11-16 10:30:00, 0.0, None 
 48.64, -124.73, 20.0, 2014-11-16 10:32:30, 0.0, None 
 48.99, -124.815, 36.0, 2014-11-16 10:32:30, 0.0, None 
 48.7, -124.27, 20.0, 2014-11-16 10:32:30, 0.0, None 
 48.7, -124.72, 25.5, 2014-11-16 10:35:00, 0.0, None 
 48.98, -124.805, 31.0, 2014-11-16 10:35:00, 0.0, None 
 48.91, -124.485, 47.5, 2014-11-16 10:37:30, 0.0, None 
 48.93, -124.85, 20.0, 2014-11-16 10:47:30, 0.0, None 
 48.93, -124.89, 20.0, 2014-11-16 10:50:00, 0.0, None 
 49.0, -124.675, 33.2, 2014-11-16 10:55:00, 0.0, None 
 48.845, -124.735, 30.0, 2014-11-16 11:02:30, 0.0, None 
 48.835, -124.81, 24.8, 2014-11-16 11:05:00, 0.0, None 
 48.847, -124.715, 23.8, 2014-11-16 11:07:30, 0.0, None 
 48.91, -124.76, 26.5, 2014-11-16 11:10:00, 0.0, None 
 48.943000000000005, -124.75, 20.0, 2014-11-16 11:12:30, 0.0, None 
 48.93, -124.79, 20.0, 2014-11-16 11:15:00, 0.0, None 
 48.97, -124.805, 28.5, 2014-11-16 11:22:30, 0.0, None 
 48.918, -124.835, 20.0, 2014-11-16 11:25:00, 0.0, None 
 48.915, -124.865, 20.0, 2014-11-16 11:27:30, 0.0, None 
 48.905, -124.855, 20.0, 2014-11-16 11:32:30, 0.0, None 
 48.94, -124.815, 29.2, 2014-11-16 11:35:00, 0.0, None 
 48.983000000000004, -124.715, 24.8, 2014-11-16 11:37:30, 0.0, None 
 48.965, -124.755, 26.5, 2014-11-16 11:42:30, 0.0, None 
 48.965, -124.705, 29.0, 2014-11-16 11:45:00, 0.0, None 
 48.903, -124.845, 37.0, 2014-11-16 11:47:30, 0.0, None 
 48.91, -124.845, 27.5, 2014-11-16 11:50:00, 0.0, None 
 49.0, -124.74, 31.5, 2014-11-16 11:55:00, 0.0, None 
 48.4, -123.93, 40.0, 2014-11-16 12:00:00, 0.0, None 
 48.983000000000004, -124.64200000000001, 37.5, 2014-11-16 12:12:30, 0.0, None 
 48.992, -124.72200000000001, 20.0, 2014-11-16 12:15:00, 0.0, None 
 48.86, -124.4, 46.0, 2014-11-16 12:50:00, 0.0, None 
 48.983000000000004, -124.655, 60.0, 2014-11-16 12:57:30, 0.0, None 
 48.993, -124.69, 28.0, 2014-11-16 13:02:30, 0.0, None 
 48.985, -124.725, 35.8, 2014-11-16 13:05:00, 0.0, None 
 48.71, -124.565, 20.0, 2014-11-16 13:07:30, 0.0, None 
 48.975, -124.68799999999999, 20.0, 2014-11-16 13:07:30, 0.0, None 
 48.74, -124.665, 32.0, 2014-11-16 13:10:00, 0.0, None 
 48.98, -124.83, 22.0, 2014-11-16 13:10:00, 0.0, None 
 48.93, -124.81700000000001, 20.0, 2014-11-16 13:12:30, 0.0, None 
 48.41, -123.89, 20.0, 2014-11-16 13:15:00, 0.0, None 
 48.864, -124.69200000000001, 20.0, 2014-11-16 13:17:30, 0.0, None 
 48.87, -124.74, 20.0, 2014-11-16 13:20:00, 0.0, None 
 48.89, -124.76299999999999, 24.2, 2014-11-16 13:22:30, 0.0, None 
 48.74, -124.22, 20.0, 2014-11-16 13:22:30, 0.0, None 
 48.75, -124.615, 21.5, 2014-11-16 13:25:00, 0.0, None 
 49.0, -124.7, 29.0, 2014-11-16 13:25:00, 0.0, None 
 48.74, -124.25, 40.0, 2014-11-16 13:25:00, 0.0, None 
 48.961999999999996, -124.605, 27.0, 2014-11-16 13:27:30, 0.0, None 
 48.975, -124.76, 20.0, 2014-11-16 13:30:00, 0.0, None 
 48.933, -124.895, 20.0, 2014-11-16 13:35:00, 0.0, None 
 48.955, -124.845, 25.5, 2014-11-16 13:37:30, 0.0, None 
 48.915, -124.83, 33.2, 2014-11-16 13:40:00, 0.0, None 
 48.89, -124.82, 20.0, 2014-11-16 13:42:30, 0.0, None 
 48.948, -124.8, 25.5, 2014-11-16 13:45:00, 0.0, None 
 48.94, -124.79, 25.5, 2014-11-16 13:47:30, 0.0, None 
 49.0, -124.66, 20.0, 2014-11-16 14:07:30, 0.0, None 
 48.99, -124.68, 20.0, 2014-11-16 14:10:00, 0.0, None 
 48.998000000000005, -124.64, 24.8, 2014-11-16 14:22:30, 0.0, None 
 48.94, -124.635, 21.0, 2014-11-16 14:25:00, 0.0, None 
 48.913000000000004, -124.523, 43.8, 2014-11-16 14:27:30, 0.0, None 
 48.99, -124.65700000000001, 24.8, 2014-11-16 14:35:00, 0.0, None 
 48.898, -124.87299999999999, 26.2, 2014-11-16 14:37:30, 0.0, None 
 48.835, -124.22, 20.0, 2014-11-16 15:05:00, 0.0, None 
 48.995, -124.55, 26.2, 2014-11-16 15:12:30, 0.0, None 
 48.9, -124.53, 47.0, 2014-11-16 15:25:00, 0.0, None 
 48.965, -124.535, 35.8, 2014-11-16 15:35:00, 0.0, None 
 48.986999999999995, -124.615, 20.0, 2014-11-16 15:37:30, 0.0, None 
 48.72, -124.61, 60.0, 2014-11-16 16:00:00, 0.0, None 
 48.85, -124.70700000000001, 33.5, 2014-11-16 16:02:30, 0.0, None 
 48.81, -124.735, 48.8, 2014-11-16 16:05:00, 0.0, None 
 48.89, -124.745, 32.0, 2014-11-16 16:07:30, 0.0, None 
 48.9, -124.69, 23.0, 2014-11-16 16:10:00, 0.0, None 
 48.888000000000005, -124.613, 20.0, 2014-11-16 16:12:30, 0.0, None 
 48.925, -124.523, 20.0, 2014-11-16 16:15:00, 0.0, None 
 48.876999999999995, -124.465, 20.0, 2014-11-16 16:17:30, 0.0, None 
 48.965, -124.73, 20.0, 2014-11-16 16:20:00, 0.0, None 
 48.78, -124.19, 60.0, 2014-11-16 16:20:00, 0.0, None 
 48.965, -124.765, 25.0, 2014-11-16 16:22:30, 0.0, None 
 48.927, -124.83, 23.5, 2014-11-16 16:25:00, 0.0, None 
 48.685, -124.59, 42.0, 2014-11-16 16:27:30, 0.0, None 
 48.99, -124.82, 25.0, 2014-11-16 16:27:30, 0.0, None 
 48.955, -124.757, 35.2, 2014-11-16 16:30:00, 0.0, None 
 48.992, -124.773, 22.8, 2014-11-16 16:40:00, 0.0, None 
 48.89, -124.42, 20.0, 2014-11-16 16:40:00, 0.0, None 
 48.945, -124.725, 25.8, 2014-11-16 16:42:30, 0.0, None 
 48.96, -124.725, 27.5, 2014-11-16 16:47:30, 0.0, None 
 48.992, -124.65299999999999, 29.2, 2014-11-16 16:50:00, 0.0, None 
 48.87, -124.33, 47.0, 2014-11-16 16:50:00, 0.0, None 
 48.89, -124.15, 20.0, 2014-11-16 17:05:00, 0.0, None 
 48.972, -124.68, 60.0, 2014-11-16 17:10:00, 0.0, None 
 48.977, -124.73, 27.0, 2014-11-16 17:12:30, 0.0, None 
 48.87, -124.73, 40.2, 2014-11-16 17:15:00, 0.0, None 
 48.945, -124.86, 20.0, 2014-11-16 17:17:30, 0.0, None 
 48.97, -124.555, 39.0, 2014-11-16 17:22:30, 0.0, None 
 48.903, -124.76700000000001, 22.0, 2014-11-16 17:27:30, 0.0, None 
 48.805, -124.75, 20.0, 2014-11-16 17:30:00, 0.0, None 
 48.89, -124.773, 23.5, 2014-11-16 17:40:00, 0.0, None 
 48.825, -124.72200000000001, 21.8, 2014-11-16 17:42:30, 0.0, None 
 48.615, -124.68, 28.5, 2014-11-16 17:45:00, 0.0, None 
 48.91, -124.765, 21.5, 2014-11-16 17:45:00, 0.0, None 
 48.7, -124.67, 22.0, 2014-11-16 17:47:30, 0.0, None 
 48.95, -124.73, 20.0, 2014-11-16 17:47:30, 0.0, None 
 48.7, -124.66, 20.0, 2014-11-16 17:50:00, 0.0, None 
 48.93, -124.75, 20.0, 2014-11-16 17:50:00, 0.0, None 
 48.81, -124.785, 60.0, 2014-11-16 17:52:30, 0.0, None 
 48.95, -124.795, 20.5, 2014-11-16 17:55:00, 0.0, None 
 48.887, -124.65100000000001, 42.5, 2014-11-16 17:57:30, 0.0, None 
 48.9, -124.67200000000001, 25.0, 2014-11-16 18:00:00, 0.0, None 
 48.907, -124.68299999999999, 20.0, 2014-11-16 18:02:30, 0.0, None 
 48.9, -124.75200000000001, 33.0, 2014-11-16 18:05:00, 0.0, None 
 48.888000000000005, -124.77799999999999, 28.5, 2014-11-16 18:07:30, 0.0, None 
 48.85, -124.655, 20.0, 2014-11-16 18:10:00, 0.0, None 
 48.72, -124.525, 48.0, 2014-11-16 18:25:00, 0.0, None 
 48.86, -124.34, 20.0, 2014-11-16 18:57:30, 0.0, None 
 48.9, -124.43, 40.0, 2014-11-16 19:00:00, 0.0, None 
 48.99, -124.49, 31.0, 2014-11-16 20:15:00, 0.0, None 
 48.983999999999995, -124.435, 20.0, 2014-11-16 20:20:00, 0.0, None 
 48.94, -124.7, 20.0, 2014-11-16 20:30:00, 0.0, None 
 48.73, -124.63, 20.0, 2014-11-16 20:35:00, 0.0, None 
 49.0, -124.81, 20.0, 2014-11-16 20:35:00, 0.0, None 
 48.775, -124.6, 20.0, 2014-11-16 20:37:30, 0.0, None 
 48.92, -124.795, 34.0, 2014-11-16 20:40:00, 0.0, None 
 48.938, -124.75200000000001, 26.2, 2014-11-16 20:42:30, 0.0, None 
 48.875, -124.72, 31.2, 2014-11-16 20:45:00, 0.0, None 
 48.897, -124.757, 20.0, 2014-11-16 20:47:30, 0.0, None 
 48.9, -124.785, 27.2, 2014-11-16 20:50:00, 0.0, None 
 48.955, -124.85799999999999, 28.8, 2014-11-16 20:52:30, 0.0, None 
 48.922, -124.88, 30.8, 2014-11-16 20:57:30, 0.0, None 
 48.91, -124.9, 29.5, 2014-11-16 21:00:00, 0.0, None 
 49.0, -125.02, 20.0, 2014-11-16 21:07:30, 0.0, None 
 48.93, -124.97, 22.0, 2014-11-16 21:10:00, 0.0, None 
 48.98, -124.977, 25.8, 2014-11-16 21:12:30, 0.0, None 
 48.925, -124.887, 20.0, 2014-11-16 21:15:00, 0.0, None 
 48.912, -124.855, 20.0, 2014-11-16 21:17:30, 0.0, None 
 48.945, -124.855, 23.5, 2014-11-16 21:20:00, 0.0, None 
 48.961999999999996, -124.82, 23.8, 2014-11-16 21:22:30, 0.0, None 
 48.972, -124.815, 25.8, 2014-11-16 21:25:00, 0.0, None 
 48.82, -124.78, 23.5, 2014-11-16 22:07:30, 0.0, None 
 48.91, -124.755, 48.0, 2014-11-16 22:10:00, 0.0, None 
 48.985, -125.075, 26.0, 2014-11-16 22:25:00, 0.0, None 
 48.93, -124.99, 32.0, 2014-11-16 22:27:30, 0.0, None 
 48.665, -124.66, 20.0, 2014-11-16 22:30:00, 0.0, None 
 48.92, -124.73, 20.0, 2014-11-16 22:30:00, 0.0, None 
 48.66, -124.66, 20.0, 2014-11-16 22:32:30, 0.0, None 
 48.925, -124.755, 20.0, 2014-11-16 22:32:30, 0.0, None 
 48.89, -124.74, 20.0, 2014-11-16 22:35:00, 0.0, None 
 48.82, -124.775, 20.0, 2014-11-16 22:37:30, 0.0, None 
 48.975, -124.76, 60.0, 2014-11-16 22:42:30, 0.0, None 
 48.985, -124.73, 31.5, 2014-11-16 22:45:00, 0.0, None 
 48.97, -124.75, 21.5, 2014-11-16 22:47:30, 0.0, None 
 48.92, -124.51, 60.0, 2014-11-16 22:50:00, 0.0, None 
 48.981, -124.491, 20.0, 2014-11-16 23:32:30, 0.0, None 
 48.94, -124.618, 25.8, 2014-11-16 23:40:00, 0.0, None 
 48.935, -124.62700000000001, 25.0, 2014-11-16 23:52:30, 0.0, None 
 48.922, -124.6, 31.2, 2014-11-16 23:55:00, 0.0, None 
 48.942, -124.64, 20.0, 2014-11-17 00:02:30, 0.0, None 
 48.98, -124.605, 60.0, 2014-11-17 00:05:00, 0.0, None 
 48.825, -124.24, 60.0, 2014-11-17 00:05:00, 0.0, None 
 48.7, -124.605, 20.0, 2014-11-17 00:07:30, 0.0, None 
 48.92, -124.72, 20.0, 2014-11-17 00:07:30, 0.0, None 
 48.68, -124.685, 20.0, 2014-11-17 00:10:00, 0.0, None 
 48.89, -124.83, 20.0, 2014-11-17 00:10:00, 0.0, None 
 48.68, -124.7, 20.0, 2014-11-17 00:12:30, 0.0, None 
 48.9, -124.9, 20.0, 2014-11-17 00:12:30, 0.0, None 
 48.992, -124.69200000000001, 23.0, 2014-11-17 00:15:00, 0.0, None 
 48.915, -124.33, 20.0, 2014-11-17 00:35:00, 0.0, None 
 48.855, -124.6, 43.5, 2014-11-17 00:45:00, 0.0, None 
 48.998000000000005, -124.755, 40.5, 2014-11-17 00:47:30, 0.0, None 
 48.955, -124.58200000000001, 40.0, 2014-11-17 00:50:00, 0.0, None 
 48.983000000000004, -124.47, 25.6, 2014-11-17 00:57:30, 0.0, None 
 48.985, -124.49, 25.8, 2014-11-17 01:00:00, 0.0, None 
 48.97, -124.448, 42.0, 2014-11-17 01:05:00, 0.0, None 
 48.98, -124.735, 20.0, 2014-11-17 01:15:00, 0.0, None 
 48.96, -124.78, 39.0, 2014-11-17 01:17:30, 0.0, None 
 48.62, -124.68, 60.0, 2014-11-17 01:22:30, 0.0, None 
 49.0, -125.04, 20.0, 2014-11-17 01:45:00, 0.0, None 
 48.93, -124.6, 20.0, 2014-11-17 02:10:00, 0.0, None 
 48.876999999999995, -124.60799999999999, 20.0, 2014-11-17 02:12:30, 0.0, None 
 48.99, -124.565, 36.5, 2014-11-17 02:25:00, 0.0, None 
 48.945, -124.575, 20.0, 2014-11-17 02:27:30, 0.0, None 
 48.975, -124.56, 27.5, 2014-11-17 02:30:00, 0.0, None 
 48.98, -124.47, 20.0, 2014-11-17 02:47:30, 0.0, None 
 48.69, -124.39, 38.0, 2014-11-17 03:02:30, 0.0, None 
 48.69, -124.32, 20.0, 2014-11-17 03:07:30, 0.0, None 
 48.955, -124.45, 20.0, 2014-11-17 03:10:00, 0.0, None 
 48.985, -124.415, 20.0, 2014-11-17 03:12:30, 0.0, None 
 48.992, -124.37700000000001, 24.0, 2014-11-17 03:15:00, 0.0, None 
 49.0, -124.43, 20.0, 2014-11-17 03:22:30, 0.0, None 
 48.993, -124.455, 20.0, 2014-11-17 03:25:00, 0.0, None 
 49.0, -124.43, 20.0, 2014-11-17 03:35:00, 0.0, None 
 48.972, -124.435, 30.5, 2014-11-17 03:37:30, 0.0, None 
 48.9, -124.57, 28.0, 2014-11-17 03:40:00, 0.0, None 
 48.585, -124.375, 29.0, 2014-11-17 03:42:30, 0.0, None 
 48.93, -124.59, 28.5, 2014-11-17 03:42:30, 0.0, None 
 48.907, -124.435, 20.0, 2014-11-17 03:45:00, 0.0, None 
 48.83, -124.385, 20.0, 2014-11-17 03:50:00, 0.0, None 
 48.945, -124.43799999999999, 20.0, 2014-11-17 04:05:00, 0.0, None 
 48.985, -124.52, 20.0, 2014-11-17 04:12:30, 0.0, None 
 48.895, -124.705, 20.0, 2014-11-17 04:15:00, 0.0, None 
 48.89, -124.64, 20.0, 2014-11-17 04:17:30, 0.0, None 
 48.89, -124.675, 21.5, 2014-11-17 04:20:00, 0.0, None 
 48.925, -124.62299999999999, 47.8, 2014-11-17 04:22:30, 0.0, None 
 48.93, -124.69, 20.0, 2014-11-17 04:25:00, 0.0, None 
 48.93, -124.69, 20.0, 2014-11-17 04:27:30, 0.0, None 
 48.915, -124.66, 28.0, 2014-11-17 04:30:00, 0.0, None 
 48.7, -124.59, 20.0, 2014-11-17 04:32:30, 0.0, None 
 48.96, -124.7, 28.0, 2014-11-17 04:32:30, 0.0, None 
 48.69, -124.56, 24.0, 2014-11-17 04:35:00, 0.0, None 
 48.81, -124.3, 60.0, 2014-11-17 04:40:00, 0.0, None 
 48.986999999999995, -124.5, 27.2, 2014-11-17 04:42:30, 0.0, None 
 48.957, -124.465, 23.0, 2014-11-17 04:45:00, 0.0, None 
 48.992, -124.542, 20.0, 2014-11-17 04:47:30, 0.0, None 
 48.8, -124.22, 60.0, 2014-11-17 04:57:30, 0.0, None 
 48.876999999999995, -124.665, 20.0, 2014-11-17 05:12:30, 0.0, None 
 48.855, -124.613, 20.0, 2014-11-17 05:15:00, 0.0, None 
 48.69, -124.255, 37.5, 2014-11-17 05:17:30, 0.0, None 
 48.9, -124.67, 20.0, 2014-11-17 05:17:30, 0.0, None 
 48.71, -124.39, 20.0, 2014-11-17 05:20:00, 0.0, None 
 48.9, -124.66, 23.0, 2014-11-17 05:20:00, 0.0, None 
 48.905, -124.44, 24.0, 2014-11-17 05:22:30, 0.0, None 
 49.0, -124.43, 21.2, 2014-11-17 05:25:00, 0.0, None 
 48.995, -124.477, 29.5, 2014-11-17 05:30:00, 0.0, None 
 48.84, -124.77, 36.5, 2014-11-17 05:57:30, 0.0, None 
 48.815, -124.76, 29.0, 2014-11-17 06:00:00, 0.0, None 
 48.86, -124.37, 60.0, 2014-11-17 06:17:30, 0.0, None 
 48.992, -124.44200000000001, 20.0, 2014-11-17 06:35:00, 0.0, None 
 48.935, -124.44200000000001, 21.2, 2014-11-17 06:40:00, 0.0, None 
 48.98, -124.47, 20.5, 2014-11-17 06:42:30, 0.0, None 
 48.995, -124.477, 21.2, 2014-11-17 06:45:00, 0.0, None 
 48.9, -124.49, 20.0, 2014-11-17 06:47:30, 0.0, None 
 48.832, -124.64200000000001, 20.0, 2014-11-17 06:50:00, 0.0, None 
 48.8, -124.713, 22.0, 2014-11-17 06:52:30, 0.0, None 
 48.858000000000004, -124.535, 21.8, 2014-11-17 06:55:00, 0.0, None 
 48.81, -124.713, 20.0, 2014-11-17 06:57:30, 0.0, None 
 48.845, -124.67, 20.0, 2014-11-17 07:00:00, 0.0, None 
 48.94, -124.55, 22.0, 2014-11-17 07:02:30, 0.0, None 
 48.895, -124.51, 20.0, 2014-11-17 07:05:00, 0.0, None 
 48.86, -124.57, 25.5, 2014-11-17 07:07:30, 0.0, None 
 48.955, -124.63, 60.0, 2014-11-17 07:10:00, 0.0, None 
 48.847, -124.645, 20.0, 2014-11-17 07:12:30, 0.0, None 
 48.895, -124.77, 20.0, 2014-11-17 07:15:00, 0.0, None 
 48.795, -124.71, 23.2, 2014-11-17 07:17:30, 0.0, None 
 48.867, -124.76, 20.0, 2014-11-17 07:20:00, 0.0, None 
 48.9, -124.72, 25.0, 2014-11-17 07:22:30, 0.0, None 
 48.975, -124.61, 27.0, 2014-11-17 07:25:00, 0.0, None 
 48.91, -124.635, 20.0, 2014-11-17 07:27:30, 0.0, None 
 48.86, -124.76, 24.0, 2014-11-17 07:30:00, 0.0, None 
 48.82, -124.8, 20.0, 2014-11-17 07:32:30, 0.0, None 
 48.72, -124.34, 20.0, 2014-11-17 07:35:00, 0.0, None 
 48.89, -124.63, 20.0, 2014-11-17 07:35:00, 0.0, None 
 48.9, -124.61, 20.0, 2014-11-17 07:37:30, 0.0, None 
 48.98, -124.375, 28.0, 2014-11-17 07:50:00, 0.0, None 
 48.953, -124.42, 20.0, 2014-11-17 07:52:30, 0.0, None 
 48.845, -124.335, 56.5, 2014-11-17 07:55:00, 0.0, None 
 48.955, -124.45, 20.0, 2014-11-17 08:17:30, 0.0, None 
 48.885, -124.53, 20.0, 2014-11-17 08:20:00, 0.0, None 
 48.95, -124.45, 23.5, 2014-11-17 08:37:30, 0.0, None 
 49.0, -124.465, 26.5, 2014-11-17 08:40:00, 0.0, None 
 48.72, -124.655, 20.0, 2014-11-17 08:42:30, 0.0, None 
 49.0, -124.61, 20.0, 2014-11-17 08:42:30, 0.0, None 
 48.7, -124.65, 20.0, 2014-11-17 08:45:00, 0.0, None 
 48.96, -124.72, 20.0, 2014-11-17 08:45:00, 0.0, None 
 48.875, -124.685, 23.5, 2014-11-17 08:47:30, 0.0, None 
 48.91, -124.72200000000001, 20.0, 2014-11-17 08:50:00, 0.0, None 
 48.7, -124.6, 20.0, 2014-11-17 08:52:30, 0.0, None 
 48.93, -124.74, 25.0, 2014-11-17 08:52:30, 0.0, None 
 48.912, -124.71, 41.0, 2014-11-17 08:55:00, 0.0, None 
 48.845, -124.72, 24.8, 2014-11-17 08:57:30, 0.0, None 
 48.98, -124.8, 20.0, 2014-11-17 09:00:00, 0.0, None 
 48.87, -124.743, 21.5, 2014-11-17 09:02:30, 0.0, None 
 48.815, -124.22, 20.0, 2014-11-17 09:02:30, 0.0, None 
 48.965, -124.75, 20.0, 2014-11-17 09:05:00, 0.0, None 
 48.78, -124.57, 20.0, 2014-11-17 09:07:30, 0.0, None 
 49.0, -124.73, 20.0, 2014-11-17 09:07:30, 0.0, None 
 48.933, -124.662, 29.2, 2014-11-17 09:10:00, 0.0, None 
 48.78, -124.3, 60.0, 2014-11-17 09:10:00, 0.0, None 
 48.75, -124.655, 22.0, 2014-11-17 09:12:30, 0.0, None 
 48.985, -124.72, 20.0, 2014-11-17 09:12:30, 0.0, None 
 48.935, -124.685, 20.5, 2014-11-17 09:15:00, 0.0, None 
 48.965, -124.545, 26.8, 2014-11-17 09:27:30, 0.0, None 
 48.88, -124.66, 22.5, 2014-11-17 09:32:30, 0.0, None 
 48.957, -124.545, 21.8, 2014-11-17 09:35:00, 0.0, None 
 48.785, -124.09, 30.0, 2014-11-17 09:52:30, 0.0, None 
 48.92, -124.37, 60.0, 2014-11-17 09:57:30, 0.0, None 
 48.99, -124.58, 31.0, 2014-11-17 10:05:00, 0.0, None 
 48.998000000000005, -124.55, 22.5, 2014-11-17 10:10:00, 0.0, None 
 48.96, -124.46, 32.5, 2014-11-17 10:15:00, 0.0, None 
 48.87, -124.535, 30.5, 2014-11-17 10:17:30, 0.0, None 
 48.97, -124.55, 29.0, 2014-11-17 10:20:00, 0.0, None 
 48.755, -124.225, 20.0, 2014-11-17 10:20:00, 0.0, None 
 48.95, -124.355, 29.5, 2014-11-17 10:27:30, 0.0, None 
 48.94, -124.469, 31.5, 2014-11-17 10:30:00, 0.0, None 
 48.92, -124.47, 29.0, 2014-11-17 10:32:30, 0.0, None 
 48.91, -124.65299999999999, 20.0, 2014-11-17 10:35:00, 0.0, None 
 48.99, -124.67, 20.0, 2014-11-17 10:37:30, 0.0, None 
 48.71, -124.22, 20.0, 2014-11-17 10:37:30, 0.0, None 
 48.98, -124.725, 33.0, 2014-11-17 10:40:00, 0.0, None 
 48.71, -124.56, 20.0, 2014-11-17 10:42:30, 0.0, None 
 48.92, -124.73, 20.5, 2014-11-17 10:42:30, 0.0, None 
 48.9, -124.655, 20.0, 2014-11-17 10:45:00, 0.0, None 
 48.89, -124.7, 22.0, 2014-11-17 10:47:30, 0.0, None 
 48.39, -123.71, 60.0, 2014-11-17 10:47:30, 0.0, None 
 48.905, -124.72, 21.0, 2014-11-17 10:50:00, 0.0, None 
 48.945, -124.61, 47.0, 2014-11-17 10:52:30, 0.0, None 
 48.935, -124.38799999999999, 20.2, 2014-11-17 10:55:00, 0.0, None 
 48.945, -124.44, 33.0, 2014-11-17 10:57:30, 0.0, None 
 48.77, -124.4, 20.0, 2014-11-17 11:00:00, 0.0, None 
 48.943000000000005, -124.47, 20.0, 2014-11-17 11:25:00, 0.0, None 
 48.82, -124.13, 42.5, 2014-11-17 11:30:00, 0.0, None 
 48.83, -124.605, 20.0, 2014-11-17 11:35:00, 0.0, None 
 48.83, -124.62, 60.0, 2014-11-17 11:57:30, 0.0, None 
 48.847, -124.553, 29.2, 2014-11-17 12:00:00, 0.0, None 
 48.891999999999996, -124.56700000000001, 20.0, 2014-11-17 12:02:30, 0.0, None 
 48.925, -124.65, 20.0, 2014-11-17 12:05:00, 0.0, None 
 48.4, -123.71, 29.5, 2014-11-17 12:05:00, 0.0, None 
 48.855, -124.61200000000001, 29.5, 2014-11-17 12:07:30, 0.0, None 
 48.92, -124.685, 24.2, 2014-11-17 12:10:00, 0.0, None 
 48.72, -124.57, 20.0, 2014-11-17 12:12:30, 0.0, None 
 48.965, -124.69, 23.0, 2014-11-17 12:12:30, 0.0, None 
 48.907, -124.67200000000001, 25.8, 2014-11-17 12:15:00, 0.0, None 
 48.92, -124.67200000000001, 20.0, 2014-11-17 12:17:30, 0.0, None 
 48.88, -124.5, 41.0, 2014-11-17 12:20:00, 0.0, None 
 48.97, -124.48, 20.0, 2014-11-17 12:25:00, 0.0, None 
 48.935, -124.625, 21.0, 2014-11-17 12:27:30, 0.0, None 
 48.97, -124.6, 20.0, 2014-11-17 12:30:00, 0.0, None 
 48.935, -124.625, 20.0, 2014-11-17 12:32:30, 0.0, None 
 48.87, -124.23, 20.0, 2014-11-17 12:40:00, 0.0, None 
 47.95, -123.2, 20.0, 2014-11-17 12:42:30, 0.0, None 
 48.98, -124.32, 30.0, 2014-11-17 12:52:30, 0.0, None 
 48.963, -124.47200000000001, 20.0, 2014-11-17 13:05:00, 0.0, None 
 48.948, -124.445, 20.0, 2014-11-17 13:07:30, 0.0, None 
 48.98, -124.405, 38.8, 2014-11-17 13:10:00, 0.0, None 
 48.97, -124.35, 20.0, 2014-11-17 13:12:30, 0.0, None 
 48.963, -124.36, 20.0, 2014-11-17 13:15:00, 0.0, None 
 48.995, -124.46, 20.0, 2014-11-17 13:17:30, 0.0, None 
 48.92, -124.525, 20.0, 2014-11-17 13:32:30, 0.0, None 
 48.92100000000001, -124.34299999999999, 20.0, 2014-11-17 13:35:00, 0.0, None 
 48.945, -124.477, 20.0, 2014-11-17 13:37:30, 0.0, None 
 48.97, -124.48, 20.0, 2014-11-17 13:40:00, 0.0, None 
 48.935, -124.4, 24.0, 2014-11-17 13:47:30, 0.0, None 
 48.98, -124.55, 20.0, 2014-11-17 13:50:00, 0.0, None 
 48.995, -124.53, 20.0, 2014-11-17 13:52:30, 0.0, None 
 48.965, -124.44, 27.5, 2014-11-17 13:55:00, 0.0, None 
 48.985, -124.30799999999999, 33.0, 2014-11-17 14:05:00, 0.0, None 
 48.965, -124.355, 29.5, 2014-11-17 14:07:30, 0.0, None 
 48.63, -124.31, 20.0, 2014-11-17 14:10:00, 0.0, None 
 48.94, -124.39, 40.8, 2014-11-17 14:22:30, 0.0, None 
 48.705, -124.225, 46.0, 2014-11-17 14:25:00, 0.0, None 
 48.97, -124.42, 27.0, 2014-11-17 14:25:00, 0.0, None 
 48.925, -124.525, 20.0, 2014-11-17 14:35:00, 0.0, None 
 48.85, -124.9, 60.0, 2014-11-17 14:40:00, 0.0, None 
 48.63, -124.415, 20.0, 2014-11-17 14:45:00, 0.0, None 
 48.85, -124.385, 20.0, 2014-11-17 14:47:30, 0.0, None 
 48.88, -124.285, 28.5, 2014-11-17 14:52:30, 0.0, None 
 48.99, -124.34, 39.8, 2014-11-17 14:57:30, 0.0, None 
 48.845, -124.18, 21.0, 2014-11-17 15:12:30, 0.0, None 
 48.958, -124.31, 34.5, 2014-11-17 15:15:00, 0.0, None 
 48.865, -124.266, 34.4, 2014-11-17 15:17:30, 0.0, None 
 48.75, -124.295, 56.0, 2014-11-17 15:20:00, 0.0, None 
 48.91, -124.28, 20.0, 2014-11-17 15:32:30, 0.0, None 
 48.98, -124.28, 21.0, 2014-11-17 15:55:00, 0.0, None 
 48.875, -124.352, 39.2, 2014-11-17 16:02:30, 0.0, None 
 48.96, -124.33, 20.0, 2014-11-17 16:05:00, 0.0, None 
 48.895, -124.245, 35.2, 2014-11-17 16:07:30, 0.0, None 
 48.915, -124.235, 20.0, 2014-11-17 16:10:00, 0.0, None 
 48.985, -124.32, 20.0, 2014-11-17 16:12:30, 0.0, None 
 48.95, -124.255, 20.0, 2014-11-17 16:37:30, 0.0, None 
 48.847, -124.17, 20.0, 2014-11-17 16:40:00, 0.0, None 
 48.905, -124.315, 31.0, 2014-11-17 16:42:30, 0.0, None 
 48.91, -124.42, 39.0, 2014-11-17 16:45:00, 0.0, None 
 48.99, -124.47, 43.0, 2014-11-17 17:32:30, 0.0, None 
 48.89, -124.53, 20.0, 2014-11-17 17:37:30, 0.0, None 
 48.9, -124.57, 20.0, 2014-11-17 17:40:00, 0.0, None 
 48.93, -124.56, 20.0, 2014-11-17 17:42:30, 0.0, None 
 48.888000000000005, -124.515, 20.2, 2014-11-17 17:45:00, 0.0, None 
 48.93, -124.585, 36.5, 2014-11-17 17:47:30, 0.0, None 
 48.825, -124.545, 20.0, 2014-11-17 17:50:00, 0.0, None 
 48.875, -124.605, 21.5, 2014-11-17 18:05:00, 0.0, None 
 48.64, -124.4, 20.0, 2014-11-17 18:07:30, 0.0, None 
 48.93, -124.52, 38.0, 2014-11-17 18:10:00, 0.0, None 
 48.8, -124.7, 20.0, 2014-11-17 18:15:00, 0.0, None 
 48.77, -124.12, 60.0, 2014-11-17 18:27:30, 0.0, None 
 49.0, -124.36, 27.0, 2014-11-17 18:27:30, 0.0, None 
 48.955, -124.37, 26.2, 2014-11-17 18:30:00, 0.0, None 
 48.972, -124.398, 26.5, 2014-11-17 18:32:30, 0.0, None 
 49.0, -124.475, 20.0, 2014-11-17 18:35:00, 0.0, None 
 47.93, -123.2, 40.0, 2014-11-17 18:35:00, 0.0, None 
 48.985, -124.395, 26.0, 2014-11-17 18:37:30, 0.0, None 
 48.998000000000005, -124.427, 21.5, 2014-11-17 18:45:00, 0.0, None 
 48.965, -124.425, 20.0, 2014-11-17 18:47:30, 0.0, None 
 48.975, -124.38, 20.0, 2014-11-17 18:50:00, 0.0, None 
 48.995, -124.52, 20.5, 2014-11-17 18:55:00, 0.0, None 
 48.945, -124.40299999999999, 29.2, 2014-11-17 18:57:30, 0.0, None 
 48.945, -124.395, 22.5, 2014-11-17 19:00:00, 0.0, None 
 48.935, -124.398, 20.0, 2014-11-17 19:02:30, 0.0, None 
 48.95, -124.335, 27.8, 2014-11-17 19:05:00, 0.0, None 
 48.99, -124.49, 20.0, 2014-11-17 19:07:30, 0.0, None 
 48.945, -124.385, 23.5, 2014-11-17 19:10:00, 0.0, None 
 48.91, -124.74, 20.0, 2014-11-17 19:12:30, 0.0, None 
 48.91, -124.72, 20.0, 2014-11-17 19:15:00, 0.0, None 
 48.91, -124.705, 23.0, 2014-11-17 19:17:30, 0.0, None 
 48.81, -124.74, 32.0, 2014-11-17 19:20:00, 0.0, None 
 48.93, -124.73, 21.0, 2014-11-17 19:22:30, 0.0, None 
 48.85, -124.705, 20.0, 2014-11-17 19:25:00, 0.0, None 
 48.6, -124.66, 20.0, 2014-11-17 19:27:30, 0.0, None 
 48.89, -124.795, 20.0, 2014-11-17 19:27:30, 0.0, None 
 48.64, -124.66, 20.0, 2014-11-17 19:30:00, 0.0, None 
 48.9, -124.785, 20.0, 2014-11-17 19:30:00, 0.0, None 
 48.832, -124.635, 20.0, 2014-11-17 19:32:30, 0.0, None 
 48.88, -124.72, 29.0, 2014-11-17 19:35:00, 0.0, None 
 48.96, -124.735, 24.2, 2014-11-17 19:37:30, 0.0, None 
 48.93, -124.765, 23.0, 2014-11-17 19:40:00, 0.0, None 
 48.905, -124.67, 38.5, 2014-11-17 19:42:30, 0.0, None 
 48.8, -124.755, 50.0, 2014-11-17 19:45:00, 0.0, None 
 48.865, -124.855, 20.5, 2014-11-17 19:47:30, 0.0, None 
 48.8, -124.79, 33.0, 2014-11-17 19:50:00, 0.0, None 
 48.825, -124.8, 20.0, 2014-11-17 19:52:30, 0.0, None 
 48.815, -124.785, 20.0, 2014-11-17 19:55:00, 0.0, None 
 48.895, -124.77, 23.2, 2014-11-17 19:57:30, 0.0, None 
 48.905, -124.76, 23.2, 2014-11-17 20:00:00, 0.0, None 
 48.905, -124.72, 30.0, 2014-11-17 20:02:30, 0.0, None 
 48.87, -124.765, 24.0, 2014-11-17 20:05:00, 0.0, None 
 48.847, -124.705, 20.0, 2014-11-17 20:07:30, 0.0, None 
 48.957, -124.71799999999999, 20.0, 2014-11-17 20:10:00, 0.0, None 
 48.948, -124.77, 23.5, 2014-11-17 20:12:30, 0.0, None 
 48.95, -124.79, 31.0, 2014-11-17 20:15:00, 0.0, None 
 48.89, -124.685, 36.5, 2014-11-17 20:17:30, 0.0, None 
 48.9, -124.675, 29.0, 2014-11-17 20:20:00, 0.0, None 
 48.938, -124.79, 29.0, 2014-11-17 20:22:30, 0.0, None 
 48.95, -124.81, 26.2, 2014-11-17 20:25:00, 0.0, None 
 48.915, -124.795, 31.2, 2014-11-17 20:27:30, 0.0, None 
 48.875, -124.725, 30.0, 2014-11-17 20:30:00, 0.0, None 
 48.79, -124.69, 24.5, 2014-11-17 20:32:30, 0.0, None 
 48.77, -124.64, 54.0, 2014-11-17 20:35:00, 0.0, None 
 48.86, -124.5, 29.0, 2014-11-17 20:40:00, 0.0, None 
 48.83, -124.74, 36.0, 2014-11-17 20:42:30, 0.0, None 
 48.891999999999996, -124.84299999999999, 32.0, 2014-11-17 20:45:00, 0.0, None 
 48.835, -124.757, 20.0, 2014-11-17 20:47:30, 0.0, None 
 48.81, -124.725, 20.0, 2014-11-17 20:50:00, 0.0, None 
 48.66, -124.58, 20.0, 2014-11-17 20:52:30, 0.0, None 
 48.885, -124.8, 20.0, 2014-11-17 20:52:30, 0.0, None 
 48.97, -124.7, 20.0, 2014-11-17 20:55:00, 0.0, None 
 48.925, -124.63, 28.2, 2014-11-17 21:00:00, 0.0, None 
 48.775, -124.55, 28.0, 2014-11-17 21:02:30, 0.0, None 
 48.97, -124.725, 20.0, 2014-11-17 21:02:30, 0.0, None 
 49.0, -124.77, 20.0, 2014-11-17 21:07:30, 0.0, None 
 48.94, -124.54, 30.0, 2014-11-17 21:10:00, 0.0, None 
 48.88, -124.57, 50.0, 2014-11-17 21:15:00, 0.0, None 
 48.98, -124.51, 31.0, 2014-11-17 21:20:00, 0.0, None 
 48.875, -124.62, 36.5, 2014-11-17 21:22:30, 0.0, None 
 48.905, -124.915, 25.0, 2014-11-17 21:25:00, 0.0, None 
 48.873000000000005, -124.92200000000001, 30.2, 2014-11-17 21:27:30, 0.0, None 
 48.63, -124.62, 60.0, 2014-11-17 21:37:30, 0.0, None 
 48.975, -124.955, 27.8, 2014-11-17 21:40:00, 0.0, None 
 48.99, -125.02, 21.5, 2014-11-17 21:47:30, 0.0, None 
 48.998000000000005, -124.93, 32.2, 2014-11-17 21:50:00, 0.0, None 
 48.995, -124.45, 28.2, 2014-11-17 22:20:00, 0.0, None 
 48.92, -124.78, 20.0, 2014-11-17 22:22:30, 0.0, None 
 48.88, -124.35, 48.0, 2014-11-17 22:50:00, 0.0, None 
 48.88, -124.56, 43.0, 2014-11-17 23:00:00, 0.0, None 
 48.96, -124.46, 24.0, 2014-11-17 23:07:30, 0.0, None 
 48.977, -124.45200000000001, 24.8, 2014-11-17 23:10:00, 0.0, None 
 48.95, -124.52, 26.0, 2014-11-17 23:15:00, 0.0, None 
 48.885, -124.5, 23.5, 2014-11-17 23:52:30, 0.0, None 
 48.98, -124.61, 40.0, 2014-11-18 00:07:30, 0.0, None 
 48.88, -124.9, 20.0, 2014-11-18 00:37:30, 0.0, None 
 48.84, -124.595, 36.0, 2014-11-18 00:42:30, 0.0, None 
 48.92, -124.51, 30.5, 2014-11-18 00:45:00, 0.0, None 
 48.94, -124.5, 20.0, 2014-11-18 00:47:30, 0.0, None 
 48.891999999999996, -124.48, 20.0, 2014-11-18 00:50:00, 0.0, None 
 48.928000000000004, -124.45299999999999, 27.5, 2014-11-18 00:52:30, 0.0, None 
 48.99, -124.37, 22.0, 2014-11-18 00:55:00, 0.0, None 
 48.97, -124.47, 60.0, 2014-11-18 00:57:30, 0.0, None 
 48.89, -124.53, 20.0, 2014-11-18 01:02:30, 0.0, None 
 48.88, -124.64, 32.0, 2014-11-18 01:05:00, 0.0, None 
 48.9, -124.93, 27.0, 2014-11-18 01:10:00, 0.0, None 
 48.9, -124.51, 37.5, 2014-11-18 01:17:30, 0.0, None 
 47.57, -122.84, 20.0, 2014-11-18 01:17:30, 0.0, None 
 48.87, -124.59, 28.0, 2014-11-18 01:20:00, 0.0, None 
 47.57, -122.8, 60.0, 2014-11-18 01:20:00, 0.0, None 
 48.91, -124.62, 22.0, 2014-11-18 01:35:00, 0.0, None 
 47.47, -122.79, 39.0, 2014-11-18 01:35:00, 0.0, None 
 48.9, -124.65, 29.5, 2014-11-18 01:37:30, 0.0, None 
 48.9, -124.74, 47.0, 2014-11-18 01:42:30, 0.0, None 
 47.73, -122.735, 30.0, 2014-11-18 01:42:30, 0.0, None 
 48.815, -124.675, 36.0, 2014-11-18 01:45:00, 0.0, None 
 47.66, -122.71, 44.0, 2014-11-18 01:45:00, 0.0, None 
 47.68, -122.75, 35.0, 2014-11-18 01:47:30, 0.0, None 
 47.66, -122.72, 40.0, 2014-11-18 02:02:30, 0.0, None 
 48.83, -124.69, 28.5, 2014-11-18 02:07:30, 0.0, None 
 48.9, -124.5, 20.0, 2014-11-18 02:10:00, 0.0, None 
 48.88, -124.655, 40.0, 2014-11-18 02:12:30, 0.0, None 
 47.53, -122.9, 60.0, 2014-11-18 02:12:30, 0.0, None 
 47.58, -122.64, 33.0, 2014-11-18 02:15:00, 0.0, None 
 47.625, -122.605, 31.0, 2014-11-18 02:17:30, 0.0, None 
 47.715, -122.63, 20.0, 2014-11-18 02:20:00, 0.0, None 
 47.57, -122.59, 33.5, 2014-11-18 02:27:30, 0.0, None 
 47.62, -122.64, 48.0, 2014-11-18 02:30:00, 0.0, None 
 47.59, -122.96, 41.0, 2014-11-18 02:32:30, 0.0, None 
 47.61, -122.94, 41.5, 2014-11-18 02:37:30, 0.0, None 
 47.63, -122.6, 20.0, 2014-11-18 02:40:00, 0.0, None 
 47.605, -122.59, 20.0, 2014-11-18 02:42:30, 0.0, None 
 47.54, -122.79, 60.0, 2014-11-18 02:45:00, 0.0, None 
 47.64, -122.68, 37.5, 2014-11-18 02:47:30, 0.0, None 
 47.6, -122.52, 39.0, 2014-11-18 02:50:00, 0.0, None 
 47.67, -122.73, 24.0, 2014-11-18 03:15:00, 0.0, None 
 47.58, -122.93, 33.0, 2014-11-18 03:22:30, 0.0, None 
 48.89, -124.54, 20.0, 2014-11-18 03:37:30, 0.0, None 
 48.76, -124.645, 20.0, 2014-11-18 03:40:00, 0.0, None 
 47.66, -123.04, 25.0, 2014-11-18 03:40:00, 0.0, None 
 48.8, -124.62, 20.0, 2014-11-18 03:42:30, 0.0, None 
 48.86, -124.68, 36.5, 2014-11-18 03:45:00, 0.0, None 
 48.82, -124.53, 26.5, 2014-11-18 03:47:30, 0.0, None 
 48.855, -124.545, 32.0, 2014-11-18 03:50:00, 0.0, None 
 48.89, -124.44, 60.0, 2014-11-18 03:52:30, 0.0, None 
 48.86, -124.52, 41.0, 2014-11-18 03:57:30, 0.0, None 
 48.825, -124.325, 38.2, 2014-11-18 04:05:00, 0.0, None 
 48.94, -124.44, 39.0, 2014-11-18 04:07:30, 0.0, None 
 48.95, -124.5, 30.0, 2014-11-18 04:10:00, 0.0, None 
 48.92, -124.43, 27.0, 2014-11-18 04:12:30, 0.0, None 
 47.65, -122.975, 32.5, 2014-11-18 04:50:00, 0.0, None 
 48.93, -124.77, 60.0, 2014-11-18 04:57:30, 0.0, None 
 47.52, -122.84, 60.0, 2014-11-18 05:05:00, 0.0, None 
 48.81, -124.81, 60.0, 2014-11-18 05:07:30, 0.0, None 
 47.69, -122.96, 55.0, 2014-11-18 05:07:30, 0.0, None 
 47.475, -122.98, 56.0, 2014-11-18 05:12:30, 0.0, None 
 47.4, -122.895, 60.0, 2014-11-18 05:15:00, 0.0, None 
 47.62, -122.6, 29.0, 2014-11-18 05:45:00, 0.0, None 
 47.58, -122.53, 33.0, 2014-11-18 06:17:30, 0.0, None 
 47.69, -122.58, 30.0, 2014-11-18 06:20:00, 0.0, None 
 47.68, -122.74, 20.0, 2014-11-18 06:27:30, 0.0, None 
 47.57, -122.75, 60.0, 2014-11-18 06:30:00, 0.0, None 
 47.555, -122.745, 52.5, 2014-11-18 06:32:30, 0.0, None 
 47.56, -122.56, 20.0, 2014-11-18 06:42:30, 0.0, None 
 48.92, -124.68, 20.0, 2014-11-18 06:55:00, 0.0, None 
 47.47, -122.98, 40.0, 2014-11-18 06:55:00, 0.0, None 
 47.635, -122.495, 56.0, 2014-11-18 06:57:30, 0.0, None 
 47.7, -122.64, 20.0, 2014-11-18 07:02:30, 0.0, None 
 47.63, -122.61, 20.0, 2014-11-18 07:05:00, 0.0, None 
 49.0, -124.52, 20.0, 2014-11-18 07:32:30, 0.0, None 
 48.99, -124.485, 28.5, 2014-11-18 07:35:00, 0.0, None 
 48.875, -124.4, 25.5, 2014-11-18 07:37:30, 0.0, None 
 48.94, -124.5, 20.0, 2014-11-18 07:45:00, 0.0, None 
 48.913000000000004, -124.335, 22.8, 2014-11-18 07:47:30, 0.0, None 
 48.99, -124.41, 20.0, 2014-11-18 07:50:00, 0.0, None 
 48.78, -124.27, 39.0, 2014-11-18 07:52:30, 0.0, None 
 48.86, -124.315, 20.0, 2014-11-18 08:00:00, 0.0, None 
 48.95, -124.355, 20.0, 2014-11-18 08:05:00, 0.0, None 
 48.925, -124.33, 20.0, 2014-11-18 08:07:30, 0.0, None 
 48.84, -124.32, 20.0, 2014-11-18 08:12:30, 0.0, None 
 48.76, -124.16, 27.0, 2014-11-18 08:15:00, 0.0, None 
 48.97, -124.31, 20.0, 2014-11-18 08:15:00, 0.0, None 
 48.925, -124.68299999999999, 20.0, 2014-11-18 08:17:30, 0.0, None 
 48.87, -124.6, 20.0, 2014-11-18 08:20:00, 0.0, None 
 48.83, -124.5, 60.0, 2014-11-18 08:35:00, 0.0, None 
 48.99, -124.215, 25.0, 2014-11-18 08:40:00, 0.0, None 
 48.93, -124.325, 20.0, 2014-11-18 08:42:30, 0.0, None 
 48.935, -124.32, 20.0, 2014-11-18 08:45:00, 0.0, None 
 47.7, -122.84, 53.5, 2014-11-18 08:47:30, 0.0, None 
 48.945, -124.265, 43.0, 2014-11-18 08:50:00, 0.0, None 
 47.47, -122.52, 36.0, 2014-11-18 08:52:30, 0.0, None 
 48.938, -124.24, 25.5, 2014-11-18 08:55:00, 0.0, None 
 47.59, -122.6, 20.0, 2014-11-18 08:55:00, 0.0, None 
 47.6, -122.68, 42.0, 2014-11-18 08:57:30, 0.0, None 
 47.57, -122.61, 33.0, 2014-11-18 09:02:30, 0.0, None 
 48.99, -124.45, 28.0, 2014-11-18 09:05:00, 0.0, None 
 48.95, -124.44, 31.0, 2014-11-18 09:07:30, 0.0, None 
 48.94, -124.42, 54.0, 2014-11-18 09:10:00, 0.0, None 
 47.49, -122.48, 52.0, 2014-11-18 09:15:00, 0.0, None 
 48.76, -124.15, 20.0, 2014-11-18 09:17:30, 0.0, None 
 48.99, -124.265, 20.0, 2014-11-18 09:17:30, 0.0, None 
 48.97, -124.55, 20.0, 2014-11-18 09:22:30, 0.0, None 
 48.98, -124.3, 40.0, 2014-11-18 09:37:30, 0.0, None 
 48.98, -124.49, 20.0, 2014-11-18 09:42:30, 0.0, None 
 47.485, -122.475, 42.5, 2014-11-18 09:45:00, 0.0, None 
 48.95, -124.43, 33.0, 2014-11-18 09:47:30, 0.0, None 
 47.66, -122.71, 30.0, 2014-11-18 09:47:30, 0.0, None 
 48.96, -124.4, 33.0, 2014-11-18 09:50:00, 0.0, None 
 47.64, -122.56, 60.0, 2014-11-18 09:50:00, 0.0, None 
 47.59, -122.57, 34.0, 2014-11-18 09:52:30, 0.0, None 
 47.61, -122.67, 25.5, 2014-11-18 09:55:00, 0.0, None 
 47.57, -122.67, 41.0, 2014-11-18 09:57:30, 0.0, None 
 48.865, -124.275, 46.0, 2014-11-18 10:02:30, 0.0, None 
 48.87, -124.51, 45.0, 2014-11-18 10:15:00, 0.0, None 
 47.63, -122.68, 20.0, 2014-11-18 10:15:00, 0.0, None 
 48.85, -124.49, 46.0, 2014-11-18 10:17:30, 0.0, None 
 48.93, -124.42, 35.0, 2014-11-18 10:20:00, 0.0, None 
 47.55, -122.745, 44.0, 2014-11-18 10:20:00, 0.0, None 
 47.56, -122.585, 60.0, 2014-11-18 10:22:30, 0.0, None 
 47.68, -122.88, 60.0, 2014-11-18 10:25:00, 0.0, None 
 47.675, -122.72, 32.5, 2014-11-18 10:27:30, 0.0, None 
 48.98, -124.3, 20.0, 2014-11-18 10:30:00, 0.0, None 
 47.58, -122.585, 30.0, 2014-11-18 10:30:00, 0.0, None 
 47.63, -122.6, 31.0, 2014-11-18 10:32:30, 0.0, None 
 48.99, -124.67, 27.0, 2014-11-18 10:35:00, 0.0, None 
 47.44, -122.68, 60.0, 2014-11-18 10:37:30, 0.0, None 
 47.63, -122.68, 44.5, 2014-11-18 10:40:00, 0.0, None 
 48.74, -124.09, 40.0, 2014-11-18 10:42:30, 0.0, None 
 48.97, -124.22, 29.0, 2014-11-18 10:42:30, 0.0, None 
 47.6, -122.61, 27.0, 2014-11-18 10:42:30, 0.0, None 
 48.77, -124.11, 20.0, 2014-11-18 10:45:00, 0.0, None 
 48.99, -124.31, 20.0, 2014-11-18 10:45:00, 0.0, None 
 48.77, -124.08, 21.0, 2014-11-18 10:47:30, 0.0, None 
 49.0, -124.26, 20.0, 2014-11-18 10:47:30, 0.0, None 
 47.67, -122.74, 30.0, 2014-11-18 10:55:00, 0.0, None 
 49.0, -124.63, 60.0, 2014-11-18 10:57:30, 0.0, None 
 47.61, -122.84, 60.0, 2014-11-18 10:57:30, 0.0, None 
 48.92, -124.52, 26.0, 2014-11-18 11:00:00, 0.0, None 
 48.89, -124.512, 20.0, 2014-11-18 11:05:00, 0.0, None 
 48.88, -124.54, 20.0, 2014-11-18 11:07:30, 0.0, None 
 48.9, -124.57799999999999, 20.0, 2014-11-18 11:10:00, 0.0, None 
 47.42, -122.92, 34.0, 2014-11-18 11:10:00, 0.0, None 
 48.895, -124.57, 29.5, 2014-11-18 11:12:30, 0.0, None 
 47.42, -122.89, 60.0, 2014-11-18 11:12:30, 0.0, None 
 47.52, -122.71, 46.0, 2014-11-18 11:15:00, 0.0, None 
 47.51, -122.69, 46.0, 2014-11-18 11:17:30, 0.0, None 
 47.45, -122.675, 44.0, 2014-11-18 11:20:00, 0.0, None 
 48.98, -124.2, 27.0, 2014-11-18 11:30:00, 0.0, None 
 47.46, -122.77, 40.0, 2014-11-18 11:30:00, 0.0, None 
 48.91, -124.17, 25.0, 2014-11-18 11:32:30, 0.0, None 
 48.85, -124.15, 46.0, 2014-11-18 11:35:00, 0.0, None 
 47.52, -122.89, 36.0, 2014-11-18 11:35:00, 0.0, None 
 48.97, -124.46, 43.0, 2014-11-18 11:42:30, 0.0, None 
 48.99, -124.355, 20.0, 2014-11-18 11:47:30, 0.0, None 
 48.98, -124.39, 32.0, 2014-11-18 11:50:00, 0.0, None 
 47.635, -122.7, 39.0, 2014-11-18 12:00:00, 0.0, None 
 48.95, -124.215, 29.0, 2014-11-18 12:05:00, 0.0, None 
 48.915, -124.275, 33.8, 2014-11-18 12:07:30, 0.0, None 
 47.63, -122.59, 34.0, 2014-11-18 12:07:30, 0.0, None 
 48.99, -124.28, 20.0, 2014-11-18 12:10:00, 0.0, None 
 47.585, -122.575, 30.0, 2014-11-18 12:10:00, 0.0, None 
 47.59, -122.61, 46.0, 2014-11-18 12:12:30, 0.0, None 
 47.665, -122.615, 20.0, 2014-11-18 12:15:00, 0.0, None 
 47.66, -122.76, 50.0, 2014-11-18 12:17:30, 0.0, None 
 48.96, -124.48, 28.0, 2014-11-18 12:20:00, 0.0, None 
 48.95, -124.51, 25.0, 2014-11-18 12:22:30, 0.0, None 
 47.63, -122.6, 20.0, 2014-11-18 12:27:30, 0.0, None 
 48.75, -124.26, 35.0, 2014-11-18 12:45:00, 0.0, None 
 48.96, -124.4, 30.5, 2014-11-18 12:45:00, 0.0, None 
 48.96, -124.43, 35.0, 2014-11-18 12:47:30, 0.0, None 
 47.55, -122.8, 60.0, 2014-11-18 12:50:00, 0.0, None 
 48.88, -124.17, 20.0, 2014-11-18 12:55:00, 0.0, None 
 48.85, -124.33, 50.0, 2014-11-18 13:02:30, 0.0, None 
 47.48, -122.92, 39.0, 2014-11-18 13:02:30, 0.0, None 
 49.0, -124.27, 20.0, 2014-11-18 13:05:00, 0.0, None 
 49.0, -124.22, 27.5, 2014-11-18 13:07:30, 0.0, None 
 48.972, -124.273, 31.5, 2014-11-18 13:12:30, 0.0, None 
 49.0, -124.26, 30.0, 2014-11-18 13:15:00, 0.0, None 
 47.58, -122.6, 28.0, 2014-11-18 13:15:00, 0.0, None 
 49.0, -124.32, 20.0, 2014-11-18 13:17:30, 0.0, None 
 48.92, -124.345, 20.0, 2014-11-18 13:20:00, 0.0, None 
 47.605, -122.69, 20.0, 2014-11-18 13:20:00, 0.0, None 
 48.925, -124.412, 25.0, 2014-11-18 13:22:30, 0.0, None 
 48.96, -124.29, 33.0, 2014-11-18 13:25:00, 0.0, None 
 47.48, -122.69, 48.0, 2014-11-18 13:25:00, 0.0, None 
 48.995, -124.29299999999999, 33.2, 2014-11-18 13:27:30, 0.0, None 
 47.58, -122.7, 32.0, 2014-11-18 13:27:30, 0.0, None 
 48.922, -124.3, 23.2, 2014-11-18 13:30:00, 0.0, None 
 48.95, -124.335, 23.2, 2014-11-18 13:32:30, 0.0, None 
 47.57, -122.8, 60.0, 2014-11-18 13:32:30, 0.0, None 
 48.957, -124.235, 25.0, 2014-11-18 13:42:30, 0.0, None 
 47.585, -122.71, 38.0, 2014-11-18 13:45:00, 0.0, None 
 48.955, -124.37, 23.0, 2014-11-18 13:47:30, 0.0, None 
 48.94, -124.38, 20.0, 2014-11-18 13:50:00, 0.0, None 
 48.705, -124.27, 60.0, 2014-11-18 13:52:30, 0.0, None 
 48.93, -124.4, 60.0, 2014-11-18 13:52:30, 0.0, None 
 47.74, -122.655, 20.0, 2014-11-18 13:52:30, 0.0, None 
 48.83, -124.655, 27.5, 2014-11-18 14:27:30, 0.0, None 
 48.875, -124.695, 27.0, 2014-11-18 14:30:00, 0.0, None 
 48.87, -124.18, 46.0, 2014-11-18 14:45:00, 0.0, None 
 48.99, -124.08, 34.0, 2014-11-18 14:50:00, 0.0, None 
 47.68, -122.74, 20.0, 2014-11-18 14:52:30, 0.0, None 
 48.94, -124.185, 20.0, 2014-11-18 14:55:00, 0.0, None 
 47.68, -122.99, 46.5, 2014-11-18 14:55:00, 0.0, None 
 48.945, -124.215, 20.0, 2014-11-18 14:57:30, 0.0, None 
 47.68, -122.85, 42.0, 2014-11-18 14:57:30, 0.0, None 
 48.815, -124.19, 38.5, 2014-11-18 15:02:30, 0.0, None 
 48.98, -124.26, 28.0, 2014-11-18 15:05:00, 0.0, None 
 48.93, -124.36, 60.0, 2014-11-18 15:07:30, 0.0, None 
 47.68, -122.79, 39.0, 2014-11-18 15:07:30, 0.0, None 
 48.9, -124.16, 51.0, 2014-11-18 15:10:00, 0.0, None 
 47.58, -123.0, 60.0, 2014-11-18 15:10:00, 0.0, None 
 47.565, -122.61, 20.0, 2014-11-18 15:20:00, 0.0, None 
 48.83, -124.28, 36.0, 2014-11-18 15:22:30, 0.0, None 
 48.97, -124.28, 20.0, 2014-11-18 15:27:30, 0.0, None 
 48.915, -124.33, 20.0, 2014-11-18 15:30:00, 0.0, None 
 48.88, -124.46, 32.5, 2014-11-18 15:32:30, 0.0, None 
 47.52, -122.88, 57.0, 2014-11-18 15:32:30, 0.0, None 
 47.7, -122.85, 36.0, 2014-11-18 15:35:00, 0.0, None 
 48.91, -124.39, 60.0, 2014-11-18 15:45:00, 0.0, None 
 48.99, -124.11, 20.0, 2014-11-18 17:35:00, 0.0, None 
 48.945, -124.095, 43.5, 2014-11-18 17:37:30, 0.0, None 
 48.92, -124.31, 20.0, 2014-11-18 19:00:00, 0.0, None 
 48.85, -124.07, 20.0, 2014-11-18 19:05:00, 0.0, None 
 47.7, -122.77, 48.0, 2014-11-18 19:07:30, 0.0, None 
 48.98, -124.18, 29.0, 2014-11-18 19:10:00, 0.0, None 
 48.99, -124.26, 20.0, 2014-11-18 19:12:30, 0.0, None 
 48.93, -124.235, 30.0, 2014-11-18 19:17:30, 0.0, None 
 48.885, -124.305, 36.0, 2014-11-18 19:20:00, 0.0, None 
 48.87, -124.3, 60.0, 2014-11-18 19:22:30, 0.0, None 
 48.895, -124.66, 34.0, 2014-11-18 19:27:30, 0.0, None 
 48.915, -124.435, 20.0, 2014-11-18 19:45:00, 0.0, None 
 48.945, -124.41799999999999, 27.0, 2014-11-18 19:47:30, 0.0, None 
 48.9, -124.38, 42.8, 2014-11-18 19:50:00, 0.0, None 
 48.9, -124.41, 20.0, 2014-11-18 19:52:30, 0.0, None 
 48.885, -124.485, 20.0, 2014-11-18 19:55:00, 0.0, None 
 48.977, -124.5, 20.0, 2014-11-18 19:57:30, 0.0, None 
 48.92, -124.505, 20.0, 2014-11-18 20:05:00, 0.0, None 
 48.84, -124.46, 20.0, 2014-11-18 20:07:30, 0.0, None 
 48.92, -124.515, 20.0, 2014-11-18 20:10:00, 0.0, None 
 48.93, -124.495, 20.0, 2014-11-18 20:12:30, 0.0, None 
 48.84, -124.37, 24.0, 2014-11-18 20:15:00, 0.0, None 
 48.92, -124.59, 23.2, 2014-11-18 20:17:30, 0.0, None 
 48.925, -124.575, 20.0, 2014-11-18 20:20:00, 0.0, None 
 48.83, -124.565, 31.0, 2014-11-18 20:22:30, 0.0, None 
 48.83, -124.61, 26.5, 2014-11-18 20:25:00, 0.0, None 
 48.87, -124.6, 22.0, 2014-11-18 20:27:30, 0.0, None 
 48.9, -124.63, 20.0, 2014-11-18 20:30:00, 0.0, None 
 48.83, -124.565, 20.0, 2014-11-18 20:32:30, 0.0, None 
 48.81, -124.59, 20.0, 2014-11-18 20:35:00, 0.0, None 
 48.91, -124.57, 20.0, 2014-11-18 20:37:30, 0.0, None 
 48.9, -124.49, 20.0, 2014-11-18 20:40:00, 0.0, None 
 48.9, -124.59, 47.5, 2014-11-18 20:47:30, 0.0, None 
 48.88, -124.68, 40.5, 2014-11-18 20:50:00, 0.0, None 
 48.78, -124.12, 60.0, 2014-11-18 20:52:30, 0.0, None 
 48.87, -124.38, 60.0, 2014-11-18 20:57:30, 0.0, None 
 48.775, -124.365, 20.0, 2014-11-18 21:00:00, 0.0, None 
 48.835, -124.51299999999999, 20.0, 2014-11-18 21:02:30, 0.0, None 
 48.875, -124.58, 20.0, 2014-11-18 21:05:00, 0.0, None 
 48.965, -124.49799999999999, 20.0, 2014-11-18 21:07:30, 0.0, None 
 48.91, -124.43, 20.0, 2014-11-18 21:10:00, 0.0, None 
 48.78, -124.145, 20.0, 2014-11-18 21:15:00, 0.0, None 
 48.995, -124.43, 23.0, 2014-11-18 21:15:00, 0.0, None 
 48.97, -124.51, 31.0, 2014-11-18 21:20:00, 0.0, None 
 49.0, -124.54, 20.0, 2014-11-18 21:22:30, 0.0, None 
 48.69, -124.28, 60.0, 2014-11-18 21:32:30, 0.0, None 
 48.89, -124.73, 20.0, 2014-11-18 21:32:30, 0.0, None 
 48.88, -124.72, 28.0, 2014-11-18 21:35:00, 0.0, None 
 48.69, -124.68, 20.0, 2014-11-18 21:37:30, 0.0, None 
 48.93, -124.67, 31.0, 2014-11-18 21:40:00, 0.0, None 
 48.99, -124.6, 42.5, 2014-11-18 21:42:30, 0.0, None 
 48.89, -124.62, 47.0, 2014-11-18 21:45:00, 0.0, None 
 48.96, -124.76, 20.0, 2014-11-18 21:47:30, 0.0, None 
 48.84, -124.705, 24.0, 2014-11-18 21:52:30, 0.0, None 
 48.85, -124.7, 25.0, 2014-11-18 21:55:00, 0.0, None 
 48.84, -124.68, 26.0, 2014-11-18 21:57:30, 0.0, None 
 48.74, -124.648, 20.0, 2014-11-18 22:00:00, 0.0, None 
 48.9, -124.43, 45.5, 2014-11-18 22:02:30, 0.0, None 
 48.91, -124.555, 56.5, 2014-11-18 22:05:00, 0.0, None 
 48.9, -124.695, 40.0, 2014-11-18 22:10:00, 0.0, None 
 48.86, -124.8, 39.5, 2014-11-18 22:12:30, 0.0, None 
 48.891999999999996, -124.92200000000001, 20.0, 2014-11-18 22:15:00, 0.0, None 
 48.89, -124.87, 24.2, 2014-11-18 22:20:00, 0.0, None 
 48.925, -124.885, 23.5, 2014-11-18 22:22:30, 0.0, None 
 48.65, -124.62, 42.0, 2014-11-18 22:25:00, 0.0, None 
 48.86, -124.86, 24.0, 2014-11-18 22:25:00, 0.0, None 
 48.885, -124.865, 34.0, 2014-11-18 22:27:30, 0.0, None 
 48.883, -124.875, 21.0, 2014-11-18 22:30:00, 0.0, None 
 48.91, -124.885, 20.0, 2014-11-18 22:32:30, 0.0, None 
 48.88, -124.79, 20.0, 2014-11-18 22:35:00, 0.0, None 
 48.9, -124.795, 20.0, 2014-11-18 22:37:30, 0.0, None 
 48.92, -124.79, 31.5, 2014-11-18 22:40:00, 0.0, None 
 48.817, -124.708, 38.5, 2014-11-18 22:42:30, 0.0, None 
 48.695, -124.695, 46.5, 2014-11-18 22:45:00, 0.0, None 
 48.98, -124.82, 23.0, 2014-11-18 22:45:00, 0.0, None 
 48.98, -124.85, 24.5, 2014-11-18 22:47:30, 0.0, None 
 48.89, -124.735, 28.5, 2014-11-18 22:50:00, 0.0, None 
 48.7, -124.6, 20.0, 2014-11-18 22:52:30, 0.0, None 
 48.94, -124.71, 20.0, 2014-11-18 22:52:30, 0.0, None 
 48.935, -124.705, 20.0, 2014-11-18 22:55:00, 0.0, None 
 48.925, -124.76, 60.0, 2014-11-18 22:57:30, 0.0, None 
 48.9, -124.8, 20.0, 2014-11-18 23:00:00, 0.0, None 
 48.7, -124.625, 49.0, 2014-11-18 23:02:30, 0.0, None 
 48.91, -124.77, 35.0, 2014-11-18 23:02:30, 0.0, None 
 48.71, -124.665, 22.0, 2014-11-18 23:07:30, 0.0, None 
 48.93, -124.78, 20.0, 2014-11-18 23:07:30, 0.0, None 
 48.86, -124.74799999999999, 20.0, 2014-11-18 23:10:00, 0.0, None 
 48.92, -124.76, 20.0, 2014-11-18 23:12:30, 0.0, None 
 48.94, -124.685, 20.0, 2014-11-18 23:15:00, 0.0, None 
 49.0, -124.66, 32.0, 2014-11-18 23:17:30, 0.0, None 
 49.0, -124.83, 20.0, 2014-11-18 23:20:00, 0.0, None 
 48.821999999999996, -124.73, 23.0, 2014-11-18 23:25:00, 0.0, None 
 48.95, -124.7, 25.0, 2014-11-18 23:30:00, 0.0, None 
 48.995, -124.6, 32.5, 2014-11-18 23:32:30, 0.0, None 
 48.93, -124.49, 39.0, 2014-11-18 23:35:00, 0.0, None 
 48.87, -124.8, 24.0, 2014-11-18 23:37:30, 0.0, None 
 48.99, -124.58, 27.0, 2014-11-18 23:40:00, 0.0, None 
 48.9, -124.4, 34.0, 2014-11-18 23:47:30, 0.0, None 
 48.955, -124.56, 22.0, 2014-11-19 00:07:30, 0.0, None 
 49.0, -124.48, 20.0, 2014-11-19 00:10:00, 0.0, None 
 48.93, -124.36, 60.0, 2014-11-19 00:12:30, 0.0, None 
 48.84, -124.58, 20.0, 2014-11-19 00:15:00, 0.0, None 
 48.92, -124.57, 20.0, 2014-11-19 00:17:30, 0.0, None 
 48.84, -124.1, 20.0, 2014-11-19 00:30:00, 0.0, None 
 48.885, -124.29, 38.0, 2014-11-19 01:20:00, 0.0, None 
 48.99, -124.33, 20.0, 2014-11-19 01:22:30, 0.0, None 
 48.97, -124.42, 46.0, 2014-11-19 01:25:00, 0.0, None 
 48.94, -124.42, 30.0, 2014-11-19 01:27:30, 0.0, None 
 48.93, -124.39, 30.0, 2014-11-19 01:30:00, 0.0, None 
 48.885, -124.2, 25.2, 2014-11-19 01:32:30, 0.0, None 
 48.89, -124.225, 29.2, 2014-11-19 01:35:00, 0.0, None 
 48.97, -124.08, 43.0, 2014-11-19 01:55:00, 0.0, None 
 48.98, -124.25, 20.0, 2014-11-19 06:37:30, 0.0, None 
 48.97, -124.19, 31.0, 2014-11-19 06:40:00, 0.0, None 
 48.87, -124.16, 43.0, 2014-11-19 06:47:30, 0.0, None 
 48.86, -124.5, 43.0, 2014-11-19 08:40:00, 0.0, None 
 48.97, -124.43, 40.0, 2014-11-19 08:50:00, 0.0, None 
 49.0, -124.43, 45.0, 2014-11-19 09:32:30, 0.0, None 
 48.87, -124.58, 47.0, 2014-11-19 09:42:30, 0.0, None 
 48.925, -124.54, 20.0, 2014-11-19 09:57:30, 0.0, None 
 48.915, -124.58, 21.5, 2014-11-19 10:00:00, 0.0, None 
 48.97, -124.21, 29.0, 2014-11-19 10:10:00, 0.0, None 
 48.775, -124.095, 20.0, 2014-11-19 10:15:00, 0.0, None 
 48.98, -124.27, 26.0, 2014-11-19 10:15:00, 0.0, None 
 48.92, -124.22, 41.5, 2014-11-19 10:17:30, 0.0, None 
 48.95, -124.34, 54.0, 2014-11-19 10:22:30, 0.0, None 
 48.89, -124.2, 23.0, 2014-11-19 10:25:00, 0.0, None 
 48.92, -124.535, 20.0, 2014-11-19 10:27:30, 0.0, None 
 48.96, -124.51, 39.0, 2014-11-19 10:30:00, 0.0, None 
 48.92, -124.28, 20.0, 2014-11-19 10:32:30, 0.0, None 
 48.93, -124.47, 38.0, 2014-11-19 10:35:00, 0.0, None 
 48.945, -124.52, 31.2, 2014-11-19 10:40:00, 0.0, None 
 48.925, -124.542, 22.0, 2014-11-19 10:42:30, 0.0, None 
 48.97, -124.46, 20.0, 2014-11-19 10:47:30, 0.0, None 
 48.6, -124.13, 60.0, 2014-11-19 10:50:00, 0.0, None 
 48.85, -124.3, 50.0, 2014-11-19 10:52:30, 0.0, None 
 48.91, -124.535, 50.5, 2014-11-19 10:57:30, 0.0, None 
 48.98, -124.23, 20.0, 2014-11-19 11:00:00, 0.0, None 
 48.91, -124.49, 26.0, 2014-11-19 11:02:30, 0.0, None 
 48.88, -124.61, 22.5, 2014-11-19 11:07:30, 0.0, None 
 48.836999999999996, -124.605, 20.0, 2014-11-19 11:10:00, 0.0, None 
 48.875, -124.58, 20.0, 2014-11-19 11:12:30, 0.0, None 
 48.895, -124.585, 20.0, 2014-11-19 11:15:00, 0.0, None 
 48.95, -124.57, 22.0, 2014-11-19 11:17:30, 0.0, None 
 48.89, -124.165, 38.5, 2014-11-19 11:37:30, 0.0, None 
 49.0, -124.22, 31.0, 2014-11-19 11:40:00, 0.0, None 
 48.955, -124.165, 43.8, 2014-11-19 11:42:30, 0.0, None 
 48.88, -124.34, 50.0, 2014-11-19 13:00:00, 0.0, None 
 48.91, -124.38, 32.0, 2014-11-19 13:02:30, 0.0, None 
 48.92, -124.13, 39.0, 2014-11-19 13:10:00, 0.0, None 
 48.96, -124.33, 60.0, 2014-11-19 17:00:00, 0.0, None 
 48.88, -124.41, 60.0, 2014-11-19 20:17:30, 0.0, None 
 48.93, -124.425, 47.0, 2014-11-19 20:20:00, 0.0, None 
 48.96, -124.54, 60.0, 2014-11-19 20:22:30, 0.0, None 
 48.86, -124.19, 20.0, 2014-11-19 20:25:00, 0.0, None 
 48.98, -124.23, 28.0, 2014-11-19 20:55:00, 0.0, None 
 48.96, -124.15, 20.0, 2014-11-19 21:12:30, 0.0, None 
 48.97, -124.1, 20.0, 2014-11-19 21:15:00, 0.0, None 
 48.905, -124.1, 41.0, 2014-11-19 21:32:30, 0.0, None 
 48.9, -123.96, 20.0, 2014-11-19 21:37:30, 0.0, None 
 48.925, -124.1, 37.5, 2014-11-19 21:40:00, 0.0, None 
 48.95, -124.2, 30.0, 2014-11-19 21:42:30, 0.0, None 
 48.89, -124.315, 49.0, 2014-11-19 21:45:00, 0.0, None 
 48.875, -124.17, 33.8, 2014-11-19 21:47:30, 0.0, None 
 48.91, -124.11, 48.0, 2014-11-19 21:50:00, 0.0, None 
 48.885, -124.3, 60.0, 2014-11-19 21:52:30, 0.0, None 
 48.93, -124.19, 49.0, 2014-11-19 21:57:30, 0.0, None 
 48.93, -124.21799999999999, 20.0, 2014-11-19 22:00:00, 0.0, None 
 48.99, -124.46, 20.0, 2014-11-19 22:02:30, 0.0, None 
 48.9, -124.04, 53.0, 2014-11-19 22:12:30, 0.0, None 
 48.9, -124.1, 34.0, 2014-11-19 22:15:00, 0.0, None 
 48.94, -124.155, 29.5, 2014-11-19 22:20:00, 0.0, None 
 48.96, -124.26, 30.0, 2014-11-19 22:22:30, 0.0, None 
 48.92, -124.27, 44.0, 2014-11-19 22:25:00, 0.0, None 
 48.915, -124.065, 45.0, 2014-11-19 22:27:30, 0.0, None 
 48.65, -124.07, 20.0, 2014-11-19 22:30:00, 0.0, None 
 49.0, -124.27, 20.0, 2014-11-19 22:30:00, 0.0, None 
 48.61, -124.09, 20.0, 2014-11-19 22:32:30, 0.0, None 
 48.99, -124.285, 20.0, 2014-11-19 22:32:30, 0.0, None 
 48.93, -124.228, 37.0, 2014-11-19 22:35:00, 0.0, None 
 49.0, -124.18, 29.5, 2014-11-19 22:37:30, 0.0, None 
 48.67, -124.06, 20.0, 2014-11-19 22:47:30, 0.0, None 
 48.63, -124.13, 20.0, 2014-11-19 22:52:30, 0.0, None 
 48.96, -124.36, 20.0, 2014-11-19 22:52:30, 0.0, None 
 48.66, -124.07, 20.0, 2014-11-19 22:55:00, 0.0, None 
 48.93, -124.28, 20.0, 2014-11-19 22:55:00, 0.0, None 
 48.93, -124.215, 31.0, 2014-11-19 23:00:00, 0.0, None 
 48.99, -124.38, 22.0, 2014-11-19 23:07:30, 0.0, None 
 48.76, -124.09, 60.0, 2014-11-19 23:10:00, 0.0, None 
 48.99, -124.3, 26.0, 2014-11-19 23:10:00, 0.0, None 
 48.92, -124.33, 20.0, 2014-11-19 23:22:30, 0.0, None 
 49.0, -124.37, 20.0, 2014-11-19 23:25:00, 0.0, None 
 48.88, -124.41, 34.0, 2014-11-19 23:27:30, 0.0, None 
 48.93, -124.34, 20.0, 2014-11-19 23:37:30, 0.0, None 
 48.905, -124.26, 43.0, 2014-11-19 23:40:00, 0.0, None 
 48.965, -124.465, 59.5, 2014-11-19 23:42:30, 0.0, None 
 48.91, -124.48, 47.0, 2014-11-20 00:05:00, 0.0, None 
 48.99, -124.4, 27.0, 2014-11-20 00:07:30, 0.0, None 
 48.96, -124.43, 30.0, 2014-11-20 00:15:00, 0.0, None 
 48.97, -124.42, 30.5, 2014-11-20 00:17:30, 0.0, None 
 48.955, -124.46, 36.0, 2014-11-20 00:20:00, 0.0, None 
 48.84, -124.265, 27.0, 2014-11-20 00:22:30, 0.0, None 
 48.87, -124.38, 30.0, 2014-11-20 00:30:00, 0.0, None 
 48.86, -124.585, 45.0, 2014-11-20 00:35:00, 0.0, None 
 48.89, -124.39, 33.0, 2014-11-20 00:37:30, 0.0, None 
 48.89, -124.425, 34.0, 2014-11-20 00:40:00, 0.0, None 
 48.9, -124.51, 45.5, 2014-11-20 00:42:30, 0.0, None 
 48.89, -124.56, 20.0, 2014-11-20 00:45:00, 0.0, None 
 48.92, -124.27, 25.0, 2014-11-20 00:55:00, 0.0, None 
 48.92, -124.59, 45.0, 2014-11-20 00:57:30, 0.0, None 
 48.83, -124.71, 24.0, 2014-11-20 01:00:00, 0.0, None 
 48.83, -124.7, 20.0, 2014-11-20 01:02:30, 0.0, None 
 48.75, -124.59, 20.0, 2014-11-20 01:05:00, 0.0, None 
 48.995, -124.55, 36.0, 2014-11-20 01:07:30, 0.0, None 
 48.875, -124.68, 20.0, 2014-11-20 01:10:00, 0.0, None 
 48.88, -124.725, 23.0, 2014-11-20 01:12:30, 0.0, None 
 48.89, -124.7, 24.0, 2014-11-20 01:15:00, 0.0, None 
 48.828, -124.655, 25.2, 2014-11-20 01:17:30, 0.0, None 
 48.805, -124.67, 22.0, 2014-11-20 01:20:00, 0.0, None 
 48.81, -124.67, 20.0, 2014-11-20 01:22:30, 0.0, None 
 48.94, -124.62, 20.0, 2014-11-20 01:25:00, 0.0, None 
 48.935, -124.63, 20.0, 2014-11-20 01:27:30, 0.0, None 
 48.87, -124.7, 41.5, 2014-11-20 01:35:00, 0.0, None 
 48.861999999999995, -124.542, 48.0, 2014-11-20 01:40:00, 0.0, None 
 48.88, -124.82, 20.0, 2014-11-20 02:02:30, 0.0, None 
 48.82, -124.805, 26.5, 2014-11-20 02:07:30, 0.0, None 
 48.935, -124.79, 20.5, 2014-11-20 02:10:00, 0.0, None 
 48.92, -124.68799999999999, 38.2, 2014-11-20 02:12:30, 0.0, None 
 48.865, -124.77, 20.5, 2014-11-20 02:15:00, 0.0, None 
 48.875, -124.63, 32.5, 2014-11-20 02:17:30, 0.0, None 
 48.78, -124.72, 50.0, 2014-11-20 03:00:00, 0.0, None 
 48.83, -124.61, 36.0, 2014-11-20 05:42:30, 0.0, None 
 48.95, -124.4, 60.0, 2014-11-20 05:57:30, 0.0, None 
 48.9, -124.45, 33.0, 2014-11-20 06:32:30, 0.0, None 
 48.82, -124.635, 26.5, 2014-11-20 06:35:00, 0.0, None 
 48.87, -124.565, 20.0, 2014-11-20 07:47:30, 0.0, None 
 49.0, -124.41, 20.0, 2014-11-20 08:07:30, 0.0, None 
 48.92, -124.43, 38.5, 2014-11-20 08:10:00, 0.0, None 
 48.77, -124.5, 60.0, 2014-11-20 08:12:30, 0.0, None 
 48.775, -124.51, 60.0, 2014-11-20 08:17:30, 0.0, None 
 48.68, -124.43, 60.0, 2014-11-20 08:20:00, 0.0, None 
 49.0, -124.4, 20.0, 2014-11-20 08:20:00, 0.0, None 
 48.945, -124.415, 30.0, 2014-11-20 08:22:30, 0.0, None 
 48.98, -124.48, 60.0, 2014-11-20 08:57:30, 0.0, None 
 48.828, -124.545, 20.0, 2014-11-20 09:02:30, 0.0, None 
 48.83, -124.63799999999999, 20.0, 2014-11-20 09:05:00, 0.0, None 
 48.82, -124.71, 20.0, 2014-11-20 09:07:30, 0.0, None 
 48.89, -124.585, 20.0, 2014-11-20 09:10:00, 0.0, None 
 48.97, -124.18, 20.0, 2014-11-20 09:37:30, 0.0, None 
 48.89, -124.5, 43.5, 2014-11-20 09:42:30, 0.0, None 
 48.9, -124.15, 46.0, 2014-11-20 09:47:30, 0.0, None 
 48.85, -124.17, 60.0, 2014-11-20 09:55:00, 0.0, None 
 48.97, -124.3, 20.0, 2014-11-20 10:15:00, 0.0, None 
 48.62, -124.19, 47.0, 2014-11-20 10:17:30, 0.0, None 
 48.91, -124.34, 39.5, 2014-11-20 10:17:30, 0.0, None 
 49.0, -124.36, 21.0, 2014-11-20 10:20:00, 0.0, None 
 48.94, -124.27, 42.0, 2014-11-20 10:27:30, 0.0, None 
 48.94, -124.2, 30.0, 2014-11-20 10:30:00, 0.0, None 
 48.97, -124.38, 33.5, 2014-11-20 10:37:30, 0.0, None 
 48.88, -124.44, 46.0, 2014-11-20 10:40:00, 0.0, None 
 49.0, -124.1, 24.0, 2014-11-20 10:47:30, 0.0, None 
 48.88, -124.23, 46.5, 2014-11-20 10:55:00, 0.0, None 
 48.918, -124.303, 58.8, 2014-11-20 10:57:30, 0.0, None 
 48.99, -124.19, 35.5, 2014-11-20 11:00:00, 0.0, None 
 48.98, -124.23, 20.0, 2014-11-20 11:02:30, 0.0, None 
 48.925, -124.36, 33.5, 2014-11-20 11:05:00, 0.0, None 
 48.92, -124.355, 29.8, 2014-11-20 11:07:30, 0.0, None 
 48.931999999999995, -124.28, 20.0, 2014-11-20 11:10:00, 0.0, None 
 49.0, -124.29, 20.0, 2014-11-20 11:20:00, 0.0, None 
 48.89, -124.5, 46.0, 2014-11-20 11:22:30, 0.0, None 
 48.93, -124.205, 40.0, 2014-11-20 11:25:00, 0.0, None 
 48.97, -124.2, 30.0, 2014-11-20 11:27:30, 0.0, None 
 48.95, -124.125, 21.0, 2014-11-20 11:30:00, 0.0, None 
 49.0, -124.1, 28.0, 2014-11-20 11:32:30, 0.0, None 
 49.0, -124.27, 20.0, 2014-11-20 11:35:00, 0.0, None 
 49.0, -124.36, 30.0, 2014-11-20 11:37:30, 0.0, None 
 48.97, -124.4, 32.0, 2014-11-20 11:42:30, 0.0, None 
 48.945, -124.32799999999999, 21.5, 2014-11-20 11:45:00, 0.0, None 
 48.935, -124.325, 20.0, 2014-11-20 11:47:30, 0.0, None 
 48.8, -124.5, 21.8, 2014-11-20 11:52:30, 0.0, None 
 48.79, -124.64, 33.5, 2014-11-20 11:55:00, 0.0, None 
 48.88, -124.63, 20.0, 2014-11-20 12:05:00, 0.0, None 
 48.885, -124.65, 20.0, 2014-11-20 12:07:30, 0.0, None 
 48.89, -124.7, 32.0, 2014-11-20 12:10:00, 0.0, None 
 48.88, -124.66, 46.5, 2014-11-20 12:12:30, 0.0, None 
 48.88, -124.64, 20.0, 2014-11-20 12:15:00, 0.0, None 
 48.852, -124.632, 20.0, 2014-11-20 12:17:30, 0.0, None 
 48.68, -124.46, 25.0, 2014-11-20 12:22:30, 0.0, None 
 48.86, -124.6, 20.0, 2014-11-20 12:25:00, 0.0, None 
 48.88, -124.625, 20.0, 2014-11-20 12:27:30, 0.0, None 
 48.845, -124.6, 20.0, 2014-11-20 12:32:30, 0.0, None 
 48.905, -124.57, 20.0, 2014-11-20 12:35:00, 0.0, None 
 48.95, -124.53, 20.0, 2014-11-20 12:40:00, 0.0, None 
 48.695, -124.405, 20.0, 2014-11-20 12:42:30, 0.0, None 
 48.91, -124.57, 29.5, 2014-11-20 12:42:30, 0.0, None 
 48.89, -124.71, 22.2, 2014-11-20 12:45:00, 0.0, None 
 48.895, -124.67, 20.5, 2014-11-20 12:47:30, 0.0, None 
 48.9, -124.62700000000001, 20.0, 2014-11-20 12:50:00, 0.0, None 
 48.78, -124.66, 31.5, 2014-11-20 12:55:00, 0.0, None 
 48.91, -124.74, 60.0, 2014-11-20 12:57:30, 0.0, None 
 48.81, -124.62299999999999, 20.0, 2014-11-20 13:00:00, 0.0, None 
 48.795, -124.495, 55.0, 2014-11-20 13:02:30, 0.0, None 
 48.821999999999996, -124.61200000000001, 31.0, 2014-11-20 13:05:00, 0.0, None 
 48.843, -124.705, 20.0, 2014-11-20 13:10:00, 0.0, None 
 48.74, -124.61, 20.0, 2014-11-20 13:12:30, 0.0, None 
 48.96, -124.71, 20.0, 2014-11-20 13:12:30, 0.0, None 
 48.805, -124.74, 20.0, 2014-11-20 13:15:00, 0.0, None 
 48.793, -124.727, 20.0, 2014-11-20 13:17:30, 0.0, None 
 48.66, -124.58, 20.0, 2014-11-20 13:20:00, 0.0, None 
 48.915, -124.72, 20.0, 2014-11-20 13:20:00, 0.0, None 
 48.94, -124.71, 34.0, 2014-11-20 13:22:30, 0.0, None 
 48.86, -124.19, 39.0, 2014-11-20 14:02:30, 0.0, None 
 48.805, -124.445, 20.0, 2014-11-20 14:40:00, 0.0, None 
 48.59, -124.17, 20.0, 2014-11-20 14:42:30, 0.0, None 
 48.88, -124.41, 34.5, 2014-11-20 14:42:30, 0.0, None 
 48.81, -124.46, 20.0, 2014-11-20 16:45:00, 0.0, None 
 48.93, -124.59, 20.0, 2014-11-20 16:47:30, 0.0, None 
 48.89, -124.1, 47.5, 2014-11-20 18:15:00, 0.0, None 
 48.99, -124.31, 20.0, 2014-11-20 18:42:30, 0.0, None 
 48.87, -124.57, 20.0, 2014-11-20 19:22:30, 0.0, None 
 48.89, -124.455, 20.0, 2014-11-20 19:25:00, 0.0, None 
 48.9, -124.41, 23.0, 2014-11-20 20:00:00, 0.0, None 
 48.62, -124.67, 20.0, 2014-11-20 20:25:00, 0.0, None 
 48.89, -124.39, 20.0, 2014-11-20 21:30:00, 0.0, None 
 48.97, -124.37, 37.0, 2014-11-20 23:15:00, 0.0, None 
 48.98, -124.45, 20.0, 2014-11-20 23:35:00, 0.0, None 
 49.0, -124.355, 20.0, 2014-11-20 23:37:30, 0.0, None 
 48.86, -124.6, 20.0, 2014-11-20 23:40:00, 0.0, None 
 49.0, -124.35, 20.0, 2014-11-20 23:45:00, 0.0, None 
 48.935, -124.235, 20.0, 2014-11-20 23:47:30, 0.0, None 
 48.93, -124.18, 20.0, 2014-11-20 23:50:00, 0.0, None 
 48.9, -124.52, 28.0, 2014-11-21 00:02:30, 0.0, None 
 48.9, -124.15, 20.0, 2014-11-21 00:30:00, 0.0, None 
 48.94, -124.49, 32.0, 2014-11-21 00:35:00, 0.0, None 
 48.985, -124.5, 25.5, 2014-11-21 00:37:30, 0.0, None 
 48.925, -124.355, 24.5, 2014-11-21 00:40:00, 0.0, None 
 48.918, -124.29700000000001, 22.0, 2014-11-21 00:42:30, 0.0, None 
 48.895, -124.19, 20.0, 2014-11-21 00:45:00, 0.0, None 
 48.955, -124.273, 39.2, 2014-11-21 00:47:30, 0.0, None 
 48.97, -124.23, 25.0, 2014-11-21 00:50:00, 0.0, None 
 48.96, -124.255, 20.0, 2014-11-21 00:52:30, 0.0, None 
 48.91, -124.44200000000001, 29.5, 2014-11-21 00:55:00, 0.0, None 
 48.84, -124.51799999999999, 27.5, 2014-11-21 00:57:30, 0.0, None 
 48.975, -124.465, 33.0, 2014-11-21 01:00:00, 0.0, None 
 48.89, -124.31, 34.5, 2014-11-21 01:07:30, 0.0, None 
 48.865, -124.257, 41.5, 2014-11-21 01:10:00, 0.0, None 
 48.79, -124.29, 31.0, 2014-11-21 01:12:30, 0.0, None 
 48.955, -124.47, 24.2, 2014-11-21 01:15:00, 0.0, None 
 48.96, -124.395, 20.0, 2014-11-21 01:20:00, 0.0, None 
 48.975, -124.375, 20.0, 2014-11-21 01:22:30, 0.0, None 
 48.965, -124.31, 23.2, 2014-11-21 01:27:30, 0.0, None 
 48.925, -124.365, 51.0, 2014-11-21 01:30:00, 0.0, None 
 48.86, -124.51, 23.5, 2014-11-21 01:55:00, 0.0, None 
 48.64, -124.27, 20.0, 2014-11-21 02:05:00, 0.0, None 
 48.945, -124.445, 20.0, 2014-11-21 02:15:00, 0.0, None 
 48.79, -124.4, 23.0, 2014-11-21 02:25:00, 0.0, None 
 48.77, -124.41, 24.0, 2014-11-21 02:27:30, 0.0, None 
 48.64, -124.39, 20.0, 2014-11-21 02:30:00, 0.0, None 
 48.97, -124.5, 20.0, 2014-11-21 02:32:30, 0.0, None 
 48.985, -124.55, 20.0, 2014-11-21 02:35:00, 0.0, None 
 48.98, -124.545, 20.0, 2014-11-21 02:37:30, 0.0, None 
 48.895, -124.54, 20.0, 2014-11-21 02:47:30, 0.0, None 
 48.915, -124.54700000000001, 20.0, 2014-11-21 02:50:00, 0.0, None 
 48.88, -124.55, 20.0, 2014-11-21 02:52:30, 0.0, None 
 48.918, -124.58200000000001, 20.0, 2014-11-21 02:55:00, 0.0, None 
 48.94, -124.49, 20.0, 2014-11-21 02:57:30, 0.0, None 
 48.77, -124.45, 21.0, 2014-11-21 03:15:00, 0.0, None 
 48.78, -124.36, 21.0, 2014-11-21 03:17:30, 0.0, None 
 48.79, -124.338, 23.0, 2014-11-21 03:20:00, 0.0, None 
 48.92, -124.01, 20.0, 2014-11-21 03:35:00, 0.0, None 
 48.82, -124.43, 20.0, 2014-11-21 03:52:30, 0.0, None 
 48.885, -124.34, 40.0, 2014-11-21 03:55:00, 0.0, None 
 48.92, -124.4, 40.0, 2014-11-21 03:57:30, 0.0, None 
 48.87, -124.42, 53.0, 2014-11-21 04:00:00, 0.0, None 
 48.88, -124.265, 41.5, 2014-11-21 04:30:00, 0.0, None 
 48.88, -124.31, 45.0, 2014-11-21 04:37:30, 0.0, None 
 48.86, -124.295, 38.0, 2014-11-21 04:40:00, 0.0, None 
 48.7, -124.07, 20.0, 2014-11-21 04:42:30, 0.0, None 
 48.88, -124.25, 34.0, 2014-11-21 04:45:00, 0.0, None 
 48.66, -124.08, 20.0, 2014-11-21 04:47:30, 0.0, None 
 48.9, -124.21, 28.0, 2014-11-21 04:47:30, 0.0, None 
 48.79, -124.25, 34.5, 2014-11-21 04:52:30, 0.0, None 
 48.88, -124.39, 20.0, 2014-11-21 05:20:00, 0.0, None 
 48.63, -124.1, 20.0, 2014-11-21 05:22:30, 0.0, None 
 48.92, -124.34, 20.0, 2014-11-21 05:22:30, 0.0, None 
 48.81, -124.19, 44.0, 2014-11-21 05:37:30, 0.0, None 
 48.875, -124.355, 20.0, 2014-11-21 06:02:30, 0.0, None 
 48.92, -124.485, 41.0, 2014-11-21 06:12:30, 0.0, None 
 48.86, -124.37, 46.0, 2014-11-21 06:30:00, 0.0, None 
 48.98, -124.23, 23.5, 2014-11-21 06:42:30, 0.0, None 
 48.87, -124.37, 20.0, 2014-11-21 06:45:00, 0.0, None 
 48.88, -124.12, 60.0, 2014-11-21 06:50:00, 0.0, None 
 48.8, -124.5, 41.0, 2014-11-21 06:55:00, 0.0, None 
 48.85, -124.455, 60.0, 2014-11-21 06:57:30, 0.0, None 
 48.8, -124.59, 42.0, 2014-11-21 07:00:00, 0.0, None 
 48.92, -124.31, 20.0, 2014-11-21 07:05:00, 0.0, None 
 48.93, -124.27, 20.0, 2014-11-21 07:07:30, 0.0, None 
 48.74, -124.6, 60.0, 2014-11-21 07:17:30, 0.0, None 
 48.69, -124.49, 43.0, 2014-11-21 07:22:30, 0.0, None 
 48.81, -124.55, 47.0, 2014-11-21 07:30:00, 0.0, None 
 48.83, -124.47, 25.0, 2014-11-21 07:32:30, 0.0, None 
 48.83, -124.4, 20.0, 2014-11-21 07:55:00, 0.0, None 
 48.933, -124.512, 40.0, 2014-11-21 07:57:30, 0.0, None 
 48.83, -124.46, 20.0, 2014-11-21 08:05:00, 0.0, None 
 48.81, -124.37, 20.0, 2014-11-21 08:07:30, 0.0, None 
 48.49, -124.61, 37.0, 2014-11-21 08:15:00, 0.0, None 
 48.77, -124.255, 27.8, 2014-11-21 08:20:00, 0.0, None 
 48.61, -124.11, 20.0, 2014-11-21 08:22:30, 0.0, None 
 48.82, -124.275, 26.5, 2014-11-21 08:22:30, 0.0, None 
 48.67, -124.13, 20.0, 2014-11-21 08:27:30, 0.0, None 
 48.91, -124.28, 22.0, 2014-11-21 08:27:30, 0.0, None 
 48.97, -124.36, 20.0, 2014-11-21 08:30:00, 0.0, None 
 48.96, -124.43, 37.5, 2014-11-21 08:35:00, 0.0, None 
 48.87, -124.365, 59.0, 2014-11-21 08:40:00, 0.0, None 
 48.85, -124.32, 39.0, 2014-11-21 08:42:30, 0.0, None 
 48.86, -124.43, 60.0, 2014-11-21 08:45:00, 0.0, None 
 48.905, -124.345, 27.2, 2014-11-21 08:47:30, 0.0, None 
 48.98, -124.3, 34.0, 2014-11-21 08:50:00, 0.0, None 
 48.96, -124.41, 49.0, 2014-11-21 08:52:30, 0.0, None 
 48.96, -124.19, 39.0, 2014-11-21 08:55:00, 0.0, None 
 48.81, -124.42, 25.0, 2014-11-21 09:12:30, 0.0, None 
 48.84, -124.35, 20.0, 2014-11-21 09:15:00, 0.0, None 
 48.885, -124.35, 20.0, 2014-11-21 09:17:30, 0.0, None 
 48.845, -124.425, 21.0, 2014-11-21 09:22:30, 0.0, None 
 48.51, -124.56, 20.0, 2014-11-21 09:35:00, 0.0, None 
 48.92, -123.99, 28.0, 2014-11-21 09:37:30, 0.0, None 
 48.72, -124.47, 21.0, 2014-11-21 09:40:00, 0.0, None 
 48.875, -124.1, 34.5, 2014-11-21 09:40:00, 0.0, None 
 48.79, -124.24799999999999, 25.8, 2014-11-21 09:42:30, 0.0, None 
 48.89, -124.165, 27.0, 2014-11-21 09:45:00, 0.0, None 
 48.66, -124.52, 60.0, 2014-11-21 10:05:00, 0.0, None 
 48.935, -124.245, 44.0, 2014-11-21 10:07:30, 0.0, None 
 48.845, -124.35, 21.0, 2014-11-21 10:10:00, 0.0, None 
 48.88, -124.4, 20.0, 2014-11-21 10:12:30, 0.0, None 
 48.91, -124.33, 20.0, 2014-11-21 10:15:00, 0.0, None 
 48.92, -124.33, 20.0, 2014-11-21 10:17:30, 0.0, None 
 48.55, -124.605, 60.0, 2014-11-21 10:20:00, 0.0, None 
 48.555, -124.605, 60.0, 2014-11-21 10:22:30, 0.0, None 
 48.81, -124.37, 41.5, 2014-11-21 10:25:00, 0.0, None 
 48.86, -124.42, 52.0, 2014-11-21 10:27:30, 0.0, None 
 48.92, -124.36, 20.0, 2014-11-21 10:32:30, 0.0, None 
 48.72, -124.365, 27.5, 2014-11-21 10:35:00, 0.0, None 
 48.91, -124.37, 41.0, 2014-11-21 10:47:30, 0.0, None 
 48.87, -124.365, 36.0, 2014-11-21 10:50:00, 0.0, None 
 48.832, -124.345, 27.0, 2014-11-21 10:52:30, 0.0, None 
 48.865, -124.41, 24.8, 2014-11-21 10:55:00, 0.0, None 
 48.835, -124.39, 25.8, 2014-11-21 10:57:30, 0.0, None 
 48.785, -124.39, 23.0, 2014-11-21 11:00:00, 0.0, None 
 48.835, -124.42, 20.0, 2014-11-21 11:02:30, 0.0, None 
 48.805, -124.46, 20.0, 2014-11-21 11:05:00, 0.0, None 
 48.806999999999995, -124.335, 20.0, 2014-11-21 11:07:30, 0.0, None 
 48.765, -124.33, 20.0, 2014-11-21 11:10:00, 0.0, None 
 48.86, -124.385, 31.5, 2014-11-21 11:12:30, 0.0, None 
 48.785, -124.315, 27.5, 2014-11-21 11:15:00, 0.0, None 
 48.89, -124.37, 60.0, 2014-11-21 11:20:00, 0.0, None 
 48.815, -124.275, 39.0, 2014-11-21 11:22:30, 0.0, None 
 48.79, -124.385, 33.0, 2014-11-21 11:27:30, 0.0, None 
 48.82, -124.29, 36.0, 2014-11-21 11:30:00, 0.0, None 
 48.8, -124.42, 29.0, 2014-11-21 11:32:30, 0.0, None 
 48.845, -124.575, 20.0, 2014-11-21 11:35:00, 0.0, None 
 48.67, -124.15, 20.0, 2014-11-21 11:40:00, 0.0, None 
 48.89, -124.32, 20.0, 2014-11-21 11:40:00, 0.0, None 
 48.795, -124.23700000000001, 20.0, 2014-11-21 11:42:30, 0.0, None 
 48.94, -124.28, 31.0, 2014-11-21 11:45:00, 0.0, None 
 48.91, -124.58, 20.0, 2014-11-21 11:47:30, 0.0, None 
 48.89, -124.55, 20.0, 2014-11-21 11:50:00, 0.0, None 
 48.76, -124.25, 37.0, 2014-11-21 11:55:00, 0.0, None 
 48.89, -124.37, 20.0, 2014-11-21 12:02:30, 0.0, None 
 48.88, -124.375, 20.0, 2014-11-21 12:05:00, 0.0, None 
 48.89, -124.335, 23.5, 2014-11-21 12:07:30, 0.0, None 
 48.915, -124.29, 25.2, 2014-11-21 12:10:00, 0.0, None 
 48.945, -124.24799999999999, 29.5, 2014-11-21 12:12:30, 0.0, None 
 48.945, -124.325, 26.5, 2014-11-21 12:15:00, 0.0, None 
 48.86, -124.295, 27.5, 2014-11-21 12:17:30, 0.0, None 
 48.825, -124.18299999999999, 41.0, 2014-11-21 12:20:00, 0.0, None 
 48.78, -124.23, 32.5, 2014-11-21 12:22:30, 0.0, None 
 48.81, -124.14, 41.0, 2014-11-21 12:25:00, 0.0, None 
 48.825, -124.2, 42.5, 2014-11-21 12:27:30, 0.0, None 
 48.91, -124.35, 34.0, 2014-11-21 12:30:00, 0.0, None 
 48.867, -124.40299999999999, 35.5, 2014-11-21 12:37:30, 0.0, None 
 48.843, -124.37700000000001, 26.0, 2014-11-21 12:40:00, 0.0, None 
 48.84, -124.445, 40.0, 2014-11-21 12:42:30, 0.0, None 
 48.755, -124.43, 50.0, 2014-11-21 12:50:00, 0.0, None 
 48.75, -124.19, 29.0, 2014-11-21 12:55:00, 0.0, None 
 48.84, -124.16, 60.0, 2014-11-21 12:57:30, 0.0, None 
 48.955, -124.235, 29.5, 2014-11-21 13:00:00, 0.0, None 
 48.89, -124.31, 40.0, 2014-11-21 13:07:30, 0.0, None 
 48.88, -124.24, 46.5, 2014-11-21 13:10:00, 0.0, None 
 48.59, -124.16, 20.0, 2014-11-21 13:12:30, 0.0, None 
 48.8, -124.355, 31.0, 2014-11-21 13:12:30, 0.0, None 
 48.81, -124.5, 44.0, 2014-11-21 13:15:00, 0.0, None 
 48.835, -124.51, 48.0, 2014-11-21 13:17:30, 0.0, None 
 48.94, -124.40700000000001, 20.0, 2014-11-21 13:20:00, 0.0, None 
 48.8, -124.34, 33.5, 2014-11-21 13:35:00, 0.0, None 
 48.86, -124.285, 31.0, 2014-11-21 13:37:30, 0.0, None 
 48.75, -124.185, 26.8, 2014-11-21 13:40:00, 0.0, None 
 48.86, -124.32, 38.0, 2014-11-21 13:42:30, 0.0, None 
 48.85, -124.32, 45.0, 2014-11-21 13:45:00, 0.0, None 
 48.78, -124.335, 37.5, 2014-11-21 13:47:30, 0.0, None 
 48.81, -124.57, 43.0, 2014-11-21 13:50:00, 0.0, None 
 48.84, -124.32, 34.0, 2014-11-21 13:52:30, 0.0, None 
 48.88, -124.21, 25.5, 2014-11-21 13:55:00, 0.0, None 
 48.83, -124.16, 37.0, 2014-11-21 14:02:30, 0.0, None 
 48.91, -124.65, 60.0, 2014-11-21 14:15:00, 0.0, None 
 48.93, -124.26, 24.0, 2014-11-21 14:17:30, 0.0, None 
 48.78, -124.335, 49.0, 2014-11-21 14:22:30, 0.0, None 
 48.77, -124.34, 33.0, 2014-11-21 14:25:00, 0.0, None 
 48.8, -124.35, 27.0, 2014-11-21 14:27:30, 0.0, None 
 48.8, -124.46, 42.0, 2014-11-21 14:30:00, 0.0, None 
 48.85, -124.35, 20.0, 2014-11-21 14:32:30, 0.0, None 
 48.77, -124.475, 20.0, 2014-11-21 14:35:00, 0.0, None 
 48.81, -124.5, 31.0, 2014-11-21 14:37:30, 0.0, None 
 48.835, -124.41, 20.0, 2014-11-21 14:40:00, 0.0, None 
 48.92, -124.35799999999999, 24.5, 2014-11-21 14:42:30, 0.0, None 
 48.75, -124.41, 46.0, 2014-11-21 14:55:00, 0.0, None 
 48.785, -124.32, 32.0, 2014-11-21 14:57:30, 0.0, None 
 48.97, -124.405, 20.0, 2014-11-21 15:00:00, 0.0, None 
 48.775, -124.265, 24.0, 2014-11-21 15:25:00, 0.0, None 
 48.77, -124.41, 32.0, 2014-11-21 15:55:00, 0.0, None 
 48.797, -124.323, 20.5, 2014-11-21 16:00:00, 0.0, None 
 48.9, -124.51, 20.0, 2014-11-21 16:20:00, 0.0, None 
 48.82, -124.505, 20.0, 2014-11-21 16:22:30, 0.0, None 
 48.73, -124.58, 20.0, 2014-11-21 17:30:00, 0.0, None 
 48.52, -124.58, 20.0, 2014-11-21 17:47:30, 0.0, None 
 48.845, -124.368, 26.0, 2014-11-21 18:17:30, 0.0, None 
 48.815, -124.29, 20.0, 2014-11-21 19:05:00, 0.0, None 
 48.8, -124.55, 20.0, 2014-11-21 19:20:00, 0.0, None 
 48.81, -124.59, 36.0, 2014-11-21 19:35:00, 0.0, None 
 48.81, -124.51, 31.0, 2014-11-21 19:37:30, 0.0, None 
 48.85, -124.54, 20.0, 2014-11-21 19:47:30, 0.0, None 
 48.85, -124.39, 52.0, 2014-11-21 19:50:00, 0.0, None 
 48.78, -124.59, 50.0, 2014-11-21 19:55:00, 0.0, None 
 48.89, -124.41, 20.0, 2014-11-21 20:05:00, 0.0, None 
 48.86, -124.41, 20.0, 2014-11-21 20:07:30, 0.0, None 
 48.9, -124.36, 20.0, 2014-11-21 20:25:00, 0.0, None 
 48.8, -124.6, 60.0, 2014-11-21 20:32:30, 0.0, None 
 48.83, -124.67, 55.0, 2014-11-21 20:35:00, 0.0, None 
 48.8, -124.175, 50.0, 2014-11-21 20:40:00, 0.0, None 
 48.83, -124.41, 20.0, 2014-11-21 20:52:30, 0.0, None 
 48.83, -124.43, 20.0, 2014-11-21 20:55:00, 0.0, None 
 48.825, -124.36, 60.0, 2014-11-21 20:57:30, 0.0, None 
 48.56, -124.3, 20.0, 2014-11-21 21:02:30, 0.0, None 
 48.77, -124.44, 20.0, 2014-11-21 21:02:30, 0.0, None 
 48.725, -124.4, 28.8, 2014-11-21 21:05:00, 0.0, None 
 48.79, -124.39, 31.0, 2014-11-21 21:07:30, 0.0, None 
 48.765, -124.38799999999999, 20.0, 2014-11-21 21:10:00, 0.0, None 
 48.85, -124.39, 20.0, 2014-11-21 21:20:00, 0.0, None 
 48.815, -124.525, 20.8, 2014-11-21 21:55:00, 0.0, None 
 48.91, -124.43, 47.5, 2014-11-21 21:57:30, 0.0, None 
 48.925, -124.34, 20.0, 2014-11-21 22:00:00, 0.0, None 
 48.885, -124.5, 22.0, 2014-11-21 22:02:30, 0.0, None 
 48.9, -124.34, 60.0, 2014-11-21 22:07:30, 0.0, None 
 48.89, -124.395, 20.0, 2014-11-21 22:17:30, 0.0, None 
 48.895, -124.55, 36.5, 2014-11-21 22:20:00, 0.0, None 
 48.92, -124.03, 48.0, 2014-11-21 22:25:00, 0.0, None 
 48.95, -124.31, 20.0, 2014-11-21 22:32:30, 0.0, None 
 48.91, -124.51, 57.0, 2014-11-21 22:40:00, 0.0, None 
 48.78, -124.67, 20.0, 2014-11-21 22:55:00, 0.0, None 
 48.83, -124.24, 33.5, 2014-11-21 23:02:30, 0.0, None 
 48.98, -124.535, 60.0, 2014-11-21 23:12:30, 0.0, None 
 48.805, -124.445, 20.0, 2014-11-21 23:15:00, 0.0, None 
 48.81, -124.43, 20.0, 2014-11-21 23:17:30, 0.0, None 
 48.8, -124.475, 20.0, 2014-11-21 23:20:00, 0.0, None 
 48.885, -124.45, 31.0, 2014-11-21 23:22:30, 0.0, None 
 48.91, -124.37, 29.0, 2014-11-21 23:25:00, 0.0, None 
 48.59, -124.51, 60.0, 2014-11-21 23:32:30, 0.0, None 
 48.72, -124.33, 51.0, 2014-11-21 23:37:30, 0.0, None 
 48.69, -124.33, 50.0, 2014-11-21 23:42:30, 0.0, None 
 48.91, -124.53, 33.0, 2014-11-21 23:42:30, 0.0, None 
 48.805, -124.45, 32.8, 2014-11-21 23:45:00, 0.0, None 
 48.56, -124.28, 20.0, 2014-11-21 23:47:30, 0.0, None 
 48.75, -124.265, 37.5, 2014-11-21 23:50:00, 0.0, None 
 48.855, -124.5, 40.0, 2014-11-21 23:52:30, 0.0, None 
 48.71, -124.42, 41.0, 2014-11-21 23:55:00, 0.0, None 
 48.97, -124.75, 20.0, 2014-11-22 00:00:00, 0.0, None 
 48.805, -124.73, 20.0, 2014-11-22 00:05:00, 0.0, None 
 48.875, -124.685, 25.5, 2014-11-22 00:07:30, 0.0, None 
 48.67, -124.39, 20.0, 2014-11-22 00:12:30, 0.0, None 
 48.995, -124.5, 30.5, 2014-11-22 00:12:30, 0.0, None 
 48.98, -124.47, 23.0, 2014-11-22 00:15:00, 0.0, None 
 48.73, -124.12, 60.0, 2014-11-22 00:17:30, 0.0, None 
 48.91, -124.715, 22.5, 2014-11-22 00:20:00, 0.0, None 
 48.918, -124.735, 20.0, 2014-11-22 00:22:30, 0.0, None 
 48.935, -124.71799999999999, 27.5, 2014-11-22 00:25:00, 0.0, None 
 48.62, -124.52, 40.0, 2014-11-22 00:27:30, 0.0, None 
 48.945, -124.78, 20.0, 2014-11-22 00:27:30, 0.0, None 
 48.66, -124.71, 20.0, 2014-11-22 00:30:00, 0.0, None 
 48.71, -124.71, 31.0, 2014-11-22 00:32:30, 0.0, None 
 48.99, -124.755, 30.0, 2014-11-22 00:32:30, 0.0, None 
 48.895, -124.885, 30.0, 2014-11-22 00:37:30, 0.0, None 
 48.955, -124.855, 20.0, 2014-11-22 00:40:00, 0.0, None 
 48.92, -124.755, 30.5, 2014-11-22 00:42:30, 0.0, None 
 48.9, -124.75, 24.5, 2014-11-22 00:45:00, 0.0, None 
 48.95, -124.755, 24.0, 2014-11-22 00:47:30, 0.0, None 
 48.935, -124.74, 21.0, 2014-11-22 00:50:00, 0.0, None 
 48.873000000000005, -124.73, 22.5, 2014-11-22 00:52:30, 0.0, None 
 48.955, -124.735, 29.0, 2014-11-22 00:55:00, 0.0, None 
 48.95, -124.605, 57.0, 2014-11-22 00:57:30, 0.0, None 
 48.78, -124.37, 20.0, 2014-11-22 01:05:00, 0.0, None 
 48.81, -124.335, 20.0, 2014-11-22 01:07:30, 0.0, None 
 48.933, -124.44, 20.0, 2014-11-22 01:12:30, 0.0, None 
 48.76, -124.33, 20.0, 2014-11-22 01:15:00, 0.0, None 
 48.9, -124.385, 38.0, 2014-11-22 01:15:00, 0.0, None 
 48.66, -124.47, 20.0, 2014-11-22 01:17:30, 0.0, None 
 48.96, -124.6, 31.0, 2014-11-22 01:17:30, 0.0, None 
 48.65, -124.5, 20.0, 2014-11-22 01:20:00, 0.0, None 
 48.98, -124.73, 23.5, 2014-11-22 01:20:00, 0.0, None 
 48.95, -124.27, 51.0, 2014-11-22 01:25:00, 0.0, None 
 48.92, -124.345, 42.0, 2014-11-22 01:27:30, 0.0, None 
 48.985, -124.61, 23.5, 2014-11-22 01:32:30, 0.0, None 
 48.89, -124.8, 20.0, 2014-11-22 01:35:00, 0.0, None 
 48.78, -124.66, 37.5, 2014-11-22 01:37:30, 0.0, None 
 48.955, -124.62, 39.0, 2014-11-22 01:40:00, 0.0, None 
 48.907, -124.755, 27.8, 2014-11-22 01:42:30, 0.0, None 
 48.865, -124.803, 22.8, 2014-11-22 01:45:00, 0.0, None 
 48.735, -124.7, 33.0, 2014-11-22 01:47:30, 0.0, None 
 49.0, -124.81, 28.0, 2014-11-22 01:47:30, 0.0, None 
 48.895, -124.825, 24.2, 2014-11-22 01:50:00, 0.0, None 
 48.876999999999995, -124.85799999999999, 20.0, 2014-11-22 01:52:30, 0.0, None 
 48.9, -124.04, 20.0, 2014-11-22 01:57:30, 0.0, None 
 48.86, -124.47, 24.5, 2014-11-22 02:07:30, 0.0, None 
 48.81, -124.41, 34.0, 2014-11-22 02:10:00, 0.0, None 
 48.74, -124.06, 20.0, 2014-11-22 02:10:00, 0.0, None 
 48.71, -124.2, 20.0, 2014-11-22 02:20:00, 0.0, None 
 48.83, -123.795, 32.0, 2014-11-22 02:22:30, 0.0, None 
 48.86, -124.39, 34.0, 2014-11-22 02:40:00, 0.0, None 
 48.78, -124.53, 20.0, 2014-11-22 02:45:00, 0.0, None 
 48.8, -124.02, 48.0, 2014-11-22 02:50:00, 0.0, None 
 48.8, -124.44, 20.0, 2014-11-22 03:50:00, 0.0, None 
 48.9, -124.07, 35.0, 2014-11-22 04:15:00, 0.0, None 
 48.98, -123.96, 20.0, 2014-11-22 04:50:00, 0.0, None 
 48.5, -123.77, 20.0, 2014-11-22 04:52:30, 0.0, None 
 48.93, -123.72, 20.0, 2014-11-22 04:55:00, 0.0, None 
 48.81, -123.72, 52.0, 2014-11-22 04:57:30, 0.0, None 
 48.86, -124.0, 20.0, 2014-11-22 05:02:30, 0.0, None 
 48.91, -123.99, 20.0, 2014-11-22 05:05:00, 0.0, None 
 48.62, -124.48, 20.0, 2014-11-22 05:40:00, 0.0, None 
 48.97, -124.69, 47.0, 2014-11-22 05:45:00, 0.0, None 
 48.7, -124.22, 26.0, 2014-11-22 06:05:00, 0.0, None 
 48.77, -124.42, 45.0, 2014-11-22 06:12:30, 0.0, None 
 48.9, -123.8, 23.0, 2014-11-22 06:17:30, 0.0, None 
 48.89, -123.96, 20.0, 2014-11-22 06:20:00, 0.0, None 
 48.8, -124.12, 30.0, 2014-11-22 06:22:30, 0.0, None 
 48.93, -124.54, 60.0, 2014-11-22 06:25:00, 0.0, None 
 48.77, -124.29, 48.5, 2014-11-22 06:25:00, 0.0, None 
 48.735, -124.555, 60.0, 2014-11-22 06:27:30, 0.0, None 
 48.965, -124.59, 60.0, 2014-11-22 06:32:30, 0.0, None 
 47.83, -122.98, 31.0, 2014-11-22 06:45:00, 0.0, None 
 47.86, -123.0, 22.0, 2014-11-22 06:55:00, 0.0, None 
 48.78, -124.33, 45.5, 2014-11-22 07:10:00, 0.0, None 
 48.78, -124.365, 51.0, 2014-11-22 07:12:30, 0.0, None 
 48.78, -124.395, 44.5, 2014-11-22 07:32:30, 0.0, None 
 48.778, -124.26, 37.9, 2014-11-22 07:47:30, 0.0, None 
 48.81, -124.265, 39.5, 2014-11-22 07:50:00, 0.0, None 
 48.821000000000005, -124.24, 22.6, 2014-11-22 07:52:30, 0.0, None 
 48.85, -124.118, 25.8, 2014-11-22 07:55:00, 0.0, None 
 48.75, -124.13, 46.0, 2014-11-22 08:35:00, 0.0, None 
 48.8, -124.14, 31.0, 2014-11-22 08:40:00, 0.0, None 
 48.8, -124.115, 29.0, 2014-11-22 08:42:30, 0.0, None 
 48.81, -124.09, 30.0, 2014-11-22 08:45:00, 0.0, None 
 48.77, -124.25, 53.0, 2014-11-22 08:50:00, 0.0, None 
 48.575, -124.1, 20.0, 2014-11-22 08:55:00, 0.0, None 
 48.8, -124.20299999999999, 50.5, 2014-11-22 08:55:00, 0.0, None 
 48.775, -124.21, 49.0, 2014-11-22 08:57:30, 0.0, None 
 48.45, -123.85, 60.0, 2014-11-22 08:57:30, 0.0, None 
 48.83, -124.345, 35.0, 2014-11-22 09:00:00, 0.0, None 
 48.86, -124.305, 57.0, 2014-11-22 09:05:00, 0.0, None 
 48.96, -124.22, 60.0, 2014-11-22 09:07:30, 0.0, None 
 48.792, -124.40700000000001, 29.0, 2014-11-22 09:10:00, 0.0, None 
 48.85, -124.17, 34.5, 2014-11-22 09:12:30, 0.0, None 
 48.79, -124.095, 28.0, 2014-11-22 09:15:00, 0.0, None 
 48.83, -124.2, 39.0, 2014-11-22 09:17:30, 0.0, None 
 48.78, -124.4, 20.0, 2014-11-22 09:20:00, 0.0, None 
 48.7, -124.48, 20.0, 2014-11-22 09:22:30, 0.0, None 
 48.76, -124.38, 23.5, 2014-11-22 09:25:00, 0.0, None 
 48.78, -124.37, 30.0, 2014-11-22 09:27:30, 0.0, None 
 48.97, -124.495, 20.0, 2014-11-22 09:30:00, 0.0, None 
 48.765, -124.33, 34.0, 2014-11-22 09:30:00, 0.0, None 
 48.755, -124.175, 30.0, 2014-11-22 09:37:30, 0.0, None 
 48.77, -124.33, 36.0, 2014-11-22 09:40:00, 0.0, None 
 48.77, -124.4, 31.0, 2014-11-22 09:45:00, 0.0, None 
 48.86, -124.35, 38.0, 2014-11-22 09:47:30, 0.0, None 
 48.72, -124.425, 29.5, 2014-11-22 09:50:00, 0.0, None 
 48.92, -124.19, 31.5, 2014-11-22 09:52:30, 0.0, None 
 48.769, -124.141, 40.2, 2014-11-22 09:55:00, 0.0, None 
 48.769, -124.2, 39.2, 2014-11-22 09:57:30, 0.0, None 
 48.788000000000004, -124.245, 34.8, 2014-11-22 10:00:00, 0.0, None 
 48.825, -124.465, 47.5, 2014-11-22 10:02:30, 0.0, None 
 48.78, -124.48, 24.0, 2014-11-22 10:05:00, 0.0, None 
 48.897, -124.465, 25.5, 2014-11-22 10:07:30, 0.0, None 
 48.84, -124.40299999999999, 26.2, 2014-11-22 10:10:00, 0.0, None 
 48.745, -124.325, 32.8, 2014-11-22 10:12:30, 0.0, None 
 48.11, -122.81, 31.0, 2014-11-22 10:12:30, 0.0, None 
 48.815, -124.264, 49.0, 2014-11-22 10:15:00, 0.0, None 
 48.825, -124.227, 35.0, 2014-11-22 10:17:30, 0.0, None 
 48.89, -124.23, 27.5, 2014-11-22 10:20:00, 0.0, None 
 48.84, -124.287, 41.0, 2014-11-22 10:22:30, 0.0, None 
 48.715, -124.24, 20.5, 2014-11-22 10:25:00, 0.0, None 
 48.88, -124.335, 28.8, 2014-11-22 10:27:30, 0.0, None 
 48.85, -124.285, 26.5, 2014-11-22 10:30:00, 0.0, None 
 48.85, -124.035, 44.0, 2014-11-22 10:35:00, 0.0, None 
 48.86, -124.1, 20.0, 2014-11-22 10:37:30, 0.0, None 
 48.86, -124.195, 41.5, 2014-11-22 10:40:00, 0.0, None 
 48.825, -124.227, 45.1, 2014-11-22 10:42:30, 0.0, None 
 48.77, -124.16, 32.5, 2014-11-22 10:45:00, 0.0, None 
 48.82, -124.01, 20.0, 2014-11-22 10:47:30, 0.0, None 
 48.648, -124.22, 60.0, 2014-11-22 10:50:00, 0.0, None 
 48.795, -124.17, 50.0, 2014-11-22 10:52:30, 0.0, None 
 48.785, -124.315, 27.5, 2014-11-22 10:55:00, 0.0, None 
 48.77, -124.365, 60.0, 2014-11-22 10:57:30, 0.0, None 
 48.69, -124.47, 39.0, 2014-11-22 11:00:00, 0.0, None 
 48.81, -124.37, 32.5, 2014-11-22 11:02:30, 0.0, None 
 48.9, -123.785, 20.0, 2014-11-22 11:12:30, 0.0, None 
 48.81, -123.73, 20.0, 2014-11-22 11:15:00, 0.0, None 
 48.61, -124.06, 52.0, 2014-11-22 11:22:30, 0.0, None 
 48.9, -123.74, 20.0, 2014-11-22 11:25:00, 0.0, None 
 48.858000000000004, -123.785, 20.0, 2014-11-22 11:27:30, 0.0, None 
 48.95, -123.8, 40.0, 2014-11-22 11:30:00, 0.0, None 
 48.9, -123.92, 20.0, 2014-11-22 11:32:30, 0.0, None 
 48.95, -123.88, 29.5, 2014-11-22 11:35:00, 0.0, None 
 48.9, -123.86, 22.5, 2014-11-22 11:37:30, 0.0, None 
 48.93, -123.81, 21.0, 2014-11-22 11:40:00, 0.0, None 
 48.5, -123.4, 36.0, 2014-11-22 11:40:00, 0.0, None 
 48.9, -123.92, 60.0, 2014-11-22 11:42:30, 0.0, None 
 48.672, -124.20299999999999, 34.5, 2014-11-22 11:45:00, 0.0, None 
 48.85, -124.01, 20.0, 2014-11-22 11:50:00, 0.0, None 
 48.81, -124.135, 60.0, 2014-11-22 11:55:00, 0.0, None 
 48.97, -123.815, 26.5, 2014-11-22 12:02:30, 0.0, None 
 48.96, -123.815, 30.0, 2014-11-22 12:05:00, 0.0, None 
 48.83, -123.71, 49.0, 2014-11-22 12:07:30, 0.0, None 
 48.955, -123.84, 31.0, 2014-11-22 12:10:00, 0.0, None 
 48.5, -123.43, 51.0, 2014-11-22 12:10:00, 0.0, None 
 48.97, -123.82, 28.0, 2014-11-22 12:12:30, 0.0, None 
 48.92, -123.89, 31.0, 2014-11-22 12:15:00, 0.0, None 
 48.735, -124.39, 25.0, 2014-11-22 12:22:30, 0.0, None 
 48.52, -124.4, 60.0, 2014-11-22 12:25:00, 0.0, None 
 48.715, -124.22, 30.0, 2014-11-22 12:30:00, 0.0, None 
 48.8, -124.3, 28.5, 2014-11-22 12:32:30, 0.0, None 
 48.74, -124.34, 27.5, 2014-11-22 12:35:00, 0.0, None 
 48.852, -124.354, 28.2, 2014-11-22 12:37:30, 0.0, None 
 48.86, -124.41, 29.0, 2014-11-22 12:40:00, 0.0, None 
 48.825, -124.37, 20.0, 2014-11-22 12:42:30, 0.0, None 
 48.625, -124.21, 41.0, 2014-11-22 12:45:00, 0.0, None 
 48.85, -124.335, 53.2, 2014-11-22 12:45:00, 0.0, None 
 48.86, -124.38, 27.5, 2014-11-22 12:47:30, 0.0, None 
 48.865, -124.335, 35.5, 2014-11-22 12:50:00, 0.0, None 
 48.8, -124.52, 20.0, 2014-11-22 12:52:30, 0.0, None 
 48.905, -124.43, 56.8, 2014-11-22 12:57:30, 0.0, None 
 48.821999999999996, -124.305, 36.5, 2014-11-22 13:00:00, 0.0, None 
 48.86, -124.44, 26.0, 2014-11-22 13:02:30, 0.0, None 
 48.8, -124.11, 20.0, 2014-11-22 13:02:30, 0.0, None 
 48.93, -124.5, 60.0, 2014-11-22 13:12:30, 0.0, None 
 48.72, -124.23, 48.0, 2014-11-22 13:12:30, 0.0, None 
 48.815, -124.37, 60.0, 2014-11-22 13:15:00, 0.0, None 
 48.4, -123.81, 60.0, 2014-11-22 13:15:00, 0.0, None 
 48.785, -124.36, 60.0, 2014-11-22 13:17:30, 0.0, None 
 48.41, -123.825, 60.0, 2014-11-22 13:17:30, 0.0, None 
 48.835, -124.035, 20.0, 2014-11-22 13:20:00, 0.0, None 
 47.82, -122.975, 60.0, 2014-11-22 13:20:00, 0.0, None 
 48.765, -123.88, 25.5, 2014-11-22 13:22:30, 0.0, None 
 48.73, -124.41, 20.0, 2014-11-22 13:25:00, 0.0, None 
 48.78, -123.97, 33.0, 2014-11-22 13:25:00, 0.0, None 
 48.685, -124.085, 33.5, 2014-11-22 13:27:30, 0.0, None 
 48.81, -123.62, 60.0, 2014-11-22 13:35:00, 0.0, None 
 48.8, -124.14, 20.0, 2014-11-22 13:40:00, 0.0, None 
 48.85, -124.04, 20.0, 2014-11-22 13:42:30, 0.0, None 
 48.8, -124.03, 29.0, 2014-11-22 13:45:00, 0.0, None 
 48.635, -124.1, 45.5, 2014-11-22 13:47:30, 0.0, None 
 48.66, -124.13, 59.0, 2014-11-22 13:50:00, 0.0, None 
 48.828, -124.147, 20.0, 2014-11-22 13:52:30, 0.0, None 
 48.87, -124.195, 28.0, 2014-11-22 13:55:00, 0.0, None 
 48.91, -123.78, 20.0, 2014-11-22 14:05:00, 0.0, None 
 48.9, -123.745, 20.0, 2014-11-22 14:07:30, 0.0, None 
 48.8, -124.01, 55.0, 2014-11-22 14:10:00, 0.0, None 
 48.79, -123.99, 56.0, 2014-11-22 14:15:00, 0.0, None 
 48.82, -124.18, 47.0, 2014-11-22 14:17:30, 0.0, None 
 48.67, -124.45, 35.5, 2014-11-22 14:22:30, 0.0, None 
 48.78, -124.31, 40.0, 2014-11-22 14:27:30, 0.0, None 
 48.797, -124.305, 32.5, 2014-11-22 14:30:00, 0.0, None 
 48.665, -124.205, 35.5, 2014-11-22 14:32:30, 0.0, None 
 48.49, -123.76, 21.0, 2014-11-22 14:32:30, 0.0, None 
 48.685, -124.445, 49.0, 2014-11-22 14:35:00, 0.0, None 
 48.76, -124.38, 38.0, 2014-11-22 14:37:30, 0.0, None 
 48.76, -124.365, 39.5, 2014-11-22 14:40:00, 0.0, None 
 48.75, -124.39, 49.0, 2014-11-22 14:42:30, 0.0, None 
 48.68, -124.12, 43.0, 2014-11-22 14:47:30, 0.0, None 
 48.88, -123.76, 20.0, 2014-11-22 14:50:00, 0.0, None 
 48.87, -123.78, 35.0, 2014-11-22 14:52:30, 0.0, None 
 48.9, -123.735, 20.0, 2014-11-22 14:55:00, 0.0, None 
 48.8, -124.08, 60.0, 2014-11-22 14:57:30, 0.0, None 
 48.855, -124.24, 24.0, 2014-11-22 15:00:00, 0.0, None 
 48.806000000000004, -124.137, 21.9, 2014-11-22 15:02:30, 0.0, None 
 48.71, -124.145, 25.0, 2014-11-22 15:05:00, 0.0, None 
 48.81, -124.33, 35.0, 2014-11-22 15:15:00, 0.0, None 
 48.79, -124.24, 35.0, 2014-11-22 15:17:30, 0.0, None 
 48.8, -124.1, 42.0, 2014-11-22 15:20:00, 0.0, None 
 48.76, -124.15, 45.0, 2014-11-22 15:22:30, 0.0, None 
 48.92, -124.21, 32.0, 2014-11-22 15:25:00, 0.0, None 
 48.91, -124.13, 30.0, 2014-11-22 15:27:30, 0.0, None 
 48.835, -124.15299999999999, 28.5, 2014-11-22 15:30:00, 0.0, None 
 48.84, -124.18, 40.0, 2014-11-22 15:32:30, 0.0, None 
 48.91, -124.15, 20.0, 2014-11-22 15:35:00, 0.0, None 
 48.87, -124.15, 20.0, 2014-11-22 15:37:30, 0.0, None 
 47.7, -122.6, 54.0, 2014-11-22 15:40:00, 0.0, None 
 48.67, -124.24, 43.0, 2014-11-22 16:27:30, 0.0, None 
 48.79, -123.83, 20.0, 2014-11-22 16:32:30, 0.0, None 
 48.79, -123.84, 20.0, 2014-11-22 16:35:00, 0.0, None 
 48.83, -123.65, 39.0, 2014-11-22 16:37:30, 0.0, None 
 48.845, -124.02799999999999, 24.5, 2014-11-22 16:42:30, 0.0, None 
 47.6, -123.39, 41.0, 2014-11-22 16:45:00, 0.0, None 
 48.88, -124.2, 20.0, 2014-11-22 17:02:30, 0.0, None 
 48.693000000000005, -124.19, 35.0, 2014-11-22 17:10:00, 0.0, None 
 48.52, -123.77, 45.0, 2014-11-22 17:10:00, 0.0, None 
 48.685, -124.195, 34.5, 2014-11-22 17:12:30, 0.0, None 
 48.54, -123.8, 50.0, 2014-11-22 17:12:30, 0.0, None 
 48.75, -124.21, 31.0, 2014-11-22 17:15:00, 0.0, None 
 48.72, -124.34, 40.0, 2014-11-22 17:50:00, 0.0, None 
 48.88, -123.98, 35.0, 2014-11-22 18:05:00, 0.0, None 
 48.83, -124.0, 43.0, 2014-11-22 18:07:30, 0.0, None 
 48.835, -124.07700000000001, 29.0, 2014-11-22 18:10:00, 0.0, None 
 48.805, -124.08, 40.0, 2014-11-22 18:12:30, 0.0, None 
 48.77, -123.87, 25.0, 2014-11-22 18:15:00, 0.0, None 
 48.83, -124.023, 30.8, 2014-11-22 18:17:30, 0.0, None 
 48.79, -124.1, 49.0, 2014-11-22 18:20:00, 0.0, None 
 48.79, -124.11, 47.0, 2014-11-22 18:22:30, 0.0, None 
 48.76, -124.09, 36.0, 2014-11-22 18:25:00, 0.0, None 
 48.745, -124.15, 44.5, 2014-11-22 18:27:30, 0.0, None 
 48.645, -124.03, 60.0, 2014-11-22 18:35:00, 0.0, None 
 48.715, -124.1, 26.0, 2014-11-22 18:37:30, 0.0, None 
 48.76, -124.035, 32.0, 2014-11-22 18:40:00, 0.0, None 
 48.795, -123.92, 39.2, 2014-11-22 18:42:30, 0.0, None 
 48.835, -123.96, 41.0, 2014-11-22 18:45:00, 0.0, None 
 48.8, -123.96, 30.0, 2014-11-22 18:47:30, 0.0, None 
 48.82, -123.95, 24.0, 2014-11-22 18:50:00, 0.0, None 
 48.69, -124.24, 44.0, 2014-11-22 18:52:30, 0.0, None 
 49.0, -124.63, 28.0, 2014-11-22 19:15:00, 0.0, None 
 48.11, -122.85, 51.0, 2014-11-22 19:22:30, 0.0, None 
 48.12, -122.835, 54.0, 2014-11-22 19:25:00, 0.0, None 
 48.99, -124.31, 20.0, 2014-11-22 19:27:30, 0.0, None 
 48.76, -123.79, 20.0, 2014-11-22 19:30:00, 0.0, None 
 48.45, -123.0, 40.0, 2014-11-22 19:50:00, 0.0, None 
 48.675, -124.48, 60.0, 2014-11-22 19:57:30, 0.0, None 
 48.815, -123.78, 39.0, 2014-11-22 20:02:30, 0.0, None 
 48.86, -123.9, 40.0, 2014-11-22 20:30:00, 0.0, None 
 48.82, -123.785, 40.0, 2014-11-22 20:32:30, 0.0, None 
 48.8, -123.88, 20.0, 2014-11-22 20:35:00, 0.0, None 
 48.81, -123.915, 30.0, 2014-11-22 20:37:30, 0.0, None 
 48.78, -123.69, 47.0, 2014-11-22 20:50:00, 0.0, None 
 48.1, -122.82, 27.0, 2014-11-22 20:50:00, 0.0, None 
 48.825, -123.76, 20.0, 2014-11-22 20:52:30, 0.0, None 
 48.86, -123.635, 20.0, 2014-11-22 20:55:00, 0.0, None 
 48.895, -123.74, 60.0, 2014-11-22 20:57:30, 0.0, None 
 47.77, -123.0, 54.0, 2014-11-22 21:02:30, 0.0, None 
 48.745, -123.945, 20.0, 2014-11-22 21:05:00, 0.0, None 
 48.81, -124.0, 38.0, 2014-11-22 21:12:30, 0.0, None 
 48.73, -124.41, 35.5, 2014-11-22 21:15:00, 0.0, None 
 48.797, -124.485, 32.5, 2014-11-22 21:17:30, 0.0, None 
 48.79, -124.4, 42.0, 2014-11-22 21:20:00, 0.0, None 
 48.76, -124.275, 33.5, 2014-11-22 21:22:30, 0.0, None 
 48.77, -124.28, 33.0, 2014-11-22 21:25:00, 0.0, None 
 48.79, -124.27, 51.0, 2014-11-22 21:27:30, 0.0, None 
 48.52, -123.76, 20.0, 2014-11-22 21:27:30, 0.0, None 
 48.77, -124.34, 33.0, 2014-11-22 21:30:00, 0.0, None 
 48.72, -124.33, 47.0, 2014-11-22 21:32:30, 0.0, None 
 48.79, -123.59, 38.0, 2014-11-22 21:40:00, 0.0, None 
 48.81, -123.785, 42.0, 2014-11-22 21:55:00, 0.0, None 
 48.74, -124.02, 60.0, 2014-11-22 21:57:30, 0.0, None 
 48.96, -123.73, 20.0, 2014-11-22 22:00:00, 0.0, None 
 48.75, -123.915, 20.0, 2014-11-22 22:25:00, 0.0, None 
 48.68, -124.28, 48.0, 2014-11-22 22:27:30, 0.0, None 
 48.68, -124.33, 46.0, 2014-11-22 22:30:00, 0.0, None 
 48.51, -122.99, 26.0, 2014-11-22 22:47:30, 0.0, None 
 48.69, -124.26, 48.0, 2014-11-22 22:50:00, 0.0, None 
 48.75, -123.6, 47.0, 2014-11-22 22:52:30, 0.0, None 
 48.87, -124.36, 60.0, 2014-11-22 22:57:30, 0.0, None 
 48.79, -123.69, 39.0, 2014-11-22 23:07:30, 0.0, None 
 48.775, -123.7, 42.0, 2014-11-22 23:10:00, 0.0, None 
 48.61, -124.08, 51.0, 2014-11-22 23:20:00, 0.0, None 
 48.73, -124.255, 33.0, 2014-11-22 23:22:30, 0.0, None 
 48.75, -124.29, 50.0, 2014-11-22 23:25:00, 0.0, None 
 48.7, -124.05, 40.0, 2014-11-22 23:30:00, 0.0, None 
 48.82, -124.1, 32.5, 2014-11-22 23:32:30, 0.0, None 
 48.81, -124.16, 33.5, 2014-11-22 23:35:00, 0.0, None 
 48.75, -124.18, 48.0, 2014-11-22 23:37:30, 0.0, None 
 48.81, -124.13, 31.0, 2014-11-22 23:40:00, 0.0, None 
 48.79, -124.15, 60.0, 2014-11-22 23:42:30, 0.0, None 
 48.82, -123.85, 31.0, 2014-11-22 23:50:00, 0.0, None 
 48.785, -123.885, 27.8, 2014-11-22 23:52:30, 0.0, None 
 48.83, -123.95, 28.0, 2014-11-22 23:55:00, 0.0, None 
 48.748000000000005, -124.43, 23.0, 2014-11-23 00:02:30, 0.0, None 
 48.703, -124.395, 20.5, 2014-11-23 00:05:00, 0.0, None 
 48.763000000000005, -124.405, 22.5, 2014-11-23 00:07:30, 0.0, None 
 48.736999999999995, -124.25399999999999, 37.2, 2014-11-23 00:10:00, 0.0, None 
 48.713, -124.225, 42.8, 2014-11-23 00:12:30, 0.0, None 
 48.77, -124.485, 60.0, 2014-11-23 00:15:00, 0.0, None 
 48.53, -123.81, 39.0, 2014-11-23 00:15:00, 0.0, None 
 48.773, -124.25, 23.5, 2014-11-23 00:17:30, 0.0, None 
 48.84, -124.26700000000001, 34.0, 2014-11-23 00:20:00, 0.0, None 
 48.765, -124.14, 34.0, 2014-11-23 00:22:30, 0.0, None 
 48.805, -124.32799999999999, 23.2, 2014-11-23 00:25:00, 0.0, None 
 48.65, -123.995, 20.0, 2014-11-23 00:25:00, 0.0, None 
 48.782, -124.262, 23.2, 2014-11-23 00:27:30, 0.0, None 
 48.81, -124.47, 20.0, 2014-11-23 00:30:00, 0.0, None 
 48.79, -124.33, 30.5, 2014-11-23 00:32:30, 0.0, None 
 48.795, -124.335, 20.0, 2014-11-23 00:35:00, 0.0, None 
 48.785, -124.38, 20.5, 2014-11-23 00:37:30, 0.0, None 
 48.795, -124.145, 26.0, 2014-11-23 00:40:00, 0.0, None 
 48.795, -123.93, 37.0, 2014-11-23 00:42:30, 0.0, None 
 48.8, -124.0, 29.5, 2014-11-23 00:45:00, 0.0, None 
 48.835, -124.22, 39.5, 2014-11-23 00:47:30, 0.0, None 
 48.86, -124.415, 35.0, 2014-11-23 00:50:00, 0.0, None 
 48.865, -124.412, 20.0, 2014-11-23 00:52:30, 0.0, None 
 48.847, -124.333, 20.0, 2014-11-23 00:55:00, 0.0, None 
 48.855, -124.05, 60.0, 2014-11-23 00:57:30, 0.0, None 
 48.89, -124.52, 20.0, 2014-11-23 01:00:00, 0.0, None 
 48.79, -123.96, 38.0, 2014-11-23 01:07:30, 0.0, None 
 48.78, -124.0, 28.0, 2014-11-23 01:15:00, 0.0, None 
 48.79, -123.88, 37.0, 2014-11-23 01:20:00, 0.0, None 
 48.79, -123.88, 33.0, 2014-11-23 01:22:30, 0.0, None 
 48.69, -124.22, 32.0, 2014-11-23 01:30:00, 0.0, None 
 48.69, -124.235, 34.0, 2014-11-23 01:32:30, 0.0, None 
 48.72, -124.41, 35.0, 2014-11-23 01:35:00, 0.0, None 
 48.73, -124.28, 29.0, 2014-11-23 01:37:30, 0.0, None 
 48.73, -124.3, 34.0, 2014-11-23 01:40:00, 0.0, None 
 48.765, -124.36, 25.0, 2014-11-23 01:42:30, 0.0, None 
 48.76, -124.285, 23.0, 2014-11-23 01:45:00, 0.0, None 
 48.74, -123.73, 20.0, 2014-11-23 01:52:30, 0.0, None 
 48.775, -123.85, 20.0, 2014-11-23 01:55:00, 0.0, None 
 48.74, -123.93, 60.0, 2014-11-23 01:57:30, 0.0, None 
 48.8, -123.95, 20.0, 2014-11-23 02:00:00, 0.0, None 
 48.66, -124.08, 32.5, 2014-11-23 02:02:30, 0.0, None 
 48.69, -124.33, 50.0, 2014-11-23 02:05:00, 0.0, None 
 48.665, -124.18799999999999, 49.0, 2014-11-23 02:07:30, 0.0, None 
 48.72, -124.18, 45.0, 2014-11-23 02:10:00, 0.0, None 
 48.78, -124.095, 60.0, 2014-11-23 02:12:30, 0.0, None 
 48.77, -124.37, 33.0, 2014-11-23 02:15:00, 0.0, None 
 48.73, -124.35, 25.0, 2014-11-23 02:17:30, 0.0, None 
 48.71, -124.44, 37.0, 2014-11-23 02:20:00, 0.0, None 
 48.68, -124.275, 31.5, 2014-11-23 02:22:30, 0.0, None 
 48.76, -124.17, 30.0, 2014-11-23 02:25:00, 0.0, None 
 48.67, -124.35, 32.0, 2014-11-23 02:27:30, 0.0, None 
 48.655, -124.38, 20.5, 2014-11-23 02:30:00, 0.0, None 
 48.795, -124.485, 29.0, 2014-11-23 02:32:30, 0.0, None 
 48.83, -124.47200000000001, 22.5, 2014-11-23 02:35:00, 0.0, None 
 48.755, -124.38, 24.5, 2014-11-23 02:37:30, 0.0, None 
 48.736999999999995, -124.315, 36.0, 2014-11-23 02:40:00, 0.0, None 
 48.83, -124.323, 38.5, 2014-11-23 02:42:30, 0.0, None 
 48.733000000000004, -124.31700000000001, 42.2, 2014-11-23 02:45:00, 0.0, None 
 48.703, -124.36, 24.5, 2014-11-23 02:47:30, 0.0, None 
 48.765, -124.45, 32.0, 2014-11-23 02:50:00, 0.0, None 
 48.78, -124.24, 40.0, 2014-11-23 02:52:30, 0.0, None 
 48.823, -124.259, 42.8, 2014-11-23 02:57:30, 0.0, None 
 48.555, -124.5, 55.0, 2014-11-23 03:00:00, 0.0, None 
 47.73, -123.34, 20.0, 2014-11-23 03:00:00, 0.0, None 
 48.595, -124.255, 36.0, 2014-11-23 03:02:30, 0.0, None 
 47.69, -123.34, 23.0, 2014-11-23 03:02:30, 0.0, None 
 48.69, -124.215, 52.5, 2014-11-23 03:10:00, 0.0, None 
 48.685, -124.22, 48.5, 2014-11-23 03:12:30, 0.0, None 
 48.81, -124.02, 52.0, 2014-11-23 03:17:30, 0.0, None 
 48.67, -124.33, 43.0, 2014-11-23 03:40:00, 0.0, None 
 48.71, -124.315, 39.0, 2014-11-23 03:42:30, 0.0, None 
 48.805, -124.322, 23.8, 2014-11-23 03:45:00, 0.0, None 
 48.72, -124.29, 23.0, 2014-11-23 03:47:30, 0.0, None 
 48.74, -124.28, 29.5, 2014-11-23 03:50:00, 0.0, None 
 48.75, -124.29, 23.5, 2014-11-23 03:52:30, 0.0, None 
 48.72, -124.185, 60.0, 2014-11-23 03:57:30, 0.0, None 
 47.79, -123.41, 60.0, 2014-11-23 03:57:30, 0.0, None 
 48.73, -123.85, 43.0, 2014-11-23 04:05:00, 0.0, None 
 48.78, -123.87, 39.0, 2014-11-23 04:07:30, 0.0, None 
 48.64, -124.36, 50.0, 2014-11-23 04:10:00, 0.0, None 
 48.75, -123.885, 20.0, 2014-11-23 04:10:00, 0.0, None 
 48.76, -123.93, 23.0, 2014-11-23 04:12:30, 0.0, None 
 48.72, -123.92, 20.0, 2014-11-23 04:15:00, 0.0, None 
 48.7, -123.86, 49.0, 2014-11-23 04:20:00, 0.0, None 
 48.76, -124.405, 21.2, 2014-11-23 04:32:30, 0.0, None 
 48.845, -124.33, 20.0, 2014-11-23 04:35:00, 0.0, None 
 48.805, -124.27799999999999, 27.0, 2014-11-23 04:37:30, 0.0, None 
 48.72, -124.0, 20.0, 2014-11-23 04:40:00, 0.0, None 
 48.62, -124.13799999999999, 33.8, 2014-11-23 04:42:30, 0.0, None 
 48.62, -124.04, 60.0, 2014-11-23 04:50:00, 0.0, None 
 48.68, -123.7, 20.0, 2014-11-23 05:10:00, 0.0, None 
 47.7, -123.5, 60.0, 2014-11-23 05:10:00, 0.0, None 
 48.765, -124.36, 25.0, 2014-11-23 05:25:00, 0.0, None 
 48.69, -124.31, 30.0, 2014-11-23 05:27:30, 0.0, None 
 48.67, -124.295, 27.0, 2014-11-23 05:32:30, 0.0, None 
 48.695, -124.295, 23.8, 2014-11-23 05:35:00, 0.0, None 
 48.72, -124.335, 20.0, 2014-11-23 05:37:30, 0.0, None 
 48.8, -124.23, 20.0, 2014-11-23 05:40:00, 0.0, None 
 48.68, -124.287, 20.0, 2014-11-23 05:42:30, 0.0, None 
 48.79, -124.05, 20.0, 2014-11-23 05:45:00, 0.0, None 
 48.69, -124.45, 60.0, 2014-11-23 05:47:30, 0.0, None 
 48.773, -124.275, 25.2, 2014-11-23 05:52:30, 0.0, None 
 48.78, -124.37, 42.8, 2014-11-23 05:55:00, 0.0, None 
 48.61, -124.06, 59.5, 2014-11-23 05:55:00, 0.0, None 
 48.71, -124.24, 60.0, 2014-11-23 05:57:30, 0.0, None 
 48.52, -123.99, 60.0, 2014-11-23 05:57:30, 0.0, None 
 48.725, -124.22, 25.0, 2014-11-23 06:00:00, 0.0, None 
 48.721000000000004, -124.259, 21.0, 2014-11-23 06:02:30, 0.0, None 
 48.66, -124.195, 39.0, 2014-11-23 06:05:00, 0.0, None 
 48.67, -124.11200000000001, 25.5, 2014-11-23 06:07:30, 0.0, None 
 48.7, -124.17, 34.0, 2014-11-23 06:12:30, 0.0, None 
 48.8, -124.31, 26.5, 2014-11-23 06:17:30, 0.0, None 
 48.77, -124.35, 20.0, 2014-11-23 06:37:30, 0.0, None 
 48.725, -124.287, 20.8, 2014-11-23 06:40:00, 0.0, None 
 48.638000000000005, -124.195, 25.5, 2014-11-23 06:42:30, 0.0, None 
 48.711999999999996, -124.415, 34.5, 2014-11-23 07:07:30, 0.0, None 
 47.69, -123.21, 27.5, 2014-11-23 07:07:30, 0.0, None 
 48.71, -124.305, 20.0, 2014-11-23 07:10:00, 0.0, None 
 48.74, -124.315, 40.0, 2014-11-23 07:12:30, 0.0, None 
 48.59, -123.995, 54.0, 2014-11-23 07:12:30, 0.0, None 
 49.0, -124.63, 42.0, 2014-11-23 07:15:00, 0.0, None 
 48.77, -124.33, 38.5, 2014-11-23 07:15:00, 0.0, None 
 47.59, -123.17, 48.0, 2014-11-23 07:27:30, 0.0, None 
 48.69, -124.235, 30.0, 2014-11-23 07:37:30, 0.0, None 
 48.61, -124.27, 34.0, 2014-11-23 07:40:00, 0.0, None 
 48.59, -123.98, 33.0, 2014-11-23 07:45:00, 0.0, None 
 48.785, -124.345, 24.8, 2014-11-23 07:50:00, 0.0, None 
 48.718, -124.26700000000001, 27.2, 2014-11-23 07:52:30, 0.0, None 
 48.693000000000005, -124.17200000000001, 43.2, 2014-11-23 07:55:00, 0.0, None 
 48.665, -124.175, 44.0, 2014-11-23 07:57:30, 0.0, None 
 48.678000000000004, -124.137, 29.0, 2014-11-23 08:00:00, 0.0, None 
 48.715, -124.27, 20.0, 2014-11-23 08:02:30, 0.0, None 
 48.705, -124.28, 20.0, 2014-11-23 08:05:00, 0.0, None 
 48.69, -124.28, 33.5, 2014-11-23 08:07:30, 0.0, None 
 48.73, -124.22, 38.0, 2014-11-23 08:10:00, 0.0, None 
 48.71, -124.23, 26.2, 2014-11-23 08:12:30, 0.0, None 
 48.73, -124.42, 25.5, 2014-11-23 08:17:30, 0.0, None 
 48.66, -124.39, 22.5, 2014-11-23 08:20:00, 0.0, None 
 48.76, -124.42, 32.0, 2014-11-23 08:22:30, 0.0, None 
 48.72, -124.36, 20.0, 2014-11-23 08:37:30, 0.0, None 
 48.79, -124.09, 44.0, 2014-11-23 08:42:30, 0.0, None 
 48.775, -123.95, 32.0, 2014-11-23 08:45:00, 0.0, None 
 48.72, -124.07, 41.0, 2014-11-23 08:55:00, 0.0, None 
 48.68, -124.09, 60.0, 2014-11-23 08:57:30, 0.0, None 
 48.725, -124.3, 40.5, 2014-11-23 09:00:00, 0.0, None 
 48.65, -124.185, 31.5, 2014-11-23 09:02:30, 0.0, None 
 48.92, -124.36, 50.0, 2014-11-23 09:05:00, 0.0, None 
 48.78, -123.88, 31.5, 2014-11-23 09:05:00, 0.0, None 
 48.78, -123.81, 22.0, 2014-11-23 09:07:30, 0.0, None 
 48.71, -124.19, 20.0, 2014-11-23 09:12:30, 0.0, None 
 47.7, -123.37, 30.0, 2014-11-23 09:12:30, 0.0, None 
 48.78, -124.19, 26.0, 2014-11-23 09:20:00, 0.0, None 
 48.67, -124.165, 48.2, 2014-11-23 09:22:30, 0.0, None 
 48.681999999999995, -124.21799999999999, 24.0, 2014-11-23 09:25:00, 0.0, None 
 48.69, -124.2, 60.0, 2014-11-23 09:27:30, 0.0, None 
 48.51, -123.83, 20.0, 2014-11-23 09:27:30, 0.0, None 
 48.71, -124.3, 28.5, 2014-11-23 09:32:30, 0.0, None 
 48.735, -124.35, 24.0, 2014-11-23 09:35:00, 0.0, None 
 48.715, -124.305, 20.0, 2014-11-23 09:52:30, 0.0, None 
 48.755, -124.305, 21.5, 2014-11-23 09:55:00, 0.0, None 
 48.69, -124.29, 20.0, 2014-11-23 09:57:30, 0.0, None 
 47.71, -123.32, 23.0, 2014-11-23 10:35:00, 0.0, None 
 48.69, -124.13, 27.0, 2014-11-23 11:10:00, 0.0, None 
 48.785, -124.21799999999999, 30.5, 2014-11-23 11:12:30, 0.0, None 
 48.785, -124.23, 32.5, 2014-11-23 11:15:00, 0.0, None 
 48.77, -124.185, 48.0, 2014-11-23 11:17:30, 0.0, None 
 48.81, -124.287, 30.5, 2014-11-23 11:20:00, 0.0, None 
 48.54, -123.98, 60.0, 2014-11-23 11:20:00, 0.0, None 
 48.74, -124.235, 21.5, 2014-11-23 11:22:30, 0.0, None 
 48.748000000000005, -124.24, 23.8, 2014-11-23 11:25:00, 0.0, None 
 48.79, -124.14, 54.0, 2014-11-23 11:27:30, 0.0, None 
 47.795, -123.44, 60.0, 2014-11-23 11:27:30, 0.0, None 
 48.758, -124.15700000000001, 28.0, 2014-11-23 11:35:00, 0.0, None 
 48.74, -123.995, 41.5, 2014-11-23 11:40:00, 0.0, None 
 48.7, -124.12, 60.0, 2014-11-23 11:42:30, 0.0, None 
 48.73, -124.4, 34.0, 2014-11-23 11:47:30, 0.0, None 
 48.73, -124.42, 31.5, 2014-11-23 11:50:00, 0.0, None 
 48.73, -124.215, 27.5, 2014-11-23 11:52:30, 0.0, None 
 48.744, -124.273, 22.1, 2014-11-23 11:55:00, 0.0, None 
 48.7, -124.34, 59.0, 2014-11-23 11:57:30, 0.0, None 
 47.635, -123.415, 40.5, 2014-11-23 12:07:30, 0.0, None 
 47.65, -123.43, 20.0, 2014-11-23 12:10:00, 0.0, None 
 47.6, -123.4, 25.0, 2014-11-23 12:12:30, 0.0, None 
 48.705, -124.42, 22.0, 2014-11-23 12:15:00, 0.0, None 
 48.735, -124.45, 28.5, 2014-11-23 12:17:30, 0.0, None 
 47.68, -123.27, 34.0, 2014-11-23 12:20:00, 0.0, None 
 48.87, -124.44, 33.0, 2014-11-23 12:22:30, 0.0, None 
 48.85, -123.935, 20.0, 2014-11-23 12:25:00, 0.0, None 
 47.605, -123.39, 60.0, 2014-11-23 12:30:00, 0.0, None 
 48.8, -124.24, 60.0, 2014-11-23 12:32:30, 0.0, None 
 47.78, -123.4, 37.0, 2014-11-23 12:32:30, 0.0, None 
 48.69, -124.28, 33.0, 2014-11-23 12:35:00, 0.0, None 
 48.77, -124.25, 39.0, 2014-11-23 12:37:30, 0.0, None 
 47.705, -123.125, 31.5, 2014-11-23 13:17:30, 0.0, None 
 48.735, -124.24799999999999, 57.0, 2014-11-23 14:05:00, 0.0, None 
 48.68, -124.215, 35.0, 2014-11-23 14:07:30, 0.0, None 
 48.742, -124.208, 50.5, 2014-11-23 14:10:00, 0.0, None 
 48.672, -124.115, 25.5, 2014-11-23 14:12:30, 0.0, None 
 48.73, -124.21, 34.5, 2014-11-23 14:15:00, 0.0, None 
 48.75, -124.31, 22.0, 2014-11-23 14:17:30, 0.0, None 
 48.763000000000005, -124.26700000000001, 37.5, 2014-11-23 14:20:00, 0.0, None 
 48.67, -124.25, 20.0, 2014-11-23 14:22:30, 0.0, None 
 48.74, -124.185, 34.0, 2014-11-23 14:25:00, 0.0, None 
 48.68, -124.34, 49.0, 2014-11-23 14:27:30, 0.0, None 
 48.5, -123.83, 43.0, 2014-11-23 14:27:30, 0.0, None 
 48.74, -124.2, 43.5, 2014-11-23 14:32:30, 0.0, None 
 48.79, -124.05, 36.0, 2014-11-23 14:35:00, 0.0, None 
 47.6, -123.25, 50.0, 2014-11-23 14:37:30, 0.0, None 
 48.755, -124.23700000000001, 30.5, 2014-11-23 14:40:00, 0.0, None 
 48.722, -124.19, 25.5, 2014-11-23 14:42:30, 0.0, None 
 48.73, -124.1, 31.0, 2014-11-23 14:45:00, 0.0, None 
 48.77, -124.055, 31.0, 2014-11-23 14:47:30, 0.0, None 
 47.92, -123.49, 35.0, 2014-11-23 14:55:00, 0.0, None 
 48.815, -123.95, 42.0, 2014-11-23 15:07:30, 0.0, None 
 48.82, -123.885, 35.0, 2014-11-23 15:10:00, 0.0, None 
 48.86, -124.26, 28.0, 2014-11-23 16:02:30, 0.0, None 
 48.86, -124.23, 34.0, 2014-11-23 16:05:00, 0.0, None 
 48.78, -124.07, 31.0, 2014-11-23 16:17:30, 0.0, None 
 47.8, -123.35, 32.0, 2014-11-23 16:52:30, 0.0, None 
 48.58, -124.3, 60.0, 2014-11-23 16:55:00, 0.0, None 
 48.62, -124.35, 20.0, 2014-11-23 17:20:00, 0.0, None 
 47.71, -123.49, 31.0, 2014-11-23 17:27:30, 0.0, None 
 47.61, -123.47, 60.0, 2014-11-23 17:30:00, 0.0, None 
 47.715, -123.45, 40.0, 2014-11-23 17:40:00, 0.0, None 
 47.65, -123.42, 60.0, 2014-11-23 17:42:30, 0.0, None 
 47.91, -123.49, 20.0, 2014-11-23 17:45:00, 0.0, None 
 47.67, -123.41, 20.0, 2014-11-23 17:47:30, 0.0, None 
 47.7, -123.405, 41.5, 2014-11-23 18:27:30, 0.0, None 
 47.61, -123.35, 60.0, 2014-11-23 18:30:00, 0.0, None 
 48.69, -124.15700000000001, 31.2, 2014-11-23 20:17:30, 0.0, None 
 48.74, -124.15, 20.0, 2014-11-23 20:20:00, 0.0, None 
 48.74, -124.41, 26.0, 2014-11-23 20:32:30, 0.0, None 
 48.66, -124.4, 20.0, 2014-11-23 20:35:00, 0.0, None 
 48.7, -124.29299999999999, 25.2, 2014-11-23 20:37:30, 0.0, None 
 48.69, -124.29, 29.0, 2014-11-23 20:40:00, 0.0, None 
 48.66, -124.3, 39.0, 2014-11-23 20:42:30, 0.0, None 
 48.75, -123.95, 20.0, 2014-11-23 21:12:30, 0.0, None 
 47.63, -123.27, 60.0, 2014-11-23 21:32:30, 0.0, None 
 48.57, -124.01, 26.0, 2014-11-23 21:35:00, 0.0, None 
 48.69, -124.28, 50.0, 2014-11-23 21:45:00, 0.0, None 
 48.695, -124.29, 46.0, 2014-11-23 21:47:30, 0.0, None 
 48.72, -124.41, 60.0, 2014-11-23 21:57:30, 0.0, None 
 48.695, -124.21, 34.0, 2014-11-23 22:12:30, 0.0, None 
 48.68, -124.12, 30.5, 2014-11-23 22:15:00, 0.0, None 
 48.79, -124.205, 50.0, 2014-11-23 22:20:00, 0.0, None 
 48.61, -124.48, 60.0, 2014-11-23 22:22:30, 0.0, None 
 47.66, -123.25, 36.0, 2014-11-23 22:45:00, 0.0, None 
 47.61, -123.23, 41.5, 2014-11-23 22:47:30, 0.0, None 
 48.69, -124.35, 20.0, 2014-11-23 22:52:30, 0.0, None 
 47.59, -123.375, 50.5, 2014-11-23 22:52:30, 0.0, None 
 48.67, -124.31, 20.0, 2014-11-23 22:55:00, 0.0, None 
 47.59, -123.43, 49.0, 2014-11-23 22:57:30, 0.0, None 
 47.71, -123.405, 29.5, 2014-11-23 23:00:00, 0.0, None 
 47.82, -123.37, 60.0, 2014-11-23 23:02:30, 0.0, None 
 47.68, -123.14, 60.0, 2014-11-23 23:10:00, 0.0, None 
 47.705, -123.24, 60.0, 2014-11-23 23:12:30, 0.0, None 
 48.69, -124.42, 20.0, 2014-11-24 00:47:30, 0.0, None 
 48.56, -124.41, 35.0, 2014-11-24 00:50:00, 0.0, None 
 48.69, -124.28, 29.0, 2014-11-24 00:55:00, 0.0, None 
 48.69, -124.31, 46.0, 2014-11-24 00:57:30, 0.0, None 
 48.7, -124.37, 37.0, 2014-11-24 01:00:00, 0.0, None 
 48.755, -124.31, 26.5, 2014-11-24 01:02:30, 0.0, None 
 48.733000000000004, -124.28, 20.5, 2014-11-24 01:05:00, 0.0, None 
 48.733000000000004, -124.29299999999999, 25.5, 2014-11-24 01:07:30, 0.0, None 
 48.72, -124.275, 20.0, 2014-11-24 01:10:00, 0.0, None 
 48.751999999999995, -124.24799999999999, 24.9, 2014-11-24 01:12:30, 0.0, None 
 48.73, -124.18, 24.0, 2014-11-24 01:15:00, 0.0, None 
 48.713, -124.16, 24.2, 2014-11-24 01:17:30, 0.0, None 
 48.711999999999996, -124.11, 22.5, 2014-11-24 01:20:00, 0.0, None 
 48.69, -124.135, 25.0, 2014-11-24 01:22:30, 0.0, None 
 48.66, -124.23, 26.2, 2014-11-24 01:25:00, 0.0, None 
 48.71, -124.38, 34.0, 2014-11-24 01:27:30, 0.0, None 
 48.62, -124.39, 49.0, 2014-11-24 01:32:30, 0.0, None 
 48.64, -124.25, 37.0, 2014-11-24 01:35:00, 0.0, None 
 48.98, -124.61, 24.0, 2014-11-24 01:50:00, 0.0, None 
 48.69, -124.51, 40.0, 2014-11-24 01:50:00, 0.0, None 
 47.68, -123.37, 20.0, 2014-11-24 01:55:00, 0.0, None 
 48.76, -124.43299999999999, 21.0, 2014-11-24 02:02:30, 0.0, None 
 48.73, -124.41, 29.0, 2014-11-24 02:05:00, 0.0, None 
 48.8, -124.43799999999999, 24.5, 2014-11-24 02:07:30, 0.0, None 
 48.733000000000004, -124.31700000000001, 35.2, 2014-11-24 02:10:00, 0.0, None 
 48.766999999999996, -124.395, 21.8, 2014-11-24 02:12:30, 0.0, None 
 48.755, -124.412, 20.0, 2014-11-24 02:15:00, 0.0, None 
 48.76, -124.39, 43.0, 2014-11-24 02:17:30, 0.0, None 
 48.67, -124.395, 60.0, 2014-11-24 02:20:00, 0.0, None 
 48.7, -124.28, 40.5, 2014-11-24 02:22:30, 0.0, None 
 48.715, -124.325, 32.5, 2014-11-24 02:25:00, 0.0, None 
 48.71, -124.38, 32.0, 2014-11-24 02:27:30, 0.0, None 
 48.69, -124.428, 31.5, 2014-11-24 02:30:00, 0.0, None 
 48.9, -124.37, 20.0, 2014-11-24 02:35:00, 0.0, None 
 48.655, -124.33, 49.0, 2014-11-24 02:35:00, 0.0, None 
 48.675, -124.33, 40.0, 2014-11-24 02:37:30, 0.0, None 
 48.72, -124.39, 27.0, 2014-11-24 02:40:00, 0.0, None 
 48.76, -124.47, 30.0, 2014-11-24 02:42:30, 0.0, None 
 47.88, -123.44, 20.0, 2014-11-24 02:42:30, 0.0, None 
 48.68, -124.35, 30.5, 2014-11-24 02:45:00, 0.0, None 
 48.68, -124.26, 33.0, 2014-11-24 02:47:30, 0.0, None 
 47.65, -123.325, 43.5, 2014-11-24 02:47:30, 0.0, None 
 48.72, -124.33, 37.0, 2014-11-24 02:50:00, 0.0, None 
 48.755, -124.41, 26.5, 2014-11-24 02:52:30, 0.0, None 
 48.76, -124.22, 60.0, 2014-11-24 02:57:30, 0.0, None 
 48.835, -124.37, 24.0, 2014-11-24 03:00:00, 0.0, None 
 48.875, -124.36200000000001, 25.0, 2014-11-24 03:02:30, 0.0, None 
 48.825, -124.49, 20.0, 2014-11-24 03:05:00, 0.0, None 
 48.876999999999995, -124.46, 20.0, 2014-11-24 03:07:30, 0.0, None 
 48.89, -124.19, 60.0, 2014-11-24 03:10:00, 0.0, None 
 48.75, -124.4, 24.5, 2014-11-24 03:12:30, 0.0, None 
 48.765, -124.42, 20.0, 2014-11-24 03:15:00, 0.0, None 
 48.78, -124.475, 20.0, 2014-11-24 03:17:30, 0.0, None 
 48.77, -124.48700000000001, 20.0, 2014-11-24 03:20:00, 0.0, None 
 48.775, -124.52, 20.0, 2014-11-24 03:22:30, 0.0, None 
 48.75, -124.6, 20.0, 2014-11-24 03:25:00, 0.0, None 
 48.69, -124.62, 34.0, 2014-11-24 03:27:30, 0.0, None 
 48.87, -124.427, 22.0, 2014-11-24 03:30:00, 0.0, None 
 48.845, -124.46, 21.0, 2014-11-24 03:32:30, 0.0, None 
 48.735, -124.465, 31.5, 2014-11-24 03:35:00, 0.0, None 
 48.815, -124.395, 24.5, 2014-11-24 03:37:30, 0.0, None 
 48.83, -124.38, 25.0, 2014-11-24 03:40:00, 0.0, None 
 48.715, -124.34299999999999, 25.5, 2014-11-24 03:45:00, 0.0, None 
 48.83, -124.44, 24.0, 2014-11-24 03:47:30, 0.0, None 
 48.77, -124.47, 29.0, 2014-11-24 03:50:00, 0.0, None 
 48.685, -124.405, 20.0, 2014-11-24 03:52:30, 0.0, None 
 48.703, -124.27, 26.2, 2014-11-24 03:55:00, 0.0, None 
 48.66, -124.26700000000001, 55.5, 2014-11-24 03:57:30, 0.0, None 
 48.67, -124.295, 20.0, 2014-11-24 04:00:00, 0.0, None 
 48.68, -124.245, 25.0, 2014-11-24 04:02:30, 0.0, None 
 48.668, -124.16, 42.5, 2014-11-24 04:05:00, 0.0, None 
 48.66, -124.165, 60.0, 2014-11-24 04:07:30, 0.0, None 
 48.66, -124.175, 39.0, 2014-11-24 04:10:00, 0.0, None 
 48.703, -124.3, 24.5, 2014-11-24 04:12:30, 0.0, None 
 48.73, -124.29, 39.0, 2014-11-24 04:15:00, 0.0, None 
 48.655, -124.375, 25.5, 2014-11-24 04:17:30, 0.0, None 
 48.95, -124.355, 34.0, 2014-11-24 04:22:30, 0.0, None 
 48.65, -124.18, 50.0, 2014-11-24 04:22:30, 0.0, None 
 48.675, -124.15, 43.0, 2014-11-24 04:25:00, 0.0, None 
 48.705, -124.25, 33.5, 2014-11-24 04:27:30, 0.0, None 
 48.68, -124.24, 35.0, 2014-11-24 04:30:00, 0.0, None 
 48.69, -124.22, 27.5, 2014-11-24 04:32:30, 0.0, None 
 47.88, -123.33, 56.0, 2014-11-24 04:37:30, 0.0, None 
 47.75, -123.3, 44.0, 2014-11-24 04:40:00, 0.0, None 
 48.68, -124.08, 42.0, 2014-11-24 05:35:00, 0.0, None 
 47.58, -123.22, 20.0, 2014-11-24 05:35:00, 0.0, None 
 49.0, -124.47, 27.0, 2014-11-24 05:37:30, 0.0, None 
 48.69, -124.41, 44.0, 2014-11-24 05:37:30, 0.0, None 
 47.565, -123.21, 20.0, 2014-11-24 05:37:30, 0.0, None 
 48.61, -124.29, 60.0, 2014-11-24 05:55:00, 0.0, None 
 48.76, -124.17, 60.0, 2014-11-24 05:57:30, 0.0, None 
 47.945, -123.49, 22.5, 2014-11-24 06:12:30, 0.0, None 
 48.79, -124.03, 46.0, 2014-11-24 06:45:00, 0.0, None 
 48.77, -124.06, 60.0, 2014-11-24 06:47:30, 0.0, None 
 47.54, -123.18, 44.5, 2014-11-24 06:47:30, 0.0, None 
 47.625, -123.2, 49.0, 2014-11-24 06:50:00, 0.0, None 
 47.65, -123.29, 20.0, 2014-11-24 06:52:30, 0.0, None 
 47.655, -123.29, 20.0, 2014-11-24 06:55:00, 0.0, None 
 48.73, -124.16, 51.0, 2014-11-24 06:57:30, 0.0, None 
 47.61, -123.32, 57.0, 2014-11-24 06:57:30, 0.0, None 
 48.688, -124.185, 25.5, 2014-11-24 07:00:00, 0.0, None 
 47.62, -123.32, 20.0, 2014-11-24 07:00:00, 0.0, None 
 48.65, -124.185, 27.5, 2014-11-24 07:02:30, 0.0, None 
 47.67, -123.31, 39.5, 2014-11-24 07:02:30, 0.0, None 
 47.81, -123.285, 39.0, 2014-11-24 07:05:00, 0.0, None 
 47.85, -123.41, 20.0, 2014-11-24 07:20:00, 0.0, None 
 47.86, -123.41, 20.0, 2014-11-24 07:22:30, 0.0, None 
 47.82, -123.26, 50.0, 2014-11-24 08:32:30, 0.0, None 
 47.81, -123.37, 34.0, 2014-11-24 08:35:00, 0.0, None 
 47.71, -123.3, 27.0, 2014-11-24 09:37:30, 0.0, None 
 47.73, -123.38, 47.0, 2014-11-24 09:45:00, 0.0, None 
 47.78, -123.38, 60.0, 2014-11-24 09:52:30, 0.0, None 
 47.69, -123.41, 20.0, 2014-11-24 09:55:00, 0.0, None 
 48.65, -124.06, 36.0, 2014-11-24 10:55:00, 0.0, None 
 48.725, -124.09, 51.8, 2014-11-24 10:57:30, 0.0, None 
 48.765, -124.055, 43.0, 2014-11-24 11:00:00, 0.0, None 
 47.8, -123.26, 45.0, 2014-11-24 11:12:30, 0.0, None 
 48.69, -124.56, 60.0, 2014-11-24 11:55:00, 0.0, None 
 48.73, -124.3, 60.0, 2014-11-24 11:57:30, 0.0, None 
 48.8, -124.3, 35.0, 2014-11-24 12:00:00, 0.0, None 
 48.97, -124.54, 20.0, 2014-11-24 12:05:00, 0.0, None 
 48.955, -124.51, 20.0, 2014-11-24 12:07:30, 0.0, None 
 48.65, -124.19, 46.0, 2014-11-24 12:32:30, 0.0, None 
 48.69, -124.195, 38.5, 2014-11-24 12:35:00, 0.0, None 
 48.71, -124.19, 38.0, 2014-11-24 12:37:30, 0.0, None 
 47.9, -123.47, 20.0, 2014-11-24 12:37:30, 0.0, None 
 48.69, -124.26, 36.0, 2014-11-24 12:40:00, 0.0, None 
 48.63, -124.27, 51.0, 2014-11-24 12:42:30, 0.0, None 
 48.645, -124.25, 30.5, 2014-11-24 12:45:00, 0.0, None 
 48.68, -124.29, 40.0, 2014-11-24 12:47:30, 0.0, None 
 48.63, -124.25, 54.0, 2014-11-24 12:50:00, 0.0, None 
 48.67, -124.1, 30.0, 2014-11-24 12:55:00, 0.0, None 
 48.7, -124.17, 54.5, 2014-11-24 12:57:30, 0.0, None 
 48.49, -123.83, 60.0, 2014-11-24 12:57:30, 0.0, None 
 48.8, -124.16, 60.0, 2014-11-24 13:00:00, 0.0, None 
 48.67, -124.24, 50.0, 2014-11-24 13:02:30, 0.0, None 
 48.69, -124.24, 36.5, 2014-11-24 13:05:00, 0.0, None 
 48.71, -124.28, 34.5, 2014-11-24 13:07:30, 0.0, None 
 48.64, -124.25, 51.0, 2014-11-24 13:32:30, 0.0, None 
 48.66, -124.34, 29.5, 2014-11-24 13:35:00, 0.0, None 
 48.69, -124.26, 35.8, 2014-11-24 13:37:30, 0.0, None 
 48.79, -124.23, 20.0, 2014-11-24 13:40:00, 0.0, None 
 48.72, -124.04, 48.0, 2014-11-24 13:42:30, 0.0, None 
 48.74, -124.05, 52.5, 2014-11-24 13:45:00, 0.0, None 
 48.68, -124.15, 33.0, 2014-11-24 13:47:30, 0.0, None 
 47.9, -123.4, 60.0, 2014-11-24 14:25:00, 0.0, None 
 47.89, -123.44, 60.0, 2014-11-24 14:27:30, 0.0, None 
 48.64, -123.99, 29.0, 2014-11-24 14:32:30, 0.0, None 
 48.8, -124.065, 30.0, 2014-11-24 14:37:30, 0.0, None 
 48.71, -124.08, 42.0, 2014-11-24 14:45:00, 0.0, None 
 48.79, -123.97, 31.0, 2014-11-24 14:47:30, 0.0, None 
 48.77, -123.97, 31.0, 2014-11-24 14:50:00, 0.0, None 
 47.55, -123.17, 44.0, 2014-11-24 15:00:00, 0.0, None 
 47.51, -123.29, 20.0, 2014-11-24 15:10:00, 0.0, None 
 48.68, -124.445, 57.0, 2014-11-24 15:15:00, 0.0, None 
 47.91, -123.42, 20.0, 2014-11-24 15:17:30, 0.0, None 
 48.766999999999996, -124.25, 26.0, 2014-11-24 15:20:00, 0.0, None 
 48.705, -124.19, 46.0, 2014-11-24 15:30:00, 0.0, None 
 48.665, -124.135, 30.5, 2014-11-24 15:32:30, 0.0, None 
 48.89, -124.39, 20.0, 2014-11-24 15:35:00, 0.0, None 
 48.7, -124.2, 45.0, 2014-11-24 15:35:00, 0.0, None 
 48.74, -124.075, 58.5, 2014-11-24 15:37:30, 0.0, None 
 48.78, -124.065, 60.0, 2014-11-24 15:40:00, 0.0, None 
 48.728, -124.285, 36.5, 2014-11-24 15:42:30, 0.0, None 
 48.78, -124.315, 23.8, 2014-11-24 15:45:00, 0.0, None 
 48.7, -124.27, 40.5, 2014-11-24 15:47:30, 0.0, None 
 48.5, -123.805, 60.0, 2014-11-24 15:47:30, 0.0, None 
 48.7, -124.175, 26.5, 2014-11-24 15:50:00, 0.0, None 
 48.78, -124.13, 41.0, 2014-11-24 15:52:30, 0.0, None 
 48.77, -124.22, 54.5, 2014-11-24 15:55:00, 0.0, None 
 48.83, -124.21, 60.0, 2014-11-24 15:57:30, 0.0, None 
 48.83, -124.2, 48.0, 2014-11-24 16:00:00, 0.0, None 
 48.74, -124.245, 36.0, 2014-11-24 16:02:30, 0.0, None 
 48.475, -123.8, 60.0, 2014-11-24 16:02:30, 0.0, None 
 48.8, -124.27799999999999, 29.0, 2014-11-24 16:05:00, 0.0, None 
 48.815, -124.185, 37.5, 2014-11-24 16:07:30, 0.0, None 
 48.82, -124.17, 32.0, 2014-11-24 16:10:00, 0.0, None 
 48.73, -124.115, 24.0, 2014-11-24 16:12:30, 0.0, None 
 48.83, -124.33, 60.0, 2014-11-24 16:15:00, 0.0, None 
 48.76, -124.205, 38.0, 2014-11-24 16:17:30, 0.0, None 
 48.79, -124.19, 47.0, 2014-11-24 16:20:00, 0.0, None 
 48.78, -124.2, 41.0, 2014-11-24 16:22:30, 0.0, None 
 48.68, -124.43, 49.0, 2014-11-24 16:30:00, 0.0, None 
 48.7, -124.59, 49.0, 2014-11-24 16:35:00, 0.0, None 
 48.86, -124.28, 20.0, 2014-11-24 16:40:00, 0.0, None 
 47.6, -123.21, 60.0, 2014-11-24 16:40:00, 0.0, None 
 48.695, -124.17, 40.5, 2014-11-24 16:42:30, 0.0, None 
 48.8, -124.2, 34.0, 2014-11-24 16:45:00, 0.0, None 
 48.718, -124.095, 33.8, 2014-11-24 16:47:30, 0.0, None 
 48.8, -124.34, 38.0, 2014-11-24 16:50:00, 0.0, None 
 48.69, -124.355, 44.0, 2014-11-24 16:52:30, 0.0, None 
 48.785, -124.38, 43.0, 2014-11-24 16:55:00, 0.0, None 
 48.82, -124.49, 60.0, 2014-11-24 16:57:30, 0.0, None 
 48.78, -124.44, 36.0, 2014-11-24 17:00:00, 0.0, None 
 48.76, -124.42, 46.5, 2014-11-24 17:02:30, 0.0, None 
 47.57, -123.37, 60.0, 2014-11-24 17:02:30, 0.0, None 
 48.63, -124.035, 27.0, 2014-11-24 17:10:00, 0.0, None 
 48.77, -124.165, 20.0, 2014-11-24 18:10:00, 0.0, None 
 47.77, -123.37, 42.0, 2014-11-24 18:12:30, 0.0, None 
 48.875, -124.19, 34.0, 2014-11-24 18:35:00, 0.0, None 
 47.98, -123.53, 52.0, 2014-11-24 18:57:30, 0.0, None 
 48.87, -124.3, 32.0, 2014-11-24 19:02:30, 0.0, None 
 47.68, -123.33, 24.0, 2014-11-24 19:35:00, 0.0, None 
 48.63, -124.06, 60.0, 2014-11-24 19:57:30, 0.0, None 
 47.91, -123.4, 20.0, 2014-11-24 20:35:00, 0.0, None 
 47.62, -123.16, 38.0, 2014-11-24 20:45:00, 0.0, None 
 47.71, -123.29, 31.5, 2014-11-24 21:10:00, 0.0, None 
 47.5, -123.22, 26.0, 2014-11-24 21:30:00, 0.0, None 
 47.66, -123.31, 41.0, 2014-11-24 21:42:30, 0.0, None 
 47.495, -123.21, 57.0, 2014-11-24 21:45:00, 0.0, None 
 47.905, -123.41, 32.5, 2014-11-24 21:55:00, 0.0, None 
 47.72, -123.28, 30.5, 2014-11-24 21:57:30, 0.0, None 
 47.76, -123.26, 42.5, 2014-11-24 22:00:00, 0.0, None 
 47.715, -123.26, 40.0, 2014-11-24 22:02:30, 0.0, None 
 47.69, -123.24, 27.0, 2014-11-24 22:07:30, 0.0, None 
 48.62, -124.02, 60.0, 2014-11-24 22:57:30, 0.0, None 
 48.79, -124.16, 37.0, 2014-11-24 23:00:00, 0.0, None 
 48.66, -124.42, 60.0, 2014-11-24 23:15:00, 0.0, None 
 48.605, -124.39, 49.0, 2014-11-24 23:17:30, 0.0, None 
 48.72, -124.22, 37.5, 2014-11-24 23:20:00, 0.0, None 
 48.633, -124.197, 47.5, 2014-11-24 23:22:30, 0.0, None 
 48.66, -124.33, 38.5, 2014-11-24 23:25:00, 0.0, None 
 47.585, -123.31, 60.0, 2014-11-24 23:32:30, 0.0, None 
 48.7, -124.16, 35.5, 2014-11-24 23:35:00, 0.0, None 
 47.73, -123.23, 26.0, 2014-11-25 00:12:30, 0.0, None 
 47.6, -123.19, 31.0, 2014-11-25 00:30:00, 0.0, None 
 48.65, -124.31, 20.0, 2014-11-25 00:37:30, 0.0, None 
 48.79, -124.14, 57.0, 2014-11-25 00:45:00, 0.0, None 
 47.79, -123.33, 27.0, 2014-11-25 00:45:00, 0.0, None 
 47.75, -123.3, 25.0, 2014-11-25 00:47:30, 0.0, None 
 47.5, -123.22, 52.0, 2014-11-25 00:55:00, 0.0, None 
 48.0, -123.44, 20.0, 2014-11-25 01:00:00, 0.0, None 
 47.66, -123.23, 40.0, 2014-11-25 01:05:00, 0.0, None 
 47.72, -123.31, 20.0, 2014-11-25 01:07:30, 0.0, None 
 47.62, -123.28, 41.5, 2014-11-25 01:15:00, 0.0, None 
 47.54, -123.21, 43.0, 2014-11-25 01:17:30, 0.0, None 
 47.79, -123.11, 50.0, 2014-11-25 01:25:00, 0.0, None 
 48.65, -124.15, 60.0, 2014-11-25 01:27:30, 0.0, None 
 47.81, -123.16, 24.0, 2014-11-25 01:27:30, 0.0, None 
 47.78, -123.33, 20.0, 2014-11-25 01:32:30, 0.0, None 
 47.8, -123.35, 20.0, 2014-11-25 01:35:00, 0.0, None 
 47.79, -123.405, 20.0, 2014-11-25 01:37:30, 0.0, None 
 47.765, -123.43, 20.0, 2014-11-25 01:40:00, 0.0, None 
 47.77, -123.38, 20.0, 2014-11-25 01:50:00, 0.0, None 
 48.66, -124.18, 32.0, 2014-11-25 01:52:30, 0.0, None 
 48.67, -124.22, 34.0, 2014-11-25 01:55:00, 0.0, None 
 48.59, -124.09, 60.0, 2014-11-25 01:57:30, 0.0, None 
 47.8, -123.38, 60.0, 2014-11-25 02:02:30, 0.0, None 
 48.68, -124.3, 38.0, 2014-11-25 02:05:00, 0.0, None 
 48.678000000000004, -124.195, 31.5, 2014-11-25 02:07:30, 0.0, None 
 48.7, -124.22, 34.5, 2014-11-25 02:10:00, 0.0, None 
 48.68, -124.3, 47.5, 2014-11-25 02:12:30, 0.0, None 
 48.641999999999996, -124.25, 43.8, 2014-11-25 02:15:00, 0.0, None 
 48.83, -124.2, 20.0, 2014-11-25 02:20:00, 0.0, None 
 48.64, -124.17, 34.0, 2014-11-25 02:22:30, 0.0, None 
 48.65, -124.2, 40.0, 2014-11-25 02:25:00, 0.0, None 
 48.71, -124.24, 47.0, 2014-11-25 02:35:00, 0.0, None 
 48.68, -124.27, 32.0, 2014-11-25 02:37:30, 0.0, None 
 48.76, -124.305, 25.0, 2014-11-25 02:40:00, 0.0, None 
 48.7, -124.295, 45.0, 2014-11-25 02:42:30, 0.0, None 
 48.7, -124.32, 39.0, 2014-11-25 02:45:00, 0.0, None 
 48.745, -124.39, 40.0, 2014-11-25 02:47:30, 0.0, None 
 48.71, -124.28, 37.0, 2014-11-25 02:50:00, 0.0, None 
 48.71, -124.23, 32.0, 2014-11-25 02:52:30, 0.0, None 
 48.64, -124.17200000000001, 34.0, 2014-11-25 02:55:00, 0.0, None 
 48.68, -124.18, 60.0, 2014-11-25 02:57:30, 0.0, None 
 48.69, -124.23, 38.5, 2014-11-25 03:00:00, 0.0, None 
 48.71, -124.21, 28.0, 2014-11-25 03:02:30, 0.0, None 
 48.755, -124.16, 24.5, 2014-11-25 03:05:00, 0.0, None 
 48.77, -124.24, 45.5, 2014-11-25 03:07:30, 0.0, None 
 48.72, -124.57, 30.0, 2014-11-25 03:27:30, 0.0, None 
 48.58, -124.11, 20.0, 2014-11-25 03:30:00, 0.0, None 
 48.73, -124.34, 40.0, 2014-11-25 03:32:30, 0.0, None 
 48.67, -124.36, 27.5, 2014-11-25 03:35:00, 0.0, None 
 48.7, -124.38, 26.5, 2014-11-25 03:37:30, 0.0, None 
 48.745, -124.36200000000001, 21.0, 2014-11-25 03:40:00, 0.0, None 
 47.72, -123.23, 29.0, 2014-11-25 03:42:30, 0.0, None 
 48.7, -124.4, 20.0, 2014-11-25 03:50:00, 0.0, None 
 47.69, -123.11, 32.0, 2014-11-25 03:50:00, 0.0, None 
 47.68, -123.1, 34.0, 2014-11-25 03:52:30, 0.0, None 
 48.67, -124.305, 28.0, 2014-11-25 04:00:00, 0.0, None 
 48.68, -124.306, 27.4, 2014-11-25 04:02:30, 0.0, None 
 48.845, -124.425, 34.0, 2014-11-25 04:05:00, 0.0, None 
 48.75, -124.37, 22.0, 2014-11-25 04:10:00, 0.0, None 
 48.71, -124.365, 36.0, 2014-11-25 04:12:30, 0.0, None 
 48.715, -124.455, 25.0, 2014-11-25 04:15:00, 0.0, None 
 48.74, -124.35, 20.0, 2014-11-25 04:17:30, 0.0, None 
 48.71, -124.13, 60.0, 2014-11-25 04:20:00, 0.0, None 
 48.69, -124.1, 59.0, 2014-11-25 04:22:30, 0.0, None 
 47.56, -123.33, 20.0, 2014-11-25 04:22:30, 0.0, None 
 47.52, -123.3, 54.0, 2014-11-25 04:32:30, 0.0, None 
 47.59, -123.31, 60.0, 2014-11-25 05:07:30, 0.0, None 
 47.84, -123.4, 35.0, 2014-11-25 08:20:00, 0.0, None 
 47.61, -123.23, 40.0, 2014-11-25 08:25:00, 0.0, None 
 47.79, -123.18, 20.0, 2014-11-25 08:30:00, 0.0, None 
 47.7, -123.28, 27.0, 2014-11-25 09:32:30, 0.0, None 
 47.69, -123.29, 27.0, 2014-11-25 09:35:00, 0.0, None 
 47.665, -123.29, 20.0, 2014-11-25 09:37:30, 0.0, None 
 47.7, -123.21, 31.0, 2014-11-25 09:42:30, 0.0, None 
 47.78, -123.23, 36.0, 2014-11-25 11:20:00, 0.0, None 
 47.7, -123.23, 30.0, 2014-11-25 11:22:30, 0.0, None 
 48.0, -123.45, 20.0, 2014-11-25 11:30:00, 0.0, None 
 48.66, -124.215, 35.5, 2014-11-25 12:00:00, 0.0, None 
 48.65, -124.24, 37.5, 2014-11-25 12:02:30, 0.0, None 
 47.68, -123.27, 25.0, 2014-11-25 12:05:00, 0.0, None 
 47.69, -123.16, 38.5, 2014-11-25 12:07:30, 0.0, None 
 47.8, -123.2, 22.0, 2014-11-25 12:12:30, 0.0, None 
 47.79, -123.63, 26.0, 2014-11-25 12:17:30, 0.0, None 
 47.1, -123.7, 60.0, 2014-11-25 12:25:00, 0.0, None 
 48.71, -124.15, 42.0, 2014-11-25 12:37:30, 0.0, None 
 48.71, -124.22, 40.0, 2014-11-25 12:40:00, 0.0, None 
 48.69, -124.21, 38.0, 2014-11-25 12:42:30, 0.0, None 
 48.692, -124.215, 34.8, 2014-11-25 12:45:00, 0.0, None 
 48.62, -124.15, 36.0, 2014-11-25 12:47:30, 0.0, None 
 47.75, -123.15, 40.0, 2014-11-25 13:25:00, 0.0, None 
 48.7, -124.38, 20.0, 2014-11-25 14:02:30, 0.0, None 
 48.75, -124.59, 20.0, 2014-11-25 14:05:00, 0.0, None 
 47.7, -123.27, 20.0, 2014-11-25 14:05:00, 0.0, None 
 48.85, -124.51, 24.0, 2014-11-25 14:10:00, 0.0, None 
 48.823, -124.51, 20.0, 2014-11-25 14:12:30, 0.0, None 
 48.79, -124.42, 20.0, 2014-11-25 14:17:30, 0.0, None 
 48.77, -124.485, 21.0, 2014-11-25 14:20:00, 0.0, None 
 48.71, -124.63, 25.0, 2014-11-25 14:22:30, 0.0, None 
 48.795, -124.54700000000001, 20.0, 2014-11-25 14:27:30, 0.0, None 
 48.77, -124.56, 20.0, 2014-11-25 14:30:00, 0.0, None 
 48.77, -124.59, 23.5, 2014-11-25 14:32:30, 0.0, None 
 48.67, -124.58, 23.0, 2014-11-25 14:35:00, 0.0, None 
 48.71, -124.61, 20.5, 2014-11-25 14:37:30, 0.0, None 
 48.79, -124.635, 20.0, 2014-11-25 14:40:00, 0.0, None 
 48.7, -124.56, 20.0, 2014-11-25 14:42:30, 0.0, None 
 48.77, -124.53, 20.0, 2014-11-25 14:45:00, 0.0, None 
 48.78, -124.53, 20.5, 2014-11-25 14:47:30, 0.0, None 
 48.76, -124.61, 30.0, 2014-11-25 14:50:00, 0.0, None 
 48.84, -124.565, 28.0, 2014-11-25 14:57:30, 0.0, None 
 48.87, -124.57, 25.5, 2014-11-25 15:00:00, 0.0, None 
 48.75, -124.602, 20.0, 2014-11-25 15:02:30, 0.0, None 
 48.785, -124.58, 20.0, 2014-11-25 15:05:00, 0.0, None 
 48.812, -124.425, 20.0, 2014-11-25 15:07:30, 0.0, None 
 48.795, -124.405, 20.0, 2014-11-25 15:10:00, 0.0, None 
 48.758, -124.455, 20.0, 2014-11-25 15:17:30, 0.0, None 
 48.67, -124.59, 52.0, 2014-11-25 15:22:30, 0.0, None 
 48.86, -124.36, 20.0, 2014-11-25 15:25:00, 0.0, None 
 48.61, -124.27, 20.0, 2014-11-25 15:25:00, 0.0, None 
 48.68, -124.11, 32.5, 2014-11-25 15:42:30, 0.0, None 
 48.665, -124.14, 34.0, 2014-11-25 15:45:00, 0.0, None 
 48.65, -124.2, 30.5, 2014-11-25 15:47:30, 0.0, None 
 48.68, -124.21, 36.5, 2014-11-25 15:50:00, 0.0, None 
 48.68, -124.19, 20.0, 2014-11-25 15:52:30, 0.0, None 
 48.635, -124.325, 40.0, 2014-11-25 15:57:30, 0.0, None 
 48.7, -124.145, 20.0, 2014-11-25 16:05:00, 0.0, None 
 48.71, -124.25, 54.0, 2014-11-25 16:07:30, 0.0, None 
 48.61, -124.12, 20.0, 2014-11-25 16:15:00, 0.0, None 
 48.84, -124.57, 60.0, 2014-11-25 16:57:30, 0.0, None 
 48.0, -123.5, 20.0, 2014-11-25 17:10:00, 0.0, None 
 48.7, -124.07, 20.0, 2014-11-25 17:15:00, 0.0, None 
 48.775, -124.26, 20.0, 2014-11-25 17:17:30, 0.0, None 
 47.79, -123.22, 20.0, 2014-11-25 18:07:30, 0.0, None 
 48.59, -124.32, 20.0, 2014-11-25 18:20:00, 0.0, None 
 48.71, -124.5, 20.0, 2014-11-25 19:27:30, 0.0, None 
 47.87, -123.32, 32.0, 2014-11-25 20:20:00, 0.0, None 
 47.59, -123.24, 60.0, 2014-11-25 20:47:30, 0.0, None 
 47.72, -123.27, 26.0, 2014-11-25 20:52:30, 0.0, None 
 47.57, -123.16, 31.0, 2014-11-25 20:55:00, 0.0, None 
 47.59, -123.21, 60.0, 2014-11-25 20:57:30, 0.0, None 
 47.71, -123.21, 55.0, 2014-11-25 21:00:00, 0.0, None 
 47.66, -123.28, 32.5, 2014-11-25 21:05:00, 0.0, None 
 47.8, -123.58, 20.0, 2014-11-25 21:55:00, 0.0, None 
 47.825, -123.21, 47.0, 2014-11-25 22:52:30, 0.0, None 
 47.66, -123.25, 20.0, 2014-11-25 22:55:00, 0.0, None 
 47.61, -123.29, 60.0, 2014-11-25 23:12:30, 0.0, None 
 47.89, -123.41, 20.0, 2014-11-25 23:42:30, 0.0, None 
 47.74, -123.2, 44.5, 2014-11-25 23:47:30, 0.0, None 
 47.68, -123.2, 43.0, 2014-11-26 00:02:30, 0.0, None 
 47.73, -123.19, 20.0, 2014-11-26 00:10:00, 0.0, None 
 47.74, -123.2, 20.0, 2014-11-26 00:15:00, 0.0, None 
 47.74, -123.0, 20.0, 2014-11-26 00:20:00, 0.0, None 
 47.77, -122.96, 20.0, 2014-11-26 00:22:30, 0.0, None 
 47.6, -123.13, 35.0, 2014-11-26 01:17:30, 0.0, None 
 47.79, -123.5, 50.0, 2014-11-26 02:07:30, 0.0, None 
 47.7, -123.16, 28.0, 2014-11-26 02:15:00, 0.0, None 
 47.87, -123.23, 55.0, 2014-11-26 02:20:00, 0.0, None 
 48.63, -124.07, 60.0, 2014-11-26 02:22:30, 0.0, None 
 48.725, -124.08, 49.0, 2014-11-26 02:25:00, 0.0, None 
 48.685, -124.04, 38.0, 2014-11-26 02:27:30, 0.0, None 
 47.76, -123.22, 20.0, 2014-11-26 02:27:30, 0.0, None 
 48.7, -124.14, 39.0, 2014-11-26 02:30:00, 0.0, None 
 48.7, -124.06, 20.0, 2014-11-26 02:35:00, 0.0, None 
 48.7, -124.14, 20.0, 2014-11-26 02:37:30, 0.0, None 
 48.68, -124.19, 20.0, 2014-11-26 02:40:00, 0.0, None 
 48.695, -124.2, 20.0, 2014-11-26 02:42:30, 0.0, None 
 48.67, -124.13, 24.0, 2014-11-26 02:45:00, 0.0, None 
 48.69, -124.025, 27.5, 2014-11-26 02:47:30, 0.0, None 
 48.7, -124.13, 41.0, 2014-11-26 02:50:00, 0.0, None 
 48.63, -124.12, 51.0, 2014-11-26 02:52:30, 0.0, None 
 48.67, -124.03, 35.0, 2014-11-26 02:55:00, 0.0, None 
 48.7, -124.15, 39.5, 2014-11-26 02:57:30, 0.0, None 
 48.69, -124.16, 38.0, 2014-11-26 03:00:00, 0.0, None 
 48.73, -124.16, 60.0, 2014-11-26 03:02:30, 0.0, None 
 47.73, -123.36, 38.0, 2014-11-26 03:07:30, 0.0, None 
 48.67, -124.05, 42.0, 2014-11-26 03:10:00, 0.0, None 
 47.79, -123.285, 45.0, 2014-11-26 03:10:00, 0.0, None 
 47.79, -123.37, 28.0, 2014-11-26 03:12:30, 0.0, None 
 48.59, -124.05, 42.5, 2014-11-26 03:15:00, 0.0, None 
 48.62, -124.01, 33.0, 2014-11-26 03:17:30, 0.0, None 
 48.68, -124.13, 46.0, 2014-11-26 03:27:30, 0.0, None 
 47.53, -123.22, 60.0, 2014-11-26 04:37:30, 0.0, None 
 47.73, -123.5, 30.0, 2014-11-26 04:50:00, 0.0, None 
 47.71, -123.42, 60.0, 2014-11-26 04:57:30, 0.0, None 
 47.81, -123.4, 35.0, 2014-11-26 05:00:00, 0.0, None 
 48.68, -124.08, 20.0, 2014-11-26 05:17:30, 0.0, None 
 47.78, -122.99, 60.0, 2014-11-26 05:20:00, 0.0, None 
 47.8, -122.97, 51.0, 2014-11-26 05:22:30, 0.0, None 
 47.8, -123.31, 20.0, 2014-11-26 05:25:00, 0.0, None 
 47.73, -123.22, 60.0, 2014-11-26 05:37:30, 0.0, None 
 47.53, -123.21, 20.0, 2014-11-26 05:40:00, 0.0, None 
 47.575, -123.31, 20.0, 2014-11-26 06:05:00, 0.0, None 
 47.82, -123.24, 21.0, 2014-11-26 06:17:30, 0.0, None 
 47.71, -123.05, 20.0, 2014-11-26 06:42:30, 0.0, None 
 47.7, -123.02, 20.0, 2014-11-26 06:45:00, 0.0, None 
 47.73, -123.19, 20.0, 2014-11-26 08:17:30, 0.0, None 
 47.7, -123.49, 27.5, 2014-11-26 08:30:00, 0.0, None 
 47.72, -123.53, 51.0, 2014-11-26 08:32:30, 0.0, None 
 47.51, -123.26, 60.0, 2014-11-26 11:00:00, 0.0, None 
 47.68, -123.28, 60.0, 2014-11-26 11:57:30, 0.0, None 
 47.52, -123.275, 20.0, 2014-11-26 12:40:00, 0.0, None 
 47.61, -123.31, 24.0, 2014-11-26 12:42:30, 0.0, None 
 47.71, -123.34, 48.0, 2014-11-26 12:45:00, 0.0, None 
 47.72, -123.36, 47.0, 2014-11-26 12:47:30, 0.0, None 
 47.795, -123.355, 60.0, 2014-11-26 12:52:30, 0.0, None 
 47.51, -123.31, 25.0, 2014-11-26 12:55:00, 0.0, None 
 47.6, -123.355, 60.0, 2014-11-26 12:57:30, 0.0, None 
 47.69, -123.22, 28.0, 2014-11-26 13:30:00, 0.0, None 
 47.72, -123.4, 60.0, 2014-11-26 13:32:30, 0.0, None 
 47.59, -123.13, 30.0, 2014-11-26 14:05:00, 0.0, None 
 47.6, -123.1, 40.0, 2014-11-26 14:07:30, 0.0, None 
 47.71, -123.21, 32.0, 2014-11-26 14:32:30, 0.0, None 
 47.91, -123.4, 27.0, 2014-11-26 14:35:00, 0.0, None 
 48.62, -124.14, 60.0, 2014-11-26 14:45:00, 0.0, None 
 48.59, -124.135, 60.0, 2014-11-26 14:47:30, 0.0, None 
 47.68, -123.215, 20.0, 2014-11-26 14:57:30, 0.0, None 
 47.6, -123.04, 20.0, 2014-11-26 15:10:00, 0.0, None 
 47.86, -123.375, 20.0, 2014-11-26 15:15:00, 0.0, None 
 47.695, -123.31, 24.0, 2014-11-26 15:20:00, 0.0, None 
 48.66, -124.095, 50.5, 2014-11-26 15:22:30, 0.0, None 
 48.67, -124.07, 45.0, 2014-11-26 15:25:00, 0.0, None 
 47.625, -123.285, 20.0, 2014-11-26 15:27:30, 0.0, None 
 47.5, -123.27, 20.0, 2014-11-26 15:30:00, 0.0, None 
 47.61, -123.3, 23.0, 2014-11-26 15:32:30, 0.0, None 
 48.68, -124.07, 46.0, 2014-11-26 15:35:00, 0.0, None 
 48.69, -124.1, 46.0, 2014-11-26 15:37:30, 0.0, None 
 47.475, -123.28, 27.0, 2014-11-26 15:45:00, 0.0, None 
 48.69, -124.07, 39.0, 2014-11-26 15:55:00, 0.0, None 
 48.69, -124.08, 28.0, 2014-11-26 15:57:30, 0.0, None 
 47.54, -123.33, 59.5, 2014-11-26 15:57:30, 0.0, None 
 47.65, -123.2, 46.0, 2014-11-26 16:10:00, 0.0, None 
 47.71, -123.14, 41.0, 2014-11-26 16:27:30, 0.0, None 
 47.73, -123.24, 31.0, 2014-11-26 16:50:00, 0.0, None 
 47.76, -123.28, 21.0, 2014-11-26 16:52:30, 0.0, None 
 47.88, -123.23, 55.0, 2014-11-26 19:25:00, 0.0, None 
 47.62, -123.19, 20.0, 2014-11-26 20:35:00, 0.0, None 
 47.78, -122.98, 20.0, 2014-11-26 20:40:00, 0.0, None 
 47.59, -123.26, 20.0, 2014-11-26 22:30:00, 0.0, None 
 47.69, -123.42, 27.0, 2014-11-27 00:30:00, 0.0, None 
 47.69, -123.4, 20.0, 2014-11-27 01:02:30, 0.0, None 
 47.53, -123.3, 42.0, 2014-11-27 01:47:30, 0.0, None 
 47.71, -123.35, 60.0, 2014-11-27 03:37:30, 0.0, None 
 47.61, -123.32, 20.0, 2014-11-27 03:55:00, 0.0, None 
 47.69, -123.4, 32.0, 2014-11-27 07:00:00, 0.0, None 
 47.49, -123.33, 20.0, 2014-11-27 09:05:00, 0.0, None 
 47.63, -123.105, 30.5, 2014-11-27 17:35:00, 0.0, None 
 47.61, -123.1, 32.0, 2014-11-27 17:47:30, 0.0, None 
 47.655, -123.27, 20.0, 2014-11-27 17:52:30, 0.0, None 
 47.69, -123.235, 40.0, 2014-11-27 17:57:30, 0.0, None 
 47.7, -123.36, 23.0, 2014-11-27 18:02:30, 0.0, None 
 47.7, -123.34, 25.0, 2014-11-27 18:05:00, 0.0, None 
 47.715, -123.29, 20.0, 2014-11-27 18:07:30, 0.0, None 
 47.655, -123.37, 41.0, 2014-11-27 19:12:30, 0.0, None 
 47.6, -123.22, 43.0, 2014-11-29 01:27:30, 0.0, None 
 47.77, -123.24, 20.5, 2014-11-29 02:25:00, 0.0, None 
 47.63, -123.115, 29.0, 2014-11-29 02:27:30, 0.0, None 
 47.85, -122.98, 36.0, 2014-11-29 02:35:00, 0.0, None 
 47.63, -123.07, 60.0, 2014-11-29 02:45:00, 0.0, None 
 47.64, -123.195, 33.0, 2014-11-29 02:47:30, 0.0, None 
 47.66, -123.275, 60.0, 2014-11-29 02:50:00, 0.0, None 
 47.7, -123.33, 50.0, 2014-11-29 03:15:00, 0.0, None 
 47.78, -123.09, 20.0, 2014-11-29 03:17:30, 0.0, None 
 47.705, -123.2, 20.0, 2014-11-29 03:20:00, 0.0, None 
 47.73, -123.38, 20.0, 2014-11-29 03:25:00, 0.0, None 
 47.58, -123.465, 25.0, 2014-11-29 03:32:30, 0.0, None 
 47.62, -123.24, 45.0, 2014-11-29 03:40:00, 0.0, None 
 47.665, -123.075, 22.0, 2014-11-29 03:50:00, 0.0, None 
 47.69, -123.2, 38.0, 2014-11-29 03:52:30, 0.0, None 
 47.68, -123.37, 47.5, 2014-11-29 03:55:00, 0.0, None 
 47.47, -123.7, 55.0, 2014-11-29 03:57:30, 0.0, None 
 47.67, -122.99, 60.0, 2014-11-29 04:17:30, 0.0, None 
 47.645, -123.065, 50.5, 2014-11-29 04:20:00, 0.0, None 
 47.575, -123.06, 43.2, 2014-11-29 04:22:30, 0.0, None 
 47.8, -122.915, 20.0, 2014-11-29 05:02:30, 0.0, None 
 47.5, -123.26, 26.0, 2014-11-29 05:42:30, 0.0, None 
 47.69, -123.33, 27.0, 2014-11-29 05:45:00, 0.0, None 
 47.6, -123.26, 60.0, 2014-11-29 05:57:30, 0.0, None 
 47.675, -123.14, 40.0, 2014-11-29 06:00:00, 0.0, None 
 47.64, -123.17, 33.0, 2014-11-29 06:02:30, 0.0, None 
 47.52, -123.1, 20.0, 2014-11-29 06:05:00, 0.0, None 
 47.65, -123.1, 40.0, 2014-11-29 06:20:00, 0.0, None 
 47.62, -123.17, 31.0, 2014-11-29 07:02:30, 0.0, None 
 47.71, -123.07, 34.0, 2014-11-29 07:07:30, 0.0, None 
 47.66, -123.07700000000001, 37.0, 2014-11-29 07:10:00, 0.0, None 
 47.64, -123.11, 37.0, 2014-11-29 07:12:30, 0.0, None 
 47.7, -123.24, 22.0, 2014-11-29 07:17:30, 0.0, None 
 47.72, -123.19, 24.5, 2014-11-29 07:22:30, 0.0, None 
 47.71, -123.1, 47.0, 2014-11-29 07:25:00, 0.0, None 
 47.76, -123.1, 52.0, 2014-11-29 07:27:30, 0.0, None 
 47.71, -123.205, 33.0, 2014-11-29 07:35:00, 0.0, None 
 47.775, -123.35, 60.0, 2014-11-29 07:37:30, 0.0, None 
 47.68, -123.265, 53.0, 2014-11-29 07:40:00, 0.0, None 
 47.695, -123.125, 30.0, 2014-11-29 07:45:00, 0.0, None 
 47.79, -123.13, 31.0, 2014-11-29 07:47:30, 0.0, None 
 47.73, -123.04, 20.0, 2014-11-29 08:05:00, 0.0, None 
 47.65, -123.27, 26.0, 2014-11-29 08:20:00, 0.0, None 
 47.66, -123.05, 20.0, 2014-11-29 08:25:00, 0.0, None 
 47.71, -123.18, 48.0, 2014-11-29 08:30:00, 0.0, None 
 47.48, -123.05, 60.0, 2014-11-29 08:37:30, 0.0, None 
 47.63, -123.2, 38.0, 2014-11-29 08:45:00, 0.0, None 
 47.68, -123.27, 22.0, 2014-11-29 08:55:00, 0.0, None 
 47.615, -123.285, 39.0, 2014-11-29 08:57:30, 0.0, None 
 47.68, -123.23, 22.0, 2014-11-29 09:00:00, 0.0, None 
 47.735, -123.2, 22.5, 2014-11-29 09:02:30, 0.0, None 
 47.645, -123.225, 30.2, 2014-11-29 09:05:00, 0.0, None 
 47.7, -123.32, 20.0, 2014-11-29 09:07:30, 0.0, None 
 47.8, -123.12, 33.0, 2014-11-29 09:15:00, 0.0, None 
 47.78, -123.46, 20.0, 2014-11-29 09:27:30, 0.0, None 
 47.7, -123.31, 20.0, 2014-11-29 09:40:00, 0.0, None 
 48.0, -123.24, 20.0, 2014-11-29 09:42:30, 0.0, None 
 47.73, -123.16, 25.5, 2014-11-29 09:50:00, 0.0, None 
 47.73, -123.15, 26.0, 2014-11-29 09:52:30, 0.0, None 
 47.797, -123.14, 27.5, 2014-11-29 09:55:00, 0.0, None 
 47.82, -123.135, 27.0, 2014-11-29 09:57:30, 0.0, None 
 47.78, -123.16, 38.0, 2014-11-29 10:07:30, 0.0, None 
 47.81, -122.98, 52.0, 2014-11-29 10:10:00, 0.0, None 
 47.62, -123.05799999999999, 20.0, 2014-11-29 10:15:00, 0.0, None 
 47.663000000000004, -123.075, 26.0, 2014-11-29 10:17:30, 0.0, None 
 47.763000000000005, -123.18299999999999, 38.0, 2014-11-29 10:20:00, 0.0, None 
 47.555, -123.28, 42.0, 2014-11-29 10:22:30, 0.0, None 
 47.73, -123.22, 20.0, 2014-11-29 10:30:00, 0.0, None 
 47.79, -123.17, 25.0, 2014-11-29 10:32:30, 0.0, None 
 47.7, -123.12, 20.0, 2014-11-29 10:35:00, 0.0, None 
 47.58, -123.27, 42.5, 2014-11-29 10:37:30, 0.0, None 
 47.61, -123.305, 40.0, 2014-11-29 10:40:00, 0.0, None 
 47.568000000000005, -123.243, 36.2, 2014-11-29 10:42:30, 0.0, None 
 47.62, -123.22, 39.0, 2014-11-29 10:45:00, 0.0, None 
 47.69, -123.145, 32.0, 2014-11-29 10:47:30, 0.0, None 
 47.66, -123.19, 20.0, 2014-11-29 10:50:00, 0.0, None 
 47.64, -123.14, 53.0, 2014-11-29 10:52:30, 0.0, None 
 47.655, -123.13, 49.0, 2014-11-29 10:55:00, 0.0, None 
 47.61, -123.32, 60.0, 2014-11-29 10:57:30, 0.0, None 
 47.605, -123.19, 33.2, 2014-11-29 11:00:00, 0.0, None 
 47.558, -123.09, 48.0, 2014-11-29 11:02:30, 0.0, None 
 47.608000000000004, -123.15, 55.5, 2014-11-29 11:05:00, 0.0, None 
 47.61, -123.14, 36.0, 2014-11-29 11:07:30, 0.0, None 
 47.685, -122.99799999999999, 54.8, 2014-11-29 11:10:00, 0.0, None 
 47.71, -123.45, 60.0, 2014-11-29 11:15:00, 0.0, None 
 47.69, -123.325, 27.0, 2014-11-29 11:17:30, 0.0, None 
 47.67, -123.31, 26.0, 2014-11-29 11:20:00, 0.0, None 
 47.72, -123.31, 31.0, 2014-11-29 11:22:30, 0.0, None 
 47.68, -123.22, 51.5, 2014-11-29 11:27:30, 0.0, None 
 47.685, -123.24, 46.8, 2014-11-29 11:30:00, 0.0, None 
 47.73, -123.03, 32.0, 2014-11-29 11:50:00, 0.0, None 
 47.64, -123.205, 45.5, 2014-11-29 11:52:30, 0.0, None 
 47.73, -123.01, 30.0, 2014-11-29 11:55:00, 0.0, None 
 47.68, -123.39, 39.0, 2014-11-29 11:57:30, 0.0, None 
 47.685, -123.1, 22.5, 2014-11-29 12:00:00, 0.0, None 
 47.73, -123.025, 39.0, 2014-11-29 12:05:00, 0.0, None 
 47.78, -123.13, 39.0, 2014-11-29 12:15:00, 0.0, None 
 47.77, -122.99, 20.0, 2014-11-29 12:17:30, 0.0, None 
 47.64, -123.43, 46.0, 2014-11-29 12:30:00, 0.0, None 
 47.67, -123.26, 28.0, 2014-11-29 12:32:30, 0.0, None 
 47.64, -123.36, 60.0, 2014-11-29 12:40:00, 0.0, None 
 47.78, -123.12, 53.0, 2014-11-29 12:42:30, 0.0, None 
 47.74, -123.1, 36.0, 2014-11-29 12:50:00, 0.0, None 
 47.8, -123.3, 47.0, 2014-11-29 12:55:00, 0.0, None 
 47.6, -123.2, 47.0, 2014-11-29 13:07:30, 0.0, None 
 47.82, -123.02, 60.0, 2014-11-29 13:10:00, 0.0, None 
 47.65, -123.37, 49.0, 2014-11-29 13:10:00, 0.0, None 
 47.52, -123.145, 20.0, 2014-11-29 13:15:00, 0.0, None 
 47.52, -123.29, 46.0, 2014-11-29 13:17:30, 0.0, None 
 47.626999999999995, -123.175, 23.0, 2014-11-29 13:25:00, 0.0, None 
 47.555, -123.225, 36.2, 2014-11-29 13:27:30, 0.0, None 
 47.69, -123.29, 47.0, 2014-11-29 13:37:30, 0.0, None 
 47.66, -123.215, 29.5, 2014-11-29 13:40:00, 0.0, None 
 47.785, -123.175, 27.5, 2014-11-29 13:42:30, 0.0, None 
 47.81, -122.895, 43.0, 2014-11-29 13:47:30, 0.0, None 
 47.76, -123.125, 38.5, 2014-11-29 13:50:00, 0.0, None 
 47.645, -123.29, 20.0, 2014-11-29 13:52:30, 0.0, None 
 47.675, -123.22, 20.0, 2014-11-29 13:55:00, 0.0, None 
 47.89, -123.02, 43.0, 2014-11-29 13:55:00, 0.0, None 
 47.61, -123.25, 51.0, 2014-11-29 14:00:00, 0.0, None 
 47.696999999999996, -123.29, 32.2, 2014-11-29 14:02:30, 0.0, None 
 47.695, -123.105, 32.0, 2014-11-29 14:05:00, 0.0, None 
 47.81, -123.11, 20.0, 2014-11-29 14:12:30, 0.0, None 
 47.49, -123.08, 20.0, 2014-11-29 14:25:00, 0.0, None 
 47.562, -123.23299999999999, 33.8, 2014-11-29 14:35:00, 0.0, None 
 47.605, -123.23, 34.5, 2014-11-29 14:45:00, 0.0, None 
 47.67, -123.38, 60.0, 2014-11-29 14:47:30, 0.0, None 
 47.9, -123.29, 60.0, 2014-11-29 14:50:00, 0.0, None 
 47.635, -123.13, 26.0, 2014-11-29 14:52:30, 0.0, None 
 47.785, -123.26, 31.8, 2014-11-29 15:02:30, 0.0, None 
 47.74, -123.132, 32.0, 2014-11-29 15:05:00, 0.0, None 
 47.79, -123.095, 30.0, 2014-11-29 15:10:00, 0.0, None 
 47.515, -123.29, 47.0, 2014-11-29 15:27:30, 0.0, None 
 47.74, -123.28, 49.5, 2014-11-29 15:30:00, 0.0, None 
 47.835, -123.285, 20.0, 2014-11-29 15:32:30, 0.0, None 
 47.84, -123.16, 41.0, 2014-11-29 15:35:00, 0.0, None 
 47.69, -122.98, 60.0, 2014-11-29 15:55:00, 0.0, None 
 47.51, -123.06, 60.0, 2014-11-29 16:15:00, 0.0, None 
 47.85, -123.15, 60.0, 2014-11-29 16:20:00, 0.0, None 
 47.71, -123.09, 20.0, 2014-11-29 16:22:30, 0.0, None 
 47.765, -123.165, 30.0, 2014-11-29 16:32:30, 0.0, None 
 47.77, -123.24, 20.0, 2014-11-29 16:35:00, 0.0, None 
 47.665, -123.2, 32.8, 2014-11-29 16:37:30, 0.0, None 
 47.685, -123.22200000000001, 34.0, 2014-11-29 16:40:00, 0.0, None 
 47.73, -122.915, 55.0, 2014-11-29 16:42:30, 0.0, None 
 47.508, -123.09299999999999, 27.2, 2014-11-29 16:45:00, 0.0, None 
 47.586999999999996, -123.185, 21.0, 2014-11-29 16:47:30, 0.0, None 
 47.53, -123.213, 23.5, 2014-11-29 16:50:00, 0.0, None 
 47.59, -123.285, 33.5, 2014-11-29 16:52:30, 0.0, None 
 47.515, -123.065, 26.0, 2014-11-29 16:55:00, 0.0, None 
 47.665, -122.995, 60.0, 2014-11-29 17:00:00, 0.0, None 
 47.61, -123.39, 42.5, 2014-11-29 17:10:00, 0.0, None 
 47.52, -123.02, 20.0, 2014-11-29 17:12:30, 0.0, None 
 47.695, -123.09700000000001, 42.2, 2014-11-29 17:17:30, 0.0, None 
 47.63, -123.06, 29.5, 2014-11-29 17:20:00, 0.0, None 
 47.7, -123.06, 32.0, 2014-11-29 17:25:00, 0.0, None 
 47.66, -123.48, 60.0, 2014-11-29 17:35:00, 0.0, None 
 47.69, -123.04, 38.0, 2014-11-29 17:37:30, 0.0, None 
 47.75, -123.12, 20.0, 2014-11-29 17:45:00, 0.0, None 
 47.7, -123.23, 27.0, 2014-11-29 17:47:30, 0.0, None 
 47.73, -123.36, 60.0, 2014-11-29 17:57:30, 0.0, None 
 47.56, -123.3, 60.0, 2014-11-29 18:00:00, 0.0, None 
 47.585, -123.18, 42.5, 2014-11-29 18:02:30, 0.0, None 
 47.7, -123.19, 20.0, 2014-11-29 18:05:00, 0.0, None 
 47.6, -123.13, 48.0, 2014-11-29 18:10:00, 0.0, None 
 47.615, -123.255, 31.0, 2014-11-29 18:25:00, 0.0, None 
 47.68, -123.4, 20.0, 2014-11-29 18:27:30, 0.0, None 
 47.61, -123.33, 32.0, 2014-11-29 18:35:00, 0.0, None 
 47.611999999999995, -123.105, 37.5, 2014-11-29 18:42:30, 0.0, None 
 47.79, -123.37, 54.0, 2014-11-29 18:47:30, 0.0, None 
 47.675, -123.26, 52.0, 2014-11-29 18:52:30, 0.0, None 
 47.685, -123.21, 38.5, 2014-11-29 18:55:00, 0.0, None 
 47.88, -123.32, 38.0, 2014-11-29 19:10:00, 0.0, None 
 47.64, -123.255, 34.5, 2014-11-29 19:15:00, 0.0, None 
 47.61, -123.335, 38.0, 2014-11-29 19:17:30, 0.0, None 
 47.58, -123.18, 43.0, 2014-11-29 19:50:00, 0.0, None 
 47.72, -123.05, 47.0, 2014-11-29 19:52:30, 0.0, None 
 47.77, -123.48, 20.0, 2014-11-29 19:55:00, 0.0, None 
 47.82, -123.38, 49.0, 2014-11-29 20:07:30, 0.0, None 
 47.77, -123.19, 58.0, 2014-11-29 20:15:00, 0.0, None 
 47.735, -123.08, 20.0, 2014-11-29 20:22:30, 0.0, None 
 47.6, -123.0, 32.0, 2014-11-29 20:25:00, 0.0, None 
 47.64, -123.04, 40.0, 2014-11-29 20:27:30, 0.0, None 
 47.49, -123.13, 53.0, 2014-11-29 20:37:30, 0.0, None 
 47.785, -123.11, 35.0, 2014-11-29 20:40:00, 0.0, None 
 47.78, -123.15, 20.0, 2014-11-29 20:42:30, 0.0, None 
 47.67, -123.125, 20.0, 2014-11-29 20:45:00, 0.0, None 
 47.76, -123.24, 20.0, 2014-11-29 20:47:30, 0.0, None 
 47.73, -123.27, 32.0, 2014-11-29 20:50:00, 0.0, None 
 47.9, -122.94, 60.0, 2014-11-29 20:52:30, 0.0, None 
 47.55, -123.21, 60.0, 2014-11-29 20:57:30, 0.0, None 
 47.626999999999995, -123.125, 33.8, 2014-11-29 21:00:00, 0.0, None 
 47.87, -123.0, 48.0, 2014-11-29 21:02:30, 0.0, None 
 47.79, -123.21, 48.0, 2014-11-29 21:07:30, 0.0, None 
 47.72, -123.13, 49.0, 2014-11-29 21:20:00, 0.0, None 
 47.87, -123.165, 27.0, 2014-11-29 21:22:30, 0.0, None 
 47.9, -123.28, 51.0, 2014-11-29 21:32:30, 0.0, None 
 47.87, -123.1, 37.0, 2014-11-29 21:35:00, 0.0, None 
 47.7, -122.895, 44.0, 2014-11-29 21:37:30, 0.0, None 
 47.62, -123.01, 29.0, 2014-11-29 21:42:30, 0.0, None 
 47.88, -123.155, 20.0, 2014-11-29 21:55:00, 0.0, None 
 47.98, -123.2, 60.0, 2014-11-29 21:57:30, 0.0, None 
 47.54, -123.225, 38.0, 2014-11-29 22:02:30, 0.0, None 
 47.81, -123.19, 20.5, 2014-11-29 22:07:30, 0.0, None 
 47.79, -123.16, 29.5, 2014-11-29 22:10:00, 0.0, None 
 47.77, -123.08, 28.0, 2014-11-29 22:12:30, 0.0, None 
 47.802, -123.05799999999999, 25.0, 2014-11-29 22:17:30, 0.0, None 
 47.955, -123.19, 20.0, 2014-11-29 22:20:00, 0.0, None 
 47.92, -123.265, 31.0, 2014-11-29 22:22:30, 0.0, None 
 47.75, -123.1, 27.0, 2014-11-29 22:30:00, 0.0, None 
 47.83, -123.4, 47.0, 2014-11-29 22:37:30, 0.0, None 
 47.825, -123.35, 41.5, 2014-11-29 22:40:00, 0.0, None 
 47.79, -123.08, 28.0, 2014-11-29 22:47:30, 0.0, None 
 47.82, -123.12, 20.5, 2014-11-29 22:50:00, 0.0, None 
 47.79, -123.49, 36.0, 2014-11-29 22:52:30, 0.0, None 
 47.69, -123.235, 29.0, 2014-11-29 22:55:00, 0.0, None 
 47.78, -123.29, 60.0, 2014-11-29 22:57:30, 0.0, None 
 47.83, -123.07, 27.5, 2014-11-29 23:00:00, 0.0, None 
 47.79, -123.015, 24.0, 2014-11-29 23:02:30, 0.0, None 
 47.815, -123.105, 25.5, 2014-11-29 23:07:30, 0.0, None 
 47.775, -123.02, 30.0, 2014-11-29 23:10:00, 0.0, None 
 47.735, -123.02, 33.0, 2014-11-29 23:12:30, 0.0, None 
 47.81, -123.2, 20.0, 2014-11-29 23:15:00, 0.0, None 
 47.79, -123.115, 26.5, 2014-11-29 23:17:30, 0.0, None 
 47.82, -123.15, 25.0, 2014-11-29 23:20:00, 0.0, None 
 47.805, -123.135, 32.0, 2014-11-29 23:22:30, 0.0, None 
 47.725, -123.05, 50.0, 2014-11-29 23:25:00, 0.0, None 
 47.68, -123.035, 36.5, 2014-11-29 23:27:30, 0.0, None 
 47.86, -123.11200000000001, 22.5, 2014-11-29 23:30:00, 0.0, None 
 47.865, -123.12700000000001, 22.0, 2014-11-29 23:32:30, 0.0, None 
 47.81, -123.12, 38.0, 2014-11-29 23:35:00, 0.0, None 
 47.89, -122.9, 60.0, 2014-11-29 23:37:30, 0.0, None 
 47.72, -123.11, 30.0, 2014-11-29 23:40:00, 0.0, None 
 47.74, -123.105, 20.0, 2014-11-29 23:42:30, 0.0, None 
 47.81, -123.09, 26.0, 2014-11-29 23:45:00, 0.0, None 
 47.795, -123.1, 32.2, 2014-11-29 23:47:30, 0.0, None 
 47.84, -122.89, 20.0, 2014-11-29 23:52:30, 0.0, None 
 47.915, -122.91, 49.5, 2014-11-29 23:55:00, 0.0, None 
 47.8, -122.48, 20.0, 2014-11-30 00:00:00, 0.0, None 
 47.83, -123.1, 34.0, 2014-11-30 00:00:00, 0.0, None 
 47.8, -123.05, 37.0, 2014-11-30 00:02:30, 0.0, None 
 47.75, -123.01, 38.0, 2014-11-30 00:05:00, 0.0, None 
 47.67, -122.895, 50.0, 2014-11-30 00:07:30, 0.0, None 
 47.74, -123.08, 43.0, 2014-11-30 00:15:00, 0.0, None 
 47.7, -123.105, 41.0, 2014-11-30 00:17:30, 0.0, None 
 47.81, -123.24, 52.5, 2014-11-30 00:25:00, 0.0, None 
 47.88, -123.215, 51.0, 2014-11-30 00:27:30, 0.0, None 
 47.86, -123.27, 53.0, 2014-11-30 00:37:30, 0.0, None 
 47.725, -122.9, 60.0, 2014-11-30 00:42:30, 0.0, None 
 47.8, -123.1, 52.0, 2014-11-30 00:45:00, 0.0, None 
 47.89, -123.27, 25.0, 2014-11-30 00:52:30, 0.0, None 
 47.81, -123.21, 38.0, 2014-11-30 00:55:00, 0.0, None 
 47.76, -123.09, 27.0, 2014-11-30 01:00:00, 0.0, None 
 47.91, -123.6, 60.0, 2014-11-30 01:02:30, 0.0, None 
 47.91, -122.86, 20.0, 2014-11-30 01:05:00, 0.0, None 
 47.8, -122.99, 27.5, 2014-11-30 01:07:30, 0.0, None 
 47.785, -123.19, 21.5, 2014-11-30 01:10:00, 0.0, None 
 47.84, -123.28, 20.0, 2014-11-30 01:12:30, 0.0, None 
 47.55, -123.21, 36.0, 2014-11-30 01:12:30, 0.0, None 
 47.805, -123.22, 26.0, 2014-11-30 01:15:00, 0.0, None 
 47.83, -123.09, 20.0, 2014-11-30 01:17:30, 0.0, None 
 47.85, -123.18, 20.0, 2014-11-30 01:20:00, 0.0, None 
 47.52, -123.2, 34.0, 2014-11-30 01:22:30, 0.0, None 
 47.67, -123.305, 45.0, 2014-11-30 01:27:30, 0.0, None 
 47.745, -123.12, 21.0, 2014-11-30 01:30:00, 0.0, None 
 47.825, -123.095, 20.0, 2014-11-30 01:32:30, 0.0, None 
 47.81, -123.137, 33.0, 2014-11-30 01:35:00, 0.0, None 
 47.79, -123.13, 27.0, 2014-11-30 01:37:30, 0.0, None 
 47.755, -123.22, 30.0, 2014-11-30 01:40:00, 0.0, None 
 47.74, -123.49, 60.0, 2014-11-30 01:42:30, 0.0, None 
 47.74, -123.305, 20.0, 2014-11-30 01:52:30, 0.0, None 
 47.7, -123.22, 27.0, 2014-11-30 01:55:00, 0.0, None 
 47.66, -123.295, 60.0, 2014-11-30 01:57:30, 0.0, None 
 47.725, -123.19, 20.0, 2014-11-30 02:00:00, 0.0, None 
 47.885, -123.15, 48.0, 2014-11-30 02:02:30, 0.0, None 
 47.79, -123.03, 52.5, 2014-11-30 02:05:00, 0.0, None 
 47.8, -123.015, 26.2, 2014-11-30 02:07:30, 0.0, None 
 47.83, -122.84, 20.0, 2014-11-30 02:12:30, 0.0, None 
 47.73, -122.83, 20.0, 2014-11-30 02:15:00, 0.0, None 
 47.71, -122.92, 27.5, 2014-11-30 02:17:30, 0.0, None 
 47.7, -123.12, 33.0, 2014-11-30 02:20:00, 0.0, None 
 47.725, -123.52, 56.0, 2014-11-30 02:27:30, 0.0, None 
 47.71, -123.44, 60.0, 2014-11-30 02:30:00, 0.0, None 
 47.7, -123.29, 30.0, 2014-11-30 02:32:30, 0.0, None 
 47.81, -123.16, 51.0, 2014-11-30 02:35:00, 0.0, None 
 47.745, -123.07, 23.5, 2014-11-30 02:37:30, 0.0, None 
 47.7, -123.07, 31.0, 2014-11-30 02:40:00, 0.0, None 
 47.61, -123.17, 46.0, 2014-11-30 02:42:30, 0.0, None 
 47.765, -123.148, 40.0, 2014-11-30 02:45:00, 0.0, None 
 47.66, -123.025, 25.8, 2014-11-30 02:47:30, 0.0, None 
 47.85, -123.2, 20.0, 2014-11-30 02:55:00, 0.0, None 
 47.79, -123.325, 25.0, 2014-11-30 02:57:30, 0.0, None 
 47.81, -123.225, 32.5, 2014-11-30 03:00:00, 0.0, None 
 47.785, -123.06, 23.5, 2014-11-30 03:02:30, 0.0, None 
 47.711999999999996, -122.98299999999999, 25.5, 2014-11-30 03:07:30, 0.0, None 
 47.76, -122.99, 35.0, 2014-11-30 03:10:00, 0.0, None 
 47.775, -123.03, 32.5, 2014-11-30 03:12:30, 0.0, None 
 47.861999999999995, -123.07, 35.5, 2014-11-30 03:15:00, 0.0, None 
 47.86, -123.31, 31.0, 2014-11-30 03:20:00, 0.0, None 
 47.83, -123.3, 26.5, 2014-11-30 03:22:30, 0.0, None 
 47.83, -123.265, 20.0, 2014-11-30 03:25:00, 0.0, None 
 47.78, -123.33, 36.0, 2014-11-30 03:27:30, 0.0, None 
 47.76, -123.485, 44.5, 2014-11-30 03:30:00, 0.0, None 
 47.675, -123.42, 60.0, 2014-11-30 03:32:30, 0.0, None 
 47.89, -123.11, 20.0, 2014-11-30 03:45:00, 0.0, None 
 47.83, -123.285, 42.0, 2014-11-30 03:50:00, 0.0, None 
 47.89, -123.2, 52.0, 2014-11-30 03:52:30, 0.0, None 
 47.86, -123.1, 20.0, 2014-11-30 03:55:00, 0.0, None 
 47.77, -123.0, 60.0, 2014-11-30 03:57:30, 0.0, None 
 48.06, -123.27, 21.0, 2014-11-30 04:00:00, 0.0, None 
 47.77, -123.055, 27.0, 2014-11-30 04:00:00, 0.0, None 
 47.79, -123.06, 31.0, 2014-11-30 04:02:30, 0.0, None 
 47.8, -123.02, 38.0, 2014-11-30 04:07:30, 0.0, None 
 47.81, -123.25, 30.0, 2014-11-30 04:15:00, 0.0, None 
 47.87, -123.295, 20.0, 2014-11-30 04:17:30, 0.0, None 
 47.81, -123.29, 20.0, 2014-11-30 04:20:00, 0.0, None 
 47.82, -123.28, 20.0, 2014-11-30 04:22:30, 0.0, None 
 47.95, -122.92, 20.0, 2014-11-30 04:22:30, 0.0, None 
 47.76, -123.21, 20.0, 2014-11-30 04:25:00, 0.0, None 
 47.72, -123.05, 41.0, 2014-11-30 04:30:00, 0.0, None 
 47.82, -122.965, 33.0, 2014-11-30 04:32:30, 0.0, None 
 47.815, -123.01, 31.0, 2014-11-30 04:35:00, 0.0, None 
 47.82, -123.07, 31.0, 2014-11-30 04:37:30, 0.0, None 
 48.1, -123.08, 23.0, 2014-11-30 04:40:00, 0.0, None 
 47.8, -123.02, 39.0, 2014-11-30 04:40:00, 0.0, None 
 47.83, -123.1, 46.0, 2014-11-30 04:42:30, 0.0, None 
 47.905, -122.97, 31.5, 2014-11-30 04:45:00, 0.0, None 
 47.838, -123.243, 46.0, 2014-11-30 04:47:30, 0.0, None 
 47.93, -122.92, 26.0, 2014-11-30 04:47:30, 0.0, None 
 47.76, -123.18, 23.0, 2014-11-30 04:50:00, 0.0, None 
 48.06, -123.16, 22.0, 2014-11-30 04:52:30, 0.0, None 
 47.775, -123.095, 54.0, 2014-11-30 04:52:30, 0.0, None 
 47.59, -122.93, 40.0, 2014-11-30 04:55:00, 0.0, None 
 47.76, -123.29, 60.0, 2014-11-30 04:57:30, 0.0, None 
 47.68, -123.1, 54.0, 2014-11-30 05:00:00, 0.0, None 
 47.63, -123.18, 32.0, 2014-11-30 05:05:00, 0.0, None 
 47.573, -123.195, 38.8, 2014-11-30 05:07:30, 0.0, None 
 47.585, -123.14200000000001, 36.8, 2014-11-30 05:10:00, 0.0, None 
 47.773, -123.11, 25.8, 2014-11-30 05:12:30, 0.0, None 
 47.766999999999996, -123.11, 25.5, 2014-11-30 05:15:00, 0.0, None 
 47.77, -123.21, 20.0, 2014-11-30 05:17:30, 0.0, None 
 47.82, -123.105, 20.0, 2014-11-30 05:20:00, 0.0, None 
 47.8, -123.22, 20.0, 2014-11-30 05:27:30, 0.0, None 
 47.81, -123.22, 20.0, 2014-11-30 05:30:00, 0.0, None 
 47.82, -123.18, 32.0, 2014-11-30 05:35:00, 0.0, None 
 47.865, -123.09, 30.5, 2014-11-30 05:37:30, 0.0, None 
 47.91, -123.13, 33.0, 2014-11-30 05:40:00, 0.0, None 
 47.85, -123.145, 60.0, 2014-11-30 05:42:30, 0.0, None 
 47.855, -122.985, 20.0, 2014-11-30 06:05:00, 0.0, None 
 47.81, -123.04, 28.0, 2014-11-30 06:07:30, 0.0, None 
 47.845, -123.03, 40.5, 2014-11-30 06:10:00, 0.0, None 
 48.08, -123.36, 20.0, 2014-11-30 06:12:30, 0.0, None 
 47.84, -123.07, 60.0, 2014-11-30 06:12:30, 0.0, None 
 47.885, -123.255, 47.0, 2014-11-30 06:15:00, 0.0, None 
 47.8, -123.18, 25.0, 2014-11-30 06:17:30, 0.0, None 
 47.81, -123.29, 20.0, 2014-11-30 06:22:30, 0.0, None 
 47.58, -123.27, 39.0, 2014-11-30 06:25:00, 0.0, None 
 47.53, -123.27, 42.0, 2014-11-30 06:27:30, 0.0, None 
 47.8, -122.75, 60.0, 2014-11-30 06:37:30, 0.0, None 
 47.72, -123.09, 50.0, 2014-11-30 06:42:30, 0.0, None 
 47.71, -123.27, 22.0, 2014-11-30 06:45:00, 0.0, None 
 47.79, -123.48, 60.0, 2014-11-30 06:52:30, 0.0, None 
 47.58, -122.685, 60.0, 2014-11-30 06:55:00, 0.0, None 
 47.63, -123.185, 60.0, 2014-11-30 06:57:30, 0.0, None 
 47.625, -122.93299999999999, 20.0, 2014-11-30 07:00:00, 0.0, None 
 47.735, -122.93, 58.5, 2014-11-30 07:02:30, 0.0, None 
 47.655, -123.09, 37.5, 2014-11-30 07:05:00, 0.0, None 
 47.735, -123.09, 41.5, 2014-11-30 07:07:30, 0.0, None 
 48.2, -123.2, 31.0, 2014-11-30 07:10:00, 0.0, None 
 47.73, -123.5, 50.5, 2014-11-30 07:10:00, 0.0, None 
 47.58, -123.28, 47.0, 2014-11-30 07:12:30, 0.0, None 
 47.57, -123.21, 34.0, 2014-11-30 07:20:00, 0.0, None 
 47.59, -123.24, 28.8, 2014-11-30 07:22:30, 0.0, None 
 47.843, -123.165, 52.0, 2014-11-30 07:25:00, 0.0, None 
 47.805, -123.22, 52.0, 2014-11-30 07:32:30, 0.0, None 
 47.82, -123.175, 48.0, 2014-11-30 07:35:00, 0.0, None 
 47.89, -123.09, 60.0, 2014-11-30 07:40:00, 0.0, None 
 47.86, -123.02, 34.0, 2014-11-30 07:42:30, 0.0, None 
 47.84, -123.11, 30.0, 2014-11-30 07:45:00, 0.0, None 
 47.88, -123.08, 60.0, 2014-11-30 07:47:30, 0.0, None 
 47.858000000000004, -123.02, 28.8, 2014-11-30 07:50:00, 0.0, None 
 48.18, -123.16, 20.0, 2014-11-30 07:52:30, 0.0, None 
 47.795, -123.11, 25.8, 2014-11-30 07:52:30, 0.0, None 
 47.85, -123.29, 29.0, 2014-11-30 07:55:00, 0.0, None 
 47.82, -123.35, 34.0, 2014-11-30 07:57:30, 0.0, None 
 47.78, -123.26, 31.0, 2014-11-30 08:00:00, 0.0, None 
 47.65, -122.91, 60.0, 2014-11-30 08:12:30, 0.0, None 
 47.815, -122.91, 53.0, 2014-11-30 08:15:00, 0.0, None 
 47.94, -123.29, 50.0, 2014-11-30 08:15:00, 0.0, None 
 47.84, -123.51, 44.5, 2014-11-30 08:20:00, 0.0, None 
 47.84, -123.11, 60.0, 2014-11-30 08:27:30, 0.0, None 
 47.87, -123.08, 26.5, 2014-11-30 08:30:00, 0.0, None 
 47.88, -123.255, 27.0, 2014-11-30 08:32:30, 0.0, None 
 47.85, -123.24, 20.0, 2014-11-30 08:35:00, 0.0, None 
 47.84, -123.21, 29.0, 2014-11-30 08:37:30, 0.0, None 
 47.87, -123.28, 30.5, 2014-11-30 08:40:00, 0.0, None 
 47.89, -123.22200000000001, 20.0, 2014-11-30 08:42:30, 0.0, None 
 47.77, -123.12700000000001, 31.0, 2014-11-30 08:45:00, 0.0, None 
 47.83, -123.125, 40.0, 2014-11-30 08:50:00, 0.0, None 
 47.745, -122.84, 41.0, 2014-11-30 08:52:30, 0.0, None 
 47.79, -122.98, 28.0, 2014-11-30 08:55:00, 0.0, None 
 47.79, -123.12, 60.0, 2014-11-30 08:57:30, 0.0, None 
 47.7, -123.0, 50.0, 2014-11-30 09:00:00, 0.0, None 
 47.72, -123.25, 60.0, 2014-11-30 09:02:30, 0.0, None 
 47.74, -123.0, 27.0, 2014-11-30 09:05:00, 0.0, None 
 47.72, -123.1, 20.0, 2014-11-30 09:07:30, 0.0, None 
 48.1, -123.17, 20.0, 2014-11-30 09:10:00, 0.0, None 
 47.74, -123.09, 20.0, 2014-11-30 09:10:00, 0.0, None 
 47.805, -123.07, 28.0, 2014-11-30 09:12:30, 0.0, None 
 48.1, -123.06, 20.0, 2014-11-30 09:15:00, 0.0, None 
 47.81, -122.98, 28.0, 2014-11-30 09:15:00, 0.0, None 
 47.8, -123.19, 36.0, 2014-11-30 09:17:30, 0.0, None 
 47.715, -123.23, 28.5, 2014-11-30 09:22:30, 0.0, None 
 47.77, -123.35, 60.0, 2014-11-30 09:25:00, 0.0, None 
 47.77, -123.26, 20.5, 2014-11-30 09:30:00, 0.0, None 
 47.715, -123.2, 20.0, 2014-11-30 09:32:30, 0.0, None 
 47.95, -123.19, 22.0, 2014-11-30 09:42:30, 0.0, None 
 47.85, -123.28, 20.0, 2014-11-30 09:47:30, 0.0, None 
 47.81, -123.37, 20.0, 2014-11-30 09:52:30, 0.0, None 
 47.83, -123.385, 60.0, 2014-11-30 09:57:30, 0.0, None 
 47.93, -123.08, 60.0, 2014-11-30 10:00:00, 0.0, None 
 47.87, -123.275, 45.0, 2014-11-30 10:02:30, 0.0, None 
 47.67, -123.095, 60.0, 2014-11-30 10:12:30, 0.0, None 
 47.59, -123.04, 60.0, 2014-11-30 10:15:00, 0.0, None 
 47.67, -122.96, 30.0, 2014-11-30 10:22:30, 0.0, None 
 47.86, -122.97, 35.0, 2014-11-30 10:27:30, 0.0, None 
 47.81, -123.29, 60.0, 2014-11-30 10:30:00, 0.0, None 
 48.2, -123.15, 20.0, 2014-11-30 10:32:30, 0.0, None 
 47.89, -123.04, 28.0, 2014-11-30 10:32:30, 0.0, None 
 47.89, -123.07, 36.0, 2014-11-30 10:35:00, 0.0, None 
 47.77, -122.97, 40.0, 2014-11-30 10:37:30, 0.0, None 
 47.69, -123.04, 23.0, 2014-11-30 10:42:30, 0.0, None 
 47.74, -123.09, 29.0, 2014-11-30 10:45:00, 0.0, None 
 47.655, -122.92, 45.0, 2014-11-30 10:47:30, 0.0, None 
 47.73, -122.91, 20.0, 2014-11-30 10:50:00, 0.0, None 
 47.64, -122.94, 40.0, 2014-11-30 10:52:30, 0.0, None 
 47.725, -123.02, 34.0, 2014-11-30 10:55:00, 0.0, None 
 47.68, -123.18, 33.0, 2014-11-30 10:57:30, 0.0, None 
 47.82, -122.8, 20.0, 2014-11-30 11:00:00, 0.0, None 
 47.75, -123.0, 28.0, 2014-11-30 11:05:00, 0.0, None 
 47.8, -123.14, 31.0, 2014-11-30 11:07:30, 0.0, None 
 47.67, -123.32, 48.0, 2014-11-30 11:10:00, 0.0, None 
 47.72, -122.985, 40.0, 2014-11-30 11:17:30, 0.0, None 
 47.87, -123.17, 60.0, 2014-11-30 11:20:00, 0.0, None 
 47.745, -123.18, 54.5, 2014-11-30 11:22:30, 0.0, None 
 47.68, -122.98, 36.0, 2014-11-30 11:27:30, 0.0, None 
 47.75, -123.007, 25.5, 2014-11-30 11:30:00, 0.0, None 
 48.1, -123.07, 27.0, 2014-11-30 11:35:00, 0.0, None 
 47.858000000000004, -123.28, 20.0, 2014-11-30 11:35:00, 0.0, None 
 47.8, -122.895, 20.0, 2014-11-30 11:37:30, 0.0, None 
 47.847, -123.24, 20.0, 2014-11-30 11:37:30, 0.0, None 
 47.891999999999996, -123.045, 21.8, 2014-11-30 11:40:00, 0.0, None 
 47.933, -123.162, 24.5, 2014-11-30 11:42:30, 0.0, None 
 47.91, -122.94, 60.0, 2014-11-30 11:45:00, 0.0, None 
 47.9, -123.05, 33.0, 2014-11-30 11:47:30, 0.0, None 
 47.84, -123.105, 20.0, 2014-11-30 11:50:00, 0.0, None 
 47.88, -123.155, 20.0, 2014-11-30 11:52:30, 0.0, None 
 47.89, -123.21, 43.0, 2014-11-30 11:55:00, 0.0, None 
 47.9, -123.28, 27.0, 2014-11-30 12:05:00, 0.0, None 
 47.74, -123.06, 30.0, 2014-11-30 12:07:30, 0.0, None 
 47.71, -123.21, 49.0, 2014-11-30 12:10:00, 0.0, None 
 47.83, -123.23299999999999, 39.5, 2014-11-30 12:12:30, 0.0, None 
 47.802, -123.04, 24.5, 2014-11-30 12:15:00, 0.0, None 
 47.77, -123.1, 54.0, 2014-11-30 12:17:30, 0.0, None 
 47.67, -122.91, 44.0, 2014-11-30 12:20:00, 0.0, None 
 47.8, -123.47, 60.0, 2014-11-30 12:37:30, 0.0, None 
 47.84, -123.3, 49.0, 2014-11-30 12:45:00, 0.0, None 
 47.6, -122.99, 60.0, 2014-11-30 12:55:00, 0.0, None 
 47.58, -122.71, 60.0, 2014-11-30 13:12:30, 0.0, None 
 47.755, -123.44, 60.0, 2014-11-30 13:20:00, 0.0, None 
 47.965, -123.215, 20.0, 2014-11-30 13:22:30, 0.0, None 
 47.925, -123.18, 20.0, 2014-11-30 13:25:00, 0.0, None 
 47.87, -123.49, 60.0, 2014-11-30 13:30:00, 0.0, None 
 47.925, -123.11, 60.0, 2014-11-30 13:32:30, 0.0, None 
 47.85, -123.0, 37.0, 2014-11-30 13:35:00, 0.0, None 
 48.0, -123.4, 56.0, 2014-11-30 13:37:30, 0.0, None 
 47.895, -122.8, 20.0, 2014-11-30 13:37:30, 0.0, None 
 47.89, -122.885, 54.0, 2014-11-30 13:42:30, 0.0, None 
 47.86, -122.99, 22.0, 2014-11-30 13:45:00, 0.0, None 
 47.8, -123.01, 20.0, 2014-11-30 13:47:30, 0.0, None 
 47.55, -123.245, 58.5, 2014-11-30 13:50:00, 0.0, None 
 47.653, -123.287, 30.5, 2014-11-30 13:55:00, 0.0, None 
 47.82, -123.37, 35.0, 2014-11-30 13:57:30, 0.0, None 
 47.71, -123.37, 29.0, 2014-11-30 14:00:00, 0.0, None 
 47.95, -123.26, 35.0, 2014-11-30 14:02:30, 0.0, None 
 47.69, -123.19, 25.5, 2014-11-30 14:02:30, 0.0, None 
 47.67, -123.2, 30.0, 2014-11-30 14:05:00, 0.0, None 
 47.87, -123.18, 21.0, 2014-11-30 14:12:30, 0.0, None 
 47.64, -123.2, 33.0, 2014-11-30 14:15:00, 0.0, None 
 47.655, -123.26, 51.5, 2014-11-30 14:20:00, 0.0, None 
 47.8, -122.5, 20.0, 2014-11-30 14:22:30, 0.0, None 
 47.72, -123.295, 30.0, 2014-11-30 14:22:30, 0.0, None 
 47.845, -123.305, 44.0, 2014-11-30 14:27:30, 0.0, None 
 47.89, -123.08, 25.0, 2014-11-30 14:30:00, 0.0, None 
 47.69, -123.1, 32.0, 2014-11-30 14:35:00, 0.0, None 
 47.83, -122.91, 33.0, 2014-11-30 14:52:30, 0.0, None 
 47.87, -123.02, 38.0, 2014-11-30 15:00:00, 0.0, None 
 47.72, -123.19, 20.0, 2014-11-30 15:02:30, 0.0, None 
 47.73, -123.105, 28.5, 2014-11-30 15:05:00, 0.0, None 
 47.68, -123.165, 30.0, 2014-11-30 15:07:30, 0.0, None 
 47.66, -123.18, 24.0, 2014-11-30 15:10:00, 0.0, None 
 47.91, -123.19, 39.0, 2014-11-30 15:22:30, 0.0, None 
 47.722, -122.887, 35.8, 2014-11-30 15:25:00, 0.0, None 
 47.71, -122.85, 34.0, 2014-11-30 15:30:00, 0.0, None 
 47.87, -122.93299999999999, 55.0, 2014-11-30 15:37:30, 0.0, None 
 47.775, -122.93, 43.8, 2014-11-30 15:40:00, 0.0, None 
 47.7, -122.95, 25.0, 2014-11-30 15:45:00, 0.0, None 
 48.11, -123.09, 24.0, 2014-11-30 15:50:00, 0.0, None 
 47.6, -122.84, 41.0, 2014-11-30 15:55:00, 0.0, None 
 47.78, -123.11, 47.0, 2014-11-30 15:55:00, 0.0, None 
 47.595, -122.835, 44.0, 2014-11-30 15:57:30, 0.0, None 
 47.92, -123.135, 60.0, 2014-11-30 15:57:30, 0.0, None 
 47.69, -123.00200000000001, 38.8, 2014-11-30 16:02:30, 0.0, None 
 48.13, -123.14, 20.0, 2014-11-30 16:07:30, 0.0, None 
 48.01, -122.9, 42.0, 2014-11-30 16:10:00, 0.0, None 
 47.84, -123.04, 34.0, 2014-11-30 16:15:00, 0.0, None 
 47.74, -123.095, 37.0, 2014-11-30 16:22:30, 0.0, None 
 47.6, -123.28, 20.0, 2014-11-30 16:25:00, 0.0, None 
 47.83, -122.7, 40.0, 2014-11-30 16:35:00, 0.0, None 
 47.7, -123.175, 41.0, 2014-11-30 16:37:30, 0.0, None 
 47.81, -123.13, 32.0, 2014-11-30 16:40:00, 0.0, None 
 47.74, -123.3, 60.0, 2014-11-30 16:57:30, 0.0, None 
 48.0, -123.33, 20.0, 2014-11-30 17:02:30, 0.0, None 
 47.74, -123.4, 60.0, 2014-11-30 17:02:30, 0.0, None 
 47.875, -123.14, 29.0, 2014-11-30 17:05:00, 0.0, None 
 47.835, -123.02, 39.8, 2014-11-30 17:07:30, 0.0, None 
 47.92, -123.105, 42.5, 2014-11-30 17:10:00, 0.0, None 
 47.82, -123.16, 33.5, 2014-11-30 17:12:30, 0.0, None 
 47.92, -123.6, 27.0, 2014-11-30 17:17:30, 0.0, None 
 47.76, -122.765, 26.5, 2014-11-30 17:22:30, 0.0, None 
 47.695, -122.82, 25.2, 2014-11-30 17:25:00, 0.0, None 
 47.69, -122.77, 20.0, 2014-11-30 17:27:30, 0.0, None 
 47.88, -123.26, 20.0, 2014-11-30 17:30:00, 0.0, None 
 47.515, -122.86, 47.0, 2014-11-30 17:30:00, 0.0, None 
 47.82, -123.06, 60.0, 2014-11-30 17:32:30, 0.0, None 
 47.84, -122.78, 34.0, 2014-11-30 17:42:30, 0.0, None 
 47.91, -122.9, 35.0, 2014-11-30 17:52:30, 0.0, None 
 47.65, -123.01, 36.0, 2014-11-30 18:07:30, 0.0, None 
 47.64, -122.9, 60.0, 2014-11-30 18:10:00, 0.0, None 
 47.89, -123.31, 55.0, 2014-11-30 18:15:00, 0.0, None 
 47.73, -122.98, 20.0, 2014-11-30 18:17:30, 0.0, None 
 47.75, -122.815, 24.0, 2014-11-30 18:20:00, 0.0, None 
 47.63, -122.66, 40.5, 2014-11-30 18:27:30, 0.0, None 
 47.63, -122.65, 29.0, 2014-11-30 18:30:00, 0.0, None 
 47.88, -122.94, 60.0, 2014-11-30 18:32:30, 0.0, None 
 48.0, -123.43, 20.0, 2014-11-30 18:47:30, 0.0, None 
 47.6, -122.82, 38.0, 2014-11-30 18:50:00, 0.0, None 
 47.73, -122.78, 33.0, 2014-11-30 18:52:30, 0.0, None 
 47.65, -123.03, 30.0, 2014-11-30 18:55:00, 0.0, None 
 47.69, -123.14, 34.0, 2014-11-30 19:00:00, 0.0, None 
 47.67, -123.19, 30.0, 2014-11-30 19:02:30, 0.0, None 
 47.605, -123.04, 39.0, 2014-11-30 19:05:00, 0.0, None 
 47.58, -122.78, 60.0, 2014-11-30 19:07:30, 0.0, None 
 48.08, -123.19, 20.0, 2014-11-30 19:12:30, 0.0, None 
 47.64, -123.2, 43.0, 2014-11-30 19:12:30, 0.0, None 
 47.68, -123.18, 20.0, 2014-11-30 19:15:00, 0.0, None 
 48.0, -122.81, 31.0, 2014-11-30 19:17:30, 0.0, None 
 47.82, -123.42, 29.0, 2014-11-30 19:20:00, 0.0, None 
 47.89, -123.095, 39.5, 2014-11-30 19:22:30, 0.0, None 
 47.83, -122.71, 60.0, 2014-11-30 19:27:30, 0.0, None 
 47.865, -123.115, 32.0, 2014-11-30 19:30:00, 0.0, None 
 47.86, -123.005, 20.0, 2014-11-30 19:35:00, 0.0, None 
 47.861999999999995, -122.99799999999999, 20.0, 2014-11-30 19:37:30, 0.0, None 
 47.88, -123.19, 28.5, 2014-11-30 19:40:00, 0.0, None 
 47.56, -123.305, 60.0, 2014-11-30 20:07:30, 0.0, None 
 47.78, -123.06, 51.0, 2014-11-30 20:10:00, 0.0, None 
 48.09, -123.265, 20.0, 2014-11-30 20:12:30, 0.0, None 
 47.88, -123.14, 51.0, 2014-11-30 20:12:30, 0.0, None 
 47.91, -123.12, 49.0, 2014-11-30 20:15:00, 0.0, None 
 47.79, -123.01, 60.0, 2014-11-30 20:20:00, 0.0, None 
 47.59, -122.8, 49.0, 2014-11-30 20:27:30, 0.0, None 
 47.61, -122.97, 45.5, 2014-11-30 20:35:00, 0.0, None 
 47.623000000000005, -123.025, 49.5, 2014-11-30 20:37:30, 0.0, None 
 47.52, -122.78, 24.0, 2014-11-30 20:40:00, 0.0, None 
 47.67, -123.09, 60.0, 2014-11-30 20:40:00, 0.0, None 
 47.7, -123.19, 40.0, 2014-11-30 20:42:30, 0.0, None 
 47.99, -123.415, 20.0, 2014-11-30 20:45:00, 0.0, None 
 48.1, -123.25, 20.0, 2014-11-30 20:47:30, 0.0, None 
 47.57, -122.81, 58.0, 2014-11-30 20:47:30, 0.0, None 
 48.03, -123.34, 20.0, 2014-11-30 20:50:00, 0.0, None 
 48.03, -123.34, 20.0, 2014-11-30 20:52:30, 0.0, None 
 48.05, -123.29, 20.0, 2014-11-30 20:55:00, 0.0, None 
 47.565, -123.02, 60.0, 2014-11-30 20:57:30, 0.0, None 
 47.6, -122.77, 30.0, 2014-11-30 21:00:00, 0.0, None 
 47.61, -123.0, 60.0, 2014-11-30 21:07:30, 0.0, None 
 48.04, -123.2, 20.0, 2014-11-30 21:10:00, 0.0, None 
 47.895, -123.225, 40.0, 2014-11-30 21:12:30, 0.0, None 
 47.66, -122.69, 20.0, 2014-11-30 21:15:00, 0.0, None 
 47.727, -122.713, 24.0, 2014-11-30 21:17:30, 0.0, None 
 48.1, -123.06, 20.0, 2014-11-30 21:22:30, 0.0, None 
 47.94, -122.855, 20.0, 2014-11-30 21:25:00, 0.0, None 
 47.97, -122.88, 22.5, 2014-11-30 21:27:30, 0.0, None 
 47.95, -122.88, 30.0, 2014-11-30 21:30:00, 0.0, None 
 47.93, -122.9, 33.0, 2014-11-30 21:50:00, 0.0, None 
 47.91, -122.91, 60.0, 2014-11-30 21:52:30, 0.0, None 
 47.83, -123.31, 52.0, 2014-11-30 22:02:30, 0.0, None 
 47.92, -123.16, 31.0, 2014-11-30 22:10:00, 0.0, None 
 47.9, -123.17, 26.0, 2014-11-30 22:12:30, 0.0, None 
 47.89, -123.11, 25.0, 2014-11-30 22:15:00, 0.0, None 
 47.9, -123.07, 20.0, 2014-11-30 22:17:30, 0.0, None 
 48.16, -123.1, 20.0, 2014-11-30 22:25:00, 0.0, None 
 47.9, -123.22, 50.0, 2014-11-30 22:27:30, 0.0, None 
 48.18, -123.17, 20.0, 2014-11-30 22:37:30, 0.0, None 
 47.7, -122.89, 26.0, 2014-11-30 22:37:30, 0.0, None 
 47.845, -122.93799999999999, 32.0, 2014-11-30 22:40:00, 0.0, None 
 48.06, -123.28, 23.0, 2014-11-30 22:42:30, 0.0, None 
 48.0, -122.895, 52.5, 2014-11-30 22:42:30, 0.0, None 
 47.98, -122.895, 44.0, 2014-11-30 22:50:00, 0.0, None 
 47.81, -123.055, 60.0, 2014-11-30 22:52:30, 0.0, None 
 47.85, -123.3, 60.0, 2014-11-30 23:02:30, 0.0, None 
 47.715, -122.9, 60.0, 2014-11-30 23:02:30, 0.0, None 
 47.79, -122.915, 50.0, 2014-11-30 23:05:00, 0.0, None 
 47.97, -122.88, 37.0, 2014-11-30 23:10:00, 0.0, None 
 47.94, -122.93, 40.5, 2014-11-30 23:12:30, 0.0, None 
 47.92, -122.99, 47.0, 2014-11-30 23:15:00, 0.0, None 
 47.92, -122.89, 42.0, 2014-11-30 23:17:30, 0.0, None 
 47.92, -122.89, 22.0, 2014-11-30 23:20:00, 0.0, None 
 47.89, -122.98, 20.0, 2014-11-30 23:22:30, 0.0, None 
 47.91, -123.18, 20.5, 2014-11-30 23:30:00, 0.0, None 
 47.94, -123.09, 37.0, 2014-11-30 23:32:30, 0.0, None 
 47.795, -123.07, 60.0, 2014-11-30 23:35:00, 0.0, None 
 47.865, -123.16, 52.5, 2014-11-30 23:40:00, 0.0, None 
 47.94, -123.03, 53.0, 2014-11-30 23:42:30, 0.0, None 
 47.91, -123.04, 40.0, 2014-11-30 23:45:00, 0.0, None 
 48.0, -122.82, 60.0, 2014-11-30 23:52:30, 0.0, None 
 48.01, -122.835, 20.0, 2014-12-01 00:10:00, 0.0, None 
 47.9, -123.06, 20.0, 2014-12-01 00:12:30, 0.0, None 
 48.05, -123.3, 20.0, 2014-12-01 00:17:30, 0.0, None 
 47.91, -122.77, 31.0, 2014-12-01 00:17:30, 0.0, None 
 47.85, -123.0, 46.0, 2014-12-01 00:20:00, 0.0, None 
 48.04, -123.32, 20.0, 2014-12-01 00:22:30, 0.0, None 
 48.04, -123.32, 20.0, 2014-12-01 00:25:00, 0.0, None 
 48.047, -122.963, 30.5, 2014-12-01 00:42:30, 0.0, None 
 47.98, -122.98, 43.5, 2014-12-01 00:45:00, 0.0, None 
 47.94, -122.94, 39.0, 2014-12-01 00:47:30, 0.0, None 
 47.94, -122.91, 31.0, 2014-12-01 00:50:00, 0.0, None 
 48.09, -122.785, 20.0, 2014-12-01 00:52:30, 0.0, None 
 48.07, -122.89, 31.5, 2014-12-01 00:55:00, 0.0, None 
 47.81, -123.595, 60.0, 2014-12-01 00:57:30, 0.0, None 
 47.915, -123.015, 27.5, 2014-12-01 01:00:00, 0.0, None 
 47.9, -123.025, 39.0, 2014-12-01 01:02:30, 0.0, None 
 48.15, -123.21, 20.0, 2014-12-01 01:07:30, 0.0, None 
 47.91, -123.2, 20.0, 2014-12-01 01:07:30, 0.0, None 
 47.89, -123.18, 20.0, 2014-12-01 01:10:00, 0.0, None 
 48.18, -123.23, 31.0, 2014-12-01 01:12:30, 0.0, None 
 47.89, -123.3, 34.5, 2014-12-01 01:12:30, 0.0, None 
 47.885, -123.07, 40.0, 2014-12-01 01:17:30, 0.0, None 
 47.89, -123.16, 47.5, 2014-12-01 01:20:00, 0.0, None 
 47.82, -123.275, 60.0, 2014-12-01 01:22:30, 0.0, None 
 47.965, -123.06, 41.0, 2014-12-01 01:25:00, 0.0, None 
 47.94, -123.06, 37.0, 2014-12-01 01:27:30, 0.0, None 
 47.975, -122.89, 41.0, 2014-12-01 01:30:00, 0.0, None 
 47.78, -123.35, 60.0, 2014-12-01 01:35:00, 0.0, None 
 47.9, -123.1, 38.5, 2014-12-01 01:37:30, 0.0, None 
 47.9, -123.11, 20.0, 2014-12-01 01:40:00, 0.0, None 
 47.898, -123.185, 23.0, 2014-12-01 01:42:30, 0.0, None 
 47.88, -123.165, 32.5, 2014-12-01 01:45:00, 0.0, None 
 47.91, -122.98, 26.5, 2014-12-01 01:47:30, 0.0, None 
 47.82, -123.03, 60.0, 2014-12-01 01:50:00, 0.0, None 
 47.74, -123.1, 30.0, 2014-12-01 02:00:00, 0.0, None 
 47.935, -122.92, 43.0, 2014-12-01 02:17:30, 0.0, None 
 48.06, -123.28, 20.0, 2014-12-01 02:20:00, 0.0, None 
 47.995, -123.25, 20.0, 2014-12-01 02:22:30, 0.0, None 
 47.925, -122.92, 60.0, 2014-12-01 02:40:00, 0.0, None 
 47.49, -123.27, 20.0, 2014-12-01 02:40:00, 0.0, None 
 48.035, -122.855, 44.5, 2014-12-01 02:42:30, 0.0, None 
 48.07, -122.79, 38.5, 2014-12-01 02:45:00, 0.0, None 
 48.1, -122.735, 42.0, 2014-12-01 02:47:30, 0.0, None 
 48.095, -122.95200000000001, 31.2, 2014-12-01 02:50:00, 0.0, None 
 47.98, -122.86, 47.0, 2014-12-01 02:52:30, 0.0, None 
 47.89, -122.98, 60.0, 2014-12-01 02:55:00, 0.0, None 
 47.9, -122.985, 60.0, 2014-12-01 02:57:30, 0.0, None 
 48.09, -122.77, 60.0, 2014-12-01 03:02:30, 0.0, None 
 47.63, -122.82, 20.0, 2014-12-01 03:07:30, 0.0, None 
 47.86, -123.25, 20.0, 2014-12-01 03:12:30, 0.0, None 
 47.865, -123.09, 24.0, 2014-12-01 03:15:00, 0.0, None 
 48.05, -123.29, 20.0, 2014-12-01 03:17:30, 0.0, None 
 48.07, -123.28, 20.0, 2014-12-01 03:20:00, 0.0, None 
 48.08, -123.365, 31.2, 2014-12-01 03:22:30, 0.0, None 
 48.008, -123.287, 29.5, 2014-12-01 03:25:00, 0.0, None 
 48.0, -123.235, 37.8, 2014-12-01 03:27:30, 0.0, None 
 47.95, -123.1, 32.0, 2014-12-01 03:30:00, 0.0, None 
 48.19, -123.16, 20.0, 2014-12-01 03:32:30, 0.0, None 
 47.91, -123.22, 20.0, 2014-12-01 03:32:30, 0.0, None 
 47.98, -123.30799999999999, 21.5, 2014-12-01 03:37:30, 0.0, None 
 47.995, -123.25, 26.5, 2014-12-01 03:40:00, 0.0, None 
 48.0, -123.04, 35.0, 2014-12-01 03:42:30, 0.0, None 
 48.01, -123.07, 35.0, 2014-12-01 03:45:00, 0.0, None 
 48.05, -123.28, 30.0, 2014-12-01 03:50:00, 0.0, None 
 47.58, -122.76, 60.0, 2014-12-01 03:52:30, 0.0, None 
 48.11, -123.1, 20.0, 2014-12-01 03:55:00, 0.0, None 
 47.843, -123.125, 24.0, 2014-12-01 04:00:00, 0.0, None 
 48.05, -123.35, 20.0, 2014-12-01 04:07:30, 0.0, None 
 47.98, -123.47, 40.0, 2014-12-01 04:10:00, 0.0, None 
 47.968, -123.45, 40.0, 2014-12-01 04:12:30, 0.0, None 
 48.05, -123.31, 20.0, 2014-12-01 04:25:00, 0.0, None 
 48.04, -123.33, 20.0, 2014-12-01 04:27:30, 0.0, None 
 47.75, -123.41, 60.0, 2014-12-01 04:27:30, 0.0, None 
 47.93, -123.11, 60.0, 2014-12-01 04:30:00, 0.0, None 
 47.98, -123.23, 32.8, 2014-12-01 04:32:30, 0.0, None 
 47.48, -123.15, 52.0, 2014-12-01 04:35:00, 0.0, None 
 47.51, -123.38, 60.0, 2014-12-01 04:37:30, 0.0, None 
 47.5, -122.74, 40.0, 2014-12-01 04:40:00, 0.0, None 
 47.425, -123.22, 28.0, 2014-12-01 04:45:00, 0.0, None 
 47.92, -123.19, 39.0, 2014-12-01 04:52:30, 0.0, None 
 47.97, -123.285, 23.0, 2014-12-01 04:55:00, 0.0, None 
 47.785, -123.415, 60.0, 2014-12-01 04:57:30, 0.0, None 
 48.05, -123.235, 26.0, 2014-12-01 05:00:00, 0.0, None 
 47.975, -123.28, 20.0, 2014-12-01 05:02:30, 0.0, None 
 47.51, -123.34, 49.0, 2014-12-01 05:10:00, 0.0, None 
 47.92, -123.23, 58.5, 2014-12-01 05:12:30, 0.0, None 
 47.96, -123.39, 40.0, 2014-12-01 05:15:00, 0.0, None 
 47.975, -123.385, 40.0, 2014-12-01 05:17:30, 0.0, None 
 47.99, -123.13, 28.0, 2014-12-01 05:22:30, 0.0, None 
 47.99, -123.22, 24.5, 2014-12-01 05:25:00, 0.0, None 
 48.01, -123.213, 23.5, 2014-12-01 05:27:30, 0.0, None 
 48.071999999999996, -123.18799999999999, 21.0, 2014-12-01 05:30:00, 0.0, None 
 47.96, -123.26, 20.0, 2014-12-01 05:32:30, 0.0, None 
 48.015, -123.21, 34.5, 2014-12-01 05:35:00, 0.0, None 
 47.9, -123.15, 48.0, 2014-12-01 05:37:30, 0.0, None 
 47.935, -123.43, 60.0, 2014-12-01 05:40:00, 0.0, None 
 47.96, -123.17, 30.0, 2014-12-01 05:45:00, 0.0, None 
 47.96, -123.17, 30.0, 2014-12-01 05:47:30, 0.0, None 
 47.61, -122.85, 60.0, 2014-12-01 05:47:30, 0.0, None 
 47.42, -122.93, 31.0, 2014-12-01 05:50:00, 0.0, None 
 47.91, -123.2, 48.0, 2014-12-01 05:52:30, 0.0, None 
 47.4, -123.25, 24.0, 2014-12-01 05:52:30, 0.0, None 
 47.8, -123.16, 20.0, 2014-12-01 05:55:00, 0.0, None 
 47.47, -123.02, 24.0, 2014-12-01 05:55:00, 0.0, None 
 48.1, -123.27, 20.0, 2014-12-01 06:07:30, 0.0, None 
 48.06, -123.28, 20.0, 2014-12-01 06:10:00, 0.0, None 
 47.805, -123.31, 54.0, 2014-12-01 06:12:30, 0.0, None 
 47.96, -123.23, 30.0, 2014-12-01 06:15:00, 0.0, None 
 47.955, -123.205, 60.0, 2014-12-01 06:17:30, 0.0, None 
 48.05, -123.31, 20.0, 2014-12-01 06:22:30, 0.0, None 
 48.11, -123.09, 20.0, 2014-12-01 06:25:00, 0.0, None 
 47.46, -123.065, 38.0, 2014-12-01 06:30:00, 0.0, None 
 47.84, -123.44, 60.0, 2014-12-01 06:32:30, 0.0, None 
 47.895, -123.36, 51.0, 2014-12-01 06:35:00, 0.0, None 
 47.88, -123.38, 20.0, 2014-12-01 06:37:30, 0.0, None 
 47.83, -123.31, 48.0, 2014-12-01 06:42:30, 0.0, None 
 47.99, -123.09, 42.0, 2014-12-01 06:47:30, 0.0, None 
 47.995, -123.225, 33.5, 2014-12-01 06:50:00, 0.0, None 
 48.16, -123.21, 20.0, 2014-12-01 06:55:00, 0.0, None 
 47.925, -123.22, 38.0, 2014-12-01 06:55:00, 0.0, None 
 48.111999999999995, -123.15, 23.0, 2014-12-01 07:02:30, 0.0, None 
 47.8, -123.38, 60.0, 2014-12-01 07:07:30, 0.0, None 
 47.89, -123.355, 44.5, 2014-12-01 07:10:00, 0.0, None 
 47.885, -123.275, 29.5, 2014-12-01 07:12:30, 0.0, None 
 47.92, -123.205, 37.0, 2014-12-01 07:15:00, 0.0, None 
 47.91, -123.21, 32.0, 2014-12-01 07:17:30, 0.0, None 
 47.9, -123.3, 32.0, 2014-12-01 07:22:30, 0.0, None 
 47.835, -123.205, 28.5, 2014-12-01 07:25:00, 0.0, None 
 47.89, -123.21, 41.0, 2014-12-01 07:27:30, 0.0, None 
 47.635, -122.94, 29.5, 2014-12-01 07:32:30, 0.0, None 
 47.85, -123.11, 45.0, 2014-12-01 07:35:00, 0.0, None 
 47.59, -123.1, 20.0, 2014-12-01 07:40:00, 0.0, None 
 47.865, -123.38, 30.0, 2014-12-01 07:40:00, 0.0, None 
 47.9, -123.395, 32.0, 2014-12-01 07:42:30, 0.0, None 
 48.0, -123.05, 49.5, 2014-12-01 07:45:00, 0.0, None 
 47.97, -123.175, 48.0, 2014-12-01 07:47:30, 0.0, None 
 47.915, -123.155, 39.0, 2014-12-01 07:50:00, 0.0, None 
 48.07, -123.23, 41.0, 2014-12-01 07:52:30, 0.0, None 
 47.78, -123.05, 53.0, 2014-12-01 07:52:30, 0.0, None 
 47.82, -123.18, 20.0, 2014-12-01 07:55:00, 0.0, None 
 47.96, -123.25, 40.0, 2014-12-01 07:57:30, 0.0, None 
 47.812, -123.025, 28.5, 2014-12-01 08:00:00, 0.0, None 
 47.88, -122.99, 44.0, 2014-12-01 08:02:30, 0.0, None 
 47.82, -123.15, 58.0, 2014-12-01 08:05:00, 0.0, None 
 47.63, -122.89, 50.0, 2014-12-01 08:07:30, 0.0, None 
 47.97, -122.97, 28.0, 2014-12-01 08:10:00, 0.0, None 
 47.945, -122.89, 37.5, 2014-12-01 08:12:30, 0.0, None 
 47.62, -122.86, 20.0, 2014-12-01 08:12:30, 0.0, None 
 48.08, -122.98, 20.0, 2014-12-01 08:15:00, 0.0, None 
 47.635, -122.9, 28.5, 2014-12-01 08:15:00, 0.0, None 
 47.64, -122.905, 60.0, 2014-12-01 08:17:30, 0.0, None 
 47.93, -122.975, 46.8, 2014-12-01 08:20:00, 0.0, None 
 48.04, -122.95, 32.5, 2014-12-01 08:22:30, 0.0, None 
 48.1, -122.83, 60.0, 2014-12-01 08:35:00, 0.0, None 
 47.58, -122.76, 36.0, 2014-12-01 08:37:30, 0.0, None 
 47.87, -123.0, 47.0, 2014-12-01 08:45:00, 0.0, None 
 47.99, -122.86, 39.0, 2014-12-01 08:47:30, 0.0, None 
 47.96, -122.875, 59.0, 2014-12-01 08:52:30, 0.0, None 
 47.76, -123.1, 39.0, 2014-12-01 08:55:00, 0.0, None 
 47.79, -123.09, 60.0, 2014-12-01 08:57:30, 0.0, None 
 47.8, -122.965, 60.0, 2014-12-01 09:00:00, 0.0, None 
 47.525, -123.075, 34.0, 2014-12-01 09:02:30, 0.0, None 
 47.525, -123.065, 32.0, 2014-12-01 09:05:00, 0.0, None 
 47.88, -123.22, 60.0, 2014-12-01 09:07:30, 0.0, None 
 47.53, -123.125, 20.0, 2014-12-01 09:07:30, 0.0, None 
 47.82, -123.42, 31.0, 2014-12-01 09:10:00, 0.0, None 
 48.04, -123.32, 20.0, 2014-12-01 09:12:30, 0.0, None 
 47.81, -123.435, 31.0, 2014-12-01 09:12:30, 0.0, None 
 47.75, -123.34, 48.5, 2014-12-01 09:17:30, 0.0, None 
 47.57, -122.97, 60.0, 2014-12-01 09:22:30, 0.0, None 
 47.605, -123.01, 60.0, 2014-12-01 09:27:30, 0.0, None 
 47.31, -123.41, 21.0, 2014-12-01 09:37:30, 0.0, None 
 47.89, -123.54, 60.0, 2014-12-01 09:40:00, 0.0, None 
 48.04, -122.98, 26.0, 2014-12-01 09:50:00, 0.0, None 
 48.08, -122.87, 31.0, 2014-12-01 09:52:30, 0.0, None 
 48.005, -122.92, 51.5, 2014-12-01 09:55:00, 0.0, None 
 47.905, -123.51, 60.0, 2014-12-01 09:57:30, 0.0, None 
 48.01, -123.015, 34.0, 2014-12-01 10:00:00, 0.0, None 
 47.9, -122.9, 30.0, 2014-12-01 10:02:30, 0.0, None 
 47.79, -122.93, 51.0, 2014-12-01 10:07:30, 0.0, None 
 47.815, -122.85, 57.0, 2014-12-01 10:15:00, 0.0, None 
 47.88, -122.93, 60.0, 2014-12-01 10:17:30, 0.0, None 
 48.02, -123.2, 41.0, 2014-12-01 10:20:00, 0.0, None 
 47.95, -122.84, 20.0, 2014-12-01 10:22:30, 0.0, None 
 47.9, -122.935, 60.0, 2014-12-01 10:25:00, 0.0, None 
 47.93, -122.95, 41.5, 2014-12-01 10:27:30, 0.0, None 
 48.035, -123.045, 39.2, 2014-12-01 10:35:00, 0.0, None 
 48.01, -123.10799999999999, 38.5, 2014-12-01 10:37:30, 0.0, None 
 48.15, -123.19, 26.0, 2014-12-01 10:40:00, 0.0, None 
 47.58, -122.99, 44.0, 2014-12-01 10:42:30, 0.0, None 
 47.58, -122.815, 20.0, 2014-12-01 10:50:00, 0.0, None 
 47.97, -123.1, 54.0, 2014-12-01 11:02:30, 0.0, None 
 47.97, -123.11, 54.0, 2014-12-01 11:05:00, 0.0, None 
 47.55, -122.83, 52.0, 2014-12-01 11:07:30, 0.0, None 
 48.1, -123.07, 20.0, 2014-12-01 11:10:00, 0.0, None 
 47.88, -123.53, 39.0, 2014-12-01 11:12:30, 0.0, None 
 48.08, -123.36, 60.0, 2014-12-01 11:42:30, 0.0, None 
 47.55, -123.0, 40.0, 2014-12-01 11:47:30, 0.0, None 
 47.61, -122.95, 40.5, 2014-12-01 11:50:00, 0.0, None 
 47.52, -123.01, 20.0, 2014-12-01 11:52:30, 0.0, None 
 47.94, -122.9, 40.0, 2014-12-01 12:00:00, 0.0, None 
 47.86, -122.78, 60.0, 2014-12-01 12:02:30, 0.0, None 
 47.95, -122.92, 56.5, 2014-12-01 12:05:00, 0.0, None 
 47.98, -123.02, 45.0, 2014-12-01 12:07:30, 0.0, None 
 48.045, -122.835, 30.0, 2014-12-01 12:15:00, 0.0, None 
 48.06, -122.82, 30.0, 2014-12-01 12:17:30, 0.0, None 
 47.71, -123.42, 44.0, 2014-12-01 12:25:00, 0.0, None 
 47.98, -123.45, 48.5, 2014-12-01 12:27:30, 0.0, None 
 47.945, -123.12, 34.0, 2014-12-01 12:30:00, 0.0, None 
 47.985, -123.14, 36.0, 2014-12-01 12:32:30, 0.0, None 
 48.095, -123.238, 31.0, 2014-12-01 12:35:00, 0.0, None 
 47.82, -123.38, 60.0, 2014-12-01 12:37:30, 0.0, None 
 47.61, -122.76, 44.0, 2014-12-01 12:52:30, 0.0, None 
 48.025, -123.315, 20.5, 2014-12-01 13:12:30, 0.0, None 
 48.0, -123.31200000000001, 23.0, 2014-12-01 13:15:00, 0.0, None 
 48.0, -123.305, 25.0, 2014-12-01 13:17:30, 0.0, None 
 48.0, -123.302, 36.0, 2014-12-01 13:20:00, 0.0, None 
 48.06, -123.29, 21.0, 2014-12-01 13:22:30, 0.0, None 
 47.58, -122.76, 45.5, 2014-12-01 13:22:30, 0.0, None 
 48.1, -123.29, 20.0, 2014-12-01 13:25:00, 0.0, None 
 47.6, -122.88, 38.0, 2014-12-01 13:25:00, 0.0, None 
 48.07, -123.28, 20.0, 2014-12-01 13:27:30, 0.0, None 
 47.905, -123.2, 20.0, 2014-12-01 13:30:00, 0.0, None 
 48.01, -123.2, 20.0, 2014-12-01 13:32:30, 0.0, None 
 47.995, -123.215, 20.0, 2014-12-01 13:35:00, 0.0, None 
 48.01, -123.275, 60.0, 2014-12-01 13:42:30, 0.0, None 
 47.97, -123.39, 54.0, 2014-12-01 13:45:00, 0.0, None 
 47.98, -123.525, 60.0, 2014-12-01 13:47:30, 0.0, None 
 48.04, -123.185, 32.8, 2014-12-01 13:52:30, 0.0, None 
 48.052, -123.2, 35.8, 2014-12-01 13:55:00, 0.0, None 
 48.04, -123.33, 60.0, 2014-12-01 13:57:30, 0.0, None 
 47.53, -122.895, 28.0, 2014-12-01 14:10:00, 0.0, None 
 47.53, -122.72, 27.0, 2014-12-01 14:12:30, 0.0, None 
 47.55, -122.82, 30.0, 2014-12-01 14:15:00, 0.0, None 
 48.03, -122.985, 56.5, 2014-12-01 14:17:30, 0.0, None 
 48.02, -123.105, 52.5, 2014-12-01 14:20:00, 0.0, None 
 47.9, -122.95, 32.0, 2014-12-01 14:22:30, 0.0, None 
 48.09, -123.0, 48.5, 2014-12-01 14:40:00, 0.0, None 
 47.87, -122.8, 60.0, 2014-12-01 14:57:30, 0.0, None 
 47.89, -123.6, 28.0, 2014-12-01 15:05:00, 0.0, None 
 48.02, -123.23, 29.0, 2014-12-01 15:20:00, 0.0, None 
 47.99, -123.555, 50.0, 2014-12-01 16:07:30, 0.0, None 
 47.92, -123.6, 60.0, 2014-12-01 16:30:00, 0.0, None 
 48.2, -123.31, 20.0, 2014-12-01 16:32:30, 0.0, None 
 48.01, -123.11, 46.0, 2014-12-01 16:32:30, 0.0, None 
 47.99, -123.16, 33.0, 2014-12-01 16:35:00, 0.0, None 
 47.625, -122.975, 20.0, 2014-12-01 16:42:30, 0.0, None 
 47.98, -123.24, 50.0, 2014-12-01 16:50:00, 0.0, None 
 47.935, -122.78, 46.5, 2014-12-01 17:00:00, 0.0, None 
 47.89, -122.82, 60.0, 2014-12-01 17:02:30, 0.0, None 
 48.02, -123.02, 36.5, 2014-12-01 17:12:30, 0.0, None 
 47.955, -123.38, 60.0, 2014-12-01 17:15:00, 0.0, None 
 48.065, -123.08, 43.5, 2014-12-01 17:20:00, 0.0, None 
 48.04, -123.1, 36.0, 2014-12-01 17:22:30, 0.0, None 
 47.99, -123.26, 28.2, 2014-12-01 17:25:00, 0.0, None 
 47.97, -123.26799999999999, 25.5, 2014-12-01 17:27:30, 0.0, None 
 47.72, -123.485, 60.0, 2014-12-01 17:37:30, 0.0, None 
 47.79, -123.33, 55.5, 2014-12-01 17:40:00, 0.0, None 
 48.0, -122.99, 51.0, 2014-12-01 17:42:30, 0.0, None 
 48.0, -123.02, 48.5, 2014-12-01 17:45:00, 0.0, None 
 47.98, -122.96, 48.0, 2014-12-01 17:50:00, 0.0, None 
 48.0, -123.01, 60.0, 2014-12-01 17:52:30, 0.0, None 
 48.02, -123.04, 60.0, 2014-12-01 17:55:00, 0.0, None 
 47.96, -123.03, 50.0, 2014-12-01 17:57:30, 0.0, None 
 47.91, -123.08, 60.0, 2014-12-01 18:00:00, 0.0, None 
 47.83, -123.2, 60.0, 2014-12-01 18:02:30, 0.0, None 
 47.99, -123.045, 29.0, 2014-12-01 18:10:00, 0.0, None 
 48.06, -122.92, 47.0, 2014-12-01 18:15:00, 0.0, None 
 47.88, -123.2, 20.0, 2014-12-01 18:22:30, 0.0, None 
 47.87, -123.215, 20.0, 2014-12-01 18:25:00, 0.0, None 
 47.845, -123.31, 21.0, 2014-12-01 18:35:00, 0.0, None 
 47.99, -123.045, 49.5, 2014-12-01 18:37:30, 0.0, None 
 48.03, -122.96, 49.0, 2014-12-01 18:40:00, 0.0, None 
 48.18, -123.27, 21.0, 2014-12-01 18:42:30, 0.0, None 
 47.97, -122.95, 49.0, 2014-12-01 18:42:30, 0.0, None 
 47.86, -123.31, 60.0, 2014-12-01 18:47:30, 0.0, None 
 47.765, -123.4, 60.0, 2014-12-01 18:57:30, 0.0, None 
 47.99, -123.045, 43.5, 2014-12-01 19:00:00, 0.0, None 
 47.885, -122.985, 52.0, 2014-12-01 19:02:30, 0.0, None 
 47.87, -123.31, 47.5, 2014-12-01 19:05:00, 0.0, None 
 47.87, -123.4, 53.0, 2014-12-01 19:07:30, 0.0, None 
 47.84, -122.8, 60.0, 2014-12-01 19:12:30, 0.0, None 
 48.045, -123.29, 20.0, 2014-12-01 19:17:30, 0.0, None 
 47.985, -123.265, 28.5, 2014-12-01 19:20:00, 0.0, None 
 48.04, -123.31, 20.0, 2014-12-01 19:22:30, 0.0, None 
 48.095, -123.45, 60.0, 2014-12-01 19:25:00, 0.0, None 
 47.91, -122.85, 20.0, 2014-12-01 19:30:00, 0.0, None 
 47.99, -122.88, 35.0, 2014-12-01 19:35:00, 0.0, None 
 47.97, -122.78, 34.0, 2014-12-01 19:37:30, 0.0, None 
 48.015, -122.88, 25.5, 2014-12-01 19:40:00, 0.0, None 
 48.07, -122.83, 30.0, 2014-12-01 19:45:00, 0.0, None 
 47.92, -122.92, 32.0, 2014-12-01 19:50:00, 0.0, None 
 47.8, -122.89, 33.0, 2014-12-01 20:10:00, 0.0, None 
 47.7, -123.47, 60.0, 2014-12-01 20:12:30, 0.0, None 
 47.68, -122.99, 32.0, 2014-12-01 20:25:00, 0.0, None 
 47.8, -122.91, 27.0, 2014-12-01 20:42:30, 0.0, None 
 48.125, -122.87, 49.0, 2014-12-01 21:00:00, 0.0, None 
 48.12, -122.89, 50.0, 2014-12-01 21:02:30, 0.0, None 
 48.13, -122.81, 50.5, 2014-12-01 21:05:00, 0.0, None 
 47.41, -122.89, 20.0, 2014-12-01 21:25:00, 0.0, None 
 47.64, -122.82, 50.0, 2014-12-01 21:27:30, 0.0, None 
 47.52, -122.76, 34.0, 2014-12-01 21:42:30, 0.0, None 
 48.04, -122.76, 60.0, 2014-12-01 22:07:30, 0.0, None 
 48.02, -122.91, 36.0, 2014-12-01 22:52:30, 0.0, None 
 48.02, -123.17, 20.0, 2014-12-01 22:55:00, 0.0, None 
 48.095, -122.93, 43.0, 2014-12-01 22:57:30, 0.0, None 
 48.11, -122.74, 20.0, 2014-12-01 23:00:00, 0.0, None 
 47.97, -123.51, 51.0, 2014-12-01 23:27:30, 0.0, None 
 47.945, -123.47, 56.5, 2014-12-01 23:30:00, 0.0, None 
 48.05, -123.12, 48.0, 2014-12-01 23:32:30, 0.0, None 
 48.01, -123.16, 44.0, 2014-12-01 23:35:00, 0.0, None 
 47.96, -123.115, 45.0, 2014-12-01 23:37:30, 0.0, None 
 47.935, -123.45, 60.0, 2014-12-01 23:37:30, 0.0, None 
 47.975, -123.405, 60.0, 2014-12-01 23:40:00, 0.0, None 
 47.8, -123.38, 20.0, 2014-12-01 23:50:00, 0.0, None 
 48.22, -122.84, 60.0, 2014-12-02 00:02:30, 0.0, None 
 48.22, -122.91, 51.5, 2014-12-02 00:05:00, 0.0, None 
 48.13, -122.97, 53.0, 2014-12-02 00:07:30, 0.0, None 
 48.12, -122.88, 30.0, 2014-12-02 00:10:00, 0.0, None 
 48.13, -122.83, 28.5, 2014-12-02 00:12:30, 0.0, None 
 48.12, -122.84, 42.0, 2014-12-02 00:15:00, 0.0, None 
 48.09, -122.96, 60.0, 2014-12-02 00:22:30, 0.0, None 
 48.11, -122.91, 52.0, 2014-12-02 00:25:00, 0.0, None 
 48.14, -123.0, 20.0, 2014-12-02 01:07:30, 0.0, None 
 48.18, -122.8, 36.0, 2014-12-02 01:15:00, 0.0, None 
 48.17, -122.765, 33.0, 2014-12-02 01:17:30, 0.0, None 
 48.005, -123.412, 37.8, 2014-12-02 02:00:00, 0.0, None 
 48.12, -122.95, 39.0, 2014-12-02 02:15:00, 0.0, None 
 47.99, -123.42, 51.0, 2014-12-02 02:30:00, 0.0, None 
 48.02, -123.27, 20.0, 2014-12-02 03:10:00, 0.0, None 
 48.1, -123.445, 51.0, 2014-12-02 03:15:00, 0.0, None 
 48.06, -123.57, 50.0, 2014-12-02 03:17:30, 0.0, None 
 47.8, -123.36, 60.0, 2014-12-02 03:25:00, 0.0, None 
 48.01, -122.98, 43.0, 2014-12-02 03:25:00, 0.0, None 
 48.23, -122.995, 60.0, 2014-12-02 03:27:30, 0.0, None 
 48.035, -123.162, 38.5, 2014-12-02 03:37:30, 0.0, None 
 48.05, -123.13, 39.0, 2014-12-02 03:40:00, 0.0, None 
 48.07, -123.185, 26.0, 2014-12-02 03:42:30, 0.0, None 
 48.055, -123.175, 25.8, 2014-12-02 03:45:00, 0.0, None 
 48.21, -122.97, 52.0, 2014-12-02 03:47:30, 0.0, None 
 48.0, -123.135, 55.5, 2014-12-02 03:52:30, 0.0, None 
 48.08, -123.12, 60.0, 2014-12-02 03:55:00, 0.0, None 
 47.81, -123.55, 60.0, 2014-12-02 03:57:30, 0.0, None 
 48.07, -123.5, 53.0, 2014-12-02 04:00:00, 0.0, None 
 48.09, -123.45, 60.0, 2014-12-02 04:02:30, 0.0, None 
 48.17, -123.6, 35.0, 2014-12-02 04:30:00, 0.0, None 
 47.81, -123.63, 60.0, 2014-12-02 04:42:30, 0.0, None 
 48.22, -122.99, 56.5, 2014-12-02 04:57:30, 0.0, None 
 48.165, -123.042, 55.5, 2014-12-02 05:02:30, 0.0, None 
 48.035, -123.16, 30.0, 2014-12-02 05:07:30, 0.0, None 
 47.97, -123.29, 29.0, 2014-12-02 05:10:00, 0.0, None 
 48.09, -123.325, 41.0, 2014-12-02 05:15:00, 0.0, None 
 48.035, -123.32, 60.0, 2014-12-02 05:20:00, 0.0, None 
 48.0, -123.31, 60.0, 2014-12-02 05:22:30, 0.0, None 
 48.18, -123.575, 38.0, 2014-12-02 05:37:30, 0.0, None 
 48.2, -123.06, 56.0, 2014-12-02 05:40:00, 0.0, None 
 48.2, -123.085, 60.0, 2014-12-02 05:42:30, 0.0, None 
 48.185, -122.99, 60.0, 2014-12-02 05:47:30, 0.0, None 
 48.19, -123.1, 56.5, 2014-12-02 05:50:00, 0.0, None 
 48.495, -123.72, 60.0, 2014-12-02 05:52:30, 0.0, None 
 48.23, -123.085, 55.0, 2014-12-02 05:52:30, 0.0, None 
 48.54, -123.69, 20.0, 2014-12-02 05:55:00, 0.0, None 
 48.54, -123.7, 20.0, 2014-12-02 05:57:30, 0.0, None 
 48.06, -123.0, 40.0, 2014-12-02 06:02:30, 0.0, None 
 48.05, -123.2, 50.0, 2014-12-02 06:05:00, 0.0, None 
 48.2, -122.93, 20.0, 2014-12-02 06:07:30, 0.0, None 
 48.2, -123.015, 39.0, 2014-12-02 06:10:00, 0.0, None 
 48.21, -122.99, 20.0, 2014-12-02 06:17:30, 0.0, None 
 48.22, -123.16, 41.5, 2014-12-02 06:20:00, 0.0, None 
 48.19, -123.065, 31.5, 2014-12-02 06:22:30, 0.0, None 
 48.18, -123.02, 20.0, 2014-12-02 06:25:00, 0.0, None 
 48.03, -123.07, 20.5, 2014-12-02 06:27:30, 0.0, None 
 48.02, -123.36, 46.5, 2014-12-02 06:30:00, 0.0, None 
 48.0, -123.16, 42.5, 2014-12-02 06:32:30, 0.0, None 
 48.24, -122.97, 60.0, 2014-12-02 06:37:30, 0.0, None 
 48.22, -123.01, 33.0, 2014-12-02 06:40:00, 0.0, None 
 48.21, -123.165, 55.5, 2014-12-02 06:42:30, 0.0, None 
 48.218, -123.11, 40.5, 2014-12-02 06:45:00, 0.0, None 
 48.28, -122.94, 60.0, 2014-12-02 06:52:30, 0.0, None 
 48.17, -122.97, 33.0, 2014-12-02 06:55:00, 0.0, None 
 48.18, -123.54, 29.0, 2014-12-02 07:02:30, 0.0, None 
 47.92, -123.06, 27.0, 2014-12-02 07:22:30, 0.0, None 
 48.11, -123.395, 60.0, 2014-12-02 07:25:00, 0.0, None 
 48.09, -123.15, 60.0, 2014-12-02 07:40:00, 0.0, None 
 48.22, -122.91, 46.0, 2014-12-02 07:45:00, 0.0, None 
 48.203, -123.295, 52.2, 2014-12-02 07:47:30, 0.0, None 
 48.23, -123.165, 60.0, 2014-12-02 07:50:00, 0.0, None 
 48.19, -123.28, 49.5, 2014-12-02 07:52:30, 0.0, None 
 48.248000000000005, -123.09, 35.5, 2014-12-02 07:55:00, 0.0, None 
 48.23, -123.06, 60.0, 2014-12-02 07:57:30, 0.0, None 
 48.27, -123.09, 49.0, 2014-12-02 08:00:00, 0.0, None 
 48.22, -123.2, 45.0, 2014-12-02 08:02:30, 0.0, None 
 48.17, -123.02, 35.5, 2014-12-02 08:05:00, 0.0, None 
 48.16, -123.04, 58.0, 2014-12-02 08:07:30, 0.0, None 
 48.18, -123.08, 60.0, 2014-12-02 08:10:00, 0.0, None 
 48.07, -123.245, 56.0, 2014-12-02 08:12:30, 0.0, None 
 48.11, -123.27, 49.0, 2014-12-02 08:20:00, 0.0, None 
 48.02, -123.04, 20.0, 2014-12-02 08:22:30, 0.0, None 
 47.93, -123.165, 56.0, 2014-12-02 08:25:00, 0.0, None 
 48.03, -123.18, 35.0, 2014-12-02 08:27:30, 0.0, None 
 48.071999999999996, -123.195, 33.0, 2014-12-02 08:30:00, 0.0, None 
 48.13, -123.2, 20.0, 2014-12-02 08:32:30, 0.0, None 
 47.965, -123.53, 60.0, 2014-12-02 08:32:30, 0.0, None 
 48.095, -123.26, 60.0, 2014-12-02 08:35:00, 0.0, None 
 48.19, -123.06200000000001, 32.8, 2014-12-02 08:37:30, 0.0, None 
 48.04, -123.015, 29.0, 2014-12-02 08:40:00, 0.0, None 
 48.13, -122.98, 39.0, 2014-12-02 08:42:30, 0.0, None 
 48.21, -122.92, 38.0, 2014-12-02 08:45:00, 0.0, None 
 48.165, -123.045, 36.8, 2014-12-02 08:47:30, 0.0, None 
 48.02, -123.115, 60.0, 2014-12-02 08:50:00, 0.0, None 
 48.01, -123.29, 47.0, 2014-12-02 08:55:00, 0.0, None 
 47.95, -123.1, 20.0, 2014-12-02 09:00:00, 0.0, None 
 48.06, -123.05, 24.5, 2014-12-02 09:02:30, 0.0, None 
 47.93, -123.16, 20.0, 2014-12-02 09:05:00, 0.0, None 
 48.071999999999996, -123.22200000000001, 38.2, 2014-12-02 09:07:30, 0.0, None 
 48.04, -123.22200000000001, 45.5, 2014-12-02 09:10:00, 0.0, None 
 48.0, -123.19, 42.0, 2014-12-02 09:12:30, 0.0, None 
 48.04, -123.085, 32.5, 2014-12-02 09:15:00, 0.0, None 
 48.27, -123.07, 20.0, 2014-12-02 09:17:30, 0.0, None 
 48.08, -122.89, 60.0, 2014-12-02 09:17:30, 0.0, None 
 48.095, -123.16, 25.5, 2014-12-02 09:20:00, 0.0, None 
 48.01, -123.275, 54.5, 2014-12-02 09:22:30, 0.0, None 
 48.2, -123.135, 31.5, 2014-12-02 09:25:00, 0.0, None 
 48.16, -123.1, 28.0, 2014-12-02 09:27:30, 0.0, None 
 47.975, -123.005, 27.5, 2014-12-02 09:30:00, 0.0, None 
 48.015, -122.905, 38.0, 2014-12-02 09:32:30, 0.0, None 
 48.11, -123.0, 54.0, 2014-12-02 09:35:00, 0.0, None 
 48.215, -123.29, 40.0, 2014-12-02 09:40:00, 0.0, None 
 48.005, -123.34, 33.5, 2014-12-02 09:42:30, 0.0, None 
 48.0, -123.21, 60.0, 2014-12-02 09:45:00, 0.0, None 
 48.19, -123.31, 20.0, 2014-12-02 09:47:30, 0.0, None 
 48.24, -123.48, 60.0, 2014-12-02 10:15:00, 0.0, None 
 48.04, -123.47, 30.0, 2014-12-02 10:17:30, 0.0, None 
 48.18, -123.23, 20.0, 2014-12-02 10:27:30, 0.0, None 
 48.278, -123.055, 28.0, 2014-12-02 10:32:30, 0.0, None 
 48.235, -123.02799999999999, 25.5, 2014-12-02 10:35:00, 0.0, None 
 48.21, -122.955, 40.0, 2014-12-02 10:37:30, 0.0, None 
 48.15, -123.36, 60.0, 2014-12-02 10:42:30, 0.0, None 
 48.04, -123.385, 52.5, 2014-12-02 11:07:30, 0.0, None 
 48.105, -123.34299999999999, 40.0, 2014-12-02 11:10:00, 0.0, None 
 48.22, -123.005, 50.0, 2014-12-02 11:30:00, 0.0, None 
 48.18, -123.59, 20.0, 2014-12-02 11:50:00, 0.0, None 
 48.14, -123.115, 60.0, 2014-12-02 11:50:00, 0.0, None 
 48.2, -123.04, 43.5, 2014-12-02 11:55:00, 0.0, None 
 47.93, -123.52, 60.0, 2014-12-02 11:57:30, 0.0, None 
 48.195, -123.455, 60.0, 2014-12-02 12:00:00, 0.0, None 
 48.22, -123.1, 44.0, 2014-12-02 12:02:30, 0.0, None 
 48.21, -123.07, 47.5, 2014-12-02 12:05:00, 0.0, None 
 48.21, -123.07, 54.5, 2014-12-02 12:07:30, 0.0, None 
 48.08, -123.285, 59.0, 2014-12-02 12:10:00, 0.0, None 
 48.08, -123.39, 60.0, 2014-12-02 12:12:30, 0.0, None 
 48.16, -123.315, 60.0, 2014-12-02 12:15:00, 0.0, None 
 48.16, -123.28, 60.0, 2014-12-02 12:17:30, 0.0, None 
 48.11, -123.11, 49.0, 2014-12-02 12:20:00, 0.0, None 
 48.2, -123.21, 27.0, 2014-12-02 12:30:00, 0.0, None 
 47.895, -123.515, 60.0, 2014-12-02 12:30:00, 0.0, None 
 47.925, -123.5, 60.0, 2014-12-02 12:32:30, 0.0, None 
 48.24, -123.01, 44.0, 2014-12-02 13:22:30, 0.0, None 
 48.26, -123.12700000000001, 41.0, 2014-12-02 13:27:30, 0.0, None 
 48.282, -123.125, 38.2, 2014-12-02 13:30:00, 0.0, None 
 47.77, -123.59, 60.0, 2014-12-02 13:32:30, 0.0, None 
 48.065, -123.22, 39.0, 2014-12-02 13:35:00, 0.0, None 
 48.11, -123.04, 54.0, 2014-12-02 13:40:00, 0.0, None 
 47.77, -123.53, 60.0, 2014-12-02 13:57:30, 0.0, None 
 48.21, -123.06, 34.5, 2014-12-02 14:30:00, 0.0, None 
 48.198, -123.162, 37.5, 2014-12-02 14:32:30, 0.0, None 
 48.18, -123.18299999999999, 49.8, 2014-12-02 14:35:00, 0.0, None 
 48.185, -123.165, 51.5, 2014-12-02 14:37:30, 0.0, None 
 48.17, -123.57, 20.0, 2014-12-02 15:02:30, 0.0, None 
 47.96, -123.375, 40.0, 2014-12-02 15:25:00, 0.0, None 
 48.07, -123.21, 20.0, 2014-12-02 15:55:00, 0.0, None 
 48.068000000000005, -123.072, 20.0, 2014-12-02 16:00:00, 0.0, None 
 48.088, -123.07, 25.8, 2014-12-02 16:02:30, 0.0, None 
 48.28, -123.09, 52.0, 2014-12-02 16:17:30, 0.0, None 
 48.03, -123.1, 39.0, 2014-12-02 16:22:30, 0.0, None 
 48.055, -123.105, 41.8, 2014-12-02 16:25:00, 0.0, None 
 48.21, -123.1, 30.0, 2014-12-02 16:37:30, 0.0, None 
 48.12, -123.05, 47.0, 2014-12-02 17:37:30, 0.0, None 
 47.77, -123.61, 20.0, 2014-12-02 17:57:30, 0.0, None 
 48.2, -122.81, 60.0, 2014-12-02 18:05:00, 0.0, None 
 48.05, -123.3, 21.0, 2014-12-02 18:25:00, 0.0, None 
 48.1, -123.185, 24.0, 2014-12-02 18:27:30, 0.0, None 
 48.1, -123.21, 20.0, 2014-12-02 18:30:00, 0.0, None 
 48.13, -123.14, 40.5, 2014-12-02 18:45:00, 0.0, None 
 48.2, -123.17, 45.0, 2014-12-02 18:47:30, 0.0, None 
 48.11, -123.02, 34.0, 2014-12-02 18:50:00, 0.0, None 
 48.11, -123.13, 48.0, 2014-12-02 18:52:30, 0.0, None 
 48.19, -123.285, 59.5, 2014-12-02 18:55:00, 0.0, None 
 48.21, -123.15, 60.0, 2014-12-02 18:57:30, 0.0, None 
 48.21, -123.18, 41.0, 2014-12-02 19:00:00, 0.0, None 
 48.138000000000005, -123.27799999999999, 45.5, 2014-12-02 19:02:30, 0.0, None 
 48.22, -123.1, 60.0, 2014-12-02 19:05:00, 0.0, None 
 48.22, -123.1, 60.0, 2014-12-02 19:07:30, 0.0, None 
 48.215, -123.045, 29.0, 2014-12-02 19:10:00, 0.0, None 
 48.2, -123.06, 36.0, 2014-12-02 19:12:30, 0.0, None 
 47.96, -123.49, 60.0, 2014-12-02 19:25:00, 0.0, None 
 48.28, -123.02, 60.0, 2014-12-02 19:42:30, 0.0, None 
 48.2, -123.59, 60.0, 2014-12-02 20:05:00, 0.0, None 
 48.23, -122.99, 20.0, 2014-12-02 20:25:00, 0.0, None 
 48.19, -123.08, 20.0, 2014-12-02 20:35:00, 0.0, None 
 48.18, -123.175, 24.5, 2014-12-02 21:07:30, 0.0, None 
 48.22, -123.075, 26.0, 2014-12-02 21:10:00, 0.0, None 
 48.015, -123.28200000000001, 20.0, 2014-12-02 21:30:00, 0.0, None 
 48.05, -123.29, 20.0, 2014-12-02 21:32:30, 0.0, None 
 47.98, -123.305, 60.0, 2014-12-02 21:37:30, 0.0, None 
 48.05, -123.29, 20.0, 2014-12-02 21:42:30, 0.0, None 
 48.08, -123.23, 33.0, 2014-12-02 21:45:00, 0.0, None 
 47.992, -123.435, 40.0, 2014-12-02 21:47:30, 0.0, None 
 47.885, -123.525, 60.0, 2014-12-02 21:50:00, 0.0, None 
 48.075, -123.14, 39.0, 2014-12-02 21:52:30, 0.0, None 
 48.06, -123.08, 60.0, 2014-12-02 21:57:30, 0.0, None 
 48.13, -123.28, 56.5, 2014-12-02 22:00:00, 0.0, None 
 48.115, -123.22, 40.0, 2014-12-02 22:02:30, 0.0, None 
 48.125, -122.975, 60.0, 2014-12-02 22:05:00, 0.0, None 
 48.0, -123.11, 41.0, 2014-12-02 22:12:30, 0.0, None 
 47.97, -123.03, 50.0, 2014-12-02 22:15:00, 0.0, None 
 48.01, -123.22, 34.0, 2014-12-02 22:20:00, 0.0, None 
 48.2, -123.18, 32.0, 2014-12-02 22:22:30, 0.0, None 
 47.93, -123.235, 20.0, 2014-12-02 22:22:30, 0.0, None 
 48.17, -123.41, 50.0, 2014-12-02 22:25:00, 0.0, None 
 48.22, -123.55, 60.0, 2014-12-02 22:27:30, 0.0, None 
 48.2, -122.92, 56.0, 2014-12-02 22:47:30, 0.0, None 
 48.07, -123.19, 20.0, 2014-12-02 22:50:00, 0.0, None 
 48.09, -123.16, 20.0, 2014-12-02 22:52:30, 0.0, None 
 48.09, -123.18, 34.0, 2014-12-02 23:37:30, 0.0, None 
 48.09, -123.18, 35.0, 2014-12-02 23:40:00, 0.0, None 
 48.04, -123.21, 20.0, 2014-12-03 01:37:30, 0.0, None 
 48.11, -123.17, 37.5, 2014-12-03 02:27:30, 0.0, None 
 48.115, -123.17, 35.0, 2014-12-03 02:30:00, 0.0, None 
 47.99, -123.28, 20.0, 2014-12-03 02:40:00, 0.0, None 
 48.085, -123.235, 40.5, 2014-12-03 02:42:30, 0.0, None 
 48.08, -123.27, 55.5, 2014-12-03 02:45:00, 0.0, None 
 48.04, -123.1, 23.0, 2014-12-03 02:47:30, 0.0, None 
 48.15, -123.14, 60.0, 2014-12-03 03:37:30, 0.0, None 
 48.145, -123.18, 60.0, 2014-12-03 03:40:00, 0.0, None 
 48.225, -123.22, 39.0, 2014-12-03 04:02:30, 0.0, None 
 48.24, -123.21, 52.0, 2014-12-03 04:07:30, 0.0, None 
 48.17, -123.23, 49.5, 2014-12-03 04:12:30, 0.0, None 
 48.265, -123.15, 28.5, 2014-12-03 04:17:30, 0.0, None 
 48.24, -123.105, 32.0, 2014-12-03 04:20:00, 0.0, None 
 48.263000000000005, -123.13799999999999, 31.8, 2014-12-03 04:22:30, 0.0, None 
 48.22, -123.14, 35.0, 2014-12-03 04:25:00, 0.0, None 
 48.1, -123.07, 24.0, 2014-12-03 04:32:30, 0.0, None 
 48.2, -123.71, 56.0, 2014-12-03 04:45:00, 0.0, None 
 48.1, -123.27, 30.0, 2014-12-03 04:50:00, 0.0, None 
 48.11, -123.295, 27.5, 2014-12-03 04:52:30, 0.0, None 
 48.2, -123.69, 60.0, 2014-12-03 05:20:00, 0.0, None 
 48.23, -123.24, 39.0, 2014-12-03 05:50:00, 0.0, None 
 48.2, -123.32, 45.0, 2014-12-03 06:35:00, 0.0, None 
 48.09, -123.2, 38.5, 2014-12-03 06:55:00, 0.0, None 
 47.99, -123.25, 60.0, 2014-12-03 06:57:30, 0.0, None 
 47.95, -123.295, 60.0, 2014-12-03 07:12:30, 0.0, None 
 47.99, -123.205, 54.0, 2014-12-03 07:17:30, 0.0, None 
 47.99, -123.36, 60.0, 2014-12-03 07:20:00, 0.0, None 
 48.17, -123.71, 52.0, 2014-12-03 07:22:30, 0.0, None 
 48.05, -123.29, 25.0, 2014-12-03 07:25:00, 0.0, None 
 48.255, -123.695, 54.5, 2014-12-03 07:25:00, 0.0, None 
 48.21, -123.31, 31.5, 2014-12-03 07:35:00, 0.0, None 
 48.07, -123.29, 25.5, 2014-12-03 07:37:30, 0.0, None 
 48.05, -123.2, 20.0, 2014-12-03 07:40:00, 0.0, None 
 48.1, -123.19, 29.0, 2014-12-03 07:52:30, 0.0, None 
 48.03, -123.19, 46.0, 2014-12-03 08:15:00, 0.0, None 
 48.19, -123.21, 30.0, 2014-12-03 08:22:30, 0.0, None 
 48.05, -123.29, 20.0, 2014-12-03 08:37:30, 0.0, None 
 48.14, -123.66, 60.0, 2014-12-03 08:37:30, 0.0, None 
 48.185, -123.66, 60.0, 2014-12-03 08:40:00, 0.0, None 
 48.08, -123.29, 20.0, 2014-12-03 08:42:30, 0.0, None 
 47.88, -123.515, 59.5, 2014-12-03 08:57:30, 0.0, None 
 48.115, -123.4, 20.0, 2014-12-03 09:37:30, 0.0, None 
 48.01, -123.61, 60.0, 2014-12-03 09:40:00, 0.0, None 
 48.155, -123.26, 28.5, 2014-12-03 09:42:30, 0.0, None 
 48.2, -123.255, 20.0, 2014-12-03 09:45:00, 0.0, None 
 48.2, -123.16, 29.0, 2014-12-03 09:47:30, 0.0, None 
 48.2, -123.15, 31.0, 2014-12-03 09:50:00, 0.0, None 
 48.22, -123.12, 24.0, 2014-12-03 09:52:30, 0.0, None 
 48.2, -123.19, 40.0, 2014-12-03 09:55:00, 0.0, None 
 48.205, -123.17, 22.5, 2014-12-03 10:00:00, 0.0, None 
 48.18, -123.22200000000001, 33.2, 2014-12-03 10:02:30, 0.0, None 
 48.11, -123.525, 44.0, 2014-12-03 10:05:00, 0.0, None 
 48.145, -123.32, 43.0, 2014-12-03 10:07:30, 0.0, None 
 48.07, -123.56, 60.0, 2014-12-03 10:10:00, 0.0, None 
 48.08, -123.52, 60.0, 2014-12-03 10:12:30, 0.0, None 
 48.1, -123.62, 42.0, 2014-12-03 10:17:30, 0.0, None 
 47.985, -123.35, 20.0, 2014-12-03 10:20:00, 0.0, None 
 48.11, -123.08, 44.0, 2014-12-03 10:22:30, 0.0, None 
 48.2, -123.325, 20.0, 2014-12-03 10:27:30, 0.0, None 
 48.13, -123.46, 51.0, 2014-12-03 10:35:00, 0.0, None 
 48.105, -123.38, 60.0, 2014-12-03 10:42:30, 0.0, None 
 48.11, -123.37, 60.0, 2014-12-03 10:45:00, 0.0, None 
 48.13, -123.48, 37.0, 2014-12-03 10:50:00, 0.0, None 
 47.8, -123.48, 60.0, 2014-12-03 10:57:30, 0.0, None 
 48.03, -123.135, 20.0, 2014-12-03 11:02:30, 0.0, None 
 48.05, -123.12, 31.0, 2014-12-03 11:05:00, 0.0, None 
 48.06, -123.12, 32.0, 2014-12-03 11:07:30, 0.0, None 
 48.08, -123.335, 44.0, 2014-12-03 11:10:00, 0.0, None 
 47.93, -123.605, 60.0, 2014-12-03 11:15:00, 0.0, None 
 48.05, -123.33, 20.0, 2014-12-03 11:20:00, 0.0, None 
 47.94, -123.645, 52.0, 2014-12-03 11:22:30, 0.0, None 
 47.98, -123.34, 34.0, 2014-12-03 11:25:00, 0.0, None 
 47.99, -123.3, 38.5, 2014-12-03 11:27:30, 0.0, None 
 48.008, -123.315, 25.5, 2014-12-03 11:30:00, 0.0, None 
 48.08, -123.29, 20.0, 2014-12-03 11:32:30, 0.0, None 
 48.2, -123.26, 28.0, 2014-12-03 11:35:00, 0.0, None 
 47.86, -123.2, 56.0, 2014-12-03 11:52:30, 0.0, None 
 48.1, -123.36, 20.0, 2014-12-03 12:02:30, 0.0, None 
 47.92, -123.35, 32.0, 2014-12-03 12:35:00, 0.0, None 
 47.885, -123.34, 26.0, 2014-12-03 12:37:30, 0.0, None 
 47.94, -123.35, 20.5, 2014-12-03 12:42:30, 0.0, None 
 48.16, -123.27, 49.5, 2014-12-03 12:45:00, 0.0, None 
 48.09, -123.25200000000001, 30.0, 2014-12-03 12:47:30, 0.0, None 
 48.03, -123.285, 24.0, 2014-12-03 12:50:00, 0.0, None 
 48.0, -123.28200000000001, 22.5, 2014-12-03 12:52:30, 0.0, None 
 47.87, -123.29, 20.0, 2014-12-03 12:55:00, 0.0, None 
 47.88, -123.4, 53.0, 2014-12-03 12:57:30, 0.0, None 
 48.045, -123.273, 20.5, 2014-12-03 13:00:00, 0.0, None 
 47.93, -123.25, 20.0, 2014-12-03 13:12:30, 0.0, None 
 47.91, -123.66, 20.0, 2014-12-03 13:27:30, 0.0, None 
 48.21, -123.31, 20.0, 2014-12-03 14:02:30, 0.0, None 
 48.045, -123.495, 47.0, 2014-12-03 14:47:30, 0.0, None 
 47.97, -123.575, 37.5, 2014-12-03 14:50:00, 0.0, None 
 47.9, -123.4, 37.0, 2014-12-03 14:55:00, 0.0, None 
 47.88, -123.43, 30.0, 2014-12-03 14:57:30, 0.0, None 
 47.905, -123.36, 40.0, 2014-12-03 15:00:00, 0.0, None 
 48.06, -123.28, 20.0, 2014-12-03 15:02:30, 0.0, None 
 47.83, -123.315, 34.5, 2014-12-03 15:02:30, 0.0, None 
 47.89, -123.34, 50.5, 2014-12-03 15:05:00, 0.0, None 
 48.02, -123.415, 60.0, 2014-12-03 15:07:30, 0.0, None 
 48.035, -123.49, 60.0, 2014-12-03 15:10:00, 0.0, None 
 48.2, -123.16, 20.0, 2014-12-03 15:15:00, 0.0, None 
 47.87, -123.23, 41.0, 2014-12-03 15:15:00, 0.0, None 
 48.2, -123.2, 26.0, 2014-12-03 15:17:30, 0.0, None 
 47.89, -123.3, 39.0, 2014-12-03 15:17:30, 0.0, None 
 47.92, -123.33, 27.0, 2014-12-03 15:20:00, 0.0, None 
 47.81, -123.32, 41.5, 2014-12-03 15:22:30, 0.0, None 
 47.81, -123.26, 48.0, 2014-12-03 15:25:00, 0.0, None 
 47.89, -123.38, 20.0, 2014-12-03 15:27:30, 0.0, None 
 48.16, -123.33, 20.0, 2014-12-03 15:32:30, 0.0, None 
 47.9, -123.33, 27.5, 2014-12-03 15:32:30, 0.0, None 
 47.95, -123.335, 20.0, 2014-12-03 15:35:00, 0.0, None 
 47.96, -123.3, 24.5, 2014-12-03 15:37:30, 0.0, None 
 48.037, -123.295, 24.0, 2014-12-03 15:40:00, 0.0, None 
 48.055, -123.335, 26.5, 2014-12-03 15:42:30, 0.0, None 
 47.957, -123.28, 21.0, 2014-12-03 15:45:00, 0.0, None 
 47.97, -123.3, 26.5, 2014-12-03 15:47:30, 0.0, None 
 48.04, -123.34, 27.0, 2014-12-03 15:50:00, 0.0, None 
 47.83, -123.52, 60.0, 2014-12-03 15:50:00, 0.0, None 
 47.775, -123.51, 45.0, 2014-12-03 15:57:30, 0.0, None 
 48.09, -123.29, 60.0, 2014-12-03 16:05:00, 0.0, None 
 47.945, -123.125, 60.0, 2014-12-03 16:17:30, 0.0, None 
 48.1, -123.07, 28.0, 2014-12-03 16:20:00, 0.0, None 
 47.9, -123.39, 20.0, 2014-12-03 16:27:30, 0.0, None 
 48.05, -123.32, 20.0, 2014-12-03 16:30:00, 0.0, None 
 47.82, -123.275, 43.5, 2014-12-03 16:30:00, 0.0, None 
 47.87, -123.28, 36.0, 2014-12-03 16:35:00, 0.0, None 
 47.98, -123.37, 20.0, 2014-12-03 16:37:30, 0.0, None 
 47.97, -123.31, 30.0, 2014-12-03 16:40:00, 0.0, None 
 48.01, -123.27, 20.0, 2014-12-03 16:45:00, 0.0, None 
 47.983000000000004, -123.285, 25.0, 2014-12-03 16:47:30, 0.0, None 
 47.957, -123.3, 20.5, 2014-12-03 16:50:00, 0.0, None 
 47.89, -123.23, 47.0, 2014-12-03 16:55:00, 0.0, None 
 47.89, -123.38, 31.0, 2014-12-03 17:02:30, 0.0, None 
 48.005, -123.55, 60.0, 2014-12-03 17:10:00, 0.0, None 
 47.85, -123.4, 55.5, 2014-12-03 17:15:00, 0.0, None 
 48.03, -123.23, 60.0, 2014-12-03 17:17:30, 0.0, None 
 47.92, -123.47, 20.0, 2014-12-03 17:20:00, 0.0, None 
 47.94, -123.43, 30.5, 2014-12-03 17:22:30, 0.0, None 
 47.9, -123.355, 20.0, 2014-12-03 17:27:30, 0.0, None 
 48.17, -123.3, 20.0, 2014-12-03 17:30:00, 0.0, None 
 47.89, -123.38, 37.5, 2014-12-03 17:30:00, 0.0, None 
 47.985, -123.285, 20.0, 2014-12-03 17:32:30, 0.0, None 
 48.1, -123.07, 27.0, 2014-12-03 17:35:00, 0.0, None 
 47.92, -123.31, 20.0, 2014-12-03 17:35:00, 0.0, None 
 47.89, -123.435, 29.0, 2014-12-03 17:37:30, 0.0, None 
 47.905, -123.395, 53.0, 2014-12-03 17:40:00, 0.0, None 
 47.985, -123.19, 47.5, 2014-12-03 17:42:30, 0.0, None 
 48.23, -123.1, 32.0, 2014-12-03 18:00:00, 0.0, None 
 47.985, -123.36, 20.0, 2014-12-03 19:37:30, 0.0, None 
 47.86, -123.42, 48.0, 2014-12-03 19:40:00, 0.0, None 
 48.04, -123.35, 20.0, 2014-12-03 19:42:30, 0.0, None 
 47.91, -123.32, 20.0, 2014-12-03 19:45:00, 0.0, None 
 48.42, -123.07, 60.0, 2014-12-04 01:17:30, 0.0, None 
 47.815, -123.55, 60.0, 2014-12-04 01:57:30, 0.0, None 
 47.91, -123.53, 55.0, 2014-12-04 03:00:00, 0.0, None 
 48.41, -123.205, 40.5, 2014-12-04 03:15:00, 0.0, None 
 48.55, -123.1, 60.0, 2014-12-04 04:40:00, 0.0, None 
 48.05, -123.38, 20.0, 2014-12-04 05:47:30, 0.0, None 
 47.91, -123.5, 20.0, 2014-12-04 05:50:00, 0.0, None 
 47.91, -123.51, 20.0, 2014-12-04 05:52:30, 0.0, None 
 47.915, -123.53, 20.0, 2014-12-04 05:57:30, 0.0, None 
 48.41, -123.08, 20.0, 2014-12-04 08:02:30, 0.0, None 
 48.4, -123.1, 28.0, 2014-12-04 08:05:00, 0.0, None 
 48.39, -123.1, 38.0, 2014-12-04 08:07:30, 0.0, None 
 48.45, -123.12, 55.5, 2014-12-04 08:10:00, 0.0, None 
 48.47, -123.13, 47.0, 2014-12-04 08:12:30, 0.0, None 
 48.44, -123.205, 50.0, 2014-12-04 08:22:30, 0.0, None 
 48.4, -123.165, 23.5, 2014-12-04 08:25:00, 0.0, None 
 47.89, -123.54, 33.0, 2014-12-04 08:55:00, 0.0, None 
 48.04, -123.43, 42.0, 2014-12-04 09:20:00, 0.0, None 
 48.1, -123.26, 60.0, 2014-12-04 09:22:30, 0.0, None 
 47.95, -123.42, 20.0, 2014-12-04 09:32:30, 0.0, None 
 47.99, -123.345, 32.0, 2014-12-04 09:35:00, 0.0, None 
 48.075, -123.28, 60.0, 2014-12-04 09:37:30, 0.0, None 
 47.9, -123.46, 34.0, 2014-12-04 09:40:00, 0.0, None 
 47.99, -123.325, 60.0, 2014-12-04 09:42:30, 0.0, None 
 47.99, -123.33, 27.0, 2014-12-04 09:45:00, 0.0, None 
 47.93, -123.38, 20.0, 2014-12-04 09:50:00, 0.0, None 
 48.085, -123.28, 49.0, 2014-12-04 09:52:30, 0.0, None 
 47.9, -123.37, 20.0, 2014-12-04 09:55:00, 0.0, None 
 47.89, -123.39, 47.5, 2014-12-04 09:57:30, 0.0, None 
 48.025, -123.395, 60.0, 2014-12-04 10:00:00, 0.0, None 
 48.02, -123.38, 31.0, 2014-12-04 10:02:30, 0.0, None 
 47.815, -123.495, 60.0, 2014-12-04 10:05:00, 0.0, None 
 48.02, -123.36, 60.0, 2014-12-04 10:10:00, 0.0, None 
 48.01, -123.26, 60.0, 2014-12-04 10:57:30, 0.0, None 
 48.39, -123.09, 20.0, 2014-12-04 11:02:30, 0.0, None 
 48.42, -123.11, 32.0, 2014-12-04 11:05:00, 0.0, None 
 48.47, -123.13, 52.0, 2014-12-04 11:07:30, 0.0, None 
 48.35, -123.095, 20.0, 2014-12-04 11:10:00, 0.0, None 
 48.36, -123.11, 29.0, 2014-12-04 11:12:30, 0.0, None 
 47.83, -123.53, 20.0, 2014-12-04 18:40:00, 0.0, None 
 47.95, -123.39, 60.0, 2014-12-04 19:05:00, 0.0, None 
 47.82, -123.47, 40.0, 2014-12-04 23:00:00, 0.0, None 
 47.86, -123.6, 20.0, 2014-12-05 00:47:30, 0.0, None 
 48.4, -123.14, 27.0, 2014-12-05 03:00:00, 0.0, None 
 48.39, -123.13, 20.0, 2014-12-05 03:02:30, 0.0, None 
 48.295, -123.0, 47.0, 2014-12-05 03:07:30, 0.0, None 
 48.39, -123.08, 20.0, 2014-12-05 03:10:00, 0.0, None 
 48.405, -123.105, 20.0, 2014-12-05 03:12:30, 0.0, None 
 48.41, -123.08, 34.5, 2014-12-05 03:15:00, 0.0, None 
 48.4, -123.07, 20.0, 2014-12-05 03:17:30, 0.0, None 
 48.4, -123.03, 23.8, 2014-12-05 03:30:00, 0.0, None 
 48.49, -123.04, 37.0, 2014-12-05 04:00:00, 0.0, None 
 48.47, -123.04, 20.0, 2014-12-05 04:02:30, 0.0, None 
 48.42, -122.72, 60.0, 2014-12-05 04:15:00, 0.0, None 
 48.39, -122.98, 40.0, 2014-12-05 04:32:30, 0.0, None 
 48.38, -122.895, 27.0, 2014-12-05 04:35:00, 0.0, None 
 48.13, -123.27, 20.0, 2014-12-05 04:37:30, 0.0, None 
 48.38, -122.81, 59.0, 2014-12-05 04:37:30, 0.0, None 
 48.29, -122.75, 40.5, 2014-12-05 04:40:00, 0.0, None 
 48.33, -122.74, 43.0, 2014-12-05 04:42:30, 0.0, None 
 48.435, -122.86, 20.0, 2014-12-05 04:55:00, 0.0, None 
 48.5, -122.67, 45.0, 2014-12-05 05:12:30, 0.0, None 
 48.0, -123.55, 40.0, 2014-12-05 05:25:00, 0.0, None 
 48.0, -123.57, 37.5, 2014-12-05 05:27:30, 0.0, None 
 48.02, -123.365, 33.0, 2014-12-05 05:30:00, 0.0, None 
 48.028, -123.375, 20.0, 2014-12-05 05:35:00, 0.0, None 
 48.02, -123.4, 20.0, 2014-12-05 05:37:30, 0.0, None 
 48.5, -122.74, 60.0, 2014-12-05 05:47:30, 0.0, None 
 48.32, -122.8, 35.0, 2014-12-05 06:07:30, 0.0, None 
 48.38, -122.89, 36.0, 2014-12-05 06:32:30, 0.0, None 
 48.39, -122.82, 44.0, 2014-12-05 06:35:00, 0.0, None 
 48.33, -122.79, 20.0, 2014-12-05 06:40:00, 0.0, None 
 47.98, -123.37, 39.0, 2014-12-05 07:00:00, 0.0, None 
 48.01, -123.33, 60.0, 2014-12-05 07:02:30, 0.0, None 
 48.11, -123.24, 60.0, 2014-12-05 07:05:00, 0.0, None 
 47.97, -123.32, 60.0, 2014-12-05 07:07:30, 0.0, None 
 48.39, -122.855, 40.0, 2014-12-05 07:12:30, 0.0, None 
 48.39, -122.83, 20.0, 2014-12-05 07:15:00, 0.0, None 
 48.395, -122.75200000000001, 28.5, 2014-12-05 07:17:30, 0.0, None 
 48.41, -122.81, 20.0, 2014-12-05 07:20:00, 0.0, None 
 48.105, -123.46, 46.0, 2014-12-05 07:22:30, 0.0, None 
 48.215, -123.37, 55.5, 2014-12-05 07:25:00, 0.0, None 
 48.028, -123.37, 25.0, 2014-12-05 07:35:00, 0.0, None 
 47.995, -123.465, 40.0, 2014-12-05 07:37:30, 0.0, None 
 48.01, -123.335, 20.0, 2014-12-05 07:40:00, 0.0, None 
 47.91, -123.3, 53.0, 2014-12-05 07:42:30, 0.0, None 
 48.078, -123.44200000000001, 29.5, 2014-12-05 07:45:00, 0.0, None 
 48.1, -123.43, 20.0, 2014-12-05 07:47:30, 0.0, None 
 48.0, -123.325, 44.5, 2014-12-05 07:52:30, 0.0, None 
 47.95, -123.55, 60.0, 2014-12-05 07:57:30, 0.0, None 
 48.06, -123.285, 20.0, 2014-12-05 08:02:30, 0.0, None 
 48.0, -123.34, 32.0, 2014-12-05 08:25:00, 0.0, None 
 47.895, -123.595, 51.0, 2014-12-05 08:57:30, 0.0, None 
 48.4, -123.03, 48.0, 2014-12-05 09:00:00, 0.0, None 
 48.03, -123.405, 20.0, 2014-12-05 09:00:00, 0.0, None 
 47.97, -123.68, 20.0, 2014-12-05 09:10:00, 0.0, None 
 48.1, -123.34, 20.0, 2014-12-05 09:22:30, 0.0, None 
 48.125, -122.93, 60.0, 2014-12-05 09:35:00, 0.0, None 
 47.895, -123.47, 20.0, 2014-12-05 09:40:00, 0.0, None 
 48.4, -122.76, 60.0, 2014-12-05 09:55:00, 0.0, None 
 48.37, -122.81, 60.0, 2014-12-05 09:57:30, 0.0, None 
 47.92, -123.53, 32.0, 2014-12-05 10:20:00, 0.0, None 
 48.33, -122.77, 56.5, 2014-12-05 10:37:30, 0.0, None 
 48.33, -122.76, 60.0, 2014-12-05 10:40:00, 0.0, None 
 48.3, -122.76, 40.0, 2014-12-05 11:07:30, 0.0, None 
 48.29, -122.74, 40.5, 2014-12-05 11:10:00, 0.0, None 
 47.965, -123.48, 20.0, 2014-12-05 11:47:30, 0.0, None 
 48.0, -123.48, 22.0, 2014-12-05 11:50:00, 0.0, None 
 47.98, -123.49, 27.0, 2014-12-05 11:52:30, 0.0, None 
 47.98, -123.5, 25.5, 2014-12-05 11:55:00, 0.0, None 
 48.085, -123.49, 60.0, 2014-12-05 11:57:30, 0.0, None 
 47.93, -123.575, 25.0, 2014-12-05 12:00:00, 0.0, None 
 47.9, -123.38, 33.0, 2014-12-05 12:05:00, 0.0, None 
 47.99, -123.42, 37.5, 2014-12-05 12:37:30, 0.0, None 
 47.93, -123.485, 60.0, 2014-12-05 12:57:30, 0.0, None 
 48.01, -123.43, 20.0, 2014-12-05 13:00:00, 0.0, None 
 48.06, -123.27, 20.0, 2014-12-05 13:05:00, 0.0, None 
 48.075, -123.285, 20.0, 2014-12-05 13:07:30, 0.0, None 
 48.035, -123.24, 20.0, 2014-12-05 13:10:00, 0.0, None 
 48.02, -123.33, 31.0, 2014-12-05 13:12:30, 0.0, None 
 47.98, -123.4, 36.0, 2014-12-05 13:17:30, 0.0, None 
 47.98, -123.44, 20.0, 2014-12-05 13:20:00, 0.0, None 
 48.03, -123.41, 20.0, 2014-12-05 13:25:00, 0.0, None 
 48.29, -122.895, 56.0, 2014-12-05 13:25:00, 0.0, None 
 48.022, -123.31, 20.0, 2014-12-05 13:32:30, 0.0, None 
 48.025, -123.29, 20.0, 2014-12-05 13:35:00, 0.0, None 
 48.035, -123.21, 41.0, 2014-12-05 13:37:30, 0.0, None 
 47.97, -123.35, 26.0, 2014-12-05 13:40:00, 0.0, None 
 48.02, -123.32, 20.0, 2014-12-05 13:42:30, 0.0, None 
 48.08, -123.33, 20.0, 2014-12-05 13:45:00, 0.0, None 
 48.01, -123.295, 20.0, 2014-12-05 13:47:30, 0.0, None 
 48.05, -123.3, 20.0, 2014-12-05 13:50:00, 0.0, None 
 47.98, -123.46, 27.0, 2014-12-05 13:52:30, 0.0, None 
 48.03, -123.32, 28.2, 2014-12-05 14:02:30, 0.0, None 
 47.92, -123.26, 20.0, 2014-12-05 14:05:00, 0.0, None 
 47.92, -123.32, 35.0, 2014-12-05 14:07:30, 0.0, None 
 47.965, -123.29, 20.0, 2014-12-05 14:10:00, 0.0, None 
 47.99, -123.325, 21.0, 2014-12-05 14:12:30, 0.0, None 
 48.15, -123.32, 60.0, 2014-12-05 14:22:30, 0.0, None 
 47.97, -123.29, 60.0, 2014-12-05 14:25:00, 0.0, None 
 47.88, -123.3, 34.0, 2014-12-05 14:27:30, 0.0, None 
 48.395, -122.88, 40.0, 2014-12-05 14:30:00, 0.0, None 
 48.46, -122.82, 51.0, 2014-12-05 14:32:30, 0.0, None 
 48.22, -123.01, 20.0, 2014-12-05 14:35:00, 0.0, None 
 47.97, -123.345, 60.0, 2014-12-05 14:37:30, 0.0, None 
 47.81, -123.47, 20.0, 2014-12-05 14:40:00, 0.0, None 
 48.22, -122.89, 60.0, 2014-12-05 14:45:00, 0.0, None 
 48.32, -122.89, 57.0, 2014-12-05 14:47:30, 0.0, None 
 48.39, -122.83, 33.5, 2014-12-05 15:07:30, 0.0, None 
 48.4, -122.83, 51.0, 2014-12-05 15:17:30, 0.0, None 
 48.47, -122.83, 60.0, 2014-12-05 15:25:00, 0.0, None 
 48.3, -122.81, 57.0, 2014-12-05 15:27:30, 0.0, None 
 48.36, -122.93, 28.5, 2014-12-05 15:30:00, 0.0, None 
 48.39, -122.72, 60.0, 2014-12-05 15:32:30, 0.0, None 
 48.4, -122.78, 20.0, 2014-12-05 15:35:00, 0.0, None 
 48.5, -122.73, 60.0, 2014-12-05 15:37:30, 0.0, None 
 48.0, -123.305, 46.5, 2014-12-05 15:42:30, 0.0, None 
 48.41, -123.0, 60.0, 2014-12-05 15:45:00, 0.0, None 
 48.088, -123.398, 34.2, 2014-12-05 15:57:30, 0.0, None 
 47.935, -123.39, 20.0, 2014-12-05 16:00:00, 0.0, None 
 48.32, -122.94, 40.0, 2014-12-05 16:17:30, 0.0, None 
 48.29, -122.94, 60.0, 2014-12-05 17:12:30, 0.0, None 
 47.91, -123.51, 20.0, 2014-12-05 17:15:00, 0.0, None 
 47.93, -123.38, 43.0, 2014-12-05 17:20:00, 0.0, None 
 47.99, -123.37, 40.0, 2014-12-05 17:22:30, 0.0, None 
 48.055, -123.34, 52.0, 2014-12-05 17:32:30, 0.0, None 
 47.98, -123.55, 60.0, 2014-12-05 17:35:00, 0.0, None 
 47.955, -123.405, 57.5, 2014-12-05 17:45:00, 0.0, None 
 48.43, -123.0, 31.0, 2014-12-05 17:52:30, 0.0, None 
 48.21, -122.86, 20.0, 2014-12-05 17:57:30, 0.0, None 
 47.88, -123.4, 30.0, 2014-12-05 18:25:00, 0.0, None 
 48.28, -122.97, 60.0, 2014-12-05 18:27:30, 0.0, None 
 47.995, -123.49, 20.0, 2014-12-05 18:32:30, 0.0, None 
 48.24, -122.96, 20.0, 2014-12-05 18:35:00, 0.0, None 
 48.07, -123.4, 60.0, 2014-12-05 18:40:00, 0.0, None 
 48.01, -123.31, 48.0, 2014-12-05 18:45:00, 0.0, None 
 47.99, -123.53, 28.5, 2014-12-05 18:47:30, 0.0, None 
 47.98, -123.37700000000001, 24.0, 2014-12-05 19:07:30, 0.0, None 
 47.93, -123.54, 30.5, 2014-12-05 19:10:00, 0.0, None 
 48.02, -123.47, 56.5, 2014-12-05 19:27:30, 0.0, None 
 48.12, -123.31, 60.0, 2014-12-05 19:30:00, 0.0, None 
 48.06, -123.17, 30.0, 2014-12-05 19:32:30, 0.0, None 
 47.875, -123.63, 60.0, 2014-12-05 19:35:00, 0.0, None 
 48.06, -123.31, 51.0, 2014-12-05 19:42:30, 0.0, None 
 48.035, -123.36, 38.0, 2014-12-05 19:45:00, 0.0, None 
 47.91, -123.4, 20.0, 2014-12-05 19:47:30, 0.0, None 
 48.01, -123.4, 23.0, 2014-12-05 19:52:30, 0.0, None 
 47.87, -123.45, 20.0, 2014-12-05 20:00:00, 0.0, None 
 47.99, -123.29, 60.0, 2014-12-05 20:02:30, 0.0, None 
 47.985, -123.18, 20.0, 2014-12-05 20:05:00, 0.0, None 
 48.05, -123.19, 60.0, 2014-12-05 20:10:00, 0.0, None 
 47.98, -123.315, 22.5, 2014-12-05 20:35:00, 0.0, None 
 47.98, -123.31, 22.5, 2014-12-05 20:37:30, 0.0, None 
 47.98, -123.31700000000001, 20.0, 2014-12-05 20:40:00, 0.0, None 
 47.985, -123.333, 21.8, 2014-12-05 20:42:30, 0.0, None 
 47.96, -123.355, 25.8, 2014-12-05 20:45:00, 0.0, None 
 47.82, -123.23, 31.0, 2014-12-05 20:55:00, 0.0, None 
 47.795, -123.3, 60.0, 2014-12-05 20:57:30, 0.0, None 
 47.83, -123.51, 60.0, 2014-12-05 21:00:00, 0.0, None 
 47.87, -123.36, 36.5, 2014-12-05 21:02:30, 0.0, None 
 47.983000000000004, -123.26, 27.8, 2014-12-05 21:15:00, 0.0, None 
 47.905, -123.325, 22.0, 2014-12-05 21:17:30, 0.0, None 
 47.91, -123.3, 33.0, 2014-12-05 21:27:30, 0.0, None 
 47.87, -123.33, 28.0, 2014-12-05 21:30:00, 0.0, None 
 47.97, -123.135, 44.0, 2014-12-05 21:32:30, 0.0, None 
 48.13, -122.925, 60.0, 2014-12-05 21:40:00, 0.0, None 
 47.82, -123.3, 20.0, 2014-12-05 22:00:00, 0.0, None 
 47.77, -123.39, 20.0, 2014-12-05 22:10:00, 0.0, None 
 48.01, -123.6, 60.0, 2014-12-05 22:15:00, 0.0, None 
 47.815, -123.24, 42.0, 2014-12-05 22:20:00, 0.0, None 
 47.76, -123.34, 23.0, 2014-12-05 22:25:00, 0.0, None 
 47.79, -123.27, 24.5, 2014-12-05 22:30:00, 0.0, None 
 47.91, -123.215, 52.0, 2014-12-05 22:32:30, 0.0, None 
 47.975, -123.25, 26.0, 2014-12-05 22:37:30, 0.0, None 
 47.93, -123.375, 20.0, 2014-12-05 22:40:00, 0.0, None 
 47.86, -123.24, 20.0, 2014-12-05 22:52:30, 0.0, None 
 47.87, -123.23, 20.0, 2014-12-05 22:55:00, 0.0, None 
 48.08, -122.91, 60.0, 2014-12-05 22:57:30, 0.0, None 
 47.795, -123.425, 40.0, 2014-12-05 23:00:00, 0.0, None 
 47.795, -123.43, 21.0, 2014-12-05 23:02:30, 0.0, None 
 47.78, -123.365, 60.0, 2014-12-05 23:15:00, 0.0, None 
 47.995, -123.13, 34.0, 2014-12-05 23:17:30, 0.0, None 
 48.03, -123.255, 20.0, 2014-12-05 23:30:00, 0.0, None 
 47.81, -123.36, 28.0, 2014-12-05 23:32:30, 0.0, None 
 48.16, -122.94, 60.0, 2014-12-05 23:37:30, 0.0, None 
 48.4, -123.04, 38.0, 2014-12-05 23:42:30, 0.0, None 
 48.48, -123.03, 32.0, 2014-12-06 00:00:00, 0.0, None 
 48.32, -123.16, 31.0, 2014-12-06 00:42:30, 0.0, None 
 48.28, -123.10700000000001, 26.2, 2014-12-06 00:45:00, 0.0, None 
 48.345, -123.02, 20.0, 2014-12-06 00:47:30, 0.0, None 
 47.98, -123.5, 20.0, 2014-12-06 00:52:30, 0.0, None 
 47.915, -123.59, 27.0, 2014-12-06 00:55:00, 0.0, None 
 48.015, -123.395, 20.0, 2014-12-06 01:17:30, 0.0, None 
 48.02, -123.69, 20.0, 2014-12-06 01:20:00, 0.0, None 
 48.04, -123.31, 49.0, 2014-12-06 01:25:00, 0.0, None 
 48.08, -123.37, 20.0, 2014-12-06 01:27:30, 0.0, None 
 48.33, -123.075, 30.0, 2014-12-06 01:32:30, 0.0, None 
 48.31, -123.13, 47.0, 2014-12-06 01:35:00, 0.0, None 
 48.31, -123.02, 20.0, 2014-12-06 01:37:30, 0.0, None 
 47.93, -123.59, 20.0, 2014-12-06 01:42:30, 0.0, None 
 48.39, -123.21, 40.0, 2014-12-06 01:47:30, 0.0, None 
 48.395, -123.165, 45.5, 2014-12-06 01:50:00, 0.0, None 
 48.48, -123.015, 60.0, 2014-12-06 01:52:30, 0.0, None 
 48.47, -122.94, 52.0, 2014-12-06 01:55:00, 0.0, None 
 48.3, -123.02, 50.0, 2014-12-06 02:00:00, 0.0, None 
 48.28, -123.0, 60.0, 2014-12-06 02:02:30, 0.0, None 
 48.4, -123.28, 46.0, 2014-12-06 02:05:00, 0.0, None 
 48.42, -123.14, 53.5, 2014-12-06 02:10:00, 0.0, None 
 48.315, -123.04, 40.5, 2014-12-06 02:15:00, 0.0, None 
 48.33, -123.0, 20.0, 2014-12-06 02:17:30, 0.0, None 
 48.31, -122.99, 20.0, 2014-12-06 02:20:00, 0.0, None 
 48.355, -122.99, 40.8, 2014-12-06 02:22:30, 0.0, None 
 48.32, -123.195, 40.0, 2014-12-06 02:30:00, 0.0, None 
 48.31, -123.18, 20.0, 2014-12-06 02:32:30, 0.0, None 
 48.39, -123.085, 20.0, 2014-12-06 02:35:00, 0.0, None 
 48.31, -123.27, 53.0, 2014-12-06 02:42:30, 0.0, None 
 48.33, -122.99, 20.0, 2014-12-06 02:45:00, 0.0, None 
 48.43, -122.98, 60.0, 2014-12-06 02:47:30, 0.0, None 
 48.275, -122.935, 32.0, 2014-12-06 02:50:00, 0.0, None 
 48.27, -122.925, 34.5, 2014-12-06 02:52:30, 0.0, None 
 48.3, -122.965, 28.5, 2014-12-06 02:55:00, 0.0, None 
 48.28, -123.03, 60.0, 2014-12-06 02:57:30, 0.0, None 
 48.32, -123.03, 60.0, 2014-12-06 03:00:00, 0.0, None 
 48.21, -123.09, 60.0, 2014-12-06 03:02:30, 0.0, None 
 48.275, -123.265, 59.0, 2014-12-06 03:05:00, 0.0, None 
 48.367, -122.92200000000001, 30.0, 2014-12-06 03:07:30, 0.0, None 
 48.39, -122.975, 51.5, 2014-12-06 03:10:00, 0.0, None 
 48.35, -123.06700000000001, 51.0, 2014-12-06 03:12:30, 0.0, None 
 48.195, -123.16, 42.5, 2014-12-06 03:15:00, 0.0, None 
 48.235, -123.23, 39.0, 2014-12-06 03:20:00, 0.0, None 
 48.36, -123.005, 58.8, 2014-12-06 03:22:30, 0.0, None 
 48.39, -123.15, 20.0, 2014-12-06 03:25:00, 0.0, None 
 48.29, -123.03, 31.0, 2014-12-06 03:30:00, 0.0, None 
 48.236999999999995, -123.225, 31.8, 2014-12-06 03:32:30, 0.0, None 
 48.31, -123.26799999999999, 37.0, 2014-12-06 03:35:00, 0.0, None 
 48.33, -123.105, 60.0, 2014-12-06 03:37:30, 0.0, None 
 48.295, -123.24, 60.0, 2014-12-06 03:40:00, 0.0, None 
 48.35, -123.305, 60.0, 2014-12-06 03:42:30, 0.0, None 
 48.26, -123.025, 33.0, 2014-12-06 03:45:00, 0.0, None 
 48.227, -123.04, 30.0, 2014-12-06 03:47:30, 0.0, None 
 48.21, -123.11, 30.0, 2014-12-06 03:50:00, 0.0, None 
 48.205, -123.115, 30.2, 2014-12-06 03:52:30, 0.0, None 
 48.27, -123.02, 43.5, 2014-12-06 03:55:00, 0.0, None 
 48.3, -123.00200000000001, 34.0, 2014-12-06 04:00:00, 0.0, None 
 48.295, -123.115, 40.0, 2014-12-06 04:02:30, 0.0, None 
 48.233000000000004, -123.085, 33.0, 2014-12-06 04:05:00, 0.0, None 
 48.23, -123.12, 37.0, 2014-12-06 04:07:30, 0.0, None 
 48.24, -123.11, 39.0, 2014-12-06 04:10:00, 0.0, None 
 48.295, -123.155, 60.0, 2014-12-06 04:15:00, 0.0, None 
 48.245, -123.135, 33.0, 2014-12-06 04:17:30, 0.0, None 
 48.225, -123.03200000000001, 33.5, 2014-12-06 04:20:00, 0.0, None 
 48.285, -123.03200000000001, 26.5, 2014-12-06 04:22:30, 0.0, None 
 48.33, -123.36, 60.0, 2014-12-06 04:25:00, 0.0, None 
 48.24, -123.215, 51.2, 2014-12-06 04:27:30, 0.0, None 
 48.29, -123.195, 32.0, 2014-12-06 04:30:00, 0.0, None 
 48.28, -123.02, 31.5, 2014-12-06 04:32:30, 0.0, None 
 48.255, -123.095, 35.8, 2014-12-06 04:35:00, 0.0, None 
 48.258, -123.1, 36.8, 2014-12-06 04:37:30, 0.0, None 
 48.07, -123.41, 51.0, 2014-12-06 04:52:30, 0.0, None 
 47.98, -123.59, 28.0, 2014-12-06 04:55:00, 0.0, None 
 48.23, -123.365, 38.5, 2014-12-06 05:05:00, 0.0, None 
 48.245, -123.315, 42.8, 2014-12-06 05:07:30, 0.0, None 
 48.26, -123.34, 40.0, 2014-12-06 05:10:00, 0.0, None 
 48.3, -123.0, 48.0, 2014-12-06 05:10:00, 0.0, None 
 48.03, -123.59, 43.0, 2014-12-06 06:12:30, 0.0, None 
 48.17, -123.32, 60.0, 2014-12-06 06:15:00, 0.0, None 
 48.05, -123.685, 46.5, 2014-12-06 06:15:00, 0.0, None 
 47.9, -123.47, 21.0, 2014-12-06 06:20:00, 0.0, None 
 47.93, -123.59, 23.0, 2014-12-06 06:22:30, 0.0, None 
 48.0, -123.61, 38.0, 2014-12-06 06:25:00, 0.0, None 
 48.005, -123.53200000000001, 26.5, 2014-12-06 06:27:30, 0.0, None 
 47.94, -123.44, 40.0, 2014-12-06 06:30:00, 0.0, None 
 48.2, -123.14, 34.0, 2014-12-06 06:35:00, 0.0, None 
 48.255, -123.1, 31.0, 2014-12-06 06:37:30, 0.0, None 
 48.285, -123.16799999999999, 22.0, 2014-12-06 06:40:00, 0.0, None 
 48.215, -123.18, 30.0, 2014-12-06 06:42:30, 0.0, None 
 48.4, -123.08, 20.0, 2014-12-06 06:47:30, 0.0, None 
 48.22, -123.415, 20.0, 2014-12-06 06:50:00, 0.0, None 
 48.215, -123.385, 20.0, 2014-12-06 06:52:30, 0.0, None 
 48.2, -123.4, 20.0, 2014-12-06 06:55:00, 0.0, None 
 48.3, -123.315, 55.0, 2014-12-06 06:57:30, 0.0, None 
 48.31, -123.4, 60.0, 2014-12-06 07:02:30, 0.0, None 
 48.28, -123.54, 60.0, 2014-12-06 07:05:00, 0.0, None 
 48.39, -123.02, 43.0, 2014-12-06 07:05:00, 0.0, None 
 48.3, -123.25, 20.0, 2014-12-06 07:35:00, 0.0, None 
 48.3, -123.088, 26.5, 2014-12-06 07:37:30, 0.0, None 
 48.34, -123.16, 42.0, 2014-12-06 07:45:00, 0.0, None 
 48.02, -123.385, 60.0, 2014-12-06 07:52:30, 0.0, None 
 47.87, -123.665, 60.0, 2014-12-06 07:57:30, 0.0, None 
 48.04, -123.565, 50.0, 2014-12-06 08:07:30, 0.0, None 
 48.02, -123.47, 46.0, 2014-12-06 08:10:00, 0.0, None 
 48.13, -123.49, 60.0, 2014-12-06 08:12:30, 0.0, None 
 48.02, -123.44, 20.0, 2014-12-06 08:15:00, 0.0, None 
 48.01, -123.49, 20.0, 2014-12-06 08:17:30, 0.0, None 
 48.02, -123.49, 20.0, 2014-12-06 08:20:00, 0.0, None 
 47.93, -123.18, 60.0, 2014-12-06 08:35:00, 0.0, None 
 48.275, -123.257, 45.8, 2014-12-06 08:37:30, 0.0, None 
 48.07, -123.38, 20.0, 2014-12-06 08:50:00, 0.0, None 
 48.0, -123.455, 20.0, 2014-12-06 08:52:30, 0.0, None 
 48.02, -123.48, 20.0, 2014-12-06 08:55:00, 0.0, None 
 48.03, -123.48, 20.0, 2014-12-06 08:57:30, 0.0, None 
 48.04, -123.49, 20.0, 2014-12-06 09:00:00, 0.0, None 
 48.18, -123.52, 20.0, 2014-12-06 09:02:30, 0.0, None 
 48.02, -123.43, 55.0, 2014-12-06 09:05:00, 0.0, None 
 47.995, -123.545, 26.5, 2014-12-06 09:07:30, 0.0, None 
 47.97, -123.51, 20.0, 2014-12-06 09:10:00, 0.0, None 
 47.97, -123.485, 26.5, 2014-12-06 09:12:30, 0.0, None 
 48.01, -123.32, 34.0, 2014-12-06 09:17:30, 0.0, None 
 48.01, -123.41, 34.0, 2014-12-06 09:20:00, 0.0, None 
 48.02, -123.495, 20.0, 2014-12-06 09:22:30, 0.0, None 
 47.95, -123.52, 40.0, 2014-12-06 09:25:00, 0.0, None 
 47.99, -123.54, 27.0, 2014-12-06 09:27:30, 0.0, None 
 47.975, -123.55, 30.5, 2014-12-06 09:30:00, 0.0, None 
 47.97, -123.515, 40.0, 2014-12-06 09:32:30, 0.0, None 
 48.03, -123.47, 20.0, 2014-12-06 09:35:00, 0.0, None 
 48.06, -123.44, 20.0, 2014-12-06 09:37:30, 0.0, None 
 48.0, -123.32, 20.0, 2014-12-06 09:47:30, 0.0, None 
 47.97, -123.54, 60.0, 2014-12-06 09:57:30, 0.0, None 
 48.32, -123.02, 40.0, 2014-12-06 10:00:00, 0.0, None 
 48.14, -123.55, 60.0, 2014-12-06 10:00:00, 0.0, None 
 48.33, -123.17, 40.0, 2014-12-06 10:02:30, 0.0, None 
 48.3, -123.255, 47.0, 2014-12-06 10:05:00, 0.0, None 
 48.21, -122.87, 52.0, 2014-12-06 10:10:00, 0.0, None 
 48.395, -122.99, 39.5, 2014-12-06 10:25:00, 0.0, None 
 48.38, -123.04, 38.0, 2014-12-06 10:27:30, 0.0, None 
 48.245, -123.397, 60.0, 2014-12-06 10:30:00, 0.0, None 
 48.3, -123.095, 39.0, 2014-12-06 10:32:30, 0.0, None 
 48.332, -123.07, 30.2, 2014-12-06 10:40:00, 0.0, None 
 48.29, -123.23, 55.5, 2014-12-06 10:42:30, 0.0, None 
 48.32, -123.11, 20.0, 2014-12-06 10:45:00, 0.0, None 
 48.37, -123.035, 38.5, 2014-12-06 10:47:30, 0.0, None 
 48.365, -123.065, 31.5, 2014-12-06 10:50:00, 0.0, None 
 48.3, -123.09, 40.0, 2014-12-06 10:52:30, 0.0, None 
 48.28, -123.15, 29.5, 2014-12-06 10:55:00, 0.0, None 
 48.29, -123.105, 47.0, 2014-12-06 10:57:30, 0.0, None 
 48.315, -123.045, 26.5, 2014-12-06 11:00:00, 0.0, None 
 48.28, -123.065, 30.8, 2014-12-06 11:02:30, 0.0, None 
 48.305, -123.105, 34.0, 2014-12-06 11:05:00, 0.0, None 
 48.27, -123.1, 31.0, 2014-12-06 11:07:30, 0.0, None 
 48.205, -123.2, 60.0, 2014-12-06 11:10:00, 0.0, None 
 48.21, -123.235, 33.0, 2014-12-06 11:12:30, 0.0, None 
 48.205, -123.08, 26.0, 2014-12-06 11:15:00, 0.0, None 
 48.272, -123.08, 39.8, 2014-12-06 11:20:00, 0.0, None 
 48.22, -123.23, 46.0, 2014-12-06 11:22:30, 0.0, None 
 48.185, -123.405, 60.0, 2014-12-06 11:30:00, 0.0, None 
 48.21, -123.205, 46.0, 2014-12-06 11:32:30, 0.0, None 
 48.24, -123.21, 49.0, 2014-12-06 11:35:00, 0.0, None 
 48.155, -123.395, 29.5, 2014-12-06 11:47:30, 0.0, None 
 48.08, -123.475, 34.5, 2014-12-06 11:50:00, 0.0, None 
 48.265, -123.12, 35.5, 2014-12-06 11:52:30, 0.0, None 
 48.24, -123.16, 20.0, 2014-12-06 11:55:00, 0.0, None 
 47.98, -123.46, 60.0, 2014-12-06 11:57:30, 0.0, None 
 47.983000000000004, -123.475, 20.0, 2014-12-06 12:00:00, 0.0, None 
 48.06, -123.46, 20.0, 2014-12-06 12:02:30, 0.0, None 
 48.19, -123.38, 56.5, 2014-12-06 12:05:00, 0.0, None 
 48.203, -123.13, 27.0, 2014-12-06 12:07:30, 0.0, None 
 48.13, -123.345, 30.8, 2014-12-06 12:10:00, 0.0, None 
 48.09, -123.48, 20.0, 2014-12-06 12:12:30, 0.0, None 
 48.2, -123.17, 37.5, 2014-12-06 12:12:30, 0.0, None 
 48.09, -123.49, 26.0, 2014-12-06 12:15:00, 0.0, None 
 48.23, -123.135, 39.0, 2014-12-06 12:15:00, 0.0, None 
 48.062, -123.375, 23.5, 2014-12-06 12:17:30, 0.0, None 
 48.11, -123.29, 20.0, 2014-12-06 12:20:00, 0.0, None 
 47.925, -123.585, 32.5, 2014-12-06 12:20:00, 0.0, None 
 48.305, -123.105, 60.0, 2014-12-06 12:25:00, 0.0, None 
 48.28, -123.41, 60.0, 2014-12-06 12:27:30, 0.0, None 
 48.255, -123.05799999999999, 29.0, 2014-12-06 12:30:00, 0.0, None 
 48.24, -123.088, 24.0, 2014-12-06 12:32:30, 0.0, None 
 48.225, -123.165, 30.5, 2014-12-06 12:35:00, 0.0, None 
 48.205, -123.23299999999999, 29.0, 2014-12-06 12:37:30, 0.0, None 
 47.98, -123.25, 60.0, 2014-12-06 12:40:00, 0.0, None 
 48.2, -123.44, 60.0, 2014-12-06 12:47:30, 0.0, None 
 48.36, -123.3, 55.0, 2014-12-06 12:50:00, 0.0, None 
 48.23, -123.57, 60.0, 2014-12-06 12:52:30, 0.0, None 
 48.18, -123.38, 40.0, 2014-12-06 12:55:00, 0.0, None 
 48.3, -123.227, 26.5, 2014-12-06 13:02:30, 0.0, None 
 48.325, -122.995, 30.5, 2014-12-06 13:05:00, 0.0, None 
 48.39, -123.09, 31.0, 2014-12-06 13:07:30, 0.0, None 
 48.095, -123.57, 45.5, 2014-12-06 13:20:00, 0.0, None 
 48.03, -123.49, 36.0, 2014-12-06 13:22:30, 0.0, None 
 48.0, -123.38, 42.5, 2014-12-06 13:27:30, 0.0, None 
 47.98, -123.42, 44.5, 2014-12-06 13:30:00, 0.0, None 
 48.225, -123.12, 52.0, 2014-12-06 13:32:30, 0.0, None 
 48.22, -122.985, 42.0, 2014-12-06 13:35:00, 0.0, None 
 48.08, -123.595, 44.5, 2014-12-06 13:42:30, 0.0, None 
 48.29, -123.47, 45.0, 2014-12-06 13:45:00, 0.0, None 
 48.015, -123.565, 34.0, 2014-12-06 13:45:00, 0.0, None 
 48.04, -123.66, 20.0, 2014-12-06 14:05:00, 0.0, None 
 48.06, -123.53, 20.0, 2014-12-06 14:07:30, 0.0, None 
 48.17, -123.49, 60.0, 2014-12-06 14:10:00, 0.0, None 
 48.16, -123.51, 60.0, 2014-12-06 14:12:30, 0.0, None 
 48.13, -123.56, 50.0, 2014-12-06 14:15:00, 0.0, None 
 47.86, -123.495, 20.0, 2014-12-06 14:20:00, 0.0, None 
 47.83, -123.58, 20.0, 2014-12-06 14:22:30, 0.0, None 
 48.05, -123.17, 60.0, 2014-12-06 14:25:00, 0.0, None 
 48.07, -123.2, 49.0, 2014-12-06 14:27:30, 0.0, None 
 48.19, -123.31, 57.0, 2014-12-06 14:32:30, 0.0, None 
 48.07, -123.275, 40.0, 2014-12-06 14:42:30, 0.0, None 
 48.06, -123.175, 40.0, 2014-12-06 14:45:00, 0.0, None 
 48.14, -123.34, 60.0, 2014-12-06 14:47:30, 0.0, None 
 47.9, -123.67, 60.0, 2014-12-06 14:52:30, 0.0, None 
 47.85, -123.62, 60.0, 2014-12-06 14:55:00, 0.0, None 
 47.9, -123.69, 60.0, 2014-12-06 14:57:30, 0.0, None 
 47.87, -123.53, 60.0, 2014-12-06 15:15:00, 0.0, None 
 47.96, -123.3, 54.5, 2014-12-06 15:17:30, 0.0, None 
 47.99, -123.17, 43.0, 2014-12-06 15:20:00, 0.0, None 
 48.01, -123.185, 40.0, 2014-12-06 15:22:30, 0.0, None 
 48.04, -123.27, 44.0, 2014-12-06 15:25:00, 0.0, None 
 47.9, -123.115, 20.0, 2014-12-06 15:27:30, 0.0, None 
 48.07, -123.27, 20.0, 2014-12-06 15:32:30, 0.0, None 
 48.09, -123.29, 20.0, 2014-12-06 15:35:00, 0.0, None 
 48.05, -123.39, 24.5, 2014-12-06 15:37:30, 0.0, None 
 48.005, -123.475, 52.0, 2014-12-06 15:40:00, 0.0, None 
 48.08, -123.34, 20.0, 2014-12-06 15:42:30, 0.0, None 
 48.03, -123.48, 20.0, 2014-12-06 15:45:00, 0.0, None 
 47.955, -123.4, 40.0, 2014-12-06 15:57:30, 0.0, None 
 48.04, -123.315, 40.0, 2014-12-06 16:00:00, 0.0, None 
 47.99, -123.72, 60.0, 2014-12-06 16:05:00, 0.0, None 
 48.03, -123.387, 28.5, 2014-12-06 16:10:00, 0.0, None 
 48.03, -123.42, 43.5, 2014-12-06 16:12:30, 0.0, None 
 48.03, -123.4, 49.0, 2014-12-06 16:15:00, 0.0, None 
 48.102, -123.325, 40.0, 2014-12-06 16:17:30, 0.0, None 
 48.03, -123.23, 35.5, 2014-12-06 16:22:30, 0.0, None 
 48.07, -123.205, 60.0, 2014-12-06 16:25:00, 0.0, None 
 47.95, -123.57, 26.0, 2014-12-06 16:27:30, 0.0, None 
 48.037, -123.565, 20.0, 2014-12-06 16:30:00, 0.0, None 
 48.045, -123.62, 60.0, 2014-12-06 16:32:30, 0.0, None 
 48.055, -123.295, 40.0, 2014-12-06 16:35:00, 0.0, None 
 48.22, -123.17, 60.0, 2014-12-06 16:37:30, 0.0, None 
 48.33, -123.06, 37.0, 2014-12-06 16:45:00, 0.0, None 
 47.94, -123.6, 20.0, 2014-12-06 16:47:30, 0.0, None 
 48.1, -123.1, 37.0, 2014-12-06 16:55:00, 0.0, None 
 48.08, -123.34, 60.0, 2014-12-06 16:57:30, 0.0, None 
 48.265, -123.01700000000001, 35.2, 2014-12-06 17:00:00, 0.0, None 
 48.2, -123.023, 37.2, 2014-12-06 17:02:30, 0.0, None 
 48.195, -123.24, 32.0, 2014-12-06 17:05:00, 0.0, None 
 48.2, -123.29, 42.0, 2014-12-06 17:07:30, 0.0, None 
 48.445, -122.995, 60.0, 2014-12-06 17:10:00, 0.0, None 
 48.12, -123.45, 51.5, 2014-12-06 17:12:30, 0.0, None 
 47.89, -123.72, 55.0, 2014-12-06 17:15:00, 0.0, None 
 48.09, -123.31, 60.0, 2014-12-06 17:20:00, 0.0, None 
 48.075, -123.32799999999999, 43.0, 2014-12-06 17:22:30, 0.0, None 
 48.07, -123.39, 42.0, 2014-12-06 17:25:00, 0.0, None 
 48.07, -123.58, 54.0, 2014-12-06 17:32:30, 0.0, None 
 47.88, -123.66, 20.0, 2014-12-06 17:35:00, 0.0, None 
 47.87, -123.54, 60.0, 2014-12-06 17:57:30, 0.0, None 
 47.94, -123.11, 27.0, 2014-12-06 18:17:30, 0.0, None 
 47.94, -123.2, 35.0, 2014-12-06 18:40:00, 0.0, None 
 47.93, -123.1, 20.0, 2014-12-06 18:47:30, 0.0, None 
 48.19, -123.49, 20.0, 2014-12-06 18:50:00, 0.0, None 
 48.1, -123.3, 37.0, 2014-12-06 18:52:30, 0.0, None 
 48.09, -123.68, 20.0, 2014-12-06 18:55:00, 0.0, None 
 47.99, -123.69, 52.0, 2014-12-06 18:57:30, 0.0, None 
 48.01, -123.45, 20.0, 2014-12-06 19:00:00, 0.0, None 
 48.11, -123.14, 60.0, 2014-12-06 19:15:00, 0.0, None 
 48.29, -123.41, 39.0, 2014-12-06 19:22:30, 0.0, None 
 48.2, -123.295, 25.0, 2014-12-06 19:27:30, 0.0, None 
 48.21, -123.1, 25.5, 2014-12-06 19:40:00, 0.0, None 
 48.29, -123.34, 40.0, 2014-12-06 19:42:30, 0.0, None 
 48.165, -123.005, 60.0, 2014-12-06 19:42:30, 0.0, None 
 48.05, -123.46, 20.0, 2014-12-06 19:50:00, 0.0, None 
 48.022, -123.49799999999999, 40.0, 2014-12-06 19:52:30, 0.0, None 
 48.24, -123.1, 30.0, 2014-12-06 20:00:00, 0.0, None 
 48.17, -123.115, 60.0, 2014-12-06 20:05:00, 0.0, None 
 48.245, -123.27, 20.0, 2014-12-06 20:12:30, 0.0, None 
 48.08, -123.32, 34.5, 2014-12-06 20:27:30, 0.0, None 
 48.12, -123.42, 20.0, 2014-12-06 20:42:30, 0.0, None 
 48.157, -123.46799999999999, 20.0, 2014-12-06 20:45:00, 0.0, None 
 48.4, -122.92, 43.0, 2014-12-06 20:47:30, 0.0, None 
 48.085, -123.185, 51.0, 2014-12-06 20:52:30, 0.0, None 
 48.315, -123.22, 20.0, 2014-12-06 21:05:00, 0.0, None 
 48.03, -123.49, 28.0, 2014-12-06 21:07:30, 0.0, None 
 48.04, -123.5, 20.0, 2014-12-06 21:10:00, 0.0, None 
 47.92, -123.32, 20.0, 2014-12-06 21:22:30, 0.0, None 
 48.21, -123.35, 30.0, 2014-12-06 21:25:00, 0.0, None 
 48.4, -123.385, 31.5, 2014-12-06 21:27:30, 0.0, None 
 48.05, -123.12, 34.0, 2014-12-06 21:32:30, 0.0, None 
 48.43, -123.11, 60.0, 2014-12-06 21:37:30, 0.0, None 
 48.41, -123.14, 41.0, 2014-12-06 21:40:00, 0.0, None 
 48.255, -123.51, 30.0, 2014-12-06 22:12:30, 0.0, None 
 48.035, -123.49, 20.0, 2014-12-06 22:15:00, 0.0, None 
 47.89, -123.6, 20.0, 2014-12-06 22:17:30, 0.0, None 
 48.275, -123.43799999999999, 32.8, 2014-12-06 22:22:30, 0.0, None 
 48.251999999999995, -123.365, 35.0, 2014-12-06 22:25:00, 0.0, None 
 47.92, -123.705, 20.0, 2014-12-06 22:32:30, 0.0, None 
 47.99, -123.35, 54.0, 2014-12-06 22:35:00, 0.0, None 
 47.92, -123.33, 20.0, 2014-12-06 22:37:30, 0.0, None 
 47.93, -123.08, 25.0, 2014-12-06 22:42:30, 0.0, None 
 47.93, -123.64, 60.0, 2014-12-06 22:57:30, 0.0, None 
 48.135, -123.59, 41.5, 2014-12-06 23:00:00, 0.0, None 
 48.15, -123.09, 47.0, 2014-12-06 23:05:00, 0.0, None 
 48.141999999999996, -123.34700000000001, 26.2, 2014-12-06 23:07:30, 0.0, None 
 48.227, -123.355, 24.8, 2014-12-06 23:10:00, 0.0, None 
 48.17, -123.28, 20.0, 2014-12-06 23:17:30, 0.0, None 
 48.123000000000005, -123.3, 20.0, 2014-12-06 23:20:00, 0.0, None 
 48.22, -123.19, 55.5, 2014-12-06 23:27:30, 0.0, None 
 48.18, -123.21, 53.5, 2014-12-06 23:30:00, 0.0, None 
 48.285, -123.41, 46.0, 2014-12-06 23:32:30, 0.0, None 
 48.05, -123.39, 20.0, 2014-12-06 23:35:00, 0.0, None 
 48.24, -123.18, 45.0, 2014-12-06 23:35:00, 0.0, None 
 48.1, -123.38, 25.0, 2014-12-06 23:37:30, 0.0, None 
 48.29, -123.2, 48.5, 2014-12-06 23:42:30, 0.0, None 
 48.145, -123.35, 34.5, 2014-12-06 23:45:00, 0.0, None 
 48.05, -123.37, 20.0, 2014-12-06 23:47:30, 0.0, None 
 48.27, -123.17, 31.0, 2014-12-06 23:47:30, 0.0, None 
 48.37, -123.11, 40.5, 2014-12-06 23:52:30, 0.0, None 
 48.32, -123.125, 31.0, 2014-12-06 23:55:00, 0.0, None 
 48.03, -123.2, 30.0, 2014-12-07 00:00:00, 0.0, None 
 48.2, -123.61, 56.0, 2014-12-07 00:20:00, 0.0, None 
 48.42, -123.0, 36.0, 2014-12-07 00:32:30, 0.0, None 
 48.395, -123.12, 37.0, 2014-12-07 00:42:30, 0.0, None 
 48.44, -123.28, 60.0, 2014-12-07 00:45:00, 0.0, None 
 48.4, -123.17, 37.5, 2014-12-07 00:47:30, 0.0, None 
 48.4, -123.15, 43.0, 2014-12-07 00:50:00, 0.0, None 
 48.09, -123.52, 51.0, 2014-12-07 00:55:00, 0.0, None 
 48.273, -123.36200000000001, 28.0, 2014-12-07 01:00:00, 0.0, None 
 48.02, -123.61, 32.5, 2014-12-07 01:07:30, 0.0, None 
 48.1, -123.405, 60.0, 2014-12-07 01:10:00, 0.0, None 
 48.055, -123.338, 48.5, 2014-12-07 01:12:30, 0.0, None 
 47.995, -123.55, 27.5, 2014-12-07 01:15:00, 0.0, None 
 47.975, -123.53, 28.5, 2014-12-07 01:17:30, 0.0, None 
 47.99, -123.61, 20.0, 2014-12-07 01:20:00, 0.0, None 
 48.025, -123.45, 36.5, 2014-12-07 01:22:30, 0.0, None 
 48.065, -123.5, 22.5, 2014-12-07 01:25:00, 0.0, None 
 47.99, -123.5, 23.0, 2014-12-07 01:27:30, 0.0, None 
 47.97, -123.5, 20.0, 2014-12-07 01:30:00, 0.0, None 
 48.02, -123.48, 60.0, 2014-12-07 01:32:30, 0.0, None 
 48.07, -123.415, 60.0, 2014-12-07 01:35:00, 0.0, None 
 47.915, -123.58, 20.0, 2014-12-07 01:37:30, 0.0, None 
 48.0, -123.52, 30.0, 2014-12-07 01:40:00, 0.0, None 
 48.35, -123.36, 45.5, 2014-12-07 01:42:30, 0.0, None 
 47.24, -122.69, 40.0, 2014-12-07 01:45:00, 0.0, None 
 48.265, -123.4, 29.2, 2014-12-07 01:50:00, 0.0, None 
 48.24, -123.42200000000001, 20.0, 2014-12-07 01:52:30, 0.0, None 
 48.195, -123.38, 31.0, 2014-12-07 01:55:00, 0.0, None 
 48.028, -123.42, 40.0, 2014-12-07 01:57:30, 0.0, None 
 48.1, -123.34, 60.0, 2014-12-07 02:00:00, 0.0, None 
 47.97, -123.39, 52.0, 2014-12-07 02:02:30, 0.0, None 
 48.18, -123.44, 20.0, 2014-12-07 02:05:00, 0.0, None 
 48.125, -123.42200000000001, 21.0, 2014-12-07 02:07:30, 0.0, None 
 48.08, -123.38, 24.5, 2014-12-07 02:10:00, 0.0, None 
 48.03, -123.36, 20.0, 2014-12-07 02:12:30, 0.0, None 
 48.12, -123.36, 30.0, 2014-12-07 02:17:30, 0.0, None 
 48.062, -123.3, 23.2, 2014-12-07 02:25:00, 0.0, None 
 48.117, -123.305, 26.8, 2014-12-07 02:27:30, 0.0, None 
 48.335, -123.21, 37.5, 2014-12-07 02:30:00, 0.0, None 
 48.06, -123.303, 33.5, 2014-12-07 02:32:30, 0.0, None 
 48.062, -123.305, 27.0, 2014-12-07 02:35:00, 0.0, None 
 48.105, -123.335, 32.5, 2014-12-07 02:37:30, 0.0, None 
 48.31, -123.335, 32.0, 2014-12-07 02:42:30, 0.0, None 
 48.315, -123.37700000000001, 28.0, 2014-12-07 02:45:00, 0.0, None 
 48.1, -123.54, 24.0, 2014-12-07 02:50:00, 0.0, None 
 48.2, -123.648, 27.8, 2014-12-07 02:52:30, 0.0, None 
 47.94, -123.535, 60.0, 2014-12-07 02:57:30, 0.0, None 
 48.04, -123.71, 31.0, 2014-12-07 03:10:00, 0.0, None 
 48.205, -123.345, 34.5, 2014-12-07 03:20:00, 0.0, None 
 48.07, -123.42, 20.0, 2014-12-07 03:22:30, 0.0, None 
 48.275, -123.33, 22.5, 2014-12-07 03:27:30, 0.0, None 
 48.218, -123.605, 36.2, 2014-12-07 03:30:00, 0.0, None 
 48.33, -123.13, 20.0, 2014-12-07 03:32:30, 0.0, None 
 48.04, -123.43, 28.0, 2014-12-07 03:35:00, 0.0, None 
 48.03, -123.58, 20.0, 2014-12-07 03:37:30, 0.0, None 
 48.04, -123.57, 27.0, 2014-12-07 03:40:00, 0.0, None 
 48.07, -123.425, 33.5, 2014-12-07 03:42:30, 0.0, None 
 48.11, -123.465, 32.2, 2014-12-07 03:45:00, 0.0, None 
 48.205, -123.49, 20.0, 2014-12-07 03:47:30, 0.0, None 
 48.05, -123.58, 21.0, 2014-12-07 03:50:00, 0.0, None 
 48.0, -123.26, 34.0, 2014-12-07 03:52:30, 0.0, None 
 48.055, -123.42, 20.0, 2014-12-07 03:55:00, 0.0, None 
 47.94, -123.54, 60.0, 2014-12-07 03:57:30, 0.0, None 
 48.31, -123.295, 37.5, 2014-12-07 04:02:30, 0.0, None 
 48.0, -123.43, 20.0, 2014-12-07 04:22:30, 0.0, None 
 48.28, -123.31, 27.0, 2014-12-07 04:27:30, 0.0, None 
 48.26, -123.46, 30.0, 2014-12-07 04:30:00, 0.0, None 
 48.265, -123.41799999999999, 28.0, 2014-12-07 04:32:30, 0.0, None 
 48.315, -123.382, 40.0, 2014-12-07 04:35:00, 0.0, None 
 48.278, -123.40299999999999, 31.0, 2014-12-07 04:37:30, 0.0, None 
 48.18, -123.45, 60.0, 2014-12-07 04:52:30, 0.0, None 
 48.17, -123.42, 60.0, 2014-12-07 04:55:00, 0.0, None 
 48.01, -123.57, 60.0, 2014-12-07 04:57:30, 0.0, None 
 48.211999999999996, -123.62, 42.2, 2014-12-07 05:22:30, 0.0, None 
 48.25, -123.59299999999999, 37.5, 2014-12-07 05:25:00, 0.0, None 
 48.21, -123.46, 39.0, 2014-12-07 05:40:00, 0.0, None 
 48.305, -123.363, 38.8, 2014-12-07 05:42:30, 0.0, None 
 48.19, -123.28, 20.0, 2014-12-07 05:45:00, 0.0, None 
 48.0, -123.43, 22.5, 2014-12-07 05:47:30, 0.0, None 
 48.12, -123.49, 30.0, 2014-12-07 05:50:00, 0.0, None 
 48.13, -123.4, 60.0, 2014-12-07 05:57:30, 0.0, None 
 48.12, -123.38, 26.0, 2014-12-07 06:00:00, 0.0, None 
 48.095, -123.41, 23.0, 2014-12-07 06:02:30, 0.0, None 
 48.1, -123.39200000000001, 26.8, 2014-12-07 06:05:00, 0.0, None 
 47.98, -123.6, 60.0, 2014-12-07 06:12:30, 0.0, None 
 48.093, -123.493, 38.0, 2014-12-07 06:15:00, 0.0, None 
 48.248000000000005, -123.322, 48.5, 2014-12-07 06:17:30, 0.0, None 
 48.222, -123.375, 39.8, 2014-12-07 06:20:00, 0.0, None 
 48.263000000000005, -123.40700000000001, 36.0, 2014-12-07 06:22:30, 0.0, None 
 48.255, -123.387, 45.5, 2014-12-07 06:25:00, 0.0, None 
 48.27, -123.375, 36.5, 2014-12-07 06:27:30, 0.0, None 
 48.295, -123.4, 28.0, 2014-12-07 06:30:00, 0.0, None 
 48.31, -123.41, 28.2, 2014-12-07 06:32:30, 0.0, None 
 48.292, -123.305, 23.0, 2014-12-07 06:35:00, 0.0, None 
 46.65, -122.9, 40.0, 2014-12-07 06:35:00, 0.0, None 
 48.145, -123.68, 38.2, 2014-12-07 06:37:30, 0.0, None 
 48.22, -123.32, 58.5, 2014-12-07 06:40:00, 0.0, None 
 48.21, -123.28, 45.0, 2014-12-07 06:42:30, 0.0, None 
 48.308, -123.48299999999999, 20.0, 2014-12-07 06:50:00, 0.0, None 
 48.215, -123.54, 36.0, 2014-12-07 06:52:30, 0.0, None 
 48.23, -123.29, 41.0, 2014-12-07 06:55:00, 0.0, None 
 48.255, -123.41, 40.0, 2014-12-07 06:57:30, 0.0, None 
 48.14, -123.35, 20.0, 2014-12-07 07:00:00, 0.0, None 
 48.235, -123.39200000000001, 22.2, 2014-12-07 07:02:30, 0.0, None 
 48.236999999999995, -123.41, 20.0, 2014-12-07 07:05:00, 0.0, None 
 48.255, -123.405, 20.0, 2014-12-07 07:07:30, 0.0, None 
 48.22, -123.29, 24.0, 2014-12-07 07:10:00, 0.0, None 
 48.05, -123.44, 28.0, 2014-12-07 07:17:30, 0.0, None 
 48.08, -123.12, 55.0, 2014-12-07 07:22:30, 0.0, None 
 48.115, -123.525, 20.0, 2014-12-07 07:27:30, 0.0, None 
 48.117, -123.51, 20.5, 2014-12-07 07:30:00, 0.0, None 
 48.22, -123.39, 26.5, 2014-12-07 07:35:00, 0.0, None 
 48.195, -123.39, 24.0, 2014-12-07 07:37:30, 0.0, None 
 48.25, -123.33, 23.0, 2014-12-07 07:42:30, 0.0, None 
 48.08, -123.235, 38.0, 2014-12-07 07:50:00, 0.0, None 
 48.18, -123.3, 32.5, 2014-12-07 07:55:00, 0.0, None 
 48.18, -123.39, 42.0, 2014-12-07 07:57:30, 0.0, None 
 47.915, -123.545, 60.0, 2014-12-07 07:57:30, 0.0, None 
 47.95, -123.16, 20.0, 2014-12-07 08:00:00, 0.0, None 
 48.0, -123.8, 60.0, 2014-12-07 08:02:30, 0.0, None 
 48.07, -123.24, 54.0, 2014-12-07 08:05:00, 0.0, None 
 48.28, -123.35799999999999, 22.2, 2014-12-07 08:07:30, 0.0, None 
 48.308, -123.395, 50.5, 2014-12-07 08:10:00, 0.0, None 
 48.236999999999995, -123.46, 37.2, 2014-12-07 08:12:30, 0.0, None 
 48.2, -123.475, 24.2, 2014-12-07 08:15:00, 0.0, None 
 47.76, -123.51, 31.0, 2014-12-07 08:15:00, 0.0, None 
 48.23, -123.405, 20.0, 2014-12-07 08:17:30, 0.0, None 
 48.29, -123.245, 20.0, 2014-12-07 08:20:00, 0.0, None 
 48.21, -123.61, 60.0, 2014-12-07 08:22:30, 0.0, None 
 47.97, -123.585, 60.0, 2014-12-07 08:22:30, 0.0, None 
 48.278, -123.32799999999999, 38.8, 2014-12-07 08:25:00, 0.0, None 
 48.282, -123.322, 32.8, 2014-12-07 08:27:30, 0.0, None 
 48.28, -123.305, 23.5, 2014-12-07 08:30:00, 0.0, None 
 48.14, -123.37, 28.0, 2014-12-07 08:32:30, 0.0, None 
 48.1, -123.36, 29.5, 2014-12-07 08:35:00, 0.0, None 
 47.922, -123.46, 20.0, 2014-12-07 08:37:30, 0.0, None 
 47.93, -123.56, 24.0, 2014-12-07 08:40:00, 0.0, None 
 48.008, -123.505, 20.0, 2014-12-07 08:42:30, 0.0, None 
 48.015, -123.465, 20.0, 2014-12-07 08:45:00, 0.0, None 
 48.01, -123.5, 22.0, 2014-12-07 08:47:30, 0.0, None 
 48.17, -123.33, 29.0, 2014-12-07 08:50:00, 0.0, None 
 48.085, -123.58, 60.0, 2014-12-07 08:52:30, 0.0, None 
 48.095, -123.58, 44.5, 2014-12-07 08:55:00, 0.0, None 
 47.96, -123.595, 60.0, 2014-12-07 08:57:30, 0.0, None 
 48.17, -123.46, 20.0, 2014-12-07 09:00:00, 0.0, None 
 48.263000000000005, -123.35799999999999, 29.8, 2014-12-07 09:02:30, 0.0, None 
 48.28, -123.46799999999999, 20.0, 2014-12-07 09:05:00, 0.0, None 
 48.305, -123.51299999999999, 20.8, 2014-12-07 09:07:30, 0.0, None 
 48.29, -123.435, 20.0, 2014-12-07 09:10:00, 0.0, None 
 48.293, -123.412, 20.0, 2014-12-07 09:12:30, 0.0, None 
 48.11, -123.52, 20.0, 2014-12-07 09:30:00, 0.0, None 
 48.15, -123.605, 46.0, 2014-12-07 09:32:30, 0.0, None 
 47.99, -123.625, 41.5, 2014-12-07 09:37:30, 0.0, None 
 47.93, -123.67, 20.0, 2014-12-07 09:45:00, 0.0, None 
 48.0, -123.62299999999999, 42.5, 2014-12-07 09:47:30, 0.0, None 
 48.085, -123.575, 28.5, 2014-12-07 09:50:00, 0.0, None 
 48.1, -123.53, 20.0, 2014-12-07 09:52:30, 0.0, None 
 48.13, -123.405, 40.0, 2014-12-07 09:55:00, 0.0, None 
 47.99, -123.525, 60.0, 2014-12-07 09:57:30, 0.0, None 
 48.08, -123.52, 20.0, 2014-12-07 10:00:00, 0.0, None 
 48.05, -123.428, 40.5, 2014-12-07 10:02:30, 0.0, None 
 48.02, -123.5, 20.0, 2014-12-07 10:05:00, 0.0, None 
 48.1, -123.42, 23.5, 2014-12-07 10:07:30, 0.0, None 
 48.08, -123.39, 30.5, 2014-12-07 10:10:00, 0.0, None 
 48.235, -123.338, 21.5, 2014-12-07 10:12:30, 0.0, None 
 48.05, -123.515, 35.5, 2014-12-07 10:20:00, 0.0, None 
 48.2, -123.36, 25.8, 2014-12-07 10:25:00, 0.0, None 
 48.2, -123.368, 26.5, 2014-12-07 10:27:30, 0.0, None 
 48.3, -123.59, 53.0, 2014-12-07 10:32:30, 0.0, None 
 48.37, -123.47, 37.0, 2014-12-07 10:40:00, 0.0, None 
 47.895, -123.44, 20.0, 2014-12-07 10:42:30, 0.0, None 
 48.085, -123.485, 60.0, 2014-12-07 10:45:00, 0.0, None 
 48.38, -123.21, 40.0, 2014-12-07 10:47:30, 0.0, None 
 48.21, -123.34, 20.0, 2014-12-07 10:50:00, 0.0, None 
 48.01, -123.52, 20.0, 2014-12-07 10:52:30, 0.0, None 
 47.95, -123.6, 23.5, 2014-12-07 10:55:00, 0.0, None 
 48.0, -123.53, 30.0, 2014-12-07 10:57:30, 0.0, None 
 48.0, -123.61, 28.5, 2014-12-07 11:00:00, 0.0, None 
 47.98, -123.48, 29.5, 2014-12-07 11:02:30, 0.0, None 
 48.2, -123.38799999999999, 20.0, 2014-12-07 11:07:30, 0.0, None 
 48.14, -123.49, 20.0, 2014-12-07 11:10:00, 0.0, None 
 48.3, -123.43, 29.0, 2014-12-07 11:12:30, 0.0, None 
 48.24, -123.23, 20.0, 2014-12-07 11:15:00, 0.0, None 
 48.13, -123.1, 42.0, 2014-12-07 11:17:30, 0.0, None 
 48.15, -123.48, 20.0, 2014-12-07 11:20:00, 0.0, None 
 48.29, -123.44, 28.5, 2014-12-07 11:25:00, 0.0, None 
 48.28, -123.46, 31.5, 2014-12-07 11:27:30, 0.0, None 
 48.26, -123.37, 21.2, 2014-12-07 11:30:00, 0.0, None 
 48.282, -123.387, 28.0, 2014-12-07 11:32:30, 0.0, None 
 48.321999999999996, -123.553, 36.5, 2014-12-07 11:35:00, 0.0, None 
 48.3, -123.36, 28.0, 2014-12-07 11:37:30, 0.0, None 
 48.15, -123.37, 31.0, 2014-12-07 11:40:00, 0.0, None 
 48.02, -123.39, 20.0, 2014-12-07 11:42:30, 0.0, None 
 48.03, -123.4, 21.0, 2014-12-07 11:45:00, 0.0, None 
 48.02, -123.51, 60.0, 2014-12-07 11:47:30, 0.0, None 
 48.09, -123.48, 43.0, 2014-12-07 11:55:00, 0.0, None 
 48.205, -123.42200000000001, 45.5, 2014-12-07 11:57:30, 0.0, None 
 48.08, -123.28, 29.0, 2014-12-07 12:00:00, 0.0, None 
 48.24, -123.35, 25.8, 2014-12-07 12:07:30, 0.0, None 
 48.08, -123.315, 34.0, 2014-12-07 12:10:00, 0.0, None 
 48.085, -123.72, 43.0, 2014-12-07 12:12:30, 0.0, None 
 47.99, -123.38, 60.0, 2014-12-07 12:15:00, 0.0, None 
 48.01, -123.235, 60.0, 2014-12-07 12:17:30, 0.0, None 
 48.16, -123.29, 60.0, 2014-12-07 12:20:00, 0.0, None 
 48.2, -123.28, 33.0, 2014-12-07 12:25:00, 0.0, None 
 48.15, -123.29, 39.0, 2014-12-07 12:27:30, 0.0, None 
 48.05, -123.29, 32.0, 2014-12-07 12:30:00, 0.0, None 
 48.01, -123.36, 33.0, 2014-12-07 12:32:30, 0.0, None 
 48.08, -123.3, 20.0, 2014-12-07 12:35:00, 0.0, None 
 48.115, -123.38, 36.5, 2014-12-07 12:37:30, 0.0, None 
 48.24, -123.485, 34.8, 2014-12-07 12:40:00, 0.0, None 
 48.23, -123.417, 55.0, 2014-12-07 12:42:30, 0.0, None 
 48.282, -123.428, 20.0, 2014-12-07 12:45:00, 0.0, None 
 48.3, -123.29, 20.0, 2014-12-07 12:47:30, 0.0, None 
 48.21, -123.38, 60.0, 2014-12-07 12:50:00, 0.0, None 
 48.0, -123.28, 60.0, 2014-12-07 12:52:30, 0.0, None 
 47.97, -123.58, 60.0, 2014-12-07 12:57:30, 0.0, None 
 46.68, -122.9, 60.0, 2014-12-07 12:57:30, 0.0, None 
 48.06, -123.475, 45.8, 2014-12-07 13:00:00, 0.0, None 
 48.0, -123.49, 20.0, 2014-12-07 13:02:30, 0.0, None 
 48.23, -123.47, 60.0, 2014-12-07 13:07:30, 0.0, None 
 48.16, -123.63, 60.0, 2014-12-07 13:10:00, 0.0, None 
 48.1, -123.6, 45.0, 2014-12-07 13:25:00, 0.0, None 
 48.28, -123.58, 21.0, 2014-12-07 13:27:30, 0.0, None 
 48.205, -123.44, 23.5, 2014-12-07 13:30:00, 0.0, None 
 48.215, -123.44, 30.8, 2014-12-07 13:32:30, 0.0, None 
 48.23, -123.385, 21.0, 2014-12-07 13:35:00, 0.0, None 
 48.29, -123.51, 20.0, 2014-12-07 13:37:30, 0.0, None 
 48.19, -123.39, 20.0, 2014-12-07 13:40:00, 0.0, None 
 48.155, -123.412, 20.0, 2014-12-07 13:45:00, 0.0, None 
 48.266999999999996, -123.385, 20.0, 2014-12-07 13:47:30, 0.0, None 
 48.255, -123.43299999999999, 20.0, 2014-12-07 13:50:00, 0.0, None 
 48.225, -123.463, 25.8, 2014-12-07 13:52:30, 0.0, None 
 48.16, -123.47200000000001, 28.0, 2014-12-07 13:55:00, 0.0, None 
 48.025, -123.58, 53.2, 2014-12-07 13:57:30, 0.0, None 
 47.99, -123.51, 20.0, 2014-12-07 14:00:00, 0.0, None 
 48.1, -123.48, 60.0, 2014-12-07 14:02:30, 0.0, None 
 48.15, -123.465, 32.0, 2014-12-07 14:05:00, 0.0, None 
 48.235, -123.385, 45.5, 2014-12-07 14:12:30, 0.0, None 
 48.05, -123.39, 20.0, 2014-12-07 14:20:00, 0.0, None 
 48.0, -123.45, 37.5, 2014-12-07 14:22:30, 0.0, None 
 48.035, -123.35799999999999, 23.2, 2014-12-07 14:25:00, 0.0, None 
 48.22, -123.43, 43.5, 2014-12-07 14:30:00, 0.0, None 
 48.105, -123.42, 60.0, 2014-12-07 14:32:30, 0.0, None 
 47.855, -123.385, 40.0, 2014-12-07 14:35:00, 0.0, None 
 48.175, -123.43799999999999, 24.5, 2014-12-07 14:45:00, 0.0, None 
 48.22, -123.50200000000001, 21.5, 2014-12-07 14:47:30, 0.0, None 
 48.332, -123.535, 31.0, 2014-12-07 14:50:00, 0.0, None 
 48.28, -123.37700000000001, 20.0, 2014-12-07 14:52:30, 0.0, None 
 48.285, -123.41799999999999, 20.0, 2014-12-07 14:55:00, 0.0, None 
 48.25, -123.387, 54.0, 2014-12-07 14:57:30, 0.0, None 
 48.18, -123.32, 60.0, 2014-12-07 15:00:00, 0.0, None 
 48.23, -123.22, 60.0, 2014-12-07 15:02:30, 0.0, None 
 48.105, -123.28, 26.5, 2014-12-07 15:05:00, 0.0, None 
 48.08, -123.285, 32.5, 2014-12-07 15:07:30, 0.0, None 
 48.115, -123.33, 44.0, 2014-12-07 15:10:00, 0.0, None 
 48.038000000000004, -123.47200000000001, 26.2, 2014-12-07 15:12:30, 0.0, None 
 48.093, -123.41, 27.5, 2014-12-07 15:15:00, 0.0, None 
 48.11, -123.32, 29.0, 2014-12-07 15:17:30, 0.0, None 
 48.055, -123.345, 34.0, 2014-12-07 15:20:00, 0.0, None 
 48.05, -123.35, 26.5, 2014-12-07 15:22:30, 0.0, None 
 48.05, -123.51, 37.5, 2014-12-07 15:25:00, 0.0, None 
 48.105, -123.36, 41.5, 2014-12-07 15:35:00, 0.0, None 
 47.84, -123.395, 58.5, 2014-12-07 15:37:30, 0.0, None 
 48.09, -123.53, 52.0, 2014-12-07 15:47:30, 0.0, None 
 48.01, -123.62, 50.0, 2014-12-07 15:50:00, 0.0, None 
 48.21, -123.27, 39.0, 2014-12-07 15:52:30, 0.0, None 
 48.3, -123.45, 60.0, 2014-12-07 15:55:00, 0.0, None 
 48.4, -123.18, 60.0, 2014-12-07 15:57:30, 0.0, None 
 47.9, -123.66, 51.0, 2014-12-07 16:00:00, 0.0, None 
 47.935, -123.225, 55.5, 2014-12-07 16:02:30, 0.0, None 
 47.98, -123.33, 46.0, 2014-12-07 16:05:00, 0.0, None 
 48.025, -123.33, 42.5, 2014-12-07 16:07:30, 0.0, None 
 48.095, -123.47200000000001, 39.0, 2014-12-07 16:10:00, 0.0, None 
 48.15, -123.34, 34.0, 2014-12-07 16:12:30, 0.0, None 
 48.275, -123.47, 60.0, 2014-12-07 16:15:00, 0.0, None 
 48.227, -123.41799999999999, 27.5, 2014-12-07 16:17:30, 0.0, None 
 48.2, -123.47, 34.5, 2014-12-07 16:20:00, 0.0, None 
 48.08, -123.49, 60.0, 2014-12-07 16:25:00, 0.0, None 
 48.065, -123.64, 20.0, 2014-12-07 16:27:30, 0.0, None 
 48.14, -123.5, 35.0, 2014-12-07 16:32:30, 0.0, None 
 48.13, -123.58, 34.0, 2014-12-07 16:35:00, 0.0, None 
 48.02, -123.61, 20.0, 2014-12-07 16:37:30, 0.0, None 
 48.095, -123.395, 60.0, 2014-12-07 16:45:00, 0.0, None 
 47.91, -123.22, 56.0, 2014-12-07 16:47:30, 0.0, None 
 48.18, -123.73, 20.0, 2014-12-07 16:52:30, 0.0, None 
 47.99, -123.67, 20.0, 2014-12-07 16:55:00, 0.0, None 
 48.23, -123.39, 20.0, 2014-12-07 17:05:00, 0.0, None 
 48.18, -123.45, 24.0, 2014-12-07 17:10:00, 0.0, None 
 48.09, -123.485, 29.5, 2014-12-07 17:12:30, 0.0, None 
 48.19, -123.56, 43.0, 2014-12-07 17:15:00, 0.0, None 
 48.005, -123.58, 44.5, 2014-12-07 17:17:30, 0.0, None 
 48.185, -123.68, 40.0, 2014-12-07 17:20:00, 0.0, None 
 47.91, -123.68, 58.0, 2014-12-07 17:20:00, 0.0, None 
 47.9, -123.1, 23.5, 2014-12-07 17:22:30, 0.0, None 
 47.86, -123.23, 20.0, 2014-12-07 17:30:00, 0.0, None 
 47.8, -123.34, 32.0, 2014-12-07 17:32:30, 0.0, None 
 47.93, -123.22, 53.0, 2014-12-07 17:37:30, 0.0, None 
 47.93, -123.22, 56.0, 2014-12-07 17:40:00, 0.0, None 
 47.89, -123.09, 60.0, 2014-12-07 17:42:30, 0.0, None 
 47.89, -123.27, 49.5, 2014-12-07 17:45:00, 0.0, None 
 47.89, -123.31, 20.0, 2014-12-07 17:47:30, 0.0, None 
 47.86, -123.19, 47.0, 2014-12-07 17:52:30, 0.0, None 
 47.89, -123.1, 37.0, 2014-12-07 17:55:00, 0.0, None 
 47.99, -123.535, 60.0, 2014-12-07 17:57:30, 0.0, None 
 48.05, -123.405, 29.5, 2014-12-07 18:02:30, 0.0, None 
 47.92, -123.21, 47.0, 2014-12-07 18:05:00, 0.0, None 
 47.91, -123.175, 43.0, 2014-12-07 18:07:30, 0.0, None 
 48.1, -123.31, 34.0, 2014-12-07 18:10:00, 0.0, None 
 47.81, -123.235, 20.0, 2014-12-07 18:10:00, 0.0, None 
 48.19, -123.34, 33.5, 2014-12-07 18:12:30, 0.0, None 
 48.235, -123.515, 20.0, 2014-12-07 18:15:00, 0.0, None 
 48.258, -123.5, 20.0, 2014-12-07 18:17:30, 0.0, None 
 48.27, -123.45, 20.0, 2014-12-07 18:20:00, 0.0, None 
 48.26, -123.40700000000001, 20.0, 2014-12-07 18:22:30, 0.0, None 
 48.01, -123.135, 41.0, 2014-12-07 18:25:00, 0.0, None 
 47.2, -122.71, 20.0, 2014-12-07 18:27:30, 0.0, None 
 48.07, -123.72, 38.0, 2014-12-07 18:30:00, 0.0, None 
 48.145, -123.645, 38.5, 2014-12-07 18:32:30, 0.0, None 
 47.87, -123.08, 29.0, 2014-12-07 18:37:30, 0.0, None 
 47.85, -123.1, 32.0, 2014-12-07 18:40:00, 0.0, None 
 48.025, -123.36, 49.0, 2014-12-07 18:42:30, 0.0, None 
 47.73, -123.31, 25.0, 2014-12-07 18:45:00, 0.0, None 
 48.08, -123.5, 47.0, 2014-12-07 18:47:30, 0.0, None 
 48.0, -123.61, 20.0, 2014-12-07 18:55:00, 0.0, None 
 47.84, -123.35, 60.0, 2014-12-07 18:57:30, 0.0, None 
 47.85, -123.1, 29.5, 2014-12-07 19:00:00, 0.0, None 
 47.795, -123.14, 45.5, 2014-12-07 19:12:30, 0.0, None 
 47.9, -123.21, 20.0, 2014-12-07 19:17:30, 0.0, None 
 47.9, -123.22, 25.5, 2014-12-07 19:20:00, 0.0, None 
 47.88, -123.31, 25.5, 2014-12-07 19:22:30, 0.0, None 
 47.89, -123.28, 21.0, 2014-12-07 19:25:00, 0.0, None 
 47.9, -123.17, 29.0, 2014-12-07 19:27:30, 0.0, None 
 48.125, -123.68, 20.0, 2014-12-07 19:35:00, 0.0, None 
 47.89, -123.34, 29.5, 2014-12-07 19:42:30, 0.0, None 
 47.89, -123.27, 20.0, 2014-12-07 19:45:00, 0.0, None 
 47.9, -123.175, 20.0, 2014-12-07 19:47:30, 0.0, None 
 48.0, -123.73, 20.0, 2014-12-07 19:50:00, 0.0, None 
 47.77, -123.225, 60.0, 2014-12-07 20:00:00, 0.0, None 
 47.73, -123.23, 20.0, 2014-12-07 20:07:30, 0.0, None 
 47.99, -123.47, 60.0, 2014-12-07 20:10:00, 0.0, None 
 48.02, -123.44, 35.0, 2014-12-07 20:12:30, 0.0, None 
 47.31, -123.42, 20.0, 2014-12-07 20:12:30, 0.0, None 
 48.19, -123.405, 20.0, 2014-12-07 20:17:30, 0.0, None 
 48.175, -123.42, 20.0, 2014-12-07 20:20:00, 0.0, None 
 48.3, -123.37, 20.0, 2014-12-07 20:27:30, 0.0, None 
 48.125, -123.68, 60.0, 2014-12-07 20:30:00, 0.0, None 
 48.01, -123.66, 20.0, 2014-12-07 20:32:30, 0.0, None 
 48.195, -123.37, 22.5, 2014-12-07 20:35:00, 0.0, None 
 48.075, -123.2, 32.5, 2014-12-07 20:37:30, 0.0, None 
 47.9, -122.91, 20.0, 2014-12-07 20:40:00, 0.0, None 
 47.89, -123.04, 45.0, 2014-12-07 20:42:30, 0.0, None 
 47.89, -122.9, 24.0, 2014-12-07 20:45:00, 0.0, None 
 47.855, -123.435, 50.0, 2014-12-07 20:47:30, 0.0, None 
 48.39, -123.26, 41.0, 2014-12-07 20:50:00, 0.0, None 
 48.16, -123.45, 36.0, 2014-12-07 20:52:30, 0.0, None 
 47.89, -123.255, 55.5, 2014-12-07 20:52:30, 0.0, None 
 47.97, -123.64, 20.0, 2014-12-07 20:55:00, 0.0, None 
 47.93, -123.05, 53.5, 2014-12-07 20:57:30, 0.0, None 
 47.92, -122.9, 20.0, 2014-12-07 21:00:00, 0.0, None 
 47.93, -123.59, 48.0, 2014-12-07 21:02:30, 0.0, None 
 47.905, -123.12, 33.0, 2014-12-07 21:07:30, 0.0, None 
 47.93, -123.1, 51.0, 2014-12-07 21:10:00, 0.0, None 
 47.855, -123.095, 34.5, 2014-12-07 21:12:30, 0.0, None 
 47.83, -123.1, 31.0, 2014-12-07 21:15:00, 0.0, None 
 47.8, -123.1, 41.0, 2014-12-07 21:17:30, 0.0, None 
 47.8, -123.295, 60.0, 2014-12-07 21:25:00, 0.0, None 
 47.87, -123.31, 46.0, 2014-12-07 21:27:30, 0.0, None 
 47.89, -123.15, 51.0, 2014-12-07 21:30:00, 0.0, None 
 47.93, -123.26, 60.0, 2014-12-07 21:32:30, 0.0, None 
 47.9, -123.035, 48.0, 2014-12-07 21:35:00, 0.0, None 
 47.76, -123.29, 26.0, 2014-12-07 21:37:30, 0.0, None 
 47.81, -123.295, 20.0, 2014-12-07 21:40:00, 0.0, None 
 47.825, -123.225, 20.0, 2014-12-07 21:42:30, 0.0, None 
 48.19, -123.49, 20.0, 2014-12-07 21:45:00, 0.0, None 
 47.81, -123.18, 35.0, 2014-12-07 21:45:00, 0.0, None 
 48.1, -123.64, 20.0, 2014-12-07 21:47:30, 0.0, None 
 48.145, -123.66, 46.5, 2014-12-07 22:02:30, 0.0, None 
 48.193000000000005, -123.505, 34.2, 2014-12-07 22:05:00, 0.0, None 
 48.135, -123.63, 30.0, 2014-12-07 22:07:30, 0.0, None 
 48.13, -123.5, 54.0, 2014-12-07 22:10:00, 0.0, None 
 47.91, -123.54, 29.0, 2014-12-07 22:12:30, 0.0, None 
 48.37, -123.405, 20.0, 2014-12-07 22:15:00, 0.0, None 
 48.375, -123.325, 36.0, 2014-12-07 22:17:30, 0.0, None 
 48.12, -123.72, 20.0, 2014-12-07 22:22:30, 0.0, None 
 48.01, -123.64, 43.0, 2014-12-07 22:25:00, 0.0, None 
 48.23, -123.47, 41.5, 2014-12-07 22:37:30, 0.0, None 
 48.225, -123.475, 24.0, 2014-12-07 22:40:00, 0.0, None 
 48.275, -123.51299999999999, 20.0, 2014-12-07 22:42:30, 0.0, None 
 47.83, -123.49, 20.0, 2014-12-07 22:42:30, 0.0, None 
 48.266999999999996, -123.44, 20.0, 2014-12-07 22:45:00, 0.0, None 
 48.265, -123.385, 28.2, 2014-12-07 22:47:30, 0.0, None 
 48.28, -123.36, 21.5, 2014-12-07 22:50:00, 0.0, None 
 48.213, -123.415, 22.8, 2014-12-07 22:52:30, 0.0, None 
 48.225, -123.39200000000001, 20.0, 2014-12-07 22:55:00, 0.0, None 
 47.29, -123.4, 36.0, 2014-12-07 22:55:00, 0.0, None 
 48.07, -123.625, 60.0, 2014-12-07 22:57:30, 0.0, None 
 48.125, -123.46, 27.0, 2014-12-07 23:00:00, 0.0, None 
 48.275, -123.275, 56.5, 2014-12-07 23:02:30, 0.0, None 
 48.27, -123.333, 34.2, 2014-12-07 23:05:00, 0.0, None 
 47.975, -123.05, 55.0, 2014-12-07 23:07:30, 0.0, None 
 48.22, -123.37, 20.0, 2014-12-07 23:10:00, 0.0, None 
 48.0, -123.05, 54.0, 2014-12-07 23:10:00, 0.0, None 
 48.22, -123.445, 20.0, 2014-12-07 23:12:30, 0.0, None 
 48.248000000000005, -123.445, 28.0, 2014-12-07 23:15:00, 0.0, None 
 48.251999999999995, -123.42, 26.5, 2014-12-07 23:17:30, 0.0, None 
 48.266999999999996, -123.303, 26.0, 2014-12-07 23:20:00, 0.0, None 
 47.95, -123.05, 51.0, 2014-12-07 23:25:00, 0.0, None 
 47.94, -123.1, 53.0, 2014-12-07 23:27:30, 0.0, None 
 48.01, -123.3, 25.0, 2014-12-07 23:30:00, 0.0, None 
 47.985, -123.1, 54.0, 2014-12-07 23:35:00, 0.0, None 
 47.935, -123.01, 50.0, 2014-12-07 23:37:30, 0.0, None 
 47.92, -123.09, 60.0, 2014-12-07 23:40:00, 0.0, None 
 47.93, -123.0, 27.0, 2014-12-07 23:42:30, 0.0, None 
 47.99, -123.13, 47.0, 2014-12-07 23:47:30, 0.0, None 
 48.0, -123.16, 50.0, 2014-12-07 23:50:00, 0.0, None 
 47.91, -123.04, 60.0, 2014-12-07 23:55:00, 0.0, None 
 47.95, -123.02, 50.0, 2014-12-08 00:00:00, 0.0, None 
 47.98, -123.08, 56.5, 2014-12-08 00:02:30, 0.0, None 
 48.2, -123.43, 36.0, 2014-12-08 00:12:30, 0.0, None 
 48.16, -123.33, 32.0, 2014-12-08 00:17:30, 0.0, None 
 48.19, -123.3, 29.0, 2014-12-08 00:30:00, 0.0, None 
 48.188, -123.535, 26.8, 2014-12-08 00:35:00, 0.0, None 
 48.06, -123.575, 32.0, 2014-12-08 00:37:30, 0.0, None 
 48.03, -123.74, 40.0, 2014-12-08 00:45:00, 0.0, None 
 48.24, -123.39, 60.0, 2014-12-08 00:47:30, 0.0, None 
 48.345, -123.415, 39.5, 2014-12-08 00:50:00, 0.0, None 
 48.175, -123.515, 40.5, 2014-12-08 01:00:00, 0.0, None 
 47.985, -123.055, 60.0, 2014-12-08 01:00:00, 0.0, None 
 48.14, -123.375, 58.0, 2014-12-08 01:02:30, 0.0, None 
 48.38, -123.43, 40.0, 2014-12-08 01:07:30, 0.0, None 
 48.33, -123.39, 29.0, 2014-12-08 01:10:00, 0.0, None 
 48.12, -123.355, 59.5, 2014-12-08 01:17:30, 0.0, None 
 48.15, -123.52799999999999, 48.2, 2014-12-08 01:30:00, 0.0, None 
 48.21, -123.428, 20.0, 2014-12-08 01:40:00, 0.0, None 
 48.2, -123.428, 22.8, 2014-12-08 01:42:30, 0.0, None 
 48.25, -123.458, 40.0, 2014-12-08 01:45:00, 0.0, None 
 48.22, -123.48, 60.0, 2014-12-08 01:50:00, 0.0, None 
 48.19, -123.58, 20.0, 2014-12-08 01:52:30, 0.0, None 
 48.19, -123.555, 60.0, 2014-12-08 01:57:30, 0.0, None 
 48.05, -123.2, 44.0, 2014-12-08 02:02:30, 0.0, None 
 48.133, -123.55, 53.2, 2014-12-08 02:05:00, 0.0, None 
 48.118, -123.695, 44.2, 2014-12-08 02:07:30, 0.0, None 
 48.165, -123.685, 41.0, 2014-12-08 02:10:00, 0.0, None 
 48.39, -123.39, 49.0, 2014-12-08 02:12:30, 0.0, None 
 48.09, -123.69, 20.0, 2014-12-08 02:40:00, 0.0, None 
 48.14, -123.57, 20.0, 2014-12-08 02:45:00, 0.0, None 
 48.293, -123.50200000000001, 29.2, 2014-12-08 02:47:30, 0.0, None 
 47.89, -123.605, 23.0, 2014-12-08 02:55:00, 0.0, None 
 47.92, -123.66, 60.0, 2014-12-08 02:57:30, 0.0, None 
 47.985, -123.7, 60.0, 2014-12-08 03:17:30, 0.0, None 
 48.14, -123.68, 20.0, 2014-12-08 03:35:00, 0.0, None 
 48.03, -123.65, 20.0, 2014-12-08 03:40:00, 0.0, None 
 48.155, -123.62, 24.5, 2014-12-08 03:42:30, 0.0, None 
 48.155, -123.64, 20.0, 2014-12-08 03:45:00, 0.0, None 
 48.16, -123.62, 20.0, 2014-12-08 03:47:30, 0.0, None 
 48.04, -123.73, 20.0, 2014-12-08 04:00:00, 0.0, None 
 48.1, -123.62, 20.0, 2014-12-08 04:02:30, 0.0, None 
 48.205, -123.57, 51.2, 2014-12-08 04:10:00, 0.0, None 
 48.15, -123.61, 33.0, 2014-12-08 04:12:30, 0.0, None 
 48.08, -123.655, 31.5, 2014-12-08 04:15:00, 0.0, None 
 48.04, -123.6, 20.0, 2014-12-08 04:17:30, 0.0, None 
 48.2, -123.46, 49.5, 2014-12-08 04:20:00, 0.0, None 
 48.2, -123.52799999999999, 55.5, 2014-12-08 04:22:30, 0.0, None 
 48.19, -123.445, 40.0, 2014-12-08 04:27:30, 0.0, None 
 48.215, -123.39200000000001, 28.2, 2014-12-08 04:30:00, 0.0, None 
 48.23, -123.412, 23.2, 2014-12-08 04:32:30, 0.0, None 
 48.18, -123.6, 60.0, 2014-12-08 04:35:00, 0.0, None 
 48.07, -123.69, 55.0, 2014-12-08 04:42:30, 0.0, None 
 48.0, -123.63, 58.0, 2014-12-08 04:45:00, 0.0, None 
 48.0, -123.62299999999999, 50.0, 2014-12-08 05:05:00, 0.0, None 
 48.1, -123.72, 20.0, 2014-12-08 05:07:30, 0.0, None 
 48.23, -123.68, 30.0, 2014-12-08 05:15:00, 0.0, None 
 48.155, -123.565, 41.0, 2014-12-08 05:17:30, 0.0, None 
 48.13, -123.59, 30.0, 2014-12-08 05:20:00, 0.0, None 
 47.9, -123.66, 30.0, 2014-12-08 05:22:30, 0.0, None 
 48.192, -123.58, 44.5, 2014-12-08 05:35:00, 0.0, None 
 48.085, -123.602, 37.0, 2014-12-08 05:37:30, 0.0, None 
 48.18, -123.74, 20.0, 2014-12-08 05:40:00, 0.0, None 
 47.9, -123.52, 33.0, 2014-12-08 05:47:30, 0.0, None 
 48.105, -123.69, 40.0, 2014-12-08 05:57:30, 0.0, None 
 48.14, -123.67, 28.5, 2014-12-08 06:00:00, 0.0, None 
 48.17, -123.635, 28.2, 2014-12-08 06:30:00, 0.0, None 
 48.02, -123.46, 60.0, 2014-12-08 06:32:30, 0.0, None 
 48.19, -123.68, 20.0, 2014-12-08 06:32:30, 0.0, None 
 48.13, -123.54, 60.0, 2014-12-08 07:12:30, 0.0, None 
 48.138000000000005, -123.64200000000001, 23.5, 2014-12-08 07:22:30, 0.0, None 
 48.14, -123.62, 23.5, 2014-12-08 07:25:00, 0.0, None 
 48.145, -123.65, 25.0, 2014-12-08 07:27:30, 0.0, None 
 48.08, -123.585, 26.5, 2014-12-08 07:30:00, 0.0, None 
 48.1, -123.62, 20.0, 2014-12-08 07:32:30, 0.0, None 
 48.18, -123.44, 60.0, 2014-12-08 07:35:00, 0.0, None 
 48.198, -123.49, 58.0, 2014-12-08 07:37:30, 0.0, None 
 48.175, -123.705, 20.0, 2014-12-08 07:50:00, 0.0, None 
 48.18, -123.53, 28.0, 2014-12-08 07:52:30, 0.0, None 
 48.155, -123.54, 39.5, 2014-12-08 07:55:00, 0.0, None 
 48.11, -123.375, 60.0, 2014-12-08 08:00:00, 0.0, None 
 48.19, -123.585, 20.0, 2014-12-08 08:02:30, 0.0, None 
 48.18, -123.70200000000001, 27.0, 2014-12-08 08:10:00, 0.0, None 
 48.175, -123.705, 34.0, 2014-12-08 08:12:30, 0.0, None 
 48.12, -123.66, 24.0, 2014-12-08 08:27:30, 0.0, None 
 48.2, -123.51, 28.0, 2014-12-08 08:32:30, 0.0, None 
 48.06, -123.62, 26.0, 2014-12-08 08:37:30, 0.0, None 
 48.05, -123.69, 29.5, 2014-12-08 08:40:00, 0.0, None 
 48.225, -123.635, 40.0, 2014-12-08 08:55:00, 0.0, None 
 48.25, -123.77, 40.0, 2014-12-08 08:57:30, 0.0, None 
 48.16, -123.47200000000001, 42.5, 2014-12-08 09:32:30, 0.0, None 
 48.145, -123.54, 34.5, 2014-12-08 09:35:00, 0.0, None 
 48.195, -123.535, 30.0, 2014-12-08 09:52:30, 0.0, None 
 48.145, -123.61, 20.0, 2014-12-08 09:55:00, 0.0, None 
 48.085, -123.59700000000001, 60.0, 2014-12-08 10:07:30, 0.0, None 
 48.18, -123.55799999999999, 20.0, 2014-12-08 10:10:00, 0.0, None 
 48.18, -123.51, 20.0, 2014-12-08 10:12:30, 0.0, None 
 48.18, -123.49, 31.5, 2014-12-08 10:20:00, 0.0, None 
 48.17, -123.6, 24.5, 2014-12-08 10:22:30, 0.0, None 
 48.16, -123.63, 25.0, 2014-12-08 10:25:00, 0.0, None 
 48.06, -123.68, 20.0, 2014-12-08 10:27:30, 0.0, None 
 48.105, -123.51700000000001, 41.0, 2014-12-08 10:30:00, 0.0, None 
 48.086999999999996, -123.62, 31.2, 2014-12-08 10:32:30, 0.0, None 
 48.13, -123.64, 20.0, 2014-12-08 10:35:00, 0.0, None 
 48.025, -123.605, 20.0, 2014-12-08 10:37:30, 0.0, None 
 47.92, -123.515, 52.5, 2014-12-08 10:40:00, 0.0, None 
 48.123000000000005, -123.705, 34.0, 2014-12-08 10:42:30, 0.0, None 
 48.145, -123.6, 45.5, 2014-12-08 10:45:00, 0.0, None 
 48.11, -123.67, 31.5, 2014-12-08 10:47:30, 0.0, None 
 48.13, -123.68, 25.5, 2014-12-08 10:50:00, 0.0, None 
 48.33, -123.64, 20.0, 2014-12-08 10:55:00, 0.0, None 
 48.205, -123.68799999999999, 20.0, 2014-12-08 11:07:30, 0.0, None 
 48.19, -123.685, 20.0, 2014-12-08 11:10:00, 0.0, None 
 48.18, -123.61, 31.0, 2014-12-08 11:12:30, 0.0, None 
 48.125, -123.66, 20.0, 2014-12-08 11:15:00, 0.0, None 
 48.135, -123.67, 20.0, 2014-12-08 11:17:30, 0.0, None 
 48.18, -123.62700000000001, 25.8, 2014-12-08 11:25:00, 0.0, None 
 48.175, -123.765, 50.8, 2014-12-08 11:27:30, 0.0, None 
 48.22, -123.64, 20.0, 2014-12-08 11:30:00, 0.0, None 
 48.145, -123.44, 47.0, 2014-12-08 11:32:30, 0.0, None 
 48.185, -123.44200000000001, 23.2, 2014-12-08 11:35:00, 0.0, None 
 48.235, -123.477, 29.0, 2014-12-08 11:37:30, 0.0, None 
 48.24, -123.475, 28.5, 2014-12-08 11:40:00, 0.0, None 
 48.248000000000005, -123.335, 25.0, 2014-12-08 11:42:30, 0.0, None 
 48.2, -123.405, 20.0, 2014-12-08 11:45:00, 0.0, None 
 48.185, -123.523, 33.5, 2014-12-08 11:47:30, 0.0, None 
 48.31, -123.35, 36.0, 2014-12-08 11:55:00, 0.0, None 
 48.245, -123.41, 59.2, 2014-12-08 11:57:30, 0.0, None 
 48.242, -123.52, 20.0, 2014-12-08 12:00:00, 0.0, None 
 48.31, -123.68, 39.0, 2014-12-08 12:02:30, 0.0, None 
 48.222, -123.46, 20.0, 2014-12-08 12:05:00, 0.0, None 
 48.25, -123.405, 20.0, 2014-12-08 12:07:30, 0.0, None 
 48.175, -123.545, 45.2, 2014-12-08 12:10:00, 0.0, None 
 48.168, -123.575, 28.8, 2014-12-08 12:12:30, 0.0, None 
 48.13, -123.59, 26.0, 2014-12-08 12:15:00, 0.0, None 
 48.23, -123.59, 24.5, 2014-12-08 12:17:30, 0.0, None 
 48.195, -123.428, 27.2, 2014-12-08 12:20:00, 0.0, None 
 48.23, -123.61, 31.0, 2014-12-08 12:37:30, 0.0, None 
 48.175, -123.63, 29.0, 2014-12-08 12:40:00, 0.0, None 
 48.13, -123.63, 20.0, 2014-12-08 12:45:00, 0.0, None 
 48.225, -123.69, 23.5, 2014-12-08 13:10:00, 0.0, None 
 48.26, -123.7, 20.0, 2014-12-08 13:12:30, 0.0, None 
 48.22, -123.53, 24.0, 2014-12-08 13:20:00, 0.0, None 
 48.16, -123.53, 20.0, 2014-12-08 13:22:30, 0.0, None 
 48.138000000000005, -123.48, 20.0, 2014-12-08 13:25:00, 0.0, None 
 48.195, -123.553, 25.0, 2014-12-08 13:27:30, 0.0, None 
 48.178000000000004, -123.45, 23.0, 2014-12-08 13:30:00, 0.0, None 
 48.11, -123.345, 38.0, 2014-12-08 13:32:30, 0.0, None 
 48.28, -123.69, 28.0, 2014-12-08 13:35:00, 0.0, None 
 48.242, -123.635, 40.0, 2014-12-08 13:37:30, 0.0, None 
 48.23, -123.745, 55.5, 2014-12-08 13:45:00, 0.0, None 
 48.23, -123.4, 45.0, 2014-12-08 13:50:00, 0.0, None 
 48.205, -123.553, 24.5, 2014-12-08 13:52:30, 0.0, None 
 48.275, -123.49, 20.0, 2014-12-08 13:55:00, 0.0, None 
 48.275, -123.48, 20.5, 2014-12-08 13:57:30, 0.0, None 
 48.23, -123.37700000000001, 28.5, 2014-12-08 14:00:00, 0.0, None 
 48.215, -123.365, 20.0, 2014-12-08 14:02:30, 0.0, None 
 48.22, -123.31, 25.0, 2014-12-08 14:05:00, 0.0, None 
 48.25, -123.52, 40.0, 2014-12-08 14:07:30, 0.0, None 
 48.19, -123.695, 26.0, 2014-12-08 14:15:00, 0.0, None 
 48.205, -123.68, 20.0, 2014-12-08 14:17:30, 0.0, None 
 48.07, -123.445, 52.0, 2014-12-08 14:20:00, 0.0, None 
 48.23, -123.69, 20.0, 2014-12-08 14:20:00, 0.0, None 
 48.19, -123.72, 50.0, 2014-12-08 14:27:30, 0.0, None 
 48.215, -123.72200000000001, 31.5, 2014-12-08 14:30:00, 0.0, None 
 48.215, -123.63799999999999, 40.5, 2014-12-08 14:32:30, 0.0, None 
 48.15, -123.55, 44.0, 2014-12-08 14:35:00, 0.0, None 
 48.08, -123.22, 60.0, 2014-12-08 14:37:30, 0.0, None 
 47.98, -123.67, 20.0, 2014-12-08 14:45:00, 0.0, None 
 47.99, -123.7, 20.0, 2014-12-08 14:47:30, 0.0, None 
 48.17, -123.68, 60.0, 2014-12-08 14:57:30, 0.0, None 
 48.04, -123.75, 25.5, 2014-12-08 15:02:30, 0.0, None 
 48.03, -123.7, 20.0, 2014-12-08 15:15:00, 0.0, None 
 48.07, -123.65, 24.5, 2014-12-08 15:17:30, 0.0, None 
 48.05, -123.79, 30.0, 2014-12-08 15:27:30, 0.0, None 
 48.055, -123.685, 25.5, 2014-12-08 15:30:00, 0.0, None 
 48.14, -123.75, 36.0, 2014-12-08 16:00:00, 0.0, None 
 48.14, -123.76, 20.0, 2014-12-08 16:02:30, 0.0, None 
 48.12, -123.69, 20.0, 2014-12-08 16:05:00, 0.0, None 
 48.1, -123.65, 20.0, 2014-12-08 16:07:30, 0.0, None 
 48.24, -123.495, 50.0, 2014-12-08 16:12:30, 0.0, None 
 48.172, -123.59700000000001, 43.8, 2014-12-08 16:15:00, 0.0, None 
 48.375, -123.715, 47.0, 2014-12-08 17:25:00, 0.0, None 
 48.19, -123.68, 24.0, 2014-12-08 17:32:30, 0.0, None 
 48.19, -123.72, 27.0, 2014-12-08 17:35:00, 0.0, None 
 48.2, -123.715, 38.0, 2014-12-08 17:37:30, 0.0, None 
 48.17, -123.685, 34.5, 2014-12-08 17:40:00, 0.0, None 
 48.13, -123.74, 31.0, 2014-12-08 17:42:30, 0.0, None 
 48.145, -123.69, 60.0, 2014-12-08 18:12:30, 0.0, None 
 48.22, -123.77, 26.0, 2014-12-08 18:27:30, 0.0, None 
 48.19, -123.58, 20.0, 2014-12-08 18:30:00, 0.0, None 
 47.995, -123.04, 33.0, 2014-12-08 18:37:30, 0.0, None 
 48.17, -123.56, 31.0, 2014-12-08 18:40:00, 0.0, None 
 48.12, -123.5, 22.0, 2014-12-08 19:12:30, 0.0, None 
 47.8, -123.35, 20.0, 2014-12-08 19:15:00, 0.0, None 
 48.12, -123.49, 20.0, 2014-12-08 19:15:00, 0.0, None 
 48.29, -123.73, 20.0, 2014-12-08 19:25:00, 0.0, None 
 48.245, -123.78, 30.0, 2014-12-08 19:27:30, 0.0, None 
 48.31, -123.68, 33.0, 2014-12-08 19:30:00, 0.0, None 
 48.05, -123.73, 20.0, 2014-12-08 19:57:30, 0.0, None 
 48.245, -123.75, 20.0, 2014-12-08 20:00:00, 0.0, None 
 47.93, -123.57, 20.0, 2014-12-08 20:12:30, 0.0, None 
 48.1, -123.41, 20.0, 2014-12-08 20:40:00, 0.0, None 
 48.34, -123.605, 20.0, 2014-12-08 21:15:00, 0.0, None 
 48.22, -123.762, 22.5, 2014-12-08 21:32:30, 0.0, None 
 48.25, -123.745, 25.0, 2014-12-08 21:35:00, 0.0, None 
 48.16, -123.76, 20.0, 2014-12-08 21:50:00, 0.0, None 
 48.29, -123.465, 55.0, 2014-12-08 21:57:30, 0.0, None 
 48.102, -123.66, 25.5, 2014-12-08 22:07:30, 0.0, None 
 48.12, -123.76, 20.0, 2014-12-08 22:10:00, 0.0, None 
 48.23, -123.8, 33.0, 2014-12-08 22:12:30, 0.0, None 
 48.04, -123.77, 21.5, 2014-12-08 22:15:00, 0.0, None 
 48.175, -123.42, 25.0, 2014-12-08 22:30:00, 0.0, None 
 48.198, -123.41, 22.2, 2014-12-08 22:32:30, 0.0, None 
 48.32, -123.37, 52.0, 2014-12-08 22:45:00, 0.0, None 
 48.31, -123.35, 20.0, 2014-12-08 22:47:30, 0.0, None 
 48.26, -123.415, 20.0, 2014-12-08 22:50:00, 0.0, None 
 48.18, -123.4, 34.0, 2014-12-08 22:52:30, 0.0, None 
 48.17, -123.385, 50.0, 2014-12-08 23:05:00, 0.0, None 
 48.2, -123.5, 29.5, 2014-12-08 23:07:30, 0.0, None 
 48.215, -123.485, 31.2, 2014-12-08 23:10:00, 0.0, None 
 48.233000000000004, -123.40700000000001, 29.0, 2014-12-08 23:12:30, 0.0, None 
 48.29, -123.565, 32.5, 2014-12-08 23:22:30, 0.0, None 
 48.165, -123.63799999999999, 33.5, 2014-12-08 23:25:00, 0.0, None 
 48.19, -123.76, 20.0, 2014-12-08 23:35:00, 0.0, None 
 48.29, -123.67, 20.0, 2014-12-09 00:52:30, 0.0, None 
 48.125, -123.68, 39.0, 2014-12-09 00:55:00, 0.0, None 
 48.195, -123.64, 20.0, 2014-12-09 01:02:30, 0.0, None 
 48.22, -123.61, 20.0, 2014-12-09 01:05:00, 0.0, None 
 48.22, -123.65, 35.0, 2014-12-09 01:17:30, 0.0, None 
 48.225, -123.59, 20.0, 2014-12-09 01:20:00, 0.0, None 
 48.23, -123.49799999999999, 20.0, 2014-12-09 01:22:30, 0.0, None 
 48.258, -123.495, 24.0, 2014-12-09 01:25:00, 0.0, None 
 48.22, -123.59, 22.5, 2014-12-09 01:30:00, 0.0, None 
 48.23, -123.62, 48.0, 2014-12-09 01:32:30, 0.0, None 
 48.25, -123.84, 50.0, 2014-12-09 01:45:00, 0.0, None 
 48.225, -123.6, 20.0, 2014-12-09 01:47:30, 0.0, None 
 48.235, -123.49, 31.0, 2014-12-09 01:50:00, 0.0, None 
 48.0, -123.59, 32.5, 2014-12-09 02:07:30, 0.0, None 
 47.995, -123.59, 29.0, 2014-12-09 02:15:00, 0.0, None 
 48.0, -123.8, 21.0, 2014-12-09 02:20:00, 0.0, None 
 48.01, -123.68, 46.0, 2014-12-09 02:30:00, 0.0, None 
 48.175, -123.62, 47.0, 2014-12-09 02:37:30, 0.0, None 
 48.23, -123.78, 32.0, 2014-12-09 02:40:00, 0.0, None 
 48.175, -123.685, 20.0, 2014-12-09 03:07:30, 0.0, None 
 48.172, -123.67, 20.0, 2014-12-09 03:10:00, 0.0, None 
 48.28, -123.675, 42.5, 2014-12-09 03:15:00, 0.0, None 
 48.312, -123.66799999999999, 40.0, 2014-12-09 03:35:00, 0.0, None 
 48.31, -123.75, 20.0, 2014-12-09 03:37:30, 0.0, None 
 48.3, -123.85, 45.0, 2014-12-09 04:10:00, 0.0, None 
 48.15, -123.76, 60.0, 2014-12-09 05:15:00, 0.0, None 
 48.29, -123.815, 45.0, 2014-12-09 05:20:00, 0.0, None 
 48.28, -123.77, 20.0, 2014-12-09 05:22:30, 0.0, None 
 48.22, -123.81, 60.0, 2014-12-09 05:27:30, 0.0, None 
 48.21, -123.76, 51.0, 2014-12-09 05:30:00, 0.0, None 
 48.255, -123.71, 20.0, 2014-12-09 05:32:30, 0.0, None 
 48.16, -123.69, 20.0, 2014-12-09 05:42:30, 0.0, None 
 48.32, -123.68, 20.0, 2014-12-09 06:12:30, 0.0, None 
 48.29, -123.84, 20.0, 2014-12-09 06:40:00, 0.0, None 
 48.29, -123.45, 50.0, 2014-12-09 07:45:00, 0.0, None 
 48.29, -123.855, 20.0, 2014-12-09 07:45:00, 0.0, None 
 48.17, -123.7, 44.0, 2014-12-09 08:47:30, 0.0, None 
 48.23, -123.79, 41.5, 2014-12-09 09:10:00, 0.0, None 
 48.235, -123.785, 40.0, 2014-12-09 09:12:30, 0.0, None 
 48.18, -123.79, 38.0, 2014-12-09 09:17:30, 0.0, None 
 48.17, -123.7, 47.0, 2014-12-09 09:25:00, 0.0, None 
 48.265, -123.845, 46.0, 2014-12-09 09:27:30, 0.0, None 
 48.16, -123.84, 60.0, 2014-12-09 09:30:00, 0.0, None 
 47.7, -123.72, 26.0, 2014-12-09 10:30:00, 0.0, None 
 48.23, -123.64, 20.0, 2014-12-09 10:32:30, 0.0, None 
 48.19, -123.675, 24.0, 2014-12-09 10:35:00, 0.0, None 
 48.28, -123.54, 60.0, 2014-12-09 10:37:30, 0.0, None 
 48.207, -123.76, 28.2, 2014-12-09 10:40:00, 0.0, None 
 48.22, -123.795, 60.0, 2014-12-09 10:42:30, 0.0, None 
 48.19, -123.78, 20.0, 2014-12-09 10:45:00, 0.0, None 
 48.18, -123.56, 48.0, 2014-12-09 10:50:00, 0.0, None 
 48.23, -123.565, 30.0, 2014-12-09 10:52:30, 0.0, None 
 48.21, -123.565, 20.0, 2014-12-09 11:17:30, 0.0, None 
 48.2, -123.52, 20.0, 2014-12-09 11:20:00, 0.0, None 
 48.0, -123.61, 20.0, 2014-12-09 13:15:00, 0.0, None 
 48.28, -123.64, 20.0, 2014-12-09 14:25:00, 0.0, None 
 48.235, -123.635, 36.0, 2014-12-09 14:35:00, 0.0, None 
 48.222, -123.785, 31.2, 2014-12-09 14:37:30, 0.0, None 
 48.28, -123.47, 40.0, 2014-12-09 14:47:30, 0.0, None 
 48.2, -123.75, 50.0, 2014-12-09 15:02:30, 0.0, None 
 48.24, -123.5, 33.0, 2014-12-09 15:05:00, 0.0, None 
 47.98, -123.62, 20.0, 2014-12-09 15:20:00, 0.0, None 
 48.01, -123.52, 60.0, 2014-12-09 15:45:00, 0.0, None 
 48.25, -123.48, 20.0, 2014-12-09 15:50:00, 0.0, None 
 48.2, -123.8, 26.0, 2014-12-09 18:05:00, 0.0, None 
 48.31, -123.82, 60.0, 2014-12-09 19:35:00, 0.0, None 
 48.3, -123.69, 48.0, 2014-12-09 19:37:30, 0.0, None 
 48.235, -123.7, 60.0, 2014-12-09 19:45:00, 0.0, None 
 48.13, -123.8, 52.0, 2014-12-09 22:17:30, 0.0, None 
 48.22, -123.74, 40.0, 2014-12-10 00:07:30, 0.0, None 
 48.3, -123.84, 55.0, 2014-12-10 00:10:00, 0.0, None 
 48.2, -123.85, 28.0, 2014-12-10 00:12:30, 0.0, None 
 48.11, -123.9, 32.0, 2014-12-10 00:25:00, 0.0, None 
 48.22, -123.57, 20.0, 2014-12-10 00:45:00, 0.0, None 
 48.3, -123.58, 20.0, 2014-12-10 00:47:30, 0.0, None 
 48.22, -123.52, 33.0, 2014-12-10 00:50:00, 0.0, None 
 48.23, -123.82, 28.0, 2014-12-10 01:02:30, 0.0, None 
 48.37, -123.775, 20.0, 2014-12-10 01:05:00, 0.0, None 
 48.1, -123.92, 60.0, 2014-12-10 01:27:30, 0.0, None 
 48.405, -123.81, 20.0, 2014-12-10 01:42:30, 0.0, None 
 48.38, -123.8, 20.0, 2014-12-10 01:45:00, 0.0, None 
 48.355, -123.695, 38.0, 2014-12-10 01:55:00, 0.0, None 
 48.36, -123.705, 60.0, 2014-12-10 01:57:30, 0.0, None 
 48.317, -123.745, 30.0, 2014-12-10 03:12:30, 0.0, None 
 48.336999999999996, -123.75, 29.8, 2014-12-10 03:15:00, 0.0, None 
 48.36, -123.725, 20.0, 2014-12-10 03:17:30, 0.0, None 
 48.37, -123.62, 28.0, 2014-12-10 03:27:30, 0.0, None 
 48.265, -123.79, 39.5, 2014-12-10 03:32:30, 0.0, None 
 48.28, -123.79, 40.0, 2014-12-10 03:35:00, 0.0, None 
 48.05, -123.85, 20.0, 2014-12-10 04:00:00, 0.0, None 
 48.41, -123.76, 53.0, 2014-12-10 04:57:30, 0.0, None 
 48.38, -123.73, 28.5, 2014-12-10 05:00:00, 0.0, None 
 48.375, -123.735, 31.2, 2014-12-10 05:02:30, 0.0, None 
 48.315, -123.743, 43.5, 2014-12-10 09:57:30, 0.0, None 
 48.285, -123.795, 28.8, 2014-12-10 10:00:00, 0.0, None 
 48.251999999999995, -123.785, 50.0, 2014-12-10 10:02:30, 0.0, None 
 48.36, -123.865, 51.0, 2014-12-10 10:10:00, 0.0, None 
 48.39, -123.8, 27.0, 2014-12-10 10:12:30, 0.0, None 
 48.39, -123.875, 60.0, 2014-12-10 10:15:00, 0.0, None 
 48.285, -123.72, 20.5, 2014-12-10 10:17:30, 0.0, None 
 48.21, -123.72, 21.0, 2014-12-10 10:20:00, 0.0, None 
 48.31, -123.63, 25.0, 2014-12-10 10:22:30, 0.0, None 
 48.303000000000004, -123.6, 33.0, 2014-12-10 10:25:00, 0.0, None 
 48.31, -123.595, 33.5, 2014-12-10 10:27:30, 0.0, None 
 48.05, -123.89, 20.0, 2014-12-10 14:17:30, 0.0, None 
 48.21, -123.7, 60.0, 2014-12-10 14:27:30, 0.0, None 
 48.33, -123.81, 51.5, 2014-12-10 14:35:00, 0.0, None 
 48.325, -123.795, 50.0, 2014-12-10 14:37:30, 0.0, None 
 48.4, -123.635, 30.0, 2014-12-10 15:35:00, 0.0, None 
 48.23, -123.63, 60.0, 2014-12-10 15:37:30, 0.0, None 
 48.29, -123.615, 20.0, 2014-12-10 15:42:30, 0.0, None 
 48.43, -123.6, 20.0, 2014-12-10 15:45:00, 0.0, None 
 48.19, -123.71, 27.0, 2014-12-10 15:50:00, 0.0, None 
 48.18, -123.705, 33.5, 2014-12-10 15:52:30, 0.0, None 
 48.02, -123.86, 20.0, 2014-12-10 15:55:00, 0.0, None 
 48.21, -123.57, 52.0, 2014-12-10 16:07:30, 0.0, None 
 48.28, -123.61, 34.8, 2014-12-10 16:10:00, 0.0, None 
 48.3, -123.64, 40.0, 2014-12-10 17:37:30, 0.0, None 
 48.04, -123.85, 20.0, 2014-12-10 17:50:00, 0.0, None 
 48.27, -123.605, 20.0, 2014-12-10 20:37:30, 0.0, None 
 48.17, -123.74, 60.0, 2014-12-10 20:40:00, 0.0, None 
 48.11, -123.72, 60.0, 2014-12-10 20:45:00, 0.0, None 
 48.13, -123.625, 60.0, 2014-12-10 20:47:30, 0.0, None 
 48.21, -123.695, 60.0, 2014-12-10 20:50:00, 0.0, None 
 48.08, -123.61, 40.0, 2014-12-10 20:52:30, 0.0, None 
 