lat,lon,depth,starttime,energy,duration 
 47.455, -123.085, 36.5, 2012-09-29 06:52:30, 0.0, None 
 48.91, -124.67, 20.0, 2012-08-31 00:12:30, 0.0, None 
 48.99, -124.75, 20.0, 2012-08-31 13:25:00, 0.0, None 
 48.935, -124.73, 20.0, 2012-08-31 13:27:30, 0.0, None 
 48.805, -124.72200000000001, 20.0, 2012-08-31 13:35:00, 0.0, None 
 48.83, -124.695, 20.0, 2012-08-31 13:37:30, 0.0, None 
 48.888000000000005, -124.72200000000001, 20.0, 2012-08-31 13:40:00, 0.0, None 
 48.83, -124.685, 20.0, 2012-08-31 13:42:30, 0.0, None 
 48.805, -124.70700000000001, 20.0, 2012-08-31 13:45:00, 0.0, None 
 48.728, -124.705, 20.2, 2012-08-31 13:47:30, 0.0, None 
 48.745, -124.65, 20.0, 2012-08-31 13:50:00, 0.0, None 
 48.765, -124.69200000000001, 20.2, 2012-08-31 13:52:30, 0.0, None 
 48.722, -124.65700000000001, 20.0, 2012-08-31 13:55:00, 0.0, None 
 48.755, -124.75, 21.0, 2012-08-31 13:57:30, 0.0, None 
 48.858000000000004, -124.83, 40.0, 2012-08-31 14:00:00, 0.0, None 
 48.945, -124.73700000000001, 20.0, 2012-08-31 14:02:30, 0.0, None 
 48.985, -124.68799999999999, 32.5, 2012-08-31 14:05:00, 0.0, None 
 48.855, -124.725, 20.0, 2012-08-31 14:07:30, 0.0, None 
 48.873000000000005, -124.743, 23.8, 2012-08-31 14:10:00, 0.0, None 
 48.65, -124.5, 20.0, 2012-08-31 14:12:30, 0.0, None 
 48.84, -124.7, 31.0, 2012-08-31 14:17:30, 0.0, None 
 48.907, -124.708, 30.8, 2012-08-31 14:20:00, 0.0, None 
 48.89, -124.695, 33.5, 2012-08-31 14:22:30, 0.0, None 
 48.65, -124.57, 20.0, 2012-08-31 14:27:30, 0.0, None 
 48.775, -124.743, 20.0, 2012-08-31 14:30:00, 0.0, None 
 48.89, -124.71, 20.0, 2012-08-31 14:37:30, 0.0, None 
 48.685, -124.56, 30.0, 2012-08-31 14:40:00, 0.0, None 
 48.91, -124.71, 20.0, 2012-08-31 14:40:00, 0.0, None 
 48.86, -124.7, 30.0, 2012-08-31 14:50:00, 0.0, None 
 48.98, -124.84, 20.0, 2012-08-31 14:52:30, 0.0, None 
 48.69, -124.47, 42.0, 2012-08-31 14:57:30, 0.0, None 
 48.8, -124.79, 20.0, 2012-08-31 15:02:30, 0.0, None 
 48.8, -124.56, 60.0, 2012-08-31 15:10:00, 0.0, None 
 48.96, -124.87, 20.0, 2012-08-31 15:12:30, 0.0, None 
 48.65, -124.59, 45.0, 2012-08-31 15:15:00, 0.0, None 
 48.84, -124.7, 29.0, 2012-08-31 15:17:30, 0.0, None 
 48.838, -124.68, 32.0, 2012-08-31 15:22:30, 0.0, None 
 48.89, -124.68, 20.0, 2012-08-31 15:25:00, 0.0, None 
 48.875, -124.525, 34.5, 2012-08-31 15:27:30, 0.0, None 
 48.873000000000005, -124.74, 20.0, 2012-08-31 15:30:00, 0.0, None 
 48.83, -124.713, 20.0, 2012-08-31 15:32:30, 0.0, None 
 48.97, -124.715, 44.2, 2012-08-31 15:35:00, 0.0, None 
 48.96, -124.773, 22.0, 2012-08-31 15:40:00, 0.0, None 
 48.985, -124.79, 20.0, 2012-08-31 15:42:30, 0.0, None 
 48.98, -124.84, 22.5, 2012-08-31 15:45:00, 0.0, None 
 48.895, -124.73, 20.0, 2012-08-31 15:47:30, 0.0, None 
 48.81, -124.67, 24.0, 2012-08-31 15:50:00, 0.0, None 
 48.9, -124.78, 37.0, 2012-08-31 15:52:30, 0.0, None 
 48.985, -124.825, 20.0, 2012-08-31 15:55:00, 0.0, None 
 48.985, -124.825, 21.0, 2012-08-31 15:57:30, 0.0, None 
 48.78, -124.735, 20.0, 2012-08-31 16:00:00, 0.0, None 
 48.766999999999996, -124.745, 20.0, 2012-08-31 16:02:30, 0.0, None 
 48.875, -124.695, 20.0, 2012-08-31 16:05:00, 0.0, None 
 48.96, -124.705, 20.0, 2012-08-31 16:07:30, 0.0, None 
 48.85, -124.73, 38.0, 2012-08-31 16:12:30, 0.0, None 
 48.858000000000004, -124.785, 28.8, 2012-08-31 16:15:00, 0.0, None 
 48.87, -124.78, 20.0, 2012-08-31 16:17:30, 0.0, None 
 48.85, -124.71, 20.0, 2012-08-31 16:20:00, 0.0, None 
 48.97, -124.81, 20.0, 2012-08-31 16:22:30, 0.0, None 
 48.875, -124.825, 35.0, 2012-08-31 16:25:00, 0.0, None 
 48.84, -124.8, 40.0, 2012-08-31 16:27:30, 0.0, None 
 48.93, -124.875, 20.0, 2012-08-31 16:30:00, 0.0, None 
 48.97, -124.85, 24.2, 2012-08-31 16:32:30, 0.0, None 
 48.825, -124.77, 27.5, 2012-08-31 16:37:30, 0.0, None 
 48.76, -124.55, 33.0, 2012-08-31 16:45:00, 0.0, None 
 48.68, -124.505, 20.0, 2012-08-31 16:47:30, 0.0, None 
 48.9, -124.71, 24.0, 2012-08-31 16:47:30, 0.0, None 
 48.84, -124.73, 20.0, 2012-08-31 16:50:00, 0.0, None 
 48.82, -124.63, 32.0, 2012-08-31 16:52:30, 0.0, None 
 48.97, -124.78, 20.0, 2012-08-31 16:55:00, 0.0, None 
 48.82, -124.74, 31.5, 2012-08-31 16:57:30, 0.0, None 
 48.77, -124.7, 20.0, 2012-08-31 17:00:00, 0.0, None 
 48.79, -124.78, 23.0, 2012-08-31 17:05:00, 0.0, None 
 48.8, -124.58, 55.0, 2012-08-31 17:07:30, 0.0, None 
 48.875, -124.7, 32.5, 2012-08-31 17:10:00, 0.0, None 
 48.95, -124.8, 20.0, 2012-08-31 17:22:30, 0.0, None 
 48.858000000000004, -124.772, 20.0, 2012-08-31 17:25:00, 0.0, None 
 48.861999999999995, -124.81, 20.0, 2012-08-31 17:27:30, 0.0, None 
 48.92, -124.78, 25.0, 2012-08-31 17:30:00, 0.0, None 
 48.89, -124.835, 24.2, 2012-08-31 17:32:30, 0.0, None 
 48.835, -124.88, 30.0, 2012-08-31 17:35:00, 0.0, None 
 48.89, -124.89, 20.0, 2012-08-31 17:45:00, 0.0, None 
 48.91, -124.67, 44.5, 2012-08-31 17:47:30, 0.0, None 
 48.67, -124.69, 20.0, 2012-08-31 17:57:30, 0.0, None 
 48.847, -124.875, 23.5, 2012-08-31 18:05:00, 0.0, None 
 48.9, -124.78, 20.0, 2012-08-31 18:10:00, 0.0, None 
 48.68, -124.49, 40.0, 2012-08-31 18:12:30, 0.0, None 
 48.89, -124.78, 20.0, 2012-08-31 18:12:30, 0.0, None 
 48.94, -124.68, 27.0, 2012-08-31 18:17:30, 0.0, None 
 48.95, -124.72, 20.0, 2012-08-31 18:32:30, 0.0, None 
 48.95, -124.765, 26.5, 2012-08-31 19:00:00, 0.0, None 
 48.915, -124.82, 20.0, 2012-08-31 19:02:30, 0.0, None 
 48.885, -124.785, 20.0, 2012-08-31 19:05:00, 0.0, None 
 48.928000000000004, -124.75, 20.0, 2012-08-31 19:07:30, 0.0, None 
 48.88, -124.96, 20.0, 2012-08-31 19:22:30, 0.0, None 
 48.86, -124.7, 29.0, 2012-08-31 19:25:00, 0.0, None 
 48.755, -124.57, 47.0, 2012-08-31 19:27:30, 0.0, None 
 48.84, -124.64, 44.0, 2012-08-31 19:30:00, 0.0, None 
 48.97, -124.795, 22.5, 2012-08-31 19:32:30, 0.0, None 
 48.922, -124.83, 22.5, 2012-08-31 19:45:00, 0.0, None 
 48.92, -124.86, 20.0, 2012-08-31 19:47:30, 0.0, None 
 48.96, -124.8, 20.0, 2012-08-31 20:02:30, 0.0, None 
 48.955, -124.74, 20.0, 2012-08-31 20:05:00, 0.0, None 
 48.972, -124.775, 22.2, 2012-08-31 20:07:30, 0.0, None 
 48.918, -124.86, 20.0, 2012-08-31 20:10:00, 0.0, None 
 48.96, -124.82, 20.0, 2012-08-31 20:12:30, 0.0, None 
 48.92, -124.70299999999999, 20.0, 2012-08-31 20:20:00, 0.0, None 
 48.922, -124.78, 20.0, 2012-08-31 20:32:30, 0.0, None 
 48.95, -124.83, 20.0, 2012-08-31 20:35:00, 0.0, None 
 48.93, -124.74, 20.0, 2012-08-31 20:50:00, 0.0, None 
 48.945, -124.74, 31.5, 2012-08-31 20:52:30, 0.0, None 
 48.915, -124.705, 21.5, 2012-08-31 21:00:00, 0.0, None 
 48.705, -124.71, 26.0, 2012-08-31 21:02:30, 0.0, None 
 48.99, -124.75, 20.0, 2012-08-31 21:02:30, 0.0, None 
 48.933, -124.78, 20.0, 2012-08-31 21:05:00, 0.0, None 
 48.985, -124.81, 25.0, 2012-08-31 21:07:30, 0.0, None 
 48.995, -124.8, 25.0, 2012-08-31 21:10:00, 0.0, None 
 48.91, -124.65, 44.0, 2012-08-31 21:12:30, 0.0, None 
 48.945, -124.7, 38.0, 2012-08-31 21:17:30, 0.0, None 
 48.855, -124.62, 40.0, 2012-08-31 21:20:00, 0.0, None 
 48.9, -124.805, 20.0, 2012-08-31 21:22:30, 0.0, None 
 48.88, -124.882, 23.5, 2012-08-31 21:25:00, 0.0, None 
 48.875, -124.87700000000001, 30.2, 2012-08-31 21:27:30, 0.0, None 
 48.977, -124.71, 35.0, 2012-08-31 21:45:00, 0.0, None 
 48.876999999999995, -124.852, 28.2, 2012-08-31 21:47:30, 0.0, None 
 48.925, -124.83, 21.0, 2012-08-31 21:50:00, 0.0, None 
 48.96, -124.61, 43.5, 2012-08-31 21:52:30, 0.0, None 
 48.87, -124.71, 20.8, 2012-08-31 21:55:00, 0.0, None 
 48.995, -124.58, 29.0, 2012-08-31 22:02:30, 0.0, None 
 48.87, -124.66, 36.0, 2012-08-31 22:05:00, 0.0, None 
 48.99, -124.69, 20.0, 2012-08-31 22:12:30, 0.0, None 
 48.873000000000005, -124.74799999999999, 20.0, 2012-08-31 22:17:30, 0.0, None 
 48.85, -124.75, 20.0, 2012-08-31 22:20:00, 0.0, None 
 48.93, -124.72, 24.0, 2012-08-31 22:22:30, 0.0, None 
 48.885, -124.838, 20.0, 2012-08-31 23:07:30, 0.0, None 
 48.89, -124.835, 20.0, 2012-08-31 23:10:00, 0.0, None 
 48.9, -124.85, 26.2, 2012-08-31 23:12:30, 0.0, None 
 48.935, -124.895, 20.0, 2012-08-31 23:15:00, 0.0, None 
 48.931999999999995, -124.655, 45.5, 2012-08-31 23:17:30, 0.0, None 
 48.945, -124.79700000000001, 20.0, 2012-08-31 23:20:00, 0.0, None 
 48.91, -124.76, 20.0, 2012-08-31 23:22:30, 0.0, None 
 49.0, -124.76, 29.5, 2012-08-31 23:25:00, 0.0, None 
 48.885, -124.685, 23.2, 2012-08-31 23:27:30, 0.0, None 
 48.97, -124.73, 36.5, 2012-08-31 23:30:00, 0.0, None 
 48.918, -124.743, 25.8, 2012-08-31 23:32:30, 0.0, None 
 49.0, -124.82, 34.0, 2012-08-31 23:35:00, 0.0, None 
 48.955, -124.675, 54.5, 2012-08-31 23:37:30, 0.0, None 
 48.888000000000005, -124.68299999999999, 20.0, 2012-09-01 00:00:00, 0.0, None 
 48.847, -124.71, 26.0, 2012-09-01 00:02:30, 0.0, None 
 48.806999999999995, -124.76799999999999, 46.5, 2012-09-01 00:05:00, 0.0, None 
 48.885, -124.815, 37.5, 2012-09-01 00:07:30, 0.0, None 
 48.873000000000005, -124.79700000000001, 34.0, 2012-09-01 00:10:00, 0.0, None 
 48.975, -124.82, 20.0, 2012-09-01 00:22:30, 0.0, None 
 49.0, -124.85, 20.0, 2012-09-01 00:25:00, 0.0, None 
 48.795, -124.82, 33.0, 2012-09-01 00:27:30, 0.0, None 
 48.91, -124.91, 29.0, 2012-09-01 00:32:30, 0.0, None 
 48.74, -124.56, 20.0, 2012-09-01 00:55:00, 0.0, None 
 48.79, -124.61, 28.0, 2012-09-01 00:57:30, 0.0, None 
 48.935, -124.70299999999999, 24.8, 2012-09-01 01:00:00, 0.0, None 
 48.965, -124.81, 24.8, 2012-09-01 01:05:00, 0.0, None 
 48.965, -124.81, 25.5, 2012-09-01 01:07:30, 0.0, None 
 48.97, -124.8, 27.5, 2012-09-01 01:10:00, 0.0, None 
 48.891999999999996, -124.58, 52.5, 2012-09-01 01:12:30, 0.0, None 
 48.86, -124.6, 50.0, 2012-09-01 01:15:00, 0.0, None 
 48.797, -124.78, 31.5, 2012-09-01 01:20:00, 0.0, None 
 48.84, -124.795, 22.5, 2012-09-01 01:22:30, 0.0, None 
 48.828, -124.77799999999999, 20.0, 2012-09-01 01:25:00, 0.0, None 
 48.861999999999995, -124.698, 21.5, 2012-09-01 01:30:00, 0.0, None 
 48.915, -124.618, 20.0, 2012-09-01 01:32:30, 0.0, None 
 48.93, -124.773, 20.2, 2012-09-01 01:35:00, 0.0, None 
 48.938, -124.79700000000001, 20.8, 2012-09-01 01:37:30, 0.0, None 
 48.92, -124.775, 20.0, 2012-09-01 01:40:00, 0.0, None 
 48.898, -124.825, 20.0, 2012-09-01 01:42:30, 0.0, None 
 48.88, -124.835, 20.0, 2012-09-01 01:45:00, 0.0, None 
 48.955, -124.79700000000001, 20.0, 2012-09-01 01:47:30, 0.0, None 
 48.938, -124.632, 20.0, 2012-09-01 01:50:00, 0.0, None 
 48.926, -124.63, 20.1, 2012-09-01 01:52:30, 0.0, None 
 48.943000000000005, -124.685, 20.8, 2012-09-01 01:55:00, 0.0, None 
 48.77, -124.57, 20.0, 2012-09-01 01:57:30, 0.0, None 
 48.99, -124.68, 20.0, 2012-09-01 01:57:30, 0.0, None 
 48.788000000000004, -124.715, 20.0, 2012-09-01 02:00:00, 0.0, None 
 48.632, -124.685, 20.0, 2012-09-01 02:05:00, 0.0, None 
 48.63, -124.68, 20.0, 2012-09-01 02:07:30, 0.0, None 
 48.61, -124.8, 20.0, 2012-09-01 02:10:00, 0.0, None 
 48.6, -124.61, 32.0, 2012-09-01 02:12:30, 0.0, None 
 48.81, -124.825, 20.5, 2012-09-01 02:12:30, 0.0, None 
 48.86, -124.72, 27.0, 2012-09-01 02:22:30, 0.0, None 
 48.915, -124.75, 21.2, 2012-09-01 02:25:00, 0.0, None 
 48.985, -124.69, 54.0, 2012-09-01 02:27:30, 0.0, None 
 48.895, -124.775, 23.0, 2012-09-01 02:30:00, 0.0, None 
 48.705, -124.67, 20.0, 2012-09-01 02:35:00, 0.0, None 
 48.98, -124.76, 20.0, 2012-09-01 02:35:00, 0.0, None 
 48.71, -124.72, 20.0, 2012-09-01 02:37:30, 0.0, None 
 48.97, -124.81, 20.0, 2012-09-01 03:05:00, 0.0, None 
 48.89, -124.74, 21.5, 2012-09-01 03:07:30, 0.0, None 
 48.195, -123.0, 55.0, 2012-09-01 03:10:00, 0.0, None 
 48.2, -122.98, 51.0, 2012-09-01 03:12:30, 0.0, None 
 48.98, -124.86, 20.0, 2012-09-01 03:15:00, 0.0, None 
 48.903, -124.68, 30.8, 2012-09-01 03:17:30, 0.0, None 
 48.7, -124.6, 20.0, 2012-09-01 03:20:00, 0.0, None 
 48.925, -124.715, 20.0, 2012-09-01 03:20:00, 0.0, None 
 48.68, -124.67, 20.0, 2012-09-01 03:22:30, 0.0, None 
 48.925, -124.82, 27.0, 2012-09-01 03:22:30, 0.0, None 
 48.9, -124.80799999999999, 20.0, 2012-09-01 03:25:00, 0.0, None 
 48.86, -124.815, 20.0, 2012-09-01 03:27:30, 0.0, None 
 48.82, -124.82, 20.5, 2012-09-01 03:30:00, 0.0, None 
 48.98, -124.59, 20.0, 2012-09-01 03:42:30, 0.0, None 
 48.99, -124.59, 20.0, 2012-09-01 03:45:00, 0.0, None 
 48.968, -124.77799999999999, 20.0, 2012-09-01 03:52:30, 0.0, None 
 48.888000000000005, -124.78200000000001, 39.0, 2012-09-01 03:55:00, 0.0, None 
 48.861999999999995, -124.78, 53.5, 2012-09-01 03:57:30, 0.0, None 
 48.87, -124.71, 37.5, 2012-09-01 04:00:00, 0.0, None 
 48.92, -124.89, 20.0, 2012-09-01 04:02:30, 0.0, None 
 48.802, -124.757, 50.5, 2012-09-01 04:07:30, 0.0, None 
 48.957, -124.815, 29.5, 2012-09-01 04:12:30, 0.0, None 
 48.953, -124.815, 30.0, 2012-09-01 04:15:00, 0.0, None 
 48.985, -124.81, 25.5, 2012-09-01 04:17:30, 0.0, None 
 48.98, -124.803, 30.0, 2012-09-01 04:20:00, 0.0, None 
 48.97, -124.77, 32.0, 2012-09-01 04:30:00, 0.0, None 
 48.95, -124.82, 35.0, 2012-09-01 04:40:00, 0.0, None 
 48.905, -124.82, 33.0, 2012-09-01 04:42:30, 0.0, None 
 48.79, -124.6, 34.0, 2012-09-01 05:50:00, 0.0, None 
 48.7, -124.64, 50.0, 2012-09-01 06:00:00, 0.0, None 
 48.59, -124.45, 27.0, 2012-09-01 06:05:00, 0.0, None 
 48.96, -124.67, 35.0, 2012-09-01 06:17:30, 0.0, None 
 48.815, -124.685, 23.8, 2012-09-01 06:20:00, 0.0, None 
 48.775, -124.59, 34.0, 2012-09-01 06:22:30, 0.0, None 
 48.8, -124.4, 46.0, 2012-09-01 06:25:00, 0.0, None 
 48.92, -124.48, 60.0, 2012-09-01 06:27:30, 0.0, None 
 48.885, -124.82, 20.0, 2012-09-01 06:30:00, 0.0, None 
 48.925, -124.77, 25.5, 2012-09-01 06:35:00, 0.0, None 
 48.57, -124.44, 52.0, 2012-09-01 06:40:00, 0.0, None 
 48.86, -124.81, 20.0, 2012-09-01 06:40:00, 0.0, None 
 48.815, -124.755, 20.5, 2012-09-01 06:42:30, 0.0, None 
 48.88, -124.75, 20.0, 2012-09-01 06:45:00, 0.0, None 
 48.74, -124.315, 60.0, 2012-09-01 06:52:30, 0.0, None 
 48.88, -124.71, 35.0, 2012-09-01 06:52:30, 0.0, None 
 48.83, -124.62, 20.0, 2012-09-01 07:00:00, 0.0, None 
 48.62, -124.68, 20.0, 2012-09-01 07:07:30, 0.0, None 
 48.78, -124.69, 20.0, 2012-09-01 07:20:00, 0.0, None 
 48.845, -124.725, 20.0, 2012-09-01 07:22:30, 0.0, None 
 48.751999999999995, -124.63799999999999, 22.5, 2012-09-01 07:25:00, 0.0, None 
 48.59, -124.49, 30.0, 2012-09-01 07:27:30, 0.0, None 
 48.8, -124.72, 25.0, 2012-09-01 07:27:30, 0.0, None 
 48.88, -124.7, 24.0, 2012-09-01 07:30:00, 0.0, None 
 48.85, -124.645, 20.0, 2012-09-01 07:32:30, 0.0, None 
 48.92, -124.72, 20.0, 2012-09-01 07:37:30, 0.0, None 
 48.938, -124.735, 20.0, 2012-09-01 07:40:00, 0.0, None 
 48.96, -124.76, 20.0, 2012-09-01 07:45:00, 0.0, None 
 48.91, -124.7, 20.0, 2012-09-01 07:55:00, 0.0, None 
 48.836999999999996, -124.69, 20.0, 2012-09-01 07:57:30, 0.0, None 
 48.89, -124.7, 20.0, 2012-09-01 08:00:00, 0.0, None 
 48.89, -124.715, 20.0, 2012-09-01 08:02:30, 0.0, None 
 48.876999999999995, -124.73299999999999, 20.0, 2012-09-01 08:05:00, 0.0, None 
 48.875, -124.705, 22.0, 2012-09-01 08:07:30, 0.0, None 
 48.905, -124.72200000000001, 20.0, 2012-09-01 08:10:00, 0.0, None 
 48.903, -124.708, 20.0, 2012-09-01 08:12:30, 0.0, None 
 48.847, -124.775, 20.0, 2012-09-01 08:15:00, 0.0, None 
 48.843, -124.79, 20.0, 2012-09-01 08:17:30, 0.0, None 
 48.87, -124.8, 23.5, 2012-09-01 08:20:00, 0.0, None 
 48.847, -124.71, 22.5, 2012-09-01 08:22:30, 0.0, None 
 48.86, -124.775, 22.5, 2012-09-01 08:27:30, 0.0, None 
 48.83, -124.773, 20.0, 2012-09-01 08:30:00, 0.0, None 
 48.86, -124.72200000000001, 20.0, 2012-09-01 08:37:30, 0.0, None 
 48.88, -124.7, 20.0, 2012-09-01 08:57:30, 0.0, None 
 48.836999999999996, -124.715, 20.0, 2012-09-01 09:00:00, 0.0, None 
 48.845, -124.74, 20.0, 2012-09-01 09:02:30, 0.0, None 
 48.89, -124.75, 20.0, 2012-09-01 09:05:00, 0.0, None 
 48.66, -124.55, 20.0, 2012-09-01 09:07:30, 0.0, None 
 48.87, -124.72, 20.0, 2012-09-01 09:07:30, 0.0, None 
 48.74, -124.55, 20.0, 2012-09-01 09:10:00, 0.0, None 
 48.77, -124.665, 20.0, 2012-09-01 09:17:30, 0.0, None 
 48.765, -124.67, 20.0, 2012-09-01 09:20:00, 0.0, None 
 48.83, -124.725, 25.5, 2012-09-01 09:22:30, 0.0, None 
 48.67, -124.78, 20.0, 2012-09-01 09:35:00, 0.0, None 
 48.86, -124.802, 21.0, 2012-09-01 09:37:30, 0.0, None 
 48.91, -124.77, 20.0, 2012-09-01 09:42:30, 0.0, None 
 48.875, -124.735, 20.0, 2012-09-01 09:45:00, 0.0, None 
 48.7, -124.31, 60.0, 2012-09-01 09:55:00, 0.0, None 
 48.85, -124.76, 33.0, 2012-09-01 09:55:00, 0.0, None 
 48.93, -124.74799999999999, 20.0, 2012-09-01 09:57:30, 0.0, None 
 48.91, -124.77, 20.0, 2012-09-01 10:00:00, 0.0, None 
 48.86, -124.805, 34.0, 2012-09-01 10:02:30, 0.0, None 
 48.883, -124.838, 22.2, 2012-09-01 10:05:00, 0.0, None 
 48.885, -124.745, 29.2, 2012-09-01 10:07:30, 0.0, None 
 48.9, -124.695, 42.1, 2012-09-01 10:10:00, 0.0, None 
 48.913000000000004, -124.795, 28.2, 2012-09-01 10:12:30, 0.0, None 
 48.8, -124.71, 20.0, 2012-09-01 10:15:00, 0.0, None 
 48.87, -124.7, 24.0, 2012-09-01 10:17:30, 0.0, None 
 48.88, -124.85, 20.0, 2012-09-01 10:20:00, 0.0, None 
 48.815, -124.72, 20.5, 2012-09-01 10:22:30, 0.0, None 
 48.855, -124.697, 26.5, 2012-09-01 10:25:00, 0.0, None 
 48.65, -124.505, 40.0, 2012-09-01 10:27:30, 0.0, None 
 48.89, -124.73, 22.0, 2012-09-01 10:27:30, 0.0, None 
 48.91, -124.775, 30.0, 2012-09-01 10:30:00, 0.0, None 
 48.883, -124.76299999999999, 22.5, 2012-09-01 10:32:30, 0.0, None 
 46.6, -121.6, 45.0, 2012-09-01 10:32:30, 0.0, None 
 48.7, -124.66, 20.0, 2012-09-01 10:35:00, 0.0, None 
 48.975, -124.72, 25.0, 2012-09-01 10:35:00, 0.0, None 
 48.69, -124.64, 20.0, 2012-09-01 10:37:30, 0.0, None 
 48.95, -124.74, 20.0, 2012-09-01 10:37:30, 0.0, None 
 48.835, -124.70299999999999, 20.0, 2012-09-01 10:40:00, 0.0, None 
 48.81, -124.735, 20.0, 2012-09-01 10:42:30, 0.0, None 
 48.925, -124.852, 20.0, 2012-09-01 10:45:00, 0.0, None 
 48.88, -124.632, 20.0, 2012-09-01 10:47:30, 0.0, None 
 48.883, -124.639, 21.8, 2012-09-01 10:50:00, 0.0, None 
 48.695, -124.73, 20.0, 2012-09-01 10:52:30, 0.0, None 
 48.92, -124.775, 20.0, 2012-09-01 10:52:30, 0.0, None 
 48.67, -124.61, 20.0, 2012-09-01 10:55:00, 0.0, None 
 48.89, -124.72, 20.0, 2012-09-01 10:55:00, 0.0, None 
 48.91, -124.8, 20.0, 2012-09-01 10:57:30, 0.0, None 
 48.852, -124.78, 20.0, 2012-09-01 11:00:00, 0.0, None 
 48.8, -124.67, 20.0, 2012-09-01 11:35:00, 0.0, None 
 48.855, -124.7, 20.0, 2012-09-01 11:37:30, 0.0, None 
 48.885, -124.705, 21.0, 2012-09-01 11:40:00, 0.0, None 
 48.943000000000005, -124.725, 39.0, 2012-09-01 11:42:30, 0.0, None 
 48.89, -124.83, 20.0, 2012-09-01 12:20:00, 0.0, None 
 48.915, -124.83, 20.0, 2012-09-01 12:22:30, 0.0, None 
 48.93, -124.79, 20.0, 2012-09-01 12:37:30, 0.0, None 
 48.91, -124.61, 20.0, 2012-09-01 12:40:00, 0.0, None 
 48.9, -124.6, 20.0, 2012-09-01 12:42:30, 0.0, None 
 48.98, -124.68, 20.0, 2012-09-01 12:45:00, 0.0, None 
 48.58, -124.605, 24.5, 2012-09-01 12:47:30, 0.0, None 
 48.935, -124.79, 20.0, 2012-09-01 12:47:30, 0.0, None 
 48.69, -124.65, 20.0, 2012-09-01 12:50:00, 0.0, None 
 48.92, -124.725, 20.0, 2012-09-01 12:50:00, 0.0, None 
 48.68, -124.65, 20.0, 2012-09-01 12:52:30, 0.0, None 
 48.92, -124.73, 20.0, 2012-09-01 12:52:30, 0.0, None 
 48.83, -124.7, 20.0, 2012-09-01 12:55:00, 0.0, None 
 48.85, -124.785, 39.0, 2012-09-01 12:57:30, 0.0, None 
 48.925, -124.795, 20.0, 2012-09-01 13:00:00, 0.0, None 
 48.86, -124.785, 20.0, 2012-09-01 13:02:30, 0.0, None 
 48.61, -124.575, 20.0, 2012-09-01 13:05:00, 0.0, None 
 48.89, -124.635, 20.0, 2012-09-01 13:05:00, 0.0, None 
 48.875, -124.65, 20.5, 2012-09-01 13:07:30, 0.0, None 
 48.87, -124.605, 20.0, 2012-09-01 13:10:00, 0.0, None 
 48.705, -124.545, 20.0, 2012-09-01 13:12:30, 0.0, None 
 48.883, -124.74799999999999, 26.0, 2012-09-01 13:15:00, 0.0, None 
 48.59, -124.6, 30.0, 2012-09-01 13:17:30, 0.0, None 
 48.99, -124.78, 30.5, 2012-09-01 13:17:30, 0.0, None 
 48.775, -124.7, 20.0, 2012-09-01 13:20:00, 0.0, None 
 48.99, -124.8, 25.5, 2012-09-01 13:20:00, 0.0, None 
 48.953, -124.695, 27.5, 2012-09-01 13:22:30, 0.0, None 
 48.935, -124.84700000000001, 23.0, 2012-09-01 13:25:00, 0.0, None 
 48.945, -124.875, 22.0, 2012-09-01 13:27:30, 0.0, None 
 48.93600000000001, -124.728, 40.0, 2012-09-01 13:30:00, 0.0, None 
 48.77, -124.71, 43.0, 2012-09-01 13:32:30, 0.0, None 
 48.985, -124.82, 32.5, 2012-09-01 13:32:30, 0.0, None 
 48.92, -124.745, 20.0, 2012-09-01 13:35:00, 0.0, None 
 48.795, -124.7, 20.0, 2012-09-01 13:37:30, 0.0, None 
 48.7, -124.68, 20.0, 2012-09-01 13:40:00, 0.0, None 
 48.97, -124.79, 20.0, 2012-09-01 13:40:00, 0.0, None 
 48.986999999999995, -124.75, 20.0, 2012-09-01 13:45:00, 0.0, None 
 48.93, -124.69200000000001, 23.0, 2012-09-01 13:52:30, 0.0, None 
 48.82, -124.73, 20.0, 2012-09-01 13:55:00, 0.0, None 
 48.858000000000004, -124.73, 21.5, 2012-09-01 13:57:30, 0.0, None 
 48.925, -124.735, 25.0, 2012-09-01 14:00:00, 0.0, None 
 48.79, -124.67, 27.0, 2012-09-01 14:02:30, 0.0, None 
 48.79, -124.695, 20.0, 2012-09-01 14:05:00, 0.0, None 
 48.78, -124.69, 40.0, 2012-09-01 14:07:30, 0.0, None 
 48.98, -124.86, 20.0, 2012-09-01 14:07:30, 0.0, None 
 48.99, -124.81, 31.0, 2012-09-01 14:10:00, 0.0, None 
 48.86, -124.73, 40.5, 2012-09-01 14:12:30, 0.0, None 
 48.935, -124.81200000000001, 32.0, 2012-09-01 14:22:30, 0.0, None 
 48.858000000000004, -124.785, 41.2, 2012-09-01 14:25:00, 0.0, None 
 48.875, -124.665, 24.5, 2012-09-01 14:27:30, 0.0, None 
 48.6, -124.53, 20.0, 2012-09-01 14:30:00, 0.0, None 
 48.89, -124.69, 21.5, 2012-09-01 14:30:00, 0.0, None 
 48.802, -124.775, 20.0, 2012-09-01 14:32:30, 0.0, None 
 48.84, -124.74, 20.0, 2012-09-01 14:35:00, 0.0, None 
 48.85, -124.745, 20.0, 2012-09-01 14:37:30, 0.0, None 
 48.79, -124.725, 39.8, 2012-09-01 14:40:00, 0.0, None 
 48.95, -124.745, 30.0, 2012-09-01 14:42:30, 0.0, None 
 48.965, -124.755, 38.5, 2012-09-01 14:45:00, 0.0, None 
 48.912, -124.82, 29.8, 2012-09-01 14:47:30, 0.0, None 
 48.89, -124.64, 20.0, 2012-09-01 14:57:30, 0.0, None 
 48.775, -124.61200000000001, 20.0, 2012-09-01 15:00:00, 0.0, None 
 48.77, -124.68, 20.0, 2012-09-01 15:02:30, 0.0, None 
 48.858000000000004, -124.79, 20.0, 2012-09-01 15:05:00, 0.0, None 
 48.825, -124.78200000000001, 20.0, 2012-09-01 15:07:30, 0.0, None 
 48.76, -124.76, 20.0, 2012-09-01 15:10:00, 0.0, None 
 48.75, -124.84, 30.0, 2012-09-01 15:12:30, 0.0, None 
 48.74, -124.68, 20.0, 2012-09-01 15:15:00, 0.0, None 
 48.775, -124.6, 20.0, 2012-09-01 15:17:30, 0.0, None 
 48.815, -124.71, 20.0, 2012-09-01 15:20:00, 0.0, None 
 48.88, -124.805, 20.0, 2012-09-01 15:22:30, 0.0, None 
 48.835, -124.715, 25.0, 2012-09-01 15:25:00, 0.0, None 
 48.82, -124.62, 20.0, 2012-09-01 15:30:00, 0.0, None 
 48.795, -124.62, 20.0, 2012-09-01 15:45:00, 0.0, None 
 48.805, -124.625, 20.0, 2012-09-01 15:47:30, 0.0, None 
 48.88, -124.695, 20.0, 2012-09-01 15:50:00, 0.0, None 
 48.88, -124.7, 26.5, 2012-09-01 15:52:30, 0.0, None 
 48.795, -124.68, 20.0, 2012-09-01 15:55:00, 0.0, None 
 48.77, -124.47, 32.0, 2012-09-01 16:15:00, 0.0, None 
 48.82, -124.63, 22.0, 2012-09-01 16:17:30, 0.0, None 
 48.818000000000005, -124.64, 21.0, 2012-09-01 16:20:00, 0.0, None 
 48.65, -124.76, 60.0, 2012-09-01 16:22:30, 0.0, None 
 48.943000000000005, -124.75, 28.5, 2012-09-01 16:25:00, 0.0, None 
 47.48, -122.61, 20.0, 2012-09-01 16:25:00, 0.0, None 
 48.725, -124.655, 33.8, 2012-09-01 16:27:30, 0.0, None 
 48.96, -124.78, 33.0, 2012-09-01 16:30:00, 0.0, None 
 48.93, -124.745, 38.0, 2012-09-01 16:32:30, 0.0, None 
 48.9, -124.71, 20.0, 2012-09-01 16:37:30, 0.0, None 
 48.87, -124.71, 20.0, 2012-09-01 16:40:00, 0.0, None 
 48.59, -124.38, 31.0, 2012-09-01 16:50:00, 0.0, None 
 48.953, -124.74799999999999, 20.0, 2012-09-01 16:52:30, 0.0, None 
 48.918, -124.725, 20.0, 2012-09-01 16:55:00, 0.0, None 
 48.87, -124.695, 30.0, 2012-09-01 16:57:30, 0.0, None 
 48.795, -124.675, 21.0, 2012-09-01 17:00:00, 0.0, None 
 48.748000000000005, -124.66, 20.0, 2012-09-01 17:02:30, 0.0, None 
 48.97, -124.83, 20.0, 2012-09-01 17:05:00, 0.0, None 
 48.785, -124.64, 24.5, 2012-09-01 17:07:30, 0.0, None 
 48.805, -124.698, 23.5, 2012-09-01 17:10:00, 0.0, None 
 48.585, -124.41, 20.0, 2012-09-01 17:12:30, 0.0, None 
 48.595, -124.54, 20.0, 2012-09-01 17:22:30, 0.0, None 
 48.59, -124.45, 37.0, 2012-09-01 17:25:00, 0.0, None 
 48.995, -124.505, 41.5, 2012-09-01 17:35:00, 0.0, None 
 48.83, -124.61, 21.2, 2012-09-01 17:37:30, 0.0, None 
 48.785, -124.68, 20.0, 2012-09-01 17:42:30, 0.0, None 
 48.855, -124.63, 20.0, 2012-09-01 17:45:00, 0.0, None 
 48.97, -124.57, 26.0, 2012-09-01 17:47:30, 0.0, None 
 48.75, -124.59, 30.0, 2012-09-01 17:50:00, 0.0, None 
 48.82, -124.62, 20.5, 2012-09-01 17:52:30, 0.0, None 
 48.84, -124.64, 20.0, 2012-09-01 17:55:00, 0.0, None 
 48.81, -124.48, 35.0, 2012-09-01 18:10:00, 0.0, None 
 48.855, -124.69, 20.0, 2012-09-01 18:12:30, 0.0, None 
 48.78, -124.69, 20.0, 2012-09-01 18:15:00, 0.0, None 
 48.67, -124.41, 20.0, 2012-09-01 18:17:30, 0.0, None 
 48.763000000000005, -124.525, 22.5, 2012-09-01 18:20:00, 0.0, None 
 48.83, -124.63, 20.0, 2012-09-01 18:27:30, 0.0, None 
 48.725, -124.685, 57.5, 2012-09-01 18:30:00, 0.0, None 
 48.845, -124.68299999999999, 20.0, 2012-09-01 18:32:30, 0.0, None 
 48.8, -124.675, 20.0, 2012-09-01 18:35:00, 0.0, None 
 48.87, -124.71, 20.0, 2012-09-01 18:37:30, 0.0, None 
 48.9, -124.795, 20.0, 2012-09-01 18:40:00, 0.0, None 
 48.795, -124.59, 20.0, 2012-09-01 18:42:30, 0.0, None 
 48.832, -124.57, 20.0, 2012-09-01 18:45:00, 0.0, None 
 48.89, -124.46, 35.0, 2012-09-01 18:47:30, 0.0, None 
 48.975, -124.68, 20.0, 2012-09-01 18:50:00, 0.0, None 
 48.79, -124.54, 20.0, 2012-09-01 18:52:30, 0.0, None 
 48.8, -124.515, 37.5, 2012-09-01 18:55:00, 0.0, None 
 48.9, -124.585, 20.0, 2012-09-01 18:57:30, 0.0, None 
 48.88, -124.63, 24.0, 2012-09-01 19:00:00, 0.0, None 
 48.793, -124.62299999999999, 20.0, 2012-09-01 19:02:30, 0.0, None 
 48.865, -124.63799999999999, 20.0, 2012-09-01 19:05:00, 0.0, None 
 48.67, -124.51, 20.0, 2012-09-01 19:07:30, 0.0, None 
 48.85, -124.46799999999999, 21.0, 2012-09-01 19:12:30, 0.0, None 
 48.85, -124.51, 20.0, 2012-09-01 19:15:00, 0.0, None 
 48.87, -124.52799999999999, 23.8, 2012-09-01 19:22:30, 0.0, None 
 48.865, -124.635, 20.0, 2012-09-01 19:25:00, 0.0, None 
 48.92, -124.71, 20.0, 2012-09-01 19:30:00, 0.0, None 
 48.71, -124.3, 20.0, 2012-09-01 19:40:00, 0.0, None 
 48.925, -124.63, 21.0, 2012-09-01 19:42:30, 0.0, None 
 48.875, -124.71, 20.0, 2012-09-01 19:45:00, 0.0, None 
 48.835, -124.705, 20.0, 2012-09-01 19:47:30, 0.0, None 
 48.85, -124.6, 20.0, 2012-09-01 19:50:00, 0.0, None 
 48.91, -124.56200000000001, 20.0, 2012-09-01 19:52:30, 0.0, None 
 48.8, -124.57, 20.0, 2012-09-01 20:00:00, 0.0, None 
 48.8, -124.55, 20.0, 2012-09-01 20:05:00, 0.0, None 
 48.766999999999996, -124.62700000000001, 40.0, 2012-09-01 20:07:30, 0.0, None 
 48.83, -124.725, 20.0, 2012-09-01 20:12:30, 0.0, None 
 48.705, -124.72, 23.0, 2012-09-01 20:15:00, 0.0, None 
 48.718, -124.74, 27.2, 2012-09-01 20:17:30, 0.0, None 
 48.865, -124.705, 20.0, 2012-09-01 20:20:00, 0.0, None 
 48.81, -124.71, 21.0, 2012-09-01 20:22:30, 0.0, None 
 48.865, -124.75, 21.5, 2012-09-01 20:25:00, 0.0, None 
 48.805, -124.68, 20.0, 2012-09-01 20:27:30, 0.0, None 
 48.85, -124.63, 20.0, 2012-09-01 20:42:30, 0.0, None 
 48.91, -124.73, 20.0, 2012-09-01 20:45:00, 0.0, None 
 48.99, -124.61, 20.0, 2012-09-01 20:52:30, 0.0, None 
 48.8, -124.43, 20.0, 2012-09-01 21:15:00, 0.0, None 
 48.83, -124.465, 20.0, 2012-09-01 21:17:30, 0.0, None 
 48.93, -124.57799999999999, 20.0, 2012-09-01 21:20:00, 0.0, None 
 48.92, -124.56, 20.0, 2012-09-01 22:12:30, 0.0, None 
 48.81, -124.58, 20.0, 2012-09-01 22:15:00, 0.0, None 
 48.83, -124.48, 33.0, 2012-09-01 22:17:30, 0.0, None 
 48.86, -124.68, 37.8, 2012-09-01 22:20:00, 0.0, None 
 48.93, -124.635, 29.5, 2012-09-01 22:22:30, 0.0, None 
 48.803000000000004, -124.64, 28.5, 2012-09-01 22:25:00, 0.0, None 
 48.797, -124.69, 20.0, 2012-09-01 22:27:30, 0.0, None 
 48.78, -124.6, 20.0, 2012-09-01 22:30:00, 0.0, None 
 48.85, -124.7, 22.8, 2012-09-01 22:32:30, 0.0, None 
 48.8, -124.613, 37.5, 2012-09-01 22:35:00, 0.0, None 
 48.88, -124.68, 25.0, 2012-09-01 22:40:00, 0.0, None 
 48.96, -124.655, 29.5, 2012-09-01 22:42:30, 0.0, None 
 48.83, -124.58, 20.0, 2012-09-01 22:47:30, 0.0, None 
 48.83, -124.49, 33.0, 2012-09-01 22:57:30, 0.0, None 
 48.9, -124.55, 34.0, 2012-09-01 23:00:00, 0.0, None 
 48.61, -124.5, 26.0, 2012-09-01 23:02:30, 0.0, None 
 48.858000000000004, -124.595, 20.0, 2012-09-01 23:05:00, 0.0, None 
 48.795, -124.47, 20.0, 2012-09-01 23:07:30, 0.0, None 
 48.81, -124.55, 20.0, 2012-09-01 23:10:00, 0.0, None 
 48.87, -124.82, 20.0, 2012-09-01 23:15:00, 0.0, None 
 48.9, -124.77, 20.0, 2012-09-01 23:17:30, 0.0, None 
 48.885, -124.78, 20.0, 2012-09-01 23:20:00, 0.0, None 
 48.87, -124.79, 20.0, 2012-09-01 23:22:30, 0.0, None 
 48.85, -124.68, 20.0, 2012-09-01 23:30:00, 0.0, None 
 48.73, -124.755, 20.0, 2012-09-01 23:32:30, 0.0, None 
 48.715, -124.74799999999999, 20.0, 2012-09-01 23:35:00, 0.0, None 
 48.925, -124.795, 20.0, 2012-09-01 23:37:30, 0.0, None 
 48.895, -124.705, 24.5, 2012-09-01 23:40:00, 0.0, None 
 48.975, -124.685, 25.2, 2012-09-01 23:42:30, 0.0, None 
 48.58, -124.53, 20.0, 2012-09-01 23:45:00, 0.0, None 
 48.965, -124.745, 20.0, 2012-09-01 23:45:00, 0.0, None 
 48.91, -124.765, 20.0, 2012-09-01 23:47:30, 0.0, None 
 48.97, -124.58, 20.0, 2012-09-01 23:50:00, 0.0, None 
 48.927, -124.675, 20.0, 2012-09-01 23:52:30, 0.0, None 
 48.905, -124.68, 20.0, 2012-09-01 23:55:00, 0.0, None 
 48.938, -124.755, 23.8, 2012-09-02 00:00:00, 0.0, None 
 48.89, -124.815, 20.0, 2012-09-02 00:02:30, 0.0, None 
 48.8, -124.59, 20.0, 2012-09-02 00:07:30, 0.0, None 
 48.865, -124.555, 29.5, 2012-09-02 00:15:00, 0.0, None 
 48.9, -124.69, 32.5, 2012-09-02 00:17:30, 0.0, None 
 48.865, -124.7, 27.5, 2012-09-02 00:20:00, 0.0, None 
 48.875, -124.66, 26.0, 2012-09-02 00:22:30, 0.0, None 
 48.812, -124.69, 31.5, 2012-09-02 00:25:00, 0.0, None 
 48.897, -124.72200000000001, 26.0, 2012-09-02 00:27:30, 0.0, None 
 48.94, -124.735, 23.2, 2012-09-02 00:30:00, 0.0, None 
 48.933, -124.835, 31.2, 2012-09-02 00:37:30, 0.0, None 
 48.96, -124.815, 26.8, 2012-09-02 00:40:00, 0.0, None 
 48.957, -124.79, 27.0, 2012-09-02 00:42:30, 0.0, None 
 48.998000000000005, -124.77799999999999, 41.8, 2012-09-02 00:50:00, 0.0, None 
 48.897, -124.68, 24.2, 2012-09-02 00:52:30, 0.0, None 
 48.9, -124.685, 31.5, 2012-09-02 00:55:00, 0.0, None 
 48.986999999999995, -124.765, 30.0, 2012-09-02 01:05:00, 0.0, None 
 48.77, -124.59, 60.0, 2012-09-02 01:30:00, 0.0, None 
 48.88, -124.51700000000001, 20.0, 2012-09-02 01:47:30, 0.0, None 
 48.78, -124.52, 20.0, 2012-09-02 01:50:00, 0.0, None 
 48.876999999999995, -124.62, 20.0, 2012-09-02 01:52:30, 0.0, None 
 48.895, -124.645, 20.0, 2012-09-02 01:55:00, 0.0, None 
 48.95, -124.67, 60.0, 2012-09-02 01:57:30, 0.0, None 
 48.67, -124.61, 20.0, 2012-09-02 02:00:00, 0.0, None 
 49.0, -124.72, 20.0, 2012-09-02 02:00:00, 0.0, None 
 48.595, -124.58, 20.0, 2012-09-02 02:02:30, 0.0, None 
 49.0, -124.725, 20.0, 2012-09-02 02:02:30, 0.0, None 
 48.845, -124.685, 20.0, 2012-09-02 02:05:00, 0.0, None 
 48.855, -124.715, 20.0, 2012-09-02 02:07:30, 0.0, None 
 48.92, -124.9, 41.0, 2012-09-02 02:15:00, 0.0, None 
 48.81, -124.7, 20.0, 2012-09-02 03:47:30, 0.0, None 
 48.815, -124.59, 20.0, 2012-09-02 04:15:00, 0.0, None 
 48.83, -124.595, 22.0, 2012-09-02 04:17:30, 0.0, None 
 48.855, -124.645, 20.0, 2012-09-02 04:25:00, 0.0, None 
 48.66, -124.675, 20.0, 2012-09-02 04:45:00, 0.0, None 
 48.64, -124.69, 20.0, 2012-09-02 04:47:30, 0.0, None 
 48.9, -124.795, 20.0, 2012-09-02 04:47:30, 0.0, None 
 48.65, -124.725, 20.0, 2012-09-02 04:50:00, 0.0, None 
 48.94, -124.83, 20.0, 2012-09-02 04:50:00, 0.0, None 
 48.99, -124.82, 25.0, 2012-09-02 04:52:30, 0.0, None 
 48.88, -124.81, 20.0, 2012-09-02 05:25:00, 0.0, None 
 48.65, -124.715, 20.0, 2012-09-02 05:27:30, 0.0, None 
 48.77, -124.77, 25.0, 2012-09-02 05:30:00, 0.0, None 
 48.77, -124.77, 24.0, 2012-09-02 05:32:30, 0.0, None 
 48.93, -124.78, 23.0, 2012-09-02 05:35:00, 0.0, None 
 48.76, -124.68, 38.0, 2012-09-02 05:37:30, 0.0, None 
 48.865, -124.595, 20.0, 2012-09-02 05:45:00, 0.0, None 
 48.825, -124.59, 20.0, 2012-09-02 05:47:30, 0.0, None 
 48.6, -124.4, 32.0, 2012-09-02 11:32:30, 0.0, None 
 48.852, -124.745, 24.0, 2012-09-02 11:40:00, 0.0, None 
 48.7, -124.645, 20.0, 2012-09-02 11:42:30, 0.0, None 
 48.83, -124.57, 26.0, 2012-09-02 11:45:00, 0.0, None 
 48.86, -124.6, 20.0, 2012-09-02 11:47:30, 0.0, None 
 48.855, -124.595, 20.0, 2012-09-02 11:50:00, 0.0, None 
 48.867, -124.705, 25.8, 2012-09-02 11:52:30, 0.0, None 
 48.92, -124.71, 28.0, 2012-09-02 11:55:00, 0.0, None 
 48.905, -124.52, 60.0, 2012-09-02 11:57:30, 0.0, None 
 48.91, -124.61, 20.0, 2012-09-02 12:00:00, 0.0, None 
 48.965, -124.66, 20.0, 2012-09-02 12:02:30, 0.0, None 
 48.99, -124.68, 60.0, 2012-09-02 12:05:00, 0.0, None 
 48.925, -124.637, 22.2, 2012-09-02 12:07:30, 0.0, None 
 48.92, -124.68, 47.0, 2012-09-02 12:10:00, 0.0, None 
 48.9, -124.66, 21.0, 2012-09-02 12:12:30, 0.0, None 
 48.83, -124.635, 20.0, 2012-09-02 12:15:00, 0.0, None 
 48.85, -124.635, 25.5, 2012-09-02 12:17:30, 0.0, None 
 48.93, -124.705, 36.0, 2012-09-02 12:20:00, 0.0, None 
 48.96, -124.78, 20.0, 2012-09-02 12:22:30, 0.0, None 
 48.97, -124.67, 33.0, 2012-09-02 12:25:00, 0.0, None 
 48.845, -124.67, 20.0, 2012-09-02 12:37:30, 0.0, None 
 48.95, -124.7, 20.0, 2012-09-02 12:55:00, 0.0, None 
 48.97, -124.84, 28.0, 2012-09-02 13:00:00, 0.0, None 
 48.875, -124.695, 20.0, 2012-09-02 13:02:30, 0.0, None 
 48.89, -124.86, 31.0, 2012-09-02 13:12:30, 0.0, None 
 48.818000000000005, -124.785, 20.0, 2012-09-02 13:15:00, 0.0, None 
 48.92, -124.81, 20.0, 2012-09-02 13:17:30, 0.0, None 
 48.898, -124.80799999999999, 20.0, 2012-09-02 13:20:00, 0.0, None 
 48.905, -124.83, 23.0, 2012-09-02 13:22:30, 0.0, None 
 48.68, -124.51, 43.0, 2012-09-02 13:25:00, 0.0, None 
 49.0, -124.845, 20.0, 2012-09-02 13:25:00, 0.0, None 
 48.795, -124.757, 21.8, 2012-09-02 13:30:00, 0.0, None 
 48.8, -124.78, 31.0, 2012-09-02 13:32:30, 0.0, None 
 48.821999999999996, -124.72200000000001, 20.0, 2012-09-02 13:47:30, 0.0, None 
 48.69, -124.62, 20.0, 2012-09-02 13:50:00, 0.0, None 
 48.92, -124.74, 20.0, 2012-09-02 13:50:00, 0.0, None 
 48.852, -124.65299999999999, 21.5, 2012-09-02 13:52:30, 0.0, None 
 48.845, -124.66799999999999, 20.0, 2012-09-02 13:55:00, 0.0, None 
 48.806999999999995, -124.637, 21.8, 2012-09-02 13:57:30, 0.0, None 
 48.67, -124.5, 20.0, 2012-09-02 14:02:30, 0.0, None 
 48.945, -124.71, 24.5, 2012-09-02 14:02:30, 0.0, None 
 48.7, -124.55, 20.0, 2012-09-02 14:05:00, 0.0, None 
 48.94, -124.72, 23.0, 2012-09-02 14:05:00, 0.0, None 
 48.6, -124.61, 20.0, 2012-09-02 14:10:00, 0.0, None 
 48.94, -124.76, 20.0, 2012-09-02 14:10:00, 0.0, None 
 48.97, -124.69, 34.0, 2012-09-02 14:12:30, 0.0, None 
 48.98, -124.72, 30.0, 2012-09-02 14:15:00, 0.0, None 
 48.965, -124.69, 42.0, 2012-09-02 14:17:30, 0.0, None 
 48.93, -124.7, 24.5, 2012-09-02 14:20:00, 0.0, None 
 48.66, -124.68, 20.0, 2012-09-02 14:22:30, 0.0, None 
 48.91, -124.845, 26.5, 2012-09-02 14:25:00, 0.0, None 
 49.0, -124.68, 20.0, 2012-09-02 14:30:00, 0.0, None 
 48.985, -124.71, 20.0, 2012-09-02 14:37:30, 0.0, None 
 48.66, -124.68, 20.0, 2012-09-02 14:40:00, 0.0, None 
 48.97, -124.77, 20.0, 2012-09-02 14:40:00, 0.0, None 
 48.71, -124.68, 20.0, 2012-09-02 14:42:30, 0.0, None 
 48.96, -124.79, 20.0, 2012-09-02 14:42:30, 0.0, None 
 48.885, -124.755, 20.0, 2012-09-02 14:45:00, 0.0, None 
 48.67, -124.61, 20.0, 2012-09-02 14:47:30, 0.0, None 
 48.95, -124.78, 20.0, 2012-09-02 14:47:30, 0.0, None 
 48.69, -124.6, 20.0, 2012-09-02 14:50:00, 0.0, None 
 48.96, -124.77, 20.0, 2012-09-02 14:50:00, 0.0, None 
 48.635, -124.59, 20.0, 2012-09-02 14:52:30, 0.0, None 
 49.0, -124.79, 20.0, 2012-09-02 14:52:30, 0.0, None 
 48.625, -124.61, 20.0, 2012-09-02 14:55:00, 0.0, None 
 48.96, -124.83, 21.5, 2012-09-02 14:55:00, 0.0, None 
 48.812, -124.8, 27.2, 2012-09-02 14:57:30, 0.0, None 
 48.9, -124.785, 22.8, 2012-09-02 15:00:00, 0.0, None 
 48.96, -124.81, 20.0, 2012-09-02 15:02:30, 0.0, None 
 48.98, -124.88, 26.0, 2012-09-02 15:12:30, 0.0, None 
 48.69, -124.71, 60.0, 2012-09-02 15:15:00, 0.0, None 
 48.64, -124.71, 20.0, 2012-09-02 15:17:30, 0.0, None 
 48.95, -124.85, 20.0, 2012-09-02 15:17:30, 0.0, None 
 48.891999999999996, -124.81700000000001, 20.0, 2012-09-02 15:20:00, 0.0, None 
 48.77, -124.8, 20.0, 2012-09-02 15:27:30, 0.0, None 
 48.76, -124.74, 20.0, 2012-09-02 15:30:00, 0.0, None 
 48.92, -124.87, 24.0, 2012-09-02 15:37:30, 0.0, None 
 48.76, -124.69, 20.0, 2012-09-02 15:45:00, 0.0, None 
 48.97, -124.87, 20.0, 2012-09-02 15:45:00, 0.0, None 
 48.92, -124.87, 20.0, 2012-09-02 16:25:00, 0.0, None 
 48.85, -124.84, 20.0, 2012-09-02 16:27:30, 0.0, None 
 48.65, -124.685, 20.0, 2012-09-02 16:30:00, 0.0, None 
 48.89, -124.86, 25.0, 2012-09-02 16:30:00, 0.0, None 
 48.742, -124.725, 24.0, 2012-09-02 16:32:30, 0.0, None 
 48.66, -124.7, 23.0, 2012-09-02 16:35:00, 0.0, None 
 48.903, -124.795, 28.5, 2012-09-02 16:52:30, 0.0, None 
 48.935, -124.79, 30.8, 2012-09-02 16:55:00, 0.0, None 
 48.99, -124.85, 20.0, 2012-09-02 16:57:30, 0.0, None 
 48.855, -124.75, 34.0, 2012-09-02 17:00:00, 0.0, None 
 48.8, -124.74, 20.0, 2012-09-02 17:02:30, 0.0, None 
 48.95, -124.81, 20.0, 2012-09-02 17:05:00, 0.0, None 
 48.998000000000005, -124.8, 20.0, 2012-09-02 17:10:00, 0.0, None 
 48.81, -124.55799999999999, 20.0, 2012-09-02 17:15:00, 0.0, None 
 48.847, -124.54, 20.0, 2012-09-02 17:17:30, 0.0, None 
 48.84, -124.44, 20.0, 2012-09-02 17:20:00, 0.0, None 
 48.9, -124.54, 20.0, 2012-09-02 18:17:30, 0.0, None 
 48.915, -124.565, 20.0, 2012-09-02 18:20:00, 0.0, None 
 48.945, -124.51, 20.0, 2012-09-02 19:07:30, 0.0, None 
 48.99, -124.56, 20.0, 2012-09-02 19:10:00, 0.0, None 
 49.0, -124.67, 20.0, 2012-09-02 19:15:00, 0.0, None 
 48.715, -124.475, 20.0, 2012-09-02 19:17:30, 0.0, None 
 49.0, -124.7, 20.0, 2012-09-02 19:17:30, 0.0, None 
 48.985, -124.71, 20.0, 2012-09-02 21:45:00, 0.0, None 
 48.875, -124.59299999999999, 20.0, 2012-09-02 21:47:30, 0.0, None 
 48.91, -124.605, 20.0, 2012-09-02 21:50:00, 0.0, None 
 48.92, -124.62, 20.0, 2012-09-02 21:52:30, 0.0, None 
 49.0, -124.59, 27.5, 2012-09-02 21:55:00, 0.0, None 
 48.72, -124.58, 20.0, 2012-09-02 21:57:30, 0.0, None 
 48.955, -124.65299999999999, 20.0, 2012-09-02 22:05:00, 0.0, None 
 48.98, -124.595, 20.0, 2012-09-02 22:07:30, 0.0, None 
 48.93, -124.59, 20.0, 2012-09-02 22:10:00, 0.0, None 
 48.87, -124.51, 38.0, 2012-09-02 22:30:00, 0.0, None 
 48.87, -124.66, 30.0, 2012-09-02 22:37:30, 0.0, None 
 48.91, -124.83, 20.0, 2012-09-02 22:40:00, 0.0, None 
 48.95, -124.585, 20.0, 2012-09-02 23:55:00, 0.0, None 
 48.89, -124.55, 20.0, 2012-09-03 00:00:00, 0.0, None 
 48.98, -124.63, 20.0, 2012-09-03 00:02:30, 0.0, None 
 48.97, -124.63, 20.0, 2012-09-03 00:05:00, 0.0, None 
 48.97, -124.66, 20.0, 2012-09-03 00:07:30, 0.0, None 
 48.97, -124.64, 20.0, 2012-09-03 00:10:00, 0.0, None 
 48.913000000000004, -124.735, 20.0, 2012-09-03 00:12:30, 0.0, None 
 48.873000000000005, -124.67200000000001, 20.0, 2012-09-03 00:15:00, 0.0, None 
 48.91, -124.545, 30.5, 2012-09-03 00:17:30, 0.0, None 
 48.85, -124.43299999999999, 20.0, 2012-09-03 00:20:00, 0.0, None 
 48.82, -124.595, 20.0, 2012-09-03 00:22:30, 0.0, None 
 48.87, -124.625, 20.0, 2012-09-03 00:25:00, 0.0, None 
 48.81, -124.445, 28.8, 2012-09-03 00:27:30, 0.0, None 
 48.815, -124.47, 33.5, 2012-09-03 00:30:00, 0.0, None 
 48.847, -124.57799999999999, 34.2, 2012-09-03 00:32:30, 0.0, None 
 48.832, -124.59, 20.0, 2012-09-03 00:35:00, 0.0, None 
 48.79, -124.455, 20.0, 2012-09-03 00:37:30, 0.0, None 
 48.845, -124.665, 20.0, 2012-09-03 00:40:00, 0.0, None 
 48.9, -124.655, 20.2, 2012-09-03 00:42:30, 0.0, None 
 48.92, -124.7, 20.0, 2012-09-03 00:45:00, 0.0, None 
 48.838, -124.678, 20.0, 2012-09-03 00:47:30, 0.0, None 
 48.812, -124.695, 20.0, 2012-09-03 00:50:00, 0.0, None 
 48.8, -124.355, 39.0, 2012-09-03 00:50:00, 0.0, None 
 48.865, -124.67, 21.5, 2012-09-03 00:52:30, 0.0, None 
 48.87, -124.68, 21.0, 2012-09-03 00:55:00, 0.0, None 
 48.881, -124.52, 20.0, 2012-09-03 00:57:30, 0.0, None 
 48.888999999999996, -124.539, 20.0, 2012-09-03 01:00:00, 0.0, None 
 48.61, -124.53, 20.0, 2012-09-03 01:02:30, 0.0, None 
 49.0, -124.73, 31.0, 2012-09-03 01:02:30, 0.0, None 
 48.57, -124.465, 20.0, 2012-09-03 01:05:00, 0.0, None 
 48.785, -124.73, 40.0, 2012-09-03 01:10:00, 0.0, None 
 48.985, -124.815, 33.2, 2012-09-03 01:12:30, 0.0, None 
 48.97, -124.81, 20.0, 2012-09-03 01:15:00, 0.0, None 
 48.97, -124.84, 20.0, 2012-09-03 01:17:30, 0.0, None 
 48.922, -124.855, 20.0, 2012-09-03 01:20:00, 0.0, None 
 48.97, -124.825, 24.8, 2012-09-03 01:22:30, 0.0, None 
 48.99, -124.795, 28.0, 2012-09-03 01:25:00, 0.0, None 
 48.93, -124.71799999999999, 20.2, 2012-09-03 01:27:30, 0.0, None 
 48.765, -124.6, 20.0, 2012-09-03 01:30:00, 0.0, None 
 48.65, -124.59, 20.0, 2012-09-03 01:32:30, 0.0, None 
 48.8, -124.775, 26.0, 2012-09-03 01:35:00, 0.0, None 
 48.94, -124.65899999999999, 28.0, 2012-09-03 01:37:30, 0.0, None 
 48.948, -124.75, 33.2, 2012-09-03 01:40:00, 0.0, None 
 49.0, -124.66, 20.0, 2012-09-03 01:45:00, 0.0, None 
 48.875, -124.632, 20.0, 2012-09-03 01:47:30, 0.0, None 
 48.9, -124.58200000000001, 24.0, 2012-09-03 01:50:00, 0.0, None 
 48.972, -124.787, 25.2, 2012-09-03 01:52:30, 0.0, None 
 48.73, -124.72, 45.0, 2012-09-03 01:55:00, 0.0, None 
 48.96, -124.86, 28.0, 2012-09-03 01:55:00, 0.0, None 
 48.89, -124.69, 60.0, 2012-09-03 02:00:00, 0.0, None 
 48.94, -124.81, 20.0, 2012-09-03 02:07:30, 0.0, None 
 48.91, -124.81, 39.5, 2012-09-03 02:10:00, 0.0, None 
 48.4, -123.81, 27.0, 2012-09-03 02:10:00, 0.0, None 
 48.93, -124.8, 27.5, 2012-09-03 02:12:30, 0.0, None 
 48.83, -124.49, 20.0, 2012-09-03 02:12:30, 0.0, None 
 48.891999999999996, -124.665, 34.2, 2012-09-03 02:15:00, 0.0, None 
 48.77, -124.62, 20.0, 2012-09-03 02:22:30, 0.0, None 
 48.82, -124.62, 29.0, 2012-09-03 02:25:00, 0.0, None 
 48.9, -124.68, 33.0, 2012-09-03 02:27:30, 0.0, None 
 48.905, -124.67, 20.0, 2012-09-03 02:30:00, 0.0, None 
 48.845, -124.66, 20.0, 2012-09-03 02:32:30, 0.0, None 
 48.61, -124.52, 22.0, 2012-09-03 02:35:00, 0.0, None 
 48.9, -124.61, 20.0, 2012-09-03 02:35:00, 0.0, None 
 48.59, -124.49, 20.0, 2012-09-03 02:37:30, 0.0, None 
 48.87, -124.7, 28.0, 2012-09-03 02:37:30, 0.0, None 
 48.87, -124.71, 28.5, 2012-09-03 02:40:00, 0.0, None 
 48.93, -124.51799999999999, 26.0, 2012-09-03 02:42:30, 0.0, None 
 48.835, -124.555, 22.2, 2012-09-03 02:45:00, 0.0, None 
 48.91, -124.5, 20.0, 2012-09-03 02:47:30, 0.0, None 
 48.93, -124.5, 20.0, 2012-09-03 02:50:00, 0.0, None 
 48.913999999999994, -124.45700000000001, 20.8, 2012-09-03 02:52:30, 0.0, None 
 48.876999999999995, -124.52, 23.5, 2012-09-03 02:55:00, 0.0, None 
 48.925, -124.59, 20.0, 2012-09-03 02:57:30, 0.0, None 
 48.927, -124.615, 20.0, 2012-09-03 03:00:00, 0.0, None 
 48.977, -124.615, 25.2, 2012-09-03 03:02:30, 0.0, None 
 48.9, -124.27, 54.0, 2012-09-03 03:02:30, 0.0, None 
 48.74, -124.63, 24.0, 2012-09-03 03:05:00, 0.0, None 
 48.96, -124.705, 25.0, 2012-09-03 03:05:00, 0.0, None 
 48.68, -124.59, 20.0, 2012-09-03 03:07:30, 0.0, None 
 48.96, -124.71, 20.0, 2012-09-03 03:07:30, 0.0, None 
 48.93, -124.675, 25.5, 2012-09-03 03:10:00, 0.0, None 
 48.82, -124.31, 60.0, 2012-09-03 03:10:00, 0.0, None 
 48.64, -124.58, 20.0, 2012-09-03 03:12:30, 0.0, None 
 48.883, -124.632, 43.2, 2012-09-03 03:15:00, 0.0, None 
 48.876000000000005, -124.685, 20.1, 2012-09-03 03:17:30, 0.0, None 
 48.925, -124.65700000000001, 22.8, 2012-09-03 03:20:00, 0.0, None 
 48.945, -124.73, 23.0, 2012-09-03 03:22:30, 0.0, None 
 48.955, -124.72, 26.0, 2012-09-03 03:25:00, 0.0, None 
 48.71, -124.59, 45.0, 2012-09-03 03:27:30, 0.0, None 
 48.98, -124.83, 20.0, 2012-09-03 03:27:30, 0.0, None 
 48.958999999999996, -124.66799999999999, 21.2, 2012-09-03 03:30:00, 0.0, None 
 48.953, -124.795, 25.0, 2012-09-03 03:32:30, 0.0, None 
 48.95, -124.79, 26.2, 2012-09-03 03:35:00, 0.0, None 
 48.78, -124.67, 37.0, 2012-09-03 03:40:00, 0.0, None 
 48.98, -124.83, 33.0, 2012-09-03 03:42:30, 0.0, None 
 48.98, -124.825, 41.2, 2012-09-03 03:45:00, 0.0, None 
 48.985, -124.8, 38.0, 2012-09-03 03:47:30, 0.0, None 
 48.968, -124.46, 20.0, 2012-09-03 04:12:30, 0.0, None 
 48.985, -124.523, 21.0, 2012-09-03 04:15:00, 0.0, None 
 48.5, -123.95, 20.0, 2012-09-03 04:20:00, 0.0, None 
 48.725, -124.55, 60.0, 2012-09-03 04:25:00, 0.0, None 
 48.895, -124.7, 38.0, 2012-09-03 04:27:30, 0.0, None 
 48.965, -124.55, 20.0, 2012-09-03 04:30:00, 0.0, None 
 48.42, -123.82, 54.0, 2012-09-03 05:22:30, 0.0, None 
 47.87, -122.7, 20.0, 2012-09-03 05:45:00, 0.0, None 
 47.89, -122.67, 20.0, 2012-09-03 05:47:30, 0.0, None 
 47.9, -122.74, 20.0, 2012-09-03 06:10:00, 0.0, None 
 49.0, -124.54, 26.0, 2012-09-03 06:12:30, 0.0, None 
 48.89, -124.53, 20.0, 2012-09-03 06:15:00, 0.0, None 
 48.965, -124.54, 20.0, 2012-09-03 06:17:30, 0.0, None 
 48.9, -124.64, 40.0, 2012-09-03 06:22:30, 0.0, None 
 48.91, -124.62, 20.0, 2012-09-03 06:25:00, 0.0, None 
 49.0, -124.67, 30.0, 2012-09-03 06:27:30, 0.0, None 
 48.74, -124.713, 60.0, 2012-09-03 06:30:00, 0.0, None 
 48.69, -124.45, 25.0, 2012-09-03 06:55:00, 0.0, None 
 48.955, -124.465, 20.0, 2012-09-03 07:17:30, 0.0, None 
 48.985, -124.42, 24.8, 2012-09-03 07:20:00, 0.0, None 
 48.975, -124.43299999999999, 22.0, 2012-09-03 07:22:30, 0.0, None 
 48.99, -124.54, 40.0, 2012-09-03 07:25:00, 0.0, None 
 48.88, -124.7, 36.0, 2012-09-03 07:27:30, 0.0, None 
 48.96, -124.68, 20.0, 2012-09-03 07:52:30, 0.0, None 
 48.87, -124.71, 28.0, 2012-09-03 08:12:30, 0.0, None 
 48.88, -124.64, 35.0, 2012-09-03 08:22:30, 0.0, None 
 48.94, -124.54, 20.0, 2012-09-03 09:40:00, 0.0, None 
 48.94, -124.55, 20.0, 2012-09-03 09:42:30, 0.0, None 
 48.81, -124.605, 20.0, 2012-09-03 09:45:00, 0.0, None 
 48.825, -124.60799999999999, 20.0, 2012-09-03 09:47:30, 0.0, None 
 48.92, -124.575, 23.0, 2012-09-03 10:22:30, 0.0, None 
 48.71, -124.395, 20.0, 2012-09-03 10:25:00, 0.0, None 
 48.92, -124.58, 20.0, 2012-09-03 10:25:00, 0.0, None 
 48.835, -124.57, 20.0, 2012-09-03 10:27:30, 0.0, None 
 48.795, -124.6, 20.0, 2012-09-03 10:30:00, 0.0, None 
 48.79, -124.68, 20.0, 2012-09-03 10:35:00, 0.0, None 
 48.82, -124.63, 20.0, 2012-09-03 10:37:30, 0.0, None 
 48.955, -124.59, 20.0, 2012-09-03 10:40:00, 0.0, None 
 48.9, -124.53, 26.0, 2012-09-03 10:42:30, 0.0, None 
 48.915, -124.535, 23.5, 2012-09-03 10:45:00, 0.0, None 
 48.93, -124.61, 22.0, 2012-09-03 10:47:30, 0.0, None 
 48.873000000000005, -124.6, 20.0, 2012-09-03 10:50:00, 0.0, None 
 48.725, -124.588, 22.2, 2012-09-03 10:52:30, 0.0, None 
 48.795, -124.7, 33.5, 2012-09-03 10:55:00, 0.0, None 
 48.79, -124.31, 38.0, 2012-09-03 11:07:30, 0.0, None 
 48.955, -124.542, 27.0, 2012-09-03 11:15:00, 0.0, None 
 48.98, -124.52, 20.0, 2012-09-03 11:22:30, 0.0, None 
 49.0, -124.57, 20.0, 2012-09-03 11:25:00, 0.0, None 
 48.98, -124.51, 20.0, 2012-09-03 11:27:30, 0.0, None 
 48.98, -124.507, 20.0, 2012-09-03 11:40:00, 0.0, None 
 48.953, -124.505, 20.0, 2012-09-03 11:42:30, 0.0, None 
 48.963, -124.51, 52.0, 2012-09-03 11:45:00, 0.0, None 
 48.93, -124.49, 20.0, 2012-09-03 11:47:30, 0.0, None 
 48.95, -124.54, 30.0, 2012-09-03 11:55:00, 0.0, None 
 48.992, -124.66, 28.2, 2012-09-03 11:57:30, 0.0, None 
 48.983000000000004, -124.662, 24.2, 2012-09-03 12:00:00, 0.0, None 
 48.955, -124.705, 20.0, 2012-09-03 12:02:30, 0.0, None 
 48.98, -124.665, 20.0, 2012-09-03 12:05:00, 0.0, None 
 48.977, -124.63, 20.0, 2012-09-03 12:07:30, 0.0, None 
 48.82, -124.56, 21.5, 2012-09-03 12:25:00, 0.0, None 
 48.83, -124.63, 20.0, 2012-09-03 12:27:30, 0.0, None 
 48.975, -124.493, 23.2, 2012-09-03 12:30:00, 0.0, None 
 48.8, -124.34, 60.0, 2012-09-03 12:35:00, 0.0, None 
 48.94, -124.545, 25.5, 2012-09-03 12:35:00, 0.0, None 
 48.886, -124.546, 26.0, 2012-09-03 12:37:30, 0.0, None 
 48.99, -124.61, 27.0, 2012-09-03 12:45:00, 0.0, None 
 48.836999999999996, -124.56, 20.0, 2012-09-03 12:50:00, 0.0, None 
 48.845, -124.565, 20.0, 2012-09-03 12:52:30, 0.0, None 
 48.895, -124.565, 20.0, 2012-09-03 12:55:00, 0.0, None 
 48.95, -124.555, 30.0, 2012-09-03 13:02:30, 0.0, None 
 48.94, -124.505, 23.5, 2012-09-03 13:05:00, 0.0, None 
 48.96, -124.56, 20.0, 2012-09-03 13:10:00, 0.0, None 
 48.88, -124.545, 20.0, 2012-09-03 13:15:00, 0.0, None 
 48.977, -124.493, 26.5, 2012-09-03 13:17:30, 0.0, None 
 48.95, -124.52, 23.0, 2012-09-03 13:20:00, 0.0, None 
 48.94, -124.565, 25.8, 2012-09-03 13:22:30, 0.0, None 
 48.84, -124.53, 20.0, 2012-09-03 13:25:00, 0.0, None 
 48.99, -124.61, 22.5, 2012-09-03 13:30:00, 0.0, None 
 48.977, -124.65, 21.8, 2012-09-03 13:32:30, 0.0, None 
 48.94, -124.625, 20.0, 2012-09-03 13:35:00, 0.0, None 
 48.938, -124.61, 20.0, 2012-09-03 13:37:30, 0.0, None 
 48.915, -124.655, 20.0, 2012-09-03 13:40:00, 0.0, None 
 48.95, -124.71799999999999, 20.0, 2012-09-03 13:42:30, 0.0, None 
 48.931999999999995, -124.65299999999999, 20.0, 2012-09-03 13:45:00, 0.0, None 
 48.65, -124.67, 20.0, 2012-09-03 13:47:30, 0.0, None 
 48.97, -124.71, 20.0, 2012-09-03 13:47:30, 0.0, None 
 48.98, -124.68, 20.0, 2012-09-03 13:50:00, 0.0, None 
 48.935, -124.54, 30.2, 2012-09-03 13:52:30, 0.0, None 
 48.42, -123.91, 30.0, 2012-09-03 13:57:30, 0.0, None 
 48.955, -124.455, 20.0, 2012-09-03 14:05:00, 0.0, None 
 48.945, -124.455, 20.0, 2012-09-03 14:07:30, 0.0, None 
 48.965, -124.51700000000001, 20.0, 2012-09-03 14:10:00, 0.0, None 
 48.945, -124.53, 22.0, 2012-09-03 14:12:30, 0.0, None 
 48.72, -124.51, 20.0, 2012-09-03 14:15:00, 0.0, None 
 48.84, -124.665, 20.0, 2012-09-03 14:17:30, 0.0, None 
 48.93, -124.68299999999999, 20.0, 2012-09-03 14:20:00, 0.0, None 
 48.505, -124.02, 51.5, 2012-09-03 14:20:00, 0.0, None 
 48.847, -124.78, 20.0, 2012-09-03 14:30:00, 0.0, None 
 48.48, -123.99, 20.0, 2012-09-03 14:30:00, 0.0, None 
 48.855, -124.80799999999999, 20.0, 2012-09-03 14:32:30, 0.0, None 
 48.995, -124.835, 32.5, 2012-09-03 14:35:00, 0.0, None 
 48.975, -124.82, 29.5, 2012-09-03 14:37:30, 0.0, None 
 48.87, -124.67, 60.0, 2012-09-03 14:40:00, 0.0, None 
 48.81, -124.65, 42.5, 2012-09-03 14:47:30, 0.0, None 
 48.953, -124.745, 20.0, 2012-09-03 14:50:00, 0.0, None 
 48.995, -124.8, 20.0, 2012-09-03 14:55:00, 0.0, None 
 48.61, -124.1, 20.0, 2012-09-03 14:55:00, 0.0, None 
 48.95, -124.78, 20.0, 2012-09-03 14:57:30, 0.0, None 
 48.675, -124.61, 25.0, 2012-09-03 15:00:00, 0.0, None 
 48.91, -124.725, 23.0, 2012-09-03 15:00:00, 0.0, None 
 48.869, -124.669, 21.4, 2012-09-03 15:02:30, 0.0, None 
 48.918, -124.67200000000001, 24.9, 2012-09-03 15:05:00, 0.0, None 
 48.77, -124.69, 27.5, 2012-09-03 15:07:30, 0.0, None 
 48.97, -124.67, 24.5, 2012-09-03 15:07:30, 0.0, None 
 48.89, -124.73, 34.5, 2012-09-03 15:10:00, 0.0, None 
 48.915, -124.655, 20.0, 2012-09-03 15:12:30, 0.0, None 
 48.961999999999996, -124.765, 31.0, 2012-09-03 15:17:30, 0.0, None 
 48.94, -124.773, 29.0, 2012-09-03 15:20:00, 0.0, None 
 48.891999999999996, -124.697, 21.0, 2012-09-03 15:25:00, 0.0, None 
 48.9, -124.77, 20.0, 2012-09-03 15:30:00, 0.0, None 
 48.975, -124.49, 39.2, 2012-09-03 15:47:30, 0.0, None 
 48.805, -124.315, 44.0, 2012-09-03 15:55:00, 0.0, None 
 48.94, -124.5, 60.0, 2012-09-03 15:57:30, 0.0, None 
 48.96, -124.5, 33.0, 2012-09-03 16:15:00, 0.0, None 
 48.67, -124.3, 20.0, 2012-09-03 16:20:00, 0.0, None 
 48.981, -124.479, 38.5, 2012-09-03 16:30:00, 0.0, None 
 48.915, -124.69, 23.2, 2012-09-03 17:15:00, 0.0, None 
 48.965, -124.63799999999999, 24.0, 2012-09-03 17:17:30, 0.0, None 
 48.99, -124.59, 43.5, 2012-09-03 17:20:00, 0.0, None 
 48.965, -124.5, 20.0, 2012-09-03 17:22:30, 0.0, None 
 48.915, -124.465, 24.5, 2012-09-03 17:25:00, 0.0, None 
 48.993, -124.525, 21.0, 2012-09-03 17:27:30, 0.0, None 
 48.69, -124.26, 20.0, 2012-09-03 17:30:00, 0.0, None 
 48.93, -124.45, 20.0, 2012-09-03 17:45:00, 0.0, None 
 48.93, -124.61, 20.0, 2012-09-03 17:47:30, 0.0, None 
 48.96, -124.51, 60.0, 2012-09-03 17:57:30, 0.0, None 
 49.0, -124.5, 38.0, 2012-09-03 18:05:00, 0.0, None 
 48.695, -124.58, 20.0, 2012-09-03 18:12:30, 0.0, None 
 48.885, -124.355, 20.0, 2012-09-03 18:17:30, 0.0, None 
 48.945, -124.735, 24.8, 2012-09-03 18:20:00, 0.0, None 
 48.99, -124.73, 29.0, 2012-09-03 18:25:00, 0.0, None 
 48.96, -124.81, 20.0, 2012-09-03 18:27:30, 0.0, None 
 48.965, -124.447, 20.0, 2012-09-03 18:45:00, 0.0, None 
 48.51, -123.96, 20.0, 2012-09-03 18:52:30, 0.0, None 
 49.0, -124.64, 42.0, 2012-09-03 18:55:00, 0.0, None 
 48.958, -124.35700000000001, 20.2, 2012-09-03 19:45:00, 0.0, None 
 48.93, -124.31, 20.0, 2012-09-03 20:12:30, 0.0, None 
 48.86, -124.31, 60.0, 2012-09-03 20:35:00, 0.0, None 
 48.905, -124.635, 36.5, 2012-09-03 20:42:30, 0.0, None 
 48.97, -124.677, 32.5, 2012-09-03 21:17:30, 0.0, None 
 48.8, -124.64, 34.0, 2012-09-03 21:20:00, 0.0, None 
 48.88, -124.55, 49.5, 2012-09-03 21:30:00, 0.0, None 
 48.963, -124.815, 29.0, 2012-09-03 21:42:30, 0.0, None 
 48.95, -124.83, 26.0, 2012-09-03 21:45:00, 0.0, None 
 48.87, -124.33, 35.0, 2012-09-03 22:32:30, 0.0, None 
 48.979, -124.399, 25.9, 2012-09-03 22:35:00, 0.0, None 
 48.91, -124.25, 23.0, 2012-09-03 22:37:30, 0.0, None 
 48.91, -124.27, 60.0, 2012-09-03 22:42:30, 0.0, None 
 48.97, -124.68, 31.0, 2012-09-03 22:55:00, 0.0, None 
 48.91, -124.57, 60.0, 2012-09-03 22:57:30, 0.0, None 
 48.972, -124.41, 39.5, 2012-09-03 23:02:30, 0.0, None 
 48.975, -124.355, 27.0, 2012-09-03 23:05:00, 0.0, None 
 48.63, -124.28, 46.0, 2012-09-03 23:07:30, 0.0, None 
 48.96, -124.48, 25.0, 2012-09-03 23:07:30, 0.0, None 
 48.918, -124.505, 22.5, 2012-09-03 23:10:00, 0.0, None 
 48.965, -124.602, 39.0, 2012-09-03 23:17:30, 0.0, None 
 48.905, -124.49, 45.0, 2012-09-03 23:35:00, 0.0, None 
 48.992, -124.69200000000001, 42.5, 2012-09-03 23:47:30, 0.0, None 
 48.96, -124.66, 41.0, 2012-09-04 00:37:30, 0.0, None 
 48.99, -124.82, 20.0, 2012-09-04 00:50:00, 0.0, None 
 48.76, -124.66, 20.0, 2012-09-04 00:52:30, 0.0, None 
 49.0, -124.77, 20.0, 2012-09-04 00:52:30, 0.0, None 
 48.73, -124.645, 20.0, 2012-09-04 00:55:00, 0.0, None 
 48.97, -124.76, 60.0, 2012-09-04 00:57:30, 0.0, None 
 48.925, -124.775, 22.5, 2012-09-04 01:00:00, 0.0, None 
 48.91, -124.69, 32.5, 2012-09-04 01:02:30, 0.0, None 
 48.935, -124.588, 20.8, 2012-09-04 01:05:00, 0.0, None 
 49.0, -124.56, 20.0, 2012-09-04 01:07:30, 0.0, None 
 48.96, -124.525, 60.0, 2012-09-04 01:10:00, 0.0, None 
 48.925, -124.745, 36.5, 2012-09-04 01:12:30, 0.0, None 
 48.9, -124.48, 60.0, 2012-09-04 01:15:00, 0.0, None 
 48.96, -124.59, 20.0, 2012-09-04 01:17:30, 0.0, None 
 48.87, -124.7, 20.0, 2012-09-04 01:27:30, 0.0, None 
 48.91, -124.82, 20.0, 2012-09-04 01:32:30, 0.0, None 
 48.835, -124.7, 24.8, 2012-09-04 01:35:00, 0.0, None 
 48.69, -124.58, 60.0, 2012-09-04 01:37:30, 0.0, None 
 48.78, -124.785, 36.0, 2012-09-04 01:42:30, 0.0, None 
 48.96, -124.615, 60.0, 2012-09-04 01:45:00, 0.0, None 
 49.0, -124.81, 36.0, 2012-09-04 02:25:00, 0.0, None 
 48.985, -124.76299999999999, 25.2, 2012-09-04 02:30:00, 0.0, None 
 48.95, -124.725, 25.8, 2012-09-04 02:32:30, 0.0, None 
 48.98, -124.7, 60.0, 2012-09-04 02:57:30, 0.0, None 
 48.97, -124.42, 20.0, 2012-09-04 03:17:30, 0.0, None 
 48.87, -124.29, 30.0, 2012-09-04 03:20:00, 0.0, None 
 48.847, -124.695, 60.0, 2012-09-04 03:25:00, 0.0, None 
 48.965, -124.67, 44.0, 2012-09-04 03:32:30, 0.0, None 
 48.965, -124.785, 32.2, 2012-09-04 03:52:30, 0.0, None 
 48.895, -124.755, 37.0, 2012-09-04 04:32:30, 0.0, None 
 48.8, -124.64, 35.0, 2012-09-04 04:42:30, 0.0, None 
 48.98, -124.74, 29.5, 2012-09-04 04:55:00, 0.0, None 
 48.89, -124.54, 21.5, 2012-09-04 05:17:30, 0.0, None 
 48.91, -124.51, 30.0, 2012-09-04 05:25:00, 0.0, None 
 48.955, -124.8, 26.2, 2012-09-04 05:47:30, 0.0, None 
 48.983000000000004, -124.81200000000001, 25.8, 2012-09-04 05:50:00, 0.0, None 
 48.913000000000004, -124.79700000000001, 28.0, 2012-09-04 05:52:30, 0.0, None 
 48.96, -124.83200000000001, 30.2, 2012-09-04 05:55:00, 0.0, None 
 48.985, -124.82799999999999, 33.0, 2012-09-04 05:57:30, 0.0, None 
 48.745, -124.61, 29.0, 2012-09-04 06:10:00, 0.0, None 
 48.958, -124.855, 20.0, 2012-09-04 06:17:30, 0.0, None 
 48.998000000000005, -124.945, 35.5, 2012-09-04 06:47:30, 0.0, None 
 48.84, -124.795, 60.0, 2012-09-04 07:07:30, 0.0, None 
 48.82, -124.86, 35.0, 2012-09-04 07:15:00, 0.0, None 
 48.99, -124.9, 26.0, 2012-09-04 07:40:00, 0.0, None 
 48.95, -124.36, 22.5, 2012-09-04 08:32:30, 0.0, None 
 48.98, -124.685, 21.0, 2012-09-04 08:42:30, 0.0, None 
 48.94, -124.7, 57.0, 2012-09-04 08:52:30, 0.0, None 
 48.94, -124.37, 20.0, 2012-09-04 09:45:00, 0.0, None 
 49.0, -124.33, 28.0, 2012-09-04 09:52:30, 0.0, None 
 48.99, -125.025, 23.5, 2012-09-04 10:07:30, 0.0, None 
 48.975, -124.43, 28.0, 2012-09-04 10:40:00, 0.0, None 
 48.89, -124.33, 50.0, 2012-09-04 11:00:00, 0.0, None 
 49.0, -124.3, 20.0, 2012-09-04 11:02:30, 0.0, None 
 48.93, -124.47, 24.0, 2012-09-04 11:05:00, 0.0, None 
 48.84, -124.585, 53.0, 2012-09-04 11:07:30, 0.0, None 
 48.87, -124.7, 55.0, 2012-09-04 11:12:30, 0.0, None 
 48.97, -124.87, 43.0, 2012-09-04 11:20:00, 0.0, None 
 48.75, -124.21, 34.0, 2012-09-04 11:42:30, 0.0, None 
 48.99, -124.36, 24.0, 2012-09-04 11:42:30, 0.0, None 
 48.93, -124.385, 27.0, 2012-09-04 11:45:00, 0.0, None 
 48.75, -124.19, 24.0, 2012-09-04 11:47:30, 0.0, None 
 49.0, -124.44, 23.0, 2012-09-04 11:47:30, 0.0, None 
 48.94, -124.415, 33.0, 2012-09-04 11:55:00, 0.0, None 
 48.99, -124.49, 34.0, 2012-09-04 11:57:30, 0.0, None 
 48.81, -124.22, 60.0, 2012-09-04 12:02:30, 0.0, None 
 48.96, -124.425, 22.0, 2012-09-04 12:05:00, 0.0, None 
 49.0, -124.485, 20.0, 2012-09-04 12:12:30, 0.0, None 
 49.0, -124.46, 20.5, 2012-09-04 12:15:00, 0.0, None 
 48.91, -124.59, 20.0, 2012-09-04 12:25:00, 0.0, None 
 48.97, -124.85, 49.5, 2012-09-04 12:47:30, 0.0, None 
 48.99, -124.8, 31.5, 2012-09-04 13:57:30, 0.0, None 
 48.98, -124.84, 24.5, 2012-09-04 14:00:00, 0.0, None 
 48.98, -124.85, 33.5, 2012-09-04 14:05:00, 0.0, None 
 49.0, -124.73, 29.0, 2012-09-04 14:17:30, 0.0, None 
 48.99, -124.63, 28.0, 2012-09-04 14:20:00, 0.0, None 
 48.885, -124.365, 60.0, 2012-09-04 14:40:00, 0.0, None 
 48.99, -124.765, 20.0, 2012-09-04 14:50:00, 0.0, None 
 48.915, -124.80799999999999, 30.8, 2012-09-04 14:52:30, 0.0, None 
 48.98, -124.795, 60.0, 2012-09-04 14:57:30, 0.0, None 
 48.855, -124.725, 20.0, 2012-09-04 15:00:00, 0.0, None 
 48.9, -124.745, 21.5, 2012-09-04 15:02:30, 0.0, None 
 48.99, -124.4, 45.0, 2012-09-04 15:22:30, 0.0, None 
 48.91, -124.49, 31.0, 2012-09-04 15:27:30, 0.0, None 
 49.0, -124.6, 20.0, 2012-09-04 15:30:00, 0.0, None 
 48.925, -124.33, 39.0, 2012-09-04 15:32:30, 0.0, None 
 48.785, -124.76, 34.0, 2012-09-04 15:35:00, 0.0, None 
 48.986999999999995, -124.523, 20.5, 2012-09-04 15:42:30, 0.0, None 
 48.98, -124.9, 20.0, 2012-09-04 16:07:30, 0.0, None 
 48.96, -124.31, 31.0, 2012-09-04 16:42:30, 0.0, None 
 48.8, -124.57, 51.0, 2012-09-04 16:45:00, 0.0, None 
 49.0, -124.8, 55.0, 2012-09-04 20:00:00, 0.0, None 
 48.89, -124.49, 49.0, 2012-09-04 21:00:00, 0.0, None 
 48.9, -124.4, 45.0, 2012-09-04 21:02:30, 0.0, None 
 48.995, -124.34, 20.0, 2012-09-04 21:12:30, 0.0, None 
 48.79, -124.59, 43.0, 2012-09-04 22:37:30, 0.0, None 
 48.925, -124.575, 57.0, 2012-09-04 22:42:30, 0.0, None 
 48.895, -124.52, 31.0, 2012-09-05 00:30:00, 0.0, None 
 48.58, -124.09, 27.0, 2012-09-05 01:02:30, 0.0, None 
 48.74, -124.375, 20.0, 2012-09-05 01:45:00, 0.0, None 
 48.91, -124.38, 20.0, 2012-09-05 02:27:30, 0.0, None 
 48.79, -124.34, 42.0, 2012-09-05 02:37:30, 0.0, None 
 48.62, -124.11, 50.5, 2012-09-05 02:42:30, 0.0, None 
 48.73, -124.31, 60.0, 2012-09-05 02:57:30, 0.0, None 
 48.98, -124.77, 39.0, 2012-09-05 03:02:30, 0.0, None 
 48.95, -124.8, 20.0, 2012-09-05 03:15:00, 0.0, None 
 48.935, -124.67, 40.5, 2012-09-05 03:20:00, 0.0, None 
 48.96, -124.52, 36.5, 2012-09-05 03:22:30, 0.0, None 
 48.992, -124.545, 27.0, 2012-09-05 03:25:00, 0.0, None 
 48.9, -124.71, 33.0, 2012-09-05 03:27:30, 0.0, None 
 48.82, -124.69, 20.0, 2012-09-05 03:30:00, 0.0, None 
 48.91, -124.68, 34.5, 2012-09-05 03:42:30, 0.0, None 
 48.82, -124.29, 20.0, 2012-09-05 03:50:00, 0.0, None 
 48.755, -124.37700000000001, 40.0, 2012-09-05 04:02:30, 0.0, None 
 48.91, -124.5, 27.0, 2012-09-05 04:05:00, 0.0, None 
 48.89, -124.57, 40.0, 2012-09-05 04:10:00, 0.0, None 
 48.76, -124.68, 20.0, 2012-09-05 04:12:30, 0.0, None 
 48.99, -124.77, 20.0, 2012-09-05 04:12:30, 0.0, None 
 48.88, -124.71799999999999, 21.8, 2012-09-05 04:15:00, 0.0, None 
 48.99, -124.86, 36.0, 2012-09-05 04:17:30, 0.0, None 
 48.65, -124.165, 58.5, 2012-09-05 04:20:00, 0.0, None 
 48.903, -124.73299999999999, 20.0, 2012-09-05 04:22:30, 0.0, None 
 48.882, -124.77, 24.5, 2012-09-05 04:25:00, 0.0, None 
 48.71, -124.26, 20.0, 2012-09-05 04:30:00, 0.0, None 
 48.965, -124.5, 26.5, 2012-09-05 04:40:00, 0.0, None 
 48.985, -124.545, 26.0, 2012-09-05 04:42:30, 0.0, None 
 48.957, -124.56, 35.0, 2012-09-05 04:45:00, 0.0, None 
 48.89, -124.36, 20.0, 2012-09-05 05:00:00, 0.0, None 
 48.805, -124.385, 33.5, 2012-09-05 05:07:30, 0.0, None 
 48.821999999999996, -124.425, 51.5, 2012-09-05 05:10:00, 0.0, None 
 48.835, -124.395, 48.0, 2012-09-05 05:32:30, 0.0, None 
 48.858000000000004, -124.455, 37.0, 2012-09-05 05:35:00, 0.0, None 
 48.83, -124.46, 27.5, 2012-09-05 05:37:30, 0.0, None 
 48.87, -124.5, 48.0, 2012-09-05 05:40:00, 0.0, None 
 48.72, -124.265, 50.0, 2012-09-05 05:57:30, 0.0, None 
 48.94, -124.61, 20.0, 2012-09-05 06:00:00, 0.0, None 
 48.765, -124.39, 28.0, 2012-09-05 06:00:00, 0.0, None 
 48.89, -124.45, 40.0, 2012-09-05 06:02:30, 0.0, None 
 48.89, -124.395, 20.0, 2012-09-05 06:05:00, 0.0, None 
 48.88, -124.49, 31.5, 2012-09-05 06:07:30, 0.0, None 
 48.84, -124.45299999999999, 26.2, 2012-09-05 06:10:00, 0.0, None 
 48.735, -124.38, 29.5, 2012-09-05 06:12:30, 0.0, None 
 48.945, -124.56, 60.0, 2012-09-05 06:15:00, 0.0, None 
 48.785, -124.262, 47.5, 2012-09-05 06:20:00, 0.0, None 
 48.83, -124.37, 60.0, 2012-09-05 06:22:30, 0.0, None 
 48.975, -124.66, 60.0, 2012-09-05 06:25:00, 0.0, None 
 48.91, -124.41, 60.0, 2012-09-05 06:27:30, 0.0, None 
 48.91, -124.52, 38.0, 2012-09-05 06:30:00, 0.0, None 
 49.0, -124.57, 60.0, 2012-09-05 06:32:30, 0.0, None 
 48.9, -124.31, 35.0, 2012-09-05 06:35:00, 0.0, None 
 48.722, -124.27, 60.0, 2012-09-05 06:40:00, 0.0, None 
 48.76, -124.235, 56.5, 2012-09-05 06:42:30, 0.0, None 
 48.836999999999996, -124.35, 36.0, 2012-09-05 06:45:00, 0.0, None 
 48.82, -124.53, 20.0, 2012-09-05 06:50:00, 0.0, None 
 48.84, -124.52, 20.0, 2012-09-05 06:52:30, 0.0, None 
 48.772, -124.305, 22.0, 2012-09-05 06:55:00, 0.0, None 
 48.805, -124.41, 33.0, 2012-09-05 06:57:30, 0.0, None 
 48.79, -124.34, 39.0, 2012-09-05 07:00:00, 0.0, None 
 48.725, -124.34, 43.2, 2012-09-05 07:02:30, 0.0, None 
 48.745, -124.415, 25.5, 2012-09-05 07:05:00, 0.0, None 
 48.83, -124.52, 29.0, 2012-09-05 07:07:30, 0.0, None 
 48.9, -124.4, 42.0, 2012-09-05 07:12:30, 0.0, None 
 48.9, -124.36, 47.0, 2012-09-05 07:15:00, 0.0, None 
 48.86, -124.38, 31.0, 2012-09-05 07:17:30, 0.0, None 
 48.86, -124.38, 27.0, 2012-09-05 07:20:00, 0.0, None 
 48.815, -124.36, 20.0, 2012-09-05 07:40:00, 0.0, None 
 48.74, -124.21, 20.0, 2012-09-05 07:42:30, 0.0, None 
 48.77, -124.44, 30.0, 2012-09-05 07:45:00, 0.0, None 
 48.8, -124.338, 42.5, 2012-09-05 07:47:30, 0.0, None 
 48.91, -124.38, 39.5, 2012-09-05 07:52:30, 0.0, None 
 48.63, -124.13, 60.0, 2012-09-05 07:52:30, 0.0, None 
 48.883, -124.355, 20.0, 2012-09-05 07:55:00, 0.0, None 
 48.815, -124.375, 60.0, 2012-09-05 07:57:30, 0.0, None 
 48.87, -124.428, 21.5, 2012-09-05 08:00:00, 0.0, None 
 48.89, -124.51, 33.0, 2012-09-05 08:02:30, 0.0, None 
 48.72, -124.31, 20.0, 2012-09-05 08:07:30, 0.0, None 
 48.81, -124.13, 20.0, 2012-09-05 08:12:30, 0.0, None 
 48.73, -124.15, 32.0, 2012-09-05 08:20:00, 0.0, None 
 48.93, -124.42, 60.0, 2012-09-05 08:22:30, 0.0, None 
 48.815, -124.2, 29.0, 2012-09-05 08:25:00, 0.0, None 
 48.88, -124.21, 20.0, 2012-09-05 08:27:30, 0.0, None 
 48.925, -124.37, 35.5, 2012-09-05 08:32:30, 0.0, None 
 48.73, -124.13, 29.0, 2012-09-05 08:32:30, 0.0, None 
 48.77, -124.20299999999999, 26.0, 2012-09-05 08:35:00, 0.0, None 
 48.885, -124.32, 24.0, 2012-09-05 08:37:30, 0.0, None 
 48.86, -124.4, 28.0, 2012-09-05 08:40:00, 0.0, None 
 48.83, -124.435, 23.5, 2012-09-05 08:42:30, 0.0, None 
 48.81, -124.46, 24.0, 2012-09-05 08:45:00, 0.0, None 
 48.76, -124.47, 20.0, 2012-09-05 08:47:30, 0.0, None 
 48.76, -124.46, 26.0, 2012-09-05 08:50:00, 0.0, None 
 48.79, -124.265, 55.0, 2012-09-05 08:57:30, 0.0, None 
 48.885, -124.365, 21.2, 2012-09-05 09:00:00, 0.0, None 
 48.82, -124.29, 33.0, 2012-09-05 09:02:30, 0.0, None 
 48.68, -123.96, 60.0, 2012-09-05 09:02:30, 0.0, None 
 48.873000000000005, -124.40700000000001, 40.8, 2012-09-05 09:05:00, 0.0, None 
 48.86, -124.41799999999999, 40.0, 2012-09-05 09:07:30, 0.0, None 
 48.795, -124.40700000000001, 34.2, 2012-09-05 09:10:00, 0.0, None 
 48.88, -124.495, 53.0, 2012-09-05 09:12:30, 0.0, None 
 48.82, -124.415, 20.0, 2012-09-05 09:15:00, 0.0, None 
 48.875, -124.507, 26.1, 2012-09-05 09:17:30, 0.0, None 
 48.8, -124.44, 20.2, 2012-09-05 09:20:00, 0.0, None 
 48.84, -124.26, 29.0, 2012-09-05 09:22:30, 0.0, None 
 48.853, -124.419, 22.2, 2012-09-05 09:25:00, 0.0, None 
 48.867, -124.368, 27.0, 2012-09-05 09:27:30, 0.0, None 
 48.88, -124.285, 34.5, 2012-09-05 09:30:00, 0.0, None 
 48.77, -124.213, 29.0, 2012-09-05 09:32:30, 0.0, None 
 48.99, -125.03, 52.0, 2012-09-05 09:35:00, 0.0, None 
 48.84, -124.37, 39.0, 2012-09-05 09:37:30, 0.0, None 
 48.838, -124.345, 32.0, 2012-09-05 09:40:00, 0.0, None 
 48.84, -124.41, 29.0, 2012-09-05 09:42:30, 0.0, None 
 48.75, -124.353, 22.0, 2012-09-05 09:45:00, 0.0, None 
 48.885, -124.46, 30.5, 2012-09-05 09:47:30, 0.0, None 
 48.86, -124.38, 43.0, 2012-09-05 09:50:00, 0.0, None 
 48.83, -124.43299999999999, 35.0, 2012-09-05 09:52:30, 0.0, None 
 48.8, -124.28, 60.0, 2012-09-05 10:07:30, 0.0, None 
 48.83, -124.465, 60.0, 2012-09-05 10:10:00, 0.0, None 
 48.895, -124.46, 45.5, 2012-09-05 10:15:00, 0.0, None 
 48.861999999999995, -124.385, 49.8, 2012-09-05 10:17:30, 0.0, None 
 48.803000000000004, -124.33, 46.0, 2012-09-05 10:20:00, 0.0, None 
 48.825, -124.35, 37.0, 2012-09-05 10:22:30, 0.0, None 
 48.78, -124.37, 26.5, 2012-09-05 10:25:00, 0.0, None 
 48.9, -124.7, 51.0, 2012-09-05 10:37:30, 0.0, None 
 48.865, -124.37, 20.0, 2012-09-05 10:42:30, 0.0, None 
 48.876999999999995, -124.385, 26.0, 2012-09-05 10:45:00, 0.0, None 
 48.88, -124.37299999999999, 24.8, 2012-09-05 10:47:30, 0.0, None 
 48.93, -124.36, 20.0, 2012-09-05 10:50:00, 0.0, None 
 48.99, -124.28, 55.0, 2012-09-05 10:52:30, 0.0, None 
 48.815, -124.37, 38.5, 2012-09-05 10:55:00, 0.0, None 
 49.0, -124.795, 60.0, 2012-09-05 10:57:30, 0.0, None 
 48.975, -124.91, 39.5, 2012-09-05 11:00:00, 0.0, None 
 48.86, -124.52, 47.5, 2012-09-05 11:12:30, 0.0, None 
 48.805, -124.31, 43.2, 2012-09-05 11:15:00, 0.0, None 
 48.89, -124.33, 60.0, 2012-09-05 11:45:00, 0.0, None 
 48.89, -124.48, 46.0, 2012-09-05 11:47:30, 0.0, None 
 48.845, -124.43799999999999, 47.0, 2012-09-05 11:50:00, 0.0, None 
 49.0, -124.37, 35.0, 2012-09-05 11:55:00, 0.0, None 
 48.69, -124.22, 60.0, 2012-09-05 12:00:00, 0.0, None 
 48.91, -124.43, 33.0, 2012-09-05 12:02:30, 0.0, None 
 48.91, -124.425, 32.5, 2012-09-05 12:05:00, 0.0, None 
 48.8, -124.53, 34.0, 2012-09-05 12:10:00, 0.0, None 
 48.89, -124.48, 40.0, 2012-09-05 12:12:30, 0.0, None 
 48.84, -124.335, 31.5, 2012-09-05 12:15:00, 0.0, None 
 48.82, -124.44, 30.0, 2012-09-05 12:17:30, 0.0, None 
 48.945, -124.445, 42.4, 2012-09-05 12:22:30, 0.0, None 
 48.92, -124.44, 55.0, 2012-09-05 12:25:00, 0.0, None 
 48.97, -124.3, 40.0, 2012-09-05 12:27:30, 0.0, None 
 48.7, -124.16, 31.0, 2012-09-05 12:27:30, 0.0, None 
 48.71, -123.95, 20.0, 2012-09-05 12:35:00, 0.0, None 
 48.91, -124.6, 42.5, 2012-09-05 12:40:00, 0.0, None 
 48.975, -124.47, 27.5, 2012-09-05 12:42:30, 0.0, None 
 48.965, -124.525, 42.0, 2012-09-05 12:47:30, 0.0, None 
 48.955, -124.595, 21.5, 2012-09-05 12:50:00, 0.0, None 
 48.97, -124.59, 20.0, 2012-09-05 12:52:30, 0.0, None 
 48.88, -124.53, 20.0, 2012-09-05 12:55:00, 0.0, None 
 48.79, -124.455, 60.0, 2012-09-05 12:57:30, 0.0, None 
 48.99, -124.725, 51.5, 2012-09-05 13:37:30, 0.0, None 
 48.88, -124.4, 33.0, 2012-09-05 13:52:30, 0.0, None 
 48.81, -124.4, 30.5, 2012-09-05 14:00:00, 0.0, None 
 48.99, -124.33, 41.0, 2012-09-05 14:05:00, 0.0, None 
 49.0, -124.98, 60.0, 2012-09-05 14:47:30, 0.0, None 
 48.89, -124.76, 49.0, 2012-09-05 15:10:00, 0.0, None 
 49.0, -124.42, 53.0, 2012-09-05 15:20:00, 0.0, None 
 49.0, -125.02, 26.0, 2012-09-05 15:25:00, 0.0, None 
 48.985, -125.01, 22.0, 2012-09-05 15:27:30, 0.0, None 
 48.82, -124.41, 31.5, 2012-09-05 16:02:30, 0.0, None 
 48.91, -124.38, 34.0, 2012-09-05 16:05:00, 0.0, None 
 48.69, -123.87, 20.0, 2012-09-05 16:05:00, 0.0, None 
 48.93, -124.33, 26.0, 2012-09-05 16:07:30, 0.0, None 
 48.84, -124.35, 36.0, 2012-09-05 16:10:00, 0.0, None 
 48.8, -124.37, 43.0, 2012-09-05 16:12:30, 0.0, None 
 49.0, -124.32, 39.0, 2012-09-05 16:20:00, 0.0, None 
 49.0, -124.17, 24.0, 2012-09-05 16:22:30, 0.0, None 
 48.76, -124.51, 60.0, 2012-09-05 17:17:30, 0.0, None 
 48.91, -124.54, 32.0, 2012-09-05 17:20:00, 0.0, None 
 48.93, -124.56, 28.0, 2012-09-05 17:22:30, 0.0, None 
 48.83, -124.305, 29.5, 2012-09-05 17:37:30, 0.0, None 
 48.82, -124.33, 23.0, 2012-09-05 17:40:00, 0.0, None 
 48.71, -123.96, 20.0, 2012-09-05 17:40:00, 0.0, None 
 48.77, -124.48, 30.0, 2012-09-05 17:45:00, 0.0, None 
 48.91, -124.59299999999999, 20.0, 2012-09-05 17:47:30, 0.0, None 
 48.907, -124.64299999999999, 23.5, 2012-09-05 17:50:00, 0.0, None 
 48.83, -124.48, 25.0, 2012-09-05 17:52:30, 0.0, None 
 48.745, -124.52, 34.0, 2012-09-05 17:55:00, 0.0, None 
 48.78, -124.54, 42.0, 2012-09-05 17:57:30, 0.0, None 
 48.82, -124.51, 40.0, 2012-09-05 18:05:00, 0.0, None 
 48.667, -124.445, 24.5, 2012-09-05 18:07:30, 0.0, None 
 48.765, -124.525, 21.2, 2012-09-05 18:10:00, 0.0, None 
 48.76, -124.5, 20.0, 2012-09-05 18:12:30, 0.0, None 
 48.775, -124.53, 26.5, 2012-09-05 18:15:00, 0.0, None 
 48.75, -124.535, 20.0, 2012-09-05 18:17:30, 0.0, None 
 48.81, -124.5, 21.8, 2012-09-05 18:20:00, 0.0, None 
 48.77, -124.49, 22.0, 2012-09-05 18:22:30, 0.0, None 
 48.71, -124.45, 31.0, 2012-09-05 18:27:30, 0.0, None 
 48.8, -124.41, 40.0, 2012-09-05 18:30:00, 0.0, None 
 48.84, -124.39, 39.5, 2012-09-05 18:32:30, 0.0, None 
 48.86, -124.37, 46.0, 2012-09-05 18:35:00, 0.0, None 
 48.68, -123.93, 60.0, 2012-09-05 18:35:00, 0.0, None 
 48.85, -124.42, 37.5, 2012-09-05 18:40:00, 0.0, None 
 48.85, -124.43, 38.0, 2012-09-05 18:42:30, 0.0, None 
 48.745, -124.455, 26.0, 2012-09-05 19:07:30, 0.0, None 
 48.83, -124.465, 24.5, 2012-09-05 19:10:00, 0.0, None 
 48.9, -124.3, 42.5, 2012-09-05 19:17:30, 0.0, None 
 48.88, -124.28, 26.0, 2012-09-05 19:25:00, 0.0, None 
 48.905, -124.3, 31.5, 2012-09-05 19:27:30, 0.0, None 
 48.915, -124.3, 38.5, 2012-09-05 19:30:00, 0.0, None 
 48.97, -124.44, 41.0, 2012-09-05 19:50:00, 0.0, None 
 48.74, -124.43, 41.5, 2012-09-05 20:02:30, 0.0, None 
 48.93, -124.545, 40.0, 2012-09-05 20:07:30, 0.0, None 
 48.77, -124.41, 45.0, 2012-09-05 20:15:00, 0.0, None 
 48.675, -124.435, 49.0, 2012-09-05 20:25:00, 0.0, None 
 48.705, -124.41, 48.0, 2012-09-05 20:27:30, 0.0, None 
 48.835, -124.375, 43.0, 2012-09-05 20:30:00, 0.0, None 
 48.812, -124.415, 42.8, 2012-09-05 20:32:30, 0.0, None 
 48.8, -124.3, 40.0, 2012-09-05 20:40:00, 0.0, None 
 48.85, -124.31, 20.0, 2012-09-05 20:42:30, 0.0, None 
 48.89, -124.37, 34.0, 2012-09-05 20:45:00, 0.0, None 
 48.82, -124.43, 35.0, 2012-09-05 20:47:30, 0.0, None 
 48.93, -124.22, 28.0, 2012-09-05 21:15:00, 0.0, None 
 48.983000000000004, -124.45, 26.2, 2012-09-05 21:20:00, 0.0, None 
 48.9, -124.37, 33.0, 2012-09-05 21:22:30, 0.0, None 
 48.835, -124.29, 38.5, 2012-09-05 21:42:30, 0.0, None 
 48.8, -124.17, 46.5, 2012-09-05 21:55:00, 0.0, None 
 48.98, -124.2, 26.0, 2012-09-05 22:10:00, 0.0, None 
 49.0, -124.12, 25.0, 2012-09-05 22:12:30, 0.0, None 
 48.94, -124.37, 20.0, 2012-09-05 22:15:00, 0.0, None 
 48.93, -124.505, 55.0, 2012-09-05 22:22:30, 0.0, None 
 48.9, -124.21, 34.0, 2012-09-05 23:02:30, 0.0, None 
 48.91, -124.26, 37.0, 2012-09-05 23:05:00, 0.0, None 
 48.93, -124.71, 32.0, 2012-09-05 23:17:30, 0.0, None 
 48.71, -123.88, 20.0, 2012-09-05 23:27:30, 0.0, None 
 48.86, -124.39, 20.0, 2012-09-05 23:35:00, 0.0, None 
 48.8, -124.21, 52.0, 2012-09-05 23:45:00, 0.0, None 
 48.77, -124.19, 50.0, 2012-09-05 23:47:30, 0.0, None 
 48.808, -124.24, 48.2, 2012-09-05 23:52:30, 0.0, None 
 48.8, -124.3, 38.5, 2012-09-05 23:55:00, 0.0, None 
 48.93, -124.5, 60.0, 2012-09-06 00:00:00, 0.0, None 
 48.63, -123.93, 20.0, 2012-09-06 00:02:30, 0.0, None 
 48.94, -124.22, 31.5, 2012-09-06 00:12:30, 0.0, None 
 48.93, -124.215, 20.5, 2012-09-06 00:15:00, 0.0, None 
 48.935, -124.23, 20.0, 2012-09-06 00:17:30, 0.0, None 
 48.6, -123.98, 47.5, 2012-09-06 00:17:30, 0.0, None 
 48.64, -124.0, 20.0, 2012-09-06 00:20:00, 0.0, None 
 48.98, -124.51, 60.0, 2012-09-06 00:25:00, 0.0, None 
 48.965, -124.26, 30.0, 2012-09-06 00:27:30, 0.0, None 
 48.955, -124.273, 32.8, 2012-09-06 00:30:00, 0.0, None 
 48.78, -124.4, 46.5, 2012-09-06 00:32:30, 0.0, None 
 48.883, -124.48700000000001, 34.5, 2012-09-06 00:35:00, 0.0, None 
 48.795, -124.31, 59.2, 2012-09-06 00:37:30, 0.0, None 
 48.845, -124.42200000000001, 29.0, 2012-09-06 00:40:00, 0.0, None 
 48.88, -124.42, 35.0, 2012-09-06 00:42:30, 0.0, None 
 48.82, -124.5, 41.0, 2012-09-06 00:45:00, 0.0, None 
 48.885, -124.38, 35.5, 2012-09-06 00:50:00, 0.0, None 
 48.62, -124.0, 24.5, 2012-09-06 00:50:00, 0.0, None 
 48.85, -124.38, 24.5, 2012-09-06 00:52:30, 0.0, None 
 48.9, -124.47, 60.0, 2012-09-06 00:57:30, 0.0, None 
 48.92, -124.335, 20.0, 2012-09-06 01:05:00, 0.0, None 
 48.885, -124.415, 34.5, 2012-09-06 01:07:30, 0.0, None 
 48.88, -124.445, 28.5, 2012-09-06 01:10:00, 0.0, None 
 48.81, -124.41, 47.0, 2012-09-06 01:12:30, 0.0, None 
 48.925, -124.2, 43.5, 2012-09-06 01:20:00, 0.0, None 
 48.9, -124.19, 28.0, 2012-09-06 01:22:30, 0.0, None 
 48.895, -124.355, 20.0, 2012-09-06 01:25:00, 0.0, None 
 48.89, -124.25, 32.0, 2012-09-06 01:30:00, 0.0, None 
 48.85, -124.31, 50.0, 2012-09-06 01:32:30, 0.0, None 
 48.82, -124.31, 39.0, 2012-09-06 01:35:00, 0.0, None 
 48.87, -124.39, 45.5, 2012-09-06 01:37:30, 0.0, None 
 48.8, -124.53, 50.0, 2012-09-06 01:40:00, 0.0, None 
 48.845, -124.38, 39.0, 2012-09-06 01:42:30, 0.0, None 
 48.61, -124.09, 60.0, 2012-09-06 01:47:30, 0.0, None 
 48.9, -124.285, 40.5, 2012-09-06 02:05:00, 0.0, None 
 48.91, -124.31, 29.5, 2012-09-06 02:07:30, 0.0, None 
 48.92, -124.065, 20.0, 2012-09-06 02:15:00, 0.0, None 
 48.88, -124.225, 31.0, 2012-09-06 02:17:30, 0.0, None 
 48.8, -124.26, 34.0, 2012-09-06 02:20:00, 0.0, None 
 48.7, -124.41, 40.0, 2012-09-06 02:22:30, 0.0, None 
 48.81, -124.29, 30.0, 2012-09-06 02:32:30, 0.0, None 
 48.97, -124.55, 41.0, 2012-09-06 02:35:00, 0.0, None 
 48.821999999999996, -124.36, 26.8, 2012-09-06 02:35:00, 0.0, None 
 48.84, -124.44, 27.5, 2012-09-06 02:37:30, 0.0, None 
 48.77, -124.335, 38.0, 2012-09-06 02:40:00, 0.0, None 
 48.74, -124.38, 31.0, 2012-09-06 02:42:30, 0.0, None 
 48.9, -124.425, 57.0, 2012-09-06 02:45:00, 0.0, None 
 48.9, -124.33, 44.0, 2012-09-06 02:47:30, 0.0, None 
 48.92, -124.215, 30.0, 2012-09-06 02:50:00, 0.0, None 
 48.961999999999996, -124.42299999999999, 40.0, 2012-09-06 02:52:30, 0.0, None 
 48.89, -124.315, 60.0, 2012-09-06 02:57:30, 0.0, None 
 48.93, -124.25, 38.5, 2012-09-06 03:00:00, 0.0, None 
 48.9, -124.335, 27.0, 2012-09-06 03:02:30, 0.0, None 
 48.725, -124.085, 20.0, 2012-09-06 03:02:30, 0.0, None 
 48.85, -124.31, 35.0, 2012-09-06 03:05:00, 0.0, None 
 48.695, -123.765, 20.0, 2012-09-06 03:12:30, 0.0, None 
 48.865, -124.47, 39.5, 2012-09-06 03:52:30, 0.0, None 
 48.86, -124.37, 60.0, 2012-09-06 03:55:00, 0.0, None 
 48.645, -124.3, 20.0, 2012-09-06 04:02:30, 0.0, None 
 48.62, -123.82, 60.0, 2012-09-06 04:05:00, 0.0, None 
 48.71, -124.68, 60.0, 2012-09-06 04:17:30, 0.0, None 
 48.82, -124.295, 47.5, 2012-09-06 04:20:00, 0.0, None 
 48.92, -124.41, 20.0, 2012-09-06 04:22:30, 0.0, None 
 48.845, -124.325, 41.2, 2012-09-06 04:25:00, 0.0, None 
 48.84, -124.32799999999999, 44.2, 2012-09-06 04:27:30, 0.0, None 
 48.81, -124.27, 20.0, 2012-09-06 04:30:00, 0.0, None 
 48.87, -124.37299999999999, 27.5, 2012-09-06 04:32:30, 0.0, None 
 48.903, -124.395, 25.8, 2012-09-06 04:35:00, 0.0, None 
 48.905, -124.41, 25.5, 2012-09-06 04:37:30, 0.0, None 
 48.87, -124.285, 26.0, 2012-09-06 04:45:00, 0.0, None 
 48.88, -124.28, 24.0, 2012-09-06 04:47:30, 0.0, None 
 48.815, -124.40299999999999, 23.1, 2012-09-06 04:50:00, 0.0, None 
 48.84, -124.5, 60.0, 2012-09-06 04:57:30, 0.0, None 
 48.8, -124.18, 46.0, 2012-09-06 05:00:00, 0.0, None 
 48.81, -124.205, 38.0, 2012-09-06 05:07:30, 0.0, None 
 48.89, -124.425, 20.0, 2012-09-06 05:10:00, 0.0, None 
 48.795, -124.685, 35.0, 2012-09-06 05:12:30, 0.0, None 
 48.86, -124.395, 22.5, 2012-09-06 05:15:00, 0.0, None 
 48.805, -124.35, 41.0, 2012-09-06 05:17:30, 0.0, None 
 48.63, -124.025, 20.0, 2012-09-06 05:17:30, 0.0, None 
 48.765, -124.205, 48.0, 2012-09-06 05:20:00, 0.0, None 
 48.93, -124.4, 60.0, 2012-09-06 05:30:00, 0.0, None 
 48.78, -124.67, 20.0, 2012-09-06 05:35:00, 0.0, None 
 48.79, -124.68, 20.0, 2012-09-06 05:37:30, 0.0, None 
 48.72, -124.725, 42.5, 2012-09-06 05:40:00, 0.0, None 
 49.0, -124.83, 20.0, 2012-09-06 05:45:00, 0.0, None 
 48.735, -124.64, 31.0, 2012-09-06 05:47:30, 0.0, None 
 48.815, -124.635, 20.0, 2012-09-06 05:50:00, 0.0, None 
 48.89, -124.69200000000001, 20.0, 2012-09-06 05:55:00, 0.0, None 
 49.0, -124.665, 42.0, 2012-09-06 06:00:00, 0.0, None 
 48.57, -124.12, 60.0, 2012-09-06 06:00:00, 0.0, None 
 48.797, -124.406, 40.0, 2012-09-06 06:02:30, 0.0, None 
 48.745, -124.2, 47.5, 2012-09-06 06:05:00, 0.0, None 
 48.8, -124.215, 48.0, 2012-09-06 06:07:30, 0.0, None 
 48.985, -124.48, 27.5, 2012-09-06 06:12:30, 0.0, None 
 48.938, -124.495, 35.5, 2012-09-06 06:15:00, 0.0, None 
 48.965, -124.455, 44.0, 2012-09-06 06:20:00, 0.0, None 
 48.745, -124.2, 20.0, 2012-09-06 06:20:00, 0.0, None 
 48.73, -124.15, 28.0, 2012-09-06 06:22:30, 0.0, None 
 48.93899999999999, -124.447, 34.5, 2012-09-06 06:25:00, 0.0, None 
 48.78, -124.39, 30.5, 2012-09-06 06:27:30, 0.0, None 
 48.955, -124.458, 32.5, 2012-09-06 06:27:30, 0.0, None 
 48.71, -124.34, 60.0, 2012-09-06 06:32:30, 0.0, None 
 48.793, -124.365, 34.2, 2012-09-06 06:35:00, 0.0, None 
 48.82, -124.49, 60.0, 2012-09-06 06:37:30, 0.0, None 
 48.773, -124.19200000000001, 56.5, 2012-09-06 06:40:00, 0.0, None 
 48.76, -124.31, 40.0, 2012-09-06 06:47:30, 0.0, None 
 48.78, -124.31, 20.0, 2012-09-06 06:50:00, 0.0, None 
 48.8, -124.197, 27.5, 2012-09-06 06:52:30, 0.0, None 
 48.77, -124.16, 33.2, 2012-09-06 06:55:00, 0.0, None 
 48.82, -124.22, 44.0, 2012-09-06 06:57:30, 0.0, None 
 48.74, -124.19, 20.0, 2012-09-06 07:00:00, 0.0, None 
 48.78, -124.21, 20.0, 2012-09-06 07:07:30, 0.0, None 
 48.905, -124.37700000000001, 28.5, 2012-09-06 07:10:00, 0.0, None 
 48.875, -124.335, 32.8, 2012-09-06 07:12:30, 0.0, None 
 48.93, -124.39, 45.0, 2012-09-06 07:15:00, 0.0, None 
 48.935, -124.455, 60.0, 2012-09-06 07:17:30, 0.0, None 
 48.72, -124.32, 49.0, 2012-09-06 07:30:00, 0.0, None 
 48.73, -124.35, 50.0, 2012-09-06 07:32:30, 0.0, None 
 48.8, -124.32, 35.5, 2012-09-06 07:35:00, 0.0, None 
 49.0, -124.4, 31.5, 2012-09-06 07:37:30, 0.0, None 
 48.77, -124.19, 60.0, 2012-09-06 07:37:30, 0.0, None 
 48.8, -124.11, 31.0, 2012-09-06 07:45:00, 0.0, None 
 48.7, -124.32, 32.0, 2012-09-06 07:47:30, 0.0, None 
 48.803000000000004, -124.37299999999999, 20.0, 2012-09-06 07:50:00, 0.0, None 
 48.68, -124.37, 20.0, 2012-09-06 07:52:30, 0.0, None 
 48.9, -124.435, 60.0, 2012-09-06 07:55:00, 0.0, None 
 48.89, -124.37, 60.0, 2012-09-06 07:57:30, 0.0, None 
 48.81, -124.3, 24.5, 2012-09-06 08:00:00, 0.0, None 
 48.805, -124.305, 21.8, 2012-09-06 08:02:30, 0.0, None 
 48.77, -124.34700000000001, 25.5, 2012-09-06 08:05:00, 0.0, None 
 48.725, -124.27, 52.5, 2012-09-06 08:07:30, 0.0, None 
 48.736999999999995, -124.115, 34.0, 2012-09-06 08:10:00, 0.0, None 
 48.875, -124.10700000000001, 32.2, 2012-09-06 08:12:30, 0.0, None 
 48.76, -124.185, 30.5, 2012-09-06 08:15:00, 0.0, None 
 48.927, -124.42299999999999, 31.0, 2012-09-06 08:17:30, 0.0, None 
 48.71, -124.31, 20.0, 2012-09-06 08:17:30, 0.0, None 
 48.977, -124.505, 21.0, 2012-09-06 08:20:00, 0.0, None 
 48.69, -124.0, 20.0, 2012-09-06 08:30:00, 0.0, None 
 48.98, -124.54, 20.0, 2012-09-06 08:37:30, 0.0, None 
 48.69, -124.37, 26.0, 2012-09-06 08:37:30, 0.0, None 
 48.89, -124.2, 43.0, 2012-09-06 08:40:00, 0.0, None 
 48.82, -124.213, 21.5, 2012-09-06 08:50:00, 0.0, None 
 48.867, -124.405, 32.0, 2012-09-06 08:52:30, 0.0, None 
 48.72, -124.19, 27.0, 2012-09-06 08:55:00, 0.0, None 
 48.89, -124.52, 42.5, 2012-09-06 08:55:00, 0.0, None 
 48.69, -124.275, 60.0, 2012-09-06 08:57:30, 0.0, None 
 48.97, -124.38, 29.0, 2012-09-06 09:00:00, 0.0, None 
 48.7, -124.31, 23.0, 2012-09-06 09:00:00, 0.0, None 
 48.74, -124.4, 31.0, 2012-09-06 09:05:00, 0.0, None 
 48.79, -124.28, 53.0, 2012-09-06 09:07:30, 0.0, None 
 48.8, -124.06, 43.5, 2012-09-06 09:10:00, 0.0, None 
 48.74, -124.21, 20.0, 2012-09-06 09:15:00, 0.0, None 
 48.74, -124.205, 20.0, 2012-09-06 09:17:30, 0.0, None 
 48.66, -124.27, 31.0, 2012-09-06 09:20:00, 0.0, None 
 48.79, -124.0, 30.0, 2012-09-06 09:27:30, 0.0, None 
 48.83, -124.08, 52.0, 2012-09-06 09:35:00, 0.0, None 
 48.9, -123.905, 20.0, 2012-09-06 09:37:30, 0.0, None 
 48.87, -124.05, 20.0, 2012-09-06 09:40:00, 0.0, None 
 48.775, -124.118, 30.2, 2012-09-06 09:42:30, 0.0, None 
 48.677, -124.26299999999999, 46.8, 2012-09-06 09:45:00, 0.0, None 
 48.727, -124.287, 20.0, 2012-09-06 09:47:30, 0.0, None 
 48.757, -124.245, 29.0, 2012-09-06 09:50:00, 0.0, None 
 48.73, -124.38, 30.0, 2012-09-06 09:52:30, 0.0, None 
 48.99, -124.58, 42.0, 2012-09-06 09:55:00, 0.0, None 
 48.71, -124.185, 60.0, 2012-09-06 09:55:00, 0.0, None 
 48.73, -124.31, 34.5, 2012-09-06 09:57:30, 0.0, None 
 48.71, -124.31, 40.0, 2012-09-06 10:07:30, 0.0, None 
 48.82, -124.07, 47.0, 2012-09-06 10:12:30, 0.0, None 
 48.8, -124.02, 60.0, 2012-09-06 10:15:00, 0.0, None 
 48.91, -124.125, 27.0, 2012-09-06 10:17:30, 0.0, None 
 48.86, -124.06, 33.0, 2012-09-06 10:20:00, 0.0, None 
 48.65, -124.12, 54.0, 2012-09-06 10:22:30, 0.0, None 
 48.95, -124.4, 39.0, 2012-09-06 10:25:00, 0.0, None 
 48.69, -124.2, 20.0, 2012-09-06 10:30:00, 0.0, None 
 48.76, -124.215, 39.0, 2012-09-06 10:32:30, 0.0, None 
 48.74, -124.26, 29.0, 2012-09-06 10:35:00, 0.0, None 
 48.755, -124.175, 41.0, 2012-09-06 10:37:30, 0.0, None 
 48.97, -123.91, 60.0, 2012-09-06 10:42:30, 0.0, None 
 48.836999999999996, -124.27799999999999, 22.5, 2012-09-06 10:50:00, 0.0, None 
 48.805, -124.275, 32.0, 2012-09-06 10:52:30, 0.0, None 
 48.79, -124.22, 60.0, 2012-09-06 10:57:30, 0.0, None 
 48.84, -124.28, 50.0, 2012-09-06 11:00:00, 0.0, None 
 48.74, -124.215, 30.0, 2012-09-06 11:02:30, 0.0, None 
 48.69, -124.22, 60.0, 2012-09-06 11:05:00, 0.0, None 
 48.745, -124.27799999999999, 32.0, 2012-09-06 11:07:30, 0.0, None 
 48.78, -124.31, 54.5, 2012-09-06 11:10:00, 0.0, None 
 48.81, -124.41, 26.0, 2012-09-06 11:15:00, 0.0, None 
 48.8, -124.39, 25.5, 2012-09-06 11:17:30, 0.0, None 
 48.8, -124.37, 31.0, 2012-09-06 11:22:30, 0.0, None 
 48.745, -124.58, 57.0, 2012-09-06 11:25:00, 0.0, None 
 48.665, -124.205, 26.5, 2012-09-06 11:37:30, 0.0, None 
 48.677, -124.243, 32.8, 2012-09-06 11:40:00, 0.0, None 
 48.75, -124.3, 60.0, 2012-09-06 11:45:00, 0.0, None 
 48.92, -124.53, 28.0, 2012-09-06 11:45:00, 0.0, None 
 48.73, -124.39, 54.0, 2012-09-06 11:47:30, 0.0, None 
 48.73, -124.23, 51.0, 2012-09-06 11:57:30, 0.0, None 
 48.875, -124.125, 21.0, 2012-09-06 12:00:00, 0.0, None 
 48.89, -124.34, 20.0, 2012-09-06 12:05:00, 0.0, None 
 48.71, -124.44, 60.0, 2012-09-06 12:07:30, 0.0, None 
 48.98, -124.32, 20.0, 2012-09-06 12:10:00, 0.0, None 
 48.73, -124.225, 39.5, 2012-09-06 12:10:00, 0.0, None 
 48.97, -124.4, 20.0, 2012-09-06 12:12:30, 0.0, None 
 48.765, -124.24, 34.0, 2012-09-06 12:12:30, 0.0, None 
 48.78, -124.23, 34.0, 2012-09-06 12:15:00, 0.0, None 
 48.79, -124.45, 60.0, 2012-09-06 12:17:30, 0.0, None 
 48.745, -124.20700000000001, 28.0, 2012-09-06 12:20:00, 0.0, None 
 48.98, -124.37, 29.0, 2012-09-06 12:22:30, 0.0, None 
 48.795, -124.287, 40.0, 2012-09-06 12:22:30, 0.0, None 
 48.795, -124.27, 33.0, 2012-09-06 12:25:00, 0.0, None 
 48.8, -124.29, 22.5, 2012-09-06 12:27:30, 0.0, None 
 48.85, -124.31, 40.5, 2012-09-06 12:30:00, 0.0, None 
 48.79, -124.4, 36.0, 2012-09-06 12:32:30, 0.0, None 
 48.87, -124.315, 30.8, 2012-09-06 12:37:30, 0.0, None 
 48.875, -124.333, 32.0, 2012-09-06 12:40:00, 0.0, None 
 48.825, -124.1, 41.0, 2012-09-06 12:45:00, 0.0, None 
 48.72, -124.11, 60.0, 2012-09-06 12:52:30, 0.0, None 
 48.89, -124.21, 37.5, 2012-09-06 12:55:00, 0.0, None 
 48.85, -124.06, 30.0, 2012-09-06 13:00:00, 0.0, None 
 48.905, -123.985, 32.0, 2012-09-06 13:02:30, 0.0, None 
 48.88, -124.07, 41.5, 2012-09-06 13:07:30, 0.0, None 
 48.7, -124.24, 32.0, 2012-09-06 13:25:00, 0.0, None 
 48.95, -124.46, 20.0, 2012-09-06 13:27:30, 0.0, None 
 48.806999999999995, -124.28200000000001, 35.0, 2012-09-06 13:27:30, 0.0, None 
 48.7, -124.3, 34.0, 2012-09-06 13:30:00, 0.0, None 
 48.66, -124.31, 33.0, 2012-09-06 13:32:30, 0.0, None 
 48.66, -124.175, 22.0, 2012-09-06 13:35:00, 0.0, None 
 48.69, -124.21, 22.0, 2012-09-06 13:37:30, 0.0, None 
 48.72, -124.23, 20.0, 2012-09-06 13:45:00, 0.0, None 
 48.8, -124.21, 32.0, 2012-09-06 13:47:30, 0.0, None 
 48.81, -124.29, 39.0, 2012-09-06 13:50:00, 0.0, None 
 48.67, -124.59, 60.0, 2012-09-06 13:57:30, 0.0, None 
 48.8, -124.38, 51.0, 2012-09-06 14:00:00, 0.0, None 
 48.85, -124.355, 39.0, 2012-09-06 14:05:00, 0.0, None 
 48.8, -124.49, 42.0, 2012-09-06 14:15:00, 0.0, None 
 48.73, -124.47, 52.0, 2012-09-06 14:17:30, 0.0, None 
 48.78, -124.365, 44.0, 2012-09-06 14:20:00, 0.0, None 
 48.81, -124.31, 42.0, 2012-09-06 14:22:30, 0.0, None 
 48.66, -124.22, 27.8, 2012-09-06 14:35:00, 0.0, None 
 48.66, -124.45, 50.0, 2012-09-06 15:27:30, 0.0, None 
 48.72, -124.23, 30.0, 2012-09-06 15:30:00, 0.0, None 
 48.78, -124.28, 36.0, 2012-09-06 15:40:00, 0.0, None 
 48.773, -124.243, 45.5, 2012-09-06 15:42:30, 0.0, None 
 48.83, -124.47, 27.0, 2012-09-06 15:45:00, 0.0, None 
 48.62, -123.945, 25.5, 2012-09-06 15:45:00, 0.0, None 
 48.61, -124.27, 30.0, 2012-09-06 15:47:30, 0.0, None 
 48.74, -124.3, 20.0, 2012-09-06 15:50:00, 0.0, None 
 48.73, -124.245, 37.0, 2012-09-06 15:52:30, 0.0, None 
 48.84, -124.36, 24.8, 2012-09-06 16:02:30, 0.0, None 
 48.79, -124.395, 32.0, 2012-09-06 16:05:00, 0.0, None 
 48.815, -124.395, 24.0, 2012-09-06 16:07:30, 0.0, None 
 48.78, -124.355, 43.0, 2012-09-06 16:10:00, 0.0, None 
 48.98, -123.87, 20.0, 2012-09-06 16:25:00, 0.0, None 
 48.92, -124.33, 41.0, 2012-09-06 16:35:00, 0.0, None 
 48.765, -124.31, 49.5, 2012-09-06 16:37:30, 0.0, None 
 48.68, -124.105, 47.5, 2012-09-06 17:02:30, 0.0, None 
 48.72, -124.28, 44.0, 2012-09-06 17:05:00, 0.0, None 
 48.71, -124.285, 41.5, 2012-09-06 17:32:30, 0.0, None 
 48.7, -124.18, 28.0, 2012-09-06 17:40:00, 0.0, None 
 48.685, -124.23, 30.0, 2012-09-06 17:42:30, 0.0, None 
 48.705, -124.34, 33.0, 2012-09-06 17:45:00, 0.0, None 
 48.97, -123.91, 22.5, 2012-09-06 18:17:30, 0.0, None 
 48.7, -124.24, 33.0, 2012-09-06 18:40:00, 0.0, None 
 48.69, -124.415, 30.0, 2012-09-06 18:42:30, 0.0, None 
 48.74, -124.29, 39.0, 2012-09-06 19:02:30, 0.0, None 
 48.75, -124.27, 41.0, 2012-09-06 19:05:00, 0.0, None 
 48.74, -124.24, 29.0, 2012-09-06 19:07:30, 0.0, None 
 48.69, -124.22, 41.5, 2012-09-06 19:10:00, 0.0, None 
 48.91, -124.47, 20.0, 2012-09-06 19:10:00, 0.0, None 
 48.69, -124.32, 35.0, 2012-09-06 19:12:30, 0.0, None 
 48.78, -124.41, 20.0, 2012-09-06 19:15:00, 0.0, None 
 48.69, -124.4, 44.0, 2012-09-06 19:42:30, 0.0, None 
 48.9, -123.79, 20.0, 2012-09-06 20:37:30, 0.0, None 
 48.89, -123.78, 22.0, 2012-09-06 20:40:00, 0.0, None 
 48.83, -124.32, 32.0, 2012-09-06 20:55:00, 0.0, None 
 48.8, -124.205, 49.0, 2012-09-06 20:57:30, 0.0, None 
 48.78, -124.245, 29.5, 2012-09-06 21:00:00, 0.0, None 
 48.79, -124.205, 59.5, 2012-09-06 21:02:30, 0.0, None 
 48.885, -123.9, 30.0, 2012-09-06 21:10:00, 0.0, None 
 48.925, -123.84, 33.0, 2012-09-06 21:12:30, 0.0, None 
 48.76, -124.19, 20.0, 2012-09-06 21:20:00, 0.0, None 
 48.88, -124.12, 20.0, 2012-09-06 21:22:30, 0.0, None 
 48.82, -124.06, 34.0, 2012-09-06 21:27:30, 0.0, None 
 48.858000000000004, -124.03, 28.5, 2012-09-06 21:30:00, 0.0, None 
 48.83, -124.05, 38.0, 2012-09-06 21:32:30, 0.0, None 
 48.825, -124.05, 30.0, 2012-09-06 21:37:30, 0.0, None 
 48.865, -124.25, 29.0, 2012-09-06 21:40:00, 0.0, None 
 48.74, -124.165, 42.0, 2012-09-06 21:42:30, 0.0, None 
 48.78, -124.22, 31.0, 2012-09-06 21:45:00, 0.0, None 
 48.672, -124.145, 34.0, 2012-09-06 21:47:30, 0.0, None 
 48.71, -124.15, 20.0, 2012-09-06 21:50:00, 0.0, None 
 48.81, -124.11, 60.0, 2012-09-06 21:52:30, 0.0, None 
 48.84, -123.82, 60.0, 2012-09-06 21:57:30, 0.0, None 
 48.59, -124.29, 60.0, 2012-09-06 22:05:00, 0.0, None 
 48.72, -124.41, 32.0, 2012-09-06 22:10:00, 0.0, None 
 48.715, -124.41, 30.0, 2012-09-06 22:12:30, 0.0, None 
 48.9, -124.48, 26.0, 2012-09-06 22:15:00, 0.0, None 
 48.66, -124.39, 45.5, 2012-09-06 22:15:00, 0.0, None 
 48.93, -123.915, 20.0, 2012-09-06 22:27:30, 0.0, None 
 48.72, -124.33, 20.0, 2012-09-06 22:55:00, 0.0, None 
 48.725, -124.235, 42.5, 2012-09-06 22:57:30, 0.0, None 
 48.96, -124.47, 31.0, 2012-09-06 23:00:00, 0.0, None 
 48.725, -124.22200000000001, 25.0, 2012-09-06 23:00:00, 0.0, None 
 48.7, -124.205, 32.0, 2012-09-06 23:10:00, 0.0, None 
 48.73, -124.59, 52.0, 2012-09-06 23:15:00, 0.0, None 
 48.83, -124.32, 32.5, 2012-09-06 23:35:00, 0.0, None 
 48.81, -124.3, 32.0, 2012-09-06 23:37:30, 0.0, None 
 48.775, -124.32, 30.0, 2012-09-06 23:40:00, 0.0, None 
 48.78, -123.84, 28.0, 2012-09-07 00:02:30, 0.0, None 
 48.663000000000004, -124.073, 37.2, 2012-09-07 00:12:30, 0.0, None 
 48.63, -124.15, 31.5, 2012-09-07 00:15:00, 0.0, None 
 48.98, -124.38, 21.0, 2012-09-07 00:17:30, 0.0, None 
 48.77, -124.113, 26.5, 2012-09-07 00:17:30, 0.0, None 
 48.825, -124.08, 24.5, 2012-09-07 00:20:00, 0.0, None 
 48.65, -124.27, 33.0, 2012-09-07 00:22:30, 0.0, None 
 48.72, -124.4, 49.0, 2012-09-07 00:25:00, 0.0, None 
 48.78, -124.05, 20.0, 2012-09-07 00:42:30, 0.0, None 
 48.56, -124.08, 28.0, 2012-09-07 00:45:00, 0.0, None 
 48.858000000000004, -123.963, 23.0, 2012-09-07 00:50:00, 0.0, None 
 48.84, -123.93, 20.0, 2012-09-07 00:52:30, 0.0, None 
 48.875, -123.99, 26.0, 2012-09-07 00:55:00, 0.0, None 
 48.84, -124.02, 47.5, 2012-09-07 00:57:30, 0.0, None 
 48.883, -123.898, 20.0, 2012-09-07 01:00:00, 0.0, None 
 48.86, -123.87, 25.0, 2012-09-07 01:02:30, 0.0, None 
 48.74, -124.1, 42.5, 2012-09-07 01:05:00, 0.0, None 
 48.773, -124.12700000000001, 33.0, 2012-09-07 01:07:30, 0.0, None 
 48.725, -123.94, 30.5, 2012-09-07 01:10:00, 0.0, None 
 48.763000000000005, -124.065, 35.0, 2012-09-07 01:15:00, 0.0, None 
 48.83, -124.175, 31.0, 2012-09-07 01:20:00, 0.0, None 
 48.83, -124.23, 41.0, 2012-09-07 01:45:00, 0.0, None 
 48.685, -124.31200000000001, 34.8, 2012-09-07 01:47:30, 0.0, None 
 48.711999999999996, -124.32, 32.8, 2012-09-07 01:50:00, 0.0, None 
 48.705, -124.306, 33.2, 2012-09-07 01:52:30, 0.0, None 
 48.715, -124.175, 23.0, 2012-09-07 01:55:00, 0.0, None 
 48.735, -124.265, 60.0, 2012-09-07 01:57:30, 0.0, None 
 48.815, -124.185, 36.0, 2012-09-07 02:05:00, 0.0, None 
 48.85, -124.145, 38.8, 2012-09-07 02:07:30, 0.0, None 
 48.805, -124.06, 34.0, 2012-09-07 02:10:00, 0.0, None 
 48.82, -124.21, 33.5, 2012-09-07 02:12:30, 0.0, None 
 48.81, -124.31, 23.5, 2012-09-07 02:15:00, 0.0, None 
 48.847, -124.375, 32.5, 2012-09-07 02:17:30, 0.0, None 
 48.745, -124.3, 47.5, 2012-09-07 02:20:00, 0.0, None 
 48.735, -124.38, 31.0, 2012-09-07 02:22:30, 0.0, None 
 48.72, -124.38, 37.5, 2012-09-07 02:25:00, 0.0, None 
 48.67, -124.35, 41.5, 2012-09-07 02:27:30, 0.0, None 
 48.72, -124.25, 30.0, 2012-09-07 02:30:00, 0.0, None 
 48.74, -124.26, 38.0, 2012-09-07 02:32:30, 0.0, None 
 48.655, -124.37299999999999, 31.5, 2012-09-07 02:35:00, 0.0, None 
 48.72, -124.41, 44.0, 2012-09-07 02:37:30, 0.0, None 
 48.81, -123.705, 60.0, 2012-09-07 02:57:30, 0.0, None 
 48.9, -123.725, 20.0, 2012-09-07 03:17:30, 0.0, None 
 48.9, -123.7, 33.0, 2012-09-07 03:20:00, 0.0, None 
 48.89, -124.0, 60.0, 2012-09-07 03:32:30, 0.0, None 
 48.84, -123.855, 56.5, 2012-09-07 04:07:30, 0.0, None 
 48.935, -123.93, 60.0, 2012-09-07 04:10:00, 0.0, None 
 48.72, -123.905, 20.0, 2012-09-07 04:12:30, 0.0, None 
 48.825, -124.195, 40.0, 2012-09-07 04:20:00, 0.0, None 
 48.73, -124.11, 60.0, 2012-09-07 04:27:30, 0.0, None 
 48.84, -124.09, 20.0, 2012-09-07 04:32:30, 0.0, None 
 48.84, -124.19, 20.0, 2012-09-07 04:35:00, 0.0, None 
 48.705, -124.295, 28.0, 2012-09-07 04:37:30, 0.0, None 
 48.7, -124.305, 27.0, 2012-09-07 04:40:00, 0.0, None 
 48.72, -124.23200000000001, 29.0, 2012-09-07 04:42:30, 0.0, None 
 48.83, -124.34, 20.0, 2012-09-07 04:45:00, 0.0, None 
 48.92, -123.98, 60.0, 2012-09-07 05:45:00, 0.0, None 
 48.82, -123.8, 27.0, 2012-09-07 06:00:00, 0.0, None 
 48.855, -123.885, 33.0, 2012-09-07 06:05:00, 0.0, None 
 48.82, -123.86, 34.0, 2012-09-07 06:07:30, 0.0, None 
 48.825, -123.945, 25.0, 2012-09-07 06:15:00, 0.0, None 
 48.73, -123.95, 27.0, 2012-09-07 06:22:30, 0.0, None 
 48.8, -124.07, 50.0, 2012-09-07 06:27:30, 0.0, None 
 48.833999999999996, -123.95, 33.5, 2012-09-07 06:30:00, 0.0, None 
 48.83, -123.947, 44.0, 2012-09-07 06:32:30, 0.0, None 
 48.775, -123.995, 30.8, 2012-09-07 06:35:00, 0.0, None 
 48.72, -124.065, 38.0, 2012-09-07 06:37:30, 0.0, None 
 48.707, -124.15700000000001, 28.2, 2012-09-07 06:40:00, 0.0, None 
 48.754, -124.235, 29.2, 2012-09-07 06:42:30, 0.0, None 
 48.715, -124.21, 22.0, 2012-09-07 06:45:00, 0.0, None 
 48.736999999999995, -124.208, 21.1, 2012-09-07 06:47:30, 0.0, None 
 48.86, -124.005, 40.5, 2012-09-07 06:50:00, 0.0, None 
 48.9, -124.005, 36.0, 2012-09-07 06:52:30, 0.0, None 
 48.85, -123.66, 34.5, 2012-09-07 06:55:00, 0.0, None 
 48.845, -123.63799999999999, 39.8, 2012-09-07 06:57:30, 0.0, None 
 48.775, -124.165, 34.0, 2012-09-07 07:00:00, 0.0, None 
 48.77, -124.26, 29.0, 2012-09-07 07:02:30, 0.0, None 
 48.74, -124.21, 40.0, 2012-09-07 07:05:00, 0.0, None 
 48.748000000000005, -124.036, 23.2, 2012-09-07 07:07:30, 0.0, None 
 48.8, -124.16, 49.0, 2012-09-07 07:10:00, 0.0, None 
 48.883, -124.29, 35.2, 2012-09-07 07:12:30, 0.0, None 
 48.825, -124.37, 60.0, 2012-09-07 07:15:00, 0.0, None 
 48.6, -124.21, 30.0, 2012-09-07 07:17:30, 0.0, None 
 48.72, -124.05, 53.0, 2012-09-07 07:20:00, 0.0, None 
 48.79, -124.06, 42.0, 2012-09-07 07:22:30, 0.0, None 
 48.824, -124.155, 48.8, 2012-09-07 07:25:00, 0.0, None 
 48.7, -124.37, 21.5, 2012-09-07 07:27:30, 0.0, None 
 48.685, -124.37, 28.0, 2012-09-07 07:30:00, 0.0, None 
 48.72, -124.27, 20.0, 2012-09-07 07:32:30, 0.0, None 
 48.703, -124.273, 20.0, 2012-09-07 07:35:00, 0.0, None 
 48.72, -124.287, 20.0, 2012-09-07 07:37:30, 0.0, None 
 48.955, -124.48, 20.0, 2012-09-07 07:40:00, 0.0, None 
 48.7, -124.3, 20.0, 2012-09-07 07:40:00, 0.0, None 
 48.7, -123.7, 49.0, 2012-09-07 07:42:30, 0.0, None 
 48.75, -123.67, 55.0, 2012-09-07 07:45:00, 0.0, None 
 48.845, -124.315, 48.0, 2012-09-07 07:52:30, 0.0, None 
 48.76, -124.135, 49.0, 2012-09-07 07:55:00, 0.0, None 
 48.691, -124.131, 49.2, 2012-09-07 07:57:30, 0.0, None 
 48.675, -124.211, 35.9, 2012-09-07 08:00:00, 0.0, None 
 48.66, -124.37, 20.0, 2012-09-07 08:02:30, 0.0, None 
 48.705, -123.89, 51.0, 2012-09-07 08:02:30, 0.0, None 
 48.655, -124.06, 20.0, 2012-09-07 08:22:30, 0.0, None 
 48.653, -124.11, 23.6, 2012-09-07 08:25:00, 0.0, None 
 48.75, -124.095, 33.5, 2012-09-07 08:27:30, 0.0, None 
 48.625, -124.14, 32.2, 2012-09-07 08:30:00, 0.0, None 
 48.63, -124.09, 28.0, 2012-09-07 08:32:30, 0.0, None 
 48.74, -124.04, 60.0, 2012-09-07 08:37:30, 0.0, None 
 48.625, -124.205, 47.2, 2012-09-07 08:40:00, 0.0, None 
 48.68, -124.22200000000001, 32.4, 2012-09-07 08:42:30, 0.0, None 
 48.86, -124.19, 29.0, 2012-09-07 08:45:00, 0.0, None 
 48.67, -123.96, 25.0, 2012-09-07 08:45:00, 0.0, None 
 48.7, -123.93, 25.0, 2012-09-07 08:47:30, 0.0, None 
 48.79, -123.77, 32.0, 2012-09-07 08:50:00, 0.0, None 
 48.81, -123.91, 47.0, 2012-09-07 08:52:30, 0.0, None 
 48.82, -124.295, 32.0, 2012-09-07 08:57:30, 0.0, None 
 48.7, -124.2, 22.0, 2012-09-07 09:02:30, 0.0, None 
 48.71, -124.19, 30.0, 2012-09-07 09:05:00, 0.0, None 
 48.74, -123.85, 46.0, 2012-09-07 09:15:00, 0.0, None 
 48.68, -124.16, 33.0, 2012-09-07 09:25:00, 0.0, None 
 48.73, -124.145, 25.8, 2012-09-07 09:27:30, 0.0, None 
 48.72, -123.885, 35.0, 2012-09-07 09:30:00, 0.0, None 
 48.65, -124.07, 40.0, 2012-09-07 09:35:00, 0.0, None 
 48.68, -124.06, 49.0, 2012-09-07 09:37:30, 0.0, None 
 48.67, -123.97, 60.0, 2012-09-07 09:40:00, 0.0, None 
 48.71, -124.07, 47.0, 2012-09-07 09:47:30, 0.0, None 
 48.7, -124.14, 60.0, 2012-09-07 09:50:00, 0.0, None 
 48.765, -124.12, 32.5, 2012-09-07 09:52:30, 0.0, None 
 48.67, -124.215, 40.8, 2012-09-07 09:55:00, 0.0, None 
 48.91, -124.11, 20.0, 2012-09-07 09:55:00, 0.0, None 
 48.83, -124.199, 45.0, 2012-09-07 10:00:00, 0.0, None 
 48.672, -124.13799999999999, 25.8, 2012-09-07 10:02:30, 0.0, None 
 48.79, -124.24, 34.5, 2012-09-07 10:05:00, 0.0, None 
 48.646, -124.125, 23.2, 2012-09-07 10:07:30, 0.0, None 
 48.743, -124.175, 20.0, 2012-09-07 10:10:00, 0.0, None 
 48.763000000000005, -124.035, 21.8, 2012-09-07 10:12:30, 0.0, None 
 48.705, -124.235, 42.5, 2012-09-07 10:15:00, 0.0, None 
 48.67, -124.18, 48.0, 2012-09-07 10:17:30, 0.0, None 
 48.865, -124.29, 20.0, 2012-09-07 10:20:00, 0.0, None 
 48.66, -124.11, 39.0, 2012-09-07 10:20:00, 0.0, None 
 48.88, -124.41, 20.0, 2012-09-07 10:20:00, 0.0, None 
 48.635, -124.11200000000001, 31.2, 2012-09-07 10:22:30, 0.0, None 
 48.845, -124.33, 20.0, 2012-09-07 10:22:30, 0.0, None 
 48.795, -124.28, 26.5, 2012-09-07 10:25:00, 0.0, None 
 48.69, -124.12, 47.5, 2012-09-07 10:27:30, 0.0, None 
 48.69, -124.12, 31.5, 2012-09-07 10:30:00, 0.0, None 
 48.69, -124.09, 32.0, 2012-09-07 10:32:30, 0.0, None 
 48.75, -123.965, 51.5, 2012-09-07 10:35:00, 0.0, None 
 48.775, -124.08, 26.5, 2012-09-07 10:37:30, 0.0, None 
 48.83, -124.05, 27.0, 2012-09-07 10:40:00, 0.0, None 
 48.67, -124.03, 41.0, 2012-09-07 10:42:30, 0.0, None 
 48.95, -124.4, 20.0, 2012-09-07 10:42:30, 0.0, None 
 48.69, -124.12, 31.5, 2012-09-07 10:45:00, 0.0, None 
 48.66, -124.06, 46.2, 2012-09-07 10:47:30, 0.0, None 
 48.63, -124.115, 40.8, 2012-09-07 10:50:00, 0.0, None 
 48.715, -123.98299999999999, 34.0, 2012-09-07 10:52:30, 0.0, None 
 48.76, -124.00200000000001, 45.2, 2012-09-07 10:55:00, 0.0, None 
 48.76, -124.18, 60.0, 2012-09-07 10:57:30, 0.0, None 
 48.71, -124.14, 35.0, 2012-09-07 11:00:00, 0.0, None 
 48.675, -124.14, 28.5, 2012-09-07 11:02:30, 0.0, None 
 48.89, -124.36, 20.0, 2012-09-07 11:02:30, 0.0, None 
 48.69, -124.16, 29.0, 2012-09-07 11:05:00, 0.0, None 
 48.88, -124.4, 20.0, 2012-09-07 11:05:00, 0.0, None 
 48.715, -124.155, 32.0, 2012-09-07 11:10:00, 0.0, None 
 48.7, -124.14, 38.0, 2012-09-07 11:12:30, 0.0, None 
 48.72, -124.33, 20.0, 2012-09-07 11:15:00, 0.0, None 
 48.71, -124.31, 20.0, 2012-09-07 11:17:30, 0.0, None 
 48.766999999999996, -124.235, 35.8, 2012-09-07 11:22:30, 0.0, None 
 48.72, -124.19, 26.0, 2012-09-07 11:25:00, 0.0, None 
 48.7, -124.2, 29.0, 2012-09-07 11:27:30, 0.0, None 
 48.77, -124.287, 24.8, 2012-09-07 11:30:00, 0.0, None 
 48.81, -124.305, 24.0, 2012-09-07 11:32:30, 0.0, None 
 48.99, -124.5, 20.0, 2012-09-07 11:35:00, 0.0, None 
 48.765, -124.335, 29.2, 2012-09-07 11:35:00, 0.0, None 
 48.835, -123.88, 38.0, 2012-09-07 11:40:00, 0.0, None 
 48.8, -123.9, 20.0, 2012-09-07 11:42:30, 0.0, None 
 48.75, -124.09, 38.0, 2012-09-07 11:45:00, 0.0, None 
 48.808, -124.19, 38.0, 2012-09-07 11:47:30, 0.0, None 
 49.0, -124.44, 32.0, 2012-09-07 11:50:00, 0.0, None 
 48.7, -124.26, 35.5, 2012-09-07 11:50:00, 0.0, None 
 48.69, -124.11, 46.0, 2012-09-07 11:52:30, 0.0, None 
 48.76, -124.213, 28.0, 2012-09-07 11:55:00, 0.0, None 
 48.665, -124.17, 60.0, 2012-09-07 11:57:30, 0.0, None 
 48.74, -124.25, 27.5, 2012-09-07 12:00:00, 0.0, None 
 48.75, -124.26, 25.0, 2012-09-07 12:02:30, 0.0, None 
 48.718, -124.29299999999999, 38.8, 2012-09-07 12:05:00, 0.0, None 
 48.68, -124.23, 34.0, 2012-09-07 12:07:30, 0.0, None 
 48.63, -124.26, 37.0, 2012-09-07 12:10:00, 0.0, None 
 48.775, -124.01, 42.0, 2012-09-07 12:12:30, 0.0, None 
 48.775, -124.088, 31.0, 2012-09-07 12:15:00, 0.0, None 
 48.8, -124.18, 20.0, 2012-09-07 12:22:30, 0.0, None 
 48.7, -124.105, 33.0, 2012-09-07 12:25:00, 0.0, None 
 48.795, -124.17200000000001, 29.0, 2012-09-07 12:27:30, 0.0, None 
 48.812, -124.09700000000001, 25.0, 2012-09-07 12:30:00, 0.0, None 
 48.817, -124.1, 24.0, 2012-09-07 12:32:30, 0.0, None 
 48.805, -123.99799999999999, 26.0, 2012-09-07 12:35:00, 0.0, None 
 48.86, -124.09, 26.0, 2012-09-07 12:37:30, 0.0, None 
 48.74, -124.015, 47.0, 2012-09-07 12:40:00, 0.0, None 
 48.745, -124.2, 45.2, 2012-09-07 12:42:30, 0.0, None 
 48.71, -124.08, 43.0, 2012-09-07 12:45:00, 0.0, None 
 48.722, -124.105, 33.2, 2012-09-07 12:47:30, 0.0, None 
 48.661, -124.115, 25.8, 2012-09-07 12:50:00, 0.0, None 
 48.707, -124.167, 24.4, 2012-09-07 12:52:30, 0.0, None 
 48.745, -124.175, 26.0, 2012-09-07 12:55:00, 0.0, None 
 48.75, -124.155, 60.0, 2012-09-07 12:57:30, 0.0, None 
 48.72, -124.11, 44.0, 2012-09-07 13:00:00, 0.0, None 
 48.72, -124.055, 52.0, 2012-09-07 13:02:30, 0.0, None 
 48.68, -124.15, 42.0, 2012-09-07 13:10:00, 0.0, None 
 48.69, -124.11, 40.0, 2012-09-07 13:12:30, 0.0, None 
 48.672, -124.205, 33.5, 2012-09-07 13:22:30, 0.0, None 
 48.69, -124.225, 33.0, 2012-09-07 13:25:00, 0.0, None 
 48.83, -124.46, 40.0, 2012-09-07 13:30:00, 0.0, None 
 48.805, -124.115, 34.5, 2012-09-07 13:32:30, 0.0, None 
 48.96, -124.27, 29.0, 2012-09-07 13:35:00, 0.0, None 
 48.7, -124.16, 60.0, 2012-09-07 13:35:00, 0.0, None 
 48.745, -124.14, 29.5, 2012-09-07 13:37:30, 0.0, None 
 48.66, -124.08, 25.0, 2012-09-07 13:45:00, 0.0, None 
 48.79, -123.74, 20.0, 2012-09-07 14:02:30, 0.0, None 
 48.85, -124.19, 20.0, 2012-09-07 14:05:00, 0.0, None 
 48.73, -124.19, 30.5, 2012-09-07 14:07:30, 0.0, None 
 48.525, -124.22, 60.0, 2012-09-07 14:32:30, 0.0, None 
 48.69, -124.15, 51.0, 2012-09-07 14:35:00, 0.0, None 
 48.88, -124.4, 44.0, 2012-09-07 14:37:30, 0.0, None 
 48.6, -124.175, 42.0, 2012-09-07 14:37:30, 0.0, None 
 48.68, -124.0, 42.0, 2012-09-07 14:42:30, 0.0, None 
 48.67, -124.0, 40.0, 2012-09-07 14:45:00, 0.0, None 
 48.815, -124.088, 28.5, 2012-09-07 14:52:30, 0.0, None 
 48.785, -124.21, 25.6, 2012-09-07 14:55:00, 0.0, None 
 48.65, -124.145, 52.5, 2012-09-07 14:57:30, 0.0, None 
 48.68, -124.2, 20.0, 2012-09-07 15:02:30, 0.0, None 
 48.89, -124.46, 20.0, 2012-09-07 15:05:00, 0.0, None 
 48.64, -124.21, 30.0, 2012-09-07 15:05:00, 0.0, None 
 48.74, -124.31, 22.0, 2012-09-07 15:10:00, 0.0, None 
 48.805, -123.98, 30.0, 2012-09-07 15:10:00, 0.0, None 
 48.79, -124.245, 20.0, 2012-09-07 15:15:00, 0.0, None 
 48.633, -124.195, 35.5, 2012-09-07 15:17:30, 0.0, None 
 48.615, -124.19, 38.2, 2012-09-07 15:20:00, 0.0, None 
 48.715, -124.21, 39.5, 2012-09-07 15:22:30, 0.0, None 
 48.72, -124.34, 24.5, 2012-09-07 15:25:00, 0.0, None 
 48.81, -124.36, 20.5, 2012-09-07 15:27:30, 0.0, None 
 48.81, -124.4, 20.0, 2012-09-07 15:30:00, 0.0, None 
 48.817, -124.34700000000001, 34.8, 2012-09-07 15:45:00, 0.0, None 
 48.96, -124.41, 20.0, 2012-09-07 15:47:30, 0.0, None 
 48.73, -124.235, 36.5, 2012-09-07 15:47:30, 0.0, None 
 48.96, -124.4, 20.0, 2012-09-07 15:50:00, 0.0, None 
 48.76, -124.24, 34.0, 2012-09-07 15:50:00, 0.0, None 
 48.84, -124.24, 42.0, 2012-09-07 15:52:30, 0.0, None 
 48.97, -124.54, 20.0, 2012-09-07 15:55:00, 0.0, None 
 48.75, -124.29, 46.0, 2012-09-07 15:57:30, 0.0, None 
 48.8, -124.23, 52.0, 2012-09-07 16:00:00, 0.0, None 
 48.765, -124.04, 25.5, 2012-09-07 16:02:30, 0.0, None 
 48.71, -124.2, 22.0, 2012-09-07 16:05:00, 0.0, None 
 48.79, -124.11, 30.0, 2012-09-07 16:07:30, 0.0, None 
 48.71, -124.09, 35.0, 2012-09-07 16:10:00, 0.0, None 
 48.89, -124.3, 20.0, 2012-09-07 16:12:30, 0.0, None 
 48.7, -124.08, 33.0, 2012-09-07 16:12:30, 0.0, None 
 48.63, -124.05, 20.0, 2012-09-07 16:15:00, 0.0, None 
 48.86, -124.295, 43.5, 2012-09-07 16:20:00, 0.0, None 
 48.705, -124.32, 49.5, 2012-09-07 16:22:30, 0.0, None 
 48.87, -124.26, 31.0, 2012-09-07 16:25:00, 0.0, None 
 48.74, -124.28, 34.0, 2012-09-07 16:27:30, 0.0, None 
 48.75, -124.33, 39.0, 2012-09-07 16:30:00, 0.0, None 
 48.775, -124.215, 34.0, 2012-09-07 16:32:30, 0.0, None 
 48.785, -124.303, 20.0, 2012-09-07 16:35:00, 0.0, None 
 48.805, -124.179, 20.0, 2012-09-07 16:37:30, 0.0, None 
 48.683, -124.135, 49.0, 2012-09-07 16:40:00, 0.0, None 
 48.74, -124.12, 54.0, 2012-09-07 16:42:30, 0.0, None 
 48.77, -123.875, 20.0, 2012-09-07 16:45:00, 0.0, None 
 48.68, -123.86, 27.0, 2012-09-07 16:47:30, 0.0, None 
 48.53, -124.16, 20.0, 2012-09-07 16:50:00, 0.0, None 
 48.87, -124.46, 33.0, 2012-09-07 16:50:00, 0.0, None 
 48.9, -124.31, 20.0, 2012-09-07 16:52:30, 0.0, None 
 48.83, -124.345, 60.0, 2012-09-07 16:57:30, 0.0, None 
 48.835, -124.37700000000001, 32.5, 2012-09-07 17:00:00, 0.0, None 
 48.73, -124.395, 22.2, 2012-09-07 17:02:30, 0.0, None 
 48.79, -124.045, 58.0, 2012-09-07 17:10:00, 0.0, None 
 48.75, -124.39, 30.2, 2012-09-07 17:12:30, 0.0, None 
 48.8, -123.87, 60.0, 2012-09-07 17:35:00, 0.0, None 
 48.675, -123.89, 48.0, 2012-09-07 17:37:30, 0.0, None 
 48.66, -124.29, 24.5, 2012-09-07 18:07:30, 0.0, None 
 48.79, -124.5, 30.0, 2012-09-07 18:10:00, 0.0, None 
 48.705, -124.35, 39.0, 2012-09-07 18:12:30, 0.0, None 
 48.785, -124.20299999999999, 35.2, 2012-09-07 18:15:00, 0.0, None 
 48.802, -124.18799999999999, 36.5, 2012-09-07 18:17:30, 0.0, None 
 48.78, -124.09, 53.5, 2012-09-07 18:22:30, 0.0, None 
 48.89, -124.26, 30.0, 2012-09-07 18:35:00, 0.0, None 
 48.915, -124.428, 20.0, 2012-09-07 18:37:30, 0.0, None 
 48.935, -124.465, 20.0, 2012-09-07 18:40:00, 0.0, None 
 48.883, -124.398, 28.8, 2012-09-07 18:47:30, 0.0, None 
 48.825, -124.38, 24.0, 2012-09-07 18:50:00, 0.0, None 
 48.94, -124.43, 44.0, 2012-09-07 18:55:00, 0.0, None 
 48.92, -124.33, 44.0, 2012-09-07 18:57:30, 0.0, None 
 48.9, -124.325, 20.0, 2012-09-07 19:00:00, 0.0, None 
 48.79, -124.185, 43.0, 2012-09-07 19:12:30, 0.0, None 
 48.9, -124.21, 20.0, 2012-09-07 19:25:00, 0.0, None 
 48.56, -124.28, 20.0, 2012-09-07 19:57:30, 0.0, None 
 48.8, -124.62, 20.0, 2012-09-07 20:00:00, 0.0, None 
 48.71, -124.11, 39.0, 2012-09-07 20:05:00, 0.0, None 
 48.86, -123.63, 20.0, 2012-09-07 20:10:00, 0.0, None 
 48.89, -124.18, 34.0, 2012-09-07 20:12:30, 0.0, None 
 48.85, -124.01, 30.0, 2012-09-07 20:17:30, 0.0, None 
 48.82, -124.01, 39.0, 2012-09-07 20:20:00, 0.0, None 
 48.845, -124.0, 35.0, 2012-09-07 20:27:30, 0.0, None 
 48.845, -124.51, 45.0, 2012-09-07 20:30:00, 0.0, None 
 48.79, -124.54, 20.0, 2012-09-07 20:32:30, 0.0, None 
 48.77, -124.49, 60.0, 2012-09-07 20:37:30, 0.0, None 
 48.7, -124.365, 50.0, 2012-09-07 20:40:00, 0.0, None 
 48.83, -124.55, 44.0, 2012-09-07 20:47:30, 0.0, None 
 48.97, -124.47, 20.0, 2012-09-07 21:55:00, 0.0, None 
 49.0, -124.41, 60.0, 2012-09-07 21:57:30, 0.0, None 
 48.91, -124.45, 20.0, 2012-09-07 22:02:30, 0.0, None 
 48.94, -124.37, 31.0, 2012-09-07 22:05:00, 0.0, None 
 48.97, -124.37, 20.0, 2012-09-07 22:07:30, 0.0, None 
 48.96, -124.375, 31.0, 2012-09-07 22:12:30, 0.0, None 
 48.88, -124.42, 49.0, 2012-09-07 22:15:00, 0.0, None 
 48.955, -124.335, 20.0, 2012-09-07 22:20:00, 0.0, None 
 48.925, -124.24, 20.0, 2012-09-07 22:22:30, 0.0, None 
 48.97, -124.21, 35.0, 2012-09-07 22:27:30, 0.0, None 
 48.97, -124.27, 31.5, 2012-09-07 22:30:00, 0.0, None 
 48.86, -124.34, 50.0, 2012-09-07 22:32:30, 0.0, None 
 48.78, -124.39, 60.0, 2012-09-07 22:35:00, 0.0, None 
 48.98, -124.24, 20.0, 2012-09-07 22:37:30, 0.0, None 
 48.99, -124.36, 30.0, 2012-09-07 22:40:00, 0.0, None 
 48.985, -124.385, 30.5, 2012-09-07 22:42:30, 0.0, None 
 48.78, -124.19, 60.0, 2012-09-07 22:45:00, 0.0, None 
 48.99, -124.4, 31.0, 2012-09-07 22:45:00, 0.0, None 
 48.79, -123.81, 30.5, 2012-09-07 23:25:00, 0.0, None 
 48.77, -123.88, 39.0, 2012-09-07 23:27:30, 0.0, None 
 48.695, -124.15299999999999, 20.0, 2012-09-07 23:30:00, 0.0, None 
 48.69, -124.115, 20.0, 2012-09-07 23:32:30, 0.0, None 
 48.76, -124.109, 26.0, 2012-09-07 23:35:00, 0.0, None 
 48.74, -124.115, 23.9, 2012-09-07 23:37:30, 0.0, None 
 48.718, -124.12299999999999, 22.5, 2012-09-07 23:40:00, 0.0, None 
 48.766999999999996, -124.24, 23.0, 2012-09-07 23:42:30, 0.0, None 
 48.655, -124.125, 42.0, 2012-09-07 23:45:00, 0.0, None 
 48.735, -124.205, 28.5, 2012-09-07 23:47:30, 0.0, None 
 48.655, -124.13, 26.5, 2012-09-07 23:50:00, 0.0, None 
 48.855, -123.98, 30.0, 2012-09-07 23:52:30, 0.0, None 
 48.72, -124.11, 36.0, 2012-09-07 23:55:00, 0.0, None 
 48.58, -124.03, 28.0, 2012-09-08 00:05:00, 0.0, None 
 48.725, -124.03, 40.0, 2012-09-08 00:07:30, 0.0, None 
 48.93, -124.23, 60.0, 2012-09-08 00:07:30, 0.0, None 
 48.89, -123.66, 20.0, 2012-09-08 00:17:30, 0.0, None 
 48.7, -123.65, 37.0, 2012-09-08 00:22:30, 0.0, None 
 48.68, -123.68, 51.0, 2012-09-08 00:25:00, 0.0, None 
 48.66, -123.68, 60.0, 2012-09-08 00:27:30, 0.0, None 
 48.705, -123.985, 51.0, 2012-09-08 00:45:00, 0.0, None 
 48.766999999999996, -124.175, 52.0, 2012-09-08 00:57:30, 0.0, None 
 48.77, -124.21, 51.8, 2012-09-08 01:00:00, 0.0, None 
 48.715, -124.215, 30.8, 2012-09-08 01:02:30, 0.0, None 
 48.736999999999995, -124.215, 32.2, 2012-09-08 01:05:00, 0.0, None 
 48.81, -124.29, 32.8, 2012-09-08 01:07:30, 0.0, None 
 48.69, -124.25, 45.0, 2012-09-08 01:12:30, 0.0, None 
 48.71, -124.23, 39.0, 2012-09-08 01:15:00, 0.0, None 
 48.695, -124.235, 53.5, 2012-09-08 01:17:30, 0.0, None 
 48.66, -124.24, 44.0, 2012-09-08 01:20:00, 0.0, None 
 48.64, -124.18, 35.0, 2012-09-08 01:27:30, 0.0, None 
 48.68, -124.02, 42.0, 2012-09-08 01:30:00, 0.0, None 
 48.69, -124.01, 45.0, 2012-09-08 01:32:30, 0.0, None 
 48.7, -123.985, 42.0, 2012-09-08 01:35:00, 0.0, None 
 48.73, -124.085, 28.0, 2012-09-08 01:37:30, 0.0, None 
 48.68, -124.08, 28.0, 2012-09-08 01:40:00, 0.0, None 
 48.67, -124.05, 31.0, 2012-09-08 01:42:30, 0.0, None 
 48.68, -124.04, 37.0, 2012-09-08 01:45:00, 0.0, None 
 48.69, -124.1, 30.0, 2012-09-08 01:47:30, 0.0, None 
 48.68, -124.11, 27.2, 2012-09-08 01:50:00, 0.0, None 
 48.677, -124.13, 36.0, 2012-09-08 01:52:30, 0.0, None 
 48.66, -124.11200000000001, 30.5, 2012-09-08 01:55:00, 0.0, None 
 48.705, -124.155, 34.2, 2012-09-08 01:57:30, 0.0, None 
 48.72, -124.165, 28.2, 2012-09-08 02:00:00, 0.0, None 
 48.685, -124.052, 31.0, 2012-09-08 02:02:30, 0.0, None 
 48.665, -123.975, 51.0, 2012-09-08 02:05:00, 0.0, None 
 48.85, -124.3, 20.0, 2012-09-08 02:05:00, 0.0, None 
 48.69, -124.235, 43.0, 2012-09-08 02:07:30, 0.0, None 
 48.69, -124.18, 28.0, 2012-09-08 02:10:00, 0.0, None 
 48.69, -124.09, 36.0, 2012-09-08 02:12:30, 0.0, None 
 48.755, -124.03200000000001, 32.0, 2012-09-08 02:15:00, 0.0, None 
 48.817, -124.08200000000001, 31.5, 2012-09-08 02:17:30, 0.0, None 
 48.68, -124.28, 47.0, 2012-09-08 02:22:30, 0.0, None 
 48.69, -124.275, 39.0, 2012-09-08 02:25:00, 0.0, None 
 48.68, -124.3, 20.0, 2012-09-08 02:27:30, 0.0, None 
 48.93, -124.17, 42.0, 2012-09-08 02:27:30, 0.0, None 
 48.68, -124.28, 48.0, 2012-09-08 02:30:00, 0.0, None 
 48.55, -124.0, 60.0, 2012-09-08 02:30:00, 0.0, None 
 48.745, -124.285, 23.5, 2012-09-08 02:32:30, 0.0, None 
 48.715, -124.196, 23.2, 2012-09-08 02:35:00, 0.0, None 
 48.657, -124.148, 24.0, 2012-09-08 02:37:30, 0.0, None 
 48.695, -124.195, 28.5, 2012-09-08 02:40:00, 0.0, None 
 48.72, -124.205, 24.8, 2012-09-08 02:42:30, 0.0, None 
 48.77, -124.33, 25.0, 2012-09-08 02:45:00, 0.0, None 
 48.66, -124.2, 23.5, 2012-09-08 02:47:30, 0.0, None 
 48.692, -124.225, 20.0, 2012-09-08 02:50:00, 0.0, None 
 48.725, -124.23299999999999, 27.5, 2012-09-08 02:52:30, 0.0, None 
 48.728, -124.24, 28.2, 2012-09-08 02:55:00, 0.0, None 
 48.715, -124.315, 49.5, 2012-09-08 02:57:30, 0.0, None 
 48.79, -124.3, 27.2, 2012-09-08 03:00:00, 0.0, None 
 48.665, -124.205, 50.5, 2012-09-08 03:02:30, 0.0, None 
 48.705, -124.26, 28.2, 2012-09-08 03:05:00, 0.0, None 
 48.7, -124.315, 34.5, 2012-09-08 03:07:30, 0.0, None 
 48.78, -124.36, 46.0, 2012-09-08 03:10:00, 0.0, None 
 48.77, -124.26, 45.0, 2012-09-08 03:12:30, 0.0, None 
 48.805, -124.25, 49.5, 2012-09-08 03:15:00, 0.0, None 
 48.77, -124.305, 39.0, 2012-09-08 03:17:30, 0.0, None 
 48.76, -124.32, 37.0, 2012-09-08 03:20:00, 0.0, None 
 48.69, -124.105, 35.0, 2012-09-08 03:22:30, 0.0, None 
 48.58, -124.31, 47.0, 2012-09-08 03:25:00, 0.0, None 
 48.745, -124.005, 34.0, 2012-09-08 03:27:30, 0.0, None 
 48.763000000000005, -124.0, 49.8, 2012-09-08 03:30:00, 0.0, None 
 48.775, -123.905, 37.5, 2012-09-08 03:32:30, 0.0, None 
 48.81, -123.92, 28.0, 2012-09-08 03:35:00, 0.0, None 
 48.72, -124.02, 20.0, 2012-09-08 03:37:30, 0.0, None 
 48.66, -123.92200000000001, 45.5, 2012-09-08 03:42:30, 0.0, None 
 48.705, -124.105, 33.8, 2012-09-08 03:45:00, 0.0, None 
 48.751999999999995, -124.2, 43.0, 2012-09-08 03:47:30, 0.0, None 
 48.72, -124.36, 31.0, 2012-09-08 03:55:00, 0.0, None 
 48.7, -124.39, 42.0, 2012-09-08 03:57:30, 0.0, None 
 48.763000000000005, -124.345, 33.5, 2012-09-08 04:00:00, 0.0, None 
 48.72, -124.29, 41.5, 2012-09-08 04:02:30, 0.0, None 
 48.69, -124.36, 34.0, 2012-09-08 04:05:00, 0.0, None 
 48.64, -124.0, 30.0, 2012-09-08 04:05:00, 0.0, None 
 48.72, -124.33, 37.5, 2012-09-08 04:07:30, 0.0, None 
 48.99, -124.6, 35.0, 2012-09-08 04:10:00, 0.0, None 
 48.766999999999996, -124.275, 48.0, 2012-09-08 04:10:00, 0.0, None 
 48.73, -124.245, 30.0, 2012-09-08 04:12:30, 0.0, None 
 48.6, -124.11, 60.0, 2012-09-08 04:17:30, 0.0, None 
 48.625, -124.15299999999999, 51.0, 2012-09-08 04:20:00, 0.0, None 
 48.795, -124.38, 34.0, 2012-09-08 04:22:30, 0.0, None 
 48.8, -124.41, 45.0, 2012-09-08 04:25:00, 0.0, None 
 48.74, -124.38, 27.0, 2012-09-08 04:27:30, 0.0, None 
 48.77, -124.31, 31.0, 2012-09-08 04:30:00, 0.0, None 
 48.82, -124.48, 40.0, 2012-09-08 04:35:00, 0.0, None 
 48.755, -124.49, 30.0, 2012-09-08 04:37:30, 0.0, None 
 48.68, -124.105, 31.5, 2012-09-08 04:50:00, 0.0, None 
 48.8, -124.2, 20.0, 2012-09-08 04:52:30, 0.0, None 
 48.59, -123.98, 50.0, 2012-09-08 04:55:00, 0.0, None 
 48.645, -124.0, 53.0, 2012-09-08 04:57:30, 0.0, None 
 48.62, -124.17, 39.0, 2012-09-08 05:00:00, 0.0, None 
 48.7, -124.09, 29.2, 2012-09-08 05:02:30, 0.0, None 
 48.663000000000004, -124.118, 23.0, 2012-09-08 05:05:00, 0.0, None 
 48.678000000000004, -124.15, 23.9, 2012-09-08 05:07:30, 0.0, None 
 48.73, -124.11, 46.0, 2012-09-08 05:12:30, 0.0, None 
 48.725, -124.0, 30.0, 2012-09-08 05:15:00, 0.0, None 
 48.765, -124.05, 25.5, 2012-09-08 05:17:30, 0.0, None 
 48.77, -124.04299999999999, 25.5, 2012-09-08 05:20:00, 0.0, None 
 48.62, -123.96, 40.0, 2012-09-08 05:22:30, 0.0, None 
 48.705, -123.89, 32.5, 2012-09-08 05:25:00, 0.0, None 
 48.7, -123.91, 23.0, 2012-09-08 05:27:30, 0.0, None 
 48.66, -123.99, 38.0, 2012-09-08 05:32:30, 0.0, None 
 48.84, -123.895, 49.0, 2012-09-08 05:37:30, 0.0, None 
 48.735, -123.88799999999999, 31.2, 2012-09-08 05:40:00, 0.0, None 
 48.757, -124.02799999999999, 40.2, 2012-09-08 05:42:30, 0.0, None 
 48.74, -124.15, 30.9, 2012-09-08 05:45:00, 0.0, None 
 48.845, -124.235, 38.0, 2012-09-08 05:47:30, 0.0, None 
 48.64, -124.09, 51.0, 2012-09-08 05:47:30, 0.0, None 
 48.763000000000005, -123.87700000000001, 41.5, 2012-09-08 05:50:00, 0.0, None 
 48.695, -124.01, 42.0, 2012-09-08 05:52:30, 0.0, None 
 48.8, -123.955, 30.0, 2012-09-08 05:55:00, 0.0, None 
 48.715, -123.96, 33.0, 2012-09-08 06:00:00, 0.0, None 
 48.51, -123.8, 60.0, 2012-09-08 06:00:00, 0.0, None 
 48.78, -123.925, 32.0, 2012-09-08 06:02:30, 0.0, None 
 48.81, -123.948, 40.5, 2012-09-08 06:05:00, 0.0, None 
 48.83, -123.87, 36.5, 2012-09-08 06:07:30, 0.0, None 
 48.74, -123.92, 60.0, 2012-09-08 06:10:00, 0.0, None 
 48.71, -123.98, 20.0, 2012-09-08 06:12:30, 0.0, None 
 48.725, -123.92, 26.5, 2012-09-08 06:15:00, 0.0, None 
 48.735, -123.915, 23.8, 2012-09-08 06:20:00, 0.0, None 
 48.755, -124.075, 40.0, 2012-09-08 06:22:30, 0.0, None 
 48.74, -124.05799999999999, 20.0, 2012-09-08 06:25:00, 0.0, None 
 48.657, -124.10700000000001, 27.0, 2012-09-08 06:27:30, 0.0, None 
 48.675, -124.12, 36.0, 2012-09-08 06:30:00, 0.0, None 
 48.825, -123.81, 41.5, 2012-09-08 06:32:30, 0.0, None 
 48.63, -124.1, 32.0, 2012-09-08 06:37:30, 0.0, None 
 48.62, -124.09, 34.0, 2012-09-08 06:40:00, 0.0, None 
 48.88, -124.12, 60.0, 2012-09-08 06:40:00, 0.0, None 
 48.68, -123.96, 60.0, 2012-09-08 06:42:30, 0.0, None 
 48.68, -123.985, 60.0, 2012-09-08 06:47:30, 0.0, None 
 48.73, -124.09700000000001, 40.5, 2012-09-08 06:50:00, 0.0, None 
 48.66, -124.025, 33.5, 2012-09-08 06:52:30, 0.0, None 
 48.89, -124.28, 49.5, 2012-09-08 06:52:30, 0.0, None 
 48.785, -124.04, 60.0, 2012-09-08 06:57:30, 0.0, None 
 48.675, -124.105, 29.2, 2012-09-08 07:00:00, 0.0, None 
 48.7, -124.11, 34.0, 2012-09-08 07:02:30, 0.0, None 
 48.665, -124.11, 37.5, 2012-09-08 07:05:00, 0.0, None 
 48.675, -124.1, 28.2, 2012-09-08 07:07:30, 0.0, None 
 48.83, -124.4, 20.0, 2012-09-08 07:07:30, 0.0, None 
 48.605, -124.08, 46.2, 2012-09-08 07:10:00, 0.0, None 
 48.724, -124.19, 20.0, 2012-09-08 07:12:30, 0.0, None 
 48.695, -124.085, 32.5, 2012-09-08 07:15:00, 0.0, None 
 48.69, -123.94, 20.0, 2012-09-08 07:17:30, 0.0, None 
 48.815, -124.15, 20.0, 2012-09-08 07:20:00, 0.0, None 
 48.91, -123.68, 30.0, 2012-09-08 07:25:00, 0.0, None 
 48.57, -123.865, 57.2, 2012-09-08 07:27:30, 0.0, None 
 48.74, -124.088, 45.2, 2012-09-08 07:30:00, 0.0, None 
 48.88, -124.17, 20.0, 2012-09-08 07:32:30, 0.0, None 
 48.655, -123.985, 33.5, 2012-09-08 07:32:30, 0.0, None 
 48.74, -123.64, 60.0, 2012-09-08 07:37:30, 0.0, None 
 48.59, -124.1, 20.0, 2012-09-08 07:42:30, 0.0, None 
 48.83, -123.64, 60.0, 2012-09-08 07:45:00, 0.0, None 
 48.693000000000005, -124.04, 27.8, 2012-09-08 07:47:30, 0.0, None 
 48.685, -124.051, 31.5, 2012-09-08 07:50:00, 0.0, None 
 48.681000000000004, -124.015, 39.5, 2012-09-08 07:52:30, 0.0, None 
 48.81, -123.62, 50.0, 2012-09-08 07:55:00, 0.0, None 
 48.89, -123.57, 60.0, 2012-09-08 07:57:30, 0.0, None 
 49.0, -124.55, 20.0, 2012-09-08 08:00:00, 0.0, None 
 48.67, -124.04, 26.0, 2012-09-08 08:02:30, 0.0, None 
 48.88, -124.16, 20.0, 2012-09-08 08:05:00, 0.0, None 
 48.715, -124.065, 27.2, 2012-09-08 08:05:00, 0.0, None 
 48.778, -124.13, 22.0, 2012-09-08 08:07:30, 0.0, None 
 48.68, -123.79, 36.0, 2012-09-08 08:10:00, 0.0, None 
 48.88, -124.3, 60.0, 2012-09-08 08:12:30, 0.0, None 
 48.62, -124.0, 60.0, 2012-09-08 08:12:30, 0.0, None 
 48.65, -124.102, 31.0, 2012-09-08 08:15:00, 0.0, None 
 48.78, -123.7, 54.0, 2012-09-08 08:17:30, 0.0, None 
 48.79, -123.685, 23.2, 2012-09-08 08:20:00, 0.0, None 
 48.78, -123.71, 25.5, 2012-09-08 08:22:30, 0.0, None 
 48.76, -123.81, 36.5, 2012-09-08 08:25:00, 0.0, None 
 48.78, -124.22, 28.0, 2012-09-08 08:27:30, 0.0, None 
 48.73, -123.75, 29.0, 2012-09-08 08:27:30, 0.0, None 
 49.0, -124.31, 20.0, 2012-09-08 08:30:00, 0.0, None 
 48.63, -123.98, 29.0, 2012-09-08 08:30:00, 0.0, None 
 48.688, -124.02, 24.8, 2012-09-08 08:32:30, 0.0, None 
 48.695, -124.06, 23.5, 2012-09-08 08:35:00, 0.0, None 
 48.665, -124.075, 20.0, 2012-09-08 08:37:30, 0.0, None 
 48.92, -124.39, 20.0, 2012-09-08 08:37:30, 0.0, None 
 48.65, -124.03, 36.0, 2012-09-08 08:40:00, 0.0, None 
 48.665, -123.88, 38.5, 2012-09-08 08:42:30, 0.0, None 
 48.68, -123.91, 39.5, 2012-09-08 08:45:00, 0.0, None 
 48.67, -124.19, 60.0, 2012-09-08 08:55:00, 0.0, None 
 48.625, -123.91, 60.0, 2012-09-08 08:57:30, 0.0, None 
 48.855, -123.805, 29.0, 2012-09-08 09:00:00, 0.0, None 
 48.59, -124.02, 30.0, 2012-09-08 09:10:00, 0.0, None 
 48.625, -123.985, 37.0, 2012-09-08 09:12:30, 0.0, None 
 48.595, -124.005, 34.8, 2012-09-08 09:15:00, 0.0, None 
 48.88, -124.21, 35.0, 2012-09-08 09:17:30, 0.0, None 
 48.672, -124.085, 26.0, 2012-09-08 09:17:30, 0.0, None 
 48.62, -124.01, 47.0, 2012-09-08 09:20:00, 0.0, None 
 48.65, -123.92, 40.0, 2012-09-08 09:22:30, 0.0, None 
 48.77, -123.53200000000001, 31.2, 2012-09-08 09:27:30, 0.0, None 
 48.8, -123.59, 30.0, 2012-09-08 09:30:00, 0.0, None 
 48.61, -124.02, 33.5, 2012-09-08 09:37:30, 0.0, None 
 48.86, -124.16, 20.0, 2012-09-08 09:40:00, 0.0, None 
 48.61, -124.04, 34.0, 2012-09-08 09:40:00, 0.0, None 
 48.675, -124.09299999999999, 36.2, 2012-09-08 09:42:30, 0.0, None 
 48.73, -124.06, 33.5, 2012-09-08 09:45:00, 0.0, None 
 48.95, -124.26, 28.0, 2012-09-08 09:50:00, 0.0, None 
 48.64, -123.97, 40.0, 2012-09-08 09:50:00, 0.0, None 
 48.96, -124.27, 27.0, 2012-09-08 09:52:30, 0.0, None 
 48.617, -123.975, 28.0, 2012-09-08 09:52:30, 0.0, None 
 48.86, -124.17, 20.0, 2012-09-08 09:55:00, 0.0, None 
 48.62, -124.005, 31.5, 2012-09-08 09:55:00, 0.0, None 
 48.64, -124.02, 52.0, 2012-09-08 09:57:30, 0.0, None 
 48.71, -124.095, 32.1, 2012-09-08 10:00:00, 0.0, None 
 48.865, -124.15, 20.0, 2012-09-08 10:02:30, 0.0, None 
 48.655, -124.07799999999999, 39.0, 2012-09-08 10:02:30, 0.0, None 
 48.64, -124.01, 32.0, 2012-09-08 10:05:00, 0.0, None 
 48.625, -123.99, 31.8, 2012-09-08 10:07:30, 0.0, None 
 48.678000000000004, -124.00200000000001, 20.5, 2012-09-08 10:10:00, 0.0, None 
 48.7, -124.05, 20.0, 2012-09-08 10:12:30, 0.0, None 
 48.86, -123.78, 33.0, 2012-09-08 10:27:30, 0.0, None 
 48.58, -123.97, 39.0, 2012-09-08 10:30:00, 0.0, None 
 48.65, -124.02, 44.0, 2012-09-08 10:32:30, 0.0, None 
 48.685, -123.98, 45.0, 2012-09-08 10:35:00, 0.0, None 
 48.67, -124.0, 51.0, 2012-09-08 10:37:30, 0.0, None 
 48.63399999999999, -124.075, 39.0, 2012-09-08 10:42:30, 0.0, None 
 48.615, -124.02, 47.0, 2012-09-08 10:45:00, 0.0, None 
 48.94, -124.27, 23.5, 2012-09-08 10:47:30, 0.0, None 
 48.61, -124.00200000000001, 38.0, 2012-09-08 10:47:30, 0.0, None 
 48.718999999999994, -124.11, 20.8, 2012-09-08 10:50:00, 0.0, None 
 48.985, -124.3, 20.0, 2012-09-08 10:52:30, 0.0, None 
 48.615, -124.01, 38.0, 2012-09-08 10:52:30, 0.0, None 
 48.905, -124.25, 28.0, 2012-09-08 10:55:00, 0.0, None 
 48.58, -124.05, 26.0, 2012-09-08 10:55:00, 0.0, None 
 48.61, -124.04, 60.0, 2012-09-08 10:57:30, 0.0, None 
 48.61, -124.1, 50.0, 2012-09-08 11:00:00, 0.0, None 
 48.655, -124.01, 42.0, 2012-09-08 11:05:00, 0.0, None 
 48.67, -124.02, 38.0, 2012-09-08 11:07:30, 0.0, None 
 48.7, -124.035, 34.0, 2012-09-08 11:10:00, 0.0, None 
 48.775, -123.795, 28.0, 2012-09-08 11:17:30, 0.0, None 
 48.78, -123.87, 35.0, 2012-09-08 11:20:00, 0.0, None 
 48.64, -124.4, 60.0, 2012-09-08 11:22:30, 0.0, None 
 48.89, -124.17, 20.0, 2012-09-08 11:25:00, 0.0, None 
 48.68, -123.995, 32.5, 2012-09-08 11:25:00, 0.0, None 
 48.54, -123.99, 43.0, 2012-09-08 11:42:30, 0.0, None 
 48.64, -124.27, 43.0, 2012-09-08 12:20:00, 0.0, None 
 48.68, -124.12, 30.0, 2012-09-08 12:22:30, 0.0, None 
 48.87, -124.17, 20.0, 2012-09-08 12:25:00, 0.0, None 
 48.58, -123.98, 33.0, 2012-09-08 12:25:00, 0.0, None 
 48.95, -124.26, 27.0, 2012-09-08 12:27:30, 0.0, None 
 48.62, -123.99, 24.0, 2012-09-08 12:27:30, 0.0, None 
 48.58, -124.09, 32.5, 2012-09-08 12:30:00, 0.0, None 
 48.7, -124.14, 20.0, 2012-09-08 12:32:30, 0.0, None 
 48.6, -124.13, 30.5, 2012-09-08 12:35:00, 0.0, None 
 48.63, -123.99, 20.0, 2012-09-08 13:05:00, 0.0, None 
 48.69, -124.12, 47.5, 2012-09-08 13:07:30, 0.0, None 
 48.66, -124.08, 41.5, 2012-09-08 13:10:00, 0.0, None 
 48.86, -124.32, 60.0, 2012-09-08 13:12:30, 0.0, None 
 48.63, -124.06, 48.0, 2012-09-08 13:12:30, 0.0, None 
 48.655, -124.26, 36.0, 2012-09-08 13:17:30, 0.0, None 
 48.69, -123.96, 41.0, 2012-09-08 13:22:30, 0.0, None 
 48.66, -123.95, 37.0, 2012-09-08 13:25:00, 0.0, None 
 48.73, -123.97, 40.0, 2012-09-08 13:27:30, 0.0, None 
 48.695, -123.963, 20.8, 2012-09-08 13:30:00, 0.0, None 
 48.625, -123.925, 21.8, 2012-09-08 13:32:30, 0.0, None 
 48.6, -123.945, 20.8, 2012-09-08 13:35:00, 0.0, None 
 48.675, -124.06700000000001, 33.8, 2012-09-08 13:37:30, 0.0, None 
 48.56, -124.07, 52.2, 2012-09-08 13:40:00, 0.0, None 
 48.67, -124.12, 35.0, 2012-09-08 13:42:30, 0.0, None 
 48.85, -124.33, 20.0, 2012-09-08 13:42:30, 0.0, None 
 48.705, -124.17, 39.0, 2012-09-08 13:45:00, 0.0, None 
 48.705, -124.07799999999999, 30.0, 2012-09-08 13:47:30, 0.0, None 
 48.62, -124.0, 38.0, 2012-09-08 13:50:00, 0.0, None 
 48.64, -123.99, 35.0, 2012-09-08 13:52:30, 0.0, None 
 48.73, -124.06, 35.0, 2012-09-08 13:55:00, 0.0, None 
 48.685, -124.015, 60.0, 2012-09-08 13:57:30, 0.0, None 
 48.7, -124.01, 56.0, 2012-09-08 14:02:30, 0.0, None 
 48.67, -124.3, 46.0, 2012-09-08 14:10:00, 0.0, None 
 48.65, -124.19, 31.0, 2012-09-08 14:12:30, 0.0, None 
 48.55, -124.3, 20.0, 2012-09-08 14:32:30, 0.0, None 
 48.58, -123.985, 27.0, 2012-09-08 14:35:00, 0.0, None 
 48.703, -124.095, 20.0, 2012-09-08 14:37:30, 0.0, None 
 48.74, -124.145, 30.0, 2012-09-08 14:40:00, 0.0, None 
 48.72, -123.96, 22.0, 2012-09-08 14:47:30, 0.0, None 
 48.6, -124.02, 60.0, 2012-09-08 14:50:00, 0.0, None 
 48.68, -124.03, 27.0, 2012-09-08 14:52:30, 0.0, None 
 48.745, -124.072, 50.5, 2012-09-08 14:55:00, 0.0, None 
 48.66, -124.09, 57.0, 2012-09-08 14:57:30, 0.0, None 
 48.78, -124.01, 31.0, 2012-09-08 15:00:00, 0.0, None 
 48.715, -124.08, 23.0, 2012-09-08 15:02:30, 0.0, None 
 48.675, -124.07, 20.0, 2012-09-08 15:05:00, 0.0, None 
 48.71, -124.045, 20.0, 2012-09-08 15:07:30, 0.0, None 
 48.733000000000004, -124.125, 39.2, 2012-09-08 15:10:00, 0.0, None 
 48.725, -124.035, 30.0, 2012-09-08 15:12:30, 0.0, None 
 48.72, -124.045, 44.0, 2012-09-08 15:15:00, 0.0, None 
 48.79, -124.2, 30.5, 2012-09-08 15:17:30, 0.0, None 
 48.711000000000006, -124.124, 28.8, 2012-09-08 15:20:00, 0.0, None 
 48.63, -124.18, 21.0, 2012-09-08 15:22:30, 0.0, None 
 48.68, -124.21, 20.0, 2012-09-08 15:25:00, 0.0, None 
 48.7, -124.145, 33.5, 2012-09-08 15:27:30, 0.0, None 
 48.635, -124.18, 33.5, 2012-09-08 15:30:00, 0.0, None 
 48.7, -124.3, 28.0, 2012-09-08 15:32:30, 0.0, None 
 48.817, -124.10799999999999, 46.0, 2012-09-08 15:40:00, 0.0, None 
 48.79, -123.8, 20.0, 2012-09-08 16:25:00, 0.0, None 
 48.72, -123.73, 31.0, 2012-09-08 16:30:00, 0.0, None 
 48.81, -123.72, 38.0, 2012-09-08 16:32:30, 0.0, None 
 48.79, -123.755, 20.0, 2012-09-08 16:35:00, 0.0, None 
 48.82, -123.695, 50.0, 2012-09-08 16:37:30, 0.0, None 
 48.7, -123.84, 50.0, 2012-09-08 16:42:30, 0.0, None 
 48.765, -123.92, 27.5, 2012-09-08 16:45:00, 0.0, None 
 48.76, -124.115, 30.0, 2012-09-08 16:47:30, 0.0, None 
 48.74, -123.59, 60.0, 2012-09-08 16:47:30, 0.0, None 
 48.62, -124.18, 46.0, 2012-09-08 16:50:00, 0.0, None 
 48.655, -124.115, 28.2, 2012-09-08 16:55:00, 0.0, None 
 48.701, -124.147, 45.5, 2012-09-08 16:57:30, 0.0, None 
 48.715, -124.23700000000001, 34.5, 2012-09-08 17:00:00, 0.0, None 
 48.71, -124.32, 48.0, 2012-09-08 17:02:30, 0.0, None 
 48.76, -124.395, 42.0, 2012-09-08 17:05:00, 0.0, None 
 48.79, -124.35, 20.2, 2012-09-08 17:07:30, 0.0, None 
 48.77, -124.365, 25.8, 2012-09-08 17:10:00, 0.0, None 
 48.648, -124.2, 25.5, 2012-09-08 17:12:30, 0.0, None 
 48.83, -124.425, 20.0, 2012-09-08 17:12:30, 0.0, None 
 48.677, -124.22200000000001, 23.5, 2012-09-08 17:15:00, 0.0, None 
 48.76, -124.25200000000001, 52.0, 2012-09-08 17:17:30, 0.0, None 
 48.763000000000005, -124.292, 26.0, 2012-09-08 17:20:00, 0.0, None 
 48.715, -124.28200000000001, 33.2, 2012-09-08 17:22:30, 0.0, None 
 48.695, -124.3, 36.0, 2012-09-08 17:25:00, 0.0, None 
 48.69, -124.29, 38.0, 2012-09-08 17:27:30, 0.0, None 
 48.67, -124.28, 39.0, 2012-09-08 17:30:00, 0.0, None 
 48.74, -124.21, 52.5, 2012-09-08 17:32:30, 0.0, None 
 48.71, -124.33, 26.0, 2012-09-08 17:35:00, 0.0, None 
 48.71, -124.26, 31.5, 2012-09-08 17:37:30, 0.0, None 
 48.69, -124.23, 24.2, 2012-09-08 17:40:00, 0.0, None 
 48.7, -124.19, 31.0, 2012-09-08 17:42:30, 0.0, None 
 48.75, -124.37, 44.5, 2012-09-08 17:45:00, 0.0, None 
 48.75, -124.25, 46.0, 2012-09-08 17:47:30, 0.0, None 
 48.755, -124.235, 45.5, 2012-09-08 17:50:00, 0.0, None 
 48.88, -124.15, 60.0, 2012-09-08 17:55:00, 0.0, None 
 48.74, -123.63, 20.0, 2012-09-08 17:55:00, 0.0, None 
 48.76, -123.81, 44.0, 2012-09-08 18:02:30, 0.0, None 
 48.795, -124.2, 31.0, 2012-09-08 18:05:00, 0.0, None 
 48.7, -124.198, 20.0, 2012-09-08 18:07:30, 0.0, None 
 48.78, -124.33, 20.0, 2012-09-08 18:10:00, 0.0, None 
 48.88, -124.23, 32.0, 2012-09-08 18:12:30, 0.0, None 
 48.74, -124.12, 35.0, 2012-09-08 18:15:00, 0.0, None 
 48.795, -124.3, 31.8, 2012-09-08 18:20:00, 0.0, None 
 48.81, -124.26, 32.0, 2012-09-08 18:22:30, 0.0, None 
 48.65, -123.9, 60.0, 2012-09-08 18:22:30, 0.0, None 
 48.705, -124.086, 45.1, 2012-09-08 18:25:00, 0.0, None 
 48.92, -124.16, 41.0, 2012-09-08 18:35:00, 0.0, None 
 48.775, -123.96799999999999, 28.0, 2012-09-08 18:37:30, 0.0, None 
 48.7, -124.265, 20.0, 2012-09-08 18:40:00, 0.0, None 
 48.73, -124.162, 20.2, 2012-09-08 18:45:00, 0.0, None 
 48.7, -124.155, 24.0, 2012-09-08 18:47:30, 0.0, None 
 48.905, -124.39, 20.0, 2012-09-08 18:47:30, 0.0, None 
 48.72, -124.27, 25.0, 2012-09-08 18:50:00, 0.0, None 
 48.715, -124.28, 22.5, 2012-09-08 18:52:30, 0.0, None 
 48.66, -124.155, 45.0, 2012-09-08 18:55:00, 0.0, None 
 48.665, -124.045, 60.0, 2012-09-08 18:57:30, 0.0, None 
 48.49, -123.83, 60.0, 2012-09-08 18:57:30, 0.0, None 
 48.68, -124.14200000000001, 50.5, 2012-09-08 19:00:00, 0.0, None 
 48.72, -124.18, 20.0, 2012-09-08 19:02:30, 0.0, None 
 48.763000000000005, -124.15, 20.0, 2012-09-08 19:05:00, 0.0, None 
 48.74, -124.185, 60.0, 2012-09-08 19:07:30, 0.0, None 
 48.77, -124.38, 36.0, 2012-09-08 19:10:00, 0.0, None 
 48.79, -124.053, 21.8, 2012-09-08 19:15:00, 0.0, None 
 48.8, -123.93, 44.5, 2012-09-08 19:17:30, 0.0, None 
 48.74, -124.07, 21.5, 2012-09-08 19:20:00, 0.0, None 
 48.84, -124.265, 20.0, 2012-09-08 19:22:30, 0.0, None 
 48.75, -123.92, 31.0, 2012-09-08 19:22:30, 0.0, None 
 48.74, -124.23, 24.5, 2012-09-08 19:27:30, 0.0, None 
 48.73, -124.245, 34.5, 2012-09-08 19:30:00, 0.0, None 
 48.72, -124.27, 32.0, 2012-09-08 19:35:00, 0.0, None 
 48.65, -124.365, 38.5, 2012-09-08 19:37:30, 0.0, None 
 48.79, -124.16, 20.0, 2012-09-08 19:40:00, 0.0, None 
 48.84, -123.77, 60.0, 2012-09-08 19:47:30, 0.0, None 
 48.782, -124.355, 23.5, 2012-09-08 19:50:00, 0.0, None 
 48.755, -124.335, 24.0, 2012-09-08 19:52:30, 0.0, None 
 48.66, -124.33, 53.0, 2012-09-08 19:55:00, 0.0, None 
 48.76, -124.39, 51.0, 2012-09-08 19:57:30, 0.0, None 
 48.778, -124.359, 21.4, 2012-09-08 20:00:00, 0.0, None 
 48.825, -124.39299999999999, 20.0, 2012-09-08 20:02:30, 0.0, None 
 48.6, -124.065, 20.0, 2012-09-08 20:10:00, 0.0, None 
 48.85, -124.32, 46.0, 2012-09-08 20:10:00, 0.0, None 
 48.7, -124.015, 43.0, 2012-09-08 20:10:00, 0.0, None 
 48.605, -124.075, 40.0, 2012-09-08 20:12:30, 0.0, None 
 48.89, -123.62, 42.0, 2012-09-08 20:22:30, 0.0, None 
 48.86, -123.64, 41.5, 2012-09-08 20:25:00, 0.0, None 
 48.71, -124.155, 60.0, 2012-09-08 20:35:00, 0.0, None 
 48.72, -124.195, 60.0, 2012-09-08 20:37:30, 0.0, None 
 48.78, -124.38, 30.5, 2012-09-08 20:40:00, 0.0, None 
 48.812, -124.32799999999999, 20.2, 2012-09-08 20:42:30, 0.0, None 
 48.83, -124.4, 20.0, 2012-09-08 20:45:00, 0.0, None 
 48.79, -124.08, 20.0, 2012-09-08 20:47:30, 0.0, None 
 48.8, -123.74, 20.0, 2012-09-08 20:50:00, 0.0, None 
 48.72, -123.51, 34.0, 2012-09-08 20:55:00, 0.0, None 
 48.82, -123.67, 38.5, 2012-09-08 21:00:00, 0.0, None 
 48.76, -123.605, 20.0, 2012-09-08 21:02:30, 0.0, None 
 48.88, -123.65, 30.0, 2012-09-08 21:15:00, 0.0, None 
 48.78, -124.12, 60.0, 2012-09-08 21:22:30, 0.0, None 
 48.8, -123.9, 20.0, 2012-09-08 21:27:30, 0.0, None 
 48.78, -123.99, 60.0, 2012-09-08 21:30:00, 0.0, None 
 48.83, -123.97, 42.5, 2012-09-08 21:32:30, 0.0, None 
 48.86, -123.64, 60.0, 2012-09-08 21:37:30, 0.0, None 
 48.77, -123.765, 49.5, 2012-09-08 21:40:00, 0.0, None 
 48.888000000000005, -123.835, 25.8, 2012-09-08 21:42:30, 0.0, None 
 48.84, -123.71, 25.0, 2012-09-08 21:45:00, 0.0, None 
 48.925, -123.7, 20.0, 2012-09-08 21:50:00, 0.0, None 
 48.92, -123.71, 20.0, 2012-09-08 21:52:30, 0.0, None 
 48.96, -123.69, 20.0, 2012-09-08 22:05:00, 0.0, None 
 48.75, -123.805, 45.5, 2012-09-08 22:15:00, 0.0, None 
 48.74, -123.977, 20.8, 2012-09-08 22:17:30, 0.0, None 
 48.71, -124.035, 26.0, 2012-09-08 22:20:00, 0.0, None 
 48.62, -123.99, 28.0, 2012-09-08 22:22:30, 0.0, None 
 48.68, -124.105, 40.0, 2012-09-08 22:25:00, 0.0, None 
 48.67, -124.02, 20.0, 2012-09-08 22:27:30, 0.0, None 
 48.861999999999995, -124.045, 27.0, 2012-09-08 22:30:00, 0.0, None 
 48.81, -124.03, 45.0, 2012-09-08 22:32:30, 0.0, None 
 48.63, -123.81, 60.0, 2012-09-08 22:37:30, 0.0, None 
 48.58, -123.86200000000001, 42.5, 2012-09-08 22:40:00, 0.0, None 
 48.84, -123.68, 35.0, 2012-09-08 23:27:30, 0.0, None 
 48.94, -123.86, 20.0, 2012-09-08 23:35:00, 0.0, None 
 48.93, -123.79, 25.5, 2012-09-08 23:37:30, 0.0, None 
 48.65, -124.02, 39.0, 2012-09-09 00:05:00, 0.0, None 
 48.63, -124.13, 60.0, 2012-09-09 00:07:30, 0.0, None 
 48.565, -123.905, 30.0, 2012-09-09 00:20:00, 0.0, None 
 48.608000000000004, -123.99799999999999, 37.0, 2012-09-09 00:22:30, 0.0, None 
 48.635, -123.965, 31.8, 2012-09-09 00:25:00, 0.0, None 
 48.69, -123.86, 26.0, 2012-09-09 00:27:30, 0.0, None 
 48.68, -123.928, 22.0, 2012-09-09 00:30:00, 0.0, None 
 48.56, -123.915, 20.0, 2012-09-09 00:32:30, 0.0, None 
 48.62, -123.905, 23.0, 2012-09-09 00:35:00, 0.0, None 
 48.81, -124.51, 53.0, 2012-09-09 00:45:00, 0.0, None 
 48.66, -123.68, 60.0, 2012-09-09 02:30:00, 0.0, None 
 48.571999999999996, -123.985, 60.0, 2012-09-09 02:57:30, 0.0, None 
 48.67, -123.89, 29.0, 2012-09-09 03:05:00, 0.0, None 
 48.585, -123.89299999999999, 52.0, 2012-09-09 03:10:00, 0.0, None 
 48.585, -123.855, 27.8, 2012-09-09 03:12:30, 0.0, None 
 48.67, -123.8, 20.0, 2012-09-09 03:15:00, 0.0, None 
 48.57, -124.08, 60.0, 2012-09-09 03:20:00, 0.0, None 
 48.88, -124.11, 43.0, 2012-09-09 03:25:00, 0.0, None 
 48.633, -123.835, 45.2, 2012-09-09 03:25:00, 0.0, None 
 48.62, -123.95, 33.0, 2012-09-09 03:27:30, 0.0, None 
 48.67, -124.0, 60.0, 2012-09-09 03:30:00, 0.0, None 
 48.674, -123.999, 29.2, 2012-09-09 03:32:30, 0.0, None 
 48.675, -124.005, 20.0, 2012-09-09 03:35:00, 0.0, None 
 48.65, -123.94, 35.8, 2012-09-09 03:37:30, 0.0, None 
 48.724, -123.994, 30.8, 2012-09-09 03:40:00, 0.0, None 
 48.7, -123.85, 23.0, 2012-09-09 03:42:30, 0.0, None 
 48.69, -123.84, 20.0, 2012-09-09 03:45:00, 0.0, None 
 48.82, -124.19, 20.0, 2012-09-09 03:45:00, 0.0, None 
 48.88, -124.17, 20.0, 2012-09-09 03:47:30, 0.0, None 
 48.65, -123.96799999999999, 34.0, 2012-09-09 03:47:30, 0.0, None 
 48.94, -124.25, 31.0, 2012-09-09 03:50:00, 0.0, None 
 48.66, -123.98, 33.0, 2012-09-09 03:50:00, 0.0, None 
 48.66, -123.93, 38.0, 2012-09-09 03:52:30, 0.0, None 
 48.52, -123.83, 43.0, 2012-09-09 03:55:00, 0.0, None 
 48.61, -124.085, 60.0, 2012-09-09 03:57:30, 0.0, None 
 48.61, -124.31, 20.0, 2012-09-09 04:00:00, 0.0, None 
 48.7, -124.06, 35.0, 2012-09-09 04:05:00, 0.0, None 
 48.915, -124.23, 20.0, 2012-09-09 04:07:30, 0.0, None 
 48.63, -123.93, 38.0, 2012-09-09 04:07:30, 0.0, None 
 48.66, -123.66, 57.0, 2012-09-09 04:10:00, 0.0, None 
 48.71, -123.8, 57.0, 2012-09-09 04:12:30, 0.0, None 
 48.7, -124.01, 37.0, 2012-09-09 04:25:00, 0.0, None 
 48.69, -124.075, 33.0, 2012-09-09 04:27:30, 0.0, None 
 48.655, -124.225, 28.0, 2012-09-09 04:30:00, 0.0, None 
 48.675, -124.18799999999999, 40.0, 2012-09-09 04:32:30, 0.0, None 
 48.645, -124.18, 48.0, 2012-09-09 04:35:00, 0.0, None 
 48.63, -124.04, 55.2, 2012-09-09 04:37:30, 0.0, None 
 48.87, -124.31, 20.0, 2012-09-09 04:40:00, 0.0, None 
 48.695, -124.125, 26.0, 2012-09-09 04:40:00, 0.0, None 
 48.655, -124.08, 60.0, 2012-09-09 04:42:30, 0.0, None 
 48.733000000000004, -124.12700000000001, 35.0, 2012-09-09 04:45:00, 0.0, None 
 48.716, -124.14, 31.4, 2012-09-09 04:47:30, 0.0, None 
 48.88, -124.33, 20.0, 2012-09-09 04:50:00, 0.0, None 
 48.653, -124.12299999999999, 25.2, 2012-09-09 04:50:00, 0.0, None 
 48.698, -124.14, 28.5, 2012-09-09 04:52:30, 0.0, None 
 48.74, -124.15, 31.0, 2012-09-09 04:55:00, 0.0, None 
 48.645, -124.06, 46.5, 2012-09-09 04:57:30, 0.0, None 
 48.62, -124.07, 28.8, 2012-09-09 05:00:00, 0.0, None 
 48.5, -123.905, 60.0, 2012-09-09 05:02:30, 0.0, None 
 48.685, -124.2, 46.0, 2012-09-09 05:07:30, 0.0, None 
 48.725, -124.155, 37.0, 2012-09-09 05:10:00, 0.0, None 
 48.705, -124.16, 48.0, 2012-09-09 05:12:30, 0.0, None 
 48.69, -124.175, 43.0, 2012-09-09 05:15:00, 0.0, None 
 48.73, -124.2, 41.5, 2012-09-09 05:17:30, 0.0, None 
 48.66, -124.255, 45.0, 2012-09-09 05:20:00, 0.0, None 
 48.69, -123.96, 20.0, 2012-09-09 05:22:30, 0.0, None 
 48.72, -123.835, 20.0, 2012-09-09 05:25:00, 0.0, None 
 48.62, -124.065, 34.0, 2012-09-09 05:27:30, 0.0, None 
 48.62, -124.04, 33.0, 2012-09-09 05:30:00, 0.0, None 
 48.63, -123.97, 20.0, 2012-09-09 05:32:30, 0.0, None 
 48.66, -124.265, 38.0, 2012-09-09 05:35:00, 0.0, None 
 48.662, -124.235, 31.8, 2012-09-09 05:37:30, 0.0, None 
 48.656000000000006, -124.14299999999999, 21.5, 2012-09-09 05:40:00, 0.0, None 
 48.725, -124.21, 34.0, 2012-09-09 05:42:30, 0.0, None 
 48.78, -124.18, 60.0, 2012-09-09 05:50:00, 0.0, None 
 48.69, -124.04, 43.0, 2012-09-09 06:02:30, 0.0, None 
 48.66, -124.2, 34.0, 2012-09-09 06:05:00, 0.0, None 
 48.67, -124.19, 30.0, 2012-09-09 06:30:00, 0.0, None 
 48.625, -124.11, 20.0, 2012-09-09 06:35:00, 0.0, None 
 48.645, -124.16, 31.0, 2012-09-09 06:37:30, 0.0, None 
 48.69, -123.95, 35.0, 2012-09-09 06:45:00, 0.0, None 
 48.7, -124.0, 46.0, 2012-09-09 06:47:30, 0.0, None 
 48.48, -123.93, 20.0, 2012-09-09 06:47:30, 0.0, None 
 48.72, -124.085, 34.0, 2012-09-09 06:52:30, 0.0, None 
 48.7, -123.91, 32.0, 2012-09-09 06:55:00, 0.0, None 
 48.69, -124.01, 60.0, 2012-09-09 06:57:30, 0.0, None 
 48.65, -123.89, 38.0, 2012-09-09 07:02:30, 0.0, None 
 48.64, -123.92, 35.0, 2012-09-09 07:05:00, 0.0, None 
 48.69, -124.21, 20.0, 2012-09-09 07:10:00, 0.0, None 
 48.67, -124.09, 20.0, 2012-09-09 07:12:30, 0.0, None 
 48.625, -123.995, 41.0, 2012-09-09 07:15:00, 0.0, None 
 48.59, -123.88, 50.0, 2012-09-09 07:17:30, 0.0, None 
 48.67, -123.99, 20.0, 2012-09-09 07:20:00, 0.0, None 
 48.7, -123.99, 33.0, 2012-09-09 07:22:30, 0.0, None 
 48.61, -124.19, 20.0, 2012-09-09 07:40:00, 0.0, None 
 48.64, -124.315, 52.0, 2012-09-09 07:52:30, 0.0, None 
 48.68, -124.33, 37.5, 2012-09-09 07:55:00, 0.0, None 
 48.655, -123.885, 51.5, 2012-09-09 07:57:30, 0.0, None 
 48.635, -123.86, 27.0, 2012-09-09 08:00:00, 0.0, None 
 48.72, -124.39, 33.0, 2012-09-09 08:02:30, 0.0, None 
 48.71, -124.42, 30.0, 2012-09-09 08:05:00, 0.0, None 
 48.68, -124.36, 60.0, 2012-09-09 08:07:30, 0.0, None 
 48.67, -124.3, 27.0, 2012-09-09 08:10:00, 0.0, None 
 48.68, -124.29, 32.0, 2012-09-09 08:12:30, 0.0, None 
 48.7, -124.24, 32.0, 2012-09-09 08:15:00, 0.0, None 
 48.715, -124.3, 23.5, 2012-09-09 08:17:30, 0.0, None 
 48.67, -124.29, 42.0, 2012-09-09 08:20:00, 0.0, None 
 48.67, -124.23, 36.5, 2012-09-09 08:22:30, 0.0, None 
 48.755, -124.305, 37.0, 2012-09-09 08:25:00, 0.0, None 
 48.7, -124.165, 32.1, 2012-09-09 08:27:30, 0.0, None 
 48.635, -124.12, 60.0, 2012-09-09 08:32:30, 0.0, None 
 48.65, -123.69, 28.0, 2012-09-09 08:35:00, 0.0, None 
 48.7, -123.88, 34.0, 2012-09-09 08:37:30, 0.0, None 
 48.705, -123.94, 30.0, 2012-09-09 08:40:00, 0.0, None 
 48.705, -123.87299999999999, 24.0, 2012-09-09 08:45:00, 0.0, None 
 48.69, -123.835, 30.5, 2012-09-09 08:47:30, 0.0, None 
 48.67, -123.81, 20.0, 2012-09-09 08:50:00, 0.0, None 
 48.59, -124.33, 29.0, 2012-09-09 10:07:30, 0.0, None 
 48.71, -123.855, 48.0, 2012-09-09 10:22:30, 0.0, None 
 48.7, -123.83, 42.5, 2012-09-09 10:25:00, 0.0, None 
 47.4, -122.3, 24.0, 2012-09-09 10:25:00, 0.0, None 
 48.6, -122.5, 40.0, 2012-09-09 10:30:00, 0.0, None 
 48.515, -123.88, 20.0, 2012-09-09 11:00:00, 0.0, None 
 48.85, -123.7, 20.0, 2012-09-09 11:30:00, 0.0, None 
 48.605, -123.795, 32.5, 2012-09-09 11:35:00, 0.0, None 
 48.66, -123.805, 40.0, 2012-09-09 11:37:30, 0.0, None 
 48.568000000000005, -123.84, 27.8, 2012-09-09 12:10:00, 0.0, None 
 48.6, -123.8, 22.0, 2012-09-09 12:12:30, 0.0, None 
 48.62, -123.83, 20.0, 2012-09-09 12:15:00, 0.0, None 
 48.58, -124.06, 42.0, 2012-09-09 13:00:00, 0.0, None 
 48.58, -124.04, 40.0, 2012-09-09 13:02:30, 0.0, None 
 48.52, -123.98, 50.0, 2012-09-09 13:15:00, 0.0, None 
 48.49, -123.822, 60.0, 2012-09-09 13:17:30, 0.0, None 
 48.49, -123.92, 53.0, 2012-09-09 13:57:30, 0.0, None 
 48.58, -123.97, 59.0, 2012-09-09 14:02:30, 0.0, None 
 48.625, -123.86, 60.0, 2012-09-09 15:10:00, 0.0, None 
 48.61, -123.835, 60.0, 2012-09-09 15:12:30, 0.0, None 
 48.6, -124.03, 39.0, 2012-09-09 15:15:00, 0.0, None 
 48.59, -124.0, 60.0, 2012-09-09 15:17:30, 0.0, None 
 48.62, -124.12, 29.0, 2012-09-09 15:22:30, 0.0, None 
 48.653, -124.09700000000001, 25.5, 2012-09-09 15:25:00, 0.0, None 
 48.608000000000004, -124.04700000000001, 21.5, 2012-09-09 15:27:30, 0.0, None 
 48.59, -124.065, 20.0, 2012-09-09 15:30:00, 0.0, None 
 48.63, -124.07, 31.2, 2012-09-09 15:32:30, 0.0, None 
 48.64, -124.04, 38.5, 2012-09-09 15:35:00, 0.0, None 
 48.6, -123.93, 33.0, 2012-09-09 15:37:30, 0.0, None 
 48.63, -123.75, 40.0, 2012-09-09 15:45:00, 0.0, None 
 48.623000000000005, -123.84700000000001, 37.0, 2012-09-09 15:47:30, 0.0, None 
 48.626999999999995, -123.885, 20.0, 2012-09-09 15:50:00, 0.0, None 
 48.66, -123.945, 44.0, 2012-09-09 15:52:30, 0.0, None 
 48.69, -123.86, 38.0, 2012-09-09 16:20:00, 0.0, None 
 48.66, -123.87, 37.0, 2012-09-09 16:22:30, 0.0, None 
 48.62, -123.85, 33.0, 2012-09-09 16:25:00, 0.0, None 
 48.63, -123.98, 33.0, 2012-09-09 16:27:30, 0.0, None 
 48.64, -123.85, 40.0, 2012-09-09 16:32:30, 0.0, None 
 48.53, -124.07, 20.0, 2012-09-09 16:35:00, 0.0, None 
 48.58, -123.82, 48.0, 2012-09-09 16:37:30, 0.0, None 
 48.58, -123.78, 40.0, 2012-09-09 16:40:00, 0.0, None 
 48.74, -123.84, 44.0, 2012-09-09 16:42:30, 0.0, None 
 48.74, -123.87, 56.0, 2012-09-09 16:45:00, 0.0, None 
 48.7, -123.79, 40.0, 2012-09-09 16:47:30, 0.0, None 
 48.69, -123.79, 35.0, 2012-09-09 16:50:00, 0.0, None 
 48.655, -123.81700000000001, 30.0, 2012-09-09 16:52:30, 0.0, None 
 48.665, -123.79, 41.5, 2012-09-09 16:55:00, 0.0, None 
 48.765, -123.725, 60.0, 2012-09-09 17:02:30, 0.0, None 
 48.68, -124.38, 20.0, 2012-09-09 17:12:30, 0.0, None 
 48.62, -123.8, 20.0, 2012-09-09 17:22:30, 0.0, None 
 48.62, -123.82, 25.0, 2012-09-09 17:25:00, 0.0, None 
 48.57, -124.065, 20.0, 2012-09-09 17:27:30, 0.0, None 
 48.6, -123.72, 55.0, 2012-09-09 17:50:00, 0.0, None 
 48.67, -123.855, 24.8, 2012-09-09 17:52:30, 0.0, None 
 48.64, -123.81200000000001, 22.0, 2012-09-09 17:55:00, 0.0, None 
 48.56, -123.88, 60.0, 2012-09-09 17:57:30, 0.0, None 
 48.54, -123.9, 20.0, 2012-09-09 18:02:30, 0.0, None 
 48.54, -123.81, 20.0, 2012-09-09 18:20:00, 0.0, None 
 48.61, -123.78, 20.0, 2012-09-09 18:27:30, 0.0, None 
 48.65, -123.83, 60.0, 2012-09-09 18:32:30, 0.0, None 
 48.73, -123.975, 48.5, 2012-09-09 18:35:00, 0.0, None 
 48.7, -124.00200000000001, 29.0, 2012-09-09 18:37:30, 0.0, None 
 48.61, -124.01, 32.5, 2012-09-09 18:40:00, 0.0, None 
 48.7, -124.13799999999999, 37.0, 2012-09-09 18:42:30, 0.0, None 
 48.71, -124.025, 20.0, 2012-09-09 18:45:00, 0.0, None 
 48.68, -124.01799999999999, 30.0, 2012-09-09 18:47:30, 0.0, None 
 48.718, -124.11399999999999, 20.0, 2012-09-09 18:50:00, 0.0, None 
 48.69, -124.1, 26.5, 2012-09-09 18:52:30, 0.0, None 
 48.8, -124.5, 26.0, 2012-09-09 19:00:00, 0.0, None 
 48.81, -124.52, 27.0, 2012-09-09 19:17:30, 0.0, None 
 48.62, -123.785, 55.0, 2012-09-09 19:25:00, 0.0, None 
 48.635, -123.89, 25.5, 2012-09-09 19:35:00, 0.0, None 
 48.69, -123.93, 23.5, 2012-09-09 19:37:30, 0.0, None 
 48.6, -123.917, 31.0, 2012-09-09 19:40:00, 0.0, None 
 48.696999999999996, -124.02799999999999, 30.0, 2012-09-09 19:42:30, 0.0, None 
 48.635, -123.99, 20.0, 2012-09-09 19:45:00, 0.0, None 
 48.675, -124.065, 40.8, 2012-09-09 19:47:30, 0.0, None 
 48.595, -123.97, 44.5, 2012-09-09 19:50:00, 0.0, None 
 48.83, -124.22, 38.0, 2012-09-09 19:55:00, 0.0, None 
 48.69, -123.9, 60.0, 2012-09-09 19:57:30, 0.0, None 
 48.43, -123.825, 56.5, 2012-09-09 19:57:30, 0.0, None 
 48.71, -123.775, 27.5, 2012-09-09 20:00:00, 0.0, None 
 48.615, -123.85, 55.0, 2012-09-09 20:02:30, 0.0, None 
 48.605, -123.885, 31.2, 2012-09-09 20:05:00, 0.0, None 
 48.49, -123.93, 40.0, 2012-09-09 20:07:30, 0.0, None 
 48.66, -123.9, 38.0, 2012-09-09 20:12:30, 0.0, None 
 48.68, -123.91, 60.0, 2012-09-09 20:15:00, 0.0, None 
 48.64, -123.88, 20.0, 2012-09-09 20:17:30, 0.0, None 
 48.85, -123.745, 20.0, 2012-09-09 20:20:00, 0.0, None 
 48.6, -123.88799999999999, 34.5, 2012-09-09 20:22:30, 0.0, None 
 48.63, -124.04, 34.0, 2012-09-09 20:25:00, 0.0, None 
 48.71, -124.14299999999999, 27.2, 2012-09-09 20:27:30, 0.0, None 
 48.685, -124.115, 34.8, 2012-09-09 20:30:00, 0.0, None 
 48.58, -123.89200000000001, 27.0, 2012-09-09 20:32:30, 0.0, None 
 48.65, -123.95, 29.5, 2012-09-09 20:35:00, 0.0, None 
 48.665, -123.955, 29.5, 2012-09-09 20:37:30, 0.0, None 
 48.64, -123.885, 26.2, 2012-09-09 20:40:00, 0.0, None 
 48.657, -123.895, 25.0, 2012-09-09 20:42:30, 0.0, None 
 48.655, -123.91, 44.0, 2012-09-09 20:45:00, 0.0, None 
 48.72, -123.87, 31.0, 2012-09-09 20:47:30, 0.0, None 
 48.72, -123.84700000000001, 37.2, 2012-09-09 20:50:00, 0.0, None 
 48.61, -124.22, 30.5, 2012-09-09 21:00:00, 0.0, None 
 48.93, -124.33, 20.0, 2012-09-09 21:02:30, 0.0, None 
 48.665, -124.25, 44.8, 2012-09-09 21:02:30, 0.0, None 
 48.635, -124.165, 36.5, 2012-09-09 21:05:00, 0.0, None 
 48.72, -124.1, 20.0, 2012-09-09 21:07:30, 0.0, None 
 48.655, -123.89, 60.0, 2012-09-09 21:10:00, 0.0, None 
 48.58, -123.91, 54.0, 2012-09-09 21:12:30, 0.0, None 
 48.705, -124.055, 39.0, 2012-09-09 21:15:00, 0.0, None 
 48.715, -124.167, 32.8, 2012-09-09 21:17:30, 0.0, None 
 48.7, -124.14, 47.5, 2012-09-09 21:20:00, 0.0, None 
 48.63, -124.2, 33.0, 2012-09-09 21:22:30, 0.0, None 
 48.67, -124.12, 41.0, 2012-09-09 21:25:00, 0.0, None 
 48.7, -124.11, 49.0, 2012-09-09 21:27:30, 0.0, None 
 48.71, -124.05, 47.0, 2012-09-09 21:30:00, 0.0, None 
 48.7, -124.0, 45.0, 2012-09-09 21:32:30, 0.0, None 
 48.63, -124.06, 22.0, 2012-09-09 21:35:00, 0.0, None 
 48.71, -124.06, 39.5, 2012-09-09 21:37:30, 0.0, None 
 48.65, -124.42, 60.0, 2012-09-09 21:57:30, 0.0, None 
 48.698, -124.352, 60.0, 2012-09-09 22:02:30, 0.0, None 
 48.68, -124.15, 60.0, 2012-09-09 22:05:00, 0.0, None 
 48.79, -123.8, 60.0, 2012-09-09 22:12:30, 0.0, None 
 48.62, -123.9, 36.0, 2012-09-09 22:15:00, 0.0, None 
 48.625, -123.88, 20.0, 2012-09-09 22:17:30, 0.0, None 
 48.65, -123.96, 26.5, 2012-09-09 22:20:00, 0.0, None 
 48.61, -123.977, 36.8, 2012-09-09 22:27:30, 0.0, None 
 48.94, -124.36, 20.0, 2012-09-09 22:30:00, 0.0, None 
 48.653, -123.958, 23.5, 2012-09-09 22:30:00, 0.0, None 
 48.66, -123.7, 45.0, 2012-09-09 22:32:30, 0.0, None 
 48.74, -123.81, 26.0, 2012-09-09 22:35:00, 0.0, None 
 48.7, -123.66, 44.0, 2012-09-09 22:37:30, 0.0, None 
 48.8, -123.79, 20.0, 2012-09-09 23:10:00, 0.0, None 
 48.805, -123.755, 20.0, 2012-09-09 23:12:30, 0.0, None 
 48.55, -123.78, 20.0, 2012-09-09 23:15:00, 0.0, None 
 48.68, -123.7, 60.0, 2012-09-09 23:17:30, 0.0, None 
 48.6, -123.9, 32.0, 2012-09-09 23:20:00, 0.0, None 
 48.65, -123.85, 21.0, 2012-09-09 23:22:30, 0.0, None 
 48.65, -123.85799999999999, 23.0, 2012-09-09 23:25:00, 0.0, None 
 48.615, -123.815, 34.0, 2012-09-09 23:27:30, 0.0, None 
 48.8, -123.7, 24.0, 2012-09-09 23:30:00, 0.0, None 
 48.82, -124.07, 52.0, 2012-09-09 23:32:30, 0.0, None 
 48.61, -123.825, 31.5, 2012-09-09 23:32:30, 0.0, None 
 48.66, -123.977, 42.2, 2012-09-09 23:35:00, 0.0, None 
 48.63, -123.88, 31.0, 2012-09-09 23:37:30, 0.0, None 
 48.87, -123.735, 42.0, 2012-09-09 23:37:30, 0.0, None 
 48.751999999999995, -123.93799999999999, 26.8, 2012-09-09 23:40:00, 0.0, None 
 48.611999999999995, -123.895, 26.5, 2012-09-09 23:42:30, 0.0, None 
 48.695, -124.07, 32.5, 2012-09-09 23:45:00, 0.0, None 
 48.66, -124.005, 60.0, 2012-09-09 23:47:30, 0.0, None 
 48.76, -124.03, 23.8, 2012-09-09 23:50:00, 0.0, None 
 48.775, -124.1, 23.4, 2012-09-09 23:52:30, 0.0, None 
 48.71, -124.01, 20.0, 2012-09-10 00:00:00, 0.0, None 
 48.56, -124.14, 20.0, 2012-09-10 00:12:30, 0.0, None 
 48.675, -123.9, 24.0, 2012-09-10 00:15:00, 0.0, None 
 48.645, -123.863, 28.8, 2012-09-10 00:17:30, 0.0, None 
 48.558, -123.82, 55.0, 2012-09-10 00:20:00, 0.0, None 
 48.58, -123.865, 27.0, 2012-09-10 00:22:30, 0.0, None 
 48.55, -123.87700000000001, 42.5, 2012-09-10 00:25:00, 0.0, None 
 48.683, -123.875, 34.2, 2012-09-10 00:27:30, 0.0, None 
 48.725, -123.865, 43.0, 2012-09-10 00:30:00, 0.0, None 
 48.46, -123.98, 28.5, 2012-09-10 00:35:00, 0.0, None 
 48.74, -123.84, 20.0, 2012-09-10 00:50:00, 0.0, None 
 48.715, -123.89, 25.0, 2012-09-10 00:52:30, 0.0, None 
 48.635, -123.76700000000001, 57.5, 2012-09-10 00:57:30, 0.0, None 
 48.61, -123.79, 47.0, 2012-09-10 01:02:30, 0.0, None 
 48.633, -123.92200000000001, 30.5, 2012-09-10 01:05:00, 0.0, None 
 48.63, -123.9, 44.5, 2012-09-10 01:07:30, 0.0, None 
 48.59, -123.81, 20.0, 2012-09-10 01:10:00, 0.0, None 
 48.635, -123.82, 20.0, 2012-09-10 01:12:30, 0.0, None 
 48.395, -123.93, 20.0, 2012-09-10 01:12:30, 0.0, None 
 48.61, -123.72, 20.0, 2012-09-10 01:15:00, 0.0, None 
 48.68, -123.87, 24.0, 2012-09-10 01:17:30, 0.0, None 
 48.71, -123.85, 22.0, 2012-09-10 01:20:00, 0.0, None 
 48.65, -123.915, 39.0, 2012-09-10 01:22:30, 0.0, None 
 48.66, -123.83, 31.5, 2012-09-10 01:25:00, 0.0, None 
 48.58, -123.825, 25.2, 2012-09-10 01:27:30, 0.0, None 
 48.69, -123.9, 27.0, 2012-09-10 01:30:00, 0.0, None 
 48.735, -123.97200000000001, 23.8, 2012-09-10 01:32:30, 0.0, None 
 48.7, -123.9, 32.0, 2012-09-10 01:35:00, 0.0, None 
 48.595, -123.96, 42.0, 2012-09-10 01:37:30, 0.0, None 
 48.61, -123.96, 30.5, 2012-09-10 01:40:00, 0.0, None 
 48.513000000000005, -123.87700000000001, 30.5, 2012-09-10 01:42:30, 0.0, None 
 48.668, -123.803, 22.2, 2012-09-10 01:45:00, 0.0, None 
 48.695, -124.0, 42.2, 2012-09-10 01:52:30, 0.0, None 
 48.7, -124.07, 42.5, 2012-09-10 01:55:00, 0.0, None 
 48.86, -124.32, 31.0, 2012-09-10 01:55:00, 0.0, None 
 48.805, -123.8, 60.0, 2012-09-10 02:02:30, 0.0, None 
 48.79, -123.96, 60.0, 2012-09-10 02:05:00, 0.0, None 
 48.77, -123.95, 32.0, 2012-09-10 02:07:30, 0.0, None 
 48.76, -123.93, 31.0, 2012-09-10 02:10:00, 0.0, None 
 48.71, -123.81, 20.0, 2012-09-10 02:12:30, 0.0, None 
 48.7, -124.075, 31.0, 2012-09-10 02:15:00, 0.0, None 
 48.9, -124.33, 47.0, 2012-09-10 02:15:00, 0.0, None 
 48.727, -124.12299999999999, 32.2, 2012-09-10 02:17:30, 0.0, None 
 48.63, -124.11, 20.0, 2012-09-10 02:20:00, 0.0, None 
 48.6, -123.77, 20.0, 2012-09-10 02:22:30, 0.0, None 
 48.94, -123.69, 51.5, 2012-09-10 02:22:30, 0.0, None 
 48.6, -123.787, 20.0, 2012-09-10 02:25:00, 0.0, None 
 48.552, -123.78, 32.2, 2012-09-10 02:27:30, 0.0, None 
 48.66, -123.965, 30.5, 2012-09-10 02:30:00, 0.0, None 
 48.77, -124.125, 47.0, 2012-09-10 02:32:30, 0.0, None 
 48.67, -124.19, 38.0, 2012-09-10 02:35:00, 0.0, None 
 48.49, -123.78, 20.0, 2012-09-10 02:37:30, 0.0, None 
 48.605, -123.935, 20.0, 2012-09-10 02:40:00, 0.0, None 
 48.611999999999995, -123.93799999999999, 24.5, 2012-09-10 02:42:30, 0.0, None 
 48.653, -123.91, 29.5, 2012-09-10 02:45:00, 0.0, None 
 48.412, -123.822, 29.5, 2012-09-10 02:47:30, 0.0, None 
 48.675, -124.18, 51.0, 2012-09-10 02:50:00, 0.0, None 
 48.69, -124.275, 29.0, 2012-09-10 02:52:30, 0.0, None 
 48.657, -124.285, 29.5, 2012-09-10 02:55:00, 0.0, None 
 48.62, -124.145, 60.0, 2012-09-10 02:57:30, 0.0, None 
 48.695, -124.21799999999999, 25.5, 2012-09-10 03:00:00, 0.0, None 
 48.632, -124.095, 32.5, 2012-09-10 03:02:30, 0.0, None 
 48.78, -124.2, 32.0, 2012-09-10 03:05:00, 0.0, None 
 48.61, -123.97, 31.0, 2012-09-10 03:05:00, 0.0, None 
 48.62, -123.745, 20.0, 2012-09-10 03:07:30, 0.0, None 
 48.67, -124.17, 38.0, 2012-09-10 03:10:00, 0.0, None 
 48.588, -124.035, 23.8, 2012-09-10 03:12:30, 0.0, None 
 48.555, -123.905, 20.0, 2012-09-10 03:15:00, 0.0, None 
 48.735, -124.2, 20.0, 2012-09-10 03:15:00, 0.0, None 
 48.5, -123.885, 60.0, 2012-09-10 03:17:30, 0.0, None 
 48.61, -123.86, 45.8, 2012-09-10 03:20:00, 0.0, None 
 48.6, -123.79, 20.5, 2012-09-10 03:22:30, 0.0, None 
 48.528, -123.91799999999999, 37.5, 2012-09-10 03:25:00, 0.0, None 
 48.52, -123.94, 20.0, 2012-09-10 03:27:30, 0.0, None 
 48.537, -123.95, 20.0, 2012-09-10 03:30:00, 0.0, None 
 48.73, -124.305, 38.0, 2012-09-10 03:32:30, 0.0, None 
 48.595, -123.757, 40.0, 2012-09-10 03:35:00, 0.0, None 
 48.6, -123.76700000000001, 21.5, 2012-09-10 03:37:30, 0.0, None 
 48.657, -123.85799999999999, 20.0, 2012-09-10 03:40:00, 0.0, None 
 48.655, -123.825, 20.5, 2012-09-10 03:42:30, 0.0, None 
 48.623000000000005, -123.84299999999999, 20.0, 2012-09-10 03:45:00, 0.0, None 
 48.35, -123.87, 30.0, 2012-09-10 03:47:30, 0.0, None 
 48.461999999999996, -123.88, 36.5, 2012-09-10 03:50:00, 0.0, None 
 48.565, -123.96, 20.0, 2012-09-10 03:52:30, 0.0, None 
 48.586999999999996, -123.97200000000001, 20.0, 2012-09-10 03:55:00, 0.0, None 
 48.593, -123.9, 22.0, 2012-09-10 03:57:30, 0.0, None 
 48.605, -123.935, 26.0, 2012-09-10 04:00:00, 0.0, None 
 48.41, -123.935, 26.0, 2012-09-10 04:05:00, 0.0, None 
 48.54, -123.928, 20.0, 2012-09-10 04:07:30, 0.0, None 
 48.648, -124.0, 34.5, 2012-09-10 04:10:00, 0.0, None 
 48.65, -123.92200000000001, 26.5, 2012-09-10 04:12:30, 0.0, None 
 48.6, -123.85799999999999, 23.0, 2012-09-10 04:15:00, 0.0, None 
 48.586999999999996, -124.00200000000001, 20.0, 2012-09-10 04:20:00, 0.0, None 
 48.645, -123.9, 20.0, 2012-09-10 04:22:30, 0.0, None 
 48.64, -123.82, 60.0, 2012-09-10 04:25:00, 0.0, None 
 48.61, -123.9, 60.0, 2012-09-10 04:27:30, 0.0, None 
 48.68, -123.99, 22.5, 2012-09-10 04:30:00, 0.0, None 
 48.71, -124.148, 26.5, 2012-09-10 04:32:30, 0.0, None 
 48.725, -123.915, 24.5, 2012-09-10 04:35:00, 0.0, None 
 48.685, -123.76299999999999, 40.0, 2012-09-10 04:37:30, 0.0, None 
 48.513000000000005, -123.965, 20.0, 2012-09-10 04:40:00, 0.0, None 
 48.485, -123.99, 36.0, 2012-09-10 04:42:30, 0.0, None 
 48.69, -124.33, 20.0, 2012-09-10 04:45:00, 0.0, None 
 48.72, -124.26799999999999, 34.5, 2012-09-10 04:47:30, 0.0, None 
 48.695, -124.285, 37.2, 2012-09-10 04:50:00, 0.0, None 
 48.695, -124.255, 24.5, 2012-09-10 04:52:30, 0.0, None 
 48.72, -124.21799999999999, 25.0, 2012-09-10 04:55:00, 0.0, None 
 48.605, -123.838, 20.0, 2012-09-10 04:57:30, 0.0, None 
 48.605, -123.82799999999999, 20.0, 2012-09-10 05:00:00, 0.0, None 
 48.575, -124.03200000000001, 33.0, 2012-09-10 05:02:30, 0.0, None 
 48.545, -124.055, 37.2, 2012-09-10 05:05:00, 0.0, None 
 48.8, -124.32, 43.0, 2012-09-10 05:10:00, 0.0, None 
 48.88, -123.77, 20.0, 2012-09-10 05:27:30, 0.0, None 
 48.64, -123.8, 20.0, 2012-09-10 05:32:30, 0.0, None 
 48.61, -123.85, 20.0, 2012-09-10 05:35:00, 0.0, None 
 48.88, -123.99, 20.0, 2012-09-10 05:35:00, 0.0, None 
 48.61, -123.977, 20.0, 2012-09-10 05:37:30, 0.0, None 
 48.565, -124.01, 20.0, 2012-09-10 05:40:00, 0.0, None 
 48.51, -123.9, 24.2, 2012-09-10 05:42:30, 0.0, None 
 48.602, -123.875, 20.0, 2012-09-10 05:45:00, 0.0, None 
 48.59, -123.84700000000001, 20.0, 2012-09-10 05:47:30, 0.0, None 
 48.61, -123.89, 40.0, 2012-09-10 05:50:00, 0.0, None 
 48.715, -123.915, 44.0, 2012-09-10 05:52:30, 0.0, None 
 48.48, -123.98, 50.0, 2012-09-10 05:55:00, 0.0, None 
 48.51, -123.79, 51.5, 2012-09-10 05:57:30, 0.0, None 
 48.515, -123.81, 20.0, 2012-09-10 06:00:00, 0.0, None 
 48.57, -123.92, 29.0, 2012-09-10 06:05:00, 0.0, None 
 48.74, -124.0, 60.0, 2012-09-10 06:07:30, 0.0, None 
 48.633, -123.745, 22.2, 2012-09-10 06:15:00, 0.0, None 
 48.58, -123.85799999999999, 20.0, 2012-09-10 06:17:30, 0.0, None 
 48.575, -123.83, 20.0, 2012-09-10 06:20:00, 0.0, None 
 48.571999999999996, -123.882, 20.0, 2012-09-10 06:22:30, 0.0, None 
 48.617, -123.838, 20.0, 2012-09-10 06:25:00, 0.0, None 
 48.615, -123.86, 21.0, 2012-09-10 06:27:30, 0.0, None 
 48.575, -123.895, 20.0, 2012-09-10 06:30:00, 0.0, None 
 48.52, -123.91, 20.0, 2012-09-10 06:32:30, 0.0, None 
 48.515, -123.915, 26.0, 2012-09-10 06:35:00, 0.0, None 
 48.6, -123.795, 34.0, 2012-09-10 06:37:30, 0.0, None 
 48.547, -123.87299999999999, 29.8, 2012-09-10 06:40:00, 0.0, None 
 48.468, -123.89, 40.0, 2012-09-10 06:42:30, 0.0, None 
 48.83, -124.695, 23.5, 2012-09-10 06:45:00, 0.0, None 
 48.835, -124.685, 21.5, 2012-09-10 06:47:30, 0.0, None 
 48.8, -124.66, 20.0, 2012-09-10 06:50:00, 0.0, None 
 48.5, -123.81, 20.0, 2012-09-10 06:50:00, 0.0, None 
 48.63, -123.865, 26.5, 2012-09-10 06:52:30, 0.0, None 
 48.91, -124.71, 33.5, 2012-09-10 06:57:30, 0.0, None 
 48.92, -124.715, 20.0, 2012-09-10 07:00:00, 0.0, None 
 48.885, -124.685, 20.0, 2012-09-10 07:05:00, 0.0, None 
 48.87, -124.67, 20.0, 2012-09-10 07:07:30, 0.0, None 
 48.61, -124.07, 20.0, 2012-09-10 07:07:30, 0.0, None 
 48.975, -124.88, 20.0, 2012-09-10 07:10:00, 0.0, None 
 48.86, -124.715, 22.8, 2012-09-10 07:12:30, 0.0, None 
 48.93, -124.72, 24.5, 2012-09-10 07:17:30, 0.0, None 
 48.91, -124.74, 21.0, 2012-09-10 07:20:00, 0.0, None 
 48.845, -124.68, 20.0, 2012-09-10 07:22:30, 0.0, None 
 48.858000000000004, -124.66799999999999, 20.0, 2012-09-10 07:25:00, 0.0, None 
 48.92, -124.68, 24.5, 2012-09-10 07:27:30, 0.0, None 
 48.94, -124.78, 27.0, 2012-09-10 07:30:00, 0.0, None 
 48.97, -124.82, 30.5, 2012-09-10 07:32:30, 0.0, None 
 48.71, -124.35, 28.0, 2012-09-10 07:35:00, 0.0, None 
 48.93, -124.7, 20.0, 2012-09-10 07:37:30, 0.0, None 
 48.95, -124.72, 28.0, 2012-09-10 07:42:30, 0.0, None 
 48.97, -124.765, 28.0, 2012-09-10 07:45:00, 0.0, None 
 48.938, -124.76, 20.0, 2012-09-10 07:50:00, 0.0, None 
 48.9, -124.345, 20.0, 2012-09-10 07:50:00, 0.0, None 
 48.82, -124.53, 20.0, 2012-09-10 07:52:30, 0.0, None 
 48.95, -124.8, 20.0, 2012-09-10 07:55:00, 0.0, None 
 48.7, -124.65, 20.0, 2012-09-10 07:57:30, 0.0, None 
 48.59, -124.1, 52.0, 2012-09-10 07:57:30, 0.0, None 
 48.94, -124.70299999999999, 20.0, 2012-09-10 08:02:30, 0.0, None 
 48.958, -124.695, 20.0, 2012-09-10 08:05:00, 0.0, None 
 48.96, -124.83, 25.0, 2012-09-10 08:07:30, 0.0, None 
 48.94, -124.84, 20.0, 2012-09-10 08:10:00, 0.0, None 
 48.92, -124.88, 20.0, 2012-09-10 08:12:30, 0.0, None 
 48.87, -124.83, 20.0, 2012-09-10 08:25:00, 0.0, None 
 48.5, -123.91, 20.0, 2012-09-10 08:25:00, 0.0, None 
 48.6, -124.1, 20.0, 2012-09-10 08:27:30, 0.0, None 
 48.37, -123.83, 20.0, 2012-09-10 08:32:30, 0.0, None 
 48.9, -124.74, 20.0, 2012-09-10 08:40:00, 0.0, None 
 48.78, -124.725, 20.0, 2012-09-10 08:42:30, 0.0, None 
 48.57, -123.82, 40.0, 2012-09-10 08:42:30, 0.0, None 
 48.51, -123.89, 60.0, 2012-09-10 08:47:30, 0.0, None 
 48.525, -123.91, 27.8, 2012-09-10 08:50:00, 0.0, None 
 48.525, -123.82, 33.0, 2012-09-10 08:52:30, 0.0, None 
 48.585, -123.915, 20.0, 2012-09-10 08:55:00, 0.0, None 
 48.77, -124.415, 28.0, 2012-09-10 08:57:30, 0.0, None 
 48.76, -124.485, 21.0, 2012-09-10 09:00:00, 0.0, None 
 48.74, -124.52, 23.0, 2012-09-10 09:02:30, 0.0, None 
 48.81, -124.5, 29.0, 2012-09-10 09:15:00, 0.0, None 
 48.72, -124.52, 37.0, 2012-09-10 09:17:30, 0.0, None 
 48.8, -124.48, 27.0, 2012-09-10 09:20:00, 0.0, None 
 48.815, -124.398, 51.0, 2012-09-10 09:57:30, 0.0, None 
 48.81, -124.49, 27.0, 2012-09-10 10:00:00, 0.0, None 
 48.8, -124.54, 40.0, 2012-09-10 10:05:00, 0.0, None 
 48.6, -124.0, 60.0, 2012-09-10 10:15:00, 0.0, None 
 48.76, -124.382, 31.8, 2012-09-10 10:22:30, 0.0, None 
 48.81, -124.42, 27.5, 2012-09-10 10:25:00, 0.0, None 
 48.745, -124.447, 24.8, 2012-09-10 10:27:30, 0.0, None 
 48.766999999999996, -124.397, 35.0, 2012-09-10 10:30:00, 0.0, None 
 48.77, -124.47, 30.0, 2012-09-10 10:32:30, 0.0, None 
 48.775, -124.41, 24.8, 2012-09-10 10:35:00, 0.0, None 
 48.76, -124.405, 23.0, 2012-09-10 10:37:30, 0.0, None 
 48.74, -124.39, 29.0, 2012-09-10 10:40:00, 0.0, None 
 48.78, -124.405, 30.0, 2012-09-10 10:42:30, 0.0, None 
 48.74, -124.39, 31.0, 2012-09-10 10:45:00, 0.0, None 
 48.745, -124.398, 26.0, 2012-09-10 10:47:30, 0.0, None 
 48.74, -124.42, 40.0, 2012-09-10 10:50:00, 0.0, None 
 48.72, -124.415, 29.0, 2012-09-10 10:52:30, 0.0, None 
 48.75, -124.4, 30.0, 2012-09-10 10:55:00, 0.0, None 
 48.61, -123.89, 60.0, 2012-09-10 10:57:30, 0.0, None 
 48.72, -124.41, 50.0, 2012-09-10 11:00:00, 0.0, None 
 48.67, -124.36, 48.0, 2012-09-10 11:02:30, 0.0, None 
 48.635, -123.785, 20.0, 2012-09-10 11:02:30, 0.0, None 
 48.55, -123.72, 20.0, 2012-09-10 11:05:00, 0.0, None 
 48.508, -123.82, 20.0, 2012-09-10 11:07:30, 0.0, None 
 48.5, -123.81, 20.0, 2012-09-10 11:10:00, 0.0, None 
 48.74, -124.245, 36.5, 2012-09-10 11:12:30, 0.0, None 
 48.588, -123.882, 40.0, 2012-09-10 11:15:00, 0.0, None 
 48.905, -123.72, 20.0, 2012-09-10 11:17:30, 0.0, None 
 48.71, -124.32, 36.0, 2012-09-10 11:20:00, 0.0, None 
 48.615, -123.975, 20.0, 2012-09-10 11:20:00, 0.0, None 
 48.69, -124.315, 41.0, 2012-09-10 11:22:30, 0.0, None 
 48.53, -123.88, 20.0, 2012-09-10 11:22:30, 0.0, None 
 48.83, -123.78, 23.0, 2012-09-10 11:25:00, 0.0, None 
 48.51, -123.91, 60.0, 2012-09-10 11:27:30, 0.0, None 
 48.555, -124.035, 20.0, 2012-09-10 11:30:00, 0.0, None 
 48.58, -123.95, 20.0, 2012-09-10 11:32:30, 0.0, None 
 48.586999999999996, -123.875, 20.0, 2012-09-10 11:35:00, 0.0, None 
 48.39, -123.88, 20.0, 2012-09-10 11:37:30, 0.0, None 
 48.73, -124.33, 39.0, 2012-09-10 11:40:00, 0.0, None 
 48.67, -124.32, 51.0, 2012-09-10 11:42:30, 0.0, None 
 48.69, -124.19, 35.0, 2012-09-10 11:47:30, 0.0, None 
 48.72, -124.18, 29.0, 2012-09-10 11:50:00, 0.0, None 
 48.71, -124.19, 28.2, 2012-09-10 11:52:30, 0.0, None 
 48.71, -124.235, 27.5, 2012-09-10 11:55:00, 0.0, None 
 48.77, -124.145, 41.5, 2012-09-10 11:57:30, 0.0, None 
 48.73, -124.37, 34.8, 2012-09-10 12:05:00, 0.0, None 
 48.66, -124.31, 49.5, 2012-09-10 12:07:30, 0.0, None 
 48.62, -124.2, 36.0, 2012-09-10 12:10:00, 0.0, None 
 48.623000000000005, -124.135, 28.0, 2012-09-10 12:12:30, 0.0, None 
 48.66, -124.145, 40.5, 2012-09-10 12:17:30, 0.0, None 
 48.7, -124.14, 47.0, 2012-09-10 12:22:30, 0.0, None 
 48.72, -124.25, 37.0, 2012-09-10 12:25:00, 0.0, None 
 48.688, -124.251, 30.9, 2012-09-10 12:27:30, 0.0, None 
 48.675, -124.22, 27.0, 2012-09-10 12:30:00, 0.0, None 
 48.657, -124.14, 34.5, 2012-09-10 12:32:30, 0.0, None 
 48.51, -123.85, 20.0, 2012-09-10 12:32:30, 0.0, None 
 48.645, -124.118, 20.0, 2012-09-10 12:35:00, 0.0, None 
 48.71, -124.14, 29.0, 2012-09-10 12:37:30, 0.0, None 
 48.65, -123.75, 30.0, 2012-09-10 17:20:00, 0.0, None 
 48.67, -123.72, 24.5, 2012-09-10 17:22:30, 0.0, None 
 48.65, -123.78, 25.5, 2012-09-10 17:25:00, 0.0, None 
 48.68, -123.98, 60.0, 2012-09-10 17:52:30, 0.0, None 
 48.66, -123.82, 34.5, 2012-09-10 17:55:00, 0.0, None 
 48.68, -123.925, 60.0, 2012-09-10 17:57:30, 0.0, None 
 48.42, -123.94, 46.0, 2012-09-10 18:05:00, 0.0, None 
 48.73, -123.88, 20.0, 2012-09-10 18:07:30, 0.0, None 
 48.665, -123.79, 55.0, 2012-09-10 18:17:30, 0.0, None 
 48.57, -123.86, 30.0, 2012-09-10 18:35:00, 0.0, None 
 48.608000000000004, -123.88, 24.2, 2012-09-10 18:37:30, 0.0, None 
 48.602, -123.795, 20.0, 2012-09-10 18:50:00, 0.0, None 
 48.62, -123.83, 20.0, 2012-09-10 18:52:30, 0.0, None 
 48.7, -123.92, 37.0, 2012-09-10 18:57:30, 0.0, None 
 48.68, -123.92, 29.0, 2012-09-10 19:00:00, 0.0, None 
 48.69, -123.965, 20.0, 2012-09-10 19:02:30, 0.0, None 
 48.52, -123.82, 22.0, 2012-09-10 19:05:00, 0.0, None 
 48.8, -124.26, 20.0, 2012-09-10 19:05:00, 0.0, None 
 48.52, -123.9, 20.0, 2012-09-10 19:07:30, 0.0, None 
 48.755, -124.28, 20.0, 2012-09-10 19:07:30, 0.0, None 
 48.76, -124.09, 20.0, 2012-09-10 19:12:30, 0.0, None 
 48.51, -123.905, 36.0, 2012-09-10 19:15:00, 0.0, None 
 48.58, -123.93, 35.0, 2012-09-10 19:17:30, 0.0, None 
 48.7, -123.89, 31.0, 2012-09-10 19:20:00, 0.0, None 
 48.78, -123.88, 35.0, 2012-09-10 19:22:30, 0.0, None 
 48.52, -124.09, 20.0, 2012-09-10 19:27:30, 0.0, None 
 48.58, -124.01, 32.0, 2012-09-10 19:32:30, 0.0, None 
 48.9, -123.67, 20.0, 2012-09-10 19:40:00, 0.0, None 
 48.5, -123.95, 20.0, 2012-09-10 20:10:00, 0.0, None 
 48.5, -124.12, 21.0, 2012-09-10 20:22:30, 0.0, None 
 48.52, -124.06, 27.5, 2012-09-10 20:25:00, 0.0, None 
 48.51, -124.0, 46.0, 2012-09-10 20:27:30, 0.0, None 
 48.51, -123.89, 41.0, 2012-09-10 20:30:00, 0.0, None 
 48.478, -123.87, 39.2, 2012-09-10 20:32:30, 0.0, None 
 48.435, -123.93299999999999, 45.2, 2012-09-10 20:35:00, 0.0, None 
 48.53, -123.76, 60.0, 2012-09-10 20:55:00, 0.0, None 
 48.5, -124.045, 41.0, 2012-09-10 21:02:30, 0.0, None 
 48.5, -124.005, 48.5, 2012-09-10 21:05:00, 0.0, None 
 48.49, -123.97, 32.0, 2012-09-10 22:37:30, 0.0, None 
 48.45, -123.895, 60.0, 2012-09-10 22:40:00, 0.0, None 
 48.63, -123.66, 40.0, 2012-09-10 23:02:30, 0.0, None 
 48.63, -123.9, 40.0, 2012-09-10 23:05:00, 0.0, None 
 48.49, -123.81, 27.5, 2012-09-10 23:35:00, 0.0, None 
 48.525, -123.835, 29.5, 2012-09-10 23:37:30, 0.0, None 
 48.505, -123.875, 32.2, 2012-09-10 23:40:00, 0.0, None 
 48.49, -123.865, 40.5, 2012-09-10 23:42:30, 0.0, None 
 48.501999999999995, -123.87700000000001, 28.5, 2012-09-10 23:45:00, 0.0, None 
 48.46, -123.775, 40.0, 2012-09-10 23:47:30, 0.0, None 
 48.5, -123.875, 20.2, 2012-09-10 23:50:00, 0.0, None 
 48.505, -123.89, 23.5, 2012-09-10 23:52:30, 0.0, None 
 48.51, -123.88, 28.0, 2012-09-10 23:55:00, 0.0, None 
 48.67, -124.29, 60.0, 2012-09-10 23:55:00, 0.0, None 
 48.57, -123.88, 20.0, 2012-09-11 00:00:00, 0.0, None 
 48.5, -123.925, 39.0, 2012-09-11 00:02:30, 0.0, None 
 48.505, -123.87, 38.5, 2012-09-11 00:05:00, 0.0, None 
 48.56, -123.92200000000001, 20.0, 2012-09-11 00:07:30, 0.0, None 
 48.75, -124.09, 30.0, 2012-09-11 00:10:00, 0.0, None 
 48.56, -123.912, 20.0, 2012-09-11 00:10:00, 0.0, None 
 48.53, -123.825, 20.0, 2012-09-11 00:12:30, 0.0, None 
 48.58, -123.79, 20.0, 2012-09-11 00:15:00, 0.0, None 
 48.61, -123.745, 25.0, 2012-09-11 00:17:30, 0.0, None 
 48.608000000000004, -123.77, 23.2, 2012-09-11 00:20:00, 0.0, None 
 48.58, -123.765, 29.0, 2012-09-11 00:22:30, 0.0, None 
 48.63, -123.81200000000001, 40.0, 2012-09-11 00:25:00, 0.0, None 
 48.78, -124.0, 20.0, 2012-09-11 00:27:30, 0.0, None 
 48.57, -123.82, 23.0, 2012-09-11 00:32:30, 0.0, None 
 48.641999999999996, -123.87, 22.0, 2012-09-11 00:35:00, 0.0, None 
 48.61, -123.84, 48.5, 2012-09-11 00:37:30, 0.0, None 
 48.58, -123.9, 20.0, 2012-09-11 00:42:30, 0.0, None 
 48.49, -123.99, 40.0, 2012-09-11 01:25:00, 0.0, None 
 48.58, -123.93, 20.0, 2012-09-11 02:15:00, 0.0, None 
 48.453, -123.912, 20.0, 2012-09-11 02:17:30, 0.0, None 
 48.478, -124.01700000000001, 20.0, 2012-09-11 02:20:00, 0.0, None 
 48.46, -124.01, 40.0, 2012-09-11 02:22:30, 0.0, None 
 48.39, -124.01, 60.0, 2012-09-11 02:25:00, 0.0, None 
 48.442, -123.835, 45.8, 2012-09-11 02:35:00, 0.0, None 
 48.465, -123.885, 33.2, 2012-09-11 02:37:30, 0.0, None 
 48.492, -123.91799999999999, 29.0, 2012-09-11 02:40:00, 0.0, None 
 48.38, -123.845, 60.0, 2012-09-11 02:45:00, 0.0, None 
 48.565, -123.78, 48.0, 2012-09-11 03:07:30, 0.0, None 
 48.565, -123.75, 25.5, 2012-09-11 03:10:00, 0.0, None 
 48.535, -123.728, 28.2, 2012-09-11 03:12:30, 0.0, None 
 48.55, -123.76, 20.0, 2012-09-11 03:15:00, 0.0, None 
 48.575, -123.86200000000001, 29.8, 2012-09-11 03:17:30, 0.0, None 
 48.71, -123.575, 28.5, 2012-09-11 03:37:30, 0.0, None 
 48.77, -123.365, 44.5, 2012-09-11 03:45:00, 0.0, None 
 48.77, -123.48, 38.5, 2012-09-11 03:47:30, 0.0, None 
 48.715, -123.335, 47.0, 2012-09-11 03:50:00, 0.0, None 
 48.61, -123.73, 20.0, 2012-09-11 03:52:30, 0.0, None 
 48.7, -123.38, 60.0, 2012-09-11 03:55:00, 0.0, None 
 48.63, -123.81, 60.0, 2012-09-11 03:57:30, 0.0, None 
 48.75, -123.425, 60.0, 2012-09-11 04:00:00, 0.0, None 
 48.645, -123.72, 27.0, 2012-09-11 04:07:30, 0.0, None 
 48.59, -123.64, 20.0, 2012-09-11 04:12:30, 0.0, None 
 48.59, -123.62, 54.0, 2012-09-11 04:20:00, 0.0, None 
 48.62, -123.79, 28.2, 2012-09-11 04:30:00, 0.0, None 
 48.62, -123.775, 27.0, 2012-09-11 04:32:30, 0.0, None 
 48.7, -123.48, 39.5, 2012-09-11 04:37:30, 0.0, None 
 48.71, -123.5, 20.0, 2012-09-11 04:40:00, 0.0, None 
 48.695, -123.46, 30.0, 2012-09-11 04:42:30, 0.0, None 
 48.73, -123.365, 50.0, 2012-09-11 04:55:00, 0.0, None 
 48.718, -123.51700000000001, 43.2, 2012-09-11 04:57:30, 0.0, None 
 48.73, -123.43, 43.0, 2012-09-11 05:00:00, 0.0, None 
 48.73, -123.42, 49.5, 2012-09-11 05:02:30, 0.0, None 
 48.71, -123.69, 41.0, 2012-09-11 05:05:00, 0.0, None 
 48.68, -123.83, 20.0, 2012-09-11 05:07:30, 0.0, None 
 48.65, -123.715, 42.0, 2012-09-11 05:12:30, 0.0, None 
 48.605, -123.67, 47.0, 2012-09-11 05:15:00, 0.0, None 
 48.565, -123.7, 29.8, 2012-09-11 05:17:30, 0.0, None 
 48.62, -123.675, 27.0, 2012-09-11 05:20:00, 0.0, None 
 48.36, -123.845, 20.0, 2012-09-11 05:27:30, 0.0, None 
 48.68, -123.79, 20.0, 2012-09-11 05:30:00, 0.0, None 
 48.64, -123.79, 20.0, 2012-09-11 05:35:00, 0.0, None 
 48.64, -123.805, 20.0, 2012-09-11 05:37:30, 0.0, None 
 48.47, -123.91, 20.0, 2012-09-11 05:40:00, 0.0, None 
 48.535, -123.795, 28.0, 2012-09-11 05:45:00, 0.0, None 
 48.468, -123.84700000000001, 20.0, 2012-09-11 05:47:30, 0.0, None 
 48.425, -123.86200000000001, 22.8, 2012-09-11 05:50:00, 0.0, None 
 48.54, -123.735, 20.0, 2012-09-11 05:52:30, 0.0, None 
 48.49, -123.82, 31.0, 2012-09-11 05:55:00, 0.0, None 
 48.455, -123.82, 55.0, 2012-09-11 05:57:30, 0.0, None 
 48.49, -123.86, 28.5, 2012-09-11 06:00:00, 0.0, None 
 48.49, -123.88, 20.0, 2012-09-11 06:02:30, 0.0, None 
 48.485, -123.89, 25.2, 2012-09-11 06:05:00, 0.0, None 
 48.513000000000005, -124.00200000000001, 50.8, 2012-09-11 06:07:30, 0.0, None 
 48.528, -123.92, 22.2, 2012-09-11 06:10:00, 0.0, None 
 48.505, -123.84299999999999, 39.8, 2012-09-11 06:12:30, 0.0, None 
 48.45, -123.845, 40.0, 2012-09-11 06:15:00, 0.0, None 
 48.578, -123.885, 20.0, 2012-09-11 06:25:00, 0.0, None 
 48.538000000000004, -123.915, 20.0, 2012-09-11 06:27:30, 0.0, None 
 48.55, -123.91, 20.0, 2012-09-11 06:30:00, 0.0, None 
 48.58, -123.87, 24.2, 2012-09-11 06:32:30, 0.0, None 
 48.47, -123.875, 49.2, 2012-09-11 06:35:00, 0.0, None 
 48.638000000000005, -123.92, 22.2, 2012-09-11 06:37:30, 0.0, None 
 48.565, -123.91, 34.2, 2012-09-11 06:40:00, 0.0, None 
 48.41, -123.745, 20.0, 2012-09-11 06:42:30, 0.0, None 
 48.51, -123.88, 41.0, 2012-09-11 06:50:00, 0.0, None 
 48.53, -123.88, 56.5, 2012-09-11 06:52:30, 0.0, None 
 48.51, -123.805, 24.0, 2012-09-11 07:25:00, 0.0, None 
 48.44, -123.83, 34.5, 2012-09-11 07:27:30, 0.0, None 
 48.515, -123.84, 20.0, 2012-09-11 07:30:00, 0.0, None 
 48.53, -123.63, 20.0, 2012-09-11 07:32:30, 0.0, None 
 48.49, -123.67, 28.0, 2012-09-11 07:35:00, 0.0, None 
 48.472, -123.965, 32.5, 2012-09-11 08:05:00, 0.0, None 
 48.525, -123.905, 20.0, 2012-09-11 08:07:30, 0.0, None 
 48.57, -123.92, 23.5, 2012-09-11 08:10:00, 0.0, None 
 48.47, -123.81, 60.0, 2012-09-11 08:57:30, 0.0, None 
 48.468, -123.875, 23.5, 2012-09-11 09:00:00, 0.0, None 
 48.508, -123.875, 20.0, 2012-09-11 09:02:30, 0.0, None 
 48.52, -123.85799999999999, 20.0, 2012-09-11 09:05:00, 0.0, None 
 48.54, -123.9, 20.0, 2012-09-11 09:07:30, 0.0, None 
 48.45, -123.9, 23.5, 2012-09-11 09:10:00, 0.0, None 
 48.535, -123.89, 20.0, 2012-09-11 09:12:30, 0.0, None 
 48.56, -123.895, 20.0, 2012-09-11 09:15:00, 0.0, None 
 48.565, -123.898, 20.0, 2012-09-11 09:17:30, 0.0, None 
 48.562, -123.868, 20.0, 2012-09-11 09:20:00, 0.0, None 
 48.516999999999996, -123.905, 20.0, 2012-09-11 09:22:30, 0.0, None 
 48.68, -123.66, 46.0, 2012-09-11 09:45:00, 0.0, None 
 48.67, -123.76, 20.0, 2012-09-11 09:47:30, 0.0, None 
 48.7, -123.65, 34.0, 2012-09-11 09:50:00, 0.0, None 
 48.61, -123.74, 24.0, 2012-09-11 09:55:00, 0.0, None 
 48.61, -123.675, 57.5, 2012-09-11 09:57:30, 0.0, None 
 48.5, -123.72, 60.0, 2012-09-11 10:00:00, 0.0, None 
 48.442, -123.915, 35.0, 2012-09-11 10:02:30, 0.0, None 
 48.475, -123.885, 26.8, 2012-09-11 10:05:00, 0.0, None 
 48.56, -123.87, 60.0, 2012-09-11 10:07:30, 0.0, None 
 48.59, -123.9, 33.0, 2012-09-11 10:10:00, 0.0, None 
 48.6, -123.83, 20.0, 2012-09-11 10:15:00, 0.0, None 
 48.72, -123.79, 20.0, 2012-09-11 10:17:30, 0.0, None 
 48.66, -123.79, 20.0, 2012-09-11 10:22:30, 0.0, None 
 48.6, -123.7, 34.0, 2012-09-11 10:35:00, 0.0, None 
 48.455, -123.852, 60.0, 2012-09-11 10:57:30, 0.0, None 
 48.547, -123.928, 22.5, 2012-09-11 11:00:00, 0.0, None 
 48.69, -123.57, 49.0, 2012-09-11 11:15:00, 0.0, None 
 48.555, -123.965, 46.2, 2012-09-11 16:50:00, 0.0, None 
 48.55, -124.01, 60.0, 2012-09-11 16:57:30, 0.0, None 
 48.45, -123.92, 51.0, 2012-09-11 17:10:00, 0.0, None 
 48.492, -123.977, 20.5, 2012-09-11 17:12:30, 0.0, None 
 48.605, -123.91, 20.0, 2012-09-11 17:15:00, 0.0, None 
 48.64, -123.775, 32.0, 2012-09-11 17:17:30, 0.0, None 
 48.59, -124.05, 20.0, 2012-09-11 17:30:00, 0.0, None 
 48.53, -123.91, 60.0, 2012-09-11 17:37:30, 0.0, None 
 48.62, -124.08, 20.0, 2012-09-11 17:40:00, 0.0, None 
 48.48, -123.898, 22.5, 2012-09-11 17:47:30, 0.0, None 
 48.492, -123.90299999999999, 21.8, 2012-09-11 17:50:00, 0.0, None 
 48.62, -123.81, 20.0, 2012-09-11 18:52:30, 0.0, None 
 48.82, -124.41, 42.0, 2012-09-11 19:45:00, 0.0, None 
 48.5, -123.95, 23.0, 2012-09-11 20:07:30, 0.0, None 
 48.515, -123.93, 20.0, 2012-09-11 20:10:00, 0.0, None 
 48.53, -123.975, 40.0, 2012-09-11 20:12:30, 0.0, None 
 48.552, -123.96, 33.8, 2012-09-11 20:15:00, 0.0, None 
 48.54, -123.995, 20.0, 2012-09-11 20:17:30, 0.0, None 
 48.545, -123.99799999999999, 20.0, 2012-09-11 20:20:00, 0.0, None 
 48.553000000000004, -123.94, 47.0, 2012-09-11 20:22:30, 0.0, None 
 48.49, -123.92, 20.0, 2012-09-11 20:25:00, 0.0, None 
 48.54, -123.90299999999999, 29.0, 2012-09-11 20:27:30, 0.0, None 
 48.51, -123.93, 20.0, 2012-09-11 20:30:00, 0.0, None 
 48.49, -123.99, 39.5, 2012-09-11 20:32:30, 0.0, None 
 48.535, -123.905, 30.0, 2012-09-11 20:35:00, 0.0, None 
 48.48, -123.885, 20.0, 2012-09-11 20:37:30, 0.0, None 
 48.4, -123.73, 49.0, 2012-09-11 20:40:00, 0.0, None 
 48.49, -123.82, 20.0, 2012-09-11 20:42:30, 0.0, None 
 48.435, -123.805, 27.5, 2012-09-11 20:45:00, 0.0, None 
 48.79, -124.14, 22.0, 2012-09-11 20:47:30, 0.0, None 
 48.515, -123.882, 22.0, 2012-09-11 20:47:30, 0.0, None 
 48.555, -123.83, 25.2, 2012-09-11 20:50:00, 0.0, None 
 48.585, -123.97, 21.8, 2012-09-11 20:52:30, 0.0, None 
 48.585, -123.96, 21.5, 2012-09-11 20:55:00, 0.0, None 
 48.495, -123.90700000000001, 60.0, 2012-09-11 20:57:30, 0.0, None 
 48.72, -124.09, 20.0, 2012-09-11 21:00:00, 0.0, None 
 48.51, -123.865, 30.0, 2012-09-11 21:00:00, 0.0, None 
 48.55, -123.89, 32.5, 2012-09-11 21:02:30, 0.0, None 
 48.57, -123.875, 25.5, 2012-09-11 21:05:00, 0.0, None 
 48.547, -123.88, 20.0, 2012-09-11 21:07:30, 0.0, None 
 48.59, -123.925, 20.0, 2012-09-11 21:10:00, 0.0, None 
 48.57, -123.83, 30.0, 2012-09-11 21:12:30, 0.0, None 
 48.59, -123.85, 24.0, 2012-09-11 21:15:00, 0.0, None 
 48.57, -123.71, 33.0, 2012-09-11 21:17:30, 0.0, None 
 48.635, -123.74, 33.2, 2012-09-11 21:20:00, 0.0, None 
 48.58, -123.77, 25.0, 2012-09-11 21:22:30, 0.0, None 
 48.61, -123.8, 20.0, 2012-09-11 21:25:00, 0.0, None 
 48.52, -124.0, 20.0, 2012-09-11 21:37:30, 0.0, None 
 48.61, -123.87, 20.0, 2012-09-11 21:40:00, 0.0, None 
 48.595, -123.815, 20.8, 2012-09-11 21:42:30, 0.0, None 
 48.605, -123.805, 20.0, 2012-09-11 21:45:00, 0.0, None 
 48.5, -123.735, 46.0, 2012-09-11 21:47:30, 0.0, None 
 48.48, -123.72, 50.0, 2012-09-11 21:50:00, 0.0, None 
 48.54, -123.81, 60.0, 2012-09-11 21:52:30, 0.0, None 
 48.585, -123.85, 48.0, 2012-09-11 21:55:00, 0.0, None 
 48.61, -123.97, 49.0, 2012-09-11 21:57:30, 0.0, None 
 48.8, -124.09, 20.0, 2012-09-11 22:10:00, 0.0, None 
 48.438, -123.898, 20.0, 2012-09-11 22:10:00, 0.0, None 
 48.53, -123.82, 23.5, 2012-09-11 22:12:30, 0.0, None 
 48.58, -123.72, 20.0, 2012-09-11 22:15:00, 0.0, None 
 48.63, -123.8, 34.0, 2012-09-11 22:20:00, 0.0, None 
 48.6, -124.05, 26.0, 2012-09-11 22:32:30, 0.0, None 
 48.505, -123.93299999999999, 48.2, 2012-09-11 22:37:30, 0.0, None 
 48.495, -123.945, 30.0, 2012-09-11 22:40:00, 0.0, None 
 48.51, -123.915, 34.0, 2012-09-11 22:42:30, 0.0, None 
 48.522, -123.93, 25.8, 2012-09-11 22:50:00, 0.0, None 
 48.53, -123.9, 28.2, 2012-09-11 22:52:30, 0.0, None 
 48.76, -124.11, 20.0, 2012-09-11 22:55:00, 0.0, None 
 48.51, -123.90299999999999, 37.8, 2012-09-11 22:55:00, 0.0, None 
 48.505, -123.917, 46.5, 2012-09-11 22:57:30, 0.0, None 
 48.525, -123.905, 26.5, 2012-09-11 23:00:00, 0.0, None 
 48.59, -123.93799999999999, 20.8, 2012-09-11 23:02:30, 0.0, None 
 48.59, -123.84, 21.5, 2012-09-11 23:05:00, 0.0, None 
 48.69, -123.8, 60.0, 2012-09-11 23:07:30, 0.0, None 
 48.595, -124.08, 26.0, 2012-09-11 23:10:00, 0.0, None 
 48.38, -123.83, 20.0, 2012-09-11 23:10:00, 0.0, None 
 48.61, -124.01, 25.0, 2012-09-11 23:12:30, 0.0, None 
 48.67, -123.76, 30.0, 2012-09-11 23:20:00, 0.0, None 
 48.64, -123.76, 30.0, 2012-09-11 23:22:30, 0.0, None 
 48.62, -123.785, 28.0, 2012-09-11 23:25:00, 0.0, None 
 48.626999999999995, -123.78, 36.8, 2012-09-11 23:27:30, 0.0, None 
 48.59, -123.715, 32.0, 2012-09-11 23:32:30, 0.0, None 
 48.543, -123.715, 38.0, 2012-09-11 23:35:00, 0.0, None 
 48.58, -124.1, 32.0, 2012-09-11 23:40:00, 0.0, None 
 48.62, -123.95, 37.5, 2012-09-11 23:42:30, 0.0, None 
 48.7, -123.55, 20.0, 2012-09-12 00:22:30, 0.0, None 
 48.7, -123.33, 60.0, 2012-09-12 00:25:00, 0.0, None 
 48.685, -123.545, 35.5, 2012-09-12 00:30:00, 0.0, None 
 48.69, -123.365, 46.0, 2012-09-12 00:32:30, 0.0, None 
 48.65, -123.43, 26.0, 2012-09-12 00:35:00, 0.0, None 
 48.685, -123.55, 24.0, 2012-09-12 01:05:00, 0.0, None 
 48.695, -123.515, 20.0, 2012-09-12 01:07:30, 0.0, None 
 48.72, -123.42, 33.0, 2012-09-12 01:10:00, 0.0, None 
 48.54, -123.98, 25.0, 2012-09-12 01:35:00, 0.0, None 
 48.67, -123.4, 60.0, 2012-09-12 02:12:30, 0.0, None 
 48.52, -123.98, 60.0, 2012-09-12 02:17:30, 0.0, None 
 48.6, -124.105, 50.5, 2012-09-12 02:37:30, 0.0, None 
 48.63, -124.105, 46.0, 2012-09-12 02:40:00, 0.0, None 
 48.58, -124.14, 25.0, 2012-09-12 02:55:00, 0.0, None 
 48.61, -124.17, 35.0, 2012-09-12 02:57:30, 0.0, None 
 48.6, -124.18, 38.0, 2012-09-12 03:00:00, 0.0, None 
 48.71, -123.51, 20.0, 2012-09-12 03:02:30, 0.0, None 
 48.695, -123.555, 20.0, 2012-09-12 03:05:00, 0.0, None 
 48.48, -123.8, 51.0, 2012-09-12 03:17:30, 0.0, None 
 48.53, -124.17, 25.0, 2012-09-12 03:20:00, 0.0, None 
 48.485, -123.833, 29.5, 2012-09-12 03:22:30, 0.0, None 
 48.47, -123.74, 30.0, 2012-09-12 03:25:00, 0.0, None 
 48.565, -123.76, 25.0, 2012-09-12 03:27:30, 0.0, None 
 48.565, -123.775, 20.0, 2012-09-12 03:30:00, 0.0, None 
 48.515, -123.695, 28.5, 2012-09-12 03:32:30, 0.0, None 
 48.495, -123.76, 21.2, 2012-09-12 03:35:00, 0.0, None 
 48.4, -123.67, 60.0, 2012-09-12 03:37:30, 0.0, None 
 48.565, -123.72200000000001, 40.2, 2012-09-12 03:40:00, 0.0, None 
 48.505, -123.773, 20.0, 2012-09-12 03:42:30, 0.0, None 
 48.5, -123.845, 21.5, 2012-09-12 03:45:00, 0.0, None 
 48.492, -123.82, 20.0, 2012-09-12 03:47:30, 0.0, None 
 48.523, -123.78200000000001, 52.5, 2012-09-12 03:55:00, 0.0, None 
 48.513000000000005, -123.855, 45.5, 2012-09-12 03:57:30, 0.0, None 
 48.51, -123.8, 30.2, 2012-09-12 04:00:00, 0.0, None 
 48.51, -123.81200000000001, 25.2, 2012-09-12 04:02:30, 0.0, None 
 48.555, -123.79, 23.0, 2012-09-12 04:12:30, 0.0, None 
 48.597, -123.745, 20.0, 2012-09-12 04:15:00, 0.0, None 
 48.72, -123.41, 60.0, 2012-09-12 04:17:30, 0.0, None 
 48.565, -123.7, 20.0, 2012-09-12 04:20:00, 0.0, None 
 48.567, -123.69, 20.0, 2012-09-12 04:22:30, 0.0, None 
 48.34, -122.81, 38.0, 2012-09-12 05:45:00, 0.0, None 
 48.52, -123.73, 20.0, 2012-09-12 05:50:00, 0.0, None 
 48.62, -123.53, 60.0, 2012-09-12 05:52:30, 0.0, None 
 48.48, -123.69, 20.0, 2012-09-12 05:55:00, 0.0, None 
 48.545, -123.735, 21.8, 2012-09-12 05:57:30, 0.0, None 
 48.58, -123.70299999999999, 40.0, 2012-09-12 06:00:00, 0.0, None 
 48.605, -123.74, 49.8, 2012-09-12 06:02:30, 0.0, None 
 48.51, -123.835, 47.0, 2012-09-12 06:07:30, 0.0, None 
 48.62, -123.77, 22.0, 2012-09-12 06:35:00, 0.0, None 
 48.54, -123.905, 26.2, 2012-09-12 06:37:30, 0.0, None 
 48.49, -123.89, 20.0, 2012-09-12 06:40:00, 0.0, None 
 48.4, -123.73, 35.0, 2012-09-12 07:17:30, 0.0, None 
 48.51, -124.17, 60.0, 2012-09-12 07:20:00, 0.0, None 
 48.58, -123.82, 22.0, 2012-09-12 07:30:00, 0.0, None 
 48.611999999999995, -123.68299999999999, 32.2, 2012-09-12 08:07:30, 0.0, None 
 48.53, -123.845, 20.0, 2012-09-12 08:10:00, 0.0, None 
 48.475, -123.925, 20.0, 2012-09-12 08:12:30, 0.0, None 
 48.51, -123.85, 20.5, 2012-09-12 08:15:00, 0.0, None 
 48.485, -123.81, 20.0, 2012-09-12 08:17:30, 0.0, None 
 48.501999999999995, -123.9, 22.8, 2012-09-12 08:20:00, 0.0, None 
 48.528, -123.81700000000001, 40.0, 2012-09-12 08:22:30, 0.0, None 
 48.49, -123.88, 20.0, 2012-09-12 08:25:00, 0.0, None 
 48.53, -123.87700000000001, 20.0, 2012-09-12 08:27:30, 0.0, None 
 48.54, -123.88, 20.0, 2012-09-12 08:30:00, 0.0, None 
 48.52, -123.94, 38.5, 2012-09-12 08:35:00, 0.0, None 
 48.69, -123.51, 21.5, 2012-09-12 08:37:30, 0.0, None 
 48.41, -123.9, 29.0, 2012-09-12 08:40:00, 0.0, None 
 48.472, -123.72, 30.0, 2012-09-12 08:45:00, 0.0, None 
 48.655, -123.6, 60.0, 2012-09-12 08:47:30, 0.0, None 
 48.57, -123.8, 34.5, 2012-09-12 08:50:00, 0.0, None 
 48.49, -123.78, 20.0, 2012-09-12 08:52:30, 0.0, None 
 48.5, -123.765, 20.0, 2012-09-12 08:55:00, 0.0, None 
 48.53, -123.605, 45.5, 2012-09-12 09:00:00, 0.0, None 
 48.55, -123.66, 24.5, 2012-09-12 09:02:30, 0.0, None 
 48.54, -123.78200000000001, 20.0, 2012-09-12 09:05:00, 0.0, None 
 48.555, -123.77, 20.0, 2012-09-12 09:07:30, 0.0, None 
 48.585, -123.728, 20.0, 2012-09-12 09:10:00, 0.0, None 
 48.516999999999996, -123.887, 60.0, 2012-09-12 09:12:30, 0.0, None 
 48.523, -123.825, 20.0, 2012-09-12 09:15:00, 0.0, None 
 48.49, -123.79, 24.0, 2012-09-12 09:17:30, 0.0, None 
 48.55, -123.87700000000001, 20.0, 2012-09-12 09:20:00, 0.0, None 
 48.5, -123.83, 20.0, 2012-09-12 09:22:30, 0.0, None 
 48.48, -123.92, 20.0, 2012-09-12 09:25:00, 0.0, None 
 48.535, -123.97200000000001, 20.0, 2012-09-12 09:27:30, 0.0, None 
 48.505, -123.92, 20.0, 2012-09-12 09:30:00, 0.0, None 
 48.49, -123.96, 21.2, 2012-09-12 09:32:30, 0.0, None 
 48.49, -123.98, 36.0, 2012-09-12 09:35:00, 0.0, None 
 48.5, -123.94, 30.0, 2012-09-12 09:37:30, 0.0, None 
 48.595, -123.92, 20.0, 2012-09-12 09:42:30, 0.0, None 
 48.565, -123.8, 25.5, 2012-09-12 09:45:00, 0.0, None 
 48.653, -123.65, 39.0, 2012-09-12 09:47:30, 0.0, None 
 48.31, -122.78, 30.0, 2012-09-12 09:52:30, 0.0, None 
 48.32, -122.78, 44.0, 2012-09-12 09:55:00, 0.0, None 
 48.43, -124.03, 60.0, 2012-09-12 10:02:30, 0.0, None 
 48.51, -124.08, 51.0, 2012-09-12 11:25:00, 0.0, None 
 48.575, -123.98, 29.2, 2012-09-12 11:27:30, 0.0, None 
 48.515, -123.93799999999999, 33.0, 2012-09-12 11:30:00, 0.0, None 
 48.28, -122.8, 20.0, 2012-09-12 12:27:30, 0.0, None 
 48.29, -122.83, 60.0, 2012-09-12 12:30:00, 0.0, None 
 48.44, -123.96, 20.0, 2012-09-12 13:52:30, 0.0, None 
 48.53, -124.2, 20.0, 2012-09-12 17:15:00, 0.0, None 
 48.5, -123.69, 40.0, 2012-09-12 18:20:00, 0.0, None 
 48.49, -123.7, 34.5, 2012-09-12 18:22:30, 0.0, None 
 48.42, -123.865, 20.0, 2012-09-12 18:32:30, 0.0, None 
 48.43, -123.64, 27.0, 2012-09-12 23:07:30, 0.0, None 
 48.43, -123.82, 20.0, 2012-09-13 01:25:00, 0.0, None 
 48.54, -123.7, 60.0, 2012-09-13 07:50:00, 0.0, None 
 48.53, -123.64, 54.0, 2012-09-13 07:52:30, 0.0, None 
 48.6, -123.58, 32.0, 2012-09-13 09:47:30, 0.0, None 
 48.62, -123.67, 25.0, 2012-09-13 09:50:00, 0.0, None 
 48.61, -123.6, 31.0, 2012-09-13 09:52:30, 0.0, None 
 48.62, -123.57, 30.5, 2012-09-13 09:55:00, 0.0, None 
 48.55, -123.89, 20.0, 2012-09-13 10:50:00, 0.0, None 
 48.57, -123.56, 38.5, 2012-09-13 11:00:00, 0.0, None 
 48.545, -123.76, 31.0, 2012-09-13 11:02:30, 0.0, None 
 48.54, -123.58, 56.5, 2012-09-13 11:05:00, 0.0, None 
 48.525, -123.69, 47.0, 2012-09-13 11:07:30, 0.0, None 
 48.56, -123.855, 28.2, 2012-09-13 11:10:00, 0.0, None 
 48.58, -123.725, 26.8, 2012-09-13 11:12:30, 0.0, None 
 48.537, -123.755, 20.0, 2012-09-13 11:15:00, 0.0, None 
 48.56, -123.7, 40.0, 2012-09-13 11:17:30, 0.0, None 
 48.525, -123.77, 20.0, 2012-09-13 11:22:30, 0.0, None 
 48.571999999999996, -123.68, 32.8, 2012-09-13 11:25:00, 0.0, None 
 48.5, -123.82, 48.0, 2012-09-13 11:42:30, 0.0, None 
 48.545, -123.775, 30.5, 2012-09-13 11:45:00, 0.0, None 
 48.43, -123.915, 35.5, 2012-09-13 12:02:30, 0.0, None 
 48.47, -123.92, 20.0, 2012-09-13 12:07:30, 0.0, None 
 48.43, -123.98, 30.0, 2012-09-13 12:10:00, 0.0, None 
 48.42, -123.912, 34.8, 2012-09-13 12:12:30, 0.0, None 
 48.505, -123.915, 23.0, 2012-09-13 12:15:00, 0.0, None 
 48.49, -123.87, 20.0, 2012-09-13 12:17:30, 0.0, None 
 48.52, -123.82, 20.0, 2012-09-13 12:20:00, 0.0, None 
 48.51, -123.775, 20.0, 2012-09-13 12:22:30, 0.0, None 
 48.46, -123.7, 42.0, 2012-09-13 12:27:30, 0.0, None 
 48.5, -123.86, 20.0, 2012-09-13 12:30:00, 0.0, None 
 48.49, -123.88, 20.0, 2012-09-13 12:32:30, 0.0, None 
 48.4, -123.85, 50.0, 2012-09-13 13:00:00, 0.0, None 
 48.45, -123.76, 60.0, 2012-09-13 13:02:30, 0.0, None 
 48.49, -123.67, 44.0, 2012-09-13 13:05:00, 0.0, None 
 48.49, -123.78, 20.0, 2012-09-13 13:07:30, 0.0, None 
 48.565, -123.845, 28.2, 2012-09-13 13:10:00, 0.0, None 
 48.565, -123.815, 27.8, 2012-09-13 13:12:30, 0.0, None 
 48.545, -123.795, 44.0, 2012-09-13 13:15:00, 0.0, None 
 48.42, -123.935, 42.5, 2012-09-13 13:22:30, 0.0, None 
 48.535, -123.88, 20.0, 2012-09-13 13:25:00, 0.0, None 
 48.51, -123.68, 45.0, 2012-09-13 13:30:00, 0.0, None 
 48.605, -123.72, 20.0, 2012-09-13 13:42:30, 0.0, None 
 48.52, -123.68, 20.0, 2012-09-13 13:45:00, 0.0, None 
 48.45, -123.63, 46.0, 2012-09-13 13:47:30, 0.0, None 
 48.472, -123.762, 45.0, 2012-09-13 13:50:00, 0.0, None 
 48.485, -123.87, 23.0, 2012-09-13 13:52:30, 0.0, None 
 48.5, -123.825, 20.0, 2012-09-13 13:55:00, 0.0, None 
 48.55, -123.805, 26.0, 2012-09-13 13:57:30, 0.0, None 
 48.59, -123.72, 24.5, 2012-09-13 14:00:00, 0.0, None 
 48.54, -123.72, 20.0, 2012-09-13 14:02:30, 0.0, None 
 48.52, -123.745, 20.0, 2012-09-13 14:05:00, 0.0, None 
 48.48, -123.95, 20.0, 2012-09-13 14:07:30, 0.0, None 
 48.51, -123.85, 24.5, 2012-09-13 14:10:00, 0.0, None 
 48.81, -123.98, 60.0, 2012-09-13 14:10:00, 0.0, None 
 48.52, -123.805, 36.0, 2012-09-13 14:12:30, 0.0, None 
 48.528, -123.90700000000001, 20.0, 2012-09-13 14:15:00, 0.0, None 
 48.51, -123.92, 40.0, 2012-09-13 14:17:30, 0.0, None 
 48.5, -123.9, 21.5, 2012-09-13 14:20:00, 0.0, None 
 48.47, -123.81, 20.0, 2012-09-13 14:22:30, 0.0, None 
 48.495, -123.93, 21.0, 2012-09-13 14:25:00, 0.0, None 
 48.51, -123.915, 20.0, 2012-09-13 14:27:30, 0.0, None 
 48.6, -123.755, 20.0, 2012-09-13 14:35:00, 0.0, None 
 48.59, -123.895, 49.0, 2012-09-13 14:37:30, 0.0, None 
 48.57, -123.71, 20.0, 2012-09-13 14:40:00, 0.0, None 
 48.83, -124.02, 28.0, 2012-09-13 14:40:00, 0.0, None 
 48.58, -123.74, 20.0, 2012-09-13 14:42:30, 0.0, None 
 48.54, -123.93, 36.0, 2012-09-13 15:00:00, 0.0, None 
 48.4, -123.94, 32.0, 2012-09-13 17:37:30, 0.0, None 
 48.81, -123.97, 38.0, 2012-09-13 17:42:30, 0.0, None 
 48.6, -123.65, 60.0, 2012-09-13 19:12:30, 0.0, None 
 48.3, -123.79, 20.0, 2012-09-13 20:42:30, 0.0, None 
 48.3, -123.81, 60.0, 2012-09-13 22:02:30, 0.0, None 
 48.26, -123.8, 60.0, 2012-09-13 22:05:00, 0.0, None 
 48.425, -123.72, 26.0, 2012-09-13 22:42:30, 0.0, None 
 48.63, -124.0, 20.0, 2012-09-13 22:42:30, 0.0, None 
 48.41, -123.77, 20.0, 2012-09-13 22:45:00, 0.0, None 
 48.65, -123.93, 20.0, 2012-09-13 23:15:00, 0.0, None 
 48.46, -123.81, 38.0, 2012-09-13 23:20:00, 0.0, None 
 48.45, -123.71, 60.0, 2012-09-13 23:22:30, 0.0, None 
 48.31, -123.785, 30.0, 2012-09-13 23:25:00, 0.0, None 
 48.275, -123.77, 41.5, 2012-09-13 23:27:30, 0.0, None 
 48.57, -123.8, 43.0, 2012-09-13 23:52:30, 0.0, None 
 48.48, -123.71, 36.0, 2012-09-13 23:55:00, 0.0, None 
 48.42, -123.675, 31.0, 2012-09-14 00:00:00, 0.0, None 
 48.36, -123.61, 48.0, 2012-09-14 00:02:30, 0.0, None 
 48.5, -123.62, 53.0, 2012-09-14 00:05:00, 0.0, None 
 48.485, -123.785, 20.0, 2012-09-14 00:07:30, 0.0, None 
 48.41, -123.67, 46.0, 2012-09-14 00:10:00, 0.0, None 
 48.475, -123.75, 48.5, 2012-09-14 00:12:30, 0.0, None 
 48.49, -123.78, 20.0, 2012-09-14 00:15:00, 0.0, None 
 48.545, -123.775, 22.5, 2012-09-14 00:17:30, 0.0, None 
 48.56, -123.773, 28.2, 2012-09-14 00:20:00, 0.0, None 
 48.556999999999995, -123.787, 26.5, 2012-09-14 00:22:30, 0.0, None 
 48.51, -123.86, 20.0, 2012-09-14 00:25:00, 0.0, None 
 48.78, -124.08, 20.0, 2012-09-14 00:27:30, 0.0, None 
 48.51, -123.835, 20.0, 2012-09-14 00:27:30, 0.0, None 
 48.49, -123.85, 20.0, 2012-09-14 00:30:00, 0.0, None 
 48.465, -123.89, 20.0, 2012-09-14 00:35:00, 0.0, None 
 48.42, -123.84, 20.0, 2012-09-14 00:37:30, 0.0, None 
 48.46, -123.81, 20.0, 2012-09-14 00:40:00, 0.0, None 
 48.508, -123.875, 20.0, 2012-09-14 00:42:30, 0.0, None 
 48.505, -123.845, 23.0, 2012-09-14 00:45:00, 0.0, None 
 48.585, -123.875, 21.5, 2012-09-14 00:47:30, 0.0, None 
 48.48, -124.06, 30.0, 2012-09-14 00:50:00, 0.0, None 
 48.5, -123.76, 20.0, 2012-09-14 00:52:30, 0.0, None 
 48.78, -124.1, 20.0, 2012-09-14 00:55:00, 0.0, None 
 48.553000000000004, -123.835, 20.0, 2012-09-14 00:55:00, 0.0, None 
 48.51, -123.845, 27.0, 2012-09-14 00:57:30, 0.0, None 
 48.54, -123.835, 28.2, 2012-09-14 01:00:00, 0.0, None 
 48.795, -124.12, 20.0, 2012-09-14 01:02:30, 0.0, None 
 48.51, -123.79, 20.0, 2012-09-14 01:02:30, 0.0, None 
 48.565, -123.845, 20.0, 2012-09-14 01:05:00, 0.0, None 
 48.595, -124.1, 20.0, 2012-09-14 01:07:30, 0.0, None 
 48.34, -123.77, 42.0, 2012-09-14 01:22:30, 0.0, None 
 48.38, -123.84, 26.0, 2012-09-14 01:25:00, 0.0, None 
 48.376999999999995, -123.81, 32.8, 2012-09-14 01:40:00, 0.0, None 
 48.575, -123.725, 35.0, 2012-09-14 01:45:00, 0.0, None 
 48.485, -123.838, 36.5, 2012-09-14 01:50:00, 0.0, None 
 48.48, -123.81, 20.0, 2012-09-14 01:52:30, 0.0, None 
 48.5, -123.815, 20.0, 2012-09-14 01:55:00, 0.0, None 
 48.475, -123.825, 49.2, 2012-09-14 01:57:30, 0.0, None 
 48.495, -123.86, 60.0, 2012-09-14 02:00:00, 0.0, None 
 48.461999999999996, -123.7, 40.2, 2012-09-14 02:37:30, 0.0, None 
 48.445, -123.805, 55.0, 2012-09-14 02:40:00, 0.0, None 
 48.7, -123.275, 53.0, 2012-09-14 03:02:30, 0.0, None 
 48.61, -123.56, 45.0, 2012-09-14 03:27:30, 0.0, None 
 48.325, -123.79, 20.0, 2012-09-14 03:30:00, 0.0, None 
 48.67, -123.3, 20.0, 2012-09-14 03:40:00, 0.0, None 
 48.45, -123.87, 30.0, 2012-09-14 03:45:00, 0.0, None 
 48.39, -123.88, 28.0, 2012-09-14 03:47:30, 0.0, None 
 48.4, -123.88, 23.5, 2012-09-14 03:50:00, 0.0, None 
 48.39, -123.9, 27.0, 2012-09-14 03:52:30, 0.0, None 
 48.38, -124.0, 31.0, 2012-09-14 03:55:00, 0.0, None 
 48.27, -123.745, 60.0, 2012-09-14 03:57:30, 0.0, None 
 48.6, -123.51, 21.0, 2012-09-14 04:02:30, 0.0, None 
 48.543, -123.56700000000001, 29.2, 2012-09-14 04:05:00, 0.0, None 
 48.5, -123.62, 20.0, 2012-09-14 04:07:30, 0.0, None 
 48.41, -123.97, 60.0, 2012-09-14 04:25:00, 0.0, None 
 48.4, -123.775, 28.0, 2012-09-14 04:27:30, 0.0, None 
 48.5, -123.86, 30.5, 2012-09-14 04:30:00, 0.0, None 
 48.47, -123.745, 20.0, 2012-09-14 04:32:30, 0.0, None 
 48.48, -123.69, 20.0, 2012-09-14 04:35:00, 0.0, None 
 48.485, -123.69200000000001, 20.0, 2012-09-14 04:37:30, 0.0, None 
 48.47, -123.705, 30.0, 2012-09-14 04:40:00, 0.0, None 
 48.49, -123.77, 20.0, 2012-09-14 04:47:30, 0.0, None 
 48.461999999999996, -123.87700000000001, 20.0, 2012-09-14 04:50:00, 0.0, None 
 48.4, -123.775, 44.0, 2012-09-14 04:52:30, 0.0, None 
 48.388000000000005, -123.725, 40.0, 2012-09-14 04:55:00, 0.0, None 
 48.37, -123.725, 60.0, 2012-09-14 04:57:30, 0.0, None 
 48.355, -123.86, 34.5, 2012-09-14 05:00:00, 0.0, None 
 48.383, -123.905, 24.5, 2012-09-14 05:02:30, 0.0, None 
 48.355, -123.82, 20.0, 2012-09-14 05:05:00, 0.0, None 
 48.53, -124.015, 20.0, 2012-09-14 05:17:30, 0.0, None 
 48.6, -123.74, 20.0, 2012-09-14 05:37:30, 0.0, None 
 48.615, -123.79, 52.0, 2012-09-14 05:40:00, 0.0, None 
 48.32, -123.85, 39.0, 2012-09-14 05:55:00, 0.0, None 
 48.4, -123.845, 60.0, 2012-09-14 05:57:30, 0.0, None 
 48.403, -123.87700000000001, 26.0, 2012-09-14 06:00:00, 0.0, None 
 48.407, -123.895, 29.5, 2012-09-14 06:02:30, 0.0, None 
 48.38, -123.93, 22.5, 2012-09-14 06:10:00, 0.0, None 
 48.461999999999996, -123.69200000000001, 40.0, 2012-09-14 06:52:30, 0.0, None 
 48.477, -123.71, 40.0, 2012-09-14 06:55:00, 0.0, None 
 48.44, -123.72, 20.0, 2012-09-14 07:00:00, 0.0, None 
 48.47, -123.74, 20.0, 2012-09-14 07:02:30, 0.0, None 
 48.47, -123.69, 42.0, 2012-09-14 07:05:00, 0.0, None 
 48.43, -123.715, 37.5, 2012-09-14 07:07:30, 0.0, None 
 48.41, -123.69, 38.0, 2012-09-14 07:10:00, 0.0, None 
 48.38, -123.72200000000001, 20.0, 2012-09-14 07:12:30, 0.0, None 
 48.47, -123.8, 23.5, 2012-09-14 07:15:00, 0.0, None 
 48.4, -123.85, 28.0, 2012-09-14 07:20:00, 0.0, None 
 48.47, -123.71, 29.5, 2012-09-14 07:22:30, 0.0, None 
 48.525, -123.67, 20.0, 2012-09-14 07:25:00, 0.0, None 
 48.58, -123.697, 24.0, 2012-09-14 07:27:30, 0.0, None 
 48.565, -123.61, 43.5, 2012-09-14 07:30:00, 0.0, None 
 48.38, -123.925, 39.0, 2012-09-14 07:32:30, 0.0, None 
 48.412, -123.83200000000001, 23.5, 2012-09-14 07:35:00, 0.0, None 
 48.415, -123.805, 28.5, 2012-09-14 07:37:30, 0.0, None 
 48.425, -123.76799999999999, 30.0, 2012-09-14 07:40:00, 0.0, None 
 48.453, -123.82, 20.0, 2012-09-14 07:42:30, 0.0, None 
 48.49, -123.78, 20.0, 2012-09-14 07:45:00, 0.0, None 
 48.43, -123.905, 20.0, 2012-09-14 07:50:00, 0.0, None 
 48.445, -123.87299999999999, 26.0, 2012-09-14 07:52:30, 0.0, None 
 48.39, -123.713, 32.0, 2012-09-14 07:55:00, 0.0, None 
 48.45, -123.81, 40.0, 2012-09-14 07:57:30, 0.0, None 
 48.49, -123.71, 20.0, 2012-09-14 08:10:00, 0.0, None 
 48.52, -123.86, 55.5, 2012-09-14 08:12:30, 0.0, None 
 48.395, -123.71, 43.5, 2012-09-14 08:15:00, 0.0, None 
 48.64, -124.08, 20.0, 2012-09-14 08:20:00, 0.0, None 
 48.41, -123.91, 20.0, 2012-09-14 08:20:00, 0.0, None 
 48.413000000000004, -123.83, 47.0, 2012-09-14 08:22:30, 0.0, None 
 48.461999999999996, -123.84299999999999, 35.8, 2012-09-14 08:25:00, 0.0, None 
 48.49, -123.852, 24.5, 2012-09-14 08:27:30, 0.0, None 
 48.47, -123.835, 31.2, 2012-09-14 08:30:00, 0.0, None 
 48.46, -123.8, 31.0, 2012-09-14 08:32:30, 0.0, None 
 48.61, -124.09, 20.0, 2012-09-14 08:35:00, 0.0, None 
 48.465, -123.75200000000001, 20.0, 2012-09-14 08:35:00, 0.0, None 
 48.5, -123.743, 20.0, 2012-09-14 08:37:30, 0.0, None 
 48.4, -123.665, 29.2, 2012-09-14 08:40:00, 0.0, None 
 48.486999999999995, -123.765, 24.5, 2012-09-14 08:42:30, 0.0, None 
 48.46, -123.895, 21.2, 2012-09-14 08:45:00, 0.0, None 
 48.415, -123.86, 20.0, 2012-09-14 08:47:30, 0.0, None 
 48.413000000000004, -123.63, 21.5, 2012-09-14 08:50:00, 0.0, None 
 48.49, -123.74, 20.0, 2012-09-14 08:52:30, 0.0, None 
 48.495, -123.735, 60.0, 2012-09-14 08:55:00, 0.0, None 
 48.51, -123.7, 56.0, 2012-09-14 08:57:30, 0.0, None 
 48.485, -123.72, 20.0, 2012-09-14 09:00:00, 0.0, None 
 48.38, -123.98, 33.0, 2012-09-14 09:02:30, 0.0, None 
 48.48, -124.035, 20.0, 2012-09-14 09:05:00, 0.0, None 
 48.486999999999995, -123.73, 29.0, 2012-09-14 09:07:30, 0.0, None 
 48.41, -123.79299999999999, 20.0, 2012-09-14 09:10:00, 0.0, None 
 48.39, -123.77, 50.0, 2012-09-14 09:12:30, 0.0, None 
 48.42, -123.855, 22.0, 2012-09-14 09:15:00, 0.0, None 
 48.425, -123.885, 20.0, 2012-09-14 09:17:30, 0.0, None 
 48.405, -123.822, 20.0, 2012-09-14 09:20:00, 0.0, None 
 48.41, -123.727, 39.8, 2012-09-14 09:22:30, 0.0, None 
 48.445, -123.77, 26.5, 2012-09-14 09:25:00, 0.0, None 
 48.415, -123.68, 32.5, 2012-09-14 09:27:30, 0.0, None 
 48.39, -123.705, 33.2, 2012-09-14 09:37:30, 0.0, None 
 48.375, -123.685, 26.0, 2012-09-14 09:40:00, 0.0, None 
 48.32, -123.87, 38.0, 2012-09-14 09:42:30, 0.0, None 
 48.4, -123.79, 20.0, 2012-09-14 09:45:00, 0.0, None 
 48.42, -123.77, 20.0, 2012-09-14 09:47:30, 0.0, None 
 48.46, -123.6, 40.0, 2012-09-14 09:55:00, 0.0, None 
 48.448, -123.84299999999999, 26.8, 2012-09-14 09:57:30, 0.0, None 
 48.418, -123.863, 28.5, 2012-09-14 10:00:00, 0.0, None 
 48.405, -123.82799999999999, 29.2, 2012-09-14 10:05:00, 0.0, None 
 48.4, -123.86, 20.5, 2012-09-14 10:12:30, 0.0, None 
 48.31, -123.97, 40.5, 2012-09-14 10:15:00, 0.0, None 
 48.67, -123.33, 54.0, 2012-09-14 10:32:30, 0.0, None 
 48.27, -123.78, 60.0, 2012-09-14 10:52:30, 0.0, None 
 48.376999999999995, -123.83, 34.0, 2012-09-14 10:55:00, 0.0, None 
 48.495, -123.8, 46.0, 2012-09-14 10:57:30, 0.0, None 
 48.425, -123.87, 20.0, 2012-09-14 11:00:00, 0.0, None 
 48.455, -123.895, 32.8, 2012-09-14 11:02:30, 0.0, None 
 48.47, -123.86, 28.2, 2012-09-14 11:05:00, 0.0, None 
 48.413000000000004, -123.787, 30.0, 2012-09-14 11:07:30, 0.0, None 
 48.43, -123.787, 29.5, 2012-09-14 11:10:00, 0.0, None 
 48.431999999999995, -123.895, 34.8, 2012-09-14 11:12:30, 0.0, None 
 48.465, -123.845, 48.5, 2012-09-14 11:15:00, 0.0, None 
 48.457, -123.825, 29.8, 2012-09-14 11:17:30, 0.0, None 
 48.425, -123.78, 20.0, 2012-09-14 11:20:00, 0.0, None 
 48.418, -123.76, 32.8, 2012-09-14 11:22:30, 0.0, None 
 48.52, -123.75200000000001, 20.0, 2012-09-14 11:25:00, 0.0, None 
 48.5, -123.52, 39.0, 2012-09-14 11:27:30, 0.0, None 
 48.552, -123.675, 47.0, 2012-09-14 11:32:30, 0.0, None 
 48.52, -123.63, 60.0, 2012-09-14 11:35:00, 0.0, None 
 48.35, -123.76, 20.0, 2012-09-14 11:37:30, 0.0, None 
 48.395, -123.83, 20.0, 2012-09-14 11:40:00, 0.0, None 
 48.39, -123.77, 20.0, 2012-09-14 11:42:30, 0.0, None 
 48.49, -123.78, 38.5, 2012-09-14 11:45:00, 0.0, None 
 48.5, -123.825, 20.0, 2012-09-14 11:47:30, 0.0, None 
 48.46, -123.78, 50.0, 2012-09-14 11:50:00, 0.0, None 
 48.195, -124.1, 60.0, 2012-09-14 11:55:00, 0.0, None 
 48.435, -123.74799999999999, 51.0, 2012-09-14 11:57:30, 0.0, None 
 48.49, -123.84, 26.2, 2012-09-14 12:00:00, 0.0, None 
 48.48, -123.93799999999999, 27.5, 2012-09-14 12:02:30, 0.0, None 
 48.48, -123.945, 20.5, 2012-09-14 12:05:00, 0.0, None 
 48.498000000000005, -123.955, 20.0, 2012-09-14 12:07:30, 0.0, None 
 48.5, -123.96, 20.0, 2012-09-14 12:10:00, 0.0, None 
 48.48, -123.90700000000001, 34.5, 2012-09-14 12:12:30, 0.0, None 
 48.45, -123.95, 25.0, 2012-09-14 12:15:00, 0.0, None 
 48.445, -124.01, 38.2, 2012-09-14 12:17:30, 0.0, None 
 48.505, -123.945, 23.0, 2012-09-14 12:20:00, 0.0, None 
 48.515, -123.935, 20.0, 2012-09-14 12:22:30, 0.0, None 
 48.485, -123.92, 21.0, 2012-09-14 12:25:00, 0.0, None 
 48.58, -124.09, 31.0, 2012-09-14 12:27:30, 0.0, None 
 48.45, -123.87299999999999, 34.2, 2012-09-14 12:30:00, 0.0, None 
 48.51, -123.895, 20.0, 2012-09-14 12:32:30, 0.0, None 
 48.537, -123.9, 20.0, 2012-09-14 12:35:00, 0.0, None 
 48.55, -123.94, 20.0, 2012-09-14 12:37:30, 0.0, None 
 48.77, -124.11, 28.0, 2012-09-14 12:40:00, 0.0, None 
 48.5, -123.9, 20.0, 2012-09-14 12:40:00, 0.0, None 
 48.49, -123.87, 20.0, 2012-09-14 12:42:30, 0.0, None 
 48.42, -123.83, 20.0, 2012-09-14 12:45:00, 0.0, None 
 48.4, -123.84, 27.5, 2012-09-14 12:47:30, 0.0, None 
 48.69, -124.035, 20.0, 2012-09-14 12:52:30, 0.0, None 
 48.52, -123.82, 29.0, 2012-09-14 12:55:00, 0.0, None 
 48.55, -123.985, 25.0, 2012-09-14 12:57:30, 0.0, None 
 48.565, -124.00200000000001, 25.0, 2012-09-14 13:00:00, 0.0, None 
 48.36, -123.75, 24.5, 2012-09-14 13:42:30, 0.0, None 
 48.45, -124.03, 40.0, 2012-09-14 13:55:00, 0.0, None 
 48.37, -123.7, 60.0, 2012-09-14 14:32:30, 0.0, None 
 48.445, -123.765, 20.0, 2012-09-14 14:35:00, 0.0, None 
 48.32, -123.9, 47.0, 2012-09-14 14:37:30, 0.0, None 
 48.445, -123.99799999999999, 22.5, 2012-09-14 14:40:00, 0.0, None 
 48.2, -123.2, 20.0, 2012-09-14 16:37:30, 0.0, None 
 48.905, -124.68, 60.0, 2012-09-14 18:17:30, 0.0, None 
 48.38, -123.725, 20.0, 2012-09-14 20:40:00, 0.0, None 
 48.477, -123.84, 32.8, 2012-09-14 20:42:30, 0.0, None 
 48.39, -123.94, 20.0, 2012-09-14 20:45:00, 0.0, None 
 48.27, -123.885, 60.0, 2012-09-14 20:50:00, 0.0, None 
 48.355, -123.82, 43.0, 2012-09-14 20:52:30, 0.0, None 
 48.59, -123.72, 33.0, 2012-09-14 21:45:00, 0.0, None 
 48.28, -123.74, 27.0, 2012-09-14 21:50:00, 0.0, None 
 48.33, -123.83, 60.0, 2012-09-14 22:00:00, 0.0, None 
 48.9, -124.68, 20.0, 2012-09-14 22:12:30, 0.0, None 
 48.52, -123.79, 20.0, 2012-09-14 22:15:00, 0.0, None 
 48.4, -123.63, 60.0, 2012-09-14 22:17:30, 0.0, None 
 48.18, -124.1, 60.0, 2012-09-14 22:22:30, 0.0, None 
 48.28, -123.78, 60.0, 2012-09-14 22:35:00, 0.0, None 
 48.505, -123.62, 20.0, 2012-09-14 22:37:30, 0.0, None 
 48.445, -123.905, 37.5, 2012-09-14 22:45:00, 0.0, None 
 48.435, -123.815, 40.8, 2012-09-14 22:47:30, 0.0, None 
 48.41, -123.83, 20.0, 2012-09-14 22:50:00, 0.0, None 
 48.4, -123.91, 20.0, 2012-09-14 22:52:30, 0.0, None 
 48.5, -123.81, 40.0, 2012-09-14 22:57:30, 0.0, None 
 48.47, -123.76, 27.5, 2012-09-14 23:00:00, 0.0, None 
 48.455, -123.745, 20.0, 2012-09-14 23:02:30, 0.0, None 
 48.345, -123.825, 37.5, 2012-09-14 23:05:00, 0.0, None 
 48.395, -123.805, 20.0, 2012-09-14 23:07:30, 0.0, None 
 48.34, -123.91, 20.0, 2012-09-14 23:12:30, 0.0, None 
 48.415, -123.85, 20.0, 2012-09-14 23:17:30, 0.0, None 
 48.415, -123.88, 25.8, 2012-09-14 23:20:00, 0.0, None 
 48.47, -123.7, 43.0, 2012-09-14 23:30:00, 0.0, None 
 48.625, -124.075, 20.0, 2012-09-14 23:35:00, 0.0, None 
 48.58, -124.03, 32.5, 2012-09-14 23:47:30, 0.0, None 
 48.585, -124.0, 20.0, 2012-09-14 23:50:00, 0.0, None 
 48.535, -123.99, 27.0, 2012-09-15 00:05:00, 0.0, None 
 48.39, -123.635, 30.0, 2012-09-15 00:17:30, 0.0, None 
 48.52, -123.4, 60.0, 2012-09-15 00:20:00, 0.0, None 
 48.38, -123.78, 20.0, 2012-09-15 00:25:00, 0.0, None 
 48.36, -123.75, 20.0, 2012-09-15 00:27:30, 0.0, None 
 48.5, -123.91799999999999, 44.2, 2012-09-15 00:30:00, 0.0, None 
 48.51, -123.91, 60.0, 2012-09-15 00:32:30, 0.0, None 
 48.59, -123.73, 60.0, 2012-09-15 00:37:30, 0.0, None 
 48.82, -123.73, 60.0, 2012-09-15 00:37:30, 0.0, None 
 48.48, -123.915, 52.5, 2012-09-15 00:40:00, 0.0, None 
 48.515, -123.885, 22.0, 2012-09-15 00:42:30, 0.0, None 
 48.5, -123.805, 20.0, 2012-09-15 00:45:00, 0.0, None 
 48.593, -124.05799999999999, 20.0, 2012-09-15 00:50:00, 0.0, None 
 48.865, -124.29, 20.0, 2012-09-15 00:52:30, 0.0, None 
 48.578, -123.945, 20.0, 2012-09-15 00:52:30, 0.0, None 
 48.77, -124.18, 28.0, 2012-09-15 00:55:00, 0.0, None 
 48.55, -123.91, 20.0, 2012-09-15 00:55:00, 0.0, None 
 48.525, -123.9, 42.8, 2012-09-15 00:57:30, 0.0, None 
 48.585, -123.895, 20.0, 2012-09-15 01:00:00, 0.0, None 
 48.602, -123.88, 21.0, 2012-09-15 01:02:30, 0.0, None 
 48.58, -123.912, 20.0, 2012-09-15 01:05:00, 0.0, None 
 48.565, -123.85799999999999, 49.2, 2012-09-15 01:07:30, 0.0, None 
 48.501999999999995, -123.93799999999999, 20.0, 2012-09-15 01:10:00, 0.0, None 
 48.82, -124.1, 21.5, 2012-09-15 01:12:30, 0.0, None 
 48.523, -123.90700000000001, 20.0, 2012-09-15 01:12:30, 0.0, None 
 48.975, -124.2, 40.0, 2012-09-15 01:15:00, 0.0, None 
 48.56, -123.805, 35.5, 2012-09-15 01:15:00, 0.0, None 
 48.59, -123.79700000000001, 45.0, 2012-09-15 01:17:30, 0.0, None 
 48.97, -124.41, 32.0, 2012-09-15 01:20:00, 0.0, None 
 48.535, -123.863, 20.0, 2012-09-15 01:20:00, 0.0, None 
 48.54, -123.96, 20.0, 2012-09-15 01:22:30, 0.0, None 
 48.83, -124.28, 60.0, 2012-09-15 01:27:30, 0.0, None 
 48.63, -124.085, 43.0, 2012-09-15 01:40:00, 0.0, None 
 48.57, -124.13, 42.5, 2012-09-15 01:42:30, 0.0, None 
 48.655, -124.16, 20.0, 2012-09-15 01:45:00, 0.0, None 
 48.6, -124.145, 30.0, 2012-09-15 01:47:30, 0.0, None 
 48.608000000000004, -124.16799999999999, 22.5, 2012-09-15 01:50:00, 0.0, None 
 48.41, -123.99, 34.0, 2012-09-15 01:50:00, 0.0, None 
 48.699, -124.149, 43.5, 2012-09-15 01:52:30, 0.0, None 
 48.665, -124.135, 29.5, 2012-09-15 01:55:00, 0.0, None 
 48.605, -124.137, 34.2, 2012-09-15 01:57:30, 0.0, None 
 48.705, -124.2, 35.0, 2012-09-15 02:00:00, 0.0, None 
 48.611999999999995, -124.075, 41.8, 2012-09-15 02:02:30, 0.0, None 
 48.64, -124.07, 29.0, 2012-09-15 02:07:30, 0.0, None 
 48.66, -124.08, 24.5, 2012-09-15 02:10:00, 0.0, None 
 48.67, -124.13, 22.0, 2012-09-15 02:12:30, 0.0, None 
 48.49, -123.73, 20.0, 2012-09-15 02:12:30, 0.0, None 
 48.66, -124.18299999999999, 35.8, 2012-09-15 02:15:00, 0.0, None 
 48.66, -124.185, 33.5, 2012-09-15 02:17:30, 0.0, None 
 48.672, -124.21799999999999, 34.8, 2012-09-15 02:20:00, 0.0, None 
 48.64, -123.78, 20.0, 2012-09-15 02:22:30, 0.0, None 
 48.43, -123.505, 20.0, 2012-09-15 02:22:30, 0.0, None 
 48.65, -124.14, 37.0, 2012-09-15 02:25:00, 0.0, None 
 48.3, -123.75, 38.0, 2012-09-15 02:25:00, 0.0, None 
 48.525, -123.68299999999999, 26.2, 2012-09-15 02:27:30, 0.0, None 
 48.53, -123.67200000000001, 26.5, 2012-09-15 02:30:00, 0.0, None 
 48.82, -124.1, 30.0, 2012-09-15 02:32:30, 0.0, None 
 48.535, -123.78, 20.5, 2012-09-15 02:32:30, 0.0, None 
 48.63, -124.08, 20.0, 2012-09-15 02:35:00, 0.0, None 
 48.525, -123.755, 23.0, 2012-09-15 02:35:00, 0.0, None 
 48.71, -124.075, 20.0, 2012-09-15 02:37:30, 0.0, None 
 48.49, -123.78, 20.0, 2012-09-15 02:40:00, 0.0, None 
 48.74, -124.265, 20.0, 2012-09-15 02:42:30, 0.0, None 
 48.58, -123.79, 20.0, 2012-09-15 02:42:30, 0.0, None 
 48.528, -123.70299999999999, 20.5, 2012-09-15 02:45:00, 0.0, None 
 48.69, -124.29, 20.0, 2012-09-15 02:47:30, 0.0, None 
 48.59, -123.43, 49.0, 2012-09-15 02:47:30, 0.0, None 
 48.56, -123.79, 20.0, 2012-09-15 02:47:30, 0.0, None 
 48.535, -123.773, 20.5, 2012-09-15 02:50:00, 0.0, None 
 48.545, -123.81200000000001, 20.0, 2012-09-15 02:52:30, 0.0, None 
 48.69, -123.61, 60.0, 2012-09-15 02:55:00, 0.0, None 
 48.37, -123.72, 60.0, 2012-09-15 02:55:00, 0.0, None 
 48.52, -123.82, 54.0, 2012-09-15 02:57:30, 0.0, None 
 48.54, -123.632, 39.2, 2012-09-15 03:00:00, 0.0, None 
 48.525, -123.80799999999999, 20.0, 2012-09-15 03:02:30, 0.0, None 
 48.495, -123.905, 21.8, 2012-09-15 03:05:00, 0.0, None 
 48.472, -123.91799999999999, 20.0, 2012-09-15 03:07:30, 0.0, None 
 48.435, -123.833, 31.2, 2012-09-15 03:10:00, 0.0, None 
 48.58, -123.87, 47.0, 2012-09-15 03:12:30, 0.0, None 
 48.56, -123.85, 20.0, 2012-09-15 03:15:00, 0.0, None 
 48.53, -123.8, 20.2, 2012-09-15 03:17:30, 0.0, None 
 48.49, -123.825, 51.5, 2012-09-15 03:20:00, 0.0, None 
 48.44, -123.84299999999999, 25.5, 2012-09-15 03:22:30, 0.0, None 
 48.68, -124.08, 36.0, 2012-09-15 03:25:00, 0.0, None 
 48.5, -123.88, 25.5, 2012-09-15 03:25:00, 0.0, None 
 48.67, -124.1, 20.0, 2012-09-15 03:27:30, 0.0, None 
 48.525, -123.882, 20.0, 2012-09-15 03:27:30, 0.0, None 
 48.515, -123.87299999999999, 20.0, 2012-09-15 03:30:00, 0.0, None 
 48.5, -123.905, 24.8, 2012-09-15 03:32:30, 0.0, None 
 48.48, -123.92200000000001, 21.8, 2012-09-15 03:35:00, 0.0, None 
 48.805, -124.18, 25.0, 2012-09-15 03:37:30, 0.0, None 
 48.5, -123.988, 27.5, 2012-09-15 03:37:30, 0.0, None 
 48.495, -123.9, 20.0, 2012-09-15 03:40:00, 0.0, None 
 48.735, -124.09, 20.0, 2012-09-15 03:40:00, 0.0, None 
 48.495, -123.91, 20.0, 2012-09-15 03:42:30, 0.0, None 
 48.85, -124.18, 20.0, 2012-09-15 03:45:00, 0.0, None 
 48.53, -123.875, 28.5, 2012-09-15 03:45:00, 0.0, None 
 48.5, -123.76, 27.0, 2012-09-15 03:47:30, 0.0, None 
 48.675, -124.005, 48.0, 2012-09-15 03:47:30, 0.0, None 
 48.63, -123.93, 20.0, 2012-09-15 03:50:00, 0.0, None 
 48.57, -124.01100000000001, 27.9, 2012-09-15 03:52:30, 0.0, None 
 48.58, -123.925, 20.0, 2012-09-15 03:55:00, 0.0, None 
 48.49, -123.85, 59.2, 2012-09-15 03:57:30, 0.0, None 
 48.415, -123.90299999999999, 48.2, 2012-09-15 04:02:30, 0.0, None 
 48.395, -123.852, 44.5, 2012-09-15 04:05:00, 0.0, None 
 48.36, -123.82700000000001, 24.8, 2012-09-15 04:07:30, 0.0, None 
 48.64, -124.09, 20.0, 2012-09-15 04:10:00, 0.0, None 
 48.42, -123.885, 20.0, 2012-09-15 04:10:00, 0.0, None 
 48.588, -123.927, 25.8, 2012-09-15 04:12:30, 0.0, None 
 48.9, -124.21, 33.0, 2012-09-15 04:15:00, 0.0, None 
 48.61, -123.93799999999999, 22.8, 2012-09-15 04:15:00, 0.0, None 
 48.55, -123.845, 20.0, 2012-09-15 04:17:30, 0.0, None 
 48.77, -124.16, 20.0, 2012-09-15 04:17:30, 0.0, None 
 48.555, -123.85799999999999, 20.0, 2012-09-15 04:20:00, 0.0, None 
 48.51, -123.86200000000001, 20.0, 2012-09-15 04:22:30, 0.0, None 
 48.515, -123.97, 40.5, 2012-09-15 04:25:00, 0.0, None 
 48.55, -123.935, 31.2, 2012-09-15 04:27:30, 0.0, None 
 48.55, -123.87700000000001, 23.2, 2012-09-15 04:30:00, 0.0, None 
 48.63, -123.87, 27.0, 2012-09-15 04:32:30, 0.0, None 
 48.66, -123.955, 20.0, 2012-09-15 04:35:00, 0.0, None 
 48.625, -123.915, 20.0, 2012-09-15 04:37:30, 0.0, None 
 48.59, -123.88, 20.0, 2012-09-15 04:40:00, 0.0, None 
 48.565, -123.835, 23.5, 2012-09-15 04:42:30, 0.0, None 
 48.593, -123.838, 24.5, 2012-09-15 04:45:00, 0.0, None 
 48.615, -123.89, 25.0, 2012-09-15 04:47:30, 0.0, None 
 48.515, -123.94, 22.0, 2012-09-15 04:50:00, 0.0, None 
 48.76, -124.145, 20.0, 2012-09-15 04:52:30, 0.0, None 
 48.53, -123.93, 20.0, 2012-09-15 04:52:30, 0.0, None 
 48.52, -123.965, 20.0, 2012-09-15 04:55:00, 0.0, None 
 48.535, -123.905, 46.5, 2012-09-15 04:57:30, 0.0, None 
 48.675, -124.1, 23.5, 2012-09-15 05:00:00, 0.0, None 
 48.665, -124.15, 24.0, 2012-09-15 05:02:30, 0.0, None 
 48.61, -124.08200000000001, 28.5, 2012-09-15 05:05:00, 0.0, None 
 48.665, -124.12, 27.0, 2012-09-15 05:07:30, 0.0, None 
 48.86, -124.12, 20.0, 2012-09-15 05:10:00, 0.0, None 
 48.61, -123.993, 26.8, 2012-09-15 05:10:00, 0.0, None 
 48.641999999999996, -124.023, 24.0, 2012-09-15 05:12:30, 0.0, None 
 48.625, -124.037, 33.8, 2012-09-15 05:15:00, 0.0, None 
 48.665, -124.039, 22.5, 2012-09-15 05:17:30, 0.0, None 
 48.68, -124.07799999999999, 25.0, 2012-09-15 05:20:00, 0.0, None 
 48.705, -124.15100000000001, 22.2, 2012-09-15 05:22:30, 0.0, None 
 48.63, -124.023, 30.0, 2012-09-15 05:25:00, 0.0, None 
 48.66, -124.05799999999999, 28.0, 2012-09-15 05:27:30, 0.0, None 
 48.655, -124.06200000000001, 20.0, 2012-09-15 05:30:00, 0.0, None 
 48.608000000000004, -123.99600000000001, 20.9, 2012-09-15 05:32:30, 0.0, None 
 48.575, -123.917, 24.5, 2012-09-15 05:35:00, 0.0, None 
 48.6, -124.1, 20.0, 2012-09-15 05:40:00, 0.0, None 
 48.477, -123.6, 32.0, 2012-09-15 05:47:30, 0.0, None 
 48.532, -123.572, 24.8, 2012-09-15 05:50:00, 0.0, None 
 48.53, -123.415, 45.0, 2012-09-15 05:52:30, 0.0, None 
 48.705, -124.065, 32.0, 2012-09-15 06:10:00, 0.0, None 
 48.46, -124.04, 60.0, 2012-09-15 06:10:00, 0.0, None 
 48.87, -124.17, 20.0, 2012-09-15 06:12:30, 0.0, None 
 48.645, -124.03, 36.0, 2012-09-15 06:12:30, 0.0, None 
 48.641999999999996, -124.06, 29.0, 2012-09-15 06:15:00, 0.0, None 
 48.625, -124.09, 29.5, 2012-09-15 06:17:30, 0.0, None 
 48.736999999999995, -124.03200000000001, 50.0, 2012-09-15 06:22:30, 0.0, None 
 48.57, -124.01, 50.5, 2012-09-15 06:25:00, 0.0, None 
 48.633, -124.065, 39.8, 2012-09-15 06:27:30, 0.0, None 
 48.655, -124.11200000000001, 26.2, 2012-09-15 06:30:00, 0.0, None 
 48.29, -123.73, 60.0, 2012-09-15 06:30:00, 0.0, None 
 48.59, -124.21, 29.0, 2012-09-15 06:32:30, 0.0, None 
 48.626999999999995, -124.015, 23.8, 2012-09-15 06:35:00, 0.0, None 
 48.94, -124.28, 29.0, 2012-09-15 06:37:30, 0.0, None 
 48.67, -124.11, 35.0, 2012-09-15 06:37:30, 0.0, None 
 48.56, -124.14, 29.0, 2012-09-15 06:40:00, 0.0, None 
 48.7, -123.135, 60.0, 2012-09-15 06:45:00, 0.0, None 
 48.685, -124.035, 40.5, 2012-09-15 06:50:00, 0.0, None 
 48.78, -124.11, 30.5, 2012-09-15 06:52:30, 0.0, None 
 48.7, -123.425, 60.0, 2012-09-15 06:57:30, 0.0, None 
 48.69, -123.24, 49.0, 2012-09-15 07:00:00, 0.0, None 
 48.59, -123.49, 20.0, 2012-09-15 07:02:30, 0.0, None 
 48.54, -123.605, 33.0, 2012-09-15 07:15:00, 0.0, None 
 48.53, -123.595, 30.0, 2012-09-15 07:17:30, 0.0, None 
 48.51, -123.66, 25.5, 2012-09-15 07:20:00, 0.0, None 
 48.53, -123.685, 33.5, 2012-09-15 07:22:30, 0.0, None 
 48.485, -123.55799999999999, 42.2, 2012-09-15 07:25:00, 0.0, None 
 48.535, -123.59299999999999, 29.2, 2012-09-15 07:27:30, 0.0, None 
 48.62, -123.62, 49.0, 2012-09-15 07:30:00, 0.0, None 
 48.535, -123.505, 40.0, 2012-09-15 07:32:30, 0.0, None 
 48.54, -123.58200000000001, 26.8, 2012-09-15 07:35:00, 0.0, None 
 48.54, -123.58, 27.0, 2012-09-15 07:37:30, 0.0, None 
 48.56, -123.585, 42.8, 2012-09-15 07:40:00, 0.0, None 
 48.515, -123.66, 44.0, 2012-09-15 07:42:30, 0.0, None 
 48.515, -123.64200000000001, 27.5, 2012-09-15 07:45:00, 0.0, None 
 48.575, -123.66, 30.2, 2012-09-15 07:47:30, 0.0, None 
 48.543, -123.565, 53.5, 2012-09-15 07:50:00, 0.0, None 
 48.43, -123.6, 60.0, 2012-09-15 07:52:30, 0.0, None 
 48.5, -123.61, 31.0, 2012-09-15 07:55:00, 0.0, None 
 48.6, -123.78, 60.0, 2012-09-15 07:57:30, 0.0, None 
 48.6, -123.59, 26.5, 2012-09-15 08:00:00, 0.0, None 
 48.6, -123.64, 20.0, 2012-09-15 08:02:30, 0.0, None 
 48.543, -123.523, 29.2, 2012-09-15 08:05:00, 0.0, None 
 48.515, -123.605, 37.5, 2012-09-15 08:07:30, 0.0, None 
 48.58, -123.515, 41.5, 2012-09-15 08:10:00, 0.0, None 
 48.75, -123.86, 44.0, 2012-09-15 08:10:00, 0.0, None 
 48.6, -123.555, 32.0, 2012-09-15 08:12:30, 0.0, None 
 48.75, -123.9, 47.0, 2012-09-15 08:12:30, 0.0, None 
 48.58, -123.41, 49.0, 2012-09-15 08:15:00, 0.0, None 
 48.63, -123.755, 39.0, 2012-09-15 08:15:00, 0.0, None 
 48.705, -123.22, 60.0, 2012-09-15 08:17:30, 0.0, None 
 48.59, -123.62, 60.0, 2012-09-15 08:20:00, 0.0, None 
 48.641999999999996, -123.792, 33.8, 2012-09-15 08:22:30, 0.0, None 
 48.638000000000005, -123.65299999999999, 51.5, 2012-09-15 08:25:00, 0.0, None 
 48.615, -123.58, 34.5, 2012-09-15 08:27:30, 0.0, None 
 48.51, -123.64, 33.0, 2012-09-15 08:30:00, 0.0, None 
 48.446999999999996, -123.65, 30.0, 2012-09-15 08:32:30, 0.0, None 
 48.62, -123.47, 44.0, 2012-09-15 08:37:30, 0.0, None 
 48.35, -123.7, 20.0, 2012-09-15 08:42:30, 0.0, None 
 48.57, -123.49, 20.0, 2012-09-15 08:45:00, 0.0, None 
 48.6, -123.35, 60.0, 2012-09-15 08:47:30, 0.0, None 
 48.69, -123.45, 46.5, 2012-09-15 09:02:30, 0.0, None 
 48.608000000000004, -123.505, 52.8, 2012-09-15 09:05:00, 0.0, None 
 48.4, -123.585, 60.0, 2012-09-15 09:07:30, 0.0, None 
 48.5, -123.37, 55.5, 2012-09-15 09:15:00, 0.0, None 
 48.59, -123.43, 48.0, 2012-09-15 09:17:30, 0.0, None 
 48.68, -123.76, 55.5, 2012-09-15 09:17:30, 0.0, None 
 48.525, -123.523, 30.8, 2012-09-15 09:20:00, 0.0, None 
 48.495, -123.595, 41.5, 2012-09-15 09:22:30, 0.0, None 
 48.485, -123.61, 25.0, 2012-09-15 09:25:00, 0.0, None 
 48.495, -123.625, 20.8, 2012-09-15 09:27:30, 0.0, None 
 48.65, -123.44200000000001, 25.0, 2012-09-15 09:32:30, 0.0, None 
 48.59, -123.465, 20.0, 2012-09-15 09:35:00, 0.0, None 
 48.62, -124.315, 24.0, 2012-09-15 09:37:30, 0.0, None 
 48.67, -124.26, 33.0, 2012-09-15 09:40:00, 0.0, None 
 48.625, -124.34700000000001, 26.0, 2012-09-15 09:42:30, 0.0, None 
 48.7, -124.36, 31.0, 2012-09-15 09:45:00, 0.0, None 
 48.72, -123.83, 50.0, 2012-09-15 09:47:30, 0.0, None 
 48.645, -124.255, 20.0, 2012-09-15 09:50:00, 0.0, None 
 48.68, -124.31700000000001, 26.5, 2012-09-15 09:55:00, 0.0, None 
 48.611999999999995, -124.36, 39.0, 2012-09-15 09:57:30, 0.0, None 
 48.695, -124.21, 24.0, 2012-09-15 10:00:00, 0.0, None 
 48.545, -124.175, 20.0, 2012-09-15 10:02:30, 0.0, None 
 48.647, -123.79299999999999, 46.2, 2012-09-15 10:02:30, 0.0, None 
 48.695, -123.745, 44.2, 2012-09-15 10:05:00, 0.0, None 
 48.7, -123.77799999999999, 41.8, 2012-09-15 10:07:30, 0.0, None 
 48.617, -123.72200000000001, 20.0, 2012-09-15 10:10:00, 0.0, None 
 48.67, -124.08, 29.0, 2012-09-15 10:12:30, 0.0, None 
 48.6, -123.795, 42.0, 2012-09-15 10:15:00, 0.0, None 
 48.71, -124.44, 20.0, 2012-09-15 10:17:30, 0.0, None 
 48.72, -124.405, 20.0, 2012-09-15 10:20:00, 0.0, None 
 48.61, -123.61, 36.0, 2012-09-15 10:22:30, 0.0, None 
 48.56, -123.695, 32.5, 2012-09-15 10:27:30, 0.0, None 
 48.685, -124.26700000000001, 24.5, 2012-09-15 10:30:00, 0.0, None 
 48.5, -123.64, 20.0, 2012-09-15 10:30:00, 0.0, None 
 48.51, -123.695, 20.0, 2012-09-15 10:35:00, 0.0, None 
 48.56, -123.68799999999999, 34.2, 2012-09-15 10:37:30, 0.0, None 
 48.588, -123.61200000000001, 40.2, 2012-09-15 10:40:00, 0.0, None 
 48.582, -123.71799999999999, 22.0, 2012-09-15 10:42:30, 0.0, None 
 48.58, -123.73, 20.0, 2012-09-15 10:45:00, 0.0, None 
 48.547, -123.71799999999999, 28.0, 2012-09-15 10:47:30, 0.0, None 
 48.425, -123.865, 42.0, 2012-09-15 10:50:00, 0.0, None 
 48.523, -123.815, 28.5, 2012-09-15 10:52:30, 0.0, None 
 48.495, -123.775, 22.2, 2012-09-15 10:55:00, 0.0, None 
 48.475, -123.84, 60.0, 2012-09-15 10:57:30, 0.0, None 
 48.58, -123.48, 52.0, 2012-09-15 11:00:00, 0.0, None 
 48.67, -124.31, 56.5, 2012-09-15 11:07:30, 0.0, None 
 48.39, -123.98, 20.0, 2012-09-15 11:07:30, 0.0, None 
 48.62, -124.23, 20.0, 2012-09-15 11:10:00, 0.0, None 
 48.81, -124.33, 20.0, 2012-09-15 11:12:30, 0.0, None 
 48.44, -123.885, 30.0, 2012-09-15 11:12:30, 0.0, None 
 48.788000000000004, -124.322, 21.5, 2012-09-15 11:15:00, 0.0, None 
 48.41, -123.96, 60.0, 2012-09-15 11:15:00, 0.0, None 
 48.69, -124.32, 20.0, 2012-09-15 11:17:30, 0.0, None 
 48.662, -124.29700000000001, 25.5, 2012-09-15 11:20:00, 0.0, None 
 48.67, -124.305, 24.0, 2012-09-15 11:22:30, 0.0, None 
 48.655, -124.28, 34.0, 2012-09-15 11:25:00, 0.0, None 
 48.72, -124.195, 35.0, 2012-09-15 11:27:30, 0.0, None 
 48.51, -123.76, 20.0, 2012-09-15 11:27:30, 0.0, None 
 48.64, -124.042, 41.2, 2012-09-15 11:30:00, 0.0, None 
 48.763000000000005, -124.18299999999999, 20.0, 2012-09-15 11:32:30, 0.0, None 
 48.44, -123.79, 20.0, 2012-09-15 11:35:00, 0.0, None 
 48.67, -124.21, 20.0, 2012-09-15 11:37:30, 0.0, None 
 48.445, -123.735, 36.0, 2012-09-15 11:37:30, 0.0, None 
 48.7, -124.28, 35.0, 2012-09-15 11:40:00, 0.0, None 
 48.69, -124.29, 32.5, 2012-09-15 11:42:30, 0.0, None 
 48.625, -124.12, 34.5, 2012-09-15 11:45:00, 0.0, None 
 48.711999999999996, -124.204, 36.6, 2012-09-15 11:47:30, 0.0, None 
 48.68, -124.18, 26.2, 2012-09-15 11:50:00, 0.0, None 
 48.52, -123.79, 20.0, 2012-09-15 11:50:00, 0.0, None 
 48.895, -124.36, 20.0, 2012-09-15 11:52:30, 0.0, None 
 48.457, -123.79, 28.0, 2012-09-15 11:52:30, 0.0, None 
 48.41, -123.79700000000001, 40.0, 2012-09-15 11:55:00, 0.0, None 
 48.41, -123.86, 60.0, 2012-09-15 11:57:30, 0.0, None 
 48.7, -124.21, 26.5, 2012-09-15 12:02:30, 0.0, None 
 48.5, -123.83, 46.0, 2012-09-15 12:02:30, 0.0, None 
 48.775, -124.24799999999999, 23.0, 2012-09-15 12:05:00, 0.0, None 
 48.63, -123.87, 41.0, 2012-09-15 12:05:00, 0.0, None 
 48.61, -123.73, 20.0, 2012-09-15 12:07:30, 0.0, None 
 48.53, -123.71, 28.5, 2012-09-15 12:10:00, 0.0, None 
 48.62, -123.62, 38.0, 2012-09-15 12:12:30, 0.0, None 
 48.55, -123.80799999999999, 32.0, 2012-09-15 12:15:00, 0.0, None 
 48.8, -124.18, 20.0, 2012-09-15 12:17:30, 0.0, None 
 48.565, -123.86200000000001, 20.5, 2012-09-15 12:17:30, 0.0, None 
 48.755, -124.16, 20.0, 2012-09-15 12:20:00, 0.0, None 
 48.516999999999996, -123.84, 22.8, 2012-09-15 12:20:00, 0.0, None 
 48.45, -124.023, 49.8, 2012-09-15 12:22:30, 0.0, None 
 48.635, -124.225, 20.0, 2012-09-15 12:25:00, 0.0, None 
 48.6, -124.08, 37.0, 2012-09-15 12:30:00, 0.0, None 
 48.57, -124.125, 20.0, 2012-09-15 12:32:30, 0.0, None 
 48.597, -123.94, 21.5, 2012-09-15 12:35:00, 0.0, None 
 48.61, -123.98, 44.5, 2012-09-15 12:37:30, 0.0, None 
 48.59, -123.915, 43.5, 2012-09-15 12:40:00, 0.0, None 
 48.68, -123.71, 37.5, 2012-09-15 12:42:30, 0.0, None 
 48.69, -124.0, 51.0, 2012-09-15 12:47:30, 0.0, None 
 48.51, -123.775, 24.0, 2012-09-15 12:47:30, 0.0, None 
 48.69, -124.12, 20.0, 2012-09-15 12:50:00, 0.0, None 
 48.56, -123.765, 20.0, 2012-09-15 12:50:00, 0.0, None 
 48.68, -124.08, 20.0, 2012-09-15 12:52:30, 0.0, None 
 48.685, -123.845, 27.2, 2012-09-15 12:55:00, 0.0, None 
 48.62, -123.81, 52.0, 2012-09-15 12:57:30, 0.0, None 
 48.655, -124.17200000000001, 34.8, 2012-09-15 13:00:00, 0.0, None 
 48.7, -124.24, 27.0, 2012-09-15 13:02:30, 0.0, None 
 48.49, -124.0, 24.0, 2012-09-15 13:02:30, 0.0, None 
 48.608999999999995, -124.005, 47.2, 2012-09-15 13:05:00, 0.0, None 
 48.76, -124.11, 20.0, 2012-09-15 13:07:30, 0.0, None 
 48.525, -123.90700000000001, 22.0, 2012-09-15 13:07:30, 0.0, None 
 48.545, -123.885, 21.8, 2012-09-15 13:10:00, 0.0, None 
 48.545, -123.838, 20.0, 2012-09-15 13:12:30, 0.0, None 
 48.54, -123.73, 20.0, 2012-09-15 13:17:30, 0.0, None 
 48.595, -123.685, 45.0, 2012-09-15 13:20:00, 0.0, None 
 48.69, -124.22, 60.0, 2012-09-15 13:22:30, 0.0, None 
 48.49, -123.83200000000001, 44.8, 2012-09-15 13:22:30, 0.0, None 
 48.53, -123.86, 29.5, 2012-09-15 13:25:00, 0.0, None 
 48.498000000000005, -123.93, 48.8, 2012-09-15 13:27:30, 0.0, None 
 48.49, -123.825, 20.0, 2012-09-15 13:30:00, 0.0, None 
 48.465, -123.835, 39.2, 2012-09-15 13:32:30, 0.0, None 
 48.65, -124.045, 24.0, 2012-09-15 13:35:00, 0.0, None 
 48.595, -124.0, 45.0, 2012-09-15 13:37:30, 0.0, None 
 48.67, -124.0, 23.0, 2012-09-15 13:40:00, 0.0, None 
 48.635, -123.98, 28.5, 2012-09-15 13:42:30, 0.0, None 
 48.555, -123.865, 20.0, 2012-09-15 13:45:00, 0.0, None 
 48.63, -123.81700000000001, 20.0, 2012-09-15 13:47:30, 0.0, None 
 48.63, -123.805, 20.0, 2012-09-15 13:50:00, 0.0, None 
 48.86, -124.36, 20.0, 2012-09-15 13:52:30, 0.0, None 
 48.65, -123.948, 24.5, 2012-09-15 13:55:00, 0.0, None 
 48.665, -123.89, 60.0, 2012-09-15 13:57:30, 0.0, None 
 48.657, -123.79700000000001, 32.0, 2012-09-15 14:00:00, 0.0, None 
 48.525, -124.01700000000001, 24.0, 2012-09-15 14:02:30, 0.0, None 
 48.405, -123.97200000000001, 27.5, 2012-09-15 14:05:00, 0.0, None 
 48.508, -123.86, 22.5, 2012-09-15 14:07:30, 0.0, None 
 48.655, -123.94200000000001, 26.5, 2012-09-15 14:10:00, 0.0, None 
 48.88, -124.19, 20.0, 2012-09-15 14:12:30, 0.0, None 
 48.56, -124.03, 24.8, 2012-09-15 14:12:30, 0.0, None 
 48.653, -124.08, 28.6, 2012-09-15 14:15:00, 0.0, None 
 48.62, -124.0, 20.0, 2012-09-15 14:17:30, 0.0, None 
 48.58, -123.91, 27.0, 2012-09-15 14:20:00, 0.0, None 
 48.62, -123.94, 36.0, 2012-09-15 14:22:30, 0.0, None 
 48.715, -124.04, 34.0, 2012-09-15 14:25:00, 0.0, None 
 48.638000000000005, -124.02, 20.0, 2012-09-15 14:27:30, 0.0, None 
 48.638000000000005, -124.01100000000001, 21.0, 2012-09-15 14:30:00, 0.0, None 
 48.48, -123.85, 24.5, 2012-09-15 14:32:30, 0.0, None 
 48.5, -123.90299999999999, 49.0, 2012-09-15 14:35:00, 0.0, None 
 48.8, -124.08, 20.0, 2012-09-15 14:37:30, 0.0, None 
 48.69, -123.87700000000001, 53.2, 2012-09-15 14:37:30, 0.0, None 
 48.722, -124.24, 27.5, 2012-09-15 14:42:30, 0.0, None 
 48.78, -124.21799999999999, 23.5, 2012-09-15 14:45:00, 0.0, None 
 48.641999999999996, -124.15, 24.5, 2012-09-15 14:47:30, 0.0, None 
 48.74, -124.255, 25.0, 2012-09-15 14:50:00, 0.0, None 
 48.68, -124.24, 33.0, 2012-09-15 14:52:30, 0.0, None 
 48.59, -123.88, 60.0, 2012-09-15 14:57:30, 0.0, None 
 48.62, -123.59, 31.5, 2012-09-15 15:00:00, 0.0, None 
 48.595, -123.49, 20.0, 2012-09-15 15:02:30, 0.0, None 
 48.76, -124.05, 20.0, 2012-09-15 15:07:30, 0.0, None 
 48.565, -123.8, 31.5, 2012-09-15 15:07:30, 0.0, None 
 48.6, -124.02, 45.0, 2012-09-15 15:10:00, 0.0, None 
 48.677, -124.095, 20.0, 2012-09-15 15:12:30, 0.0, None 
 48.67, -123.91, 25.5, 2012-09-15 15:15:00, 0.0, None 
 48.638000000000005, -123.59, 51.5, 2012-09-15 15:17:30, 0.0, None 
 48.703, -123.463, 47.5, 2012-09-15 15:20:00, 0.0, None 
 48.61, -123.0, 20.0, 2012-09-15 15:22:30, 0.0, None 
 48.73, -124.0, 21.0, 2012-09-15 15:45:00, 0.0, None 
 48.63, -124.125, 60.0, 2012-09-15 15:47:30, 0.0, None 
 48.73, -123.5, 49.0, 2012-09-15 15:55:00, 0.0, None 
 48.6, -123.585, 35.0, 2012-09-15 16:12:30, 0.0, None 
 48.5, -123.64, 40.0, 2012-09-15 16:27:30, 0.0, None 
 48.6, -123.46, 39.5, 2012-09-15 16:45:00, 0.0, None 
 48.62, -123.37, 41.5, 2012-09-15 16:47:30, 0.0, None 
 48.94, -124.26, 20.0, 2012-09-15 16:50:00, 0.0, None 
 48.65, -123.32, 20.0, 2012-09-15 16:50:00, 0.0, None 
 48.685, -123.34299999999999, 28.2, 2012-09-15 16:52:30, 0.0, None 
 48.595, -123.42, 46.8, 2012-09-15 16:55:00, 0.0, None 
 48.8, -123.52, 57.0, 2012-09-15 16:57:30, 0.0, None 
 48.69, -123.49, 20.0, 2012-09-15 17:00:00, 0.0, None 
 48.52, -123.34, 33.0, 2012-09-15 17:05:00, 0.0, None 
 48.61, -123.115, 49.0, 2012-09-15 17:22:30, 0.0, None 
 48.641999999999996, -123.29700000000001, 37.5, 2012-09-15 17:25:00, 0.0, None 
 48.668, -123.24799999999999, 38.5, 2012-09-15 17:27:30, 0.0, None 
 48.58, -123.1, 56.5, 2012-09-15 17:30:00, 0.0, None 
 48.55, -123.1, 51.0, 2012-09-15 17:32:30, 0.0, None 
 48.59, -123.02, 60.0, 2012-09-15 17:35:00, 0.0, None 
 48.5, -123.46, 20.0, 2012-09-15 17:35:00, 0.0, None 
 48.59, -123.1, 52.0, 2012-09-15 17:40:00, 0.0, None 
 48.58, -123.35, 35.0, 2012-09-15 17:42:30, 0.0, None 
 48.61, -123.39, 20.0, 2012-09-15 17:45:00, 0.0, None 
 48.63, -123.66, 32.0, 2012-09-15 17:52:30, 0.0, None 
 47.985, -124.22, 33.0, 2012-09-15 17:52:30, 0.0, None 
 48.72, -123.41, 60.0, 2012-09-15 18:05:00, 0.0, None 
 48.66, -123.605, 20.0, 2012-09-15 18:55:00, 0.0, None 
 48.63, -123.29700000000001, 45.5, 2012-09-15 19:12:30, 0.0, None 
 48.575, -123.54299999999999, 49.5, 2012-09-15 19:22:30, 0.0, None 
 48.565, -123.57, 46.2, 2012-09-15 19:25:00, 0.0, None 
 48.6, -123.44, 40.0, 2012-09-15 19:27:30, 0.0, None 
 48.48, -123.36, 20.0, 2012-09-15 19:30:00, 0.0, None 
 48.82, -123.82, 20.0, 2012-09-15 19:30:00, 0.0, None 
 48.513000000000005, -123.48, 20.0, 2012-09-15 19:32:30, 0.0, None 
 48.602, -123.48, 47.0, 2012-09-15 19:35:00, 0.0, None 
 48.62, -123.2, 45.0, 2012-09-15 20:30:00, 0.0, None 
 48.64, -123.21, 39.5, 2012-09-15 21:12:30, 0.0, None 
 48.675, -123.34, 42.0, 2012-09-15 21:15:00, 0.0, None 
 48.683, -123.305, 47.5, 2012-09-15 21:17:30, 0.0, None 
 48.65, -123.23200000000001, 48.5, 2012-09-15 21:20:00, 0.0, None 
 48.641999999999996, -123.22, 41.0, 2012-09-15 21:22:30, 0.0, None 
 48.61, -123.09, 48.0, 2012-09-15 21:25:00, 0.0, None 
 48.57, -123.27, 38.0, 2012-09-15 21:27:30, 0.0, None 
 48.58, -123.235, 46.0, 2012-09-15 21:30:00, 0.0, None 
 48.595, -123.27, 42.0, 2012-09-15 21:32:30, 0.0, None 
 48.59, -123.15, 53.0, 2012-09-15 21:35:00, 0.0, None 
 48.355, -123.9, 60.0, 2012-09-15 21:40:00, 0.0, None 
 48.825, -123.805, 60.0, 2012-09-15 21:40:00, 0.0, None 
 48.35, -123.69, 60.0, 2012-09-15 21:42:30, 0.0, None 
 48.58, -123.81, 48.0, 2012-09-15 21:50:00, 0.0, None 
 48.64, -123.36, 51.0, 2012-09-15 21:55:00, 0.0, None 
 48.6, -123.32, 45.0, 2012-09-15 22:00:00, 0.0, None 
 48.52, -123.435, 29.2, 2012-09-15 22:02:30, 0.0, None 
 48.347, -123.715, 20.8, 2012-09-15 22:07:30, 0.0, None 
 48.315, -123.71, 33.5, 2012-09-15 22:10:00, 0.0, None 
 48.49, -123.61, 42.0, 2012-09-15 22:12:30, 0.0, None 
 48.55, -123.55799999999999, 24.0, 2012-09-15 22:17:30, 0.0, None 
 48.515, -123.618, 29.0, 2012-09-15 22:20:00, 0.0, None 
 48.515, -123.955, 38.2, 2012-09-15 22:22:30, 0.0, None 
 48.55, -123.51, 37.0, 2012-09-15 22:25:00, 0.0, None 
 48.62, -123.07, 44.0, 2012-09-15 22:30:00, 0.0, None 
 48.77, -123.59, 48.0, 2012-09-15 22:30:00, 0.0, None 
 48.63, -123.11, 41.0, 2012-09-15 22:40:00, 0.0, None 
 48.63, -123.365, 34.5, 2012-09-15 22:42:30, 0.0, None 
 48.48, -123.47, 51.0, 2012-09-15 22:52:30, 0.0, None 
 48.45, -123.645, 40.0, 2012-09-15 23:02:30, 0.0, None 
 48.29, -123.8, 34.0, 2012-09-15 23:12:30, 0.0, None 
 48.302, -123.73299999999999, 41.8, 2012-09-15 23:15:00, 0.0, None 
 48.361999999999995, -123.743, 25.2, 2012-09-15 23:17:30, 0.0, None 
 48.59, -123.0, 20.0, 2012-09-15 23:20:00, 0.0, None 
 48.34, -123.82, 20.0, 2012-09-15 23:25:00, 0.0, None 
 48.295, -123.76, 42.0, 2012-09-15 23:27:30, 0.0, None 
 48.333, -123.825, 22.5, 2012-09-15 23:30:00, 0.0, None 
 48.335, -123.765, 20.0, 2012-09-15 23:32:30, 0.0, None 
 48.27, -123.67, 20.0, 2012-09-15 23:45:00, 0.0, None 
 48.61, -123.34, 35.0, 2012-09-15 23:50:00, 0.0, None 
 48.79, -123.39, 20.0, 2012-09-15 23:52:30, 0.0, None 
 48.71, -123.575, 51.0, 2012-09-16 00:02:30, 0.0, None 
 48.56, -123.295, 40.5, 2012-09-16 00:12:30, 0.0, None 
 48.523, -123.335, 30.8, 2012-09-16 00:15:00, 0.0, None 
 48.57, -123.16, 35.0, 2012-09-16 00:20:00, 0.0, None 
 48.23, -123.845, 20.0, 2012-09-16 00:20:00, 0.0, None 
 48.31, -123.803, 22.5, 2012-09-16 00:22:30, 0.0, None 
 48.34, -123.895, 28.0, 2012-09-16 00:25:00, 0.0, None 
 48.59, -123.38, 20.0, 2012-09-16 00:35:00, 0.0, None 
 48.605, -123.305, 32.8, 2012-09-16 00:37:30, 0.0, None 
 48.69, -123.37, 36.0, 2012-09-16 00:40:00, 0.0, None 
 48.48, -123.09, 20.0, 2012-09-16 00:40:00, 0.0, None 
 48.58, -123.36, 38.5, 2012-09-16 00:52:30, 0.0, None 
 48.495, -123.52, 34.5, 2012-09-16 00:55:00, 0.0, None 
 48.51, -123.552, 45.0, 2012-09-16 00:57:30, 0.0, None 
 48.52, -123.552, 27.2, 2012-09-16 01:00:00, 0.0, None 
 48.47, -123.575, 30.5, 2012-09-16 01:02:30, 0.0, None 
 48.6, -123.51, 20.0, 2012-09-16 01:05:00, 0.0, None 
 48.325, -123.72, 30.0, 2012-09-16 01:32:30, 0.0, None 
 48.375, -123.68299999999999, 29.0, 2012-09-16 01:35:00, 0.0, None 
 48.365, -123.792, 29.5, 2012-09-16 01:37:30, 0.0, None 
 48.44, -123.815, 20.0, 2012-09-16 01:40:00, 0.0, None 
 48.383, -123.825, 20.0, 2012-09-16 01:42:30, 0.0, None 
 48.332, -123.845, 25.0, 2012-09-16 01:45:00, 0.0, None 
 48.29, -123.68, 45.0, 2012-09-16 01:52:30, 0.0, None 
 48.39, -123.67, 24.0, 2012-09-16 01:55:00, 0.0, None 
 48.417, -123.735, 20.5, 2012-09-16 01:57:30, 0.0, None 
 48.37, -123.825, 20.0, 2012-09-16 02:00:00, 0.0, None 
 48.275, -123.757, 31.2, 2012-09-16 02:02:30, 0.0, None 
 48.275, -123.77, 20.0, 2012-09-16 02:05:00, 0.0, None 
 48.49, -123.74799999999999, 46.0, 2012-09-16 02:07:30, 0.0, None 
 48.465, -123.795, 37.2, 2012-09-16 02:10:00, 0.0, None 
 48.69, -124.07, 38.0, 2012-09-16 02:12:30, 0.0, None 
 48.448, -123.795, 26.8, 2012-09-16 02:12:30, 0.0, None 
 48.44, -123.79299999999999, 20.0, 2012-09-16 02:15:00, 0.0, None 
 48.65, -124.1, 20.0, 2012-09-16 02:17:30, 0.0, None 
 48.435, -123.84, 25.8, 2012-09-16 02:17:30, 0.0, None 
 48.39, -123.75, 30.0, 2012-09-16 02:20:00, 0.0, None 
 48.87, -124.09, 20.0, 2012-09-16 02:22:30, 0.0, None 
 48.48, -123.61, 20.0, 2012-09-16 02:22:30, 0.0, None 
 48.4, -123.72, 32.5, 2012-09-16 02:25:00, 0.0, None 
 48.465, -123.69, 20.0, 2012-09-16 02:27:30, 0.0, None 
 48.49, -123.615, 49.0, 2012-09-16 02:30:00, 0.0, None 
 48.68, -123.59, 20.0, 2012-09-16 02:32:30, 0.0, None 
 48.515, -123.605, 20.0, 2012-09-16 02:35:00, 0.0, None 
 48.635, -123.445, 41.5, 2012-09-16 02:37:30, 0.0, None 
 48.611999999999995, -123.375, 44.2, 2012-09-16 02:40:00, 0.0, None 
 48.53, -123.24799999999999, 37.0, 2012-09-16 02:42:30, 0.0, None 
 48.61, -123.23, 41.0, 2012-09-16 02:45:00, 0.0, None 
 48.48, -123.36, 20.0, 2012-09-16 02:50:00, 0.0, None 
 48.55, -123.12, 46.0, 2012-09-16 02:52:30, 0.0, None 
 48.55, -123.195, 44.0, 2012-09-16 02:55:00, 0.0, None 
 48.56, -123.395, 30.0, 2012-09-16 03:02:30, 0.0, None 
 48.41, -123.63, 28.0, 2012-09-16 03:05:00, 0.0, None 
 48.41, -123.54, 20.0, 2012-09-16 03:07:30, 0.0, None 
 48.24, -123.88, 30.0, 2012-09-16 03:10:00, 0.0, None 
 48.285, -123.79, 20.0, 2012-09-16 03:12:30, 0.0, None 
 48.288000000000004, -123.8, 22.0, 2012-09-16 03:15:00, 0.0, None 
 48.312, -123.805, 33.8, 2012-09-16 03:17:30, 0.0, None 
 48.285, -123.79700000000001, 22.8, 2012-09-16 03:20:00, 0.0, None 
 48.31, -123.823, 25.0, 2012-09-16 03:22:30, 0.0, None 
 48.365, -123.825, 54.0, 2012-09-16 03:25:00, 0.0, None 
 48.245, -123.83, 20.5, 2012-09-16 03:32:30, 0.0, None 
 48.295, -123.855, 46.5, 2012-09-16 03:35:00, 0.0, None 
 48.26, -123.75, 40.0, 2012-09-16 03:45:00, 0.0, None 
 48.255, -123.755, 40.0, 2012-09-16 03:47:30, 0.0, None 
 48.63, -123.44, 30.0, 2012-09-16 04:00:00, 0.0, None 
 48.3, -123.695, 40.0, 2012-09-16 04:15:00, 0.0, None 
 48.355, -123.795, 20.0, 2012-09-16 04:17:30, 0.0, None 
 48.32, -123.795, 26.2, 2012-09-16 04:20:00, 0.0, None 
 48.32, -123.79700000000001, 29.5, 2012-09-16 04:22:30, 0.0, None 
 48.53, -123.2, 50.0, 2012-09-16 04:27:30, 0.0, None 
 48.3, -123.82, 20.0, 2012-09-16 04:52:30, 0.0, None 
 48.24, -123.765, 35.0, 2012-09-16 04:55:00, 0.0, None 
 48.31, -123.82, 41.5, 2012-09-16 04:57:30, 0.0, None 
 48.235, -123.79, 35.5, 2012-09-16 05:42:30, 0.0, None 
 48.285, -123.815, 20.0, 2012-09-16 05:45:00, 0.0, None 
 48.23, -123.815, 28.0, 2012-09-16 05:47:30, 0.0, None 
 48.258, -123.79700000000001, 25.0, 2012-09-16 05:50:00, 0.0, None 
 48.53, -123.6, 20.0, 2012-09-16 05:52:30, 0.0, None 
 48.11, -123.76, 60.0, 2012-09-16 05:52:30, 0.0, None 
 48.13, -123.76, 48.2, 2012-09-16 05:55:00, 0.0, None 
 48.25, -123.86, 20.0, 2012-09-16 06:15:00, 0.0, None 
 48.27, -123.815, 30.0, 2012-09-16 06:42:30, 0.0, None 
 48.255, -123.79, 30.8, 2012-09-16 06:45:00, 0.0, None 
 48.33, -123.73, 60.0, 2012-09-16 07:10:00, 0.0, None 
 48.207, -123.825, 40.0, 2012-09-16 07:12:30, 0.0, None 
 48.312, -123.728, 48.8, 2012-09-16 07:15:00, 0.0, None 
 48.538000000000004, -123.405, 42.5, 2012-09-16 07:20:00, 0.0, None 
 48.54, -123.345, 48.0, 2012-09-16 07:22:30, 0.0, None 
 48.65, -123.3, 60.0, 2012-09-16 07:25:00, 0.0, None 
 48.59, -123.3, 43.0, 2012-09-16 07:27:30, 0.0, None 
 48.59, -123.46, 52.0, 2012-09-16 07:32:30, 0.0, None 
 48.48, -123.34, 56.0, 2012-09-16 07:35:00, 0.0, None 
 48.49, -123.315, 52.0, 2012-09-16 07:37:30, 0.0, None 
 48.5, -123.3, 51.0, 2012-09-16 07:40:00, 0.0, None 
 48.6, -123.43, 20.0, 2012-09-16 07:47:30, 0.0, None 
 48.5, -123.4, 44.0, 2012-09-16 07:52:30, 0.0, None 
 48.295, -123.81, 24.5, 2012-09-16 08:02:30, 0.0, None 
 48.315, -123.8, 20.5, 2012-09-16 08:05:00, 0.0, None 
 48.31, -123.795, 20.0, 2012-09-16 08:07:30, 0.0, None 
 48.3, -123.715, 34.5, 2012-09-16 08:10:00, 0.0, None 
 48.36, -123.715, 44.5, 2012-09-16 08:12:30, 0.0, None 
 47.305, -121.58, 20.0, 2012-09-16 08:30:00, 0.0, None 
 47.32, -121.61, 20.0, 2012-09-16 08:32:30, 0.0, None 
 48.295, -123.825, 24.5, 2012-09-16 08:42:30, 0.0, None 
 48.29, -123.825, 20.0, 2012-09-16 08:45:00, 0.0, None 
 48.4, -123.71, 50.0, 2012-09-16 08:47:30, 0.0, None 
 48.347, -123.785, 34.0, 2012-09-16 09:05:00, 0.0, None 
 48.305, -123.76700000000001, 20.0, 2012-09-16 09:07:30, 0.0, None 
 48.305, -123.795, 20.0, 2012-09-16 09:10:00, 0.0, None 
 48.315, -123.815, 21.8, 2012-09-16 09:12:30, 0.0, None 
 48.325, -123.755, 28.5, 2012-09-16 09:15:00, 0.0, None 
 48.34, -123.75, 29.5, 2012-09-16 09:17:30, 0.0, None 
 48.34, -123.715, 34.0, 2012-09-16 09:20:00, 0.0, None 
 48.368, -123.705, 40.0, 2012-09-16 09:22:30, 0.0, None 
 48.335, -123.77, 29.0, 2012-09-16 09:25:00, 0.0, None 
 48.3, -123.785, 20.0, 2012-09-16 09:27:30, 0.0, None 
 48.3, -123.74, 34.2, 2012-09-16 09:30:00, 0.0, None 
 48.3, -123.6, 25.0, 2012-09-16 09:32:30, 0.0, None 
 48.282, -123.81, 23.0, 2012-09-16 09:35:00, 0.0, None 
 48.28, -123.815, 20.0, 2012-09-16 09:37:30, 0.0, None 
 48.285, -123.8, 20.0, 2012-09-16 09:40:00, 0.0, None 
 48.3, -123.78, 20.0, 2012-09-16 09:42:30, 0.0, None 
 48.255, -123.803, 36.8, 2012-09-16 09:52:30, 0.0, None 
 48.38, -123.76, 35.5, 2012-09-16 09:55:00, 0.0, None 
 48.528, -123.43, 28.0, 2012-09-16 10:00:00, 0.0, None 
 48.505, -123.493, 31.5, 2012-09-16 10:02:30, 0.0, None 
 48.5, -123.48, 20.0, 2012-09-16 10:05:00, 0.0, None 
 48.468, -123.475, 27.2, 2012-09-16 10:07:30, 0.0, None 
 48.555, -123.398, 30.8, 2012-09-16 10:12:30, 0.0, None 
 48.56, -123.4, 30.5, 2012-09-16 10:15:00, 0.0, None 
 48.56, -123.39, 38.5, 2012-09-16 10:20:00, 0.0, None 
 48.3, -123.835, 20.0, 2012-09-16 10:22:30, 0.0, None 
 48.405, -123.71, 42.5, 2012-09-16 10:25:00, 0.0, None 
 48.648, -123.478, 35.0, 2012-09-16 10:27:30, 0.0, None 
 48.615, -123.455, 33.0, 2012-09-16 10:30:00, 0.0, None 
 48.2, -123.84, 20.0, 2012-09-16 10:32:30, 0.0, None 
 48.26, -123.77, 20.0, 2012-09-16 10:35:00, 0.0, None 
 48.55, -123.44, 40.0, 2012-09-16 10:37:30, 0.0, None 
 48.305, -123.72, 20.0, 2012-09-16 10:37:30, 0.0, None 
 48.61, -123.385, 34.0, 2012-09-16 10:40:00, 0.0, None 
 48.59, -123.47, 34.0, 2012-09-16 10:42:30, 0.0, None 
 48.562, -123.47200000000001, 22.5, 2012-09-16 10:47:30, 0.0, None 
 48.51, -123.54, 32.0, 2012-09-16 10:50:00, 0.0, None 
 48.54, -123.51, 20.0, 2012-09-16 10:55:00, 0.0, None 
 48.35, -123.79, 28.0, 2012-09-16 10:57:30, 0.0, None 
 48.51, -123.39, 40.0, 2012-09-16 11:00:00, 0.0, None 
 48.38, -123.89, 20.0, 2012-09-16 11:00:00, 0.0, None 
 48.56, -123.31, 34.5, 2012-09-16 11:02:30, 0.0, None 
 48.575, -123.4, 26.0, 2012-09-16 11:05:00, 0.0, None 
 48.605, -123.398, 30.0, 2012-09-16 11:07:30, 0.0, None 
 48.605, -123.38, 35.0, 2012-09-16 11:10:00, 0.0, None 
 48.545, -123.38, 36.0, 2012-09-16 11:12:30, 0.0, None 
 48.57, -123.40700000000001, 40.5, 2012-09-16 11:15:00, 0.0, None 
 48.57, -123.515, 37.8, 2012-09-16 11:17:30, 0.0, None 
 48.55, -123.32799999999999, 34.2, 2012-09-16 11:20:00, 0.0, None 
 48.58, -123.34, 45.2, 2012-09-16 11:22:30, 0.0, None 
 48.33, -123.77, 20.0, 2012-09-16 11:25:00, 0.0, None 
 48.3, -123.82, 20.0, 2012-09-16 11:27:30, 0.0, None 
 48.29, -123.77, 20.0, 2012-09-16 11:30:00, 0.0, None 
 48.47, -123.61, 20.0, 2012-09-16 11:32:30, 0.0, None 
 48.26, -123.79, 20.0, 2012-09-16 11:32:30, 0.0, None 
 48.315, -123.69, 26.0, 2012-09-16 11:35:00, 0.0, None 
 48.455, -123.61200000000001, 26.5, 2012-09-16 11:37:30, 0.0, None 
 48.44, -123.705, 28.0, 2012-09-16 11:40:00, 0.0, None 
 48.405, -123.76700000000001, 24.0, 2012-09-16 11:42:30, 0.0, None 
 48.3, -123.835, 20.0, 2012-09-16 11:45:00, 0.0, None 
 48.48, -123.63, 20.0, 2012-09-16 11:47:30, 0.0, None 
 48.53, -123.68, 20.0, 2012-09-16 11:50:00, 0.0, None 
 48.54, -123.575, 22.5, 2012-09-16 11:52:30, 0.0, None 
 48.355, -123.76, 25.2, 2012-09-16 11:55:00, 0.0, None 
 48.347, -123.775, 60.0, 2012-09-16 11:57:30, 0.0, None 
 48.4, -123.7, 20.0, 2012-09-16 12:00:00, 0.0, None 
 48.6, -123.69, 20.0, 2012-09-16 12:02:30, 0.0, None 
 48.255, -123.91, 49.0, 2012-09-16 12:05:00, 0.0, None 
 48.65, -123.82, 60.0, 2012-09-16 12:05:00, 0.0, None 
 48.405, -123.89200000000001, 48.0, 2012-09-16 12:07:30, 0.0, None 
 48.37, -123.795, 20.0, 2012-09-16 12:10:00, 0.0, None 
 48.328, -123.81700000000001, 22.0, 2012-09-16 12:12:30, 0.0, None 
 48.345, -123.87700000000001, 20.0, 2012-09-16 12:17:30, 0.0, None 
 48.48, -123.695, 29.5, 2012-09-16 12:20:00, 0.0, None 
 48.255, -123.83, 20.0, 2012-09-16 12:20:00, 0.0, None 
 48.418, -123.76, 25.8, 2012-09-16 12:22:30, 0.0, None 
 48.375, -123.79299999999999, 20.0, 2012-09-16 12:25:00, 0.0, None 
 48.4, -123.785, 20.0, 2012-09-16 12:27:30, 0.0, None 
 48.41, -123.85, 21.5, 2012-09-16 12:30:00, 0.0, None 
 48.41, -123.82, 26.0, 2012-09-16 12:32:30, 0.0, None 
 48.486999999999995, -123.83200000000001, 27.5, 2012-09-16 12:35:00, 0.0, None 
 48.81, -124.175, 53.5, 2012-09-16 12:37:30, 0.0, None 
 48.485, -123.845, 20.0, 2012-09-16 12:37:30, 0.0, None 
 48.455, -123.865, 22.0, 2012-09-16 12:40:00, 0.0, None 
 48.43, -123.845, 26.5, 2012-09-16 12:42:30, 0.0, None 
 48.415, -123.81700000000001, 20.0, 2012-09-16 12:45:00, 0.0, None 
 48.355, -123.75200000000001, 21.2, 2012-09-16 12:47:30, 0.0, None 
 48.615, -123.18, 39.0, 2012-09-16 12:52:30, 0.0, None 
 48.31, -123.685, 60.0, 2012-09-16 12:57:30, 0.0, None 
 48.42, -123.8, 54.0, 2012-09-16 13:00:00, 0.0, None 
 48.38, -123.875, 20.0, 2012-09-16 13:02:30, 0.0, None 
 48.42, -123.895, 20.0, 2012-09-16 13:05:00, 0.0, None 
 48.405, -123.915, 20.0, 2012-09-16 13:07:30, 0.0, None 
 48.415, -123.93, 20.0, 2012-09-16 13:10:00, 0.0, None 
 48.376999999999995, -123.92, 27.2, 2012-09-16 13:12:30, 0.0, None 
 48.55, -123.67, 26.5, 2012-09-16 13:17:30, 0.0, None 
 48.575, -123.71, 36.5, 2012-09-16 13:20:00, 0.0, None 
 48.57, -123.84, 27.5, 2012-09-16 13:25:00, 0.0, None 
 48.52, -123.73, 42.0, 2012-09-16 13:27:30, 0.0, None 
 48.52, -123.92, 41.0, 2012-09-16 13:30:00, 0.0, None 
 48.22, -123.9, 20.0, 2012-09-16 13:35:00, 0.0, None 
 48.22, -123.86, 20.0, 2012-09-16 13:37:30, 0.0, None 
 48.25, -123.81, 20.0, 2012-09-16 13:40:00, 0.0, None 
 48.425, -123.715, 30.0, 2012-09-16 13:42:30, 0.0, None 
 48.5, -123.57, 60.0, 2012-09-16 13:45:00, 0.0, None 
 48.45, -123.695, 20.0, 2012-09-16 13:47:30, 0.0, None 
 48.47, -123.70299999999999, 33.2, 2012-09-16 13:50:00, 0.0, None 
 48.486999999999995, -123.805, 26.8, 2012-09-16 13:52:30, 0.0, None 
 48.32, -123.99, 20.0, 2012-09-16 13:55:00, 0.0, None 
 48.61, -123.8, 20.0, 2012-09-16 13:55:00, 0.0, None 
 48.38, -123.705, 60.0, 2012-09-16 13:57:30, 0.0, None 
 48.495, -123.62, 20.0, 2012-09-16 14:00:00, 0.0, None 
 48.495, -123.62, 20.0, 2012-09-16 14:02:30, 0.0, None 
 48.475, -123.68, 20.0, 2012-09-16 14:05:00, 0.0, None 
 48.455, -123.71, 20.0, 2012-09-16 14:07:30, 0.0, None 
 48.565, -123.695, 20.0, 2012-09-16 14:10:00, 0.0, None 
 48.468, -123.727, 23.0, 2012-09-16 14:12:30, 0.0, None 
 48.42, -123.8, 20.0, 2012-09-16 14:15:00, 0.0, None 
 48.545, -123.68299999999999, 20.0, 2012-09-16 14:17:30, 0.0, None 
 48.95, -124.1, 27.0, 2012-09-16 14:20:00, 0.0, None 
 48.49, -123.68, 20.0, 2012-09-16 14:20:00, 0.0, None 
 48.483000000000004, -123.69, 20.0, 2012-09-16 14:22:30, 0.0, None 
 48.475, -123.785, 39.5, 2012-09-16 14:25:00, 0.0, None 
 48.43, -123.795, 49.5, 2012-09-16 14:27:30, 0.0, None 
 48.442, -123.875, 20.0, 2012-09-16 14:30:00, 0.0, None 
 48.46, -123.835, 20.0, 2012-09-16 14:32:30, 0.0, None 
 48.475, -123.775, 23.2, 2012-09-16 14:35:00, 0.0, None 
 48.475, -123.745, 35.0, 2012-09-16 14:37:30, 0.0, None 
 48.42, -123.79, 36.5, 2012-09-16 14:40:00, 0.0, None 
 48.532, -123.678, 43.2, 2012-09-16 14:45:00, 0.0, None 
 48.597, -123.70299999999999, 47.2, 2012-09-16 14:47:30, 0.0, None 
 49.0, -124.2, 38.0, 2012-09-16 14:50:00, 0.0, None 
 48.595, -123.79, 40.0, 2012-09-16 14:50:00, 0.0, None 
 48.49, -123.87, 36.2, 2012-09-16 14:52:30, 0.0, None 
 48.47, -123.81700000000001, 28.8, 2012-09-16 14:55:00, 0.0, None 
 48.79, -124.165, 46.5, 2012-09-16 14:57:30, 0.0, None 
 48.445, -123.79, 26.2, 2012-09-16 14:57:30, 0.0, None 
 48.37, -123.71, 20.0, 2012-09-16 15:00:00, 0.0, None 
 48.5, -123.61, 20.0, 2012-09-16 15:02:30, 0.0, None 
 48.29, -123.79, 20.0, 2012-09-16 15:02:30, 0.0, None 
 48.825, -124.195, 20.0, 2012-09-16 15:05:00, 0.0, None 
 48.39, -123.815, 20.0, 2012-09-16 15:05:00, 0.0, None 
 48.4, -123.76, 20.0, 2012-09-16 15:07:30, 0.0, None 
 48.43, -123.805, 25.5, 2012-09-16 15:10:00, 0.0, None 
 48.315, -123.78, 20.0, 2012-09-16 15:12:30, 0.0, None 
 48.29, -123.8, 20.0, 2012-09-16 15:15:00, 0.0, None 
 48.233000000000004, -123.79, 20.0, 2012-09-16 15:17:30, 0.0, None 
 48.24, -123.8, 34.0, 2012-09-16 15:20:00, 0.0, None 
 48.537, -123.58200000000001, 39.8, 2012-09-16 15:22:30, 0.0, None 
 48.5, -123.72200000000001, 20.2, 2012-09-16 15:25:00, 0.0, None 
 48.58, -123.49, 60.0, 2012-09-16 15:40:00, 0.0, None 
 48.29, -123.82, 25.0, 2012-09-16 15:40:00, 0.0, None 
 48.27, -123.875, 60.0, 2012-09-16 15:42:30, 0.0, None 
 48.46, -123.83, 34.0, 2012-09-16 15:50:00, 0.0, None 
 48.407, -123.7, 33.2, 2012-09-16 15:52:30, 0.0, None 
 48.495, -123.715, 29.0, 2012-09-16 15:57:30, 0.0, None 
 48.39, -123.91, 20.0, 2012-09-16 16:35:00, 0.0, None 
 48.57, -123.23, 37.0, 2012-09-16 16:37:30, 0.0, None 
 48.59, -123.31, 31.5, 2012-09-16 16:40:00, 0.0, None 
 48.49, -123.21, 60.0, 2012-09-16 16:42:30, 0.0, None 
 48.29, -123.985, 43.0, 2012-09-16 16:47:30, 0.0, None 
 48.28, -123.77, 23.5, 2012-09-16 16:50:00, 0.0, None 
 48.235, -123.70700000000001, 40.0, 2012-09-16 16:52:30, 0.0, None 
 48.235, -123.81700000000001, 29.2, 2012-09-16 16:55:00, 0.0, None 
 48.29, -123.77, 23.0, 2012-09-16 17:32:30, 0.0, None 
 48.14, -123.82, 20.0, 2012-09-16 17:35:00, 0.0, None 
 48.133, -123.815, 25.0, 2012-09-16 17:55:00, 0.0, None 
 48.27, -123.82, 20.0, 2012-09-16 17:57:30, 0.0, None 
 48.28, -123.79, 20.0, 2012-09-16 18:00:00, 0.0, None 
 48.21, -123.93, 20.0, 2012-09-16 18:42:30, 0.0, None 
 48.27, -123.91, 45.0, 2012-09-16 19:07:30, 0.0, None 
 48.2, -123.83, 20.0, 2012-09-16 19:30:00, 0.0, None 
 48.258, -123.765, 20.0, 2012-09-16 19:35:00, 0.0, None 
 48.295, -123.77799999999999, 20.0, 2012-09-16 19:37:30, 0.0, None 
 48.29, -123.78, 20.0, 2012-09-16 19:40:00, 0.0, None 
 48.178000000000004, -123.76, 40.0, 2012-09-16 19:42:30, 0.0, None 
 48.305, -123.745, 25.0, 2012-09-16 19:45:00, 0.0, None 
 48.27, -123.89200000000001, 27.2, 2012-09-16 19:47:30, 0.0, None 
 48.305, -123.765, 36.0, 2012-09-16 19:50:00, 0.0, None 
 48.25, -123.92, 29.0, 2012-09-16 19:52:30, 0.0, None 
 48.335, -123.73, 20.0, 2012-09-16 19:55:00, 0.0, None 
 48.29, -123.875, 24.0, 2012-09-16 19:57:30, 0.0, None 
 48.305, -123.85, 27.2, 2012-09-16 20:00:00, 0.0, None 
 48.31, -123.91, 42.5, 2012-09-16 20:02:30, 0.0, None 
 48.255, -123.835, 41.5, 2012-09-16 20:05:00, 0.0, None 
 48.29, -123.84299999999999, 25.8, 2012-09-16 20:07:30, 0.0, None 
 48.24, -123.825, 20.0, 2012-09-16 20:10:00, 0.0, None 
 48.24, -123.855, 27.5, 2012-09-16 20:15:00, 0.0, None 
 48.21, -123.83, 20.0, 2012-09-16 20:17:30, 0.0, None 
 48.13, -123.79, 20.0, 2012-09-16 20:20:00, 0.0, None 
 48.28, -123.695, 29.5, 2012-09-16 20:25:00, 0.0, None 
 48.11, -123.73, 60.0, 2012-09-16 20:32:30, 0.0, None 
 48.3, -123.7, 20.0, 2012-09-16 20:35:00, 0.0, None 
 48.28, -123.7, 29.0, 2012-09-16 20:37:30, 0.0, None 
 48.09, -123.79, 20.0, 2012-09-16 20:40:00, 0.0, None 
 48.2, -123.835, 20.0, 2012-09-16 20:42:30, 0.0, None 
 48.215, -123.795, 23.5, 2012-09-16 20:45:00, 0.0, None 
 48.293, -123.743, 31.0, 2012-09-16 20:47:30, 0.0, None 
 48.295, -123.765, 24.8, 2012-09-16 20:50:00, 0.0, None 
 48.265, -123.795, 20.0, 2012-09-16 20:52:30, 0.0, None 
 48.278, -123.822, 20.0, 2012-09-16 20:55:00, 0.0, None 
 48.308, -123.72, 60.0, 2012-09-16 20:57:30, 0.0, None 
 48.34, -123.795, 42.0, 2012-09-16 21:00:00, 0.0, None 
 48.38, -123.75, 46.0, 2012-09-16 21:02:30, 0.0, None 
 48.335, -123.8, 20.0, 2012-09-16 21:07:30, 0.0, None 
 48.36, -123.82, 20.0, 2012-09-16 21:12:30, 0.0, None 
 48.32, -123.82, 32.5, 2012-09-16 21:20:00, 0.0, None 
 48.46, -123.93, 60.0, 2012-09-16 21:22:30, 0.0, None 
 48.54, -123.27, 60.0, 2012-09-16 21:25:00, 0.0, None 
 48.51, -123.43, 34.0, 2012-09-16 21:35:00, 0.0, None 
 48.73, -123.82, 33.0, 2012-09-16 21:37:30, 0.0, None 
 48.245, -123.64, 33.5, 2012-09-16 21:52:30, 0.0, None 
 48.23, -123.66, 25.5, 2012-09-16 21:55:00, 0.0, None 
 48.21, -123.72, 31.0, 2012-09-16 21:57:30, 0.0, None 
 48.285, -123.74, 20.0, 2012-09-16 22:00:00, 0.0, None 
 48.275, -123.68299999999999, 20.0, 2012-09-16 22:02:30, 0.0, None 
 48.32, -123.7, 34.0, 2012-09-16 22:05:00, 0.0, None 
 48.19, -123.88, 20.0, 2012-09-16 22:22:30, 0.0, None 
 48.245, -123.675, 29.0, 2012-09-16 22:27:30, 0.0, None 
 48.275, -123.705, 20.0, 2012-09-16 22:30:00, 0.0, None 
 48.325, -123.745, 20.0, 2012-09-16 22:35:00, 0.0, None 
 48.59, -123.79, 47.0, 2012-09-16 22:37:30, 0.0, None 
 48.51, -123.37, 20.0, 2012-09-16 22:47:30, 0.0, None 
 48.66, -123.41, 20.0, 2012-09-16 22:50:00, 0.0, None 
 48.51, -123.545, 33.8, 2012-09-16 23:02:30, 0.0, None 
 48.537, -123.605, 40.0, 2012-09-16 23:05:00, 0.0, None 
 48.35, -123.72, 20.0, 2012-09-16 23:07:30, 0.0, None 
 48.328, -123.735, 40.0, 2012-09-16 23:10:00, 0.0, None 
 48.46, -123.43799999999999, 28.2, 2012-09-16 23:27:30, 0.0, None 
 48.5, -123.48700000000001, 33.2, 2012-09-16 23:30:00, 0.0, None 
 48.515, -123.51799999999999, 34.0, 2012-09-16 23:35:00, 0.0, None 
 48.515, -123.5, 31.0, 2012-09-16 23:37:30, 0.0, None 
 48.508, -123.51, 30.5, 2012-09-16 23:40:00, 0.0, None 
 48.575, -123.3, 44.8, 2012-09-16 23:42:30, 0.0, None 
 48.48, -123.2, 43.0, 2012-09-16 23:45:00, 0.0, None 
 48.47, -123.51, 32.0, 2012-09-16 23:52:30, 0.0, None 
 48.5, -123.51, 33.0, 2012-09-16 23:55:00, 0.0, None 
 48.135, -123.8, 20.0, 2012-09-17 00:00:00, 0.0, None 
 48.163000000000004, -123.71799999999999, 23.0, 2012-09-17 00:02:30, 0.0, None 
 48.235, -123.662, 20.0, 2012-09-17 00:05:00, 0.0, None 
 48.255, -123.78200000000001, 20.0, 2012-09-17 00:07:30, 0.0, None 
 48.165, -123.76, 35.8, 2012-09-17 00:10:00, 0.0, None 
 48.218, -123.735, 24.5, 2012-09-17 00:12:30, 0.0, None 
 48.285, -123.75, 20.0, 2012-09-17 00:15:00, 0.0, None 
 48.317, -123.785, 22.2, 2012-09-17 00:17:30, 0.0, None 
 48.285, -123.765, 24.0, 2012-09-17 00:20:00, 0.0, None 
 48.293, -123.795, 20.0, 2012-09-17 00:22:30, 0.0, None 
 48.302, -123.795, 20.2, 2012-09-17 00:25:00, 0.0, None 
 48.325, -123.775, 24.5, 2012-09-17 00:27:30, 0.0, None 
 48.355, -123.715, 30.2, 2012-09-17 00:30:00, 0.0, None 
 48.312, -123.775, 30.8, 2012-09-17 00:32:30, 0.0, None 
 48.258, -123.775, 34.5, 2012-09-17 00:35:00, 0.0, None 
 48.375, -123.72200000000001, 20.0, 2012-09-17 00:42:30, 0.0, None 
 48.391999999999996, -123.71, 20.0, 2012-09-17 00:45:00, 0.0, None 
 48.41, -123.73, 20.0, 2012-09-17 00:47:30, 0.0, None 
 48.385, -123.773, 29.8, 2012-09-17 00:50:00, 0.0, None 
 48.38, -123.785, 20.0, 2012-09-17 00:52:30, 0.0, None 
 48.355, -123.76, 23.2, 2012-09-17 00:55:00, 0.0, None 
 48.317, -123.74, 40.0, 2012-09-17 00:57:30, 0.0, None 
 48.28, -123.725, 20.0, 2012-09-17 01:00:00, 0.0, None 
 48.295, -123.775, 20.0, 2012-09-17 01:02:30, 0.0, None 
 48.315, -123.81700000000001, 20.0, 2012-09-17 01:05:00, 0.0, None 
 48.37, -123.705, 20.0, 2012-09-17 01:12:30, 0.0, None 
 48.27, -123.79, 25.0, 2012-09-17 01:15:00, 0.0, None 
 48.305, -123.803, 24.2, 2012-09-17 01:17:30, 0.0, None 
 48.255, -123.77, 20.0, 2012-09-17 01:20:00, 0.0, None 
 48.312, -123.695, 25.0, 2012-09-17 01:22:30, 0.0, None 
 48.328, -123.695, 29.5, 2012-09-17 01:25:00, 0.0, None 
 48.51, -123.44, 29.0, 2012-09-17 01:30:00, 0.0, None 
 48.5, -123.46, 22.0, 2012-09-17 01:32:30, 0.0, None 
 48.492, -123.535, 25.8, 2012-09-17 01:40:00, 0.0, None 
 48.485, -123.49, 20.0, 2012-09-17 01:42:30, 0.0, None 
 48.545, -123.345, 20.0, 2012-09-17 01:45:00, 0.0, None 
 48.55, -123.195, 43.0, 2012-09-17 01:47:30, 0.0, None 
 48.37, -123.8, 48.0, 2012-09-17 02:02:30, 0.0, None 
 48.53, -123.36, 34.0, 2012-09-17 02:07:30, 0.0, None 
 48.315, -123.595, 35.0, 2012-09-17 02:07:30, 0.0, None 
 48.6, -123.26, 39.0, 2012-09-17 02:10:00, 0.0, None 
 48.53, -123.2, 47.0, 2012-09-17 02:12:30, 0.0, None 
 48.23, -123.7, 26.0, 2012-09-17 02:12:30, 0.0, None 
 48.57, -123.2, 42.0, 2012-09-17 02:15:00, 0.0, None 
 48.62, -123.26, 37.0, 2012-09-17 02:20:00, 0.0, None 
 48.595, -123.27, 43.0, 2012-09-17 02:22:30, 0.0, None 
 48.57, -123.325, 40.5, 2012-09-17 02:25:00, 0.0, None 
 48.01, -123.77, 20.0, 2012-09-17 02:35:00, 0.0, None 
 48.51, -123.55, 53.0, 2012-09-17 02:37:30, 0.0, None 
 48.52, -123.45, 36.0, 2012-09-17 02:40:00, 0.0, None 
 48.2, -123.69, 20.0, 2012-09-17 02:42:30, 0.0, None 
 48.49, -123.5, 60.0, 2012-09-17 02:45:00, 0.0, None 
 48.5, -123.55, 34.5, 2012-09-17 02:47:30, 0.0, None 
 48.175, -123.785, 29.2, 2012-09-17 02:55:00, 0.0, None 
 48.205, -123.815, 20.0, 2012-09-17 02:57:30, 0.0, None 
 48.22, -123.86, 28.0, 2012-09-17 03:00:00, 0.0, None 
 48.58, -123.43, 35.0, 2012-09-17 03:02:30, 0.0, None 
 48.27, -123.73, 29.0, 2012-09-17 03:02:30, 0.0, None 
 48.635, -123.6, 20.0, 2012-09-17 03:05:00, 0.0, None 
 48.28, -123.64, 20.0, 2012-09-17 03:05:00, 0.0, None 
 48.345, -123.59, 22.5, 2012-09-17 03:07:30, 0.0, None 
 48.29, -123.62700000000001, 33.0, 2012-09-17 03:12:30, 0.0, None 
 48.3, -123.70299999999999, 20.0, 2012-09-17 03:15:00, 0.0, None 
 48.29, -123.675, 20.0, 2012-09-17 03:17:30, 0.0, None 
 48.3, -123.66, 20.0, 2012-09-17 03:20:00, 0.0, None 
 48.19, -123.64, 34.5, 2012-09-17 03:22:30, 0.0, None 
 48.305, -123.67, 20.0, 2012-09-17 03:25:00, 0.0, None 
 48.63, -123.32, 33.0, 2012-09-17 03:35:00, 0.0, None 
 48.55, -123.245, 60.0, 2012-09-17 03:37:30, 0.0, None 
 48.64, -123.17, 41.0, 2012-09-17 03:42:30, 0.0, None 
 48.675, -123.24, 30.0, 2012-09-17 03:50:00, 0.0, None 
 48.365, -123.632, 43.5, 2012-09-17 04:02:30, 0.0, None 
 48.32, -123.615, 53.5, 2012-09-17 04:05:00, 0.0, None 
 48.2, -123.69, 27.0, 2012-09-17 04:10:00, 0.0, None 
 48.3, -123.648, 22.5, 2012-09-17 04:12:30, 0.0, None 
 48.31, -123.64, 27.5, 2012-09-17 04:15:00, 0.0, None 
 48.325, -123.645, 53.5, 2012-09-17 04:20:00, 0.0, None 
 48.295, -123.675, 23.0, 2012-09-17 04:22:30, 0.0, None 
 48.12, -123.74, 60.0, 2012-09-17 04:25:00, 0.0, None 
 48.29, -123.675, 60.0, 2012-09-17 04:27:30, 0.0, None 
 48.4, -123.7, 29.0, 2012-09-17 04:30:00, 0.0, None 
 48.395, -123.715, 28.2, 2012-09-17 04:32:30, 0.0, None 
 48.285, -123.743, 43.0, 2012-09-17 04:35:00, 0.0, None 
 48.21, -123.697, 34.0, 2012-09-17 04:37:30, 0.0, None 
 48.21, -123.45, 60.0, 2012-09-17 04:40:00, 0.0, None 
 48.24, -123.8, 20.0, 2012-09-17 04:40:00, 0.0, None 
 48.33, -123.675, 20.0, 2012-09-17 04:45:00, 0.0, None 
 48.325, -123.705, 20.0, 2012-09-17 04:47:30, 0.0, None 
 48.32, -123.765, 20.0, 2012-09-17 04:50:00, 0.0, None 
 48.63, -123.28, 41.0, 2012-09-17 04:55:00, 0.0, None 
 48.6, -123.36, 60.0, 2012-09-17 04:57:30, 0.0, None 
 48.31, -123.5, 56.0, 2012-09-17 04:57:30, 0.0, None 
 48.56, -123.245, 30.0, 2012-09-17 05:12:30, 0.0, None 
 48.355, -123.545, 41.5, 2012-09-17 05:15:00, 0.0, None 
 48.41, -123.5, 20.0, 2012-09-17 05:17:30, 0.0, None 
 48.56, -123.18, 20.0, 2012-09-17 05:25:00, 0.0, None 
 48.15, -123.725, 20.0, 2012-09-17 05:27:30, 0.0, None 
 48.16, -123.75, 20.0, 2012-09-17 05:30:00, 0.0, None 
 48.04, -123.82, 20.0, 2012-09-17 05:35:00, 0.0, None 
 48.093, -123.73700000000001, 42.2, 2012-09-17 05:37:30, 0.0, None 
 48.34, -123.743, 29.0, 2012-09-17 05:50:00, 0.0, None 
 48.325, -123.65, 33.8, 2012-09-17 05:52:30, 0.0, None 
 48.31, -123.69200000000001, 32.2, 2012-09-17 05:55:00, 0.0, None 
 48.37, -123.875, 28.0, 2012-09-17 05:57:30, 0.0, None 
 48.4, -123.57, 26.0, 2012-09-17 06:02:30, 0.0, None 
 48.292, -123.63799999999999, 20.0, 2012-09-17 06:15:00, 0.0, None 
 48.185, -123.745, 40.0, 2012-09-17 06:20:00, 0.0, None 
 48.196999999999996, -123.85, 34.2, 2012-09-17 06:22:30, 0.0, None 
 48.32, -123.81, 20.0, 2012-09-17 06:25:00, 0.0, None 
 48.38, -123.6, 20.0, 2012-09-17 06:27:30, 0.0, None 
 48.14, -123.835, 20.0, 2012-09-17 06:32:30, 0.0, None 
 48.125, -123.81, 24.0, 2012-09-17 06:35:00, 0.0, None 
 48.21, -123.755, 28.0, 2012-09-17 06:37:30, 0.0, None 
 48.235, -123.76, 20.0, 2012-09-17 06:40:00, 0.0, None 
 48.47, -123.52, 48.0, 2012-09-17 06:45:00, 0.0, None 
 48.29, -123.69, 47.0, 2012-09-17 06:47:30, 0.0, None 
 48.06, -123.78, 20.0, 2012-09-17 06:52:30, 0.0, None 
 48.39, -123.6, 28.0, 2012-09-17 07:07:30, 0.0, None 
 48.18, -123.8, 20.0, 2012-09-17 07:10:00, 0.0, None 
 48.17, -123.865, 20.0, 2012-09-17 07:12:30, 0.0, None 
 48.22, -123.77, 25.0, 2012-09-17 07:15:00, 0.0, None 
 48.266999999999996, -123.665, 21.8, 2012-09-17 07:17:30, 0.0, None 
 48.29, -123.66799999999999, 21.2, 2012-09-17 07:20:00, 0.0, None 
 48.34, -123.613, 23.2, 2012-09-17 07:25:00, 0.0, None 
 48.328, -123.61200000000001, 20.0, 2012-09-17 07:27:30, 0.0, None 
 48.285, -123.62, 20.0, 2012-09-17 07:30:00, 0.0, None 
 48.272, -123.625, 20.0, 2012-09-17 07:32:30, 0.0, None 
 48.27, -123.725, 20.0, 2012-09-17 07:35:00, 0.0, None 
 48.255, -123.685, 29.2, 2012-09-17 07:37:30, 0.0, None 
 48.25, -123.76, 20.0, 2012-09-17 07:40:00, 0.0, None 
 48.211999999999996, -123.70299999999999, 26.0, 2012-09-17 07:42:30, 0.0, None 
 48.225, -123.66, 24.5, 2012-09-17 07:45:00, 0.0, None 
 48.215, -123.695, 30.5, 2012-09-17 07:47:30, 0.0, None 
 48.222, -123.74, 27.0, 2012-09-17 07:50:00, 0.0, None 
 48.19, -123.76, 20.0, 2012-09-17 07:52:30, 0.0, None 
 48.227, -123.785, 40.0, 2012-09-17 07:55:00, 0.0, None 
 48.225, -123.74, 24.5, 2012-09-17 07:57:30, 0.0, None 
 48.27, -123.735, 20.0, 2012-09-17 08:00:00, 0.0, None 
 48.27, -123.775, 21.5, 2012-09-17 08:02:30, 0.0, None 
 48.29, -123.77799999999999, 40.0, 2012-09-17 08:05:00, 0.0, None 
 48.3, -123.76, 30.0, 2012-09-17 08:10:00, 0.0, None 
 48.195, -123.62, 24.0, 2012-09-17 08:15:00, 0.0, None 
 48.35, -123.59299999999999, 20.0, 2012-09-17 08:17:30, 0.0, None 
 48.29, -123.62299999999999, 20.0, 2012-09-17 08:20:00, 0.0, None 
 48.26, -123.76, 23.5, 2012-09-17 08:22:30, 0.0, None 
 48.26, -123.618, 20.5, 2012-09-17 08:25:00, 0.0, None 
 48.145, -123.67, 20.0, 2012-09-17 08:27:30, 0.0, None 
 48.153, -123.78200000000001, 46.2, 2012-09-17 08:30:00, 0.0, None 
 48.141999999999996, -123.79, 40.0, 2012-09-17 08:32:30, 0.0, None 
 48.3, -123.735, 41.0, 2012-09-17 08:45:00, 0.0, None 
 48.213, -123.77799999999999, 25.5, 2012-09-17 08:47:30, 0.0, None 
 48.19, -123.7, 44.0, 2012-09-17 08:52:30, 0.0, None 
 48.3, -123.68, 27.0, 2012-09-17 09:00:00, 0.0, None 
 48.228, -123.65700000000001, 27.5, 2012-09-17 09:02:30, 0.0, None 
 48.172, -123.62, 50.0, 2012-09-17 09:05:00, 0.0, None 
 48.2, -123.695, 20.0, 2012-09-17 09:07:30, 0.0, None 
 48.2, -123.685, 20.0, 2012-09-17 09:10:00, 0.0, None 
 48.23, -123.665, 20.0, 2012-09-17 09:12:30, 0.0, None 
 48.27, -123.695, 20.0, 2012-09-17 09:15:00, 0.0, None 
 48.308, -123.705, 26.5, 2012-09-17 09:17:30, 0.0, None 
 48.203, -123.685, 24.5, 2012-09-17 09:20:00, 0.0, None 
 48.21, -123.697, 20.0, 2012-09-17 09:22:30, 0.0, None 
 48.26, -123.64200000000001, 20.0, 2012-09-17 09:25:00, 0.0, None 
 48.325, -123.62, 23.5, 2012-09-17 09:27:30, 0.0, None 
 48.338, -123.625, 23.0, 2012-09-17 09:30:00, 0.0, None 
 48.48, -123.53, 46.0, 2012-09-17 09:32:30, 0.0, None 
 48.361999999999995, -123.64, 27.5, 2012-09-17 09:35:00, 0.0, None 
 48.355, -123.72, 40.0, 2012-09-17 09:37:30, 0.0, None 
 48.2, -123.525, 40.8, 2012-09-17 09:40:00, 0.0, None 
 48.215, -123.71799999999999, 20.0, 2012-09-17 09:47:30, 0.0, None 
 48.135, -123.70299999999999, 25.5, 2012-09-17 09:50:00, 0.0, None 
 48.11, -123.615, 60.0, 2012-09-17 09:52:30, 0.0, None 
 48.275, -123.68, 20.0, 2012-09-17 09:55:00, 0.0, None 
 48.39, -123.86, 41.0, 2012-09-17 09:57:30, 0.0, None 
 48.2, -123.67, 60.0, 2012-09-17 09:57:30, 0.0, None 
 48.12, -123.78, 40.5, 2012-09-17 10:00:00, 0.0, None 
 48.275, -123.635, 20.0, 2012-09-17 10:05:00, 0.0, None 
 48.295, -123.615, 20.0, 2012-09-17 10:07:30, 0.0, None 
 48.31, -123.59700000000001, 20.2, 2012-09-17 10:10:00, 0.0, None 
 48.38, -123.75, 53.5, 2012-09-17 10:12:30, 0.0, None 
 48.15, -123.61, 60.0, 2012-09-17 10:12:30, 0.0, None 
 48.248000000000005, -123.713, 23.2, 2012-09-17 10:15:00, 0.0, None 
 48.258, -123.648, 22.5, 2012-09-17 10:17:30, 0.0, None 
 48.24, -123.675, 20.0, 2012-09-17 10:20:00, 0.0, None 
 48.242, -123.715, 24.2, 2012-09-17 10:22:30, 0.0, None 
 48.24, -123.75200000000001, 22.8, 2012-09-17 10:25:00, 0.0, None 
 48.335, -123.755, 20.0, 2012-09-17 10:27:30, 0.0, None 
 48.227, -123.698, 26.0, 2012-09-17 10:30:00, 0.0, None 
 48.23, -123.73, 23.0, 2012-09-17 10:32:30, 0.0, None 
 48.163000000000004, -123.8, 21.0, 2012-09-17 10:35:00, 0.0, None 
 48.225, -123.805, 23.5, 2012-09-17 10:37:30, 0.0, None 
 48.26, -123.87, 20.0, 2012-09-17 10:50:00, 0.0, None 
 48.2, -123.72, 20.0, 2012-09-17 10:52:30, 0.0, None 
 48.21, -123.69, 23.0, 2012-09-17 10:57:30, 0.0, None 
 48.15, -123.64, 37.0, 2012-09-17 11:00:00, 0.0, None 
 48.205, -123.73, 31.0, 2012-09-17 11:02:30, 0.0, None 
 48.293, -123.50200000000001, 36.0, 2012-09-17 11:10:00, 0.0, None 
 48.325, -123.58, 26.2, 2012-09-17 11:12:30, 0.0, None 
 48.305, -123.595, 24.0, 2012-09-17 11:15:00, 0.0, None 
 48.285, -123.62, 23.5, 2012-09-17 11:17:30, 0.0, None 
 48.255, -123.645, 22.0, 2012-09-17 11:20:00, 0.0, None 
 48.236999999999995, -123.685, 20.0, 2012-09-17 11:22:30, 0.0, None 
 48.242, -123.695, 20.0, 2012-09-17 11:25:00, 0.0, None 
 48.18, -123.92, 20.0, 2012-09-17 11:32:30, 0.0, None 
 48.14, -123.89, 20.0, 2012-09-17 11:35:00, 0.0, None 
 48.145, -123.728, 34.0, 2012-09-17 11:37:30, 0.0, None 
 48.12, -123.74, 20.0, 2012-09-17 11:40:00, 0.0, None 
 48.18, -123.7, 37.0, 2012-09-17 11:42:30, 0.0, None 
 48.29, -123.79, 20.0, 2012-09-17 12:12:30, 0.0, None 
 48.265, -123.625, 47.8, 2012-09-17 12:15:00, 0.0, None 
 48.255, -123.63, 37.5, 2012-09-17 12:17:30, 0.0, None 
 48.27, -123.625, 20.0, 2012-09-17 12:20:00, 0.0, None 
 48.272, -123.572, 23.5, 2012-09-17 12:22:30, 0.0, None 
 48.22, -123.697, 27.8, 2012-09-17 12:25:00, 0.0, None 
 48.245, -123.8, 20.0, 2012-09-17 12:27:30, 0.0, None 
 48.29, -123.805, 20.0, 2012-09-17 12:30:00, 0.0, None 
 48.29, -123.75200000000001, 20.0, 2012-09-17 12:32:30, 0.0, None 
 48.25, -123.69200000000001, 20.0, 2012-09-17 12:35:00, 0.0, None 
 48.282, -123.72200000000001, 35.8, 2012-09-17 12:37:30, 0.0, None 
 48.33, -123.74, 20.0, 2012-09-17 12:40:00, 0.0, None 
 48.31, -123.78, 21.0, 2012-09-17 12:42:30, 0.0, None 
 48.305, -123.83, 20.0, 2012-09-17 12:45:00, 0.0, None 
 48.325, -123.79, 20.0, 2012-09-17 12:47:30, 0.0, None 
 48.33, -123.75, 20.0, 2012-09-17 12:50:00, 0.0, None 
 48.3, -123.715, 25.5, 2012-09-17 12:52:30, 0.0, None 
 48.29, -123.785, 20.0, 2012-09-17 12:55:00, 0.0, None 
 48.308, -123.81200000000001, 55.2, 2012-09-17 12:57:30, 0.0, None 
 48.35, -123.95, 20.0, 2012-09-17 13:00:00, 0.0, None 
 48.39, -123.78, 20.0, 2012-09-17 13:02:30, 0.0, None 
 48.17, -123.48, 44.0, 2012-09-17 13:07:30, 0.0, None 
 48.391999999999996, -123.77, 20.0, 2012-09-17 13:10:00, 0.0, None 
 48.321999999999996, -123.775, 24.5, 2012-09-17 13:12:30, 0.0, None 
 48.3, -123.53, 20.0, 2012-09-17 13:15:00, 0.0, None 
 48.28, -123.9, 20.0, 2012-09-17 13:20:00, 0.0, None 
 48.325, -123.645, 31.2, 2012-09-17 13:30:00, 0.0, None 
 48.35, -123.7, 26.0, 2012-09-17 13:32:30, 0.0, None 
 48.123000000000005, -123.613, 20.8, 2012-09-17 13:47:30, 0.0, None 
 48.21, -123.66, 24.5, 2012-09-17 13:50:00, 0.0, None 
 48.23, -123.595, 45.5, 2012-09-17 13:52:30, 0.0, None 
 48.315, -123.375, 20.5, 2012-09-17 13:55:00, 0.0, None 
 48.315, -123.745, 60.0, 2012-09-17 13:55:00, 0.0, None 
 48.3, -123.69, 24.0, 2012-09-17 13:57:30, 0.0, None 
 48.36, -123.735, 40.0, 2012-09-17 14:00:00, 0.0, None 
 48.305, -123.655, 27.0, 2012-09-17 14:02:30, 0.0, None 
 48.305, -123.555, 23.5, 2012-09-17 14:07:30, 0.0, None 
 48.18, -123.605, 31.0, 2012-09-17 14:10:00, 0.0, None 
 48.19, -123.78, 40.5, 2012-09-17 14:12:30, 0.0, None 
 48.41, -123.77, 24.0, 2012-09-17 14:15:00, 0.0, None 
 48.32, -123.705, 24.0, 2012-09-17 14:17:30, 0.0, None 
 48.3, -123.74, 20.0, 2012-09-17 14:20:00, 0.0, None 
 48.17, -123.795, 35.0, 2012-09-17 14:22:30, 0.0, None 
 48.66, -123.6, 20.0, 2012-09-17 14:27:30, 0.0, None 
 48.43, -123.63, 30.0, 2012-09-17 14:30:00, 0.0, None 
 48.56, -123.47, 20.0, 2012-09-17 14:47:30, 0.0, None 
 48.58, -123.43, 20.0, 2012-09-17 14:50:00, 0.0, None 
 48.31, -123.55, 20.0, 2012-09-17 14:52:30, 0.0, None 
 48.3, -123.565, 20.0, 2012-09-17 14:55:00, 0.0, None 
 47.99, -123.77, 20.0, 2012-09-17 15:05:00, 0.0, None 
 48.68, -123.61, 23.5, 2012-09-17 15:22:30, 0.0, None 
 48.24, -123.49, 20.0, 2012-09-17 15:25:00, 0.0, None 
 48.11, -123.36, 30.0, 2012-09-17 15:27:30, 0.0, None 
 48.7, -123.57, 20.0, 2012-09-17 15:55:00, 0.0, None 
 48.22, -123.8, 35.0, 2012-09-17 16:05:00, 0.0, None 
 48.42, -123.74, 20.0, 2012-09-17 16:25:00, 0.0, None 
 48.275, -123.71799999999999, 20.0, 2012-09-17 16:45:00, 0.0, None 
 48.235, -123.675, 20.0, 2012-09-17 16:47:30, 0.0, None 
 48.32, -123.4, 29.0, 2012-09-17 16:52:30, 0.0, None 
 48.39, -123.485, 20.0, 2012-09-17 17:52:30, 0.0, None 
 48.39, -123.92, 20.0, 2012-09-17 19:30:00, 0.0, None 
 48.355, -123.56, 23.5, 2012-09-17 20:25:00, 0.0, None 
 48.32, -123.63, 39.0, 2012-09-17 20:27:30, 0.0, None 
 48.28, -123.53, 20.0, 2012-09-17 20:37:30, 0.0, None 
 48.33, -123.93, 20.0, 2012-09-17 21:10:00, 0.0, None 
 48.435, -123.8, 40.5, 2012-09-17 21:15:00, 0.0, None 
 48.38, -123.59, 20.0, 2012-09-17 22:17:30, 0.0, None 
 48.2, -123.53, 40.5, 2012-09-17 22:22:30, 0.0, None 
 48.42, -123.66, 60.0, 2012-09-17 22:40:00, 0.0, None 
 48.27, -123.685, 27.0, 2012-09-17 22:42:30, 0.0, None 
 48.157, -123.585, 20.0, 2012-09-17 22:45:00, 0.0, None 
 48.17, -123.75, 40.0, 2012-09-17 23:02:30, 0.0, None 
 48.33, -123.585, 20.0, 2012-09-17 23:10:00, 0.0, None 
 48.415, -123.575, 21.2, 2012-09-17 23:12:30, 0.0, None 
 48.415, -123.58, 20.0, 2012-09-17 23:15:00, 0.0, None 
 48.285, -123.4, 44.5, 2012-09-17 23:20:00, 0.0, None 
 48.435, -123.8, 50.0, 2012-09-17 23:20:00, 0.0, None 
 48.41, -123.7, 53.0, 2012-09-17 23:25:00, 0.0, None 
 48.335, -123.59700000000001, 42.0, 2012-09-17 23:27:30, 0.0, None 
 48.35, -123.60799999999999, 20.0, 2012-09-17 23:30:00, 0.0, None 
 48.288000000000004, -123.58, 28.2, 2012-09-17 23:32:30, 0.0, None 
 48.22, -123.65, 20.0, 2012-09-17 23:35:00, 0.0, None 
 48.3, -123.743, 40.0, 2012-09-17 23:40:00, 0.0, None 
 48.325, -123.64, 20.0, 2012-09-17 23:42:30, 0.0, None 
 48.338, -123.62, 23.5, 2012-09-17 23:45:00, 0.0, None 
 48.352, -123.635, 35.8, 2012-09-17 23:47:30, 0.0, None 
 48.31, -123.805, 27.8, 2012-09-17 23:52:30, 0.0, None 
 48.24, -123.65299999999999, 25.5, 2012-09-17 23:55:00, 0.0, None 
 48.425, -123.55799999999999, 28.0, 2012-09-18 00:00:00, 0.0, None 
 48.265, -123.675, 20.0, 2012-09-18 00:02:30, 0.0, None 
 48.345, -123.66799999999999, 20.0, 2012-09-18 00:10:00, 0.0, None 
 48.425, -123.74, 27.5, 2012-09-18 00:12:30, 0.0, None 
 48.21, -123.81, 28.0, 2012-09-18 00:17:30, 0.0, None 
 48.18, -123.8, 39.5, 2012-09-18 00:20:00, 0.0, None 
 48.51, -123.66, 24.5, 2012-09-18 00:22:30, 0.0, None 
 48.48, -123.68, 20.0, 2012-09-18 00:25:00, 0.0, None 
 48.398, -123.823, 30.0, 2012-09-18 00:27:30, 0.0, None 
 48.49, -123.635, 26.0, 2012-09-18 00:30:00, 0.0, None 
 48.515, -123.51, 37.5, 2012-09-18 00:32:30, 0.0, None 
 48.98, -124.175, 20.0, 2012-09-18 00:35:00, 0.0, None 
 48.505, -123.542, 47.5, 2012-09-18 00:35:00, 0.0, None 
 48.45, -123.615, 20.0, 2012-09-18 00:37:30, 0.0, None 
 48.457, -123.685, 22.5, 2012-09-18 00:40:00, 0.0, None 
 48.345, -123.73, 20.5, 2012-09-18 00:42:30, 0.0, None 
 48.365, -123.70299999999999, 29.0, 2012-09-18 00:45:00, 0.0, None 
 48.455, -123.585, 26.0, 2012-09-18 00:47:30, 0.0, None 
 48.415, -123.64, 54.5, 2012-09-18 00:50:00, 0.0, None 
 48.22, -123.9, 26.0, 2012-09-18 00:52:30, 0.0, None 
 48.34, -123.805, 20.0, 2012-09-18 00:55:00, 0.0, None 
 48.335, -123.81, 23.8, 2012-09-18 00:57:30, 0.0, None 
 48.373000000000005, -123.73299999999999, 20.0, 2012-09-18 01:00:00, 0.0, None 
 48.4, -123.705, 24.5, 2012-09-18 01:02:30, 0.0, None 
 48.48, -123.575, 23.0, 2012-09-18 01:05:00, 0.0, None 
 48.48, -123.285, 48.5, 2012-09-18 01:07:30, 0.0, None 
 48.48, -123.4, 45.0, 2012-09-18 01:10:00, 0.0, None 
 48.58, -123.58, 57.0, 2012-09-18 01:12:30, 0.0, None 
 48.27, -123.7, 30.5, 2012-09-18 01:15:00, 0.0, None 
 48.2, -123.73, 20.0, 2012-09-18 01:17:30, 0.0, None 
 48.27, -123.59, 20.0, 2012-09-18 01:20:00, 0.0, None 
 48.2, -123.66, 25.0, 2012-09-18 01:22:30, 0.0, None 
 48.265, -123.585, 20.0, 2012-09-18 01:25:00, 0.0, None 
 48.445, -123.477, 30.5, 2012-09-18 01:27:30, 0.0, None 
 48.558, -123.55, 27.0, 2012-09-18 01:30:00, 0.0, None 
 48.445, -123.458, 27.2, 2012-09-18 01:32:30, 0.0, None 
 48.47, -123.605, 29.0, 2012-09-18 01:35:00, 0.0, None 
 48.51, -123.55, 33.5, 2012-09-18 01:37:30, 0.0, None 
 48.39, -123.72, 60.0, 2012-09-18 01:45:00, 0.0, None 
 48.41, -123.775, 60.0, 2012-09-18 01:47:30, 0.0, None 
 48.477, -123.72200000000001, 32.0, 2012-09-18 01:50:00, 0.0, None 
 48.486999999999995, -123.715, 29.5, 2012-09-18 01:52:30, 0.0, None 
 48.825, -124.145, 60.0, 2012-09-18 01:55:00, 0.0, None 
 48.48, -123.74, 35.2, 2012-09-18 01:55:00, 0.0, None 
 48.39, -123.762, 51.8, 2012-09-18 01:57:30, 0.0, None 
 48.4, -123.755, 30.0, 2012-09-18 02:00:00, 0.0, None 
 48.405, -123.765, 30.8, 2012-09-18 02:02:30, 0.0, None 
 48.358000000000004, -123.72200000000001, 47.0, 2012-09-18 02:05:00, 0.0, None 
 48.358000000000004, -123.665, 36.2, 2012-09-18 02:07:30, 0.0, None 
 48.485, -123.72, 20.5, 2012-09-18 02:10:00, 0.0, None 
 48.4, -123.87, 60.0, 2012-09-18 02:17:30, 0.0, None 
 49.0, -124.12, 36.0, 2012-09-18 02:20:00, 0.0, None 
 48.5, -123.713, 22.5, 2012-09-18 02:20:00, 0.0, None 
 48.455, -123.67, 50.5, 2012-09-18 02:22:30, 0.0, None 
 48.77, -124.11, 29.0, 2012-09-18 02:25:00, 0.0, None 
 48.412, -123.78, 27.5, 2012-09-18 02:25:00, 0.0, None 
 48.355, -123.9, 33.0, 2012-09-18 02:27:30, 0.0, None 
 48.78, -124.09, 20.0, 2012-09-18 02:30:00, 0.0, None 
 48.43, -123.792, 24.0, 2012-09-18 02:30:00, 0.0, None 
 48.415, -123.70299999999999, 20.0, 2012-09-18 02:32:30, 0.0, None 
 48.41, -123.62299999999999, 20.0, 2012-09-18 02:35:00, 0.0, None 
 48.95, -124.08, 30.0, 2012-09-18 02:37:30, 0.0, None 
 48.485, -123.62, 33.2, 2012-09-18 02:37:30, 0.0, None 
 48.96, -124.07, 31.0, 2012-09-18 02:40:00, 0.0, None 
 48.515, -123.52, 34.5, 2012-09-18 02:40:00, 0.0, None 
 48.461999999999996, -123.56200000000001, 27.5, 2012-09-18 02:42:30, 0.0, None 
 48.36, -123.59700000000001, 24.2, 2012-09-18 02:45:00, 0.0, None 
 48.32, -123.725, 34.8, 2012-09-18 02:47:30, 0.0, None 
 48.79, -124.11, 20.0, 2012-09-18 02:50:00, 0.0, None 
 48.34, -123.675, 22.0, 2012-09-18 02:50:00, 0.0, None 
 48.593, -123.605, 26.0, 2012-09-18 02:52:30, 0.0, None 
 48.52, -123.44, 46.0, 2012-09-18 02:55:00, 0.0, None 
 48.61, -123.56, 60.0, 2012-09-18 02:57:30, 0.0, None 
 48.505, -123.45, 32.2, 2012-09-18 03:00:00, 0.0, None 
 48.495, -123.48, 60.0, 2012-09-18 03:02:30, 0.0, None 
 48.68, -123.41, 31.0, 2012-09-18 03:12:30, 0.0, None 
 48.705, -123.57, 31.0, 2012-09-18 03:17:30, 0.0, None 
 48.3, -123.68, 39.5, 2012-09-18 03:20:00, 0.0, None 
 48.17, -123.475, 60.0, 2012-09-18 03:22:30, 0.0, None 
 48.09, -123.585, 60.0, 2012-09-18 03:25:00, 0.0, None 
 48.54, -123.4, 40.0, 2012-09-18 03:27:30, 0.0, None 
 48.59, -123.65, 51.0, 2012-09-18 03:32:30, 0.0, None 
 48.57, -123.31, 22.5, 2012-09-18 03:35:00, 0.0, None 
 48.295, -123.34, 59.0, 2012-09-18 03:37:30, 0.0, None 
 48.59, -123.39, 41.0, 2012-09-18 03:40:00, 0.0, None 
 48.95, -124.18, 20.0, 2012-09-18 03:50:00, 0.0, None 
 48.375, -123.51299999999999, 31.8, 2012-09-18 03:50:00, 0.0, None 
 48.35, -123.575, 20.0, 2012-09-18 03:52:30, 0.0, None 
 48.23, -123.69, 60.0, 2012-09-18 03:57:30, 0.0, None 
 48.21, -123.69, 38.0, 2012-09-18 04:00:00, 0.0, None 
 48.315, -123.588, 20.0, 2012-09-18 04:02:30, 0.0, None 
 48.305, -123.55, 20.0, 2012-09-18 04:05:00, 0.0, None 
 48.287, -123.678, 21.5, 2012-09-18 04:07:30, 0.0, None 
 48.4, -123.64, 45.2, 2012-09-18 04:10:00, 0.0, None 
 48.275, -123.68799999999999, 28.0, 2012-09-18 04:12:30, 0.0, None 
 48.245, -123.65, 24.5, 2012-09-18 04:15:00, 0.0, None 
 49.0, -124.16, 30.0, 2012-09-18 04:17:30, 0.0, None 
 48.215, -123.63, 20.0, 2012-09-18 04:17:30, 0.0, None 
 48.203, -123.545, 33.2, 2012-09-18 04:20:00, 0.0, None 
 48.22, -123.53, 34.5, 2012-09-18 04:22:30, 0.0, None 
 48.183, -123.37700000000001, 34.2, 2012-09-18 04:25:00, 0.0, None 
 48.125, -123.48, 20.0, 2012-09-18 04:27:30, 0.0, None 
 48.205, -123.542, 41.8, 2012-09-18 04:32:30, 0.0, None 
 48.233000000000004, -123.51, 21.5, 2012-09-18 04:35:00, 0.0, None 
 48.42, -123.515, 49.0, 2012-09-18 04:37:30, 0.0, None 
 48.09, -123.57, 60.0, 2012-09-18 04:37:30, 0.0, None 
 48.21, -123.515, 29.0, 2012-09-18 04:40:00, 0.0, None 
 48.23, -123.59, 24.0, 2012-09-18 04:42:30, 0.0, None 
 48.68, -123.39, 20.0, 2012-09-18 04:45:00, 0.0, None 
 48.33, -123.545, 23.0, 2012-09-18 04:45:00, 0.0, None 
 48.19, -123.54, 27.5, 2012-09-18 04:47:30, 0.0, None 
 48.265, -123.485, 26.0, 2012-09-18 04:50:00, 0.0, None 
 48.705, -123.565, 20.0, 2012-09-18 04:52:30, 0.0, None 
 48.125, -123.405, 60.0, 2012-09-18 04:52:30, 0.0, None 
 48.68, -123.41, 20.0, 2012-09-18 04:55:00, 0.0, None 
 48.297, -123.475, 20.0, 2012-09-18 05:02:30, 0.0, None 
 48.245, -123.43799999999999, 24.8, 2012-09-18 05:05:00, 0.0, None 
 48.3, -123.39, 29.0, 2012-09-18 05:07:30, 0.0, None 
 48.38, -123.39, 40.0, 2012-09-18 05:10:00, 0.0, None 
 48.175, -123.635, 41.0, 2012-09-18 05:15:00, 0.0, None 
 48.175, -123.62700000000001, 20.0, 2012-09-18 05:17:30, 0.0, None 
 48.6, -123.27, 35.0, 2012-09-18 05:20:00, 0.0, None 
 48.265, -123.495, 39.2, 2012-09-18 05:22:30, 0.0, None 
 48.27, -123.535, 20.0, 2012-09-18 05:25:00, 0.0, None 
 48.3, -123.455, 36.5, 2012-09-18 05:27:30, 0.0, None 
 48.236999999999995, -123.615, 20.0, 2012-09-18 05:30:00, 0.0, None 
 48.317, -123.53, 36.0, 2012-09-18 05:32:30, 0.0, None 
 48.37, -123.405, 23.8, 2012-09-18 05:35:00, 0.0, None 
 48.6, -123.39, 60.0, 2012-09-18 05:37:30, 0.0, None 
 48.59, -123.62, 20.0, 2012-09-18 05:40:00, 0.0, None 
 48.43, -123.53, 20.0, 2012-09-18 05:42:30, 0.0, None 
 48.317, -123.435, 52.5, 2012-09-18 05:45:00, 0.0, None 
 48.22, -123.415, 20.0, 2012-09-18 05:47:30, 0.0, None 
 48.31, -123.5, 33.5, 2012-09-18 05:50:00, 0.0, None 
 48.4, -123.53, 20.0, 2012-09-18 05:52:30, 0.0, None 
 48.22, -123.79, 20.0, 2012-09-18 05:52:30, 0.0, None 
 48.31, -123.485, 20.0, 2012-09-18 05:55:00, 0.0, None 
 48.258, -123.505, 26.8, 2012-09-18 05:57:30, 0.0, None 
 48.27, -123.47, 20.0, 2012-09-18 06:00:00, 0.0, None 
 48.315, -123.42, 49.5, 2012-09-18 06:02:30, 0.0, None 
 48.4, -123.5, 40.0, 2012-09-18 06:05:00, 0.0, None 
 48.92, -124.05, 20.0, 2012-09-18 06:12:30, 0.0, None 
 48.165, -123.43, 20.0, 2012-09-18 06:22:30, 0.0, None 
 48.17, -123.485, 20.0, 2012-09-18 06:25:00, 0.0, None 
 48.19, -123.51, 20.0, 2012-09-18 06:27:30, 0.0, None 
 48.135, -123.493, 28.8, 2012-09-18 06:37:30, 0.0, None 
 48.172, -123.45, 20.0, 2012-09-18 06:40:00, 0.0, None 
 48.23, -123.47, 20.5, 2012-09-18 06:42:30, 0.0, None 
 48.22, -123.495, 25.8, 2012-09-18 06:45:00, 0.0, None 
 48.148, -123.475, 40.8, 2012-09-18 06:47:30, 0.0, None 
 48.147, -123.49, 26.5, 2012-09-18 06:50:00, 0.0, None 
 48.21, -123.44, 20.0, 2012-09-18 06:52:30, 0.0, None 
 48.14, -123.72, 20.0, 2012-09-18 06:55:00, 0.0, None 
 48.27, -123.45299999999999, 20.0, 2012-09-18 07:00:00, 0.0, None 
 48.28, -123.412, 20.0, 2012-09-18 07:02:30, 0.0, None 
 48.285, -123.412, 20.0, 2012-09-18 07:05:00, 0.0, None 
 48.27, -123.43, 20.0, 2012-09-18 07:07:30, 0.0, None 
 48.205, -123.675, 22.5, 2012-09-18 07:15:00, 0.0, None 
 48.205, -123.67, 23.0, 2012-09-18 07:17:30, 0.0, None 
 48.125, -123.69, 20.0, 2012-09-18 07:20:00, 0.0, None 
 48.15, -123.62, 20.0, 2012-09-18 07:22:30, 0.0, None 
 48.168, -123.6, 31.5, 2012-09-18 07:25:00, 0.0, None 
 48.177, -123.585, 36.0, 2012-09-18 07:27:30, 0.0, None 
 48.52, -123.72, 40.0, 2012-09-18 07:30:00, 0.0, None 
 48.4, -123.39, 20.0, 2012-09-18 07:32:30, 0.0, None 
 48.41, -123.5, 28.0, 2012-09-18 07:35:00, 0.0, None 
 48.41, -123.415, 51.0, 2012-09-18 07:37:30, 0.0, None 
 48.39, -123.55, 20.0, 2012-09-18 07:40:00, 0.0, None 
 48.297, -123.552, 35.2, 2012-09-18 07:42:30, 0.0, None 
 48.295, -123.515, 27.5, 2012-09-18 07:45:00, 0.0, None 
 48.22, -123.425, 20.0, 2012-09-18 07:47:30, 0.0, None 
 48.18, -123.405, 25.2, 2012-09-18 07:50:00, 0.0, None 
 48.245, -123.495, 29.2, 2012-09-18 07:52:30, 0.0, None 
 48.245, -123.428, 55.8, 2012-09-18 07:55:00, 0.0, None 
 48.21, -123.48, 53.0, 2012-09-18 07:57:30, 0.0, None 
 48.198, -123.56, 30.2, 2012-09-18 08:00:00, 0.0, None 
 48.19, -123.43, 30.0, 2012-09-18 08:02:30, 0.0, None 
 48.43, -123.4, 41.0, 2012-09-18 08:05:00, 0.0, None 
 48.33, -123.51, 30.0, 2012-09-18 08:07:30, 0.0, None 
 48.23, -123.585, 29.0, 2012-09-18 08:10:00, 0.0, None 
 48.235, -123.56200000000001, 23.0, 2012-09-18 08:12:30, 0.0, None 
 48.468, -123.555, 43.5, 2012-09-18 08:20:00, 0.0, None 
 48.42, -123.47200000000001, 34.8, 2012-09-18 08:22:30, 0.0, None 
 48.35, -123.40700000000001, 20.8, 2012-09-18 08:25:00, 0.0, None 
 48.245, -123.42, 40.0, 2012-09-18 08:27:30, 0.0, None 
 48.28, -123.44, 22.5, 2012-09-18 08:30:00, 0.0, None 
 48.275, -123.425, 20.2, 2012-09-18 08:32:30, 0.0, None 
 48.285, -123.415, 21.0, 2012-09-18 08:35:00, 0.0, None 
 48.335, -123.478, 33.2, 2012-09-18 08:37:30, 0.0, None 
 48.211999999999996, -123.395, 20.0, 2012-09-18 08:40:00, 0.0, None 
 48.148, -123.46, 24.5, 2012-09-18 08:42:30, 0.0, None 
 48.26, -123.49, 51.0, 2012-09-18 08:45:00, 0.0, None 
 48.205, -123.57, 45.5, 2012-09-18 08:47:30, 0.0, None 
 48.352, -123.575, 33.0, 2012-09-18 08:50:00, 0.0, None 
 48.485, -123.495, 51.5, 2012-09-18 08:52:30, 0.0, None 
 48.67, -123.6, 20.0, 2012-09-18 08:55:00, 0.0, None 
 48.385, -123.6, 52.0, 2012-09-18 08:57:30, 0.0, None 
 48.375, -123.583, 20.0, 2012-09-18 09:00:00, 0.0, None 
 48.25, -123.5, 20.0, 2012-09-18 09:02:30, 0.0, None 
 48.282, -123.495, 20.0, 2012-09-18 09:05:00, 0.0, None 
 48.318000000000005, -123.54700000000001, 27.8, 2012-09-18 09:07:30, 0.0, None 
 48.39, -123.57799999999999, 38.2, 2012-09-18 09:12:30, 0.0, None 
 48.343, -123.58, 30.0, 2012-09-18 09:15:00, 0.0, None 
 48.45, -123.74, 36.5, 2012-09-18 09:17:30, 0.0, None 
 48.38, -123.695, 39.0, 2012-09-18 09:20:00, 0.0, None 
 48.34, -123.662, 25.0, 2012-09-18 09:22:30, 0.0, None 
 48.27, -123.618, 25.5, 2012-09-18 09:25:00, 0.0, None 
 48.405, -123.448, 28.8, 2012-09-18 09:27:30, 0.0, None 
 48.308, -123.588, 22.5, 2012-09-18 09:37:30, 0.0, None 
 48.97, -124.18, 20.0, 2012-09-18 09:40:00, 0.0, None 
 48.245, -123.665, 21.2, 2012-09-18 09:40:00, 0.0, None 
 48.26, -123.725, 30.0, 2012-09-18 09:42:30, 0.0, None 
 48.275, -123.63799999999999, 20.0, 2012-09-18 09:45:00, 0.0, None 
 48.285, -123.59, 21.5, 2012-09-18 09:47:30, 0.0, None 
 48.335, -123.632, 20.0, 2012-09-18 09:50:00, 0.0, None 
 48.345, -123.62, 20.0, 2012-09-18 09:52:30, 0.0, None 
 48.15, -123.855, 60.0, 2012-09-18 09:57:30, 0.0, None 
 48.155, -123.63, 20.0, 2012-09-18 10:05:00, 0.0, None 
 48.08, -123.48, 20.0, 2012-09-18 10:10:00, 0.0, None 
 48.336999999999996, -123.385, 27.0, 2012-09-18 10:12:30, 0.0, None 
 48.373000000000005, -123.415, 26.0, 2012-09-18 10:15:00, 0.0, None 
 48.3, -123.53, 21.5, 2012-09-18 10:17:30, 0.0, None 
 48.29, -123.545, 22.0, 2012-09-18 10:20:00, 0.0, None 
 48.15, -123.8, 20.0, 2012-09-18 10:22:30, 0.0, None 
 48.29, -123.48200000000001, 29.2, 2012-09-18 10:25:00, 0.0, None 
 48.235, -123.425, 35.0, 2012-09-18 10:27:30, 0.0, None 
 48.23, -123.42, 30.5, 2012-09-18 10:30:00, 0.0, None 
 48.27, -123.405, 49.5, 2012-09-18 10:32:30, 0.0, None 
 48.26, -123.43299999999999, 33.8, 2012-09-18 10:35:00, 0.0, None 
 48.205, -123.39, 54.0, 2012-09-18 10:37:30, 0.0, None 
 48.27, -123.523, 54.5, 2012-09-18 10:40:00, 0.0, None 
 48.213, -123.7, 24.8, 2012-09-18 10:42:30, 0.0, None 
 48.168, -123.68, 20.0, 2012-09-18 10:45:00, 0.0, None 
 48.15, -123.6, 22.5, 2012-09-18 10:47:30, 0.0, None 
 48.085, -123.67, 20.0, 2012-09-18 10:52:30, 0.0, None 
 48.09, -123.58, 35.0, 2012-09-18 10:55:00, 0.0, None 
 48.165, -123.62, 60.0, 2012-09-18 10:57:30, 0.0, None 
 48.42, -123.57, 27.5, 2012-09-18 11:00:00, 0.0, None 
 48.46, -123.43, 25.0, 2012-09-18 11:02:30, 0.0, None 
 48.31, -123.5, 60.0, 2012-09-18 11:07:30, 0.0, None 
 48.18, -123.68, 43.0, 2012-09-18 11:20:00, 0.0, None 
 48.86, -124.09, 20.0, 2012-09-18 11:27:30, 0.0, None 
 48.255, -123.66, 20.0, 2012-09-18 11:27:30, 0.0, None 
 48.2, -123.685, 22.5, 2012-09-18 11:30:00, 0.0, None 
 48.2, -123.68, 24.5, 2012-09-18 11:32:30, 0.0, None 
 48.22, -123.67, 39.5, 2012-09-18 11:35:00, 0.0, None 
 48.26, -123.625, 39.5, 2012-09-18 11:37:30, 0.0, None 
 48.315, -123.625, 24.5, 2012-09-18 11:40:00, 0.0, None 
 48.27, -123.58, 20.0, 2012-09-18 11:42:30, 0.0, None 
 48.29, -123.62299999999999, 35.5, 2012-09-18 11:45:00, 0.0, None 
 48.242, -123.66, 29.0, 2012-09-18 11:47:30, 0.0, None 
 48.255, -123.635, 39.5, 2012-09-18 11:50:00, 0.0, None 
 48.255, -123.45, 34.0, 2012-09-18 11:52:30, 0.0, None 
 48.49, -123.58, 20.0, 2012-09-18 11:57:30, 0.0, None 
 48.55, -123.4, 20.0, 2012-09-18 12:00:00, 0.0, None 
 48.5, -123.76, 30.0, 2012-09-18 12:00:00, 0.0, None 
 48.388000000000005, -123.78, 31.8, 2012-09-18 12:02:30, 0.0, None 
 48.315, -123.61, 35.0, 2012-09-18 12:05:00, 0.0, None 
 48.345, -123.7, 40.8, 2012-09-18 12:07:30, 0.0, None 
 48.51, -123.427, 25.2, 2012-09-18 12:12:30, 0.0, None 
 48.59, -123.355, 20.0, 2012-09-18 12:15:00, 0.0, None 
 48.505, -123.61, 32.0, 2012-09-18 12:17:30, 0.0, None 
 48.455, -123.64299999999999, 30.8, 2012-09-18 12:20:00, 0.0, None 
 48.335, -123.697, 21.5, 2012-09-18 12:22:30, 0.0, None 
 48.16, -123.53, 52.0, 2012-09-18 12:27:30, 0.0, None 
 48.49, -123.48, 33.0, 2012-09-18 12:30:00, 0.0, None 
 48.475, -123.47, 29.0, 2012-09-18 12:32:30, 0.0, None 
 48.4, -123.47, 33.0, 2012-09-18 12:35:00, 0.0, None 
 48.27, -123.405, 20.0, 2012-09-18 12:37:30, 0.0, None 
 48.26, -123.46, 20.0, 2012-09-18 12:40:00, 0.0, None 
 48.28, -123.42, 20.0, 2012-09-18 12:42:30, 0.0, None 
 48.55, -123.335, 49.0, 2012-09-18 12:45:00, 0.0, None 
 48.195, -123.58, 60.0, 2012-09-18 12:47:30, 0.0, None 
 48.25, -123.595, 28.5, 2012-09-18 12:50:00, 0.0, None 
 48.285, -123.49, 25.5, 2012-09-18 12:52:30, 0.0, None 
 48.26, -123.48700000000001, 25.0, 2012-09-18 12:55:00, 0.0, None 
 48.305, -123.76, 50.0, 2012-09-18 12:57:30, 0.0, None 
 48.45, -123.375, 60.0, 2012-09-18 12:57:30, 0.0, None 
 48.85, -124.03, 40.0, 2012-09-18 13:02:30, 0.0, None 
 48.27, -123.507, 30.8, 2012-09-18 13:02:30, 0.0, None 
 48.27, -123.53200000000001, 25.5, 2012-09-18 13:05:00, 0.0, None 
 48.33, -123.58, 20.0, 2012-09-18 13:07:30, 0.0, None 
 48.34, -123.58, 20.0, 2012-09-18 13:10:00, 0.0, None 
 48.28, -123.77, 20.0, 2012-09-18 13:22:30, 0.0, None 
 48.328, -123.68, 27.5, 2012-09-18 13:25:00, 0.0, None 
 48.29, -123.66, 20.0, 2012-09-18 13:27:30, 0.0, None 
 48.18, -123.68, 20.0, 2012-09-18 13:30:00, 0.0, None 
 48.105, -123.655, 24.5, 2012-09-18 13:32:30, 0.0, None 
 48.175, -123.65, 22.0, 2012-09-18 13:35:00, 0.0, None 
 48.21, -123.565, 22.0, 2012-09-18 13:37:30, 0.0, None 
 48.11, -123.615, 20.0, 2012-09-18 13:42:30, 0.0, None 
 48.33, -123.38, 32.5, 2012-09-18 13:52:30, 0.0, None 
 48.38, -123.265, 60.0, 2012-09-18 13:55:00, 0.0, None 
 48.225, -123.38, 60.0, 2012-09-18 14:10:00, 0.0, None 
 48.27, -123.415, 20.0, 2012-09-18 14:12:30, 0.0, None 
 48.28, -123.41, 20.0, 2012-09-18 14:15:00, 0.0, None 
 48.405, -123.42200000000001, 25.0, 2012-09-18 14:17:30, 0.0, None 
 48.38, -123.44200000000001, 27.5, 2012-09-18 14:20:00, 0.0, None 
 48.2, -123.3, 36.5, 2012-09-18 14:22:30, 0.0, None 
 48.242, -123.265, 47.8, 2012-09-18 14:25:00, 0.0, None 
 48.22, -123.66, 20.0, 2012-09-18 14:42:30, 0.0, None 
 48.155, -123.615, 27.8, 2012-09-18 14:45:00, 0.0, None 
 48.33, -123.46, 20.0, 2012-09-18 14:52:30, 0.0, None 
 48.225, -123.4, 60.0, 2012-09-18 14:57:30, 0.0, None 
 48.18, -123.61, 52.5, 2012-09-18 15:00:00, 0.0, None 
 48.47, -123.48, 60.0, 2012-09-18 15:15:00, 0.0, None 
 48.3, -123.58200000000001, 43.0, 2012-09-18 15:20:00, 0.0, None 
 48.332, -123.595, 24.0, 2012-09-18 15:22:30, 0.0, None 
 48.328, -123.59700000000001, 26.8, 2012-09-18 15:25:00, 0.0, None 
 48.39, -123.69, 60.0, 2012-09-18 15:27:30, 0.0, None 
 48.27, -123.81, 29.0, 2012-09-18 15:30:00, 0.0, None 
 48.6, -124.12, 20.0, 2012-09-18 15:32:30, 0.0, None 
 48.245, -123.855, 20.0, 2012-09-18 15:32:30, 0.0, None 
 48.565, -123.69, 60.0, 2012-09-18 15:35:00, 0.0, None 
 48.325, -123.325, 37.5, 2012-09-18 15:35:00, 0.0, None 
 48.242, -123.385, 35.0, 2012-09-18 15:37:30, 0.0, None 
 48.3, -123.415, 20.0, 2012-09-18 15:40:00, 0.0, None 
 48.295, -123.615, 24.5, 2012-09-18 15:42:30, 0.0, None 
 48.18, -123.73, 24.5, 2012-09-18 15:45:00, 0.0, None 
 48.12, -123.79, 43.0, 2012-09-18 15:47:30, 0.0, None 
 48.8, -123.87, 28.0, 2012-09-18 16:10:00, 0.0, None 
 48.33, -123.715, 25.0, 2012-09-18 16:12:30, 0.0, None 
 48.172, -123.535, 20.0, 2012-09-18 16:15:00, 0.0, None 
 48.24, -123.53, 20.0, 2012-09-18 16:17:30, 0.0, None 
 48.225, -123.69, 20.0, 2012-09-18 16:20:00, 0.0, None 
 48.22, -123.7, 20.0, 2012-09-18 16:22:30, 0.0, None 
 48.21, -123.618, 45.2, 2012-09-18 16:25:00, 0.0, None 
 48.24, -123.5, 20.0, 2012-09-18 16:32:30, 0.0, None 
 48.42, -123.71, 60.0, 2012-09-18 16:35:00, 0.0, None 
 48.376999999999995, -123.412, 39.0, 2012-09-18 16:37:30, 0.0, None 
 48.335, -123.40700000000001, 26.5, 2012-09-18 16:40:00, 0.0, None 
 48.34, -123.395, 35.2, 2012-09-18 16:42:30, 0.0, None 
 48.19, -123.92, 20.0, 2012-09-18 17:00:00, 0.0, None 
 48.3, -123.38, 49.0, 2012-09-18 18:25:00, 0.0, None 
 48.31, -123.63, 20.0, 2012-09-18 18:27:30, 0.0, None 
 48.345, -123.28, 57.0, 2012-09-18 18:27:30, 0.0, None 
 48.07, -123.61, 35.0, 2012-09-18 18:52:30, 0.0, None 
 48.22, -123.725, 20.0, 2012-09-18 18:55:00, 0.0, None 
 48.215, -123.398, 20.2, 2012-09-18 19:00:00, 0.0, None 
 48.203, -123.40700000000001, 20.0, 2012-09-18 19:02:30, 0.0, None 
 48.126999999999995, -123.58, 29.5, 2012-09-18 19:12:30, 0.0, None 
 48.185, -123.66, 20.0, 2012-09-18 19:15:00, 0.0, None 
 48.285, -123.37700000000001, 22.0, 2012-09-18 19:17:30, 0.0, None 
 48.85, -124.02, 40.0, 2012-09-18 19:20:00, 0.0, None 
 48.273, -123.335, 20.5, 2012-09-18 19:20:00, 0.0, None 
 48.275, -123.37, 20.0, 2012-09-18 19:22:30, 0.0, None 
 48.265, -123.405, 20.2, 2012-09-18 19:25:00, 0.0, None 
 48.27, -123.427, 23.8, 2012-09-18 19:27:30, 0.0, None 
 48.2, -123.75, 20.0, 2012-09-18 19:30:00, 0.0, None 
 48.185, -123.41, 33.5, 2012-09-18 19:35:00, 0.0, None 
 48.33, -123.415, 20.0, 2012-09-18 19:37:30, 0.0, None 
 48.2, -123.85, 60.0, 2012-09-18 20:45:00, 0.0, None 
 48.162, -123.495, 52.0, 2012-09-18 21:20:00, 0.0, None 
 48.24, -123.553, 38.2, 2012-09-18 21:22:30, 0.0, None 
 48.21, -123.67, 20.0, 2012-09-18 21:25:00, 0.0, None 
 48.21, -123.7, 21.0, 2012-09-18 21:27:30, 0.0, None 
 48.255, -123.485, 24.5, 2012-09-18 21:35:00, 0.0, None 
 48.31, -123.49, 20.0, 2012-09-18 21:40:00, 0.0, None 
 48.23, -123.73, 41.5, 2012-09-18 21:42:30, 0.0, None 
 48.2, -123.64, 20.0, 2012-09-18 21:45:00, 0.0, None 
 48.1, -123.52, 20.0, 2012-09-18 21:47:30, 0.0, None 
 48.25, -123.61, 60.0, 2012-09-18 21:57:30, 0.0, None 
 48.305, -123.495, 20.0, 2012-09-18 22:00:00, 0.0, None 
 48.33, -123.55799999999999, 25.0, 2012-09-18 22:02:30, 0.0, None 
 48.205, -123.695, 28.5, 2012-09-18 22:07:30, 0.0, None 
 48.205, -123.685, 30.5, 2012-09-18 22:10:00, 0.0, None 
 48.37, -123.75, 40.0, 2012-09-18 22:32:30, 0.0, None 
 48.18, -123.57, 20.0, 2012-09-18 22:50:00, 0.0, None 
 48.2, -123.29, 37.0, 2012-09-18 23:00:00, 0.0, None 
 48.33, -123.43, 32.0, 2012-09-18 23:02:30, 0.0, None 
 48.16, -123.72, 60.0, 2012-09-18 23:02:30, 0.0, None 
 48.32, -123.41, 28.0, 2012-09-18 23:07:30, 0.0, None 
 48.79, -124.1, 20.0, 2012-09-18 23:10:00, 0.0, None 
 48.3, -123.48200000000001, 20.0, 2012-09-18 23:10:00, 0.0, None 
 48.25, -123.445, 20.0, 2012-09-18 23:12:30, 0.0, None 
 48.23, -123.38, 33.0, 2012-09-18 23:15:00, 0.0, None 
 48.242, -123.382, 22.8, 2012-09-18 23:17:30, 0.0, None 
 48.165, -123.47, 46.2, 2012-09-18 23:25:00, 0.0, None 
 48.165, -123.447, 37.5, 2012-09-18 23:27:30, 0.0, None 
 48.96, -124.07, 31.0, 2012-09-18 23:30:00, 0.0, None 
 48.19, -123.67, 24.0, 2012-09-18 23:30:00, 0.0, None 
 48.21, -123.65299999999999, 20.5, 2012-09-18 23:32:30, 0.0, None 
 48.265, -123.59, 20.0, 2012-09-18 23:35:00, 0.0, None 
 48.258, -123.697, 23.5, 2012-09-18 23:37:30, 0.0, None 
 48.31, -123.8, 20.0, 2012-09-18 23:40:00, 0.0, None 
 48.14, -123.615, 30.5, 2012-09-18 23:42:30, 0.0, None 
 48.21, -123.602, 28.5, 2012-09-18 23:45:00, 0.0, None 
 48.335, -123.48, 30.5, 2012-09-18 23:47:30, 0.0, None 
 48.215, -123.67, 23.2, 2012-09-18 23:50:00, 0.0, None 
 48.23, -123.675, 24.0, 2012-09-18 23:52:30, 0.0, None 
 48.375, -123.51, 31.5, 2012-09-18 23:55:00, 0.0, None 
 48.175, -123.73, 34.0, 2012-09-19 00:07:30, 0.0, None 
 48.25, -123.79, 37.0, 2012-09-19 00:10:00, 0.0, None 
 47.99, -123.78, 29.0, 2012-09-19 00:12:30, 0.0, None 
 47.93, -123.59, 26.0, 2012-09-19 00:15:00, 0.0, None 
 48.315, -123.59, 20.0, 2012-09-19 00:17:30, 0.0, None 
 48.325, -123.56, 20.0, 2012-09-19 00:20:00, 0.0, None 
 48.34, -123.505, 30.2, 2012-09-19 00:22:30, 0.0, None 
 48.4, -123.58200000000001, 57.5, 2012-09-19 00:25:00, 0.0, None 
 48.385, -123.493, 35.2, 2012-09-19 00:27:30, 0.0, None 
 48.42, -123.49, 20.0, 2012-09-19 00:30:00, 0.0, None 
 48.455, -123.37700000000001, 54.5, 2012-09-19 00:32:30, 0.0, None 
 48.31, -123.18, 50.0, 2012-09-19 00:40:00, 0.0, None 
 48.26, -123.5, 31.2, 2012-09-19 00:42:30, 0.0, None 
 48.425, -123.63799999999999, 28.0, 2012-09-19 00:45:00, 0.0, None 
 48.405, -123.28, 37.0, 2012-09-19 00:55:00, 0.0, None 
 48.375, -123.485, 22.2, 2012-09-19 01:05:00, 0.0, None 
 48.39, -123.35, 20.0, 2012-09-19 01:07:30, 0.0, None 
 48.38, -123.31, 20.0, 2012-09-19 01:10:00, 0.0, None 
 48.453, -123.37, 42.5, 2012-09-19 01:12:30, 0.0, None 
 48.235, -123.67, 30.0, 2012-09-19 01:15:00, 0.0, None 
 48.19, -123.44, 21.2, 2012-09-19 01:17:30, 0.0, None 
 48.178000000000004, -123.475, 20.0, 2012-09-19 01:20:00, 0.0, None 
 48.263000000000005, -123.447, 45.0, 2012-09-19 01:22:30, 0.0, None 
 48.287, -123.5, 33.0, 2012-09-19 01:25:00, 0.0, None 
 48.35, -123.45, 41.5, 2012-09-19 01:27:30, 0.0, None 
 48.35, -123.385, 30.0, 2012-09-19 01:30:00, 0.0, None 
 48.343, -123.50200000000001, 37.8, 2012-09-19 01:32:30, 0.0, None 
 48.35, -123.48, 34.5, 2012-09-19 01:35:00, 0.0, None 
 48.34, -123.56, 42.0, 2012-09-19 01:37:30, 0.0, None 
 48.295, -123.382, 60.0, 2012-09-19 01:40:00, 0.0, None 
 48.29, -123.345, 24.5, 2012-09-19 01:42:30, 0.0, None 
 48.4, -123.66, 48.5, 2012-09-19 01:45:00, 0.0, None 
 48.2, -123.46, 60.0, 2012-09-19 01:45:00, 0.0, None 
 48.3, -123.565, 20.0, 2012-09-19 01:47:30, 0.0, None 
 48.23, -123.62, 20.5, 2012-09-19 01:50:00, 0.0, None 
 48.27, -123.665, 23.0, 2012-09-19 01:52:30, 0.0, None 
 48.28, -123.69200000000001, 24.0, 2012-09-19 01:55:00, 0.0, None 
 48.361999999999995, -123.70700000000001, 43.0, 2012-09-19 01:57:30, 0.0, None 
 48.465, -123.535, 20.0, 2012-09-19 02:00:00, 0.0, None 
 48.465, -123.54, 36.5, 2012-09-19 02:02:30, 0.0, None 
 48.5, -123.45299999999999, 60.0, 2012-09-19 02:05:00, 0.0, None 
 48.45, -123.59, 30.5, 2012-09-19 02:07:30, 0.0, None 
 48.49, -123.53, 30.0, 2012-09-19 02:10:00, 0.0, None 
 48.4, -123.53200000000001, 54.5, 2012-09-19 02:12:30, 0.0, None 
 48.365, -123.645, 26.2, 2012-09-19 02:15:00, 0.0, None 
 48.355, -123.662, 20.0, 2012-09-19 02:17:30, 0.0, None 
 48.25, -123.595, 34.0, 2012-09-19 02:20:00, 0.0, None 
 48.347, -123.59299999999999, 20.0, 2012-09-19 02:22:30, 0.0, None 
 48.388000000000005, -123.59700000000001, 20.0, 2012-09-19 02:25:00, 0.0, None 
 48.225, -123.44, 47.5, 2012-09-19 02:32:30, 0.0, None 
 48.62, -123.62, 29.5, 2012-09-19 02:35:00, 0.0, None 
 48.09, -123.585, 43.0, 2012-09-19 02:35:00, 0.0, None 
 48.22, -123.765, 20.0, 2012-09-19 02:40:00, 0.0, None 
 48.195, -123.66, 20.0, 2012-09-19 02:42:30, 0.0, None 
 48.287, -123.67200000000001, 20.0, 2012-09-19 02:45:00, 0.0, None 
 48.32, -123.69, 26.5, 2012-09-19 02:47:30, 0.0, None 
 48.203, -123.625, 22.5, 2012-09-19 02:50:00, 0.0, None 
 48.31, -123.68, 24.0, 2012-09-19 02:52:30, 0.0, None 
 48.312, -123.73, 36.5, 2012-09-19 02:55:00, 0.0, None 
 48.39, -123.87, 26.0, 2012-09-19 02:57:30, 0.0, None 
 48.49, -123.61, 21.0, 2012-09-19 03:00:00, 0.0, None 
 48.43, -123.67, 21.0, 2012-09-19 03:05:00, 0.0, None 
 48.343, -123.743, 22.5, 2012-09-19 03:07:30, 0.0, None 
 48.353, -123.75, 22.0, 2012-09-19 03:10:00, 0.0, None 
 48.405, -123.67, 30.0, 2012-09-19 03:12:30, 0.0, None 
 48.475, -123.697, 29.5, 2012-09-19 03:15:00, 0.0, None 
 48.425, -123.695, 20.5, 2012-09-19 03:17:30, 0.0, None 
 48.335, -123.695, 23.8, 2012-09-19 03:20:00, 0.0, None 
 48.323, -123.69, 28.0, 2012-09-19 03:22:30, 0.0, None 
 48.37, -123.75200000000001, 25.2, 2012-09-19 03:25:00, 0.0, None 
 48.343, -123.738, 22.5, 2012-09-19 03:27:30, 0.0, None 
 48.24, -123.78, 20.0, 2012-09-19 03:30:00, 0.0, None 
 48.448, -123.662, 23.5, 2012-09-19 03:32:30, 0.0, None 
 48.41, -123.655, 29.5, 2012-09-19 03:35:00, 0.0, None 
 48.075, -123.5, 31.0, 2012-09-19 03:37:30, 0.0, None 
 48.203, -123.525, 42.8, 2012-09-19 03:40:00, 0.0, None 
 48.57, -123.595, 20.0, 2012-09-19 03:42:30, 0.0, None 
 48.3, -123.51, 20.0, 2012-09-19 03:42:30, 0.0, None 
 48.6, -123.6, 20.0, 2012-09-19 03:45:00, 0.0, None 
 48.405, -123.465, 40.0, 2012-09-19 03:52:30, 0.0, None 
 48.355, -123.665, 60.0, 2012-09-19 04:00:00, 0.0, None 
 48.43, -123.18, 31.0, 2012-09-19 04:07:30, 0.0, None 
 48.4, -123.19, 31.0, 2012-09-19 04:10:00, 0.0, None 
 48.38, -123.23, 38.5, 2012-09-19 04:12:30, 0.0, None 
 48.36, -123.285, 35.5, 2012-09-19 04:15:00, 0.0, None 
 48.5, -123.4, 45.0, 2012-09-19 04:17:30, 0.0, None 
 48.285, -123.81, 20.0, 2012-09-19 04:37:30, 0.0, None 
 48.3, -123.825, 22.0, 2012-09-19 04:40:00, 0.0, None 
 48.27, -123.7, 44.0, 2012-09-19 04:42:30, 0.0, None 
 48.4, -123.88, 20.0, 2012-09-19 04:55:00, 0.0, None 
 48.285, -123.74, 28.0, 2012-09-19 05:00:00, 0.0, None 
 48.295, -123.785, 20.0, 2012-09-19 05:02:30, 0.0, None 
 47.92, -123.61, 28.0, 2012-09-19 05:15:00, 0.0, None 
 48.2, -123.3, 25.0, 2012-09-19 05:20:00, 0.0, None 
 48.29, -123.24, 20.0, 2012-09-19 05:45:00, 0.0, None 
 48.38, -123.17, 57.0, 2012-09-19 05:47:30, 0.0, None 
 48.14, -123.465, 48.5, 2012-09-19 05:57:30, 0.0, None 
 48.17, -123.53, 33.5, 2012-09-19 06:02:30, 0.0, None 
 48.02, -123.765, 60.0, 2012-09-19 06:05:00, 0.0, None 
 48.05, -123.585, 39.5, 2012-09-19 06:07:30, 0.0, None 
 48.07, -123.61, 34.0, 2012-09-19 06:10:00, 0.0, None 
 48.01, -123.835, 20.0, 2012-09-19 06:12:30, 0.0, None 
 48.155, -123.355, 20.0, 2012-09-19 06:27:30, 0.0, None 
 48.2, -123.42, 23.0, 2012-09-19 06:32:30, 0.0, None 
 48.145, -123.43, 27.0, 2012-09-19 06:35:00, 0.0, None 
 48.102, -123.61200000000001, 42.8, 2012-09-19 06:37:30, 0.0, None 
 48.177, -123.57799999999999, 47.0, 2012-09-19 06:40:00, 0.0, None 
 48.195, -123.40700000000001, 41.0, 2012-09-19 06:42:30, 0.0, None 
 48.22, -123.395, 20.0, 2012-09-19 06:45:00, 0.0, None 
 48.21, -123.36200000000001, 24.8, 2012-09-19 06:47:30, 0.0, None 
 48.19, -123.78, 36.0, 2012-09-19 06:50:00, 0.0, None 
 48.213, -123.49, 20.8, 2012-09-19 06:52:30, 0.0, None 
 48.222, -123.45700000000001, 20.0, 2012-09-19 06:55:00, 0.0, None 
 48.025, -123.63, 60.0, 2012-09-19 06:57:30, 0.0, None 
 48.185, -123.485, 23.2, 2012-09-19 07:00:00, 0.0, None 
 48.222, -123.50200000000001, 35.2, 2012-09-19 07:02:30, 0.0, None 
 48.205, -123.495, 26.2, 2012-09-19 07:05:00, 0.0, None 
 48.188, -123.49799999999999, 21.5, 2012-09-19 07:07:30, 0.0, None 
 48.215, -123.40299999999999, 32.2, 2012-09-19 07:12:30, 0.0, None 
 48.2, -123.33, 34.5, 2012-09-19 07:15:00, 0.0, None 
 48.18, -123.385, 26.5, 2012-09-19 07:17:30, 0.0, None 
 48.14, -123.53, 20.0, 2012-09-19 07:20:00, 0.0, None 
 48.2, -123.5, 58.0, 2012-09-19 07:22:30, 0.0, None 
 47.92, -123.46, 20.0, 2012-09-19 07:30:00, 0.0, None 
 48.19, -123.3, 60.0, 2012-09-19 07:40:00, 0.0, None 
 48.155, -123.275, 23.0, 2012-09-19 07:42:30, 0.0, None 
 48.2, -123.315, 23.8, 2012-09-19 07:45:00, 0.0, None 
 48.22, -123.33, 33.0, 2012-09-19 07:47:30, 0.0, None 
 48.145, -123.46, 60.0, 2012-09-19 07:57:30, 0.0, None 
 47.93, -123.57, 24.0, 2012-09-19 08:00:00, 0.0, None 
 48.04, -123.555, 20.0, 2012-09-19 08:05:00, 0.0, None 
 48.095, -123.52, 25.5, 2012-09-19 08:07:30, 0.0, None 
 48.06, -123.45, 38.0, 2012-09-19 08:10:00, 0.0, None 
 48.133, -123.275, 35.8, 2012-09-19 08:17:30, 0.0, None 
 48.17, -123.3, 20.0, 2012-09-19 08:20:00, 0.0, None 
 48.135, -123.345, 26.0, 2012-09-19 08:22:30, 0.0, None 
 48.03, -123.49, 20.0, 2012-09-19 08:27:30, 0.0, None 
 48.2, -123.35, 20.0, 2012-09-19 08:30:00, 0.0, None 
 48.172, -123.352, 23.0, 2012-09-19 08:32:30, 0.0, None 
 48.126999999999995, -123.405, 39.0, 2012-09-19 08:35:00, 0.0, None 
 48.25, -123.41, 33.5, 2012-09-19 08:37:30, 0.0, None 
 48.21, -123.3, 30.0, 2012-09-19 08:40:00, 0.0, None 
 48.13, -123.6, 60.0, 2012-09-19 08:57:30, 0.0, None 
 48.082, -123.635, 32.5, 2012-09-19 09:00:00, 0.0, None 
 48.065, -123.63799999999999, 28.5, 2012-09-19 09:02:30, 0.0, None 
 48.05, -123.62, 25.5, 2012-09-19 09:05:00, 0.0, None 
 48.055, -123.655, 20.0, 2012-09-19 09:07:30, 0.0, None 
 47.88, -123.58, 41.0, 2012-09-19 09:10:00, 0.0, None 
 48.09, -123.7, 20.0, 2012-09-19 09:10:00, 0.0, None 
 48.141999999999996, -123.662, 25.5, 2012-09-19 09:12:30, 0.0, None 
 48.165, -123.605, 28.0, 2012-09-19 09:15:00, 0.0, None 
 48.115, -123.57, 30.8, 2012-09-19 09:17:30, 0.0, None 
 48.255, -123.61, 60.0, 2012-09-19 09:20:00, 0.0, None 
 48.27, -123.575, 20.0, 2012-09-19 09:22:30, 0.0, None 
 48.16, -123.49, 60.0, 2012-09-19 09:35:00, 0.0, None 
 48.15, -123.38, 27.0, 2012-09-19 09:37:30, 0.0, None 
 48.195, -123.395, 37.5, 2012-09-19 09:40:00, 0.0, None 
 48.22, -123.3, 28.5, 2012-09-19 09:45:00, 0.0, None 
 48.255, -123.33, 41.2, 2012-09-19 09:47:30, 0.0, None 
 48.19, -123.405, 20.0, 2012-09-19 09:50:00, 0.0, None 
 48.02, -123.58, 21.5, 2012-09-19 10:00:00, 0.0, None 
 48.03, -123.645, 20.0, 2012-09-19 10:02:30, 0.0, None 
 47.975, -123.625, 20.0, 2012-09-19 10:07:30, 0.0, None 
 47.97, -123.57, 20.0, 2012-09-19 10:10:00, 0.0, None 
 48.09, -123.36, 47.0, 2012-09-19 10:12:30, 0.0, None 
 48.14, -123.34, 33.0, 2012-09-19 10:15:00, 0.0, None 
 48.205, -123.3, 22.0, 2012-09-19 10:17:30, 0.0, None 
 48.23, -123.31, 40.0, 2012-09-19 10:20:00, 0.0, None 
 48.3, -123.2, 37.0, 2012-09-19 10:25:00, 0.0, None 
 48.295, -123.20700000000001, 30.8, 2012-09-19 10:27:30, 0.0, None 
 48.135, -123.485, 20.0, 2012-09-19 11:12:30, 0.0, None 
 48.11, -123.6, 20.0, 2012-09-19 11:15:00, 0.0, None 
 48.125, -123.585, 39.5, 2012-09-19 11:17:30, 0.0, None 
 48.105, -123.54, 45.0, 2012-09-19 11:20:00, 0.0, None 
 48.18, -123.79, 60.0, 2012-09-19 11:22:30, 0.0, None 
 48.1, -123.23, 51.0, 2012-09-19 11:25:00, 0.0, None 
 48.21, -123.56700000000001, 28.5, 2012-09-19 11:27:30, 0.0, None 
 48.14, -123.602, 39.8, 2012-09-19 11:30:00, 0.0, None 
 48.08, -123.53, 38.0, 2012-09-19 11:32:30, 0.0, None 
 48.21, -123.45299999999999, 38.2, 2012-09-19 11:35:00, 0.0, None 
 48.25, -123.44200000000001, 38.8, 2012-09-19 11:37:30, 0.0, None 
 48.16, -123.63, 49.0, 2012-09-19 11:40:00, 0.0, None 
 48.125, -123.525, 38.8, 2012-09-19 11:42:30, 0.0, None 
 48.078, -123.515, 37.5, 2012-09-19 11:45:00, 0.0, None 
 48.2, -123.62, 20.0, 2012-09-19 11:47:30, 0.0, None 
 48.185, -123.58, 25.2, 2012-09-19 11:50:00, 0.0, None 
 48.145, -123.62, 20.0, 2012-09-19 11:52:30, 0.0, None 
 48.162, -123.665, 20.0, 2012-09-19 11:55:00, 0.0, None 
 48.193000000000005, -123.685, 28.5, 2012-09-19 11:57:30, 0.0, None 
 48.25, -123.73, 60.0, 2012-09-19 12:00:00, 0.0, None 
 48.233000000000004, -123.58, 24.8, 2012-09-19 12:02:30, 0.0, None 
 48.22, -123.575, 21.2, 2012-09-19 12:05:00, 0.0, None 
 48.275, -123.51799999999999, 40.0, 2012-09-19 12:07:30, 0.0, None 
 48.255, -123.50200000000001, 30.2, 2012-09-19 12:10:00, 0.0, None 
 48.22, -123.51700000000001, 25.5, 2012-09-19 12:12:30, 0.0, None 
 48.255, -123.47200000000001, 45.8, 2012-09-19 12:15:00, 0.0, None 
 48.225, -123.515, 40.0, 2012-09-19 12:17:30, 0.0, None 
 48.19, -123.57, 35.2, 2012-09-19 12:20:00, 0.0, None 
 48.195, -123.632, 20.0, 2012-09-19 12:22:30, 0.0, None 
 48.19, -123.64, 22.5, 2012-09-19 12:25:00, 0.0, None 
 48.19, -123.645, 20.0, 2012-09-19 12:27:30, 0.0, None 
 48.297, -123.59700000000001, 44.5, 2012-09-19 12:30:00, 0.0, None 
 48.23, -123.385, 47.8, 2012-09-19 12:35:00, 0.0, None 
 48.28, -123.56, 31.0, 2012-09-19 12:37:30, 0.0, None 
 48.265, -123.465, 37.8, 2012-09-19 12:40:00, 0.0, None 
 48.305, -123.60799999999999, 24.8, 2012-09-19 12:42:30, 0.0, None 
 48.21, -123.4, 20.0, 2012-09-19 12:45:00, 0.0, None 
 48.185, -123.34, 25.0, 2012-09-19 12:47:30, 0.0, None 
 48.29, -123.23, 53.0, 2012-09-19 13:02:30, 0.0, None 
 48.26, -123.71, 46.5, 2012-09-19 13:05:00, 0.0, None 
 48.195, -123.69200000000001, 24.8, 2012-09-19 13:07:30, 0.0, None 
 48.2, -123.68, 31.0, 2012-09-19 13:10:00, 0.0, None 
 48.22, -123.61, 34.0, 2012-09-19 13:12:30, 0.0, None 
 48.15, -123.64, 32.8, 2012-09-19 13:15:00, 0.0, None 
 48.205, -123.65299999999999, 24.2, 2012-09-19 13:17:30, 0.0, None 
 48.2, -123.36, 44.5, 2012-09-19 13:20:00, 0.0, None 
 48.233000000000004, -123.64, 42.5, 2012-09-19 13:22:30, 0.0, None 
 48.29, -123.87, 60.0, 2012-09-19 13:25:00, 0.0, None 
 48.255, -123.72, 33.8, 2012-09-19 13:27:30, 0.0, None 
 48.198, -123.365, 41.0, 2012-09-19 13:30:00, 0.0, None 
 48.26, -123.26, 31.0, 2012-09-19 13:32:30, 0.0, None 
 48.165, -123.398, 42.5, 2012-09-19 13:35:00, 0.0, None 
 48.28, -123.37700000000001, 28.2, 2012-09-19 13:37:30, 0.0, None 
 48.278, -123.37700000000001, 20.5, 2012-09-19 13:40:00, 0.0, None 
 48.265, -123.465, 24.0, 2012-09-19 13:42:30, 0.0, None 
 48.28, -123.49, 30.0, 2012-09-19 13:45:00, 0.0, None 
 48.3, -123.648, 50.5, 2012-09-19 13:47:30, 0.0, None 
 48.29, -123.635, 50.0, 2012-09-19 13:50:00, 0.0, None 
 48.22, -123.55, 27.0, 2012-09-19 13:52:30, 0.0, None 
 48.21, -123.57, 26.0, 2012-09-19 13:55:00, 0.0, None 
 48.185, -123.74, 38.0, 2012-09-19 14:00:00, 0.0, None 
 48.09, -123.65, 24.0, 2012-09-19 14:02:30, 0.0, None 
 47.995, -123.6, 23.5, 2012-09-19 14:05:00, 0.0, None 
 48.135, -123.595, 21.0, 2012-09-19 14:07:30, 0.0, None 
 48.14, -123.515, 60.0, 2012-09-19 14:10:00, 0.0, None 
 48.265, -123.5, 60.0, 2012-09-19 14:12:30, 0.0, None 
 48.26, -123.775, 60.0, 2012-09-19 14:15:00, 0.0, None 
 48.25, -123.8, 50.0, 2012-09-19 14:17:30, 0.0, None 
 48.18, -123.4, 38.0, 2012-09-19 14:20:00, 0.0, None 
 48.305, -123.59, 20.0, 2012-09-19 14:22:30, 0.0, None 
 48.12, -123.6, 26.0, 2012-09-19 14:25:00, 0.0, None 
 48.19, -123.66, 20.0, 2012-09-19 14:27:30, 0.0, None 
 48.22, -123.82, 23.0, 2012-09-19 14:30:00, 0.0, None 
 48.245, -123.665, 31.0, 2012-09-19 14:32:30, 0.0, None 
 48.18, -123.68, 49.0, 2012-09-19 14:35:00, 0.0, None 
 48.37, -123.47, 40.0, 2012-09-19 14:52:30, 0.0, None 
 48.13, -123.315, 22.0, 2012-09-19 15:07:30, 0.0, None 
 48.375, -123.21, 20.0, 2012-09-19 15:32:30, 0.0, None 
 48.29, -123.21, 25.0, 2012-09-19 15:35:00, 0.0, None 
 48.28, -123.16, 20.0, 2012-09-19 15:37:30, 0.0, None 
 48.24, -123.28, 20.0, 2012-09-19 15:52:30, 0.0, None 
 48.21, -123.27, 53.0, 2012-09-19 15:57:30, 0.0, None 
 48.2, -123.33, 47.0, 2012-09-19 16:00:00, 0.0, None 
 48.19, -123.31, 20.0, 2012-09-19 16:02:30, 0.0, None 
 48.18, -123.42, 20.0, 2012-09-19 16:10:00, 0.0, None 
 48.18, -123.41, 20.0, 2012-09-19 16:12:30, 0.0, None 
 48.215, -123.45, 21.0, 2012-09-19 16:15:00, 0.0, None 
 48.225, -123.5, 20.5, 2012-09-19 16:25:00, 0.0, None 
 48.21, -123.485, 24.2, 2012-09-19 16:27:30, 0.0, None 
 48.14, -123.58, 20.0, 2012-09-19 16:32:30, 0.0, None 
 48.105, -123.58200000000001, 22.5, 2012-09-19 16:35:00, 0.0, None 
 48.155, -123.625, 21.0, 2012-09-19 16:37:30, 0.0, None 
 48.34, -123.52, 20.0, 2012-09-19 17:25:00, 0.0, None 
 48.18, -123.82, 28.0, 2012-09-19 17:50:00, 0.0, None 
 48.25, -123.67, 57.0, 2012-09-19 18:30:00, 0.0, None 
 48.19, -123.39, 31.0, 2012-09-19 18:35:00, 0.0, None 
 48.2, -123.42, 31.5, 2012-09-19 18:37:30, 0.0, None 
 48.19, -123.31, 44.0, 2012-09-19 18:40:00, 0.0, None 
 48.02, -123.7, 28.0, 2012-09-19 19:05:00, 0.0, None 
 48.065, -123.61, 20.0, 2012-09-19 20:20:00, 0.0, None 
 48.11, -123.475, 31.0, 2012-09-19 20:22:30, 0.0, None 
 48.19, -123.38, 20.0, 2012-09-19 21:25:00, 0.0, None 
 47.99, -123.49, 20.0, 2012-09-19 22:10:00, 0.0, None 
 48.22, -123.86, 30.0, 2012-09-19 22:20:00, 0.0, None 
 48.07, -123.6, 47.5, 2012-09-19 22:25:00, 0.0, None 
 48.16, -123.69, 20.0, 2012-09-19 22:35:00, 0.0, None 
 48.12, -123.78, 46.0, 2012-09-19 22:37:30, 0.0, None 
 48.12, -123.73, 20.0, 2012-09-19 22:45:00, 0.0, None 
 48.185, -123.62, 25.0, 2012-09-19 22:47:30, 0.0, None 
 48.03, -123.7, 20.0, 2012-09-19 22:50:00, 0.0, None 
 48.09, -123.695, 23.0, 2012-09-19 22:52:30, 0.0, None 
 48.17, -123.64, 22.5, 2012-09-19 23:00:00, 0.0, None 
 48.15, -123.64, 20.0, 2012-09-19 23:02:30, 0.0, None 
 48.105, -123.565, 43.0, 2012-09-19 23:10:00, 0.0, None 
 48.16, -123.625, 47.5, 2012-09-19 23:12:30, 0.0, None 
 48.13, -123.6, 46.0, 2012-09-19 23:15:00, 0.0, None 
 48.15, -123.602, 31.0, 2012-09-19 23:17:30, 0.0, None 
 48.14, -123.605, 31.5, 2012-09-19 23:20:00, 0.0, None 
 48.105, -123.565, 29.5, 2012-09-19 23:22:30, 0.0, None 
 48.093, -123.475, 38.0, 2012-09-19 23:25:00, 0.0, None 
 48.1, -123.47, 33.0, 2012-09-19 23:30:00, 0.0, None 
 48.108000000000004, -123.405, 23.8, 2012-09-19 23:35:00, 0.0, None 
 48.18, -123.387, 33.0, 2012-09-19 23:37:30, 0.0, None 
 48.15, -123.39, 60.0, 2012-09-19 23:40:00, 0.0, None 
 48.2, -123.48, 30.2, 2012-09-19 23:42:30, 0.0, None 
 48.195, -123.43, 28.0, 2012-09-19 23:45:00, 0.0, None 
 48.22, -123.405, 28.5, 2012-09-19 23:47:30, 0.0, None 
 48.26, -123.45, 20.0, 2012-09-19 23:50:00, 0.0, None 
 48.265, -123.46799999999999, 24.2, 2012-09-19 23:52:30, 0.0, None 
 48.195, -123.375, 34.2, 2012-09-19 23:55:00, 0.0, None 
 48.095, -123.295, 30.0, 2012-09-20 00:00:00, 0.0, None 
 48.27, -123.43299999999999, 20.0, 2012-09-20 00:05:00, 0.0, None 
 48.265, -123.415, 20.0, 2012-09-20 00:07:30, 0.0, None 
 48.295, -123.41, 20.0, 2012-09-20 00:10:00, 0.0, None 
 48.3, -123.415, 20.2, 2012-09-20 00:12:30, 0.0, None 
 48.263000000000005, -123.368, 33.0, 2012-09-20 00:20:00, 0.0, None 
 48.16, -123.39, 20.0, 2012-09-20 00:22:30, 0.0, None 
 48.133, -123.40700000000001, 30.5, 2012-09-20 00:25:00, 0.0, None 
 48.51, -123.78, 60.0, 2012-09-20 00:32:30, 0.0, None 
 48.21, -123.465, 42.0, 2012-09-20 00:32:30, 0.0, None 
 47.99, -123.58, 60.0, 2012-09-20 00:37:30, 0.0, None 
 48.22, -123.725, 20.0, 2012-09-20 00:37:30, 0.0, None 
 48.17, -123.678, 31.0, 2012-09-20 00:40:00, 0.0, None 
 48.14, -123.64, 32.0, 2012-09-20 00:42:30, 0.0, None 
 48.157, -123.635, 20.0, 2012-09-20 00:45:00, 0.0, None 
 47.92, -123.53, 60.0, 2012-09-20 00:47:30, 0.0, None 
 48.19, -123.72, 20.0, 2012-09-20 00:47:30, 0.0, None 
 48.13, -123.63, 34.0, 2012-09-20 00:50:00, 0.0, None 
 48.15, -123.64200000000001, 33.0, 2012-09-20 00:52:30, 0.0, None 
 48.26, -123.31, 39.0, 2012-09-20 00:55:00, 0.0, None 
 48.52, -123.825, 60.0, 2012-09-20 00:57:30, 0.0, None 
 48.285, -123.35, 60.0, 2012-09-20 00:57:30, 0.0, None 
 48.12, -123.4, 23.0, 2012-09-20 01:05:00, 0.0, None 
 48.115, -123.345, 30.2, 2012-09-20 01:07:30, 0.0, None 
 48.175, -123.375, 20.0, 2012-09-20 01:10:00, 0.0, None 
 48.11, -123.39, 23.5, 2012-09-20 01:12:30, 0.0, None 
 48.09, -123.42, 20.0, 2012-09-20 01:15:00, 0.0, None 
 48.13, -123.68, 20.0, 2012-09-20 01:17:30, 0.0, None 
 48.095, -123.635, 23.5, 2012-09-20 01:20:00, 0.0, None 
 48.09, -123.69, 25.0, 2012-09-20 01:22:30, 0.0, None 
 48.105, -123.685, 33.5, 2012-09-20 01:25:00, 0.0, None 
 48.015, -123.73, 20.0, 2012-09-20 01:30:00, 0.0, None 
 48.05, -123.665, 20.0, 2012-09-20 01:32:30, 0.0, None 
 48.095, -123.605, 20.0, 2012-09-20 01:35:00, 0.0, None 
 48.17, -123.53, 20.0, 2012-09-20 01:37:30, 0.0, None 
 48.4, -123.21, 46.0, 2012-09-20 01:40:00, 0.0, None 
 48.005, -123.675, 20.0, 2012-09-20 01:42:30, 0.0, None 
 48.11, -123.675, 35.0, 2012-09-20 01:45:00, 0.0, None 
 48.155, -123.66, 23.5, 2012-09-20 01:47:30, 0.0, None 
 48.195, -123.61, 31.0, 2012-09-20 01:50:00, 0.0, None 
 48.31, -123.58, 20.0, 2012-09-20 01:55:00, 0.0, None 
 48.345, -123.405, 20.0, 2012-09-20 02:00:00, 0.0, None 
 48.27, -123.48, 20.0, 2012-09-20 02:05:00, 0.0, None 
 48.405, -123.55, 45.0, 2012-09-20 02:07:30, 0.0, None 
 48.285, -123.61, 35.5, 2012-09-20 02:10:00, 0.0, None 
 48.297, -123.545, 33.5, 2012-09-20 02:12:30, 0.0, None 
 48.293, -123.40299999999999, 21.0, 2012-09-20 02:15:00, 0.0, None 
 48.295, -123.415, 25.0, 2012-09-20 02:17:30, 0.0, None 
 48.21, -123.52799999999999, 23.0, 2012-09-20 02:20:00, 0.0, None 
 48.205, -123.45299999999999, 42.0, 2012-09-20 02:22:30, 0.0, None 
 48.195, -123.678, 20.0, 2012-09-20 02:25:00, 0.0, None 
 48.195, -123.665, 20.0, 2012-09-20 02:27:30, 0.0, None 
 48.22, -123.65, 32.0, 2012-09-20 02:30:00, 0.0, None 
 48.035, -123.715, 25.0, 2012-09-20 02:32:30, 0.0, None 
 47.96, -123.5, 60.0, 2012-09-20 02:37:30, 0.0, None 
 48.31, -123.61, 32.0, 2012-09-20 02:37:30, 0.0, None 
 48.028, -123.69, 44.5, 2012-09-20 02:40:00, 0.0, None 
 48.19, -123.57, 50.5, 2012-09-20 02:55:00, 0.0, None 
 48.28, -123.55, 60.0, 2012-09-20 02:57:30, 0.0, None 
 48.33, -123.615, 20.0, 2012-09-20 03:00:00, 0.0, None 
 48.325, -123.62, 20.0, 2012-09-20 03:02:30, 0.0, None 
 48.305, -123.62, 20.0, 2012-09-20 03:05:00, 0.0, None 
 48.317, -123.60799999999999, 20.0, 2012-09-20 03:07:30, 0.0, None 
 48.305, -123.61, 20.0, 2012-09-20 03:10:00, 0.0, None 
 48.37, -123.285, 50.0, 2012-09-20 03:12:30, 0.0, None 
 48.355, -123.51, 43.5, 2012-09-20 03:15:00, 0.0, None 
 48.375, -123.56700000000001, 20.0, 2012-09-20 03:17:30, 0.0, None 
 48.385, -123.595, 31.2, 2012-09-20 03:20:00, 0.0, None 
 48.37, -123.565, 30.0, 2012-09-20 03:22:30, 0.0, None 
 48.328, -123.62, 20.0, 2012-09-20 03:25:00, 0.0, None 
 48.245, -123.545, 31.2, 2012-09-20 03:27:30, 0.0, None 
 48.228, -123.50200000000001, 22.5, 2012-09-20 03:30:00, 0.0, None 
 48.18, -123.43, 34.8, 2012-09-20 03:32:30, 0.0, None 
 48.1, -123.475, 30.0, 2012-09-20 03:35:00, 0.0, None 
 48.095, -123.428, 28.0, 2012-09-20 03:37:30, 0.0, None 
 48.086999999999996, -123.425, 50.0, 2012-09-20 03:40:00, 0.0, None 
 48.11, -123.51, 60.0, 2012-09-20 03:42:30, 0.0, None 
 48.18, -123.42, 24.0, 2012-09-20 03:45:00, 0.0, None 
 48.175, -123.45, 54.5, 2012-09-20 03:47:30, 0.0, None 
 48.095, -123.445, 32.5, 2012-09-20 03:50:00, 0.0, None 
 48.04, -123.48, 20.0, 2012-09-20 03:52:30, 0.0, None 
 48.095, -123.51, 60.0, 2012-09-20 03:57:30, 0.0, None 
 48.153, -123.455, 28.2, 2012-09-20 04:00:00, 0.0, None 
 48.177, -123.405, 37.8, 2012-09-20 04:02:30, 0.0, None 
 48.195, -123.39200000000001, 40.0, 2012-09-20 04:05:00, 0.0, None 
 48.175, -123.735, 60.0, 2012-09-20 04:10:00, 0.0, None 
 48.2, -123.335, 53.5, 2012-09-20 04:12:30, 0.0, None 
 48.32, -123.18, 20.0, 2012-09-20 04:15:00, 0.0, None 
 48.11, -123.37, 60.0, 2012-09-20 04:15:00, 0.0, None 
 48.29, -123.365, 21.5, 2012-09-20 04:17:30, 0.0, None 
 48.345, -123.32, 50.0, 2012-09-20 04:20:00, 0.0, None 
 48.42, -123.36, 29.0, 2012-09-20 04:22:30, 0.0, None 
 48.22, -123.245, 34.5, 2012-09-20 04:25:00, 0.0, None 
 48.215, -123.19, 45.8, 2012-09-20 04:27:30, 0.0, None 
 48.3, -123.43, 20.0, 2012-09-20 04:30:00, 0.0, None 
 48.275, -123.61200000000001, 24.0, 2012-09-20 04:32:30, 0.0, None 
 48.385, -123.235, 44.5, 2012-09-20 04:35:00, 0.0, None 
 48.39, -123.265, 40.5, 2012-09-20 04:37:30, 0.0, None 
 48.035, -123.58, 50.0, 2012-09-20 04:40:00, 0.0, None 
 48.175, -123.495, 48.5, 2012-09-20 04:42:30, 0.0, None 
 48.293, -123.385, 39.5, 2012-09-20 04:47:30, 0.0, None 
 48.218, -123.40700000000001, 41.0, 2012-09-20 04:50:00, 0.0, None 
 48.05, -123.4, 24.0, 2012-09-20 04:52:30, 0.0, None 
 48.16, -123.3, 36.0, 2012-09-20 04:55:00, 0.0, None 
 48.32, -123.6, 60.0, 2012-09-20 04:55:00, 0.0, None 
 48.12, -123.37, 58.5, 2012-09-20 04:57:30, 0.0, None 
 48.19, -123.39, 44.0, 2012-09-20 05:00:00, 0.0, None 
 47.94, -123.69, 20.0, 2012-09-20 05:05:00, 0.0, None 
 48.045, -123.56, 29.0, 2012-09-20 05:07:30, 0.0, None 
 48.03, -123.57, 26.5, 2012-09-20 05:10:00, 0.0, None 
 48.02, -123.56, 27.0, 2012-09-20 05:12:30, 0.0, None 
 48.03, -123.47, 31.0, 2012-09-20 05:15:00, 0.0, None 
 48.11, -123.41, 45.5, 2012-09-20 05:17:30, 0.0, None 
 48.19, -123.4, 43.5, 2012-09-20 05:20:00, 0.0, None 
 48.37, -123.18, 60.0, 2012-09-20 05:20:00, 0.0, None 
 48.01, -123.26, 50.0, 2012-09-20 05:22:30, 0.0, None 
 48.36, -123.215, 60.0, 2012-09-20 05:22:30, 0.0, None 
 48.01, -123.49, 20.0, 2012-09-20 05:25:00, 0.0, None 
 48.23, -123.315, 27.0, 2012-09-20 05:27:30, 0.0, None 
 47.986999999999995, -123.31200000000001, 35.0, 2012-09-20 05:30:00, 0.0, None 
 48.258, -123.535, 51.5, 2012-09-20 05:32:30, 0.0, None 
 48.34, -123.45, 20.0, 2012-09-20 05:35:00, 0.0, None 
 48.405, -123.295, 23.5, 2012-09-20 05:37:30, 0.0, None 
 48.395, -123.382, 27.8, 2012-09-20 05:40:00, 0.0, None 
 48.415, -123.18, 43.8, 2012-09-20 05:42:30, 0.0, None 
 48.345, -123.475, 44.5, 2012-09-20 05:45:00, 0.0, None 
 48.375, -123.43, 31.5, 2012-09-20 05:47:30, 0.0, None 
 48.39, -123.43, 33.5, 2012-09-20 05:50:00, 0.0, None 
 48.41, -123.27, 40.0, 2012-09-20 05:52:30, 0.0, None 
 48.39, -123.325, 25.0, 2012-09-20 05:55:00, 0.0, None 
 48.445, -123.3, 45.0, 2012-09-20 05:57:30, 0.0, None 
 48.04, -123.51, 20.0, 2012-09-20 06:00:00, 0.0, None 
 48.02, -123.47, 20.0, 2012-09-20 06:02:30, 0.0, None 
 48.062, -123.51, 60.0, 2012-09-20 06:05:00, 0.0, None 
 48.27, -123.62, 45.0, 2012-09-20 06:07:30, 0.0, None 
 48.36, -123.395, 45.5, 2012-09-20 06:10:00, 0.0, None 
 48.47, -123.27, 43.5, 2012-09-20 06:12:30, 0.0, None 
 48.195, -123.495, 44.0, 2012-09-20 06:12:30, 0.0, None 
 48.32, -123.33200000000001, 29.5, 2012-09-20 06:15:00, 0.0, None 
 48.36, -123.333, 24.2, 2012-09-20 06:17:30, 0.0, None 
 48.065, -123.475, 25.0, 2012-09-20 06:20:00, 0.0, None 
 48.415, -123.26, 26.0, 2012-09-20 06:22:30, 0.0, None 
 48.365, -123.34700000000001, 30.0, 2012-09-20 06:25:00, 0.0, None 
 48.385, -123.255, 25.0, 2012-09-20 06:27:30, 0.0, None 
 48.12, -123.32, 35.5, 2012-09-20 06:30:00, 0.0, None 
 48.135, -123.31, 52.0, 2012-09-20 06:32:30, 0.0, None 
 48.075, -123.41, 46.0, 2012-09-20 06:35:00, 0.0, None 
 48.025, -123.535, 25.2, 2012-09-20 06:37:30, 0.0, None 
 48.01, -123.57, 20.0, 2012-09-20 06:40:00, 0.0, None 
 48.37, -123.305, 47.0, 2012-09-20 06:42:30, 0.0, None 
 48.35, -123.36, 28.5, 2012-09-20 06:45:00, 0.0, None 
 48.38, -123.21, 46.0, 2012-09-20 06:50:00, 0.0, None 
 48.005, -123.67, 20.0, 2012-09-20 06:50:00, 0.0, None 
 48.105, -123.37, 59.0, 2012-09-20 06:55:00, 0.0, None 
 48.45, -123.8, 60.0, 2012-09-20 06:57:30, 0.0, None 
 48.085, -123.475, 60.0, 2012-09-20 06:57:30, 0.0, None 
 48.4, -123.13, 35.0, 2012-09-20 07:00:00, 0.0, None 
 48.175, -123.59, 42.0, 2012-09-20 07:00:00, 0.0, None 
 48.04, -123.49, 25.5, 2012-09-20 07:07:30, 0.0, None 
 48.055, -123.345, 40.5, 2012-09-20 07:10:00, 0.0, None 
 48.11, -123.37700000000001, 33.5, 2012-09-20 07:12:30, 0.0, None 
 48.073, -123.495, 48.5, 2012-09-20 07:15:00, 0.0, None 
 47.965, -123.415, 32.8, 2012-09-20 07:17:30, 0.0, None 
 47.995, -123.435, 31.8, 2012-09-20 07:20:00, 0.0, None 
 48.17, -123.27, 49.0, 2012-09-20 07:22:30, 0.0, None 
 48.01, -123.61, 23.0, 2012-09-20 07:25:00, 0.0, None 
 48.04, -123.5, 25.8, 2012-09-20 07:27:30, 0.0, None 
 48.138000000000005, -123.54299999999999, 40.0, 2012-09-20 07:30:00, 0.0, None 
 48.005, -123.545, 32.0, 2012-09-20 07:32:30, 0.0, None 
 48.04, -123.66, 20.0, 2012-09-20 07:35:00, 0.0, None 
 48.12, -123.62, 27.0, 2012-09-20 07:37:30, 0.0, None 
 48.01, -123.62, 29.0, 2012-09-20 07:40:00, 0.0, None 
 48.065, -123.54, 32.2, 2012-09-20 07:42:30, 0.0, None 
 48.045, -123.795, 46.0, 2012-09-20 07:45:00, 0.0, None 
 48.2, -123.35, 40.0, 2012-09-20 07:50:00, 0.0, None 
 48.065, -123.275, 44.2, 2012-09-20 07:52:30, 0.0, None 
 48.082, -123.27799999999999, 44.2, 2012-09-20 07:55:00, 0.0, None 
 48.13, -123.435, 58.5, 2012-09-20 07:57:30, 0.0, None 
 48.282, -123.31, 24.2, 2012-09-20 08:00:00, 0.0, None 
 48.3, -123.29, 20.0, 2012-09-20 08:02:30, 0.0, None 
 48.22, -123.273, 29.5, 2012-09-20 08:05:00, 0.0, None 
 48.18, -123.295, 20.2, 2012-09-20 08:07:30, 0.0, None 
 48.26, -123.33, 50.0, 2012-09-20 08:10:00, 0.0, None 
 48.175, -123.305, 25.2, 2012-09-20 08:12:30, 0.0, None 
 48.125, -123.29, 60.0, 2012-09-20 08:15:00, 0.0, None 
 48.071999999999996, -123.275, 34.0, 2012-09-20 08:17:30, 0.0, None 
 48.141999999999996, -123.335, 44.8, 2012-09-20 08:20:00, 0.0, None 
 48.09, -123.41, 24.5, 2012-09-20 08:25:00, 0.0, None 
 48.26, -123.43, 51.0, 2012-09-20 08:27:30, 0.0, None 
 48.15, -123.385, 33.8, 2012-09-20 08:32:30, 0.0, None 
 48.165, -123.33, 46.0, 2012-09-20 08:35:00, 0.0, None 
 48.1, -123.48299999999999, 53.5, 2012-09-20 08:37:30, 0.0, None 
 48.145, -123.363, 39.5, 2012-09-20 08:40:00, 0.0, None 
 48.21, -123.44, 46.0, 2012-09-20 08:42:30, 0.0, None 
 48.375, -123.45, 40.0, 2012-09-20 08:45:00, 0.0, None 
 47.99, -123.26, 60.0, 2012-09-20 08:47:30, 0.0, None 
 48.19, -123.685, 56.5, 2012-09-20 08:47:30, 0.0, None 
 48.12, -123.68, 20.0, 2012-09-20 08:50:00, 0.0, None 
 48.075, -123.6, 26.8, 2012-09-20 08:52:30, 0.0, None 
 48.1, -123.65, 20.0, 2012-09-20 08:55:00, 0.0, None 
 48.13, -123.53, 50.0, 2012-09-20 08:57:30, 0.0, None 
 48.073, -123.44, 49.0, 2012-09-20 09:00:00, 0.0, None 
 48.11, -123.365, 34.8, 2012-09-20 09:02:30, 0.0, None 
 48.135, -123.32, 53.5, 2012-09-20 09:05:00, 0.0, None 
 48.22, -123.595, 26.0, 2012-09-20 09:07:30, 0.0, None 
 48.04, -123.65, 25.5, 2012-09-20 09:10:00, 0.0, None 
 48.043, -123.635, 25.0, 2012-09-20 09:12:30, 0.0, None 
 48.12, -123.305, 30.0, 2012-09-20 09:25:00, 0.0, None 
 48.09, -123.215, 32.2, 2012-09-20 09:27:30, 0.0, None 
 48.02, -123.47, 20.0, 2012-09-20 09:30:00, 0.0, None 
 48.105, -123.355, 31.0, 2012-09-20 09:32:30, 0.0, None 
 48.1, -123.55, 60.0, 2012-09-20 09:35:00, 0.0, None 
 47.925, -123.585, 27.0, 2012-09-20 09:37:30, 0.0, None 
 48.35, -123.23, 41.0, 2012-09-20 09:40:00, 0.0, None 
 48.023, -123.458, 35.0, 2012-09-20 09:42:30, 0.0, None 
 48.08, -123.405, 22.0, 2012-09-20 09:45:00, 0.0, None 
 47.6, -123.11, 32.5, 2012-09-20 09:47:30, 0.0, None 
 48.05, -123.52, 20.0, 2012-09-20 09:47:30, 0.0, None 
 48.08, -123.73, 28.0, 2012-09-20 09:52:30, 0.0, None 
 48.067, -123.43, 32.5, 2012-09-20 09:55:00, 0.0, None 
 48.088, -123.31700000000001, 43.5, 2012-09-20 09:57:30, 0.0, None 
 48.11, -123.37, 33.0, 2012-09-20 10:00:00, 0.0, None 
 48.12, -123.52, 41.0, 2012-09-20 10:02:30, 0.0, None 
 48.04, -123.64, 35.0, 2012-09-20 10:05:00, 0.0, None 
 48.02, -123.61, 31.0, 2012-09-20 10:07:30, 0.0, None 
 48.045, -123.58, 25.0, 2012-09-20 10:10:00, 0.0, None 
 47.91, -123.51, 20.0, 2012-09-20 10:20:00, 0.0, None 
 48.09, -123.25, 52.5, 2012-09-20 10:22:30, 0.0, None 
 48.015, -123.565, 20.5, 2012-09-20 10:30:00, 0.0, None 
 48.11, -123.56, 50.0, 2012-09-20 10:40:00, 0.0, None 
 48.05, -123.78, 60.0, 2012-09-20 11:02:30, 0.0, None 
 48.04, -123.625, 38.5, 2012-09-20 11:05:00, 0.0, None 
 47.93, -123.57, 51.0, 2012-09-20 11:10:00, 0.0, None 
 48.085, -123.63, 51.0, 2012-09-20 11:12:30, 0.0, None 
 48.0, -123.5, 35.0, 2012-09-20 11:15:00, 0.0, None 
 48.02, -123.375, 25.5, 2012-09-20 11:17:30, 0.0, None 
 48.07, -123.37, 27.0, 2012-09-20 11:20:00, 0.0, None 
 48.015, -123.53, 27.5, 2012-09-20 11:22:30, 0.0, None 
 48.01, -123.51299999999999, 31.2, 2012-09-20 11:25:00, 0.0, None 
 48.07, -123.53200000000001, 24.5, 2012-09-20 11:27:30, 0.0, None 
 48.07, -123.55, 23.5, 2012-09-20 11:30:00, 0.0, None 
 48.01, -123.57, 31.0, 2012-09-20 11:32:30, 0.0, None 
 47.88, -123.27, 32.0, 2012-09-20 11:35:00, 0.0, None 
 48.065, -123.57, 28.5, 2012-09-20 11:35:00, 0.0, None 
 48.08, -123.59, 20.0, 2012-09-20 11:42:30, 0.0, None 
 48.12, -123.49, 25.0, 2012-09-20 11:45:00, 0.0, None 
 48.09, -123.61, 30.5, 2012-09-20 11:47:30, 0.0, None 
 48.175, -123.62700000000001, 41.0, 2012-09-20 11:50:00, 0.0, None 
 47.88, -123.28, 60.0, 2012-09-20 11:52:30, 0.0, None 
 48.01, -123.58, 37.0, 2012-09-20 11:52:30, 0.0, None 
 48.085, -123.535, 51.5, 2012-09-20 11:55:00, 0.0, None 
 48.13, -123.42, 45.0, 2012-09-20 11:57:30, 0.0, None 
 48.11, -123.65, 20.0, 2012-09-20 12:00:00, 0.0, None 
 48.075, -123.68, 20.0, 2012-09-20 12:02:30, 0.0, None 
 48.075, -123.69, 20.0, 2012-09-20 12:05:00, 0.0, None 
 48.09, -123.75, 22.5, 2012-09-20 12:07:30, 0.0, None 
 48.055, -123.69200000000001, 25.5, 2012-09-20 12:10:00, 0.0, None 
 48.075, -123.68, 25.5, 2012-09-20 12:12:30, 0.0, None 
 48.09, -123.68, 20.0, 2012-09-20 12:15:00, 0.0, None 
 48.1, -123.44, 29.0, 2012-09-20 12:20:00, 0.0, None 
 48.02, -123.75, 43.5, 2012-09-20 12:22:30, 0.0, None 
 48.001999999999995, -123.57799999999999, 38.5, 2012-09-20 12:25:00, 0.0, None 
 48.08, -123.44200000000001, 52.8, 2012-09-20 12:27:30, 0.0, None 
 48.15, -123.292, 27.0, 2012-09-20 12:30:00, 0.0, None 
 48.1, -123.69, 36.5, 2012-09-20 12:32:30, 0.0, None 
 48.1, -123.63, 38.5, 2012-09-20 12:35:00, 0.0, None 
 48.1, -123.57, 54.0, 2012-09-20 12:37:30, 0.0, None 
 48.09, -123.45, 29.0, 2012-09-20 12:40:00, 0.0, None 
 48.025, -123.6, 26.5, 2012-09-20 12:45:00, 0.0, None 
 48.02, -123.535, 20.0, 2012-09-20 12:47:30, 0.0, None 
 48.04, -123.382, 38.8, 2012-09-20 12:50:00, 0.0, None 
 48.135, -123.338, 33.5, 2012-09-20 12:52:30, 0.0, None 
 48.192, -123.34, 25.2, 2012-09-20 12:55:00, 0.0, None 
 48.1, -123.46, 60.0, 2012-09-20 12:57:30, 0.0, None 
 48.14, -123.79, 34.0, 2012-09-20 13:00:00, 0.0, None 
 47.99, -123.17, 49.0, 2012-09-20 13:02:30, 0.0, None 
 48.18, -123.54, 33.5, 2012-09-20 13:02:30, 0.0, None 
 48.01, -123.31, 47.0, 2012-09-20 13:05:00, 0.0, None 
 48.245, -123.595, 37.5, 2012-09-20 13:05:00, 0.0, None 
 48.148, -123.445, 32.0, 2012-09-20 13:07:30, 0.0, None 
 48.23, -123.595, 20.0, 2012-09-20 13:10:00, 0.0, None 
 48.19, -123.7, 20.0, 2012-09-20 13:12:30, 0.0, None 
 47.94, -123.51, 22.0, 2012-09-20 13:17:30, 0.0, None 
 48.078, -123.64, 36.0, 2012-09-20 13:20:00, 0.0, None 
 48.165, -123.29, 30.0, 2012-09-20 13:25:00, 0.0, None 
 48.19, -123.28, 48.0, 2012-09-20 13:30:00, 0.0, None 
 48.19, -123.22, 25.0, 2012-09-20 13:35:00, 0.0, None 
 48.09, -123.72, 24.5, 2012-09-20 13:37:30, 0.0, None 
 48.19, -123.6, 60.0, 2012-09-20 13:57:30, 0.0, None 
 48.1, -123.73, 27.0, 2012-09-20 14:00:00, 0.0, None 
 48.11, -123.79, 29.5, 2012-09-20 14:02:30, 0.0, None 
 48.04, -123.34, 20.0, 2012-09-20 14:32:30, 0.0, None 
 48.12, -123.54, 20.0, 2012-09-20 14:50:00, 0.0, None 
 47.97, -123.62, 29.0, 2012-09-20 14:55:00, 0.0, None 
 47.96, -123.52, 60.0, 2012-09-20 15:07:30, 0.0, None 
 48.48, -123.21, 20.0, 2012-09-20 15:12:30, 0.0, None 
 48.25, -123.26, 32.8, 2012-09-20 15:17:30, 0.0, None 
 48.19, -123.32, 20.0, 2012-09-20 15:40:00, 0.0, None 
 48.26, -123.36, 33.0, 2012-09-20 15:42:30, 0.0, None 
 48.01, -123.47, 20.5, 2012-09-20 15:42:30, 0.0, None 
 47.98, -123.5, 20.0, 2012-09-20 15:45:00, 0.0, None 
 48.08, -123.39, 20.0, 2012-09-20 15:47:30, 0.0, None 
 48.1, -123.285, 38.5, 2012-09-20 15:50:00, 0.0, None 
 48.165, -123.29, 33.5, 2012-09-20 15:52:30, 0.0, None 
 48.125, -123.4, 41.0, 2012-09-20 15:55:00, 0.0, None 
 47.96, -123.31, 32.0, 2012-09-20 16:00:00, 0.0, None 
 48.19, -123.28, 39.0, 2012-09-20 16:00:00, 0.0, None 
 48.21, -123.3, 29.5, 2012-09-20 16:02:30, 0.0, None 
 48.21, -123.33, 22.0, 2012-09-20 16:05:00, 0.0, None 
 48.22, -123.18, 60.0, 2012-09-20 16:20:00, 0.0, None 
 48.09, -123.42, 26.0, 2012-09-20 16:25:00, 0.0, None 
 48.17, -123.26, 20.0, 2012-09-20 16:27:30, 0.0, None 
 48.23, -123.215, 28.2, 2012-09-20 16:30:00, 0.0, None 
 48.37, -123.4, 33.0, 2012-09-20 16:32:30, 0.0, None 
 48.215, -123.39200000000001, 29.2, 2012-09-20 16:37:30, 0.0, None 
 48.265, -123.40299999999999, 20.5, 2012-09-20 16:40:00, 0.0, None 
 48.306999999999995, -123.42200000000001, 40.0, 2012-09-20 16:42:30, 0.0, None 
 48.31, -123.4, 60.0, 2012-09-20 16:45:00, 0.0, None 
 48.295, -123.45700000000001, 20.0, 2012-09-20 16:50:00, 0.0, None 
 48.32, -123.32, 20.0, 2012-09-20 17:12:30, 0.0, None 
 48.325, -123.32, 25.0, 2012-09-20 17:15:00, 0.0, None 
 48.3, -123.455, 32.0, 2012-09-20 17:20:00, 0.0, None 
 48.28, -123.435, 40.0, 2012-09-20 17:22:30, 0.0, None 
 48.28, -123.45, 25.8, 2012-09-20 17:25:00, 0.0, None 
 48.062, -123.62, 32.5, 2012-09-20 17:35:00, 0.0, None 
 48.108000000000004, -123.65, 30.5, 2012-09-20 17:37:30, 0.0, None 
 48.09, -123.53, 27.5, 2012-09-20 17:52:30, 0.0, None 
 48.01, -123.61, 20.0, 2012-09-20 17:55:00, 0.0, None 
 48.33, -123.58, 43.0, 2012-09-20 17:57:30, 0.0, None 
 48.12, -123.49, 39.0, 2012-09-20 18:02:30, 0.0, None 
 48.17, -123.44, 30.0, 2012-09-20 18:15:00, 0.0, None 
 47.8, -123.0, 60.0, 2012-09-20 18:17:30, 0.0, None 
 48.145, -123.55799999999999, 46.5, 2012-09-20 18:20:00, 0.0, None 
 48.183, -123.535, 40.0, 2012-09-20 18:22:30, 0.0, None 
 48.15, -123.31, 45.0, 2012-09-20 18:25:00, 0.0, None 
 48.19, -123.7, 32.5, 2012-09-20 18:27:30, 0.0, None 
 48.33, -123.54, 20.0, 2012-09-20 18:30:00, 0.0, None 
 48.19, -123.69, 22.0, 2012-09-20 18:32:30, 0.0, None 
 48.17, -123.63, 58.0, 2012-09-20 18:35:00, 0.0, None 
 48.05, -123.51, 20.0, 2012-09-20 19:42:30, 0.0, None 
 48.05, -123.235, 31.0, 2012-09-20 20:27:30, 0.0, None 
 48.05, -123.47, 20.0, 2012-09-20 21:32:30, 0.0, None 
 47.96, -123.51, 48.0, 2012-09-20 21:55:00, 0.0, None 
 48.1, -123.1, 45.0, 2012-09-20 23:02:30, 0.0, None 
 48.02, -123.49, 20.0, 2012-09-20 23:02:30, 0.0, None 
 48.11, -123.43799999999999, 20.0, 2012-09-20 23:05:00, 0.0, None 
 48.078, -123.255, 43.2, 2012-09-20 23:15:00, 0.0, None 
 48.067, -123.245, 44.8, 2012-09-20 23:17:30, 0.0, None 
 48.11, -123.265, 34.0, 2012-09-20 23:20:00, 0.0, None 
 48.055, -123.23700000000001, 52.0, 2012-09-20 23:22:30, 0.0, None 
 47.975, -123.38, 53.2, 2012-09-20 23:25:00, 0.0, None 
 48.075, -123.43, 24.5, 2012-09-20 23:27:30, 0.0, None 
 48.36, -123.33, 40.0, 2012-09-20 23:30:00, 0.0, None 
 48.05, -123.51, 20.0, 2012-09-20 23:30:00, 0.0, None 
 48.08, -123.39, 20.0, 2012-09-20 23:32:30, 0.0, None 
 48.12, -123.275, 28.0, 2012-09-20 23:35:00, 0.0, None 
 48.085, -123.58, 40.0, 2012-09-20 23:37:30, 0.0, None 
 48.25, -123.325, 40.0, 2012-09-20 23:45:00, 0.0, None 
 48.05, -123.40700000000001, 20.8, 2012-09-21 00:07:30, 0.0, None 
 48.04, -123.42, 22.5, 2012-09-21 00:10:00, 0.0, None 
 48.0, -123.37, 23.0, 2012-09-21 00:27:30, 0.0, None 
 48.01, -123.39, 20.0, 2012-09-21 00:30:00, 0.0, None 
 48.11, -123.71, 21.0, 2012-09-21 00:42:30, 0.0, None 
 47.975, -123.63, 20.0, 2012-09-21 00:52:30, 0.0, None 
 48.07, -123.36, 39.0, 2012-09-21 00:55:00, 0.0, None 
 46.58, -122.96, 40.0, 2012-09-21 01:05:00, 0.0, None 
 48.08, -123.6, 43.0, 2012-09-21 01:12:30, 0.0, None 
 48.14, -123.47, 33.5, 2012-09-21 01:15:00, 0.0, None 
 48.2, -123.64, 50.0, 2012-09-21 01:17:30, 0.0, None 
 47.94, -123.35, 42.5, 2012-09-21 01:20:00, 0.0, None 
 48.01, -123.38, 33.5, 2012-09-21 01:22:30, 0.0, None 
 48.21, -123.26, 29.0, 2012-09-21 01:27:30, 0.0, None 
 48.04, -123.22, 50.0, 2012-09-21 01:37:30, 0.0, None 
 48.02, -123.4, 32.0, 2012-09-21 01:47:30, 0.0, None 
 48.052, -123.385, 20.0, 2012-09-21 01:50:00, 0.0, None 
 48.05, -123.38, 20.0, 2012-09-21 01:52:30, 0.0, None 
 48.11, -123.23, 40.5, 2012-09-21 01:55:00, 0.0, None 
 48.17, -123.53, 60.0, 2012-09-21 01:57:30, 0.0, None 
 48.05, -123.5, 40.0, 2012-09-21 02:00:00, 0.0, None 
 48.0, -123.495, 29.0, 2012-09-21 02:02:30, 0.0, None 
 48.0, -123.47, 20.0, 2012-09-21 02:05:00, 0.0, None 
 48.0, -123.5, 20.0, 2012-09-21 02:07:30, 0.0, None 
 47.99, -123.5, 32.0, 2012-09-21 02:10:00, 0.0, None 
 47.6, -122.9, 20.0, 2012-09-21 02:12:30, 0.0, None 
 48.02, -123.44, 32.0, 2012-09-21 02:12:30, 0.0, None 
 48.07, -123.42, 26.5, 2012-09-21 02:15:00, 0.0, None 
 48.04, -123.4, 22.5, 2012-09-21 02:17:30, 0.0, None 
 48.1, -123.205, 30.0, 2012-09-21 02:22:30, 0.0, None 
 48.08, -123.175, 50.0, 2012-09-21 02:25:00, 0.0, None 
 48.17, -123.41, 20.0, 2012-09-21 02:27:30, 0.0, None 
 48.12, -123.38, 45.0, 2012-09-21 02:32:30, 0.0, None 
 48.06, -123.35, 20.0, 2012-09-21 02:35:00, 0.0, None 
 48.06, -123.43299999999999, 35.5, 2012-09-21 02:37:30, 0.0, None 
 48.08, -123.40299999999999, 27.2, 2012-09-21 02:40:00, 0.0, None 
 48.03, -123.59, 35.0, 2012-09-21 02:42:30, 0.0, None 
 48.125, -123.32, 42.0, 2012-09-21 02:45:00, 0.0, None 
 48.095, -123.595, 39.0, 2012-09-21 02:47:30, 0.0, None 
 48.09, -123.54, 39.0, 2012-09-21 02:50:00, 0.0, None 
 48.04, -123.292, 20.0, 2012-09-21 02:52:30, 0.0, None 
 48.145, -123.29700000000001, 28.5, 2012-09-21 02:55:00, 0.0, None 
 48.075, -123.5, 60.0, 2012-09-21 02:57:30, 0.0, None 
 48.04, -123.505, 60.0, 2012-09-21 03:00:00, 0.0, None 
 48.023, -123.465, 36.5, 2012-09-21 03:02:30, 0.0, None 
 48.11, -123.43, 37.0, 2012-09-21 03:05:00, 0.0, None 
 48.085, -123.34700000000001, 23.8, 2012-09-21 03:07:30, 0.0, None 
 48.141999999999996, -123.455, 29.0, 2012-09-21 03:10:00, 0.0, None 
 48.06, -123.49, 31.0, 2012-09-21 03:12:30, 0.0, None 
 47.975, -123.58, 48.0, 2012-09-21 03:15:00, 0.0, None 
 48.13, -123.395, 48.0, 2012-09-21 03:20:00, 0.0, None 
 48.295, -123.165, 20.8, 2012-09-21 03:25:00, 0.0, None 
 48.25, -123.19200000000001, 37.5, 2012-09-21 03:27:30, 0.0, None 
 48.05, -123.7, 20.0, 2012-09-21 03:30:00, 0.0, None 
 48.29, -123.105, 20.0, 2012-09-21 03:32:30, 0.0, None 
 48.31, -123.12, 40.0, 2012-09-21 03:35:00, 0.0, None 
 48.13, -123.48, 41.0, 2012-09-21 03:40:00, 0.0, None 
 48.16, -123.17, 22.0, 2012-09-21 03:42:30, 0.0, None 
 48.39, -123.02, 51.0, 2012-09-21 03:47:30, 0.0, None 
 48.1, -123.525, 60.0, 2012-09-21 03:57:30, 0.0, None 
 47.99, -123.71, 20.0, 2012-09-21 04:00:00, 0.0, None 
 48.18, -123.16, 20.0, 2012-09-21 04:02:30, 0.0, None 
 48.3, -123.23, 60.0, 2012-09-21 04:05:00, 0.0, None 
 48.0, -123.69, 56.0, 2012-09-21 04:07:30, 0.0, None 
 48.18, -123.2, 20.0, 2012-09-21 04:10:00, 0.0, None 
 48.025, -123.59, 20.0, 2012-09-21 04:10:00, 0.0, None 
 48.01, -123.53, 20.0, 2012-09-21 04:12:30, 0.0, None 
 48.07, -123.4, 27.5, 2012-09-21 04:15:00, 0.0, None 
 48.355, -123.13, 60.0, 2012-09-21 04:20:00, 0.0, None 
 48.42, -123.1, 60.0, 2012-09-21 04:22:30, 0.0, None 
 48.32, -123.095, 24.0, 2012-09-21 04:25:00, 0.0, None 
 48.05, -123.5, 20.0, 2012-09-21 04:30:00, 0.0, None 
 47.99, -123.61, 43.5, 2012-09-21 04:32:30, 0.0, None 
 46.55, -122.91, 32.5, 2012-09-21 04:32:30, 0.0, None 
 47.94, -123.68, 20.0, 2012-09-21 04:35:00, 0.0, None 
 46.51, -122.88, 20.0, 2012-09-21 04:35:00, 0.0, None 
 48.28, -123.18, 27.0, 2012-09-21 04:37:30, 0.0, None 
 48.22, -123.46, 60.0, 2012-09-21 04:40:00, 0.0, None 
 48.33, -123.03, 24.5, 2012-09-21 04:45:00, 0.0, None 
 48.33, -123.04, 29.0, 2012-09-21 04:47:30, 0.0, None 
 47.94, -123.605, 21.0, 2012-09-21 04:50:00, 0.0, None 
 48.3, -123.13, 24.0, 2012-09-21 04:55:00, 0.0, None 
 48.32, -123.11, 60.0, 2012-09-21 04:57:30, 0.0, None 
 48.31, -123.01, 20.5, 2012-09-21 05:05:00, 0.0, None 
 47.9, -123.585, 47.5, 2012-09-21 05:07:30, 0.0, None 
 48.28, -123.18, 60.0, 2012-09-21 05:12:30, 0.0, None 
 48.18, -123.4, 44.0, 2012-09-21 05:15:00, 0.0, None 
 48.255, -123.19, 24.5, 2012-09-21 05:25:00, 0.0, None 
 48.295, -123.175, 24.0, 2012-09-21 05:32:30, 0.0, None 
 48.287, -123.155, 27.0, 2012-09-21 05:35:00, 0.0, None 
 48.295, -123.11, 25.5, 2012-09-21 05:37:30, 0.0, None 
 46.52, -122.79, 50.0, 2012-09-21 05:40:00, 0.0, None 
 46.57, -122.72, 43.0, 2012-09-21 05:42:30, 0.0, None 
 48.16, -123.2, 60.0, 2012-09-21 05:45:00, 0.0, None 
 48.06, -123.22, 49.0, 2012-09-21 05:55:00, 0.0, None 
 48.29, -123.03, 60.0, 2012-09-21 05:55:00, 0.0, None 
 48.22, -123.18, 20.0, 2012-09-21 06:20:00, 0.0, None 
 48.22, -123.11, 27.0, 2012-09-21 06:22:30, 0.0, None 
 48.26, -123.12, 27.5, 2012-09-21 06:25:00, 0.0, None 
 47.995, -123.09, 60.0, 2012-09-21 06:27:30, 0.0, None 
 48.29, -123.19, 24.0, 2012-09-21 06:27:30, 0.0, None 
 48.3, -123.205, 48.0, 2012-09-21 06:30:00, 0.0, None 
 48.22, -123.33, 20.0, 2012-09-21 06:32:30, 0.0, None 
 48.24, -123.273, 35.0, 2012-09-21 06:35:00, 0.0, None 
 48.25, -123.36, 20.0, 2012-09-21 06:37:30, 0.0, None 
 47.84, -123.67, 60.0, 2012-09-21 06:40:00, 0.0, None 
 48.295, -123.02, 58.5, 2012-09-21 06:45:00, 0.0, None 
 48.31, -123.12, 41.5, 2012-09-21 06:47:30, 0.0, None 
 48.285, -123.137, 20.0, 2012-09-21 06:50:00, 0.0, None 
 48.3, -123.08, 28.0, 2012-09-21 06:52:30, 0.0, None 
 48.245, -123.2, 60.0, 2012-09-21 06:55:00, 0.0, None 
 48.31, -123.03, 20.0, 2012-09-21 07:00:00, 0.0, None 
 48.343, -123.102, 35.0, 2012-09-21 07:02:30, 0.0, None 
 48.295, -123.185, 40.0, 2012-09-21 07:05:00, 0.0, None 
 48.28, -123.353, 28.8, 2012-09-21 07:07:30, 0.0, None 
 48.34, -123.305, 46.0, 2012-09-21 07:10:00, 0.0, None 
 48.295, -123.19, 60.0, 2012-09-21 07:12:30, 0.0, None 
 46.6, -122.92, 20.0, 2012-09-21 07:12:30, 0.0, None 
 48.205, -123.275, 35.0, 2012-09-21 07:15:00, 0.0, None 
 48.105, -123.285, 22.5, 2012-09-21 07:17:30, 0.0, None 
 48.135, -123.27799999999999, 24.0, 2012-09-21 07:20:00, 0.0, None 
 48.07, -123.305, 20.0, 2012-09-21 07:22:30, 0.0, None 
 48.133, -123.20299999999999, 31.0, 2012-09-21 07:25:00, 0.0, None 
 48.16, -123.255, 53.5, 2012-09-21 07:27:30, 0.0, None 
 48.125, -123.26, 22.0, 2012-09-21 07:30:00, 0.0, None 
 48.17, -123.25200000000001, 30.5, 2012-09-21 07:32:30, 0.0, None 
 48.15, -123.32, 23.5, 2012-09-21 07:35:00, 0.0, None 
 48.14, -123.32, 29.0, 2012-09-21 07:37:30, 0.0, None 
 46.49, -122.77, 20.0, 2012-09-21 07:37:30, 0.0, None 
 48.123000000000005, -123.31, 28.8, 2012-09-21 07:40:00, 0.0, None 
 48.08, -123.31, 44.0, 2012-09-21 07:42:30, 0.0, None 
 48.11, -123.285, 46.0, 2012-09-21 07:45:00, 0.0, None 
 48.06, -123.2, 48.0, 2012-09-21 07:47:30, 0.0, None 
 48.105, -123.3, 27.0, 2012-09-21 07:50:00, 0.0, None 
 48.035, -123.435, 20.0, 2012-09-21 07:52:30, 0.0, None 
 48.175, -123.22, 60.0, 2012-09-21 07:57:30, 0.0, None 
 48.13, -123.22, 23.0, 2012-09-21 08:00:00, 0.0, None 
 48.21, -123.17, 29.0, 2012-09-21 08:02:30, 0.0, None 
 48.1, -123.59, 53.0, 2012-09-21 08:05:00, 0.0, None 
 48.12, -123.1, 44.0, 2012-09-21 08:07:30, 0.0, None 
 46.54, -122.82, 32.0, 2012-09-21 08:07:30, 0.0, None 
 48.043, -123.345, 20.0, 2012-09-21 08:10:00, 0.0, None 
 46.45, -122.88, 49.5, 2012-09-21 08:10:00, 0.0, None 
 48.06, -123.37, 20.0, 2012-09-21 08:12:30, 0.0, None 
 48.24, -123.1, 53.0, 2012-09-21 08:17:30, 0.0, None 
 48.23, -123.15, 47.0, 2012-09-21 08:20:00, 0.0, None 
 48.285, -123.06200000000001, 26.8, 2012-09-21 08:22:30, 0.0, None 
 48.34, -123.12, 48.0, 2012-09-21 08:25:00, 0.0, None 
 48.31, -123.2, 28.0, 2012-09-21 08:27:30, 0.0, None 
 48.2, -123.19, 38.0, 2012-09-21 08:30:00, 0.0, None 
 48.26, -123.2, 25.5, 2012-09-21 08:32:30, 0.0, None 
 46.5, -122.82, 32.5, 2012-09-21 08:42:30, 0.0, None 
 47.09, -122.42, 20.0, 2012-09-21 08:45:00, 0.0, None 
 46.53, -122.79, 48.0, 2012-09-21 08:45:00, 0.0, None 
 46.53, -122.765, 56.5, 2012-09-21 08:47:30, 0.0, None 
 48.155, -123.4, 47.0, 2012-09-21 08:50:00, 0.0, None 
 48.175, -123.33, 32.2, 2012-09-21 08:52:30, 0.0, None 
 48.34, -123.29, 60.0, 2012-09-21 08:57:30, 0.0, None 
 48.195, -123.18799999999999, 27.5, 2012-09-21 09:10:00, 0.0, None 
 48.28, -123.1, 20.0, 2012-09-21 09:12:30, 0.0, None 
 48.28, -123.0, 20.0, 2012-09-21 09:17:30, 0.0, None 
 48.31, -123.1, 33.0, 2012-09-21 09:20:00, 0.0, None 
 48.32, -123.13, 37.0, 2012-09-21 09:22:30, 0.0, None 
 48.0, -123.12, 60.0, 2012-09-21 09:25:00, 0.0, None 
 48.38, -123.12, 51.0, 2012-09-21 09:25:00, 0.0, None 
 48.06, -123.26, 50.0, 2012-09-21 09:27:30, 0.0, None 
 48.31, -123.13, 20.0, 2012-09-21 09:30:00, 0.0, None 
 48.34, -123.095, 20.0, 2012-09-21 09:32:30, 0.0, None 
 48.31, -123.04, 20.0, 2012-09-21 09:45:00, 0.0, None 
 48.295, -123.175, 27.5, 2012-09-21 09:47:30, 0.0, None 
 48.275, -123.175, 28.2, 2012-09-21 09:50:00, 0.0, None 
 48.218, -123.38, 33.0, 2012-09-21 09:55:00, 0.0, None 
 48.285, -123.2, 25.2, 2012-09-21 09:57:30, 0.0, None 
 48.3, -123.105, 20.0, 2012-09-21 10:00:00, 0.0, None 
 46.55, -122.77, 49.5, 2012-09-21 10:00:00, 0.0, None 
 46.55, -122.765, 49.0, 2012-09-21 10:02:30, 0.0, None 
 46.565, -122.76, 31.5, 2012-09-21 10:10:00, 0.0, None 
 48.235, -123.075, 60.0, 2012-09-21 10:12:30, 0.0, None 
 48.26, -123.205, 40.0, 2012-09-21 10:15:00, 0.0, None 
 46.505, -122.78, 56.5, 2012-09-21 10:20:00, 0.0, None 
 46.55, -122.755, 40.0, 2012-09-21 10:22:30, 0.0, None 
 46.55, -122.69, 47.0, 2012-09-21 10:25:00, 0.0, None 
 46.62, -122.78, 50.0, 2012-09-21 10:32:30, 0.0, None 
 46.58, -122.71, 51.5, 2012-09-21 10:35:00, 0.0, None 
 48.0, -123.05, 60.0, 2012-09-21 10:37:30, 0.0, None 
 46.515, -122.745, 47.5, 2012-09-21 10:37:30, 0.0, None 
 46.39, -122.88, 50.0, 2012-09-21 10:42:30, 0.0, None 
 46.615, -122.71, 60.0, 2012-09-21 10:45:00, 0.0, None 
 47.99, -123.58, 20.0, 2012-09-21 10:47:30, 0.0, None 
 48.09, -123.38, 32.0, 2012-09-21 11:02:30, 0.0, None 
 48.185, -123.565, 31.5, 2012-09-21 11:05:00, 0.0, None 
 48.0, -123.47, 26.5, 2012-09-21 11:07:30, 0.0, None 
 47.95, -123.485, 23.5, 2012-09-21 11:10:00, 0.0, None 
 46.47, -122.715, 60.0, 2012-09-21 11:17:30, 0.0, None 
 48.02, -123.625, 22.0, 2012-09-21 11:32:30, 0.0, None 
 48.02, -123.63, 22.0, 2012-09-21 11:35:00, 0.0, None 
 46.49, -122.79, 52.0, 2012-09-21 11:37:30, 0.0, None 
 48.225, -123.585, 60.0, 2012-09-21 11:50:00, 0.0, None 
 48.05, -123.505, 40.0, 2012-09-21 11:52:30, 0.0, None 
 47.94, -123.37, 34.2, 2012-09-21 12:15:00, 0.0, None 
 46.465, -122.81, 39.0, 2012-09-21 12:15:00, 0.0, None 
 48.04, -123.47, 42.0, 2012-09-21 12:17:30, 0.0, None 
 47.94, -123.54, 33.0, 2012-09-21 12:20:00, 0.0, None 
 46.51, -122.76, 28.0, 2012-09-21 12:20:00, 0.0, None 
 47.915, -123.7, 30.0, 2012-09-21 12:22:30, 0.0, None 
 46.55, -122.81, 33.0, 2012-09-21 12:22:30, 0.0, None 
 47.85, -123.63, 60.0, 2012-09-21 12:25:00, 0.0, None 
 47.99, -123.25, 58.0, 2012-09-21 12:30:00, 0.0, None 
 48.04, -123.69, 60.0, 2012-09-21 12:32:30, 0.0, None 
 48.145, -123.665, 52.5, 2012-09-21 12:35:00, 0.0, None 
 48.09, -123.42, 60.0, 2012-09-21 12:37:30, 0.0, None 
 48.03, -123.48, 39.0, 2012-09-21 12:40:00, 0.0, None 
 48.09, -123.51, 43.0, 2012-09-21 12:42:30, 0.0, None 
 48.0, -123.51, 20.0, 2012-09-21 12:50:00, 0.0, None 
 47.995, -123.29299999999999, 46.5, 2012-09-21 12:52:30, 0.0, None 
 48.02, -123.44, 20.0, 2012-09-21 12:55:00, 0.0, None 
 48.025, -123.53, 60.0, 2012-09-21 12:57:30, 0.0, None 
 48.06, -123.345, 30.5, 2012-09-21 13:00:00, 0.0, None 
 48.12, -123.3, 31.0, 2012-09-21 13:02:30, 0.0, None 
 48.01, -123.51, 20.0, 2012-09-21 13:10:00, 0.0, None 
 48.05, -123.43, 20.0, 2012-09-21 13:15:00, 0.0, None 
 47.9, -123.52, 20.0, 2012-09-21 13:27:30, 0.0, None 
 48.03, -123.17, 60.0, 2012-09-21 13:30:00, 0.0, None 
 48.23, -123.1, 60.0, 2012-09-21 13:40:00, 0.0, None 
 48.345, -123.04, 60.0, 2012-09-21 13:45:00, 0.0, None 
 48.07, -123.215, 37.0, 2012-09-21 13:50:00, 0.0, None 
 48.12, -123.265, 60.0, 2012-09-21 13:52:30, 0.0, None 
 48.0, -123.27, 28.0, 2012-09-21 13:55:00, 0.0, None 
 48.3, -123.15, 51.0, 2012-09-21 14:15:00, 0.0, None 
 48.1, -123.31, 20.0, 2012-09-21 14:42:30, 0.0, None 
 48.24, -123.11, 54.0, 2012-09-21 14:50:00, 0.0, None 
 48.06, -123.28, 34.0, 2012-09-21 14:52:30, 0.0, None 
 48.03, -123.26, 33.5, 2012-09-21 14:55:00, 0.0, None 
 48.28, -123.18, 30.0, 2012-09-21 15:02:30, 0.0, None 
 48.015, -123.305, 27.0, 2012-09-21 15:20:00, 0.0, None 
 48.13, -123.3, 33.0, 2012-09-21 15:22:30, 0.0, None 
 48.0, -123.34, 39.0, 2012-09-21 15:32:30, 0.0, None 
 48.03, -123.33, 40.0, 2012-09-21 15:35:00, 0.0, None 
 48.11, -123.195, 43.0, 2012-09-21 16:12:30, 0.0, None 
 47.91, -123.515, 54.5, 2012-09-21 16:20:00, 0.0, None 
 48.08, -123.61, 20.0, 2012-09-21 16:25:00, 0.0, None 
 48.19, -123.04, 32.0, 2012-09-21 16:27:30, 0.0, None 
 48.155, -123.31, 40.0, 2012-09-21 16:30:00, 0.0, None 
 48.11, -123.265, 35.0, 2012-09-21 16:32:30, 0.0, None 
 48.14, -123.28, 41.0, 2012-09-21 16:35:00, 0.0, None 
 48.04, -123.77, 44.0, 2012-09-21 16:37:30, 0.0, None 
 48.14, -123.355, 40.0, 2012-09-21 16:40:00, 0.0, None 
 48.08, -123.41, 27.0, 2012-09-21 16:47:30, 0.0, None 
 48.065, -123.34, 38.0, 2012-09-21 16:50:00, 0.0, None 
 48.09, -123.28, 40.0, 2012-09-21 17:02:30, 0.0, None 
 48.19, -123.11, 20.0, 2012-09-21 17:12:30, 0.0, None 
 48.17, -123.215, 20.0, 2012-09-21 17:17:30, 0.0, None 
 48.37, -123.2, 20.0, 2012-09-21 17:20:00, 0.0, None 
 48.13, -123.18, 37.0, 2012-09-21 17:20:00, 0.0, None 
 48.07, -123.175, 50.8, 2012-09-21 17:25:00, 0.0, None 
 48.245, -123.2, 36.0, 2012-09-21 17:37:30, 0.0, None 
 48.1, -123.21, 42.0, 2012-09-21 17:40:00, 0.0, None 
 47.995, -123.605, 45.0, 2012-09-21 17:57:30, 0.0, None 
 48.0, -123.61, 20.0, 2012-09-21 18:02:30, 0.0, None 
 48.175, -123.44, 31.5, 2012-09-21 18:10:00, 0.0, None 
 48.2, -123.615, 52.5, 2012-09-21 18:22:30, 0.0, None 
 48.195, -123.523, 36.2, 2012-09-21 18:25:00, 0.0, None 
 48.13, -123.525, 49.5, 2012-09-21 18:30:00, 0.0, None 
 48.29, -123.3, 20.0, 2012-09-21 18:32:30, 0.0, None 
 48.22, -123.395, 20.0, 2012-09-21 18:35:00, 0.0, None 
 48.095, -123.77, 30.0, 2012-09-21 18:35:00, 0.0, None 
 48.16, -123.72, 20.0, 2012-09-21 18:42:30, 0.0, None 
 48.2, -123.65, 20.0, 2012-09-21 18:50:00, 0.0, None 
 48.07, -123.5, 27.5, 2012-09-21 18:52:30, 0.0, None 
 48.18, -123.58, 29.0, 2012-09-21 19:00:00, 0.0, None 
 46.6, -122.98, 20.0, 2012-09-21 19:00:00, 0.0, None 
 48.32, -123.0, 60.0, 2012-09-21 19:17:30, 0.0, None 
 48.25, -123.11, 60.0, 2012-09-21 19:30:00, 0.0, None 
 48.25, -123.385, 60.0, 2012-09-21 19:32:30, 0.0, None 
 48.3, -122.97, 60.0, 2012-09-21 19:42:30, 0.0, None 
 48.235, -123.075, 34.5, 2012-09-21 19:47:30, 0.0, None 
 48.19, -123.6, 54.0, 2012-09-21 19:50:00, 0.0, None 
 48.3, -122.92, 44.0, 2012-09-21 19:55:00, 0.0, None 
 48.01, -123.44, 43.0, 2012-09-21 20:17:30, 0.0, None 
 48.0, -123.37, 35.0, 2012-09-21 20:20:00, 0.0, None 
 48.02, -123.31, 30.0, 2012-09-21 20:22:30, 0.0, None 
 48.08, -123.505, 42.5, 2012-09-21 20:32:30, 0.0, None 
 48.085, -123.415, 42.5, 2012-09-21 20:42:30, 0.0, None 
 48.123000000000005, -123.465, 43.0, 2012-09-21 20:45:00, 0.0, None 
 48.12, -123.14, 46.0, 2012-09-21 20:47:30, 0.0, None 
 48.08, -123.29, 42.0, 2012-09-21 20:52:30, 0.0, None 
 48.055, -123.19, 40.2, 2012-09-21 21:02:30, 0.0, None 
 48.12, -123.415, 60.0, 2012-09-21 21:05:00, 0.0, None 
 48.11, -123.14, 46.0, 2012-09-21 21:17:30, 0.0, None 
 48.02, -123.225, 60.0, 2012-09-21 21:20:00, 0.0, None 
 48.05, -123.19, 50.0, 2012-09-21 21:22:30, 0.0, None 
 48.28, -123.11, 54.0, 2012-09-21 21:37:30, 0.0, None 
 48.18, -123.11, 25.0, 2012-09-21 21:40:00, 0.0, None 
 48.18, -123.15, 28.0, 2012-09-21 21:42:30, 0.0, None 
 48.18, -123.145, 39.8, 2012-09-21 21:45:00, 0.0, None 
 48.215, -123.61, 59.5, 2012-09-21 21:47:30, 0.0, None 
 48.295, -123.375, 57.0, 2012-09-21 21:50:00, 0.0, None 
 48.13, -123.18, 34.0, 2012-09-21 21:52:30, 0.0, None 
 48.085, -123.24, 21.0, 2012-09-21 21:55:00, 0.0, None 
 46.51, -122.68, 29.0, 2012-09-21 21:55:00, 0.0, None 
 48.17, -123.29, 50.0, 2012-09-21 21:57:30, 0.0, None 
 48.16, -123.3, 24.0, 2012-09-21 22:00:00, 0.0, None 
 48.135, -123.28, 25.0, 2012-09-21 22:02:30, 0.0, None 
 48.13, -123.4, 60.0, 2012-09-21 22:05:00, 0.0, None 
 48.21, -123.3, 37.0, 2012-09-21 22:07:30, 0.0, None 
 48.14, -123.59, 50.0, 2012-09-21 22:10:00, 0.0, None 
 48.02, -123.29, 28.0, 2012-09-21 22:15:00, 0.0, None 
 48.085, -123.34299999999999, 37.2, 2012-09-21 22:22:30, 0.0, None 
 48.065, -123.36, 33.8, 2012-09-21 22:25:00, 0.0, None 
 48.082, -123.4, 25.5, 2012-09-21 22:30:00, 0.0, None 
 47.94, -123.5, 29.0, 2012-09-21 22:32:30, 0.0, None 
 48.0, -123.6, 60.0, 2012-09-21 22:35:00, 0.0, None 
 48.04, -123.465, 39.5, 2012-09-21 22:50:00, 0.0, None 
 47.99, -123.3, 22.0, 2012-09-21 22:55:00, 0.0, None 
 48.2, -123.05, 20.0, 2012-09-21 23:02:30, 0.0, None 
 48.2, -123.08, 20.0, 2012-09-21 23:05:00, 0.0, None 
 48.18, -123.2, 24.0, 2012-09-21 23:25:00, 0.0, None 
 47.97, -123.33, 32.0, 2012-09-21 23:25:00, 0.0, None 
 48.14, -123.54, 60.0, 2012-09-21 23:27:30, 0.0, None 
 48.19, -123.2, 29.5, 2012-09-21 23:32:30, 0.0, None 
 48.235, -123.275, 31.0, 2012-09-21 23:35:00, 0.0, None 
 48.3, -123.14, 36.0, 2012-09-21 23:37:30, 0.0, None 
 48.08, -123.205, 35.0, 2012-09-21 23:47:30, 0.0, None 
 48.0, -123.58, 31.0, 2012-09-21 23:55:00, 0.0, None 
 48.09, -123.11, 40.5, 2012-09-22 00:02:30, 0.0, None 
 48.03, -123.12, 54.0, 2012-09-22 00:05:00, 0.0, None 
 48.03, -123.38, 20.0, 2012-09-22 00:12:30, 0.0, None 
 48.0, -123.29, 60.0, 2012-09-22 00:15:00, 0.0, None 
 48.12, -123.02, 20.0, 2012-09-22 00:40:00, 0.0, None 
 48.168, -123.535, 39.5, 2012-09-22 00:47:30, 0.0, None 
 48.16, -123.585, 60.0, 2012-09-22 00:50:00, 0.0, None 
 47.92, -123.38, 60.0, 2012-09-22 00:52:30, 0.0, None 
 48.195, -123.55, 60.0, 2012-09-22 00:52:30, 0.0, None 
 47.91, -123.59, 60.0, 2012-09-22 00:57:30, 0.0, None 
 48.185, -123.34, 38.0, 2012-09-22 01:05:00, 0.0, None 
 48.2, -123.585, 60.0, 2012-09-22 01:07:30, 0.0, None 
 48.08, -123.285, 60.0, 2012-09-22 01:10:00, 0.0, None 
 48.05, -123.4, 30.0, 2012-09-22 01:12:30, 0.0, None 
 48.035, -123.33, 33.0, 2012-09-22 01:15:00, 0.0, None 
 47.88, -123.4, 20.0, 2012-09-22 01:17:30, 0.0, None 
 47.995, -123.44, 20.0, 2012-09-22 01:20:00, 0.0, None 
 48.145, -122.91, 56.0, 2012-09-22 01:22:30, 0.0, None 
 47.91, -123.25, 37.0, 2012-09-22 01:30:00, 0.0, None 
 47.955, -123.18, 40.0, 2012-09-22 01:55:00, 0.0, None 
 48.195, -123.58, 60.0, 2012-09-22 02:00:00, 0.0, None 
 48.03, -123.25, 20.0, 2012-09-22 02:02:30, 0.0, None 
 48.05, -123.36, 54.5, 2012-09-22 02:05:00, 0.0, None 
 48.025, -123.53, 31.2, 2012-09-22 02:07:30, 0.0, None 
 48.29, -123.4, 35.0, 2012-09-22 02:10:00, 0.0, None 
 48.04, -123.6, 45.0, 2012-09-22 02:10:00, 0.0, None 
 47.99, -123.24, 21.0, 2012-09-22 02:20:00, 0.0, None 
 48.19, -123.06, 28.5, 2012-09-22 02:25:00, 0.0, None 
 48.295, -123.065, 46.0, 2012-09-22 02:27:30, 0.0, None 
 48.17, -122.935, 23.8, 2012-09-22 02:30:00, 0.0, None 
 48.22, -123.055, 24.0, 2012-09-22 02:32:30, 0.0, None 
 48.09, -122.8, 50.0, 2012-09-22 02:37:30, 0.0, None 
 48.19, -123.13, 46.5, 2012-09-22 02:37:30, 0.0, None 
 48.22, -123.35, 60.0, 2012-09-22 02:40:00, 0.0, None 
 48.16, -123.51, 45.5, 2012-09-22 02:42:30, 0.0, None 
 48.14, -123.12, 52.0, 2012-09-22 02:45:00, 0.0, None 
 48.18, -123.12, 33.0, 2012-09-22 02:47:30, 0.0, None 
 48.21, -123.11200000000001, 31.2, 2012-09-22 02:50:00, 0.0, None 
 47.82, -123.05, 31.0, 2012-09-22 02:50:00, 0.0, None 
 48.2, -123.09299999999999, 30.5, 2012-09-22 02:52:30, 0.0, None 
 47.89, -122.9, 20.0, 2012-09-22 02:52:30, 0.0, None 
 48.14, -123.215, 20.0, 2012-09-22 02:55:00, 0.0, None 
 48.23, -123.2, 60.0, 2012-09-22 02:57:30, 0.0, None 
 48.28, -123.18, 20.0, 2012-09-22 03:02:30, 0.0, None 
 48.23, -123.59, 60.0, 2012-09-22 03:05:00, 0.0, None 
 48.03, -123.535, 60.0, 2012-09-22 03:07:30, 0.0, None 
 47.965, -123.56, 60.0, 2012-09-22 03:17:30, 0.0, None 
 48.251999999999995, -123.4, 48.2, 2012-09-22 03:20:00, 0.0, None 
 48.165, -123.29299999999999, 35.2, 2012-09-22 03:22:30, 0.0, None 
 48.115, -123.273, 35.5, 2012-09-22 03:25:00, 0.0, None 
 48.045, -123.29, 60.0, 2012-09-22 03:27:30, 0.0, None 
 48.16, -123.3, 31.2, 2012-09-22 03:30:00, 0.0, None 
 48.04, -123.265, 41.5, 2012-09-22 03:32:30, 0.0, None 
 47.49, -123.57, 24.5, 2012-09-22 03:32:30, 0.0, None 
 48.115, -123.305, 26.8, 2012-09-22 03:37:30, 0.0, None 
 48.133, -123.24799999999999, 27.2, 2012-09-22 03:40:00, 0.0, None 
 48.12, -123.245, 29.0, 2012-09-22 03:42:30, 0.0, None 
 47.965, -123.22, 46.8, 2012-09-22 03:45:00, 0.0, None 
 47.49, -123.61, 20.0, 2012-09-22 03:45:00, 0.0, None 
 47.9, -123.38, 47.5, 2012-09-22 03:50:00, 0.0, None 
 48.12, -123.3, 25.0, 2012-09-22 03:52:30, 0.0, None 
 47.89, -123.24, 60.0, 2012-09-22 03:52:30, 0.0, None 
 48.22, -123.22, 60.0, 2012-09-22 03:55:00, 0.0, None 
 47.96, -123.285, 60.0, 2012-09-22 03:57:30, 0.0, None 
 47.985, -123.162, 25.5, 2012-09-22 04:00:00, 0.0, None 
 48.32, -123.02, 60.0, 2012-09-22 04:02:30, 0.0, None 
 48.31, -123.01, 55.0, 2012-09-22 04:05:00, 0.0, None 
 47.95, -123.61, 60.0, 2012-09-22 04:07:30, 0.0, None 
 48.065, -123.36200000000001, 41.2, 2012-09-22 04:10:00, 0.0, None 
 48.075, -123.36, 29.8, 2012-09-22 04:12:30, 0.0, None 
 48.011, -123.244, 31.8, 2012-09-22 04:15:00, 0.0, None 
 48.125, -123.285, 32.5, 2012-09-22 04:17:30, 0.0, None 
 47.91, -123.11, 26.0, 2012-09-22 04:17:30, 0.0, None 
 48.085, -123.33, 35.5, 2012-09-22 04:20:00, 0.0, None 
 47.99, -123.535, 23.5, 2012-09-22 04:22:30, 0.0, None 
 48.065, -123.425, 28.0, 2012-09-22 04:25:00, 0.0, None 
 48.08, -123.47, 29.0, 2012-09-22 04:27:30, 0.0, None 
 47.87, -123.19, 51.0, 2012-09-22 04:30:00, 0.0, None 
 48.07, -123.44, 30.0, 2012-09-22 04:30:00, 0.0, None 
 48.025, -123.45, 33.0, 2012-09-22 04:32:30, 0.0, None 
 47.51, -123.64, 60.0, 2012-09-22 04:32:30, 0.0, None 
 48.04, -123.29, 46.0, 2012-09-22 04:35:00, 0.0, None 
 47.99, -123.14, 37.0, 2012-09-22 04:37:30, 0.0, None 
 47.925, -123.265, 43.0, 2012-09-22 04:40:00, 0.0, None 
 47.925, -123.458, 44.5, 2012-09-22 04:42:30, 0.0, None 
 47.54, -123.59, 60.0, 2012-09-22 04:42:30, 0.0, None 
 48.04, -123.21, 52.5, 2012-09-22 04:45:00, 0.0, None 
 47.995, -123.46, 34.0, 2012-09-22 04:47:30, 0.0, None 
 48.01, -123.51, 30.5, 2012-09-22 04:50:00, 0.0, None 
 48.015, -123.49, 32.0, 2012-09-22 04:55:00, 0.0, None 
 47.99, -123.44, 60.0, 2012-09-22 04:57:30, 0.0, None 
 47.94, -123.305, 39.2, 2012-09-22 05:00:00, 0.0, None 
 47.945, -123.28, 33.9, 2012-09-22 05:02:30, 0.0, None 
 47.97, -123.45, 41.0, 2012-09-22 05:05:00, 0.0, None 
 47.91, -123.305, 20.0, 2012-09-22 05:07:30, 0.0, None 
 48.082, -123.4, 33.8, 2012-09-22 05:10:00, 0.0, None 
 48.056999999999995, -123.3, 30.5, 2012-09-22 05:12:30, 0.0, None 
 48.06, -123.205, 28.5, 2012-09-22 05:15:00, 0.0, None 
 47.97, -123.22, 60.0, 2012-09-22 05:17:30, 0.0, None 
 47.99, -123.5, 32.0, 2012-09-22 05:20:00, 0.0, None 
 47.99, -123.52, 32.0, 2012-09-22 05:22:30, 0.0, None 
 48.04, -123.15, 45.0, 2012-09-22 05:27:30, 0.0, None 
 48.01, -123.135, 41.0, 2012-09-22 05:30:00, 0.0, None 
 48.1, -123.02, 52.0, 2012-09-22 05:32:30, 0.0, None 
 47.84, -123.07, 20.0, 2012-09-22 05:32:30, 0.0, None 
 48.0, -123.295, 20.0, 2012-09-22 05:37:30, 0.0, None 
 48.02, -123.285, 20.0, 2012-09-22 05:40:00, 0.0, None 
 47.94, -123.395, 20.0, 2012-09-22 05:50:00, 0.0, None 
 48.06, -123.17, 50.0, 2012-09-22 05:55:00, 0.0, None 
 48.12, -123.075, 39.2, 2012-09-22 05:57:30, 0.0, None 
 48.04, -123.06, 31.0, 2012-09-22 06:00:00, 0.0, None 
 48.085, -123.4, 60.0, 2012-09-22 06:02:30, 0.0, None 
 48.145, -123.45, 40.0, 2012-09-22 06:05:00, 0.0, None 
 48.08, -123.28, 49.0, 2012-09-22 06:07:30, 0.0, None 
 48.34, -123.16, 34.0, 2012-09-22 06:10:00, 0.0, None 
 48.03, -123.19, 36.0, 2012-09-22 06:10:00, 0.0, None 
 48.04, -123.24, 39.0, 2012-09-22 06:12:30, 0.0, None 
 48.04, -123.2, 23.5, 2012-09-22 06:15:00, 0.0, None 
 47.935, -123.17399999999999, 29.0, 2012-09-22 06:17:30, 0.0, None 
 47.935, -123.285, 55.0, 2012-09-22 06:20:00, 0.0, None 
 48.01, -123.25, 37.2, 2012-09-22 06:22:30, 0.0, None 
 47.96, -123.19, 52.0, 2012-09-22 06:25:00, 0.0, None 
 48.01, -123.22, 60.0, 2012-09-22 06:30:00, 0.0, None 
 47.97, -122.88, 24.0, 2012-09-22 06:32:30, 0.0, None 
 48.06, -123.6, 47.0, 2012-09-22 06:50:00, 0.0, None 
 48.2, -122.94, 60.0, 2012-09-22 07:02:30, 0.0, None 
 48.16, -123.6, 60.0, 2012-09-22 07:05:00, 0.0, None 
 48.04, -123.19, 41.0, 2012-09-22 07:10:00, 0.0, None 
 48.062, -123.20299999999999, 29.5, 2012-09-22 07:12:30, 0.0, None 
 48.04, -123.16, 47.0, 2012-09-22 07:15:00, 0.0, None 
 48.07, -123.29, 29.5, 2012-09-22 07:27:30, 0.0, None 
 48.07, -123.58, 60.0, 2012-09-22 07:30:00, 0.0, None 
 48.045, -123.28, 60.0, 2012-09-22 07:35:00, 0.0, None 
 48.02, -123.38, 27.0, 2012-09-22 07:37:30, 0.0, None 
 48.32, -123.27, 20.0, 2012-09-22 07:40:00, 0.0, None 
 48.2, -123.28, 34.0, 2012-09-22 07:45:00, 0.0, None 
 47.995, -123.415, 20.0, 2012-09-22 07:50:00, 0.0, None 
 48.03, -123.29, 20.0, 2012-09-22 07:52:30, 0.0, None 
 47.965, -123.27, 40.0, 2012-09-22 07:55:00, 0.0, None 
 48.0, -123.2, 38.5, 2012-09-22 07:57:30, 0.0, None 
 48.025, -123.245, 27.0, 2012-09-22 08:00:00, 0.0, None 
 48.01, -123.26, 40.0, 2012-09-22 08:02:30, 0.0, None 
 48.1, -123.42, 38.8, 2012-09-22 08:07:30, 0.0, None 
 48.3, -123.38, 38.0, 2012-09-22 08:10:00, 0.0, None 
 48.0, -123.45, 35.0, 2012-09-22 08:10:00, 0.0, None 
 48.13, -123.32, 56.0, 2012-09-22 08:15:00, 0.0, None 
 48.0, -122.95, 40.5, 2012-09-22 08:22:30, 0.0, None 
 48.12, -123.07, 27.0, 2012-09-22 08:25:00, 0.0, None 
 48.0, -123.66, 60.0, 2012-09-22 08:37:30, 0.0, None 
 47.93, -123.57, 60.0, 2012-09-22 08:40:00, 0.0, None 
 48.058, -123.213, 26.0, 2012-09-22 08:45:00, 0.0, None 
 48.032, -123.2, 32.8, 2012-09-22 08:47:30, 0.0, None 
 47.94, -123.145, 51.5, 2012-09-22 08:50:00, 0.0, None 
 48.07, -123.09, 38.0, 2012-09-22 08:52:30, 0.0, None 
 48.04, -123.035, 32.0, 2012-09-22 08:55:00, 0.0, None 
 47.97, -123.27, 60.0, 2012-09-22 08:57:30, 0.0, None 
 48.005, -123.08, 55.5, 2012-09-22 09:05:00, 0.0, None 
 48.08, -123.12, 55.0, 2012-09-22 09:07:30, 0.0, None 
 48.08, -123.13, 50.0, 2012-09-22 09:10:00, 0.0, None 
 48.08, -123.11, 41.0, 2012-09-22 09:12:30, 0.0, None 
 48.11, -123.26, 50.0, 2012-09-22 09:15:00, 0.0, None 
 48.09, -123.14, 38.0, 2012-09-22 09:17:30, 0.0, None 
 48.05, -123.175, 37.5, 2012-09-22 09:20:00, 0.0, None 
 47.98, -123.2, 35.0, 2012-09-22 09:32:30, 0.0, None 
 48.005, -123.24, 25.0, 2012-09-22 09:37:30, 0.0, None 
 47.99, -123.195, 46.0, 2012-09-22 09:40:00, 0.0, None 
 48.04, -123.19, 53.0, 2012-09-22 09:42:30, 0.0, None 
 48.04, -123.19, 50.0, 2012-09-22 09:45:00, 0.0, None 
 48.028, -123.26, 25.8, 2012-09-22 09:47:30, 0.0, None 
 47.986999999999995, -123.13, 40.2, 2012-09-22 09:50:00, 0.0, None 
 48.01, -123.25, 32.0, 2012-09-22 09:52:30, 0.0, None 
 48.02, -123.2, 42.5, 2012-09-22 09:55:00, 0.0, None 
 47.99, -123.095, 60.0, 2012-09-22 09:57:30, 0.0, None 
 48.02, -123.34700000000001, 25.0, 2012-09-22 10:00:00, 0.0, None 
 48.05, -123.34, 30.0, 2012-09-22 10:02:30, 0.0, None 
 48.1, -123.25, 45.0, 2012-09-22 10:05:00, 0.0, None 
 48.095, -123.295, 60.0, 2012-09-22 10:07:30, 0.0, None 
 47.99, -123.28, 60.0, 2012-09-22 10:10:00, 0.0, None 
 48.07, -123.178, 30.5, 2012-09-22 10:12:30, 0.0, None 
 47.93600000000001, -123.23, 26.1, 2012-09-22 10:15:00, 0.0, None 
 47.91, -123.2, 27.4, 2012-09-22 10:17:30, 0.0, None 
 48.06, -123.33, 20.0, 2012-09-22 10:20:00, 0.0, None 
 47.98, -123.29, 27.5, 2012-09-22 10:22:30, 0.0, None 
 48.0, -123.285, 23.2, 2012-09-22 10:25:00, 0.0, None 
 48.06, -123.265, 29.0, 2012-09-22 10:27:30, 0.0, None 
 48.065, -123.43, 30.2, 2012-09-22 10:30:00, 0.0, None 
 48.01, -123.68, 33.5, 2012-09-22 10:32:30, 0.0, None 
 47.97, -123.165, 44.0, 2012-09-22 10:37:30, 0.0, None 
 48.0, -123.22, 53.5, 2012-09-22 10:40:00, 0.0, None 
 48.02, -122.975, 40.0, 2012-09-22 10:45:00, 0.0, None 
 48.01, -123.13, 42.5, 2012-09-22 10:47:30, 0.0, None 
 48.025, -123.07799999999999, 36.5, 2012-09-22 10:50:00, 0.0, None 
 48.075, -123.06200000000001, 29.8, 2012-09-22 10:52:30, 0.0, None 
 48.085, -123.072, 37.0, 2012-09-22 10:55:00, 0.0, None 
 48.3, -123.26, 60.0, 2012-09-22 10:57:30, 0.0, None 
 48.03, -123.205, 60.0, 2012-09-22 10:57:30, 0.0, None 
 48.02, -123.155, 49.5, 2012-09-22 11:00:00, 0.0, None 
 47.93, -123.585, 46.0, 2012-09-22 11:02:30, 0.0, None 
 47.9, -123.535, 60.0, 2012-09-22 11:05:00, 0.0, None 
 47.94, -122.96, 60.0, 2012-09-22 11:07:30, 0.0, None 
 48.09, -123.33, 60.0, 2012-09-22 11:10:00, 0.0, None 
 48.02, -123.14, 42.0, 2012-09-22 11:12:30, 0.0, None 
 48.062, -123.175, 28.0, 2012-09-22 11:15:00, 0.0, None 
 48.045, -123.205, 30.0, 2012-09-22 11:17:30, 0.0, None 
 48.03, -123.2, 25.5, 2012-09-22 11:20:00, 0.0, None 
 48.03, -123.17, 36.0, 2012-09-22 11:22:30, 0.0, None 
 48.04, -123.275, 29.5, 2012-09-22 11:25:00, 0.0, None 
 47.94, -123.25, 20.0, 2012-09-22 11:27:30, 0.0, None 
 48.1, -123.625, 20.0, 2012-09-22 11:30:00, 0.0, None 
 48.035, -123.24, 27.2, 2012-09-22 11:35:00, 0.0, None 
 48.025, -123.285, 20.0, 2012-09-22 11:37:30, 0.0, None 
 48.0, -123.02, 37.0, 2012-09-22 11:40:00, 0.0, None 
 47.98, -122.99, 39.0, 2012-09-22 11:42:30, 0.0, None 
 48.075, -123.023, 33.5, 2012-09-22 11:45:00, 0.0, None 
 48.11, -123.072, 27.2, 2012-09-22 11:47:30, 0.0, None 
 48.032, -123.08, 31.5, 2012-09-22 11:50:00, 0.0, None 
 48.045, -123.243, 30.0, 2012-09-22 11:52:30, 0.0, None 
 48.043, -123.31200000000001, 36.5, 2012-09-22 11:55:00, 0.0, None 
 48.03, -123.08, 54.0, 2012-09-22 11:57:30, 0.0, None 
 48.03, -123.115, 45.0, 2012-09-22 12:00:00, 0.0, None 
 47.985, -123.111, 23.2, 2012-09-22 12:02:30, 0.0, None 
 47.907, -123.132, 25.8, 2012-09-22 12:05:00, 0.0, None 
 47.98, -123.145, 27.0, 2012-09-22 12:07:30, 0.0, None 
 48.07, -123.05, 52.0, 2012-09-22 12:10:00, 0.0, None 
 47.88, -123.3, 53.0, 2012-09-22 12:12:30, 0.0, None 
 48.0, -123.1, 60.0, 2012-09-22 12:15:00, 0.0, None 
 48.035, -123.25, 27.0, 2012-09-22 12:17:30, 0.0, None 
 48.01, -123.285, 32.0, 2012-09-22 12:20:00, 0.0, None 
 48.1, -123.02, 60.0, 2012-09-22 12:22:30, 0.0, None 
 48.8, -124.68, 20.0, 2012-09-22 12:25:00, 0.0, None 
 48.05, -123.0, 60.0, 2012-09-22 12:25:00, 0.0, None 
 47.98, -123.17200000000001, 23.8, 2012-09-22 12:27:30, 0.0, None 
 48.05, -123.225, 26.5, 2012-09-22 12:30:00, 0.0, None 
 47.96, -123.21, 60.0, 2012-09-22 12:32:30, 0.0, None 
 47.98, -123.275, 35.0, 2012-09-22 12:35:00, 0.0, None 
 47.99, -123.21, 60.0, 2012-09-22 12:37:30, 0.0, None 
 48.09, -123.2, 60.0, 2012-09-22 12:40:00, 0.0, None 
 48.075, -123.2, 46.8, 2012-09-22 12:42:30, 0.0, None 
 48.05, -123.19, 31.0, 2012-09-22 12:45:00, 0.0, None 
 48.02, -123.2, 32.0, 2012-09-22 12:47:30, 0.0, None 
 48.06, -123.2, 35.0, 2012-09-22 12:50:00, 0.0, None 
 48.133, -123.215, 33.0, 2012-09-22 12:52:30, 0.0, None 
 48.015, -123.262, 37.5, 2012-09-22 12:55:00, 0.0, None 
 47.97, -123.205, 60.0, 2012-09-22 12:57:30, 0.0, None 
 48.135, -123.2, 26.8, 2012-09-22 13:00:00, 0.0, None 
 48.078, -123.26, 31.0, 2012-09-22 13:02:30, 0.0, None 
 48.02, -123.23, 30.5, 2012-09-22 13:05:00, 0.0, None 
 48.035, -123.01, 38.0, 2012-09-22 13:07:30, 0.0, None 
 47.99, -123.055, 42.2, 2012-09-22 13:10:00, 0.0, None 
 47.955, -123.37, 55.5, 2012-09-22 13:12:30, 0.0, None 
 48.023, -122.97, 52.0, 2012-09-22 13:15:00, 0.0, None 
 48.13, -123.11, 32.8, 2012-09-22 13:17:30, 0.0, None 
 47.98, -123.34, 54.0, 2012-09-22 13:20:00, 0.0, None 
 48.085, -123.01, 60.0, 2012-09-22 13:20:00, 0.0, None 
 48.215, -123.0, 60.0, 2012-09-22 13:27:30, 0.0, None 
 47.95, -123.23, 24.0, 2012-09-22 13:27:30, 0.0, None 
 48.075, -122.995, 24.2, 2012-09-22 13:32:30, 0.0, None 
 48.02, -123.005, 39.0, 2012-09-22 13:35:00, 0.0, None 
 48.045, -123.46, 60.0, 2012-09-22 13:40:00, 0.0, None 
 48.085, -123.61, 49.5, 2012-09-22 13:42:30, 0.0, None 
 48.08, -123.58, 60.0, 2012-09-22 13:45:00, 0.0, None 
 48.275, -122.985, 20.0, 2012-09-22 13:47:30, 0.0, None 
 48.245, -123.0, 54.0, 2012-09-22 13:50:00, 0.0, None 
 48.0, -123.38, 55.0, 2012-09-22 13:52:30, 0.0, None 
 47.985, -123.32, 40.5, 2012-09-22 13:55:00, 0.0, None 
 47.94, -123.57, 60.0, 2012-09-22 13:57:30, 0.0, None 
 48.115, -123.49, 60.0, 2012-09-22 14:07:30, 0.0, None 
 48.155, -123.32799999999999, 20.0, 2012-09-22 14:10:00, 0.0, None 
 48.155, -123.035, 22.8, 2012-09-22 14:12:30, 0.0, None 
 48.07, -122.91, 20.0, 2012-09-22 14:15:00, 0.0, None 
 48.17, -123.072, 35.8, 2012-09-22 14:17:30, 0.0, None 
 48.203, -123.08, 28.5, 2012-09-22 14:20:00, 0.0, None 
 48.203, -123.053, 22.8, 2012-09-22 14:22:30, 0.0, None 
 48.1, -123.37, 55.0, 2012-09-22 14:30:00, 0.0, None 
 48.03, -123.005, 60.0, 2012-09-22 14:32:30, 0.0, None 
 48.03, -123.26, 47.5, 2012-09-22 14:35:00, 0.0, None 
 47.975, -123.15, 44.2, 2012-09-22 14:37:30, 0.0, None 
 48.028, -123.24, 30.0, 2012-09-22 14:40:00, 0.0, None 
 48.18, -123.14, 33.0, 2012-09-22 14:42:30, 0.0, None 
 48.016999999999996, -123.21799999999999, 29.5, 2012-09-22 14:45:00, 0.0, None 
 48.015, -123.33, 20.0, 2012-09-22 14:47:30, 0.0, None 
 48.02, -123.12, 54.0, 2012-09-22 14:50:00, 0.0, None 
 48.07, -123.17, 52.5, 2012-09-22 14:55:00, 0.0, None 
 48.016999999999996, -123.145, 44.5, 2012-09-22 15:02:30, 0.0, None 
 48.03, -123.29, 20.0, 2012-09-22 15:05:00, 0.0, None 
 48.09, -123.27, 20.0, 2012-09-22 15:07:30, 0.0, None 
 48.14, -123.32, 60.0, 2012-09-22 15:10:00, 0.0, None 
 48.31, -123.215, 20.0, 2012-09-22 15:12:30, 0.0, None 
 48.115, -123.45, 60.0, 2012-09-22 15:12:30, 0.0, None 
 48.105, -123.2, 40.0, 2012-09-22 15:15:00, 0.0, None 
 48.22, -123.175, 60.0, 2012-09-22 15:17:30, 0.0, None 
 48.3, -123.31, 20.0, 2012-09-22 15:20:00, 0.0, None 
 48.12, -123.57, 60.0, 2012-09-22 15:20:00, 0.0, None 
 48.19, -123.175, 20.0, 2012-09-22 15:22:30, 0.0, None 
 48.09, -123.13, 40.0, 2012-09-22 15:25:00, 0.0, None 
 48.01, -123.09100000000001, 33.2, 2012-09-22 15:27:30, 0.0, None 
 47.92, -123.2, 31.5, 2012-09-22 15:30:00, 0.0, None 
 48.01, -123.2, 60.0, 2012-09-22 15:32:30, 0.0, None 
 48.075, -123.20299999999999, 37.2, 2012-09-22 15:35:00, 0.0, None 
 48.025, -123.27, 30.8, 2012-09-22 15:37:30, 0.0, None 
 47.99, -122.89, 32.0, 2012-09-22 15:40:00, 0.0, None 
 48.01, -123.57, 32.0, 2012-09-22 15:45:00, 0.0, None 
 47.96, -123.415, 35.0, 2012-09-22 15:47:30, 0.0, None 
 47.97, -123.4, 36.0, 2012-09-22 15:50:00, 0.0, None 
 47.97, -123.06, 49.0, 2012-09-22 16:00:00, 0.0, None 
 48.17, -123.17, 42.0, 2012-09-22 16:10:00, 0.0, None 
 47.91, -123.05, 60.0, 2012-09-22 16:17:30, 0.0, None 
 48.065, -122.995, 40.5, 2012-09-22 16:20:00, 0.0, None 
 48.34, -123.17, 20.0, 2012-09-22 16:22:30, 0.0, None 
 47.96, -123.255, 56.5, 2012-09-22 16:22:30, 0.0, None 
 48.24, -123.0, 20.0, 2012-09-22 16:27:30, 0.0, None 
 48.065, -123.11, 41.0, 2012-09-22 16:35:00, 0.0, None 
 47.958, -123.14, 29.6, 2012-09-22 16:37:30, 0.0, None 
 48.01, -123.095, 41.0, 2012-09-22 16:40:00, 0.0, None 
 47.97, -123.095, 41.0, 2012-09-22 16:42:30, 0.0, None 
 48.115, -123.095, 60.0, 2012-09-22 16:52:30, 0.0, None 
 48.055, -122.855, 36.8, 2012-09-22 16:55:00, 0.0, None 
 48.06, -122.93, 60.0, 2012-09-22 16:57:30, 0.0, None 
 48.14, -122.92, 60.0, 2012-09-22 17:00:00, 0.0, None 
 48.13, -122.9, 38.5, 2012-09-22 17:02:30, 0.0, None 
 48.115, -122.93, 43.0, 2012-09-22 17:05:00, 0.0, None 
 48.145, -122.86, 60.0, 2012-09-22 17:07:30, 0.0, None 
 47.985, -122.76, 43.0, 2012-09-22 17:15:00, 0.0, None 
 48.27, -123.085, 20.0, 2012-09-22 17:17:30, 0.0, None 
 48.09, -122.865, 25.0, 2012-09-22 17:17:30, 0.0, None 
 48.035, -122.86, 29.5, 2012-09-22 17:20:00, 0.0, None 
 47.98, -122.99, 20.0, 2012-09-22 17:22:30, 0.0, None 
 48.08, -122.89, 33.0, 2012-09-22 17:25:00, 0.0, None 
 48.17, -123.4, 35.0, 2012-09-22 17:27:30, 0.0, None 
 48.17, -123.005, 47.0, 2012-09-22 17:27:30, 0.0, None 
 48.115, -123.015, 50.5, 2012-09-22 17:30:00, 0.0, None 
 47.955, -122.86, 33.0, 2012-09-22 17:37:30, 0.0, None 
 48.06, -122.85, 26.5, 2012-09-22 17:40:00, 0.0, None 
 48.12, -122.865, 26.0, 2012-09-22 17:42:30, 0.0, None 
 48.03, -122.79, 60.0, 2012-09-22 17:47:30, 0.0, None 
 48.07, -122.89, 31.0, 2012-09-22 17:50:00, 0.0, None 
 47.99, -122.87, 33.0, 2012-09-22 17:52:30, 0.0, None 
 47.91, -122.915, 60.0, 2012-09-22 17:55:00, 0.0, None 
 48.0, -122.88, 24.0, 2012-09-22 17:57:30, 0.0, None 
 48.04, -122.845, 33.0, 2012-09-22 18:00:00, 0.0, None 
 48.115, -122.965, 27.5, 2012-09-22 18:02:30, 0.0, None 
 48.1, -122.87, 60.0, 2012-09-22 18:05:00, 0.0, None 
 48.1, -122.77, 31.5, 2012-09-22 18:07:30, 0.0, None 
 48.08, -122.75, 60.0, 2012-09-22 18:10:00, 0.0, None 
 48.08, -122.82, 53.0, 2012-09-22 18:12:30, 0.0, None 
 48.08, -123.31, 20.0, 2012-09-22 18:17:30, 0.0, None 
 48.045, -122.8, 40.5, 2012-09-22 18:17:30, 0.0, None 
 48.02, -122.78, 60.0, 2012-09-22 18:20:00, 0.0, None 
 47.99, -123.135, 56.5, 2012-09-22 18:22:30, 0.0, None 
 48.0, -122.96, 56.0, 2012-09-22 18:25:00, 0.0, None 
 47.94, -122.97, 39.0, 2012-09-22 18:30:00, 0.0, None 
 48.115, -122.76, 60.0, 2012-09-22 18:37:30, 0.0, None 
 48.13, -122.76, 60.0, 2012-09-22 18:40:00, 0.0, None 
 48.0, -123.015, 60.0, 2012-09-22 18:42:30, 0.0, None 
 48.095, -123.072, 42.0, 2012-09-22 18:45:00, 0.0, None 
 48.125, -123.085, 35.0, 2012-09-22 18:47:30, 0.0, None 
 48.01, -123.21, 43.0, 2012-09-22 18:50:00, 0.0, None 
 47.96, -123.26, 30.5, 2012-09-22 18:52:30, 0.0, None 
 47.99, -123.33, 60.0, 2012-09-22 18:55:00, 0.0, None 
 48.08, -123.0, 60.0, 2012-09-22 18:57:30, 0.0, None 
 48.09, -123.0, 20.0, 2012-09-22 19:02:30, 0.0, None 
 47.935, -123.155, 28.0, 2012-09-22 19:05:00, 0.0, None 
 47.922, -123.161, 26.2, 2012-09-22 19:07:30, 0.0, None 
 48.175, -122.86, 20.0, 2012-09-22 19:10:00, 0.0, None 
 48.222, -122.875, 20.2, 2012-09-22 19:12:30, 0.0, None 
 47.93, -123.26, 60.0, 2012-09-22 19:20:00, 0.0, None 
 48.22, -123.06, 20.0, 2012-09-22 19:25:00, 0.0, None 
 48.21, -123.12, 20.0, 2012-09-22 19:27:30, 0.0, None 
 47.97, -122.805, 31.0, 2012-09-22 19:32:30, 0.0, None 
 48.1, -122.9, 27.5, 2012-09-22 19:37:30, 0.0, None 
 48.105, -122.9, 21.5, 2012-09-22 19:40:00, 0.0, None 
 47.985, -123.24, 20.0, 2012-09-22 19:50:00, 0.0, None 
 48.01, -123.21, 42.0, 2012-09-22 19:52:30, 0.0, None 
 48.09, -123.2, 58.0, 2012-09-22 19:55:00, 0.0, None 
 48.0, -123.55, 60.0, 2012-09-22 19:57:30, 0.0, None 
 48.16, -123.65, 60.0, 2012-09-22 20:00:00, 0.0, None 
 48.19, -122.985, 32.8, 2012-09-22 20:07:30, 0.0, None 
 48.185, -122.947, 26.8, 2012-09-22 20:10:00, 0.0, None 
 48.06, -123.31, 24.0, 2012-09-22 20:12:30, 0.0, None 
 48.22, -123.155, 32.0, 2012-09-22 20:15:00, 0.0, None 
 48.21, -123.27, 34.0, 2012-09-22 20:17:30, 0.0, None 
 48.14, -123.33, 34.0, 2012-09-22 20:20:00, 0.0, None 
 48.27, -122.9, 20.0, 2012-09-22 20:25:00, 0.0, None 
 48.266999999999996, -122.95, 28.0, 2012-09-22 20:27:30, 0.0, None 
 48.17, -122.785, 55.5, 2012-09-22 20:30:00, 0.0, None 
 48.155, -123.185, 25.5, 2012-09-22 20:32:30, 0.0, None 
 48.075, -123.19, 36.0, 2012-09-22 20:35:00, 0.0, None 
 48.071999999999996, -123.28200000000001, 31.5, 2012-09-22 20:37:30, 0.0, None 
 48.185, -123.205, 20.0, 2012-09-22 20:40:00, 0.0, None 
 48.181999999999995, -123.155, 29.0, 2012-09-22 20:42:30, 0.0, None 
 48.145, -123.20200000000001, 40.8, 2012-09-22 20:45:00, 0.0, None 
 48.19, -122.97, 29.5, 2012-09-22 20:47:30, 0.0, None 
 48.04, -123.36, 27.0, 2012-09-22 20:50:00, 0.0, None 
 48.073, -123.39, 34.0, 2012-09-22 20:52:30, 0.0, None 
 48.085, -123.25, 53.5, 2012-09-22 20:55:00, 0.0, None 
 48.13, -123.355, 49.5, 2012-09-22 20:57:30, 0.0, None 
 47.96, -123.17, 20.0, 2012-09-22 21:00:00, 0.0, None 
 48.023, -123.18299999999999, 38.0, 2012-09-22 21:02:30, 0.0, None 
 48.025, -123.17, 38.0, 2012-09-22 21:05:00, 0.0, None 
 48.28, -123.19, 60.0, 2012-09-22 21:07:30, 0.0, None 
 48.25, -122.925, 38.2, 2012-09-22 21:10:00, 0.0, None 
 48.222, -123.155, 35.0, 2012-09-22 21:12:30, 0.0, None 
 48.05, -123.185, 60.0, 2012-09-22 21:17:30, 0.0, None 
 47.98, -123.095, 33.0, 2012-09-22 21:20:00, 0.0, None 
 48.22, -123.125, 30.0, 2012-09-22 21:22:30, 0.0, None 
 48.215, -123.075, 55.0, 2012-09-22 21:27:30, 0.0, None 
 47.995, -122.77, 60.0, 2012-09-22 21:30:00, 0.0, None 
 48.03, -123.28, 30.0, 2012-09-22 21:32:30, 0.0, None 
 48.065, -123.28200000000001, 31.2, 2012-09-22 21:35:00, 0.0, None 
 48.2, -123.3, 28.0, 2012-09-22 21:37:30, 0.0, None 
 47.91, -123.44, 20.0, 2012-09-22 21:40:00, 0.0, None 
 47.92, -123.4, 20.0, 2012-09-22 21:42:30, 0.0, None 
 48.04, -123.145, 48.0, 2012-09-22 21:47:30, 0.0, None 
 47.955, -123.285, 43.0, 2012-09-22 21:50:00, 0.0, None 
 48.01, -123.19, 60.0, 2012-09-22 21:52:30, 0.0, None 
 47.9, -123.105, 60.0, 2012-09-22 21:57:30, 0.0, None 
 48.19, -123.41, 35.0, 2012-09-22 22:00:00, 0.0, None 
 47.98, -123.05, 60.0, 2012-09-22 22:02:30, 0.0, None 
 48.01, -122.78, 45.5, 2012-09-22 22:05:00, 0.0, None 
 48.07, -123.475, 31.0, 2012-09-22 22:10:00, 0.0, None 
 48.02, -123.195, 35.0, 2012-09-22 22:12:30, 0.0, None 
 48.04, -123.205, 38.5, 2012-09-22 22:15:00, 0.0, None 
 48.01, -123.48, 28.0, 2012-09-22 22:17:30, 0.0, None 
 48.09, -123.155, 60.0, 2012-09-22 22:17:30, 0.0, None 
 48.07, -123.51, 30.0, 2012-09-22 22:20:00, 0.0, None 
 47.99, -123.19, 22.0, 2012-09-22 22:25:00, 0.0, None 
 48.08, -123.38, 34.0, 2012-09-22 22:27:30, 0.0, None 
 47.98, -123.39, 31.0, 2012-09-22 22:30:00, 0.0, None 
 48.02, -123.47, 35.0, 2012-09-22 22:32:30, 0.0, None 
 48.035, -123.5, 49.0, 2012-09-22 22:37:30, 0.0, None 
 47.995, -123.545, 20.5, 2012-09-22 22:45:00, 0.0, None 
 47.92, -123.3, 20.0, 2012-09-22 22:47:30, 0.0, None 
 47.94, -123.31, 34.0, 2012-09-22 22:52:30, 0.0, None 
 48.03, -123.49, 50.5, 2012-09-22 22:55:00, 0.0, None 
 48.0, -123.46, 60.0, 2012-09-22 23:00:00, 0.0, None 
 47.97, -123.04, 60.0, 2012-09-22 23:02:30, 0.0, None 
 48.01, -122.9, 40.0, 2012-09-22 23:05:00, 0.0, None 
 47.91, -122.97, 60.0, 2012-09-22 23:07:30, 0.0, None 
 47.93, -123.22, 48.5, 2012-09-22 23:10:00, 0.0, None 
 48.07, -123.21, 30.5, 2012-09-22 23:15:00, 0.0, None 
 48.19, -123.31, 20.0, 2012-09-22 23:17:30, 0.0, None 
 48.07, -123.38, 44.0, 2012-09-22 23:22:30, 0.0, None 
 48.19, -123.385, 27.0, 2012-09-22 23:25:00, 0.0, None 
 48.185, -123.46, 27.0, 2012-09-22 23:27:30, 0.0, None 
 48.025, -123.11, 60.0, 2012-09-22 23:37:30, 0.0, None 
 48.085, -123.3, 43.0, 2012-09-22 23:40:00, 0.0, None 
 47.89, -123.09, 56.5, 2012-09-22 23:42:30, 0.0, None 
 48.05, -123.13799999999999, 46.5, 2012-09-22 23:45:00, 0.0, None 
 48.17, -123.338, 37.8, 2012-09-22 23:47:30, 0.0, None 
 48.2, -123.43, 32.0, 2012-09-22 23:50:00, 0.0, None 
 48.047, -123.11200000000001, 57.0, 2012-09-22 23:52:30, 0.0, None 
 48.19, -123.37, 34.0, 2012-09-22 23:55:00, 0.0, None 
 48.055, -123.11, 53.0, 2012-09-23 00:00:00, 0.0, None 
 48.01, -122.98, 44.0, 2012-09-23 00:02:30, 0.0, None 
 48.095, -123.01, 60.0, 2012-09-23 00:05:00, 0.0, None 
 48.02, -122.92, 39.0, 2012-09-23 00:07:30, 0.0, None 
 48.0, -123.155, 60.0, 2012-09-23 00:10:00, 0.0, None 
 48.01, -123.29, 47.0, 2012-09-23 00:12:30, 0.0, None 
 47.96, -123.07, 46.5, 2012-09-23 00:15:00, 0.0, None 
 48.02, -123.36, 30.0, 2012-09-23 00:20:00, 0.0, None 
 48.37, -123.31, 60.0, 2012-09-23 00:22:30, 0.0, None 
 48.1, -123.045, 60.0, 2012-09-23 00:22:30, 0.0, None 
 48.07, -123.40700000000001, 27.8, 2012-09-23 00:25:00, 0.0, None 
 47.98, -123.23, 32.2, 2012-09-23 00:27:30, 0.0, None 
 48.01, -123.33, 45.0, 2012-09-23 00:30:00, 0.0, None 
 47.98, -122.92, 42.5, 2012-09-23 00:32:30, 0.0, None 
 47.99, -122.94, 41.0, 2012-09-23 00:35:00, 0.0, None 
 47.975, -123.137, 26.5, 2012-09-23 00:37:30, 0.0, None 
 48.04, -123.0, 43.5, 2012-09-23 00:40:00, 0.0, None 
 47.95, -123.21, 38.0, 2012-09-23 00:42:30, 0.0, None 
 47.92, -123.08, 39.5, 2012-09-23 00:45:00, 0.0, None 
 47.975, -123.22, 39.0, 2012-09-23 00:47:30, 0.0, None 
 47.946999999999996, -123.165, 49.8, 2012-09-23 00:50:00, 0.0, None 
 48.0, -123.07799999999999, 42.2, 2012-09-23 00:52:30, 0.0, None 
 48.04, -122.93, 26.0, 2012-09-23 00:55:00, 0.0, None 
 48.0, -122.92, 37.0, 2012-09-23 00:57:30, 0.0, None 
 48.035, -122.94, 52.0, 2012-09-23 01:00:00, 0.0, None 
 48.203, -123.447, 34.0, 2012-09-23 01:12:30, 0.0, None 
 48.208, -123.523, 46.2, 2012-09-23 01:15:00, 0.0, None 
 47.945, -123.22, 60.0, 2012-09-23 01:20:00, 0.0, None 
 47.855, -123.07600000000001, 44.2, 2012-09-23 01:22:30, 0.0, None 
 48.065, -123.0, 55.0, 2012-09-23 01:25:00, 0.0, None 
 48.24, -123.38, 60.0, 2012-09-23 01:27:30, 0.0, None 
 47.97, -122.96, 42.0, 2012-09-23 01:30:00, 0.0, None 
 47.94, -122.91, 60.0, 2012-09-23 01:32:30, 0.0, None 
 47.84, -122.88, 29.0, 2012-09-23 01:35:00, 0.0, None 
 48.21, -123.51, 20.0, 2012-09-23 01:40:00, 0.0, None 
 47.955, -123.105, 57.0, 2012-09-23 01:40:00, 0.0, None 
 48.095, -123.575, 43.0, 2012-09-23 01:42:30, 0.0, None 
 47.95, -123.39, 60.0, 2012-09-23 01:45:00, 0.0, None 
 48.032, -123.40700000000001, 57.5, 2012-09-23 01:47:30, 0.0, None 
 47.94, -123.44, 60.0, 2012-09-23 01:52:30, 0.0, None 
 47.91, -123.37, 60.0, 2012-09-23 01:55:00, 0.0, None 
 48.01, -123.41, 60.0, 2012-09-23 01:57:30, 0.0, None 
 48.12, -123.65, 50.5, 2012-09-23 02:00:00, 0.0, None 
 48.18, -123.67, 21.8, 2012-09-23 02:02:30, 0.0, None 
 48.175, -123.625, 26.2, 2012-09-23 02:05:00, 0.0, None 
 48.188, -123.648, 25.5, 2012-09-23 02:07:30, 0.0, None 
 48.195, -123.63, 20.0, 2012-09-23 02:12:30, 0.0, None 
 47.915, -123.08, 58.0, 2012-09-23 02:12:30, 0.0, None 
 47.95, -122.94, 34.0, 2012-09-23 02:15:00, 0.0, None 
 47.935, -122.915, 29.5, 2012-09-23 02:17:30, 0.0, None 
 47.975, -123.035, 50.0, 2012-09-23 02:20:00, 0.0, None 
 48.265, -123.62, 20.0, 2012-09-23 02:22:30, 0.0, None 
 48.175, -123.618, 40.0, 2012-09-23 02:25:00, 0.0, None 
 48.01, -123.435, 50.5, 2012-09-23 02:27:30, 0.0, None 
 48.117, -123.555, 36.0, 2012-09-23 02:30:00, 0.0, None 
 48.2, -123.43, 34.0, 2012-09-23 02:32:30, 0.0, None 
 47.99, -123.5, 53.5, 2012-09-23 02:35:00, 0.0, None 
 47.995, -123.3, 58.0, 2012-09-23 02:37:30, 0.0, None 
 48.045, -123.425, 60.0, 2012-09-23 02:40:00, 0.0, None 
 48.22, -123.67, 25.5, 2012-09-23 02:40:00, 0.0, None 
 48.117, -123.575, 35.5, 2012-09-23 02:42:30, 0.0, None 
 48.09, -123.54299999999999, 49.5, 2012-09-23 02:45:00, 0.0, None 
 48.15, -123.445, 40.0, 2012-09-23 02:50:00, 0.0, None 
 48.18, -123.535, 37.2, 2012-09-23 02:52:30, 0.0, None 
 48.236999999999995, -123.52, 26.2, 2012-09-23 02:55:00, 0.0, None 
 48.242, -123.425, 40.0, 2012-09-23 02:57:30, 0.0, None 
 48.222, -123.535, 23.2, 2012-09-23 03:00:00, 0.0, None 
 48.28, -123.49, 40.0, 2012-09-23 03:02:30, 0.0, None 
 48.255, -123.44200000000001, 25.8, 2012-09-23 03:05:00, 0.0, None 
 48.2, -123.48, 48.0, 2012-09-23 03:07:30, 0.0, None 
 48.155, -123.53, 43.5, 2012-09-23 03:10:00, 0.0, None 
 48.2, -123.31, 33.0, 2012-09-23 03:12:30, 0.0, None 
 48.215, -123.345, 31.8, 2012-09-23 03:17:30, 0.0, None 
 48.18, -123.265, 35.8, 2012-09-23 03:20:00, 0.0, None 
 48.19, -123.31, 25.5, 2012-09-23 03:22:30, 0.0, None 
 47.83, -123.09, 23.0, 2012-09-23 03:22:30, 0.0, None 
 48.1, -123.12, 60.0, 2012-09-23 03:25:00, 0.0, None 
 47.975, -122.995, 41.5, 2012-09-23 03:27:30, 0.0, None 
 48.04, -123.4, 27.0, 2012-09-23 03:30:00, 0.0, None 
 47.91, -122.995, 42.0, 2012-09-23 03:35:00, 0.0, None 
 48.22, -123.54, 27.0, 2012-09-23 03:37:30, 0.0, None 
 48.03, -123.32, 48.0, 2012-09-23 03:37:30, 0.0, None 
 48.12, -123.31, 55.5, 2012-09-23 03:50:00, 0.0, None 
 48.2, -123.495, 31.0, 2012-09-23 03:52:30, 0.0, None 
 47.885, -123.13, 20.0, 2012-09-23 04:00:00, 0.0, None 
 47.91, -123.095, 26.0, 2012-09-23 04:02:30, 0.0, None 
 47.91, -123.18, 42.5, 2012-09-23 04:05:00, 0.0, None 
 47.96, -123.19, 60.0, 2012-09-23 04:07:30, 0.0, None 
 47.99, -123.29, 60.0, 2012-09-23 04:10:00, 0.0, None 
 48.192, -123.15700000000001, 50.2, 2012-09-23 04:12:30, 0.0, None 
 48.17, -123.24, 40.0, 2012-09-23 04:15:00, 0.0, None 
 47.9, -123.39, 32.0, 2012-09-23 04:15:00, 0.0, None 
 48.0, -123.32, 40.0, 2012-09-23 04:17:30, 0.0, None 
 48.263000000000005, -123.145, 49.5, 2012-09-23 04:20:00, 0.0, None 
 48.245, -123.12700000000001, 49.5, 2012-09-23 04:22:30, 0.0, None 
 48.225, -122.685, 39.0, 2012-09-23 04:25:00, 0.0, None 
 48.21, -122.57, 25.0, 2012-09-23 04:27:30, 0.0, None 
 47.94, -123.18, 25.0, 2012-09-23 04:27:30, 0.0, None 
 48.01, -122.68, 20.0, 2012-09-23 04:30:00, 0.0, None 
 48.44, -123.08, 20.0, 2012-09-23 04:32:30, 0.0, None 
 48.37, -123.015, 40.0, 2012-09-23 04:37:30, 0.0, None 
 48.3, -123.125, 20.0, 2012-09-23 04:40:00, 0.0, None 
 48.31, -123.09, 20.0, 2012-09-23 04:42:30, 0.0, None 
 48.001999999999995, -123.15299999999999, 37.2, 2012-09-23 04:42:30, 0.0, None 
 47.98, -122.92, 60.0, 2012-09-23 04:45:00, 0.0, None 
 48.39, -122.83, 50.0, 2012-09-23 04:47:30, 0.0, None 
 48.33, -122.885, 27.5, 2012-09-23 04:50:00, 0.0, None 
 47.81, -123.105, 20.0, 2012-09-23 04:52:30, 0.0, None 
 48.26, -122.97, 25.0, 2012-09-23 04:55:00, 0.0, None 
 47.96, -123.13, 40.0, 2012-09-23 04:55:00, 0.0, None 
 48.32, -122.895, 60.0, 2012-09-23 04:57:30, 0.0, None 
 48.36, -122.71799999999999, 27.0, 2012-09-23 05:00:00, 0.0, None 
 48.31, -122.78, 23.8, 2012-09-23 05:02:30, 0.0, None 
 48.37, -122.83, 34.0, 2012-09-23 05:05:00, 0.0, None 
 48.365, -122.72, 27.0, 2012-09-23 05:07:30, 0.0, None 
 48.373000000000005, -122.715, 28.5, 2012-09-23 05:10:00, 0.0, None 
 48.48, -122.81, 60.0, 2012-09-23 05:12:30, 0.0, None 
 48.37, -122.8, 47.0, 2012-09-23 05:17:30, 0.0, None 
 47.795, -123.41, 20.0, 2012-09-23 05:17:30, 0.0, None 
 48.4, -122.79, 32.5, 2012-09-23 05:20:00, 0.0, None 
 47.8, -123.42, 27.0, 2012-09-23 05:20:00, 0.0, None 
 48.415, -122.77, 22.5, 2012-09-23 05:22:30, 0.0, None 
 47.89, -123.295, 30.5, 2012-09-23 05:27:30, 0.0, None 
 47.905, -123.13, 60.0, 2012-09-23 05:35:00, 0.0, None 
 47.9, -123.19, 20.5, 2012-09-23 05:37:30, 0.0, None 
 47.89, -123.2, 20.0, 2012-09-23 05:40:00, 0.0, None 
 47.93, -123.18, 32.0, 2012-09-23 05:42:30, 0.0, None 
 47.93, -123.2, 30.0, 2012-09-23 05:45:00, 0.0, None 
 47.91, -123.19, 32.0, 2012-09-23 05:47:30, 0.0, None 
 47.93, -123.0, 49.0, 2012-09-23 05:50:00, 0.0, None 
 47.74, -123.28, 57.0, 2012-09-23 05:52:30, 0.0, None 
 48.41, -122.79, 29.0, 2012-09-23 05:55:00, 0.0, None 
 48.47, -122.93299999999999, 35.5, 2012-09-23 05:57:30, 0.0, None 
 47.96, -123.225, 60.0, 2012-09-23 06:00:00, 0.0, None 
 47.94, -123.2, 50.0, 2012-09-23 06:02:30, 0.0, None 
 47.99, -123.16, 54.0, 2012-09-23 06:05:00, 0.0, None 
 47.82, -123.46, 35.0, 2012-09-23 06:07:30, 0.0, None 
 47.895, -123.175, 28.0, 2012-09-23 06:10:00, 0.0, None 
 47.945, -123.215, 23.5, 2012-09-23 06:12:30, 0.0, None 
 47.895, -123.12, 27.5, 2012-09-23 06:15:00, 0.0, None 
 47.88, -123.22, 31.0, 2012-09-23 06:17:30, 0.0, None 
 47.93, -123.19, 20.0, 2012-09-23 06:22:30, 0.0, None 
 47.942, -123.20700000000001, 20.0, 2012-09-23 06:25:00, 0.0, None 
 47.945, -123.245, 22.5, 2012-09-23 06:27:30, 0.0, None 
 47.9, -123.23, 35.0, 2012-09-23 06:30:00, 0.0, None 
 47.88, -123.28, 20.0, 2012-09-23 06:32:30, 0.0, None 
 47.91, -123.15, 26.5, 2012-09-23 06:35:00, 0.0, None 
 47.91, -123.15, 27.0, 2012-09-23 06:37:30, 0.0, None 
 47.91, -123.17, 20.0, 2012-09-23 06:40:00, 0.0, None 
 47.93, -123.0, 60.0, 2012-09-23 06:42:30, 0.0, None 
 47.89, -123.09, 39.0, 2012-09-23 06:45:00, 0.0, None 
 47.94, -123.075, 28.5, 2012-09-23 06:47:30, 0.0, None 
 47.945, -123.118, 22.8, 2012-09-23 06:50:00, 0.0, None 
 48.035, -122.97200000000001, 32.0, 2012-09-23 06:52:30, 0.0, None 
 48.025, -123.02, 38.5, 2012-09-23 06:55:00, 0.0, None 
 47.965, -123.2, 57.5, 2012-09-23 06:57:30, 0.0, None 
 47.92, -122.95, 60.0, 2012-09-23 07:00:00, 0.0, None 
 47.96, -122.895, 33.5, 2012-09-23 07:02:30, 0.0, None 
 47.935, -123.04700000000001, 28.0, 2012-09-23 07:05:00, 0.0, None 
 47.865, -122.98700000000001, 35.2, 2012-09-23 07:07:30, 0.0, None 
 47.98, -122.96, 49.0, 2012-09-23 07:10:00, 0.0, None 
 47.945, -122.97, 33.5, 2012-09-23 07:12:30, 0.0, None 
 47.99, -123.1, 32.5, 2012-09-23 07:15:00, 0.0, None 
 47.92, -123.09, 29.0, 2012-09-23 07:17:30, 0.0, None 
 47.93, -122.93, 27.0, 2012-09-23 07:22:30, 0.0, None 
 47.99, -123.07, 26.0, 2012-09-23 07:25:00, 0.0, None 
 48.03, -122.985, 28.8, 2012-09-23 07:27:30, 0.0, None 
 48.005, -123.01, 28.5, 2012-09-23 07:30:00, 0.0, None 
 48.015, -122.963, 28.0, 2012-09-23 07:32:30, 0.0, None 
 47.97, -122.86, 41.0, 2012-09-23 07:35:00, 0.0, None 
 47.96, -122.89, 40.0, 2012-09-23 07:37:30, 0.0, None 
 48.21, -122.92, 48.0, 2012-09-23 07:40:00, 0.0, None 
 47.876999999999995, -122.96799999999999, 25.8, 2012-09-23 07:40:00, 0.0, None 
 48.21, -122.59, 20.0, 2012-09-23 07:47:30, 0.0, None 
 48.135, -122.735, 26.5, 2012-09-23 07:52:30, 0.0, None 
 47.965, -122.698, 49.2, 2012-09-23 07:55:00, 0.0, None 
 47.97, -122.94, 60.0, 2012-09-23 07:57:30, 0.0, None 
 48.032, -122.91, 52.5, 2012-09-23 08:02:30, 0.0, None 
 47.99, -122.95, 46.0, 2012-09-23 08:05:00, 0.0, None 
 47.81, -123.4, 60.0, 2012-09-23 08:07:30, 0.0, None 
 47.825, -123.185, 27.2, 2012-09-23 08:10:00, 0.0, None 
 47.86, -123.15, 60.0, 2012-09-23 08:12:30, 0.0, None 
 48.0, -122.945, 49.0, 2012-09-23 08:15:00, 0.0, None 
 47.903, -123.03, 30.8, 2012-09-23 08:17:30, 0.0, None 
 48.41, -123.02, 34.0, 2012-09-23 08:22:30, 0.0, None 
 47.995, -122.85, 21.5, 2012-09-23 08:25:00, 0.0, None 
 47.98, -123.055, 45.0, 2012-09-23 08:27:30, 0.0, None 
 48.111999999999995, -123.05799999999999, 40.8, 2012-09-23 08:30:00, 0.0, None 
 48.26, -122.7, 28.5, 2012-09-23 08:32:30, 0.0, None 
 48.22, -123.095, 60.0, 2012-09-23 08:32:30, 0.0, None 
 48.22, -122.6, 25.5, 2012-09-23 08:35:00, 0.0, None 
 48.36, -123.05, 60.0, 2012-09-23 08:35:00, 0.0, None 
 48.29, -123.04, 34.2, 2012-09-23 08:37:30, 0.0, None 
 48.338, -123.035, 27.8, 2012-09-23 08:40:00, 0.0, None 
 48.3, -123.0, 37.5, 2012-09-23 08:42:30, 0.0, None 
 48.31, -123.08, 36.0, 2012-09-23 08:45:00, 0.0, None 
 48.263000000000005, -122.935, 28.0, 2012-09-23 08:47:30, 0.0, None 
 48.19, -122.78, 30.0, 2012-09-23 08:50:00, 0.0, None 
 48.39, -123.085, 40.0, 2012-09-23 08:50:00, 0.0, None 
 47.89, -123.07, 45.0, 2012-09-23 08:55:00, 0.0, None 
 48.02, -122.995, 56.0, 2012-09-23 08:57:30, 0.0, None 
 48.01, -123.04, 50.0, 2012-09-23 09:00:00, 0.0, None 
 47.876999999999995, -123.21, 30.5, 2012-09-23 09:05:00, 0.0, None 
 48.085, -123.18, 58.0, 2012-09-23 09:07:30, 0.0, None 
 47.91, -123.22, 28.5, 2012-09-23 09:10:00, 0.0, None 
 47.89, -123.31, 26.0, 2012-09-23 09:12:30, 0.0, None 
 48.305, -122.815, 30.5, 2012-09-23 09:15:00, 0.0, None 
 48.33, -122.757, 27.8, 2012-09-23 09:17:30, 0.0, None 
 48.251999999999995, -122.9, 35.2, 2012-09-23 09:20:00, 0.0, None 
 48.317, -123.085, 40.0, 2012-09-23 09:22:30, 0.0, None 
 48.27, -122.7, 40.0, 2012-09-23 09:25:00, 0.0, None 
 48.34, -123.145, 60.0, 2012-09-23 09:25:00, 0.0, None 
 48.21, -122.71, 38.0, 2012-09-23 09:27:30, 0.0, None 
 48.23, -123.26, 35.0, 2012-09-23 09:30:00, 0.0, None 
 48.251999999999995, -123.19, 35.5, 2012-09-23 09:32:30, 0.0, None 
 48.297, -123.01, 41.5, 2012-09-23 09:35:00, 0.0, None 
 48.31, -122.97, 30.0, 2012-09-23 09:37:30, 0.0, None 
 47.69, -123.29, 60.0, 2012-09-23 09:37:30, 0.0, None 
 48.315, -122.92200000000001, 23.2, 2012-09-23 09:40:00, 0.0, None 
 48.3, -123.095, 38.0, 2012-09-23 09:42:30, 0.0, None 
 48.35, -123.00200000000001, 33.2, 2012-09-23 09:45:00, 0.0, None 
 48.343, -123.015, 30.2, 2012-09-23 09:47:30, 0.0, None 
 47.8, -123.39, 51.0, 2012-09-23 09:47:30, 0.0, None 
 48.225, -122.885, 40.0, 2012-09-23 09:50:00, 0.0, None 
 48.222, -122.94, 30.8, 2012-09-23 09:52:30, 0.0, None 
 48.347, -122.915, 34.5, 2012-09-23 09:55:00, 0.0, None 
 47.67, -123.32, 20.0, 2012-09-23 09:55:00, 0.0, None 
 48.34, -122.99, 60.0, 2012-09-23 09:57:30, 0.0, None 
 48.185, -122.77, 34.0, 2012-09-23 10:00:00, 0.0, None 
 48.29, -123.23, 20.0, 2012-09-23 10:00:00, 0.0, None 
 48.266999999999996, -123.14, 20.0, 2012-09-23 10:02:30, 0.0, None 
 48.265, -123.1, 20.0, 2012-09-23 10:05:00, 0.0, None 
 48.285, -123.135, 20.0, 2012-09-23 10:07:30, 0.0, None 
 48.302, -123.125, 36.8, 2012-09-23 10:10:00, 0.0, None 
 48.285, -123.06, 45.5, 2012-09-23 10:12:30, 0.0, None 
 48.355, -123.045, 43.8, 2012-09-23 10:15:00, 0.0, None 
 48.36, -123.03, 37.8, 2012-09-23 10:17:30, 0.0, None 
 47.91, -123.125, 43.0, 2012-09-23 10:20:00, 0.0, None 
 47.89, -123.11, 36.0, 2012-09-23 10:22:30, 0.0, None 
 47.91, -123.16, 20.0, 2012-09-23 10:27:30, 0.0, None 
 48.25, -123.26, 20.0, 2012-09-23 10:30:00, 0.0, None 
 48.04, -123.09, 43.0, 2012-09-23 10:30:00, 0.0, None 
 48.19, -123.38, 38.5, 2012-09-23 10:32:30, 0.0, None 
 47.86, -122.925, 36.0, 2012-09-23 10:37:30, 0.0, None 
 48.27, -122.61, 51.0, 2012-09-23 10:40:00, 0.0, None 
 47.88, -122.83, 42.0, 2012-09-23 10:40:00, 0.0, None 
 47.94, -122.865, 60.0, 2012-09-23 10:42:30, 0.0, None 
 47.965, -123.115, 36.5, 2012-09-23 10:45:00, 0.0, None 
 47.77, -123.1, 40.5, 2012-09-23 10:50:00, 0.0, None 
 47.895, -122.995, 60.0, 2012-09-23 10:52:30, 0.0, None 
 47.93, -122.9, 40.0, 2012-09-23 10:55:00, 0.0, None 
 48.13, -123.0, 20.0, 2012-09-23 10:57:30, 0.0, None 
 47.89, -122.88, 52.0, 2012-09-23 10:57:30, 0.0, None 
 47.89, -122.995, 43.0, 2012-09-23 11:07:30, 0.0, None 
 47.91, -122.995, 48.0, 2012-09-23 11:10:00, 0.0, None 
 47.94, -122.91, 35.0, 2012-09-23 11:12:30, 0.0, None 
 47.93, -122.94, 33.0, 2012-09-23 11:15:00, 0.0, None 
 47.93, -123.075, 45.0, 2012-09-23 11:17:30, 0.0, None 
 48.3, -123.29, 20.0, 2012-09-23 11:20:00, 0.0, None 
 47.93, -123.07, 50.0, 2012-09-23 11:20:00, 0.0, None 
 47.91, -123.0, 41.5, 2012-09-23 11:22:30, 0.0, None 
 47.92, -122.91, 47.5, 2012-09-23 11:25:00, 0.0, None 
 48.09, -123.16, 20.0, 2012-09-23 11:27:30, 0.0, None 
 47.91, -122.89, 41.5, 2012-09-23 11:27:30, 0.0, None 
 47.89, -122.98, 45.0, 2012-09-23 11:30:00, 0.0, None 
 48.3, -123.215, 36.0, 2012-09-23 11:32:30, 0.0, None 
 47.87, -122.97, 36.0, 2012-09-23 11:32:30, 0.0, None 
 48.19, -123.185, 37.0, 2012-09-23 11:35:00, 0.0, None 
 47.92, -123.05, 60.0, 2012-09-23 11:35:00, 0.0, None 
 47.94, -123.18, 22.5, 2012-09-23 11:37:30, 0.0, None 
 47.953, -123.041, 31.8, 2012-09-23 11:40:00, 0.0, None 
 48.0, -122.985, 32.0, 2012-09-23 11:42:30, 0.0, None 
 48.032, -123.13, 28.5, 2012-09-23 11:45:00, 0.0, None 
 47.91, -123.01, 35.5, 2012-09-23 11:47:30, 0.0, None 
 47.855, -123.12700000000001, 25.8, 2012-09-23 11:50:00, 0.0, None 
 47.88399999999999, -123.164, 34.9, 2012-09-23 11:52:30, 0.0, None 
 47.958, -123.179, 39.0, 2012-09-23 11:55:00, 0.0, None 
 47.91, -123.07, 60.0, 2012-09-23 11:57:30, 0.0, None 
 47.68, -123.3, 47.0, 2012-09-23 11:57:30, 0.0, None 
 47.92, -123.02, 33.0, 2012-09-23 12:00:00, 0.0, None 
 47.86, -123.015, 28.5, 2012-09-23 12:02:30, 0.0, None 
 47.97, -123.315, 20.0, 2012-09-23 12:07:30, 0.0, None 
 48.03, -123.22, 20.0, 2012-09-23 12:10:00, 0.0, None 
 48.24, -123.2, 60.0, 2012-09-23 12:12:30, 0.0, None 
 47.865, -123.14, 20.0, 2012-09-23 12:15:00, 0.0, None 
 47.88, -123.06, 20.0, 2012-09-23 12:17:30, 0.0, None 
 47.845, -123.135, 30.5, 2012-09-23 12:20:00, 0.0, None 
 47.83, -123.3, 20.0, 2012-09-23 12:22:30, 0.0, None 
 47.89, -123.16, 34.5, 2012-09-23 12:25:00, 0.0, None 
 47.9, -123.1, 32.0, 2012-09-23 12:27:30, 0.0, None 
 47.6, -122.77, 20.0, 2012-09-23 12:30:00, 0.0, None 
 47.925, -123.18, 22.5, 2012-09-23 12:30:00, 0.0, None 
 47.903, -123.17200000000001, 20.0, 2012-09-23 12:32:30, 0.0, None 
 47.965, -123.195, 20.0, 2012-09-23 12:35:00, 0.0, None 
 47.9, -123.225, 20.0, 2012-09-23 12:40:00, 0.0, None 
 47.885, -123.165, 21.5, 2012-09-23 12:42:30, 0.0, None 
 47.907, -123.169, 20.0, 2012-09-23 12:45:00, 0.0, None 
 47.82, -123.17, 26.0, 2012-09-23 12:47:30, 0.0, None 
 47.92, -123.105, 53.5, 2012-09-23 12:52:30, 0.0, None 
 47.93, -123.16, 23.0, 2012-09-23 12:55:00, 0.0, None 
 47.83, -123.37, 60.0, 2012-09-23 12:57:30, 0.0, None 
 47.87, -123.08, 31.0, 2012-09-23 13:00:00, 0.0, None 
 47.948, -123.08200000000001, 31.0, 2012-09-23 13:02:30, 0.0, None 
 47.925, -123.04, 36.0, 2012-09-23 13:05:00, 0.0, None 
 47.93, -123.12, 29.4, 2012-09-23 13:07:30, 0.0, None 
 47.9, -122.88, 55.0, 2012-09-23 13:12:30, 0.0, None 
 47.895, -123.03, 20.0, 2012-09-23 13:17:30, 0.0, None 
 48.08, -123.17, 20.0, 2012-09-23 13:20:00, 0.0, None 
 47.855, -123.185, 20.0, 2012-09-23 13:20:00, 0.0, None 
 47.94, -123.085, 27.2, 2012-09-23 13:22:30, 0.0, None 
 47.876999999999995, -123.045, 30.0, 2012-09-23 13:25:00, 0.0, None 
 47.89, -123.015, 31.0, 2012-09-23 13:27:30, 0.0, None 
 47.97, -122.94, 34.0, 2012-09-23 13:30:00, 0.0, None 
 47.93, -123.03200000000001, 26.4, 2012-09-23 13:32:30, 0.0, None 
 47.931000000000004, -123.06, 28.2, 2012-09-23 13:35:00, 0.0, None 
 47.925, -123.155, 29.5, 2012-09-23 13:37:30, 0.0, None 
 47.88, -123.32, 20.0, 2012-09-23 13:40:00, 0.0, None 
 47.815, -123.22, 38.0, 2012-09-23 13:42:30, 0.0, None 
 47.94, -123.155, 60.0, 2012-09-23 13:45:00, 0.0, None 
 48.013000000000005, -123.25200000000001, 29.0, 2012-09-23 13:47:30, 0.0, None 
 48.035, -123.345, 23.8, 2012-09-23 13:50:00, 0.0, None 
 47.9, -123.105, 20.0, 2012-09-23 13:52:30, 0.0, None 
 47.875, -123.08, 32.0, 2012-09-23 13:55:00, 0.0, None 
 47.88, -123.2, 45.5, 2012-09-23 13:57:30, 0.0, None 
 47.9, -123.115, 26.5, 2012-09-23 14:00:00, 0.0, None 
 47.905, -123.09, 24.5, 2012-09-23 14:02:30, 0.0, None 
 47.96, -123.17, 32.5, 2012-09-23 14:05:00, 0.0, None 
 47.96, -123.225, 32.5, 2012-09-23 14:07:30, 0.0, None 
 47.93, -122.995, 28.1, 2012-09-23 14:10:00, 0.0, None 
 47.94, -123.0, 25.0, 2012-09-23 14:12:30, 0.0, None 
 47.92, -123.14, 33.0, 2012-09-23 14:15:00, 0.0, None 
 47.9, -123.17, 50.0, 2012-09-23 14:17:30, 0.0, None 
 47.92, -123.125, 49.0, 2012-09-23 14:20:00, 0.0, None 
 48.07, -123.09, 20.0, 2012-09-23 14:22:30, 0.0, None 
 48.01, -122.97, 20.0, 2012-09-23 14:25:00, 0.0, None 
 48.2, -122.935, 32.0, 2012-09-23 14:27:30, 0.0, None 
 47.92, -123.037, 23.0, 2012-09-23 14:27:30, 0.0, None 
 48.065, -122.96, 30.2, 2012-09-23 14:30:00, 0.0, None 
 47.86, -123.11, 20.0, 2012-09-23 14:30:00, 0.0, None 
 47.97, -122.88, 40.0, 2012-09-23 14:32:30, 0.0, None 
 47.945, -123.055, 33.5, 2012-09-23 14:35:00, 0.0, None 
 47.89, -123.125, 33.8, 2012-09-23 14:37:30, 0.0, None 
 48.02, -123.16, 29.0, 2012-09-23 14:40:00, 0.0, None 
 48.08, -123.285, 20.0, 2012-09-23 14:42:30, 0.0, None 
 48.015, -123.26799999999999, 34.2, 2012-09-23 14:45:00, 0.0, None 
 48.045, -123.22, 34.0, 2012-09-23 14:47:30, 0.0, None 
 47.88, -122.98, 31.5, 2012-09-23 14:52:30, 0.0, None 
 48.09, -123.035, 31.5, 2012-09-23 14:55:00, 0.0, None 
 48.01, -123.12, 60.0, 2012-09-23 14:57:30, 0.0, None 
 48.08, -123.12, 26.0, 2012-09-23 15:00:00, 0.0, None 
 47.73, -123.13, 20.0, 2012-09-23 15:00:00, 0.0, None 
 48.06, -123.11, 35.0, 2012-09-23 15:02:30, 0.0, None 
 47.935, -122.915, 21.0, 2012-09-23 15:05:00, 0.0, None 
 48.023, -123.2, 29.5, 2012-09-23 15:07:30, 0.0, None 
 48.023, -123.257, 31.2, 2012-09-23 15:10:00, 0.0, None 
 48.03, -123.28, 45.0, 2012-09-23 15:12:30, 0.0, None 
 47.83, -123.075, 31.0, 2012-09-23 15:12:30, 0.0, None 
 47.99, -123.51, 57.5, 2012-09-23 15:15:00, 0.0, None 
 47.9, -123.28, 31.0, 2012-09-23 15:17:30, 0.0, None 
 47.865, -123.29, 30.0, 2012-09-23 15:20:00, 0.0, None 
 47.84, -122.91, 41.0, 2012-09-23 15:22:30, 0.0, None 
 47.78, -123.115, 20.0, 2012-09-23 15:25:00, 0.0, None 
 47.8, -123.13, 28.0, 2012-09-23 15:32:30, 0.0, None 
 47.865, -123.145, 23.5, 2012-09-23 15:35:00, 0.0, None 
 48.0, -123.23, 23.0, 2012-09-23 15:37:30, 0.0, None 
 47.89, -123.16, 36.0, 2012-09-23 15:40:00, 0.0, None 
 48.0, -122.96, 48.0, 2012-09-23 15:45:00, 0.0, None 
 47.9, -123.085, 20.0, 2012-09-23 15:47:30, 0.0, None 
 47.9, -123.29, 20.0, 2012-09-23 15:50:00, 0.0, None 
 47.812, -123.165, 23.2, 2012-09-23 15:52:30, 0.0, None 
 47.9, -123.05, 20.0, 2012-09-23 15:55:00, 0.0, None 
 47.98, -123.475, 27.0, 2012-09-23 15:55:00, 0.0, None 
 47.992, -123.285, 40.0, 2012-09-23 15:57:30, 0.0, None 
 47.955, -123.37, 39.5, 2012-09-23 16:00:00, 0.0, None 
 47.95, -123.13, 51.5, 2012-09-23 16:02:30, 0.0, None 
 47.81, -123.15, 35.2, 2012-09-23 16:05:00, 0.0, None 
 47.91, -123.175, 20.0, 2012-09-23 16:07:30, 0.0, None 
 47.96, -123.1, 29.0, 2012-09-23 16:10:00, 0.0, None 
 48.095, -123.495, 20.0, 2012-09-23 16:12:30, 0.0, None 
 47.918, -123.25, 30.5, 2012-09-23 16:12:30, 0.0, None 
 47.92, -123.24, 27.9, 2012-09-23 16:15:00, 0.0, None 
 47.94, -123.05, 35.0, 2012-09-23 16:17:30, 0.0, None 
 47.875, -122.98, 33.0, 2012-09-23 16:22:30, 0.0, None 
 47.89, -123.4, 20.0, 2012-09-23 16:22:30, 0.0, None 
 48.24, -122.91, 60.0, 2012-09-23 16:27:30, 0.0, None 
 47.93, -123.43, 20.0, 2012-09-23 16:30:00, 0.0, None 
 48.11, -123.31, 32.0, 2012-09-23 16:32:30, 0.0, None 
 47.903, -123.025, 27.5, 2012-09-23 16:35:00, 0.0, None 
 47.975, -123.09700000000001, 31.0, 2012-09-23 16:37:30, 0.0, None 
 47.935, -123.065, 33.0, 2012-09-23 16:40:00, 0.0, None 
 47.89, -123.23, 54.0, 2012-09-23 16:42:30, 0.0, None 
 47.9, -123.28, 25.0, 2012-09-23 16:45:00, 0.0, None 
 47.935, -123.14, 54.2, 2012-09-23 16:47:30, 0.0, None 
 47.83, -123.16, 33.0, 2012-09-23 16:55:00, 0.0, None 
 47.81, -123.12, 22.5, 2012-09-23 16:57:30, 0.0, None 
 47.99, -123.61, 31.0, 2012-09-23 17:00:00, 0.0, None 
 48.015, -123.62, 40.0, 2012-09-23 17:02:30, 0.0, None 
 47.87, -123.45, 33.0, 2012-09-23 17:07:30, 0.0, None 
 47.765, -123.125, 20.0, 2012-09-23 17:10:00, 0.0, None 
 47.725, -123.16, 20.0, 2012-09-23 17:12:30, 0.0, None 
 47.8, -123.39, 20.0, 2012-09-23 17:20:00, 0.0, None 
 47.9, -123.25, 20.0, 2012-09-23 17:22:30, 0.0, None 
 47.861999999999995, -123.154, 22.0, 2012-09-23 17:25:00, 0.0, None 
 47.79, -123.36, 51.0, 2012-09-23 17:32:30, 0.0, None 
 48.06, -123.59, 21.0, 2012-09-23 17:35:00, 0.0, None 
 47.82, -123.13, 45.0, 2012-09-23 17:37:30, 0.0, None 
 47.84, -123.29, 28.5, 2012-09-23 17:50:00, 0.0, None 
 47.92, -123.31, 29.0, 2012-09-23 17:52:30, 0.0, None 
 47.925, -123.265, 24.0, 2012-09-23 17:55:00, 0.0, None 
 48.01, -123.47, 39.0, 2012-09-23 17:57:30, 0.0, None 
 47.76, -123.30799999999999, 25.8, 2012-09-23 18:00:00, 0.0, None 
 47.89, -123.38, 35.0, 2012-09-23 18:02:30, 0.0, None 
 47.97, -123.17, 40.0, 2012-09-23 18:07:30, 0.0, None 
 47.93, -123.23700000000001, 33.5, 2012-09-23 18:10:00, 0.0, None 
 47.9, -123.24, 33.0, 2012-09-23 18:12:30, 0.0, None 
 47.83, -123.37, 60.0, 2012-09-23 18:15:00, 0.0, None 
 47.87, -123.101, 23.0, 2012-09-23 18:17:30, 0.0, None 
 47.876999999999995, -123.072, 25.6, 2012-09-23 18:20:00, 0.0, None 
 47.925, -123.15, 20.0, 2012-09-23 18:22:30, 0.0, None 
 47.91, -123.18, 32.0, 2012-09-23 18:25:00, 0.0, None 
 47.89, -122.99, 33.0, 2012-09-23 18:27:30, 0.0, None 
 47.83, -123.115, 31.5, 2012-09-23 18:30:00, 0.0, None 
 47.88, -123.015, 41.0, 2012-09-23 18:32:30, 0.0, None 
 47.74, -122.95, 60.0, 2012-09-23 18:37:30, 0.0, None 
 47.89, -123.055, 60.0, 2012-09-23 18:40:00, 0.0, None 
 47.9, -123.17, 20.0, 2012-09-23 18:45:00, 0.0, None 
 48.13, -123.28, 27.0, 2012-09-23 18:47:30, 0.0, None 
 47.89, -123.14, 30.0, 2012-09-23 18:47:30, 0.0, None 
 47.82, -123.125, 40.5, 2012-09-23 18:52:30, 0.0, None 
 47.912, -123.175, 21.0, 2012-09-23 18:55:00, 0.0, None 
 47.835, -123.05, 48.0, 2012-09-23 18:57:30, 0.0, None 
 48.09, -123.23, 20.0, 2012-09-23 19:00:00, 0.0, None 
 47.815, -123.1, 29.0, 2012-09-23 19:00:00, 0.0, None 
 47.9, -123.205, 20.0, 2012-09-23 19:02:30, 0.0, None 
 47.852, -123.2, 26.8, 2012-09-23 19:05:00, 0.0, None 
 47.91, -123.165, 32.5, 2012-09-23 19:10:00, 0.0, None 
 47.96, -123.27, 40.0, 2012-09-23 19:12:30, 0.0, None 
 47.92, -123.355, 43.5, 2012-09-23 19:15:00, 0.0, None 
 47.88, -123.2, 23.5, 2012-09-23 19:17:30, 0.0, None 
 47.925, -123.295, 20.0, 2012-09-23 19:20:00, 0.0, None 
 47.74, -123.05, 20.0, 2012-09-23 19:20:00, 0.0, None 
 47.925, -123.285, 23.2, 2012-09-23 19:22:30, 0.0, None 
 47.84, -123.12, 20.0, 2012-09-23 19:25:00, 0.0, None 
 47.87, -123.16, 20.0, 2012-09-23 19:27:30, 0.0, None 
 47.86, -123.14, 23.0, 2012-09-23 19:30:00, 0.0, None 
 47.898, -123.175, 20.0, 2012-09-23 19:32:30, 0.0, None 
 47.85, -123.15, 20.0, 2012-09-23 19:35:00, 0.0, None 
 47.89, -123.21, 20.0, 2012-09-23 19:37:30, 0.0, None 
 47.945, -123.265, 20.0, 2012-09-23 19:40:00, 0.0, None 
 47.9, -123.01, 28.5, 2012-09-23 19:45:00, 0.0, None 
 47.89, -123.08, 43.0, 2012-09-23 19:47:30, 0.0, None 
 47.89, -123.03, 33.0, 2012-09-23 19:50:00, 0.0, None 
 47.85, -123.0, 30.5, 2012-09-23 19:52:30, 0.0, None 
 47.88, -123.072, 20.0, 2012-09-23 19:55:00, 0.0, None 
 47.907, -123.035, 25.2, 2012-09-23 19:57:30, 0.0, None 
 47.913999999999994, -122.961, 25.8, 2012-09-23 20:00:00, 0.0, None 
 47.86, -122.96, 25.2, 2012-09-23 20:02:30, 0.0, None 
 47.83, -122.96, 35.0, 2012-09-23 20:05:00, 0.0, None 
 47.8, -123.07, 29.0, 2012-09-23 20:07:30, 0.0, None 
 47.8, -123.2, 20.0, 2012-09-23 20:17:30, 0.0, None 
 47.95, -122.795, 20.0, 2012-09-23 20:22:30, 0.0, None 
 48.045, -122.915, 39.0, 2012-09-23 20:32:30, 0.0, None 
 48.07, -122.93, 38.0, 2012-09-23 20:35:00, 0.0, None 
 48.04, -123.0, 60.0, 2012-09-23 20:37:30, 0.0, None 
 48.12, -123.365, 20.0, 2012-09-23 20:40:00, 0.0, None 
 48.045, -122.89, 43.0, 2012-09-23 20:40:00, 0.0, None 
 48.1, -123.35, 20.0, 2012-09-23 20:42:30, 0.0, None 
 47.94, -122.93, 60.0, 2012-09-23 20:42:30, 0.0, None 
 47.995, -122.955, 53.0, 2012-09-23 20:45:00, 0.0, None 
 47.94, -122.99, 20.0, 2012-09-23 20:47:30, 0.0, None 
 48.035, -123.37, 60.0, 2012-09-23 20:50:00, 0.0, None 
 47.91, -123.37, 20.0, 2012-09-23 20:52:30, 0.0, None 
 47.86, -123.4, 20.0, 2012-09-23 20:55:00, 0.0, None 
 47.91, -123.045, 60.0, 2012-09-23 20:57:30, 0.0, None 
 47.89, -123.125, 20.0, 2012-09-23 21:00:00, 0.0, None 
 47.895, -123.125, 26.2, 2012-09-23 21:02:30, 0.0, None 
 47.885, -123.085, 37.0, 2012-09-23 21:05:00, 0.0, None 
 47.86, -123.185, 55.0, 2012-09-23 21:07:30, 0.0, None 
 47.82, -123.13, 20.0, 2012-09-23 21:10:00, 0.0, None 
 47.83, -123.22, 41.0, 2012-09-23 21:27:30, 0.0, None 
 47.99, -123.42, 20.0, 2012-09-23 21:30:00, 0.0, None 
 47.89, -123.05, 20.0, 2012-09-23 21:32:30, 0.0, None 
 47.93, -123.07, 57.5, 2012-09-23 21:35:00, 0.0, None 
 47.9, -123.06, 32.0, 2012-09-23 21:37:30, 0.0, None 
 47.89, -123.145, 20.0, 2012-09-23 21:45:00, 0.0, None 
 48.032, -123.135, 25.2, 2012-09-23 21:47:30, 0.0, None 
 47.81, -123.25, 49.0, 2012-09-23 21:57:30, 0.0, None 
 47.87, -123.02, 45.5, 2012-09-23 22:00:00, 0.0, None 
 47.83, -122.925, 38.5, 2012-09-23 22:02:30, 0.0, None 
 47.85, -122.98, 41.5, 2012-09-23 22:05:00, 0.0, None 
 47.8, -123.18, 20.0, 2012-09-23 22:07:30, 0.0, None 
 47.87, -123.085, 38.0, 2012-09-23 22:10:00, 0.0, None 
 47.85, -123.13, 20.0, 2012-09-23 22:12:30, 0.0, None 
 47.83, -123.065, 25.5, 2012-09-23 22:15:00, 0.0, None 
 47.945, -122.96, 26.5, 2012-09-23 22:22:30, 0.0, None 
 47.945, -123.0, 27.0, 2012-09-23 22:25:00, 0.0, None 
 47.885, -123.3, 55.5, 2012-09-23 22:27:30, 0.0, None 
 47.82, -122.985, 28.5, 2012-09-23 22:32:30, 0.0, None 
 47.81, -123.09, 27.0, 2012-09-23 22:35:00, 0.0, None 
 47.81, -123.045, 34.0, 2012-09-23 22:37:30, 0.0, None 
 47.98, -122.79, 60.0, 2012-09-23 22:40:00, 0.0, None 
 47.83, -123.11, 34.0, 2012-09-23 22:42:30, 0.0, None 
 47.98, -123.33, 60.0, 2012-09-23 22:52:30, 0.0, None 
 47.81, -123.2, 38.5, 2012-09-23 22:57:30, 0.0, None 
 47.81, -123.29, 25.0, 2012-09-23 23:00:00, 0.0, None 
 47.89, -123.12, 24.0, 2012-09-23 23:02:30, 0.0, None 
 47.82, -123.03, 33.5, 2012-09-23 23:05:00, 0.0, None 
 47.82, -123.05, 36.0, 2012-09-23 23:07:30, 0.0, None 
 47.905, -123.06200000000001, 27.0, 2012-09-23 23:10:00, 0.0, None 
 47.83, -122.98, 20.0, 2012-09-23 23:12:30, 0.0, None 
 47.876999999999995, -123.12700000000001, 38.5, 2012-09-23 23:15:00, 0.0, None 
 47.82, -123.113, 41.8, 2012-09-23 23:17:30, 0.0, None 
 47.82, -123.12, 60.0, 2012-09-23 23:20:00, 0.0, None 
 47.87, -123.175, 30.5, 2012-09-23 23:22:30, 0.0, None 
 47.88, -123.32, 23.5, 2012-09-23 23:25:00, 0.0, None 
 47.91, -123.31, 20.0, 2012-09-23 23:27:30, 0.0, None 
 47.895, -123.189, 24.0, 2012-09-23 23:30:00, 0.0, None 
 47.855, -123.16, 20.0, 2012-09-23 23:32:30, 0.0, None 
 47.88, -123.28, 20.0, 2012-09-23 23:35:00, 0.0, None 
 47.78, -123.20299999999999, 34.5, 2012-09-23 23:37:30, 0.0, None 
 47.785, -123.17, 29.0, 2012-09-23 23:40:00, 0.0, None 
 47.87, -123.18, 20.0, 2012-09-23 23:42:30, 0.0, None 
 47.9, -123.17, 27.5, 2012-09-23 23:45:00, 0.0, None 
 47.94, -123.17, 28.8, 2012-09-23 23:47:30, 0.0, None 
 47.93, -123.15, 25.0, 2012-09-23 23:50:00, 0.0, None 
 48.185, -123.15, 60.0, 2012-09-23 23:52:30, 0.0, None 
 48.015, -123.12, 60.0, 2012-09-23 23:55:00, 0.0, None 
 47.965, -123.28, 22.5, 2012-09-24 00:00:00, 0.0, None 
 47.82, -123.25, 26.5, 2012-09-24 00:02:30, 0.0, None 
 48.04, -123.21, 43.0, 2012-09-24 00:05:00, 0.0, None 
 47.8, -123.27, 20.0, 2012-09-24 00:07:30, 0.0, None 
 47.83, -123.27, 20.0, 2012-09-24 00:10:00, 0.0, None 
 47.975, -123.335, 22.5, 2012-09-24 00:12:30, 0.0, None 
 47.825, -123.255, 23.0, 2012-09-24 00:15:00, 0.0, None 
 47.8, -123.185, 20.0, 2012-09-24 00:17:30, 0.0, None 
 47.82, -123.14, 41.0, 2012-09-24 00:20:00, 0.0, None 
 47.81, -123.11, 33.0, 2012-09-24 00:22:30, 0.0, None 
 47.82, -123.04, 32.0, 2012-09-24 00:25:00, 0.0, None 
 47.815, -123.075, 43.5, 2012-09-24 00:27:30, 0.0, None 
 47.84, -122.98, 38.0, 2012-09-24 00:30:00, 0.0, None 
 47.79, -122.95, 34.0, 2012-09-24 00:32:30, 0.0, None 
 47.72, -123.21, 44.0, 2012-09-24 00:37:30, 0.0, None 
 47.915, -123.31, 47.0, 2012-09-24 00:42:30, 0.0, None 
 47.83, -123.255, 20.0, 2012-09-24 00:45:00, 0.0, None 
 48.06, -122.85, 60.0, 2012-09-24 00:47:30, 0.0, None 
 47.8, -122.955, 25.2, 2012-09-24 00:50:00, 0.0, None 
 47.751999999999995, -123.00200000000001, 25.0, 2012-09-24 00:52:30, 0.0, None 
 47.79, -122.91, 33.0, 2012-09-24 00:57:30, 0.0, None 
 47.77, -122.9, 29.5, 2012-09-24 01:00:00, 0.0, None 
 47.77, -123.195, 30.5, 2012-09-24 01:02:30, 0.0, None 
 47.84, -123.02, 40.0, 2012-09-24 01:05:00, 0.0, None 
 47.82, -122.995, 25.5, 2012-09-24 01:07:30, 0.0, None 
 47.84, -122.94, 30.5, 2012-09-24 01:10:00, 0.0, None 
 47.825, -123.025, 20.0, 2012-09-24 01:12:30, 0.0, None 
 47.9, -123.088, 20.0, 2012-09-24 01:15:00, 0.0, None 
 47.85, -123.12, 32.0, 2012-09-24 01:17:30, 0.0, None 
 47.83, -123.13, 29.0, 2012-09-24 01:20:00, 0.0, None 
 47.825, -123.14, 23.5, 2012-09-24 01:22:30, 0.0, None 
 47.81, -123.13, 29.0, 2012-09-24 01:25:00, 0.0, None 
 47.79, -123.13, 39.5, 2012-09-24 01:27:30, 0.0, None 
 47.858000000000004, -123.06, 30.0, 2012-09-24 01:30:00, 0.0, None 
 47.875, -123.115, 24.8, 2012-09-24 01:32:30, 0.0, None 
 47.89, -123.35, 30.5, 2012-09-24 01:35:00, 0.0, None 
 47.8, -123.35, 22.0, 2012-09-24 01:37:30, 0.0, None 
 47.85, -123.295, 20.0, 2012-09-24 01:40:00, 0.0, None 
 47.922, -123.275, 22.2, 2012-09-24 01:42:30, 0.0, None 
 47.98, -123.44, 20.0, 2012-09-24 01:45:00, 0.0, None 
 47.9, -123.225, 20.0, 2012-09-24 01:47:30, 0.0, None 
 47.82, -123.18, 22.0, 2012-09-24 01:50:00, 0.0, None 
 47.88, -123.28, 26.0, 2012-09-24 01:52:30, 0.0, None 
 47.75, -123.3, 60.0, 2012-09-24 01:57:30, 0.0, None 
 47.94, -123.33, 20.0, 2012-09-24 02:00:00, 0.0, None 
 47.88, -123.2, 24.0, 2012-09-24 02:02:30, 0.0, None 
 47.97, -123.18, 20.5, 2012-09-24 02:05:00, 0.0, None 
 47.91, -123.11, 20.2, 2012-09-24 02:07:30, 0.0, None 
 47.88, -123.16, 24.0, 2012-09-24 02:10:00, 0.0, None 
 47.82, -123.17, 20.0, 2012-09-24 02:15:00, 0.0, None 
 47.865, -123.04700000000001, 20.0, 2012-09-24 02:17:30, 0.0, None 
 47.82, -123.02, 32.0, 2012-09-24 02:20:00, 0.0, None 
 47.82, -123.0, 33.0, 2012-09-24 02:22:30, 0.0, None 
 47.8, -122.94200000000001, 26.2, 2012-09-24 02:25:00, 0.0, None 
 47.755, -122.965, 37.5, 2012-09-24 02:27:30, 0.0, None 
 47.83, -122.965, 21.0, 2012-09-24 02:30:00, 0.0, None 
 47.84, -122.96, 29.5, 2012-09-24 02:32:30, 0.0, None 
 47.8, -122.91, 39.0, 2012-09-24 02:35:00, 0.0, None 
 47.8, -122.96, 50.0, 2012-09-24 02:37:30, 0.0, None 
 47.85, -123.215, 43.0, 2012-09-24 02:50:00, 0.0, None 
 47.79, -123.03, 60.0, 2012-09-24 02:52:30, 0.0, None 
 47.765, -122.965, 60.0, 2012-09-24 03:02:30, 0.0, None 
 47.835, -122.875, 20.0, 2012-09-24 03:07:30, 0.0, None 
 47.79, -122.78, 26.0, 2012-09-24 03:10:00, 0.0, None 
 47.74, -122.77, 30.0, 2012-09-24 03:12:30, 0.0, None 
 47.76, -122.79, 30.0, 2012-09-24 03:15:00, 0.0, None 
 47.85, -123.28, 31.5, 2012-09-24 03:22:30, 0.0, None 
 47.85, -123.38, 46.0, 2012-09-24 03:25:00, 0.0, None 
 47.87, -123.32, 31.0, 2012-09-24 03:27:30, 0.0, None 
 47.89, -123.33, 30.0, 2012-09-24 03:30:00, 0.0, None 
 47.93, -123.32, 29.0, 2012-09-24 03:32:30, 0.0, None 
 47.838, -123.227, 21.5, 2012-09-24 03:35:00, 0.0, None 
 47.925, -123.34299999999999, 34.5, 2012-09-24 03:37:30, 0.0, None 
 47.9, -123.25, 54.0, 2012-09-24 03:40:00, 0.0, None 
 47.8, -123.27, 20.0, 2012-09-24 03:42:30, 0.0, None 
 47.81, -123.27, 20.0, 2012-09-24 03:45:00, 0.0, None 
 47.81, -123.315, 20.0, 2012-09-24 03:47:30, 0.0, None 
 48.09, -123.19, 44.0, 2012-09-24 03:50:00, 0.0, None 
 47.8, -123.38, 20.0, 2012-09-24 03:50:00, 0.0, None 
 47.88, -123.33200000000001, 34.0, 2012-09-24 03:52:30, 0.0, None 
 47.83, -123.31, 42.0, 2012-09-24 03:55:00, 0.0, None 
 47.79, -123.26, 60.0, 2012-09-24 03:57:30, 0.0, None 
 47.755, -123.15, 20.0, 2012-09-24 04:00:00, 0.0, None 
 47.795, -123.175, 41.0, 2012-09-24 04:02:30, 0.0, None 
 47.81, -123.09, 34.0, 2012-09-24 04:05:00, 0.0, None 
 47.82, -123.02, 30.0, 2012-09-24 04:07:30, 0.0, None 
 47.815, -123.04, 21.5, 2012-09-24 04:10:00, 0.0, None 
 47.8, -123.0, 20.0, 2012-09-24 04:12:30, 0.0, None 
 47.875, -122.965, 29.5, 2012-09-24 04:15:00, 0.0, None 
 47.875, -122.925, 40.0, 2012-09-24 04:17:30, 0.0, None 
 47.88, -122.89, 44.0, 2012-09-24 04:20:00, 0.0, None 
 47.905, -123.215, 49.5, 2012-09-24 04:27:30, 0.0, None 
 47.835, -122.7, 20.0, 2012-09-24 04:30:00, 0.0, None 
 47.8, -123.22, 44.5, 2012-09-24 04:37:30, 0.0, None 
 47.77, -122.8, 33.0, 2012-09-24 04:47:30, 0.0, None 
 47.775, -122.815, 31.5, 2012-09-24 04:50:00, 0.0, None 
 47.77, -122.81, 28.0, 2012-09-24 04:52:30, 0.0, None 
 47.67, -122.85, 47.0, 2012-09-24 04:55:00, 0.0, None 
 47.7, -123.085, 56.0, 2012-09-24 04:57:30, 0.0, None 
 47.78, -123.22, 20.0, 2012-09-24 05:17:30, 0.0, None 
 47.76, -123.07, 31.0, 2012-09-24 05:20:00, 0.0, None 
 47.78, -123.25, 20.0, 2012-09-24 05:22:30, 0.0, None 
 47.84, -123.34, 25.0, 2012-09-24 05:25:00, 0.0, None 
 47.78, -123.09, 33.0, 2012-09-24 05:32:30, 0.0, None 
 47.78, -123.12, 32.0, 2012-09-24 05:35:00, 0.0, None 
 47.81, -123.29, 24.0, 2012-09-24 05:37:30, 0.0, None 
 47.78, -123.11, 30.0, 2012-09-24 05:40:00, 0.0, None 
 47.805, -123.02, 20.5, 2012-09-24 05:42:30, 0.0, None 
 47.82, -123.07, 28.0, 2012-09-24 05:45:00, 0.0, None 
 47.8, -123.305, 60.0, 2012-09-24 05:47:30, 0.0, None 
 47.845, -123.31700000000001, 27.0, 2012-09-24 05:50:00, 0.0, None 
 48.035, -123.33, 20.5, 2012-09-24 05:52:30, 0.0, None 
 47.78, -123.38, 33.5, 2012-09-24 05:52:30, 0.0, None 
 47.91, -123.32, 22.0, 2012-09-24 05:55:00, 0.0, None 
 47.79, -123.36, 50.0, 2012-09-24 05:57:30, 0.0, None 
 47.825, -123.35, 25.5, 2012-09-24 06:00:00, 0.0, None 
 47.833999999999996, -123.27600000000001, 22.0, 2012-09-24 06:02:30, 0.0, None 
 47.855, -123.335, 27.8, 2012-09-24 06:05:00, 0.0, None 
 47.84, -123.42, 28.0, 2012-09-24 06:07:30, 0.0, None 
 47.895, -123.39, 32.0, 2012-09-24 06:10:00, 0.0, None 
 47.89, -123.27, 52.0, 2012-09-24 06:12:30, 0.0, None 
 47.97, -123.43, 30.0, 2012-09-24 06:15:00, 0.0, None 
 47.83, -123.295, 21.0, 2012-09-24 06:17:30, 0.0, None 
 47.82, -123.17, 20.0, 2012-09-24 06:20:00, 0.0, None 
 47.76, -123.0, 28.5, 2012-09-24 06:22:30, 0.0, None 
 47.775, -123.0, 24.0, 2012-09-24 06:25:00, 0.0, None 
 47.79, -123.08, 28.0, 2012-09-24 06:27:30, 0.0, None 
 47.81, -123.13, 28.5, 2012-09-24 06:30:00, 0.0, None 
 47.79, -123.015, 29.5, 2012-09-24 06:32:30, 0.0, None 
 47.725, -123.17, 41.0, 2012-09-24 06:35:00, 0.0, None 
 47.72, -123.41, 60.0, 2012-09-24 06:40:00, 0.0, None 
 47.81, -122.89, 59.0, 2012-09-24 06:50:00, 0.0, None 
 47.86, -123.38, 60.0, 2012-09-24 06:55:00, 0.0, None 
 47.86, -123.225, 60.0, 2012-09-24 06:57:30, 0.0, None 
 47.81, -123.2, 20.0, 2012-09-24 07:00:00, 0.0, None 
 47.81, -123.15, 31.0, 2012-09-24 07:02:30, 0.0, None 
 47.891999999999996, -123.2, 22.0, 2012-09-24 07:05:00, 0.0, None 
 47.825, -123.135, 26.5, 2012-09-24 07:07:30, 0.0, None 
 47.875, -123.10700000000001, 24.5, 2012-09-24 07:10:00, 0.0, None 
 47.81, -123.09, 32.0, 2012-09-24 07:12:30, 0.0, None 
 47.85, -123.02, 35.0, 2012-09-24 07:15:00, 0.0, None 
 47.83, -123.12, 26.0, 2012-09-24 07:17:30, 0.0, None 
 47.81, -123.055, 36.0, 2012-09-24 07:20:00, 0.0, None 
 47.8, -123.08200000000001, 23.2, 2012-09-24 07:22:30, 0.0, None 
 47.765, -123.19, 20.0, 2012-09-24 07:25:00, 0.0, None 
 47.86, -123.11, 32.0, 2012-09-24 07:27:30, 0.0, None 
 47.88, -123.07, 21.5, 2012-09-24 07:30:00, 0.0, None 
 47.91, -123.08, 20.0, 2012-09-24 07:32:30, 0.0, None 
 47.91, -123.06, 39.0, 2012-09-24 07:35:00, 0.0, None 
 47.88, -123.12, 31.5, 2012-09-24 07:37:30, 0.0, None 
 47.825, -122.977, 32.8, 2012-09-24 07:40:00, 0.0, None 
 47.93, -123.135, 23.5, 2012-09-24 07:42:30, 0.0, None 
 47.93, -123.165, 24.0, 2012-09-24 07:45:00, 0.0, None 
 47.905, -123.292, 26.8, 2012-09-24 07:47:30, 0.0, None 
 47.835, -123.225, 21.5, 2012-09-24 07:50:00, 0.0, None 
 47.867, -123.205, 25.0, 2012-09-24 07:52:30, 0.0, None 
 47.861999999999995, -123.205, 22.2, 2012-09-24 07:55:00, 0.0, None 
 47.9, -123.19, 30.5, 2012-09-24 07:57:30, 0.0, None 
 47.87, -123.165, 23.5, 2012-09-24 08:00:00, 0.0, None 
 47.931999999999995, -123.304, 29.0, 2012-09-24 08:02:30, 0.0, None 
 47.9, -123.285, 32.8, 2012-09-24 08:05:00, 0.0, None 
 47.795, -123.49, 54.0, 2012-09-24 08:07:30, 0.0, None 
 47.95, -123.21799999999999, 26.0, 2012-09-24 08:10:00, 0.0, None 
 47.85, -123.22, 23.0, 2012-09-24 08:12:30, 0.0, None 
 47.9, -123.20299999999999, 25.0, 2012-09-24 08:15:00, 0.0, None 
 47.933, -123.13, 22.0, 2012-09-24 08:17:30, 0.0, None 
 47.86, -123.205, 43.0, 2012-09-24 08:20:00, 0.0, None 
 47.875, -123.22, 20.0, 2012-09-24 08:22:30, 0.0, None 
 48.015, -123.325, 20.0, 2012-09-24 08:25:00, 0.0, None 
 47.78, -123.12, 37.0, 2012-09-24 08:25:00, 0.0, None 
 47.81, -123.14, 28.5, 2012-09-24 08:27:30, 0.0, None 
 47.87, -123.29, 48.0, 2012-09-24 08:30:00, 0.0, None 
 47.81, -123.11, 50.0, 2012-09-24 08:32:30, 0.0, None 
 47.69, -122.92, 60.0, 2012-09-24 08:40:00, 0.0, None 
 47.8, -123.315, 60.0, 2012-09-24 08:42:30, 0.0, None 
 47.7, -122.88, 60.0, 2012-09-24 08:45:00, 0.0, None 
 47.845, -123.2, 51.5, 2012-09-24 08:45:00, 0.0, None 
 47.91, -122.92, 33.0, 2012-09-24 08:50:00, 0.0, None 
 47.875, -123.00200000000001, 30.8, 2012-09-24 08:52:30, 0.0, None 
 47.91, -122.96, 43.0, 2012-09-24 08:55:00, 0.0, None 
 47.92, -122.99, 44.0, 2012-09-24 08:57:30, 0.0, None 
 47.935, -122.96, 38.0, 2012-09-24 09:00:00, 0.0, None 
 47.925, -122.965, 41.0, 2012-09-24 09:02:30, 0.0, None 
 47.99, -122.995, 43.0, 2012-09-24 09:05:00, 0.0, None 
 47.92, -123.06, 41.0, 2012-09-24 09:07:30, 0.0, None 
 47.86, -123.18, 36.5, 2012-09-24 09:10:00, 0.0, None 
 47.8, -123.43, 20.0, 2012-09-24 09:12:30, 0.0, None 
 47.79, -123.42, 20.0, 2012-09-24 09:15:00, 0.0, None 
 47.876999999999995, -123.3, 20.0, 2012-09-24 09:20:00, 0.0, None 
 47.78, -123.27, 47.5, 2012-09-24 09:22:30, 0.0, None 
 47.83, -123.17, 60.0, 2012-09-24 09:25:00, 0.0, None 
 47.74, -123.16, 20.0, 2012-09-24 09:27:30, 0.0, None 
 47.74, -123.1, 20.0, 2012-09-24 09:30:00, 0.0, None 
 47.9, -123.42, 20.0, 2012-09-24 09:32:30, 0.0, None 
 47.9, -122.955, 36.5, 2012-09-24 09:37:30, 0.0, None 
 47.98, -122.94, 39.0, 2012-09-24 09:40:00, 0.0, None 
 48.02, -123.055, 60.0, 2012-09-24 09:42:30, 0.0, None 
 47.79, -122.96, 20.0, 2012-09-24 09:42:30, 0.0, None 
 47.98, -122.9, 40.0, 2012-09-24 09:45:00, 0.0, None 
 47.94, -122.925, 40.0, 2012-09-24 09:47:30, 0.0, None 
 48.08, -122.815, 60.0, 2012-09-24 09:50:00, 0.0, None 
 47.91, -123.01, 30.0, 2012-09-24 09:55:00, 0.0, None 
 47.88, -122.97, 49.0, 2012-09-24 09:57:30, 0.0, None 
 47.795, -122.97, 29.0, 2012-09-24 10:00:00, 0.0, None 
 47.985, -122.81, 57.0, 2012-09-24 10:05:00, 0.0, None 
 47.97, -123.005, 46.0, 2012-09-24 10:10:00, 0.0, None 
 47.99, -122.985, 49.0, 2012-09-24 10:12:30, 0.0, None 
 47.765, -123.115, 33.0, 2012-09-24 10:15:00, 0.0, None 
 47.795, -123.13, 27.0, 2012-09-24 10:17:30, 0.0, None 
 47.79, -123.28, 20.0, 2012-09-24 10:20:00, 0.0, None 
 47.845, -123.257, 59.2, 2012-09-24 10:22:30, 0.0, None 
 47.69, -123.4, 60.0, 2012-09-24 10:40:00, 0.0, None 
 47.72, -123.38, 60.0, 2012-09-24 10:42:30, 0.0, None 
 47.72, -122.83, 29.0, 2012-09-24 10:47:30, 0.0, None 
 47.81, -122.97, 32.0, 2012-09-24 10:50:00, 0.0, None 
 47.79, -123.32, 30.0, 2012-09-24 11:02:30, 0.0, None 
 47.76, -123.27, 43.0, 2012-09-24 11:05:00, 0.0, None 
 47.765, -123.325, 24.0, 2012-09-24 11:07:30, 0.0, None 
 47.795, -123.35, 60.0, 2012-09-24 11:10:00, 0.0, None 
 47.81, -122.93, 44.0, 2012-09-24 11:17:30, 0.0, None 
 47.78, -123.02, 29.5, 2012-09-24 11:20:00, 0.0, None 
 47.76, -123.055, 29.0, 2012-09-24 11:22:30, 0.0, None 
 47.65, -122.96, 40.0, 2012-09-24 11:25:00, 0.0, None 
 47.68, -123.01, 39.0, 2012-09-24 11:27:30, 0.0, None 
 47.75, -122.99, 30.0, 2012-09-24 11:30:00, 0.0, None 
 47.76, -123.01, 20.0, 2012-09-24 11:32:30, 0.0, None 
 47.79, -123.11, 38.0, 2012-09-24 11:37:30, 0.0, None 
 47.81, -123.042, 31.0, 2012-09-24 11:40:00, 0.0, None 
 47.851000000000006, -123.04899999999999, 33.2, 2012-09-24 11:42:30, 0.0, None 
 47.795, -123.073, 24.5, 2012-09-24 11:45:00, 0.0, None 
 47.74, -123.06, 35.0, 2012-09-24 11:47:30, 0.0, None 
 47.81, -123.135, 33.5, 2012-09-24 11:50:00, 0.0, None 
 47.915, -123.13, 20.0, 2012-09-24 11:52:30, 0.0, None 
 47.82, -123.14, 29.0, 2012-09-24 11:55:00, 0.0, None 
 47.81, -123.1, 35.0, 2012-09-24 11:57:30, 0.0, None 
 47.83, -123.1, 22.5, 2012-09-24 12:00:00, 0.0, None 
 47.895, -123.225, 20.0, 2012-09-24 12:02:30, 0.0, None 
 47.83, -123.29, 26.5, 2012-09-24 12:05:00, 0.0, None 
 47.71, -122.89, 20.0, 2012-09-24 12:10:00, 0.0, None 
 47.83, -123.26, 20.0, 2012-09-24 12:10:00, 0.0, None 
 47.83, -123.1, 20.0, 2012-09-24 12:12:30, 0.0, None 
 47.76, -123.1, 32.0, 2012-09-24 12:15:00, 0.0, None 
 47.75, -123.0, 20.0, 2012-09-24 12:20:00, 0.0, None 
 47.815, -123.14, 26.8, 2012-09-24 12:22:30, 0.0, None 
 47.72, -123.07, 20.0, 2012-09-24 12:30:00, 0.0, None 
 47.75, -122.96, 33.0, 2012-09-24 12:32:30, 0.0, None 
 47.72, -123.0, 32.0, 2012-09-24 12:37:30, 0.0, None 
 47.815, -122.93, 41.0, 2012-09-24 12:45:00, 0.0, None 
 47.72, -122.92, 40.0, 2012-09-24 12:47:30, 0.0, None 
 47.69, -122.86, 34.0, 2012-09-24 13:00:00, 0.0, None 
 47.69, -122.935, 20.0, 2012-09-24 13:02:30, 0.0, None 
 47.74, -123.01, 20.0, 2012-09-24 13:05:00, 0.0, None 
 47.8, -122.917, 31.2, 2012-09-24 13:07:30, 0.0, None 
 47.775, -122.895, 28.5, 2012-09-24 13:10:00, 0.0, None 
 47.66, -122.98, 60.0, 2012-09-24 13:20:00, 0.0, None 
 47.8, -123.16, 20.0, 2012-09-24 13:25:00, 0.0, None 
 47.89, -123.16, 20.0, 2012-09-24 13:32:30, 0.0, None 
 47.785, -122.97, 23.0, 2012-09-24 13:35:00, 0.0, None 
 47.855, -123.155, 26.5, 2012-09-24 13:42:30, 0.0, None 
 47.83, -123.005, 25.5, 2012-09-24 13:50:00, 0.0, None 
 47.81, -122.96, 27.5, 2012-09-24 13:52:30, 0.0, None 
 47.72, -123.225, 51.0, 2012-09-24 13:55:00, 0.0, None 
 47.91, -123.07, 23.0, 2012-09-24 14:00:00, 0.0, None 
 47.91, -123.09, 20.0, 2012-09-24 14:02:30, 0.0, None 
 47.81, -123.1, 29.0, 2012-09-24 14:12:30, 0.0, None 
 48.02, -123.1, 60.0, 2012-09-24 14:17:30, 0.0, None 
 47.68, -123.01, 20.0, 2012-09-24 14:25:00, 0.0, None 
 47.67, -123.04, 20.0, 2012-09-24 14:27:30, 0.0, None 
 47.78, -123.1, 20.0, 2012-09-24 14:30:00, 0.0, None 
 47.7, -122.92, 20.0, 2012-09-24 14:32:30, 0.0, None 
 47.92, -123.12, 20.0, 2012-09-24 14:57:30, 0.0, None 
 47.84, -123.37, 25.5, 2012-09-24 15:00:00, 0.0, None 
 47.82, -123.41, 20.0, 2012-09-24 15:02:30, 0.0, None 
 48.0, -123.17, 60.0, 2012-09-24 15:12:30, 0.0, None 
 47.9, -123.29, 52.0, 2012-09-24 15:15:00, 0.0, None 
 47.88, -123.1, 20.0, 2012-09-24 15:17:30, 0.0, None 
 47.935, -123.29, 20.0, 2012-09-24 15:20:00, 0.0, None 
 47.91, -123.23, 20.0, 2012-09-24 15:27:30, 0.0, None 
 47.84, -123.205, 20.0, 2012-09-24 15:30:00, 0.0, None 
 47.72, -122.86, 20.0, 2012-09-24 15:37:30, 0.0, None 
 49.0, -124.2, 20.0, 2012-09-24 15:45:00, 0.0, None 
 47.73, -123.08, 20.0, 2012-09-24 15:52:30, 0.0, None 
 47.955, -123.105, 31.0, 2012-09-24 15:57:30, 0.0, None 
 47.895, -123.035, 20.0, 2012-09-24 16:00:00, 0.0, None 
 47.88, -123.0, 20.0, 2012-09-24 16:05:00, 0.0, None 
 47.89, -123.265, 20.0, 2012-09-24 16:22:30, 0.0, None 
 47.81, -123.11, 28.0, 2012-09-24 16:25:00, 0.0, None 
 47.68, -122.95, 20.0, 2012-09-24 16:30:00, 0.0, None 
 47.808, -122.963, 20.0, 2012-09-24 16:32:30, 0.0, None 
 47.82, -122.97, 33.5, 2012-09-24 16:35:00, 0.0, None 
 47.895, -123.2, 20.0, 2012-09-24 16:40:00, 0.0, None 
 47.9, -123.125, 36.0, 2012-09-24 16:42:30, 0.0, None 
 47.89, -123.01, 47.0, 2012-09-24 16:45:00, 0.0, None 
 47.91, -123.245, 45.5, 2012-09-24 16:47:30, 0.0, None 
 47.9, -123.23, 34.0, 2012-09-24 16:50:00, 0.0, None 
 47.89, -123.04, 60.0, 2012-09-24 16:57:30, 0.0, None 
 47.83, -123.19, 31.0, 2012-09-24 17:00:00, 0.0, None 
 47.75, -123.03, 35.0, 2012-09-24 17:02:30, 0.0, None 
 47.73, -122.99, 20.0, 2012-09-24 17:15:00, 0.0, None 
 47.83, -122.88, 20.0, 2012-09-24 17:17:30, 0.0, None 
 47.99, -123.07, 40.0, 2012-09-24 17:40:00, 0.0, None 
 47.98, -123.03, 20.0, 2012-09-24 17:42:30, 0.0, None 
 47.83, -122.97, 20.0, 2012-09-24 17:50:00, 0.0, None 
 47.99, -123.09, 60.0, 2012-09-24 18:00:00, 0.0, None 
 47.94, -122.915, 36.0, 2012-09-24 18:02:30, 0.0, None 
 47.975, -122.865, 44.0, 2012-09-24 18:05:00, 0.0, None 
 47.7, -122.87, 60.0, 2012-09-24 18:07:30, 0.0, None 
 47.97, -123.18, 20.0, 2012-09-24 18:12:30, 0.0, None 
 47.63, -122.905, 28.0, 2012-09-24 18:35:00, 0.0, None 
 47.83, -123.09, 31.5, 2012-09-24 18:45:00, 0.0, None 
 47.9, -123.22, 20.0, 2012-09-24 18:55:00, 0.0, None 
 47.78, -123.1, 46.5, 2012-09-24 19:20:00, 0.0, None 
 47.0, -121.6, 20.0, 2012-09-24 19:22:30, 0.0, None 
 47.75, -123.065, 23.5, 2012-09-24 19:40:00, 0.0, None 
 47.715, -122.91, 33.0, 2012-09-24 19:42:30, 0.0, None 
 47.89, -123.135, 20.0, 2012-09-24 19:55:00, 0.0, None 
 47.895, -123.005, 33.0, 2012-09-24 19:57:30, 0.0, None 
 47.85, -123.1, 20.0, 2012-09-24 20:02:30, 0.0, None 
 47.81, -123.08, 25.0, 2012-09-24 20:05:00, 0.0, None 
 47.78, -123.085, 27.0, 2012-09-24 20:07:30, 0.0, None 
 47.7, -123.06, 20.0, 2012-09-24 20:10:00, 0.0, None 
 47.66, -122.94, 42.5, 2012-09-24 20:15:00, 0.0, None 
 47.68, -123.07, 52.0, 2012-09-24 20:17:30, 0.0, None 
 47.78, -123.02, 20.0, 2012-09-24 20:22:30, 0.0, None 
 47.763000000000005, -123.005, 20.0, 2012-09-24 20:25:00, 0.0, None 
 47.855, -123.1, 26.5, 2012-09-24 20:27:30, 0.0, None 
 47.82, -123.12, 26.0, 2012-09-24 20:30:00, 0.0, None 
 47.82, -122.74, 47.0, 2012-09-24 20:32:30, 0.0, None 
 47.98, -123.43, 27.0, 2012-09-24 20:40:00, 0.0, None 
 47.7, -122.955, 25.0, 2012-09-24 20:42:30, 0.0, None 
 47.705, -122.93, 34.0, 2012-09-24 20:45:00, 0.0, None 
 47.81, -123.21, 41.0, 2012-09-24 20:50:00, 0.0, None 
 47.93, -123.2, 20.0, 2012-09-24 20:55:00, 0.0, None 
 47.72, -122.94, 30.0, 2012-09-24 21:10:00, 0.0, None 
 47.71, -122.95, 26.0, 2012-09-24 21:12:30, 0.0, None 
 47.77, -122.98, 20.0, 2012-09-24 21:15:00, 0.0, None 
 47.945, -123.195, 20.0, 2012-09-24 21:22:30, 0.0, None 
 47.97, -123.42, 20.0, 2012-09-24 21:25:00, 0.0, None 
 47.92, -123.33, 20.0, 2012-09-24 21:30:00, 0.0, None 
 47.71, -123.085, 20.0, 2012-09-24 21:32:30, 0.0, None 
 47.9, -123.22, 20.0, 2012-09-24 21:37:30, 0.0, None 
 47.85, -123.2, 20.0, 2012-09-24 21:40:00, 0.0, None 
 47.85, -123.27, 30.5, 2012-09-24 21:42:30, 0.0, None 
 47.88, -123.005, 25.0, 2012-09-24 21:45:00, 0.0, None 
 47.8, -123.285, 31.0, 2012-09-24 21:50:00, 0.0, None 
 47.89, -123.245, 37.0, 2012-09-24 21:52:30, 0.0, None 
 47.9, -123.29, 27.0, 2012-09-24 21:55:00, 0.0, None 
 47.97, -123.243, 60.0, 2012-09-24 21:57:30, 0.0, None 
 47.87, -123.275, 42.0, 2012-09-24 22:00:00, 0.0, None 
 47.875, -123.195, 28.0, 2012-09-24 22:02:30, 0.0, None 
 47.93, -123.2, 49.0, 2012-09-24 22:05:00, 0.0, None 
 47.935, -123.3, 27.0, 2012-09-24 22:07:30, 0.0, None 
 47.88, -123.08, 33.0, 2012-09-24 22:10:00, 0.0, None 
 47.89, -123.08, 20.0, 2012-09-24 22:12:30, 0.0, None 
 47.98, -123.06, 25.0, 2012-09-24 22:17:30, 0.0, None 
 47.883, -123.02, 26.5, 2012-09-24 22:20:00, 0.0, None 
 47.89, -123.04, 21.0, 2012-09-24 22:22:30, 0.0, None 
 47.93, -123.045, 20.0, 2012-09-24 22:25:00, 0.0, None 
 47.88, -123.02, 28.0, 2012-09-24 22:27:30, 0.0, None 
 47.85, -122.945, 29.5, 2012-09-24 22:30:00, 0.0, None 
 47.74, -123.16, 20.0, 2012-09-24 22:32:30, 0.0, None 
 47.72, -123.12, 20.0, 2012-09-24 22:35:00, 0.0, None 
 47.88, -122.86, 20.0, 2012-09-24 22:35:00, 0.0, None 
 47.7, -122.985, 22.5, 2012-09-24 22:37:30, 0.0, None 
 47.76, -123.0, 26.0, 2012-09-24 22:40:00, 0.0, None 
 47.74, -122.9, 20.0, 2012-09-24 22:52:30, 0.0, None 
 47.86, -122.92, 33.0, 2012-09-24 22:55:00, 0.0, None 
 47.71, -122.745, 34.0, 2012-09-24 23:00:00, 0.0, None 
 47.785, -122.775, 20.0, 2012-09-24 23:07:30, 0.0, None 
 48.05, -123.06, 25.0, 2012-09-24 23:15:00, 0.0, None 
 47.72, -123.015, 20.0, 2012-09-24 23:15:00, 0.0, None 
 47.77, -123.07, 20.0, 2012-09-24 23:17:30, 0.0, None 
 47.82, -123.2, 20.0, 2012-09-24 23:20:00, 0.0, None 
 47.81, -123.31, 31.0, 2012-09-24 23:32:30, 0.0, None 
 47.7, -122.99, 26.0, 2012-09-24 23:35:00, 0.0, None 
 47.71, -123.035, 26.0, 2012-09-24 23:37:30, 0.0, None 
 47.795, -123.115, 26.5, 2012-09-24 23:40:00, 0.0, None 
 47.69, -123.18, 24.0, 2012-09-25 00:02:30, 0.0, None 
 47.76, -123.11, 20.0, 2012-09-25 00:05:00, 0.0, None 
 47.79, -123.145, 20.0, 2012-09-25 00:07:30, 0.0, None 
 47.78, -123.21, 20.0, 2012-09-25 00:10:00, 0.0, None 
 47.8, -123.32, 26.0, 2012-09-25 00:12:30, 0.0, None 
 47.82, -123.13, 29.0, 2012-09-25 00:15:00, 0.0, None 
 47.77, -123.1, 51.0, 2012-09-25 00:20:00, 0.0, None 
 47.72, -123.12, 32.5, 2012-09-25 00:22:30, 0.0, None 
 47.72, -123.52, 20.0, 2012-09-25 00:25:00, 0.0, None 
 47.78, -122.695, 42.0, 2012-09-25 00:55:00, 0.0, None 
 47.6, -123.24, 60.0, 2012-09-25 00:57:30, 0.0, None 
 47.735, -123.07, 60.0, 2012-09-25 01:00:00, 0.0, None 
 47.713, -123.2, 27.5, 2012-09-25 01:02:30, 0.0, None 
 47.7, -123.145, 23.0, 2012-09-25 01:05:00, 0.0, None 
 47.79, -123.31, 60.0, 2012-09-25 01:10:00, 0.0, None 
 47.735, -123.42, 60.0, 2012-09-25 01:12:30, 0.0, None 
 47.77, -123.29, 30.0, 2012-09-25 01:15:00, 0.0, None 
 47.745, -123.213, 44.2, 2012-09-25 01:17:30, 0.0, None 
 48.015, -123.37, 20.0, 2012-09-25 01:22:30, 0.0, None 
 47.78, -123.47, 20.0, 2012-09-25 01:22:30, 0.0, None 
 47.78, -123.19, 22.5, 2012-09-25 01:25:00, 0.0, None 
 47.87, -122.875, 42.0, 2012-09-25 01:32:30, 0.0, None 
 47.81, -123.24, 26.5, 2012-09-25 01:37:30, 0.0, None 
 47.772, -123.17, 20.0, 2012-09-25 01:40:00, 0.0, None 
 47.9, -123.33, 20.0, 2012-09-25 01:42:30, 0.0, None 
 47.79, -123.11, 25.0, 2012-09-25 02:02:30, 0.0, None 
 47.82, -123.24, 20.0, 2012-09-25 02:05:00, 0.0, None 
 47.7, -123.04, 45.0, 2012-09-25 02:17:30, 0.0, None 
 47.81, -123.325, 20.0, 2012-09-25 02:20:00, 0.0, None 
 47.77, -123.02, 34.8, 2012-09-25 02:22:30, 0.0, None 
 47.72, -123.165, 29.5, 2012-09-25 02:25:00, 0.0, None 
 47.79, -123.19, 20.0, 2012-09-25 02:27:30, 0.0, None 
 47.81, -123.18, 27.5, 2012-09-25 02:30:00, 0.0, None 
 47.82, -123.18, 32.0, 2012-09-25 02:32:30, 0.0, None 
 47.89, -123.23, 35.0, 2012-09-25 02:35:00, 0.0, None 
 47.86, -123.28, 30.0, 2012-09-25 02:37:30, 0.0, None 
 47.8, -123.22, 25.0, 2012-09-25 02:40:00, 0.0, None 
 47.82, -123.08, 20.5, 2012-09-25 02:42:30, 0.0, None 
 47.82, -123.11, 20.0, 2012-09-25 02:45:00, 0.0, None 
 47.83, -123.2, 34.5, 2012-09-25 02:47:30, 0.0, None 
 47.832, -123.155, 32.2, 2012-09-25 02:50:00, 0.0, None 
 47.865, -123.09, 39.0, 2012-09-25 02:52:30, 0.0, None 
 47.81, -123.245, 30.5, 2012-09-25 02:55:00, 0.0, None 
 47.81, -123.32, 37.5, 2012-09-25 02:57:30, 0.0, None 
 47.9, -123.21, 32.5, 2012-09-25 03:00:00, 0.0, None 
 47.8, -123.13, 33.5, 2012-09-25 03:02:30, 0.0, None 
 47.71, -123.13, 34.8, 2012-09-25 03:12:30, 0.0, None 
 47.83, -123.33, 60.0, 2012-09-25 03:15:00, 0.0, None 
 47.87, -123.385, 60.0, 2012-09-25 03:17:30, 0.0, None 
 47.7, -123.205, 24.0, 2012-09-25 03:20:00, 0.0, None 
 47.79, -123.27, 33.0, 2012-09-25 03:32:30, 0.0, None 
 47.7, -123.145, 21.5, 2012-09-25 03:35:00, 0.0, None 
 47.71, -123.1, 31.0, 2012-09-25 03:37:30, 0.0, None 
 47.855, -123.185, 20.0, 2012-09-25 03:42:30, 0.0, None 
 47.72, -123.195, 27.5, 2012-09-25 03:45:00, 0.0, None 
 47.71, -123.12, 35.0, 2012-09-25 03:47:30, 0.0, None 
 47.715, -123.105, 30.5, 2012-09-25 03:50:00, 0.0, None 
 47.7, -123.105, 33.5, 2012-09-25 03:52:30, 0.0, None 
 47.74, -123.11, 35.0, 2012-09-25 03:55:00, 0.0, None 
 47.875, -123.29, 24.0, 2012-09-25 04:05:00, 0.0, None 
 47.72, -123.18, 40.0, 2012-09-25 04:07:30, 0.0, None 
 47.68, -123.22, 43.0, 2012-09-25 04:10:00, 0.0, None 
 47.74, -123.155, 25.0, 2012-09-25 04:20:00, 0.0, None 
 47.78, -123.035, 27.8, 2012-09-25 04:22:30, 0.0, None 
 47.72, -123.09, 40.0, 2012-09-25 04:25:00, 0.0, None 
 47.75, -123.075, 35.0, 2012-09-25 04:27:30, 0.0, None 
 47.677, -123.1, 25.0, 2012-09-25 04:30:00, 0.0, None 
 47.71, -123.06, 29.0, 2012-09-25 04:32:30, 0.0, None 
 47.7, -123.09, 20.0, 2012-09-25 04:35:00, 0.0, None 
 47.7, -123.06, 20.0, 2012-09-25 04:37:30, 0.0, None 
 47.81, -123.31, 48.0, 2012-09-25 04:40:00, 0.0, None 
 47.76, -123.26, 26.0, 2012-09-25 05:02:30, 0.0, None 
 47.87, -123.35, 20.0, 2012-09-25 05:10:00, 0.0, None 
 47.84, -123.31200000000001, 20.0, 2012-09-25 05:12:30, 0.0, None 
 47.78, -123.25, 21.5, 2012-09-25 05:15:00, 0.0, None 
 47.68, -123.165, 30.0, 2012-09-25 05:17:30, 0.0, None 
 47.73, -123.135, 30.0, 2012-09-25 05:20:00, 0.0, None 
 47.73, -123.175, 24.5, 2012-09-25 05:22:30, 0.0, None 
 47.69, -123.15, 39.8, 2012-09-25 05:25:00, 0.0, None 
 47.66, -123.265, 34.0, 2012-09-25 05:27:30, 0.0, None 
 47.69, -123.09, 60.0, 2012-09-25 05:30:00, 0.0, None 
 47.74, -123.41, 20.5, 2012-09-25 05:32:30, 0.0, None 
 47.825, -123.17, 25.0, 2012-09-25 05:35:00, 0.0, None 
 47.78, -123.1, 20.0, 2012-09-25 05:37:30, 0.0, None 
 47.73, -123.06200000000001, 30.2, 2012-09-25 05:40:00, 0.0, None 
 47.71, -123.125, 39.0, 2012-09-25 05:42:30, 0.0, None 
 47.83, -123.23, 29.8, 2012-09-25 05:45:00, 0.0, None 
 47.78, -123.16, 26.0, 2012-09-25 05:47:30, 0.0, None 
 47.76, -123.12, 30.0, 2012-09-25 05:50:00, 0.0, None 
 47.69, -123.205, 40.5, 2012-09-25 05:52:30, 0.0, None 
 47.71, -122.49, 20.0, 2012-09-25 05:55:00, 0.0, None 
 47.785, -123.11, 32.2, 2012-09-25 05:55:00, 0.0, None 
 47.7, -123.2, 41.5, 2012-09-25 05:57:30, 0.0, None 
 47.705, -123.005, 35.0, 2012-09-25 06:02:30, 0.0, None 
 47.7, -123.02, 34.0, 2012-09-25 06:05:00, 0.0, None 
 47.76, -123.18, 22.5, 2012-09-25 06:10:00, 0.0, None 
 47.77, -123.37, 30.0, 2012-09-25 06:12:30, 0.0, None 
 47.81, -123.035, 32.5, 2012-09-25 06:15:00, 0.0, None 
 47.74, -122.95, 28.0, 2012-09-25 06:17:30, 0.0, None 
 47.75, -122.96, 34.5, 2012-09-25 06:20:00, 0.0, None 
 47.88, -122.96, 60.0, 2012-09-25 06:22:30, 0.0, None 
 47.71, -123.4, 41.0, 2012-09-25 06:25:00, 0.0, None 
 47.81, -123.27, 33.0, 2012-09-25 06:27:30, 0.0, None 
 47.76, -122.92, 41.0, 2012-09-25 06:30:00, 0.0, None 
 47.79, -123.215, 36.2, 2012-09-25 06:32:30, 0.0, None 
 47.77, -123.305, 30.5, 2012-09-25 06:35:00, 0.0, None 
 47.785, -123.28, 26.0, 2012-09-25 06:37:30, 0.0, None 
 47.755, -123.225, 31.0, 2012-09-25 06:40:00, 0.0, None 
 47.95, -123.17, 20.0, 2012-09-25 06:42:30, 0.0, None 
 47.7, -122.8, 30.0, 2012-09-25 06:47:30, 0.0, None 
 47.7, -122.83, 35.5, 2012-09-25 06:50:00, 0.0, None 
 47.71, -122.96, 43.0, 2012-09-25 06:52:30, 0.0, None 
 47.72, -123.13, 33.5, 2012-09-25 06:55:00, 0.0, None 
 47.72, -123.43, 60.0, 2012-09-25 06:57:30, 0.0, None 
 47.72, -123.18, 20.0, 2012-09-25 07:02:30, 0.0, None 
 47.802, -123.05, 37.8, 2012-09-25 07:07:30, 0.0, None 
 47.84, -123.012, 39.8, 2012-09-25 07:10:00, 0.0, None 
 47.7, -123.18, 39.0, 2012-09-25 07:12:30, 0.0, None 
 47.78, -123.065, 29.0, 2012-09-25 07:15:00, 0.0, None 
 47.815, -122.985, 31.0, 2012-09-25 07:17:30, 0.0, None 
 47.81, -122.99, 33.0, 2012-09-25 07:20:00, 0.0, None 
 47.74, -122.995, 32.0, 2012-09-25 07:22:30, 0.0, None 
 47.8, -123.09, 43.0, 2012-09-25 07:27:30, 0.0, None 
 47.77, -123.07, 34.0, 2012-09-25 07:32:30, 0.0, None 
 47.87, -122.99, 30.5, 2012-09-25 07:35:00, 0.0, None 
 47.81, -122.955, 30.5, 2012-09-25 07:37:30, 0.0, None 
 47.7, -122.5, 52.0, 2012-09-25 07:40:00, 0.0, None 
 47.815, -122.9, 30.0, 2012-09-25 07:40:00, 0.0, None 
 47.82, -123.065, 48.5, 2012-09-25 07:42:30, 0.0, None 
 47.83, -122.91, 35.0, 2012-09-25 07:47:30, 0.0, None 
 47.69, -123.065, 37.0, 2012-09-25 07:55:00, 0.0, None 
 47.82, -122.885, 51.0, 2012-09-25 08:05:00, 0.0, None 
 47.835, -122.905, 49.0, 2012-09-25 08:07:30, 0.0, None 
 47.83, -122.94, 38.0, 2012-09-25 08:10:00, 0.0, None 
 47.725, -122.845, 43.0, 2012-09-25 08:12:30, 0.0, None 
 47.69, -123.255, 37.0, 2012-09-25 08:20:00, 0.0, None 
 47.69, -123.255, 29.0, 2012-09-25 08:22:30, 0.0, None 
 47.685, -123.26, 25.5, 2012-09-25 08:25:00, 0.0, None 
 47.77, -122.91, 31.0, 2012-09-25 08:37:30, 0.0, None 
 47.725, -122.96, 33.0, 2012-09-25 08:40:00, 0.0, None 
 47.7, -122.95, 35.0, 2012-09-25 08:42:30, 0.0, None 
 47.72, -123.045, 33.0, 2012-09-25 08:47:30, 0.0, None 
 47.7, -123.12, 29.0, 2012-09-25 08:50:00, 0.0, None 
 47.62, -123.1, 20.0, 2012-09-25 08:52:30, 0.0, None 
 47.68, -123.1, 32.0, 2012-09-25 08:55:00, 0.0, None 
 47.705, -123.055, 20.0, 2012-09-25 08:57:30, 0.0, None 
 47.67, -123.005, 23.5, 2012-09-25 09:00:00, 0.0, None 
 47.63, -123.13, 27.0, 2012-09-25 09:02:30, 0.0, None 
 47.7, -123.21, 20.0, 2012-09-25 09:05:00, 0.0, None 
 47.685, -123.197, 20.0, 2012-09-25 09:07:30, 0.0, None 
 47.63, -122.985, 20.0, 2012-09-25 09:10:00, 0.0, None 
 47.86, -123.18, 35.0, 2012-09-25 09:10:00, 0.0, None 
 47.715, -123.0, 24.0, 2012-09-25 09:12:30, 0.0, None 
 47.765, -122.97200000000001, 30.2, 2012-09-25 09:15:00, 0.0, None 
 47.778, -123.025, 29.8, 2012-09-25 09:17:30, 0.0, None 
 47.82, -123.035, 33.5, 2012-09-25 09:20:00, 0.0, None 
 48.0, -123.26, 20.0, 2012-09-25 09:22:30, 0.0, None 
 47.795, -123.05, 33.0, 2012-09-25 09:22:30, 0.0, None 
 47.8, -123.06, 33.0, 2012-09-25 09:25:00, 0.0, None 
 47.865, -123.035, 30.2, 2012-09-25 09:27:30, 0.0, None 
 47.65, -123.235, 52.0, 2012-09-25 09:30:00, 0.0, None 
 47.86, -122.72, 48.0, 2012-09-25 09:32:30, 0.0, None 
 47.805, -122.85, 57.5, 2012-09-25 09:35:00, 0.0, None 
 47.835, -123.19, 20.0, 2012-09-25 09:37:30, 0.0, None 
 47.82, -123.18, 21.5, 2012-09-25 09:40:00, 0.0, None 
 47.795, -123.24, 20.0, 2012-09-25 09:45:00, 0.0, None 
 47.68, -123.14, 60.0, 2012-09-25 09:47:30, 0.0, None 
 47.81, -123.3, 26.0, 2012-09-25 09:50:00, 0.0, None 
 47.805, -123.28, 20.0, 2012-09-25 09:52:30, 0.0, None 
 47.84, -123.14, 29.5, 2012-09-25 09:55:00, 0.0, None 
 47.84, -123.16, 30.0, 2012-09-25 09:57:30, 0.0, None 
 47.865, -123.145, 26.8, 2012-09-25 10:00:00, 0.0, None 
 47.78, -123.27, 20.0, 2012-09-25 10:05:00, 0.0, None 
 47.766999999999996, -123.22200000000001, 29.2, 2012-09-25 10:07:30, 0.0, None 
 47.72, -123.14, 25.0, 2012-09-25 10:10:00, 0.0, None 
 47.74, -123.185, 20.0, 2012-09-25 10:12:30, 0.0, None 
 47.79, -123.23299999999999, 40.2, 2012-09-25 10:15:00, 0.0, None 
 47.79, -123.1, 21.0, 2012-09-25 10:17:30, 0.0, None 
 47.755, -123.13, 25.5, 2012-09-25 10:20:00, 0.0, None 
 47.68, -123.25, 26.5, 2012-09-25 10:25:00, 0.0, None 
 47.75, -123.18, 24.5, 2012-09-25 10:27:30, 0.0, None 
 47.715, -123.21, 20.0, 2012-09-25 10:30:00, 0.0, None 
 47.725, -123.045, 50.5, 2012-09-25 10:32:30, 0.0, None 
 47.72, -122.69, 60.0, 2012-09-25 10:40:00, 0.0, None 
 47.735, -123.345, 45.0, 2012-09-25 10:45:00, 0.0, None 
 47.74, -123.11, 60.0, 2012-09-25 10:52:30, 0.0, None 
 47.625, -123.235, 60.0, 2012-09-25 10:57:30, 0.0, None 
 47.71, -123.12, 41.0, 2012-09-25 11:00:00, 0.0, None 
 47.79, -123.235, 56.5, 2012-09-25 11:02:30, 0.0, None 
 47.58, -123.15, 40.0, 2012-09-25 11:17:30, 0.0, None 
 47.62, -123.07, 20.0, 2012-09-25 11:20:00, 0.0, None 
 47.715, -123.2, 28.5, 2012-09-25 11:22:30, 0.0, None 
 47.73, -122.76, 45.0, 2012-09-25 11:25:00, 0.0, None 
 47.7, -122.74, 39.0, 2012-09-25 11:30:00, 0.0, None 
 47.76, -122.71, 20.0, 2012-09-25 11:32:30, 0.0, None 
 47.77, -123.295, 32.0, 2012-09-25 11:37:30, 0.0, None 
 47.8, -123.32, 20.0, 2012-09-25 11:40:00, 0.0, None 
 47.81, -123.29, 26.0, 2012-09-25 11:42:30, 0.0, None 
 47.74, -123.042, 60.0, 2012-09-25 11:50:00, 0.0, None 
 47.71, -122.77, 37.0, 2012-09-25 11:52:30, 0.0, None 
 47.7, -122.74, 38.0, 2012-09-25 11:55:00, 0.0, None 
 47.605, -123.005, 60.0, 2012-09-25 11:57:30, 0.0, None 
 47.705, -122.75, 29.5, 2012-09-25 12:00:00, 0.0, None 
 47.705, -123.29, 60.0, 2012-09-25 12:05:00, 0.0, None 
 47.67, -123.06, 44.0, 2012-09-25 12:07:30, 0.0, None 
 47.64, -123.31, 25.0, 2012-09-25 12:22:30, 0.0, None 
 47.775, -123.2, 26.0, 2012-09-25 12:30:00, 0.0, None 
 47.68, -123.24, 20.0, 2012-09-25 12:32:30, 0.0, None 
 47.61, -123.185, 24.0, 2012-09-25 12:35:00, 0.0, None 
 47.71, -123.19, 27.0, 2012-09-25 12:40:00, 0.0, None 
 47.695, -123.03, 32.0, 2012-09-25 12:42:30, 0.0, None 
 47.6, -122.8, 20.0, 2012-09-25 12:47:30, 0.0, None 
 47.79, -123.41, 40.0, 2012-09-25 12:50:00, 0.0, None 
 47.69, -123.01, 29.0, 2012-09-25 12:52:30, 0.0, None 
 47.67, -123.01, 20.0, 2012-09-25 12:55:00, 0.0, None 
 47.78, -123.03, 60.0, 2012-09-25 12:57:30, 0.0, None 
 47.82, -123.17, 30.0, 2012-09-25 13:00:00, 0.0, None 
 47.89, -123.07, 60.0, 2012-09-25 13:07:30, 0.0, None 
 47.75, -123.34, 21.0, 2012-09-25 13:30:00, 0.0, None 
 47.72, -123.3, 20.0, 2012-09-25 13:57:30, 0.0, None 
 47.805, -123.13, 38.0, 2012-09-25 14:00:00, 0.0, None 
 47.63, -123.1, 20.0, 2012-09-25 14:07:30, 0.0, None 
 47.73, -123.22, 20.0, 2012-09-25 14:40:00, 0.0, None 
 47.73, -123.24, 20.0, 2012-09-25 14:42:30, 0.0, None 
 47.71, -123.2, 20.0, 2012-09-25 14:52:30, 0.0, None 
 47.67, -122.94, 60.0, 2012-09-25 14:55:00, 0.0, None 
 47.73, -123.2, 48.0, 2012-09-25 15:00:00, 0.0, None 
 47.81, -123.36, 20.0, 2012-09-25 15:55:00, 0.0, None 
 47.6, -123.04, 20.0, 2012-09-25 15:55:00, 0.0, None 
 47.82, -123.32, 29.0, 2012-09-25 16:00:00, 0.0, None 
 47.64, -123.26, 20.0, 2012-09-25 16:12:30, 0.0, None 
 47.71, -123.13, 31.0, 2012-09-25 16:15:00, 0.0, None 
 47.7, -123.19, 30.0, 2012-09-25 16:17:30, 0.0, None 
 47.725, -123.1, 20.0, 2012-09-25 16:22:30, 0.0, None 
 47.725, -123.06, 21.0, 2012-09-25 16:25:00, 0.0, None 
 47.69, -123.03, 25.5, 2012-09-25 16:32:30, 0.0, None 
 47.77, -123.5, 46.5, 2012-09-25 16:45:00, 0.0, None 
 47.8, -123.13, 32.0, 2012-09-25 16:52:30, 0.0, None 
 47.77, -123.23, 20.0, 2012-09-25 17:00:00, 0.0, None 
 47.6, -123.03, 36.0, 2012-09-25 17:02:30, 0.0, None 
 47.815, -123.27, 20.0, 2012-09-25 17:12:30, 0.0, None 
 47.81, -123.27, 41.0, 2012-09-25 17:27:30, 0.0, None 
 47.825, -123.11, 33.0, 2012-09-25 17:35:00, 0.0, None 
 47.72, -123.105, 20.0, 2012-09-25 17:40:00, 0.0, None 
 47.695, -123.07, 20.0, 2012-09-25 17:42:30, 0.0, None 
 48.18, -123.28, 20.0, 2012-09-25 17:45:00, 0.0, None 
 47.9, -123.14, 20.0, 2012-09-25 17:47:30, 0.0, None 
 47.89, -123.13, 20.0, 2012-09-25 17:50:00, 0.0, None 
 47.705, -123.1, 49.5, 2012-09-25 17:52:30, 0.0, None 
 47.62, -123.08, 20.0, 2012-09-25 17:55:00, 0.0, None 
 47.72, -123.06, 59.0, 2012-09-25 17:57:30, 0.0, None 
 47.78, -123.5, 60.0, 2012-09-25 18:15:00, 0.0, None 
 47.78, -123.26, 36.0, 2012-09-25 18:27:30, 0.0, None 
 47.685, -123.38, 20.0, 2012-09-25 18:37:30, 0.0, None 
 47.73, -123.445, 24.0, 2012-09-25 18:42:30, 0.0, None 
 47.715, -123.08, 20.0, 2012-09-25 18:52:30, 0.0, None 
 47.65, -123.065, 60.0, 2012-09-25 18:57:30, 0.0, None 
 47.845, -123.245, 20.0, 2012-09-25 19:00:00, 0.0, None 
 48.11, -123.31, 20.0, 2012-09-25 19:02:30, 0.0, None 
 47.74, -123.47, 47.5, 2012-09-25 19:07:30, 0.0, None 
 48.05, -123.32, 20.0, 2012-09-25 19:12:30, 0.0, None 
 47.78, -123.08, 36.0, 2012-09-25 19:15:00, 0.0, None 
 47.91, -123.08, 46.0, 2012-09-25 19:17:30, 0.0, None 
 48.0, -123.46, 20.0, 2012-09-25 19:32:30, 0.0, None 
 47.76, -123.2, 35.0, 2012-09-25 19:47:30, 0.0, None 
 47.75, -123.16, 32.0, 2012-09-25 19:55:00, 0.0, None 
 47.7, -123.32, 36.5, 2012-09-25 19:57:30, 0.0, None 
 47.68, -123.305, 20.0, 2012-09-25 20:15:00, 0.0, None 
 47.803000000000004, -123.34700000000001, 40.0, 2012-09-25 20:17:30, 0.0, None 
 48.03, -123.31, 20.0, 2012-09-25 20:52:30, 0.0, None 
 48.05, -123.3, 20.0, 2012-09-25 20:55:00, 0.0, None 
 48.105, -123.3, 24.8, 2012-09-25 21:05:00, 0.0, None 
 47.94, -123.315, 27.5, 2012-09-25 21:07:30, 0.0, None 
 47.72, -123.51, 55.0, 2012-09-25 21:10:00, 0.0, None 
 47.66, -123.23, 20.0, 2012-09-25 21:12:30, 0.0, None 
 48.05, -123.32, 20.0, 2012-09-25 21:25:00, 0.0, None 
 47.76, -123.39, 29.5, 2012-09-25 21:32:30, 0.0, None 
 47.77, -123.385, 22.5, 2012-09-25 21:35:00, 0.0, None 
 47.87, -123.19, 20.0, 2012-09-25 21:42:30, 0.0, None 
 47.79, -123.15, 32.0, 2012-09-25 21:57:30, 0.0, None 
 47.805, -123.16, 20.0, 2012-09-25 22:00:00, 0.0, None 
 47.93, -123.08, 40.0, 2012-09-25 22:05:00, 0.0, None 
 47.87, -123.1, 20.0, 2012-09-25 22:07:30, 0.0, None 
 47.89, -123.12, 43.0, 2012-09-25 22:10:00, 0.0, None 
 47.94, -123.1, 20.0, 2012-09-25 22:35:00, 0.0, None 
 47.85, -123.345, 20.0, 2012-09-25 22:37:30, 0.0, None 
 47.975, -123.305, 20.0, 2012-09-25 22:45:00, 0.0, None 
 47.995, -123.29, 40.8, 2012-09-25 22:47:30, 0.0, None 
 48.19, -123.26, 24.0, 2012-09-25 22:55:00, 0.0, None 
 48.008, -123.38, 27.2, 2012-09-25 22:57:30, 0.0, None 
 47.998000000000005, -123.375, 26.5, 2012-09-25 23:00:00, 0.0, None 
 47.95, -123.36, 47.0, 2012-09-25 23:05:00, 0.0, None 
 47.65, -123.0, 29.0, 2012-09-25 23:05:00, 0.0, None 
 47.94, -123.27, 43.0, 2012-09-25 23:07:30, 0.0, None 
 47.99, -123.43, 32.0, 2012-09-25 23:12:30, 0.0, None 
 48.08, -123.27, 22.0, 2012-09-25 23:22:30, 0.0, None 
 47.6, -123.1, 20.0, 2012-09-25 23:25:00, 0.0, None 
 47.78, -123.335, 22.0, 2012-09-25 23:27:30, 0.0, None 
 47.89, -123.27, 20.0, 2012-09-25 23:35:00, 0.0, None 
 47.795, -123.185, 20.0, 2012-09-25 23:37:30, 0.0, None 
 47.915, -123.06, 53.0, 2012-09-25 23:40:00, 0.0, None 
 47.97, -123.36, 20.0, 2012-09-25 23:42:30, 0.0, None 
 47.715, -122.66, 60.0, 2012-09-25 23:50:00, 0.0, None 
 47.79, -123.2, 60.0, 2012-09-25 23:52:30, 0.0, None 
 47.89, -123.2, 20.0, 2012-09-26 00:02:30, 0.0, None 
 47.945, -123.18, 49.0, 2012-09-26 00:05:00, 0.0, None 
 47.91, -123.135, 56.0, 2012-09-26 00:07:30, 0.0, None 
 47.81, -123.08, 50.0, 2012-09-26 00:17:30, 0.0, None 
 47.715, -122.87, 60.0, 2012-09-26 00:20:00, 0.0, None 
 47.715, -123.14, 47.0, 2012-09-26 00:22:30, 0.0, None 
 47.805, -123.185, 27.0, 2012-09-26 00:32:30, 0.0, None 
 48.07, -123.285, 23.0, 2012-09-26 00:35:00, 0.0, None 
 47.86, -123.06, 37.0, 2012-09-26 00:35:00, 0.0, None 
 47.995, -123.08, 44.5, 2012-09-26 00:37:30, 0.0, None 
 47.77, -122.88, 38.0, 2012-09-26 00:37:30, 0.0, None 
 47.985, -123.175, 60.0, 2012-09-26 00:45:00, 0.0, None 
 47.96, -123.01, 34.5, 2012-09-26 00:47:30, 0.0, None 
 47.885, -122.98, 50.0, 2012-09-26 00:50:00, 0.0, None 
 48.09, -123.35, 33.0, 2012-09-26 00:52:30, 0.0, None 
 47.88, -122.98700000000001, 34.8, 2012-09-26 00:52:30, 0.0, None 
 47.89, -123.2, 26.0, 2012-09-26 00:55:00, 0.0, None 
 47.855, -123.12299999999999, 22.5, 2012-09-26 00:57:30, 0.0, None 
 47.71, -122.81, 60.0, 2012-09-26 01:00:00, 0.0, None 
 48.05, -123.185, 36.0, 2012-09-26 01:02:30, 0.0, None 
 47.91, -123.2, 50.0, 2012-09-26 01:05:00, 0.0, None 
 47.68, -123.29, 35.0, 2012-09-26 01:07:30, 0.0, None 
 48.028, -123.43, 40.8, 2012-09-26 01:15:00, 0.0, None 
 48.08, -123.22, 32.5, 2012-09-26 01:17:30, 0.0, None 
 47.98, -122.92, 33.0, 2012-09-26 01:20:00, 0.0, None 
 47.99, -122.92, 32.0, 2012-09-26 01:22:30, 0.0, None 
 48.1, -123.21, 30.0, 2012-09-26 01:30:00, 0.0, None 
 47.9, -122.93, 39.0, 2012-09-26 01:30:00, 0.0, None 
 48.01, -123.59, 47.0, 2012-09-26 01:37:30, 0.0, None 
 48.055, -123.238, 35.8, 2012-09-26 01:40:00, 0.0, None 
 47.965, -122.97, 43.0, 2012-09-26 01:42:30, 0.0, None 
 47.995, -123.185, 54.5, 2012-09-26 01:45:00, 0.0, None 
 48.015, -122.89, 60.0, 2012-09-26 01:50:00, 0.0, None 
 48.09, -123.59, 44.0, 2012-09-26 01:52:30, 0.0, None 
 48.12, -123.59, 25.5, 2012-09-26 01:55:00, 0.0, None 
 47.96, -123.595, 60.0, 2012-09-26 01:57:30, 0.0, None 
 48.18, -123.65, 55.0, 2012-09-26 02:02:30, 0.0, None 
 47.74, -123.18, 60.0, 2012-09-26 02:15:00, 0.0, None 
 47.72, -123.245, 44.0, 2012-09-26 02:17:30, 0.0, None 
 47.715, -123.22, 53.5, 2012-09-26 02:20:00, 0.0, None 
 47.63, -123.19, 60.0, 2012-09-26 02:22:30, 0.0, None 
 47.64, -123.28, 40.0, 2012-09-26 02:25:00, 0.0, None 
 47.88, -123.27, 42.0, 2012-09-26 02:27:30, 0.0, None 
 47.7, -123.395, 48.0, 2012-09-26 02:30:00, 0.0, None 
 47.748000000000005, -123.215, 32.5, 2012-09-26 02:32:30, 0.0, None 
 48.19, -123.38, 20.0, 2012-09-26 02:35:00, 0.0, None 
 47.683, -123.23, 29.5, 2012-09-26 02:35:00, 0.0, None 
 48.16, -123.35, 36.0, 2012-09-26 02:37:30, 0.0, None 
 47.91, -123.5, 60.0, 2012-09-26 02:40:00, 0.0, None 
 47.915, -123.38799999999999, 54.5, 2012-09-26 02:42:30, 0.0, None 
 48.06, -123.66, 29.0, 2012-09-26 02:45:00, 0.0, None 
 47.715, -122.76, 24.5, 2012-09-26 02:45:00, 0.0, None 
 47.745, -122.79, 27.8, 2012-09-26 02:47:30, 0.0, None 
 47.63, -122.675, 41.8, 2012-09-26 02:55:00, 0.0, None 
 47.53, -123.11, 58.0, 2012-09-26 02:57:30, 0.0, None 
 47.57, -122.655, 37.0, 2012-09-26 03:07:30, 0.0, None 
 47.65, -122.62, 24.0, 2012-09-26 03:10:00, 0.0, None 
 47.67, -122.6, 26.5, 2012-09-26 03:12:30, 0.0, None 
 47.87, -123.025, 60.0, 2012-09-26 03:15:00, 0.0, None 
 47.5, -122.85, 60.0, 2012-09-26 03:27:30, 0.0, None 
 47.76, -122.83, 35.5, 2012-09-26 03:30:00, 0.0, None 
 47.705, -122.8, 31.5, 2012-09-26 03:32:30, 0.0, None 
 47.71, -122.76700000000001, 31.8, 2012-09-26 03:35:00, 0.0, None 
 47.69, -122.78, 23.8, 2012-09-26 03:37:30, 0.0, None 
 47.63, -122.975, 20.0, 2012-09-26 03:40:00, 0.0, None 
 47.78, -123.31, 60.0, 2012-09-26 03:42:30, 0.0, None 
 47.77, -123.0, 31.0, 2012-09-26 03:45:00, 0.0, None 
 47.6, -122.87, 20.0, 2012-09-26 03:47:30, 0.0, None 
 47.6, -122.95, 20.5, 2012-09-26 03:50:00, 0.0, None 
 47.99, -123.0, 41.5, 2012-09-26 03:55:00, 0.0, None 
 47.62, -122.94, 20.0, 2012-09-26 03:55:00, 0.0, None 
 47.87, -123.05, 60.0, 2012-09-26 03:57:30, 0.0, None 
 48.032, -123.235, 39.0, 2012-09-26 04:00:00, 0.0, None 
 47.68, -122.83, 20.0, 2012-09-26 04:00:00, 0.0, None 
 48.02, -123.165, 42.0, 2012-09-26 04:02:30, 0.0, None 
 47.615, -122.855, 20.0, 2012-09-26 04:05:00, 0.0, None 
 47.625, -122.84, 20.0, 2012-09-26 04:07:30, 0.0, None 
 47.555, -123.0, 50.5, 2012-09-26 04:10:00, 0.0, None 
 47.685, -122.87, 27.0, 2012-09-26 04:12:30, 0.0, None 
 47.83, -123.08, 41.0, 2012-09-26 04:25:00, 0.0, None 
 47.74, -123.18, 33.5, 2012-09-26 04:27:30, 0.0, None 
 47.74, -123.06, 31.0, 2012-09-26 04:30:00, 0.0, None 
 47.705, -123.01, 21.0, 2012-09-26 04:32:30, 0.0, None 
 47.79, -122.86, 20.0, 2012-09-26 04:37:30, 0.0, None 
 48.17, -123.61, 33.0, 2012-09-26 04:40:00, 0.0, None 
 48.175, -123.645, 20.0, 2012-09-26 04:42:30, 0.0, None 
 47.68, -122.97, 35.0, 2012-09-26 04:42:30, 0.0, None 
 47.735, -122.93, 37.0, 2012-09-26 04:45:00, 0.0, None 
 47.71, -123.18, 20.0, 2012-09-26 04:47:30, 0.0, None 
 47.78, -123.16, 34.0, 2012-09-26 04:50:00, 0.0, None 
 47.77, -123.14, 37.5, 2012-09-26 04:52:30, 0.0, None 
 47.78, -123.37, 60.0, 2012-09-26 04:57:30, 0.0, None 
 48.11, -123.57, 47.0, 2012-09-26 05:00:00, 0.0, None 
 47.67, -123.185, 60.0, 2012-09-26 05:00:00, 0.0, None 
 47.73, -123.09, 40.0, 2012-09-26 05:02:30, 0.0, None 
 47.7, -123.27, 48.5, 2012-09-26 05:05:00, 0.0, None 
 47.74, -123.255, 60.0, 2012-09-26 05:07:30, 0.0, None 
 47.61, -122.98, 53.0, 2012-09-26 05:12:30, 0.0, None 
 47.6, -123.17, 31.5, 2012-09-26 05:20:00, 0.0, None 
 47.655, -123.125, 36.5, 2012-09-26 05:22:30, 0.0, None 
 47.633, -123.00200000000001, 52.0, 2012-09-26 05:25:00, 0.0, None 
 47.6, -122.97, 51.0, 2012-09-26 05:27:30, 0.0, None 
 47.71, -123.35, 20.0, 2012-09-26 05:30:00, 0.0, None 
 47.77, -123.2, 20.0, 2012-09-26 05:37:30, 0.0, None 
 47.61, -122.87, 43.0, 2012-09-26 05:40:00, 0.0, None 
 48.0, -123.6, 31.5, 2012-09-26 05:42:30, 0.0, None 
 48.08, -123.67, 27.5, 2012-09-26 05:45:00, 0.0, None 
 47.61, -123.35, 60.0, 2012-09-26 05:47:30, 0.0, None 
 47.725, -123.24799999999999, 60.0, 2012-09-26 05:50:00, 0.0, None 
 47.635, -122.88, 60.0, 2012-09-26 06:00:00, 0.0, None 
 47.615, -122.73, 20.0, 2012-09-26 06:02:30, 0.0, None 
 47.62, -122.73, 20.0, 2012-09-26 06:05:00, 0.0, None 
 47.665, -123.29, 20.0, 2012-09-26 06:07:30, 0.0, None 
 47.695, -123.26, 30.0, 2012-09-26 06:10:00, 0.0, None 
 47.7, -122.88, 60.0, 2012-09-26 06:12:30, 0.0, None 
 47.84, -123.38, 51.0, 2012-09-26 06:20:00, 0.0, None 
 47.61, -122.905, 29.0, 2012-09-26 06:25:00, 0.0, None 
 47.44, -122.72, 60.0, 2012-09-26 06:30:00, 0.0, None 
 47.515, -122.75, 60.0, 2012-09-26 06:40:00, 0.0, None 
 47.61, -122.675, 20.5, 2012-09-26 06:42:30, 0.0, None 
 47.585, -122.81200000000001, 27.0, 2012-09-26 06:45:00, 0.0, None 
 47.605, -122.822, 34.5, 2012-09-26 06:47:30, 0.0, None 
 47.61, -122.825, 34.8, 2012-09-26 06:50:00, 0.0, None 
 47.625, -122.89200000000001, 28.0, 2012-09-26 06:52:30, 0.0, None 
 47.565, -122.775, 29.0, 2012-09-26 06:55:00, 0.0, None 
 47.57, -122.98, 60.0, 2012-09-26 06:57:30, 0.0, None 
 47.6, -122.7, 36.5, 2012-09-26 07:00:00, 0.0, None 
 47.59, -122.99, 24.0, 2012-09-26 07:02:30, 0.0, None 
 47.6, -122.995, 20.0, 2012-09-26 07:05:00, 0.0, None 
 47.58, -123.08, 60.0, 2012-09-26 07:10:00, 0.0, None 
 48.03, -123.57, 48.0, 2012-09-26 07:12:30, 0.0, None 
 47.485, -123.105, 60.0, 2012-09-26 07:12:30, 0.0, None 
 47.68, -122.665, 20.0, 2012-09-26 07:20:00, 0.0, None 
 47.655, -122.71, 31.0, 2012-09-26 07:22:30, 0.0, None 
 47.63, -123.23, 40.0, 2012-09-26 07:32:30, 0.0, None 
 47.675, -123.14, 34.5, 2012-09-26 07:35:00, 0.0, None 
 47.711999999999996, -122.975, 45.0, 2012-09-26 07:37:30, 0.0, None 
 47.595, -122.85, 60.0, 2012-09-26 07:50:00, 0.0, None 
 47.61, -123.265, 51.0, 2012-09-26 07:52:30, 0.0, None 
 47.595, -123.385, 60.0, 2012-09-26 07:57:30, 0.0, None 
 47.59, -123.36, 60.0, 2012-09-26 08:00:00, 0.0, None 
 47.705, -122.915, 46.0, 2012-09-26 08:02:30, 0.0, None 
 47.72, -122.94, 39.5, 2012-09-26 08:05:00, 0.0, None 
 47.515, -122.69, 20.0, 2012-09-26 08:05:00, 0.0, None 
 47.66, -122.845, 49.5, 2012-09-26 08:07:30, 0.0, None 
 47.57, -122.81, 30.5, 2012-09-26 08:10:00, 0.0, None 
 47.62, -122.97, 26.5, 2012-09-26 08:12:30, 0.0, None 
 47.63, -122.96, 24.5, 2012-09-26 08:15:00, 0.0, None 
 47.62, -122.81, 28.0, 2012-09-26 08:17:30, 0.0, None 
 47.7, -122.63, 20.0, 2012-09-26 08:22:30, 0.0, None 
 47.6, -123.27, 60.0, 2012-09-26 08:27:30, 0.0, None 
 47.6, -122.965, 20.0, 2012-09-26 08:35:00, 0.0, None 
 47.66, -122.77, 33.0, 2012-09-26 08:40:00, 0.0, None 
 47.635, -122.81, 23.5, 2012-09-26 08:42:30, 0.0, None 
 47.69, -122.8, 42.0, 2012-09-26 08:45:00, 0.0, None 
 47.48, -122.67, 60.0, 2012-09-26 08:45:00, 0.0, None 
 47.597, -122.745, 27.5, 2012-09-26 08:47:30, 0.0, None 
 47.54, -122.76, 45.0, 2012-09-26 09:05:00, 0.0, None 
 48.06, -123.58, 32.0, 2012-09-26 09:07:30, 0.0, None 
 47.97, -123.52, 34.0, 2012-09-26 09:10:00, 0.0, None 
 48.08, -123.65, 29.0, 2012-09-26 09:15:00, 0.0, None 
 48.08, -123.66, 29.0, 2012-09-26 09:17:30, 0.0, None 
 48.18, -123.62, 20.0, 2012-09-26 09:20:00, 0.0, None 
 47.585, -122.805, 39.0, 2012-09-26 09:20:00, 0.0, None 
 47.59, -122.8, 35.0, 2012-09-26 09:22:30, 0.0, None 
 47.73, -123.1, 60.0, 2012-09-26 09:22:30, 0.0, None 
 48.04, -123.572, 37.8, 2012-09-26 09:25:00, 0.0, None 
 48.047, -123.602, 37.8, 2012-09-26 09:27:30, 0.0, None 
 48.09, -123.68, 20.0, 2012-09-26 09:32:30, 0.0, None 
 48.08, -123.62, 36.0, 2012-09-26 09:35:00, 0.0, None 
 47.49, -122.71, 20.0, 2012-09-26 09:37:30, 0.0, None 
 47.6, -122.803, 20.0, 2012-09-26 09:40:00, 0.0, None 
 47.52, -122.72, 46.0, 2012-09-26 09:42:30, 0.0, None 
 47.6, -122.91, 30.0, 2012-09-26 09:50:00, 0.0, None 
 48.17, -123.67, 20.0, 2012-09-26 09:55:00, 0.0, None 
 47.63, -122.85, 33.0, 2012-09-26 10:00:00, 0.0, None 
 47.6, -123.03, 32.0, 2012-09-26 10:02:30, 0.0, None 
 47.625, -122.79, 31.8, 2012-09-26 10:05:00, 0.0, None 
 47.625, -122.795, 35.5, 2012-09-26 10:07:30, 0.0, None 
 48.1, -123.615, 46.5, 2012-09-26 10:10:00, 0.0, None 
 48.08, -123.61, 34.0, 2012-09-26 10:12:30, 0.0, None 
 47.63, -122.82, 60.0, 2012-09-26 10:17:30, 0.0, None 
 47.61, -122.89, 21.8, 2012-09-26 10:22:30, 0.0, None 
 47.61, -122.85799999999999, 22.5, 2012-09-26 10:25:00, 0.0, None 
 47.588, -122.845, 25.0, 2012-09-26 10:27:30, 0.0, None 
 47.83, -123.105, 60.0, 2012-09-26 10:30:00, 0.0, None 
 47.675, -123.1, 38.5, 2012-09-26 10:32:30, 0.0, None 
 47.62, -123.26, 28.0, 2012-09-26 10:35:00, 0.0, None 
 47.69, -123.02799999999999, 50.0, 2012-09-26 10:37:30, 0.0, None 
 47.585, -122.84, 27.5, 2012-09-26 10:40:00, 0.0, None 
 47.595, -122.845, 30.0, 2012-09-26 10:42:30, 0.0, None 
 47.74, -122.94, 60.0, 2012-09-26 10:45:00, 0.0, None 
 47.6, -122.725, 33.0, 2012-09-26 10:47:30, 0.0, None 
 47.582, -122.76799999999999, 60.0, 2012-09-26 10:50:00, 0.0, None 
 47.773, -123.23200000000001, 29.8, 2012-09-26 10:52:30, 0.0, None 
 47.69, -123.26, 33.0, 2012-09-26 10:55:00, 0.0, None 
 47.54, -123.05, 60.0, 2012-09-26 10:57:30, 0.0, None 
 47.5, -123.05, 20.0, 2012-09-26 11:02:30, 0.0, None 
 47.76, -122.83, 36.0, 2012-09-26 11:05:00, 0.0, None 
 47.72, -123.05, 30.0, 2012-09-26 11:07:30, 0.0, None 
 47.69, -123.14, 32.5, 2012-09-26 11:10:00, 0.0, None 
 47.68, -122.955, 37.0, 2012-09-26 11:15:00, 0.0, None 
 47.73, -123.115, 50.5, 2012-09-26 11:17:30, 0.0, None 
 47.68, -122.757, 23.2, 2012-09-26 11:20:00, 0.0, None 
 47.58, -123.1, 60.0, 2012-09-26 11:22:30, 0.0, None 
 47.76, -123.12, 25.0, 2012-09-26 11:25:00, 0.0, None 
 47.63, -123.31, 29.0, 2012-09-26 11:27:30, 0.0, None 
 47.665, -122.845, 32.0, 2012-09-26 11:32:30, 0.0, None 
 47.8, -122.935, 34.5, 2012-09-26 11:37:30, 0.0, None 
 47.78, -122.94, 32.0, 2012-09-26 11:40:00, 0.0, None 
 47.78, -122.95, 34.0, 2012-09-26 11:42:30, 0.0, None 
 47.69, -122.993, 27.0, 2012-09-26 11:45:00, 0.0, None 
 47.72, -123.01299999999999, 25.5, 2012-09-26 11:47:30, 0.0, None 
 47.7, -122.855, 46.0, 2012-09-26 11:50:00, 0.0, None 
 47.77, -122.9, 37.5, 2012-09-26 11:52:30, 0.0, None 
 47.44, -122.68, 20.0, 2012-09-26 11:52:30, 0.0, None 
 47.795, -123.0, 35.0, 2012-09-26 11:55:00, 0.0, None 
 47.835, -123.07, 60.0, 2012-09-26 11:57:30, 0.0, None 
 47.72, -122.82, 28.0, 2012-09-26 12:00:00, 0.0, None 
 47.835, -122.99, 38.0, 2012-09-26 12:02:30, 0.0, None 
 47.775, -123.07, 41.5, 2012-09-26 12:05:00, 0.0, None 
 47.78, -123.06, 42.0, 2012-09-26 12:07:30, 0.0, None 
 47.88, -122.98, 33.0, 2012-09-26 12:12:30, 0.0, None 
 47.58, -123.13, 23.0, 2012-09-26 12:27:30, 0.0, None 
 47.62, -122.925, 38.0, 2012-09-26 12:30:00, 0.0, None 
 47.6, -123.09, 60.0, 2012-09-26 12:35:00, 0.0, None 
 47.56, -122.86, 24.0, 2012-09-26 12:45:00, 0.0, None 
 47.94, -123.02, 60.0, 2012-09-26 12:45:00, 0.0, None 
 47.57, -122.84, 20.0, 2012-09-26 12:47:30, 0.0, None 
 47.85, -122.955, 46.0, 2012-09-26 12:47:30, 0.0, None 
 47.7, -123.07, 34.0, 2012-09-26 12:50:00, 0.0, None 
 47.64, -122.78, 53.0, 2012-09-26 12:52:30, 0.0, None 
 47.715, -123.375, 60.0, 2012-09-26 12:57:30, 0.0, None 
 47.81, -123.38, 56.0, 2012-09-26 13:25:00, 0.0, None 
 47.72, -123.03, 41.0, 2012-09-26 13:30:00, 0.0, None 
 47.77, -122.76, 37.0, 2012-09-26 13:45:00, 0.0, None 
 47.845, -123.18299999999999, 50.2, 2012-09-26 13:47:30, 0.0, None 
 47.73, -123.37, 20.0, 2012-09-26 13:50:00, 0.0, None 
 47.72, -122.85, 45.0, 2012-09-26 14:35:00, 0.0, None 
 47.82, -123.32, 60.0, 2012-09-26 14:37:30, 0.0, None 
 47.62, -123.08, 58.0, 2012-09-26 14:47:30, 0.0, None 
 47.65, -123.4, 20.0, 2012-09-26 15:12:30, 0.0, None 
 47.59, -123.23, 20.0, 2012-09-26 15:17:30, 0.0, None 
 47.715, -123.405, 20.0, 2012-09-26 15:30:00, 0.0, None 
 47.49, -122.67, 20.0, 2012-09-26 16:20:00, 0.0, None 
 47.8, -123.24, 20.0, 2012-09-26 17:05:00, 0.0, None 
 47.79, -123.275, 44.0, 2012-09-26 17:17:30, 0.0, None 
 47.72, -123.12, 32.0, 2012-09-26 17:22:30, 0.0, None 
 47.65, -122.75, 50.0, 2012-09-26 17:32:30, 0.0, None 
 47.61, -123.12, 20.0, 2012-09-26 17:35:00, 0.0, None 
 47.87, -122.91, 46.0, 2012-09-26 17:52:30, 0.0, None 
 47.94, -122.96, 60.0, 2012-09-26 17:57:30, 0.0, None 
 47.51, -122.69, 26.0, 2012-09-26 18:02:30, 0.0, None 
 47.6, -123.06, 23.0, 2012-09-26 18:05:00, 0.0, None 
 47.65, -123.05, 32.0, 2012-09-26 18:07:30, 0.0, None 
 47.59, -123.06, 20.0, 2012-09-26 18:12:30, 0.0, None 
 47.49, -123.12, 39.0, 2012-09-26 18:27:30, 0.0, None 
 47.395, -122.67, 60.0, 2012-09-26 18:30:00, 0.0, None 
 47.5, -123.2, 20.0, 2012-09-26 18:50:00, 0.0, None 
 47.82, -122.97, 60.0, 2012-09-26 18:57:30, 0.0, None 
 47.73, -122.91, 46.0, 2012-09-26 19:07:30, 0.0, None 
 47.82, -123.035, 60.0, 2012-09-26 19:15:00, 0.0, None 
 47.64, -122.84, 28.0, 2012-09-26 19:17:30, 0.0, None 
 47.83, -123.1, 20.0, 2012-09-26 19:55:00, 0.0, None 
 47.74, -122.9, 39.0, 2012-09-26 20:35:00, 0.0, None 
 47.62, -122.95, 32.0, 2012-09-26 20:37:30, 0.0, None 
 47.89, -123.1, 60.0, 2012-09-26 20:37:30, 0.0, None 
 47.54, -122.93, 29.0, 2012-09-26 20:40:00, 0.0, None 
 47.58, -123.35, 30.0, 2012-09-26 21:12:30, 0.0, None 
 47.74, -123.25, 20.0, 2012-09-26 21:45:00, 0.0, None 
 47.9, -123.52, 47.0, 2012-09-26 21:47:30, 0.0, None 
 47.58, -123.07, 52.0, 2012-09-26 21:50:00, 0.0, None 
 47.63, -123.01, 20.0, 2012-09-26 22:02:30, 0.0, None 
 47.665, -123.21, 20.0, 2012-09-26 22:05:00, 0.0, None 
 47.685, -123.165, 20.0, 2012-09-26 22:07:30, 0.0, None 
 47.61, -123.135, 43.0, 2012-09-26 22:10:00, 0.0, None 
 47.655, -123.09, 43.0, 2012-09-26 22:12:30, 0.0, None 
 47.58, -122.63, 20.0, 2012-09-26 22:12:30, 0.0, None 
 47.69, -123.13, 31.0, 2012-09-26 22:17:30, 0.0, None 
 47.626999999999995, -123.105, 42.5, 2012-09-26 22:22:30, 0.0, None 
 47.715, -123.095, 43.5, 2012-09-26 22:25:00, 0.0, None 
 47.6, -122.92, 49.0, 2012-09-26 22:27:30, 0.0, None 
 47.69, -123.22, 35.0, 2012-09-26 22:30:00, 0.0, None 
 47.87, -122.92, 20.0, 2012-09-26 22:37:30, 0.0, None 
 47.71, -123.075, 29.0, 2012-09-26 22:42:30, 0.0, None 
 47.735, -122.705, 22.0, 2012-09-26 22:42:30, 0.0, None 
 47.685, -123.075, 32.5, 2012-09-26 22:45:00, 0.0, None 
 47.71, -122.88, 28.5, 2012-09-26 23:05:00, 0.0, None 
 47.68, -123.03, 34.0, 2012-09-26 23:17:30, 0.0, None 
 47.7, -123.065, 33.5, 2012-09-26 23:20:00, 0.0, None 
 47.62, -123.07, 33.0, 2012-09-26 23:22:30, 0.0, None 
 47.675, -122.738, 27.5, 2012-09-26 23:25:00, 0.0, None 
 47.68, -122.72, 26.5, 2012-09-26 23:30:00, 0.0, None 
 47.635, -122.80799999999999, 21.5, 2012-09-26 23:32:30, 0.0, None 
 47.85, -123.08, 60.0, 2012-09-26 23:47:30, 0.0, None 
 47.6, -122.805, 20.0, 2012-09-26 23:55:00, 0.0, None 
 47.86, -123.1, 60.0, 2012-09-26 23:55:00, 0.0, None 
 47.78, -123.21, 45.0, 2012-09-27 00:07:30, 0.0, None 
 47.765, -123.205, 37.0, 2012-09-27 00:10:00, 0.0, None 
 47.77, -123.215, 40.0, 2012-09-27 00:12:30, 0.0, None 
 47.73, -123.355, 39.5, 2012-09-27 00:15:00, 0.0, None 
 47.76, -123.38, 29.0, 2012-09-27 00:17:30, 0.0, None 
 47.715, -123.39, 29.0, 2012-09-27 00:20:00, 0.0, None 
 47.61, -123.1, 46.0, 2012-09-27 00:22:30, 0.0, None 
 47.78, -123.21, 28.0, 2012-09-27 00:25:00, 0.0, None 
 47.8, -123.31, 26.0, 2012-09-27 00:27:30, 0.0, None 
 47.77, -123.415, 41.5, 2012-09-27 00:30:00, 0.0, None 
 47.8, -123.41, 53.0, 2012-09-27 00:32:30, 0.0, None 
 47.775, -123.32, 53.2, 2012-09-27 00:35:00, 0.0, None 
 47.703, -123.34700000000001, 53.0, 2012-09-27 00:37:30, 0.0, None 
 47.79, -123.36, 27.0, 2012-09-27 00:40:00, 0.0, None 
 47.75, -123.26, 36.0, 2012-09-27 00:42:30, 0.0, None 
 47.8, -123.23, 33.0, 2012-09-27 00:50:00, 0.0, None 
 47.83, -123.23, 30.0, 2012-09-27 00:52:30, 0.0, None 
 47.68, -123.39, 60.0, 2012-09-27 01:02:30, 0.0, None 
 47.8, -123.25, 20.0, 2012-09-27 01:12:30, 0.0, None 
 47.85, -123.21, 60.0, 2012-09-27 01:22:30, 0.0, None 
 47.67, -122.81, 60.0, 2012-09-27 01:22:30, 0.0, None 
 47.915, -123.2, 27.0, 2012-09-27 01:37:30, 0.0, None 
 47.79, -123.38, 33.0, 2012-09-27 01:42:30, 0.0, None 
 47.8, -123.3, 46.0, 2012-09-27 01:45:00, 0.0, None 
 47.72, -123.47, 60.0, 2012-09-27 02:00:00, 0.0, None 
 47.58, -122.99, 22.0, 2012-09-27 02:02:30, 0.0, None 
 47.535, -122.95, 21.0, 2012-09-27 02:42:30, 0.0, None 
 47.6, -122.94, 42.5, 2012-09-27 02:45:00, 0.0, None 
 47.37, -122.82, 55.0, 2012-09-27 02:50:00, 0.0, None 
 47.645, -123.28, 39.0, 2012-09-27 03:05:00, 0.0, None 
 47.61, -123.28, 42.0, 2012-09-27 03:07:30, 0.0, None 
 47.562, -123.165, 30.0, 2012-09-27 03:10:00, 0.0, None 
 47.66, -122.945, 41.5, 2012-09-27 03:12:30, 0.0, None 
 47.59, -122.925, 46.0, 2012-09-27 03:20:00, 0.0, None 
 47.57, -122.91, 25.5, 2012-09-27 03:25:00, 0.0, None 
 47.84, -122.91, 48.0, 2012-09-27 03:25:00, 0.0, None 
 47.49, -122.92, 20.0, 2012-09-27 03:30:00, 0.0, None 
 47.58, -122.7, 20.0, 2012-09-27 03:40:00, 0.0, None 
 47.5, -123.03, 20.0, 2012-09-27 04:10:00, 0.0, None 
 47.51, -122.95, 20.0, 2012-09-27 04:12:30, 0.0, None 
 47.525, -122.98, 22.0, 2012-09-27 04:15:00, 0.0, None 
 47.611999999999995, -123.06, 42.5, 2012-09-27 04:17:30, 0.0, None 
 47.51, -122.99, 25.0, 2012-09-27 04:20:00, 0.0, None 
 47.63, -123.32, 60.0, 2012-09-27 04:20:00, 0.0, None 
 47.58, -122.925, 20.0, 2012-09-27 04:22:30, 0.0, None 
 47.75, -123.42, 60.0, 2012-09-27 04:22:30, 0.0, None 
 47.71, -123.23, 20.0, 2012-09-27 04:25:00, 0.0, None 
 47.61, -123.0, 31.5, 2012-09-27 04:27:30, 0.0, None 
 47.6, -123.39, 60.0, 2012-09-27 04:30:00, 0.0, None 
 47.57, -123.16, 20.0, 2012-09-27 04:35:00, 0.0, None 
 47.615, -122.90700000000001, 25.5, 2012-09-27 04:37:30, 0.0, None 
 47.54, -123.03, 42.5, 2012-09-27 04:40:00, 0.0, None 
 47.51, -123.115, 43.5, 2012-09-27 04:45:00, 0.0, None 
 47.68, -123.39, 60.0, 2012-09-27 04:45:00, 0.0, None 
 47.49, -122.995, 47.5, 2012-09-27 04:47:30, 0.0, None 
 47.53, -122.98, 46.0, 2012-09-27 04:50:00, 0.0, None 
 47.545, -122.93, 40.0, 2012-09-27 04:52:30, 0.0, None 
 47.57, -122.69, 20.0, 2012-09-27 04:55:00, 0.0, None 
 47.56, -123.365, 60.0, 2012-09-27 04:57:30, 0.0, None 
 47.64, -123.0, 40.0, 2012-09-27 05:00:00, 0.0, None 
 47.59, -123.35, 20.0, 2012-09-27 05:00:00, 0.0, None 
 47.635, -122.885, 31.5, 2012-09-27 05:02:30, 0.0, None 
 47.54, -123.09, 55.0, 2012-09-27 05:05:00, 0.0, None 
 47.571999999999996, -123.29299999999999, 60.0, 2012-09-27 05:07:30, 0.0, None 
 47.63, -123.285, 45.0, 2012-09-27 05:10:00, 0.0, None 
 47.605, -123.13, 60.0, 2012-09-27 05:15:00, 0.0, None 
 47.6, -123.275, 34.0, 2012-09-27 05:17:30, 0.0, None 
 47.605, -123.285, 27.0, 2012-09-27 05:20:00, 0.0, None 
 47.63, -123.31, 47.5, 2012-09-27 05:22:30, 0.0, None 
 47.61, -123.27, 41.0, 2012-09-27 05:25:00, 0.0, None 
 47.68, -123.3, 43.0, 2012-09-27 05:27:30, 0.0, None 
 47.62, -123.115, 60.0, 2012-09-27 05:30:00, 0.0, None 
 47.61, -122.99, 48.0, 2012-09-27 05:32:30, 0.0, None 
 47.62, -122.975, 60.0, 2012-09-27 05:35:00, 0.0, None 
 47.655, -123.365, 32.2, 2012-09-27 05:37:30, 0.0, None 
 47.63, -123.33, 38.0, 2012-09-27 05:40:00, 0.0, None 
 47.79, -123.45, 49.0, 2012-09-27 05:42:30, 0.0, None 
 47.688, -123.45, 47.2, 2012-09-27 05:52:30, 0.0, None 
 47.69, -123.48, 60.0, 2012-09-27 05:57:30, 0.0, None 
 47.61, -123.14, 48.0, 2012-09-27 06:00:00, 0.0, None 
 47.76, -123.23, 20.0, 2012-09-27 06:05:00, 0.0, None 
 47.62, -123.09, 47.0, 2012-09-27 06:07:30, 0.0, None 
 47.53, -122.89, 23.0, 2012-09-27 06:10:00, 0.0, None 
 47.56, -122.895, 24.0, 2012-09-27 06:12:30, 0.0, None 
 47.67, -122.78, 20.0, 2012-09-27 06:15:00, 0.0, None 
 47.59, -122.79, 60.0, 2012-09-27 06:17:30, 0.0, None 
 47.575, -122.7, 26.0, 2012-09-27 06:22:30, 0.0, None 
 47.58, -122.71, 24.0, 2012-09-27 06:25:00, 0.0, None 
 47.38, -122.78, 33.0, 2012-09-27 06:32:30, 0.0, None 
 47.52, -122.92, 20.0, 2012-09-27 06:40:00, 0.0, None 
 47.69, -123.4, 60.0, 2012-09-27 06:40:00, 0.0, None 
 47.597, -122.795, 27.5, 2012-09-27 06:42:30, 0.0, None 
 47.595, -122.82700000000001, 25.0, 2012-09-27 06:45:00, 0.0, None 
 47.56, -122.865, 22.5, 2012-09-27 06:47:30, 0.0, None 
 47.72, -123.295, 60.0, 2012-09-27 06:47:30, 0.0, None 
 47.57, -122.74, 27.0, 2012-09-27 06:50:00, 0.0, None 
 47.57, -122.8, 25.0, 2012-09-27 06:52:30, 0.0, None 
 47.62, -122.95, 37.0, 2012-09-27 06:55:00, 0.0, None 
 47.555, -122.85, 29.0, 2012-09-27 07:00:00, 0.0, None 
 47.675, -122.995, 41.5, 2012-09-27 07:02:30, 0.0, None 
 47.55, -122.7, 20.0, 2012-09-27 07:10:00, 0.0, None 
 47.57, -123.19, 50.0, 2012-09-27 07:12:30, 0.0, None 
 47.69, -123.47, 20.0, 2012-09-27 07:15:00, 0.0, None 
 47.73, -123.39, 29.5, 2012-09-27 07:35:00, 0.0, None 
 47.47, -123.19, 60.0, 2012-09-27 07:37:30, 0.0, None 
 47.595, -123.42, 60.0, 2012-09-27 07:45:00, 0.0, None 
 47.515, -123.16, 60.0, 2012-09-27 07:57:30, 0.0, None 
 47.46, -123.04, 20.0, 2012-09-27 08:00:00, 0.0, None 
 47.49, -122.93, 20.0, 2012-09-27 08:05:00, 0.0, None 
 47.625, -123.25200000000001, 52.0, 2012-09-27 08:07:30, 0.0, None 
 47.617, -123.34700000000001, 60.0, 2012-09-27 08:10:00, 0.0, None 
 47.6, -122.87, 20.0, 2012-09-27 08:15:00, 0.0, None 
 47.42, -123.02, 32.0, 2012-09-27 08:17:30, 0.0, None 
 47.64, -122.82, 45.0, 2012-09-27 08:20:00, 0.0, None 
 47.45, -123.07, 40.0, 2012-09-27 08:35:00, 0.0, None 
 47.46, -123.07, 38.0, 2012-09-27 08:37:30, 0.0, None 
 47.71, -123.52, 20.0, 2012-09-27 09:07:30, 0.0, None 
 47.46, -123.15, 50.0, 2012-09-27 09:15:00, 0.0, None 
 47.43, -123.11, 51.0, 2012-09-27 09:17:30, 0.0, None 
 47.475, -123.19, 60.0, 2012-09-27 09:27:30, 0.0, None 
 47.59, -123.0, 31.0, 2012-09-27 09:30:00, 0.0, None 
 47.51, -122.955, 36.5, 2012-09-27 09:32:30, 0.0, None 
 47.48, -122.975, 33.5, 2012-09-27 09:35:00, 0.0, None 
 47.57, -122.83, 20.0, 2012-09-27 09:40:00, 0.0, None 
 47.69, -123.25, 60.0, 2012-09-27 09:42:30, 0.0, None 
 47.53, -122.89, 24.0, 2012-09-27 09:45:00, 0.0, None 
 47.538000000000004, -122.882, 25.5, 2012-09-27 09:47:30, 0.0, None 
 47.47, -123.175, 40.5, 2012-09-27 09:50:00, 0.0, None 
 47.668, -123.32, 50.0, 2012-09-27 09:52:30, 0.0, None 
 47.715, -122.995, 60.0, 2012-09-27 09:57:30, 0.0, None 
 47.6, -123.02, 36.0, 2012-09-27 10:00:00, 0.0, None 
 47.57, -123.05, 40.0, 2012-09-27 10:02:30, 0.0, None 
 47.53, -123.09, 32.0, 2012-09-27 10:05:00, 0.0, None 
 47.6, -122.89, 35.0, 2012-09-27 10:10:00, 0.0, None 
 47.61, -123.05799999999999, 36.5, 2012-09-27 10:17:30, 0.0, None 
 47.54, -123.14, 52.5, 2012-09-27 10:20:00, 0.0, None 
 47.605, -123.235, 36.0, 2012-09-27 10:22:30, 0.0, None 
 47.58, -123.05, 60.0, 2012-09-27 10:25:00, 0.0, None 
 47.59, -123.305, 29.5, 2012-09-27 10:27:30, 0.0, None 
 47.58, -123.28, 20.0, 2012-09-27 10:30:00, 0.0, None 
 47.486999999999995, -123.19, 53.5, 2012-09-27 10:32:30, 0.0, None 
 47.69, -123.34, 20.0, 2012-09-27 10:35:00, 0.0, None 
 47.595, -123.03, 20.0, 2012-09-27 10:42:30, 0.0, None 
 47.635, -123.18299999999999, 33.2, 2012-09-27 11:02:30, 0.0, None 
 47.565, -123.18299999999999, 47.2, 2012-09-27 11:05:00, 0.0, None 
 47.62, -123.06, 35.0, 2012-09-27 11:10:00, 0.0, None 
 47.6, -123.02, 31.5, 2012-09-27 11:12:30, 0.0, None 
 47.76, -123.26, 29.0, 2012-09-27 11:12:30, 0.0, None 
 47.68, -123.2, 25.0, 2012-09-27 11:15:00, 0.0, None 
 47.61, -123.175, 20.0, 2012-09-27 11:17:30, 0.0, None 
 47.54, -123.19, 44.0, 2012-09-27 11:20:00, 0.0, None 
 47.61, -122.99, 60.0, 2012-09-27 11:27:30, 0.0, None 
 47.68, -123.02, 41.0, 2012-09-27 11:30:00, 0.0, None 
 47.73, -123.23, 50.0, 2012-09-27 11:32:30, 0.0, None 
 47.63, -122.755, 60.0, 2012-09-27 11:32:30, 0.0, None 
 47.7, -123.08, 36.5, 2012-09-27 11:35:00, 0.0, None 
 47.672, -123.18, 45.0, 2012-09-27 11:37:30, 0.0, None 
 47.633, -123.23700000000001, 28.5, 2012-09-27 11:40:00, 0.0, None 
 47.72, -123.23, 20.0, 2012-09-27 11:42:30, 0.0, None 
 47.75, -123.1, 30.5, 2012-09-27 11:45:00, 0.0, None 
 47.605, -123.195, 32.0, 2012-09-27 11:47:30, 0.0, None 
 47.605, -123.22, 47.5, 2012-09-27 11:50:00, 0.0, None 
 47.68, -123.275, 34.0, 2012-09-27 11:52:30, 0.0, None 
 47.59, -122.8, 52.0, 2012-09-27 11:55:00, 0.0, None 
 47.67, -123.21, 30.5, 2012-09-27 11:57:30, 0.0, None 
 47.7, -123.09, 33.0, 2012-09-27 12:00:00, 0.0, None 
 47.65, -123.31, 40.0, 2012-09-27 12:02:30, 0.0, None 
 47.45, -123.145, 42.5, 2012-09-27 12:05:00, 0.0, None 
 47.595, -123.03, 43.0, 2012-09-27 12:07:30, 0.0, None 
 47.53, -122.85, 29.0, 2012-09-27 12:10:00, 0.0, None 
 47.61, -122.89, 20.0, 2012-09-27 12:12:30, 0.0, None 
 47.4, -123.04, 40.0, 2012-09-27 12:25:00, 0.0, None 
 47.5, -122.965, 20.0, 2012-09-27 12:47:30, 0.0, None 
 47.56, -123.33, 60.0, 2012-09-27 12:57:30, 0.0, None 
 47.61, -122.77, 60.0, 2012-09-27 13:50:00, 0.0, None 
 47.46, -123.1, 40.0, 2012-09-27 14:12:30, 0.0, None 
 47.65, -122.83, 29.0, 2012-09-27 15:05:00, 0.0, None 
 47.69, -123.19, 31.0, 2012-09-27 15:20:00, 0.0, None 
 47.66, -123.3, 34.0, 2012-09-27 15:22:30, 0.0, None 
 47.67, -123.18, 60.0, 2012-09-27 15:27:30, 0.0, None 
 47.67, -122.88, 22.0, 2012-09-27 16:30:00, 0.0, None 
 47.53, -123.02, 59.5, 2012-09-27 17:12:30, 0.0, None 
 47.59, -123.08, 60.0, 2012-09-27 17:47:30, 0.0, None 
 47.53, -123.285, 57.0, 2012-09-27 17:57:30, 0.0, None 
 47.55, -123.16, 60.0, 2012-09-27 19:10:00, 0.0, None 
 47.7, -123.34, 20.0, 2012-09-27 19:42:30, 0.0, None 
 47.66, -123.44, 60.0, 2012-09-27 19:47:30, 0.0, None 
 47.65, -123.45700000000001, 54.5, 2012-09-27 19:50:00, 0.0, None 
 47.5, -122.87, 38.0, 2012-09-27 19:52:30, 0.0, None 
 47.49, -122.97, 20.0, 2012-09-27 19:55:00, 0.0, None 
 47.545, -122.83, 20.0, 2012-09-27 20:07:30, 0.0, None 
 47.56, -123.25200000000001, 30.0, 2012-09-27 20:32:30, 0.0, None 
 47.53, -123.18, 42.0, 2012-09-27 20:35:00, 0.0, None 
 47.8, -122.87, 60.0, 2012-09-27 20:37:30, 0.0, None 
 47.66, -123.1, 20.0, 2012-09-27 20:45:00, 0.0, None 
 47.59, -123.14, 57.0, 2012-09-27 21:15:00, 0.0, None 
 47.65, -123.0, 60.0, 2012-09-27 21:17:30, 0.0, None 
 47.34, -122.81, 41.0, 2012-09-27 21:20:00, 0.0, None 
 47.64, -123.335, 43.5, 2012-09-27 21:32:30, 0.0, None 
 47.71, -123.33, 20.0, 2012-09-27 21:35:00, 0.0, None 
 47.6, -122.78, 20.0, 2012-09-27 21:45:00, 0.0, None 
 47.38, -123.02, 60.0, 2012-09-27 22:05:00, 0.0, None 
 47.6, -122.945, 20.0, 2012-09-27 22:20:00, 0.0, None 
 47.69, -122.87299999999999, 33.5, 2012-09-27 22:22:30, 0.0, None 
 47.615, -122.85, 27.5, 2012-09-27 22:25:00, 0.0, None 
 47.56, -122.865, 23.5, 2012-09-27 22:27:30, 0.0, None 
 47.58, -122.76, 31.0, 2012-09-27 22:42:30, 0.0, None 
 47.58, -122.81, 43.0, 2012-09-27 23:00:00, 0.0, None 
 47.52, -122.925, 32.5, 2012-09-27 23:07:30, 0.0, None 
 47.52, -122.91, 29.0, 2012-09-27 23:10:00, 0.0, None 
 47.6, -122.78, 21.0, 2012-09-27 23:22:30, 0.0, None 
 47.58, -122.755, 30.0, 2012-09-27 23:25:00, 0.0, None 
 47.415, -122.825, 52.0, 2012-09-27 23:35:00, 0.0, None 
 47.615, -122.95, 59.0, 2012-09-27 23:40:00, 0.0, None 
 47.67, -123.01, 20.0, 2012-09-27 23:50:00, 0.0, None 
 47.675, -122.735, 20.0, 2012-09-27 23:52:30, 0.0, None 
 47.625, -122.77, 30.5, 2012-09-27 23:55:00, 0.0, None 
 47.4, -122.75, 29.0, 2012-09-28 00:00:00, 0.0, None 
 47.75, -123.27, 55.0, 2012-09-28 00:02:30, 0.0, None 
 47.535, -123.102, 47.5, 2012-09-28 00:40:00, 0.0, None 
 47.49, -123.045, 47.0, 2012-09-28 00:42:30, 0.0, None 
 47.53, -122.61, 56.0, 2012-09-28 00:45:00, 0.0, None 
 47.59, -122.6, 20.5, 2012-09-28 00:47:30, 0.0, None 
 47.59, -122.61, 23.0, 2012-09-28 00:50:00, 0.0, None 
 47.37, -122.66, 60.0, 2012-09-28 00:55:00, 0.0, None 
 47.38, -122.99, 20.0, 2012-09-28 01:10:00, 0.0, None 
 47.65, -123.42, 60.0, 2012-09-28 01:57:30, 0.0, None 
 47.49, -123.25, 60.0, 2012-09-28 02:07:30, 0.0, None 
 47.59, -123.29, 60.0, 2012-09-28 02:10:00, 0.0, None 
 47.59, -123.27, 22.5, 2012-09-28 02:20:00, 0.0, None 
 47.615, -123.315, 42.5, 2012-09-28 02:40:00, 0.0, None 
 47.32, -123.21, 44.0, 2012-09-28 02:40:00, 0.0, None 
 47.68, -123.35, 20.0, 2012-09-28 02:55:00, 0.0, None 
 47.99, -123.51, 20.0, 2012-09-28 02:57:30, 0.0, None 
 48.0, -123.5, 20.0, 2012-09-28 03:20:00, 0.0, None 
 47.62, -123.42, 20.0, 2012-09-28 03:20:00, 0.0, None 
 47.59, -123.355, 20.0, 2012-09-28 03:32:30, 0.0, None 
 47.68, -123.26, 60.0, 2012-09-28 03:37:30, 0.0, None 
 47.71, -123.04, 20.0, 2012-09-28 03:42:30, 0.0, None 
 47.53, -123.39, 20.0, 2012-09-28 03:45:00, 0.0, None 
 47.532, -123.275, 57.5, 2012-09-28 03:50:00, 0.0, None 
 47.575, -123.325, 46.5, 2012-09-28 03:52:30, 0.0, None 
 47.58, -123.38, 47.5, 2012-09-28 03:55:00, 0.0, None 
 47.56, -123.31, 60.0, 2012-09-28 03:57:30, 0.0, None 
 47.5, -123.135, 37.5, 2012-09-28 04:00:00, 0.0, None 
 47.59, -123.4, 28.0, 2012-09-28 04:05:00, 0.0, None 
 47.43, -123.243, 60.0, 2012-09-28 04:17:30, 0.0, None 
 47.675, -123.345, 23.5, 2012-09-28 04:40:00, 0.0, None 
 47.46, -122.93, 20.0, 2012-09-28 05:00:00, 0.0, None 
 47.48, -122.88, 20.0, 2012-09-28 05:02:30, 0.0, None 
 47.51, -122.83, 20.0, 2012-09-28 05:05:00, 0.0, None 
 47.3, -123.4, 20.0, 2012-09-28 05:05:00, 0.0, None 
 47.44, -122.89, 35.0, 2012-09-28 05:20:00, 0.0, None 
 47.65, -123.32, 20.0, 2012-09-28 05:22:30, 0.0, None 
 47.47, -122.925, 20.0, 2012-09-28 05:25:00, 0.0, None 
 47.545, -122.95, 30.0, 2012-09-28 05:27:30, 0.0, None 
 47.58, -123.3, 60.0, 2012-09-28 05:32:30, 0.0, None 
 47.37, -122.86, 26.0, 2012-09-28 05:37:30, 0.0, None 
 47.49, -122.84, 60.0, 2012-09-28 05:57:30, 0.0, None 
 47.46, -122.81, 30.0, 2012-09-28 06:00:00, 0.0, None 
 47.28, -123.195, 23.0, 2012-09-28 06:12:30, 0.0, None 
 47.53, -122.95299999999999, 33.0, 2012-09-28 06:17:30, 0.0, None 
 47.46, -122.86, 25.0, 2012-09-28 06:20:00, 0.0, None 
 47.47, -122.87, 20.0, 2012-09-28 06:22:30, 0.0, None 
 47.67, -123.22, 58.0, 2012-09-28 06:25:00, 0.0, None 
 47.58, -122.99, 60.0, 2012-09-28 06:30:00, 0.0, None 
 47.535, -122.97, 48.5, 2012-09-28 06:32:30, 0.0, None 
 47.47, -122.905, 34.0, 2012-09-28 06:35:00, 0.0, None 
 47.41, -122.93, 40.0, 2012-09-28 06:40:00, 0.0, None 
 47.5, -122.93, 20.0, 2012-09-28 06:45:00, 0.0, None 
 47.68, -123.2, 57.0, 2012-09-28 06:45:00, 0.0, None 
 47.515, -122.88, 32.0, 2012-09-28 06:47:30, 0.0, None 
 47.59, -123.21, 48.0, 2012-09-28 06:55:00, 0.0, None 
 47.54, -123.3, 60.0, 2012-09-28 06:57:30, 0.0, None 
 47.62, -123.1, 20.0, 2012-09-28 07:02:30, 0.0, None 
 47.5, -122.97, 20.0, 2012-09-28 07:15:00, 0.0, None 
 47.22, -123.12, 31.0, 2012-09-28 07:20:00, 0.0, None 
 47.62, -123.345, 33.5, 2012-09-28 07:25:00, 0.0, None 
 47.54, -123.29, 60.0, 2012-09-28 07:27:30, 0.0, None 
 47.49, -123.205, 60.0, 2012-09-28 07:37:30, 0.0, None 
 47.57, -123.305, 57.0, 2012-09-28 07:40:00, 0.0, None 
 47.5, -122.92, 28.5, 2012-09-28 07:45:00, 0.0, None 
 47.435, -123.2, 60.0, 2012-09-28 07:47:30, 0.0, None 
 47.51, -123.39, 20.0, 2012-09-28 07:50:00, 0.0, None 
 47.675, -123.32, 40.0, 2012-09-28 07:55:00, 0.0, None 
 47.58, -123.28, 60.0, 2012-09-28 07:57:30, 0.0, None 
 47.45, -122.85, 20.0, 2012-09-28 08:00:00, 0.0, None 
 47.71, -123.24, 32.0, 2012-09-28 08:00:00, 0.0, None 
 47.47, -122.78, 20.0, 2012-09-28 08:02:30, 0.0, None 
 47.63, -123.45, 38.0, 2012-09-28 08:05:00, 0.0, None 
 47.465, -122.885, 22.5, 2012-09-28 08:10:00, 0.0, None 
 47.575, -123.12, 20.0, 2012-09-28 08:12:30, 0.0, None 
 47.52, -123.225, 48.0, 2012-09-28 08:17:30, 0.0, None 
 47.615, -123.265, 28.2, 2012-09-28 08:20:00, 0.0, None 
 47.61, -123.16, 20.0, 2012-09-28 08:22:30, 0.0, None 
 47.6, -122.98, 40.0, 2012-09-28 08:25:00, 0.0, None 
 47.35, -122.795, 60.0, 2012-09-28 08:27:30, 0.0, None 
 47.45, -123.29, 25.5, 2012-09-28 08:47:30, 0.0, None 
 47.77, -123.21, 20.0, 2012-09-28 08:47:30, 0.0, None 
 47.41, -122.9, 48.0, 2012-09-28 08:50:00, 0.0, None 
 47.63, -123.38, 60.0, 2012-09-28 08:55:00, 0.0, None 
 47.545, -123.195, 55.0, 2012-09-28 08:57:30, 0.0, None 
 47.6, -123.38, 47.0, 2012-09-28 09:00:00, 0.0, None 
 47.53, -123.08, 39.5, 2012-09-28 09:02:30, 0.0, None 
 47.5, -123.11, 47.0, 2012-09-28 09:05:00, 0.0, None 
 47.57, -123.18, 34.0, 2012-09-28 09:07:30, 0.0, None 
 47.545, -123.035, 55.5, 2012-09-28 09:10:00, 0.0, None 
 47.5, -123.01, 60.0, 2012-09-28 09:12:30, 0.0, None 
 47.595, -123.27, 36.8, 2012-09-28 09:15:00, 0.0, None 
 47.585, -123.25, 25.5, 2012-09-28 09:17:30, 0.0, None 
 47.49, -122.98, 60.0, 2012-09-28 09:20:00, 0.0, None 
 47.6, -123.06, 47.8, 2012-09-28 09:22:30, 0.0, None 
 47.6, -123.16, 44.0, 2012-09-28 09:25:00, 0.0, None 
 47.64, -123.165, 43.2, 2012-09-28 09:27:30, 0.0, None 
 47.665, -123.245, 54.5, 2012-09-28 09:30:00, 0.0, None 
 47.71, -123.27, 40.5, 2012-09-28 09:32:30, 0.0, None 
 47.38, -122.68, 31.0, 2012-09-28 09:37:30, 0.0, None 
 47.42, -122.77, 27.0, 2012-09-28 09:45:00, 0.0, None 
 47.43, -122.71, 30.0, 2012-09-28 09:47:30, 0.0, None 
 47.44, -122.86, 52.0, 2012-09-28 09:50:00, 0.0, None 
 47.52, -122.82, 25.0, 2012-09-28 10:02:30, 0.0, None 
 47.475, -122.845, 36.5, 2012-09-28 10:05:00, 0.0, None 
 47.465, -122.82, 58.5, 2012-09-28 10:27:30, 0.0, None 
 47.63, -123.21, 60.0, 2012-09-28 10:30:00, 0.0, None 
 47.62, -123.365, 20.0, 2012-09-28 10:40:00, 0.0, None 
 47.435, -122.995, 33.2, 2012-09-28 10:45:00, 0.0, None 
 47.37, -122.71, 20.0, 2012-09-28 10:50:00, 0.0, None 
 47.48, -122.95, 20.0, 2012-09-28 10:52:30, 0.0, None 
 47.42, -122.87, 23.0, 2012-09-28 11:02:30, 0.0, None 
 47.47, -122.75, 27.0, 2012-09-28 11:05:00, 0.0, None 
 47.49, -122.77, 60.0, 2012-09-28 11:07:30, 0.0, None 
 47.43, -122.99, 60.0, 2012-09-28 11:10:00, 0.0, None 
 47.48, -122.86, 40.0, 2012-09-28 11:15:00, 0.0, None 
 47.4, -122.84, 20.0, 2012-09-28 11:17:30, 0.0, None 
 47.58, -123.28, 30.5, 2012-09-28 11:22:30, 0.0, None 
 47.48, -123.08, 46.0, 2012-09-28 11:27:30, 0.0, None 
 47.465, -122.91, 20.0, 2012-09-28 11:37:30, 0.0, None 
 47.51, -122.88, 27.0, 2012-09-28 11:40:00, 0.0, None 
 47.4, -122.95, 36.5, 2012-09-28 11:42:30, 0.0, None 
 47.635, -123.405, 60.0, 2012-09-28 11:57:30, 0.0, None 
 47.44, -122.89, 20.0, 2012-09-28 12:00:00, 0.0, None 
 47.4, -122.97, 20.0, 2012-09-28 12:02:30, 0.0, None 
 47.4, -123.005, 29.0, 2012-09-28 12:30:00, 0.0, None 
 47.465, -122.825, 34.5, 2012-09-28 12:32:30, 0.0, None 
 47.41, -122.9, 20.0, 2012-09-28 12:35:00, 0.0, None 
 47.61, -123.39, 20.0, 2012-09-28 12:50:00, 0.0, None 
 47.18, -123.07, 39.0, 2012-09-28 12:52:30, 0.0, None 
 47.39, -123.1, 29.0, 2012-09-28 12:55:00, 0.0, None 
 47.43, -122.92, 20.0, 2012-09-28 13:07:30, 0.0, None 
 47.45, -122.75, 24.0, 2012-09-28 13:15:00, 0.0, None 
 47.44, -122.75, 20.0, 2012-09-28 13:17:30, 0.0, None 
 47.41, -123.23, 60.0, 2012-09-28 13:17:30, 0.0, None 
 47.42, -122.88, 20.0, 2012-09-28 13:20:00, 0.0, None 
 47.45, -122.62, 20.0, 2012-09-28 13:27:30, 0.0, None 
 47.43, -123.1, 43.0, 2012-09-28 13:32:30, 0.0, None 
 47.42, -123.165, 52.5, 2012-09-28 13:35:00, 0.0, None 
 47.5, -122.91, 37.0, 2012-09-28 13:47:30, 0.0, None 
 47.76, -123.225, 60.0, 2012-09-28 13:47:30, 0.0, None 
 47.405, -123.175, 23.5, 2012-09-28 13:57:30, 0.0, None 
 47.51, -122.865, 31.0, 2012-09-28 14:00:00, 0.0, None 
 47.58, -123.06200000000001, 39.0, 2012-09-28 14:02:30, 0.0, None 
 47.55, -123.39, 20.0, 2012-09-28 14:07:30, 0.0, None 
 47.6, -123.015, 32.0, 2012-09-28 14:10:00, 0.0, None 
 47.49, -122.88, 35.0, 2012-09-28 14:17:30, 0.0, None 
 47.485, -122.92, 36.0, 2012-09-28 14:20:00, 0.0, None 
 47.4, -123.07, 40.0, 2012-09-28 14:40:00, 0.0, None 
 47.68, -123.03, 20.0, 2012-09-28 15:05:00, 0.0, None 
 47.18, -123.09, 20.0, 2012-09-28 15:40:00, 0.0, None 
 47.47, -122.94, 20.0, 2012-09-28 16:00:00, 0.0, None 
 47.41, -123.01, 20.0, 2012-09-28 16:02:30, 0.0, None 
 47.535, -123.315, 46.8, 2012-09-28 16:05:00, 0.0, None 
 47.37, -123.17, 60.0, 2012-09-28 17:20:00, 0.0, None 
 47.48, -122.89, 20.0, 2012-09-28 17:32:30, 0.0, None 
 47.31, -123.19, 42.0, 2012-09-28 17:35:00, 0.0, None 
 47.49, -122.92, 41.0, 2012-09-28 17:40:00, 0.0, None 
 47.3, -123.1, 60.0, 2012-09-28 17:42:30, 0.0, None 
 47.41, -123.08, 34.0, 2012-09-28 17:45:00, 0.0, None 
 47.44, -122.72, 20.0, 2012-09-28 17:52:30, 0.0, None 
 47.64, -123.3, 20.0, 2012-09-28 17:55:00, 0.0, None 
 47.61, -122.95, 60.0, 2012-09-28 18:00:00, 0.0, None 
 47.35, -123.08, 34.0, 2012-09-28 18:05:00, 0.0, None 
 47.58, -123.28, 30.0, 2012-09-28 18:25:00, 0.0, None 
 47.52, -123.29, 31.0, 2012-09-28 18:27:30, 0.0, None 
 47.62, -123.36, 20.0, 2012-09-28 18:30:00, 0.0, None 
 47.65, -123.34, 40.0, 2012-09-28 18:35:00, 0.0, None 
 47.61, -123.31, 35.0, 2012-09-28 18:37:30, 0.0, None 
 47.61, -123.29, 33.0, 2012-09-28 18:42:30, 0.0, None 
 47.47, -122.92, 31.0, 2012-09-28 18:52:30, 0.0, None 
 47.49, -123.295, 30.0, 2012-09-28 19:02:30, 0.0, None 
 47.55, -123.15, 49.0, 2012-09-28 19:15:00, 0.0, None 
 47.41, -122.965, 20.0, 2012-09-28 19:17:30, 0.0, None 
 47.5, -122.815, 60.0, 2012-09-28 19:37:30, 0.0, None 
 47.475, -123.38, 51.0, 2012-09-28 20:07:30, 0.0, None 
 47.52, -123.29, 60.0, 2012-09-28 20:25:00, 0.0, None 
 47.555, -123.24, 52.0, 2012-09-28 20:35:00, 0.0, None 
 47.48, -123.17, 60.0, 2012-09-28 21:00:00, 0.0, None 
 47.4, -123.03, 60.0, 2012-09-28 21:15:00, 0.0, None 
 47.48, -123.09, 38.0, 2012-09-28 21:50:00, 0.0, None 
 47.61, -123.145, 60.0, 2012-09-28 22:02:30, 0.0, None 
 47.6, -123.295, 26.0, 2012-09-28 22:10:00, 0.0, None 
 47.6, -123.3, 31.0, 2012-09-28 22:12:30, 0.0, None 
 47.64, -123.175, 41.5, 2012-09-28 22:15:00, 0.0, None 
 47.58, -123.27, 33.0, 2012-09-28 22:17:30, 0.0, None 
 47.62, -123.225, 20.0, 2012-09-28 22:20:00, 0.0, None 
 47.46, -123.01, 60.0, 2012-09-28 22:25:00, 0.0, None 
 47.52, -123.12, 50.0, 2012-09-28 22:27:30, 0.0, None 
 47.695, -123.08, 44.0, 2012-09-28 22:30:00, 0.0, None 
 47.47, -123.04, 60.0, 2012-09-28 22:30:00, 0.0, None 
 47.69, -123.12, 32.0, 2012-09-28 22:32:30, 0.0, None 
 47.67, -123.17, 35.0, 2012-09-28 22:35:00, 0.0, None 
 47.55, -123.06, 60.0, 2012-09-28 22:37:30, 0.0, None 
 47.47, -122.9, 39.5, 2012-09-28 22:40:00, 0.0, None 
 47.635, -123.39, 60.0, 2012-09-28 22:45:00, 0.0, None 
 47.575, -123.27, 60.0, 2012-09-28 22:47:30, 0.0, None 
 47.62, -123.375, 60.0, 2012-09-28 22:57:30, 0.0, None 
 47.713, -123.16799999999999, 44.0, 2012-09-28 23:00:00, 0.0, None 
 47.59, -122.91, 20.0, 2012-09-28 23:20:00, 0.0, None 
 47.735, -123.19, 27.0, 2012-09-28 23:22:30, 0.0, None 
 47.665, -123.15, 32.0, 2012-09-28 23:25:00, 0.0, None 
 47.555, -123.055, 43.0, 2012-09-28 23:27:30, 0.0, None 
 47.64, -123.085, 40.5, 2012-09-28 23:30:00, 0.0, None 
 47.54, -123.07, 60.0, 2012-09-28 23:32:30, 0.0, None 
 47.57, -122.88, 40.0, 2012-09-28 23:35:00, 0.0, None 
 47.71, -123.125, 60.0, 2012-09-28 23:47:30, 0.0, None 
 47.705, -123.215, 30.0, 2012-09-29 00:05:00, 0.0, None 
 47.63, -123.09, 20.0, 2012-09-29 00:07:30, 0.0, None 
 47.71, -123.18, 38.0, 2012-09-29 00:17:30, 0.0, None 
 47.91, -123.17, 36.0, 2012-09-29 00:22:30, 0.0, None 
 47.63, -123.18, 60.0, 2012-09-29 00:27:30, 0.0, None 
 47.39, -122.71, 60.0, 2012-09-29 00:37:30, 0.0, None 
 47.285, -122.79, 60.0, 2012-09-29 00:57:30, 0.0, None 
 47.433, -123.075, 46.5, 2012-09-29 01:05:00, 0.0, None 
 47.4, -123.2, 20.0, 2012-09-29 01:12:30, 0.0, None 
 47.545, -123.155, 35.0, 2012-09-29 01:15:00, 0.0, None 
 47.53, -123.15, 49.5, 2012-09-29 01:22:30, 0.0, None 
 47.61, -123.27, 26.0, 2012-09-29 01:25:00, 0.0, None 
 47.44, -123.27, 60.0, 2012-09-29 01:32:30, 0.0, None 
 47.48, -123.32, 20.0, 2012-09-29 01:35:00, 0.0, None 
 47.5, -123.26, 60.0, 2012-09-29 01:37:30, 0.0, None 
 47.385, -123.22, 59.0, 2012-09-29 01:40:00, 0.0, None 
 47.56, -123.2, 55.5, 2012-09-29 01:57:30, 0.0, None 
 47.56, -123.275, 29.0, 2012-09-29 02:00:00, 0.0, None 
 47.51, -123.24, 40.0, 2012-09-29 02:02:30, 0.0, None 
 47.87, -123.2, 60.0, 2012-09-29 02:05:00, 0.0, None 
 47.54, -123.2, 60.0, 2012-09-29 02:07:30, 0.0, None 
 47.41, -122.99, 60.0, 2012-09-29 02:15:00, 0.0, None 
 47.523, -123.22200000000001, 30.5, 2012-09-29 02:22:30, 0.0, None 
 47.58, -123.27, 29.0, 2012-09-29 02:25:00, 0.0, None 
 47.51, -123.23, 60.0, 2012-09-29 02:30:00, 0.0, None 
 47.611999999999995, -123.12299999999999, 40.0, 2012-09-29 02:32:30, 0.0, None 
 47.48, -123.2, 47.0, 2012-09-29 02:35:00, 0.0, None 
 47.5, -123.25, 27.0, 2012-09-29 02:37:30, 0.0, None 
 47.54, -123.17, 54.0, 2012-09-29 02:40:00, 0.0, None 
 47.625, -123.335, 20.0, 2012-09-29 02:47:30, 0.0, None 
 47.51, -123.29, 60.0, 2012-09-29 02:57:30, 0.0, None 
 47.51, -122.66, 60.0, 2012-09-29 03:00:00, 0.0, None 
 47.4, -122.97, 20.0, 2012-09-29 03:15:00, 0.0, None 
 47.445, -122.98299999999999, 20.0, 2012-09-29 03:17:30, 0.0, None 
 47.468, -122.88, 20.0, 2012-09-29 03:20:00, 0.0, None 
 47.35, -122.92, 20.0, 2012-09-29 03:22:30, 0.0, None 
 47.43, -122.81, 40.0, 2012-09-29 03:27:30, 0.0, None 
 47.48, -123.23, 46.5, 2012-09-29 03:42:30, 0.0, None 
 47.525, -123.228, 31.0, 2012-09-29 03:45:00, 0.0, None 
 47.395, -123.15, 35.8, 2012-09-29 03:47:30, 0.0, None 
 47.6, -123.27, 20.0, 2012-09-29 03:50:00, 0.0, None 
 47.61, -123.23, 40.0, 2012-09-29 03:52:30, 0.0, None 
 47.56, -123.175, 30.0, 2012-09-29 03:55:00, 0.0, None 
 47.47, -123.23, 50.5, 2012-09-29 03:57:30, 0.0, None 
 47.595, -123.175, 28.5, 2012-09-29 04:00:00, 0.0, None 
 47.608000000000004, -123.132, 25.8, 2012-09-29 04:02:30, 0.0, None 
 47.575, -123.28, 42.0, 2012-09-29 04:05:00, 0.0, None 
 47.86, -123.21, 50.0, 2012-09-29 04:05:00, 0.0, None 
 47.52, -122.7, 60.0, 2012-09-29 04:15:00, 0.0, None 
 47.75, -123.46, 40.0, 2012-09-29 04:17:30, 0.0, None 
 47.54, -123.22, 30.0, 2012-09-29 04:22:30, 0.0, None 
 47.5, -123.27, 20.0, 2012-09-29 04:37:30, 0.0, None 
 47.51, -123.27, 32.0, 2012-09-29 04:40:00, 0.0, None 
 47.5, -123.26, 41.0, 2012-09-29 04:42:30, 0.0, None 
 47.37, -122.78, 53.0, 2012-09-29 04:45:00, 0.0, None 
 47.43, -123.24, 60.0, 2012-09-29 04:57:30, 0.0, None 
 47.42, -122.89, 47.5, 2012-09-29 05:00:00, 0.0, None 
 47.42, -123.04, 60.0, 2012-09-29 05:02:30, 0.0, None 
 47.29, -122.93, 60.0, 2012-09-29 05:05:00, 0.0, None 
 47.41, -122.96, 20.0, 2012-09-29 05:27:30, 0.0, None 
 47.41, -122.91, 32.0, 2012-09-29 05:35:00, 0.0, None 
 47.46, -122.9, 25.5, 2012-09-29 05:37:30, 0.0, None 
 47.7, -123.31, 60.0, 2012-09-29 05:37:30, 0.0, None 
 47.34, -122.915, 20.0, 2012-09-29 05:42:30, 0.0, None 
 47.33, -122.91, 20.0, 2012-09-29 05:45:00, 0.0, None 
 47.4, -123.073, 34.0, 2012-09-29 05:50:00, 0.0, None 
 47.425, -123.175, 21.5, 2012-09-29 05:52:30, 0.0, None 
 47.365, -123.17, 60.0, 2012-09-29 05:55:00, 0.0, None 
 47.49, -123.39, 60.0, 2012-09-29 05:57:30, 0.0, None 
 47.44, -123.2, 40.0, 2012-09-29 06:00:00, 0.0, None 
 47.505, -123.205, 31.5, 2012-09-29 06:02:30, 0.0, None 
 47.505, -123.255, 25.2, 2012-09-29 06:05:00, 0.0, None 
 47.442, -123.10799999999999, 59.2, 2012-09-29 06:07:30, 0.0, None 
 47.37, -122.89, 32.0, 2012-09-29 06:10:00, 0.0, None 
 47.47, -123.21, 30.0, 2012-09-29 06:10:00, 0.0, None 
 47.395, -123.05, 52.0, 2012-09-29 06:12:30, 0.0, None 
 47.565, -123.18, 38.5, 2012-09-29 06:25:00, 0.0, None 
 47.4, -122.75, 20.0, 2012-09-29 06:32:30, 0.0, None 
 47.47, -122.72, 29.0, 2012-09-29 06:40:00, 0.0, None 
 47.43, -122.89, 60.0, 2012-09-29 06:42:30, 0.0, None 
 47.39, -123.15, 60.0, 2012-09-29 06:45:00, 0.0, None 
 47.495, -123.12299999999999, 36.2, 2012-09-29 06:55:00, 0.0, None 
 47.51, -123.015, 60.0, 2012-09-29 06:57:30, 0.0, None 
 47.4, -122.86, 23.0, 2012-09-29 07:00:00, 0.0, None 
 47.37, -122.82, 39.0, 2012-09-29 07:07:30, 0.0, None 
 47.22, -122.795, 38.0, 2012-09-29 07:10:00, 0.0, None 
 47.43, -122.83, 35.0, 2012-09-29 07:20:00, 0.0, None 
 47.431999999999995, -122.822, 30.5, 2012-09-29 07:22:30, 0.0, None 
 47.48, -122.78200000000001, 43.8, 2012-09-29 07:25:00, 0.0, None 
 47.46, -122.775, 36.8, 2012-09-29 07:27:30, 0.0, None 
 47.365, -122.865, 31.8, 2012-09-29 07:30:00, 0.0, None 
 47.415, -122.975, 49.0, 2012-09-29 07:32:30, 0.0, None 
 47.49, -122.775, 29.0, 2012-09-29 07:37:30, 0.0, None 
 47.433, -122.76, 28.2, 2012-09-29 07:40:00, 0.0, None 
 47.63, -123.12, 60.0, 2012-09-29 07:42:30, 0.0, None 
 47.4, -122.77, 30.0, 2012-09-29 07:45:00, 0.0, None 
 47.4, -122.74, 20.0, 2012-09-29 07:47:30, 0.0, None 
 47.39, -122.88, 30.5, 2012-09-29 07:50:00, 0.0, None 
 47.403, -122.898, 22.5, 2012-09-29 07:52:30, 0.0, None 
 47.41, -122.87299999999999, 20.0, 2012-09-29 07:55:00, 0.0, None 
 47.445, -122.8, 32.0, 2012-09-29 07:57:30, 0.0, None 
 47.385, -122.85799999999999, 21.0, 2012-09-29 08:00:00, 0.0, None 
 47.545, -123.088, 49.5, 2012-09-29 08:02:30, 0.0, None 
 47.49, -122.73, 21.0, 2012-09-29 08:05:00, 0.0, None 
 47.492, -122.75200000000001, 29.0, 2012-09-29 08:07:30, 0.0, None 
 47.48, -123.1, 33.0, 2012-09-29 08:10:00, 0.0, None 
 47.486999999999995, -123.08, 38.5, 2012-09-29 08:12:30, 0.0, None 
 47.39, -122.96, 46.0, 2012-09-29 08:20:00, 0.0, None 
 47.562, -123.155, 24.0, 2012-09-29 08:25:00, 0.0, None 
 47.52, -123.137, 20.0, 2012-09-29 08:27:30, 0.0, None 
 47.453, -122.77, 47.5, 2012-09-29 08:30:00, 0.0, None 
 47.45, -122.852, 45.5, 2012-09-29 08:32:30, 0.0, None 
 47.41, -122.99, 35.5, 2012-09-29 08:37:30, 0.0, None 
 47.65, -123.5, 60.0, 2012-09-29 08:37:30, 0.0, None 
 47.505, -123.32, 60.0, 2012-09-29 08:40:00, 0.0, None 
 47.72, -123.445, 60.0, 2012-09-29 08:40:00, 0.0, None 
 47.595, -123.18, 33.0, 2012-09-29 08:42:30, 0.0, None 
 47.51, -123.235, 34.5, 2012-09-29 08:50:00, 0.0, None 
 47.37, -122.61, 54.0, 2012-09-29 08:50:00, 0.0, None 
 47.55, -123.275, 34.0, 2012-09-29 08:52:30, 0.0, None 
 47.49, -123.19, 26.0, 2012-09-29 09:00:00, 0.0, None 
 47.47, -123.29, 37.5, 2012-09-29 09:02:30, 0.0, None 
 47.375, -123.285, 60.0, 2012-09-29 09:07:30, 0.0, None 
 47.52, -123.115, 25.0, 2012-09-29 09:15:00, 0.0, None 
 47.578, -123.235, 36.8, 2012-09-29 09:17:30, 0.0, None 
 47.63, -123.3, 20.0, 2012-09-29 09:25:00, 0.0, None 
 47.51, -123.115, 46.8, 2012-09-29 09:27:30, 0.0, None 
 47.45, -123.055, 49.0, 2012-09-29 09:30:00, 0.0, None 
 47.57, -123.025, 52.0, 2012-09-29 09:32:30, 0.0, None 
 47.55, -123.0, 29.5, 2012-09-29 09:35:00, 0.0, None 
 47.515, -123.17299999999999, 22.8, 2012-09-29 09:37:30, 0.0, None 
 47.53, -123.09700000000001, 25.0, 2012-09-29 09:40:00, 0.0, None 
 47.585, -123.12700000000001, 31.5, 2012-09-29 09:42:30, 0.0, None 
 47.54, -123.19, 26.0, 2012-09-29 09:45:00, 0.0, None 
 47.501999999999995, -123.24, 35.8, 2012-09-29 09:47:30, 0.0, None 
 47.55, -123.25, 48.0, 2012-09-29 09:50:00, 0.0, None 
 47.615, -123.16, 33.0, 2012-09-29 09:52:30, 0.0, None 
 47.62, -123.09, 34.0, 2012-09-29 09:55:00, 0.0, None 
 47.55, -123.115, 60.0, 2012-09-29 09:57:30, 0.0, None 
 47.54, -123.175, 40.0, 2012-09-29 10:00:00, 0.0, None 
 47.78, -123.29, 49.0, 2012-09-29 10:00:00, 0.0, None 
 47.55, -123.1, 32.0, 2012-09-29 10:02:30, 0.0, None 
 47.58, -123.23299999999999, 48.5, 2012-09-29 10:05:00, 0.0, None 
 47.57, -123.195, 30.5, 2012-09-29 10:07:30, 0.0, None 
 47.915, -123.23, 60.0, 2012-09-29 10:07:30, 0.0, None 
 47.485, -123.037, 36.0, 2012-09-29 10:10:00, 0.0, None 
 47.49, -123.07, 20.0, 2012-09-29 10:17:30, 0.0, None 
 47.53, -123.28, 60.0, 2012-09-29 10:20:00, 0.0, None 
 47.27, -122.58, 60.0, 2012-09-29 10:20:00, 0.0, None 
 47.431999999999995, -123.075, 50.8, 2012-09-29 10:22:30, 0.0, None 
 47.4, -122.985, 56.5, 2012-09-29 10:25:00, 0.0, None 
 47.43, -122.925, 20.5, 2012-09-29 10:27:30, 0.0, None 
 47.43, -122.82, 20.0, 2012-09-29 10:30:00, 0.0, None 
 47.48, -122.98, 35.0, 2012-09-29 10:32:30, 0.0, None 
 47.438, -123.072, 30.0, 2012-09-29 10:35:00, 0.0, None 
 47.45, -123.01, 29.5, 2012-09-29 10:37:30, 0.0, None 
 47.575, -123.27799999999999, 50.8, 2012-09-29 10:40:00, 0.0, None 
 47.45, -122.91, 20.0, 2012-09-29 10:42:30, 0.0, None 
 47.705, -123.14, 60.0, 2012-09-29 10:42:30, 0.0, None 
 47.475, -122.905, 26.5, 2012-09-29 10:45:00, 0.0, None 
 47.49, -122.905, 38.0, 2012-09-29 10:47:30, 0.0, None 
 47.5, -123.34, 60.0, 2012-09-29 10:50:00, 0.0, None 
 47.4, -123.09, 48.0, 2012-09-29 10:52:30, 0.0, None 
 47.4, -122.99799999999999, 38.0, 2012-09-29 10:55:00, 0.0, None 
 47.46, -122.868, 50.0, 2012-09-29 10:57:30, 0.0, None 
 47.47, -122.84299999999999, 38.8, 2012-09-29 11:00:00, 0.0, None 
 47.38, -122.95, 20.0, 2012-09-29 11:02:30, 0.0, None 
 47.445, -122.795, 46.0, 2012-09-29 11:12:30, 0.0, None 
 47.38, -122.83, 20.0, 2012-09-29 11:15:00, 0.0, None 
 47.46, -123.0, 20.0, 2012-09-29 11:17:30, 0.0, None 
 47.4, -123.01, 33.0, 2012-09-29 11:20:00, 0.0, None 
 47.323, -122.79, 54.5, 2012-09-29 11:22:30, 0.0, None 
 47.46, -122.785, 40.0, 2012-09-29 11:25:00, 0.0, None 
 47.43, -122.84, 35.0, 2012-09-29 11:27:30, 0.0, None 
 47.428000000000004, -123.167, 24.2, 2012-09-29 11:35:00, 0.0, None 
 47.498000000000005, -123.23700000000001, 24.2, 2012-09-29 11:37:30, 0.0, None 
 47.7, -123.48, 43.0, 2012-09-29 11:40:00, 0.0, None 
 47.325, -123.16, 38.5, 2012-09-29 11:45:00, 0.0, None 
 47.38, -122.81, 38.0, 2012-09-29 11:47:30, 0.0, None 
 47.3, -123.31, 20.0, 2012-09-29 11:50:00, 0.0, None 
 47.42, -123.31, 26.0, 2012-09-29 11:52:30, 0.0, None 
 47.615, -123.275, 31.5, 2012-09-29 11:55:00, 0.0, None 
 47.52, -122.88, 60.0, 2012-09-29 11:57:30, 0.0, None 
 47.35, -123.27, 60.0, 2012-09-29 12:02:30, 0.0, None 
 47.42, -122.72, 60.0, 2012-09-29 12:10:00, 0.0, None 
 47.385, -122.727, 21.5, 2012-09-29 12:12:30, 0.0, None 
 47.385, -122.765, 30.0, 2012-09-29 12:15:00, 0.0, None 
 47.38, -122.72, 20.0, 2012-09-29 12:17:30, 0.0, None 
 47.52, -123.2, 60.0, 2012-09-29 12:17:30, 0.0, None 
 47.433, -122.77799999999999, 54.8, 2012-09-29 12:27:30, 0.0, None 
 47.525, -122.98, 20.0, 2012-09-29 12:30:00, 0.0, None 
 47.365, -122.77799999999999, 39.8, 2012-09-29 12:32:30, 0.0, None 
 47.44, -122.915, 21.5, 2012-09-29 12:35:00, 0.0, None 
 47.46, -122.9, 25.0, 2012-09-29 12:37:30, 0.0, None 
 47.445, -123.11, 47.5, 2012-09-29 12:40:00, 0.0, None 
 47.49, -122.82799999999999, 20.0, 2012-09-29 12:42:30, 0.0, None 
 47.4, -122.855, 20.0, 2012-09-29 12:45:00, 0.0, None 
 47.47, -123.17, 44.0, 2012-09-29 12:50:00, 0.0, None 
 47.62, -123.18, 38.0, 2012-09-29 12:52:30, 0.0, None 
 47.63, -123.435, 60.0, 2012-09-29 12:55:00, 0.0, None 
 47.335, -123.23, 60.0, 2012-09-29 12:57:30, 0.0, None 
 47.39, -122.76, 34.0, 2012-09-29 13:00:00, 0.0, None 
 47.43, -122.76, 29.0, 2012-09-29 13:02:30, 0.0, None 
 47.63, -123.5, 60.0, 2012-09-29 13:05:00, 0.0, None 
 47.39, -122.79, 20.0, 2012-09-29 13:07:30, 0.0, None 
 47.39, -122.84, 20.0, 2012-09-29 13:10:00, 0.0, None 
 47.5, -122.765, 42.0, 2012-09-29 13:15:00, 0.0, None 
 47.463, -123.0, 38.8, 2012-09-29 13:17:30, 0.0, None 
 47.501999999999995, -122.86, 34.2, 2012-09-29 13:20:00, 0.0, None 
 47.5, -123.34, 20.0, 2012-09-29 13:25:00, 0.0, None 
 47.501999999999995, -123.205, 28.5, 2012-09-29 13:27:30, 0.0, None 
 47.51, -122.86, 34.0, 2012-09-29 13:35:00, 0.0, None 
 47.49, -122.93, 43.2, 2012-09-29 13:37:30, 0.0, None 
 47.57, -122.8, 25.0, 2012-09-29 13:42:30, 0.0, None 
 47.35, -122.615, 58.5, 2012-09-29 13:57:30, 0.0, None 
 47.35, -122.835, 40.0, 2012-09-29 14:00:00, 0.0, None 
 47.35, -122.815, 40.5, 2012-09-29 14:02:30, 0.0, None 
 47.41, -122.775, 20.0, 2012-09-29 14:05:00, 0.0, None 
 47.373000000000005, -122.81, 57.0, 2012-09-29 14:07:30, 0.0, None 
 47.385, -122.833, 27.0, 2012-09-29 14:10:00, 0.0, None 
 47.4, -122.76, 40.0, 2012-09-29 14:12:30, 0.0, None 
 47.37, -122.745, 60.0, 2012-09-29 14:17:30, 0.0, None 
 47.47, -122.77, 39.5, 2012-09-29 14:20:00, 0.0, None 
 47.47, -122.62, 40.0, 2012-09-29 14:32:30, 0.0, None 
 47.46, -123.03, 20.0, 2012-09-29 14:47:30, 0.0, None 
 47.35, -123.1, 20.0, 2012-09-29 14:50:00, 0.0, None 
 47.365, -122.73, 35.0, 2012-09-29 15:17:30, 0.0, None 
 47.49, -122.96, 38.0, 2012-09-29 15:20:00, 0.0, None 
 47.5, -122.975, 43.0, 2012-09-29 15:22:30, 0.0, None 
 47.475, -123.205, 31.5, 2012-09-29 15:25:00, 0.0, None 
 47.73, -123.2, 60.0, 2012-09-29 15:27:30, 0.0, None 
 47.332, -122.925, 50.0, 2012-09-29 15:30:00, 0.0, None 
 47.37, -122.852, 38.0, 2012-09-29 15:32:30, 0.0, None 
 47.385, -122.835, 41.5, 2012-09-29 15:35:00, 0.0, None 
 47.67, -123.28, 60.0, 2012-09-29 15:52:30, 0.0, None 
 47.37, -122.74, 20.0, 2012-09-29 16:12:30, 0.0, None 
 47.345, -123.07, 51.0, 2012-09-29 16:22:30, 0.0, None 
 47.391999999999996, -122.803, 48.8, 2012-09-29 16:27:30, 0.0, None 
 47.39, -122.78, 40.0, 2012-09-29 16:30:00, 0.0, None 
 47.39, -123.015, 20.0, 2012-09-29 16:42:30, 0.0, None 
 47.375, -122.86, 20.0, 2012-09-29 16:45:00, 0.0, None 
 47.7, -123.54, 20.0, 2012-09-29 16:47:30, 0.0, None 
 47.65, -123.4, 53.0, 2012-09-29 16:55:00, 0.0, None 
 47.595, -123.22, 60.0, 2012-09-29 16:57:30, 0.0, None 
 47.59, -123.19, 60.0, 2012-09-29 17:00:00, 0.0, None 
 47.42, -122.92, 43.5, 2012-09-29 17:02:30, 0.0, None 
 47.438, -122.73299999999999, 26.2, 2012-09-29 17:10:00, 0.0, None 
 47.415, -122.84, 38.8, 2012-09-29 17:12:30, 0.0, None 
 47.46, -123.04, 20.0, 2012-09-29 17:17:30, 0.0, None 
 47.39, -122.8, 20.0, 2012-09-29 17:22:30, 0.0, None 
 47.44, -122.91, 28.5, 2012-09-29 17:37:30, 0.0, None 
 47.461999999999996, -122.84299999999999, 33.5, 2012-09-29 17:40:00, 0.0, None 
 47.388000000000005, -122.89, 46.5, 2012-09-29 17:42:30, 0.0, None 
 47.3, -122.79, 36.5, 2012-09-29 17:45:00, 0.0, None 
 47.39, -122.77, 30.0, 2012-09-29 17:47:30, 0.0, None 
 47.43, -122.8, 40.0, 2012-09-29 17:50:00, 0.0, None 
 47.485, -122.882, 35.8, 2012-09-29 17:55:00, 0.0, None 
 47.385, -122.97, 20.0, 2012-09-29 18:05:00, 0.0, None 
 47.48, -123.22, 55.0, 2012-09-29 18:10:00, 0.0, None 
 47.545, -123.305, 20.0, 2012-09-29 18:12:30, 0.0, None 
 47.445, -123.16, 24.0, 2012-09-29 18:17:30, 0.0, None 
 47.3, -123.28, 60.0, 2012-09-29 18:20:00, 0.0, None 
 47.28, -122.765, 40.0, 2012-09-29 18:32:30, 0.0, None 
 47.42, -123.23, 32.5, 2012-09-29 18:40:00, 0.0, None 
 47.48, -123.265, 33.5, 2012-09-29 18:42:30, 0.0, None 
 47.49, -123.355, 42.5, 2012-09-29 18:50:00, 0.0, None 
 47.325, -122.89, 60.0, 2012-09-29 18:52:30, 0.0, None 
 47.47, -123.19, 60.0, 2012-09-29 18:52:30, 0.0, None 
 47.39, -123.06, 56.0, 2012-09-29 19:12:30, 0.0, None 
 47.425, -123.085, 54.2, 2012-09-29 19:15:00, 0.0, None 
 47.395, -122.94, 27.0, 2012-09-29 19:17:30, 0.0, None 
 47.3, -122.9, 60.0, 2012-09-29 19:22:30, 0.0, None 
 47.505, -123.16, 20.0, 2012-09-29 19:25:00, 0.0, None 
 47.485, -123.165, 20.0, 2012-09-29 19:27:30, 0.0, None 
 47.46, -123.26, 22.0, 2012-09-29 19:30:00, 0.0, None 
 47.486999999999995, -123.19, 39.8, 2012-09-29 19:32:30, 0.0, None 
 47.555, -123.09700000000001, 33.5, 2012-09-29 19:35:00, 0.0, None 
 47.375, -123.015, 31.8, 2012-09-29 19:37:30, 0.0, None 
 47.427, -123.145, 45.5, 2012-09-29 19:40:00, 0.0, None 
 47.405, -122.98, 21.5, 2012-09-29 19:42:30, 0.0, None 
 47.41, -122.945, 49.0, 2012-09-29 19:45:00, 0.0, None 
 47.405, -122.855, 48.0, 2012-09-29 19:52:30, 0.0, None 
 47.38, -122.85, 43.5, 2012-09-29 19:55:00, 0.0, None 
 47.39, -122.79, 24.0, 2012-09-29 20:00:00, 0.0, None 
 47.46, -123.0, 55.5, 2012-09-29 20:02:30, 0.0, None 
 47.65, -123.5, 20.0, 2012-09-29 20:12:30, 0.0, None 
 47.615, -123.292, 31.5, 2012-09-29 20:17:30, 0.0, None 
 47.58, -123.225, 60.0, 2012-09-29 20:20:00, 0.0, None 
 47.465, -123.3, 48.5, 2012-09-29 20:25:00, 0.0, None 
 47.785, -123.31, 60.0, 2012-09-29 20:25:00, 0.0, None 
 47.455, -123.02, 37.5, 2012-09-29 20:27:30, 0.0, None 
 47.5, -122.94, 34.5, 2012-09-29 20:30:00, 0.0, None 
 47.5, -122.93, 38.0, 2012-09-29 20:32:30, 0.0, None 
 47.5, -123.33, 40.0, 2012-09-29 20:40:00, 0.0, None 
 47.47, -123.08, 29.0, 2012-09-29 20:45:00, 0.0, None 
 47.472, -123.195, 42.5, 2012-09-29 20:47:30, 0.0, None 
 47.3, -123.28, 25.0, 2012-09-29 21:05:00, 0.0, None 
 47.375, -123.18, 60.0, 2012-09-29 21:10:00, 0.0, None 
 47.468, -122.898, 23.5, 2012-09-29 21:17:30, 0.0, None 
 47.42, -123.045, 20.0, 2012-09-29 21:22:30, 0.0, None 
 47.49, -122.89, 20.0, 2012-09-29 21:25:00, 0.0, None 
 47.603, -123.072, 36.8, 2012-09-29 21:27:30, 0.0, None 
 47.305, -123.12, 46.5, 2012-09-29 21:30:00, 0.0, None 
 47.48, -123.375, 60.0, 2012-09-29 21:30:00, 0.0, None 
 47.53, -122.83, 34.0, 2012-09-29 21:32:30, 0.0, None 
 47.48, -123.1, 45.0, 2012-09-29 21:35:00, 0.0, None 
 47.49, -123.06, 20.0, 2012-09-29 21:37:30, 0.0, None 
 47.64, -123.34, 47.5, 2012-09-29 21:40:00, 0.0, None 
 47.6, -123.15, 34.5, 2012-09-29 21:42:30, 0.0, None 
 47.485, -122.88, 56.5, 2012-09-29 21:45:00, 0.0, None 
 47.48, -123.255, 55.5, 2012-09-29 21:47:30, 0.0, None 
 47.5, -123.075, 46.5, 2012-09-29 21:50:00, 0.0, None 
 47.73, -123.105, 60.0, 2012-09-29 21:50:00, 0.0, None 
 47.45, -123.01, 30.0, 2012-09-29 21:55:00, 0.0, None 
 47.42, -123.18, 60.0, 2012-09-29 21:57:30, 0.0, None 
 47.34, -122.61, 60.0, 2012-09-29 21:57:30, 0.0, None 
 47.375, -123.095, 54.0, 2012-09-29 22:02:30, 0.0, None 
 47.41, -123.145, 33.0, 2012-09-29 22:05:00, 0.0, None 
 47.43, -122.92, 46.5, 2012-09-29 22:17:30, 0.0, None 
 47.44, -122.99, 40.0, 2012-09-29 22:20:00, 0.0, None 
 47.37, -122.96, 41.0, 2012-09-29 22:22:30, 0.0, None 
 47.42, -122.75, 20.0, 2012-09-29 22:25:00, 0.0, None 
 47.36, -122.72, 20.0, 2012-09-29 22:27:30, 0.0, None 
 47.315, -122.815, 60.0, 2012-09-29 22:30:00, 0.0, None 
 47.35, -122.705, 20.0, 2012-09-29 22:32:30, 0.0, None 
 47.42, -123.06, 60.0, 2012-09-29 22:32:30, 0.0, None 
 47.4, -122.787, 50.0, 2012-09-29 22:35:00, 0.0, None 
 47.44, -122.93, 23.5, 2012-09-29 22:37:30, 0.0, None 
 47.42, -122.895, 56.5, 2012-09-29 22:40:00, 0.0, None 
 47.57, -122.81, 20.0, 2012-09-29 22:42:30, 0.0, None 
 47.47, -123.0, 28.0, 2012-09-29 22:57:30, 0.0, None 
 47.305, -122.95700000000001, 23.0, 2012-09-29 23:07:30, 0.0, None 
 47.352, -122.84700000000001, 20.0, 2012-09-29 23:10:00, 0.0, None 
 47.4, -122.85, 20.0, 2012-09-29 23:12:30, 0.0, None 
 47.4, -122.96, 40.0, 2012-09-29 23:17:30, 0.0, None 
 47.37, -122.72, 23.0, 2012-09-29 23:32:30, 0.0, None 
 47.4, -122.995, 20.0, 2012-09-29 23:37:30, 0.0, None 
 47.505, -122.895, 60.0, 2012-09-29 23:40:00, 0.0, None 
 47.53, -122.708, 60.0, 2012-09-29 23:42:30, 0.0, None 
 47.442, -123.06200000000001, 25.0, 2012-09-29 23:45:00, 0.0, None 
 47.385, -122.84, 29.2, 2012-09-29 23:50:00, 0.0, None 
 47.39, -122.93, 25.8, 2012-09-29 23:52:30, 0.0, None 
 47.44, -123.1, 40.0, 2012-09-29 23:55:00, 0.0, None 
 47.398, -123.052, 33.2, 2012-09-30 00:05:00, 0.0, None 
 47.6, -123.4, 60.0, 2012-09-30 00:07:30, 0.0, None 
 47.3, -122.77, 22.0, 2012-09-30 00:30:00, 0.0, None 
 47.385, -122.735, 30.5, 2012-09-30 00:32:30, 0.0, None 
 47.38, -122.985, 57.0, 2012-09-30 00:35:00, 0.0, None 
 47.4, -122.63, 20.0, 2012-09-30 00:35:00, 0.0, None 
 47.415, -123.257, 54.5, 2012-09-30 00:40:00, 0.0, None 
 47.547, -123.385, 40.0, 2012-09-30 00:42:30, 0.0, None 
 47.515, -123.255, 30.0, 2012-09-30 00:47:30, 0.0, None 
 47.47, -123.1, 43.5, 2012-09-30 00:50:00, 0.0, None 
 47.295, -123.03, 43.5, 2012-09-30 00:55:00, 0.0, None 
 47.57, -123.06, 60.0, 2012-09-30 00:57:30, 0.0, None 
 47.53, -123.12, 31.0, 2012-09-30 01:02:30, 0.0, None 
 47.64, -123.15, 28.0, 2012-09-30 01:05:00, 0.0, None 
 47.403, -123.14, 36.0, 2012-09-30 01:07:30, 0.0, None 
 47.42, -123.2, 60.0, 2012-09-30 01:10:00, 0.0, None 
 47.425, -123.197, 60.0, 2012-09-30 01:12:30, 0.0, None 
 47.615, -123.37, 20.0, 2012-09-30 01:15:00, 0.0, None 
 47.59, -123.315, 20.0, 2012-09-30 01:17:30, 0.0, None 
 47.305, -122.76, 22.0, 2012-09-30 01:22:30, 0.0, None 
 47.37, -122.97, 30.0, 2012-09-30 01:25:00, 0.0, None 
 47.38, -123.01, 51.0, 2012-09-30 01:27:30, 0.0, None 
 47.47, -123.135, 20.0, 2012-09-30 01:30:00, 0.0, None 
 47.42, -122.915, 38.2, 2012-09-30 01:32:30, 0.0, None 
 47.367, -122.81200000000001, 36.8, 2012-09-30 01:35:00, 0.0, None 
 47.42, -122.82, 42.5, 2012-09-30 01:37:30, 0.0, None 
 47.33, -122.89, 50.0, 2012-09-30 01:40:00, 0.0, None 
 47.34, -122.8, 20.0, 2012-09-30 01:42:30, 0.0, None 
 47.38, -122.865, 35.5, 2012-09-30 01:45:00, 0.0, None 
 47.42, -123.005, 50.5, 2012-09-30 01:47:30, 0.0, None 
 47.395, -123.02, 24.5, 2012-09-30 01:50:00, 0.0, None 
 47.41, -123.29, 50.0, 2012-09-30 01:57:30, 0.0, None 
 47.31, -122.655, 39.0, 2012-09-30 01:57:30, 0.0, None 
 47.4, -122.87, 20.0, 2012-09-30 02:00:00, 0.0, None 
 47.595, -123.43, 60.0, 2012-09-30 02:02:30, 0.0, None 
 47.57, -123.46, 60.0, 2012-09-30 02:05:00, 0.0, None 
 47.39, -123.36, 32.0, 2012-09-30 02:07:30, 0.0, None 
 47.49, -123.01, 35.0, 2012-09-30 02:35:00, 0.0, None 
 47.38, -123.07, 29.0, 2012-09-30 02:37:30, 0.0, None 
 47.26, -122.96, 20.0, 2012-09-30 02:42:30, 0.0, None 
 47.28, -122.77, 20.0, 2012-09-30 02:45:00, 0.0, None 
 47.36, -122.87, 47.0, 2012-09-30 02:57:30, 0.0, None 
 47.4, -122.85, 42.0, 2012-09-30 03:00:00, 0.0, None 
 47.325, -122.85, 50.0, 2012-09-30 03:02:30, 0.0, None 
 47.29, -122.74, 60.0, 2012-09-30 03:05:00, 0.0, None 
 47.335, -122.83, 43.5, 2012-09-30 03:10:00, 0.0, None 
 47.32, -123.02, 60.0, 2012-09-30 03:12:30, 0.0, None 
 47.425, -122.69, 40.0, 2012-09-30 03:15:00, 0.0, None 
 47.2, -123.33, 51.0, 2012-09-30 03:17:30, 0.0, None 
 47.3, -122.89, 48.0, 2012-09-30 03:20:00, 0.0, None 
 47.31, -122.89, 41.0, 2012-09-30 03:22:30, 0.0, None 
 47.52, -123.09, 60.0, 2012-09-30 03:22:30, 0.0, None 
 47.306999999999995, -122.795, 30.8, 2012-09-30 03:30:00, 0.0, None 
 47.335, -122.8, 38.8, 2012-09-30 03:32:30, 0.0, None 
 47.345, -122.795, 38.5, 2012-09-30 03:35:00, 0.0, None 
 47.38, -122.72, 31.0, 2012-09-30 03:37:30, 0.0, None 
 47.418, -122.92, 20.0, 2012-09-30 03:40:00, 0.0, None 
 47.46, -122.93, 20.0, 2012-09-30 03:42:30, 0.0, None 
 47.495, -123.275, 60.0, 2012-09-30 03:47:30, 0.0, None 
 47.38, -122.9, 22.5, 2012-09-30 03:50:00, 0.0, None 
 47.48, -123.24, 60.0, 2012-09-30 03:50:00, 0.0, None 
 47.455, -123.007, 29.0, 2012-09-30 03:52:30, 0.0, None 
 47.34, -122.995, 50.0, 2012-09-30 03:57:30, 0.0, None 
 47.3, -122.88, 20.0, 2012-09-30 04:00:00, 0.0, None 
 47.41, -123.0, 60.0, 2012-09-30 04:02:30, 0.0, None 
 47.4, -123.025, 23.0, 2012-09-30 04:05:00, 0.0, None 
 47.37, -123.05, 24.5, 2012-09-30 04:07:30, 0.0, None 
 47.4, -123.33, 53.0, 2012-09-30 04:12:30, 0.0, None 
 47.31, -123.205, 60.0, 2012-09-30 04:15:00, 0.0, None 
 47.3, -122.82, 35.0, 2012-09-30 04:17:30, 0.0, None 
 47.29, -122.83, 27.5, 2012-09-30 04:20:00, 0.0, None 
 47.38, -123.165, 40.0, 2012-09-30 04:22:30, 0.0, None 
 47.438, -123.14, 36.8, 2012-09-30 04:25:00, 0.0, None 
 47.52, -123.0, 20.0, 2012-09-30 04:27:30, 0.0, None 
 47.345, -122.93299999999999, 60.0, 2012-09-30 04:30:00, 0.0, None 
 47.31, -122.87, 20.0, 2012-09-30 04:32:30, 0.0, None 
 47.38, -122.94, 40.0, 2012-09-30 04:35:00, 0.0, None 
 47.29, -122.74, 31.0, 2012-09-30 04:37:30, 0.0, None 
 47.608000000000004, -123.355, 20.0, 2012-09-30 04:40:00, 0.0, None 
 47.565, -123.31200000000001, 23.0, 2012-09-30 04:42:30, 0.0, None 
 47.505, -123.32, 20.0, 2012-09-30 04:45:00, 0.0, None 
 47.56, -123.28, 25.0, 2012-09-30 04:55:00, 0.0, None 
 47.6, -123.13, 31.0, 2012-09-30 05:00:00, 0.0, None 
 47.515, -123.195, 20.0, 2012-09-30 05:02:30, 0.0, None 
 47.515, -123.21799999999999, 20.0, 2012-09-30 05:05:00, 0.0, None 
 47.505, -123.175, 37.8, 2012-09-30 05:07:30, 0.0, None 
 47.42, -123.01, 60.0, 2012-09-30 05:10:00, 0.0, None 
 47.433, -123.303, 31.2, 2012-09-30 05:17:30, 0.0, None 
 47.58, -123.39, 20.0, 2012-09-30 05:20:00, 0.0, None 
 47.535, -123.29, 27.0, 2012-09-30 05:22:30, 0.0, None 
 47.63, -123.03, 60.0, 2012-09-30 05:30:00, 0.0, None 
 47.49, -123.29, 20.0, 2012-09-30 05:35:00, 0.0, None 
 47.585, -123.29, 30.0, 2012-09-30 05:40:00, 0.0, None 
 47.44, -122.91, 27.5, 2012-09-30 05:40:00, 0.0, None 
 47.49, -123.355, 55.5, 2012-09-30 05:42:30, 0.0, None 
 47.38, -122.86, 20.0, 2012-09-30 05:42:30, 0.0, None 
 47.41, -123.155, 28.5, 2012-09-30 05:45:00, 0.0, None 
 47.26, -122.98, 30.0, 2012-09-30 05:52:30, 0.0, None 
 47.34, -123.03, 43.0, 2012-09-30 05:55:00, 0.0, None 
 47.38, -123.088, 60.0, 2012-09-30 05:57:30, 0.0, None 
 47.505, -123.3, 20.0, 2012-09-30 06:00:00, 0.0, None 
 47.44, -123.2, 40.0, 2012-09-30 06:05:00, 0.0, None 
 47.547, -123.228, 32.2, 2012-09-30 06:12:30, 0.0, None 
 47.593, -123.15, 34.0, 2012-09-30 06:20:00, 0.0, None 
 47.495, -123.21, 20.0, 2012-09-30 06:22:30, 0.0, None 
 47.5, -123.13, 37.0, 2012-09-30 06:25:00, 0.0, None 
 47.535, -123.2, 20.0, 2012-09-30 06:27:30, 0.0, None 
 47.595, -123.213, 20.0, 2012-09-30 06:30:00, 0.0, None 
 47.675, -123.365, 49.0, 2012-09-30 06:32:30, 0.0, None 
 47.48, -123.145, 53.5, 2012-09-30 06:35:00, 0.0, None 
 47.54, -123.175, 36.5, 2012-09-30 06:37:30, 0.0, None 
 47.545, -123.15, 25.8, 2012-09-30 06:40:00, 0.0, None 
 47.605, -123.095, 24.0, 2012-09-30 06:42:30, 0.0, None 
 47.543, -123.205, 37.2, 2012-09-30 06:45:00, 0.0, None 
 47.5, -123.165, 31.2, 2012-09-30 06:47:30, 0.0, None 
 47.55, -123.2, 34.0, 2012-09-30 06:50:00, 0.0, None 
 47.565, -123.18, 45.0, 2012-09-30 06:52:30, 0.0, None 
 47.59, -123.29, 60.0, 2012-09-30 06:57:30, 0.0, None 
 47.63, -123.16, 30.0, 2012-09-30 07:00:00, 0.0, None 
 47.65, -123.2, 29.0, 2012-09-30 07:02:30, 0.0, None 
 47.67, -123.36, 28.0, 2012-09-30 07:05:00, 0.0, None 
 46.96, -122.3, 30.0, 2012-09-30 07:07:30, 0.0, None 
 47.412, -122.855, 37.5, 2012-09-30 07:10:00, 0.0, None 
 47.361999999999995, -122.96, 36.2, 2012-09-30 07:12:30, 0.0, None 
 47.335, -122.905, 22.2, 2012-09-30 07:15:00, 0.0, None 
 47.4, -122.9, 20.0, 2012-09-30 07:17:30, 0.0, None 
 47.365, -122.833, 27.0, 2012-09-30 07:20:00, 0.0, None 
 47.365, -122.802, 24.8, 2012-09-30 07:22:30, 0.0, None 
 47.427, -122.993, 27.5, 2012-09-30 07:25:00, 0.0, None 
 47.415, -122.99799999999999, 24.0, 2012-09-30 07:27:30, 0.0, None 
 47.42, -122.963, 24.5, 2012-09-30 07:30:00, 0.0, None 
 47.37, -122.863, 31.5, 2012-09-30 07:32:30, 0.0, None 
 47.38, -123.005, 55.0, 2012-09-30 07:35:00, 0.0, None 
 47.361999999999995, -123.04, 42.0, 2012-09-30 07:37:30, 0.0, None 
 47.44, -122.87, 20.0, 2012-09-30 07:40:00, 0.0, None 
 47.395, -122.81200000000001, 20.0, 2012-09-30 07:42:30, 0.0, None 
 47.315, -122.83, 44.2, 2012-09-30 07:45:00, 0.0, None 
 47.35, -122.85, 50.2, 2012-09-30 07:47:30, 0.0, None 
 47.4, -122.935, 40.0, 2012-09-30 07:50:00, 0.0, None 
 47.412, -122.895, 24.2, 2012-09-30 07:52:30, 0.0, None 
 47.42, -122.81, 20.0, 2012-09-30 07:55:00, 0.0, None 
 47.415, -122.895, 60.0, 2012-09-30 07:57:30, 0.0, None 
 47.455, -123.155, 24.5, 2012-09-30 08:00:00, 0.0, None 
 47.58, -123.08200000000001, 28.0, 2012-09-30 08:02:30, 0.0, None 
 47.567, -123.257, 30.8, 2012-09-30 08:05:00, 0.0, None 
 47.585, -123.27, 30.0, 2012-09-30 08:07:30, 0.0, None 
 47.605, -123.47, 23.0, 2012-09-30 08:10:00, 0.0, None 
 47.405, -123.265, 42.5, 2012-09-30 08:12:30, 0.0, None 
 47.461999999999996, -122.98700000000001, 28.0, 2012-09-30 08:15:00, 0.0, None 
 47.505, -123.015, 20.0, 2012-09-30 08:17:30, 0.0, None 
 47.58, -122.99, 37.0, 2012-09-30 08:22:30, 0.0, None 
 47.53, -123.275, 23.8, 2012-09-30 08:25:00, 0.0, None 
 47.51, -123.0, 26.0, 2012-09-30 08:27:30, 0.0, None 
 47.52, -122.995, 29.0, 2012-09-30 08:30:00, 0.0, None 
 47.385, -123.225, 60.0, 2012-09-30 08:32:30, 0.0, None 
 47.65, -123.105, 60.0, 2012-09-30 08:42:30, 0.0, None 
 47.38, -122.67, 20.0, 2012-09-30 08:45:00, 0.0, None 
 47.57, -123.04, 29.0, 2012-09-30 08:47:30, 0.0, None 
 47.59, -123.01, 26.5, 2012-09-30 08:50:00, 0.0, None 
 47.415, -122.61, 46.0, 2012-09-30 09:02:30, 0.0, None 
 47.44, -122.86, 25.0, 2012-09-30 09:05:00, 0.0, None 
 47.33, -122.865, 20.0, 2012-09-30 09:07:30, 0.0, None 
 47.343, -122.905, 45.0, 2012-09-30 09:10:00, 0.0, None 
 47.35, -122.91, 30.0, 2012-09-30 09:12:30, 0.0, None 
 47.31, -122.92, 46.0, 2012-09-30 09:15:00, 0.0, None 
 47.375, -122.88, 25.5, 2012-09-30 09:17:30, 0.0, None 
 47.38, -122.96, 27.0, 2012-09-30 09:25:00, 0.0, None 
 47.275, -122.79, 20.0, 2012-09-30 09:27:30, 0.0, None 
 47.53, -123.13, 26.0, 2012-09-30 09:35:00, 0.0, None 
 47.31, -122.605, 53.5, 2012-09-30 09:40:00, 0.0, None 
 47.383, -123.205, 52.8, 2012-09-30 09:47:30, 0.0, None 
 47.28, -122.88, 55.0, 2012-09-30 10:05:00, 0.0, None 
 47.32, -123.02, 39.0, 2012-09-30 10:07:30, 0.0, None 
 47.438, -123.145, 28.2, 2012-09-30 10:10:00, 0.0, None 
 47.38, -123.02, 20.0, 2012-09-30 10:12:30, 0.0, None 
 47.42, -123.16, 40.8, 2012-09-30 10:17:30, 0.0, None 
 47.49, -123.21, 26.0, 2012-09-30 10:20:00, 0.0, None 
 47.36, -123.06, 60.0, 2012-09-30 10:22:30, 0.0, None 
 47.5, -123.11, 51.0, 2012-09-30 10:25:00, 0.0, None 
 47.32, -122.69, 52.0, 2012-09-30 10:25:00, 0.0, None 
 47.565, -123.19, 35.0, 2012-09-30 10:27:30, 0.0, None 
 47.48, -123.105, 52.0, 2012-09-30 10:30:00, 0.0, None 
 47.41, -123.1, 41.0, 2012-09-30 10:37:30, 0.0, None 
 47.4, -122.93799999999999, 29.2, 2012-09-30 10:40:00, 0.0, None 
 47.383, -122.935, 20.0, 2012-09-30 10:42:30, 0.0, None 
 47.442, -123.01799999999999, 20.0, 2012-09-30 10:45:00, 0.0, None 
 47.472, -123.05, 20.0, 2012-09-30 10:47:30, 0.0, None 
 47.58, -122.9, 60.0, 2012-09-30 10:50:00, 0.0, None 
 47.455, -122.91, 41.0, 2012-09-30 10:55:00, 0.0, None 
 47.0, -122.275, 60.0, 2012-09-30 10:55:00, 0.0, None 
 47.358000000000004, -122.905, 49.0, 2012-09-30 10:57:30, 0.0, None 
 47.46, -122.93299999999999, 40.8, 2012-09-30 11:00:00, 0.0, None 
 47.43, -122.87, 20.0, 2012-09-30 11:02:30, 0.0, None 
 47.44, -123.18, 60.0, 2012-09-30 11:05:00, 0.0, None 
 47.39, -123.02, 20.0, 2012-09-30 11:07:30, 0.0, None 
 47.41, -123.23, 47.5, 2012-09-30 11:10:00, 0.0, None 
 47.355, -123.2, 34.5, 2012-09-30 11:12:30, 0.0, None 
 47.33, -122.835, 60.0, 2012-09-30 11:15:00, 0.0, None 
 47.468, -122.935, 38.2, 2012-09-30 11:20:00, 0.0, None 
 47.465, -122.855, 20.0, 2012-09-30 11:22:30, 0.0, None 
 47.43, -123.13, 50.0, 2012-09-30 11:25:00, 0.0, None 
 47.41, -122.99, 20.0, 2012-09-30 11:27:30, 0.0, None 
 47.46, -122.95, 26.5, 2012-09-30 11:30:00, 0.0, None 
 47.11, -122.82, 20.0, 2012-09-30 11:35:00, 0.0, None 
 47.425, -122.99, 20.0, 2012-09-30 11:37:30, 0.0, None 
 47.495, -123.325, 20.0, 2012-09-30 11:40:00, 0.0, None 
 47.51, -123.265, 22.8, 2012-09-30 11:42:30, 0.0, None 
 47.525, -123.265, 22.5, 2012-09-30 11:45:00, 0.0, None 
 47.528, -123.15, 43.2, 2012-09-30 11:47:30, 0.0, None 
 47.52, -123.25, 22.0, 2012-09-30 11:50:00, 0.0, None 
 47.4, -122.94, 40.0, 2012-09-30 12:02:30, 0.0, None 
 47.39, -123.13, 30.0, 2012-09-30 12:05:00, 0.0, None 
 47.49, -123.075, 20.0, 2012-09-30 12:10:00, 0.0, None 
 47.565, -123.075, 25.5, 2012-09-30 12:12:30, 0.0, None 
 47.547, -123.053, 40.2, 2012-09-30 12:15:00, 0.0, None 
 47.49, -123.05, 20.0, 2012-09-30 12:17:30, 0.0, None 
 47.6, -123.11, 56.5, 2012-09-30 12:20:00, 0.0, None 
 47.3, -123.1, 20.0, 2012-09-30 12:30:00, 0.0, None 
 47.31, -123.0, 27.5, 2012-09-30 12:32:30, 0.0, None 
 47.335, -122.947, 28.0, 2012-09-30 12:35:00, 0.0, None 
 47.39, -122.8, 39.0, 2012-09-30 12:37:30, 0.0, None 
 47.5, -122.92, 20.0, 2012-09-30 12:40:00, 0.0, None 
 47.39, -123.01, 20.0, 2012-09-30 12:42:30, 0.0, None 
 47.375, -123.0, 20.0, 2012-09-30 12:45:00, 0.0, None 
 47.22, -123.29, 55.0, 2012-09-30 12:50:00, 0.0, None 
 47.358000000000004, -122.92200000000001, 60.0, 2012-09-30 12:57:30, 0.0, None 
 47.325, -122.865, 30.5, 2012-09-30 13:00:00, 0.0, None 
 47.5, -123.095, 44.5, 2012-09-30 13:02:30, 0.0, None 
 47.295, -122.645, 31.0, 2012-09-30 13:25:00, 0.0, None 
 47.195, -122.91, 42.5, 2012-09-30 14:02:30, 0.0, None 
 47.4, -122.85, 20.0, 2012-09-30 14:05:00, 0.0, None 
 47.38, -123.035, 20.0, 2012-09-30 14:07:30, 0.0, None 
 47.29, -122.85, 20.0, 2012-09-30 14:22:30, 0.0, None 
 47.52, -122.89, 41.0, 2012-09-30 14:22:30, 0.0, None 
 47.19, -122.93, 20.0, 2012-09-30 14:47:30, 0.0, None 
 47.31, -122.79, 39.0, 2012-09-30 14:50:00, 0.0, None 
 47.36, -122.68, 20.0, 2012-09-30 15:00:00, 0.0, None 
 47.395, -122.713, 20.0, 2012-09-30 15:02:30, 0.0, None 
 47.34, -122.84, 20.0, 2012-09-30 15:05:00, 0.0, None 
 47.29, -122.9, 20.0, 2012-09-30 15:17:30, 0.0, None 
 47.325, -122.87, 20.0, 2012-09-30 15:20:00, 0.0, None 
 47.385, -122.83, 31.0, 2012-09-30 15:22:30, 0.0, None 
 47.375, -122.977, 36.2, 2012-09-30 15:25:00, 0.0, None 
 47.42, -122.77, 20.0, 2012-09-30 15:27:30, 0.0, None 
 47.412, -122.94, 32.0, 2012-09-30 15:32:30, 0.0, None 
 47.36, -122.87, 20.0, 2012-09-30 15:35:00, 0.0, None 
 47.332, -123.06700000000001, 31.5, 2012-09-30 15:40:00, 0.0, None 
 47.33, -122.9, 20.0, 2012-09-30 15:47:30, 0.0, None 
 47.105, -122.79, 20.0, 2012-09-30 15:47:30, 0.0, None 
 47.31, -123.005, 20.0, 2012-09-30 15:50:00, 0.0, None 
 47.51, -122.79, 20.0, 2012-09-30 15:50:00, 0.0, None 
 47.38, -122.95, 23.0, 2012-09-30 16:00:00, 0.0, None 
 46.95, -122.3, 42.0, 2012-09-30 16:02:30, 0.0, None 
 47.385, -122.88, 20.0, 2012-09-30 16:10:00, 0.0, None 
 47.4, -122.925, 52.2, 2012-09-30 16:12:30, 0.0, None 
 47.33, -122.95, 60.0, 2012-09-30 16:15:00, 0.0, None 
 47.3, -123.04, 60.0, 2012-09-30 16:17:30, 0.0, None 
 47.38, -122.82, 39.0, 2012-09-30 16:20:00, 0.0, None 
 47.41, -122.71, 20.0, 2012-09-30 16:22:30, 0.0, None 
 47.41, -122.74, 20.0, 2012-09-30 16:25:00, 0.0, None 
 47.47, -123.32, 60.0, 2012-09-30 16:30:00, 0.0, None 
 47.43, -123.01, 20.0, 2012-09-30 16:32:30, 0.0, None 
 47.42, -123.35, 60.0, 2012-09-30 16:35:00, 0.0, None 
 47.395, -123.165, 60.0, 2012-09-30 16:57:30, 0.0, None 
 47.415, -122.805, 20.8, 2012-09-30 17:00:00, 0.0, None 
 47.375, -122.77, 23.2, 2012-09-30 17:17:30, 0.0, None 
 47.385, -122.81, 28.5, 2012-09-30 17:20:00, 0.0, None 
 47.38, -122.805, 20.0, 2012-09-30 17:25:00, 0.0, None 
 47.42, -123.09, 20.0, 2012-09-30 17:52:30, 0.0, None 
 47.285, -122.79700000000001, 54.5, 2012-09-30 17:57:30, 0.0, None 
 47.3, -122.76, 21.5, 2012-09-30 18:00:00, 0.0, None 
 47.27, -122.8, 20.0, 2012-09-30 18:02:30, 0.0, None 
 47.21, -122.86, 20.0, 2012-09-30 18:05:00, 0.0, None 
 47.315, -122.685, 20.0, 2012-09-30 18:10:00, 0.0, None 
 47.295, -122.755, 20.0, 2012-09-30 18:12:30, 0.0, None 
 47.295, -123.148, 52.5, 2012-09-30 18:15:00, 0.0, None 
 47.59, -122.93, 20.0, 2012-09-30 18:22:30, 0.0, None 
 47.32, -122.905, 60.0, 2012-09-30 18:32:30, 0.0, None 
 47.302, -122.9, 40.0, 2012-09-30 18:35:00, 0.0, None 
 47.457, -122.985, 30.8, 2012-09-30 18:47:30, 0.0, None 
 47.42, -123.085, 60.0, 2012-09-30 18:50:00, 0.0, None 
 47.3, -122.75, 20.0, 2012-09-30 18:52:30, 0.0, None 
 47.376999999999995, -122.93799999999999, 30.8, 2012-09-30 18:55:00, 0.0, None 
 47.361999999999995, -123.102, 60.0, 2012-09-30 18:57:30, 0.0, None 
 47.37, -123.12, 32.5, 2012-09-30 19:00:00, 0.0, None 
 47.42, -122.88, 27.0, 2012-09-30 19:22:30, 0.0, None 
 47.265, -122.805, 29.0, 2012-09-30 19:25:00, 0.0, None 
 47.32, -123.19, 50.0, 2012-09-30 19:27:30, 0.0, None 
 47.35, -123.0, 20.0, 2012-09-30 19:30:00, 0.0, None 
 47.297, -122.84299999999999, 23.5, 2012-09-30 19:32:30, 0.0, None 
 47.305, -122.815, 20.0, 2012-09-30 19:35:00, 0.0, None 
 47.3, -122.96, 51.5, 2012-09-30 19:55:00, 0.0, None 
 47.37, -122.97, 44.0, 2012-09-30 19:57:30, 0.0, None 
 47.32, -123.08, 60.0, 2012-09-30 20:00:00, 0.0, None 
 47.265, -123.11, 38.0, 2012-09-30 20:05:00, 0.0, None 
 47.35, -122.99799999999999, 39.8, 2012-09-30 20:07:30, 0.0, None 
 47.355, -123.045, 45.5, 2012-09-30 20:10:00, 0.0, None 
 47.373000000000005, -122.82799999999999, 35.5, 2012-09-30 20:12:30, 0.0, None 
 47.32, -122.8, 23.2, 2012-09-30 20:15:00, 0.0, None 
 47.358000000000004, -122.68, 30.5, 2012-09-30 20:17:30, 0.0, None 
 47.56, -123.09, 60.0, 2012-09-30 20:20:00, 0.0, None 
 47.48, -123.43, 60.0, 2012-09-30 20:22:30, 0.0, None 
 47.391999999999996, -122.84, 33.5, 2012-09-30 20:25:00, 0.0, None 
 47.335, -122.77, 31.5, 2012-09-30 20:35:00, 0.0, None 
 47.26, -122.89, 20.0, 2012-09-30 20:37:30, 0.0, None 
 47.285, -122.93, 60.0, 2012-09-30 20:40:00, 0.0, None 
 47.38, -122.995, 60.0, 2012-09-30 20:42:30, 0.0, None 
 47.352, -122.855, 60.0, 2012-09-30 20:45:00, 0.0, None 
 47.31, -122.82, 20.0, 2012-09-30 20:47:30, 0.0, None 
 47.44, -122.82, 20.0, 2012-09-30 20:50:00, 0.0, None 
 47.41, -122.92, 40.0, 2012-09-30 20:52:30, 0.0, None 
 47.22, -123.08, 60.0, 2012-09-30 20:57:30, 0.0, None 
 47.22, -122.62, 54.0, 2012-09-30 21:12:30, 0.0, None 
 47.38, -122.79700000000001, 41.0, 2012-09-30 21:15:00, 0.0, None 
 47.385, -122.815, 60.0, 2012-09-30 21:17:30, 0.0, None 
 47.28, -122.815, 20.0, 2012-09-30 21:20:00, 0.0, None 
 47.345, -123.2, 33.5, 2012-09-30 21:25:00, 0.0, None 
 47.41, -123.21, 50.0, 2012-09-30 21:27:30, 0.0, None 
 47.52, -123.29, 28.0, 2012-09-30 21:32:30, 0.0, None 
 47.33, -122.885, 20.0, 2012-09-30 22:17:30, 0.0, None 
 47.31, -122.93, 20.0, 2012-09-30 22:20:00, 0.0, None 
 47.395, -123.3, 50.0, 2012-09-30 22:27:30, 0.0, None 
 47.38, -122.79, 60.0, 2012-09-30 22:27:30, 0.0, None 
 47.49, -122.8, 20.0, 2012-09-30 22:35:00, 0.0, None 
 47.31, -122.68, 20.0, 2012-09-30 22:40:00, 0.0, None 
 47.63, -123.25, 20.0, 2012-09-30 22:40:00, 0.0, None 
 47.37, -123.2, 20.0, 2012-09-30 22:42:30, 0.0, None 
 47.435, -122.727, 57.5, 2012-09-30 23:32:30, 0.0, None 
 47.41, -122.985, 20.0, 2012-09-30 23:35:00, 0.0, None 
 47.385, -123.15, 22.0, 2012-09-30 23:37:30, 0.0, None 
 47.4, -123.15, 20.0, 2012-09-30 23:40:00, 0.0, None 
 47.31, -122.84, 20.0, 2012-09-30 23:55:00, 0.0, None 
 47.54, -123.16, 40.0, 2012-10-01 00:10:00, 0.0, None 
 47.23, -122.86, 29.0, 2012-10-01 00:35:00, 0.0, None 
 47.11, -122.925, 53.5, 2012-10-01 00:40:00, 0.0, None 
 47.2, -122.68, 46.0, 2012-10-01 00:42:30, 0.0, None 
 46.9, -122.57, 20.0, 2012-10-01 00:52:30, 0.0, None 
 47.5, -123.2, 26.0, 2012-10-01 01:10:00, 0.0, None 
 47.1, -122.69, 40.0, 2012-10-01 01:17:30, 0.0, None 
 47.02, -122.7, 27.0, 2012-10-01 01:22:30, 0.0, None 
 47.29, -122.71, 20.0, 2012-10-01 01:25:00, 0.0, None 
 47.77, -123.31, 51.0, 2012-10-01 01:35:00, 0.0, None 
 47.4, -122.71, 20.0, 2012-10-01 01:42:30, 0.0, None 
 47.21, -122.86, 60.0, 2012-10-01 01:47:30, 0.0, None 
 47.31, -122.51, 60.0, 2012-10-01 01:57:30, 0.0, None 
 47.325, -122.51700000000001, 39.2, 2012-10-01 02:00:00, 0.0, None 
 47.335, -122.53, 45.5, 2012-10-01 02:02:30, 0.0, None 
 47.335, -122.507, 40.0, 2012-10-01 02:05:00, 0.0, None 
 47.305, -122.505, 27.5, 2012-10-01 02:07:30, 0.0, None 
 47.23, -122.92, 60.0, 2012-10-01 02:15:00, 0.0, None 
 47.265, -122.52, 45.2, 2012-10-01 02:30:00, 0.0, None 
 47.243, -122.615, 47.0, 2012-10-01 02:32:30, 0.0, None 
 47.8, -123.38, 20.0, 2012-10-01 02:35:00, 0.0, None 
 47.82, -123.395, 23.0, 2012-10-01 02:37:30, 0.0, None 
 47.84, -123.45, 20.0, 2012-10-01 02:40:00, 0.0, None 
 47.77, -123.47, 60.0, 2012-10-01 02:42:30, 0.0, None 
 47.77, -123.3, 48.5, 2012-10-01 02:45:00, 0.0, None 
 47.78, -123.36, 29.5, 2012-10-01 02:47:30, 0.0, None 
 47.82, -123.36, 29.5, 2012-10-01 02:50:00, 0.0, None 
 47.18, -122.84, 20.5, 2012-10-01 02:50:00, 0.0, None 
 47.285, -122.625, 60.0, 2012-10-01 02:52:30, 0.0, None 
 47.38, -122.8, 60.0, 2012-10-01 02:57:30, 0.0, None 
 47.375, -122.83, 60.0, 2012-10-01 03:00:00, 0.0, None 
 47.85, -123.5, 39.0, 2012-10-01 03:05:00, 0.0, None 
 47.86, -123.46, 20.0, 2012-10-01 03:07:30, 0.0, None 
 47.425, -122.85, 60.0, 2012-10-01 03:07:30, 0.0, None 
 46.98, -122.72, 60.0, 2012-10-01 03:10:00, 0.0, None 
 47.195, -122.525, 46.5, 2012-10-01 03:12:30, 0.0, None 
 47.87, -123.41, 60.0, 2012-10-01 03:15:00, 0.0, None 
 47.82, -123.49, 40.0, 2012-10-01 03:17:30, 0.0, None 
 47.31, -122.36, 20.0, 2012-10-01 03:20:00, 0.0, None 
 47.15, -122.58, 59.5, 2012-10-01 03:22:30, 0.0, None 
 46.81, -122.775, 28.0, 2012-10-01 03:27:30, 0.0, None 
 47.005, -122.765, 37.0, 2012-10-01 03:30:00, 0.0, None 
 47.133, -122.635, 55.0, 2012-10-01 03:32:30, 0.0, None 
 47.35, -122.41, 29.5, 2012-10-01 03:35:00, 0.0, None 
 47.345, -122.425, 29.0, 2012-10-01 03:37:30, 0.0, None 
 47.28, -122.43, 60.0, 2012-10-01 03:55:00, 0.0, None 
 47.13, -122.445, 60.0, 2012-10-01 03:57:30, 0.0, None 
 47.135, -122.68, 40.0, 2012-10-01 04:00:00, 0.0, None 
 46.98, -122.76, 37.0, 2012-10-01 04:02:30, 0.0, None 
 47.01, -122.705, 20.0, 2012-10-01 04:05:00, 0.0, None 
 47.125, -122.62, 38.0, 2012-10-01 04:07:30, 0.0, None 
 47.09, -122.71, 51.0, 2012-10-01 04:10:00, 0.0, None 
 47.31, -122.5, 27.0, 2012-10-01 04:27:30, 0.0, None 
 47.19, -122.61, 32.0, 2012-10-01 04:32:30, 0.0, None 
 47.07, -122.425, 60.0, 2012-10-01 04:37:30, 0.0, None 
 46.84, -123.085, 60.0, 2012-10-01 04:40:00, 0.0, None 
 47.34, -122.38, 41.0, 2012-10-01 04:47:30, 0.0, None 
 47.251999999999995, -122.475, 60.0, 2012-10-01 04:50:00, 0.0, None 
 47.3, -122.52, 55.0, 2012-10-01 04:52:30, 0.0, None 
 47.295, -122.49, 29.8, 2012-10-01 04:55:00, 0.0, None 
 47.33, -122.465, 60.0, 2012-10-01 04:57:30, 0.0, None 
 47.42, -122.47, 43.0, 2012-10-01 05:10:00, 0.0, None 
 47.26, -122.72, 60.0, 2012-10-01 05:12:30, 0.0, None 
 47.3, -122.38, 48.5, 2012-10-01 05:12:30, 0.0, None 
 47.37, -122.40299999999999, 60.0, 2012-10-01 05:15:00, 0.0, None 
 47.305, -122.47, 20.0, 2012-10-01 05:17:30, 0.0, None 
 47.343, -122.39, 54.5, 2012-10-01 05:20:00, 0.0, None 
 47.4, -122.445, 49.0, 2012-10-01 05:22:30, 0.0, None 
 47.31, -122.53, 26.0, 2012-10-01 05:25:00, 0.0, None 
 47.105, -122.6, 26.8, 2012-10-01 05:32:30, 0.0, None 
 47.08, -122.667, 22.0, 2012-10-01 05:35:00, 0.0, None 
 47.078, -122.625, 20.0, 2012-10-01 05:37:30, 0.0, None 
 47.235, -122.51700000000001, 60.0, 2012-10-01 05:40:00, 0.0, None 
 46.82, -123.1, 36.0, 2012-10-01 05:45:00, 0.0, None 
 46.81, -123.08, 33.0, 2012-10-01 05:47:30, 0.0, None 
 47.04, -122.74, 40.0, 2012-10-01 06:00:00, 0.0, None 
 47.095, -122.62, 60.0, 2012-10-01 06:02:30, 0.0, None 
 46.98, -122.75, 60.0, 2012-10-01 06:05:00, 0.0, None 
 46.9, -122.59, 50.0, 2012-10-01 06:10:00, 0.0, None 
 46.905, -122.61, 52.5, 2012-10-01 06:12:30, 0.0, None 
 47.12, -122.56, 29.0, 2012-10-01 06:22:30, 0.0, None 
 47.2, -122.605, 60.0, 2012-10-01 06:32:30, 0.0, None 
 47.12, -122.58, 60.0, 2012-10-01 06:35:00, 0.0, None 
 47.075, -122.5, 40.0, 2012-10-01 06:37:30, 0.0, None 
 46.845, -122.68, 20.0, 2012-10-01 06:52:30, 0.0, None 
 47.11, -122.435, 55.0, 2012-10-01 06:55:00, 0.0, None 
 47.09, -122.625, 60.0, 2012-10-01 06:57:30, 0.0, None 
 47.02, -122.525, 20.0, 2012-10-01 07:00:00, 0.0, None 
 47.36, -122.7, 20.0, 2012-10-01 07:17:30, 0.0, None 
 47.27, -122.88, 43.0, 2012-10-01 07:25:00, 0.0, None 
 46.82, -123.07, 60.0, 2012-10-01 07:25:00, 0.0, None 
 47.15, -122.40700000000001, 40.0, 2012-10-01 07:35:00, 0.0, None 
 47.21, -122.735, 20.0, 2012-10-01 07:37:30, 0.0, None 
 47.338, -122.76, 31.2, 2012-10-01 07:40:00, 0.0, None 
 47.31, -122.8, 20.0, 2012-10-01 07:42:30, 0.0, None 
 47.09, -122.52, 55.0, 2012-10-01 07:45:00, 0.0, None 
 47.025, -122.7, 20.0, 2012-10-01 07:50:00, 0.0, None 
 47.177, -122.43299999999999, 60.0, 2012-10-01 07:52:30, 0.0, None 
 47.12, -122.47200000000001, 40.5, 2012-10-01 07:55:00, 0.0, None 
 47.145, -122.5, 60.0, 2012-10-01 07:57:30, 0.0, None 
 47.01, -122.705, 58.0, 2012-10-01 08:00:00, 0.0, None 
 47.28, -122.96, 41.5, 2012-10-01 08:05:00, 0.0, None 
 47.01, -122.68, 33.0, 2012-10-01 08:10:00, 0.0, None 
 47.18, -122.68, 40.0, 2012-10-01 08:17:30, 0.0, None 
 47.18, -122.70299999999999, 49.5, 2012-10-01 08:20:00, 0.0, None 
 46.8, -122.2, 50.0, 2012-10-01 08:45:00, 0.0, None 
 47.3, -122.19, 47.0, 2012-10-01 08:47:30, 0.0, None 
 46.99, -122.74, 47.0, 2012-10-01 08:50:00, 0.0, None 
 46.985, -122.68, 60.0, 2012-10-01 08:57:30, 0.0, None 
 47.51, -123.2, 20.0, 2012-10-01 09:00:00, 0.0, None 
 47.5, -123.15, 26.5, 2012-10-01 09:02:30, 0.0, None 
 47.24, -122.52799999999999, 32.8, 2012-10-01 09:05:00, 0.0, None 
 47.365, -122.655, 60.0, 2012-10-01 09:12:30, 0.0, None 
 47.41, -122.8, 41.0, 2012-10-01 09:15:00, 0.0, None 
 47.31, -122.78, 40.0, 2012-10-01 09:17:30, 0.0, None 
 47.265, -122.525, 60.0, 2012-10-01 09:22:30, 0.0, None 
 47.025, -122.65, 54.0, 2012-10-01 09:25:00, 0.0, None 
 47.028, -122.65700000000001, 21.8, 2012-10-01 09:27:30, 0.0, None 
 47.02, -122.635, 26.5, 2012-10-01 09:30:00, 0.0, None 
 46.94, -122.58, 45.5, 2012-10-01 09:32:30, 0.0, None 
 47.23, -122.81, 20.0, 2012-10-01 09:35:00, 0.0, None 
 47.05, -122.65700000000001, 40.0, 2012-10-01 09:37:30, 0.0, None 
 47.135, -122.73, 60.0, 2012-10-01 09:40:00, 0.0, None 
 47.295, -122.965, 20.0, 2012-10-01 09:50:00, 0.0, None 
 47.6, -123.3, 60.0, 2012-10-01 09:57:30, 0.0, None 
 47.17, -122.7, 60.0, 2012-10-01 10:02:30, 0.0, None 
 47.25, -122.64, 56.5, 2012-10-01 10:05:00, 0.0, None 
 47.02, -122.7, 31.5, 2012-10-01 10:12:30, 0.0, None 
 46.93, -122.65, 60.0, 2012-10-01 10:22:30, 0.0, None 
 47.105, -122.41, 30.0, 2012-10-01 10:30:00, 0.0, None 
 47.1, -122.48, 40.0, 2012-10-01 10:32:30, 0.0, None 
 47.025, -122.705, 20.0, 2012-10-01 10:35:00, 0.0, None 
 47.035, -122.695, 20.0, 2012-10-01 10:37:30, 0.0, None 
 46.968, -122.675, 44.0, 2012-10-01 10:40:00, 0.0, None 
 47.028, -122.67, 37.5, 2012-10-01 10:42:30, 0.0, None 
 47.37, -122.95, 20.0, 2012-10-01 10:47:30, 0.0, None 
 47.335, -122.92, 20.0, 2012-10-01 10:50:00, 0.0, None 
 47.33, -122.99, 20.0, 2012-10-01 10:52:30, 0.0, None 
 47.2, -123.3, 20.0, 2012-10-01 11:02:30, 0.0, None 
 47.32, -123.0, 20.0, 2012-10-01 11:07:30, 0.0, None 
 47.31, -123.01, 20.0, 2012-10-01 11:10:00, 0.0, None 
 47.245, -122.72, 60.0, 2012-10-01 11:17:30, 0.0, None 
 47.49, -123.06, 20.0, 2012-10-01 11:20:00, 0.0, None 
 46.9, -122.825, 34.5, 2012-10-01 11:20:00, 0.0, None 
 47.835, -123.54, 26.0, 2012-10-01 11:27:30, 0.0, None 
 46.93, -122.82, 60.0, 2012-10-01 11:30:00, 0.0, None 
 47.28, -122.72, 20.0, 2012-10-01 11:45:00, 0.0, None 
 46.93, -122.835, 48.0, 2012-10-01 11:55:00, 0.0, None 
 46.95, -122.70200000000001, 22.5, 2012-10-01 11:57:30, 0.0, None 
 46.9, -122.795, 33.0, 2012-10-01 12:00:00, 0.0, None 
 46.94, -122.79, 20.0, 2012-10-01 12:40:00, 0.0, None 
 46.96, -122.78, 60.0, 2012-10-01 12:42:30, 0.0, None 
 47.09, -122.615, 40.0, 2012-10-01 12:45:00, 0.0, None 
 47.047, -122.665, 26.5, 2012-10-01 12:47:30, 0.0, None 
 47.0, -122.65, 20.0, 2012-10-01 12:52:30, 0.0, None 
 46.961999999999996, -122.675, 21.8, 2012-10-01 12:55:00, 0.0, None 
 46.93, -122.74, 60.0, 2012-10-01 12:57:30, 0.0, None 
 47.41, -122.5, 20.0, 2012-10-01 13:25:00, 0.0, None 
 47.0, -122.65, 60.0, 2012-10-01 13:32:30, 0.0, None 
 46.88, -122.8, 60.0, 2012-10-01 13:57:30, 0.0, None 
 47.12, -123.33, 58.0, 2012-10-01 14:10:00, 0.0, None 
 47.27, -123.02, 60.0, 2012-10-01 14:12:30, 0.0, None 
 47.1, -122.99, 60.0, 2012-10-01 14:17:30, 0.0, None 
 47.36, -122.93, 60.0, 2012-10-01 14:20:00, 0.0, None 
 47.32, -122.8, 23.0, 2012-10-01 14:25:00, 0.0, None 
 47.3, -122.78, 38.0, 2012-10-01 14:27:30, 0.0, None 
 46.94, -122.695, 21.5, 2012-10-01 14:42:30, 0.0, None 
 46.917, -122.632, 30.5, 2012-10-01 14:45:00, 0.0, None 
 47.41, -122.82, 34.0, 2012-10-01 14:55:00, 0.0, None 
 47.34, -122.36, 43.0, 2012-10-01 15:40:00, 0.0, None 
 47.28, -122.66, 20.0, 2012-10-01 15:57:30, 0.0, None 
 47.4, -122.73, 20.0, 2012-10-01 16:12:30, 0.0, None 
 46.92, -122.84, 26.0, 2012-10-01 16:17:30, 0.0, None 
 46.75, -123.1, 20.0, 2012-10-01 16:55:00, 0.0, None 
 47.07, -122.6, 60.0, 2012-10-01 16:57:30, 0.0, None 
 47.03, -122.648, 28.2, 2012-10-01 17:00:00, 0.0, None 
 46.96, -122.76, 20.0, 2012-10-01 17:02:30, 0.0, None 
 47.0, -122.68, 20.0, 2012-10-01 17:05:00, 0.0, None 
 46.89, -122.81, 43.0, 2012-10-01 17:22:30, 0.0, None 
 47.3, -122.63, 20.0, 2012-10-01 18:22:30, 0.0, None 
 47.24, -122.9, 29.0, 2012-10-01 18:25:00, 0.0, None 
 47.78, -123.4, 60.0, 2012-10-01 18:27:30, 0.0, None 
 46.98, -122.82, 60.0, 2012-10-01 18:35:00, 0.0, None 
 47.25, -122.47, 60.0, 2012-10-01 18:57:30, 0.0, None 
 47.31, -122.82, 22.0, 2012-10-01 19:00:00, 0.0, None 
 47.1, -122.58, 24.0, 2012-10-01 19:07:30, 0.0, None 
 46.88, -122.59, 32.0, 2012-10-01 20:22:30, 0.0, None 
 47.12, -123.27, 60.0, 2012-10-01 20:42:30, 0.0, None 
 46.985, -122.735, 60.0, 2012-10-01 21:52:30, 0.0, None 
 47.08, -123.0, 60.0, 2012-10-01 21:57:30, 0.0, None 
 47.03, -122.44, 20.0, 2012-10-01 22:57:30, 0.0, None 
 47.12, -122.56, 20.0, 2012-10-01 23:17:30, 0.0, None 
 47.07, -123.01, 27.0, 2012-10-01 23:25:00, 0.0, None 
 46.91, -122.63, 20.0, 2012-10-01 23:50:00, 0.0, None 
 47.42, -123.095, 32.0, 2012-10-02 00:27:30, 0.0, None 
 47.373000000000005, -122.977, 43.0, 2012-10-02 00:30:00, 0.0, None 
 47.31, -122.89, 23.0, 2012-10-02 00:32:30, 0.0, None 
 47.38, -122.99, 20.0, 2012-10-02 00:37:30, 0.0, None 
 47.34, -122.95, 20.0, 2012-10-02 00:40:00, 0.0, None 
 47.358000000000004, -123.0, 20.0, 2012-10-02 00:55:00, 0.0, None 
 47.38, -123.12, 30.0, 2012-10-02 00:57:30, 0.0, None 
 47.41, -122.93799999999999, 22.8, 2012-10-02 01:00:00, 0.0, None 
 47.41, -122.898, 20.0, 2012-10-02 01:02:30, 0.0, None 
 47.41, -122.87, 31.0, 2012-10-02 01:05:00, 0.0, None 
 47.38, -122.99, 20.0, 2012-10-02 01:07:30, 0.0, None 
 47.44, -122.87, 24.0, 2012-10-02 01:12:30, 0.0, None 
 47.32, -122.88, 37.5, 2012-10-02 01:32:30, 0.0, None 
 47.21, -122.912, 33.8, 2012-10-02 01:37:30, 0.0, None 
 47.391999999999996, -122.81200000000001, 23.8, 2012-10-02 02:02:30, 0.0, None 
 47.395, -122.77799999999999, 33.2, 2012-10-02 02:05:00, 0.0, None 
 47.3, -122.895, 48.0, 2012-10-02 02:07:30, 0.0, None 
 47.34, -122.84299999999999, 22.8, 2012-10-02 02:10:00, 0.0, None 
 47.3, -122.91, 51.0, 2012-10-02 02:12:30, 0.0, None 
 47.38, -122.865, 20.0, 2012-10-02 02:20:00, 0.0, None 
 47.39, -122.99, 20.0, 2012-10-02 02:22:30, 0.0, None 
 47.38, -123.01, 20.0, 2012-10-02 02:25:00, 0.0, None 
 47.39, -122.89, 20.0, 2012-10-02 02:32:30, 0.0, None 
 47.35, -122.91, 20.0, 2012-10-02 02:35:00, 0.0, None 
 47.49, -122.88, 20.0, 2012-10-02 02:40:00, 0.0, None 
 47.37, -122.8, 27.0, 2012-10-02 02:42:30, 0.0, None 
 47.13, -123.0, 35.5, 2012-10-02 03:22:30, 0.0, None 
 47.3, -123.03, 20.0, 2012-10-02 04:05:00, 0.0, None 
 47.1, -122.83, 50.0, 2012-10-02 04:32:30, 0.0, None 
 47.3, -122.9, 20.0, 2012-10-02 06:25:00, 0.0, None 
 47.295, -122.89, 20.0, 2012-10-02 06:27:30, 0.0, None 
 47.31, -122.99, 20.0, 2012-10-02 06:32:30, 0.0, None 
 47.2, -122.79, 55.0, 2012-10-02 07:07:30, 0.0, None 
 47.39, -123.09, 26.0, 2012-10-02 07:12:30, 0.0, None 
 47.4, -123.12, 27.0, 2012-10-02 07:15:00, 0.0, None 
 47.32, -122.99, 47.0, 2012-10-02 08:00:00, 0.0, None 
 47.3, -123.08, 60.0, 2012-10-02 08:57:30, 0.0, None 
 47.285, -122.98, 23.2, 2012-10-02 09:00:00, 0.0, None 
 47.37, -123.09, 25.0, 2012-10-02 09:02:30, 0.0, None 
 47.33, -122.9, 20.0, 2012-10-02 09:12:30, 0.0, None 
 47.32, -123.11, 53.0, 2012-10-02 09:15:00, 0.0, None 
 47.365, -122.785, 31.5, 2012-10-02 09:17:30, 0.0, None 
 47.345, -122.882, 25.0, 2012-10-02 09:20:00, 0.0, None 
 47.32, -122.86, 20.0, 2012-10-02 09:22:30, 0.0, None 
 47.33, -122.91, 20.0, 2012-10-02 09:25:00, 0.0, None 
 47.315, -122.99799999999999, 20.0, 2012-10-02 09:27:30, 0.0, None 
 47.36, -122.905, 20.0, 2012-10-02 09:30:00, 0.0, None 
 47.295, -123.06, 20.0, 2012-10-02 09:32:30, 0.0, None 
 47.24, -122.9, 20.0, 2012-10-02 10:42:30, 0.0, None 
 47.18, -122.83, 22.0, 2012-10-02 10:50:00, 0.0, None 
 47.25, -122.84, 25.0, 2012-10-02 10:55:00, 0.0, None 
 47.23, -122.75, 60.0, 2012-10-02 10:57:30, 0.0, None 
 47.255, -122.755, 20.0, 2012-10-02 11:00:00, 0.0, None 
 47.13, -122.78, 42.0, 2012-10-02 11:05:00, 0.0, None 
 46.84, -122.9, 60.0, 2012-10-02 11:10:00, 0.0, None 
 47.17, -122.81, 20.0, 2012-10-02 11:12:30, 0.0, None 
 47.35, -122.8, 40.0, 2012-10-02 11:27:30, 0.0, None 
 47.28, -122.92, 40.0, 2012-10-02 11:30:00, 0.0, None 
 47.325, -123.02, 32.0, 2012-10-02 12:30:00, 0.0, None 
 47.285, -123.05, 44.0, 2012-10-02 12:32:30, 0.0, None 
 46.82, -122.91, 20.0, 2012-10-02 12:40:00, 0.0, None 
 47.2, -122.9, 20.0, 2012-10-02 12:42:30, 0.0, None 
 47.343, -123.037, 35.8, 2012-10-02 12:57:30, 0.0, None 
 47.315, -123.04, 20.0, 2012-10-02 13:00:00, 0.0, None 
 47.27, -122.97, 20.0, 2012-10-02 13:20:00, 0.0, None 
 47.285, -122.92, 20.0, 2012-10-02 13:22:30, 0.0, None 
 47.365, -122.977, 32.0, 2012-10-02 13:42:30, 0.0, None 
 47.33, -122.91, 20.0, 2012-10-02 13:45:00, 0.0, None 
 47.23, -123.02, 60.0, 2012-10-02 18:27:30, 0.0, None 
 47.42, -122.975, 28.0, 2012-10-02 23:12:30, 0.0, None 
 47.2, -123.22, 60.0, 2012-10-02 23:25:00, 0.0, None 
 47.49, -123.24, 60.0, 2012-10-03 00:57:30, 0.0, None 
 46.695, -123.52, 60.0, 2012-10-03 01:02:30, 0.0, None 
 46.695, -123.505, 60.0, 2012-10-03 01:05:00, 0.0, None 
 47.575, -123.2, 33.0, 2012-10-03 01:15:00, 0.0, None 
 47.31, -122.93, 60.0, 2012-10-03 01:27:30, 0.0, None 
 47.19, -122.9, 54.0, 2012-10-03 01:40:00, 0.0, None 
 47.5, -123.2, 20.0, 2012-10-03 02:30:00, 0.0, None 
 47.515, -123.17, 20.0, 2012-10-03 02:32:30, 0.0, None 
 47.51, -123.21, 60.0, 2012-10-03 02:50:00, 0.0, None 
 47.45, -123.245, 60.0, 2012-10-03 03:05:00, 0.0, None 
 47.405, -123.285, 59.0, 2012-10-03 03:07:30, 0.0, None 
 47.09, -123.0, 40.0, 2012-10-03 03:12:30, 0.0, None 
 47.55, -123.41, 49.5, 2012-10-03 03:22:30, 0.0, None 
 47.19, -122.92, 60.0, 2012-10-03 03:27:30, 0.0, None 
 47.17, -122.865, 60.0, 2012-10-03 03:30:00, 0.0, None 
 47.44, -123.28, 60.0, 2012-10-03 03:57:30, 0.0, None 
 47.3, -123.23, 20.0, 2012-10-03 04:02:30, 0.0, None 
 47.0, -123.03, 40.0, 2012-10-03 04:27:30, 0.0, None 
 47.26, -122.81, 27.0, 2012-10-03 05:22:30, 0.0, None 
 47.6, -123.37, 34.0, 2012-10-03 06:02:30, 0.0, None 
 46.735, -123.495, 60.0, 2012-10-03 07:42:30, 0.0, None 
 46.72, -123.5, 60.0, 2012-10-03 07:45:00, 0.0, None 
 47.13, -122.945, 32.5, 2012-10-03 08:42:30, 0.0, None 
 47.13, -122.91, 20.0, 2012-10-03 08:45:00, 0.0, None 
 47.16, -122.98, 42.0, 2012-10-03 09:02:30, 0.0, None 
 47.31, -122.87, 20.0, 2012-10-03 11:17:30, 0.0, None 
 47.31, -122.875, 20.0, 2012-10-03 11:20:00, 0.0, None 
 47.29, -122.87, 22.0, 2012-10-03 11:22:30, 0.0, None 
 47.305, -122.88, 20.0, 2012-10-03 11:25:00, 0.0, None 
 47.27, -122.85, 20.0, 2012-10-03 11:27:30, 0.0, None 
 47.2, -122.9, 20.0, 2012-10-03 11:50:00, 0.0, None 
 47.29, -122.79, 20.0, 2012-10-03 11:52:30, 0.0, None 
 47.308, -122.87299999999999, 38.2, 2012-10-03 12:20:00, 0.0, None 
 47.175, -122.89, 35.0, 2012-10-03 12:25:00, 0.0, None 
 47.3, -122.76, 40.0, 2012-10-03 17:45:00, 0.0, None 
 47.305, -122.72, 20.0, 2012-10-03 17:47:30, 0.0, None 
 46.7, -123.46, 44.0, 2012-10-03 18:15:00, 0.0, None 
 47.19, -122.89, 45.0, 2012-10-03 21:17:30, 0.0, None 
 47.27, -122.93, 40.0, 2012-10-03 21:30:00, 0.0, None 
 47.06, -123.08, 20.0, 2012-10-04 00:02:30, 0.0, None 
 47.09, -122.97, 31.0, 2012-10-04 00:05:00, 0.0, None 
 46.88, -122.84, 20.0, 2012-10-04 01:17:30, 0.0, None 
 47.275, -122.885, 31.2, 2012-10-04 01:25:00, 0.0, None 
 47.13, -122.825, 23.5, 2012-10-04 01:45:00, 0.0, None 
 47.148, -122.93799999999999, 44.0, 2012-10-04 01:50:00, 0.0, None 
 47.073, -123.02, 33.5, 2012-10-04 01:52:30, 0.0, None 
 47.31, -123.03, 60.0, 2012-10-04 02:22:30, 0.0, None 
 47.23, -123.1, 20.0, 2012-10-04 02:27:30, 0.0, None 
 47.35, -123.04, 20.0, 2012-10-04 02:30:00, 0.0, None 
 47.41, -122.97, 60.0, 2012-10-04 02:35:00, 0.0, None 
 47.2, -122.89, 32.0, 2012-10-04 03:37:30, 0.0, None 
 47.37, -123.02, 20.0, 2012-10-04 04:02:30, 0.0, None 
 47.065, -122.91, 20.0, 2012-10-04 04:05:00, 0.0, None 
 47.13, -122.975, 42.0, 2012-10-04 04:47:30, 0.0, None 
 47.3, -122.7, 41.0, 2012-10-04 04:50:00, 0.0, None 
 47.297, -122.71, 60.0, 2012-10-04 04:52:30, 0.0, None 
 47.4, -122.97, 20.0, 2012-10-04 05:25:00, 0.0, None 
 46.9, -123.0, 50.0, 2012-10-04 05:55:00, 0.0, None 
 47.39, -122.8, 60.0, 2012-10-04 06:32:30, 0.0, None 
 47.26, -122.705, 52.5, 2012-10-04 06:35:00, 0.0, None 
 47.225, -122.72, 40.0, 2012-10-04 06:37:30, 0.0, None 
 47.19, -122.97, 43.0, 2012-10-04 06:40:00, 0.0, None 
 46.59, -123.71, 20.0, 2012-10-04 06:40:00, 0.0, None 
 47.11, -122.76, 20.0, 2012-10-04 07:07:30, 0.0, None 
 47.2, -123.09, 39.0, 2012-10-04 07:20:00, 0.0, None 
 46.94, -122.77, 60.0, 2012-10-04 07:25:00, 0.0, None 
 47.045, -122.96, 60.0, 2012-10-04 07:57:30, 0.0, None 
 47.045, -122.985, 34.0, 2012-10-04 08:20:00, 0.0, None 
 47.11, -122.77, 51.0, 2012-10-04 08:22:30, 0.0, None 
 47.03, -122.93, 30.0, 2012-10-04 08:25:00, 0.0, None 
 47.21, -122.86, 55.0, 2012-10-04 08:50:00, 0.0, None 
 47.38, -123.02, 60.0, 2012-10-04 09:15:00, 0.0, None 
 47.18, -122.87, 21.0, 2012-10-04 09:25:00, 0.0, None 
 47.23, -123.1, 60.0, 2012-10-04 09:30:00, 0.0, None 
 47.2, -122.94, 20.0, 2012-10-04 09:35:00, 0.0, None 
 47.19, -123.12, 38.0, 2012-10-04 09:40:00, 0.0, None 
 47.09, -123.09, 37.0, 2012-10-04 09:42:30, 0.0, None 
 47.13, -122.97200000000001, 34.0, 2012-10-04 09:45:00, 0.0, None 
 47.115, -122.985, 29.5, 2012-10-04 09:47:30, 0.0, None 
 46.98, -122.89, 53.5, 2012-10-04 09:50:00, 0.0, None 
 47.1, -123.065, 31.0, 2012-10-04 09:52:30, 0.0, None 
 47.0, -122.82, 60.0, 2012-10-04 09:57:30, 0.0, None 
 47.18, -122.9, 20.0, 2012-10-04 10:10:00, 0.0, None 
 47.19, -122.86, 20.0, 2012-10-04 10:12:30, 0.0, None 
 47.2, -122.84, 20.0, 2012-10-04 10:15:00, 0.0, None 
 47.01, -122.73, 44.0, 2012-10-04 11:05:00, 0.0, None 
 47.21, -122.95, 28.5, 2012-10-04 11:20:00, 0.0, None 
 47.18, -122.94, 33.0, 2012-10-04 11:22:30, 0.0, None 
 47.07, -123.11, 20.0, 2012-10-04 11:25:00, 0.0, None 
 47.1, -122.96, 20.0, 2012-10-04 12:07:30, 0.0, None 
 47.33, -122.66, 20.0, 2012-10-04 12:15:00, 0.0, None 
 47.24, -122.895, 20.0, 2012-10-04 12:27:30, 0.0, None 
 47.21, -122.8, 20.0, 2012-10-04 12:32:30, 0.0, None 
 47.3, -122.855, 20.0, 2012-10-04 12:42:30, 0.0, None 
 47.32, -123.0, 20.0, 2012-10-04 12:47:30, 0.0, None 
 47.1, -123.03, 20.0, 2012-10-04 13:10:00, 0.0, None 
 46.92, -122.78, 42.0, 2012-10-04 13:20:00, 0.0, None 
 47.27, -123.01, 20.0, 2012-10-04 13:22:30, 0.0, None 
 47.13, -122.81, 20.0, 2012-10-04 13:50:00, 0.0, None 
 47.1, -122.77, 20.0, 2012-10-04 13:52:30, 0.0, None 
 47.18, -123.08, 60.0, 2012-10-04 14:57:30, 0.0, None 
 47.02, -122.82, 46.0, 2012-10-04 16:00:00, 0.0, None 
 47.09, -122.94, 20.0, 2012-10-04 16:02:30, 0.0, None 
 47.19, -123.1, 36.0, 2012-10-04 16:37:30, 0.0, None 
 47.06, -122.81, 60.0, 2012-10-04 17:02:30, 0.0, None 
 47.26, -122.89, 20.0, 2012-10-04 17:15:00, 0.0, None 
 47.205, -122.89, 21.0, 2012-10-04 17:17:30, 0.0, None 
 47.21, -122.87, 23.5, 2012-10-04 17:20:00, 0.0, None 
 47.2, -122.93, 20.0, 2012-10-04 17:22:30, 0.0, None 
 47.19, -122.92, 20.0, 2012-10-04 17:25:00, 0.0, None 
 47.29, -122.83, 20.0, 2012-10-04 17:32:30, 0.0, None 
 47.295, -122.85, 20.0, 2012-10-04 17:35:00, 0.0, None 
 47.05, -122.8, 31.0, 2012-10-04 17:57:30, 0.0, None 
 47.42, -122.89, 24.0, 2012-10-04 18:57:30, 0.0, None 
 47.32, -122.9, 20.0, 2012-10-04 19:20:00, 0.0, None 
 47.38, -122.815, 23.0, 2012-10-04 19:22:30, 0.0, None 
 47.38, -122.935, 26.0, 2012-10-04 19:27:30, 0.0, None 
 47.405, -122.86, 20.2, 2012-10-04 19:30:00, 0.0, None 
 47.395, -122.71, 20.0, 2012-10-04 19:37:30, 0.0, None 
 47.375, -122.655, 60.0, 2012-10-04 19:40:00, 0.0, None 
 47.3, -122.97, 20.0, 2012-10-04 19:45:00, 0.0, None 
 47.11, -122.87, 47.0, 2012-10-04 19:47:30, 0.0, None 
 47.4, -122.92, 45.0, 2012-10-04 20:02:30, 0.0, None 
 47.31, -122.78, 20.0, 2012-10-04 20:05:00, 0.0, None 
 47.345, -122.93799999999999, 30.0, 2012-10-04 20:10:00, 0.0, None 
 47.35, -122.89, 27.2, 2012-10-04 20:12:30, 0.0, None 
 47.38, -122.92, 28.0, 2012-10-04 20:15:00, 0.0, None 
 47.4, -122.82, 20.0, 2012-10-04 20:17:30, 0.0, None 
 47.49, -122.89, 20.0, 2012-10-04 20:25:00, 0.0, None 
 47.26, -122.93, 20.0, 2012-10-04 20:32:30, 0.0, None 
 47.35, -122.78, 20.0, 2012-10-04 21:12:30, 0.0, None 
 47.248000000000005, -122.8, 40.2, 2012-10-04 21:15:00, 0.0, None 
 47.355, -122.69200000000001, 20.0, 2012-10-04 21:17:30, 0.0, None 
 47.34, -122.71799999999999, 25.5, 2012-10-04 21:20:00, 0.0, None 
 47.39, -122.74, 38.0, 2012-10-04 21:30:00, 0.0, None 
 47.45, -122.88, 20.0, 2012-10-04 21:40:00, 0.0, None 
 47.385, -122.715, 25.8, 2012-10-04 22:22:30, 0.0, None 
 47.398, -122.88799999999999, 34.8, 2012-10-04 22:25:00, 0.0, None 
 47.28, -122.72, 20.0, 2012-10-04 22:32:30, 0.0, None 
 47.35, -122.89, 20.0, 2012-10-04 22:35:00, 0.0, None 
 47.251999999999995, -122.85799999999999, 28.2, 2012-10-04 22:52:30, 0.0, None 
 47.26, -122.82, 20.0, 2012-10-04 22:55:00, 0.0, None 
 47.39, -122.96, 60.0, 2012-10-04 22:57:30, 0.0, None 
 47.3, -122.76299999999999, 20.5, 2012-10-04 23:10:00, 0.0, None 
 47.24, -123.095, 60.0, 2012-10-04 23:12:30, 0.0, None 
 47.305, -123.025, 60.0, 2012-10-04 23:40:00, 0.0, None 
 47.12, -123.08, 56.0, 2012-10-05 00:10:00, 0.0, None 
 47.085, -123.00200000000001, 20.0, 2012-10-05 01:05:00, 0.0, None 
 47.075, -122.92, 28.0, 2012-10-05 01:07:30, 0.0, None 
 47.1, -122.98, 30.0, 2012-10-05 01:12:30, 0.0, None 
 47.29, -122.88, 39.0, 2012-10-05 01:27:30, 0.0, None 
 47.41, -122.8, 20.0, 2012-10-05 01:35:00, 0.0, None 
 47.32, -122.89, 40.0, 2012-10-05 02:02:30, 0.0, None 
 47.31, -123.12, 23.5, 2012-10-05 02:07:30, 0.0, None 
 47.37, -123.02799999999999, 20.0, 2012-10-05 02:10:00, 0.0, None 
 47.41, -123.13, 29.0, 2012-10-05 02:12:30, 0.0, None 
 47.33, -122.895, 40.0, 2012-10-05 02:25:00, 0.0, None 
 47.405, -122.875, 38.0, 2012-10-05 02:35:00, 0.0, None 
 47.39, -122.905, 20.0, 2012-10-05 02:37:30, 0.0, None 
 47.345, -122.94200000000001, 20.0, 2012-10-05 02:40:00, 0.0, None 
 47.35, -123.085, 28.5, 2012-10-05 02:42:30, 0.0, None 
 47.36, -122.905, 20.0, 2012-10-05 02:45:00, 0.0, None 
 47.405, -122.83, 20.0, 2012-10-05 02:47:30, 0.0, None 
 47.26, -123.12, 20.0, 2012-10-05 02:55:00, 0.0, None 
 47.41, -123.27, 41.0, 2012-10-05 02:57:30, 0.0, None 
 47.39, -123.075, 21.0, 2012-10-05 03:02:30, 0.0, None 
 47.31, -122.94, 20.0, 2012-10-05 03:05:00, 0.0, None 
 47.315, -122.89, 20.0, 2012-10-05 03:07:30, 0.0, None 
 47.3, -123.23, 20.0, 2012-10-05 03:15:00, 0.0, None 
 47.39, -123.11, 23.0, 2012-10-05 03:20:00, 0.0, None 
 47.38, -123.1, 29.0, 2012-10-05 03:22:30, 0.0, None 
 47.41, -123.065, 26.8, 2012-10-05 03:25:00, 0.0, None 
 47.39, -123.03, 20.0, 2012-10-05 03:32:30, 0.0, None 
 47.37, -122.99, 20.0, 2012-10-05 03:35:00, 0.0, None 
 47.23, -122.89, 20.0, 2012-10-05 03:40:00, 0.0, None 
 47.36, -123.18, 20.0, 2012-10-05 03:45:00, 0.0, None 
 47.51, -123.2, 20.0, 2012-10-05 04:05:00, 0.0, None 
 47.2, -123.0, 42.0, 2012-10-05 04:10:00, 0.0, None 
 47.22, -123.03, 34.0, 2012-10-05 04:12:30, 0.0, None 
 47.2, -122.99, 26.0, 2012-10-05 04:25:00, 0.0, None 
 47.287, -122.84, 23.8, 2012-10-05 04:35:00, 0.0, None 
 47.29, -122.845, 41.0, 2012-10-05 04:37:30, 0.0, None 
 47.22, -122.9, 22.0, 2012-10-05 04:40:00, 0.0, None 
 47.233000000000004, -122.87, 26.8, 2012-10-05 04:42:30, 0.0, None 
 47.332, -122.855, 40.0, 2012-10-05 04:45:00, 0.0, None 
 47.29, -123.02, 20.0, 2012-10-05 04:47:30, 0.0, None 
 47.251999999999995, -122.99, 28.8, 2012-10-05 04:55:00, 0.0, None 
 47.26, -122.935, 21.0, 2012-10-05 05:02:30, 0.0, None 
 47.225, -122.87, 31.5, 2012-10-05 05:07:30, 0.0, None 
 47.275, -123.02, 24.0, 2012-10-05 05:10:00, 0.0, None 
 47.37, -123.11, 27.0, 2012-10-05 05:17:30, 0.0, None 
 47.37, -123.18, 20.0, 2012-10-05 05:20:00, 0.0, None 
 47.29, -123.0, 31.5, 2012-10-05 05:27:30, 0.0, None 
 47.361999999999995, -123.06700000000001, 34.0, 2012-10-05 05:30:00, 0.0, None 
 47.282, -122.975, 20.0, 2012-10-05 05:35:00, 0.0, None 
 47.285, -122.977, 23.5, 2012-10-05 05:37:30, 0.0, None 
 47.287, -122.92, 21.2, 2012-10-05 05:40:00, 0.0, None 
 47.25, -122.95299999999999, 20.0, 2012-10-05 05:42:30, 0.0, None 
 47.28, -122.94, 20.0, 2012-10-05 05:45:00, 0.0, None 
 47.28, -122.915, 20.0, 2012-10-05 05:47:30, 0.0, None 
 47.24, -122.89, 28.5, 2012-10-05 05:50:00, 0.0, None 
 47.3, -123.17, 20.0, 2012-10-05 05:57:30, 0.0, None 
 47.145, -122.95, 60.0, 2012-10-05 06:02:30, 0.0, None 
 47.215, -123.055, 38.0, 2012-10-05 06:05:00, 0.0, None 
 47.168, -123.025, 20.0, 2012-10-05 06:10:00, 0.0, None 
 47.13, -123.065, 22.5, 2012-10-05 06:12:30, 0.0, None 
 47.19, -122.83, 40.5, 2012-10-05 06:15:00, 0.0, None 
 47.11, -122.81, 33.0, 2012-10-05 06:20:00, 0.0, None 
 47.29, -123.1, 20.0, 2012-10-05 06:22:30, 0.0, None 
 47.285, -123.035, 20.0, 2012-10-05 06:25:00, 0.0, None 
 47.245, -122.91, 34.0, 2012-10-05 06:27:30, 0.0, None 
 47.25, -122.895, 34.5, 2012-10-05 06:30:00, 0.0, None 
 47.295, -122.73, 20.0, 2012-10-05 06:32:30, 0.0, None 
 47.293, -122.90299999999999, 30.5, 2012-10-05 06:35:00, 0.0, None 
 47.288000000000004, -122.905, 29.0, 2012-10-05 06:37:30, 0.0, None 
 47.2, -123.03, 24.0, 2012-10-05 06:40:00, 0.0, None 
 47.35, -122.93, 40.0, 2012-10-05 06:45:00, 0.0, None 
 47.13, -122.95, 24.5, 2012-10-05 06:47:30, 0.0, None 
 47.33, -122.71, 60.0, 2012-10-05 06:47:30, 0.0, None 
 47.11, -123.02, 36.5, 2012-10-05 06:50:00, 0.0, None 
 47.11, -122.995, 45.0, 2012-10-05 06:52:30, 0.0, None 
 47.15, -123.075, 24.0, 2012-10-05 06:55:00, 0.0, None 
 47.115, -123.04, 60.0, 2012-10-05 06:57:30, 0.0, None 
 47.13, -123.08, 25.5, 2012-10-05 07:00:00, 0.0, None 
 47.26, -123.05, 20.0, 2012-10-05 07:02:30, 0.0, None 
 47.295, -122.93, 34.5, 2012-10-05 07:05:00, 0.0, None 
 47.345, -123.065, 30.8, 2012-10-05 07:10:00, 0.0, None 
 47.315, -123.02, 33.2, 2012-10-05 07:12:30, 0.0, None 
 47.345, -122.935, 36.5, 2012-10-05 07:15:00, 0.0, None 
 47.25, -122.9, 60.0, 2012-10-05 07:20:00, 0.0, None 
 47.345, -122.87, 26.2, 2012-10-05 07:37:30, 0.0, None 
 47.275, -123.08, 29.0, 2012-10-05 07:40:00, 0.0, None 
 47.2, -123.01, 20.0, 2012-10-05 07:45:00, 0.0, None 
 47.21, -122.977, 20.0, 2012-10-05 08:00:00, 0.0, None 
 47.48, -123.13, 39.0, 2012-10-05 08:12:30, 0.0, None 
 47.32, -123.055, 30.0, 2012-10-05 08:15:00, 0.0, None 
 47.305, -123.025, 24.8, 2012-10-05 08:17:30, 0.0, None 
 47.325, -122.947, 34.8, 2012-10-05 08:20:00, 0.0, None 
 47.3, -122.89, 26.0, 2012-10-05 08:22:30, 0.0, None 
 47.29, -122.99, 38.5, 2012-10-05 08:25:00, 0.0, None 
 47.3, -122.91, 20.0, 2012-10-05 08:27:30, 0.0, None 
 47.245, -122.91, 32.0, 2012-10-05 08:30:00, 0.0, None 
 47.25, -122.89, 28.5, 2012-10-05 08:32:30, 0.0, None 
 47.305, -122.868, 40.0, 2012-10-05 08:35:00, 0.0, None 
 47.295, -123.035, 40.0, 2012-10-05 08:37:30, 0.0, None 
 47.3, -123.05799999999999, 30.2, 2012-10-05 08:40:00, 0.0, None 
 47.258, -122.885, 25.8, 2012-10-05 08:42:30, 0.0, None 
 47.282, -122.86200000000001, 20.0, 2012-10-05 08:45:00, 0.0, None 
 47.265, -122.83, 49.0, 2012-10-05 08:50:00, 0.0, None 
 47.235, -122.912, 20.0, 2012-10-05 08:55:00, 0.0, None 
 47.25, -122.887, 43.5, 2012-10-05 08:57:30, 0.0, None 
 47.235, -122.875, 20.0, 2012-10-05 09:00:00, 0.0, None 
 47.26, -122.82, 60.0, 2012-10-05 09:02:30, 0.0, None 
 47.265, -122.895, 43.0, 2012-10-05 09:05:00, 0.0, None 
 47.303000000000004, -122.71, 49.5, 2012-10-05 09:07:30, 0.0, None 
 47.263000000000005, -122.743, 44.0, 2012-10-05 09:15:00, 0.0, None 
 47.285, -122.75200000000001, 28.8, 2012-10-05 09:17:30, 0.0, None 
 47.23, -122.62, 40.0, 2012-10-05 09:25:00, 0.0, None 
 47.345, -122.97, 41.0, 2012-10-05 09:35:00, 0.0, None 
 47.2, -123.0, 30.0, 2012-10-05 09:37:30, 0.0, None 
 47.19, -122.92, 26.0, 2012-10-05 09:40:00, 0.0, None 
 47.26, -122.93299999999999, 30.0, 2012-10-05 09:42:30, 0.0, None 
 47.3, -122.57, 20.0, 2012-10-05 09:47:30, 0.0, None 
 47.17, -122.72, 37.0, 2012-10-05 10:00:00, 0.0, None 
 47.09, -122.88, 40.0, 2012-10-05 10:02:30, 0.0, None 
 47.28, -122.57, 49.0, 2012-10-05 10:02:30, 0.0, None 
 47.165, -122.69, 40.0, 2012-10-05 10:05:00, 0.0, None 
 47.13, -122.69, 20.0, 2012-10-05 10:10:00, 0.0, None 
 47.22, -122.635, 30.8, 2012-10-05 10:12:30, 0.0, None 
 47.266999999999996, -122.73200000000001, 27.8, 2012-10-05 10:15:00, 0.0, None 
 47.35, -122.39, 46.0, 2012-10-05 10:22:30, 0.0, None 
 47.0, -123.0, 22.0, 2012-10-05 10:27:30, 0.0, None 
 47.01, -123.01, 50.0, 2012-10-05 10:30:00, 0.0, None 
 47.4, -122.42, 60.0, 2012-10-05 10:37:30, 0.0, None 
 47.2, -122.71, 60.0, 2012-10-05 10:40:00, 0.0, None 
 47.22, -122.97, 37.0, 2012-10-05 11:10:00, 0.0, None 
 47.23, -123.06, 35.5, 2012-10-05 11:12:30, 0.0, None 
 47.23, -123.02, 39.0, 2012-10-05 11:15:00, 0.0, None 
 47.335, -123.19, 60.0, 2012-10-05 11:17:30, 0.0, None 
 47.19, -123.07799999999999, 51.2, 2012-10-05 11:20:00, 0.0, None 
 47.28, -123.12, 43.5, 2012-10-05 11:22:30, 0.0, None 
 47.29, -122.62, 60.0, 2012-10-05 11:22:30, 0.0, None 
 47.3, -122.93, 20.0, 2012-10-05 11:27:30, 0.0, None 
 47.376999999999995, -122.855, 31.0, 2012-10-05 11:30:00, 0.0, None 
 47.305, -122.91, 20.0, 2012-10-05 11:32:30, 0.0, None 
 47.13, -122.91, 20.0, 2012-10-05 11:35:00, 0.0, None 
 47.33, -122.88, 20.0, 2012-10-05 11:37:30, 0.0, None 
 47.21, -122.785, 60.0, 2012-10-05 11:40:00, 0.0, None 
 47.235, -122.645, 44.5, 2012-10-05 11:47:30, 0.0, None 
 47.145, -122.97, 20.0, 2012-10-05 11:52:30, 0.0, None 
 47.13, -123.0, 60.0, 2012-10-05 11:57:30, 0.0, None 
 47.2, -122.73, 39.0, 2012-10-05 12:02:30, 0.0, None 
 47.035, -122.88, 43.0, 2012-10-05 12:15:00, 0.0, None 
 47.31, -122.955, 27.0, 2012-10-05 15:05:00, 0.0, None 
 47.305, -122.865, 20.0, 2012-10-05 15:07:30, 0.0, None 
 47.5, -122.83, 60.0, 2012-10-05 15:20:00, 0.0, None 
 47.4, -122.945, 47.0, 2012-10-05 15:22:30, 0.0, None 
 47.302, -123.02, 52.8, 2012-10-05 15:40:00, 0.0, None 
 47.25, -123.09, 20.0, 2012-10-05 15:42:30, 0.0, None 
 47.1, -123.1, 20.0, 2012-10-05 15:45:00, 0.0, None 
 47.28, -122.92, 20.0, 2012-10-05 15:50:00, 0.0, None 
 47.285, -122.965, 32.0, 2012-10-05 15:52:30, 0.0, None 
 47.34, -122.79, 50.0, 2012-10-05 16:22:30, 0.0, None 
 47.195, -122.75, 60.0, 2012-10-05 16:25:00, 0.0, None 
 47.23, -122.91, 56.0, 2012-10-05 17:55:00, 0.0, None 
 47.17, -122.9, 45.0, 2012-10-05 18:52:30, 0.0, None 
 47.17, -123.0, 60.0, 2012-10-05 19:57:30, 0.0, None 
 47.27, -122.88, 20.0, 2012-10-05 21:15:00, 0.0, None 
 47.3, -122.93, 20.0, 2012-10-06 00:52:30, 0.0, None 
 47.29, -123.1, 20.0, 2012-10-06 00:55:00, 0.0, None 
 47.29, -123.1, 20.0, 2012-10-06 01:25:00, 0.0, None 
 47.295, -123.007, 28.0, 2012-10-06 01:27:30, 0.0, None 
 47.285, -123.13, 20.0, 2012-10-06 01:30:00, 0.0, None 
 47.285, -123.07, 28.5, 2012-10-06 01:32:30, 0.0, None 
 47.3, -123.06, 20.0, 2012-10-06 01:35:00, 0.0, None 
 47.302, -122.97, 26.0, 2012-10-06 01:40:00, 0.0, None 
 47.24, -122.89, 27.5, 2012-10-06 01:42:30, 0.0, None 
 47.28, -122.97, 20.0, 2012-10-06 01:45:00, 0.0, None 
 47.28, -123.06700000000001, 20.0, 2012-10-06 01:47:30, 0.0, None 
 47.27, -123.09, 20.0, 2012-10-06 01:50:00, 0.0, None 
 47.258, -123.06, 33.2, 2012-10-06 01:52:30, 0.0, None 
 47.28, -123.0, 22.2, 2012-10-06 01:55:00, 0.0, None 
 47.29, -122.985, 40.0, 2012-10-06 01:57:30, 0.0, None 
 47.265, -122.92, 20.0, 2012-10-06 02:00:00, 0.0, None 
 47.28, -122.87, 25.0, 2012-10-06 02:05:00, 0.0, None 
 47.27, -123.065, 31.0, 2012-10-06 02:07:30, 0.0, None 
 47.27, -122.91, 20.0, 2012-10-06 02:17:30, 0.0, None 
 47.29, -122.865, 20.0, 2012-10-06 02:20:00, 0.0, None 
 47.248000000000005, -122.925, 25.0, 2012-10-06 02:22:30, 0.0, None 
 47.38, -123.19, 60.0, 2012-10-06 03:12:30, 0.0, None 
 46.87, -122.91, 23.0, 2012-10-06 05:40:00, 0.0, None 
 46.885, -122.86, 20.0, 2012-10-06 05:42:30, 0.0, None 
 46.97, -122.49, 20.0, 2012-10-06 06:30:00, 0.0, None 
 46.9, -122.93, 20.0, 2012-10-06 06:37:30, 0.0, None 
 46.8, -122.85, 36.0, 2012-10-06 06:40:00, 0.0, None 
 46.93, -122.91, 28.0, 2012-10-06 06:42:30, 0.0, None 
 46.91, -122.86, 60.0, 2012-10-06 06:45:00, 0.0, None 
 46.67, -122.78, 60.0, 2012-10-06 06:47:30, 0.0, None 
 46.8, -122.88, 52.0, 2012-10-06 07:02:30, 0.0, None 
 46.905, -122.698, 37.0, 2012-10-06 07:05:00, 0.0, None 
 46.795, -122.87, 60.0, 2012-10-06 07:07:30, 0.0, None 
 46.76, -122.62, 49.0, 2012-10-06 07:27:30, 0.0, None 
 46.68, -122.83, 54.0, 2012-10-06 07:50:00, 0.0, None 
 46.7, -122.74, 40.0, 2012-10-06 08:37:30, 0.0, None 
 46.93, -122.5, 53.0, 2012-10-06 08:42:30, 0.0, None 
 46.89, -122.61, 20.0, 2012-10-06 08:45:00, 0.0, None 
 46.875, -122.8, 44.0, 2012-10-06 08:47:30, 0.0, None 
 47.01, -122.86, 60.0, 2012-10-06 08:57:30, 0.0, None 
 46.9, -122.73, 55.0, 2012-10-06 09:10:00, 0.0, None 
 47.3, -122.87, 60.0, 2012-10-06 09:37:30, 0.0, None 
 46.905, -122.675, 29.5, 2012-10-06 09:52:30, 0.0, None 
 46.945, -122.678, 38.0, 2012-10-06 09:55:00, 0.0, None 
 46.95, -122.77, 60.0, 2012-10-06 09:57:30, 0.0, None 
 46.99, -122.565, 60.0, 2012-10-06 10:02:30, 0.0, None 
 46.86, -122.89, 37.0, 2012-10-06 10:05:00, 0.0, None 
 46.8, -122.795, 47.5, 2012-10-06 10:07:30, 0.0, None 
 47.17, -122.28, 60.0, 2012-10-06 10:10:00, 0.0, None 
 46.82, -122.74, 60.0, 2012-10-06 10:10:00, 0.0, None 
 46.89, -122.73, 34.5, 2012-10-06 10:12:30, 0.0, None 
 46.915, -122.72, 25.5, 2012-10-06 10:15:00, 0.0, None 
 46.9, -122.725, 30.5, 2012-10-06 10:17:30, 0.0, None 
 46.93, -122.65700000000001, 40.0, 2012-10-06 10:20:00, 0.0, None 
 46.945, -122.695, 57.5, 2012-10-06 10:22:30, 0.0, None 
 46.891999999999996, -122.66, 55.2, 2012-10-06 10:25:00, 0.0, None 
 46.93, -122.7, 53.0, 2012-10-06 10:27:30, 0.0, None 
 46.89, -122.695, 37.5, 2012-10-06 10:35:00, 0.0, None 
 46.855, -122.70200000000001, 43.0, 2012-10-06 10:37:30, 0.0, None 
 46.9, -122.665, 33.0, 2012-10-06 10:40:00, 0.0, None 
 46.77, -122.7, 33.5, 2012-10-06 10:42:30, 0.0, None 
 46.93, -122.76, 20.0, 2012-10-06 10:47:30, 0.0, None 
 46.876999999999995, -122.655, 40.0, 2012-10-06 11:00:00, 0.0, None 
 46.88, -122.72, 33.0, 2012-10-06 11:05:00, 0.0, None 
 46.7, -122.89, 41.0, 2012-10-06 11:12:30, 0.0, None 
 46.91, -122.545, 60.0, 2012-10-06 11:17:30, 0.0, None 
 46.93, -122.74, 48.5, 2012-10-06 11:20:00, 0.0, None 
 46.86, -122.765, 38.0, 2012-10-06 11:22:30, 0.0, None 
 46.83, -122.6, 20.0, 2012-10-06 11:25:00, 0.0, None 
 46.95, -122.7, 60.0, 2012-10-06 11:27:30, 0.0, None 
 46.895, -122.63, 41.0, 2012-10-06 11:30:00, 0.0, None 
 46.905, -122.635, 51.8, 2012-10-06 11:32:30, 0.0, None 
 46.88, -122.75, 45.5, 2012-10-06 11:35:00, 0.0, None 
 46.9, -122.65, 20.0, 2012-10-06 11:37:30, 0.0, None 
 46.975, -122.71, 20.0, 2012-10-06 11:40:00, 0.0, None 
 46.75, -122.82, 23.5, 2012-10-06 11:42:30, 0.0, None 
 46.97, -122.69, 26.0, 2012-10-06 11:42:30, 0.0, None 
 46.845, -122.75, 32.8, 2012-10-06 11:45:00, 0.0, None 
 46.91, -122.72, 20.0, 2012-10-06 11:47:30, 0.0, None 
 46.91, -122.73, 31.0, 2012-10-06 11:50:00, 0.0, None 
 46.9, -122.76, 20.0, 2012-10-06 12:02:30, 0.0, None 
 47.06, -122.77, 25.0, 2012-10-06 12:15:00, 0.0, None 
 46.99, -122.96, 20.0, 2012-10-06 12:20:00, 0.0, None 
 46.99, -122.71, 20.0, 2012-10-06 12:22:30, 0.0, None 
 46.91, -122.715, 23.2, 2012-10-06 12:25:00, 0.0, None 
 46.92, -122.7, 51.0, 2012-10-06 12:27:30, 0.0, None 
 46.9, -122.435, 27.5, 2012-10-06 12:30:00, 0.0, None 
 46.965, -122.525, 41.5, 2012-10-06 12:32:30, 0.0, None 
 46.875, -122.69, 44.5, 2012-10-06 12:35:00, 0.0, None 
 46.91, -122.74799999999999, 20.0, 2012-10-06 12:37:30, 0.0, None 
 46.93, -122.76, 20.0, 2012-10-06 12:40:00, 0.0, None 
 46.97, -122.78, 20.0, 2012-10-06 12:42:30, 0.0, None 
 46.985, -122.77, 20.0, 2012-10-06 12:45:00, 0.0, None 
 46.96, -122.705, 20.0, 2012-10-06 12:47:30, 0.0, None 
 46.95, -122.69, 20.0, 2012-10-06 12:50:00, 0.0, None 
 46.975, -122.8, 20.0, 2012-10-06 12:55:00, 0.0, None 
 47.005, -122.755, 20.0, 2012-10-06 13:15:00, 0.0, None 
 46.885, -122.84, 40.5, 2012-10-06 13:17:30, 0.0, None 
 46.785, -122.91, 20.0, 2012-10-06 13:20:00, 0.0, None 
 46.84, -122.8, 46.0, 2012-10-06 13:22:30, 0.0, None 
 46.87, -122.69, 37.0, 2012-10-06 13:25:00, 0.0, None 
 46.93, -122.59, 60.0, 2012-10-06 13:27:30, 0.0, None 
 46.92, -122.71, 20.0, 2012-10-06 13:30:00, 0.0, None 
 46.9, -122.685, 35.0, 2012-10-06 13:32:30, 0.0, None 
 46.92, -122.7, 51.0, 2012-10-06 13:35:00, 0.0, None 
 46.963, -122.59299999999999, 20.0, 2012-10-06 13:37:30, 0.0, None 
 46.73, -122.83, 24.5, 2012-10-06 13:40:00, 0.0, None 
 46.95, -122.68, 20.0, 2012-10-06 13:40:00, 0.0, None 
 46.91, -122.635, 32.0, 2012-10-06 13:42:30, 0.0, None 
 46.81, -122.895, 60.0, 2012-10-06 13:50:00, 0.0, None 
 46.985, -123.025, 53.0, 2012-10-06 13:55:00, 0.0, None 
 46.94, -122.4, 45.0, 2012-10-06 14:10:00, 0.0, None 
 46.92, -122.44, 42.0, 2012-10-06 14:12:30, 0.0, None 
 46.875, -122.86, 54.5, 2012-10-06 14:52:30, 0.0, None 
 46.943000000000005, -122.70299999999999, 40.0, 2012-10-06 14:55:00, 0.0, None 
 46.79, -122.92, 52.0, 2012-10-06 14:57:30, 0.0, None 
 46.97, -122.6, 30.5, 2012-10-06 14:57:30, 0.0, None 
 46.99, -122.59, 23.0, 2012-10-06 15:00:00, 0.0, None 
 47.02, -122.71, 40.0, 2012-10-06 15:22:30, 0.0, None 
 47.07, -122.61, 25.0, 2012-10-06 15:25:00, 0.0, None 
 47.01, -122.68, 40.0, 2012-10-06 15:27:30, 0.0, None 
 46.97, -122.665, 36.5, 2012-10-06 15:30:00, 0.0, None 
 46.955, -122.52, 33.0, 2012-10-06 15:32:30, 0.0, None 
 47.2, -122.3, 20.0, 2012-10-06 15:50:00, 0.0, None 
 47.07, -122.59, 32.0, 2012-10-06 15:52:30, 0.0, None 
 47.07, -122.56, 60.0, 2012-10-06 15:55:00, 0.0, None 
 47.0, -122.53, 60.0, 2012-10-06 15:57:30, 0.0, None 
 46.99, -122.91, 20.0, 2012-10-06 16:00:00, 0.0, None 
 46.89, -122.67, 20.0, 2012-10-06 16:15:00, 0.0, None 
 47.035, -122.77, 20.0, 2012-10-06 16:17:30, 0.0, None 
 46.97, -122.62, 31.0, 2012-10-06 16:25:00, 0.0, None 
 46.885, -122.81, 32.5, 2012-10-06 16:27:30, 0.0, None 
 47.105, -122.825, 60.0, 2012-10-06 16:35:00, 0.0, None 
 46.81, -122.97, 20.0, 2012-10-06 16:37:30, 0.0, None 
 47.02, -122.72, 45.5, 2012-10-06 16:37:30, 0.0, None 
 46.89, -122.775, 25.2, 2012-10-06 16:40:00, 0.0, None 
 47.29, -123.0, 25.0, 2012-10-06 16:45:00, 0.0, None 
 46.91, -122.61, 56.0, 2012-10-06 16:50:00, 0.0, None 
 47.125, -122.81, 60.0, 2012-10-06 16:52:30, 0.0, None 
 46.89, -122.62, 20.0, 2012-10-06 17:07:30, 0.0, None 
 47.37, -123.01, 20.0, 2012-10-06 17:17:30, 0.0, None 
 46.81, -122.87, 60.0, 2012-10-06 17:27:30, 0.0, None 
 47.1, -122.58, 35.5, 2012-10-06 18:20:00, 0.0, None 
 46.96, -122.695, 50.0, 2012-10-06 18:30:00, 0.0, None 
 46.89, -122.61, 23.0, 2012-10-06 18:40:00, 0.0, None 
 46.9, -122.61, 48.0, 2012-10-06 18:52:30, 0.0, None 
 46.9, -122.81, 60.0, 2012-10-06 19:00:00, 0.0, None 
 46.96, -122.92, 60.0, 2012-10-06 19:05:00, 0.0, None 
 46.96, -122.64, 20.0, 2012-10-06 19:52:30, 0.0, None 
 47.23, -122.29, 20.0, 2012-10-06 20:37:30, 0.0, None 
 46.88, -122.61, 20.0, 2012-10-06 21:07:30, 0.0, None 
 46.785, -122.8, 33.8, 2012-10-06 21:12:30, 0.0, None 
 46.77, -122.88, 40.0, 2012-10-06 21:15:00, 0.0, None 
 46.8, -122.68, 28.0, 2012-10-06 21:25:00, 0.0, None 
 46.8, -122.745, 39.0, 2012-10-06 21:27:30, 0.0, None 
 46.98, -122.68, 20.0, 2012-10-06 22:25:00, 0.0, None 
 46.87, -122.64, 39.0, 2012-10-06 22:40:00, 0.0, None 
 46.885, -122.75, 60.0, 2012-10-06 22:42:30, 0.0, None 
 46.7, -122.8, 48.0, 2012-10-06 22:47:30, 0.0, None 
 46.8, -122.57, 50.5, 2012-10-06 22:52:30, 0.0, None 
 46.86, -122.98, 53.0, 2012-10-06 23:27:30, 0.0, None 
 46.79, -122.77, 41.0, 2012-10-06 23:30:00, 0.0, None 
 46.76, -122.77, 60.0, 2012-10-06 23:35:00, 0.0, None 
 46.69, -122.72, 32.0, 2012-10-06 23:37:30, 0.0, None 
 46.84, -122.697, 35.5, 2012-10-06 23:40:00, 0.0, None 
 47.08, -122.84, 60.0, 2012-10-06 23:42:30, 0.0, None 
 46.81, -122.82, 29.0, 2012-10-06 23:47:30, 0.0, None 
 46.765, -122.865, 40.0, 2012-10-06 23:50:00, 0.0, None 
 46.73, -122.84, 60.0, 2012-10-06 23:52:30, 0.0, None 
 46.93, -122.89, 60.0, 2012-10-07 00:02:30, 0.0, None 
 46.9, -122.48, 39.0, 2012-10-07 00:07:30, 0.0, None 
 47.02, -123.12, 20.0, 2012-10-07 00:20:00, 0.0, None 
 47.04, -122.65, 60.0, 2012-10-07 00:27:30, 0.0, None 
 46.895, -122.93, 45.0, 2012-10-07 00:40:00, 0.0, None 
 47.035, -122.93, 27.0, 2012-10-07 00:42:30, 0.0, None 
 46.83, -122.68, 55.0, 2012-10-07 00:45:00, 0.0, None 
 47.05, -122.86, 29.0, 2012-10-07 00:45:00, 0.0, None 
 46.885, -122.88, 34.0, 2012-10-07 01:37:30, 0.0, None 
 46.89, -122.86, 29.0, 2012-10-07 01:40:00, 0.0, None 
 46.88, -122.835, 20.5, 2012-10-07 01:42:30, 0.0, None 
 46.835, -122.67200000000001, 20.0, 2012-10-07 01:47:30, 0.0, None 
 46.89, -122.89, 35.0, 2012-10-07 01:50:00, 0.0, None 
 46.95, -122.99, 27.0, 2012-10-07 02:30:00, 0.0, None 
 46.945, -123.095, 33.0, 2012-10-07 02:37:30, 0.0, None 
 46.94, -123.17, 34.0, 2012-10-07 02:40:00, 0.0, None 
 47.09, -122.92, 20.0, 2012-10-07 02:55:00, 0.0, None 
 46.75, -122.68, 60.0, 2012-10-07 03:00:00, 0.0, None 
 46.97, -122.79, 51.0, 2012-10-07 04:25:00, 0.0, None 
 47.065, -122.81, 60.0, 2012-10-07 04:57:30, 0.0, None 
 47.11, -123.16, 28.0, 2012-10-07 05:00:00, 0.0, None 
 47.08, -122.835, 20.0, 2012-10-07 05:05:00, 0.0, None 
 47.075, -122.82, 31.0, 2012-10-07 05:10:00, 0.0, None 
 47.01, -122.94, 46.5, 2012-10-07 05:12:30, 0.0, None 
 47.0, -122.9, 48.0, 2012-10-07 05:15:00, 0.0, None 
 47.02, -123.0, 27.5, 2012-10-07 05:20:00, 0.0, None 
 47.035, -122.92299999999999, 25.2, 2012-10-07 05:22:30, 0.0, None 
 47.035, -122.84, 28.0, 2012-10-07 05:27:30, 0.0, None 
 47.05, -122.885, 20.0, 2012-10-07 05:30:00, 0.0, None 
 47.01, -122.88, 30.0, 2012-10-07 05:32:30, 0.0, None 
 46.88, -122.62, 41.0, 2012-10-07 05:35:00, 0.0, None 
 47.045, -122.99, 49.5, 2012-10-07 05:35:00, 0.0, None 
 47.055, -122.743, 37.5, 2012-10-07 05:37:30, 0.0, None 
 47.035, -122.915, 55.0, 2012-10-07 05:40:00, 0.0, None 
 47.0, -122.855, 20.0, 2012-10-07 05:45:00, 0.0, None 
 47.03, -122.905, 24.5, 2012-10-07 05:47:30, 0.0, None 
 46.76, -122.86, 60.0, 2012-10-07 05:55:00, 0.0, None 
 47.06, -123.09, 50.0, 2012-10-07 05:57:30, 0.0, None 
 46.82, -122.79, 60.0, 2012-10-07 06:02:30, 0.0, None 
 47.1, -123.03, 22.0, 2012-10-07 06:02:30, 0.0, None 
 47.125, -123.055, 20.0, 2012-10-07 06:05:00, 0.0, None 
 47.08, -122.78, 20.0, 2012-10-07 06:10:00, 0.0, None 
 46.93, -122.78200000000001, 43.5, 2012-10-07 06:12:30, 0.0, None 
 46.88, -122.515, 33.5, 2012-10-07 06:15:00, 0.0, None 
 47.09, -122.89, 60.0, 2012-10-07 06:15:00, 0.0, None 
 46.875, -122.505, 52.0, 2012-10-07 06:17:30, 0.0, None 
 47.2, -122.755, 60.0, 2012-10-07 06:17:30, 0.0, None 
 46.98, -122.465, 60.0, 2012-10-07 06:20:00, 0.0, None 
 46.85, -122.56, 49.5, 2012-10-07 06:22:30, 0.0, None 
 47.115, -122.82, 32.0, 2012-10-07 06:25:00, 0.0, None 
 47.06, -123.015, 33.5, 2012-10-07 07:02:30, 0.0, None 
 47.015, -123.02, 43.8, 2012-10-07 07:05:00, 0.0, None 
 47.148, -122.81200000000001, 20.0, 2012-10-07 07:07:30, 0.0, None 
 47.085, -122.815, 42.0, 2012-10-07 07:10:00, 0.0, None 
 46.97, -122.83, 29.5, 2012-10-07 07:17:30, 0.0, None 
 46.99, -122.865, 37.0, 2012-10-07 07:20:00, 0.0, None 
 47.015, -122.975, 39.0, 2012-10-07 07:22:30, 0.0, None 
 47.09, -123.0, 26.0, 2012-10-07 07:27:30, 0.0, None 
 46.95, -123.05, 20.0, 2012-10-07 07:32:30, 0.0, None 
 47.086999999999996, -122.97, 28.5, 2012-10-07 07:35:00, 0.0, None 
 47.095, -122.905, 23.0, 2012-10-07 07:37:30, 0.0, None 
 46.975, -122.77, 48.0, 2012-10-07 07:50:00, 0.0, None 
 46.95, -122.79, 20.0, 2012-10-07 07:55:00, 0.0, None 
 46.94, -122.87, 60.0, 2012-10-07 07:57:30, 0.0, None 
 46.91, -123.245, 46.0, 2012-10-07 08:07:30, 0.0, None 
 46.98, -122.915, 20.0, 2012-10-07 08:10:00, 0.0, None 
 46.91, -123.0, 29.0, 2012-10-07 08:12:30, 0.0, None 
 46.92, -122.945, 27.0, 2012-10-07 08:15:00, 0.0, None 
 47.1, -122.73200000000001, 30.5, 2012-10-07 08:17:30, 0.0, None 
 47.155, -122.73, 60.0, 2012-10-07 08:20:00, 0.0, None 
 47.093, -123.00200000000001, 37.2, 2012-10-07 08:22:30, 0.0, None 
 47.1, -123.035, 20.0, 2012-10-07 08:25:00, 0.0, None 
 47.055, -122.985, 31.8, 2012-10-07 08:27:30, 0.0, None 
 47.035, -122.95700000000001, 35.0, 2012-10-07 08:30:00, 0.0, None 
 47.025, -122.83, 46.0, 2012-10-07 08:32:30, 0.0, None 
 46.985, -122.715, 54.2, 2012-10-07 08:35:00, 0.0, None 
 46.955, -122.76, 54.5, 2012-10-07 08:37:30, 0.0, None 
 46.876999999999995, -122.795, 23.0, 2012-10-07 08:42:30, 0.0, None 
 46.88, -122.86, 38.0, 2012-10-07 08:45:00, 0.0, None 
 47.035, -122.915, 52.8, 2012-10-07 08:57:30, 0.0, None 
 46.9, -122.42, 56.0, 2012-10-07 09:15:00, 0.0, None 
 46.725, -122.675, 47.0, 2012-10-07 09:37:30, 0.0, None 
 47.02, -122.82, 54.0, 2012-10-07 09:50:00, 0.0, None 
 46.98, -122.66, 20.0, 2012-10-07 10:10:00, 0.0, None 
 47.04, -122.95700000000001, 33.0, 2012-10-07 10:12:30, 0.0, None 
 46.74, -122.8, 27.0, 2012-10-07 10:30:00, 0.0, None 
 47.0, -122.965, 20.0, 2012-10-07 10:37:30, 0.0, None 
 46.97, -122.8, 33.0, 2012-10-07 10:40:00, 0.0, None 
 47.07, -123.02, 20.0, 2012-10-07 10:45:00, 0.0, None 
 47.13, -123.05, 40.0, 2012-10-07 10:55:00, 0.0, None 
 47.05, -123.035, 60.0, 2012-10-07 10:57:30, 0.0, None 
 46.87, -122.57, 60.0, 2012-10-07 11:02:30, 0.0, None 
 47.12, -122.935, 31.0, 2012-10-07 11:02:30, 0.0, None 
 46.96, -122.9, 40.0, 2012-10-07 11:07:30, 0.0, None 
 46.83, -122.62, 50.0, 2012-10-07 11:10:00, 0.0, None 
 46.915, -122.585, 20.0, 2012-10-07 11:12:30, 0.0, None 
 46.68, -122.82, 60.0, 2012-10-07 11:17:30, 0.0, None 
 46.99, -122.71, 20.0, 2012-10-07 11:20:00, 0.0, None 
 46.825, -122.51, 56.5, 2012-10-07 11:22:30, 0.0, None 
 46.9, -122.64, 25.5, 2012-10-07 11:25:00, 0.0, None 
 46.84, -122.625, 30.8, 2012-10-07 11:27:30, 0.0, None 
 46.87, -122.8, 38.0, 2012-10-07 11:30:00, 0.0, None 
 46.74, -122.82, 60.0, 2012-10-07 11:32:30, 0.0, None 
 46.76, -122.785, 28.0, 2012-10-07 11:52:30, 0.0, None 
 47.0, -122.9, 36.0, 2012-10-07 12:07:30, 0.0, None 
 46.94, -122.955, 20.0, 2012-10-07 13:10:00, 0.0, None 
 46.95, -122.44, 20.0, 2012-10-07 13:15:00, 0.0, None 
 46.88, -122.62, 60.0, 2012-10-07 13:20:00, 0.0, None 
 46.98, -123.01, 29.0, 2012-10-07 13:22:30, 0.0, None 
 46.96, -122.8, 33.0, 2012-10-07 13:27:30, 0.0, None 
 46.84, -122.75, 56.0, 2012-10-07 13:37:30, 0.0, None 
 47.01, -122.947, 30.5, 2012-10-07 13:40:00, 0.0, None 
 46.9, -123.09, 54.0, 2012-10-07 13:42:30, 0.0, None 
 47.09, -122.91, 20.0, 2012-10-07 13:42:30, 0.0, None 
 47.075, -122.958, 29.5, 2012-10-07 13:52:30, 0.0, None 
 46.92, -122.69, 58.5, 2012-10-07 13:55:00, 0.0, None 
 47.02, -122.82, 53.5, 2012-10-07 13:57:30, 0.0, None 
 46.895, -122.455, 37.5, 2012-10-07 14:00:00, 0.0, None 
 46.945, -123.2, 29.5, 2012-10-07 14:07:30, 0.0, None 
 47.09, -122.78, 20.0, 2012-10-07 14:12:30, 0.0, None 
 46.9, -122.47, 43.0, 2012-10-07 14:15:00, 0.0, None 
 47.04, -122.86, 43.5, 2012-10-07 14:17:30, 0.0, None 
 47.055, -122.895, 35.2, 2012-10-07 14:20:00, 0.0, None 
 46.98, -122.82, 32.0, 2012-10-07 14:42:30, 0.0, None 
 46.98, -122.93, 21.5, 2012-10-07 16:07:30, 0.0, None 
 46.81, -122.74, 60.0, 2012-10-07 16:15:00, 0.0, None 
 46.91, -123.12, 28.0, 2012-10-07 16:32:30, 0.0, None 
 46.955, -122.925, 25.8, 2012-10-07 16:35:00, 0.0, None 
 46.895, -122.91, 33.5, 2012-10-07 16:37:30, 0.0, None 
 47.015, -122.795, 60.0, 2012-10-07 16:40:00, 0.0, None 
 47.0, -122.61, 20.0, 2012-10-07 16:42:30, 0.0, None 
 46.9, -123.12, 40.0, 2012-10-07 16:50:00, 0.0, None 
 46.98, -122.54, 24.0, 2012-10-07 16:52:30, 0.0, None 
 46.86, -123.02, 46.0, 2012-10-07 17:00:00, 0.0, None 
 47.08, -122.88, 20.0, 2012-10-07 17:07:30, 0.0, None 
 47.03, -122.975, 29.5, 2012-10-07 17:10:00, 0.0, None 
 46.99, -122.955, 30.5, 2012-10-07 17:12:30, 0.0, None 
 47.01, -122.93, 22.5, 2012-10-07 17:15:00, 0.0, None 
 46.95, -123.105, 35.0, 2012-10-07 17:20:00, 0.0, None 
 46.98, -122.68, 60.0, 2012-10-07 17:55:00, 0.0, None 
 47.03, -122.89, 45.0, 2012-10-07 18:00:00, 0.0, None 
 46.935, -122.9, 24.5, 2012-10-07 18:07:30, 0.0, None 
 46.95, -122.9, 26.0, 2012-10-07 18:10:00, 0.0, None 
 47.11, -122.96, 20.0, 2012-10-07 18:12:30, 0.0, None 
 46.933, -122.965, 28.0, 2012-10-07 18:27:30, 0.0, None 
 46.88, -122.715, 34.0, 2012-10-07 18:42:30, 0.0, None 
 46.95, -122.995, 26.0, 2012-10-07 18:45:00, 0.0, None 
 46.935, -122.85, 28.5, 2012-10-07 19:37:30, 0.0, None 
 47.17, -122.7, 54.0, 2012-10-07 19:40:00, 0.0, None 
 46.835, -122.825, 49.5, 2012-10-07 19:45:00, 0.0, None 
 46.895, -122.995, 37.0, 2012-10-07 19:50:00, 0.0, None 
 46.91, -122.97, 44.0, 2012-10-07 20:00:00, 0.0, None 
 46.92, -123.00200000000001, 48.5, 2012-10-07 20:02:30, 0.0, None 
 46.95, -123.2, 54.0, 2012-10-07 20:07:30, 0.0, None 
 46.88, -122.995, 60.0, 2012-10-07 20:12:30, 0.0, None 
 46.91, -122.928, 42.8, 2012-10-07 20:15:00, 0.0, None 
 46.77, -122.81, 44.0, 2012-10-07 20:17:30, 0.0, None 
 46.855, -122.93299999999999, 20.8, 2012-10-07 20:22:30, 0.0, None 
 46.97, -122.89, 51.0, 2012-10-07 20:47:30, 0.0, None 
 47.03, -122.89, 20.0, 2012-10-07 21:02:30, 0.0, None 
 46.77, -122.91, 20.0, 2012-10-07 21:05:00, 0.0, None 
 47.02, -122.525, 55.0, 2012-10-07 21:05:00, 0.0, None 
 46.86, -122.795, 54.0, 2012-10-07 21:12:30, 0.0, None 
 47.02, -122.59, 60.0, 2012-10-07 21:22:30, 0.0, None 
 47.05, -122.71, 20.0, 2012-10-07 21:25:00, 0.0, None 
 46.99, -122.81, 60.0, 2012-10-07 21:30:00, 0.0, None 
 46.91, -122.74, 60.0, 2012-10-07 21:32:30, 0.0, None 
 46.845, -122.715, 53.0, 2012-10-07 21:57:30, 0.0, None 
 46.92, -122.65, 42.0, 2012-10-07 22:12:30, 0.0, None 
 47.028, -122.945, 32.8, 2012-10-07 22:17:30, 0.0, None 
 46.96, -123.06, 46.0, 2012-10-07 22:20:00, 0.0, None 
 47.07, -123.1, 20.0, 2012-10-07 22:25:00, 0.0, None 
 47.08, -123.02, 20.0, 2012-10-07 22:27:30, 0.0, None 
 46.84, -122.8, 54.0, 2012-10-07 22:30:00, 0.0, None 
 46.96, -123.01, 45.0, 2012-10-07 22:37:30, 0.0, None 
 46.97, -122.81, 36.0, 2012-10-07 22:40:00, 0.0, None 
 47.08, -122.9, 35.0, 2012-10-07 23:02:30, 0.0, None 
 47.08, -122.9, 34.0, 2012-10-07 23:05:00, 0.0, None 
 47.02, -122.52, 45.0, 2012-10-07 23:07:30, 0.0, None 
 47.04, -122.99, 40.0, 2012-10-07 23:17:30, 0.0, None 
 47.085, -123.037, 27.2, 2012-10-07 23:20:00, 0.0, None 
 47.11, -123.02, 31.0, 2012-10-07 23:25:00, 0.0, None 
 47.1, -123.05, 30.0, 2012-10-07 23:27:30, 0.0, None 
 47.08, -123.0, 33.0, 2012-10-07 23:30:00, 0.0, None 
 46.97, -123.2, 36.0, 2012-10-08 00:37:30, 0.0, None 
 47.053000000000004, -123.012, 34.2, 2012-10-08 00:42:30, 0.0, None 
 47.04, -122.988, 36.5, 2012-10-08 00:45:00, 0.0, None 
 47.058, -123.0, 43.5, 2012-10-08 00:47:30, 0.0, None 
 47.148, -122.96, 46.8, 2012-10-08 00:50:00, 0.0, None 
 47.1, -122.98, 20.0, 2012-10-08 00:55:00, 0.0, None 
 47.165, -122.985, 24.5, 2012-10-08 01:07:30, 0.0, None 
 47.163000000000004, -122.963, 30.0, 2012-10-08 01:10:00, 0.0, None 
 47.1, -122.65, 60.0, 2012-10-08 01:30:00, 0.0, None 
 46.99, -122.78, 25.0, 2012-10-08 01:32:30, 0.0, None 
 47.097, -122.715, 36.5, 2012-10-08 01:35:00, 0.0, None 
 47.135, -122.94200000000001, 33.5, 2012-10-08 01:37:30, 0.0, None 
 47.075, -122.945, 20.0, 2012-10-08 01:40:00, 0.0, None 
 47.165, -122.895, 30.0, 2012-10-08 01:45:00, 0.0, None 
 47.095, -122.95700000000001, 29.8, 2012-10-08 01:47:30, 0.0, None 
 47.09, -122.928, 34.5, 2012-10-08 01:50:00, 0.0, None 
 47.07, -122.89200000000001, 38.5, 2012-10-08 01:52:30, 0.0, None 
 47.03, -122.89200000000001, 35.5, 2012-10-08 01:55:00, 0.0, None 
 47.015, -122.895, 60.0, 2012-10-08 01:57:30, 0.0, None 
 46.835, -122.67, 60.0, 2012-10-08 02:02:30, 0.0, None 
 47.1, -122.975, 34.5, 2012-10-08 02:22:30, 0.0, None 
 47.09, -123.12, 29.0, 2012-10-08 02:57:30, 0.0, None 
 47.095, -123.07, 36.5, 2012-10-08 03:00:00, 0.0, None 
 46.87, -122.67, 59.5, 2012-10-08 03:02:30, 0.0, None 
 47.07, -123.06, 40.0, 2012-10-08 03:02:30, 0.0, None 
 47.04, -122.95, 49.5, 2012-10-08 03:05:00, 0.0, None 
 47.07, -122.945, 26.2, 2012-10-08 03:20:00, 0.0, None 
 47.06, -122.93799999999999, 26.0, 2012-10-08 03:22:30, 0.0, None 
 46.96, -122.97, 43.0, 2012-10-08 03:25:00, 0.0, None 
 47.097, -122.96799999999999, 20.8, 2012-10-08 03:27:30, 0.0, None 
 46.98, -122.95, 30.0, 2012-10-08 03:45:00, 0.0, None 
 46.99, -123.03, 43.0, 2012-10-08 03:47:30, 0.0, None 
 46.97, -123.12, 40.0, 2012-10-08 03:50:00, 0.0, None 
 47.005, -123.065, 39.5, 2012-10-08 03:52:30, 0.0, None 
 47.085, -123.0, 36.5, 2012-10-08 03:55:00, 0.0, None 
 46.99, -123.01, 60.0, 2012-10-08 03:57:30, 0.0, None 
 47.01, -123.05, 38.0, 2012-10-08 04:00:00, 0.0, None 
 47.07, -123.01, 20.0, 2012-10-08 04:02:30, 0.0, None 
 47.085, -122.95, 20.0, 2012-10-08 04:05:00, 0.0, None 
 47.028, -123.075, 24.5, 2012-10-08 04:10:00, 0.0, None 
 47.005, -122.9, 36.0, 2012-10-08 04:25:00, 0.0, None 
 47.11, -123.09700000000001, 23.0, 2012-10-08 04:42:30, 0.0, None 
 46.927, -122.80799999999999, 60.0, 2012-10-08 04:45:00, 0.0, None 
 46.945, -122.795, 60.0, 2012-10-08 04:47:30, 0.0, None 
 47.18, -122.79, 60.0, 2012-10-08 04:52:30, 0.0, None 
 47.02, -122.83, 52.0, 2012-10-08 04:55:00, 0.0, None 
 46.98, -122.57, 31.0, 2012-10-08 04:57:30, 0.0, None 
 46.96, -122.81, 28.0, 2012-10-08 05:02:30, 0.0, None 
 46.71, -122.89, 20.0, 2012-10-08 05:05:00, 0.0, None 
 46.945, -122.67, 60.0, 2012-10-08 05:07:30, 0.0, None 
 46.985, -122.58, 20.0, 2012-10-08 05:10:00, 0.0, None 
 47.19, -122.96, 29.5, 2012-10-08 05:15:00, 0.0, None 
 47.115, -122.95299999999999, 29.8, 2012-10-08 05:20:00, 0.0, None 
 47.115, -122.87700000000001, 23.8, 2012-10-08 05:22:30, 0.0, None 
 47.13, -122.8, 20.0, 2012-10-08 05:25:00, 0.0, None 
 47.125, -122.935, 20.0, 2012-10-08 05:27:30, 0.0, None 
 47.17, -122.965, 37.5, 2012-10-08 05:30:00, 0.0, None 
 47.07, -122.925, 33.5, 2012-10-08 05:32:30, 0.0, None 
 47.035, -122.95, 34.8, 2012-10-08 05:35:00, 0.0, None 
 47.042, -122.935, 35.2, 2012-10-08 05:37:30, 0.0, None 
 47.047, -122.755, 36.0, 2012-10-08 05:40:00, 0.0, None 
 47.07, -122.76, 47.0, 2012-10-08 05:45:00, 0.0, None 
 47.043, -122.80799999999999, 43.0, 2012-10-08 05:52:30, 0.0, None 
 47.126999999999995, -122.94200000000001, 50.8, 2012-10-08 05:55:00, 0.0, None 
 47.025, -122.98, 60.0, 2012-10-08 05:57:30, 0.0, None 
 47.18, -122.79, 40.5, 2012-10-08 06:00:00, 0.0, None 
 47.14, -122.91, 40.0, 2012-10-08 06:07:30, 0.0, None 
 47.1, -122.91, 27.0, 2012-10-08 06:12:30, 0.0, None 
 46.88, -122.655, 26.5, 2012-10-08 06:20:00, 0.0, None 
 46.965, -122.795, 45.5, 2012-10-08 06:22:30, 0.0, None 
 46.955, -123.01, 38.5, 2012-10-08 06:25:00, 0.0, None 
 47.095, -122.86, 60.0, 2012-10-08 06:27:30, 0.0, None 
 47.11, -122.87, 60.0, 2012-10-08 06:30:00, 0.0, None 
 46.885, -122.63, 60.0, 2012-10-08 06:30:00, 0.0, None 
 46.888000000000005, -122.71, 28.8, 2012-10-08 06:35:00, 0.0, None 
 46.91, -122.81, 38.0, 2012-10-08 06:37:30, 0.0, None 
 47.03, -122.925, 35.0, 2012-10-08 06:45:00, 0.0, None 
 46.975, -122.935, 34.0, 2012-10-08 06:47:30, 0.0, None 
 46.93, -122.825, 40.0, 2012-10-08 06:50:00, 0.0, None 
 46.9, -122.0, 20.0, 2012-10-08 06:55:00, 0.0, None 
 47.192, -122.86200000000001, 45.0, 2012-10-08 07:27:30, 0.0, None 
 47.165, -122.755, 59.0, 2012-10-08 07:30:00, 0.0, None 
 47.09, -122.9, 20.0, 2012-10-08 07:37:30, 0.0, None 
 46.9, -123.3, 55.0, 2012-10-08 07:37:30, 0.0, None 
 47.095, -122.905, 33.5, 2012-10-08 07:40:00, 0.0, None 
 46.84, -122.5, 40.0, 2012-10-08 07:50:00, 0.0, None 
 47.1, -122.99, 32.5, 2012-10-08 07:52:30, 0.0, None 
 47.0, -122.905, 42.0, 2012-10-08 07:57:30, 0.0, None 
 47.01, -123.06, 60.0, 2012-10-08 08:20:00, 0.0, None 
 46.98, -122.95, 47.0, 2012-10-08 08:22:30, 0.0, None 
 46.82, -122.79, 52.0, 2012-10-08 08:25:00, 0.0, None 
 47.067, -123.08, 26.5, 2012-10-08 08:27:30, 0.0, None 
 46.883, -122.58, 49.8, 2012-10-08 08:30:00, 0.0, None 
 47.108000000000004, -122.87, 33.8, 2012-10-08 08:32:30, 0.0, None 
 47.09, -123.01, 24.8, 2012-10-08 08:37:30, 0.0, None 
 47.1, -122.95700000000001, 28.2, 2012-10-08 08:40:00, 0.0, None 
 47.102, -123.02, 21.2, 2012-10-08 08:42:30, 0.0, None 
 47.1, -122.93, 20.0, 2012-10-08 08:45:00, 0.0, None 
 47.08, -122.87, 20.0, 2012-10-08 08:47:30, 0.0, None 
 46.94, -122.87, 46.0, 2012-10-08 09:07:30, 0.0, None 
 46.927, -122.67, 26.0, 2012-10-08 09:15:00, 0.0, None 
 47.025, -122.98299999999999, 26.5, 2012-10-08 09:17:30, 0.0, None 
 47.175, -122.83, 20.0, 2012-10-08 09:25:00, 0.0, None 
 47.04, -122.9, 20.0, 2012-10-08 09:42:30, 0.0, None 
 46.83, -122.73, 41.0, 2012-10-08 09:47:30, 0.0, None 
 46.88, -122.86, 25.0, 2012-10-08 09:50:00, 0.0, None 
 46.94, -123.0, 20.0, 2012-10-08 09:55:00, 0.0, None 
 46.97, -122.96799999999999, 40.0, 2012-10-08 09:57:30, 0.0, None 
 46.8, -122.52, 47.0, 2012-10-08 10:00:00, 0.0, None 
 46.96, -122.97, 22.0, 2012-10-08 10:10:00, 0.0, None 
 46.948, -122.853, 46.0, 2012-10-08 10:12:30, 0.0, None 
 46.935, -122.955, 27.0, 2012-10-08 10:15:00, 0.0, None 
 46.85, -122.915, 38.0, 2012-10-08 10:17:30, 0.0, None 
 46.84, -122.95, 60.0, 2012-10-08 10:37:30, 0.0, None 
 47.145, -122.77, 48.5, 2012-10-08 10:47:30, 0.0, None 
 46.92, -123.04, 49.5, 2012-10-08 10:52:30, 0.0, None 
 46.76, -122.69, 51.0, 2012-10-08 11:07:30, 0.0, None 
 46.87, -122.65, 38.0, 2012-10-08 11:10:00, 0.0, None 
 46.98, -122.72, 20.0, 2012-10-08 11:12:30, 0.0, None 
 46.97, -122.91, 37.0, 2012-10-08 11:15:00, 0.0, None 
 46.84, -122.985, 60.0, 2012-10-08 11:17:30, 0.0, None 
 46.9, -122.92, 45.0, 2012-10-08 11:22:30, 0.0, None 
 46.91, -122.59, 34.0, 2012-10-08 11:22:30, 0.0, None 
 47.07, -122.99, 20.0, 2012-10-08 11:25:00, 0.0, None 
 46.995, -123.00200000000001, 35.8, 2012-10-08 11:27:30, 0.0, None 
 46.88, -122.68, 20.0, 2012-10-08 11:30:00, 0.0, None 
 46.96, -123.19, 37.0, 2012-10-08 11:52:30, 0.0, None 
 47.09, -123.01, 20.0, 2012-10-08 11:55:00, 0.0, None 
 47.045, -123.01, 60.0, 2012-10-08 11:57:30, 0.0, None 
 46.985, -122.95, 38.0, 2012-10-08 12:17:30, 0.0, None 
 47.065, -122.885, 21.2, 2012-10-08 12:20:00, 0.0, None 
 46.99, -122.915, 34.0, 2012-10-08 12:22:30, 0.0, None 
 46.925, -122.84, 48.0, 2012-10-08 12:32:30, 0.0, None 
 46.965, -122.895, 20.0, 2012-10-08 12:35:00, 0.0, None 
 47.067, -122.91, 20.0, 2012-10-08 12:37:30, 0.0, None 
 46.938, -122.713, 51.8, 2012-10-08 12:40:00, 0.0, None 
 47.07, -122.87299999999999, 25.0, 2012-10-08 12:52:30, 0.0, None 
 47.062, -122.91, 22.2, 2012-10-08 12:55:00, 0.0, None 
 47.05, -122.65, 60.0, 2012-10-08 13:27:30, 0.0, None 
 46.91, -122.59, 23.0, 2012-10-08 13:42:30, 0.0, None 
 47.0, -122.82, 25.0, 2012-10-08 13:47:30, 0.0, None 
 47.08, -122.57, 60.0, 2012-10-08 13:55:00, 0.0, None 
 46.91, -122.61, 20.0, 2012-10-08 14:05:00, 0.0, None 
 47.12, -122.67, 60.0, 2012-10-08 14:50:00, 0.0, None 
 47.09, -122.81, 20.0, 2012-10-08 14:52:30, 0.0, None 
 47.09, -122.62, 20.0, 2012-10-08 15:07:30, 0.0, None 
 46.97, -123.22, 32.0, 2012-10-08 15:20:00, 0.0, None 
 47.02, -122.83, 20.0, 2012-10-08 15:22:30, 0.0, None 
 46.93, -122.875, 25.5, 2012-10-08 15:55:00, 0.0, None 
 46.97, -122.75, 20.0, 2012-10-08 15:57:30, 0.0, None 
 47.0, -123.03, 25.0, 2012-10-08 17:17:30, 0.0, None 
 46.89, -122.88, 31.0, 2012-10-08 17:32:30, 0.0, None 
 46.93, -122.82, 29.8, 2012-10-08 17:45:00, 0.0, None 
 46.98, -122.92, 30.0, 2012-10-08 17:47:30, 0.0, None 
 46.98, -122.96, 32.0, 2012-10-08 18:15:00, 0.0, None 
 46.82, -122.8, 49.0, 2012-10-08 18:20:00, 0.0, None 
 47.0, -122.925, 25.0, 2012-10-08 18:25:00, 0.0, None 
 46.97, -123.015, 31.0, 2012-10-08 18:27:30, 0.0, None 
 47.03, -122.67, 32.0, 2012-10-08 18:52:30, 0.0, None 
 47.01, -122.59, 20.0, 2012-10-08 19:07:30, 0.0, None 
 47.04, -122.89, 20.0, 2012-10-08 19:10:00, 0.0, None 
 46.96, -122.68, 57.5, 2012-10-08 19:20:00, 0.0, None 
 46.99, -122.83, 48.0, 2012-10-08 19:25:00, 0.0, None 
 46.97, -122.985, 28.0, 2012-10-08 19:40:00, 0.0, None 
 47.11, -122.7, 20.0, 2012-10-08 19:57:30, 0.0, None 
 47.02, -123.17, 38.5, 2012-10-08 20:00:00, 0.0, None 
 47.06, -122.75, 40.0, 2012-10-08 20:10:00, 0.0, None 
 47.102, -122.99799999999999, 37.5, 2012-10-08 20:12:30, 0.0, None 
 47.055, -123.06200000000001, 34.8, 2012-10-08 20:15:00, 0.0, None 
 47.07, -122.94, 20.0, 2012-10-08 20:17:30, 0.0, None 
 47.16, -122.93, 60.0, 2012-10-08 20:20:00, 0.0, None 
 47.04, -122.65, 20.0, 2012-10-08 20:37:30, 0.0, None 
 47.07, -123.03, 60.0, 2012-10-08 20:42:30, 0.0, None 
 47.09, -122.77, 38.0, 2012-10-08 20:45:00, 0.0, None 
 46.88, -122.7, 37.0, 2012-10-08 21:10:00, 0.0, None 
 46.81, -122.9, 60.0, 2012-10-08 21:15:00, 0.0, None 
 46.97, -123.01, 28.0, 2012-10-08 21:25:00, 0.0, None 
 46.9, -123.015, 43.0, 2012-10-08 21:27:30, 0.0, None 
 46.99, -122.69, 22.0, 2012-10-08 22:07:30, 0.0, None 
 46.94, -122.84700000000001, 29.8, 2012-10-08 22:10:00, 0.0, None 
 46.98, -122.98, 20.0, 2012-10-08 22:12:30, 0.0, None 
 46.87, -122.49, 20.0, 2012-10-08 23:25:00, 0.0, None 
 46.86, -123.015, 50.5, 2012-10-08 23:27:30, 0.0, None 
 46.88, -122.6, 37.0, 2012-10-08 23:37:30, 0.0, None 
 46.895, -122.66, 43.0, 2012-10-08 23:50:00, 0.0, None 
 46.95, -123.102, 40.5, 2012-10-09 00:15:00, 0.0, None 
 47.11, -123.2, 20.0, 2012-10-09 00:25:00, 0.0, None 
 47.06, -122.95, 31.0, 2012-10-09 00:37:30, 0.0, None 
 47.21, -122.91, 20.0, 2012-10-09 01:05:00, 0.0, None 
 47.21, -122.895, 30.5, 2012-10-09 01:10:00, 0.0, None 
 47.26, -122.89, 20.0, 2012-10-09 01:12:30, 0.0, None 
 47.15, -122.93, 27.0, 2012-10-09 01:27:30, 0.0, None 
 47.285, -122.86, 43.5, 2012-10-09 01:30:00, 0.0, None 
 47.145, -123.085, 40.0, 2012-10-09 01:55:00, 0.0, None 
 46.94, -123.015, 39.5, 2012-10-09 02:17:30, 0.0, None 
 46.98, -123.135, 33.0, 2012-10-09 02:20:00, 0.0, None 
 47.023, -122.90700000000001, 27.8, 2012-10-09 02:30:00, 0.0, None 
 47.03, -122.855, 28.5, 2012-10-09 02:35:00, 0.0, None 
 47.1, -123.03, 20.0, 2012-10-09 02:37:30, 0.0, None 
 47.01, -123.12, 31.5, 2012-10-09 02:42:30, 0.0, None 
 46.99, -123.053, 46.5, 2012-10-09 02:45:00, 0.0, None 
 46.95, -122.9, 49.5, 2012-10-09 02:47:30, 0.0, None 
 47.1, -123.045, 20.0, 2012-10-09 02:55:00, 0.0, None 
 46.97, -122.98, 29.0, 2012-10-09 03:37:30, 0.0, None 
 46.985, -123.12700000000001, 37.5, 2012-10-09 04:10:00, 0.0, None 
 46.98, -123.16, 32.0, 2012-10-09 04:12:30, 0.0, None 
 46.98, -123.07, 34.0, 2012-10-09 04:15:00, 0.0, None 
 47.07, -123.07, 41.5, 2012-10-09 04:17:30, 0.0, None 
 47.11, -123.02, 20.0, 2012-10-09 04:27:30, 0.0, None 
 47.19, -123.14, 60.0, 2012-10-09 04:30:00, 0.0, None 
 46.79, -122.98, 27.0, 2012-10-09 04:35:00, 0.0, None 
 47.305, -122.93, 22.5, 2012-10-09 04:50:00, 0.0, None 
 47.09, -122.96, 30.0, 2012-10-09 04:52:30, 0.0, None 
 47.12, -122.93, 43.0, 2012-10-09 04:57:30, 0.0, None 
 47.29, -122.89, 20.0, 2012-10-09 05:15:00, 0.0, None 
 47.18, -123.005, 20.0, 2012-10-09 05:40:00, 0.0, None 
 47.18, -122.98, 20.0, 2012-10-09 05:42:30, 0.0, None 
 46.97, -123.2, 20.0, 2012-10-09 05:50:00, 0.0, None 
 46.98, -123.03, 27.5, 2012-10-09 05:55:00, 0.0, None 
 46.99, -123.06, 46.0, 2012-10-09 05:57:30, 0.0, None 
 46.99, -123.13, 35.0, 2012-10-09 06:02:30, 0.0, None 
 46.96, -123.055, 32.0, 2012-10-09 06:05:00, 0.0, None 
 46.9, -122.805, 34.0, 2012-10-09 06:07:30, 0.0, None 
 47.01, -123.01, 32.0, 2012-10-09 06:10:00, 0.0, None 
 47.01, -123.03, 34.0, 2012-10-09 06:17:30, 0.0, None 
 46.9, -122.88, 60.0, 2012-10-09 06:22:30, 0.0, None 
 46.9, -123.21, 20.0, 2012-10-09 07:00:00, 0.0, None 
 46.89, -122.985, 35.0, 2012-10-09 07:02:30, 0.0, None 
 46.85, -123.095, 20.0, 2012-10-09 07:07:30, 0.0, None 
 46.83, -122.955, 46.0, 2012-10-09 07:12:30, 0.0, None 
 47.07, -123.21, 50.0, 2012-10-09 07:57:30, 0.0, None 
 46.87, -123.01, 40.0, 2012-10-09 08:00:00, 0.0, None 
 47.18, -123.06, 60.0, 2012-10-09 08:10:00, 0.0, None 
 47.26, -123.22, 45.0, 2012-10-09 08:17:30, 0.0, None 
 46.84, -123.0, 60.0, 2012-10-09 08:17:30, 0.0, None 
 46.88, -123.22, 20.0, 2012-10-09 08:42:30, 0.0, None 
 46.945, -122.988, 38.0, 2012-10-09 09:12:30, 0.0, None 
 46.925, -122.985, 38.0, 2012-10-09 09:15:00, 0.0, None 
 46.685, -122.79, 60.0, 2012-10-09 09:17:30, 0.0, None 
 46.99, -123.04, 27.0, 2012-10-09 09:17:30, 0.0, None 
 46.9, -123.19, 35.5, 2012-10-09 09:20:00, 0.0, None 
 47.0, -123.12, 20.0, 2012-10-09 09:27:30, 0.0, None 
 47.0, -123.11, 34.0, 2012-10-09 09:37:30, 0.0, None 
 47.4, -122.705, 20.0, 2012-10-09 09:45:00, 0.0, None 
 47.24, -123.04, 20.0, 2012-10-09 10:15:00, 0.0, None 
 47.24, -123.065, 20.0, 2012-10-09 10:17:30, 0.0, None 
 47.29, -122.98, 20.0, 2012-10-09 10:20:00, 0.0, None 
 47.29, -123.01, 20.0, 2012-10-09 10:22:30, 0.0, None 
 47.295, -123.04299999999999, 20.0, 2012-10-09 10:25:00, 0.0, None 
 47.328, -123.07, 30.0, 2012-10-09 10:27:30, 0.0, None 
 47.355, -123.023, 51.5, 2012-10-09 10:30:00, 0.0, None 
 47.295, -123.113, 33.5, 2012-10-09 10:32:30, 0.0, None 
 47.265, -123.132, 30.0, 2012-10-09 10:35:00, 0.0, None 
 47.315, -123.035, 30.5, 2012-10-09 10:40:00, 0.0, None 
 47.285, -123.04, 20.0, 2012-10-09 10:42:30, 0.0, None 
 47.295, -123.04700000000001, 20.0, 2012-10-09 10:45:00, 0.0, None 
 47.295, -123.01799999999999, 20.0, 2012-10-09 10:47:30, 0.0, None 
 47.305, -123.11, 20.0, 2012-10-09 10:50:00, 0.0, None 
 47.29, -123.09, 30.0, 2012-10-09 10:55:00, 0.0, None 
 47.251999999999995, -123.145, 55.5, 2012-10-09 10:57:30, 0.0, None 
 47.305, -122.977, 20.0, 2012-10-09 11:00:00, 0.0, None 
 47.285, -123.015, 33.0, 2012-10-09 11:02:30, 0.0, None 
 47.275, -123.12, 22.0, 2012-10-09 11:05:00, 0.0, None 
 47.275, -122.99, 20.5, 2012-10-09 11:07:30, 0.0, None 
 47.3, -122.955, 20.0, 2012-10-09 11:10:00, 0.0, None 
 47.32, -123.023, 24.0, 2012-10-09 11:22:30, 0.0, None 
 47.32, -123.025, 23.2, 2012-10-09 11:25:00, 0.0, None 
 47.315, -122.975, 22.0, 2012-10-09 11:27:30, 0.0, None 
 47.225, -122.79, 60.0, 2012-10-09 11:30:00, 0.0, None 
 47.245, -123.12299999999999, 33.0, 2012-10-09 11:32:30, 0.0, None 
 47.273, -123.045, 20.0, 2012-10-09 11:35:00, 0.0, None 
 47.293, -122.995, 22.8, 2012-10-09 11:37:30, 0.0, None 
 47.34, -123.02799999999999, 50.0, 2012-10-09 11:42:30, 0.0, None 
 47.25, -123.042, 49.8, 2012-10-09 11:55:00, 0.0, None 
 47.01, -122.98, 55.0, 2012-10-09 11:57:30, 0.0, None 
 47.35, -122.81, 40.0, 2012-10-09 12:07:30, 0.0, None 
 47.32, -122.785, 43.0, 2012-10-09 12:10:00, 0.0, None 
 47.205, -123.2, 20.0, 2012-10-09 12:17:30, 0.0, None 
 47.29, -123.12, 20.0, 2012-10-09 12:20:00, 0.0, None 
 47.3, -123.03, 31.0, 2012-10-09 12:22:30, 0.0, None 
 47.31, -122.92, 20.0, 2012-10-09 12:25:00, 0.0, None 
 47.25, -122.93, 20.0, 2012-10-09 12:32:30, 0.0, None 
 47.295, -122.99799999999999, 36.5, 2012-10-09 12:40:00, 0.0, None 
 47.23, -123.08, 20.0, 2012-10-09 12:47:30, 0.0, None 
 47.14, -123.035, 46.5, 2012-10-09 12:50:00, 0.0, None 
 47.325, -122.805, 36.0, 2012-10-09 12:55:00, 0.0, None 
 47.403, -122.985, 34.0, 2012-10-09 12:57:30, 0.0, None 
 47.33, -123.11, 40.0, 2012-10-09 13:07:30, 0.0, None 
 47.32, -123.18, 27.0, 2012-10-09 13:22:30, 0.0, None 
 47.285, -122.975, 37.0, 2012-10-09 13:25:00, 0.0, None 
 47.29, -123.09, 20.0, 2012-10-09 13:45:00, 0.0, None 
 47.38, -122.805, 20.0, 2012-10-09 14:07:30, 0.0, None 
 46.7, -122.31, 35.0, 2012-10-09 14:12:30, 0.0, None 
 47.31, -123.06, 20.0, 2012-10-09 14:40:00, 0.0, None 
 47.32, -123.05, 20.0, 2012-10-09 14:42:30, 0.0, None 
 47.04, -123.1, 40.0, 2012-10-09 16:10:00, 0.0, None 
 47.04, -123.07, 20.0, 2012-10-09 16:12:30, 0.0, None 
 47.31, -123.04, 20.0, 2012-10-09 16:30:00, 0.0, None 
 46.96, -123.04, 44.0, 2012-10-09 16:47:30, 0.0, None 
 46.98, -123.21, 39.0, 2012-10-09 17:10:00, 0.0, None 
 47.08, -122.87, 29.5, 2012-10-09 17:20:00, 0.0, None 
 47.045, -122.905, 31.0, 2012-10-09 17:22:30, 0.0, None 
 47.31, -123.0, 20.0, 2012-10-09 17:30:00, 0.0, None 
 47.285, -123.01, 20.0, 2012-10-09 17:32:30, 0.0, None 
 47.3, -122.94, 20.0, 2012-10-09 17:35:00, 0.0, None 
 47.325, -122.935, 35.0, 2012-10-09 17:40:00, 0.0, None 
 47.29, -123.13, 26.5, 2012-10-09 17:50:00, 0.0, None 
 47.29, -123.145, 34.2, 2012-10-09 17:52:30, 0.0, None 
 47.31, -122.82, 43.0, 2012-10-09 17:55:00, 0.0, None 
 47.26, -122.8, 22.0, 2012-10-09 18:20:00, 0.0, None 
 47.28, -123.09, 28.0, 2012-10-09 18:37:30, 0.0, None 
 47.31, -122.993, 20.0, 2012-10-09 18:40:00, 0.0, None 
 47.3, -123.11, 23.0, 2012-10-09 19:12:30, 0.0, None 
 47.32, -122.95, 20.0, 2012-10-09 19:27:30, 0.0, None 
 47.345, -122.855, 20.0, 2012-10-09 19:30:00, 0.0, None 
 47.38, -122.98, 60.0, 2012-10-09 20:02:30, 0.0, None 
 47.383, -123.045, 34.8, 2012-10-09 20:05:00, 0.0, None 
 47.36, -123.06, 51.0, 2012-10-09 20:15:00, 0.0, None 
 46.675, -122.805, 40.0, 2012-10-09 20:17:30, 0.0, None 
 47.31, -123.2, 60.0, 2012-10-09 20:57:30, 0.0, None 
 47.09, -123.16, 60.0, 2012-10-09 21:00:00, 0.0, None 
 47.43, -123.03, 30.0, 2012-10-09 21:22:30, 0.0, None 
 47.04, -122.9, 23.0, 2012-10-09 21:47:30, 0.0, None 
 46.97, -123.2, 37.0, 2012-10-09 21:50:00, 0.0, None 
 46.95, -122.94, 39.0, 2012-10-09 21:55:00, 0.0, None 
 47.47, -122.99, 60.0, 2012-10-09 22:25:00, 0.0, None 
 47.07, -123.09, 20.0, 2012-10-09 22:37:30, 0.0, None 
 46.925, -123.055, 28.0, 2012-10-09 22:52:30, 0.0, None 
 47.01, -123.01, 45.0, 2012-10-09 22:55:00, 0.0, None 
 46.88, -122.975, 25.0, 2012-10-09 23:00:00, 0.0, None 
 46.89, -123.005, 28.0, 2012-10-09 23:02:30, 0.0, None 
 46.9, -123.06, 31.0, 2012-10-09 23:05:00, 0.0, None 
 47.01, -123.11, 42.5, 2012-10-09 23:35:00, 0.0, None 
 47.13, -122.86, 21.0, 2012-10-09 23:47:30, 0.0, None 
 46.94, -122.94, 20.0, 2012-10-10 00:50:00, 0.0, None 
 46.99, -123.12, 60.0, 2012-10-10 01:12:30, 0.0, None 
 47.16, -123.03, 44.0, 2012-10-10 01:15:00, 0.0, None 
 47.03, -122.81, 55.0, 2012-10-10 01:17:30, 0.0, None 
 47.18, -123.04, 60.0, 2012-10-10 01:20:00, 0.0, None 
 47.075, -122.91, 31.0, 2012-10-10 01:22:30, 0.0, None 
 46.89, -122.81, 39.0, 2012-10-10 01:47:30, 0.0, None 
 46.98, -122.77, 60.0, 2012-10-10 01:57:30, 0.0, None 
 46.88, -122.965, 27.0, 2012-10-10 02:00:00, 0.0, None 
 46.91, -122.935, 24.0, 2012-10-10 02:02:30, 0.0, None 
 47.0, -122.785, 24.0, 2012-10-10 02:05:00, 0.0, None 
 46.975, -122.887, 44.2, 2012-10-10 02:10:00, 0.0, None 
 46.95, -122.85700000000001, 41.0, 2012-10-10 02:12:30, 0.0, None 
 47.17, -122.98, 41.0, 2012-10-10 02:22:30, 0.0, None 
 47.22, -123.06, 40.0, 2012-10-10 02:25:00, 0.0, None 
 46.905, -123.0, 60.0, 2012-10-10 02:27:30, 0.0, None 
 47.06, -123.05799999999999, 24.8, 2012-10-10 02:30:00, 0.0, None 
 47.015, -123.0, 31.0, 2012-10-10 02:32:30, 0.0, None 
 47.22, -123.023, 50.5, 2012-10-10 02:37:30, 0.0, None 
 47.222, -122.98, 32.0, 2012-10-10 02:40:00, 0.0, None 
 47.258, -123.055, 40.8, 2012-10-10 02:42:30, 0.0, None 
 47.2, -122.995, 32.0, 2012-10-10 02:45:00, 0.0, None 
 47.097, -122.98299999999999, 23.5, 2012-10-10 02:47:30, 0.0, None 
 47.21, -123.0, 20.0, 2012-10-10 02:50:00, 0.0, None 
 47.225, -123.01299999999999, 33.5, 2012-10-10 02:52:30, 0.0, None 
 47.265, -123.08, 60.0, 2012-10-10 02:55:00, 0.0, None 
 47.251999999999995, -123.035, 60.0, 2012-10-10 02:57:30, 0.0, None 
 47.2, -122.93, 27.5, 2012-10-10 03:10:00, 0.0, None 
 47.09, -123.15, 35.0, 2012-10-10 03:25:00, 0.0, None 
 47.11, -123.14, 46.0, 2012-10-10 03:27:30, 0.0, None 
 47.17, -122.91, 51.0, 2012-10-10 03:30:00, 0.0, None 
 47.29, -123.05, 26.0, 2012-10-10 03:40:00, 0.0, None 
 47.215, -123.0, 50.0, 2012-10-10 03:42:30, 0.0, None 
 47.21, -123.03, 20.0, 2012-10-10 03:45:00, 0.0, None 
 47.22, -122.89, 30.0, 2012-10-10 03:47:30, 0.0, None 
 47.17, -122.93, 60.0, 2012-10-10 03:50:00, 0.0, None 
 47.24, -123.11, 30.0, 2012-10-10 03:52:30, 0.0, None 
 47.26, -122.795, 60.0, 2012-10-10 03:57:30, 0.0, None 
 47.11, -122.8, 60.0, 2012-10-10 04:00:00, 0.0, None 
 47.13, -122.92, 60.0, 2012-10-10 04:02:30, 0.0, None 
 47.135, -123.06, 50.0, 2012-10-10 04:17:30, 0.0, None 
 47.21, -123.06, 37.5, 2012-10-10 04:20:00, 0.0, None 
 47.21, -123.05, 36.8, 2012-10-10 04:22:30, 0.0, None 
 47.18, -123.06200000000001, 38.8, 2012-10-10 04:32:30, 0.0, None 
 47.19, -123.02, 40.5, 2012-10-10 04:35:00, 0.0, None 
 47.21, -123.17, 32.0, 2012-10-10 04:42:30, 0.0, None 
 47.235, -123.05, 20.0, 2012-10-10 04:45:00, 0.0, None 
 47.19, -123.05, 51.0, 2012-10-10 04:50:00, 0.0, None 
 47.2, -122.99, 43.0, 2012-10-10 04:52:30, 0.0, None 
 47.295, -123.18299999999999, 25.5, 2012-10-10 04:55:00, 0.0, None 
 47.32, -123.22, 60.0, 2012-10-10 04:57:30, 0.0, None 
 47.235, -122.94200000000001, 37.8, 2012-10-10 05:05:00, 0.0, None 
 47.25, -123.02, 40.0, 2012-10-10 05:07:30, 0.0, None 
 47.23, -123.005, 26.5, 2012-10-10 05:15:00, 0.0, None 
 47.195, -123.05799999999999, 43.2, 2012-10-10 05:17:30, 0.0, None 
 47.211999999999996, -123.035, 47.5, 2012-10-10 05:20:00, 0.0, None 
 47.18, -122.91, 60.0, 2012-10-10 05:25:00, 0.0, None 
 47.24, -123.09, 25.8, 2012-10-10 05:27:30, 0.0, None 
 47.245, -123.06, 49.2, 2012-10-10 05:30:00, 0.0, None 
 47.205, -123.08200000000001, 60.0, 2012-10-10 05:32:30, 0.0, None 
 47.148, -123.015, 27.0, 2012-10-10 05:42:30, 0.0, None 
 47.192, -123.04, 20.0, 2012-10-10 05:45:00, 0.0, None 
 47.19, -122.86, 42.0, 2012-10-10 05:47:30, 0.0, None 
 47.21, -123.09, 23.0, 2012-10-10 05:52:30, 0.0, None 
 47.208, -122.993, 41.2, 2012-10-10 05:55:00, 0.0, None 
 47.215, -123.11, 57.0, 2012-10-10 05:57:30, 0.0, None 
 47.2, -123.07, 20.0, 2012-10-10 06:00:00, 0.0, None 
 47.198, -122.985, 21.5, 2012-10-10 06:02:30, 0.0, None 
 47.198, -123.04, 23.5, 2012-10-10 06:05:00, 0.0, None 
 47.12, -122.82, 60.0, 2012-10-10 06:07:30, 0.0, None 
 47.235, -122.985, 27.2, 2012-10-10 06:10:00, 0.0, None 
 47.23, -123.01, 20.0, 2012-10-10 06:12:30, 0.0, None 
 47.19, -122.93, 20.0, 2012-10-10 06:15:00, 0.0, None 
 47.2, -122.9, 31.0, 2012-10-10 06:17:30, 0.0, None 
 47.065, -122.965, 45.0, 2012-10-10 06:30:00, 0.0, None 
 47.07, -123.04, 40.0, 2012-10-10 06:32:30, 0.0, None 
 47.09, -123.165, 20.0, 2012-10-10 06:35:00, 0.0, None 
 47.035, -122.955, 34.0, 2012-10-10 06:37:30, 0.0, None 
 47.09, -122.99, 57.0, 2012-10-10 06:40:00, 0.0, None 
 47.3, -122.98200000000001, 20.0, 2012-10-10 06:45:00, 0.0, None 
 47.222, -123.06700000000001, 20.0, 2012-10-10 06:47:30, 0.0, None 
 47.25, -123.088, 40.0, 2012-10-10 06:50:00, 0.0, None 
 47.255, -123.055, 20.0, 2012-10-10 06:52:30, 0.0, None 
 47.0, -122.94, 40.0, 2012-10-10 06:55:00, 0.0, None 
 47.185, -123.025, 36.0, 2012-10-10 06:57:30, 0.0, None 
 47.28, -123.035, 29.5, 2012-10-10 07:00:00, 0.0, None 
 47.305, -123.005, 25.8, 2012-10-10 07:02:30, 0.0, None 
 47.33, -122.98, 32.5, 2012-10-10 07:15:00, 0.0, None 
 47.26, -123.11, 37.5, 2012-10-10 07:17:30, 0.0, None 
 47.29, -122.95299999999999, 23.8, 2012-10-10 07:20:00, 0.0, None 
 47.265, -122.97, 30.0, 2012-10-10 07:22:30, 0.0, None 
 47.295, -122.93, 24.0, 2012-10-10 07:25:00, 0.0, None 
 47.21, -122.82, 60.0, 2012-10-10 07:27:30, 0.0, None 
 46.935, -123.025, 53.0, 2012-10-10 07:32:30, 0.0, None 
 47.08, -122.9, 50.5, 2012-10-10 07:35:00, 0.0, None 
 47.058, -123.0, 25.5, 2012-10-10 07:37:30, 0.0, None 
 47.115, -122.88799999999999, 30.5, 2012-10-10 07:40:00, 0.0, None 
 47.09, -122.9, 20.0, 2012-10-10 07:42:30, 0.0, None 
 47.01, -122.825, 60.0, 2012-10-10 07:45:00, 0.0, None 
 47.135, -122.985, 40.5, 2012-10-10 07:47:30, 0.0, None 
 47.115, -123.03200000000001, 33.5, 2012-10-10 07:50:00, 0.0, None 
 47.065, -123.01, 28.2, 2012-10-10 07:52:30, 0.0, None 
 47.01, -122.945, 28.0, 2012-10-10 07:55:00, 0.0, None 
 47.07, -122.98, 60.0, 2012-10-10 07:57:30, 0.0, None 
 47.07, -123.06, 34.0, 2012-10-10 08:00:00, 0.0, None 
 46.99, -122.96, 29.0, 2012-10-10 08:17:30, 0.0, None 
 46.99, -122.76, 60.0, 2012-10-10 08:40:00, 0.0, None 
 47.2, -123.09, 20.0, 2012-10-10 09:10:00, 0.0, None 
 47.08, -123.023, 55.2, 2012-10-10 09:12:30, 0.0, None 
 47.2, -123.07, 20.0, 2012-10-10 09:15:00, 0.0, None 
 47.2, -123.07, 20.0, 2012-10-10 09:17:30, 0.0, None 
 47.17, -123.01, 43.0, 2012-10-10 09:22:30, 0.0, None 
 47.21, -123.085, 20.0, 2012-10-10 09:25:00, 0.0, None 
 47.02, -122.96, 60.0, 2012-10-10 09:27:30, 0.0, None 
 46.91, -123.04, 32.0, 2012-10-10 09:35:00, 0.0, None 
 47.133, -122.98200000000001, 43.8, 2012-10-10 09:37:30, 0.0, None 
 47.195, -123.09700000000001, 51.0, 2012-10-10 09:40:00, 0.0, None 
 47.13, -122.865, 37.5, 2012-10-10 09:45:00, 0.0, None 
 47.15, -122.988, 40.0, 2012-10-10 09:47:30, 0.0, None 
 46.97, -122.83, 20.0, 2012-10-10 10:25:00, 0.0, None 
 46.98, -122.83, 60.0, 2012-10-10 10:35:00, 0.0, None 
 47.3, -123.06, 54.0, 2012-10-10 10:37:30, 0.0, None 
 47.05, -122.84, 60.0, 2012-10-10 10:47:30, 0.0, None 
 46.961999999999996, -122.838, 60.0, 2012-10-10 10:57:30, 0.0, None 
 46.89, -123.0, 45.5, 2012-10-10 11:00:00, 0.0, None 
 47.242, -123.095, 48.5, 2012-10-10 11:15:00, 0.0, None 
 47.23, -123.1, 38.0, 2012-10-10 11:17:30, 0.0, None 
 47.24, -123.118, 33.5, 2012-10-10 11:20:00, 0.0, None 
 47.2, -123.1, 44.0, 2012-10-10 11:22:30, 0.0, None 
 47.3, -122.56, 60.0, 2012-10-10 11:57:30, 0.0, None 
 47.215, -123.025, 47.0, 2012-10-10 12:07:30, 0.0, None 
 47.18, -123.00200000000001, 49.0, 2012-10-10 12:10:00, 0.0, None 
 47.19, -122.86, 60.0, 2012-10-10 12:15:00, 0.0, None 
 47.195, -122.9, 57.0, 2012-10-10 12:50:00, 0.0, None 
 47.2, -123.14, 26.2, 2012-10-10 12:55:00, 0.0, None 
 47.225, -123.10700000000001, 20.0, 2012-10-10 13:07:30, 0.0, None 
 47.23, -123.045, 30.0, 2012-10-10 13:10:00, 0.0, None 
 47.2, -123.1, 31.0, 2012-10-10 13:42:30, 0.0, None 
 47.225, -123.055, 20.0, 2012-10-10 13:45:00, 0.0, None 
 47.22, -123.01, 20.0, 2012-10-10 13:47:30, 0.0, None 
 47.29, -123.015, 25.0, 2012-10-10 15:32:30, 0.0, None 
 46.88, -122.8, 26.0, 2012-10-10 15:57:30, 0.0, None 
 47.07, -123.065, 20.0, 2012-10-10 17:05:00, 0.0, None 
 47.27, -122.6, 60.0, 2012-10-10 18:40:00, 0.0, None 
 47.205, -122.955, 60.0, 2012-10-10 20:05:00, 0.0, None 
 47.265, -122.815, 20.0, 2012-10-10 21:12:30, 0.0, None 
 46.97, -122.82, 20.0, 2012-10-10 21:47:30, 0.0, None 
 47.1, -122.71, 53.0, 2012-10-10 21:52:30, 0.0, None 
 47.3, -123.02, 31.0, 2012-10-10 22:07:30, 0.0, None 
 47.26, -122.62, 50.0, 2012-10-10 22:15:00, 0.0, None 
 47.285, -122.905, 20.0, 2012-10-10 22:17:30, 0.0, None 
 47.28, -122.94, 20.0, 2012-10-10 22:20:00, 0.0, None 
 46.615, -122.825, 58.0, 2012-10-11 00:27:30, 0.0, None 
 46.81, -122.845, 60.0, 2012-10-11 01:57:30, 0.0, None 
 46.77, -122.77, 26.0, 2012-10-11 02:05:00, 0.0, None 
 46.69, -122.695, 43.0, 2012-10-11 02:22:30, 0.0, None 
 46.765, -122.99, 60.0, 2012-10-11 02:45:00, 0.0, None 
 46.77, -122.86, 51.0, 2012-10-11 03:35:00, 0.0, None 
 46.8, -122.805, 46.5, 2012-10-11 03:37:30, 0.0, None 
 46.98, -122.77, 20.0, 2012-10-11 04:12:30, 0.0, None 
 46.81, -123.18, 27.0, 2012-10-11 04:32:30, 0.0, None 
 46.69, -122.97, 40.0, 2012-10-11 04:35:00, 0.0, None 
 46.69, -122.76, 44.0, 2012-10-11 04:37:30, 0.0, None 
 47.19, -123.17, 27.0, 2012-10-11 05:15:00, 0.0, None 
 47.2, -123.19, 22.0, 2012-10-11 05:17:30, 0.0, None 
 47.205, -123.1, 25.0, 2012-10-11 05:20:00, 0.0, None 
 47.29, -123.075, 31.0, 2012-10-11 05:25:00, 0.0, None 
 47.21, -123.09, 20.0, 2012-10-11 05:27:30, 0.0, None 
 47.09, -122.98, 60.0, 2012-10-11 05:45:00, 0.0, None 
 46.82, -123.17, 33.0, 2012-10-11 06:10:00, 0.0, None 
 47.2, -122.99, 27.0, 2012-10-11 06:12:30, 0.0, None 
 47.22, -122.98, 28.5, 2012-10-11 06:15:00, 0.0, None 
 47.195, -123.205, 20.0, 2012-10-11 06:17:30, 0.0, None 
 47.31, -123.13, 52.0, 2012-10-11 06:27:30, 0.0, None 
 46.81, -122.82, 37.0, 2012-10-11 06:47:30, 0.0, None 
 46.68, -122.7, 38.0, 2012-10-11 07:02:30, 0.0, None 
 46.81, -123.0, 33.0, 2012-10-11 07:05:00, 0.0, None 
 47.27, -123.13, 31.0, 2012-10-11 09:00:00, 0.0, None 
 47.29, -123.12, 25.0, 2012-10-11 09:02:30, 0.0, None 
 47.15, -123.13, 60.0, 2012-10-11 11:02:30, 0.0, None 
 46.8, -123.07, 40.0, 2012-10-11 12:02:30, 0.0, None 
 47.22, -123.02, 40.0, 2012-10-11 13:15:00, 0.0, None 
 47.25, -123.09, 26.0, 2012-10-11 13:17:30, 0.0, None 
 47.0, -122.76, 60.0, 2012-10-11 16:00:00, 0.0, None 
 46.72, -122.98, 60.0, 2012-10-11 16:22:30, 0.0, None 
 47.1, -122.92, 44.0, 2012-10-11 18:50:00, 0.0, None 
 47.1, -122.52, 28.0, 2012-10-11 19:10:00, 0.0, None 
 47.18, -123.22, 20.0, 2012-10-11 20:00:00, 0.0, None 
 47.11, -122.995, 28.0, 2012-10-11 20:52:30, 0.0, None 
 47.11, -123.02, 26.0, 2012-10-11 20:55:00, 0.0, None 
 46.99, -122.84, 46.0, 2012-10-11 21:12:30, 0.0, None 
 47.3, -123.05, 20.0, 2012-10-11 22:52:30, 0.0, None 
 47.02, -122.78, 20.0, 2012-10-11 23:02:30, 0.0, None 
 47.24, -123.115, 20.0, 2012-10-11 23:15:00, 0.0, None 
 46.79, -122.83, 20.0, 2012-10-11 23:32:30, 0.0, None 
 46.78, -123.02, 34.0, 2012-10-11 23:37:30, 0.0, None 
 46.78, -122.95, 39.5, 2012-10-11 23:40:00, 0.0, None 
 46.69, -123.0, 21.0, 2012-10-11 23:50:00, 0.0, None 
 46.71, -123.0, 20.0, 2012-10-11 23:52:30, 0.0, None 
 