lat,lon,depth,starttime,energy,duration 
 47.727363777893544, -122.59385442759236, 20.0, 2020-10-04 14:20:00, 25814.48742477954, 300.0 
 47.64415902750242, -122.45018654832882, 20.0, 2020-10-04 14:22:30, 21750.595625380603, 150.0 
 47.46947220226975, -122.49225629801323, 33.84615384615385, 2020-10-04 14:27:30, 51764.73729045321, 300.0 
 47.49432004230036, -122.43016681278361, 24.82758620689655, 2020-10-04 14:45:00, 85953.82208568236, 300.0 
 47.48862744843048, -122.48309303001228, 20.0, 2020-10-04 14:50:00, 71376.35215682056, 300.0 
 47.32799629909212, -122.48094372672031, 60.0, 2020-10-04 15:05:00, 99395.68937796266, 300.0 
 47.610735469437415, -122.56801461072523, 46.92307692307693, 2020-10-04 15:10:00, 102113.3239258317, 300.0 
 47.54330932818045, -122.53755457188073, 27.586206896551726, 2020-10-04 16:50:00, 72150.24531369444, 300.0 
 47.55449642818502, -122.46739142408629, 20.689655172413794, 2020-10-04 16:52:30, 36557.069340264316, 150.0 
 47.478361999182496, -122.6960998156149, 45.38461538461539, 2020-10-04 17:20:00, 18649.350696176858, 300.0 
 47.709718324373966, -122.64921326158442, 20.0, 2020-10-04 17:22:30, 81494.53852551262, 300.0 
 47.54399976775912, -122.69099444673662, 35.38461538461539, 2020-10-04 17:45:00, 38260.47436575177, 300.0 
 47.56260354588874, -122.56297941328515, 26.89655172413793, 2020-10-04 17:47:30, 38533.237707117914, 150.0 
 47.51556136088212, -122.99379748933713, 20.0, 2020-10-04 18:17:30, 32764.052246590953, 300.0 
 47.632053840388274, -122.6189358299402, 20.0, 2020-10-04 18:22:30, 79529.32301532516, 300.0 
 47.43777678080417, -122.75912751278719, 55.86206896551724, 2020-10-04 18:52:30, 53048.75551878271, 300.0 
 47.59052536265543, -122.94449289228467, 20.0, 2020-10-04 19:00:00, 32998.03370111451, 300.0 
 47.42565188086223, -122.71470955866812, 52.41379310344828, 2020-10-04 19:10:00, 80158.47412733476, 300.0 
 47.52707406482002, -122.8952656073113, 55.86206896551724, 2020-10-04 19:12:30, 46826.126246231484, 150.0 
 47.49814197559284, -122.88092177916445, 55.86206896551724, 2020-10-04 19:15:00, 42964.57550999726, 150.0 
 47.617865556692216, -122.9638023321349, 60.0, 2020-10-04 21:50:00, 105502.60600110075, 300.0 
 47.50619588540625, -122.86857327353724, 57.241379310344826, 2020-10-04 22:17:30, 29949.55423003619, 300.0 
 47.57393838057928, -122.77501220555686, 53.10344827586208, 2020-10-04 22:20:00, 18558.64970024323, 150.0 
 47.618451021644255, -122.7566619045028, 32.30769230769231, 2020-10-04 22:45:00, 55251.56962096189, 300.0 
 47.71397079872954, -122.80425008024821, 34.61538461538461, 2020-10-04 22:50:00, 98373.95721832788, 300.0 
 47.691650882098756, -122.73435552880545, 30.769230769230774, 2020-10-04 22:52:30, 50583.360414249044, 150.0 
 47.60051192889837, -122.70802647911624, 36.326530612244895, 2020-10-04 22:55:00, 33714.707932097284, 150.0 
 47.70711400738161, -122.69554514365176, 20.0, 2020-10-04 23:07:30, 222581.37133483184, 300.0 
 47.70851901762609, -122.79589183402528, 35.51020408163266, 2020-10-04 23:10:00, 40931.22862482395, 150.0 
 47.66258573405859, -122.62825487189673, 20.0, 2020-10-04 23:17:30, 112127.41524317671, 150.0 
 47.683661041173956, -122.7212203618136, 29.655172413793103, 2020-10-04 23:22:30, 86740.57422360583, 300.0 
 47.54936374680516, -122.75027407299942, 45.38461538461538, 2020-10-04 23:50:00, 227127.42264036345, 300.0 
 47.5991655026825, -122.70891225139384, 20.0, 2020-10-04 23:15:00, 122922.58395240811, 300.0 
 47.66016453805148, -122.68669598548654, 20.0, 2020-10-05 00:50:00, 99634.37656222911, 300.0 
 47.695932062518146, -122.71779626411934, 35.38461538461539, 2020-10-05 00:55:00, 113586.52831745466, 300.0 
 47.536441518828475, -122.73672142154591, 44.61538461538463, 2020-10-05 01:02:30, 119247.00656058583, 300.0 
 47.67878760294493, -122.78400948447732, 20.0, 2020-10-05 01:37:30, 38028.98699388437, 300.0 
 47.51471981418696, -122.89257613837273, 53.79310344827586, 2020-10-05 02:00:00, 52913.05108758729, 300.0 
 47.638762382423785, -122.74085178072994, 34.69387755102041, 2020-10-05 02:02:30, 33984.11766627057, 150.0 
 47.71617802604016, -122.64170115425298, 46.15384615384615, 2020-10-05 02:15:00, 38906.77181601166, 300.0 
 47.65055975450916, -122.70402195112935, 33.07692307692307, 2020-10-05 02:32:30, 69385.44739609, 300.0 
 47.7130093568042, -122.70570067039391, 20.0, 2020-10-05 02:37:30, 70943.61792387532, 300.0 
 47.690934574007024, -122.86332399753319, 20.0, 2020-10-05 02:47:30, 31081.040006064875, 300.0 
 47.580239228229956, -122.75540209068548, 52.41379310344828, 2020-10-05 03:55:00, 29561.12537737304, 300.0 
 47.64050663082312, -122.7480898678672, 44.61538461538461, 2020-10-05 03:57:30, 21283.577006138425, 150.0 
 47.655233360093426, -122.71481712924182, 34.6938775510204, 2020-10-05 04:00:00, 13660.112260290214, 150.0 
 47.59636321494146, -122.70512062635532, 33.87755102040816, 2020-10-05 04:15:00, 34897.62918154346, 300.0 
 47.647417066718575, -122.71384780240672, 20.0, 2020-10-05 04:17:30, 24318.942838355797, 150.0 
 47.67422836520525, -122.81090606554432, 20.0, 2020-10-05 04:22:30, 21892.379123759616, 300.0 
 47.65812814672084, -122.83569018333911, 20.0, 2020-10-05 04:45:00, 13050.579800420182, 300.0 
 47.67837729934119, -122.72503402432781, 32.30769230769231, 2020-10-05 05:05:00, 71762.37294438112, 300.0 
 47.54836449245782, -122.73756818059329, 58.620689655172406, 2020-10-05 05:15:00, 87842.86803147763, 300.0 
 47.636756790332576, -122.6041944673024, 34.69387755102041, 2020-10-05 05:17:30, 22267.372451737025, 150.0 
 47.46997536615851, -122.68425445910219, 55.172413793103445, 2020-10-05 05:35:00, 17798.151316400435, 300.0 
 47.70317893642723, -122.73642996933337, 20.000000000000004, 2020-10-05 05:40:00, 29413.93696776368, 300.0 
 47.63775207802158, -122.75668160602612, 20.0, 2020-10-05 05:45:00, 19355.513225193736, 300.0 
 47.58198188392838, -122.76263201569736, 53.10344827586207, 2020-10-05 05:50:00, 22942.134583989122, 300.0 
 47.720328263440415, -122.64460857546746, 20.0, 2020-10-05 05:52:30, 18958.06571482981, 150.0 
 47.76887528263526, -122.6229139457518, 20.0, 2020-10-05 06:02:30, 39959.25413819025, 300.0 
 47.69609323236314, -122.59004323312817, 20.0, 2020-10-05 06:50:00, 54117.982983298345, 300.0 
 47.55459351411957, -122.86356487962317, 33.84615384615384, 2020-10-05 21:37:30, 348210.01761159906, 150.0 
 47.49152329028344, -122.784761327139, 44.61538461538462, 2020-10-05 21:47:30, 101545.08594047025, 150.0 
 47.693341392123, -122.7671493225272, 20.0, 2020-10-05 21:52:30, 122432.92467296628, 300.0 
 47.6657272436713, -122.78987411151526, 32.30769230769231, 2020-10-05 21:55:00, 118109.83164610602, 150.0 
 47.499564160217076, -122.86391296126607, 49.23076923076923, 2020-10-05 21:57:30, 130993.89096576351, 150.0 
 47.55344121527237, -122.90181215977728, 45.38461538461539, 2020-10-05 22:00:00, 59353.31871465008, 150.0 
 47.69322345418625, -122.72943956943686, 20.0, 2020-10-05 22:02:30, 183623.5574069305, 150.0 
 47.78695222019959, -122.7953790344512, 21.379310344827584, 2020-10-05 22:07:30, 173807.46167590292, 300.0 
 47.67769752108465, -122.92025388606304, 33.846153846153854, 2020-10-05 22:20:00, 53363.72204662221, 300.0 
 47.67453464065807, -122.9300695095686, 34.61538461538462, 2020-10-05 22:22:30, 106490.66790422809, 150.0 
 47.62033797019282, -122.6047422173364, 20.0, 2020-10-05 22:32:30, 336488.6233558753, 300.0 
 47.6745078383503, -122.62907913573676, 20.0, 2020-10-05 22:35:00, 129170.4033042303, 150.0 
 47.632038981572045, -122.88201263980295, 33.07692307692308, 2020-10-05 22:42:30, 71766.15758205955, 150.0 
 47.75231149585085, -122.6971521844451, 20.0, 2020-10-05 22:55:00, 224136.30611388825, 300.0 
 47.709989747119174, -122.72222393679843, 24.137931034482754, 2020-10-05 05:07:30, 39291.04553328956, 150.0 
 47.02963267651418, -122.80223107508772, 20.0, 2020-10-05 08:17:30, 28831.019778539674, 300.0 
 46.99701412789409, -122.68476910458338, 20.0, 2020-10-05 09:05:00, 21161.609517156907, 300.0 
 47.01631997228382, -122.4722555544183, 20.0, 2020-10-05 09:12:30, 20160.468506625228, 300.0 
 46.940184260289044, -122.31659282730624, 20.0, 2020-10-05 09:15:00, 14188.19302149946, 150.0 
 46.93432183246765, -122.58860191251733, 33.06122448979592, 2020-10-05 09:20:00, 41937.47780369991, 300.0 
 47.13971369969328, -122.74282744471533, 60.0, 2020-10-05 09:22:30, 38413.986877424315, 300.0 
 46.931933443245946, -122.53883605134985, 20.0, 2020-10-05 09:32:30, 50302.56875088147, 300.0 
 46.942772340029606, -122.54613767798722, 20.0, 2020-10-05 09:35:00, 18413.507891571735, 150.0 
 46.853894507692104, -122.60690331422104, 20.0, 2020-10-05 09:42:30, 21155.18230153001, 300.0 
 46.98064262809905, -122.67845737389831, 20.0, 2020-10-05 09:45:00, 10910.935619753, 150.0 
 47.13228558190152, -122.67775567916945, 20.0, 2020-10-05 09:47:30, 18861.631751940735, 150.0 
 46.88638612536476, -122.55913022533528, 56.55172413793103, 2020-10-05 10:40:00, 26007.03454883972, 300.0 
 47.808123257629966, -122.65982266945106, 20.689655172413794, 2020-10-05 21:32:30, 243834.36993255356, 300.0 
 47.51768939486953, -122.79909666534314, 20.0, 2020-10-05 21:35:00, 133434.86958228602, 300.0 
 47.60202692893239, -122.70500419531996, 20.0, 2020-10-05 21:45:00, 212478.89478782605, 300.0 
 47.80228979004903, -122.93907502336803, 20.000000000000004, 2020-10-05 22:40:00, 245772.16517835925, 300.0 
 47.90141194158607, -122.91118941068657, 24.82758620689655, 2020-10-05 22:42:30, 102424.38762224597, 300.0 
 47.51174383508014, -122.51561218836208, 34.61538461538461, 2020-10-06 00:00:00, 166251.31512797868, 300.0 
 47.60299686436363, -122.73830948109789, 34.61538461538462, 2020-10-06 00:02:30, 83237.34473172002, 150.0 
 47.67270016275663, -122.70149456662095, 20.0, 2020-10-06 00:05:00, 104511.17691287224, 150.0 
 47.58822913214171, -122.65437941606872, 33.84615384615385, 2020-10-06 00:15:00, 229314.91347651504, 300.0 
 47.5330150227058, -122.78534614899674, 20.0, 2020-10-06 00:17:30, 44119.887447645495, 150.0 
 47.68363688299538, -123.23206105726055, 60.0, 2020-10-06 00:35:00, 136877.92356193683, 300.0 
 47.64565504707821, -123.0572564724408, 20.0, 2020-10-06 00:40:00, 203681.21817957872, 300.0 
 47.66945496672021, -122.7623996381453, 20.0, 2020-10-06 00:42:30, 200015.37782221456, 300.0 
 47.57134155288458, -122.98809574408305, 55.172413793103445, 2020-10-06 00:50:00, 135026.15125217554, 150.0 
 47.69282912117238, -122.88273725920939, 60.0, 2020-10-06 00:52:30, 63330.1237698667, 150.0 
 47.55818755183912, -123.1322211343697, 44.61538461538461, 2020-10-06 00:55:00, 74061.60538790363, 150.0 
 47.52756431648264, -123.11050123963247, 38.775510204081634, 2020-10-06 00:57:30, 48022.81579012679, 150.0 
 47.62448907024809, -122.60764216266699, 20.0, 2020-10-06 01:02:30, 196689.87610173982, 300.0 
 47.62373588560894, -122.75285581257066, 34.61538461538462, 2020-10-06 01:05:00, 96177.60507909334, 150.0 
 47.649796909344175, -122.8268138503467, 34.61538461538462, 2020-10-06 01:07:30, 88650.55261197922, 150.0 
 47.587022387842985, -122.80072025243554, 32.30769230769231, 2020-10-06 01:25:00, 199886.70542516088, 300.0 
 47.4364970325919, -123.04607731568018, 55.86206896551724, 2020-10-06 01:27:30, 149302.0048758775, 150.0 
 47.80523843158654, -122.53087953290684, 20.000000000000004, 2020-10-06 01:30:00, 241380.24387527237, 300.0 
 47.67651454755725, -122.62597244656848, 20.0, 2020-10-06 01:32:30, 121528.8305825367, 150.0 
 47.43000111455006, -122.82109612620779, 53.10344827586207, 2020-10-06 01:35:00, 198403.33494845385, 300.0 
 47.50114341099809, -122.85902031258047, 46.15384615384616, 2020-10-06 01:37:30, 80183.11460066735, 150.0 
 47.658361449626625, -122.82231082867577, 20.0, 2020-10-06 01:40:00, 74663.54318903406, 150.0 
 47.65981070515076, -122.6623937794853, 20.0, 2020-10-06 01:42:30, 228991.13535051586, 300.0 
 47.75060120548901, -122.66432060478596, 26.206896551724146, 2020-10-06 01:45:00, 82209.44167622464, 150.0 
 47.72396855207312, -122.72543544016457, 42.857142857142854, 2020-10-06 01:47:30, 73188.11580493824, 150.0 
 47.70060356309846, -122.72860091840522, 20.0, 2020-10-06 01:50:00, 54558.0981280954, 150.0 
 47.39591856208149, -123.01745101545578, 60.0, 2020-10-06 01:52:30, 178099.87503986736, 300.0 
 47.599285121465215, -122.73721037865795, 37.14285714285714, 2020-10-06 02:00:00, 88713.53699238838, 150.0 
 47.51567162363927, -123.15018784626112, 60.0, 2020-10-06 02:02:30, 203662.67494427646, 300.0 
 47.61895219458252, -122.7930933309442, 34.61538461538462, 2020-10-06 02:05:00, 228742.21400920523, 300.0 
 47.604042520891866, -122.81418251565944, 33.07692307692307, 2020-10-06 02:07:30, 68160.19717895586, 150.0 
 47.4848879678454, -122.78011403783253, 46.15384615384615, 2020-10-06 02:10:00, 94842.04697187812, 150.0 
 47.48668464522742, -122.9163853326097, 46.15384615384615, 2020-10-06 02:12:30, 46535.94194377203, 150.0 
 47.345643582067375, -122.90271217740681, 45.38461538461539, 2020-10-06 02:15:00, 79949.14803515078, 300.0 
 47.16293540596634, -122.78099028607211, 58.62068965517241, 2020-10-06 02:20:00, 158609.17455447128, 300.0 
 47.67922314657447, -122.78582081558693, 28.27586206896552, 2020-10-06 02:30:00, 108531.70294081325, 300.0 
 47.241447282132896, -122.94478108344975, 60.0, 2020-10-06 02:32:30, 102083.22665633554, 300.0 
 47.451981936977035, -122.68966892683581, 60.0, 2020-10-06 02:47:30, 97373.10206045676, 300.0 
 47.62931879121535, -122.7703077185332, 60.0, 2020-10-06 02:50:00, 143176.0843584245, 300.0 
 47.51068010169891, -122.80419240299885, 45.38461538461538, 2020-10-06 02:55:00, 236084.65950861428, 300.0 
 47.655710771542786, -122.69109291566168, 20.0, 2020-10-06 02:57:30, 202414.2215734721, 300.0 
 47.353618146993696, -122.76167403663126, 53.79310344827586, 2020-10-06 03:00:00, 173579.91108560195, 300.0 
 47.44814053364098, -123.02278663167637, 60.0, 2020-10-06 03:02:30, 104785.96142869712, 300.0 
 47.66827383536301, -122.76608330754901, 32.30769230769231, 2020-10-06 03:05:00, 177063.42604910815, 300.0 
 47.64667123203317, -122.69077176576344, 26.923076923076923, 2020-10-06 03:07:30, 157795.10852661598, 300.0 
 47.61439397959909, -122.88311422905824, 20.0, 2020-10-06 03:20:00, 101984.89953707239, 300.0 
 47.631775075046626, -122.7404585413994, 34.61538461538462, 2020-10-06 03:32:30, 74590.40005129005, 300.0 
 47.62290640812625, -122.7522734553628, 33.84615384615385, 2020-10-06 03:35:00, 63659.50877110248, 300.0 
 47.12470442176549, -122.88697195926748, 27.692307692307693, 2020-10-06 03:50:00, 138288.14261533564, 300.0 
 47.152994263787235, -122.84710065790283, 26.923076923076927, 2020-10-06 03:52:30, 135457.7058316652, 300.0 
 47.55312165749295, -122.81446541150255, 51.53846153846154, 2020-10-06 03:57:30, 104622.60733771566, 300.0 
 47.689075336585844, -122.72652690281329, 20.0, 2020-10-06 04:05:00, 157775.02194808848, 300.0 
 47.67142351898222, -122.75626018913908, 20.0, 2020-10-06 04:07:30, 157352.2082218418, 300.0 
 47.44893262128461, -122.9858291970437, 33.84615384615385, 2020-10-06 04:10:00, 87086.577554252, 300.0 
 47.55145883979036, -122.75324243939072, 34.69387755102041, 2020-10-06 04:12:30, 67942.40093242179, 300.0 
 47.53171948676473, -122.75142017172095, 36.326530612244895, 2020-10-06 04:15:00, 140781.61013488058, 150.0 
 47.57740924741012, -122.88112096406529, 32.307692307692314, 2020-10-06 04:17:30, 314382.74991804454, 300.0 
 47.718199097735436, -122.97452250862388, 55.862068965517246, 2020-10-06 04:42:30, 36659.83781444861, 300.0 
 47.33528808133563, -122.68610035429003, 44.48979591836734, 2020-10-06 04:50:00, 93066.16325551023, 300.0 
 47.26688018932524, -122.49387845754488, 26.923076923076923, 2020-10-06 05:02:30, 89193.43530807551, 300.0 
 47.43713330211354, -122.68529215422076, 20.000000000000004, 2020-10-06 05:05:00, 18598.940991405794, 300.0 
 47.49931660325673, -122.3857420487849, 20.0, 2020-10-06 05:10:00, 44568.600407816906, 300.0 
 47.37082243852255, -123.1226744861037, 20.0, 2020-10-06 05:12:30, 77327.99902298645, 300.0 
 47.39335765891926, -122.58749125906137, 56.55172413793103, 2020-10-06 05:30:00, 49576.96381532646, 300.0 
 47.43643632276316, -122.90504719763693, 40.40816326530613, 2020-10-06 05:42:30, 147183.21615037395, 300.0 
 47.38559180292644, -122.91128864295301, 42.857142857142854, 2020-10-06 05:45:00, 161069.21494015725, 300.0 
 47.33401380470889, -122.99183477585986, 44.48979591836734, 2020-10-06 05:47:30, 59300.859512985255, 150.0 
 47.255865817317954, -122.49073720659649, 26.206896551724135, 2020-10-06 06:10:00, 49849.901422765906, 300.0 
 47.578193750465815, -122.66988515048101, 30.612244897959183, 2020-10-06 06:17:30, 49641.315839415554, 300.0 
 47.3238701628742, -122.5825691122354, 45.38461538461539, 2020-10-06 06:32:30, 126311.69859202356, 300.0 
 47.26036131107485, -122.4893727938035, 24.827586206896555, 2020-10-06 06:37:30, 84364.4848181952, 300.0 
 47.13412564258786, -122.69244162141513, 60.0, 2020-10-06 06:52:30, 127263.96252077393, 300.0 
 47.52015733748814, -122.60686899249158, 33.07692307692307, 2020-10-06 06:55:00, 129251.84688929947, 300.0 
 47.52158480564906, -122.76082452605253, 34.615384615384606, 2020-10-06 06:57:30, 54774.94364432542, 150.0 
 47.40081317477534, -122.51343629702981, 60.0, 2020-10-06 07:05:00, 126516.00835625507, 300.0 
 47.708328755546304, -122.66629748362655, 20.0, 2020-10-06 07:10:00, 198693.8543243807, 300.0 
 47.42552047906341, -123.09234422800158, 60.0, 2020-10-06 07:12:30, 231119.65675064985, 300.0 
 47.325144472032896, -123.04098916530577, 60.0, 2020-10-06 07:15:00, 87080.24636387538, 150.0 
 47.47999472685959, -122.78268393806746, 34.69387755102041, 2020-10-06 07:17:30, 82026.84462952282, 300.0 
 47.39268427493627, -122.79496596677765, 53.79310344827586, 2020-10-06 07:20:00, 16820.784447559614, 150.0 
 47.59601346588915, -122.7093814338663, 33.846153846153854, 2020-10-06 07:27:30, 61002.511141642324, 300.0 
 47.53514982176577, -122.79134495549286, 46.15384615384615, 2020-10-06 07:30:00, 20912.590474453606, 150.0 
 47.39096320878917, -122.75934225120253, 33.87755102040816, 2020-10-06 07:37:30, 45013.60532265685, 300.0 
 47.37615589617781, -122.91214953733352, 45.38461538461539, 2020-10-06 07:45:00, 46957.742097625836, 300.0 
 47.493089992644286, -122.87136762536426, 36.326530612244895, 2020-10-06 08:12:30, 33344.08034178505, 300.0 
 47.741769803333675, -122.82533957451724, 30.76923076923077, 2020-10-06 08:17:30, 23255.115662811804, 150.0 
 47.653309606325934, -122.69542433126168, 20.0, 2020-10-06 08:25:00, 41333.23160671373, 300.0 
 47.595253354372716, -122.7719416008735, 34.69387755102041, 2020-10-06 08:27:30, 26841.189870257844, 150.0 
 47.61151450212166, -122.85101284406971, 34.69387755102041, 2020-10-06 08:30:00, 30069.19379704379, 150.0 
 47.12046271749542, -122.98239260707916, 56.55172413793103, 2020-10-06 08:37:30, 207429.01066813918, 300.0 
 47.162365974122395, -122.99385737411095, 54.48275862068965, 2020-10-06 08:40:00, 45138.84285833079, 150.0 
 47.6589170078593, -122.83323584907747, 21.379310344827584, 2020-10-06 08:42:30, 89949.26229352379, 300.0 
 47.589013203316505, -122.85772453177456, 32.30769230769231, 2020-10-06 08:45:00, 42124.10945265143, 150.0 
 47.62770882477123, -122.65795998539868, 20.0, 2020-10-06 08:47:30, 63332.43672967402, 150.0 
 47.41547343313736, -122.96976087596897, 60.0, 2020-10-06 08:50:00, 130174.94058322627, 300.0 
 47.28566467215881, -122.93393878884427, 60.0, 2020-10-06 08:52:30, 143942.09788614864, 150.0 
 47.38576127008654, -123.02677926082144, 42.857142857142854, 2020-10-06 08:55:00, 116471.5198636872, 150.0 
 47.54375378317414, -123.12648832271755, 60.0, 2020-10-06 08:57:30, 22345.139476962613, 150.0 
 47.6764247488996, -122.7913782747957, 20.0, 2020-10-06 09:00:00, 106028.49883184246, 300.0 
 47.7032895679983, -122.8660144658347, 20.0, 2020-10-06 09:02:30, 70216.04530891705, 150.0 
 47.57886806497647, -122.96484164634819, 34.69387755102041, 2020-10-06 09:10:00, 44091.32321016721, 300.0 
 47.708117478911134, -122.70828849973338, 20.0, 2020-10-06 09:12:30, 20741.378706161195, 150.0 
 47.790091573933395, -122.877556721358, 20.0, 2020-10-06 09:17:30, 56751.502160819546, 300.0 
 47.740372498883346, -123.04455535611766, 20.0, 2020-10-06 09:22:30, 100770.148867561, 300.0 
 47.59907587035251, -122.90541031062125, 20.0, 2020-10-06 09:25:00, 24845.57320007833, 150.0 
 47.29365842156971, -122.88422311729447, 56.55172413793104, 2020-10-06 09:27:30, 204690.7765967972, 300.0 
 47.316617055052824, -122.97960714133644, 60.0, 2020-10-06 09:32:30, 172620.27866086687, 300.0 
 47.5665652201816, -122.55374035404422, 60.0, 2020-10-06 09:35:00, 82324.42373329542, 300.0 
 47.61836555622715, -122.66494474458078, 20.0, 2020-10-06 09:42:30, 75788.7575524351, 300.0 
 47.45052534143391, -122.91494953464237, 42.0408163265306, 2020-10-06 09:47:30, 87540.76407058307, 300.0 
 47.47392007022054, -122.78892333905539, 32.30769230769231, 2020-10-06 10:00:00, 43729.16079047452, 300.0 
 47.2449752698266, -122.55027967424607, 30.769230769230777, 2020-10-06 10:05:00, 76863.89761083003, 300.0 
 47.54239635367068, -123.07740153408797, 46.153846153846146, 2020-10-06 10:27:30, 86977.91207602395, 300.0 
 47.60620514088359, -122.98415593354535, 20.0, 2020-10-06 10:32:30, 67129.64853753446, 300.0 
 47.53445946378835, -122.96055426237835, 35.51020408163266, 2020-10-06 10:35:00, 33043.92670300328, 150.0 
 47.42849379046313, -123.26111289167379, 45.38461538461539, 2020-10-06 10:37:30, 102518.52894997966, 300.0 
 47.314984473983394, -123.1626271936938, 45.38461538461538, 2020-10-06 10:40:00, 86277.91330402168, 150.0 
 47.60186682226737, -122.80513602000319, 31.538461538461544, 2020-10-06 10:42:30, 129282.7238368246, 300.0 
 47.60068519626571, -122.72016449243262, 31.538461538461544, 2020-10-06 10:45:00, 166557.87608378514, 300.0 
 47.62536243609178, -122.6938794305397, 20.0, 2020-10-06 10:47:30, 67400.01726500766, 150.0 
 47.53686490867142, -122.89014339946357, 20.0, 2020-10-06 10:50:00, 39083.745464672356, 150.0 
 47.240099695259666, -122.77957516770607, 29.230769230769234, 2020-10-06 11:00:00, 155289.89399039358, 300.0 
 47.4907185652713, -122.72722233661699, 33.07692307692308, 2020-10-06 11:02:30, 83552.95870176046, 300.0 
 47.74221261075633, -122.65241290621194, 53.79310344827587, 2020-10-06 11:07:30, 136572.4401018492, 300.0 
 47.26281173660594, -122.97920073229022, 46.15384615384615, 2020-10-06 11:17:30, 222705.36859288247, 300.0 
 47.532130223610224, -122.84176050433153, 32.307692307692314, 2020-10-06 11:20:00, 122342.76539428557, 300.0 
 47.40616888919967, -123.16418790430237, 56.55172413793103, 2020-10-06 11:22:30, 153523.6203325711, 300.0 
 47.627964467010166, -122.91675916213356, 20.0, 2020-10-06 11:25:00, 33176.472348624746, 300.0 
 47.523594535521234, -122.81775671762631, 34.61538461538462, 2020-10-06 11:27:30, 49898.9847185766, 150.0 
 47.33391392912616, -122.91693112207696, 44.48979591836734, 2020-10-06 11:30:00, 73757.43543723911, 150.0 
 47.374367380337276, -122.93335804869457, 43.673469387755105, 2020-10-06 11:32:30, 50271.39456184284, 150.0 
 47.58557162205694, -122.56097961529693, 35.384615384615394, 2020-10-06 11:42:30, 108772.65539809676, 300.0 
 47.4966825477092, -123.18031356020752, 43.673469387755105, 2020-10-06 11:45:00, 62678.322581306755, 300.0 
 47.66566862740163, -122.6980710361261, 20.0, 2020-10-06 11:47:30, 99280.76022358202, 300.0 
 47.33458038896072, -123.04015244964668, 59.99999999999999, 2020-10-06 11:50:00, 130958.35847654496, 300.0 
 47.90836746220372, -122.64087270704543, 20.0, 2020-10-06 11:52:30, 51746.39790570945, 150.0 
 47.48434389565617, -122.6014012096405, 20.000000000000004, 2020-10-06 12:00:00, 201803.62513979495, 300.0 
 47.43402571322565, -123.1974484732289, 60.0, 2020-10-06 12:02:30, 109085.850706867, 300.0 
 47.76765663977947, -122.92204548243492, 20.689655172413794, 2020-10-06 12:10:00, 89133.14836053169, 300.0 
 47.31615064908061, -122.81474722201963, 54.48275862068966, 2020-10-06 12:12:30, 182004.40151208325, 300.0 
 47.60344294306557, -122.80023126563381, 20.0, 2020-10-06 12:15:00, 120505.6358728347, 300.0 
 47.6174506685249, -122.74393351183106, 20.0, 2020-10-06 12:17:30, 103978.43516622085, 150.0 
 47.69750461000792, -122.7128803654559, 20.0, 2020-10-06 12:20:00, 89769.70092165684, 150.0 
 47.74343790844496, -122.59757547206758, 20.0, 2020-10-06 12:22:30, 72332.28534874818, 150.0 
 47.61383361536465, -122.69181969183249, 20.0, 2020-10-06 12:25:00, 84844.92848890966, 150.0 
 47.63727834287657, -122.81198738052915, 32.30769230769231, 2020-10-06 12:32:30, 147861.34371775223, 300.0 
 47.25769761964731, -122.9980330931458, 60.0, 2020-10-06 12:35:00, 194231.2275447402, 300.0 
 47.68964187255908, -122.73745985877319, 20.0, 2020-10-06 12:37:30, 206229.84606237971, 300.0 
 47.60666558458148, -122.7363733557956, 34.69387755102041, 2020-10-06 12:42:30, 404599.3930741735, 300.0 
 47.625422469807056, -122.7856129534116, 33.846153846153854, 2020-10-06 12:45:00, 591077.9866986024, 300.0 
 47.656944855013144, -122.83937168473153, 33.87755102040816, 2020-10-06 12:47:30, 152962.5430659982, 150.0 
 47.690417353243674, -122.76358946676125, 20.0, 2020-10-06 12:50:00, 151253.24271709903, 150.0 
 47.59716139129365, -122.79130903169226, 45.38461538461539, 2020-10-06 12:55:00, 267088.7696547266, 300.0 
 47.62801812455271, -122.95441995126552, 34.69387755102041, 2020-10-06 12:57:30, 55447.507477549414, 150.0 
 47.72121656555778, -122.95253201295132, 20.0, 2020-10-06 13:00:00, 36014.859145796865, 150.0 
 47.57089729219757, -122.8855524092098, 43.84615384615385, 2020-10-06 13:05:00, 137402.46365282772, 300.0 
 47.68917537821966, -122.79281920826553, 33.07692307692307, 2020-10-06 13:10:00, 95290.5878815061, 300.0 
 47.71964757485158, -122.71035790173445, 60.00000000000001, 2020-10-06 13:40:00, 135309.22656459257, 300.0 
 47.62251299888742, -122.75350060483335, 20.0, 2020-10-06 15:55:00, 290565.59619654034, 150.0 
 47.61142312656422, -122.81335881267344, 20.0, 2020-10-06 15:57:30, 323852.7533712289, 150.0 
 47.64164561352983, -122.6015999062273, 60.0, 2020-10-06 16:00:00, 155412.04943887808, 150.0 
 47.667863134801564, -122.79589153103258, 29.6551724137931, 2020-10-06 16:02:30, 107192.35055878451, 150.0 
 47.687329193213415, -122.71928135649215, 20.0, 2020-10-06 16:05:00, 338179.29937837465, 150.0 
 47.67625773649527, -122.77922060491719, 30.769230769230766, 2020-10-06 16:07:30, 166973.2973158793, 150.0 
 47.5074122544699, -123.03461135733829, 55.86206896551724, 2020-10-06 16:12:30, 332862.57695255784, 300.0 
 47.62997824093548, -122.75874195565743, 33.07692307692308, 2020-10-06 16:17:30, 271192.6741281135, 300.0 
 47.64225068261399, -122.7553284383945, 33.87755102040816, 2020-10-06 16:25:00, 304512.68060248054, 300.0 
 47.50086210157348, -122.96690089702625, 33.07692307692308, 2020-10-06 16:45:00, 51857.70374281299, 300.0 
 47.46081678828489, -122.98370472592893, 29.230769230769226, 2020-10-06 17:20:00, 139831.62590804612, 300.0 
 47.5385506097557, -122.92588072391077, 24.82758620689655, 2020-10-06 17:22:30, 72440.82913054373, 150.0 
 47.60685604257281, -122.84021779774645, 20.0, 2020-10-06 17:47:30, 200511.78099362034, 150.0 
 47.49631038709264, -123.10639108306609, 46.92307692307692, 2020-10-06 18:42:30, 382441.3369796812, 300.0 
 47.62317171132571, -122.74193665467038, 20.0, 2020-10-06 18:52:30, 597736.9416412243, 300.0 
 47.573124836659204, -122.9322183072344, 30.76923076923077, 2020-10-06 18:55:00, 121085.49070833884, 150.0 
 47.65343511989818, -122.85345458225392, 26.20689655172414, 2020-10-06 18:57:30, 175354.63570077732, 150.0 
 47.683722076540995, -122.78446899118867, 20.0, 2020-10-06 19:00:00, 159356.84474283442, 150.0 
 47.68943347347647, -122.8426859663908, 20.0, 2020-10-06 19:02:30, 234691.58248807886, 150.0 
 47.80299637955539, -122.82782110333522, 20.0, 2020-10-06 19:12:30, 626483.2047600998, 300.0 
 47.64565661270322, -122.88710109637327, 20.0, 2020-10-06 19:27:30, 72094.22635185783, 300.0 
 47.66630528310099, -122.77222275655521, 20.0, 2020-10-06 19:45:00, 744795.9231829831, 300.0 
 47.64308020310479, -122.75591068986077, 22.75862068965517, 2020-10-06 19:47:30, 46345.75514023026, 150.0 
 47.62568234562012, -122.83541635168794, 20.0, 2020-10-06 20:00:00, 378157.2888214998, 300.0 
 47.572729445171994, -122.93344287214502, 21.379310344827587, 2020-10-06 21:07:30, 600457.407114644, 300.0 
 47.64956382238498, -122.84019267778537, 34.61538461538461, 2020-10-06 21:15:00, 1142052.1031330875, 300.0 
 47.6419848460134, -122.88902657876059, 32.307692307692314, 2020-10-06 21:20:00, 589486.5586431685, 300.0 
 47.45706704116443, -123.20178370663025, 57.241379310344826, 2020-10-06 21:22:30, 326169.61808281636, 300.0 
 47.46510286462209, -122.99873267628037, 41.224489795918366, 2020-10-06 21:27:30, 256637.24260884785, 150.0 
 47.29400688945878, -123.12084391700797, 25.51724137931034, 2020-10-06 21:30:00, 340714.52129611437, 150.0 
 47.550638160243615, -122.69563844531991, 23.448275862068968, 2020-10-06 21:35:00, 2868411.2719494696, 300.0 
 47.13943464302514, -123.35557673942321, 20.0, 2020-10-06 21:37:30, 603557.1466221103, 300.0 
 47.24525091412445, -123.21064029256833, 37.14285714285714, 2020-10-06 21:42:30, 237644.9612799608, 300.0 
 47.559961666774186, -122.99810054914018, 30.76923076923077, 2020-10-06 21:45:00, 442758.31193985534, 300.0 
 47.65682672073704, -122.89347242749133, 30.769230769230774, 2020-10-06 21:47:30, 179740.24982585246, 150.0 
 47.6807377298885, -122.80645389209147, 30.000000000000004, 2020-10-06 21:50:00, 95789.94915294582, 150.0 
 47.74350889894822, -122.83259675260209, 20.000000000000004, 2020-10-06 21:52:30, 121869.37609001082, 300.0 
 47.35057111116371, -123.27179483319502, 60.0, 2020-10-06 22:00:00, 820137.3996332404, 300.0 
 47.288971788276534, -123.22960821103149, 56.55172413793103, 2020-10-06 22:02:30, 261063.44506521296, 150.0 
 47.68784747980443, -122.91085447796718, 34.69387755102041, 2020-10-06 22:05:00, 190132.05629798645, 300.0 
 47.67137176023147, -122.9398851330742, 33.07692307692308, 2020-10-06 22:07:30, 181245.73436796464, 150.0 
 47.69290799278204, -122.85718507288625, 32.30769230769231, 2020-10-06 22:10:00, 115012.84989975042, 150.0 
 47.50771099172013, -123.1746106418241, 20.0, 2020-10-06 22:12:30, 369525.71542916604, 300.0 
 47.61960090668693, -122.61023508170642, 32.30769230769231, 2020-10-06 22:20:00, 438780.8139809816, 300.0 
 47.70251928266155, -122.6622249613482, 32.30769230769231, 2020-10-06 22:22:30, 445033.1023670477, 150.0 
 47.6887632468651, -122.8542614528809, 20.0, 2020-10-06 22:25:00, 141568.22397459476, 150.0 
 47.3926173995163, -122.64678623573951, 20.0, 2020-10-06 22:27:30, 549529.0528449025, 300.0 
 47.77018932057646, -122.62835381675905, 25.51724137931034, 2020-10-06 22:30:00, 110553.24413045577, 300.0 
 47.42795543939308, -122.8840967000265, 45.30612244897959, 2020-10-06 22:32:30, 84379.8850585511, 300.0 
 47.45250853357931, -122.72598758605844, 33.84615384615385, 2020-10-06 22:47:30, 56195.126950942344, 150.0 
 47.661323854680845, -122.82891093836642, 20.0, 2020-10-06 22:50:00, 387228.13344171114, 300.0 
 47.517078426428625, -123.24895995721621, 60.0, 2020-10-06 22:52:30, 401449.94882353075, 300.0 
 47.50094965980515, -122.61296585170132, 53.793103448275865, 2020-10-06 23:17:30, 198469.75243774522, 300.0 
 47.573802030941174, -122.92066863430023, 20.0, 2020-10-06 23:22:30, 49402.13113548576, 150.0 
 47.778407924585075, -122.77126394580964, 20.0, 2020-10-06 23:25:00, 189768.9915112511, 300.0 
 47.37611684223887, -123.08143599097704, 26.20689655172414, 2020-10-06 23:27:30, 405689.0223918051, 300.0 
 47.33259681540973, -123.0462425064724, 33.07692307692307, 2020-10-06 23:42:30, 365828.68647801474, 300.0 
 47.46108607133539, -122.78143030655471, 34.61538461538462, 2020-10-06 23:45:00, 177341.3548789819, 300.0 
 47.393830384500404, -123.01447973337109, 46.12244897959184, 2020-10-06 23:47:30, 405239.1070308008, 300.0 
 47.28091775423425, -122.94855118437383, 43.84615384615385, 2020-10-06 23:50:00, 164749.51661629972, 150.0 
 47.62438872726227, -122.6556380870545, 20.0, 2020-10-06 23:52:30, 97929.23687294996, 300.0 
 47.421842930944166, -123.13176357670187, 20.0, 2020-10-06 23:55:00, 155675.85935055165, 300.0 
 47.35173819896879, -122.8837911259005, 20.0, 2020-10-06 00:42:30, 188341.4322394845, 300.0 
 47.46678206220081, -122.97356749034282, 26.20689655172414, 2020-10-06 00:47:30, 113779.3447322416, 300.0 
 46.85057680488954, -122.4861728792419, 53.793103448275865, 2020-10-06 01:20:00, 152487.03282255048, 300.0 
 47.083284222835886, -122.61978348452013, 20.0, 2020-10-06 01:27:30, 339096.6714755236, 300.0 
 47.05866333250333, -122.54175312572798, 32.30769230769231, 2020-10-06 01:30:00, 80491.12138481044, 150.0 
 46.83020090473337, -122.8024117267459, 60.0, 2020-10-06 01:32:30, 204762.1820547133, 300.0 
 46.92934888483952, -122.6379570988393, 20.0, 2020-10-06 01:35:00, 137213.04414117808, 150.0 
 47.24424958943212, -122.88257841404544, 53.10344827586207, 2020-10-06 01:42:30, 178018.00777225656, 300.0 
 47.51349288979635, -123.30890448666645, 54.48275862068965, 2020-10-06 01:50:00, 130088.1484123535, 300.0 
 47.57997373768927, -123.24156154909737, 54.482758620689644, 2020-10-06 01:52:30, 156211.53950023153, 300.0 
 47.595466780955135, -123.18691643870802, 58.62068965517241, 2020-10-06 01:55:00, 123685.20349469295, 150.0 
 47.59721647602983, -122.7807971964543, 23.448275862068968, 2020-10-06 01:57:30, 167143.29461331037, 300.0 
 46.63034141829726, -122.71851480459857, 60.0, 2020-10-06 02:15:00, 91733.46402719905, 300.0 
 46.7205226281131, -122.57674685346045, 20.0, 2020-10-06 02:22:30, 47918.89349943786, 300.0 
 47.19842647778469, -122.77998735436384, 22.75862068965517, 2020-10-06 02:30:00, 71674.2045499732, 300.0 
 46.91729668330352, -122.6761678856089, 20.0, 2020-10-06 02:32:30, 102763.62471043476, 300.0 
 46.88367105699699, -122.66218066097673, 50.3448275862069, 2020-10-06 02:35:00, 127682.4271927241, 300.0 
 47.23510362728396, -122.81590189226044, 60.0, 2020-10-06 02:37:30, 169411.42835241396, 300.0 
 46.86275059635684, -122.58462308022261, 30.76923076923077, 2020-10-06 02:40:00, 127624.48284320396, 300.0 
 46.55266078587776, -122.80195812632171, 59.99999999999999, 2020-10-06 02:42:30, 117181.20861524914, 300.0 
 46.93283020978917, -122.78035908646464, 60.0, 2020-10-06 02:47:30, 98703.4068734882, 300.0 
 47.01334937388768, -122.69242715048686, 58.62068965517241, 2020-10-06 02:50:00, 201062.64168175837, 300.0 
 46.97679248213897, -122.68494970809598, 42.04081632653061, 2020-10-06 02:52:30, 218332.42572932036, 300.0 
 46.8010279616026, -122.79398411450379, 60.0, 2020-10-06 02:55:00, 96203.07506700579, 150.0 
 46.979320972579515, -122.98588510427562, 60.0, 2020-10-06 02:57:30, 70685.32099925716, 150.0 
 47.71075504948083, -122.92649095471992, 22.06896551724138, 2020-10-06 03:02:30, 127486.29640652341, 300.0 
 46.97166537216268, -122.73835614139688, 45.38461538461539, 2020-10-06 03:05:00, 108132.44843895822, 300.0 
 46.97896864405649, -122.740126039365, 42.04081632653061, 2020-10-06 03:07:30, 139340.03788807502, 300.0 
 46.91729668330352, -122.67616788560892, 44.61538461538463, 2020-10-06 03:12:30, 59885.89748900863, 300.0 
 46.86866677109085, -122.67338502797422, 56.55172413793104, 2020-10-06 03:15:00, 57937.76940638879, 300.0 
 46.78606070139817, -123.05535699206297, 55.86206896551724, 2020-10-06 03:17:30, 22938.152391549378, 300.0 
 46.98526851435724, -122.87613167289379, 60.0, 2020-10-06 03:30:00, 63535.83255945687, 300.0 
 46.96885871658122, -122.67241165451867, 60.0, 2020-10-06 03:32:30, 35516.027584630436, 150.0 
 46.96428855828783, -122.73926703795287, 36.3265306122449, 2020-10-06 03:42:30, 94283.92619813938, 300.0 
 47.04137184063351, -122.8096540236584, 51.0344827586207, 2020-10-06 03:45:00, 101311.03506549419, 300.0 
 46.88509209935124, -122.60864909050085, 55.172413793103445, 2020-10-06 03:47:30, 53757.23323414733, 150.0 
 46.84413038273207, -122.73091410555978, 47.69230769230769, 2020-10-06 03:50:00, 66689.63844600492, 150.0 
 46.92794263600009, -122.79080148810155, 50.769230769230774, 2020-10-06 03:52:30, 107333.69857501415, 300.0 
 47.01369754719957, -122.81337242559484, 60.0, 2020-10-06 03:55:00, 40552.94476645974, 150.0 
 47.014555106589725, -122.68174796175117, 60.00000000000001, 2020-10-06 03:57:30, 100149.65652997018, 150.0 
 46.959553977572426, -122.74435899860624, 60.0, 2020-10-06 04:00:00, 153241.9261777676, 300.0 
 46.65523761072873, -122.91082416308004, 60.0, 2020-10-06 04:02:30, 99647.31765077719, 300.0 
 47.01735895959703, -122.7141573026031, 30.76923076923077, 2020-10-06 04:05:00, 140496.64958336338, 300.0 
 46.92528990478825, -122.8845463505884, 20.0, 2020-10-06 04:07:30, 115881.6700039364, 300.0 
 46.942843841414906, -122.68299884400868, 38.77551020408163, 2020-10-06 04:12:30, 84886.3738871217, 300.0 
 46.98267544342366, -122.73900011773591, 43.07692307692308, 2020-10-06 04:15:00, 197040.38998961108, 300.0 
 47.319684019582716, -122.7480288846847, 47.69230769230769, 2020-10-06 04:17:30, 190460.07323279663, 300.0 
 47.27989336462778, -122.69031909821045, 60.0, 2020-10-06 04:20:00, 128606.66990139458, 300.0 
 46.89858289735706, -122.78905755586732, 21.379310344827587, 2020-10-06 04:25:00, 72087.43832767775, 300.0 
 46.941240585622666, -122.74194464093623, 20.0, 2020-10-06 04:30:00, 57579.40409259916, 150.0 
 47.0121826701137, -122.73535332875069, 30.0, 2020-10-06 04:32:30, 59105.17372149549, 150.0 
 47.00269347050299, -122.97258269718817, 33.87755102040817, 2020-10-06 04:35:00, 31340.942702986973, 150.0 
 46.973049608693984, -122.7881134936565, 20.0, 2020-10-06 04:37:30, 42071.22611326988, 150.0 
 46.51348039898716, -122.72375816361965, 60.0, 2020-10-06 04:40:00, 33097.480951073034, 300.0 
 47.454367603916666, -122.89419360549431, 20.0, 2020-10-06 04:47:30, 115306.67277761402, 300.0 
 47.5725620885145, -122.53084820399037, 20.0, 2020-10-06 04:50:00, 179264.34367769645, 300.0 
 47.00836549369483, -122.7405039448729, 36.32653061224489, 2020-10-06 04:55:00, 78407.42491968932, 300.0 
 46.79218244019166, -122.54190990860604, 56.55172413793104, 2020-10-06 04:57:30, 124364.76524676358, 300.0 
 46.77352773140684, -122.65725408712683, 40.0, 2020-10-06 05:00:00, 61631.665876452054, 150.0 
 46.87260085616261, -122.62938972596858, 60.0, 2020-10-06 05:02:30, 80344.80180671818, 300.0 
 46.927245715533374, -122.68210354706515, 48.46153846153846, 2020-10-06 05:05:00, 24376.013447501937, 150.0 
 46.917152810551194, -122.68152423727815, 49.230769230769226, 2020-10-06 05:07:30, 37351.7473943566, 300.0 
 46.8314321266498, -122.75829536927914, 20.0, 2020-10-06 05:10:00, 22919.643041908505, 150.0 
 46.8853823270658, -122.73465794935078, 20.0, 2020-10-06 05:12:30, 86691.72843694391, 150.0 
 46.69652436216004, -123.00687065155488, 20.0, 2020-10-06 05:20:00, 44774.13659166514, 300.0 
 47.35945903927606, -122.49209502234311, 37.14285714285714, 2020-10-06 05:22:30, 74532.97849737068, 300.0 
 47.18400309773684, -122.90044630952447, 31.538461538461537, 2020-10-06 05:25:00, 63818.117685097925, 300.0 
 47.012334285963206, -122.86166186921224, 20.0, 2020-10-06 05:27:30, 24512.241061466066, 150.0 
 46.86615107150989, -122.73219636731555, 60.0, 2020-10-06 05:30:00, 43997.48697966405, 150.0 
 47.032281356014096, -122.56718430658425, 46.15384615384616, 2020-10-06 05:32:30, 35470.284204272975, 300.0 
 46.92764253755157, -122.80151554878711, 25.51724137931034, 2020-10-06 05:35:00, 116681.2880051401, 300.0 
 46.93037742275003, -122.73594313345325, 46.15384615384615, 2020-10-06 05:37:30, 206628.27463707555, 300.0 
 46.98794686841349, -122.68021929778459, 43.6734693877551, 2020-10-06 05:40:00, 235318.40079723913, 300.0 
 46.9318693766283, -122.68102741626024, 46.153846153846146, 2020-10-06 05:42:30, 230058.70917914997, 300.0 
 46.94302375956573, -122.67630020613923, 60.0, 2020-10-06 05:47:30, 152396.11026388936, 300.0 
 47.058690779330114, -122.81472641189355, 31.53846153846154, 2020-10-06 05:52:30, 119155.23539676004, 300.0 
 47.21161891557552, -122.56095983045293, 42.04081632653061, 2020-10-06 06:02:30, 123869.80626548412, 300.0 
 47.22914784171111, -122.89649069853213, 50.769230769230774, 2020-10-06 06:07:30, 58762.88732273697, 300.0 
 46.839836550533896, -122.75343177928718, 37.14285714285714, 2020-10-06 06:10:00, 56343.0318245454, 300.0 
 46.7980623629615, -122.59843170913867, 20.0, 2020-10-06 06:12:30, 79409.85535918578, 300.0 
 46.96428855828785, -122.73926703795287, 59.310344827586206, 2020-10-06 06:15:00, 24748.755906942137, 150.0 
 46.86070929678234, -122.92481741393718, 53.79310344827587, 2020-10-06 06:17:30, 34712.212321986604, 150.0 
 46.92934888483952, -122.6379570988393, 33.07692307692307, 2020-10-06 06:20:00, 41938.93023834386, 150.0 
 46.91619663686859, -122.54333886293172, 34.61538461538462, 2020-10-06 06:22:30, 23888.858946857064, 150.0 
 46.9733283739276, -122.53707575686803, 44.61538461538462, 2020-10-06 06:25:00, 18461.194831742036, 150.0 
 47.23620168337785, -122.53399161644795, 53.79310344827587, 2020-10-06 06:27:30, 90109.68543810444, 300.0 
 46.93249257202075, -122.79241343217046, 35.51020408163265, 2020-10-06 06:30:00, 41717.75440865314, 300.0 
 47.02607552237123, -122.79798681735086, 54.48275862068966, 2020-10-06 06:32:30, 25033.2932568219, 150.0 
 46.94120465824889, -122.60642677705536, 60.0, 2020-10-06 06:35:00, 49298.910995285485, 300.0 
 46.92404320489895, -122.66448266715189, 58.62068965517241, 2020-10-06 06:37:30, 64098.89456383723, 150.0 
 46.95945029114549, -122.61147503652887, 20.0, 2020-10-06 06:40:00, 70628.92929110318, 300.0 
 46.96221396654813, -122.54049384343712, 37.14285714285714, 2020-10-06 06:42:30, 15060.649541914834, 150.0 
 46.96119449571328, -122.6840529777238, 54.48275862068966, 2020-10-06 06:47:30, 32237.293833203556, 300.0 
 46.918101680708446, -122.46834495409779, 60.00000000000001, 2020-10-06 06:50:00, 25246.35296660701, 150.0 
 47.01367361022248, -122.68035372879386, 52.41379310344828, 2020-10-06 06:55:00, 33403.11341000892, 150.0 
 46.78127381402021, -122.8102043877609, 35.38461538461539, 2020-10-06 06:57:30, 33953.15972412616, 300.0 
 47.01869357456684, -122.66451804942837, 36.326530612244895, 2020-10-06 07:00:00, 87687.28482352063, 300.0 
 46.98413271104517, -122.68537169885934, 34.61538461538462, 2020-10-06 07:02:30, 74697.01432676103, 300.0 
 47.171659385972255, -122.8821636646752, 40.0, 2020-10-06 07:12:30, 85942.65224537939, 300.0 
 46.942555972373604, -122.69371666459978, 60.0, 2020-10-06 07:17:30, 76632.87454984084, 300.0 
 47.064627271361445, -122.73304333375465, 50.769230769230774, 2020-10-06 07:25:00, 72853.03003212073, 300.0 
 47.06324046715994, -122.81634434963013, 58.62068965517243, 2020-10-06 07:27:30, 32162.39057727874, 150.0 
 46.85177896809451, -122.85192311494058, 20.0, 2020-10-06 07:40:00, 51549.7793286378, 300.0 
 46.92449997653357, -122.94352402130068, 58.62068965517241, 2020-10-06 07:42:30, 33684.09719874095, 150.0 
 46.86949079763009, -122.74445110282927, 34.693877551020414, 2020-10-06 07:45:00, 43826.48300639015, 150.0 
 47.06571442018913, -122.98596668576148, 46.92307692307692, 2020-10-06 07:50:00, 21697.615337681775, 300.0 
 46.963981609066266, -123.12857478680976, 53.10344827586207, 2020-10-06 08:02:30, 37095.73072963841, 300.0 
 47.53111547963958, -122.90980926987727, 52.413793103448285, 2020-10-06 08:15:00, 27282.337422177767, 150.0 
 47.65956126258368, -122.78589888883525, 29.23076923076923, 2020-10-06 09:05:00, 40483.310922600016, 150.0 
 47.067401923518055, -122.48709670451416, 28.275862068965516, 2020-10-06 09:37:30, 77399.2785217543, 300.0 
 46.97565140678175, -122.9856536049966, 20.0, 2020-10-06 09:42:30, 53173.08866568829, 300.0 
 46.97548058792329, -122.83256702797259, 36.326530612244895, 2020-10-06 09:47:30, 105890.36261835374, 300.0 
 46.973479042124694, -122.8055932139269, 32.30769230769231, 2020-10-06 09:52:30, 89651.41310358798, 150.0 
 46.96158938239511, -122.8035405910659, 21.379310344827587, 2020-10-06 09:55:00, 49411.78600165087, 150.0 
 46.88004551919339, -122.79465939411519, 36.326530612244895, 2020-10-06 09:57:30, 61455.643177620266, 150.0 
 47.14191988997522, -122.55575681112173, 53.10344827586208, 2020-10-06 10:00:00, 224344.49665559543, 300.0 
 47.248198145959165, -122.49551915911105, 60.0, 2020-10-06 10:02:30, 103493.82529758204, 300.0 
 46.89390794626478, -122.65740180860111, 33.84615384615385, 2020-10-06 10:05:00, 73115.72585607774, 300.0 
 47.02073458322661, -122.7251033696103, 46.153846153846146, 2020-10-06 10:07:30, 49908.63213977802, 300.0 
 46.91755019745645, -122.80091388046937, 45.38461538461539, 2020-10-06 10:17:30, 137753.76873307483, 300.0 
 47.02175116257254, -122.68753668658732, 33.87755102040816, 2020-10-06 10:25:00, 116166.13941026425, 300.0 
 47.38063365422268, -122.70292684738513, 60.0, 2020-10-06 10:30:00, 129727.70260341735, 300.0 
 46.93139054394223, -122.92785276051879, 53.076923076923066, 2020-10-06 10:35:00, 81107.04672221269, 300.0 
 46.805191750906786, -122.64165514163986, 60.0, 2020-10-06 10:37:30, 66773.55238934144, 300.0 
 47.77583109997667, -122.55845601542372, 33.87755102040817, 2020-10-06 10:42:30, 300316.54411691695, 300.0 
 47.76734399299031, -122.41898568255415, 25.51724137931034, 2020-10-06 10:45:00, 647136.1276262995, 300.0 
 46.97838023424054, -122.76157532590521, 20.0, 2020-10-06 10:55:00, 91135.31500639173, 300.0 
 46.9008339245733, -122.70740327212897, 20.0, 2020-10-06 10:57:30, 72157.4508249501, 150.0 
 46.97529862261434, -122.73991128901196, 22.75862068965517, 2020-10-06 11:00:00, 61585.15981805826, 150.0 
 46.96907935653112, -122.79861773674286, 41.224489795918366, 2020-10-06 11:02:30, 33309.56110073434, 150.0 
 46.969229513987074, -122.79325659183498, 20.0, 2020-10-06 11:05:00, 37899.92555795673, 150.0 
 47.69918694065803, -122.84817444759659, 29.23076923076923, 2020-10-06 11:10:00, 124917.28782727936, 150.0 
 47.78407252427164, -123.05927810468937, 43.673469387755105, 2020-10-06 11:22:30, 216728.85487133585, 300.0 
 47.81821469255312, -122.66040695620134, 31.538461538461544, 2020-10-06 11:32:30, 193037.35062759204, 300.0 
 47.75318557148507, -122.65256065123589, 20.0, 2020-10-06 11:50:00, 240111.53760277756, 300.0 
 47.85854462302509, -122.6641077824096, 37.95918367346939, 2020-10-06 12:40:00, 110134.82516417422, 150.0 
 47.38613526221861, -122.90215062183987, 60.0, 2020-10-06 12:42:30, 180154.6954566613, 300.0 
 47.640469628536884, -122.81194471621941, 20.0, 2020-10-06 15:50:00, 201177.8901212827, 300.0 
 47.54483277257593, -123.03825061385176, 20.0, 2020-10-06 15:52:30, 69509.09965449647, 150.0 
 47.60385585934317, -122.9048387426605, 37.95918367346938, 2020-10-06 16:47:30, 71381.6176442035, 150.0 
 47.51155310073907, -122.85433642957253, 20.0, 2020-10-06 17:45:00, 66956.63702259382, 300.0 
 47.60210590177523, -122.86940345072405, 20.0, 2020-10-06 19:05:00, 91373.08819204816, 150.0 
 47.49725880509642, -123.24131189759932, 22.75862068965517, 2020-10-06 20:40:00, 882631.0099859191, 300.0 
 47.54013280158114, -123.3094107855127, 59.31034482758619, 2020-10-06 21:25:00, 307343.8193989323, 150.0 
 47.597684731162914, -122.62596143895985, 20.0, 2020-10-06 21:40:00, 180662.43001821745, 300.0 
 47.227552723612234, -122.9517067529705, 40.0, 2020-10-06 21:50:00, 149076.81514407674, 300.0 
 47.37272205648996, -122.88914386189604, 20.0, 2020-10-06 22:45:00, 65501.719287726446, 300.0 
 47.63344186121451, -122.83327017486238, 20.000000000000004, 2020-10-06 23:20:00, 288948.161699735, 300.0 
 46.54266825665638, -122.84446230092323, 26.206896551724142, 2020-10-06 02:40:00, 32535.501064661243, 300.0 
 46.45290420502481, -123.04330682564685, 20.0, 2020-10-06 02:50:00, 44433.86590154723, 300.0 
 46.752129828534066, -122.84579056381007, 60.0, 2020-10-06 02:52:30, 82032.75519266199, 300.0 
 46.578708840235905, -122.8924005820533, 20.0, 2020-10-06 03:05:00, 41869.12515434977, 300.0 
 46.72007274067097, -122.9074413712813, 20.0, 2020-10-06 03:07:30, 68061.0405251162, 300.0 
 46.60154102379002, -122.89863356060215, 20.000000000000004, 2020-10-06 03:12:30, 32171.469394375632, 300.0 
 46.58401717137481, -122.83085392216827, 20.000000000000004, 2020-10-06 03:15:00, 35754.25113681716, 300.0 
 46.67863323818197, -122.91026952149858, 41.22448979591836, 2020-10-06 03:32:30, 25269.716527111716, 300.0 
 46.62496476052039, -123.07019476867735, 20.0, 2020-10-06 03:42:30, 43116.1733931262, 300.0 
 46.46350786829571, -123.11766910837073, 20.0, 2020-10-06 03:50:00, 49686.35002976923, 300.0 
 46.45937950387806, -123.11310540452456, 30.612244897959183, 2020-10-06 03:52:30, 22443.97494176209, 300.0 
 46.489127822681446, -122.91548768129515, 20.0, 2020-10-06 04:00:00, 42365.933143198126, 300.0 
 46.52761140794934, -122.84208397318196, 20.0, 2020-10-06 04:17:30, 94279.87406573309, 300.0 
 46.569462561559675, -122.75579450349665, 33.87755102040816, 2020-10-06 04:20:00, 63568.348570863345, 300.0 
 46.824263980346544, -122.83272058521355, 20.0, 2020-10-06 04:27:30, 24445.286670409423, 150.0 
 46.752851245404244, -122.77956310699173, 44.61538461538462, 2020-10-06 04:55:00, 67065.056595933, 300.0 
 46.5199500540016, -122.72274328511261, 60.0, 2020-10-06 05:02:30, 37990.46946204904, 300.0 
 46.55678729407311, -122.88599545815805, 20.0, 2020-10-06 05:32:30, 20746.822668667737, 300.0 
 46.4085357660169, -122.98496255516451, 20.0, 2020-10-06 05:35:00, 24318.887825798327, 150.0 
 46.60827083933595, -122.80315204902823, 34.69387755102041, 2020-10-06 05:37:30, 124100.95697839114, 300.0 
 46.56766619762584, -122.89324481224793, 20.0, 2020-10-06 05:40:00, 125610.04143075731, 300.0 
 46.762017881457666, -122.72376151116985, 34.61538461538461, 2020-10-06 05:45:00, 59978.1791153339, 150.0 
 46.536811991037645, -122.81204586395685, 20.0, 2020-10-06 05:47:30, 43232.10608331409, 300.0 
 46.7650499414324, -122.79464913640146, 35.38461538461539, 2020-10-06 07:00:00, 54397.68447703015, 300.0 
 46.77382789787585, -122.85359897544022, 60.0, 2020-10-06 07:02:30, 34365.4857720088, 300.0 
 46.82526379468566, -122.84332349894999, 36.92307692307693, 2020-10-06 09:50:00, 44056.744232029814, 150.0 
 46.835946368836765, -122.95733102908339, 60.0, 2020-10-06 10:02:30, 32230.08288861538, 300.0 
 46.717603566064795, -123.03997560534, 59.310344827586206, 2020-10-06 10:05:00, 50025.290012938516, 300.0 
 47.48686757794933, -123.06966312903356, 20.0, 2020-10-07 00:05:00, 64066.61172271597, 300.0 
 47.52713948211992, -122.93286292149673, 20.0, 2020-10-07 00:10:00, 93463.09818315772, 300.0 
 47.67448083703058, -122.65462244406359, 42.30769230769231, 2020-10-07 00:17:30, 139892.12753253232, 300.0 
 47.55255836728432, -122.6864774050596, 20.0, 2020-10-07 00:20:00, 79599.05052508407, 150.0 
 47.66320819292909, -122.9777949693906, 20.0, 2020-10-07 00:22:30, 170409.50241662026, 300.0 
 47.66480096225099, -122.84339942248684, 60.0, 2020-10-07 00:25:00, 43984.36446858106, 150.0 
 47.67127334921627, -122.8359160321127, 20.0, 2020-10-07 00:37:30, 114890.76288909564, 300.0 
 47.4834783024799, -122.7971197525971, 30.76923076923077, 2020-10-07 00:57:30, 49846.965158678875, 300.0 
 47.543341082452244, -122.8826860068435, 33.87755102040816, 2020-10-07 01:10:00, 245760.82769852187, 300.0 
 47.60819833966341, -122.84867913930512, 21.53846153846154, 2020-10-07 01:12:30, 188778.05677772354, 150.0 
 47.58048433841803, -122.83369022939652, 24.137931034482758, 2020-10-07 01:15:00, 142817.8429422725, 150.0 
 47.30040327248764, -123.18227542490324, 40.40816326530612, 2020-10-07 01:57:30, 205929.09483832496, 300.0 
 47.59217079612392, -122.84792175229306, 34.61538461538462, 2020-10-07 02:02:30, 196673.7500514093, 300.0 
 47.6198401607771, -122.89146373200276, 25.517241379310345, 2020-10-07 02:05:00, 194867.56866545897, 300.0 
 47.582521694648584, -122.92832154875794, 27.69230769230769, 2020-10-07 02:07:30, 55064.908419248735, 150.0 
 47.23889002520113, -123.04012629908466, 60.0, 2020-10-07 02:10:00, 149282.85125550287, 300.0 
 47.54839134594553, -122.89224860574049, 54.482758620689665, 2020-10-07 02:37:30, 78837.91703125926, 300.0 
 47.48543192759131, -122.88249046384887, 46.923076923076934, 2020-10-07 02:47:30, 92091.70253338316, 300.0 
 47.109369856095064, -123.01636966346985, 44.61538461538462, 2020-10-07 02:50:00, 353235.11975333665, 300.0 
 47.160924489437534, -123.01075449453886, 44.61538461538461, 2020-10-07 02:52:30, 125898.80352804321, 150.0 
 47.60260360236199, -122.73953626822184, 20.000000000000004, 2020-10-07 02:55:00, 82304.2031161336, 300.0 
 47.2956256743109, -123.08156976541781, 46.15384615384615, 2020-10-07 03:02:30, 156394.0850049857, 300.0 
 47.10742716838425, -123.18655714147242, 44.61538461538461, 2020-10-07 03:05:00, 199821.56644344775, 150.0 
 47.25992997173986, -123.01305813458201, 53.10344827586208, 2020-10-07 03:10:00, 688177.3753614739, 300.0 
 47.39916322297272, -123.0857142211359, 60.0, 2020-10-07 03:15:00, 181334.2813468201, 300.0 
 47.73089266243407, -122.78001316405813, 20.0, 2020-10-07 03:17:30, 105272.3827114206, 300.0 
 47.397288230147154, -123.21942730791771, 60.0, 2020-10-07 03:20:00, 140031.39167821032, 300.0 
 47.61422287212821, -122.80780994181649, 34.61538461538462, 2020-10-07 03:22:30, 152104.0119242485, 300.0 
 47.60286033797978, -122.81786130718302, 34.615384615384606, 2020-10-07 03:25:00, 174200.0470321685, 300.0 
 47.49153916995007, -123.08348284975636, 23.448275862068968, 2020-10-07 03:27:30, 67694.8188408946, 150.0 
 47.671634007019236, -122.96116113409936, 20.0, 2020-10-07 03:35:00, 65228.868200801815, 300.0 
 47.5996317732988, -122.85317353261249, 35.38461538461539, 2020-10-07 03:40:00, 145176.8038154324, 150.0 
 47.55012595395219, -122.89947840771453, 36.326530612244895, 2020-10-07 03:42:30, 250322.1020482093, 300.0 
 47.57935816758424, -122.93811902404542, 31.538461538461537, 2020-10-07 03:47:30, 134689.93597102014, 150.0 
 47.241819720614856, -123.19624235407197, 40.40816326530613, 2020-10-07 03:50:00, 502785.54318629723, 300.0 
 47.669848677172624, -122.76117174834403, 20.0, 2020-10-07 04:00:00, 108262.57886237682, 300.0 
 47.686269974088475, -122.7606749818024, 20.0, 2020-10-07 04:02:30, 118413.91762513218, 150.0 
 47.51853745489148, -122.80820512813207, 33.07692307692308, 2020-10-07 04:07:30, 215329.01647268256, 150.0 
 47.60434893719842, -122.74676954775263, 32.30769230769231, 2020-10-07 04:10:00, 362674.59211915225, 300.0 
 47.87757404358972, -122.78534321138481, 33.87755102040816, 2020-10-07 04:12:30, 263926.4546927753, 300.0 
 47.706777985249616, -122.78864155762143, 22.307692307692314, 2020-10-07 04:15:00, 90463.99639443119, 150.0 
 47.62954467002126, -122.91185435286339, 55.17241379310345, 2020-10-07 04:17:30, 105907.06884637292, 150.0 
 47.60784296859161, -122.85293937247727, 34.61538461538461, 2020-10-07 04:20:00, 125211.91693789462, 150.0 
 47.64971636703114, -122.76056870159088, 30.76923076923077, 2020-10-07 04:22:30, 96275.88314403739, 150.0 
 47.628378159485976, -122.70350403946378, 33.87755102040817, 2020-10-07 04:25:00, 61557.511915933705, 150.0 
 47.31581594652356, -122.94762000413373, 60.0, 2020-10-07 04:27:30, 76057.11890116979, 300.0 
 47.41690887509549, -122.95278079311859, 60.0, 2020-10-07 04:30:00, 56860.65512489181, 150.0 
 47.748402367469794, -122.83001931412986, 20.0, 2020-10-07 04:35:00, 144189.5097765128, 300.0 
 47.5847109830163, -122.87423789444493, 33.07692307692307, 2020-10-07 04:45:00, 112450.5574896771, 300.0 
 47.56747606352113, -122.94026095586844, 33.846153846153854, 2020-10-07 04:47:30, 58978.853985730944, 150.0 
 47.49452742891613, -123.25246343865851, 19.999999999999996, 2020-10-07 04:50:00, 57813.8706970209, 150.0 
 47.71521722901486, -122.77500511015462, 20.0, 2020-10-07 04:52:30, 105628.80633545817, 300.0 
 47.728150545312545, -122.76000595267008, 20.0, 2020-10-07 04:55:00, 71548.7899304812, 150.0 
 47.72342828283842, -122.7747600349696, 33.84615384615384, 2020-10-07 04:57:30, 62386.75419091274, 150.0 
 47.73776336001128, -122.7426644501959, 20.0, 2020-10-07 05:00:00, 28867.029602029375, 150.0 
 47.52582251205395, -122.65579731647976, 33.07692307692307, 2020-10-07 05:35:00, 76641.92024698904, 300.0 
 47.669622767565755, -122.77455537267589, 49.23076923076923, 2020-10-07 05:37:30, 65564.7020421154, 150.0 
 47.70244412018646, -122.80215583070778, 31.538461538461544, 2020-10-07 05:40:00, 51832.18889429121, 150.0 
 47.6839489285815, -122.77108305351129, 32.307692307692314, 2020-10-07 05:42:30, 138349.13164346962, 150.0 
 47.6875481684553, -122.70589233305992, 20.0, 2020-10-07 05:45:00, 96271.34164467134, 150.0 
 47.63076841920984, -122.91121294560399, 24.82758620689655, 2020-10-07 05:47:30, 11374.19182547446, 150.0 
 47.60444697167647, -122.87610951629179, 20.0, 2020-10-07 05:50:00, 49825.61269778163, 150.0 
 47.59351316718711, -122.85638291392814, 20.0, 2020-10-07 05:52:30, 52323.21638338447, 150.0 
 47.73758293775986, -122.75910846938352, 34.61538461538462, 2020-10-07 06:15:00, 68224.8428343862, 300.0 
 47.721343870341734, -122.74316816206769, 33.87755102040816, 2020-10-07 06:17:30, 36788.25336837798, 150.0 
 47.724661865678236, -122.74550167132814, 33.07692307692307, 2020-10-07 06:20:00, 47799.16283286039, 150.0 
 47.41398096279662, -122.88327680994425, 55.17241379310345, 2020-10-07 06:30:00, 148519.49706886278, 300.0 
 47.60269602296295, -122.80571905529322, 34.61538461538461, 2020-10-07 06:32:30, 41758.73346153549, 150.0 
 47.67940911683125, -122.86121682088775, 33.07692307692309, 2020-10-07 06:35:00, 36021.81773320574, 150.0 
 47.647237013475866, -122.88219580687101, 45.38461538461539, 2020-10-07 07:00:00, 74378.24662055851, 300.0 
 47.507847992689115, -122.96732343154798, 25.517241379310345, 2020-10-07 07:07:30, 77456.53662680545, 300.0 
 47.61109444729674, -122.78907442929201, 44.61538461538461, 2020-10-07 07:10:00, 43826.00055409471, 150.0 
 47.749822167486464, -122.69540410557948, 20.000000000000004, 2020-10-07 07:12:30, 42823.64291298381, 150.0 
 47.74456983769732, -122.75950272689083, 45.38461538461538, 2020-10-07 07:15:00, 29593.834482586808, 150.0 
 47.54812311775886, -123.07544002953124, 60.0, 2020-10-07 07:17:30, 45456.189470253885, 300.0 
 47.815449189778555, -122.50185971543183, 20.0, 2020-10-07 07:25:00, 52616.89604425196, 300.0 
 47.66396394721522, -122.53154447027462, 20.0, 2020-10-07 07:27:30, 47594.859658387475, 150.0 
 47.797400773695415, -122.77860824170648, 20.0, 2020-10-07 07:30:00, 32022.467610315372, 150.0 
 47.62278652230467, -122.80330534033905, 52.41379310344828, 2020-10-07 07:47:30, 47903.93855015754, 300.0 
 47.68829847678781, -123.05133653307281, 20.0, 2020-10-07 08:00:00, 75615.80320772853, 300.0 
 47.63421051013386, -122.76772812651619, 20.0, 2020-10-07 08:02:30, 32069.919140762755, 150.0 
 47.62417357587833, -122.8148056429082, 20.0, 2020-10-07 08:05:00, 23776.16500951925, 150.0 
 47.615134033396885, -122.81446458464409, 20.0, 2020-10-07 08:12:30, 51256.45166309365, 300.0 
 47.64763211366903, -122.88096948449544, 60.0, 2020-10-07 08:25:00, 57904.064509832075, 300.0 
 47.76873101556145, -122.69662832718643, 20.0, 2020-10-07 08:27:30, 33623.833287948044, 150.0 
 47.762092412680296, -122.69196775935168, 24.827586206896548, 2020-10-07 08:30:00, 35662.19876480482, 150.0 
 47.67749746938956, -122.74999636705861, 34.69387755102041, 2020-10-07 08:37:30, 104783.54135469552, 300.0 
 47.73360902312126, -122.65391232335375, 20.0, 2020-10-07 08:40:00, 77312.60357236107, 150.0 
 47.74929198796408, -122.74474391610406, 20.0, 2020-10-07 08:45:00, 51946.14759231184, 300.0 
 47.3963653686657, -123.16924760713695, 20.0, 2020-10-07 08:55:00, 43006.72268124501, 300.0 
 47.86161760809628, -122.56429871781292, 46.15384615384615, 2020-10-07 09:02:30, 75523.25381940969, 300.0 
 47.63586548206564, -122.89223511578264, 20.0, 2020-10-07 09:05:00, 66847.85662497628, 300.0 
 47.789342641243366, -122.67342690567801, 33.84615384615385, 2020-10-07 09:10:00, 59074.541192862176, 300.0 
 47.77880166556416, -122.77003348255668, 21.379310344827584, 2020-10-07 09:17:30, 52062.78921147064, 300.0 
 47.788193435042054, -122.76609257187509, 20.0, 2020-10-07 09:37:30, 66824.41397664347, 300.0 
 47.43944699939041, -123.05266265210071, 60.0, 2020-10-07 09:40:00, 114262.01036922897, 300.0 
 47.44799769540494, -123.01068010161347, 60.0, 2020-10-07 09:42:30, 29321.763588842547, 150.0 
 47.85427189553334, -122.88671898690484, 45.38461538461539, 2020-10-07 09:45:00, 66322.28959558129, 300.0 
 47.56788332155825, -122.97362493256085, 48.46153846153847, 2020-10-07 10:10:00, 51495.121529269476, 300.0 
 47.14466388107576, -123.06052831537201, 60.0, 2020-10-07 10:12:30, 52446.489902640904, 300.0 
 47.62626704929791, -122.81778117816702, 20.0, 2020-10-07 10:15:00, 68486.38522901526, 300.0 
 47.21076825478243, -123.25357463658474, 54.48275862068965, 2020-10-07 10:27:30, 93025.3481232741, 300.0 
 47.26940239554149, -123.08703032789766, 42.0408163265306, 2020-10-07 10:30:00, 56215.460688991894, 150.0 
 47.40856696409911, -123.08185732688014, 46.15384615384615, 2020-10-07 10:35:00, 149149.79818969787, 300.0 
 47.53062942618241, -122.88425218134145, 32.30769230769231, 2020-10-07 10:37:30, 26635.37717654824, 150.0 
 47.57037360150774, -122.81457016205566, 32.30769230769231, 2020-10-07 10:42:30, 67084.14260219836, 300.0 
 47.50775723134858, -122.80064105676506, 32.30769230769231, 2020-10-07 10:45:00, 42217.945658590084, 150.0 
 47.34361584314736, -122.93721063623943, 31.538461538461537, 2020-10-07 10:47:30, 29798.142476152316, 150.0 
 47.650383230618395, -122.69186987775146, 20.0, 2020-10-07 10:50:00, 123157.11426082789, 300.0 
 47.60924056415554, -122.74418804734962, 19.999999999999996, 2020-10-07 10:52:30, 41845.56748766638, 150.0 
 47.60344294306557, -122.80023126563381, 20.0, 2020-10-07 10:55:00, 65379.250431767694, 150.0 
 47.59149916525473, -122.89104838542012, 32.307692307692314, 2020-10-07 10:57:30, 95986.47815896946, 150.0 
 47.590224138934495, -122.92022071430655, 31.53846153846154, 2020-10-07 11:00:00, 113083.00619813187, 150.0 
 47.463275528181036, -122.91641469081398, 33.84615384615384, 2020-10-07 11:02:30, 175069.48995329122, 150.0 
 47.59828267511555, -122.72448980633095, 20.0, 2020-10-07 11:05:00, 147605.04072489546, 150.0 
 47.563232443593186, -122.83358535900356, 20.0, 2020-10-07 11:07:30, 66216.2165897746, 150.0 
 47.51573735405633, -122.8137435734368, 29.230769230769234, 2020-10-07 11:10:00, 46753.264482378014, 300.0 
 47.79174715597058, -122.48380479885688, 59.310344827586206, 2020-10-07 11:12:30, 119412.51769769037, 300.0 
 47.67119882324124, -122.8614533135254, 33.84615384615384, 2020-10-07 11:17:30, 106104.51644209048, 300.0 
 47.70884799483724, -122.82022385477416, 34.693877551020414, 2020-10-07 11:20:00, 51645.12084871697, 150.0 
 47.44049969732834, -122.60830632049853, 53.103448275862064, 2020-10-07 11:22:30, 114485.70698386226, 300.0 
 47.73999967109056, -122.8783631274103, 32.307692307692314, 2020-10-07 11:25:00, 80267.39054781783, 300.0 
 47.755669389976305, -122.67390183944678, 20.0, 2020-10-07 11:27:30, 57042.463109731776, 150.0 
 47.747366929968344, -122.75393652375949, 30.769230769230774, 2020-10-07 11:32:30, 92283.07038732864, 300.0 
 47.7269103969946, -122.78926046670665, 20.0, 2020-10-07 11:35:00, 60639.68473388825, 150.0 
 47.68569127557119, -122.77832795459238, 34.61538461538461, 2020-10-07 11:37:30, 58392.95916279952, 150.0 
 47.67258832547768, -122.78115522046787, 34.61538461538462, 2020-10-07 11:40:00, 81175.61585964795, 150.0 
 47.640900138366206, -122.74686247670164, 30.0, 2020-10-07 11:42:30, 97273.46021085611, 150.0 
 47.506118865336305, -123.1794952009367, 20.0, 2020-10-07 11:45:00, 105327.03723788472, 300.0 
 47.755944585235184, -122.84137217323948, 20.0, 2020-10-07 11:55:00, 77996.03612510137, 300.0 
 47.65146000102896, -122.76780829932213, 31.538461538461533, 2020-10-07 11:57:30, 65887.55439430082, 150.0 
 47.62217675471604, -123.16413315226131, 45.38461538461539, 2020-10-07 12:02:30, 84139.91316475916, 300.0 
 47.488440386816, -123.21806081700053, 20.0, 2020-10-07 12:07:30, 234258.98882113132, 300.0 
 47.613393646815695, -122.80722696672552, 33.84615384615385, 2020-10-07 12:10:00, 173070.28442680492, 300.0 
 47.635784540306176, -122.76281856185392, 33.87755102040816, 2020-10-07 12:12:30, 99548.90882056297, 150.0 
 47.680404592076236, -122.78213637506802, 31.538461538461544, 2020-10-07 12:15:00, 74217.03944524865, 150.0 
 47.32724806243122, -123.28073375564136, 26.20689655172414, 2020-10-07 12:20:00, 101816.47500035624, 300.0 
 47.428123766125346, -123.26535656152666, 26.20689655172414, 2020-10-07 12:22:30, 53339.67623133982, 150.0 
 47.57886806497647, -122.96484164634819, 45.30612244897959, 2020-10-07 12:27:30, 102086.46744139503, 300.0 
 47.84711060585074, -122.75026387687693, 57.241379310344826, 2020-10-07 12:42:30, 127783.74871618905, 300.0 
 47.81769824167407, -122.79141193132733, 31.538461538461544, 2020-10-07 12:45:00, 85479.63462371145, 150.0 
 47.733264925750476, -122.7440204005859, 32.30769230769231, 2020-10-07 12:47:30, 67661.97831070417, 150.0 
 47.695477603557535, -122.77316595580942, 36.326530612244895, 2020-10-07 12:52:30, 90127.24799498102, 300.0 
 47.73163843580773, -122.77451217838217, 35.51020408163265, 2020-10-07 12:55:00, 48157.594521894745, 150.0 
 47.67845029064909, -122.91476067284667, 20.0, 2020-10-07 13:02:30, 71368.42270975366, 300.0 
 47.799980474478275, -123.01441317834647, 20.0, 2020-10-07 13:05:00, 56901.56852877811, 150.0 
 47.549680424053896, -122.92921347966742, 20.0, 2020-10-07 13:22:30, 52915.26042516903, 300.0 
 47.575546132940374, -123.22284502646826, 23.44827586206897, 2020-10-07 15:05:00, 205908.37015922752, 300.0 
 47.28207443403425, -123.15733071367723, 35.51020408163265, 2020-10-07 15:07:30, 257774.90200162306, 300.0 
 47.53288322181361, -122.86781788137297, 34.61538461538461, 2020-10-07 15:10:00, 170212.04200577323, 300.0 
 47.588339645108036, -122.90085091873149, 20.0, 2020-10-07 15:15:00, 171999.9897183345, 300.0 
 47.569040922044096, -122.8692183503453, 20.0, 2020-10-07 15:17:30, 87815.05505299041, 150.0 
 47.392783556189215, -123.18021507706787, 35.510204081632644, 2020-10-07 15:25:00, 166016.51871279403, 300.0 
 47.22102585725592, -123.13219959401312, 60.0, 2020-10-07 15:27:30, 242621.7500631935, 150.0 
 47.33701938194322, -123.18870814620652, 42.04081632653061, 2020-10-07 15:30:00, 237330.47308477352, 150.0 
 47.30699528909515, -123.03419882133956, 45.38461538461539, 2020-10-07 15:32:30, 192427.36936437455, 150.0 
 47.60983788429465, -123.01381246623518, 26.89655172413793, 2020-10-07 15:40:00, 320942.34145592287, 300.0 
 47.577422709803145, -122.78947446133166, 20.0, 2020-10-07 15:42:30, 52193.37931955852, 150.0 
 47.62085667462829, -122.8124737425443, 23.448275862068968, 2020-10-07 15:55:00, 449052.8680405934, 300.0 
 47.63238431153482, -122.81456270269695, 24.137931034482754, 2020-10-07 15:57:30, 310316.0667019096, 150.0 
 47.7574709210288, -122.92841390300313, 20.0, 2020-10-07 16:00:00, 157166.4207792505, 150.0 
 47.61836555622715, -122.66494474458078, 20.0, 2020-10-07 16:02:30, 413652.67411132465, 300.0 
 47.58073281680376, -122.94961493267357, 20.0, 2020-10-07 16:12:30, 410341.9420280523, 300.0 
 47.6397621211416, -122.75358168399569, 20.0, 2020-10-07 16:15:00, 298260.8034824741, 150.0 
 47.759260768245035, -122.84371228540945, 20.0, 2020-10-07 16:17:30, 257603.01708597803, 150.0 
 47.5098966646989, -123.03636657771739, 48.46153846153847, 2020-10-07 16:22:30, 596041.5301026157, 300.0 
 47.63377414086865, -122.88925524863865, 34.61538461538462, 2020-10-07 16:25:00, 506783.6108283696, 150.0 
 47.91281041717107, -122.872239283044, 20.0, 2020-10-07 16:30:00, 118187.11817399037, 300.0 
 47.65142225492421, -122.65050752461998, 20.000000000000004, 2020-10-07 16:35:00, 454036.290630489, 300.0 
 47.56457633227565, -122.84204068371558, 53.103448275862064, 2020-10-07 16:47:30, 93400.30292213475, 300.0 
 47.63818806639323, -122.7584913090817, 31.538461538461544, 2020-10-07 16:50:00, 60925.57013510432, 150.0 
 47.891283494683805, -122.9235311788307, 20.0, 2020-10-07 20:12:30, 574834.8913701014, 300.0 
 47.73507901435643, -122.94424728165052, 46.92307692307692, 2020-10-07 20:15:00, 42193.99926821134, 150.0 
 47.56768209112515, -122.9238689386033, 20.0, 2020-10-07 20:17:30, 49999.22720184531, 150.0 
 47.52697491800594, -122.98682656554882, 20.0, 2020-10-07 20:20:00, 34085.36963743472, 150.0 
 47.40500617559927, -123.17086774652365, 37.14285714285714, 2020-10-07 20:27:30, 725162.9717055708, 300.0 
 47.401661126554146, -123.2465452912303, 33.07692307692308, 2020-10-07 20:37:30, 183394.4078395796, 300.0 
 47.4609568179056, -123.22107189278661, 45.384615384615394, 2020-10-07 20:40:00, 134720.58190095195, 150.0 
 47.59970902904062, -122.89081746391032, 20.0, 2020-10-07 20:42:30, 314274.3805075424, 300.0 
 47.48269726469398, -123.13882325060649, 44.48979591836735, 2020-10-07 20:47:30, 99055.87433233089, 150.0 
 47.37802242828121, -122.9973466024742, 50.0, 2020-10-07 20:55:00, 805520.7588201845, 300.0 
 47.49787101514446, -123.02636836980803, 53.10344827586207, 2020-10-07 20:57:30, 246920.57797595233, 150.0 
 47.409746086214994, -122.8114023185136, 31.538461538461544, 2020-10-07 21:02:30, 583708.429845468, 300.0 
 47.65599025900092, -123.13844596756067, 60.0, 2020-10-07 21:05:00, 208960.55790442176, 300.0 
 47.7902494076148, -122.88974333705337, 20.000000000000004, 2020-10-07 21:10:00, 204589.54875763334, 300.0 
 47.50024360887535, -122.94994471003656, 44.61538461538463, 2020-10-07 21:12:30, 496785.4562186791, 300.0 
 47.52931336069887, -122.97645625706726, 45.38461538461539, 2020-10-07 21:15:00, 232567.44562338598, 150.0 
 47.62011506986112, -122.67217768896798, 30.76923076923077, 2020-10-07 21:17:30, 418157.10606419214, 300.0 
 47.64029196581023, -122.85322373237798, 28.275862068965516, 2020-10-07 21:20:00, 271977.2150388826, 150.0 
 47.681544265997815, -122.77541256243919, 20.0, 2020-10-07 21:25:00, 552168.8997497062, 150.0 
 47.470901058634965, -123.00282147297618, 46.15384615384616, 2020-10-07 21:27:30, 688869.5614466876, 300.0 
 47.47415151485343, -123.14629033440275, 46.15384615384616, 2020-10-07 21:30:00, 1234098.4990636758, 300.0 
 47.60601282574534, -122.80805119645345, 29.655172413793103, 2020-10-07 21:32:30, 1366940.1533581426, 300.0 
 47.32893685289485, -123.01371452052788, 46.92307692307693, 2020-10-07 21:35:00, 1485017.5750548516, 300.0 
 47.46917247301999, -122.99559884434822, 59.310344827586206, 2020-10-07 21:37:30, 206513.3770988521, 150.0 
 47.75220011077339, -122.8688880940749, 46.153846153846146, 2020-10-07 21:40:00, 235263.527822259, 300.0 
 47.67319396299164, -122.62364962663722, 20.0, 2020-10-07 21:45:00, 364013.1618564727, 300.0 
 47.6094935496739, -122.8225265526888, 33.07692307692308, 2020-10-07 21:47:30, 206338.84435543683, 150.0 
 47.74599603620562, -122.83435183672958, 22.758620689655174, 2020-10-07 21:50:00, 444921.42824479536, 150.0 
 47.622433312381716, -122.80756772399418, 34.61538461538462, 2020-10-07 21:52:30, 464529.09672505694, 150.0 
 47.683093834912455, -122.71028906006885, 20.0, 2020-10-07 21:57:30, 100307.83899023992, 300.0 
 47.63169312578497, -122.44152621493127, 26.153846153846153, 2020-10-07 22:02:30, 718074.4017515748, 300.0 
 47.759884576317646, -123.13846335851078, 31.538461538461537, 2020-10-07 22:05:00, 219879.6894538438, 300.0 
 47.36721067689524, -123.1306154584173, 45.38461538461539, 2020-10-07 22:07:30, 470431.42958533176, 300.0 
 47.38432816807605, -123.08123746614413, 60.0, 2020-10-07 22:10:00, 210625.70513446737, 150.0 
 47.58525576460256, -122.64779934630997, 44.61538461538462, 2020-10-07 22:12:30, 371670.1614210438, 300.0 
 47.612100045460245, -123.18258125497789, 60.0, 2020-10-07 22:15:00, 156463.93510048414, 300.0 
 47.76022497080397, -122.98619984973477, 30.76923076923077, 2020-10-07 22:17:30, 259558.81871076956, 150.0 
 47.74584115353663, -123.05598653056119, 44.48979591836734, 2020-10-07 22:20:00, 452824.0941308247, 150.0 
 47.67651454755725, -122.62597244656848, 20.0, 2020-10-07 22:27:30, 265680.1937533036, 300.0 
 47.78135252671201, -122.60605071255274, 60.0, 2020-10-07 22:30:00, 98552.6543039171, 150.0 
 47.79694164929184, -122.71645659499298, 35.38461538461539, 2020-10-07 22:45:00, 352120.4772024413, 300.0 
 47.75909970107875, -122.83153573895478, 55.862068965517246, 2020-10-07 22:47:30, 131297.18703482824, 150.0 
 47.72880935984888, -122.7484185579037, 20.0, 2020-10-07 22:50:00, 135102.93057250348, 150.0 
 47.64723701347587, -122.88219580687101, 22.06896551724138, 2020-10-07 23:27:30, 103591.48307379076, 300.0 
 47.8165815410873, -122.65486637967318, 36.15384615384616, 2020-10-07 23:32:30, 120466.32947305277, 300.0 
 47.86720538949834, -122.69044370024052, 45.30612244897959, 2020-10-07 23:35:00, 106782.42910120009, 150.0 
 47.72114435873863, -122.7174348447702, 20.0, 2020-10-07 00:55:00, 59492.20738403373, 300.0 
 47.41943025570336, -122.55491503200803, 20.0, 2020-10-07 01:02:30, 95735.99706449974, 300.0 
 46.83090339072705, -122.67658359019703, 46.15384615384616, 2020-10-07 01:47:30, 77867.33595815445, 300.0 
 47.402653646157155, -123.02906301215783, 60.00000000000001, 2020-10-07 02:02:30, 180709.84293774122, 300.0 
 46.857061995352254, -122.66066491575941, 35.38461538461539, 2020-10-07 02:07:30, 66470.96121362812, 300.0 
 46.7859226750254, -122.64056636717365, 34.61538461538461, 2020-10-07 02:10:00, 66617.25052295225, 150.0 
 46.7881607579639, -122.72765890020302, 34.61538461538461, 2020-10-07 02:15:00, 127143.34074677175, 300.0 
 46.83524894531922, -122.75316281678955, 20.0, 2020-10-07 02:17:30, 79473.99565171103, 150.0 
 46.87618686597671, -122.66711463404103, 20.0, 2020-10-07 02:25:00, 74825.50205218387, 300.0 
 46.899145155891475, -122.73546067085479, 46.15384615384615, 2020-10-07 02:27:30, 45796.6512860159, 150.0 
 46.9164376469807, -122.53396491299613, 20.0, 2020-10-07 02:30:00, 27096.89608355069, 150.0 
 46.86350405436653, -122.69452682897956, 20.000000000000004, 2020-10-07 02:57:30, 61731.33283067107, 300.0 
 46.933093218651365, -122.73744330477786, 20.0, 2020-10-07 03:00:00, 22221.68105610429, 150.0 
 47.01741082865336, -122.9721647811602, 47.69230769230769, 2020-10-07 03:22:30, 69042.1258837254, 300.0 
 47.56130426173186, -122.97821964862291, 33.84615384615385, 2020-10-07 03:30:00, 90702.96537074786, 150.0 
 47.465991158007725, -122.77430492601889, 20.0, 2020-10-07 03:37:30, 66985.58680260484, 300.0 
 47.27202375725379, -123.35693150277277, 33.84615384615385, 2020-10-07 03:42:30, 77511.46214634381, 300.0 
 47.58168499537723, -122.9088900393536, 60.00000000000001, 2020-10-07 03:45:00, 70610.17198748684, 150.0 
 47.68726861646566, -122.78076124548673, 20.0, 2020-10-07 03:52:30, 178286.69951090842, 300.0 
 47.66690028729954, -122.78633985005811, 44.61538461538461, 2020-10-07 04:05:00, 126095.21828207614, 150.0 
 47.40450083576377, -123.09010084906443, 60.0, 2020-10-07 04:10:00, 96591.35315830591, 150.0 
 47.41350047152286, -123.03517817984377, 60.0, 2020-10-07 04:37:30, 86201.41962424906, 300.0 
 47.606905084643806, -122.92677042621268, 32.307692307692314, 2020-10-07 05:55:00, 25929.84252263882, 150.0 
 47.47886869342506, -122.84013590391444, 20.0, 2020-10-07 05:57:30, 46493.19412965687, 150.0 
 47.67963180097498, -122.79118777226346, 40.0, 2020-10-07 06:22:30, 35160.745990481155, 150.0 
 47.6982770896914, -122.78142236450135, 20.0, 2020-10-07 06:25:00, 82202.56334917303, 150.0 
 46.70100822951089, -122.88557996764033, 28.965517241379317, 2020-10-07 07:57:30, 35032.293841704355, 300.0 
 46.7583483546467, -122.84093329506166, 20.0, 2020-10-07 08:37:30, 40501.63693840681, 300.0 
 46.794136978105115, -122.77751743368279, 55.172413793103445, 2020-10-07 08:45:00, 20625.0314982753, 150.0 
 46.72594122712808, -122.78418782286725, 45.38461538461539, 2020-10-07 08:47:30, 14410.156386697772, 150.0 
 46.75225015762242, -122.79644049601868, 54.61538461538461, 2020-10-07 08:52:30, 24872.971765063936, 150.0 
 46.97563639029257, -122.85943086655121, 33.84615384615385, 2020-10-07 08:55:00, 43068.74697508947, 300.0 
 46.7881291259997, -122.86012113231644, 43.84615384615385, 2020-10-07 08:57:30, 27150.307919857652, 150.0 
 46.80499774094556, -122.47168438670327, 33.06122448979592, 2020-10-07 09:05:00, 68811.25460424396, 300.0 
 46.78102999785386, -122.94665646162737, 20.0, 2020-10-07 09:07:30, 60474.16666595775, 300.0 
 46.88710523922474, -122.77229124325913, 60.0, 2020-10-07 09:17:30, 70052.3312620195, 300.0 
 46.98663970906913, -122.72848866807185, 56.55172413793103, 2020-10-07 09:20:00, 28818.46130424375, 150.0 
 46.887197465513026, -122.66774313892478, 21.379310344827587, 2020-10-07 09:22:30, 43907.14383038097, 150.0 
 46.78832005983844, -122.85344235449371, 38.775510204081634, 2020-10-07 09:25:00, 27068.224659912623, 150.0 
 46.79856515136472, -122.84870830069187, 47.755102040816325, 2020-10-07 09:27:30, 65457.85719014658, 150.0 
 46.6676323464137, -122.73268592323154, 33.84615384615385, 2020-10-07 09:30:00, 93675.65645193774, 150.0 
 46.746268263262635, -122.84555480982415, 29.655172413793103, 2020-10-07 09:32:30, 66269.2430357854, 150.0 
 46.79732049187211, -122.79510241509226, 20.0, 2020-10-07 09:42:30, 68497.67217982054, 300.0 
 46.78309656889956, -122.74475675992245, 20.0, 2020-10-07 09:45:00, 23268.08951361493, 150.0 
 47.320887979740284, -122.83729314198679, 29.230769230769234, 2020-10-07 09:47:30, 146689.1218356591, 300.0 
 47.36446569880347, -122.88863395451204, 28.46153846153846, 2020-10-07 09:50:00, 112134.43957466308, 150.0 
 46.82436968072582, -122.87838494799729, 20.0, 2020-10-07 09:57:30, 58653.92976512746, 300.0 
 46.981117116805066, -122.52004800686731, 60.0, 2020-10-07 10:00:00, 44833.320468459526, 300.0 
 47.43959518860797, -123.29155269863496, 24.827586206896555, 2020-10-07 10:15:00, 51232.9051869603, 300.0 
 46.93172546857979, -122.68638523000163, 20.0, 2020-10-07 10:20:00, 165572.50867299628, 300.0 
 46.913959431678244, -122.9267727484582, 60.0, 2020-10-07 10:22:30, 35759.13185264724, 150.0 
 46.884352721817606, -122.77212878516286, 20.0, 2020-10-07 10:42:30, 133065.74084938047, 300.0 
 46.78739097719589, -122.75571156649416, 46.153846153846146, 2020-10-07 10:50:00, 70248.17732951362, 150.0 
 46.82990131357191, -122.81310647451932, 20.0, 2020-10-07 11:00:00, 191720.49077841247, 300.0 
 46.75417502986238, -122.72702257803745, 30.769230769230774, 2020-10-07 11:02:30, 118241.95251406626, 150.0 
 46.745917109324736, -122.72654325685644, 46.92307692307692, 2020-10-07 11:05:00, 48870.507948352555, 150.0 
 47.19037864419569, -123.20825033911447, 60.0, 2020-10-07 11:07:30, 49484.324274122635, 300.0 
 46.9315922046383, -122.82455835405258, 45.38461538461539, 2020-10-07 11:27:30, 70279.07189797476, 300.0 
 46.781595209410725, -123.05105628757563, 57.241379310344826, 2020-10-07 11:37:30, 85017.92773382438, 300.0 
 46.79164629020004, -122.86568677605517, 30.769230769230774, 2020-10-07 11:40:00, 55908.57573143402, 150.0 
 46.840769239116966, -122.85125770022879, 20.0, 2020-10-07 11:42:30, 47241.65584531889, 150.0 
 46.832359076363886, -122.85610601727002, 20.0, 2020-10-07 11:45:00, 49445.19556566618, 150.0 
 47.61509719037866, -123.11620520935773, 27.586206896551722, 2020-10-07 11:47:30, 46040.43721246995, 300.0 
 46.754171821546926, -122.69359463627131, 60.0, 2020-10-07 12:15:00, 183912.24116347122, 300.0 
 46.75804302365211, -122.85161336123778, 20.0, 2020-10-07 12:35:00, 61932.73905196397, 150.0 
 46.836019720424545, -122.75856478636075, 60.0, 2020-10-07 12:50:00, 124772.24066777107, 300.0 
 46.65386083041837, -122.52502560890416, 20.0, 2020-10-07 12:57:30, 277750.1078814693, 300.0 
 46.70262327665898, -122.66258412642298, 60.0, 2020-10-07 13:02:30, 130591.1955629315, 300.0 
 46.710415513179925, -122.68039507179891, 38.775510204081634, 2020-10-07 13:05:00, 136909.2572801718, 150.0 
 46.87760160455553, -122.75028664863467, 60.0, 2020-10-07 13:07:30, 137816.94262166435, 150.0 
 46.58646068403931, -122.80929348451315, 60.0, 2020-10-07 13:15:00, 122070.15582461645, 300.0 
 46.59385608549498, -122.38980920701411, 35.51020408163265, 2020-10-07 13:25:00, 154886.92875711212, 300.0 
 46.584726441116786, -122.46130560891405, 60.0, 2020-10-07 13:35:00, 64988.71621071668, 300.0 
 46.627892584105204, -122.5342890692395, 60.00000000000001, 2020-10-07 13:37:30, 62014.30026260607, 150.0 
 46.75088252947123, -122.27897432261258, 39.59183673469388, 2020-10-07 13:42:30, 185934.69323864926, 300.0 
 46.6564753411332, -122.73737714689206, 20.0, 2020-10-07 13:45:00, 93729.97689844636, 300.0 
 46.684314495929584, -122.5200012982163, 20.000000000000004, 2020-10-07 13:50:00, 192292.55343918878, 300.0 
 47.16593242337201, -123.28342482187587, 60.0, 2020-10-07 15:15:00, 151799.56935203777, 300.0 
 47.56429805532875, -122.84127788027956, 20.0, 2020-10-07 15:22:30, 102082.71216963313, 300.0 
 47.58183994534147, -122.90346692790874, 20.0, 2020-10-07 20:25:00, 154209.4589228388, 300.0 
 47.68698038501812, -123.16998348566854, 20.0, 2020-10-07 20:45:00, 23210.346701434373, 150.0 
 47.73243743769088, -123.0341041101155, 20.689655172413794, 2020-10-07 20:47:30, 58264.2727366909, 300.0 
 47.266251119511765, -123.27955105427593, 60.0, 2020-10-07 20:57:30, 342483.1647462027, 300.0 
 47.50591173777874, -122.79296302218687, 40.40816326530612, 2020-10-07 21:07:30, 255544.01314674004, 300.0 
 47.715007152348015, -123.24405606326664, 44.61538461538462, 2020-10-07 21:15:00, 83680.12373972844, 300.0 
 47.66704916983683, -122.78090754545634, 20.0, 2020-10-07 21:22:30, 390289.1903610802, 150.0 
 47.28621215159313, -122.76226043465068, 49.23076923076923, 2020-10-07 21:27:30, 388085.4932849843, 300.0 
 46.68700582892495, -122.79277732162936, 34.69387755102041, 2020-10-07 08:42:30, 43103.599994729666, 300.0 
 46.685416612049856, -122.9035384086506, 45.38461538461539, 2020-10-07 08:50:00, 8170.983674488455, 150.0 
 46.692026384807704, -122.87528997438005, 30.3448275862069, 2020-10-07 09:35:00, 37920.498636360295, 150.0 
 46.66315006020692, -122.54437005018217, 35.510204081632644, 2020-10-07 09:52:30, 34997.81891039485, 300.0 
 46.65731692888134, -122.73409693743912, 34.61538461538462, 2020-10-07 10:42:30, 40813.739416533506, 300.0 
 46.7231849844469, -122.72486052834086, 36.326530612244895, 2020-10-07 10:45:00, 29531.46831949365, 150.0 
 46.72897609261423, -122.78570777174039, 35.38461538461539, 2020-10-07 10:47:30, 33359.35458425461, 150.0 
 46.64173391288265, -122.53394548181768, 60.0, 2020-10-07 10:55:00, 144999.73264131084, 300.0 
 46.66244425941057, -122.79769607875588, 20.0, 2020-10-07 12:32:30, 107426.84688919882, 300.0 
 47.61786555669222, -122.96380233213492, 42.857142857142854, 2020-10-08 00:00:00, 100261.26211539691, 300.0 
 47.31510946121979, -123.17469960663428, 33.84615384615385, 2020-10-08 00:15:00, 178132.78244344922, 300.0 
 47.48022867154711, -123.21823772398926, 59.3103448275862, 2020-10-08 00:20:00, 121012.39546861743, 300.0 
 47.650792915214325, -122.8711589054909, 39.59183673469388, 2020-10-08 00:22:30, 104681.79008018505, 300.0 
 47.37513382117269, -123.22171746126543, 20.0, 2020-10-08 00:25:00, 89007.64899556669, 300.0 
 47.55131311568017, -123.1815170377504, 57.93103448275862, 2020-10-08 00:27:30, 31590.26277892388, 150.0 
 47.69600298686205, -122.93921421694176, 30.769230769230774, 2020-10-08 00:30:00, 22645.561532255775, 150.0 
 47.78941978421172, -122.8574626088274, 33.84615384615385, 2020-10-08 00:32:30, 133635.92366395888, 150.0 
 47.942887146000075, -122.87994126718759, 20.0, 2020-10-08 00:37:30, 82748.19481353856, 300.0 
 47.63158004195463, -122.94339066273184, 36.326530612244895, 2020-10-08 00:40:00, 76218.80571583095, 300.0 
 47.85749886567084, -122.64438237422071, 53.10344827586207, 2020-10-08 00:42:30, 83971.42586617812, 300.0 
 47.7425637370315, -122.88620532620779, 26.896551724137936, 2020-10-08 00:45:00, 47678.45897679585, 150.0 
 47.74098356550537, -122.89111996512472, 35.38461538461539, 2020-10-08 00:47:30, 87747.94272102104, 150.0 
 47.65250315256908, -123.04553865726749, 55.172413793103445, 2020-10-08 00:52:30, 81174.02692986937, 300.0 
 47.46399318126584, -123.28035733737067, 60.0, 2020-10-08 01:00:00, 114196.93458376784, 300.0 
 47.53189241807554, -123.3408104569557, 42.857142857142854, 2020-10-08 01:02:30, 101728.7154656021, 150.0 
 47.72234498256967, -122.81617434488155, 34.61538461538462, 2020-10-08 01:07:30, 233343.9072631527, 300.0 
 47.75136009025091, -123.03575553696345, 33.87755102040816, 2020-10-08 01:12:30, 133192.42138374178, 300.0 
 47.34546540652565, -123.02236316647564, 41.22448979591837, 2020-10-08 01:32:30, 60735.63839755343, 300.0 
 47.64099290270356, -123.19712604345483, 28.461538461538463, 2020-10-08 01:40:00, 94521.31543965066, 300.0 
 47.755196048301315, -122.84687547901524, 20.0, 2020-10-08 01:45:00, 32016.896008637694, 300.0 
 47.43472652582049, -123.4068408258731, 20.0, 2020-10-08 01:47:30, 236853.42534528708, 300.0 
 47.5156994861174, -122.9713600793206, 34.61538461538461, 2020-10-08 01:50:00, 57832.81599094627, 300.0 
 47.44245133796929, -122.99326195111611, 33.84615384615385, 2020-10-08 01:52:30, 75146.60016733975, 150.0 
 47.381379904626016, -123.07465799358091, 26.20689655172414, 2020-10-08 01:55:00, 137260.48857629392, 150.0 
 47.67978808004182, -122.92323726870448, 30.0, 2020-10-08 01:57:30, 221099.39336514968, 300.0 
 47.40827690270284, -123.25124743163146, 56.55172413793103, 2020-10-08 02:00:00, 272791.95143362787, 300.0 
 47.664948727284354, -122.91877667428999, 20.0, 2020-10-08 02:05:00, 158967.01129183016, 300.0 
 47.519054223253065, -122.81607127933715, 30.0, 2020-10-08 02:10:00, 215554.2895163551, 300.0 
 47.66666649919323, -122.99229385688415, 60.0, 2020-10-08 02:12:30, 53486.60442126948, 150.0 
 47.731349063175195, -122.72459955372669, 20.0, 2020-10-08 02:17:30, 89987.51291065942, 300.0 
 47.43083035454595, -122.82167693499682, 60.0, 2020-10-08 02:20:00, 145884.60026399922, 300.0 
 47.32185317672911, -123.19145540375092, 20.0, 2020-10-08 02:35:00, 127159.23071753584, 300.0 
 47.40111960974145, -123.19212693448564, 30.76923076923077, 2020-10-08 02:40:00, 162420.10423918237, 300.0 
 47.32013641261983, -123.18424697964579, 53.79310344827586, 2020-10-08 02:45:00, 97326.05601595083, 300.0 
 47.546349385248654, -122.99299248412511, 43.673469387755105, 2020-10-08 02:52:30, 36412.29513667018, 150.0 
 47.628182899876634, -123.07348948894168, 30.0, 2020-10-08 03:00:00, 71461.84584305988, 300.0 
 47.622356174517435, -123.10399739628, 55.17241379310345, 2020-10-08 03:10:00, 20333.241540701216, 300.0 
 47.6424876490491, -123.10472959551907, 20.0, 2020-10-08 03:12:30, 8388.99839126219, 150.0 
 47.58776876512674, -122.79523432594198, 20.0, 2020-10-08 03:15:00, 29118.061911006298, 150.0 
 47.18435875320466, -123.37400039382106, 57.241379310344826, 2020-10-08 03:17:30, 149202.95709786675, 300.0 
 47.16563266804117, -123.30088538631162, 26.20689655172414, 2020-10-08 03:20:00, 29609.00234446818, 150.0 
 47.533547826767744, -123.0576042604763, 34.61538461538462, 2020-10-08 03:22:30, 114611.83276297104, 300.0 
 47.52783130759336, -122.9558810354622, 60.0, 2020-10-08 03:25:00, 59995.18493488392, 150.0 
 47.559541893434584, -123.14371714257403, 41.224489795918366, 2020-10-08 03:27:30, 85127.36285358286, 150.0 
 47.639254250251, -123.03614851941316, 32.30769230769231, 2020-10-08 03:30:00, 118638.41798095094, 150.0 
 47.543518578637695, -122.68615647972103, 60.0, 2020-10-08 03:32:30, 142513.07193258073, 300.0 
 47.54155823267903, -122.90396211554426, 20.0, 2020-10-08 03:35:00, 40282.00104451988, 150.0 
 47.34034517425524, -122.75241051128147, 55.862068965517246, 2020-10-08 03:37:30, 566969.867765694, 300.0 
 47.44133209392424, -122.90249077476366, 25.384615384615387, 2020-10-08 03:40:00, 114520.43325213839, 150.0 
 47.5803309889269, -123.05462623661606, 32.30769230769231, 2020-10-08 03:45:00, 524092.2227069541, 300.0 
 47.48857748148497, -123.03932949195045, 20.0, 2020-10-08 03:47:30, 113641.17869330356, 150.0 
 47.24843820223911, -123.20092151172737, 33.84615384615385, 2020-10-08 03:50:00, 316696.80937780323, 300.0 
 47.60363297912889, -122.94170828710939, 24.827586206896555, 2020-10-08 03:52:30, 130527.33569270761, 300.0 
 47.549837590146296, -123.1578952618934, 44.61538461538462, 2020-10-08 04:12:30, 71823.85469392501, 150.0 
 47.26929477996623, -123.1527987757107, 48.46153846153846, 2020-10-08 04:15:00, 210545.89674960315, 300.0 
 47.74255684841647, -123.16991651252008, 30.3448275862069, 2020-10-08 04:20:00, 75453.07337181534, 300.0 
 47.371058143487716, -123.2248271231727, 33.84615384615385, 2020-10-08 04:22:30, 154203.29236531406, 300.0 
 47.426527771945075, -123.27023100580456, 33.84615384615385, 2020-10-08 04:25:00, 33756.79680786637, 150.0 
 47.53942850445594, -122.89795622157963, 20.0, 2020-10-08 04:35:00, 62260.72671323764, 300.0 
 47.9164664281395, -122.80677285530903, 46.15384615384615, 2020-10-08 04:37:30, 136055.58500523388, 300.0 
 47.22053015615958, -123.1243740933914, 20.0, 2020-10-08 04:45:00, 159325.49820928686, 300.0 
 47.68349804214597, -122.92435211689144, 29.230769230769234, 2020-10-08 04:50:00, 74177.05403556039, 300.0 
 47.66799925102954, -123.00077030324738, 22.75862068965517, 2020-10-08 04:52:30, 62429.00943684603, 150.0 
 47.61930018379206, -122.9467569529499, 33.07692307692307, 2020-10-08 05:05:00, 163500.03977709662, 300.0 
 47.78036718072014, -122.92047977190859, 20.0, 2020-10-08 05:10:00, 140270.38702826304, 300.0 
 47.829050779948375, -122.87339969201015, 20.0, 2020-10-08 05:12:30, 49759.4410750263, 150.0 
 47.579189227494425, -122.65406874609657, 47.69230769230769, 2020-10-08 05:15:00, 118112.26310702116, 300.0 
 47.66354442112544, -123.11517210827606, 35.51020408163265, 2020-10-08 05:17:30, 44894.06974537036, 300.0 
 47.85938166385188, -122.66079462535657, 22.30769230769231, 2020-10-08 05:22:30, 95615.20609817574, 300.0 
 47.55284769513007, -123.34222665164218, 60.0, 2020-10-08 05:30:00, 127107.4796267186, 300.0 
 47.46408714364368, -122.94849619001063, 29.999999999999996, 2020-10-08 05:35:00, 61713.90036975531, 150.0 
 47.51415234200322, -123.01383253338967, 31.53846153846154, 2020-10-08 05:37:30, 68189.8136477112, 150.0 
 47.622762335816084, -122.96124224020129, 57.931034482758626, 2020-10-08 05:50:00, 42325.62061455268, 300.0 
 47.63447173589217, -122.58908033114122, 60.0, 2020-10-08 05:52:30, 113367.30800168558, 300.0 
 47.68897855901333, -122.93575723717129, 20.0, 2020-10-08 05:55:00, 67280.58260537239, 300.0 
 47.63435556141904, -123.03870123157839, 29.230769230769234, 2020-10-08 06:02:30, 95745.10013988877, 300.0 
 47.587453426266336, -123.06719653413948, 20.0, 2020-10-08 06:05:00, 29850.260631119476, 150.0 
 47.57447834396423, -123.08207912768893, 27.692307692307693, 2020-10-08 06:07:30, 67141.03817147379, 150.0 
 47.421624166179086, -123.27275346157583, 43.67346938775509, 2020-10-08 06:10:00, 39383.344632339475, 150.0 
 47.4767048777221, -123.07899679423932, 33.07692307692308, 2020-10-08 06:12:30, 65636.44631826956, 300.0 
 47.41227563649163, -123.12049069313751, 20.0, 2020-10-08 06:15:00, 36367.91739736579, 150.0 
 47.76829043172184, -122.97380672447126, 46.92307692307693, 2020-10-08 06:22:30, 59111.99588993429, 300.0 
 47.73299006844347, -123.04534861264533, 35.384615384615394, 2020-10-08 06:27:30, 154521.31495214932, 300.0 
 47.70077770185829, -123.30773008410742, 46.92307692307693, 2020-10-08 06:30:00, 55886.49617945004, 150.0 
 47.645998110687586, -123.33495570667544, 60.0, 2020-10-08 06:32:30, 44090.50488564282, 150.0 
 47.56261530487044, -123.2874354576279, 20.0, 2020-10-08 06:35:00, 20941.194120770753, 150.0 
 47.65658929949613, -123.2806555092448, 20.0, 2020-10-08 06:37:30, 22287.574317150975, 150.0 
 47.62456795068909, -122.66778135038221, 55.86206896551724, 2020-10-08 06:55:00, 79983.07105201008, 300.0 
 47.251869001127474, -123.21532037720738, 20.0, 2020-10-08 07:02:30, 260681.25902534416, 300.0 
 47.50417856511396, -122.90317810045737, 20.0, 2020-10-08 07:07:30, 64773.62731902578, 300.0 
 47.640617829935735, -123.04765930829561, 60.0, 2020-10-08 07:12:30, 175547.7557766415, 300.0 
 47.63097021338917, -122.89480140513919, 20.0, 2020-10-08 07:15:00, 71038.76972999993, 150.0 
 47.571240169947274, -122.91284892991042, 20.0, 2020-10-08 07:20:00, 183745.7609083409, 300.0 
 47.61199223216388, -122.95363270497617, 26.896551724137932, 2020-10-08 07:22:30, 75954.32612740611, 150.0 
 47.5930782822064, -122.8861462160103, 20.0, 2020-10-08 07:25:00, 333108.81910854304, 300.0 
 47.57598427504344, -122.89815558498653, 20.0, 2020-10-08 07:27:30, 118290.10459497054, 300.0 
 47.52887081012318, -122.94009085063513, 20.0, 2020-10-08 07:32:30, 20193.85723078367, 150.0 
 47.24180561173957, -123.04367212259686, 45.38461538461539, 2020-10-08 07:35:00, 315879.14823393774, 300.0 
 47.09802144896441, -123.01586921066202, 44.61538461538461, 2020-10-08 07:37:30, 30388.45580840658, 150.0 
 47.17038960428377, -123.04725098989286, 44.61538461538462, 2020-10-08 07:40:00, 419177.6283325475, 150.0 
 47.4428799923209, -123.1797008102142, 53.793103448275865, 2020-10-08 07:42:30, 135312.01068180442, 300.0 
 47.24316752401477, -123.20767045667591, 60.00000000000001, 2020-10-08 08:02:30, 146631.93604018257, 300.0 
 47.16013145278357, -123.28353479010043, 60.0, 2020-10-08 08:05:00, 62892.48896740159, 150.0 
 47.311644113121005, -123.23817874792582, 20.0, 2020-10-08 08:17:30, 28393.88659284808, 300.0 
 47.23731546873417, -123.19754679663131, 42.857142857142854, 2020-10-08 08:20:00, 55885.80496472597, 150.0 
 47.37031454206654, -123.00540537370937, 36.326530612244895, 2020-10-08 08:22:30, 51955.21680452561, 150.0 
 47.51749894315049, -123.09134155252917, 32.30769230769231, 2020-10-08 08:27:30, 60022.92984223555, 300.0 
 47.60728235136693, -123.00598462056246, 20.0, 2020-10-08 08:30:00, 55895.262859480434, 150.0 
 47.48779115022131, -123.00723247931599, 34.61538461538461, 2020-10-08 08:32:30, 38789.29586194385, 150.0 
 47.29819779718017, -122.88590756512303, 20.0, 2020-10-08 08:37:30, 236723.74428201665, 300.0 
 47.64897197501092, -122.88943889593881, 34.69387755102041, 2020-10-08 08:40:00, 628521.8107134952, 300.0 
 47.61505851654547, -122.96934370794698, 31.53846153846154, 2020-10-08 08:45:00, 136936.84694772682, 300.0 
 47.49468884359148, -123.22701286528243, 20.0, 2020-10-08 08:50:00, 39673.09498457442, 150.0 
 47.716704435439695, -122.82425313533889, 20.0, 2020-10-08 08:52:30, 63569.94644456477, 300.0 
 47.55615383109178, -123.34458860561855, 60.00000000000001, 2020-10-08 08:55:00, 90241.66770208483, 300.0 
 47.6835348312518, -123.06604747349887, 20.0, 2020-10-08 09:15:00, 63393.34185723802, 300.0 
 47.358730008734526, -123.1441080560536, 50.0, 2020-10-08 09:30:00, 66255.37234334231, 300.0 
 47.405770860492005, -123.16540662913116, 60.0, 2020-10-08 09:32:30, 40821.83334132831, 150.0 
 47.45958815480389, -123.1284611693809, 20.0, 2020-10-08 09:42:30, 45776.22293919947, 300.0 
 47.407167948978405, -123.26397581511688, 20.0, 2020-10-08 09:47:30, 56858.06454643887, 300.0 
 47.92304439687135, -123.36740921561741, 60.0, 2020-10-08 10:02:30, 66109.79583365768, 300.0 
 47.60198758308788, -123.0097632694493, 30.76923076923077, 2020-10-08 10:07:30, 63626.530200846835, 300.0 
 47.28985617156208, -123.1553460686118, 42.040816326530624, 2020-10-08 10:17:30, 197464.6743538449, 300.0 
 47.19931838535294, -123.17668887335104, 43.67346938775509, 2020-10-08 10:20:00, 113946.81380419343, 300.0 
 47.60840123200079, -123.30957712991255, 60.0, 2020-10-08 10:22:30, 17702.976610915, 150.0 
 48.00564444681604, -123.08069863974596, 20.0, 2020-10-08 10:25:00, 35091.3963549756, 150.0 
 47.97266655856391, -123.40927260621692, 33.84615384615385, 2020-10-08 10:30:00, 97811.67940801343, 300.0 
 47.34642844612125, -122.80600549068905, 26.896551724137932, 2020-10-08 10:40:00, 81280.40511892238, 300.0 
 47.40100635255759, -123.3076531185921, 20.0, 2020-10-08 10:52:30, 74986.44736178326, 150.0 
 47.384691547122856, -123.07699616179444, 43.6734693877551, 2020-10-08 10:57:30, 244312.22736863766, 300.0 
 47.0627545357908, -123.11186653297024, 20.000000000000004, 2020-10-08 11:00:00, 183421.96620663392, 300.0 
 47.68766269513059, -123.31042272722607, 27.692307692307693, 2020-10-08 11:07:30, 39951.14517825675, 300.0 
 47.66528470243996, -123.2883804071995, 30.76923076923077, 2020-10-08 11:10:00, 87174.43147467283, 300.0 
 47.11563936017349, -123.18637348861454, 33.07692307692307, 2020-10-08 11:12:30, 179803.9824223035, 300.0 
 47.79397040199044, -122.73849367118602, 60.00000000000001, 2020-10-08 11:22:30, 129724.60583709732, 300.0 
 47.39476060454449, -123.09610196177584, 45.38461538461539, 2020-10-08 11:42:30, 136596.95599845762, 150.0 
 47.22833807590878, -123.20316880877112, 41.224489795918366, 2020-10-08 11:45:00, 441418.77976306755, 300.0 
 47.175381440764376, -123.24648686394916, 36.326530612244895, 2020-10-08 11:47:30, 503987.93377790827, 300.0 
 47.51530372456707, -122.97258308665873, 20.0, 2020-10-08 11:52:30, 35128.27915817455, 300.0 
 47.53370419329399, -122.89993406657652, 30.0, 2020-10-08 11:55:00, 42547.246026110064, 300.0 
 47.35736450068339, -123.21061580137948, 33.07692307692307, 2020-10-08 12:00:00, 62231.80491099917, 300.0 
 47.699419375653875, -123.38683058121006, 60.0, 2020-10-08 12:10:00, 136044.5026258467, 300.0 
 47.69539061835941, -123.30236254632618, 44.61538461538461, 2020-10-08 12:12:30, 64627.320035838915, 150.0 
 47.68814097921386, -123.23074758174752, 48.46153846153846, 2020-10-08 12:15:00, 59465.96916232129, 150.0 
 47.54502221816962, -123.25079613441227, 43.6734693877551, 2020-10-08 12:17:30, 107464.17032570537, 150.0 
 47.52848843046955, -122.81518734785544, 39.59183673469388, 2020-10-08 12:25:00, 93436.69149395253, 150.0 
 47.913851961752606, -123.17579139936228, 60.0, 2020-10-08 12:27:30, 109782.72403812756, 300.0 
 47.809415628370964, -123.01356091560179, 30.76923076923077, 2020-10-08 12:30:00, 53095.87697281849, 150.0 
 47.281985682413776, -123.22915404973389, 42.04081632653061, 2020-10-08 12:40:00, 95012.31622768486, 300.0 
 47.59338791297807, -122.91042264151754, 26.206896551724142, 2020-10-08 12:42:30, 195434.62878998963, 300.0 
 47.60522925637635, -123.15359119915546, 47.692307692307686, 2020-10-08 12:45:00, 169597.5838242758, 150.0 
 47.58425439111422, -122.93555812335129, 47.69230769230769, 2020-10-08 12:47:30, 75393.35090029406, 150.0 
 47.54329264360249, -122.91119239508818, 34.69387755102041, 2020-10-08 12:57:30, 164670.92108456083, 300.0 
 47.60829846138151, -123.17234416227082, 33.07692307692308, 2020-10-08 13:00:00, 54462.943412681794, 150.0 
 47.61468024005661, -123.41815795564199, 30.769230769230774, 2020-10-08 13:05:00, 437142.0970946288, 300.0 
 47.68092534904478, -123.0898281374238, 20.0, 2020-10-08 13:07:30, 169518.4537246919, 150.0 
 47.41857013489409, -123.25405885194084, 38.77551020408163, 2020-10-08 13:12:30, 425435.68382884416, 300.0 
 47.42480231881605, -123.17888829873769, 35.51020408163265, 2020-10-08 13:15:00, 68975.8420475727, 150.0 
 47.50142452488704, -123.24383203243735, 30.0, 2020-10-08 13:20:00, 137091.4613265025, 300.0 
 47.55285552292081, -122.8563334491514, 34.61538461538461, 2020-10-08 13:25:00, 226402.28851018244, 300.0 
 47.458620619831926, -123.00616773901976, 34.61538461538462, 2020-10-08 13:27:30, 61873.80522721925, 150.0 
 47.55460948473613, -123.06799938149527, 31.538461538461533, 2020-10-08 13:30:00, 76810.42579805387, 150.0 
 47.652122661722444, -122.81641414133561, 20.0, 2020-10-08 13:42:30, 451048.9457516798, 150.0 
 47.609975896519884, -122.65306788232154, 20.0, 2020-10-08 13:45:00, 547839.428657616, 150.0 
 47.60069718277311, -122.87196529863907, 41.224489795918366, 2020-10-08 13:47:30, 274032.34300966986, 150.0 
 47.91665372478181, -123.09143166507928, 60.0, 2020-10-08 13:57:30, 212825.15708198916, 300.0 
 47.66322301785759, -122.8483086332983, 22.758620689655174, 2020-10-08 14:05:00, 1257846.6579702077, 300.0 
 47.697802623505225, -122.85461258793595, 20.0, 2020-10-08 14:07:30, 954418.2944406901, 150.0 
 47.68349804214597, -122.92435211689146, 21.379310344827587, 2020-10-08 14:10:00, 368104.2304288931, 150.0 
 47.70063876893344, -122.8204644503437, 20.0, 2020-10-08 14:15:00, 313797.1347647421, 150.0 
 47.62102010343618, -122.82461816160101, 42.04081632653061, 2020-10-08 14:17:30, 676240.6682744632, 150.0 
 47.722031103233796, -122.91843337619083, 32.41379310344828, 2020-10-08 14:52:30, 32003.126554781076, 300.0 
 47.558103995125705, -122.84950844747323, 20.0, 2020-10-08 15:10:00, 528103.1774184528, 300.0 
 47.59674442967319, -122.82107647170365, 20.0, 2020-10-08 15:27:30, 195074.39034018965, 300.0 
 47.65221168818236, -122.8540976903013, 20.0, 2020-10-08 15:30:00, 36032.79577609609, 150.0 
 47.556685919656886, -122.86653894129833, 20.000000000000004, 2020-10-08 15:52:30, 126904.08604845741, 300.0 
 47.69464495552598, -122.86443534984517, 60.0, 2020-10-08 16:15:00, 125305.49534635824, 300.0 
 47.60014490032277, -122.86105176284639, 20.0, 2020-10-08 16:42:30, 97287.71162161061, 300.0 
 47.57084482785592, -122.91407337532073, 20.0, 2020-10-08 16:45:00, 126830.51301328631, 150.0 
 47.46809713045984, -123.0804161390694, 34.69387755102041, 2020-10-08 17:20:00, 274458.6863198003, 300.0 
 47.41554192404193, -123.32551170950572, 20.0, 2020-10-08 17:25:00, 139367.637060686, 300.0 
 47.48249993001792, -123.08309686049343, 31.538461538461537, 2020-10-08 17:45:00, 81847.87119417927, 300.0 
 47.45317403243444, -123.22305971524705, 44.61538461538462, 2020-10-08 17:50:00, 536229.0442916588, 300.0 
 47.48015869928553, -123.29637820236084, 44.61538461538461, 2020-10-08 17:52:30, 219150.47380403714, 150.0 
 47.71684862996763, -123.10782185757611, 20.0, 2020-10-08 17:57:30, 401022.795336532, 300.0 
 47.68351781237667, -123.02834442854636, 33.07692307692307, 2020-10-08 18:00:00, 256738.13364105046, 150.0 
 47.64218629411001, -122.87261587870192, 33.07692307692309, 2020-10-08 18:07:30, 465107.5649540651, 300.0 
 47.809322674187364, -122.77946810470938, 20.0, 2020-10-08 18:15:00, 174375.26609315557, 300.0 
 47.51988344055225, -122.81665320581224, 35.51020408163265, 2020-10-08 18:37:30, 134654.94226591758, 300.0 
 47.48795196726924, -123.21019651238917, 60.0, 2020-10-08 19:15:00, 94549.67118016616, 300.0 
 47.27124493218113, -123.30842279462476, 23.448275862068964, 2020-10-08 19:37:30, 173256.63011245758, 300.0 
 47.50242269018133, -123.39955218110313, 30.769230769230774, 2020-10-08 19:42:30, 348569.72199874773, 300.0 
 47.46835285115182, -123.30752038290748, 30.000000000000004, 2020-10-08 19:57:30, 631595.7065675941, 300.0 
 47.47241589222409, -123.2171937673375, 51.03448275862069, 2020-10-08 20:15:00, 106470.5931454229, 300.0 
 47.49346479337226, -122.93316314538599, 31.428571428571427, 2020-10-08 21:05:00, 44653.77720093291, 300.0 
 47.440975334907804, -122.9067380387255, 20.0, 2020-10-08 21:45:00, 1067081.323000896, 300.0 
 47.520955208982606, -122.9645518894879, 20.0, 2020-10-08 21:47:30, 291514.3099853469, 150.0 
 47.12041788412225, -123.17182940316562, 29.999999999999996, 2020-10-08 21:50:00, 655709.4933467503, 300.0 
 47.49160676678927, -123.01743692387267, 20.0, 2020-10-08 21:57:30, 83226.64223481866, 300.0 
 47.14455787083537, -122.92022638077381, 40.40816326530613, 2020-10-08 22:02:30, 209306.86707109542, 150.0 
 47.12637777178698, -123.0417175167398, 20.689655172413794, 2020-10-08 22:05:00, 661229.7161982084, 300.0 
 47.50268366324245, -123.16502775547774, 42.85714285714285, 2020-10-08 22:12:30, 917932.0671953212, 300.0 
 47.55319028568483, -122.98128874086186, 27.69230769230769, 2020-10-08 22:37:30, 581253.8104652605, 300.0 
 47.52044072934329, -122.82755027031689, 24.137931034482758, 2020-10-08 22:42:30, 521600.9696584905, 300.0 
 47.70512572096778, -123.01501926274993, 20.0, 2020-10-08 22:52:30, 546194.3544230808, 300.0 
 47.54053375520842, -123.05803777853572, 55.172413793103445, 2020-10-08 23:02:30, 837514.9452918728, 300.0 
 47.712573278648264, -122.95093738150814, 20.0, 2020-10-08 23:05:00, 390291.8274746737, 150.0 
 47.46399322119365, -123.42024066292126, 60.0, 2020-10-08 23:12:30, 167695.5432863762, 150.0 
 47.71082861213626, -122.87735918283684, 32.30769230769231, 2020-10-08 23:17:30, 215715.54388256653, 150.0 
 47.48145441098164, -123.21760563318145, 60.0, 2020-10-08 23:20:00, 368394.3671718904, 300.0 
 47.62647014378666, -122.8961411320041, 32.30769230769231, 2020-10-08 23:22:30, 172370.0166457034, 300.0 
 47.579164579763194, -122.79670631094437, 29.23076923076923, 2020-10-08 23:27:30, 370425.02375946246, 300.0 
 47.629583925931044, -122.82011313873002, 26.896551724137932, 2020-10-08 23:30:00, 121096.14518057104, 150.0 
 47.64731808471716, -122.85666982121967, 31.538461538461544, 2020-10-08 23:32:30, 242366.2915445188, 150.0 
 47.56926345949053, -122.91897115696202, 41.22448979591836, 2020-10-08 23:35:00, 155628.01671271125, 150.0 
 47.39666885868485, -123.15895887410193, 48.96551724137932, 2020-10-08 23:37:30, 629009.2403714504, 300.0 
 47.57791824675307, -122.76578905733847, 34.61538461538461, 2020-10-08 23:40:00, 412297.3463095996, 300.0 
 47.60847467248512, -122.83835006426449, 20.0, 2020-10-08 23:42:30, 374949.6528929742, 150.0 
 47.39547497692925, -123.16261456572121, 32.30769230769231, 2020-10-08 23:45:00, 111308.06970520088, 300.0 
 47.657021653981104, -122.69652232195253, 45.38461538461539, 2020-10-08 23:47:30, 475622.67079201806, 300.0 
 47.49972132466578, -122.8760288919102, 34.69387755102041, 2020-10-08 23:50:00, 189357.6278402622, 150.0 
 47.579358167584246, -122.93811902404543, 32.30769230769231, 2020-10-08 23:55:00, 204972.4190551136, 150.0 
 47.77614120425377, -123.0478519137207, 40.40816326530612, 2020-10-08 00:02:30, 67528.78400846598, 150.0 
 47.664903173734004, -122.85831499323282, 20.0, 2020-10-08 00:17:30, 157219.50711338193, 300.0 
 47.399283248654136, -123.3726914189893, 26.923076923076927, 2020-10-08 01:52:30, 311364.4181015209, 300.0 
 47.67968309014964, -122.92045711200652, 35.51020408163265, 2020-10-08 02:50:00, 178655.11344173888, 300.0 
 47.541163692799, -123.0380128293552, 44.48979591836735, 2020-10-08 03:37:30, 242671.45095594952, 300.0 
 47.50837032265326, -123.11998844924089, 20.000000000000004, 2020-10-08 04:10:00, 139214.22346843954, 300.0 
 47.51125669871713, -122.99266992687723, 19.999999999999996, 2020-10-08 04:37:30, 49916.461814045164, 150.0 
 47.59925652572602, -122.9371601348028, 34.61538461538461, 2020-10-08 04:40:00, 59537.19460462705, 300.0 
 47.77151978837619, -122.98620566169676, 40.408163265306136, 2020-10-08 05:02:30, 196357.45739385014, 300.0 
 47.85054583307674, -122.85748631656718, 23.448275862068964, 2020-10-08 05:05:00, 151432.7425936265, 150.0 
 47.54251315610678, -123.11546704434608, 20.0, 2020-10-08 05:07:30, 9775.465425811943, 150.0 
 47.4154120472847, -122.97031033354179, 20.0, 2020-10-08 05:17:30, 24591.65053728838, 300.0 
 47.554207017578804, -122.84066188177995, 34.69387755102041, 2020-10-08 05:30:00, 133117.32737736052, 300.0 
 47.59324955121989, -122.79142661079857, 33.84615384615385, 2020-10-08 05:32:30, 97046.08450827956, 150.0 
 47.63122056603598, -122.91198280259644, 20.0, 2020-10-08 05:57:30, 96310.22865204298, 150.0 
 47.27435031132909, -123.01676390421125, 60.0, 2020-10-08 06:02:30, 72727.27161504183, 300.0 
 47.704076393636434, -123.32772511722835, 55.172413793103445, 2020-10-08 06:10:00, 45301.04388905331, 300.0 
 47.78181199110247, -123.10412671878153, 42.04081632653061, 2020-10-08 06:45:00, 130154.27787664998, 300.0 
 47.68545483862169, -122.97525586627707, 42.04081632653061, 2020-10-08 07:00:00, 91857.99339002202, 300.0 
 47.371830085912954, -122.75652078624435, 39.59183673469388, 2020-10-08 07:17:30, 176690.14483142665, 300.0 
 47.725198212614046, -123.38506899494743, 57.931034482758626, 2020-10-08 07:22:30, 128016.35395980331, 300.0 
 47.75899546198722, -123.39158258508097, 57.241379310344826, 2020-10-08 07:25:00, 142461.23431391822, 300.0 
 47.737316394418514, -123.46360741130499, 60.0, 2020-10-08 07:27:30, 160489.94667636463, 300.0 
 47.46542392607655, -123.05073206552586, 20.000000000000004, 2020-10-08 07:30:00, 35321.551123011865, 300.0 
 47.00290272483531, -123.3219410231367, 25.51724137931035, 2020-10-08 08:00:00, 102888.09385154086, 300.0 
 47.727989474169746, -122.93438538025781, 34.69387755102041, 2020-10-08 08:35:00, 64588.12180750175, 300.0 
 47.44688091372246, -123.17688671612547, 33.87755102040817, 2020-10-08 08:42:30, 41756.35862904725, 300.0 
 47.892894688493534, -122.85463615875597, 37.95918367346938, 2020-10-08 08:45:00, 169473.51555001986, 300.0 
 47.555110743962345, -123.30095399070339, 44.61538461538462, 2020-10-08 08:47:30, 60664.90161893892, 300.0 
 47.416103394671126, -123.30752645402356, 22.75862068965517, 2020-10-08 09:07:30, 47495.43989855807, 300.0 
 47.43903186644828, -123.30912619066481, 24.615384615384617, 2020-10-08 09:10:00, 11726.28005591394, 150.0 
 47.89437453960473, -123.26876810450443, 43.84615384615385, 2020-10-08 10:17:30, 191732.41231079595, 300.0 
 47.766509368813765, -123.38666909735626, 60.0, 2020-10-08 10:20:00, 21814.149476704497, 150.0 
 48.04656412854304, -123.16701565300794, 60.0, 2020-10-08 10:22:30, 45477.01990183952, 300.0 
 47.274441884102714, -123.16531951053501, 50.34482758620689, 2020-10-08 10:50:00, 180831.0379853591, 300.0 
 47.72643494955957, -123.31840524134024, 53.79310344827586, 2020-10-08 10:55:00, 139548.50470352647, 300.0 
 47.62421040540707, -123.23780633196598, 24.137931034482758, 2020-10-08 11:02:30, 129729.57705308884, 300.0 
 47.783161698559006, -122.96513624322992, 60.0, 2020-10-08 11:07:30, 82226.74738257352, 300.0 
 47.46217027671527, -122.87841609162723, 20.0, 2020-10-08 11:22:30, 60290.83505543416, 300.0 
 47.312282872440505, -123.2773240126931, 20.0, 2020-10-08 11:25:00, 113163.5526948992, 300.0 
 47.365918938106844, -123.43662367611043, 60.00000000000001, 2020-10-08 11:27:30, 36553.57529182295, 150.0 
 47.50754654095035, -123.02498546399354, 27.692307692307693, 2020-10-08 11:37:30, 268468.5050937705, 300.0 
 47.431539717054434, -122.92122096408126, 33.07692307692308, 2020-10-08 11:40:00, 63563.17350009047, 150.0 
 47.68534051372521, -123.10318102062305, 20.0, 2020-10-08 11:42:30, 223966.49764337216, 300.0 
 47.74077544704596, -122.87252464675224, 34.61538461538462, 2020-10-08 11:47:30, 256087.35306338826, 300.0 
 47.32443217223911, -123.35657268232598, 60.0, 2020-10-08 11:50:00, 58314.68893605161, 150.0 
 47.220604955233966, -123.21164255741921, 20.000000000000004, 2020-10-08 11:52:30, 17647.98557480763, 150.0 
 47.74835216003563, -123.43579405453649, 44.489795918367335, 2020-10-08 12:00:00, 40682.32815820436, 300.0 
 47.31744719198444, -123.34526624823413, 20.0, 2020-10-08 12:10:00, 110986.20693248682, 300.0 
 47.48407089768308, -123.16312081182951, 20.0, 2020-10-08 12:20:00, 16547.75332528742, 150.0 
 47.650842548807724, -122.99617093032741, 24.13793103448276, 2020-10-08 12:22:30, 77818.72484662052, 150.0 
 47.410643150737926, -122.8806571834786, 55.17241379310346, 2020-10-08 12:35:00, 210050.66425687016, 300.0 
 47.64261473375352, -122.76720494756653, 20.0, 2020-10-08 13:05:00, 397217.8755872518, 300.0 
 47.70984391088316, -122.72766088690156, 20.0, 2020-10-08 13:15:00, 134849.4957053171, 300.0 
 47.80559732974214, -122.85471532683482, 20.689655172413797, 2020-10-08 13:17:30, 38870.32610290963, 150.0 
 47.802845379000445, -122.85454569203674, 22.06896551724138, 2020-10-08 13:20:00, 114617.76777541397, 300.0 
 47.53651826372978, -123.42046295753642, 36.3265306122449, 2020-10-08 13:30:00, 150239.34352338238, 300.0 
 47.58234353272524, -122.88584181571296, 57.24137931034484, 2020-10-08 13:40:00, 687668.2056273344, 300.0 
 47.90237423244924, -122.87708601214524, 34.61538461538462, 2020-10-08 13:47:30, 662218.9194649096, 300.0 
 47.74320897787664, -123.011641625884, 44.48979591836734, 2020-10-08 13:50:00, 125296.94288540768, 150.0 
 47.77598220132933, -122.9592260087831, 24.137931034482754, 2020-10-08 14:12:30, 205516.03074261599, 150.0 
 47.57003002867957, -123.11729076543993, 55.172413793103445, 2020-10-08 16:05:00, 69752.62323147984, 300.0 
 47.414337116946314, -122.97565799921759, 20.0, 2020-10-08 16:47:30, 139159.12705427266, 150.0 
 47.569806241284596, -122.77508136641589, 20.0, 2020-10-08 17:02:30, 119207.84969348603, 300.0 
 47.666804891483416, -122.65302886021995, 20.0, 2020-10-08 17:37:30, 374672.4782699435, 300.0 
 47.40383411915174, -123.31750257685312, 39.59183673469388, 2020-10-08 18:52:30, 202212.95611455885, 300.0 
 47.3655264612554, -123.36488584008725, 60.0, 2020-10-08 19:47:30, 185643.80000337763, 300.0 
 47.491024981809076, -123.40633761910571, 26.89655172413793, 2020-10-08 19:52:30, 185776.94333932246, 300.0 
 46.842165851272725, -122.80178482082609, 27.586206896551722, 2020-10-08 21:05:00, 236616.10169386404, 300.0 
 46.89397563499185, -122.82230075639008, 33.07692307692308, 2020-10-08 21:07:30, 295659.4496141896, 150.0 
 46.93723698516663, -122.47473337069894, 20.0, 2020-10-08 21:20:00, 342404.24351035774, 300.0 
 46.94712574789614, -122.66043257990526, 20.0, 2020-10-08 21:25:00, 312057.65074100596, 300.0 
 47.07145732735703, -123.00919861552504, 34.61538461538461, 2020-10-08 21:35:00, 178526.95356006245, 300.0 
 46.83935381953627, -122.60073389549474, 34.61538461538462, 2020-10-08 21:40:00, 564152.5501394209, 300.0 
 47.25592002736903, -122.62414819523558, 60.0, 2020-10-08 21:42:30, 330888.5284837005, 300.0 
 47.22154759386016, -122.6383879021867, 60.0, 2020-10-08 22:00:00, 416462.2760309317, 300.0 
 47.15537209729577, -122.56862362975473, 24.13793103448276, 2020-10-08 22:02:30, 393241.5657420576, 300.0 
 47.017772686727106, -122.559663644658, 20.0, 2020-10-08 22:05:00, 230215.7257497, 300.0 
 47.05409929602472, -122.61141642795698, 60.00000000000001, 2020-10-08 22:07:30, 352468.92728064937, 300.0 
 47.115662125205795, -122.68083873125929, 34.61538461538461, 2020-10-08 22:20:00, 687434.9969835522, 300.0 
 47.02763142978962, -122.60455448161326, 20.0, 2020-10-08 22:22:30, 176241.1109876856, 150.0 
 47.03653806449474, -122.54457104625256, 20.0, 2020-10-08 22:25:00, 150940.86604584218, 150.0 
 47.032964326480624, -122.81452722740903, 20.0, 2020-10-08 22:35:00, 515684.36902221624, 300.0 
 47.07080234889301, -122.49803882055129, 20.0, 2020-10-08 22:52:30, 289404.40877170075, 300.0 
 46.97625344805047, -122.53052333127279, 47.692307692307686, 2020-10-08 22:55:00, 150378.6687697441, 150.0 
 46.53062149335973, -122.52900881763424, 60.0, 2020-10-08 23:02:30, 332409.8967718796, 300.0 
 46.47185476304972, -122.89562004153696, 60.0, 2020-10-08 23:05:00, 470093.93990977446, 300.0 
 47.60297185012288, -123.18198856735219, 33.84615384615385, 2020-10-08 23:10:00, 325013.0547060651, 300.0 
 47.558109134330316, -122.96172475795743, 41.224489795918366, 2020-10-08 23:15:00, 303534.67429273925, 300.0 
 47.859822735205256, -122.91950346304024, 20.0, 2020-10-08 23:22:30, 366338.39637061104, 300.0 
 46.476041576561045, -122.7149458307751, 20.0, 2020-10-08 23:25:00, 262012.61408414345, 300.0 
 46.48515193141744, -122.65027608036314, 23.846153846153847, 2020-10-08 23:37:30, 106238.68364145701, 300.0 
 47.76136368863258, -122.72525491055663, 30.61224489795918, 2020-10-08 23:50:00, 519712.36214259826, 300.0 
 47.69809088285859, -122.7882167894264, 36.3265306122449, 2020-10-08 23:52:30, 276629.50773506216, 150.0 
 47.8118661067497, -122.86055833681897, 40.40816326530612, 2020-10-08 23:55:00, 635031.6037997631, 300.0 
 46.00444156954427, -123.06349231141412, 26.20689655172414, 2020-10-08 02:55:00, 24739.982572830824, 300.0 
 46.05351413987077, -123.152500279082, 60.0, 2020-10-08 03:05:00, 33804.55489684185, 300.0 
 46.549180772286356, -122.90362203925531, 20.0, 2020-10-08 20:50:00, 457400.50409852905, 300.0 
 46.58946411423289, -122.92791099694662, 20.0, 2020-10-08 20:52:30, 198962.38355070492, 150.0 
 46.495373802079044, -122.77601097529325, 46.15384615384615, 2020-10-08 21:07:30, 163433.46971747995, 300.0 
 46.5292132482259, -122.57847454451716, 59.99999999999999, 2020-10-08 21:10:00, 63423.91312854682, 150.0 
 46.55691730617637, -122.81878459050928, 20.000000000000004, 2020-10-08 21:40:00, 214723.65444513323, 300.0 
 46.44334203837954, -122.90172431314622, 53.793103448275865, 2020-10-08 21:42:30, 127895.9064043443, 150.0 
 46.662973236970174, -122.75450236460848, 42.85714285714286, 2020-10-08 22:05:00, 156183.48374502893, 300.0 
 46.59242746127012, -122.76328876375165, 20.000000000000004, 2020-10-08 22:30:00, 94054.38869520085, 300.0 
 46.520859646417705, -122.72256038294279, 20.0, 2020-10-08 22:55:00, 226235.60448839498, 300.0 
 47.638932600650804, -122.75299943252944, 33.06122448979592, 2020-10-09 00:00:00, 680658.8056124934, 300.0 
 47.55968197926954, -122.84460903563642, 30.76923076923077, 2020-10-09 00:02:30, 85793.70098864548, 150.0 
 47.487244475248445, -123.22172129722563, 20.0, 2020-10-09 00:05:00, 281737.3199410796, 300.0 
 47.65520620250964, -122.8321276836883, 20.0, 2020-10-09 00:07:30, 178634.20345442192, 300.0 
 47.41630187333158, -122.970344151257, 42.04081632653061, 2020-10-09 00:10:00, 61082.084900053684, 300.0 
 47.58214893484494, -122.7747654317275, 20.0, 2020-10-09 00:12:30, 151629.55963375064, 150.0 
 47.52110262713881, -122.97667392952265, 20.0, 2020-10-09 00:17:30, 158334.3444479987, 300.0 
 47.564313673319376, -123.12904532561697, 60.0, 2020-10-09 00:30:00, 142288.48903844174, 300.0 
 47.7592041164398, -122.93567767776139, 60.0, 2020-10-09 00:32:30, 94708.23502714925, 300.0 
 47.4848879678454, -122.78011403783253, 45.38461538461539, 2020-10-09 00:35:00, 198045.82660116412, 300.0 
 47.617855660428006, -122.37642556449575, 60.00000000000001, 2020-10-09 00:40:00, 296237.0921595693, 300.0 
 47.61590637455464, -122.58362679669526, 20.0, 2020-10-09 00:52:30, 274700.7844555291, 300.0 
 47.764726389195665, -122.48904164514539, 21.53846153846154, 2020-10-09 00:57:30, 496519.6395629054, 300.0 
 47.74485143175772, -123.0054806433466, 31.53846153846154, 2020-10-09 01:00:00, 251753.94764905833, 300.0 
 47.70933739458292, -123.02403712437885, 35.51020408163265, 2020-10-09 01:02:30, 120092.37567074585, 150.0 
 47.50644974970825, -122.98736673228127, 52.41379310344828, 2020-10-09 01:05:00, 267903.75270058244, 150.0 
 47.76422366681737, -123.01167815324617, 27.586206896551726, 2020-10-09 01:07:30, 494929.0328842867, 300.0 
 47.74328788475829, -123.04813529012948, 46.15384615384616, 2020-10-09 01:10:00, 148163.63792002722, 150.0 
 47.66588536271299, -122.68468968515053, 42.85714285714286, 2020-10-09 01:15:00, 100710.20982676811, 300.0 
 47.38857094593994, -122.70679307395923, 33.07692307692307, 2020-10-09 01:32:30, 541365.9956076988, 300.0 
 47.44366781233463, -122.76923990638612, 20.0, 2020-10-09 01:35:00, 119889.43160637589, 150.0 
 47.46734288641186, -122.91327652383254, 20.0, 2020-10-09 01:37:30, 149583.4218126682, 150.0 
 47.49814197559283, -122.88092177916445, 20.0, 2020-10-09 01:40:00, 194916.4842532245, 150.0 
 47.30340071312216, -123.00772581587876, 20.0, 2020-10-09 01:47:30, 529249.2513780555, 300.0 
 47.492932435027896, -122.85925264899487, 20.0, 2020-10-09 01:50:00, 182332.99795507005, 150.0 
 47.4604157654982, -123.12904749714427, 30.0, 2020-10-09 02:05:00, 484855.87122368836, 300.0 
 47.53553144802197, -123.16428261921726, 60.00000000000001, 2020-10-09 02:10:00, 452670.155174495, 300.0 
 47.678499241181754, -123.05644206946606, 36.153846153846146, 2020-10-09 02:12:30, 354259.0385857306, 150.0 
 47.491748144380004, -122.86292177765603, 60.0, 2020-10-09 02:15:00, 328588.91233922803, 300.0 
 47.33523820804471, -122.99119835960613, 44.48979591836734, 2020-10-09 02:17:30, 115943.982727902, 150.0 
 47.56723134442418, -123.0949997618834, 34.61538461538462, 2020-10-09 02:22:30, 152030.2016678127, 300.0 
 47.69925728319373, -123.00482811702717, 29.23076923076923, 2020-10-09 02:25:00, 102985.40073927486, 150.0 
 47.659643932409274, -122.98882991216993, 20.0, 2020-10-09 02:27:30, 37785.15171241833, 150.0 
 47.72650908406589, -122.94873850930657, 20.0, 2020-10-09 02:37:30, 101665.63519438532, 150.0 
 47.727263395118385, -122.9432410206978, 20.0, 2020-10-09 02:40:00, 191283.18694514793, 150.0 
 47.39397187457124, -123.02657279778897, 60.0, 2020-10-09 02:42:30, 397457.7680065144, 300.0 
 47.69903865525414, -123.02125864561927, 27.586206896551722, 2020-10-09 02:50:00, 244623.07817628837, 150.0 
 47.20791892810329, -122.95712274398312, 20.0, 2020-10-09 02:55:00, 181628.71302961194, 300.0 
 47.38088867569734, -123.10429846137261, 34.69387755102041, 2020-10-09 02:57:30, 42757.267887967355, 150.0 
 47.493247157092995, -122.88348355600839, 33.07692307692307, 2020-10-09 03:00:00, 72277.74632540089, 150.0 
 47.43320747241445, -122.87729421534857, 44.61538461538463, 2020-10-09 03:02:30, 157608.51349874638, 300.0 
 47.657450894608765, -123.12139265018344, 53.79310344827586, 2020-10-09 03:05:00, 84228.49862390928, 300.0 
 47.28809404096367, -122.86687176075868, 20.0, 2020-10-09 03:35:00, 768479.4247773957, 300.0 
 47.69227640627277, -123.23369900610317, 60.0, 2020-10-09 03:40:00, 88437.31588204284, 300.0 
 47.30490731164882, -123.031232669834, 45.38461538461539, 2020-10-09 03:45:00, 214479.08424320183, 300.0 
 47.36949971399426, -123.36630710524474, 20.0, 2020-10-09 03:50:00, 143173.37614128913, 300.0 
 47.47402785275244, -123.29953170692285, 51.53846153846155, 2020-10-09 03:52:30, 51732.536768575475, 150.0 
 47.46200637746671, -123.12416652659581, 60.00000000000001, 2020-10-09 04:20:00, 202918.6092174588, 300.0 
 47.55796840480602, -123.27357651881844, 26.20689655172413, 2020-10-09 04:22:30, 228152.7035838802, 150.0 
 47.371079398048046, -123.14684539864925, 53.793103448275865, 2020-10-09 04:25:00, 244309.03900444697, 300.0 
 47.428562900131155, -123.07048546761503, 33.846153846153854, 2020-10-09 04:37:30, 516932.33480251307, 300.0 
 47.49878843608138, -123.07058273921888, 44.48979591836734, 2020-10-09 04:40:00, 200409.1690996223, 150.0 
 47.209008249884036, -123.12223192577522, 43.673469387755105, 2020-10-09 04:52:30, 176067.35776489624, 150.0 
 47.405770860492005, -123.16540662913116, 60.0, 2020-10-09 05:00:00, 124183.65742034708, 150.0 
 47.36710935737343, -122.97768445830529, 56.55172413793104, 2020-10-09 05:05:00, 147295.854921615, 300.0 
 47.561186043138676, -122.99746200261878, 42.04081632653062, 2020-10-09 05:07:30, 180218.48075936144, 150.0 
 47.5778242551321, -122.98064435127473, 44.61538461538461, 2020-10-09 05:10:00, 133072.44328589883, 150.0 
 47.55675436240951, -122.97027632060073, 34.61538461538461, 2020-10-09 05:15:00, 165784.57526854592, 300.0 
 47.516306150477504, -122.95376292707711, 60.0, 2020-10-09 05:20:00, 122441.45365995119, 300.0 
 47.500138307194774, -123.15720750694712, 41.22448979591836, 2020-10-09 05:22:30, 97201.11279053993, 150.0 
 47.671924131356775, -122.98546873990392, 45.38461538461539, 2020-10-09 05:27:30, 346269.032858492, 300.0 
 47.33714755612711, -123.12285271870263, 60.0, 2020-10-09 05:30:00, 86822.15987122382, 150.0 
 47.76379438583135, -122.90874858611433, 32.30769230769231, 2020-10-09 05:35:00, 29271.55484202359, 150.0 
 47.33292130326839, -123.27276344022903, 46.92307692307693, 2020-10-09 05:37:30, 112520.4416364661, 300.0 
 47.808514331574365, -123.15500802220815, 20.0, 2020-10-09 05:50:00, 63988.30470254368, 300.0 
 47.66633720508226, -123.31328490131091, 33.84615384615385, 2020-10-09 05:52:30, 59739.62845428713, 150.0 
 47.77368303283612, -122.78602950484505, 60.0, 2020-10-09 05:55:00, 102438.70550429152, 300.0 
 47.334459953513395, -123.06552968701084, 20.0, 2020-10-09 06:05:00, 58929.46873920268, 150.0 
 47.70411649833093, -122.96454985807385, 20.0, 2020-10-09 06:07:30, 147980.14778547137, 300.0 
 47.729817358750935, -123.05516823347324, 33.846153846153854, 2020-10-09 06:10:00, 65103.830316863256, 150.0 
 47.716616243196306, -122.9794337465891, 32.307692307692314, 2020-10-09 06:12:30, 146655.03110155035, 300.0 
 47.574311011120784, -122.92854461250249, 32.30769230769231, 2020-10-09 06:15:00, 68237.32776363411, 150.0 
 47.811570102319465, -122.95315152989893, 36.3265306122449, 2020-10-09 06:20:00, 94062.94400425164, 300.0 
 47.65164153185731, -123.47036819722383, 33.87755102040816, 2020-10-09 06:22:30, 215544.6386743711, 300.0 
 47.96726859758152, -123.06390876780254, 46.92307692307693, 2020-10-09 06:25:00, 202182.1405734664, 300.0 
 47.47918847156316, -123.08075396549108, 27.692307692307693, 2020-10-09 06:27:30, 103406.45875579024, 300.0 
 47.44698577397494, -122.77156069667453, 20.0, 2020-10-09 06:35:00, 52537.776537489415, 300.0 
 47.358752642248014, -122.96581531665407, 20.0, 2020-10-09 06:37:30, 150745.27897175206, 150.0 
 47.23654389723751, -123.05043488198432, 20.0, 2020-10-09 06:40:00, 297846.49611157033, 300.0 
 47.34808428339889, -122.69053414913074, 60.0, 2020-10-09 06:42:30, 175645.98914706695, 300.0 
 47.4331083958813, -122.74837373849238, 60.0, 2020-10-09 06:50:00, 153767.41205358648, 300.0 
 47.30346224530641, -123.16047300650789, 20.0, 2020-10-09 06:55:00, 133413.41796402502, 300.0 
 47.52132132403219, -122.52376460615619, 58.62068965517241, 2020-10-09 07:02:30, 207004.8959663193, 300.0 
 47.61872080972224, -123.57356065583532, 42.30769230769231, 2020-10-09 07:05:00, 242682.19764662193, 300.0 
 47.51471484451099, -123.30295931538998, 44.61538461538461, 2020-10-09 07:10:00, 41658.84981475457, 300.0 
 47.497258004882916, -123.15666671515854, 20.000000000000004, 2020-10-09 07:17:30, 119299.84274642974, 300.0 
 47.5614978557284, -123.13457109301987, 20.0, 2020-10-09 07:25:00, 189029.0441732323, 300.0 
 47.62103135884626, -122.9539993573599, 33.84615384615384, 2020-10-09 07:30:00, 97426.05655102381, 300.0 
 47.89714015816352, -122.86719171863268, 55.862068965517246, 2020-10-09 07:35:00, 117921.73978241078, 300.0 
 47.8355969945183, -122.90371385943848, 37.142857142857146, 2020-10-09 07:37:30, 49795.85628809503, 150.0 
 47.81405128270259, -122.85675739762243, 33.07692307692308, 2020-10-09 07:45:00, 306721.1431154631, 300.0 
 47.54227392574743, -123.18111152512104, 42.04081632653061, 2020-10-09 07:52:30, 87191.38231978189, 150.0 
 47.47997959693137, -123.23459883443296, 33.07692307692307, 2020-10-09 08:00:00, 461684.4557314294, 300.0 
 47.37134887246005, -123.13354139331348, 60.0, 2020-10-09 08:02:30, 83590.83983573173, 150.0 
 47.421182424657495, -123.10878409539923, 60.0, 2020-10-09 08:07:30, 194017.02263432616, 300.0 
 47.441042034406486, -123.20092650622783, 34.69387755102041, 2020-10-09 08:10:00, 102605.19815079014, 150.0 
 47.94714533113419, -122.82847423928209, 46.92307692307693, 2020-10-09 08:15:00, 160215.73498006424, 300.0 
 47.956578211028585, -122.8275873720587, 20.0, 2020-10-09 08:17:30, 91321.36560411002, 150.0 
 47.76266765462191, -123.12987173211522, 20.0, 2020-10-09 08:20:00, 102295.23220718873, 150.0 
 47.556648517011176, -122.99575955238406, 60.0, 2020-10-09 08:22:30, 144925.3573711126, 300.0 
 47.67311082924606, -123.12649677814696, 60.0, 2020-10-09 08:25:00, 61881.078278245914, 300.0 
 47.37184291465054, -123.14138757971904, 60.0, 2020-10-09 08:27:30, 85569.25864688809, 300.0 
 47.251431059526105, -122.98914568695878, 60.0, 2020-10-09 08:32:30, 114246.4202085227, 300.0 
 48.15829738044199, -122.68538614350912, 20.0, 2020-10-09 08:35:00, 110546.0767174171, 300.0 
 48.11045610828438, -122.78810211823838, 20.0, 2020-10-09 08:37:30, 62830.660970830606, 150.0 
 48.057571936192005, -122.79460226980119, 26.206896551724142, 2020-10-09 08:40:00, 104985.88670706617, 300.0 
 47.78081231160588, -122.76692619512681, 58.62068965517241, 2020-10-09 08:42:30, 135312.7450513845, 300.0 
 47.573586346468836, -122.77927117670794, 59.310344827586206, 2020-10-09 08:45:00, 59016.65321512906, 150.0 
 47.91157371909961, -122.8093619790922, 41.224489795918366, 2020-10-09 08:47:30, 117095.26549173065, 300.0 
 48.066500204160505, -122.75695698799434, 45.30612244897959, 2020-10-09 08:50:00, 49524.69834288661, 150.0 
 47.767607288977736, -122.9853969911345, 57.93103448275862, 2020-10-09 08:55:00, 80704.36221605782, 300.0 
 47.61014104434471, -123.19173506161275, 26.206896551724142, 2020-10-09 08:57:30, 83341.4659654676, 300.0 
 47.42162718143822, -122.80923937326517, 20.0, 2020-10-09 09:07:30, 31217.871906403092, 300.0 
 47.65942292347161, -122.69219064859608, 33.84615384615385, 2020-10-09 09:10:00, 84145.93284589275, 300.0 
 47.61834308868663, -123.1508622549558, 44.61538461538461, 2020-10-09 09:17:30, 148197.79571413886, 300.0 
 47.66077999127495, -123.28968805712425, 31.538461538461537, 2020-10-09 09:20:00, 41589.023822664414, 150.0 
 47.612120891216904, -123.14493353731595, 33.87755102040816, 2020-10-09 09:22:30, 36540.818714904024, 150.0 
 47.78448963590944, -122.59619848120266, 20.0, 2020-10-09 09:25:00, 113788.25403671782, 300.0 
 47.751648117521405, -122.59729805823888, 20.0, 2020-10-09 09:27:30, 63872.94753641385, 150.0 
 47.6676578585119, -122.63781776777643, 20.0, 2020-10-09 09:35:00, 185374.02783447772, 300.0 
 47.72575717420053, -122.67851505046151, 20.0, 2020-10-09 09:37:30, 169860.67410098284, 300.0 
 47.543078247423075, -122.74136951462052, 53.103448275862064, 2020-10-09 09:40:00, 75992.25409679198, 150.0 
 47.434557102453795, -123.13025308993343, 60.0, 2020-10-09 09:42:30, 151263.59359638728, 300.0 
 47.46494134406598, -122.64928699241372, 60.0, 2020-10-09 09:45:00, 89739.14119900102, 300.0 
 47.469028259673266, -122.98349075270619, 35.51020408163266, 2020-10-09 09:47:30, 154653.40839995438, 300.0 
 47.90353948995531, -122.70394154182176, 33.07692307692307, 2020-10-09 09:50:00, 147491.98236659833, 300.0 
 47.72945878572099, -122.65100490213928, 20.0, 2020-10-09 09:52:30, 72468.26566990887, 150.0 
 47.70479846827839, -122.70595964124253, 33.07692307692308, 2020-10-09 09:55:00, 75924.67962792957, 150.0 
 47.742569294803, -122.67675567568317, 20.0, 2020-10-09 10:00:00, 228474.95011632238, 300.0 
 47.73575136203402, -122.6599288521839, 20.0, 2020-10-09 10:02:30, 115483.65616146644, 150.0 
 47.7012599597019, -122.71702109616818, 20.0, 2020-10-09 10:10:00, 188747.45610178393, 300.0 
 47.50718157318996, -122.88127281677436, 30.0, 2020-10-09 10:12:30, 92359.60692019296, 150.0 
 47.37632394921855, -122.77005971124171, 20.0, 2020-10-09 10:20:00, 528025.5845468191, 300.0 
 47.53250761872955, -123.27349457095892, 55.172413793103445, 2020-10-09 10:27:30, 163649.2342088568, 300.0 
 47.527403905773376, -123.02319148571745, 43.6734693877551, 2020-10-09 10:35:00, 20682.558673394527, 150.0 
 47.488071627286566, -123.22230924923194, 29.230769230769234, 2020-10-09 10:37:30, 84276.16740100182, 150.0 
 47.67504353635533, -122.93796124471281, 20.0, 2020-10-09 10:50:00, 46587.690254939786, 300.0 
 47.735497081383535, -122.72751514911894, 34.61538461538461, 2020-10-09 11:02:30, 72401.41467060638, 300.0 
 47.72858441801812, -122.82207623750278, 46.92307692307693, 2020-10-09 11:07:30, 78382.98013826714, 300.0 
 47.949346293894294, -123.04051743124333, 20.0, 2020-10-09 18:07:30, 174050.14241028525, 300.0 
 47.63293303280279, -123.17178607773259, 45.38461538461537, 2020-10-09 11:10:00, 80971.49107571767, 300.0 
 47.537173212224104, -122.91439414809444, 24.137931034482758, 2020-10-09 11:20:00, 126542.46944071595, 300.0 
 47.53334767261015, -122.9041891689242, 25.517241379310345, 2020-10-09 11:22:30, 105311.93711019876, 150.0 
 47.496405658655036, -122.87369825863723, 20.0, 2020-10-09 11:32:30, 119763.53328707471, 150.0 
 47.75895038410952, -123.20729779710395, 30.769230769230774, 2020-10-09 11:37:30, 414741.230415039, 300.0 
 47.478031134494884, -123.08744570946675, 33.07692307692308, 2020-10-09 11:42:30, 113008.44422469285, 300.0 
 47.51567162363927, -123.15018784626112, 43.846153846153854, 2020-10-09 12:02:30, 138092.25866732834, 150.0 
 47.54011793704832, -123.25332544258684, 33.07692307692307, 2020-10-09 12:05:00, 238971.53114389, 300.0 
 47.79020751363301, -123.05732207026696, 37.14285714285714, 2020-10-09 12:07:30, 185564.72803363242, 300.0 
 47.3669226052355, -123.22189223559737, 30.769230769230774, 2020-10-09 12:10:00, 101458.58271303662, 150.0 
 47.60396939002207, -123.00364101551253, 60.0, 2020-10-09 12:12:30, 264246.57867258834, 300.0 
 47.80783023256562, -123.0184782935836, 33.84615384615385, 2020-10-09 12:17:30, 276134.5648996529, 300.0 
 47.58375727777653, -123.22266849977522, 48.46153846153847, 2020-10-09 12:20:00, 696547.4306387033, 300.0 
 47.35572876336411, -122.98764968154995, 20.0, 2020-10-09 12:22:30, 1503693.8213961748, 300.0 
 47.24684455818178, -123.20578090214784, 37.95918367346938, 2020-10-09 12:25:00, 220645.50968401183, 150.0 
 47.41863313313222, -123.10097856516401, 46.93877551020408, 2020-10-09 12:40:00, 105650.5470963146, 300.0 
 47.546811294996225, -122.83405922397405, 31.53846153846154, 2020-10-09 12:50:00, 166720.67984652088, 300.0 
 47.63866955786628, -122.88668859910806, 44.61538461538461, 2020-10-09 13:02:30, 221246.2464555832, 300.0 
 47.54898452184402, -122.84309671446573, 30.0, 2020-10-09 13:05:00, 379960.4356236237, 150.0 
 47.60327105343137, -123.16274311199494, 33.84615384615384, 2020-10-09 13:10:00, 354583.29369223106, 150.0 
 47.36859201834531, -123.26659365732839, 33.07692307692308, 2020-10-09 13:12:30, 890559.8865579346, 300.0 
 47.46765922826967, -123.15370843451923, 46.15384615384615, 2020-10-09 13:15:00, 252995.0575300984, 150.0 
 47.56946765251506, -122.96872980924499, 35.51020408163265, 2020-10-09 13:20:00, 262649.2743552018, 300.0 
 47.66464035285932, -122.83124596961517, 20.0, 2020-10-09 13:22:30, 120703.09078966282, 150.0 
 47.68274504953493, -122.92984587085779, 33.84615384615385, 2020-10-09 13:25:00, 123732.77153367155, 150.0 
 47.67456405308433, -123.07173947616678, 33.07692307692308, 2020-10-09 13:40:00, 1039270.2637907147, 300.0 
 47.66897268672247, -123.12355452815316, 28.461538461538463, 2020-10-09 13:45:00, 550036.0232163495, 300.0 
 47.407110961327064, -123.09883060137693, 38.77551020408161, 2020-10-09 13:52:30, 1685548.246234553, 300.0 
 47.8210644066241, -122.92363143667811, 20.0, 2020-10-09 13:57:30, 496641.6973063298, 300.0 
 47.70352645083585, -122.85262422389407, 46.12244897959184, 2020-10-09 14:00:00, 338556.6143860137, 150.0 
 47.626076213862916, -122.96358363565517, 31.53846153846154, 2020-10-09 14:17:30, 344582.85992338776, 300.0 
 47.68108315245591, -122.74198346088525, 51.0344827586207, 2020-10-09 14:20:00, 139886.75120773673, 150.0 
 47.54957272821411, -123.05841952823774, 38.775510204081634, 2020-10-09 14:32:30, 507236.0517600479, 300.0 
 47.47020690277349, -122.94530321692238, 33.84615384615385, 2020-10-09 14:37:30, 787368.7000298466, 300.0 
 47.62464979686792, -122.91441968175573, 20.0, 2020-10-09 14:40:00, 198879.224912208, 150.0 
 47.679775530453334, -122.98951769875752, 34.61538461538461, 2020-10-09 14:42:30, 231236.51349581315, 150.0 
 47.57509386909046, -122.68272627923724, 24.827586206896548, 2020-10-09 16:02:30, 280364.6797295413, 300.0 
 47.649990419179545, -122.69309804851257, 20.0, 2020-10-09 16:05:00, 147303.6129107858, 150.0 
 47.65881562138543, -122.98824364102211, 59.310344827586206, 2020-10-09 16:22:30, 583641.2739403741, 300.0 
 47.66614470910281, -122.85187175055512, 54.48275862068965, 2020-10-09 16:25:00, 232941.1249040728, 150.0 
 47.6140082004098, -122.70395944162675, 32.30769230769231, 2020-10-09 16:27:30, 353659.9850191832, 150.0 
 47.15609518198604, -123.12828365049417, 33.07692307692307, 2020-10-09 16:30:00, 209770.86323548254, 300.0 
 47.470809016745804, -122.92771971733919, 25.51724137931035, 2020-10-09 16:32:30, 289376.23794292996, 300.0 
 47.753882652825, -122.69222968798103, 20.0, 2020-10-09 16:37:30, 717730.4001994366, 300.0 
 47.71135662781834, -123.25336772399336, 26.206896551724142, 2020-10-09 16:42:30, 423818.8766588556, 300.0 
 47.535503580691284, -123.20187990992632, 60.0, 2020-10-09 16:47:30, 194711.6950136681, 300.0 
 47.5371749725883, -122.75974475498921, 20.0, 2020-10-09 17:15:00, 256685.91084122815, 300.0 
 47.440349850694325, -122.76691911609771, 28.461538461538463, 2020-10-09 17:20:00, 229510.49162094892, 150.0 
 47.63099747951338, -122.80306185833606, 20.0, 2020-10-09 17:22:30, 257420.89312032814, 300.0 
 47.44049969732835, -122.6083063204985, 23.846153846153847, 2020-10-09 17:27:30, 490487.0701335304, 150.0 
 47.1660101663958, -122.80698433953603, 26.20689655172414, 2020-10-09 17:32:30, 333719.0963348638, 300.0 
 47.75689053185548, -123.2919920186454, 22.758620689655174, 2020-10-09 17:35:00, 216851.60684804432, 300.0 
 47.61655802796874, -123.25961369549191, 20.0, 2020-10-09 17:37:30, 97890.63482718529, 150.0 
 47.3329316440798, -122.9042703866676, 59.310344827586206, 2020-10-09 17:40:00, 606560.1860781106, 300.0 
 47.48662793134254, -122.94486037103917, 42.04081632653061, 2020-10-09 17:42:30, 509802.65174654353, 150.0 
 47.48735218323909, -122.75035570329192, 26.206896551724142, 2020-10-09 17:50:00, 195010.26066846005, 150.0 
 47.684893864487556, -123.36885907502284, 30.0, 2020-10-09 17:55:00, 67698.26152671894, 300.0 
 47.67337745609538, -123.36664224850517, 32.30769230769231, 2020-10-09 17:57:30, 61365.632578538054, 150.0 
 47.82723082233521, -123.10030548050268, 33.07692307692308, 2020-10-09 18:05:00, 99175.59234435868, 300.0 
 47.77830288741057, -123.02166982724361, 53.793103448275865, 2020-10-09 18:17:30, 80150.05374680774, 300.0 
 47.390789889921905, -122.93291408068265, 20.0, 2020-10-09 18:32:30, 166703.87024113524, 300.0 
 47.8496723062718, -122.78679297032423, 46.92307692307692, 2020-10-09 18:35:00, 374200.27095960017, 300.0 
 47.694388748931964, -123.23973533860135, 32.3076923076923, 2020-10-09 18:47:30, 568557.0126653092, 300.0 
 47.663438016768616, -123.14374415805568, 31.538461538461544, 2020-10-09 18:50:00, 219629.36450894957, 150.0 
 47.732160498141546, -122.94067460489435, 20.0, 2020-10-09 18:52:30, 203043.91790944283, 150.0 
 47.73749185282548, -123.04401863130565, 33.87755102040816, 2020-10-09 18:57:30, 620619.7976931505, 150.0 
 47.707527859831714, -122.94133595798192, 24.137931034482758, 2020-10-09 19:00:00, 99275.73909270175, 150.0 
 47.84398650547767, -123.0199939191727, 20.0, 2020-10-09 19:07:30, 432433.40604855586, 150.0 
 47.852907512645174, -123.0459976729916, 28.461538461538467, 2020-10-09 19:10:00, 206812.32619195897, 150.0 
 47.70933739458292, -123.02403712437885, 30.0, 2020-10-09 19:12:30, 330959.6819022448, 150.0 
 47.76843562385266, -122.98598428924805, 20.0, 2020-10-09 19:15:00, 341130.29157111986, 150.0 
 47.75988457631766, -123.13846335851078, 30.0, 2020-10-09 19:17:30, 486907.4154270834, 150.0 
 47.668411394309004, -123.22873896057314, 45.38461538461539, 2020-10-09 19:20:00, 342820.33928018226, 150.0 
 47.59671126034859, -123.24545549584593, 60.0, 2020-10-09 19:25:00, 279317.8500297797, 300.0 
 47.78719472135374, -122.45655012133287, 48.46153846153847, 2020-10-09 19:50:00, 256234.76820088603, 300.0 
 47.665191560267374, -122.90539424942926, 30.76923076923077, 2020-10-09 19:52:30, 58882.92679791033, 300.0 
 47.87416406813405, -122.83732619017013, 20.0, 2020-10-09 19:55:00, 387040.9588699413, 300.0 
 47.75060120548901, -122.66432060478593, 55.172413793103445, 2020-10-09 19:57:30, 159111.38989153062, 150.0 
 47.68322489916552, -122.69082206105205, 45.30612244897958, 2020-10-09 20:12:30, 447170.32730121753, 300.0 
 47.81114288382017, -123.02083132655267, 37.95918367346939, 2020-10-09 20:15:00, 255774.14399700178, 300.0 
 47.58675795566963, -122.90574947712479, 33.07692307692308, 2020-10-09 20:40:00, 162608.34381229454, 300.0 
 47.351100039962034, -122.56412975585917, 20.0, 2020-10-09 20:42:30, 566916.5666358316, 300.0 
 47.49778633728809, -122.8851742072972, 31.53846153846154, 2020-10-09 21:00:00, 230858.3670133849, 300.0 
 47.54930818076752, -122.77575214040365, 19.999999999999996, 2020-10-09 21:02:30, 549087.5468539438, 150.0 
 47.439520360284256, -122.7663389185256, 30.0, 2020-10-09 21:05:00, 78007.25853266104, 150.0 
 47.731406112551596, -122.94617227391562, 58.62068965517241, 2020-10-09 22:20:00, 203647.26622281573, 300.0 
 47.47161653449536, -122.86228018291067, 20.0, 2020-10-09 22:27:30, 516744.0771454018, 300.0 
 47.54863223432055, -122.87889951742844, 20.0, 2020-10-09 22:30:00, 38316.41954583913, 150.0 
 47.58681548029802, -122.94337969493341, 24.82758620689655, 2020-10-09 22:32:30, 117035.26494546389, 150.0 
 47.55271022252356, -122.78414145898937, 33.84615384615385, 2020-10-09 22:40:00, 520251.7209247814, 300.0 
 47.755327856525284, -122.98876412114357, 34.61538461538462, 2020-10-09 22:42:30, 297631.1168691302, 300.0 
 47.60493945260176, -123.01636672391366, 43.673469387755105, 2020-10-09 22:50:00, 313303.9744821772, 300.0 
 47.720358937935416, -123.01827751475683, 20.0, 2020-10-09 22:52:30, 103088.52506423864, 150.0 
 47.86510743351112, -123.10915973959962, 20.0, 2020-10-09 22:55:00, 137865.68455888357, 150.0 
 47.80876153751327, -122.86056683913736, 20.0, 2020-10-09 23:02:30, 355387.06881186354, 300.0 
 47.70321369135284, -122.95787994334987, 33.07692307692307, 2020-10-09 23:10:00, 346714.8430726171, 300.0 
 47.69785627096598, -123.17579517543756, 20.0, 2020-10-09 23:22:30, 92545.33554875008, 300.0 
 47.556597082945245, -123.13711144437421, 20.0, 2020-10-09 23:25:00, 60924.63451129613, 150.0 
 47.81147167087497, -122.97876428721457, 20.000000000000004, 2020-10-09 23:45:00, 67760.38261164987, 300.0 
 47.43959754224466, -122.89527490352, 20.0, 2020-10-09 23:47:30, 50650.30398019504, 300.0 
 47.586207831300214, -122.78013713952978, 20.000000000000004, 2020-10-09 00:20:00, 67493.8869676411, 150.0 
 47.46691057864376, -123.00068179533073, 22.068965517241377, 2020-10-09 00:22:30, 155817.64329233213, 150.0 
 47.487286552913005, -123.29486915936899, 59.99999999999999, 2020-10-09 01:27:30, 96043.18605309048, 300.0 
 47.65343649127536, -122.60194548547071, 23.448275862068964, 2020-10-09 01:30:00, 283343.2051248379, 300.0 
 47.39063984400439, -123.29898330515095, 26.896551724137936, 2020-10-09 01:45:00, 366365.61224152177, 300.0 
 47.71511209469074, -123.21137778458731, 25.517241379310345, 2020-10-09 01:47:30, 453885.55895282316, 300.0 
 47.504668934019065, -122.83764079141652, 33.07692307692307, 2020-10-09 01:57:30, 203697.95844228967, 300.0 
 47.70602849714503, -122.73288089076893, 39.59183673469387, 2020-10-09 02:00:00, 341796.759618555, 150.0 
 47.618156507699425, -122.85408341712073, 20.000000000000004, 2020-10-09 02:10:00, 429728.4286204418, 300.0 
 47.58961756562005, -123.04658896157426, 20.0, 2020-10-09 02:35:00, 86647.68772555278, 300.0 
 47.86168868713332, -122.98243507262765, 37.14285714285714, 2020-10-09 02:47:30, 204461.61749384418, 300.0 
 47.868944944952915, -123.109918804024, 59.310344827586206, 2020-10-09 03:00:00, 177949.14068306354, 300.0 
 47.3814683473656, -123.2983454127513, 20.0, 2020-10-09 03:40:00, 33862.311944608424, 300.0 
 47.6117713316613, -123.16491404061355, 42.85714285714286, 2020-10-09 04:25:00, 229095.39225131724, 150.0 
 47.53651826372979, -123.42046295753639, 60.0, 2020-10-09 04:32:30, 362696.38118846517, 300.0 
 47.1950149197418, -123.14788095430201, 30.3448275862069, 2020-10-09 04:50:00, 35523.46929021537, 300.0 
 47.30787945287814, -123.29999469098937, 20.0, 2020-10-09 04:57:30, 184285.13278296634, 300.0 
 47.310630936858566, -123.3001858372852, 60.0, 2020-10-09 05:20:00, 100310.54604901608, 300.0 
 47.01585069452602, -122.86725077253841, 35.38461538461538, 2020-10-09 05:22:30, 101290.0186605304, 300.0 
 47.32076027544449, -123.12381401526102, 60.00000000000001, 2020-10-09 05:27:30, 155752.89318883023, 300.0 
 47.20086830131518, -122.85699035081285, 60.0, 2020-10-09 05:30:00, 49783.56189345942, 300.0 
 47.612551132555204, -123.10924063204097, 20.0, 2020-10-09 05:32:30, 84966.36567757168, 300.0 
 47.6937364366226, -123.15954915260552, 26.20689655172414, 2020-10-09 05:37:30, 64128.84735204734, 300.0 
 47.05638956676755, -122.79845165571984, 20.0, 2020-10-09 05:57:30, 45474.7948347699, 300.0 
 47.32063163192598, -123.36036018658228, 60.0, 2020-10-09 06:00:00, 46762.65508724082, 300.0 
 47.54410430574093, -123.18344288082152, 60.0, 2020-10-09 06:02:30, 58860.063448106506, 300.0 
 47.15309925036521, -122.68973028989164, 43.846153846153854, 2020-10-09 06:07:30, 34821.87445459835, 300.0 
 47.360510581725286, -122.6652419784045, 54.48275862068965, 2020-10-09 06:10:00, 103512.39056680801, 300.0 
 47.429899377881696, -123.55639601347133, 60.0, 2020-10-09 06:15:00, 47891.07492925537, 300.0 
 46.991377918717454, -122.82277969886627, 49.230769230769226, 2020-10-09 06:25:00, 48999.167124602136, 300.0 
 47.5764631457166, -123.43556995189357, 60.0, 2020-10-09 06:27:30, 123847.34915365382, 300.0 
 47.46113970654086, -123.42046039009949, 42.04081632653061, 2020-10-09 06:30:00, 33170.98299526018, 150.0 
 47.063302235094795, -122.94277358645127, 20.0, 2020-10-09 06:37:30, 48156.59541995541, 300.0 
 47.59707660017813, -123.04299788056659, 20.0, 2020-10-09 06:40:00, 162069.00878773752, 300.0 
 47.589738516389545, -123.04252130384484, 44.61538461538462, 2020-10-09 06:55:00, 178266.9947594158, 300.0 
 47.640026530182524, -123.11242182552704, 59.310344827586206, 2020-10-09 06:57:30, 119454.31879953959, 300.0 
 47.46261919260285, -123.23216030528856, 45.30612244897959, 2020-10-09 07:27:30, 28766.055350959534, 150.0 
 47.499725290602704, -123.04075510974413, 30.76923076923077, 2020-10-09 07:40:00, 59550.41412041183, 300.0 
 47.50464590354599, -123.09125808058546, 26.20689655172414, 2020-10-09 07:50:00, 73039.32535929795, 300.0 
 47.42598251579061, -123.10911685377962, 43.84615384615385, 2020-10-09 07:55:00, 62439.87275248051, 150.0 
 47.41717106915907, -122.9094925497599, 20.0, 2020-10-09 08:05:00, 65482.745658006694, 150.0 
 47.464224005023055, -123.43830443699497, 60.0, 2020-10-09 08:07:30, 146285.55969041184, 300.0 
 47.14352658833043, -122.77133618781698, 20.0, 2020-10-09 08:12:30, 38244.669905152565, 300.0 
 47.604253371097066, -123.04889951454516, 40.40816326530612, 2020-10-09 08:17:30, 117745.88149840356, 300.0 
 47.2925631265783, -122.89635772666534, 33.84615384615385, 2020-10-09 08:22:30, 101260.09572632612, 300.0 
 47.80488496748074, -123.25026466762503, 58.620689655172406, 2020-10-09 08:27:30, 25991.635067300565, 150.0 
 47.51538110736815, -123.42029643397206, 40.0, 2020-10-09 08:30:00, 20490.10550298732, 300.0 
 47.429329589266054, -122.96577471716319, 60.0, 2020-10-09 08:40:00, 65030.30362948665, 300.0 
 47.38698201397694, -122.77365557824612, 53.103448275862064, 2020-10-09 08:47:30, 19816.440164160358, 150.0 
 47.376565372701485, -122.75139019746298, 40.40816326530613, 2020-10-09 08:50:00, 43202.52274766697, 300.0 
 47.25778645545148, -122.95495511675624, 54.48275862068965, 2020-10-09 08:57:30, 33616.01984806892, 300.0 
 47.39535859155728, -122.73626276617378, 20.0, 2020-10-09 09:00:00, 52625.37052881536, 300.0 
 47.36419444143369, -122.76688825930326, 26.89655172413793, 2020-10-09 09:02:30, 24046.61746414481, 150.0 
 47.55806615840352, -122.83410982226785, 32.307692307692314, 2020-10-09 09:30:00, 92553.64849396751, 300.0 
 47.3198301535287, -122.604799952203, 60.00000000000001, 2020-10-09 09:37:30, 39220.84905941659, 300.0 
 47.37923804720827, -122.50940052649989, 20.000000000000004, 2020-10-09 09:52:30, 90709.67379548393, 300.0 
 47.47498118975311, -122.57426183875356, 45.38461538461539, 2020-10-09 09:57:30, 90371.7351161444, 300.0 
 47.59809385656255, -123.13138314050684, 27.692307692307693, 2020-10-09 10:22:30, 319118.9133362898, 300.0 
 47.45346849824954, -123.17190985570053, 60.0, 2020-10-09 10:32:30, 58178.93521326548, 300.0 
 47.3663879081358, -122.94962275620826, 24.82758620689655, 2020-10-09 11:05:00, 74087.25096517113, 300.0 
 47.48288070911653, -123.31761358176207, 30.769230769230774, 2020-10-09 11:15:00, 103096.58664544033, 300.0 
 47.39596744540585, -123.36162595351941, 60.0, 2020-10-09 11:20:00, 82384.84173503034, 300.0 
 47.434662840288766, -123.30204747829467, 33.846153846153854, 2020-10-09 11:22:30, 116153.99632828729, 300.0 
 47.51384073293031, -122.90330765300871, 33.07692307692307, 2020-10-09 11:27:30, 110026.19146819862, 300.0 
 47.55743752560947, -122.98476167558924, 57.931034482758626, 2020-10-09 11:30:00, 62369.38134885662, 150.0 
 47.53166166142177, -123.31560422918115, 60.0, 2020-10-09 11:32:30, 203278.67340140458, 300.0 
 47.50594495740128, -123.0479398738047, 55.172413793103445, 2020-10-09 11:50:00, 431313.4038422367, 300.0 
 47.58656449445216, -123.23658033259164, 60.0, 2020-10-09 12:00:00, 202632.19532846636, 300.0 
 47.67620788671283, -122.91343584143138, 60.00000000000001, 2020-10-09 12:05:00, 258228.41661907657, 300.0 
 47.55632461406114, -123.14489453499564, 60.0, 2020-10-09 12:07:30, 110002.6573007665, 300.0 
 47.52533373577003, -123.42508534739572, 60.0, 2020-10-09 12:12:30, 185776.914457839, 300.0 
 47.56264141839633, -122.80180544418353, 20.0, 2020-10-09 12:27:30, 160685.24461121392, 300.0 
 47.558751654660476, -122.9074605377775, 33.07692307692308, 2020-10-09 12:52:30, 38863.59943833745, 150.0 
 47.50248446245869, -122.91480695158886, 20.0, 2020-10-09 13:07:30, 258805.73410734537, 150.0 
 47.649023594590865, -122.80158406898519, 20.0, 2020-10-09 13:50:00, 386129.6849996379, 300.0 
 47.7841515171271, -123.26655869658643, 59.999999999999986, 2020-10-09 13:55:00, 1510192.5800022846, 300.0 
 47.79951383844297, -122.9716330507959, 53.793103448275865, 2020-10-09 15:12:30, 24627.710542430905, 300.0 
 47.534493311675234, -123.37009500083612, 60.0, 2020-10-09 16:30:00, 91903.79606771607, 300.0 
 47.26376793340065, -123.15380396062989, 20.0, 2020-10-09 16:37:30, 94593.01318161807, 300.0 
 47.23008187357068, -122.99099363561447, 46.92307692307693, 2020-10-09 17:07:30, 57147.70993134018, 300.0 
 47.57997373768928, -123.24156154909736, 55.172413793103445, 2020-10-09 17:15:00, 307961.41306505917, 300.0 
 47.46048318365774, -122.84037094937099, 44.61538461538462, 2020-10-09 17:17:30, 206350.58992130656, 150.0 
 47.329825414655964, -123.03654277883734, 33.07692307692308, 2020-10-09 17:22:30, 62323.687269362315, 150.0 
 47.46863557692531, -122.64165999981041, 50.0, 2020-10-09 17:25:00, 99263.00703910226, 150.0 
 47.58184368367776, -122.7038232683513, 59.99999999999999, 2020-10-09 17:30:00, 186526.923101435, 150.0 
 47.55652022796675, -122.98470317332534, 55.172413793103445, 2020-10-09 17:45:00, 604527.7245464991, 150.0 
 47.50231087544528, -122.95276885512659, 30.0, 2020-10-09 17:47:30, 499786.3269030989, 150.0 
 47.593749316599876, -123.38518420833962, 42.85714285714286, 2020-10-09 18:00:00, 162669.64529182442, 150.0 
 47.46780986939267, -123.30029155061052, 45.30612244897959, 2020-10-09 18:02:30, 85963.8826887894, 150.0 
 47.33671803738555, -122.95857310356465, 42.04081632653061, 2020-10-09 18:07:30, 21147.526377627124, 300.0 
 47.56576370238285, -122.95134715352866, 20.0, 2020-10-09 18:20:00, 25998.532067920263, 150.0 
 47.795107093481136, -122.9331661021929, 20.0, 2020-10-09 18:55:00, 126837.79848268974, 150.0 
 47.66419904531257, -122.97934193048978, 20.0, 2020-10-09 19:05:00, 1335749.552666647, 300.0 
 47.851157118251926, -122.73466220559327, 50.769230769230774, 2020-10-09 19:40:00, 575085.6058741786, 300.0 
 47.709680009967656, -122.59424094970709, 60.0, 2020-10-09 20:15:00, 296998.7866721888, 300.0 
 47.365809375220934, -122.70747354065205, 20.0, 2020-10-09 20:17:30, 196726.59299121736, 300.0 
 47.424355413825594, -122.9153560069242, 46.15384615384615, 2020-10-09 21:12:30, 453034.45284663886, 300.0 
 47.67062391912059, -123.10356727924227, 45.38461538461539, 2020-10-09 22:25:00, 292756.5038281533, 300.0 
 47.45198669356204, -122.97669335731126, 20.0, 2020-10-09 23:22:30, 37659.25547161889, 300.0 
 47.293814582029974, -123.01125653174581, 20.0, 2020-10-09 23:30:00, 73730.2935095529, 300.0 
 47.44902130169681, -123.07676524406936, 33.07692307692308, 2020-10-09 23:32:30, 78235.42167477452, 150.0 
 47.41716964517925, -123.03541512018774, 39.59183673469388, 2020-10-09 23:42:30, 54156.199591215314, 300.0 
 47.22660792797383, -123.1068044583322, 20.0, 2020-10-09 23:47:30, 266830.3803472084, 300.0 
 47.51048624547337, -123.48365488171616, 32.30769230769231, 2020-10-10 00:05:00, 337892.0211239733, 300.0 
 47.47830373992077, -123.36425870515919, 59.99999999999999, 2020-10-10 00:07:30, 308982.72306846804, 150.0 
 47.218726048643475, -123.26968519479419, 60.0, 2020-10-10 00:10:00, 792257.5451114018, 300.0 
 47.06930717487879, -123.07920132765557, 20.0, 2020-10-10 00:17:30, 879695.209669059, 300.0 
 47.54772602900096, -122.87225415338204, 20.0, 2020-10-10 00:22:30, 296205.4874079813, 300.0 
 47.23229028587369, -123.18800905966614, 45.384615384615394, 2020-10-10 00:25:00, 151640.63109816995, 300.0 
 47.62749989479596, -122.88031618746778, 31.538461538461547, 2020-10-10 00:30:00, 615147.760575892, 300.0 
 47.5493789502438, -122.84187202628635, 26.896551724137932, 2020-10-10 00:35:00, 172725.14145916147, 150.0 
 47.292299752088454, -123.04181331176682, 43.673469387755105, 2020-10-10 00:37:30, 216932.00827348835, 300.0 
 47.53611334167735, -122.89562223073197, 28.461538461538463, 2020-10-10 00:45:00, 239581.766783948, 300.0 
 47.63290344850263, -123.3874574817959, 60.0, 2020-10-10 00:55:00, 386759.3317596633, 300.0 
 47.76266765462191, -123.12987173211522, 20.0, 2020-10-10 00:57:30, 172413.78694231663, 150.0 
 47.65228950354022, -123.09963411115635, 20.0, 2020-10-10 01:00:00, 62021.33985621598, 150.0 
 47.72161225434675, -122.95130426359752, 33.07692307692308, 2020-10-10 01:12:30, 114734.55337064389, 300.0 
 47.087076839536046, -123.16475735675627, 20.000000000000004, 2020-10-10 01:15:00, 354782.44498827995, 150.0 
 47.64684521152537, -123.05358052716234, 34.61538461538461, 2020-10-10 01:17:30, 587244.2432932073, 300.0 
 47.68422671819574, -123.05447719997649, 33.07692307692308, 2020-10-10 01:20:00, 407299.38816461427, 150.0 
 47.73190455918356, -123.05816050810878, 32.30769230769231, 2020-10-10 01:22:30, 647921.0007978512, 150.0 
 47.67601543921348, -123.05467891050701, 33.84615384615385, 2020-10-10 01:25:00, 407851.5131758196, 150.0 
 47.41037537768571, -123.21370034435657, 45.38461538461539, 2020-10-10 01:27:30, 139136.4656227659, 300.0 
 47.82499703962243, -122.78448712688639, 60.0, 2020-10-10 01:30:00, 158840.23826399568, 300.0 
 47.66553235852662, -123.10904740846432, 31.53846153846154, 2020-10-10 01:35:00, 81804.70458539634, 300.0 
 47.305184968769844, -122.8863157085138, 41.224489795918366, 2020-10-10 01:40:00, 609249.0117245127, 300.0 
 47.69922293286207, -122.83754051401607, 20.0, 2020-10-10 01:42:30, 242121.1160463122, 300.0 
 47.694026402472524, -123.04937058925898, 31.53846153846154, 2020-10-10 01:45:00, 235691.46800728192, 150.0 
 47.48489557995855, -122.93763705112592, 60.0, 2020-10-10 01:47:30, 340863.9570419244, 150.0 
 47.655792104455195, -123.01020711995609, 46.92307692307692, 2020-10-10 01:50:00, 244678.8898938563, 150.0 
 47.66972788287286, -123.00802100400261, 20.0, 2020-10-10 01:52:30, 273075.72590703366, 150.0 
 47.54717635592096, -123.17857693141313, 55.862068965517246, 2020-10-10 01:55:00, 133771.11502652272, 150.0 
 47.567989495488824, -123.12713948558797, 55.86206896551724, 2020-10-10 01:57:30, 342772.1282310515, 300.0 
 47.39764340509966, -122.95570850397148, 46.15384615384616, 2020-10-10 02:12:30, 122253.21641870422, 300.0 
 47.83393273757994, -123.03854523287012, 35.51020408163266, 2020-10-10 02:15:00, 82947.98253741069, 300.0 
 47.79144179787832, -123.09446121568618, 60.0, 2020-10-10 02:17:30, 78651.34910966428, 150.0 
 47.78716991862674, -123.19571605522404, 20.0, 2020-10-10 02:20:00, 109117.01330664025, 150.0 
 47.635768861557345, -122.98398079350446, 30.76923076923077, 2020-10-10 02:35:00, 309422.248258755, 300.0 
 47.473643201049185, -123.17598103095663, 28.461538461538463, 2020-10-10 02:42:30, 95768.13114335875, 300.0 
 47.43468614951946, -123.0673084278719, 55.862068965517246, 2020-10-10 02:45:00, 229126.4199262631, 150.0 
 47.68912914681732, -122.9479174106144, 34.69387755102041, 2020-10-10 02:47:30, 241880.19387547259, 300.0 
 47.72926382883217, -123.11665493684504, 33.87755102040816, 2020-10-10 02:52:30, 132231.90525086407, 300.0 
 47.69855744312065, -123.16422067865649, 34.61538461538461, 2020-10-10 02:55:00, 104524.3787251237, 300.0 
 47.877800055501595, -123.03194647148972, 59.31034482758621, 2020-10-10 02:57:30, 54465.15875566177, 300.0 
 47.783980823427505, -123.05138368027697, 31.538461538461537, 2020-10-10 03:02:30, 156251.69807845127, 300.0 
 47.82565364275294, -122.96314037967205, 37.14285714285714, 2020-10-10 03:10:00, 174727.28583619386, 300.0 
 47.81887733750968, -122.94624879108306, 32.307692307692314, 2020-10-10 03:12:30, 140131.71675071586, 300.0 
 47.72146065636606, -122.63787770422718, 60.0, 2020-10-10 03:17:30, 180569.74716805213, 300.0 
 47.47297494823991, -122.93674767884463, 20.000000000000004, 2020-10-10 03:27:30, 60669.17421371112, 300.0 
 47.560026943931334, -122.69170095355784, 60.0, 2020-10-10 03:30:00, 53378.84676855048, 150.0 
 47.52549333990558, -122.96625019909466, 20.0, 2020-10-10 03:35:00, 155509.3907914845, 300.0 
 47.5030995203261, -122.98199791384307, 20.0, 2020-10-10 03:37:30, 143027.34251583074, 150.0 
 47.1803291478101, -122.95122844814327, 39.59183673469388, 2020-10-10 03:40:00, 223467.6192374565, 300.0 
 47.264590426871514, -122.92364339888422, 20.0, 2020-10-10 03:42:30, 65822.52067106853, 300.0 
 47.45160477442743, -122.87072658923842, 24.82758620689655, 2020-10-10 03:45:00, 20798.483550037305, 150.0 
 47.61500867087662, -122.9316884697763, 36.326530612244895, 2020-10-10 04:00:00, 56099.84061150286, 300.0 
 47.35666861913026, -122.77427135293705, 34.69387755102041, 2020-10-10 04:05:00, 254540.12375135155, 300.0 
 47.39605987973707, -123.02954449232674, 20.0, 2020-10-10 04:10:00, 131823.62559193364, 300.0 
 47.51006382871274, -123.24546921041707, 31.53846153846154, 2020-10-10 04:17:30, 299560.0117665789, 300.0 
 47.47004203684459, -122.77571228638436, 20.0, 2020-10-10 04:20:00, 175191.39258228816, 300.0 
 47.441102645887895, -122.85285809710814, 29.23076923076923, 2020-10-10 04:22:30, 77862.69952963499, 150.0 
 47.38530258539562, -122.795791208223, 60.0, 2020-10-10 04:25:00, 125948.32797147977, 150.0 
 47.200208308043706, -123.18329750452526, 43.6734693877551, 2020-10-10 04:32:30, 600455.5845829309, 300.0 
 47.39678182436707, -122.70653841057111, 20.0, 2020-10-10 04:35:00, 270654.18916396896, 300.0 
 47.42458311722698, -123.23880702061209, 20.0, 2020-10-10 04:37:30, 187581.374664122, 300.0 
 47.35691707347726, -122.98399278900496, 22.068965517241374, 2020-10-10 04:42:30, 125960.31932363148, 150.0 
 47.66488822928273, -123.16438116531084, 60.00000000000001, 2020-10-10 04:52:30, 19439.349281941686, 300.0 
 47.5400979019773, -122.82333327086606, 35.51020408163265, 2020-10-10 05:02:30, 53447.18798047135, 300.0 
 47.766023140566936, -122.99031135787033, 60.0, 2020-10-10 05:15:00, 72396.57106492102, 300.0 
 47.642585915204734, -123.19222969744496, 30.76923076923077, 2020-10-10 05:20:00, 131327.8462482126, 300.0 
 47.60128128609942, -123.16885999222805, 34.61538461538461, 2020-10-10 05:22:30, 77880.24045048162, 150.0 
 47.33168529069168, -123.11150587835799, 45.38461538461539, 2020-10-10 05:25:00, 212420.03945728327, 300.0 
 47.57742674190539, -123.12631168420975, 34.61538461538462, 2020-10-10 05:27:30, 291759.4328689912, 300.0 
 47.638064328221596, -123.03982388328049, 20.0, 2020-10-10 05:30:00, 215879.75702378724, 150.0 
 47.63838788877276, -123.18320859013014, 28.96551724137931, 2020-10-10 05:32:30, 276165.95406003436, 300.0 
 47.54274366723453, -122.90029021242732, 60.0, 2020-10-10 05:40:00, 219154.22214869328, 300.0 
 47.610015959109845, -123.17959214967527, 24.827586206896555, 2020-10-10 05:42:30, 97278.72234995897, 150.0 
 47.52268584606929, -122.97178148386138, 34.69387755102041, 2020-10-10 05:50:00, 542658.0254542952, 300.0 
 47.60454306021409, -123.01759124917476, 33.07692307692308, 2020-10-10 05:52:30, 540344.6309330731, 300.0 
 47.48454056022143, -123.37322851539155, 28.46153846153846, 2020-10-10 05:57:30, 407804.56192845316, 300.0 
 47.45942757674704, -123.31920753639027, 45.38461538461539, 2020-10-10 06:17:30, 47579.619681497425, 300.0 
 47.49468884359148, -123.22701286528243, 56.55172413793103, 2020-10-10 06:20:00, 56797.02000437625, 150.0 
 47.31501803075684, -123.29004599888688, 20.0, 2020-10-10 06:27:30, 157022.6934144848, 300.0 
 47.48488247998031, -123.23207064709305, 20.0, 2020-10-10 06:32:30, 131615.30760169952, 150.0 
 47.75584659904267, -122.68607656740095, 20.0, 2020-10-10 06:35:00, 324905.2873979214, 300.0 
 47.612780363412256, -122.73314587661429, 20.0, 2020-10-10 06:37:30, 319882.67601938284, 300.0 
 47.61065503558527, -123.16196788210122, 36.326530612244895, 2020-10-10 06:40:00, 203896.95968860996, 300.0 
 47.63792941767039, -123.21906985553407, 34.69387755102041, 2020-10-10 06:42:30, 63930.3738140862, 300.0 
 47.70129125929788, -123.19031936354608, 20.000000000000004, 2020-10-10 06:45:00, 145776.55658997622, 300.0 
 47.68363688299539, -123.23206105726058, 31.42857142857143, 2020-10-10 06:47:30, 194947.47473054242, 150.0 
 47.68268417253867, -123.35065905601004, 34.61538461538461, 2020-10-10 06:50:00, 180449.67150252813, 150.0 
 47.595149310736765, -123.44035744880341, 20.0, 2020-10-10 06:52:30, 20446.985715520143, 150.0 
 47.40337225325463, -123.02270593757649, 22.06896551724138, 2020-10-10 06:57:30, 158307.7341576554, 300.0 
 47.22693775878437, -123.26951542196971, 20.0, 2020-10-10 07:00:00, 476424.8737862956, 300.0 
 47.30691716875505, -123.1374543800924, 22.06896551724138, 2020-10-10 07:02:30, 130144.22035252547, 150.0 
 47.64167553099736, -122.77297002115411, 20.0, 2020-10-10 07:07:30, 183260.70036431443, 300.0 
 47.63745386169394, -122.95355909381212, 38.77551020408163, 2020-10-10 07:10:00, 87737.81593788831, 150.0 
 47.51645408682114, -122.96588371818552, 46.15384615384615, 2020-10-10 07:17:30, 262507.3428196891, 150.0 
 47.56444271597815, -123.14117667296057, 34.61538461538461, 2020-10-10 07:20:00, 157548.54918319324, 150.0 
 47.545213160246114, -123.10947261713036, 42.04081632653061, 2020-10-10 07:22:30, 108325.14975130785, 150.0 
 47.47216857001665, -123.07728924672287, 55.86206896551724, 2020-10-10 07:25:00, 65939.59047077222, 150.0 
 47.7467553485937, -123.17895389034479, 39.59183673469388, 2020-10-10 07:32:30, 105831.14149315271, 300.0 
 47.6115380203283, -123.2500004864693, 31.53846153846154, 2020-10-10 07:45:00, 205941.26174824598, 300.0 
 47.55129754837667, -123.06565547491655, 20.0, 2020-10-10 07:47:30, 171801.47500907144, 150.0 
 47.388088055758786, -123.2444173067655, 20.0, 2020-10-10 08:00:00, 419896.99649737665, 300.0 
 47.329323276723045, -122.78657903979773, 58.620689655172406, 2020-10-10 08:02:30, 262209.6735814615, 300.0 
 47.46276932915135, -123.11869934588984, 32.30769230769231, 2020-10-10 08:05:00, 143513.4767383083, 300.0 
 47.41863606068493, -122.83111151272192, 20.0, 2020-10-10 08:12:30, 142276.1995790321, 300.0 
 47.178610317549015, -123.0843923336748, 27.692307692307693, 2020-10-10 08:15:00, 239394.89372737467, 300.0 
 47.32447767331593, -123.24878074732092, 20.0, 2020-10-10 08:17:30, 222958.52643444197, 300.0 
 47.3763787616967, -123.14309568191436, 33.84615384615384, 2020-10-10 08:22:30, 102131.25317512274, 150.0 
 47.43016433065088, -123.1811915199403, 60.0, 2020-10-10 08:25:00, 87878.67503961177, 150.0 
 47.593239065011545, -123.35905196779868, 20.0, 2020-10-10 08:27:30, 56336.06244682382, 150.0 
 47.65505600420974, -123.20714533481413, 46.92307692307693, 2020-10-10 08:30:00, 51440.24540945075, 150.0 
 47.65766020821042, -122.862452146395, 53.79310344827586, 2020-10-10 08:42:30, 51541.68352420104, 300.0 
 47.66953145502639, -123.30349219730799, 40.40816326530612, 2020-10-10 08:45:00, 83947.28497258753, 300.0 
 47.48132413981762, -123.48232394717736, 33.07692307692308, 2020-10-10 08:47:30, 67885.87326486048, 150.0 
 47.73680280753197, -123.05560337398728, 45.38461538461538, 2020-10-10 08:50:00, 358901.8912630991, 300.0 
 47.704835631333744, -123.02536922887444, 46.15384615384616, 2020-10-10 08:52:30, 156746.3636193867, 150.0 
 47.529562068058, -122.96311033247228, 54.48275862068965, 2020-10-10 08:55:00, 124548.65818428324, 150.0 
 47.51778896852638, -122.97433630502898, 58.62068965517241, 2020-10-10 08:57:30, 203358.69475685456, 150.0 
 47.76438450375275, -123.06161148206999, 60.0, 2020-10-10 09:00:00, 207953.2380133115, 300.0 
 47.66223434188845, -122.96505604759824, 55.172413793103445, 2020-10-10 09:02:30, 110208.18614943228, 150.0 
 47.32492994493414, -122.95402155886228, 20.0, 2020-10-10 09:05:00, 129816.74572734581, 300.0 
 47.72042986545999, -122.67929628655267, 45.38461538461539, 2020-10-10 09:10:00, 130072.93191554575, 300.0 
 47.664071722918784, -123.12610072584155, 31.53846153846154, 2020-10-10 09:20:00, 66791.64221144628, 300.0 
 47.63783503536979, -123.16924715281003, 20.0, 2020-10-10 09:22:30, 27900.443061689188, 150.0 
 47.48609329369593, -123.03757373832786, 32.30769230769231, 2020-10-10 09:25:00, 133073.79986054308, 150.0 
 47.72161546814579, -123.13083642898326, 20.0, 2020-10-10 09:47:30, 83148.07005954704, 300.0 
 47.664848407125874, -123.33033414179842, 20.0, 2020-10-10 10:00:00, 109409.79638451911, 300.0 
 47.334323285995254, -123.20628693826517, 60.0, 2020-10-10 10:02:30, 117042.61348940954, 300.0 
 47.44153429538201, -123.05563764582367, 60.0, 2020-10-10 10:25:00, 406729.1493799195, 300.0 
 47.36181504089664, -122.98144840009377, 25.51724137931034, 2020-10-10 10:27:30, 161813.83824013182, 150.0 
 47.32466572913721, -123.108048380717, 43.07692307692308, 2020-10-10 10:30:00, 289393.2772904999, 300.0 
 47.327341922347266, -122.94973001528517, 33.07692307692307, 2020-10-10 10:32:30, 113497.28641890833, 150.0 
 47.42709933152052, -122.94645927511122, 20.0, 2020-10-10 10:35:00, 75252.88693774048, 150.0 
 47.381599133298444, -122.92046596637459, 20.0, 2020-10-10 10:37:30, 104465.5298822354, 150.0 
 47.439593308864545, -123.102294475998, 22.06896551724138, 2020-10-10 10:42:30, 381982.06946604047, 300.0 
 47.57672777940818, -123.13785656187581, 20.0, 2020-10-10 10:45:00, 106327.4570833965, 150.0 
 47.60937814541005, -123.11888269585315, 34.61538461538461, 2020-10-10 10:47:30, 61861.09965101678, 150.0 
 47.438223238628915, -123.20643625978347, 42.85714285714285, 2020-10-10 10:50:00, 152122.47818167735, 150.0 
 47.45601882759521, -122.83184380390591, 42.04081632653061, 2020-10-10 10:57:30, 241654.06294474538, 300.0 
 47.399364822642035, -123.35305221801318, 36.15384615384615, 2020-10-10 11:15:00, 190193.07542445828, 300.0 
 47.790706273150015, -122.9262889177287, 60.0, 2020-10-10 11:40:00, 144590.06796225448, 300.0 
 47.84096753409673, -123.19634815145662, 44.61538461538461, 2020-10-10 11:42:30, 42649.758764429556, 150.0 
 47.853495218237676, -122.99046377408614, 34.61538461538462, 2020-10-10 11:45:00, 57988.363046023194, 150.0 
 47.7851511027079, -122.72474903957855, 20.0, 2020-10-10 11:50:00, 49743.41947341526, 300.0 
 47.68914889304969, -123.29336288872462, 46.15384615384616, 2020-10-10 11:52:30, 116788.47149524737, 300.0 
 47.766934661771515, -123.14499896285396, 33.07692307692307, 2020-10-10 11:57:30, 113444.74259551367, 300.0 
 47.789004915565684, -123.21517166667485, 20.0, 2020-10-10 12:00:00, 82647.98360726333, 150.0 
 47.716870881161135, -123.41145832856088, 34.69387755102041, 2020-10-10 12:02:30, 14307.018365991493, 150.0 
 47.8603371038662, -123.12391618679969, 33.06122448979592, 2020-10-10 12:05:00, 53641.498193012994, 300.0 
 47.81207582262419, -123.18174791339689, 20.0, 2020-10-10 12:07:30, 21612.65901239204, 150.0 
 47.631001689033575, -123.40571461238501, 57.93103448275862, 2020-10-10 12:10:00, 105817.2592031653, 300.0 
 47.69332290824519, -123.21482347940338, 20.0, 2020-10-10 12:12:30, 121189.71340038882, 150.0 
 47.75964708236033, -122.9722073582248, 46.15384615384615, 2020-10-10 12:25:00, 124006.8215896231, 300.0 
 47.86278396578451, -122.97740518142184, 20.0, 2020-10-10 12:30:00, 83111.2978390418, 300.0 
 47.60179049029294, -123.06380875461524, 20.0, 2020-10-10 12:37:30, 150151.52365528935, 300.0 
 47.78339117290422, -123.5759676995064, 20.0, 2020-10-10 12:40:00, 261912.62630486494, 300.0 
 47.83199797408198, -123.12336439965925, 31.53846153846154, 2020-10-10 12:45:00, 209381.54157610596, 300.0 
 47.862057179826195, -123.13119834024673, 51.03448275862069, 2020-10-10 12:50:00, 150392.3507399826, 150.0 
 47.95875557470944, -123.00176748651549, 36.326530612244895, 2020-10-10 13:05:00, 109643.2562592599, 300.0 
 47.76497969830513, -123.00617596172096, 34.6938775510204, 2020-10-10 13:17:30, 143919.4954923403, 300.0 
 47.70694296788756, -122.80080635728898, 60.0, 2020-10-10 13:20:00, 147621.8910639463, 150.0 
 47.95928260293428, -123.04760022979697, 20.0, 2020-10-10 13:22:30, 191218.15227351376, 300.0 
 47.686546539511916, -123.23564730554573, 43.673469387755105, 2020-10-10 13:25:00, 111944.55806658178, 300.0 
 47.77273123023461, -123.07359210871991, 36.3265306122449, 2020-10-10 13:27:30, 82248.25919633746, 150.0 
 47.78795893108677, -123.23408314468304, 20.0, 2020-10-10 13:32:30, 183385.1513365268, 300.0 
 47.84669853136794, -123.1156932613584, 36.326530612244895, 2020-10-10 13:35:00, 74536.67339281086, 150.0 
 47.82419206343458, -123.33268736629398, 20.0, 2020-10-10 13:47:30, 161274.76595296516, 300.0 
 47.8937237905695, -123.21593479849813, 32.244897959183675, 2020-10-10 14:02:30, 98850.96654237881, 300.0 
 47.83702953043347, -123.13300239988459, 31.538461538461537, 2020-10-10 14:05:00, 50341.63212054, 150.0 
 47.84948412211574, -123.1857882207333, 26.89655172413793, 2020-10-10 14:07:30, 65473.73978946685, 150.0 
 47.84881643645966, -123.12174498939196, 43.84615384615385, 2020-10-10 14:17:30, 83728.23652251592, 300.0 
 47.68939790664056, -123.076241671509, 58.62068965517241, 2020-10-10 14:27:30, 266237.24662557506, 300.0 
 47.73085323331113, -123.11174764748176, 56.55172413793103, 2020-10-10 14:40:00, 192181.73909148976, 300.0 
 47.73786779797724, -123.23455114966896, 37.95918367346939, 2020-10-10 14:42:30, 186092.22062472568, 150.0 
 47.48809257573172, -123.06902742739155, 20.0, 2020-10-10 14:47:30, 234248.5276155785, 300.0 
 47.855175607888256, -122.82994837434991, 50.0, 2020-10-10 14:50:00, 268553.2199753836, 300.0 
 47.825765064553394, -123.15521961972476, 20.0, 2020-10-10 14:55:00, 189281.5632241543, 300.0 
 47.88626374896864, -123.01829871369844, 54.48275862068966, 2020-10-10 15:02:30, 132696.16578678958, 300.0 
 47.76134516732261, -123.12137642043247, 56.55172413793103, 2020-10-10 15:05:00, 103410.45733935092, 150.0 
 47.800875113410214, -122.95160750684533, 33.07692307692307, 2020-10-10 15:07:30, 49171.88472031421, 150.0 
 48.050829968950424, -122.97486685346487, 60.00000000000001, 2020-10-10 15:10:00, 288476.769840644, 300.0 
 47.97157176423936, -122.97452474144383, 32.30769230769231, 2020-10-10 15:12:30, 259989.90962740977, 150.0 
 48.022269014934565, -122.95603938015311, 26.153846153846153, 2020-10-10 15:15:00, 258839.3698758482, 150.0 
 47.61288075305119, -123.26151244509384, 44.489795918367356, 2020-10-10 15:17:30, 92288.53880402212, 300.0 
 47.679463296995095, -123.06918760324041, 60.0, 2020-10-10 15:20:00, 118863.92575740852, 150.0 
 47.65386603607976, -123.05705111584342, 60.0, 2020-10-10 15:22:30, 620302.9276281762, 300.0 
 47.621660006896434, -123.07789775022242, 33.846153846153854, 2020-10-10 15:25:00, 211402.83834965408, 150.0 
 47.65692538626266, -123.18887222738958, 20.0, 2020-10-10 15:32:30, 102028.73227551159, 300.0 
 47.51718131097368, -122.99193585104797, 34.69387755102041, 2020-10-10 15:35:00, 48977.31918479569, 150.0 
 47.54324800254047, -122.7534941700611, 35.38461538461539, 2020-10-10 15:40:00, 79601.22670301687, 150.0 
 47.69129620977583, -123.3492798737579, 36.326530612244895, 2020-10-10 15:45:00, 93880.7091181469, 300.0 
 47.77832708019883, -123.13498583708954, 20.0, 2020-10-10 15:50:00, 494503.8892369794, 300.0 
 47.846379109850695, -122.53553564987065, 58.620689655172406, 2020-10-10 15:52:30, 607357.2861364, 300.0 
 47.70648545783254, -122.8908687974715, 54.48275862068966, 2020-10-10 15:57:30, 243500.02595608623, 300.0 
 47.44471880344747, -123.19902967256843, 60.0, 2020-10-10 16:00:00, 69620.342642711, 300.0 
 47.27407947040831, -122.89442529498461, 49.230769230769226, 2020-10-10 16:05:00, 888263.6020781144, 300.0 
 47.4263897484626, -122.98944369436836, 34.61538461538461, 2020-10-10 16:07:30, 335503.53915937967, 150.0 
 47.5388086129318, -123.0508026027805, 27.58620689655173, 2020-10-10 16:10:00, 293305.0117193567, 150.0 
 47.21746503100286, -122.96531093173562, 20.0, 2020-10-10 16:15:00, 455819.1997431844, 300.0 
 47.52232685269343, -122.97603520936258, 60.00000000000001, 2020-10-10 16:17:30, 697830.3647586538, 300.0 
 47.29630509834054, -122.86664178142273, 22.758620689655174, 2020-10-10 16:20:00, 1100617.4929211556, 300.0 
 47.47198167705344, -122.9900751082531, 44.61538461538461, 2020-10-10 16:27:30, 82621.37264231587, 300.0 
 47.37948081829933, -122.85158870345809, 31.53846153846154, 2020-10-10 16:32:30, 1060556.5368211856, 300.0 
 47.374686807437854, -122.80033967478232, 30.0, 2020-10-10 16:35:00, 292033.5202977501, 150.0 
 47.461933676327966, -123.00850466784723, 22.06896551724138, 2020-10-10 16:37:30, 158294.44231762292, 150.0 
 47.687435261438544, -123.16082250459806, 34.61538461538461, 2020-10-10 16:40:00, 165143.8549810049, 300.0 
 47.42368431736094, -122.9695440413152, 20.0, 2020-10-10 16:45:00, 530111.375090837, 300.0 
 47.7310189097514, -123.08922519497581, 22.75862068965517, 2020-10-10 16:47:30, 827706.9833067071, 300.0 
 47.84621294103104, -123.36215258167887, 46.15384615384615, 2020-10-10 16:50:00, 368343.5402716484, 150.0 
 47.7716019743658, -123.28438212174582, 23.44827586206896, 2020-10-10 16:52:30, 287347.6260212483, 150.0 
 47.71583142401196, -123.24901440821897, 20.0, 2020-10-10 16:55:00, 556725.0958875977, 300.0 
 47.69125735701208, -123.2994032769711, 20.0, 2020-10-10 16:57:30, 213638.4729954714, 150.0 
 47.50885768165796, -123.33640913469738, 20.000000000000004, 2020-10-10 17:00:00, 354321.9408293882, 150.0 
 47.524296424155374, -123.27366591723803, 34.69387755102041, 2020-10-10 17:02:30, 353592.2359852294, 150.0 
 47.641391155828856, -123.19590195695238, 37.95918367346938, 2020-10-10 17:05:00, 287604.594392882, 150.0 
 47.78063518810825, -123.24094385146367, 34.69387755102041, 2020-10-10 17:07:30, 1080072.3811012642, 150.0 
 47.738894520721956, -122.5959020979298, 53.103448275862064, 2020-10-10 17:10:00, 1661098.9693389477, 300.0 
 47.61148248819789, -123.16255620700018, 33.846153846153854, 2020-10-10 17:12:30, 2307716.675841851, 300.0 
 47.68168552746758, -123.08433621887878, 36.326530612244895, 2020-10-10 17:15:00, 866938.281980762, 300.0 
 47.62116075136641, -123.14533264915701, 36.326530612244895, 2020-10-10 17:17:30, 207105.5280757536, 150.0 
 47.982577473154, -123.27515045525372, 33.84615384615385, 2020-10-10 17:20:00, 435759.88369028986, 300.0 
 47.73447236689453, -122.96191418819835, 30.769230769230774, 2020-10-10 17:30:00, 470462.21192338225, 300.0 
 47.61153802032829, -123.25000048646932, 48.46153846153847, 2020-10-10 17:32:30, 470693.29066553025, 300.0 
 47.652364649121935, -123.03338872132515, 53.793103448275865, 2020-10-10 17:40:00, 608931.9557017934, 150.0 
 47.68799891022893, -122.92301260857707, 20.0, 2020-10-10 17:50:00, 193629.16366086568, 300.0 
 47.64270517818456, -123.05064551276375, 31.538461538461537, 2020-10-10 17:55:00, 227932.0115878199, 300.0 
 47.66887772519667, -123.27736481110352, 51.0344827586207, 2020-10-10 18:07:30, 271830.954277791, 300.0 
 47.69346974001107, -123.07310082555126, 51.03448275862068, 2020-10-10 18:12:30, 381352.85551401845, 300.0 
 47.7883985958685, -123.11647361794013, 32.30769230769231, 2020-10-10 18:20:00, 168920.28780917515, 300.0 
 47.66489932645754, -123.12668923529881, 43.6734693877551, 2020-10-10 18:22:30, 191296.72998168698, 150.0 
 47.55837733581739, -123.00299567245605, 40.40816326530612, 2020-10-10 18:37:30, 149639.66924055165, 300.0 
 47.936237662034955, -123.04329294858758, 31.53846153846154, 2020-10-10 19:00:00, 867964.9028944897, 300.0 
 47.74397697994986, -123.03655042751922, 34.61538461538461, 2020-10-10 19:07:30, 1041141.5830734703, 300.0 
 47.80520455290436, -123.15264591063746, 20.0, 2020-10-10 19:10:00, 439969.1969053603, 150.0 
 47.88737345578936, -123.04330494258397, 35.38461538461539, 2020-10-10 19:17:30, 153458.41039022687, 300.0 
 47.704222968966, -123.15618352626814, 20.0, 2020-10-10 19:30:00, 1027354.0824021902, 300.0 
 47.70897632853346, -123.02830535977095, 31.538461538461544, 2020-10-10 19:32:30, 737892.1326047195, 150.0 
 47.62669343926853, -123.08749419556408, 46.92307692307692, 2020-10-10 19:40:00, 347857.2498802926, 300.0 
 47.675459848576516, -123.07840658035794, 33.87755102040816, 2020-10-10 19:42:30, 276931.0914911124, 150.0 
 47.36195937476522, -122.99353252327553, 20.0, 2020-10-10 19:47:30, 423095.7857369801, 150.0 
 47.52557881779352, -122.87469041819179, 32.307692307692314, 2020-10-10 19:52:30, 744759.5588400417, 300.0 
 47.457648043748385, -122.9934756519572, 41.22448979591836, 2020-10-10 19:55:00, 953457.9830470623, 150.0 
 47.74910748429463, -122.91646580381003, 46.92307692307693, 2020-10-10 20:00:00, 764361.3511988026, 300.0 
 47.33401380470889, -122.99183477585987, 58.6206896551724, 2020-10-10 20:12:30, 2428298.6067657727, 300.0 
 47.561330308345354, -123.00959378173981, 23.448275862068968, 2020-10-10 20:15:00, 3330142.2076897575, 300.0 
 47.510769471538794, -123.15272394800584, 34.61538461538461, 2020-10-10 20:17:30, 1404754.6182791034, 150.0 
 47.452702341673216, -122.82951729236075, 20.0, 2020-10-10 20:27:30, 1013128.468151618, 300.0 
 47.399151222814076, -123.16071735274625, 20.0, 2020-10-10 20:30:00, 1697000.5565833373, 300.0 
 47.43502928984829, -123.02553532228272, 20.0, 2020-10-10 20:35:00, 1740786.0769219822, 300.0 
 47.33808289946746, -122.98870761783878, 45.38461538461538, 2020-10-10 20:37:30, 792212.5433076192, 150.0 
 47.52044862472141, -122.9566839912631, 57.24137931034483, 2020-10-10 20:40:00, 448793.7548558339, 150.0 
 47.18802005517237, -122.87752220769516, 60.0, 2020-10-10 20:42:30, 1848311.7529068713, 300.0 
 47.374585614756874, -122.85414799783422, 37.95918367346938, 2020-10-10 20:52:30, 1848785.3802743135, 300.0 
 47.701606069166914, -122.7413466571637, 20.0, 2020-10-10 21:00:00, 1652832.9669386572, 300.0 
 47.70266406176983, -123.28944408901893, 42.85714285714285, 2020-10-10 21:02:30, 376535.1099684308, 300.0 
 47.577682194189414, -122.83923312235203, 35.51020408163265, 2020-10-10 21:07:30, 816626.4819881498, 300.0 
 47.61615237516777, -122.7986423823984, 34.69387755102041, 2020-10-10 21:10:00, 865158.3372417751, 300.0 
 47.647034897934006, -122.89860812771298, 20.0, 2020-10-10 21:15:00, 183605.42586599544, 300.0 
 47.66984440399985, -122.9162115498915, 27.69230769230769, 2020-10-10 21:17:30, 336269.1415490002, 150.0 
 47.654852060026165, -122.83639288263869, 32.307692307692314, 2020-10-10 21:20:00, 887834.4869346865, 300.0 
 47.869784936792065, -122.84783000402702, 55.86206896551724, 2020-10-10 21:22:30, 306414.68894195964, 150.0 
 47.89067633667297, -122.78250336835484, 57.93103448275862, 2020-10-10 21:25:00, 364160.4071744077, 150.0 
 48.051189093141595, -122.97056961951735, 60.0, 2020-10-10 21:30:00, 1104333.5922819586, 300.0 
 47.68115045699026, -122.77664069415893, 20.0, 2020-10-10 21:35:00, 416529.87077666726, 150.0 
 47.62854718481497, -122.60446882884848, 20.0, 2020-10-10 21:37:30, 517475.20296360645, 150.0 
 47.992471005020604, -122.77881176164956, 53.10344827586207, 2020-10-10 21:40:00, 947511.2283168728, 300.0 
 47.683781546595355, -122.7589262908271, 34.61538461538461, 2020-10-10 21:42:30, 770373.61673105, 300.0 
 47.597636697710655, -122.57089075468134, 33.87755102040816, 2020-10-10 21:47:30, 931621.3780309976, 150.0 
 47.5428582551575, -122.81476202650862, 57.241379310344826, 2020-10-10 21:52:30, 292215.4587935526, 300.0 
 47.70414223770966, -122.71753905371986, 20.0, 2020-10-10 21:55:00, 392464.012743623, 150.0 
 47.90753506327807, -122.94262703061374, 33.84615384615384, 2020-10-10 22:02:30, 1684677.0549238182, 300.0 
 47.750972201886405, -123.00227680887363, 33.84615384615385, 2020-10-10 22:05:00, 241302.47551610117, 150.0 
 47.60861325777093, -123.01445107533903, 45.38461538461539, 2020-10-10 22:07:30, 249068.12533431672, 150.0 
 47.645810975704066, -122.89924995517542, 53.79310344827586, 2020-10-10 22:17:30, 326648.0587225619, 300.0 
 47.732797664682145, -122.79943072207863, 33.84615384615385, 2020-10-10 22:20:00, 203107.4893966128, 150.0 
 47.735461453752464, -122.84500783817666, 34.61538461538461, 2020-10-10 22:22:30, 211556.75649225342, 150.0 
 47.66689368319914, -122.84637840534245, 45.38461538461539, 2020-10-10 22:25:00, 191298.43136283522, 150.0 
 47.71257327864826, -122.95093738150814, 33.84615384615385, 2020-10-10 22:30:00, 268475.1939926651, 300.0 
 47.862157084647755, -122.62652658069142, 60.0, 2020-10-10 22:32:30, 331198.2215354934, 300.0 
 47.65862729058901, -123.04234590356373, 60.0, 2020-10-10 22:47:30, 221747.48828451792, 300.0 
 47.685089384381136, -122.65001640744812, 54.48275862068965, 2020-10-10 22:50:00, 344714.9425477365, 300.0 
 47.7173452889775, -123.11572168907453, 30.769230769230777, 2020-10-10 22:52:30, 420210.5216276249, 300.0 
 47.71217991894721, -123.09393676259556, 33.07692307692308, 2020-10-10 22:55:00, 296109.54691014107, 150.0 
 47.67504353635533, -122.93796124471281, 45.38461538461538, 2020-10-10 23:00:00, 231307.2839535319, 300.0 
 47.819439180801865, -122.79867675440896, 53.793103448275865, 2020-10-10 23:02:30, 358464.250886796, 150.0 
 47.881658354239605, -123.08312505093959, 28.96551724137931, 2020-10-10 23:05:00, 242396.44078860254, 150.0 
 47.8490248808555, -123.02962542793637, 20.0, 2020-10-10 23:07:30, 98442.12088563449, 150.0 
 47.829324513444575, -123.18196767520305, 33.846153846153854, 2020-10-10 23:10:00, 129056.01488733177, 150.0 
 47.86165962721735, -123.13242810430339, 32.30769230769231, 2020-10-10 23:17:30, 1231507.7307491023, 300.0 
 47.86178916594218, -123.14463009558072, 30.769230769230774, 2020-10-10 23:20:00, 633894.6106569275, 150.0 
 47.77087873572495, -123.12967922226919, 48.46153846153846, 2020-10-10 23:22:30, 225848.65358357172, 150.0 
 47.81085876498271, -122.99645671261354, 42.04081632653061, 2020-10-10 23:25:00, 222718.5473770094, 150.0 
 47.77343365678759, -123.09977482759561, 20.0, 2020-10-10 23:30:00, 271575.82151369785, 300.0 
 47.83378197258534, -123.25932192076183, 20.0, 2020-10-10 23:45:00, 256680.58484298285, 300.0 
 47.703855602037706, -123.24196299429897, 20.0, 2020-10-10 23:47:30, 67033.86516789797, 150.0 
 47.758015252707814, -123.19114046702639, 60.0, 2020-10-10 00:10:00, 1011118.8811661319, 300.0 
 47.449674319197655, -123.1757197874357, 27.586206896551722, 2020-10-10 00:20:00, 240620.6908832508, 300.0 
 47.258568263757006, -123.28982234426847, 24.137931034482758, 2020-10-10 00:27:30, 272535.8455851041, 150.0 
 47.183108191599295, -123.0864234229041, 60.00000000000001, 2020-10-10 00:30:00, 142597.6034349935, 150.0 
 47.407313692812444, -122.96438231132576, 60.0, 2020-10-10 00:32:30, 262761.64267842314, 300.0 
 47.57607874758351, -123.33501953834278, 59.99999999999999, 2020-10-10 00:45:00, 150892.67957795598, 300.0 
 47.568453768461126, -123.16879138142801, 22.068965517241377, 2020-10-10 00:50:00, 116778.90606614266, 300.0 
 47.561580825503995, -122.96873319819235, 20.0, 2020-10-10 01:02:30, 71062.75319198908, 150.0 
 47.44867895798103, -123.435826159005, 28.275862068965516, 2020-10-10 01:05:00, 28056.404010618164, 300.0 
 47.13228314497509, -123.2433919422673, 46.15384615384615, 2020-10-10 01:12:30, 107537.63780817178, 300.0 
 47.694217589829755, -123.46045519233462, 43.84615384615384, 2020-10-10 01:17:30, 324631.70837457513, 300.0 
 47.65385423682552, -123.31738356736787, 49.65517241379311, 2020-10-10 01:37:30, 66268.22637991856, 150.0 
 47.820437253983485, -123.07257814979873, 44.48979591836734, 2020-10-10 01:55:00, 243512.00807803645, 300.0 
 47.79671126139687, -123.06692519737646, 42.857142857142854, 2020-10-10 02:00:00, 223556.8585379783, 300.0 
 47.460696262410124, -123.3214824125359, 43.846153846153854, 2020-10-10 02:22:30, 71710.45529599335, 300.0 
 47.41532214200048, -122.94187189730297, 20.0, 2020-10-10 02:25:00, 101459.10226381269, 300.0 
 47.42279006497526, -122.96942356363805, 23.448275862068968, 2020-10-10 02:27:30, 49969.628805738146, 150.0 
 47.405405534764874, -123.02924043634262, 20.689655172413797, 2020-10-10 02:30:00, 72848.06919370899, 150.0 
 47.58307891676337, -123.45778750489278, 60.0, 2020-10-10 02:35:00, 217487.85801824936, 300.0 
 47.376938406835436, -123.23848998391304, 57.241379310344826, 2020-10-10 02:37:30, 80450.21972842587, 300.0 
 47.385495173769, -122.6585618419447, 51.53846153846155, 2020-10-10 02:55:00, 68965.74706018278, 300.0 
 47.3669470914346, -122.83332900258667, 45.38461538461539, 2020-10-10 02:57:30, 99732.87446106055, 300.0 
 47.45680418817183, -123.29952516999913, 60.0, 2020-10-10 03:10:00, 219431.43596562173, 300.0 
 47.44335578562473, -122.82849057066859, 20.000000000000004, 2020-10-10 03:12:30, 120558.27633702022, 300.0 
 47.50268750195645, -122.77649640649341, 60.0, 2020-10-10 03:40:00, 217744.11611005108, 300.0 
 47.36324706736993, -123.17667809957139, 60.0, 2020-10-10 03:45:00, 70914.6659226335, 300.0 
 47.40427466369066, -122.94253163705187, 46.15384615384615, 2020-10-10 03:47:30, 15045.669893625876, 150.0 
 47.60679599591603, -122.69848982108562, 57.93103448275862, 2020-10-10 04:10:00, 180600.7440424356, 300.0 
 47.240727447278886, -122.90935094590552, 46.923076923076934, 2020-10-10 04:12:30, 202694.39400888726, 300.0 
 47.421149481828294, -122.89890750829214, 37.14285714285714, 2020-10-10 04:15:00, 66984.90951962763, 150.0 
 47.61320465194328, -123.23704985505859, 60.0, 2020-10-10 04:27:30, 345569.6342740892, 300.0 
 47.4920864481485, -123.37386343438087, 53.79310344827586, 2020-10-10 04:30:00, 199731.4694641864, 150.0 
 47.32580737840688, -123.16875702263663, 26.206896551724135, 2020-10-10 04:40:00, 32144.355388947697, 150.0 
 47.19803417137702, -123.28563914077213, 50.0, 2020-10-10 04:55:00, 36562.77933422703, 300.0 
 47.51316473134275, -122.66048243773902, 20.0, 2020-10-10 05:12:30, 53245.02533834415, 300.0 
 47.330237227503275, -123.29073164729327, 20.0, 2020-10-10 05:15:00, 47301.16487076736, 300.0 
 47.37500497794327, -123.29924960707186, 60.0, 2020-10-10 05:27:30, 105085.45396456949, 150.0 
 47.36998330534621, -123.22583767196906, 60.0, 2020-10-10 05:30:00, 210019.75303077712, 300.0 
 47.42390156577558, -122.89907811422452, 20.0, 2020-10-10 05:32:30, 151816.80372477553, 300.0 
 47.62021273468919, -122.91129469091197, 44.61538461538461, 2020-10-10 05:35:00, 95323.59289092326, 150.0 
 47.11798908795794, -122.73078214514629, 20.0, 2020-10-10 05:47:30, 205095.3463037292, 300.0 
 47.131583602827185, -122.80429304934056, 19.999999999999996, 2020-10-10 05:50:00, 191790.39361748574, 300.0 
 46.972690345198004, -122.70082450532581, 60.0, 2020-10-10 05:55:00, 231672.72446366728, 300.0 
 47.72040756640547, -123.30572212121677, 60.0, 2020-10-10 05:57:30, 315045.4068806785, 300.0 
 47.11000052505625, -122.88511356931035, 60.0, 2020-10-10 06:07:30, 103698.6230793328, 300.0 
 47.470725879525105, -122.83557403274193, 35.38461538461539, 2020-10-10 06:25:00, 131967.1069913063, 300.0 
 47.101738000330656, -122.91690922046429, 20.0, 2020-10-10 06:27:30, 88673.50699101474, 300.0 
 47.448454426256944, -123.44258579880687, 20.0, 2020-10-10 06:30:00, 54935.27996244527, 150.0 
 47.11259914693836, -122.8906578590298, 60.00000000000001, 2020-10-10 06:35:00, 100512.0552684575, 300.0 
 47.33367811115228, -122.93675209538989, 20.0, 2020-10-10 06:37:30, 204340.7310180578, 300.0 
 47.28044522224455, -122.9658342638929, 20.0, 2020-10-10 06:40:00, 85108.51408633741, 300.0 
 47.146958037660234, -123.03556726381541, 60.00000000000001, 2020-10-10 06:42:30, 73261.7724702386, 150.0 
 47.641000828886895, -122.92347219953032, 20.0, 2020-10-10 06:57:30, 106551.11374085685, 300.0 
 47.745301175076534, -123.18618783397761, 60.0, 2020-10-10 07:00:00, 362246.62735612463, 300.0 
 47.536226196787766, -123.1706955458131, 42.85714285714285, 2020-10-10 07:02:30, 314201.3841103994, 300.0 
 47.56716964555043, -123.02883496086511, 37.95918367346938, 2020-10-10 07:15:00, 680603.8499996823, 300.0 
 47.725254918330755, -123.15077525710065, 20.0, 2020-10-10 07:57:30, 448770.76564123237, 300.0 
 47.476644231949834, -122.91861731015398, 29.230769230769234, 2020-10-10 08:00:00, 442301.38359850796, 300.0 
 47.80478981675568, -123.19432411814778, 20.0, 2020-10-10 08:15:00, 250873.32435895546, 300.0 
 47.45417677064986, -123.38065644714823, 20.0, 2020-10-10 08:20:00, 52381.10948983424, 150.0 
 47.274608418905906, -123.15992858390688, 60.0, 2020-10-10 08:32:30, 56898.6382434165, 300.0 
 46.611582398010384, -123.08021013130036, 20.0, 2020-10-10 08:42:30, 21087.779920863402, 300.0 
 46.63193763614032, -123.04549364970194, 20.0, 2020-10-10 09:02:30, 98333.74282333194, 300.0 
 47.63537008932103, -123.02237250876954, 60.0, 2020-10-10 09:05:00, 321406.2867592248, 300.0 
 47.72387043638308, -123.1956309319178, 20.0, 2020-10-10 09:07:30, 156536.52155411427, 150.0 
 47.822383754522576, -123.1300197418997, 20.0, 2020-10-10 09:10:00, 281889.88213467924, 300.0 
 46.598315875083955, -123.03268176658625, 60.0, 2020-10-10 09:17:30, 69320.46787576465, 300.0 
 46.91937179962119, -122.9928370288316, 46.12244897959183, 2020-10-10 09:20:00, 58172.172233787416, 300.0 
 46.942013505128756, -123.06539474267235, 60.0, 2020-10-10 09:22:30, 22144.39807167355, 150.0 
 47.009581955217385, -122.86149442010154, 20.0, 2020-10-10 09:25:00, 16040.363807561576, 150.0 
 46.96029580736435, -123.00750653792333, 55.172413793103445, 2020-10-10 09:35:00, 97638.61914544618, 300.0 
 46.8231331435573, -122.92115649312467, 59.99999999999999, 2020-10-10 09:52:30, 75910.77845552232, 300.0 
 46.994117505474506, -123.22325495408703, 20.0, 2020-10-10 09:57:30, 141482.7165261033, 300.0 
 46.78454395425661, -122.95222717439819, 20.0, 2020-10-10 10:00:00, 142810.2934998548, 300.0 
 46.920602713874864, -122.79036537238345, 26.89655172413793, 2020-10-10 10:05:00, 93672.2160048603, 300.0 
 46.970858177462205, -122.7342813535958, 43.673469387755105, 2020-10-10 10:07:30, 46852.287526294764, 150.0 
 47.42374342438792, -122.67159058682147, 20.0, 2020-10-10 10:12:30, 140100.13786749318, 300.0 
 46.85924114320822, -123.12706028997721, 60.00000000000001, 2020-10-10 10:20:00, 64667.50582380103, 300.0 
 47.57790676797405, -122.84754080353353, 60.0, 2020-10-10 10:27:30, 268026.4359550338, 300.0 
 47.69730836095512, -123.33813975418158, 44.61538461538462, 2020-10-10 10:40:00, 212071.27484612257, 300.0 
 47.88770034663377, -123.47464971060911, 60.0, 2020-10-10 10:42:30, 395727.70242750546, 150.0 
 47.01862302308704, -122.8015736660453, 37.14285714285714, 2020-10-10 10:50:00, 312841.12215431564, 300.0 
 47.16757059860923, -122.96007431040282, 60.0, 2020-10-10 10:52:30, 326575.11587151897, 300.0 
 47.43235605715105, -122.86032693146291, 43.673469387755105, 2020-10-10 11:02:30, 179873.42220203043, 300.0 
 47.79637149404337, -123.40109072516935, 24.137931034482758, 2020-10-10 11:15:00, 432557.9317260877, 300.0 
 47.66279815646045, -123.1792355924047, 20.0, 2020-10-10 12:15:00, 210208.51197306506, 150.0 
 47.671374093141445, -123.04783031304163, 32.307692307692314, 2020-10-10 12:47:30, 118638.07016386924, 150.0 
 47.68992092210273, -123.04223352192764, 20.0, 2020-10-10 14:57:30, 374140.8190468186, 150.0 
 47.326319671611515, -122.63759970662548, 53.793103448275865, 2020-10-10 15:20:00, 221204.914614805, 300.0 
 47.356455043858254, -122.64472529603202, 45.38461538461539, 2020-10-10 15:32:30, 78242.47816589313, 300.0 
 47.47622409952763, -122.5255439105757, 57.241379310344826, 2020-10-10 15:37:30, 183904.04222461538, 300.0 
 47.378313376075155, -122.95037296560193, 20.0, 2020-10-10 15:42:30, 49999.02586581706, 150.0 
 47.46797280163928, -122.70124589029822, 41.22448979591836, 2020-10-10 15:50:00, 527833.4203392933, 300.0 
 47.59168061925463, -122.713906952409, 20.0, 2020-10-10 16:12:30, 163120.2574734913, 300.0 
 47.749087571608705, -122.66867281018753, 32.307692307692314, 2020-10-10 16:20:00, 1488350.679041643, 300.0 
 47.47351591572688, -122.76797752476715, 31.538461538461544, 2020-10-10 16:22:30, 186487.71664697866, 150.0 
 47.65050430271464, -122.71328222267755, 57.93103448275862, 2020-10-10 16:37:30, 393625.5937223986, 300.0 
 47.54235689882118, -122.96615588641681, 59.99999999999999, 2020-10-10 16:55:00, 547890.5870616249, 300.0 
 47.33490944670234, -123.37353791845842, 20.0, 2020-10-10 17:12:30, 1148647.8042672528, 300.0 
 47.37138300061726, -122.63611029237022, 52.307692307692314, 2020-10-10 17:15:00, 692075.3736916606, 300.0 
 47.34760512510353, -122.70100429674986, 35.38461538461539, 2020-10-10 17:20:00, 433776.7966402329, 300.0 
 47.79998912979664, -123.04940873947879, 22.06896551724138, 2020-10-10 17:37:30, 1176062.7949789262, 300.0 
 47.52156402919944, -122.65554013483326, 46.15384615384615, 2020-10-10 18:37:30, 170172.66406609738, 300.0 
 47.563273004328366, -122.7787636649455, 55.172413793103445, 2020-10-10 19:20:00, 324472.71601247357, 300.0 
 47.51310242716009, -122.79882055025487, 60.0, 2020-10-10 19:22:30, 261146.03572801474, 150.0 
 47.59567817669794, -122.83640275551963, 40.40816326530613, 2020-10-10 19:25:00, 328236.7496396987, 150.0 
 47.526288863066604, -122.98141858706346, 45.384615384615394, 2020-10-10 19:45:00, 216477.58981764477, 150.0 
 47.426702233652186, -123.17552887790207, 58.620689655172406, 2020-10-10 19:50:00, 168516.5071935078, 150.0 
 47.14705350055535, -122.74325881673693, 20.0, 2020-10-10 19:55:00, 567478.4317819106, 300.0 
 47.15243485149103, -122.84730484911034, 45.38461538461538, 2020-10-10 19:57:30, 362657.01881664264, 150.0 
 47.7653448676221, -123.30887710156989, 60.0, 2020-10-10 20:02:30, 1361857.2778311733, 300.0 
 47.50530920556277, -122.97601456167126, 30.76923076923077, 2020-10-10 20:07:30, 1011279.0310660317, 300.0 
 47.652615592000416, -122.93508123221439, 24.82758620689655, 2020-10-10 20:10:00, 634083.7918050946, 150.0 
 47.778802531117066, -122.58588326768053, 55.862068965517246, 2020-10-10 20:20:00, 1582557.6116173181, 300.0 
 47.510981248241926, -122.7756359664916, 60.0, 2020-10-10 20:22:30, 1649301.431759819, 300.0 
 47.64978669554443, -123.12395015937436, 42.85714285714286, 2020-10-10 20:25:00, 3112397.4234478017, 300.0 
 47.59216056084974, -122.83075450800546, 60.0, 2020-10-10 20:42:30, 401882.61121068854, 150.0 
 47.22030338640089, -122.75296341203759, 20.0, 2020-10-10 20:45:00, 289512.3954121725, 150.0 
 47.428460420821004, -122.73550523508902, 60.0, 2020-10-10 20:47:30, 250142.65886279606, 150.0 
 47.66317153197315, -122.91942162508244, 60.0, 2020-10-10 20:50:00, 1874489.8653196264, 300.0 
 47.20242129084775, -122.63190800595787, 33.07692307692308, 2020-10-10 20:55:00, 716987.264053361, 300.0 
 47.19141111475722, -122.63128353339718, 33.84615384615384, 2020-10-10 20:57:30, 281344.3315057539, 150.0 
 48.07601735136487, -122.74394775305608, 20.0, 2020-10-10 21:07:30, 1443913.494556622, 300.0 
 47.91001800326573, -122.8666272798882, 49.230769230769226, 2020-10-10 21:10:00, 529712.2879871777, 300.0 
 47.377189725783886, -122.8285393498176, 42.04081632653061, 2020-10-10 21:15:00, 256124.0743529583, 300.0 
 47.405439240043165, -123.1795152668714, 44.61538461538462, 2020-10-10 21:17:30, 843881.7507238935, 300.0 
 47.41223545796212, -123.16778637877948, 60.0, 2020-10-10 21:20:00, 164446.00074897343, 150.0 
 47.59842274379739, -123.12053461557585, 32.30769230769231, 2020-10-10 21:27:30, 339595.00152935507, 300.0 
 47.42887028305323, -122.61636971199742, 60.00000000000001, 2020-10-10 21:30:00, 481831.2141377591, 300.0 
 47.79432636671807, -122.66038869987979, 20.0, 2020-10-10 21:32:30, 1372589.4460832484, 300.0 
 47.342200593374656, -122.62768971019153, 31.538461538461544, 2020-10-10 21:37:30, 298840.7227686273, 300.0 
 47.921882906821544, -122.5229002154725, 25.384615384615387, 2020-10-10 21:42:30, 408070.9975306222, 150.0 
 47.786142055543536, -122.58629735968103, 20.0, 2020-10-10 21:45:00, 746041.7491193375, 150.0 
 47.73067124561395, -123.06259489872448, 59.99999999999999, 2020-10-10 21:57:30, 434280.5926013477, 300.0 
 46.52982129802276, -123.0833434866235, 20.0, 2020-10-10 09:05:00, 14775.530000696835, 150.0 
 46.619250972929365, -122.99868912918068, 43.846153846153854, 2020-10-10 09:20:00, 14215.309309123004, 150.0 
 46.507315679720335, -123.0206149575362, 60.0, 2020-10-10 09:22:30, 8643.632700988683, 150.0 
 46.5650952653092, -123.11409313644897, 57.24137931034483, 2020-10-10 09:37:30, 48915.15882826618, 300.0 
 46.40260261232322, -122.92182052404459, 50.20408163265306, 2020-10-10 09:52:30, 49497.363333741036, 300.0 
 46.3603036439073, -122.99439732898625, 20.0, 2020-10-10 09:55:00, 35541.546596187996, 150.0 
 46.55378499822693, -123.07196579621578, 60.0, 2020-10-10 10:30:00, 51333.3611805653, 300.0 
 47.69072126850415, -123.20089421638531, 20.0, 2020-10-11 00:07:30, 171245.96636452086, 300.0 
 47.737630762195735, -123.05619158803361, 20.0, 2020-10-11 00:10:00, 167908.92870069193, 150.0 
 47.75783113573156, -123.26091399948268, 20.0, 2020-10-11 00:12:30, 77033.78140491768, 150.0 
 47.71837070657877, -123.25687232379211, 20.0, 2020-10-11 00:15:00, 103821.82819414705, 150.0 
 47.7630652372368, -123.12864435691587, 35.51020408163266, 2020-10-11 00:25:00, 466892.3004621478, 300.0 
 47.68339690563754, -123.20774237301438, 53.103448275862064, 2020-10-11 00:27:30, 204330.45482843602, 150.0 
 47.88112548063535, -123.07214937829951, 60.0, 2020-10-11 00:35:00, 169682.7166511962, 300.0 
 47.799980474478275, -123.01441317834647, 60.0, 2020-10-11 00:37:30, 140533.8434856852, 150.0 
 47.76376302271951, -123.11705670792576, 60.00000000000001, 2020-10-11 00:40:00, 25132.407735376488, 150.0 
 47.86496321878076, -122.82478050539363, 20.0, 2020-10-11 00:42:30, 50556.83803664225, 150.0 
 47.62449311470151, -122.96848560147407, 20.0, 2020-10-11 00:57:30, 287348.77357942564, 300.0 
 47.85359904913494, -122.96483356237091, 60.0, 2020-10-11 01:15:00, 53104.009277475714, 300.0 
 47.64883638347697, -123.20120615439888, 46.12244897959183, 2020-10-11 02:12:30, 374706.0772861495, 300.0 
 47.69880938279842, -123.18854997722468, 26.896551724137936, 2020-10-11 02:15:00, 181657.64617787974, 150.0 
 47.659730283517504, -123.14261442101007, 33.07692307692308, 2020-10-11 02:20:00, 100789.54934500318, 300.0 
 47.78860635711533, -123.21639891356956, 40.0, 2020-10-11 02:22:30, 125106.39430916445, 150.0 
 47.745960172998025, -123.03041256485845, 30.769230769230774, 2020-10-11 02:25:00, 72776.88544947411, 150.0 
 47.82849700560155, -123.40395253240398, 20.0, 2020-10-11 02:32:30, 110009.46488845312, 300.0 
 47.60130520968963, -123.29696867341124, 20.0, 2020-10-11 02:37:30, 67849.00136385359, 300.0 
 47.454156227315764, -123.19821588571973, 20.0, 2020-10-11 02:40:00, 36079.50116686581, 150.0 
 47.497362014949815, -123.3838933765482, 30.0, 2020-10-11 02:45:00, 95964.16758421708, 300.0 
 47.74629305326677, -123.3463921541439, 60.0, 2020-10-11 03:12:30, 108973.44746850421, 300.0 
 47.0633764652924, -123.06311346427208, 20.0, 2020-10-11 03:32:30, 198607.07885172102, 300.0 
 47.24679130506139, -122.91266882128394, 20.0, 2020-10-11 03:35:00, 217667.0563539297, 300.0 
 47.69758184275915, -123.31752656958105, 33.87755102040816, 2020-10-11 03:37:30, 111749.86895944571, 300.0 
 47.70861705467089, -123.31183220826233, 20.689655172413794, 2020-10-11 03:40:00, 52921.08825871002, 150.0 
 47.147138788610945, -122.8415240313602, 20.0, 2020-10-11 03:50:00, 190828.98961273543, 300.0 
 47.72327384092384, -123.25433509666215, 20.0, 2020-10-11 04:05:00, 107010.20766898106, 300.0 
 47.759257012290334, -123.2815901240156, 20.0, 2020-10-11 04:07:30, 53651.58161873082, 150.0 
 47.743624460358525, -122.90504951698716, 47.692307692307686, 2020-10-11 04:12:30, 39312.146176477974, 300.0 
 47.848345716938056, -122.90518754687628, 46.153846153846146, 2020-10-11 04:17:30, 379933.58840779687, 300.0 
 47.243045398670525, -123.19561250256261, 20.0, 2020-10-11 04:40:00, 65151.28316171497, 300.0 
 47.16265258162529, -123.017936608277, 20.0, 2020-10-11 04:47:30, 475283.6725644329, 300.0 
 47.50469672525539, -122.84801185303789, 60.0, 2020-10-11 04:55:00, 126920.67064668101, 300.0 
 47.25830966556662, -122.98052365720406, 52.307692307692314, 2020-10-11 05:02:30, 72702.57932134542, 300.0 
 47.78383317364924, -122.93500828812695, 60.0, 2020-10-11 05:05:00, 46149.81422944446, 300.0 
 47.38445378515588, -122.88652483982881, 20.0, 2020-10-11 05:15:00, 105637.51753428692, 300.0 
 47.398625955880114, -122.87100678597763, 20.0, 2020-10-11 05:17:30, 88004.02441962229, 150.0 
 47.4416971867232, -122.57921179219795, 34.61538461538461, 2020-10-11 05:20:00, 134623.78805887865, 150.0 
 47.56007231139968, -122.53272898576876, 50.0, 2020-10-11 05:22:30, 223009.33626218373, 300.0 
 47.96810462295579, -122.829694753956, 60.0, 2020-10-11 05:25:00, 210548.67735730298, 300.0 
 47.502654545622846, -123.04927876247847, 22.06896551724138, 2020-10-11 05:30:00, 636642.1895580781, 300.0 
 47.82774325274792, -122.96613342411872, 35.51020408163266, 2020-10-11 05:32:30, 466873.2495652696, 300.0 
 47.93278577882765, -123.02871276698727, 36.326530612244895, 2020-10-11 05:35:00, 127611.58403534583, 150.0 
 47.389847952810285, -122.57309289265311, 60.0, 2020-10-11 05:37:30, 211695.3843252103, 150.0 
 47.23791634794186, -122.89301274000418, 35.38461538461539, 2020-10-11 05:40:00, 452898.0000174387, 300.0 
 47.15927637745319, -122.83955786051347, 26.20689655172414, 2020-10-11 05:45:00, 411616.8553587818, 300.0 
 47.15818288243216, -122.80749122509498, 60.0, 2020-10-11 05:47:30, 328890.53043153987, 150.0 
 47.44643346283088, -123.0530946576267, 60.0, 2020-10-11 05:55:00, 335224.635046949, 300.0 
 47.488432355504365, -122.86059144259393, 20.0, 2020-10-11 06:00:00, 215826.56821848644, 300.0 
 47.28092495808391, -123.08916775418592, 40.408163265306115, 2020-10-11 06:02:30, 276278.2918822712, 300.0 
 47.570160326864446, -122.71079660950848, 20.0, 2020-10-11 06:05:00, 141026.0486495699, 300.0 
 47.52748816443258, -123.26389841879073, 30.76923076923077, 2020-10-11 06:17:30, 149805.77092218248, 300.0 
 47.33305015160157, -122.6457033696023, 28.163265306122447, 2020-10-11 06:20:00, 176715.08421741883, 300.0 
 47.458913068914825, -122.47445856606569, 20.0, 2020-10-11 06:22:30, 171761.98841119852, 300.0 
 47.359440258839456, -122.70891411562093, 27.586206896551722, 2020-10-11 06:25:00, 286795.3576061686, 300.0 
 47.49765593705023, -123.15544581079672, 20.0, 2020-10-11 06:27:30, 48254.86139145632, 300.0 
 47.46409161234577, -123.1271456202164, 56.55172413793103, 2020-10-11 06:57:30, 490249.75104147295, 300.0 
 47.39611295172011, -123.14506165995846, 20.0, 2020-10-11 07:02:30, 150487.43391599238, 300.0 
 47.29184518637598, -122.83960474220666, 60.00000000000001, 2020-10-11 08:17:30, 238743.95559451883, 300.0 
 47.34494166904503, -122.72870891989152, 20.0, 2020-10-11 08:37:30, 94087.84887118079, 300.0 
 47.57781656188996, -122.78824870886464, 60.0, 2020-10-11 08:47:30, 254127.81680308812, 300.0 
 47.49274668005795, -122.78411865769684, 20.0, 2020-10-11 08:52:30, 394653.6462495956, 300.0 
 47.342533273245515, -123.05324696136125, 33.84615384615385, 2020-10-11 08:55:00, 265764.14314412756, 150.0 
 47.32484687439871, -122.67435412562673, 60.0, 2020-10-11 09:12:30, 250829.28943446884, 300.0 
 47.47549555210666, -122.78403003340837, 20.0, 2020-10-11 09:15:00, 139913.10708762793, 150.0 
 47.42210512412875, -122.66882853186186, 20.0, 2020-10-11 09:17:30, 109132.32724215576, 150.0 
 47.42782664128682, -122.97246012203648, 40.40816326530612, 2020-10-11 09:20:00, 126076.5197268059, 150.0 
 47.375006585210286, -122.54336192687413, 52.30769230769231, 2020-10-11 09:25:00, 110389.57863273709, 150.0 
 47.270006475817844, -122.48411325712189, 60.0, 2020-10-11 09:27:30, 226305.02045013956, 300.0 
 47.475438848283396, -123.004520365509, 30.0, 2020-10-11 09:30:00, 119703.16332342144, 300.0 
 47.331309159884, -122.97197191080555, 23.448275862068964, 2020-10-11 09:32:30, 49868.11382287318, 150.0 
 47.4049874699516, -122.73471240712752, 20.0, 2020-10-11 09:37:30, 99990.59509760425, 300.0 
 47.42459070184908, -122.815808628399, 29.23076923076923, 2020-10-11 09:40:00, 48316.57725034528, 150.0 
 47.245155258565475, -123.16119244117615, 33.07692307692307, 2020-10-11 09:45:00, 139958.51600368577, 300.0 
 47.09688204928896, -123.0076174928119, 22.068965517241377, 2020-10-11 10:00:00, 71433.43870244578, 150.0 
 47.38564747492336, -122.9487754956495, 20.0, 2020-10-11 10:02:30, 65676.14845851732, 300.0 
 47.99597672850703, -122.85702062619079, 20.0, 2020-10-11 10:05:00, 137487.04487353092, 300.0 
 47.94174114675553, -122.88669633103424, 43.84615384615385, 2020-10-11 10:22:30, 80837.85066045461, 300.0 
 47.90380164287131, -122.69355173031339, 40.0, 2020-10-11 10:25:00, 39881.301052183444, 150.0 
 47.96107746997779, -122.82623269030141, 30.612244897959183, 2020-10-11 10:30:00, 84320.062401355, 300.0 
 47.94332100559447, -122.8817624752846, 34.69387755102041, 2020-10-11 10:32:30, 45087.99677109838, 150.0 
 48.09670763324401, -122.86637348471965, 20.0, 2020-10-11 10:35:00, 56185.55640947417, 150.0 
 47.87799530408985, -122.84758958786978, 20.0, 2020-10-11 10:37:30, 55912.318654283205, 150.0 
 48.07018217411898, -122.8475260212012, 20.0, 2020-10-11 10:40:00, 103940.5591915697, 150.0 
 47.949277737094334, -122.89809688331754, 53.793103448275865, 2020-10-11 10:42:30, 109399.80711594991, 150.0 
 48.003595360653335, -122.87454737393196, 33.87755102040816, 2020-10-11 10:45:00, 51673.967251399496, 150.0 
 47.8223621285654, -122.80224825611938, 60.0, 2020-10-11 10:55:00, 94811.73644337615, 300.0 
 47.89980272088722, -123.01734134399065, 46.92307692307693, 2020-10-11 10:57:30, 28482.93514686206, 150.0 
 47.87731969841485, -122.82746848179275, 36.326530612244895, 2020-10-11 11:00:00, 79600.69631129978, 150.0 
 48.08327073096024, -122.75215386120426, 36.32653061224489, 2020-10-11 11:02:30, 54749.895792884236, 150.0 
 47.8458518884364, -123.03946548828728, 58.620689655172406, 2020-10-11 11:07:30, 64839.01165317931, 300.0 
 47.90999781212185, -122.81429620605488, 60.0, 2020-10-11 11:15:00, 120338.34996407035, 300.0 
 47.99462625291337, -122.91212184423522, 46.153846153846146, 2020-10-11 11:17:30, 79759.04754484414, 150.0 
 48.057665798070325, -122.83257694634295, 20.0, 2020-10-11 11:20:00, 121509.34908723549, 150.0 
 48.040921196800525, -122.80856854598127, 20.0, 2020-10-11 11:22:30, 107415.1864449253, 150.0 
 48.01014596653306, -122.84131477815083, 20.0, 2020-10-11 11:37:30, 115690.70540800517, 300.0 
 47.95709370080655, -122.9657378752262, 35.51020408163265, 2020-10-11 11:40:00, 60247.65262219802, 150.0 
 47.6728504162218, -123.10218712491351, 60.00000000000001, 2020-10-11 11:52:30, 40319.600614756455, 300.0 
 48.04586901363082, -122.87273022291988, 20.0, 2020-10-11 12:02:30, 121519.54986674484, 300.0 
 48.00923947529461, -122.86642947734214, 28.979591836734695, 2020-10-11 12:05:00, 96581.03324940814, 150.0 
 47.967548567619815, -122.8187054172172, 20.0, 2020-10-11 12:07:30, 47560.64440665944, 150.0 
 47.838608523593024, -123.05245768895925, 59.99999999999999, 2020-10-11 12:12:30, 145356.7272566264, 300.0 
 47.86782665629859, -122.98703619399429, 46.93877551020409, 2020-10-11 12:15:00, 28974.34170876696, 150.0 
 47.90815492337588, -123.02934174258128, 39.59183673469388, 2020-10-11 12:17:30, 26691.55345791668, 150.0 
 47.99319663479671, -122.9292896162452, 34.69387755102041, 2020-10-11 12:27:30, 174307.34545240193, 300.0 
 47.96091537842706, -122.81400982789492, 20.0, 2020-10-11 12:30:00, 74837.00609100838, 150.0 
 47.80040531531312, -123.20517335265276, 46.153846153846146, 2020-10-11 12:35:00, 36968.827801261294, 300.0 
 48.05901330877176, -123.11737170455294, 34.61538461538462, 2020-10-11 12:42:30, 121958.88340212755, 300.0 
 47.99110613547194, -122.92628881222403, 29.655172413793103, 2020-10-11 13:05:00, 103132.03809995839, 300.0 
 47.989730232365794, -122.91470464152303, 34.69387755102041, 2020-10-11 13:07:30, 69172.42735886002, 150.0 
 48.08994646939549, -122.91621332673851, 34.61538461538461, 2020-10-11 13:10:00, 50321.77018979873, 150.0 
 47.905457376898724, -123.00925629283643, 53.79310344827586, 2020-10-11 13:12:30, 38050.33800029011, 150.0 
 47.88354097781263, -123.06781668482056, 60.0, 2020-10-11 13:17:30, 63345.080269428305, 300.0 
 47.77577974213075, -123.12712749947035, 55.172413793103445, 2020-10-11 13:47:30, 143310.34631737383, 300.0 
 47.042301156229264, -123.00062096746935, 20.0, 2020-10-11 06:25:00, 54165.91637365652, 150.0 
 47.77087873572495, -123.12967922226917, 53.793103448275865, 2020-10-11 13:50:00, 89428.22423461475, 150.0 
 47.96167245886428, -123.00536000938465, 34.61538461538461, 2020-10-11 13:57:30, 141690.00146688992, 300.0 
 47.89598203040954, -123.04186937234236, 20.0, 2020-10-11 14:00:00, 33354.102428514234, 150.0 
 47.809415628370964, -123.01356091560179, 30.76923076923077, 2020-10-11 14:12:30, 109473.29008237104, 300.0 
 47.778432784614516, -123.22575855800761, 20.0, 2020-10-11 14:15:00, 91494.3896934501, 150.0 
 47.806524756751415, -123.16114886097623, 60.0, 2020-10-11 14:20:00, 209807.71719324088, 300.0 
 48.05766579807033, -122.83257694634297, 33.87755102040816, 2020-10-11 14:25:00, 209131.33681526358, 300.0 
 47.94617336816251, -123.05037720241108, 46.15384615384615, 2020-10-11 14:27:30, 61951.4443641985, 150.0 
 47.30177937315771, -122.97516335157316, 31.538461538461537, 2020-10-11 14:32:30, 179252.91292336182, 300.0 
 47.25282100319788, -122.93481966144793, 20.0, 2020-10-11 14:35:00, 93673.35084840584, 150.0 
 47.379757689337424, -123.23250164106605, 60.0, 2020-10-11 14:40:00, 210231.25965289812, 300.0 
 47.96997503353452, -123.28886466457035, 60.0, 2020-10-11 14:45:00, 123089.4622673444, 300.0 
 47.704373043344816, -123.29670903794961, 35.51020408163265, 2020-10-11 15:10:00, 83131.92004870124, 300.0 
 48.008844006550135, -123.00107328814593, 20.0, 2020-10-11 15:12:30, 81409.56725346239, 300.0 
 47.477600334972884, -123.08563872264511, 52.41379310344827, 2020-10-11 15:22:30, 90962.56873849573, 300.0 
 47.29646179937201, -122.87871128974618, 20.0, 2020-10-11 15:25:00, 334385.3343188843, 300.0 
 47.62516789277516, -123.25821876096079, 53.103448275862064, 2020-10-11 15:27:30, 104221.66961362197, 300.0 
 47.63618759308751, -123.34000580545553, 30.61224489795918, 2020-10-11 15:30:00, 87282.02043986709, 150.0 
 47.902287111112955, -123.0191096390516, 47.69230769230769, 2020-10-11 15:35:00, 267359.89872740005, 300.0 
 47.744809775221036, -122.96772447361153, 20.000000000000004, 2020-10-11 15:40:00, 402740.46825525287, 300.0 
 47.96690489635384, -123.1440200286644, 51.72413793103449, 2020-10-11 15:42:30, 105503.22766075101, 300.0 
 47.61974896759201, -123.2498287839004, 26.20689655172414, 2020-10-11 16:02:30, 257653.63353619247, 300.0 
 47.557597699470335, -123.2778306123949, 20.0, 2020-10-11 16:05:00, 70609.8028950543, 150.0 
 47.74168030494403, -123.33552293944848, 20.0, 2020-10-11 16:12:30, 16691.980898999274, 150.0 
 47.70277511379525, -123.30160728068641, 20.0, 2020-10-11 16:15:00, 31234.289380932583, 150.0 
 47.49362570488829, -123.08646126932267, 29.230769230769234, 2020-10-11 16:17:30, 46686.82365982262, 300.0 
 47.86656009890973, -123.12987220542031, 53.79310344827586, 2020-10-11 16:20:00, 112484.7595567491, 300.0 
 48.00567396812802, -123.01094605483216, 34.61538461538461, 2020-10-11 16:22:30, 69199.97569742975, 150.0 
 48.03289017090218, -122.95146632085735, 20.0, 2020-10-11 16:25:00, 225292.74277954645, 150.0 
 48.014245180317296, -123.0064398539006, 33.87755102040816, 2020-10-11 16:27:30, 186173.4055399302, 150.0 
 48.02334390876229, -122.94315536834247, 32.307692307692314, 2020-10-11 16:30:00, 142758.999639656, 150.0 
 47.882829323056086, -122.93719541984379, 46.92307692307693, 2020-10-11 16:32:30, 138200.66323665323, 150.0 
 48.15322687629311, -122.88684030015077, 34.61538461538461, 2020-10-11 16:35:00, 223158.5905383186, 300.0 
 47.376702487777294, -122.92301688061093, 20.0, 2020-10-11 16:37:30, 126339.2210667027, 300.0 
 47.34899500605626, -123.00837207263814, 20.0, 2020-10-11 16:40:00, 109102.08440736908, 150.0 
 47.218440337256375, -122.97794448817352, 60.0, 2020-10-11 16:47:30, 321121.6415300253, 300.0 
 47.50966976239127, -123.16547541661339, 46.15384615384615, 2020-10-11 16:55:00, 222869.20589826014, 300.0 
 47.51590066240037, -122.82586423337597, 20.0, 2020-10-11 17:00:00, 73286.71295254263, 150.0 
 47.416896340921554, -122.82390051568811, 58.62068965517242, 2020-10-11 17:05:00, 122006.52729181637, 150.0 
 47.516131524630396, -122.81251951404712, 20.0, 2020-10-11 17:07:30, 145305.10557926688, 300.0 
 47.44289684305718, -123.0671060280076, 20.000000000000004, 2020-10-11 17:10:00, 128878.6642446728, 150.0 
 47.3570615056204, -122.99607667670846, 30.769230769230766, 2020-10-11 17:12:30, 118479.0789816806, 150.0 
 47.59665163207303, -123.15803603935439, 20.0, 2020-10-11 17:15:00, 360375.61492467724, 300.0 
 47.66038079163187, -123.29091195318884, 20.0, 2020-10-11 17:20:00, 228211.53082144697, 300.0 
 47.82517216952303, -123.26072346950858, 20.0, 2020-10-11 17:22:30, 203597.38508947712, 150.0 
 47.52426906499977, -122.96688903820008, 23.448275862068968, 2020-10-11 17:27:30, 252558.8732851628, 300.0 
 47.63602004282804, -122.90438349435269, 20.0, 2020-10-11 17:35:00, 265981.714089055, 300.0 
 47.34074746343722, -122.90526394322424, 24.137931034482754, 2020-10-11 17:40:00, 344341.6528575751, 150.0 
 47.23664192562362, -122.92199291705114, 30.0, 2020-10-11 17:45:00, 814288.5649816866, 300.0 
 47.681524295919615, -123.22602530277851, 35.51020408163265, 2020-10-11 17:50:00, 364278.5438162865, 300.0 
 47.67823846732279, -123.06982561623553, 24.137931034482754, 2020-10-11 18:02:30, 501221.1621010458, 300.0 
 47.316269806296624, -122.91801568779405, 28.461538461538463, 2020-10-11 18:07:30, 178909.29362636924, 300.0 
 47.21829709441147, -122.83749383426625, 20.000000000000004, 2020-10-11 18:10:00, 119389.2157207854, 150.0 
 47.673272548009116, -123.35448398976838, 20.0, 2020-10-11 18:15:00, 424921.57597340975, 300.0 
 47.68937134948834, -123.31768844455443, 20.0, 2020-10-11 18:17:30, 62849.29528754701, 150.0 
 47.74973482513909, -123.27325862205196, 20.0, 2020-10-11 18:20:00, 90686.35898386923, 150.0 
 47.667394065100495, -123.29441648800541, 20.0, 2020-10-11 18:22:30, 105551.65372040618, 150.0 
 47.64729209601528, -122.98611202811321, 60.0, 2020-10-11 18:25:00, 330452.43455074826, 150.0 
 47.657376294711604, -123.00530252137042, 60.0, 2020-10-11 18:27:30, 421987.4150876741, 150.0 
 47.674722111185616, -123.28757905330322, 20.0, 2020-10-11 18:32:30, 160728.04411556508, 150.0 
 47.755145856964305, -123.15623660885677, 20.000000000000004, 2020-10-11 18:35:00, 151627.99821622905, 150.0 
 47.66751055977073, -122.92661168863154, 20.0, 2020-10-11 18:37:30, 76785.08886528542, 150.0 
 47.424915612038525, -122.84000626528932, 33.07692307692307, 2020-10-11 18:40:00, 355111.02100927976, 300.0 
 47.830518804877045, -123.17828187014283, 26.20689655172414, 2020-10-11 18:45:00, 227430.44092297475, 300.0 
 47.790765388859604, -122.77393542307462, 60.0, 2020-10-11 18:55:00, 425702.58975760697, 300.0 
 47.60162668966224, -123.01402264223185, 56.55172413793103, 2020-10-11 19:02:30, 780913.6664295142, 300.0 
 47.452695276726786, -123.0620198157176, 60.0, 2020-10-11 19:05:00, 296520.6774941556, 150.0 
 47.652610325138355, -123.33968849963578, 20.0, 2020-10-11 19:15:00, 212695.4476520977, 300.0 
 47.80334143703468, -123.17097420300513, 59.99999999999999, 2020-10-11 19:20:00, 285850.4718077639, 300.0 
 47.51687001120551, -123.10893629776203, 44.48979591836734, 2020-10-11 19:22:30, 274236.1104025458, 300.0 
 47.3875656300804, -123.00556641741382, 20.0, 2020-10-11 19:25:00, 291707.8645650329, 150.0 
 47.640992902703566, -123.19712604345484, 20.0, 2020-10-11 19:30:00, 78784.56710847245, 300.0 
 47.87679327597559, -122.98130638194677, 20.0, 2020-10-11 19:32:30, 195132.2740182814, 300.0 
 47.63449456213338, -123.05084997488248, 30.0, 2020-10-11 19:55:00, 512931.5025482197, 150.0 
 47.67347090302988, -123.20066126662542, 22.06896551724138, 2020-10-11 19:57:30, 135429.44905334647, 150.0 
 47.674907612625375, -123.2213030238095, 24.82758620689655, 2020-10-11 20:00:00, 207402.8072247098, 150.0 
 47.66012301508394, -123.30733096505774, 33.84615384615384, 2020-10-11 20:02:30, 210613.3802690312, 150.0 
 47.72021841056899, -123.23553478581185, 34.61538461538462, 2020-10-11 20:07:30, 420654.11247385654, 300.0 
 47.74329435974491, -123.20216580106823, 33.06122448979592, 2020-10-11 20:10:00, 249757.3494654682, 150.0 
 47.73176550011911, -123.04598791116683, 28.46153846153846, 2020-10-11 20:12:30, 183075.36367188246, 150.0 
 47.78094163669309, -123.07339137740954, 24.13793103448276, 2020-10-11 20:15:00, 165075.1833062692, 150.0 
 47.65191282059336, -123.30749652389196, 33.84615384615385, 2020-10-11 20:20:00, 172413.30066981065, 300.0 
 47.62186012900423, -123.255858443354, 30.0, 2020-10-11 20:25:00, 321293.5328868551, 300.0 
 47.650903671248656, -123.33242995131626, 20.0, 2020-10-11 20:27:30, 145763.9128437793, 150.0 
 47.65061088273498, -123.34580398358877, 32.244897959183675, 2020-10-11 20:30:00, 42565.818428481165, 150.0 
 47.359347168505884, -122.85095869932945, 30.000000000000004, 2020-10-11 20:32:30, 774137.2879409568, 300.0 
 47.45884853228589, -122.797851342108, 60.0, 2020-10-11 20:35:00, 352718.82736122503, 150.0 
 47.64310186858775, -123.04942027221081, 41.53846153846154, 2020-10-11 20:37:30, 845613.1871243368, 300.0 
 47.79037428066877, -123.14810893852791, 33.07692307692309, 2020-10-11 20:40:00, 100966.70601234282, 150.0 
 47.33999379921544, -122.75665043995379, 23.448275862068968, 2020-10-11 20:45:00, 608228.0649159868, 300.0 
 47.77302582226052, -123.06322805292753, 32.307692307692314, 2020-10-11 20:47:30, 241133.7826450864, 300.0 
 47.82462725542982, -123.2467103277805, 50.0, 2020-10-11 20:50:00, 194274.66550041686, 150.0 
 47.58626234455876, -123.07086734429048, 45.38461538461539, 2020-10-11 20:52:30, 379687.11501597636, 300.0 
 47.65228258192324, -123.13731609673339, 20.0, 2020-10-11 20:55:00, 178141.29733791196, 150.0 
 47.610219384505186, -123.3289719346831, 20.0, 2020-10-11 20:57:30, 35611.38373126358, 150.0 
 47.73797096227449, -123.01417823128506, 45.38461538461538, 2020-10-11 21:00:00, 253239.7620340623, 300.0 
 47.86619491212825, -123.13415251238884, 20.0, 2020-10-11 21:07:30, 137344.53479786305, 300.0 
 47.83345531129707, -123.10625352865443, 20.0, 2020-10-11 21:10:00, 88594.0854192193, 150.0 
 47.85953173332177, -123.05071071935645, 32.30769230769231, 2020-10-11 21:12:30, 101337.91073082523, 150.0 
 47.91967784269312, -123.03148770447842, 35.51020408163265, 2020-10-11 21:15:00, 83505.39904014001, 150.0 
 47.93213926619268, -122.81180403134334, 34.61538461538461, 2020-10-11 21:17:30, 150526.42121260756, 150.0 
 47.89668456168836, -123.14381752996233, 44.48979591836734, 2020-10-11 21:20:00, 522406.6600581382, 300.0 
 47.73798445026082, -123.2467205672036, 24.13793103448276, 2020-10-11 21:22:30, 267399.6603122079, 150.0 
 47.77756201622331, -123.26294151690307, 27.692307692307693, 2020-10-11 21:25:00, 91226.9343816874, 150.0 
 47.637601508757044, -123.36063826838604, 46.92307692307692, 2020-10-11 21:27:30, 104072.51291905358, 150.0 
 47.73857462090172, -122.8954489109731, 60.0, 2020-10-11 21:30:00, 180970.53816317322, 300.0 
 47.91694569496898, -122.97353238646372, 20.0, 2020-10-11 21:32:30, 166209.06986277332, 150.0 
 47.62658265559422, -122.97146736378392, 60.00000000000001, 2020-10-11 21:35:00, 136758.82230672982, 300.0 
 47.71048907979926, -122.78974867994569, 20.0, 2020-10-11 21:37:30, 49255.807856278734, 150.0 
 47.65706143980462, -123.42894440785156, 20.0, 2020-10-11 21:42:30, 49302.565998497514, 300.0 
 47.70222932061145, -123.48106930650478, 47.69230769230769, 2020-10-11 21:45:00, 71409.97107271588, 150.0 
 47.64908120533393, -123.18479377495515, 20.0, 2020-10-11 21:52:30, 151292.91721853416, 150.0 
 47.56606232101593, -122.79952484914612, 20.0, 2020-10-11 22:02:30, 101171.9266281299, 300.0 
 47.95520056718362, -122.6980236224144, 58.62068965517242, 2020-10-11 22:35:00, 188135.67678246074, 300.0 
 47.964788202907144, -122.82734653039465, 26.896551724137932, 2020-10-11 22:42:30, 435521.80682189565, 300.0 
 47.926231152363364, -122.96045209171987, 33.84615384615385, 2020-10-11 22:45:00, 202904.06764568377, 150.0 
 47.992330495372684, -123.06512486365138, 26.53061224489796, 2020-10-11 22:47:30, 367623.7316723464, 150.0 
 47.92961385794991, -123.03857011270529, 34.61538461538462, 2020-10-11 22:50:00, 228746.28045163272, 150.0 
 48.00922286169658, -122.80278474829737, 20.0, 2020-10-11 22:55:00, 349898.1124632166, 300.0 
 47.94775983102841, -123.04544731682721, 51.72413793103448, 2020-10-11 22:57:30, 149075.16685571554, 150.0 
 48.10012768366973, -123.01156576298206, 32.244897959183675, 2020-10-11 23:00:00, 122216.88686699873, 150.0 
 47.942978848026094, -123.02234402730456, 46.92307692307693, 2020-10-11 23:02:30, 176322.66742103285, 150.0 
 47.88920004595292, -123.0597408663757, 53.103448275862064, 2020-10-11 23:30:00, 217783.8378497679, 300.0 
 47.97644292485808, -123.07652740269847, 60.00000000000001, 2020-10-11 23:47:30, 112940.31990621581, 300.0 
 48.01908398351042, -123.07058199885708, 34.6938775510204, 2020-10-11 23:50:00, 18552.69831023018, 150.0 
 47.97217818089089, -123.09926210994533, 44.61538461538462, 2020-10-11 23:55:00, 261601.99191305073, 300.0 
 46.97515447391647, -122.60832904601024, 20.0, 2020-10-11 00:32:30, 132647.32443087958, 300.0 
 47.15927117420602, -122.83289898189406, 20.0, 2020-10-11 00:40:00, 163855.74787186531, 300.0 
 47.079454531070496, -122.72852947579821, 22.307692307692307, 2020-10-11 00:50:00, 162910.4740536748, 300.0 
 47.013598631872405, -122.54331162965515, 45.38461538461539, 2020-10-11 01:07:30, 240491.14819862106, 300.0 
 46.92353736728361, -122.54374135023961, 32.30769230769231, 2020-10-11 01:15:00, 179607.15550801167, 300.0 
 46.97070433395299, -122.87121482585358, 45.38461538461538, 2020-10-11 01:17:30, 249933.34489812545, 300.0 
 46.924780885884516, -122.67123138807622, 20.0, 2020-10-11 01:27:30, 224822.91412040166, 300.0 
 47.013735116121, -122.81203101670773, 20.0, 2020-10-11 01:30:00, 125053.15209975182, 150.0 
 46.972899441601065, -122.79347500475205, 20.0, 2020-10-11 01:32:30, 158835.93956584306, 150.0 
 46.887197465513026, -122.66774313892478, 46.15384615384615, 2020-10-11 01:37:30, 434011.72036218655, 300.0 
 46.840130782190435, -122.60613393873281, 60.0, 2020-10-11 01:40:00, 345128.7197032503, 150.0 
 46.94690973227861, -122.80266418830278, 52.41379310344828, 2020-10-11 01:42:30, 159730.5001715098, 150.0 
 46.83297327674384, -122.73562104572648, 20.0, 2020-10-11 01:45:00, 237257.39909854002, 150.0 
 46.93019369760279, -122.74263997479899, 33.06122448979592, 2020-10-11 01:57:30, 257381.40010549658, 300.0 
 47.01493270070825, -122.76910540152392, 60.0, 2020-10-11 02:30:00, 89956.82769468745, 300.0 
 46.74701780917842, -122.7199224032895, 59.310344827586206, 2020-10-11 03:20:00, 49688.45797141283, 300.0 
 46.97381412929356, -122.6243641134925, 57.93103448275862, 2020-10-11 03:35:00, 185633.91769370754, 300.0 
 47.209066340527684, -122.69296609191306, 20.0, 2020-10-11 03:37:30, 153242.9891781392, 150.0 
 47.27934962539556, -123.21427107192528, 20.0, 2020-10-11 03:47:30, 132358.88560189167, 300.0 
 46.87043433392089, -122.84233119739011, 59.31034482758619, 2020-10-11 04:00:00, 135531.98667430834, 300.0 
 46.79761031205726, -122.88210842175762, 34.61538461538461, 2020-10-11 04:02:30, 81663.6917723519, 300.0 
 47.205645787081224, -122.5431011484497, 60.0, 2020-10-11 04:05:00, 183535.25496720985, 300.0 
 47.14865619351972, -122.68408579887395, 46.15384615384615, 2020-10-11 04:12:30, 94874.56619629308, 300.0 
 47.15024390340851, -122.76095797581773, 60.0, 2020-10-11 04:15:00, 74230.24234129116, 150.0 
 47.03981323175995, -122.69933061205583, 60.0, 2020-10-11 04:17:30, 85414.41278262748, 150.0 
 47.05694004658753, -122.90875617585334, 60.00000000000001, 2020-10-11 04:20:00, 80783.95934567918, 150.0 
 47.41298569675188, -123.17325292260153, 22.758620689655178, 2020-10-11 04:22:30, 328728.0724770412, 300.0 
 46.89820806504935, -122.66837164380851, 20.0, 2020-10-11 04:25:00, 329756.3483921494, 300.0 
 47.109434230864686, -122.60376188092229, 59.310344827586206, 2020-10-11 04:30:00, 221254.68792492792, 300.0 
 47.023466781515395, -122.58819633488673, 20.0, 2020-10-11 04:47:30, 51111.6529162473, 300.0 
 46.98834642591046, -122.79976632704279, 20.0, 2020-10-11 04:50:00, 60630.535633310996, 150.0 
 47.11900557292227, -123.13879931217654, 52.41379310344828, 2020-10-11 04:52:30, 416414.0407230005, 300.0 
 46.80192474879922, -122.76191713004533, 33.87755102040816, 2020-10-11 04:55:00, 312266.2799441112, 300.0 
 46.978578068851654, -122.61791941931263, 55.86206896551724, 2020-10-11 04:57:30, 213606.33464688112, 300.0 
 46.99494523682541, -122.95463207932859, 36.3265306122449, 2020-10-11 05:05:00, 132774.5408284695, 300.0 
 47.16529646841501, -122.64597184206247, 60.00000000000001, 2020-10-11 05:07:30, 192123.28140657325, 300.0 
 47.3025373038984, -122.41607441098007, 43.673469387755105, 2020-10-11 05:12:30, 201149.83575441537, 300.0 
 47.152619457476355, -122.56847088357087, 20.000000000000004, 2020-10-11 05:20:00, 266859.645819072, 300.0 
 47.1581075361481, -122.49737977526095, 20.0, 2020-10-11 05:22:30, 187615.5833463782, 150.0 
 46.95377073621338, -122.85273406775202, 34.6938775510204, 2020-10-11 05:25:00, 295293.06136723876, 300.0 
 47.19780324118005, -122.83523022114618, 55.862068965517246, 2020-10-11 05:27:30, 331600.216123639, 300.0 
 47.471788868598416, -123.08367683606551, 60.0, 2020-10-11 05:32:30, 336583.54835738783, 150.0 
 47.47416792151856, -122.5701508745797, 20.0, 2020-10-11 05:35:00, 184267.08420617244, 300.0 
 47.714640790147214, -122.78785129615545, 60.0, 2020-10-11 05:40:00, 491628.5863373937, 300.0 
 47.52855861183011, -122.83773989731121, 44.61538461538462, 2020-10-11 05:42:30, 214477.45008227872, 150.0 
 47.13370437106688, -122.85963464921593, 45.38461538461538, 2020-10-11 05:50:00, 101458.88891116068, 150.0 
 47.826356615748395, -122.99654656903343, 38.77551020408163, 2020-10-11 05:55:00, 589649.3585771071, 300.0 
 47.195936788436384, -123.02658123626685, 60.0, 2020-10-11 05:57:30, 236737.09358656415, 300.0 
 47.27597637097542, -122.96150107288057, 20.0, 2020-10-11 06:05:00, 63111.9262078176, 300.0 
 47.19003392784191, -122.97766613576648, 49.23076923076923, 2020-10-11 06:10:00, 98854.50508523255, 300.0 
 47.0177842000367, -122.92784064415595, 30.0, 2020-10-11 06:20:00, 150442.47478918897, 300.0 
 46.96976592458833, -122.93560356818263, 26.896551724137932, 2020-10-11 06:22:30, 187941.74571800343, 300.0 
 47.000846124354744, -122.60976962404668, 44.48979591836734, 2020-10-11 06:27:30, 126377.99540004256, 300.0 
 46.876125704717325, -123.0557854829568, 20.0, 2020-10-11 06:35:00, 144537.457069345, 300.0 
 46.933240205680065, -122.73208555763972, 24.13793103448276, 2020-10-11 06:37:30, 131811.2156614559, 300.0 
 46.99099068428298, -122.5649005834747, 20.0, 2020-10-11 06:45:00, 160879.11788422716, 300.0 
 46.9218301322635, -122.60936588729074, 28.46153846153846, 2020-10-11 06:47:30, 98118.38973245079, 150.0 
 47.05883587389367, -122.53503968085316, 41.224489795918366, 2020-10-11 06:52:30, 159202.00032564544, 300.0 
 47.0657623126516, -122.55155633085296, 34.693877551020414, 2020-10-11 06:55:00, 50433.01087851116, 150.0 
 46.9579958058394, -122.92950252097765, 49.23076923076924, 2020-10-11 07:05:00, 131336.9959025843, 300.0 
 46.96160275834226, -123.05592014768618, 43.6734693877551, 2020-10-11 07:07:30, 68824.01725983799, 150.0 
 46.93820886648643, -122.43588183275305, 60.00000000000001, 2020-10-11 07:10:00, 81649.50298589047, 300.0 
 46.87628789986131, -123.05043433898484, 60.0, 2020-10-11 07:12:30, 112039.06354840985, 300.0 
 46.87209013991292, -123.30215805130531, 30.76923076923077, 2020-10-11 07:15:00, 57035.00326315999, 150.0 
 46.95922949638139, -123.13363240332481, 60.0, 2020-10-11 07:42:30, 116823.89464119816, 300.0 
 47.007913887189396, -122.79018627064396, 20.689655172413797, 2020-10-11 07:52:30, 153310.73414563807, 300.0 
 46.964005173232565, -123.00639956355958, 33.87755102040816, 2020-10-11 07:55:00, 32148.741736570264, 150.0 
 47.26899120500836, -122.94890893780142, 42.857142857142854, 2020-10-11 08:10:00, 140773.48467219167, 300.0 
 47.14061875499773, -123.00148481083257, 54.48275862068965, 2020-10-11 08:35:00, 144090.5776263045, 300.0 
 47.320416926535714, -123.01295938935571, 20.0, 2020-10-11 08:42:30, 55134.99821452416, 300.0 
 47.24199595956221, -122.73265497552963, 20.0, 2020-10-11 08:45:00, 61581.125127361454, 150.0 
 47.1566695221663, -122.82735263715117, 20.0, 2020-10-11 08:47:30, 80445.92753925361, 150.0 
 47.159572498289315, -122.82213841877228, 20.0, 2020-10-11 08:50:00, 99337.64972762644, 150.0 
 47.18832097334505, -123.00452154850217, 20.0, 2020-10-11 08:52:30, 354900.59595220163, 300.0 
 47.63665541960041, -122.84978103973091, 20.0, 2020-10-11 09:00:00, 187444.22360800518, 300.0 
 47.23338836574329, -122.90889606054218, 54.48275862068966, 2020-10-11 09:02:30, 122031.33155289758, 300.0 
 47.42408652221464, -122.76097369853329, 20.0, 2020-10-11 09:05:00, 103234.85739051487, 150.0 
 47.69120439768784, -122.73744815183235, 60.0, 2020-10-11 09:12:30, 450414.87172622065, 300.0 
 47.19984556364333, -122.62502083324176, 50.0, 2020-10-11 09:15:00, 217257.57809489808, 300.0 
 47.38449112097451, -122.83033495088247, 60.0, 2020-10-11 09:22:30, 166106.29216940884, 150.0 
 47.01364521358542, -122.94370867065305, 60.0, 2020-10-11 09:25:00, 134915.0390445278, 300.0 
 46.91458671624586, -122.8731618558248, 20.0, 2020-10-11 09:27:30, 89896.3115695241, 150.0 
 47.128178387207214, -123.13940665586689, 59.3103448275862, 2020-10-11 09:30:00, 163852.27179272476, 300.0 
 46.95776419303709, -123.21005978050563, 56.55172413793104, 2020-10-11 09:37:30, 137398.83637444442, 300.0 
 47.02299849070242, -122.87440600212294, 60.0, 2020-10-11 09:57:30, 196557.91137654506, 300.0 
 47.05743886195474, -122.8913041212676, 36.326530612244895, 2020-10-11 10:02:30, 239666.57933753642, 300.0 
 46.88601816464886, -122.8110999477747, 20.0, 2020-10-11 10:05:00, 104606.8352058745, 150.0 
 47.160294772022056, -122.69553497353925, 60.0, 2020-10-11 10:15:00, 73695.84881572932, 300.0 
 47.01085389038148, -122.94487827177646, 44.61538461538462, 2020-10-11 10:37:30, 67622.20871731303, 300.0 
 47.224898786303996, -122.8193341890376, 20.000000000000004, 2020-10-11 10:40:00, 126584.00323813711, 300.0 
 46.9723227617583, -122.9424760782247, 20.0, 2020-10-11 10:42:30, 102606.17966802622, 300.0 
 47.053748000062484, -123.01748555025362, 31.538461538461533, 2020-10-11 10:52:30, 39179.10280153243, 300.0 
 47.165501340322336, -122.90469415610987, 20.0, 2020-10-11 10:55:00, 40530.396135937175, 150.0 
 47.046698331933264, -122.88123237274866, 34.69387755102041, 2020-10-11 11:00:00, 156495.70687201005, 300.0 
 47.03934954247819, -123.00715574377558, 43.07692307692308, 2020-10-11 11:02:30, 34183.92759652382, 150.0 
 46.96273919729668, -122.9244270734558, 20.0, 2020-10-11 11:05:00, 56134.8719466762, 150.0 
 46.94952353281733, -122.9678993653742, 20.000000000000004, 2020-10-11 11:07:30, 51141.650358625404, 150.0 
 46.9668768592626, -123.00255399421455, 20.0, 2020-10-11 11:10:00, 46678.46551724163, 150.0 
 46.88797827614375, -122.9037150351135, 20.0, 2020-10-11 11:12:30, 40086.6965149306, 150.0 
 47.0430190036072, -123.00738921483266, 20.0, 2020-10-11 11:17:30, 71407.11313367283, 300.0 
 47.1091872853849, -123.03852706623391, 20.0, 2020-10-11 11:20:00, 79870.26898451221, 150.0 
 47.14668040152101, -123.01399471734096, 20.0, 2020-10-11 11:22:30, 79431.67465785654, 150.0 
 46.933213816627905, -123.0218891645678, 20.0, 2020-10-11 11:32:30, 43794.46928339228, 300.0 
 47.004489392198074, -123.00494080736676, 56.55172413793103, 2020-10-11 11:37:30, 50004.80025890776, 300.0 
 46.74332499781982, -122.85206223066511, 42.857142857142854, 2020-10-11 11:42:30, 71211.49357759484, 300.0 
 47.203614660858186, -122.8895212299502, 60.0, 2020-10-11 11:47:30, 60677.05914039679, 300.0 
 47.00799937417099, -123.01053839553194, 34.61538461538461, 2020-10-11 12:00:00, 88753.80882879904, 300.0 
 46.974215920598034, -123.00301937082781, 33.84615384615385, 2020-10-11 12:15:00, 101054.23543406746, 300.0 
 46.973122926221656, -122.9465541443628, 55.86206896551724, 2020-10-11 12:20:00, 162967.8609136108, 300.0 
 46.738924078703185, -123.00286645490057, 20.0, 2020-10-11 12:22:30, 90263.88313347698, 300.0 
 46.82303949552759, -123.04835836826987, 20.0, 2020-10-11 12:25:00, 61671.73523218612, 150.0 
 46.79605709142461, -123.08945928684435, 20.0, 2020-10-11 12:27:30, 45302.095199264026, 150.0 
 46.8272136285631, -122.93881665883664, 34.61538461538462, 2020-10-11 12:30:00, 26140.4176158404, 150.0 
 46.93455253206574, -122.94549165111027, 40.40816326530612, 2020-10-11 12:32:30, 70171.2092299049, 300.0 
 47.02544212368774, -123.19176623460572, 56.55172413793103, 2020-10-11 12:47:30, 139518.40883951724, 300.0 
 46.88782217309728, -123.00291063931921, 60.0, 2020-10-11 12:50:00, 63793.48767337309, 150.0 
 46.921238932129775, -123.05332252590298, 44.48979591836734, 2020-10-11 12:57:30, 105034.31119708343, 300.0 
 47.090034765529545, -122.81122574048752, 36.92307692307693, 2020-10-11 13:32:30, 112634.68314799058, 300.0 
 46.96091232572847, -123.07869856260854, 35.38461538461539, 2020-10-11 13:37:30, 51768.084471399634, 300.0 
 47.107823500464335, -122.96036191422662, 45.38461538461539, 2020-10-11 13:40:00, 36622.8911078833, 150.0 
 47.37417154370669, -122.96634710464568, 20.0, 2020-10-11 13:45:00, 103714.33942557755, 300.0 
 47.063998645407736, -123.01275925543838, 54.48275862068965, 2020-10-11 13:47:30, 101157.89955345319, 300.0 
 47.05422694908833, -123.00137825496837, 48.46153846153846, 2020-10-11 13:50:00, 58984.42431934322, 150.0 
 47.158833118152074, -122.74934015856967, 43.673469387755105, 2020-10-11 13:55:00, 146747.80558496155, 300.0 
 47.19442264045904, -122.69077073880429, 45.38461538461539, 2020-10-11 13:57:30, 131082.31761960883, 300.0 
 46.92058960522484, -123.07474496084517, 27.692307692307693, 2020-10-11 14:05:00, 64501.174547699564, 300.0 
 46.821169792523435, -122.98798320270097, 20.0, 2020-10-11 14:15:00, 158100.56427419346, 300.0 
 47.20614689835834, -123.14457387560489, 33.06122448979592, 2020-10-11 14:22:30, 164333.3966065646, 300.0 
 47.19596943154488, -122.76905527197987, 40.40816326530612, 2020-10-11 14:27:30, 281518.70171240956, 300.0 
 47.01922417417545, -122.78010928851211, 20.0, 2020-10-11 14:30:00, 154219.4147212371, 300.0 
 46.95189582808884, -122.88617416755214, 60.0, 2020-10-11 14:32:30, 98760.03572090663, 150.0 
 46.97899966793916, -122.87037770755465, 20.0, 2020-10-11 14:35:00, 155004.22265717463, 300.0 
 47.0110494375562, -122.9381720378473, 25.51724137931035, 2020-10-11 14:37:30, 99221.5388081666, 150.0 
 47.01487551455875, -122.93303517789184, 20.0, 2020-10-11 14:42:30, 66686.04935429475, 300.0 
 46.96922951398707, -122.79325659183499, 31.53846153846154, 2020-10-11 14:45:00, 35166.219236655474, 150.0 
 47.099788103554296, -122.8239234863618, 20.0, 2020-10-11 15:05:00, 146607.90024968353, 300.0 
 47.36544344631556, -123.10512668595526, 45.384615384615394, 2020-10-11 15:07:30, 191251.43932961786, 300.0 
 47.15855710344907, -122.622686100832, 48.46153846153847, 2020-10-11 15:12:30, 147737.7636175968, 300.0 
 46.931760205318994, -123.07010048114321, 20.0, 2020-10-11 15:25:00, 118920.35705151595, 300.0 
 47.334503509656976, -122.77729054512488, 45.38461538461539, 2020-10-11 15:27:30, 126516.95098370452, 150.0 
 47.375208670752045, -123.05570830366679, 60.0, 2020-10-11 15:35:00, 362371.6465120937, 300.0 
 47.376082814107, -122.90017457593038, 60.00000000000001, 2020-10-11 15:40:00, 254623.87539578354, 300.0 
 47.26477893989798, -122.87169041883513, 60.0, 2020-10-11 15:52:30, 76301.89785749294, 300.0 
 47.36724952827153, -122.8225264080203, 60.0, 2020-10-11 15:55:00, 114490.3839480228, 150.0 
 47.55057364048772, -123.32779149342767, 23.448275862068968, 2020-10-11 16:10:00, 163751.97362980366, 300.0 
 47.148501752988345, -122.95214083640869, 20.0, 2020-10-11 16:27:30, 183173.96541380434, 300.0 
 47.2450129875344, -122.88802352609189, 20.0, 2020-10-11 16:30:00, 206428.45413557172, 150.0 
 48.073780831233734, -122.94947125142598, 53.793103448275865, 2020-10-11 16:40:00, 212447.81034414525, 300.0 
 47.73381521902495, -123.31756223376306, 20.0, 2020-10-11 16:45:00, 43935.10130571424, 300.0 
 47.383228772418896, -122.90738281388144, 20.0, 2020-10-11 16:57:30, 170624.82569741824, 150.0 
 47.37126462298643, -123.03380598203509, 60.0, 2020-10-11 17:02:30, 153171.12660250216, 150.0 
 47.184656881342335, -122.87757027920888, 59.99999999999999, 2020-10-11 17:05:00, 231205.08602573723, 300.0 
 47.41848060189665, -123.11403866640737, 44.61538461538462, 2020-10-11 17:17:30, 203690.0526817973, 150.0 
 47.38342341180067, -122.76938462910331, 20.0, 2020-10-11 17:37:30, 550373.1362269665, 300.0 
 47.37635741206601, -122.58634419182704, 60.0, 2020-10-11 17:42:30, 148731.5793815915, 150.0 
 47.373331075247876, -122.83506937381127, 60.0, 2020-10-11 17:52:30, 241820.40881806202, 300.0 
 47.34856108156642, -122.7673114136548, 30.769230769230766, 2020-10-11 17:55:00, 308468.8120638608, 150.0 
 47.355131201499916, -122.76229255158819, 20.0, 2020-10-11 17:57:30, 202442.33346531112, 150.0 
 47.38709312463068, -122.76960292841613, 51.53846153846154, 2020-10-11 18:00:00, 127573.37920147475, 150.0 
 47.10159015645202, -122.88998114636053, 45.306122448979586, 2020-10-11 18:15:00, 284137.3013836559, 300.0 
 47.56896792193599, -123.2408049851165, 19.999999999999996, 2020-10-11 18:30:00, 196226.57188162266, 150.0 
 47.71775853608332, -123.24424585135112, 20.0, 2020-10-11 19:45:00, 82948.5264684889, 300.0 
 47.80872486504783, -123.24507306617292, 20.0, 2020-10-11 19:47:30, 207116.89264499134, 150.0 
 47.635748855413524, -123.25083807244496, 27.692307692307693, 2020-10-11 19:50:00, 135207.98489793163, 150.0 
 47.595032291479285, -123.2303676599486, 23.448275862068968, 2020-10-11 19:52:30, 118345.49332125527, 150.0 
 47.50818683364148, -122.84328016886275, 60.0, 2020-10-11 20:27:30, 537573.9104301753, 300.0 
 47.31021368145155, -122.75827843460833, 60.0, 2020-10-11 20:40:00, 155926.1689125068, 300.0 
 46.84378701385461, -123.00012430417172, 20.0, 2020-10-11 21:07:30, 175891.40624372414, 300.0 
 47.3320444398032, -122.69874797087762, 20.0, 2020-10-11 21:12:30, 192053.3689964862, 300.0 
 47.687421940954465, -123.38780845509116, 60.0, 2020-10-11 21:50:00, 2008780.4921402785, 300.0 
 46.872294040498474, -123.06090034712108, 29.230769230769234, 2020-10-11 21:55:00, 545422.8893176498, 300.0 
 46.91486740900877, -123.14144496329156, 31.538461538461533, 2020-10-11 22:02:30, 308855.4298049768, 300.0 
 46.87144257442786, -123.08899194202957, 20.0, 2020-10-11 22:05:00, 184694.95726530344, 150.0 
 46.9117141812877, -123.00308315942637, 20.0, 2020-10-11 22:12:30, 216280.18906682296, 300.0 
 46.89064138587284, -123.06208174615924, 33.87755102040816, 2020-10-11 22:15:00, 571598.3258792012, 150.0 
 46.87278059253882, -123.04484800717336, 33.06122448979592, 2020-10-11 22:27:30, 383163.78834940505, 300.0 
 46.88002879158565, -122.89250336123652, 20.0, 2020-10-11 22:30:00, 151316.63377878512, 150.0 
 46.96655807497078, -123.01327477119658, 32.30769230769231, 2020-10-11 23:00:00, 168635.97483512695, 300.0 
 46.74639485551083, -122.85907134751054, 20.0, 2020-10-11 01:07:30, 187203.62708131917, 300.0 
 46.58242075311435, -123.06101298489011, 60.0, 2020-10-11 04:00:00, 48406.59261805225, 300.0 
 46.74376763441117, -123.05237067003732, 22.06896551724138, 2020-10-11 04:20:00, 79565.03555954348, 300.0 
 46.726212823898365, -122.98304042396745, 20.0, 2020-10-11 04:40:00, 60102.03417137585, 300.0 
 46.6082247265049, -123.21057364683699, 55.862068965517246, 2020-10-11 04:55:00, 89217.93005948055, 300.0 
 46.61774607576145, -122.87389933839395, 60.0, 2020-10-11 04:57:30, 71407.22944576303, 300.0 
 46.730037429457255, -122.94455058082887, 20.000000000000004, 2020-10-11 05:00:00, 32266.69404423529, 150.0 
 46.645638899124556, -123.04328884708144, 20.0, 2020-10-11 05:02:30, 30201.2658918191, 150.0 
 46.8602296045335, -123.22131070352187, 20.0, 2020-10-11 06:45:00, 58559.88820260085, 300.0 
 46.74728547283363, -123.05033447517118, 60.0, 2020-10-11 12:17:30, 49275.61843276184, 300.0 
 46.65144748089068, -123.02600609186231, 20.0, 2020-10-11 12:32:30, 17685.740009780344, 150.0 
 46.67840108616124, -122.9870644603726, 20.0, 2020-10-11 12:40:00, 73370.30739850736, 300.0 
 46.760305896444265, -123.02081754226572, 20.0, 2020-10-11 13:50:00, 75464.0397359814, 300.0 
 46.64367487031855, -123.0221464875034, 26.92307692307692, 2020-10-11 13:52:30, 14478.883902055595, 150.0 
 46.67184973177046, -122.91699924099332, 24.137931034482754, 2020-10-11 13:55:00, 42679.905486635565, 300.0 
 46.56988674425361, -123.02583819585058, 26.206896551724135, 2020-10-11 14:10:00, 29718.63380071608, 300.0 
 46.77065776711118, -122.96888338143219, 33.07692307692308, 2020-10-11 14:27:30, 104776.83366933459, 300.0 
 46.65141778478781, -122.92642904201948, 20.0, 2020-10-11 14:35:00, 36570.64608342482, 300.0 
 47.79474426046623, -123.05903749133793, 20.0, 2020-10-12 00:07:30, 1178369.8514911265, 300.0 
 47.66676798592099, -123.2713296161549, 26.92307692307692, 2020-10-12 00:12:30, 309882.3733111824, 150.0 
 47.61766693708202, -123.24683560876625, 20.0, 2020-10-12 00:15:00, 126163.01881879549, 150.0 
 47.873038379084505, -122.94234705175269, 36.326530612244895, 2020-10-12 00:20:00, 136565.71511252667, 300.0 
 47.81060467522496, -123.00987288211545, 45.38461538461539, 2020-10-12 00:22:30, 72744.77459537247, 150.0 
 47.800031984861505, -123.16861131348766, 42.85714285714285, 2020-10-12 00:32:30, 167710.0450783616, 300.0 
 47.76905174436665, -123.151040884355, 33.84615384615385, 2020-10-12 00:47:30, 208803.43254827868, 300.0 
 47.62566708142233, -123.1063480860488, 56.55172413793104, 2020-10-12 01:32:30, 95455.58030417557, 300.0 
 47.53074341551023, -123.10072499324691, 54.482758620689665, 2020-10-12 01:47:30, 33020.59276795158, 300.0 
 47.568717252292394, -123.28124372036957, 34.61538461538461, 2020-10-12 01:50:00, 17358.19211183901, 150.0 
 47.71235184902663, -123.46264570889906, 48.96551724137932, 2020-10-12 02:00:00, 284331.6037344611, 300.0 
 47.64362588170307, -123.34533125648963, 20.0, 2020-10-12 02:02:30, 124543.29438633312, 150.0 
 47.649479483464766, -123.18356962922019, 20.0, 2020-10-12 02:10:00, 90441.19648642438, 300.0 
 47.76339087137416, -123.28455073796857, 59.310344827586206, 2020-10-12 02:15:00, 31075.96681525985, 300.0 
 47.67459014480812, -123.57758704322322, 20.0, 2020-10-12 02:17:30, 103173.32047740844, 150.0 
 47.68449836361598, -123.07879426065158, 60.00000000000001, 2020-10-12 02:20:00, 228544.90833051142, 300.0 
 47.641391155828856, -123.19590195695238, 36.3265306122449, 2020-10-12 02:25:00, 615517.5166647184, 300.0 
 47.666817455974396, -123.23363749869722, 33.07692307692308, 2020-10-12 02:47:30, 125402.94609206634, 300.0 
 48.02424699978225, -122.94986434696443, 53.103448275862064, 2020-10-12 02:57:30, 56285.69513216055, 300.0 
 47.460971235812295, -123.26467616385594, 20.0, 2020-10-12 03:05:00, 34624.788571383026, 300.0 
 47.683238298138264, -123.2332859289264, 20.0, 2020-10-12 03:07:30, 104425.69878668555, 150.0 
 47.63568577906996, -123.24159626644172, 34.61538461538462, 2020-10-12 03:10:00, 144717.65143937306, 150.0 
 47.64908901210886, -123.31302258542227, 20.0, 2020-10-12 03:12:30, 143861.7700674744, 150.0 
 47.564696428046325, -123.29042671796005, 20.0, 2020-10-12 03:15:00, 37695.87668303107, 150.0 
 47.7991300740985, -122.87790977319771, 33.07692307692308, 2020-10-12 03:25:00, 193198.75554167878, 300.0 
 47.86974072088808, -123.12003361198003, 46.153846153846146, 2020-10-12 03:27:30, 71598.75143014756, 150.0 
 48.06112878174643, -122.97765746980171, 27.692307692307693, 2020-10-12 03:30:00, 136421.35277883473, 150.0 
 47.973105240785245, -122.93167802115796, 40.0, 2020-10-12 03:32:30, 155860.8869517749, 150.0 
 47.89877200936262, -123.07110279265973, 49.23076923076923, 2020-10-12 03:37:30, 155370.57366274667, 300.0 
 47.92963088861818, -123.07645664947128, 53.793103448275865, 2020-10-12 03:40:00, 60988.13312596721, 150.0 
 47.99609640635425, -122.99956838835621, 45.38461538461538, 2020-10-12 03:42:30, 63496.206538814535, 150.0 
 48.02665788062643, -122.94551397110385, 33.07692307692308, 2020-10-12 03:45:00, 66397.85258832945, 150.0 
 47.82669279583889, -123.38447405590506, 54.48275862068965, 2020-10-12 03:55:00, 108718.77739505972, 300.0 
 47.86924566858202, -123.11211270927478, 54.48275862068965, 2020-10-12 03:57:30, 85556.91855423423, 150.0 
 47.89029955289202, -123.0847443596288, 30.000000000000004, 2020-10-12 04:00:00, 84954.60853608011, 150.0 
 47.900360060211824, -123.06617902185118, 26.923076923076923, 2020-10-12 04:02:30, 167593.1643564772, 150.0 
 47.866456916416304, -122.97547752858641, 20.0, 2020-10-12 04:05:00, 112806.23043074166, 150.0 
 47.87139598685743, -122.90942799880004, 54.48275862068965, 2020-10-12 04:07:30, 229074.31579318413, 150.0 
 47.38445378515588, -122.88652483982881, 20.0, 2020-10-12 04:12:30, 475115.8144133821, 300.0 
 47.93236910669552, -122.79835482088254, 60.00000000000001, 2020-10-12 04:15:00, 379341.0237301829, 300.0 
 47.847338699817186, -123.17668669124002, 20.0, 2020-10-12 04:25:00, 47281.16454042407, 300.0 
 47.698918223983604, -123.32905894587576, 32.30769230769231, 2020-10-12 04:40:00, 315602.9887635542, 300.0 
 47.81647037207287, -123.09263738984481, 20.0, 2020-10-12 04:47:30, 111278.12282620018, 300.0 
 47.87954265444371, -122.7791785633263, 23.448275862068968, 2020-10-12 04:52:30, 476175.0601087122, 300.0 
 47.892865005881234, -122.91860331395185, 20.0, 2020-10-12 04:55:00, 158364.9149716974, 150.0 
 47.806796112302166, -123.14773347899123, 26.206896551724135, 2020-10-12 05:00:00, 306080.4990747787, 300.0 
 47.80615840629486, -123.16542401181384, 23.448275862068968, 2020-10-12 05:02:30, 97301.69076595058, 150.0 
 47.85250324147302, -123.3303088641822, 56.55172413793104, 2020-10-12 05:25:00, 185152.6036118154, 300.0 
 47.93972747827514, -122.8898088566038, 50.0, 2020-10-12 05:27:30, 121318.5936900283, 300.0 
 47.77200456893396, -122.90852424785894, 57.24137931034483, 2020-10-12 05:35:00, 104598.19797479242, 300.0 
 47.81488159231532, -123.09755302089035, 20.0, 2020-10-12 05:40:00, 42793.378948892365, 300.0 
 47.788491887863366, -123.7403914517889, 31.034482758620687, 2020-10-12 05:45:00, 195212.09619306124, 300.0 
 47.82303845438625, -123.61073757812522, 20.0, 2020-10-12 05:47:30, 93994.9217462591, 150.0 
 47.78836099185423, -123.52349575577112, 20.0, 2020-10-12 05:50:00, 39817.54970870217, 150.0 
 47.71440362055716, -123.31597518535939, 33.87755102040816, 2020-10-12 05:55:00, 117283.80616042967, 300.0 
 47.864443413544855, -123.4313666055032, 20.0, 2020-10-12 05:57:30, 105253.60738797729, 150.0 
 47.46262195666212, -123.30945304255715, 48.46153846153846, 2020-10-12 06:05:00, 390820.2426998096, 300.0 
 47.63212768984856, -123.39293822272441, 28.96551724137931, 2020-10-12 06:07:30, 80332.61382115496, 150.0 
 47.68926032263348, -123.3055251937794, 20.0, 2020-10-12 06:17:30, 141794.84664565182, 300.0 
 47.6503455381104, -123.27166557650978, 31.538461538461537, 2020-10-12 06:20:00, 212519.8599427103, 150.0 
 47.6991727448837, -123.2250345665467, 46.15384615384615, 2020-10-12 06:22:30, 172831.0179279285, 150.0 
 47.1653914037969, -123.1527566533746, 20.0, 2020-10-12 06:32:30, 528672.3068583935, 300.0 
 47.72398057316629, -123.42715438180083, 30.612244897959183, 2020-10-12 06:35:00, 288969.3901732425, 300.0 
 47.856052681797074, -122.9983301594753, 20.0, 2020-10-12 07:00:00, 146798.27282864953, 300.0 
 47.67266121116183, -123.33139548235648, 46.15384615384616, 2020-10-12 07:02:30, 105833.25581075232, 300.0 
 47.86815040989891, -123.12495290870018, 45.38461538461539, 2020-10-12 07:05:00, 189759.69697435608, 300.0 
 47.8856616575576, -123.07386917509052, 49.23076923076923, 2020-10-12 07:07:30, 96678.05743400929, 150.0 
 47.9244348200216, -123.01670386848147, 47.69230769230769, 2020-10-12 07:10:00, 99456.62659307853, 150.0 
 47.84498038039044, -123.18710893090409, 20.0, 2020-10-12 07:25:00, 550719.7312365692, 300.0 
 47.85147526876803, -123.17964364007688, 20.0, 2020-10-12 07:27:30, 267874.47224982333, 150.0 
 47.86248716739315, -123.13301895376267, 28.96551724137931, 2020-10-12 07:30:00, 129260.89483175978, 150.0 
 47.158627602549444, -122.78246043172857, 57.93103448275861, 2020-10-12 08:52:30, 612176.6925762894, 300.0 
 47.37372106156096, -122.67401001610122, 20.0, 2020-10-12 09:17:30, 26225.66001457431, 150.0 
 47.37171560534871, -123.09182044440975, 20.0, 2020-10-12 09:32:30, 850206.2501029, 300.0 
 47.37833810089206, -123.09649865924088, 27.692307692307693, 2020-10-12 09:35:00, 446869.1199655531, 150.0 
 47.47397225114681, -122.91794255372913, 21.379310344827587, 2020-10-12 09:50:00, 29822.24947061012, 300.0 
 47.39621513221495, -123.07913433767183, 33.07692307692308, 2020-10-12 10:00:00, 40346.935528125294, 300.0 
 47.11513777219397, -123.10095823590967, 28.46153846153846, 2020-10-12 10:02:30, 108892.74810290804, 300.0 
 47.53271986126139, -123.05701823935523, 46.15384615384615, 2020-10-12 10:12:30, 180129.8000901328, 300.0 
 47.083235670441546, -123.0845098088854, 60.0, 2020-10-12 10:15:00, 224159.23977343415, 300.0 
 47.25474442234591, -122.99147336827197, 30.0, 2020-10-12 10:27:30, 745495.3317556536, 300.0 
 47.66516725579809, -123.11331060402696, 27.586206896551722, 2020-10-12 10:35:00, 662443.3510164578, 300.0 
 47.32614712479455, -122.88754175917725, 30.0, 2020-10-12 10:40:00, 558766.7105219387, 300.0 
 47.22980833676672, -123.18625441899773, 20.0, 2020-10-12 10:45:00, 804600.208641684, 300.0 
 47.35365093825603, -122.91880574152799, 23.448275862068964, 2020-10-12 10:47:30, 303334.9570344914, 150.0 
 47.60698138094277, -123.28896294661891, 29.23076923076923, 2020-10-12 11:05:00, 1292266.0318706988, 300.0 
 47.547041181234476, -122.91533450801201, 34.61538461538461, 2020-10-12 11:10:00, 574720.4278210877, 300.0 
 47.563466036479554, -122.7601547297828, 34.61538461538461, 2020-10-12 11:12:30, 634715.5568387576, 300.0 
 47.37528443073384, -123.0089036350847, 28.275862068965516, 2020-10-12 11:15:00, 181206.88396997572, 150.0 
 47.55486715638816, -123.20812495609822, 20.0, 2020-10-12 11:17:30, 576686.9814469956, 300.0 
 47.56469642804632, -123.29042671796003, 53.103448275862064, 2020-10-12 11:40:00, 1038988.1734271304, 300.0 
 47.55561686604889, -122.84775979301665, 20.0, 2020-10-12 11:42:30, 2246735.2747858916, 300.0 
 47.274625517331536, -122.72302047104381, 44.61538461538461, 2020-10-12 11:45:00, 3913175.937276665, 300.0 
 47.53173835067496, -123.41903105317756, 20.0, 2020-10-12 11:47:30, 1206922.1966688079, 300.0 
 47.51591041977166, -122.95498586007436, 30.0, 2020-10-12 11:52:30, 993499.5334920364, 150.0 
 47.31697988734761, -122.81532697846288, 38.775510204081634, 2020-10-12 11:55:00, 1632863.3224694757, 150.0 
 47.57253002314858, -122.79204863145506, 20.0, 2020-10-12 12:00:00, 1542992.0541891863, 300.0 
 47.412265107166775, -123.15800100045877, 44.61538461538462, 2020-10-12 12:02:30, 1697112.4683143145, 300.0 
 47.75909970107874, -122.8315357389548, 25.384615384615383, 2020-10-12 12:05:00, 762087.6757362336, 300.0 
 47.603460766890585, -122.86338618730551, 20.0, 2020-10-12 12:20:00, 652706.7523838216, 300.0 
 47.52411098496, -122.82562364707873, 55.172413793103445, 2020-10-12 12:22:30, 131811.71212209229, 150.0 
 47.198878133421154, -122.85974595318393, 20.0, 2020-10-12 12:37:30, 1043697.0062335257, 300.0 
 47.42613910416032, -123.41123222370722, 40.40816326530612, 2020-10-12 12:47:30, 1522460.075906145, 300.0 
 47.47463496388751, -123.41581388242918, 42.0408163265306, 2020-10-12 12:50:00, 647456.971020565, 150.0 
 47.412515492824184, -123.18219174704265, 60.0, 2020-10-12 12:52:30, 295939.82102094404, 150.0 
 47.32171100520262, -122.80069450322473, 51.72413793103448, 2020-10-12 12:55:00, 565539.4015276204, 300.0 
 47.57059990410997, -123.26300438277897, 57.241379310344826, 2020-10-12 13:12:30, 364325.56459787197, 300.0 
 47.48182302113273, -123.21335755273276, 20.0, 2020-10-12 13:15:00, 574400.8656462716, 300.0 
 47.5999613427522, -123.16038957567467, 20.0, 2020-10-12 13:40:00, 595498.40864183, 300.0 
 47.0654156173151, -123.1271529681839, 24.827586206896548, 2020-10-12 14:45:00, 223679.94237370315, 300.0 
 47.83199797408198, -123.12336439965924, 20.0, 2020-10-12 16:17:30, 120162.76516966424, 300.0 
 47.86936525905017, -123.16215285840552, 20.0, 2020-10-12 16:45:00, 381391.9968611267, 300.0 
 47.966965276632244, -123.00155182448164, 54.48275862068965, 2020-10-12 16:57:30, 88959.47577359882, 300.0 
 47.89436015080939, -123.04374116114778, 20.0, 2020-10-12 17:07:30, 261549.14363276548, 300.0 
 47.96342273170093, -123.05055139586099, 20.0, 2020-10-12 17:10:00, 251764.48888548437, 150.0 
 47.9263019559074, -123.03620869476416, 33.06122448979592, 2020-10-12 17:12:30, 396642.002276454, 150.0 
 47.801984298185204, -123.32886271015838, 20.0, 2020-10-12 17:20:00, 581979.3371881521, 300.0 
 47.83620347346126, -123.09460078748428, 36.326530612244895, 2020-10-12 17:25:00, 300191.4105186205, 300.0 
 47.95457824969263, -123.31118989613846, 20.0, 2020-10-12 17:37:30, 224117.5727861701, 300.0 
 47.85847920634652, -123.1422662167569, 20.0, 2020-10-12 17:55:00, 288429.45846144186, 300.0 
 47.256916439988935, -123.07224643392202, 24.827586206896548, 2020-10-12 18:05:00, 989062.8839127225, 300.0 
 47.892148774385305, -123.06638298551141, 36.15384615384616, 2020-10-12 18:07:30, 362041.58233067585, 300.0 
 47.91516238984756, -122.92837241461537, 44.61538461538461, 2020-10-12 18:10:00, 225746.4649323614, 150.0 
 48.02957622414159, -122.94910765694351, 60.0, 2020-10-12 18:12:30, 469145.46879365615, 150.0 
 47.7431713184245, -123.18999200658871, 26.153846153846153, 2020-10-12 18:20:00, 690349.3976421631, 300.0 
 47.76253559986539, -123.196256866547, 20.0, 2020-10-12 18:25:00, 400632.27499995806, 300.0 
 47.754326859116304, -123.11788674489064, 33.84615384615385, 2020-10-12 18:27:30, 283085.35968723934, 150.0 
 47.26647819143427, -123.15829348944126, 20.0, 2020-10-12 18:30:00, 447140.55891438335, 300.0 
 47.89437104705092, -123.08159116529197, 46.15384615384616, 2020-10-12 18:32:30, 259426.73756893666, 300.0 
 47.93968874135901, -123.05787507054774, 32.30769230769231, 2020-10-12 18:35:00, 254513.0313594149, 150.0 
 47.86751705211813, -123.14266534677364, 20.0, 2020-10-12 18:37:30, 126331.96854327296, 150.0 
 47.47041361244568, -122.92894186279045, 60.0, 2020-10-12 18:42:30, 484514.87969950883, 300.0 
 47.825679120518586, -122.80458854924943, 55.17241379310344, 2020-10-12 18:45:00, 1299382.3461921967, 300.0 
 47.795038606912655, -123.28755637779028, 46.92307692307693, 2020-10-12 18:47:30, 1121468.0933073056, 300.0 
 47.37551612281742, -122.80091977114073, 44.61538461538461, 2020-10-12 18:50:00, 163487.89226143842, 300.0 
 47.37110704577187, -122.96851447856675, 22.068965517241377, 2020-10-12 18:52:30, 668688.6720693671, 150.0 
 47.7261133704311, -122.94996631879789, 45.38461538461539, 2020-10-12 18:55:00, 595105.2791954395, 300.0 
 47.38846671225731, -122.6438984690914, 20.0, 2020-10-12 19:00:00, 1810731.9929200348, 300.0 
 47.74157841612709, -123.19489783603046, 44.61538461538461, 2020-10-12 19:05:00, 575072.7737003827, 300.0 
 47.333275180967455, -123.10663624266806, 46.15384615384615, 2020-10-12 19:07:30, 2098197.067470631, 300.0 
 47.841654599353134, -122.74189235926278, 50.0, 2020-10-12 19:12:30, 2827441.838213886, 300.0 
 47.92989720933943, -123.10088726001094, 35.51020408163266, 2020-10-12 19:15:00, 718934.8529965054, 300.0 
 47.7072803462292, -123.30030060036526, 44.61538461538461, 2020-10-12 19:17:30, 874915.4922886664, 300.0 
 47.67818515135915, -123.45167372361705, 34.61538461538461, 2020-10-12 19:20:00, 833562.0397136697, 150.0 
 47.5316726772571, -123.22925461161554, 60.0, 2020-10-12 19:22:30, 418833.01749893953, 150.0 
 47.7216237026228, -123.29697004897234, 21.379310344827587, 2020-10-12 19:25:00, 645329.330025914, 150.0 
 47.74135425749015, -123.2990052200586, 20.000000000000004, 2020-10-12 19:27:30, 509266.58472488343, 150.0 
 47.675062903041336, -123.07963243237543, 55.17241379310345, 2020-10-12 19:30:00, 647077.0002505875, 150.0 
 47.78349304148895, -123.08124982091805, 30.76923076923077, 2020-10-12 19:32:30, 580702.6818358969, 150.0 
 47.75644463690561, -123.12392700722589, 33.07692307692308, 2020-10-12 19:35:00, 786052.918294383, 150.0 
 47.906179053744715, -122.86754357970837, 32.30769230769231, 2020-10-12 19:40:00, 1541217.5472748892, 300.0 
 47.62778589912042, -123.11237199102798, 31.53846153846154, 2020-10-12 19:42:30, 318861.6956796063, 300.0 
 47.92155335066386, -123.08887010216799, 55.172413793103445, 2020-10-12 19:47:30, 671734.5992898092, 300.0 
 48.00581636886654, -123.02318114671948, 34.61538461538462, 2020-10-12 19:50:00, 383248.5084533264, 150.0 
 48.041211638325365, -123.03023363708466, 28.27586206896552, 2020-10-12 19:52:30, 472540.1911149736, 150.0 
 47.71516808994767, -123.4041863545324, 53.10344827586207, 2020-10-12 19:57:30, 689152.1155358568, 300.0 
 47.619110435195815, -123.40775242341934, 60.0, 2020-10-12 20:02:30, 1982632.4812778702, 300.0 
 47.342412227889376, -123.19402692327311, 60.0, 2020-10-12 20:07:30, 4484892.131543419, 300.0 
 47.973915124836466, -122.77326066041607, 56.55172413793104, 2020-10-12 20:15:00, 418173.6215988809, 300.0 
 47.452278903233946, -123.39381063615637, 60.0, 2020-10-12 20:17:30, 3012172.7081850385, 300.0 
 47.61607154240508, -123.2517278875421, 45.30612244897959, 2020-10-12 20:22:30, 558365.8211350691, 300.0 
 47.34235948655716, -123.27196210147147, 33.07692307692307, 2020-10-12 20:27:30, 944470.1176303601, 300.0 
 48.10124090706604, -123.03667589670766, 58.62068965517241, 2020-10-12 20:32:30, 2299208.5096028754, 300.0 
 48.0934404732875, -123.07364525516135, 58.62068965517241, 2020-10-12 20:35:00, 1859765.4222015368, 150.0 
 48.231624709373314, -122.95037944362406, 60.0, 2020-10-12 20:37:30, 1361273.594331718, 150.0 
 47.719101333259644, -122.9811938065104, 59.310344827586206, 2020-10-12 20:40:00, 707368.1970679929, 300.0 
 47.83304515765299, -122.99709693635232, 52.41379310344828, 2020-10-12 20:47:30, 302679.468353039, 300.0 
 47.82931670792478, -123.10330418792867, 60.0, 2020-10-12 20:50:00, 143675.61492474325, 150.0 
 47.81819765075875, -122.95785216508631, 44.61538461538461, 2020-10-12 20:55:00, 399742.2898459486, 300.0 
 47.94596266466606, -122.89574535730529, 51.72413793103448, 2020-10-12 20:57:30, 644125.3010976997, 150.0 
 47.83738396583743, -123.05309833958587, 43.84615384615385, 2020-10-12 21:02:30, 3375252.9538641525, 300.0 
 48.103053098345846, -122.9133956791515, 60.0, 2020-10-12 21:07:30, 796216.8604264341, 300.0 
 47.260081126809055, -123.21514014444229, 20.0, 2020-10-12 21:10:00, 492953.32957551454, 300.0 
 47.64371970866767, -122.8962699079444, 22.068965517241377, 2020-10-12 21:15:00, 463095.7405727851, 300.0 
 47.550272921804066, -122.9777246775877, 23.448275862068964, 2020-10-12 21:17:30, 894359.6639322913, 300.0 
 47.24454710667397, -122.89765419747648, 40.40816326530613, 2020-10-12 21:27:30, 3587055.347247455, 300.0 
 47.14466388107575, -123.06052831537203, 54.48275862068965, 2020-10-12 21:30:00, 2205415.414884894, 150.0 
 47.15854830225554, -122.98372009041236, 43.6734693877551, 2020-10-12 21:32:30, 2318345.67746328, 150.0 
 47.52355732146679, -122.90931018284718, 34.615384615384606, 2020-10-12 21:35:00, 1416279.0957503521, 300.0 
 47.07058313704318, -123.11140436490466, 60.0, 2020-10-12 21:40:00, 704707.9868167563, 300.0 
 47.855996736649786, -123.14049330763903, 57.241379310344826, 2020-10-12 21:50:00, 3753675.528926565, 300.0 
 47.56283794755722, -122.83481021196276, 60.0, 2020-10-12 21:52:30, 1736331.1773790782, 300.0 
 47.40082671498196, -123.33306070854229, 28.46153846153846, 2020-10-12 22:07:30, 1348069.579694203, 300.0 
 47.22200337994073, -122.9670000435615, 30.769230769230777, 2020-10-12 22:12:30, 831939.5430622788, 300.0 
 47.35655710885278, -122.98823265152555, 20.0, 2020-10-12 22:15:00, 893057.7902820295, 300.0 
 47.57312483665919, -122.9322183072344, 28.461538461538463, 2020-10-12 22:22:30, 1013597.09493131, 300.0 
 47.292043613598125, -123.3846653726782, 20.0, 2020-10-12 22:32:30, 1180463.0298084004, 300.0 
 47.648009135960514, -123.20061679912706, 34.69387755102041, 2020-10-12 22:40:00, 334063.4634793175, 300.0 
 47.511348196907555, -123.2508979411428, 59.3103448275862, 2020-10-12 22:42:30, 205332.05867363335, 150.0 
 47.92304435769087, -123.11266085053285, 60.0, 2020-10-12 22:45:00, 579720.6662390948, 300.0 
 47.95107183355633, -123.0478084922234, 54.48275862068965, 2020-10-12 22:47:30, 239357.66957716152, 150.0 
 48.12758960742631, -122.9384775308469, 51.724137931034484, 2020-10-12 22:50:00, 163482.4747219109, 150.0 
 47.20309252633262, -123.03438817379197, 24.137931034482758, 2020-10-12 22:55:00, 426250.0496520633, 300.0 
 47.79616462380311, -123.00414974765165, 32.30769230769231, 2020-10-12 23:05:00, 726421.2001767936, 300.0 
 48.263534153819286, -122.8117533335232, 37.142857142857146, 2020-10-12 23:07:30, 964352.3901339902, 300.0 
 48.08489822523339, -122.90654816326867, 20.689655172413794, 2020-10-12 23:10:00, 299177.8422135862, 150.0 
 47.86155967390185, -122.97804767183914, 20.0, 2020-10-12 23:12:30, 571830.3276235091, 300.0 
 47.9136322477681, -122.97117690263231, 20.0, 2020-10-12 23:15:00, 240312.11455074413, 150.0 
 47.97961776222635, -123.06666302112586, 42.04081632653061, 2020-10-12 23:17:30, 314937.95034196036, 150.0 
 48.13263526120532, -122.94815344685372, 33.84615384615385, 2020-10-12 23:20:00, 269558.3838166949, 150.0 
 48.148487342631675, -122.90170237883747, 20.0, 2020-10-12 23:22:30, 286643.59023097355, 150.0 
 48.20880281462085, -122.86560528765492, 20.0, 2020-10-12 23:27:30, 567791.8493958275, 300.0 
 47.5695801634244, -123.12224870254693, 47.69230769230769, 2020-10-12 23:30:00, 451472.5171360304, 300.0 
 47.54040558723098, -123.19934631760492, 39.59183673469388, 2020-10-12 23:37:30, 1219832.8229019358, 300.0 
 47.59356339165176, -123.21760069731756, 23.448275862068968, 2020-10-12 23:42:30, 521816.40527777147, 300.0 
 47.46250092599291, -123.13202676717358, 60.0, 2020-10-12 23:45:00, 645060.5932972548, 150.0 
 47.54898452184402, -122.84309671446573, 60.0, 2020-10-12 23:47:30, 544570.5608359223, 150.0 
 47.546678094267456, -123.29564463721798, 44.61538461538462, 2020-10-12 23:55:00, 476289.1325291159, 150.0 
 47.72651725253989, -123.07866795874322, 20.0, 2020-10-12 00:10:00, 933859.1030189258, 150.0 
 47.676062699634485, -123.3978829409376, 59.310344827586206, 2020-10-12 00:40:00, 170375.50088600293, 300.0 
 47.44776189620354, -123.0265531137928, 35.51020408163265, 2020-10-12 02:22:30, 134944.88478442922, 300.0 
 47.59129051337716, -123.11326787385799, 40.40816326530613, 2020-10-12 03:37:30, 182187.54929322796, 300.0 
 47.0525828322276, -123.05641051764715, 20.0, 2020-10-12 03:42:30, 99825.54720509674, 300.0 
 47.32141455019355, -123.10223039604574, 20.0, 2020-10-12 03:57:30, 69661.53016427912, 300.0 
 47.1579660807931, -123.03627447489774, 20.0, 2020-10-12 04:07:30, 107374.32002203562, 300.0 
 47.16047534992408, -122.68880908676334, 60.0, 2020-10-12 04:12:30, 422194.33114379755, 300.0 
 47.24254475397171, -122.94185192554357, 51.53846153846155, 2020-10-12 04:25:00, 163453.61070002086, 300.0 
 47.07319227602755, -122.85460667375744, 52.307692307692314, 2020-10-12 04:27:30, 170969.12606829658, 150.0 
 47.108411184151755, -122.94020666508861, 60.0, 2020-10-12 04:30:00, 52918.30849868865, 150.0 
 47.01963266357091, -122.89570231994524, 33.84615384615385, 2020-10-12 04:32:30, 156235.83669121691, 150.0 
 47.7880294868694, -122.79227663234066, 20.0, 2020-10-12 04:35:00, 440961.56485655333, 300.0 
 47.84999668647214, -123.58385974755093, 20.0, 2020-10-12 05:02:30, 92179.96200462055, 300.0 
 47.30041052576094, -122.78066333847865, 20.0, 2020-10-12 05:12:30, 210680.89126878587, 300.0 
 47.15116881863865, -122.89168406792257, 57.93103448275862, 2020-10-12 05:17:30, 153549.79444440198, 300.0 
 47.0308333274665, -123.07651538399294, 51.03448275862068, 2020-10-12 05:32:30, 191248.46927327747, 300.0 
 46.918115552694445, -123.12556110154702, 34.61538461538462, 2020-10-12 05:35:00, 75489.93928463598, 150.0 
 46.973203395006784, -123.06740990501655, 20.0, 2020-10-12 05:50:00, 157545.36419830483, 300.0 
 47.05492823096398, -122.94628545626534, 20.0, 2020-10-12 05:57:30, 207329.97982366648, 300.0 
 47.049026860968375, -122.76574353415518, 50.769230769230774, 2020-10-12 06:02:30, 409100.9892427254, 300.0 
 47.198869464105876, -122.76383404562905, 59.99999999999999, 2020-10-12 06:05:00, 265687.36264629423, 150.0 
 46.88925685030574, -122.98557266327728, 20.0, 2020-10-12 06:15:00, 231584.53520450604, 300.0 
 46.91498375266718, -123.10791729778319, 20.0, 2020-10-12 06:17:30, 92654.08802113638, 150.0 
 46.87247990505124, -122.93090663393883, 20.0, 2020-10-12 06:20:00, 242486.42737916284, 150.0 
 46.9679261186839, -123.08989508131143, 60.0, 2020-10-12 06:22:30, 179123.38444081575, 150.0 
 46.9694933762146, -123.06851293958167, 60.0, 2020-10-12 06:45:00, 167154.13743372663, 300.0 
 46.78654647113832, -123.03933025268407, 20.0, 2020-10-12 06:47:30, 89157.76855135398, 150.0 
 46.84042524030153, -122.86329114089192, 20.0, 2020-10-12 06:52:30, 230319.53437379014, 300.0 
 46.9120326418801, -122.99237334318694, 20.0, 2020-10-12 06:57:30, 138718.8313383897, 300.0 
 47.04545626895486, -123.13931991979658, 20.0, 2020-10-12 07:00:00, 62053.058064465855, 150.0 
 46.95652309987892, -122.85290096694519, 20.0, 2020-10-12 07:02:30, 65678.26180607942, 150.0 
 47.105567046110245, -122.87945741596285, 31.538461538461544, 2020-10-12 07:32:30, 140280.53831862795, 300.0 
 46.95943640574012, -123.1269333774479, 20.0, 2020-10-12 07:37:30, 78480.72339366419, 300.0 
 46.90698361960166, -123.12885399474365, 20.0, 2020-10-12 07:40:00, 62505.78942805953, 150.0 
 46.92821254807198, -123.06584618428653, 20.0, 2020-10-12 07:55:00, 130242.54752960539, 300.0 
 47.28188370442897, -122.75255117850739, 42.0408163265306, 2020-10-12 08:15:00, 182878.94020493343, 300.0 
 46.90676899677658, -123.01483996022024, 20.0, 2020-10-12 08:27:30, 156175.6197486424, 300.0 
 47.16567943774839, -123.08528594680743, 43.84615384615384, 2020-10-12 08:30:00, 312448.8181697229, 300.0 
 47.27601567097304, -122.9601531532284, 24.82758620689655, 2020-10-12 08:42:30, 199963.29809515818, 300.0 
 47.05140012579837, -122.67848874332387, 60.0, 2020-10-12 08:47:30, 215815.48722433596, 300.0 
 47.10679113168448, -122.70320880958485, 33.07692307692308, 2020-10-12 09:00:00, 197116.04000677768, 300.0 
 47.294585174215904, -122.8248907453202, 28.96551724137931, 2020-10-12 09:10:00, 209768.69957385174, 300.0 
 47.06061322479426, -122.8767053443647, 33.84615384615385, 2020-10-12 09:12:30, 170417.7498017913, 300.0 
 47.255713671448774, -122.89948105699509, 20.0, 2020-10-12 09:15:00, 45953.35545801803, 150.0 
 47.471529636750695, -122.83968883617356, 20.0, 2020-10-12 09:25:00, 287609.62954616785, 300.0 
 46.95176685501472, -123.13716797248452, 20.0, 2020-10-12 10:07:30, 212338.7219696113, 300.0 
 46.91841131698189, -123.26241925050016, 54.48275862068966, 2020-10-12 10:10:00, 85895.02551210063, 150.0 
 47.0061495521934, -122.94861547747036, 20.0, 2020-10-12 10:27:30, 422482.80829940666, 300.0 
 46.80382798565054, -123.19437853146684, 45.38461538461539, 2020-10-12 10:30:00, 219584.36229780878, 300.0 
 47.62357596576059, -123.51104982000156, 20.0, 2020-10-12 10:50:00, 152353.46640854393, 300.0 
 47.65505150902757, -123.25080897216739, 20.0, 2020-10-12 11:07:30, 635293.2212627303, 150.0 
 47.19630165541621, -122.7569409160247, 20.0, 2020-10-12 11:10:00, 275831.08302375884, 300.0 
 47.234198449674736, -122.84822917142897, 42.85714285714286, 2020-10-12 11:12:30, 313630.4857091771, 300.0 
 47.418394336515256, -122.69971209396476, 20.0, 2020-10-12 11:22:30, 329891.484778398, 300.0 
 47.14711796559388, -123.03018876841446, 49.230769230769226, 2020-10-12 11:42:30, 383718.01403813047, 300.0 
 47.62331693078567, -122.73343254691812, 25.517241379310345, 2020-10-12 11:50:00, 911866.2003764657, 300.0 
 47.34994200504555, -122.88232830943026, 29.230769230769234, 2020-10-12 11:57:30, 357302.95533169375, 150.0 
 47.28789899049923, -122.8339408698657, 37.14285714285714, 2020-10-12 12:00:00, 464592.3363395889, 150.0 
 47.22578617030814, -122.88549055993033, 37.142857142857146, 2020-10-12 12:02:30, 905479.1042768338, 300.0 
 47.49098737367026, -122.96290109574716, 60.0, 2020-10-12 12:12:30, 460786.13049051067, 300.0 
 47.29122885891447, -122.84629899633464, 20.0, 2020-10-12 12:22:30, 668397.1108483204, 300.0 
 47.40368376967145, -122.96279908077157, 20.0, 2020-10-12 12:50:00, 667593.2263070166, 300.0 
 47.101282950542185, -122.90072971019448, 60.0, 2020-10-12 13:12:30, 303464.3912523563, 300.0 
 46.86662110757027, -123.12620444480872, 43.84615384615384, 2020-10-12 13:50:00, 211821.23223014365, 300.0 
 47.014321241645064, -123.07544507810529, 20.0, 2020-10-12 14:15:00, 305933.6197774015, 300.0 
 47.226934476089546, -123.09603180026362, 26.20689655172414, 2020-10-12 14:22:30, 416904.5966175971, 300.0 
 46.919172734812804, -122.99953157642715, 20.0, 2020-10-12 14:40:00, 490067.0578682688, 300.0 
 46.9771977984789, -123.05692462008217, 20.0, 2020-10-12 15:02:30, 148141.93138743416, 300.0 
 47.10756286984427, -123.09227078684206, 20.0, 2020-10-12 15:05:00, 463079.5058053603, 150.0 
 47.16332919550807, -123.16194921573876, 20.000000000000004, 2020-10-12 15:20:00, 133418.4405228161, 300.0 
 46.92208031678932, -123.26266942209014, 20.0, 2020-10-12 15:30:00, 371242.5271703923, 300.0 
 47.00997559522676, -122.94347980976983, 20.0, 2020-10-12 15:40:00, 412646.5268412048, 300.0 
 47.17553353846899, -123.21263983584237, 20.0, 2020-10-12 18:12:30, 556610.1783055431, 300.0 
 47.28950272277942, -122.90697424104799, 20.000000000000004, 2020-10-12 18:25:00, 398742.0985582986, 300.0 
 47.43064773951018, -122.68823833843237, 54.48275862068965, 2020-10-12 18:30:00, 248692.42591869808, 300.0 
 47.24236509096234, -123.10244115912066, 48.46153846153846, 2020-10-12 18:45:00, 808817.0885786751, 300.0 
 47.907845852464504, -123.13028030903939, 60.0, 2020-10-12 19:30:00, 673040.2892170559, 300.0 
 47.3810105872295, -122.82335906544711, 20.0, 2020-10-12 19:35:00, 328601.7987781976, 300.0 
 47.6428696281009, -123.01741774113052, 20.0, 2020-10-12 19:37:30, 1323103.7929162043, 150.0 
 47.44867895798103, -123.43582615900499, 21.379310344827587, 2020-10-12 19:42:30, 249316.4211060718, 300.0 
 47.6289592383577, -123.43257650271624, 31.538461538461537, 2020-10-12 19:45:00, 154295.0266365347, 150.0 
 47.79612708156673, -122.99323818218551, 43.673469387755105, 2020-10-12 20:05:00, 3406197.9910800047, 300.0 
 47.42044483289115, -122.79325227113738, 44.61538461538462, 2020-10-12 21:00:00, 1722100.5875778114, 300.0 
 47.50497958219411, -123.22963341091626, 35.38461538461539, 2020-10-12 21:07:30, 423610.9039515413, 300.0 
 47.55289019687375, -123.10665155007445, 24.827586206896548, 2020-10-12 21:10:00, 656486.6194528034, 300.0 
 47.42478572673231, -123.37991937450475, 60.0, 2020-10-12 21:15:00, 586469.5086600025, 300.0 
 47.50073452501233, -123.21849250236414, 20.0, 2020-10-12 21:27:30, 1406293.086633671, 300.0 
 47.45353262483614, -123.31555976180417, 60.0, 2020-10-12 21:52:30, 1212195.6358139154, 300.0 
 47.50186792942388, -123.439671787748, 60.0, 2020-10-12 22:10:00, 344836.8183972534, 150.0 
 47.53580628532686, -123.63082134863265, 46.15384615384616, 2020-10-12 22:12:30, 223327.58344056108, 150.0 
 47.45630171266854, -123.1992040674073, 42.85714285714286, 2020-10-12 22:25:00, 190133.1848260824, 150.0 
 47.27104663501375, -122.87747570423427, 20.0, 2020-10-12 22:57:30, 112729.17898313525, 150.0 
 47.63504727689133, -123.03322887566713, 20.0, 2020-10-12 23:50:00, 294673.22028489213, 150.0 
 47.6074384292055, -123.06541448829404, 20.0, 2020-10-12 23:52:30, 308350.59820054506, 150.0 
 46.86071143612337, -123.22661925467749, 20.0, 2020-10-12 09:32:30, 65583.79457676347, 300.0 
 48.23324284141332, -123.88838673443027, 20.0, 2020-10-13 03:25:00, 32050.992371370678, 150.0 
 48.141882193399056, -123.82245520404025, 24.827586206896548, 2020-10-13 03:30:00, 56535.98862634596, 150.0 
 48.192579013327446, -123.94397369242228, 20.0, 2020-10-13 03:37:30, 91586.77036846243, 300.0 
 48.17426096368563, -123.88346468517975, 47.69230769230769, 2020-10-13 03:40:00, 55351.93675156597, 150.0 
 47.73312910255888, -123.05752126955164, 33.84615384615385, 2020-10-13 00:07:30, 564614.52258175, 300.0 
 47.48791105908844, -123.24775782917267, 46.92307692307692, 2020-10-13 00:10:00, 605376.4840830406, 300.0 
 47.526106289677244, -123.12751265094764, 56.55172413793103, 2020-10-13 00:15:00, 612110.3298377759, 300.0 
 47.68819916196721, -123.15533094244086, 41.224489795918366, 2020-10-13 00:17:30, 292003.9256195876, 150.0 
 47.62063563357701, -122.95522472920678, 60.0, 2020-10-13 00:20:00, 535713.4192390683, 150.0 
 47.36644738885715, -123.136072736421, 44.48979591836735, 2020-10-13 00:22:30, 608521.3156554801, 300.0 
 47.50158395409493, -123.17777922408531, 20.0, 2020-10-13 00:27:30, 322728.7174097192, 300.0 
 47.4966825477092, -123.18031356020752, 20.0, 2020-10-13 00:32:30, 837353.2801672936, 300.0 
 47.46213549712781, -123.13627401395776, 23.076923076923077, 2020-10-13 00:35:00, 406697.67540610896, 300.0 
 47.59933236351436, -122.71170629717834, 20.0, 2020-10-13 00:42:30, 186486.03424688012, 300.0 
 47.70570032592305, -123.17987640124271, 20.000000000000004, 2020-10-13 00:50:00, 278395.6606407318, 150.0 
 47.52412117933036, -123.09603327288802, 46.923076923076934, 2020-10-13 00:55:00, 98076.78567876786, 300.0 
 47.42303520270616, -123.12810447987874, 43.84615384615385, 2020-10-13 01:00:00, 472447.970028844, 300.0 
 47.76279706839998, -123.14204994666294, 34.61538461538461, 2020-10-13 01:02:30, 181692.62011652646, 300.0 
 47.886158926739405, -123.19839781096215, 60.0, 2020-10-13 01:05:00, 128338.0433289809, 150.0 
 47.76735420468359, -123.26924342294826, 21.379310344827587, 2020-10-13 01:07:30, 422624.2258221655, 300.0 
 47.70579273875889, -123.31736374888743, 20.0, 2020-10-13 01:10:00, 454463.16682975786, 300.0 
 47.41487877291737, -123.34306902748018, 44.61538461538461, 2020-10-13 01:12:30, 535056.4307315996, 300.0 
 47.898347776379545, -123.22682294251555, 56.55172413793103, 2020-10-13 01:15:00, 426448.13782989077, 300.0 
 47.861026319713474, -123.15014042213016, 27.586206896551722, 2020-10-13 01:17:30, 190768.21450556006, 150.0 
 47.91188776249413, -123.10620732513928, 34.61538461538461, 2020-10-13 01:20:00, 223624.34344792724, 150.0 
 48.02494550295997, -123.08084417130033, 45.38461538461539, 2020-10-13 01:22:30, 704467.2764023385, 300.0 
 47.83320124469542, -123.3770376059563, 20.0, 2020-10-13 01:25:00, 547648.4250458407, 300.0 
 48.05465670704172, -123.34531146267136, 60.0, 2020-10-13 01:27:30, 159258.76627666026, 300.0 
 48.03781480936502, -122.88520500879588, 60.00000000000001, 2020-10-13 01:30:00, 425968.50627782394, 300.0 
 47.848105157598944, -123.34381462573702, 27.692307692307693, 2020-10-13 01:32:30, 337582.834543789, 300.0 
 48.14121725868329, -122.75527021704896, 60.0, 2020-10-13 01:35:00, 508454.161450485, 300.0 
 47.90227064627473, -122.85116660180782, 60.0, 2020-10-13 01:37:30, 517195.21387220395, 300.0 
 47.7767342184584, -123.06435566457704, 20.0, 2020-10-13 01:40:00, 279553.4634104951, 150.0 
 47.253493811420256, -123.17306956228518, 46.15384615384615, 2020-10-13 01:42:30, 121748.37565060795, 300.0 
 47.406294304974644, -123.17628275083032, 20.0, 2020-10-13 01:45:00, 90490.65876406925, 150.0 
 47.738667670327295, -123.19130954088486, 43.84615384615384, 2020-10-13 01:50:00, 232458.62469397922, 150.0 
 47.38098343529305, -123.23187085335354, 20.0, 2020-10-13 01:55:00, 159002.5977640891, 300.0 
 48.00272183785089, -123.00429169849075, 29.23076923076923, 2020-10-13 01:57:30, 278736.3782360497, 300.0 
 47.3893323776674, -123.380449371856, 25.51724137931034, 2020-10-13 02:00:00, 1482563.587425896, 300.0 
 47.971911029506344, -123.11271848259487, 46.15384615384615, 2020-10-13 02:02:30, 423244.6044487976, 300.0 
 47.926716803577435, -123.07286235182426, 60.0, 2020-10-13 02:05:00, 66817.27988515966, 150.0 
 47.52589229429398, -123.26878216801438, 31.53846153846154, 2020-10-13 02:07:30, 108005.3035800833, 300.0 
 48.14161801573707, -122.91048763923814, 20.0, 2020-10-13 02:15:00, 301084.339897013, 300.0 
 48.02859856644716, -122.93627927394931, 55.172413793103445, 2020-10-13 02:17:30, 70650.18604773919, 150.0 
 47.52859788223251, -123.25114340407079, 28.461538461538463, 2020-10-13 02:20:00, 204244.3120473959, 300.0 
 47.49425236479891, -123.45544625080635, 23.448275862068968, 2020-10-13 02:22:30, 103888.60871881875, 150.0 
 47.785271539385946, -123.34259552548023, 29.230769230769226, 2020-10-13 02:37:30, 130562.95504399737, 300.0 
 47.93112219758542, -123.10024667296341, 36.15384615384616, 2020-10-13 02:40:00, 137242.7230593054, 300.0 
 47.42192479408735, -123.21889673517241, 20.0, 2020-10-13 02:42:30, 384724.0106577422, 300.0 
 47.872556623716065, -123.4190181574251, 55.86206896551724, 2020-10-13 02:45:00, 201687.9016443041, 300.0 
 47.845064456588375, -123.32496472337903, 43.846153846153854, 2020-10-13 02:47:30, 131673.97053238377, 150.0 
 47.85338345724566, -123.33700160893069, 33.87755102040816, 2020-10-13 02:50:00, 126741.54560946077, 300.0 
 47.92959731989713, -123.23103800140599, 34.69387755102041, 2020-10-13 02:52:30, 104225.18928109077, 150.0 
 47.415223478385734, -122.7912761327907, 42.04081632653061, 2020-10-13 02:55:00, 167586.92708121982, 300.0 
 47.3712113594942, -123.4231013089408, 25.51724137931035, 2020-10-13 02:57:30, 364646.1472752329, 300.0 
 47.88870078697576, -123.20627744364403, 26.20689655172414, 2020-10-13 03:00:00, 149128.67223386525, 300.0 
 47.869649292152836, -123.27443708436554, 20.0, 2020-10-13 03:02:30, 61089.27224485247, 150.0 
 47.8708752910285, -123.27380148317951, 20.0, 2020-10-13 03:05:00, 58758.06156510519, 150.0 
 47.87572781020591, -123.14247254511085, 56.55172413793103, 2020-10-13 03:07:30, 81079.54672770016, 150.0 
 47.93879125257167, -123.05117418214422, 20.0, 2020-10-13 03:10:00, 181252.99259794308, 300.0 
 47.30911070494321, -123.46284202738278, 40.40816326530612, 2020-10-13 03:12:30, 464253.62453126913, 300.0 
 47.8139871912431, -123.09086783046222, 27.692307692307697, 2020-10-13 03:15:00, 253498.82176069517, 300.0 
 47.84166229538336, -123.06824280816406, 28.461538461538463, 2020-10-13 03:17:30, 136180.6483087893, 150.0 
 47.915037604017684, -123.39198925530727, 32.30769230769231, 2020-10-13 03:20:00, 199235.87609885054, 300.0 
 48.2202443416894, -123.70827343359272, 30.769230769230774, 2020-10-13 03:22:30, 171044.26880231817, 300.0 
 48.05279409148855, -123.6484890610673, 60.0, 2020-10-13 03:27:30, 181122.75086922466, 300.0 
 47.62020395155383, -123.0949379740728, 60.0, 2020-10-13 03:30:00, 203653.40257955415, 300.0 
 47.472390633946304, -122.92283113553415, 20.0, 2020-10-13 03:32:30, 304415.6076072336, 300.0 
 47.99908762490655, -123.19894844009622, 20.0, 2020-10-13 03:52:30, 112512.69726957574, 300.0 
 47.333008873749264, -123.11993060996251, 45.38461538461539, 2020-10-13 03:55:00, 171212.41194358424, 300.0 
 47.809203098421555, -123.3098228304572, 33.07692307692308, 2020-10-13 03:57:30, 119095.63904479946, 300.0 
 47.82793507455242, -123.24907929578153, 44.61538461538461, 2020-10-13 04:00:00, 60115.91385551113, 150.0 
 47.73231555488174, -123.39231163015663, 20.0, 2020-10-13 04:12:30, 68460.57184226472, 300.0 
 48.00873250293574, -123.02677768959893, 20.000000000000004, 2020-10-13 04:22:30, 55893.846604299026, 300.0 
 47.98131238784305, -123.22869769221576, 36.15384615384615, 2020-10-13 04:25:00, 45016.21594104281, 150.0 
 47.98486864010143, -123.21455221635435, 38.77551020408163, 2020-10-13 04:27:30, 55925.87045123462, 150.0 
 48.00596862957768, -123.14922954929506, 32.30769230769231, 2020-10-13 04:30:00, 85664.82434918336, 150.0 
 47.55503379100898, -123.35734782067398, 40.40816326530613, 2020-10-13 04:37:30, 75204.72840481355, 300.0 
 48.07691608551145, -123.35529445782477, 60.0, 2020-10-13 04:40:00, 54647.783791991904, 300.0 
 48.137390613481024, -123.03820659448131, 33.06122448979592, 2020-10-13 04:42:30, 55662.69112184708, 150.0 
 47.42194416461056, -123.1033203287511, 60.0, 2020-10-13 04:47:30, 189544.6437254957, 300.0 
 47.24178027003642, -123.00628228522118, 59.99999999999999, 2020-10-13 04:50:00, 112039.02317369642, 150.0 
 47.46262977291143, -123.14413490136766, 33.87755102040816, 2020-10-13 04:52:30, 141414.89247581243, 300.0 
 47.441685143624575, -123.18335878516118, 20.0, 2020-10-13 04:55:00, 164268.54287014957, 150.0 
 47.376362825614414, -123.18057976764281, 20.000000000000004, 2020-10-13 04:57:30, 251741.1972864378, 150.0 
 47.54671559994119, -123.34537763689877, 24.137931034482754, 2020-10-13 05:00:00, 88423.46325215138, 150.0 
 47.25102377448006, -123.13391407161338, 42.857142857142854, 2020-10-13 05:02:30, 376930.62892152613, 300.0 
 47.23744085184878, -123.05704596088125, 38.775510204081634, 2020-10-13 05:05:00, 202812.92511920002, 150.0 
 47.31203426811228, -123.04373259313189, 59.999999999999986, 2020-10-13 05:10:00, 284617.10606162006, 300.0 
 47.57937767680962, -123.07953248186567, 33.87755102040816, 2020-10-13 05:20:00, 86122.412281406, 300.0 
 47.52560199907515, -123.15723251211577, 46.15384615384615, 2020-10-13 05:22:30, 74648.54892328689, 150.0 
 47.22724594888213, -123.06332570248072, 60.0, 2020-10-13 05:45:00, 213764.41429693997, 300.0 
 47.34440390184467, -123.18794166676133, 60.0, 2020-10-13 05:47:30, 152221.34780101108, 150.0 
 47.341729448765875, -122.91792540184477, 20.0, 2020-10-13 05:50:00, 116325.8416782696, 150.0 
 47.17493531239302, -123.08628742800133, 34.69387755102041, 2020-10-13 06:00:00, 159074.70183775123, 300.0 
 47.79975769433453, -123.222858045773, 47.69230769230769, 2020-10-13 06:02:30, 248829.46449041856, 300.0 
 47.72199730812028, -123.16733569170208, 60.0, 2020-10-13 06:05:00, 117936.23159696905, 150.0 
 47.495362897472475, -123.17185888897568, 55.17241379310345, 2020-10-13 06:10:00, 127365.46987999258, 300.0 
 47.47892542280474, -122.9529446592206, 60.0, 2020-10-13 06:15:00, 331769.83629758586, 300.0 
 47.80055603228254, -123.17957137728041, 40.0, 2020-10-13 06:17:30, 181950.10824114148, 300.0 
 47.91813491274473, -123.15309405899845, 24.82758620689655, 2020-10-13 06:22:30, 212012.18797062372, 300.0 
 47.83366544257661, -123.2471282974656, 50.0, 2020-10-13 06:27:30, 163859.2815929571, 300.0 
 47.79478863491561, -123.35094319355296, 46.15384615384615, 2020-10-13 06:30:00, 90682.43765491986, 150.0 
 47.82385881783358, -123.2522143007763, 33.84615384615385, 2020-10-13 06:32:30, 120942.04279432957, 150.0 
 47.92800205509999, -123.23595924092166, 20.0, 2020-10-13 06:35:00, 86067.06224483365, 150.0 
 47.888762283151, -123.3442501831978, 20.0, 2020-10-13 06:37:30, 85153.97253746529, 150.0 
 47.78606027424988, -123.54607752975895, 20.0, 2020-10-13 07:02:30, 114558.33291452826, 300.0 
 47.80633254067448, -123.45616445286349, 53.793103448275865, 2020-10-13 07:20:00, 105204.52040880207, 300.0 
 47.78955329066239, -123.22917385903534, 30.769230769230766, 2020-10-13 07:25:00, 304563.4827983255, 300.0 
 47.84205975152325, -123.1426468899679, 32.307692307692314, 2020-10-13 07:27:30, 65831.76129639769, 150.0 
 47.819145105371135, -123.15049635405627, 33.84615384615385, 2020-10-13 07:30:00, 52529.28955124947, 150.0 
 47.83066723142085, -123.1526673248613, 34.61538461538462, 2020-10-13 07:32:30, 37568.739220402094, 150.0 
 47.843387563781974, -123.19202435585242, 20.0, 2020-10-13 07:35:00, 133395.8750162163, 150.0 
 47.76390351020075, -123.29550361088948, 31.53846153846154, 2020-10-13 07:37:30, 150164.48208551633, 150.0 
 47.720523498198354, -123.10590854404315, 60.0, 2020-10-13 07:40:00, 60606.212116893694, 150.0 
 47.8762265652467, -123.0747114349541, 48.46153846153847, 2020-10-13 07:42:30, 119803.78795036365, 150.0 
 47.91983103297359, -123.0815812250393, 33.061224489795926, 2020-10-13 07:45:00, 254129.01253038662, 150.0 
 47.864344945505216, -123.11466920939134, 33.07692307692308, 2020-10-13 07:47:30, 217472.1903525139, 150.0 
 47.86248716739314, -123.13301895376267, 33.84615384615385, 2020-10-13 07:52:30, 448849.9797289963, 150.0 
 47.84628329196859, -123.04128462662676, 37.14285714285714, 2020-10-13 07:55:00, 296549.53620128846, 150.0 
 47.95975751006868, -123.1282903781186, 26.896551724137932, 2020-10-13 07:57:30, 756397.8681442596, 150.0 
 47.94592939730839, -123.18056744365398, 20.0, 2020-10-13 08:00:00, 264220.2362116557, 150.0 
 47.873783464161, -123.41838601295052, 20.0, 2020-10-13 08:02:30, 222703.21029816856, 150.0 
 47.6447188507958, -123.37630325351402, 36.32653061224489, 2020-10-13 08:12:30, 372995.4157515171, 300.0 
 47.53583422003722, -122.53235199904246, 22.758620689655174, 2020-10-13 08:15:00, 824459.6776793463, 300.0 
 47.69418579615704, -122.7105510213239, 24.82758620689655, 2020-10-13 08:25:00, 794518.2360994503, 300.0 
 47.57089023939514, -123.4365353485849, 56.55172413793103, 2020-10-13 08:27:30, 356650.8309116184, 300.0 
 47.68118836825489, -123.36771240946518, 25.384615384615387, 2020-10-13 08:30:00, 249657.77050034388, 150.0 
 47.64842401538936, -123.33065533044842, 28.96551724137931, 2020-10-13 08:32:30, 255357.57338418323, 150.0 
 47.54183538049497, -122.6279839321782, 56.55172413793104, 2020-10-13 08:35:00, 1249488.041593173, 300.0 
 47.62186012900423, -123.255858443354, 43.673469387755105, 2020-10-13 08:40:00, 474727.7230043339, 300.0 
 47.60310522962508, -122.579205513897, 60.0, 2020-10-13 08:42:30, 763234.31634012, 300.0 
 47.64115602397663, -122.88844208384744, 58.62068965517241, 2020-10-13 08:45:00, 490219.44790636754, 300.0 
 47.6801358699004, -122.792483182554, 53.10344827586207, 2020-10-13 08:47:30, 584811.4820601731, 300.0 
 47.45224739608533, -123.49309784920064, 20.0, 2020-10-13 08:52:30, 228731.39267568517, 300.0 
 47.43544543849613, -123.49760977418254, 42.85714285714286, 2020-10-13 08:57:30, 1343953.2428862513, 300.0 
 47.59870203185145, -123.3267704789336, 41.224489795918366, 2020-10-13 09:02:30, 635894.5893684643, 300.0 
 47.597159778406606, -123.09063191383501, 20.0, 2020-10-13 09:05:00, 297514.28069075174, 150.0 
 47.540356863914155, -122.58497053781986, 60.0, 2020-10-13 09:12:30, 1476321.7163126806, 300.0 
 47.78348472399561, -123.15679686590033, 20.0, 2020-10-13 09:15:00, 641917.4518036307, 300.0 
 47.64910208180906, -123.14711514076413, 39.59183673469388, 2020-10-13 09:17:30, 511847.72605062637, 150.0 
 47.91718427512159, -123.10241512168962, 55.17241379310345, 2020-10-13 09:22:30, 678309.1449337448, 300.0 
 47.506081962606395, -123.02615994093745, 21.379310344827587, 2020-10-13 09:30:00, 470575.9387228148, 300.0 
 47.63429592961346, -123.35827063645989, 20.0, 2020-10-13 09:35:00, 363603.1213248678, 300.0 
 47.319400612251776, -123.11481602848188, 30.769230769230766, 2020-10-13 09:37:30, 526798.5961221558, 300.0 
 47.32262783159107, -123.26995727022187, 20.0, 2020-10-13 09:40:00, 355891.9293610998, 150.0 
 47.76615667840204, -123.2729222210057, 20.0, 2020-10-13 09:42:30, 363422.00763018604, 300.0 
 47.4861975474133, -123.24052409097737, 60.0, 2020-10-13 09:52:30, 854110.0302066831, 300.0 
 47.86768182974992, -123.28363127245123, 37.95918367346938, 2020-10-13 10:00:00, 865141.8564490095, 300.0 
 47.854754038315136, -123.21983476905665, 34.61538461538461, 2020-10-13 10:02:30, 205421.2680921518, 150.0 
 47.41175046112614, -123.18765368384585, 34.61538461538461, 2020-10-13 10:05:00, 424128.0293545604, 300.0 
 47.79611638174134, -123.46243339245531, 60.0, 2020-10-13 10:07:30, 626427.1434457086, 300.0 
 47.8826562113664, -123.35047009582621, 20.0, 2020-10-13 10:10:00, 285905.94821746973, 150.0 
 47.8061170212528, -123.33182875708889, 34.61538461538462, 2020-10-13 10:12:30, 251476.11624377195, 150.0 
 47.86143825931832, -123.2746064617696, 30.0, 2020-10-13 10:15:00, 418999.63842710515, 150.0 
 47.73616277813599, -123.03552899181747, 60.0, 2020-10-13 10:20:00, 235652.27767257948, 300.0 
 47.77385974752069, -123.35255781942925, 20.0, 2020-10-13 10:27:30, 348936.4084774705, 300.0 
 47.820668033079805, -123.2620377627673, 33.84615384615385, 2020-10-13 10:32:30, 621926.2369161058, 300.0 
 47.83526103669753, -123.24221608914839, 33.07692307692308, 2020-10-13 10:35:00, 377139.71521994827, 150.0 
 47.88870083796061, -123.05181756803104, 33.07692307692307, 2020-10-13 10:37:30, 183141.5815348332, 150.0 
 47.86937558438349, -123.12431379870186, 33.84615384615385, 2020-10-13 10:40:00, 310208.2540503252, 150.0 
 47.901314878286115, -123.1547029135078, 33.846153846153854, 2020-10-13 10:42:30, 576399.8431051201, 150.0 
 47.90266691289445, -123.5454854511132, 60.0, 2020-10-13 10:47:30, 426779.8964449556, 300.0 
 47.88469763503585, -123.0610732024695, 33.87755102040816, 2020-10-13 10:50:00, 103723.4094698014, 300.0 
 47.84706394765503, -123.19011236072909, 34.69387755102041, 2020-10-13 10:52:30, 144779.15081452377, 150.0 
 47.87930674523101, -123.13140236888258, 23.846153846153843, 2020-10-13 10:57:30, 115588.61792975415, 300.0 
 47.78039528023535, -123.2165772255656, 20.0, 2020-10-13 11:05:00, 142402.739260243, 300.0 
 47.8953339840709, -123.0943897481655, 34.61538461538461, 2020-10-13 11:07:30, 183965.73351713605, 150.0 
 47.85466110341167, -123.16981231102659, 32.30769230769231, 2020-10-13 11:10:00, 185471.9343534068, 150.0 
 47.91482504863416, -123.15072774724354, 20.0, 2020-10-13 11:15:00, 368786.4689397723, 300.0 
 47.63490747064979, -123.3345622030774, 20.0, 2020-10-13 11:30:00, 219685.78909886273, 300.0 
 47.76455997669331, -123.27782728508225, 55.17241379310345, 2020-10-13 12:02:30, 164658.2523802661, 300.0 
 47.800165451043505, -123.30939382303659, 45.38461538461539, 2020-10-13 12:05:00, 119853.28075177559, 150.0 
 47.81470379806199, -123.23960342377748, 60.0, 2020-10-13 12:07:30, 33934.939311916045, 150.0 
 47.889588130946414, -123.21297292731398, 44.489795918367335, 2020-10-13 12:12:30, 128948.2445464487, 150.0 
 47.8935033629575, -123.37040879807252, 20.0, 2020-10-13 12:15:00, 170035.8545229199, 150.0 
 47.84386515008261, -123.32864771135706, 22.06896551724138, 2020-10-13 12:17:30, 211715.14730786782, 150.0 
 47.75093393603798, -123.4601652715795, 34.69387755102041, 2020-10-13 12:20:00, 231632.49884220943, 150.0 
 47.79917208770323, -123.29052064162916, 32.30769230769231, 2020-10-13 12:27:30, 224893.02007938325, 300.0 
 47.658459319533264, -123.4495873877557, 23.448275862068968, 2020-10-13 12:35:00, 183549.17014947179, 300.0 
 47.880950808790956, -123.34317817713983, 22.068965517241377, 2020-10-13 12:37:30, 217286.3418916413, 300.0 
 47.95101243288624, -123.15539703439171, 20.0, 2020-10-13 12:40:00, 256291.7970827262, 150.0 
 47.78460244469084, -123.36027512995176, 24.61538461538462, 2020-10-13 12:57:30, 164203.0797865911, 300.0 
 47.60090822142091, -123.6120705585612, 60.0, 2020-10-13 13:00:00, 144435.59671737062, 300.0 
 47.71270543101214, -123.6293423653006, 60.0, 2020-10-13 13:02:30, 228718.35567679146, 150.0 
 48.00211796240788, -123.21478504214156, 45.38461538461538, 2020-10-13 13:05:00, 318547.49043140555, 300.0 
 47.80059260596776, -123.3112138033087, 28.965517241379313, 2020-10-13 13:35:00, 128133.42711124524, 300.0 
 47.88735437093563, -123.19470926504067, 20.0, 2020-10-13 13:40:00, 361873.9682685806, 300.0 
 48.00171906817222, -123.17502700941303, 26.206896551724135, 2020-10-13 13:47:30, 226495.2851756103, 300.0 
 48.06122297295569, -123.05667194961865, 29.655172413793096, 2020-10-13 14:00:00, 325484.44075354835, 300.0 
 47.818832875658124, -123.33035612902754, 20.0, 2020-10-13 14:02:30, 55442.583267886585, 300.0 
 47.90845836691939, -123.17041792730052, 20.0, 2020-10-13 14:05:00, 44028.798234384434, 150.0 
 47.92264711239142, -123.11389235185754, 20.0, 2020-10-13 14:07:30, 233708.52631547584, 150.0 
 47.86984890385857, -123.43981455123215, 24.827586206896548, 2020-10-13 14:10:00, 574565.7899616319, 300.0 
 47.88918959906439, -123.21420256251348, 29.230769230769234, 2020-10-13 14:12:30, 99330.05525720434, 150.0 
 47.80099207142933, -123.30998685411352, 20.0, 2020-10-13 14:17:30, 693292.3730671131, 300.0 
 47.80797694311624, -123.3104569120255, 40.40816326530613, 2020-10-13 14:20:00, 113694.09544411396, 150.0 
 47.93848318920503, -123.50155069459335, 25.517241379310345, 2020-10-13 14:40:00, 95653.95245142275, 300.0 
 47.76205758460557, -123.41368679217811, 20.76923076923077, 2020-10-13 14:50:00, 197680.17358746685, 300.0 
 47.72527992106663, -123.38574671172248, 26.89655172413793, 2020-10-13 14:52:30, 228864.3647910654, 150.0 
 47.853626706198526, -123.27354641384606, 60.0, 2020-10-13 14:55:00, 338832.49864481937, 150.0 
 47.793264064492284, -123.3180635728261, 20.0, 2020-10-13 14:57:30, 80123.79609064202, 150.0 
 47.88842257190882, -123.21971355248102, 26.896551724137936, 2020-10-13 15:32:30, 264863.1753510125, 300.0 
 47.88842257190882, -123.21971355248102, 29.230769230769234, 2020-10-13 15:35:00, 135157.91216233975, 150.0 
 47.85463280131852, -123.05327501023781, 56.55172413793103, 2020-10-13 15:40:00, 307625.30692810833, 300.0 
 47.817612825830885, -123.24320019028065, 20.0, 2020-10-13 15:42:30, 98093.09402827511, 150.0 
 47.89147922419414, -123.04320265899057, 60.0, 2020-10-13 16:07:30, 122699.8884996076, 300.0 
 47.98157950126612, -123.09536413048357, 37.142857142857146, 2020-10-13 16:10:00, 109687.81590011848, 150.0 
 47.27711694976513, -123.36804517012781, 20.0, 2020-10-13 17:07:30, 211636.30926165052, 300.0 
 47.341894697291146, -123.03332592855764, 43.673469387755105, 2020-10-13 17:12:30, 122898.4158313515, 150.0 
 47.20290453564146, -123.28989971171677, 60.0, 2020-10-13 17:52:30, 214264.2562379304, 300.0 
 47.85334188963171, -123.28697608797688, 20.0, 2020-10-13 17:55:00, 1269915.0682929142, 300.0 
 47.84919711485762, -123.3279336904919, 20.0, 2020-10-13 17:57:30, 606911.7347841912, 150.0 
 47.87785556439493, -123.36521008059282, 20.0, 2020-10-13 18:10:00, 164598.114229835, 300.0 
 47.88577055033032, -123.37849126305701, 20.0, 2020-10-13 18:40:00, 272014.68532236974, 300.0 
 47.8506147916452, -123.50176406403432, 29.23076923076923, 2020-10-13 18:42:30, 142124.97560583218, 150.0 
 47.934807779181156, -123.17714965744102, 20.0, 2020-10-13 18:52:30, 376984.2521462266, 300.0 
 47.796680697707934, -123.33262484147633, 20.0, 2020-10-13 18:57:30, 351969.3744141633, 300.0 
 47.769319926405274, -123.55973504716297, 60.0, 2020-10-13 19:02:30, 384948.39267921896, 300.0 
 47.819384059831314, -123.0962257701868, 33.84615384615384, 2020-10-13 19:15:00, 870827.7702737161, 300.0 
 47.79754989573163, -123.16683914634956, 20.000000000000004, 2020-10-13 19:17:30, 313712.8580180489, 150.0 
 47.985707328406605, -123.06039607938368, 36.326530612244895, 2020-10-13 19:35:00, 804740.7645863916, 300.0 
 47.84138476052583, -123.04384795272247, 22.75862068965517, 2020-10-13 19:37:30, 872667.0460147982, 150.0 
 48.04281964453273, -123.06326252424492, 20.0, 2020-10-13 19:40:00, 1380420.109095836, 150.0 
 47.85892664519416, -122.83411050370306, 20.0, 2020-10-13 19:42:30, 2422713.5410775463, 300.0 
 47.78553754159085, -123.23840091704156, 28.46153846153846, 2020-10-13 19:45:00, 3103566.317085965, 300.0 
 47.847462170690896, -123.18888345957137, 30.769230769230774, 2020-10-13 19:50:00, 3143429.1473883204, 300.0 
 47.93001034805963, -123.03733794449053, 33.84615384615384, 2020-10-13 19:55:00, 1214906.2081101346, 300.0 
 47.75149875013082, -123.04792909333474, 26.92307692307692, 2020-10-13 19:57:30, 1362458.360464214, 150.0 
 47.75392572003537, -123.1976673986592, 20.0, 2020-10-13 20:02:30, 1689014.1476148744, 300.0 
 47.67056323637115, -123.11865429263574, 60.0, 2020-10-13 20:05:00, 324126.73109921, 150.0 
 47.72726339511837, -122.9432410206978, 45.38461538461539, 2020-10-13 20:07:30, 567180.1962093047, 150.0 
 47.52094247738591, -123.10580857402763, 20.0, 2020-10-13 20:35:00, 575508.2473958724, 300.0 
 47.733491064053844, -123.20725271226218, 20.0, 2020-10-13 21:17:30, 356412.5032206788, 300.0 
 47.851598600845236, -123.11313832444888, 56.55172413793104, 2020-10-13 21:52:30, 1773547.4677222238, 300.0 
 47.944704915236485, -123.0296338149235, 34.69387755102041, 2020-10-13 22:07:30, 2152178.1063570813, 300.0 
 47.889708201655466, -123.22517998542669, 46.15384615384615, 2020-10-13 22:10:00, 1148091.141828296, 150.0 
 47.9633266836996, -123.15511074772265, 47.6923076923077, 2020-10-13 22:12:30, 1861266.166678673, 150.0 
 47.93918782432577, -123.04994181686169, 33.84615384615385, 2020-10-13 22:15:00, 656456.2954291366, 150.0 
 47.9181959817237, -123.24105470695591, 33.84615384615385, 2020-10-13 22:20:00, 4836035.482354763, 300.0 
 47.915286950116815, -123.23745107057239, 33.07692307692307, 2020-10-13 22:22:30, 1923249.4473967857, 150.0 
 47.75417161219834, -123.03020498888407, 45.30612244897959, 2020-10-13 22:27:30, 1055960.4357923097, 300.0 
 47.72450440959066, -123.39123760182713, 34.61538461538462, 2020-10-13 22:37:30, 516560.1200607449, 300.0 
 47.96229079467714, -123.2150417742323, 20.0, 2020-10-13 22:42:30, 910005.1342752515, 300.0 
 48.08192639488785, -123.36500415395201, 59.310344827586206, 2020-10-13 23:00:00, 1103962.1000961203, 300.0 
 47.59936910100495, -123.26543611018128, 26.20689655172414, 2020-10-13 23:05:00, 80449.98746058301, 300.0 
 47.632980323214525, -123.25926934624805, 20.0, 2020-10-13 23:07:30, 116788.13786171481, 150.0 
 47.92162099591146, -123.25564419898431, 32.30769230769231, 2020-10-13 23:12:30, 1609958.0337777762, 300.0 
 47.67662181539094, -123.22856317568773, 20.0, 2020-10-13 23:17:30, 471468.1671717774, 300.0 
 47.94711925940794, -123.02529451121084, 47.6923076923077, 2020-10-13 23:25:00, 1716044.528397162, 150.0 
 47.91666916072637, -123.170229450021, 20.0, 2020-10-13 23:32:30, 1035567.6379037373, 300.0 
 47.45282815931552, -123.14920504429944, 46.15384615384616, 2020-10-13 23:37:30, 3227827.7978849756, 300.0 
 47.485251289302525, -123.22782209760076, 60.0, 2020-10-13 23:40:00, 767671.7106245797, 150.0 
 47.63796027866471, -122.96144288174479, 35.51020408163265, 2020-10-13 23:55:00, 328250.4083991822, 300.0 
 47.370462474177174, -123.29758088366913, 60.0, 2020-10-13 00:05:00, 770143.8235445295, 300.0 
 47.0473045750888, -123.0789295659489, 20.0, 2020-10-13 00:07:30, 315682.59601620445, 300.0 
 47.06047269155491, -123.06902470640348, 20.0, 2020-10-13 00:22:30, 263796.24820192676, 300.0 
 47.1806075081743, -123.28443708194274, 60.0, 2020-10-13 00:25:00, 103829.35266612766, 150.0 
 47.23178613171841, -122.96411601264448, 20.000000000000004, 2020-10-13 00:27:30, 179837.0330118974, 300.0 
 47.22600848625144, -123.03525705883709, 21.379310344827587, 2020-10-13 00:30:00, 248347.12356857455, 150.0 
 46.97074264463059, -122.86987453893988, 20.0, 2020-10-13 00:32:30, 355301.08324126207, 300.0 
 47.152171268102386, -122.95237084728527, 59.310344827586206, 2020-10-13 00:35:00, 108114.8920837336, 150.0 
 46.675468311288185, -122.84663563514485, 56.55172413793103, 2020-10-13 00:37:30, 156590.64339324852, 300.0 
 47.231898774947666, -122.8318989195268, 58.620689655172406, 2020-10-13 00:40:00, 188124.6146569077, 300.0 
 47.27020012464735, -123.0327015592128, 60.0, 2020-10-13 00:45:00, 193819.92058984475, 300.0 
 47.63205445873918, -122.97865183551296, 60.0, 2020-10-13 00:47:30, 441342.7029310731, 300.0 
 47.068832102396456, -123.09647094962214, 32.30769230769231, 2020-10-13 01:02:30, 126459.70788852671, 300.0 
 46.89536032912892, -122.99668360693448, 28.96551724137931, 2020-10-13 01:05:00, 145274.66666461795, 300.0 
 46.933691701471005, -123.00581787059814, 20.0, 2020-10-13 01:07:30, 187412.00042038783, 300.0 
 47.024556830667116, -122.819399049098, 20.0, 2020-10-13 01:10:00, 186480.90228034457, 300.0 
 46.96399442734754, -122.7499887508757, 20.0, 2020-10-13 01:12:30, 170703.8213366698, 300.0 
 47.099344512992765, -122.74045787624152, 60.0, 2020-10-13 01:20:00, 482181.8323071654, 300.0 
 46.83571863703056, -122.59919199564851, 60.0, 2020-10-13 01:25:00, 390312.82301335316, 300.0 
 46.73905286717635, -122.70876715035597, 31.538461538461537, 2020-10-13 01:35:00, 223017.01679576418, 300.0 
 46.75417182154692, -122.69359463627133, 34.61538461538461, 2020-10-13 01:37:30, 109392.58742083755, 150.0 
 47.582877251070016, -123.38033158857237, 22.75862068965517, 2020-10-13 01:42:30, 104933.16561948175, 300.0 
 47.97849779843088, -123.01047087079519, 44.48979591836734, 2020-10-13 01:45:00, 360020.3461455584, 300.0 
 47.79403424337703, -122.93855344580211, 32.30769230769231, 2020-10-13 01:47:30, 113177.948399299, 150.0 
 47.44928268864809, -123.09846087854574, 58.62068965517241, 2020-10-13 01:57:30, 25424.111416306874, 150.0 
 46.60707321442649, -122.72917284158285, 46.12244897959184, 2020-10-13 02:02:30, 70963.09772865567, 300.0 
 47.41322608321557, -123.01349743573519, 44.489795918367335, 2020-10-13 02:10:00, 62746.890689017266, 150.0 
 47.14890942055832, -122.96967971864379, 60.00000000000001, 2020-10-13 02:20:00, 205428.1705899006, 300.0 
 47.7548509741539, -123.17457037281255, 53.79310344827586, 2020-10-13 02:35:00, 64359.49692879087, 300.0 
 47.45663596748907, -123.18838503903227, 20.0, 2020-10-13 02:37:30, 124271.7574360577, 300.0 
 46.967485323659986, -123.13417611350422, 60.0, 2020-10-13 02:40:00, 84114.55929585746, 300.0 
 47.102847254561325, -123.00446830651661, 33.07692307692308, 2020-10-13 02:45:00, 167411.63935226915, 300.0 
 47.4814966335063, -123.24565406154274, 20.0, 2020-10-13 02:50:00, 40922.38445308226, 300.0 
 47.51322948888496, -123.08097008121642, 20.0, 2020-10-13 03:00:00, 70735.3192314255, 300.0 
 46.64580330140974, -122.85552788329909, 43.07692307692308, 2020-10-13 03:02:30, 102970.75137978501, 300.0 
 47.13918171522555, -123.01890386265792, 60.0, 2020-10-13 03:10:00, 134532.5159719297, 300.0 
 47.281074075478514, -122.94426568855877, 60.0, 2020-10-13 03:12:30, 189221.70452846654, 300.0 
 46.8503679062897, -122.99518130135127, 60.0, 2020-10-13 03:17:30, 129645.86619765202, 300.0 
 47.064916008650464, -123.0128176921305, 60.0, 2020-10-13 03:22:30, 133705.49895197045, 300.0 
 47.24177444276897, -123.09160535443573, 20.0, 2020-10-13 03:30:00, 130059.08372049383, 300.0 
 47.16971913408814, -122.94942771025076, 20.0, 2020-10-13 03:32:30, 273110.08494930464, 300.0 
 47.24138190327491, -122.88645048294678, 24.82758620689655, 2020-10-13 03:35:00, 108536.4991702064, 150.0 
 46.988582388824604, -123.19467088943183, 20.0, 2020-10-13 03:40:00, 90965.37768633278, 300.0 
 47.1518336615859, -123.34982876210185, 34.69387755102041, 2020-10-13 03:42:30, 38606.67867373084, 150.0 
 47.41946911136447, -123.23056654070984, 23.076923076923077, 2020-10-13 03:45:00, 80538.07187103179, 300.0 
 47.31508706794793, -123.30455037732654, 24.827586206896548, 2020-10-13 03:47:30, 57071.48429207961, 150.0 
 47.021654143437594, -122.82460026356053, 59.99999999999999, 2020-10-13 03:52:30, 116550.28059055594, 300.0 
 47.09982572945304, -122.82257991625713, 45.306122448979586, 2020-10-13 03:55:00, 168064.37050237635, 300.0 
 46.89426507861256, -123.1239954237622, 33.06122448979592, 2020-10-13 03:57:30, 95139.60599716859, 300.0 
 46.91430711090009, -123.00861277086412, 20.0, 2020-10-13 04:00:00, 109152.66868150116, 300.0 
 47.311629470548766, -123.38270234095023, 42.85714285714286, 2020-10-13 04:12:30, 488136.0133085143, 300.0 
 46.85051739333716, -122.89605472623231, 19.999999999999996, 2020-10-13 04:27:30, 109937.70397030689, 300.0 
 46.809746101630545, -123.12247738680696, 31.53846153846154, 2020-10-13 04:30:00, 112872.3851777683, 150.0 
 46.78327769593578, -122.99496521210959, 20.0, 2020-10-13 04:40:00, 158148.8277158404, 300.0 
 46.919717655782435, -122.94993335136914, 26.206896551724142, 2020-10-13 04:47:30, 189667.4024387286, 300.0 
 46.82930725337905, -122.992513354662, 20.0, 2020-10-13 05:05:00, 229009.73975587182, 300.0 
 46.578737119282934, -122.91813355294153, 28.96551724137931, 2020-10-13 05:07:30, 79699.03654109224, 300.0 
 46.607288948952124, -122.97856956382611, 29.655172413793103, 2020-10-13 05:10:00, 126836.28923280574, 150.0 
 46.69925384583475, -123.18740918069855, 60.0, 2020-10-13 05:12:30, 116170.3530638449, 150.0 
 46.82847256265823, -123.02058362494662, 20.0, 2020-10-13 05:17:30, 179274.83099122555, 300.0 
 46.46247511337319, -123.31806872157593, 60.00000000000001, 2020-10-13 05:25:00, 404528.4075051492, 300.0 
 46.617463408709284, -122.5110507451684, 58.62068965517241, 2020-10-13 05:30:00, 150743.84536404023, 150.0 
 46.920732533958365, -122.81854093986159, 60.0, 2020-10-13 05:32:30, 149137.29697256733, 300.0 
 46.422277637175455, -123.28207752017575, 20.0, 2020-10-13 05:40:00, 368830.8552835892, 300.0 
 46.79662646318749, -122.94762609851716, 20.0, 2020-10-13 05:42:30, 182669.24622968448, 300.0 
 47.113102721558704, -122.77491819312279, 48.46153846153846, 2020-10-13 05:50:00, 672205.3028890776, 300.0 
 47.01697262569381, -123.10921586771255, 60.0, 2020-10-13 05:52:30, 261558.9500859147, 300.0 
 46.56494851192151, -122.65611376176096, 34.61538461538461, 2020-10-13 05:57:30, 408728.05593997723, 300.0 
 46.921563595582235, -123.0426113084319, 31.538461538461544, 2020-10-13 06:00:00, 311862.9341703785, 300.0 
 46.93034067772058, -122.73728250172239, 57.93103448275862, 2020-10-13 06:05:00, 373668.97168080107, 300.0 
 46.982784412552064, -122.86657958499066, 60.0, 2020-10-13 06:07:30, 182407.58845015016, 150.0 
 46.90832325812932, -122.99348013614997, 56.55172413793104, 2020-10-13 06:10:00, 119160.56261510361, 150.0 
 46.87330109584067, -122.87064785888072, 60.0, 2020-10-13 06:12:30, 94920.22582479448, 150.0 
 46.34003012543592, -122.90884913904665, 20.0, 2020-10-13 06:25:00, 188870.80733300964, 300.0 
 46.79235090893667, -122.93665433545962, 33.07692307692308, 2020-10-13 06:27:30, 183270.66641195372, 300.0 
 46.746699986773805, -122.98864890452273, 20.0, 2020-10-13 06:30:00, 94361.02392316122, 150.0 
 47.35955458032582, -123.08715479516209, 60.0, 2020-10-13 06:32:30, 210648.38751456523, 300.0 
 47.32380914353125, -122.99155057698398, 60.0, 2020-10-13 06:35:00, 96993.84767955428, 150.0 
 46.931203674484614, -122.67159876044568, 60.0, 2020-10-13 06:37:30, 291739.6944689981, 300.0 
 46.87712392716237, -122.86551937579674, 60.0, 2020-10-13 06:47:30, 399630.4899985389, 300.0 
 46.60870709499793, -122.66925881915095, 37.95918367346939, 2020-10-13 06:55:00, 104349.1168378459, 150.0 
 46.69748833475711, -122.84796196104992, 39.59183673469388, 2020-10-13 07:02:30, 193847.19825443858, 300.0 
 46.5420974253676, -122.78534861028047, 26.89655172413793, 2020-10-13 07:15:00, 142244.66644706385, 300.0 
 47.273329934510855, -123.08151737327923, 20.0, 2020-10-13 07:20:00, 308290.60360427847, 300.0 
 46.95958006759234, -122.87456369687044, 20.0, 2020-10-13 07:22:30, 516925.1164074745, 300.0 
 46.84958304149821, -122.92814840515967, 19.999999999999996, 2020-10-13 07:25:00, 89926.1121117606, 150.0 
 46.976187835094855, -122.93600276830634, 33.07692307692308, 2020-10-13 07:35:00, 333060.2198448576, 300.0 
 47.04356728230705, -122.95767638249168, 34.61538461538461, 2020-10-13 07:37:30, 120656.16018301818, 150.0 
 46.95852579977007, -123.06646159332516, 33.06122448979591, 2020-10-13 07:40:00, 110256.67934269841, 300.0 
 47.965626773538276, -123.13415762865523, 20.0, 2020-10-13 07:50:00, 733726.4728134176, 150.0 
 46.95587198883333, -122.87567962113009, 33.846153846153854, 2020-10-13 07:52:30, 601295.3429006517, 300.0 
 47.18813420776515, -122.88452410458908, 60.0, 2020-10-13 07:55:00, 363950.0281712122, 300.0 
 47.136759264460395, -122.88136952642843, 33.87755102040817, 2020-10-13 08:00:00, 594996.451688054, 300.0 
 46.82247054437124, -122.9438781888422, 35.38461538461539, 2020-10-13 08:02:30, 314814.6482536173, 300.0 
 46.844332971659405, -122.9505956367696, 20.0, 2020-10-13 08:10:00, 384091.0070819385, 300.0 
 47.0180366632289, -122.95070189780543, 60.0, 2020-10-13 08:12:30, 492428.310308433, 300.0 
 46.92276102348664, -122.9715872637075, 60.0, 2020-10-13 08:15:00, 115093.29973907855, 150.0 
 46.800698366491666, -123.05763486553741, 36.326530612244895, 2020-10-13 08:20:00, 141160.31741943638, 300.0 
 46.607008437313624, -123.10925827916486, 22.758620689655174, 2020-10-13 08:30:00, 118665.1952364144, 300.0 
 46.46114196885392, -123.09980917338598, 24.82758620689655, 2020-10-13 08:35:00, 135818.5826740397, 300.0 
 46.88507507689463, -122.87672640820436, 20.0, 2020-10-13 08:50:00, 240667.83371911204, 300.0 
 47.100893682533965, -122.8172607839503, 34.69387755102041, 2020-10-13 08:55:00, 1202628.9729014365, 300.0 
 46.813250398630935, -123.128062462252, 20.0, 2020-10-13 09:00:00, 133050.39922714687, 300.0 
 47.60963777831438, -123.48826950965105, 45.38461538461538, 2020-10-13 09:05:00, 737087.8783359336, 300.0 
 46.8238353488305, -123.05242665286872, 20.0, 2020-10-13 09:12:30, 269176.43464164395, 300.0 
 47.152618112568305, -122.96856611652439, 58.62068965517241, 2020-10-13 09:15:00, 691758.8176128946, 300.0 
 47.13761080758713, -122.94741753993569, 60.0, 2020-10-13 09:17:30, 158698.69846779163, 150.0 
 46.841268760307706, -122.96112061876988, 20.000000000000004, 2020-10-13 09:22:30, 400784.4583072089, 300.0 
 46.763343086333066, -122.92281924955486, 20.0, 2020-10-13 09:25:00, 131827.8781080341, 150.0 
 47.1054537058038, -123.13117259469266, 24.827586206896555, 2020-10-13 09:35:00, 356072.0121007022, 300.0 
 47.533825533245135, -123.03753726036203, 60.0, 2020-10-13 09:40:00, 1483499.2940315292, 300.0 
 47.10446738221257, -122.9493828218661, 57.24137931034483, 2020-10-13 09:42:30, 304045.88560717175, 300.0 
 47.05023819676688, -123.01188270505676, 33.87755102040817, 2020-10-13 09:57:30, 257193.6805711879, 300.0 
 46.97513330326497, -123.00307754290449, 20.0, 2020-10-13 10:00:00, 180924.133660126, 150.0 
 47.15413678325636, -123.04141797204373, 56.55172413793104, 2020-10-13 10:05:00, 254317.9752939769, 300.0 
 47.20190712672992, -122.68581033576751, 60.0, 2020-10-13 10:07:30, 234119.30810375483, 300.0 
 47.23520579790846, -122.94139258419756, 60.0, 2020-10-13 10:10:00, 107745.90585529199, 150.0 
 46.96308779259238, -123.0063413228852, 40.40816326530612, 2020-10-13 10:40:00, 359519.6660605084, 300.0 
 46.93555141039823, -123.06631972301511, 60.0, 2020-10-13 10:42:30, 128769.6580425608, 150.0 
 47.27266063798118, -122.94913936690632, 22.75862068965517, 2020-10-13 11:07:30, 1762170.0505807495, 300.0 
 47.8838858974149, -123.45113810871858, 20.0, 2020-10-13 11:17:30, 39457.48489931372, 150.0 
 47.82920475611464, -123.51948957549621, 48.46153846153846, 2020-10-13 12:10:00, 66166.08269342476, 150.0 
 47.687843681938865, -123.45862847578658, 29.230769230769226, 2020-10-13 12:42:30, 243330.56933207175, 300.0 
 47.30696271791573, -123.18371118017875, 33.07692307692308, 2020-10-13 17:10:00, 130429.69292188146, 150.0 
 47.2122986362106, -123.09372422165184, 20.0, 2020-10-13 17:17:30, 192974.773102363, 300.0 
 47.40249202207443, -123.24429991011841, 20.0, 2020-10-13 17:40:00, 69849.2063250748, 300.0 
 47.54241293425062, -123.23762499828368, 20.0, 2020-10-13 22:22:30, 1869476.1315277661, 300.0 
 47.9724552296136, -123.21125839041161, 20.0, 2020-10-13 23:22:30, 641781.5177878621, 300.0 
 47.554721291256726, -123.04567946264225, 60.0, 2020-10-13 23:27:30, 961682.7191302541, 300.0 
 47.75675390345262, -123.45957868654695, 20.0, 2020-10-13 23:30:00, 1250153.936213537, 300.0 
 46.77481720765609, -122.85879780729356, 43.673469387755105, 2020-10-13 01:22:30, 270134.71606319386, 300.0 
 46.675761725652585, -122.85024354671764, 34.61538461538462, 2020-10-13 01:55:00, 57764.81663825884, 300.0 
 46.63421823350746, -122.67683520115706, 45.38461538461538, 2020-10-13 02:05:00, 48722.844317062656, 150.0 
 46.460320066711276, -122.72935547799202, 20.0, 2020-10-13 02:07:30, 16130.913886927905, 150.0 
 46.54107636555344, -122.8179124499746, 20.0, 2020-10-13 02:10:00, 20289.734772204098, 150.0 
 46.51893770240299, -122.71220275471566, 35.38461538461539, 2020-10-13 02:25:00, 68599.76757969464, 300.0 
 46.55390136392222, -122.7481659090428, 56.551724137931025, 2020-10-13 02:27:30, 17017.578743681595, 150.0 
 46.55378499822692, -123.07196579621578, 33.87755102040816, 2020-10-13 03:17:30, 56943.41554042482, 300.0 
 46.62084975590461, -123.0158590878077, 20.000000000000004, 2020-10-13 03:20:00, 41204.75281418046, 150.0 
 46.776321104447725, -123.06757223786414, 56.55172413793103, 2020-10-13 03:22:30, 37933.53368059201, 150.0 
 46.77618421319407, -122.99072245965084, 46.92307692307693, 2020-10-13 03:25:00, 54492.91295520997, 150.0 
 46.48490774667358, -122.90021941618905, 20.0, 2020-10-13 03:27:30, 65850.6555641727, 300.0 
 46.70650654887831, -122.92091063177213, 60.00000000000001, 2020-10-13 03:37:30, 95186.27170458013, 300.0 
 46.60550726311121, -122.94087944282579, 60.0, 2020-10-13 03:57:30, 60004.46078252902, 300.0 
 46.83631678599169, -122.96130892497963, 41.22448979591837, 2020-10-13 04:32:30, 86777.43770277158, 150.0 
 46.6650784363722, -123.0731353620194, 20.0, 2020-10-13 04:50:00, 127906.7047019348, 300.0 
 46.59639629436814, -123.09189031433019, 20.0, 2020-10-13 05:15:00, 59296.52045142265, 150.0 
 46.64405135365521, -122.74080688104408, 43.84615384615385, 2020-10-13 05:27:30, 227816.532428187, 300.0 
 46.441001970660444, -122.83782845810116, 21.379310344827587, 2020-10-13 05:30:00, 193527.87810792003, 300.0 
 46.50918761020263, -123.08064113572107, 60.0, 2020-10-13 05:42:30, 91618.81931913602, 300.0 
 46.620975887808044, -122.93782488194068, 20.0, 2020-10-13 05:45:00, 61067.2232198023, 150.0 
 46.68371661964997, -123.01429452968075, 28.27586206896552, 2020-10-13 05:50:00, 178702.36494144172, 300.0 
 46.460329662519385, -122.96408423260962, 24.137931034482758, 2020-10-13 05:57:30, 112551.25513063614, 300.0 
 46.727799234595025, -123.25219121631206, 20.0, 2020-10-13 06:02:30, 146640.2932717531, 300.0 
 46.7992818237127, -123.0414941103112, 20.0, 2020-10-13 06:35:00, 111530.36098017456, 300.0 
 46.55344503687583, -123.14858345919026, 20.0, 2020-10-13 06:37:30, 105199.81998556083, 300.0 
 46.570157647219155, -122.55129737850856, 44.61538461538461, 2020-10-13 06:52:30, 75141.06988190641, 300.0 
 46.48768570116842, -122.82183657448886, 32.30769230769231, 2020-10-13 06:57:30, 58222.13716399539, 150.0 
 46.44715647133771, -122.82453650631523, 33.07692307692308, 2020-10-13 07:00:00, 75634.43270413317, 150.0 
 46.564415867378074, -122.70304084058753, 60.0, 2020-10-13 07:27:30, 75009.33578113947, 300.0 
 46.58100788468407, -122.76020037235683, 60.0, 2020-10-13 07:30:00, 20152.317113791145, 150.0 
 46.52017541417487, -123.08924369862223, 20.0, 2020-10-13 07:40:00, 37972.16921663391, 300.0 
 46.58478171965272, -122.95706331576572, 21.37931034482759, 2020-10-13 08:07:30, 124980.88664180567, 300.0 
 46.72712436222302, -123.03271974322857, 19.999999999999996, 2020-10-13 08:12:30, 89253.65511115165, 150.0 
 46.57016696251952, -123.33204470964088, 20.0, 2020-10-13 08:15:00, 97881.0815997652, 300.0 
 46.5234535461896, -122.67234004088341, 33.87755102040816, 2020-10-13 08:17:30, 113844.80851770157, 300.0 
 46.722259165288115, -123.11046912704326, 26.89655172413793, 2020-10-13 08:50:00, 144988.36711528164, 300.0 
 46.65020993611487, -122.80553017769425, 50.34482758620689, 2020-10-13 09:52:30, 280885.82762301934, 300.0 
 47.859849220780575, -123.58886164010826, 60.0, 2020-10-14 00:12:30, 319039.52151786425, 300.0 
 47.780662019540316, -123.53763174838345, 60.0, 2020-10-14 01:02:30, 230285.09451709525, 300.0 
 47.95381063342757, -123.27268941780879, 49.23076923076923, 2020-10-14 01:07:30, 243218.46595339716, 300.0 
 47.89009362393392, -123.35582246013158, 34.69387755102041, 2020-10-14 01:10:00, 90452.29117794576, 150.0 
 47.88029416961754, -123.41094652139233, 44.61538461538461, 2020-10-14 01:12:30, 107407.30722924075, 150.0 
 47.82849049835232, -123.56615056143394, 43.84615384615385, 2020-10-14 01:15:00, 216873.27669446252, 150.0 
 47.7851569408998, -123.81232296045818, 44.61538461538461, 2020-10-14 01:17:30, 116434.33625422973, 150.0 
 48.00566478428676, -123.24162691290016, 60.0, 2020-10-14 01:30:00, 322869.18115107424, 300.0 
 47.80385555380272, -123.62868844339098, 60.0, 2020-10-14 01:37:30, 202383.61778894943, 300.0 
 47.30948339442915, -122.96711119330377, 20.0, 2020-10-14 03:12:30, 168785.6721781754, 300.0 
 47.1737103351757, -123.08691906805508, 60.0, 2020-10-14 03:40:00, 252782.18855553263, 300.0 
 47.23814276043933, -123.19813173479062, 38.775510204081634, 2020-10-14 04:27:30, 283549.5074353881, 300.0 
 47.100316030835025, -123.17408495663629, 30.0, 2020-10-14 04:30:00, 171995.29362767984, 150.0 
 47.32305699845941, -123.03802021616393, 46.15384615384615, 2020-10-14 04:42:30, 324871.85538253287, 300.0 
 47.92935590046605, -123.38561807494933, 20.0, 2020-10-14 04:57:30, 191227.59260093572, 300.0 
 47.97168515977202, -123.29616727372925, 34.69387755102041, 2020-10-14 05:00:00, 109984.2942204886, 150.0 
 47.93869278861503, -123.37261602421815, 36.326530612244895, 2020-10-14 05:02:30, 168825.92874780588, 150.0 
 47.838002701247454, -123.36231032699693, 20.0, 2020-10-14 05:05:00, 94297.95064786807, 150.0 
 48.072850750158494, -123.5747023038673, 55.86206896551724, 2020-10-14 05:07:30, 379079.7551032616, 300.0 
 47.94433671741251, -123.18549239686519, 29.23076923076923, 2020-10-14 05:10:00, 241613.54256755096, 300.0 
 47.76521426053577, -123.30400451593584, 60.0, 2020-10-14 05:20:00, 296496.2891985864, 300.0 
 48.01774992331613, -123.39927177558555, 36.326530612244895, 2020-10-14 05:25:00, 313646.4917644119, 300.0 
 47.94487579987513, -123.32849202202445, 20.0, 2020-10-14 05:30:00, 474534.84660529345, 300.0 
 47.9243913377485, -123.28796789288657, 20.0, 2020-10-14 05:32:30, 168405.37415439275, 150.0 
 47.91158043794166, -123.23630769395882, 20.0, 2020-10-14 05:35:00, 177131.4516946585, 150.0 
 47.271311236444895, -123.00311177483793, 51.03448275862069, 2020-10-14 08:15:00, 250971.9544291102, 300.0 
 47.16870169579607, -123.155089507036, 22.06896551724138, 2020-10-14 09:05:00, 217976.24896946305, 300.0 
 47.27260505576297, -123.15513591614786, 44.61538461538462, 2020-10-14 09:47:30, 57367.36386778486, 300.0 
 47.17546565896182, -122.77779411305754, 20.0, 2020-10-14 09:55:00, 150573.895462831, 300.0 
 47.37172627011326, -123.29433209881634, 20.0, 2020-10-14 10:07:30, 142130.70550971772, 300.0 
 47.4073128369035, -122.84414864204992, 20.0, 2020-10-14 10:12:30, 145999.05851288, 300.0 
 47.468948838290714, -123.24028554100701, 32.30769230769231, 2020-10-14 10:15:00, 100959.40787693365, 300.0 
 47.43358033404692, -122.93902506032879, 46.15384615384615, 2020-10-14 10:17:30, 62516.8633721578, 300.0 
 47.314948785377936, -123.32748003098966, 53.10344827586207, 2020-10-14 10:22:30, 606340.9567322908, 300.0 
 47.30628308421958, -123.23587488841181, 23.448275862068964, 2020-10-14 10:30:00, 143264.3227676732, 300.0 
 47.20091064984207, -123.1718327260757, 42.04081632653061, 2020-10-14 10:32:30, 202604.71351896634, 300.0 
 47.23842673959688, -122.90083759950132, 37.142857142857146, 2020-10-14 10:40:00, 141768.3870049156, 300.0 
 47.146230896645854, -123.01835457072931, 20.0, 2020-10-14 10:55:00, 217268.59549400595, 300.0 
 47.271379658272366, -123.15576748896295, 20.0, 2020-10-14 11:00:00, 56580.51445831644, 150.0 
 47.29157417567054, -123.16255103413769, 20.0, 2020-10-14 11:02:30, 121450.88990966571, 300.0 
 47.36141720310451, -123.12651914956265, 20.0, 2020-10-14 11:05:00, 92699.35516982715, 150.0 
 47.40114111863435, -123.15462431389574, 20.0, 2020-10-14 11:10:00, 478204.2179655732, 300.0 
 47.42710794940507, -123.12498253556927, 20.0, 2020-10-14 11:12:30, 181075.37896553415, 150.0 
 47.4347716168992, -123.03885680720714, 20.0, 2020-10-14 11:15:00, 653311.3845312063, 300.0 
 47.3046740768153, -123.4731802405392, 34.69387755102041, 2020-10-14 11:17:30, 567612.9089019244, 300.0 
 47.30711011099669, -123.23646151836225, 46.15384615384615, 2020-10-14 11:30:00, 94644.02837352631, 300.0 
 47.390662323234665, -122.7381791451005, 28.461538461538467, 2020-10-14 11:37:30, 563681.9617934525, 300.0 
 47.55517032830966, -122.97517072960568, 59.99999999999999, 2020-10-14 11:57:30, 84958.52337288593, 300.0 
 47.26440518740376, -123.27960331571427, 23.846153846153843, 2020-10-14 12:10:00, 637007.752385252, 300.0 
 47.27137965827237, -123.15576748896297, 26.20689655172414, 2020-10-14 12:12:30, 137490.45800001544, 150.0 
 47.408993537203756, -122.97719242928252, 20.0, 2020-10-14 12:17:30, 198374.23049665173, 300.0 
 47.39305878421333, -122.8850749827549, 20.0, 2020-10-14 12:20:00, 438436.664376452, 300.0 
 47.54831607615282, -122.854643233877, 20.0, 2020-10-14 12:47:30, 621695.270696903, 300.0 
 47.31430303557625, -122.89270164209165, 26.89655172413793, 2020-10-14 12:57:30, 382337.7840734337, 300.0 
 47.583609044429494, -122.73223122878433, 20.0, 2020-10-14 14:02:30, 325998.74343524524, 300.0 
 47.34014846613743, -122.92280270636458, 30.769230769230774, 2020-10-14 14:20:00, 608906.9866185151, 300.0 
 47.43305363432351, -122.7737993591372, 20.689655172413794, 2020-10-14 14:32:30, 177040.2871913688, 300.0 
 47.29381465890994, -122.89629374632105, 20.0, 2020-10-14 14:37:30, 123606.87310095754, 150.0 
 47.51912096756576, -122.79060787562013, 20.0, 2020-10-14 14:42:30, 302745.6362565159, 300.0 
 47.50487540887695, -122.80011933672948, 20.0, 2020-10-14 14:55:00, 135612.943913672, 300.0 
 47.51432749694829, -122.95987759206346, 20.0, 2020-10-14 15:27:30, 168437.737014801, 300.0 
 47.80241079402762, -123.59579600376973, 42.85714285714286, 2020-10-14 19:55:00, 352622.6391462198, 300.0 
 47.78129942276406, -123.45780957757293, 44.61538461538461, 2020-10-14 19:57:30, 215573.38639027602, 150.0 
 47.92560502861569, -123.5378027137952, 60.0, 2020-10-14 20:02:30, 158099.58486180168, 300.0 
 47.877081626376, -123.37071835414277, 47.69230769230769, 2020-10-14 20:10:00, 321942.2056770959, 300.0 
 48.04761056632966, -123.16541221413495, 31.53846153846154, 2020-10-14 20:32:30, 337060.571281401, 300.0 
 47.88051151343648, -123.54766843449464, 20.0, 2020-10-14 20:37:30, 227897.32235287622, 300.0 
 47.852259134812, -123.62130522557887, 21.538461538461537, 2020-10-14 20:40:00, 120989.35034479752, 150.0 
 47.84461353652147, -123.36706400564663, 60.0, 2020-10-14 20:55:00, 172669.7968143725, 300.0 
 47.937351571227424, -123.18503731451953, 50.20408163265306, 2020-10-14 20:57:30, 128290.39839392279, 150.0 
 46.93257203142642, -123.04331696452729, 20.0, 2020-10-14 09:45:00, 106649.38998290857, 300.0 
 47.95490095353488, -123.34785418516019, 43.84615384615385, 2020-10-14 21:25:00, 291154.4980542931, 300.0 
 47.762556683252036, -123.42463966313122, 60.0, 2020-10-14 21:27:30, 261950.28044166797, 150.0 
 48.010484410030834, -123.18890256829295, 31.538461538461537, 2020-10-14 21:30:00, 523845.06840091525, 300.0 
 48.11501088739251, -123.17122354476402, 49.23076923076923, 2020-10-14 21:32:30, 564691.8138898296, 150.0 
 48.11898768169356, -123.24104161747226, 20.0, 2020-10-14 21:45:00, 424501.38319834444, 300.0 
 47.9864625593917, -123.20962431079181, 54.48275862068965, 2020-10-14 22:15:00, 139779.10994194835, 300.0 
 48.08228158873261, -123.06718063815063, 20.0, 2020-10-14 22:17:30, 207357.4291012316, 150.0 
 47.786681402951686, -123.36328211685648, 33.06122448979591, 2020-10-14 22:42:30, 243153.46250458577, 300.0 
 47.80142487240813, -123.45868628451868, 42.85714285714285, 2020-10-14 22:45:00, 230820.68844717697, 150.0 
 47.82529326454231, -123.41376748226624, 35.38461538461539, 2020-10-14 22:47:30, 297931.1941237568, 150.0 
 47.240356119577385, -123.06059254262172, 20.0, 2020-10-14 22:52:30, 100921.87934881596, 150.0 
 47.868573340836974, -123.43434474760741, 33.84615384615385, 2020-10-14 22:55:00, 405444.5826930521, 300.0 
 47.41227563649163, -123.1204906931375, 24.13793103448276, 2020-10-14 22:57:30, 535706.2338636687, 300.0 
 47.811173020412795, -123.30064048635464, 36.3265306122449, 2020-10-14 23:02:30, 340929.00792171975, 300.0 
 47.836961407797794, -123.33732078775759, 29.23076923076923, 2020-10-14 23:05:00, 176903.5599622497, 150.0 
 47.788386218945696, -123.37056124634647, 40.40816326530613, 2020-10-14 23:15:00, 423712.9947581058, 300.0 
 47.8243452714829, -123.26013109326159, 29.23076923076923, 2020-10-14 23:17:30, 170892.9888294178, 150.0 
 47.83009887613117, -123.39904505747286, 20.0, 2020-10-14 23:20:00, 294214.08752640267, 150.0 
 47.11838438707876, -123.2555038321884, 22.758620689655174, 2020-10-14 23:30:00, 1926688.4182333213, 300.0 
 47.24336462670389, -123.00141621532727, 22.06896551724138, 2020-10-14 23:32:30, 706012.6841912945, 150.0 
 47.886988261681346, -123.08238367147004, 47.69230769230769, 2020-10-14 23:37:30, 157944.81467462124, 300.0 
 47.529902147877095, -122.79816961224509, 60.0, 2020-10-14 23:40:00, 487140.57447910914, 300.0 
 47.27711530181738, -123.0790002797118, 26.20689655172414, 2020-10-14 23:42:30, 769682.5029159453, 300.0 
 47.31196873627985, -122.9688577776715, 20.0, 2020-10-14 23:47:30, 191080.4871752506, 150.0 
 47.26050010981404, -122.86101514542037, 20.0, 2020-10-14 23:52:30, 1536578.114024955, 300.0 
 47.106676499469884, -122.99932736665323, 20.0, 2020-10-14 03:15:00, 103866.71399004255, 150.0 
 47.26959420056104, -122.95974859966508, 46.92307692307693, 2020-10-14 03:20:00, 277251.3696602486, 300.0 
 46.914536631737455, -123.15215464120729, 20.0, 2020-10-14 03:22:30, 167144.75340704256, 300.0 
 47.036337303229296, -123.07687275793066, 30.0, 2020-10-14 03:45:00, 137976.05401133417, 300.0 
 47.27498312221311, -123.14779899899358, 31.53846153846154, 2020-10-14 04:12:30, 128347.08403463072, 300.0 
 47.14635789352829, -123.14599930165953, 20.0, 2020-10-14 04:17:30, 97691.22521810881, 300.0 
 47.37701402916497, -122.99493972586261, 60.0, 2020-10-14 04:30:00, 185324.4376979245, 300.0 
 46.383816143401916, -123.0735679343177, 20.0, 2020-10-14 05:52:30, 47010.71608431289, 300.0 
 46.55859238037949, -123.00883954775779, 20.0, 2020-10-14 05:57:30, 39885.0928505562, 150.0 
 46.47512345778359, -123.12333225944946, 58.62068965517241, 2020-10-14 06:12:30, 29962.516992276232, 300.0 
 46.433596857663474, -123.15786075236937, 60.0, 2020-10-14 06:15:00, 15260.91603341297, 150.0 
 47.174485464502695, -123.09799198157133, 43.673469387755105, 2020-10-14 07:55:00, 146483.11512684473, 300.0 
 47.15515338308687, -123.12906567733432, 41.224489795918366, 2020-10-14 07:57:30, 72105.38913323685, 150.0 
 46.96898225634495, -123.2041003654503, 46.93877551020408, 2020-10-14 08:10:00, 149605.87830047237, 300.0 
 46.94167642335647, -123.1365026837307, 34.61538461538461, 2020-10-14 08:15:00, 173229.72412712753, 300.0 
 46.77992572331802, -122.98405015823562, 20.0, 2020-10-14 08:22:30, 116857.84800171306, 300.0 
 47.064756326342724, -123.0181878934043, 20.0, 2020-10-14 08:27:30, 146568.64798632934, 300.0 
 47.09742160754101, -123.03238750363423, 33.07692307692308, 2020-10-14 08:30:00, 87034.38855454959, 150.0 
 47.13222118239234, -123.12755250924117, 33.07692307692307, 2020-10-14 08:32:30, 42716.752323114684, 150.0 
 47.075892926897424, -123.13594968196982, 34.69387755102041, 2020-10-14 08:35:00, 73955.22192317224, 150.0 
 47.059632643264024, -122.94254461942421, 60.0, 2020-10-14 09:02:30, 384005.04913242057, 300.0 
 46.776299045031955, -123.10423438470802, 34.69387755102041, 2020-10-14 09:10:00, 246380.51724867933, 300.0 
 47.23339084089692, -123.00334772534973, 20.0, 2020-10-14 09:12:30, 523302.5616440334, 300.0 
 47.04979096898877, -123.26467780906086, 20.0, 2020-10-14 09:15:00, 173308.57489282274, 300.0 
 47.00659032231499, -123.20662883738174, 43.67346938775509, 2020-10-14 09:17:30, 114497.36496336313, 150.0 
 47.063890182796996, -123.16744171345556, 33.84615384615384, 2020-10-14 09:20:00, 192824.9662032543, 300.0 
 47.050581649952775, -123.12217606872022, 35.51020408163265, 2020-10-14 09:22:30, 59154.001921170486, 150.0 
 46.91594851536094, -123.19517527783937, 20.0, 2020-10-14 09:25:00, 90811.10978723374, 150.0 
 46.86474842465303, -123.18639022395891, 20.0, 2020-10-14 09:27:30, 137160.09562400533, 150.0 
 46.86420145595439, -123.20377641948426, 34.69387755102041, 2020-10-14 09:30:00, 102703.72186633457, 150.0 
 47.10300704859446, -122.99909433121923, 37.95918367346938, 2020-10-14 09:35:00, 196407.88417688274, 300.0 
 46.99719027072942, -123.00313379716877, 33.84615384615385, 2020-10-14 09:37:30, 183139.0719812857, 300.0 
 47.022310505920984, -123.05445808845715, 60.0, 2020-10-14 09:40:00, 77100.3320260129, 150.0 
 46.95458878059146, -123.04472966366632, 46.15384615384615, 2020-10-14 09:42:30, 69311.61020050636, 150.0 
 47.0171952253163, -123.07159955340683, 20.0, 2020-10-14 09:47:30, 70961.30094139763, 300.0 
 47.140871271208646, -123.08501669492527, 20.0, 2020-10-14 09:50:00, 102969.92815111329, 150.0 
 46.92635259221855, -123.00535254255084, 60.0, 2020-10-14 09:52:30, 172334.39972967748, 300.0 
 46.88542807373187, -122.99069383641161, 20.0, 2020-10-14 09:57:30, 211508.54000100837, 300.0 
 47.18297108137249, -123.29673470841286, 60.0, 2020-10-14 10:02:30, 70896.33682968417, 300.0 
 47.14526466295425, -123.21059440823558, 60.0, 2020-10-14 10:05:00, 109496.02363107693, 300.0 
 46.87090872890802, -122.98441720352706, 20.0, 2020-10-14 10:07:30, 123563.58610165547, 300.0 
 47.02804064828121, -123.0776785776453, 34.61538461538461, 2020-10-14 10:10:00, 174721.93500786665, 300.0 
 46.87943022080507, -123.06806229168794, 20.0, 2020-10-14 10:12:30, 174724.56899898042, 300.0 
 47.29110426988877, -122.81792703213935, 60.0, 2020-10-14 10:32:30, 267494.88765823666, 300.0 
 46.97880283393268, -123.00331023121112, 20.0, 2020-10-14 10:37:30, 168585.77559489408, 300.0 
 46.90846114814647, -123.08066641392084, 56.55172413793104, 2020-10-14 10:40:00, 169126.5023218436, 300.0 
 47.05551534352193, -122.92615022814078, 20.0, 2020-10-14 10:50:00, 319445.83556647354, 300.0 
 46.637208324946386, -122.9924517128155, 60.0, 2020-10-14 10:52:30, 230327.9039202391, 300.0 
 47.22924490178986, -123.14071086085984, 44.61538461538461, 2020-10-14 10:57:30, 114906.01741536598, 150.0 
 47.34019125681157, -122.83711365360759, 20.0, 2020-10-14 11:00:00, 301109.0338595599, 300.0 
 47.518468968671506, -122.77065757649369, 42.04081632653061, 2020-10-14 11:02:30, 212476.85244769295, 150.0 
 47.33460437419816, -123.1517697465869, 60.0, 2020-10-14 11:07:30, 227426.46514055663, 150.0 
 47.14562084698305, -123.07993754232638, 60.0, 2020-10-14 11:15:00, 401363.70495865133, 300.0 
 47.3917190735792, -122.96339631825309, 60.0, 2020-10-14 11:17:30, 543552.7131608914, 300.0 
 46.70118540635001, -122.97376466029182, 20.0, 2020-10-14 11:32:30, 256132.2714600747, 300.0 
 47.141238036603724, -123.07291702218401, 20.0, 2020-10-14 11:35:00, 601064.9105100135, 300.0 
 47.01980553875489, -123.01532136989137, 60.0, 2020-10-14 11:40:00, 148586.5436309921, 300.0 
 47.282356320227734, -122.89977867900768, 31.538461538461533, 2020-10-14 11:47:30, 84546.38292254983, 300.0 
 47.32886945032439, -122.81480007628608, 37.95918367346938, 2020-10-14 11:52:30, 431440.4420470373, 300.0 
 47.39511207557814, -123.24514774810356, 20.0, 2020-10-14 11:57:30, 165036.31202472965, 300.0 
 47.14380842015889, -123.01785261724014, 20.0, 2020-10-14 12:20:00, 563128.0834404551, 300.0 
 47.54997420544532, -123.11188892852353, 20.0, 2020-10-14 12:25:00, 366728.7165580072, 300.0 
 47.04741432228632, -123.19458485713321, 30.769230769230774, 2020-10-14 12:35:00, 577349.2648906104, 300.0 
 47.04858802701204, -123.06691040323804, 37.142857142857146, 2020-10-14 12:37:30, 131085.9955049678, 150.0 
 47.10986650277548, -123.01568453897552, 20.689655172413797, 2020-10-14 12:45:00, 624212.9845684121, 300.0 
 47.14759774939482, -123.01405328221159, 60.0, 2020-10-14 13:17:30, 175171.5708061893, 300.0 
 47.18875816485767, -123.02072797251503, 60.0, 2020-10-14 13:20:00, 141592.93578982158, 150.0 
 47.423679425564295, -122.63909219835945, 36.326530612244895, 2020-10-14 14:35:00, 97123.63517415497, 150.0 
 47.528522092952485, -122.52842109061211, 60.00000000000001, 2020-10-14 14:45:00, 222022.54450904182, 150.0 
 47.330742722099274, -123.03660192870332, 46.15384615384616, 2020-10-14 22:50:00, 185084.41387416574, 300.0 
 47.543986842163896, -123.06669991782165, 53.79310344827587, 2020-10-14 22:52:30, 390786.6753352214, 300.0 
 47.306511604007056, -122.82561150775113, 60.0, 2020-10-14 22:55:00, 210225.00119065255, 150.0 
 47.51922675252213, -122.97147269921138, 60.0, 2020-10-14 23:00:00, 442798.57947742136, 150.0 
 47.327599810140526, -123.14048823790193, 42.04081632653061, 2020-10-14 23:07:30, 204983.5036293379, 300.0 
 47.36619700066364, -123.11058755879672, 43.84615384615384, 2020-10-14 23:10:00, 137957.3508401333, 150.0 
 47.364272781572346, -122.89538499008627, 20.0, 2020-10-14 23:17:30, 253600.88024341667, 300.0 
 47.30456106090258, -122.76334788348044, 24.82758620689655, 2020-10-14 23:20:00, 262715.37474567693, 150.0 
 47.32210757817798, -122.82655542198071, 42.0408163265306, 2020-10-14 23:22:30, 317701.0981973179, 150.0 
 47.37413217223853, -122.96769751903761, 20.0, 2020-10-14 23:27:30, 506483.2520064213, 300.0 
 47.272011875878874, -123.21377376188755, 20.0, 2020-10-14 23:45:00, 58002.694963766015, 150.0 
 46.29999954648686, -123.07301915890903, 20.0, 2020-10-14 05:42:30, 55292.887992099975, 300.0 
 46.50022947507943, -123.03407686889365, 20.0, 2020-10-14 05:55:00, 33616.99696396981, 150.0 
 46.7738697940976, -123.04108008410819, 20.0, 2020-10-14 09:05:00, 117820.37097957512, 300.0 
 46.50429053914763, -123.15807432176175, 30.344827586206897, 2020-10-14 09:17:30, 60701.75597300157, 300.0 
 46.64694691674386, -122.87886456826531, 31.034482758620683, 2020-10-14 09:37:30, 76130.95442815471, 300.0 
 46.767990069089684, -123.06380811550918, 60.0, 2020-10-14 09:40:00, 59712.89435699894, 300.0 
 46.469428245314184, -123.06154288960542, 60.00000000000001, 2020-10-14 09:42:30, 55132.31405660641, 300.0 
 46.62862203977703, -123.01971521333823, 24.61538461538462, 2020-10-14 09:52:30, 74835.22513880374, 300.0 
 46.38401249673774, -122.98038953536101, 20.0, 2020-10-14 09:55:00, 108359.02562031671, 300.0 
 46.47920204113261, -123.28895707019065, 60.0, 2020-10-14 10:02:30, 33865.432643735454, 300.0 
 46.61950404738039, -123.07126014288025, 20.0, 2020-10-14 10:10:00, 158519.03037458524, 300.0 
 46.651688425047865, -123.11879966426523, 24.82758620689655, 2020-10-14 10:12:30, 81816.39701284394, 300.0 
 46.66640936676651, -123.06749194122484, 56.55172413793103, 2020-10-14 10:15:00, 61180.20297878741, 300.0 
 46.66699271033637, -122.79678536579, 60.0, 2020-10-14 10:17:30, 90788.25292399571, 150.0 
 46.72274215758024, -123.31915345703291, 20.0, 2020-10-14 10:32:30, 95423.73619979074, 300.0 
 46.77416130511935, -123.30394989655801, 20.0, 2020-10-14 10:35:00, 48697.60473437539, 150.0 
 46.68925261354481, -123.26631325702219, 20.000000000000004, 2020-10-14 10:37:30, 63289.96093914699, 300.0 
 46.64732357769527, -123.26357747500067, 37.95918367346938, 2020-10-14 10:40:00, 103781.91471272006, 300.0 
 46.46489030400473, -122.90417559988208, 33.103448275862064, 2020-10-14 10:42:30, 50616.210277474784, 300.0 
 46.38679899560005, -123.10973180727076, 20.0, 2020-10-14 11:07:30, 140853.00578102403, 300.0 
 46.548268329904154, -123.01260337128434, 60.0, 2020-10-14 11:10:00, 115124.1979806662, 150.0 
 46.500309368856136, -122.99514496939328, 60.0, 2020-10-14 11:40:00, 83284.6210248203, 300.0 
 48.993497139526596, -124.18114372432822, 60.0, 2020-10-15 13:57:30, 70593.56625205746, 150.0 
 48.990315551954716, -124.11771366842362, 40.769230769230774, 2020-10-15 22:07:30, 155534.94040700275, 300.0 
 48.98863033615444, -124.31012602469181, 20.0, 2020-10-15 22:10:00, 177281.8055875274, 150.0 
 48.97377221176606, -124.3849908093205, 36.326530612244895, 2020-10-15 22:12:30, 180896.694095946, 150.0 
 48.977206819044284, -124.60344904246736, 47.69230769230769, 2020-10-15 23:32:30, 206538.4606753688, 300.0 
 48.98607957941164, -124.49951223781423, 20.0, 2020-10-15 23:35:00, 114607.74288059818, 150.0 
 48.95222775526092, -124.53823438837847, 47.69230769230769, 2020-10-15 23:47:30, 121642.60256176261, 300.0 
 47.802250713087055, -123.45928169317038, 60.00000000000001, 2020-10-15 00:07:30, 268127.5839430193, 300.0 
 47.92592051792762, -123.32091829257146, 20.0, 2020-10-15 00:10:00, 247110.3203803134, 150.0 
 47.940958947164575, -123.34995877818304, 20.0, 2020-10-15 00:12:30, 453465.3912560702, 150.0 
 47.8807305279598, -123.23086924844144, 41.22448979591836, 2020-10-15 00:17:30, 525619.1188442595, 300.0 
 48.0139192748872, -123.43300328552974, 60.0, 2020-10-15 00:27:30, 130457.00018961466, 300.0 
 47.881160776483796, -123.36758962362107, 20.68965517241379, 2020-10-15 00:30:00, 104562.31469656451, 150.0 
 48.00755995671864, -123.14429792128507, 37.95918367346938, 2020-10-15 00:57:30, 738192.3508631426, 300.0 
 47.879294221899855, -123.16924778636205, 21.379310344827584, 2020-10-15 01:02:30, 122937.45635514622, 300.0 
 47.853957210138525, -123.18141780937898, 26.206896551724135, 2020-10-15 01:05:00, 110637.29842627578, 150.0 
 47.83454291202534, -123.55081247381366, 20.0, 2020-10-15 01:17:30, 127638.01357443552, 300.0 
 47.79712039742264, -123.1650203759007, 20.0, 2020-10-15 01:20:00, 390814.6358099751, 300.0 
 47.86183738509528, -123.2733778724727, 44.61538461538461, 2020-10-15 01:22:30, 116835.16082669936, 150.0 
 47.82596799138455, -123.39607193258101, 39.59183673469388, 2020-10-15 01:25:00, 83346.41598903722, 150.0 
 47.88456500114444, -123.20331587219077, 20.0, 2020-10-15 01:27:30, 143262.91133844026, 150.0 
 48.0693321028013, -122.9425229841993, 20.0, 2020-10-15 01:30:00, 46259.49221025487, 300.0 
 47.931618923149216, -123.10817758688503, 20.0, 2020-10-15 01:32:30, 192941.32691759028, 150.0 
 47.99444843690019, -123.14704721915011, 60.0, 2020-10-15 01:35:00, 214172.1239017871, 150.0 
 48.126014444224424, -123.38317728844062, 60.0, 2020-10-15 01:40:00, 231422.75826442838, 300.0 
 47.992756055567845, -123.35691162953482, 36.3265306122449, 2020-10-15 01:42:30, 110166.13245834313, 150.0 
 47.93544499734572, -123.24129855057966, 34.69387755102041, 2020-10-15 01:47:30, 322291.2678289251, 300.0 
 47.98965039797222, -123.19976849966679, 35.51020408163265, 2020-10-15 01:50:00, 230288.2330976044, 150.0 
 47.924811525505724, -123.245801719953, 34.69387755102041, 2020-10-15 01:52:30, 227208.07331725146, 150.0 
 47.576287968556755, -122.92242178794935, 46.15384615384615, 2020-10-15 01:55:00, 398538.9037409525, 300.0 
 48.016695250773736, -123.23588557647987, 32.30769230769231, 2020-10-15 02:02:30, 498332.90476173745, 300.0 
 48.015100368289666, -123.24081577329144, 29.23076923076923, 2020-10-15 02:05:00, 256710.5708907631, 150.0 
 48.03360370856754, -123.24348232562929, 39.59183673469387, 2020-10-15 02:07:30, 130787.27070765384, 150.0 
 48.102999911105016, -123.28736232529653, 37.14285714285714, 2020-10-15 02:12:30, 397155.26951811195, 300.0 
 47.96249924788596, -123.15451854457521, 37.95918367346938, 2020-10-15 02:15:00, 331608.3977011761, 150.0 
 47.35165938711978, -122.99077645174108, 39.59183673469388, 2020-10-15 02:20:00, 77055.92645868419, 150.0 
 47.35850148696146, -122.97911693227834, 48.46153846153845, 2020-10-15 02:22:30, 98814.58134634083, 150.0 
 47.16726442399685, -122.99132261804532, 20.0, 2020-10-15 02:32:30, 214450.4313167573, 150.0 
 47.25763100976346, -123.17599251443743, 20.0, 2020-10-15 02:40:00, 65219.82301730068, 300.0 
 47.18364474241182, -123.09390928615468, 60.0, 2020-10-15 02:57:30, 358445.45946666505, 300.0 
 47.96997503353452, -123.28886466457035, 37.14285714285714, 2020-10-15 03:00:00, 88460.27232496618, 300.0 
 47.986458290145784, -123.38883823542683, 19.999999999999996, 2020-10-15 03:15:00, 63191.21391668399, 300.0 
 48.00517718826565, -123.23368213559539, 35.51020408163265, 2020-10-15 03:17:30, 55590.25097355039, 150.0 
 47.98771004413952, -123.68178512371658, 43.6734693877551, 2020-10-15 03:32:30, 159788.28774623806, 300.0 
 47.85926136418506, -123.56263305066899, 60.0, 2020-10-15 03:35:00, 136890.52226818915, 150.0 
 47.88676202126236, -123.50361562733333, 46.15384615384615, 2020-10-15 03:37:30, 48174.40924440501, 150.0 
 47.969801973894214, -123.31455206642796, 44.48979591836734, 2020-10-15 03:52:30, 158049.78728178673, 300.0 
 47.98134443546192, -123.3669142253747, 44.48979591836735, 2020-10-15 03:55:00, 94547.62065567667, 150.0 
 48.00357884583619, -123.32672510595873, 31.538461538461544, 2020-10-15 03:57:30, 89771.84332012633, 150.0 
 48.014158684954765, -123.3161099328981, 24.137931034482754, 2020-10-15 04:00:00, 61550.87358279869, 150.0 
 47.9392523423406, -123.34265768188892, 20.0, 2020-10-15 04:02:30, 42894.170584565465, 150.0 
 47.854022681701224, -123.64079992287358, 60.0, 2020-10-15 05:50:00, 72500.92394590411, 300.0 
 47.70594234038656, -123.7364994627739, 60.0, 2020-10-15 05:52:30, 40556.32084259083, 150.0 
 48.0409789105036, -123.37803140679873, 45.38461538461539, 2020-10-15 05:55:00, 121062.11231104712, 300.0 
 47.91925917086572, -123.45727222934363, 43.673469387755105, 2020-10-15 05:57:30, 64618.19856187739, 150.0 
 47.85435007554763, -123.62737571224551, 57.241379310344826, 2020-10-15 06:00:00, 85239.51057746127, 150.0 
 47.832258420837604, -123.71000280579185, 44.48979591836735, 2020-10-15 06:02:30, 93915.13859606207, 150.0 
 48.01672823667229, -123.47762399748716, 33.07692307692308, 2020-10-15 06:05:00, 91423.86941855965, 300.0 
 48.00259330926486, -123.2637249852201, 37.95918367346939, 2020-10-15 06:07:30, 74478.26408802271, 150.0 
 48.02407891830062, -123.2351163676278, 44.48979591836734, 2020-10-15 06:10:00, 103375.13470285501, 150.0 
 47.71484127340835, -123.52040209453287, 60.0, 2020-10-15 06:12:30, 161591.36081809178, 300.0 
 48.02671724989386, -123.17016758315353, 40.0, 2020-10-15 06:17:30, 383740.5734569236, 300.0 
 48.05606916641673, -123.18971539647521, 25.51724137931035, 2020-10-15 06:20:00, 352425.89152984065, 150.0 
 47.89497363693357, -123.50348300558377, 54.48275862068965, 2020-10-15 06:22:30, 210360.721853723, 300.0 
 47.80239498983774, -123.53362997020893, 60.0, 2020-10-15 06:25:00, 75325.22583124055, 150.0 
 47.90151463329167, -123.44597539008593, 53.793103448275865, 2020-10-15 06:27:30, 46095.42359896052, 150.0 
 47.34512380191795, -123.13898059162636, 49.6551724137931, 2020-10-15 07:55:00, 48266.84747605924, 300.0 
 48.103364482406384, -123.15677705546722, 36.326530612244895, 2020-10-15 10:37:30, 85067.88637031734, 300.0 
 47.95407450499759, -123.34725908415936, 60.0, 2020-10-15 10:42:30, 101472.04660042413, 300.0 
 48.13105276933135, -123.09602608681229, 33.07692307692308, 2020-10-15 11:27:30, 74319.05136675668, 300.0 
 48.05462065143952, -123.29509497042989, 55.172413793103445, 2020-10-15 11:30:00, 49021.34191258679, 150.0 
 47.87313259961823, -123.61063721325628, 57.93103448275862, 2020-10-15 11:32:30, 368686.12856623175, 300.0 
 48.05340188153881, -123.16956716802045, 48.46153846153847, 2020-10-15 11:35:00, 123968.92100405073, 300.0 
 48.1223450660531, -123.0882646125892, 36.15384615384615, 2020-10-15 11:37:30, 71122.09778560582, 150.0 
 47.92707980258352, -123.40826442593496, 57.931034482758626, 2020-10-15 11:42:30, 102835.99777428774, 300.0 
 47.93246229392783, -123.57924338638868, 53.793103448275865, 2020-10-15 11:45:00, 56723.27404308865, 150.0 
 48.20599488624042, -123.00513386754116, 20.0, 2020-10-15 11:47:30, 106224.13992916193, 300.0 
 48.14537063755098, -123.16869237566847, 35.51020408163266, 2020-10-15 11:50:00, 46224.96480655654, 150.0 
 48.109241687842776, -123.29643124804473, 42.85714285714286, 2020-10-15 11:52:30, 32627.07555514064, 150.0 
 47.076823269904544, -123.1157893886255, 20.0, 2020-10-15 11:57:30, 430947.9196068506, 300.0 
 47.18470012558518, -123.23363992995593, 42.04081632653061, 2020-10-15 12:02:30, 82834.80400502571, 150.0 
 47.51101364093112, -122.95754044335125, 60.0, 2020-10-15 12:05:00, 133666.7786125608, 300.0 
 47.91182622951125, -123.45190438584217, 20.0, 2020-10-15 12:07:30, 129902.620492958, 300.0 
 47.78931640649451, -123.38333943122366, 60.0, 2020-10-15 12:10:00, 82067.29263322882, 150.0 
 47.31269517539392, -122.9948099189408, 20.0, 2020-10-15 12:12:30, 82933.72383783836, 150.0 
 47.358998859227476, -123.13080552730102, 25.384615384615387, 2020-10-15 12:15:00, 70455.80331659598, 150.0 
 47.50784799268912, -122.96732343154798, 20.0, 2020-10-15 12:17:30, 224336.40290598763, 300.0 
 47.22102585725592, -123.13219959401312, 20.0, 2020-10-15 12:25:00, 80410.92143056307, 300.0 
 47.40417874566133, -123.17028152844622, 20.0, 2020-10-15 12:32:30, 61977.43448048216, 300.0 
 47.44567435118343, -123.05856183317147, 23.448275862068968, 2020-10-15 12:35:00, 197498.63623169216, 300.0 
 47.215375402605474, -122.96235190258344, 20.0, 2020-10-15 12:55:00, 177998.8414619913, 300.0 
 47.14808666398038, -123.22719361375948, 24.137931034482758, 2020-10-15 13:00:00, 214000.72029833478, 300.0 
 47.46610272619583, -123.286369832639, 43.84615384615385, 2020-10-15 13:02:30, 257587.21501082272, 300.0 
 47.18161768457673, -123.34213011447827, 29.230769230769237, 2020-10-15 13:25:00, 244285.5542399119, 300.0 
 47.11666214742795, -122.98420428540948, 27.692307692307693, 2020-10-15 13:27:30, 305141.6286268412, 300.0 
 47.26635027309537, -123.14623012532958, 20.0, 2020-10-15 13:37:30, 310778.29898701434, 300.0 
 48.06086384787056, -123.13693088778231, 20.0, 2020-10-15 15:32:30, 296582.7222005561, 300.0 
 47.91291099861875, -123.01456008754101, 20.0, 2020-10-15 16:07:30, 314869.2411487981, 300.0 
 47.82832045323272, -123.54176248079429, 60.0, 2020-10-15 16:20:00, 298298.6818887842, 300.0 
 47.906629845165966, -123.27672742777084, 54.48275862068966, 2020-10-15 16:22:30, 458225.4926431682, 300.0 
 48.015657620442866, -123.17287143395176, 33.07692307692307, 2020-10-15 16:25:00, 341976.6591630015, 150.0 
 47.91469832376671, -123.13851682686837, 56.55172413793103, 2020-10-15 16:30:00, 201263.5804580092, 300.0 
 48.02212830277054, -123.38266576233696, 49.23076923076924, 2020-10-15 16:32:30, 94770.06265032082, 150.0 
 47.83480593126928, -123.42213216178543, 29.230769230769234, 2020-10-15 16:42:30, 207590.24839177282, 300.0 
 47.870691196935816, -123.55270021369161, 32.30769230769231, 2020-10-15 16:45:00, 76951.08620035228, 150.0 
 47.726526384174235, -123.54699532414287, 57.93103448275861, 2020-10-15 17:00:00, 111645.46577678577, 300.0 
 47.76817470445443, -123.57254096873478, 53.103448275862064, 2020-10-15 17:02:30, 122273.16332820735, 150.0 
 47.42116032158164, -123.02483961958134, 26.153846153846157, 2020-10-15 01:37:30, 341345.52370714274, 300.0 
 47.48031361187728, -122.9188462952986, 19.999999999999996, 2020-10-15 01:50:00, 120677.95260270432, 300.0 
 47.204537970544955, -122.85721398683108, 23.448275862068968, 2020-10-15 01:57:30, 136216.80569678932, 300.0 
 47.32030551608204, -122.75887648721476, 31.538461538461544, 2020-10-15 02:15:00, 70741.81147805684, 300.0 
 47.40093178059786, -122.96262510033237, 43.6734693877551, 2020-10-15 02:17:30, 103284.24757478031, 150.0 
 47.36738389468931, -123.07143409854797, 58.62068965517241, 2020-10-15 02:30:00, 218646.26911241238, 300.0 
 47.17162982188327, -122.68406295141963, 60.0, 2020-10-15 02:40:00, 45543.205583991476, 300.0 
 46.50313766685882, -123.10918048899104, 36.15384615384616, 2020-10-15 06:50:00, 27836.045794997874, 300.0 
 46.64544687563895, -123.23188684981368, 33.07692307692308, 2020-10-15 06:55:00, 48285.18224449754, 300.0 
 46.45091249821428, -123.55139231429602, 25.517241379310345, 2020-10-15 07:07:30, 43607.94191490609, 300.0 
 46.64845512538823, -123.10661342355317, 20.0, 2020-10-15 07:17:30, 54856.126886591825, 300.0 
 46.455739370753115, -123.3827896178137, 60.0, 2020-10-15 07:27:30, 47740.21254916174, 300.0 
 46.59000325019506, -123.51754443846791, 20.0, 2020-10-15 07:40:00, 81204.53437813905, 300.0 
 46.58642123080431, -123.17991987272836, 52.41379310344827, 2020-10-15 07:42:30, 45045.986818329606, 300.0 
 46.51864608253791, -123.31526752437863, 20.0, 2020-10-15 07:52:30, 20836.44569205317, 300.0 
 46.61937421335523, -122.97398947506596, 20.0, 2020-10-15 07:55:00, 138293.69134986872, 300.0 
 46.8342671552734, -123.19105507955891, 60.0, 2020-10-15 08:07:30, 71075.3780914965, 300.0 
 47.14485506313112, -123.19439986905107, 20.0, 2020-10-15 08:10:00, 75962.72186039698, 300.0 
 46.868922455383114, -123.25770695754805, 25.51724137931034, 2020-10-15 08:12:30, 67218.87392762826, 300.0 
 46.63492244572149, -123.32993932070583, 33.07692307692308, 2020-10-15 08:15:00, 110644.49976327899, 300.0 
 47.196704554050854, -123.09270470157361, 40.0, 2020-10-15 08:17:30, 130355.16597607, 300.0 
 47.19345308914215, -122.95496097944279, 50.3448275862069, 2020-10-15 08:20:00, 53292.832210215216, 150.0 
 47.368333704573324, -123.16078497260699, 42.04081632653061, 2020-10-15 08:22:30, 43213.08196684563, 150.0 
 47.139021811920564, -123.02428152693983, 40.40816326530612, 2020-10-15 08:25:00, 82982.41749373359, 300.0 
 46.738409420146915, -123.14054447104913, 20.0, 2020-10-15 08:32:30, 37415.09891281968, 300.0 
 46.83791095787386, -122.95019571318315, 20.0, 2020-10-15 08:37:30, 76249.62236275128, 300.0 
 47.19109925490311, -123.06537186640912, 20.0, 2020-10-15 08:55:00, 118420.89289967336, 300.0 
 46.70080015619507, -122.92430942570456, 60.0, 2020-10-15 09:07:30, 28619.001487844365, 150.0 
 46.659706638154425, -122.75358299225933, 60.0, 2020-10-15 09:22:30, 32351.511051294452, 150.0 
 47.05150276173093, -123.06171993089109, 60.0, 2020-10-15 09:27:30, 104089.5441388438, 300.0 
 46.70792803984912, -122.63616701664142, 60.0, 2020-10-15 09:32:30, 90807.3680415278, 300.0 
 46.662311449235574, -122.75907478005428, 33.84615384615385, 2020-10-15 09:37:30, 182144.1887346914, 300.0 
 46.61171869823664, -123.10556249626609, 20.0, 2020-10-15 09:40:00, 106766.90140160809, 300.0 
 46.63306330542147, -123.00820343105994, 20.0, 2020-10-15 09:42:30, 38805.075008495325, 150.0 
 46.606967330260844, -123.11058939231643, 60.0, 2020-10-15 10:00:00, 30914.791942947275, 300.0 
 46.7644249212776, -123.13155257981374, 20.0, 2020-10-15 10:15:00, 76123.86709863087, 300.0 
 46.542907300018484, -123.04115419456227, 20.0, 2020-10-15 10:35:00, 36538.949870808334, 150.0 
 47.12238975817088, -123.02725603632537, 48.46153846153846, 2020-10-15 10:47:30, 95001.59287891377, 300.0 
 47.10508022741128, -123.14326366455558, 38.77551020408163, 2020-10-15 11:32:30, 155000.9226817029, 300.0 
 47.08421217923612, -123.44872283266268, 60.0, 2020-10-15 11:37:30, 124824.04677629724, 300.0 
 47.32163836432474, -123.1846985873814, 60.0, 2020-10-15 11:40:00, 149706.45345824913, 300.0 
 47.225722335941896, -123.28215415625132, 43.67346938775509, 2020-10-15 11:42:30, 89738.90256441572, 150.0 
 47.33566447637067, -123.08694286455955, 20.0, 2020-10-15 11:45:00, 103552.23186899714, 150.0 
 47.33072699378502, -123.15827098020442, 52.41379310344828, 2020-10-15 11:55:00, 235755.27707017018, 300.0 
 47.09874800050362, -123.25726176156623, 30.0, 2020-10-15 12:00:00, 88928.75813340412, 150.0 
 46.9610605390212, -123.33649361192758, 47.69230769230769, 2020-10-15 12:05:00, 92745.05461172524, 300.0 
 47.1163605272426, -123.28135725041304, 32.244897959183675, 2020-10-15 12:07:30, 55939.10670711968, 150.0 
 47.23165405464883, -123.21104092706778, 40.40816326530612, 2020-10-15 12:10:00, 119006.97843386579, 150.0 
 47.294772629064084, -123.22072058488293, 60.0, 2020-10-15 12:17:30, 168334.03967560816, 150.0 
 47.284915826748836, -122.90668992696584, 20.0, 2020-10-15 12:27:30, 85087.0259070859, 150.0 
 46.94167642335647, -123.1365026837307, 34.61538461538461, 2020-10-15 12:35:00, 188038.66039907484, 300.0 
 46.95009783163979, -123.33438786382233, 34.69387755102041, 2020-10-15 12:37:30, 254886.75243302187, 300.0 
 47.19282524485515, -122.97649428268679, 20.0, 2020-10-15 12:42:30, 59720.12201462595, 300.0 
 46.98108761721586, -122.92556398555489, 20.0, 2020-10-15 12:50:00, 177209.71968119775, 300.0 
 46.89361987390362, -122.93087615119106, 20.0, 2020-10-15 12:57:30, 224711.2689029219, 300.0 
 47.02145384975153, -122.92806840449617, 60.0, 2020-10-15 13:02:30, 169108.58878628907, 300.0 
 46.89329673034254, -122.6801562197177, 60.00000000000001, 2020-10-15 13:05:00, 110154.8556434666, 150.0 
 46.959059686344894, -123.01816758794644, 31.53846153846154, 2020-10-15 13:40:00, 195362.77461266986, 300.0 
 47.05231178693244, -123.03487629286279, 36.326530612244895, 2020-10-15 14:07:30, 325600.6975162661, 300.0 
 47.00783986023366, -123.01590290472177, 36.326530612244895, 2020-10-15 14:10:00, 104973.33366147603, 150.0 
 46.47686407013737, -123.1419054263905, 24.827586206896555, 2020-10-15 06:32:30, 66312.72543812948, 300.0 
 46.458469287658204, -123.1132816386505, 26.20689655172414, 2020-10-15 06:35:00, 16599.62307070112, 150.0 
 46.404678039163755, -123.51061958465098, 20.0, 2020-10-15 06:55:00, 16363.52552128698, 300.0 
 46.44293770818942, -123.16587644731352, 20.0, 2020-10-15 07:32:30, 14397.186335350454, 300.0 
 46.307359424134276, -123.27345344562346, 20.0, 2020-10-15 07:35:00, 6254.798454934946, 150.0 
 46.4672782597069, -123.53782108915061, 20.0, 2020-10-15 07:42:30, 16721.88174343146, 300.0 
 46.7150410232029, -123.12265043925352, 23.448275862068964, 2020-10-15 08:17:30, 28241.28327397617, 150.0 
 46.53605919782677, -122.96127895336079, 20.0, 2020-10-15 08:22:30, 18996.311677151767, 300.0 
 46.515209998078184, -123.0257834448847, 20.0, 2020-10-15 08:25:00, 9978.375722048557, 150.0 
 46.66097418459927, -123.12910783880892, 20.0, 2020-10-15 08:27:30, 13226.663128188027, 150.0 
 46.594876055234096, -122.87709630406175, 20.0, 2020-10-15 08:35:00, 64160.641582919096, 300.0 
 46.3414004287669, -123.20010273871188, 20.0, 2020-10-15 08:52:30, 20710.493256073278, 300.0 
 46.600292200311955, -123.13414572318479, 60.0, 2020-10-15 08:57:30, 59296.93056951668, 300.0 
 46.550699116735565, -123.08868276184141, 54.48275862068965, 2020-10-15 09:00:00, 37457.739547846475, 150.0 
 46.42125895833723, -123.08162546477764, 29.655172413793103, 2020-10-15 09:02:30, 37038.222976719975, 150.0 
 46.741701873299256, -122.92067650087209, 52.6530612244898, 2020-10-15 09:05:00, 84520.17691442103, 300.0 
 46.3259052296642, -123.06264561948142, 21.53846153846154, 2020-10-15 09:10:00, 77148.9942498828, 300.0 
 46.329125068457216, -123.06737128436819, 20.0, 2020-10-15 09:12:30, 24657.122430042942, 150.0 
 46.51725054682288, -122.89919465103162, 60.0, 2020-10-15 09:17:30, 42713.881379592465, 300.0 
 46.51170713823335, -122.88955179892943, 40.00000000000001, 2020-10-15 09:20:00, 19613.012586687255, 150.0 
 46.460948495720096, -123.09000874653327, 20.0, 2020-10-15 10:07:30, 55018.85055579168, 300.0 
 46.500338930616245, -123.10517056388372, 20.0, 2020-10-15 10:10:00, 15700.244605927755, 150.0 
 46.502683779444844, -123.06043501549324, 26.89655172413793, 2020-10-15 10:32:30, 74934.03288409542, 300.0 
 48.978420497912616, -124.4011533307066, 59.31034482758621, 2020-10-16 02:05:00, 531495.124797714, 300.0 
 48.9918639213614, -124.40714919498024, 45.38461538461539, 2020-10-16 03:00:00, 115010.34867098762, 150.0 
 48.97535778076609, -124.41473349708659, 37.95918367346938, 2020-10-16 03:47:30, 65164.5301897159, 150.0 
 48.96832412323141, -124.61554841053788, 46.15384615384615, 2020-10-16 03:50:00, 19627.91870921871, 150.0 
 48.94300390260032, -124.2750609202772, 20.0, 2020-10-16 10:37:30, 183371.82718337525, 300.0 
 48.88325644737951, -124.54052093589115, 53.793103448275865, 2020-10-16 10:47:30, 75500.47630204023, 300.0 
 48.96710092957874, -124.40914680347363, 45.38461538461538, 2020-10-16 12:37:30, 168374.3660456656, 300.0 
 48.99307860126148, -124.273930988112, 20.0, 2020-10-16 14:25:00, 333552.59461275005, 300.0 
 48.88388075124401, -124.52283528535676, 20.0, 2020-10-16 14:35:00, 947881.4363347399, 300.0 
 48.996740232998214, -124.63864314680264, 34.693877551020414, 2020-10-16 14:45:00, 100568.29122459496, 150.0 
 48.98938422115861, -124.76839918106467, 33.84615384615385, 2020-10-16 14:55:00, 293097.21494174935, 300.0 
 48.96482103508029, -124.71199473203994, 60.0, 2020-10-16 23:12:30, 224625.71302448757, 150.0 
 48.94783242516567, -124.26654712393999, 20.0, 2020-10-16 23:20:00, 501014.5541717156, 300.0 
 48.99350663866581, -124.65615346567243, 49.99999999999999, 2020-10-16 23:37:30, 332289.7893403413, 300.0 
 47.52378939070592, -123.35309269260414, 60.0, 2020-10-16 00:00:00, 156318.37923065864, 300.0 
 47.42689782115595, -123.26598727759455, 60.0, 2020-10-16 00:07:30, 150995.2571549034, 300.0 
 47.181272349837975, -123.21925720164298, 57.93103448275862, 2020-10-16 00:15:00, 368491.5018113578, 300.0 
 47.21599424277222, -123.12267175087729, 20.0, 2020-10-16 00:17:30, 255160.70080457497, 300.0 
 47.4255181795249, -123.12986150758829, 20.0, 2020-10-16 00:25:00, 359833.51342068426, 300.0 
 47.337840536126706, -123.07390583666802, 60.0, 2020-10-16 00:40:00, 278765.88248002896, 300.0 
 47.43663000769761, -123.2113137940326, 55.172413793103445, 2020-10-16 00:42:30, 81155.25120137158, 150.0 
 47.5059933906732, -123.16737691909462, 21.379310344827587, 2020-10-16 00:45:00, 65827.11483937089, 150.0 
 47.566527696050535, -123.14416202987954, 20.0, 2020-10-16 00:47:30, 117034.51934510416, 150.0 
 47.13182433535538, -123.12463294077462, 30.0, 2020-10-16 00:50:00, 472177.24871250155, 300.0 
 47.410057726238016, -123.10541631516794, 22.758620689655174, 2020-10-16 00:52:30, 370409.3371656917, 300.0 
 47.46103898737946, -123.14901628353657, 20.0, 2020-10-16 00:55:00, 202477.33596401045, 150.0 
 47.32175208327052, -123.10449369379558, 20.0, 2020-10-16 00:57:30, 115760.88368823913, 150.0 
 47.37674170152462, -123.0638880072038, 20.0, 2020-10-16 01:00:00, 136159.2401642472, 150.0 
 47.70117718424569, -123.30650552342323, 32.307692307692314, 2020-10-16 01:02:30, 264090.4118622573, 300.0 
 48.06194677591723, -123.28820591133598, 46.15384615384615, 2020-10-16 01:20:00, 322417.1447066387, 300.0 
 47.55695050809868, -123.21111174988661, 23.448275862068964, 2020-10-16 01:22:30, 201664.2559033993, 300.0 
 47.76941721779444, -123.14676837256856, 60.00000000000001, 2020-10-16 01:25:00, 69934.40236900008, 150.0 
 47.767063083995694, -123.42334192180017, 45.38461538461539, 2020-10-16 01:30:00, 102436.32964850217, 300.0 
 47.45468722403202, -123.13099653486137, 33.07692307692308, 2020-10-16 01:35:00, 232754.02369711755, 300.0 
 48.04465887952733, -123.6608481194971, 60.00000000000001, 2020-10-16 01:50:00, 210727.5331199656, 300.0 
 47.968536132809426, -123.40629004039677, 60.0, 2020-10-16 01:55:00, 211554.0158963468, 300.0 
 47.990996674738966, -123.21135980660529, 60.0, 2020-10-16 01:57:30, 145365.75460362242, 150.0 
 47.96242021581498, -123.2712894279891, 53.10344827586207, 2020-10-16 02:00:00, 273405.57625988824, 150.0 
 48.049451128922215, -123.18496542418201, 30.0, 2020-10-16 02:02:30, 180054.57561978954, 150.0 
 47.977271312447165, -123.42019493730214, 44.61538461538461, 2020-10-16 02:07:30, 401625.7941259265, 300.0 
 47.9286111489629, -123.5566948814567, 60.0, 2020-10-16 02:12:30, 247960.70614474916, 300.0 
 48.125922364238946, -123.11516527532149, 35.51020408163265, 2020-10-16 02:17:30, 165400.9368535069, 300.0 
 48.00876694985531, -123.18159762398959, 34.69387755102041, 2020-10-16 02:20:00, 59970.46847296802, 150.0 
 47.98805882800783, -123.38391437123234, 60.0, 2020-10-16 02:25:00, 153645.48210086356, 300.0 
 47.9452831643528, -123.47760363898236, 60.0, 2020-10-16 02:27:30, 80131.04541655687, 150.0 
 47.759343333707214, -123.60251427264578, 60.0, 2020-10-16 02:37:30, 173276.62835080572, 300.0 
 47.98763772697501, -123.6695528569062, 53.103448275862064, 2020-10-16 03:02:30, 86197.33483005538, 300.0 
 48.05758934062691, -123.35199096285905, 42.0408163265306, 2020-10-16 03:05:00, 57504.03928750482, 150.0 
 47.88042357473538, -123.53545959608802, 54.48275862068966, 2020-10-16 03:07:30, 55016.75383759268, 150.0 
 47.92861114896291, -123.5566948814567, 58.62068965517241, 2020-10-16 03:10:00, 68177.3320081751, 150.0 
 47.85885910067018, -123.56385925355721, 54.48275862068965, 2020-10-16 03:12:30, 256519.7257961097, 150.0 
 47.94629214840852, -123.50264481867691, 39.591836734693885, 2020-10-16 03:15:00, 94706.21862252358, 150.0 
 47.98705622379047, -123.51849158008665, 42.857142857142854, 2020-10-16 03:17:30, 69570.57352339792, 150.0 
 48.025023390373285, -123.24795034350244, 60.0, 2020-10-16 03:45:00, 140879.5458466391, 300.0 
 47.81074748772831, -123.39269072107928, 55.172413793103445, 2020-10-16 03:55:00, 104186.44321992584, 300.0 
 47.81848150971467, -123.38462453100922, 33.07692307692308, 2020-10-16 04:00:00, 60174.85635891447, 300.0 
 47.812160801234114, -123.46642659699083, 20.0, 2020-10-16 04:52:30, 35957.971695962275, 300.0 
 47.83983382027713, -123.54402263493591, 46.153846153846146, 2020-10-16 05:02:30, 84349.97523104482, 300.0 
 47.894911226872644, -123.39114056206954, 34.69387755102041, 2020-10-16 05:22:30, 35440.903445121075, 300.0 
 47.25293598011604, -123.32688668564322, 20.0, 2020-10-16 05:35:00, 46205.9836244061, 300.0 
 47.4105270968288, -123.31593254107827, 20.0, 2020-10-16 06:27:30, 37962.30946463184, 300.0 
 47.23001426691208, -123.24775004919869, 20.0, 2020-10-16 06:30:00, 42098.17533348135, 150.0 
 47.20757691129024, -123.2632839518244, 20.0, 2020-10-16 06:35:00, 136394.58439326676, 300.0 
 47.25901629237911, -123.27428378135049, 34.61538461538461, 2020-10-16 06:40:00, 143430.02449306936, 300.0 
 47.53692574751218, -123.2630939972881, 50.769230769230774, 2020-10-16 06:42:30, 96665.8562775635, 300.0 
 47.83924144920597, -123.71052500535663, 60.0, 2020-10-16 06:45:00, 55609.24761142737, 300.0 
 47.561539583736234, -123.349942944647, 40.0, 2020-10-16 06:50:00, 14444.10775207567, 150.0 
 47.22802739139224, -123.49194457962166, 51.724137931034484, 2020-10-16 06:57:30, 80940.65251065331, 300.0 
 47.554868782821714, -123.05464785097502, 45.38461538461539, 2020-10-16 07:12:30, 85568.91914151156, 300.0 
 47.93051468880307, -123.53528297368963, 60.0, 2020-10-16 07:20:00, 41800.80935218409, 300.0 
 47.960823741702214, -123.64850694251325, 60.0, 2020-10-16 07:30:00, 44348.336324422664, 300.0 
 48.00017647042078, -123.5158334334182, 60.00000000000001, 2020-10-16 07:32:30, 18443.374142632685, 150.0 
 48.050609012056796, -123.62708631207296, 34.69387755102041, 2020-10-16 07:45:00, 43856.564257342936, 300.0 
 47.89042299985335, -123.68547801824843, 43.673469387755105, 2020-10-16 07:47:30, 30555.00436110594, 150.0 
 47.84903530315709, -123.6311087828883, 33.87755102040816, 2020-10-16 07:50:00, 32269.056641026236, 150.0 
 48.168539381249204, -123.71320737424013, 20.0, 2020-10-16 08:02:30, 67137.97260685654, 300.0 
 48.9436220386116, -124.27194640489816, 20.0, 2020-10-16 11:52:30, 106234.18116183241, 150.0 
 48.855794029700135, -124.31433631699048, 20.0, 2020-10-16 13:35:00, 172145.887214068, 300.0 
 48.88957552082286, -124.5875874556516, 20.0, 2020-10-16 14:10:00, 133020.8306674435, 150.0 
 48.87139213583721, -124.3510526615407, 20.0, 2020-10-16 23:37:30, 342977.4615004082, 300.0 
 48.9778922260458, -124.55374201005381, 20.0, 2020-10-16 23:50:00, 608384.1434834135, 150.0 
 47.62107463023396, -123.24982602608844, 42.857142857142854, 2020-10-16 00:17:30, 407608.69191921205, 300.0 
 47.53887219107084, -123.23331011913619, 20.0, 2020-10-16 00:27:30, 44495.156377716485, 150.0 
 47.27716252634081, -123.07636557495799, 32.30769230769231, 2020-10-16 00:32:30, 191899.93481339872, 300.0 
 48.104997551704116, -123.29311248626422, 34.69387755102041, 2020-10-16 01:00:00, 336131.6561663142, 300.0 
 47.1852281619915, -122.88973760670642, 60.0, 2020-10-16 01:02:30, 208063.56736500346, 300.0 
 46.687058768898204, -123.44843646796613, 60.0, 2020-10-16 01:10:00, 148132.27923405473, 300.0 
 46.58072342027128, -123.24353676415834, 60.0, 2020-10-16 01:12:30, 70411.61012888436, 150.0 
 46.452994650891384, -123.35466350116721, 20.0, 2020-10-16 01:22:30, 41275.30614517173, 300.0 
 46.6565058172665, -123.11381135050351, 20.0, 2020-10-16 01:27:30, 51746.2320012766, 150.0 
 47.0469791377601, -123.08966604709099, 24.82758620689655, 2020-10-16 01:30:00, 121813.61731485988, 300.0 
 46.60437825298227, -122.98372202547215, 20.0, 2020-10-16 01:55:00, 57023.89058820968, 150.0 
 46.86552621904718, -123.01088010626292, 45.38461538461539, 2020-10-16 02:00:00, 89428.82499911643, 300.0 
 46.53020643113136, -122.78331686880684, 33.07692307692307, 2020-10-16 02:12:30, 266559.6571078486, 300.0 
 46.743496792197654, -123.06466144934211, 20.0, 2020-10-16 02:15:00, 107479.20055252356, 300.0 
 46.65294595965477, -123.080207315469, 19.999999999999996, 2020-10-16 03:00:00, 82920.31754057152, 300.0 
 46.64785751843546, -123.24272800820543, 20.0, 2020-10-16 03:05:00, 50552.43226106564, 300.0 
 46.64470628344163, -122.98758458118833, 38.775510204081634, 2020-10-16 03:30:00, 100318.12127301845, 300.0 
 46.637049891918586, -122.99777954942844, 20.0, 2020-10-16 03:52:30, 88582.12113592679, 300.0 
 46.596263072164135, -123.35927995703852, 60.0, 2020-10-16 04:05:00, 42207.94832549522, 300.0 
 46.50742213139532, -123.32115514341274, 52.413793103448285, 2020-10-16 04:07:30, 14784.359357316394, 150.0 
 47.678397997923426, -123.32591498957787, 34.69387755102041, 2020-10-16 04:42:30, 144388.8633800209, 300.0 
 46.539914035352744, -123.36735581330433, 53.103448275862064, 2020-10-16 04:52:30, 54395.712503827934, 300.0 
 47.66174452987984, -123.38596912172854, 53.103448275862064, 2020-10-16 05:10:00, 119937.20838440208, 300.0 
 46.64992741380228, -123.17745684192988, 60.0, 2020-10-16 05:17:30, 39273.64559184432, 300.0 
 46.622514092826734, -123.23034433641256, 20.000000000000004, 2020-10-16 05:25:00, 43717.91478534371, 300.0 
 46.51375892497769, -123.23902959202292, 60.0, 2020-10-16 05:50:00, 19999.438829060768, 300.0 
 47.32533764086689, -123.21333575979395, 26.206896551724142, 2020-10-16 06:22:30, 33263.99989744589, 300.0 
 47.59078906995195, -123.36323216139536, 29.230769230769234, 2020-10-16 06:40:00, 54786.01452411511, 300.0 
 47.362735827718176, -123.30921999396875, 23.448275862068968, 2020-10-16 06:47:30, 72519.1664172751, 300.0 
 47.822599858900595, -123.65822738050608, 54.48275862068965, 2020-10-16 06:55:00, 144345.43485991677, 300.0 
 47.19908073926202, -123.28166528576718, 20.0, 2020-10-16 07:15:00, 64358.26248240376, 300.0 
 46.605479889155106, -123.15850845179247, 60.0, 2020-10-16 09:30:00, 57935.242585687774, 300.0 
 46.54277273706566, -123.25163962963042, 20.0, 2020-10-16 09:40:00, 64693.34389555729, 300.0 
 46.553190160373035, -123.15506794421053, 22.06896551724138, 2020-10-16 09:50:00, 128343.26535837573, 300.0 
 46.42893436582076, -123.07114163178821, 60.0, 2020-10-16 09:52:30, 47659.59358965523, 150.0 
 46.607219393380994, -122.72384725391291, 60.0, 2020-10-16 09:55:00, 66280.21093758306, 300.0 
 46.47194589901706, -123.10715968132085, 60.0, 2020-10-16 10:05:00, 31334.597517012517, 150.0 
 46.50512005941466, -123.25043154813721, 20.0, 2020-10-16 10:07:30, 34781.02277982024, 150.0 
 46.47327124770325, -122.84648361885823, 60.0, 2020-10-16 10:10:00, 97426.17272425051, 300.0 
 46.54813119588627, -123.11076736281466, 20.0, 2020-10-16 10:12:30, 31263.47194152827, 150.0 
 46.591631636374984, -123.13092784797348, 20.0, 2020-10-16 10:25:00, 38738.36718694869, 300.0 
 46.591631636374984, -123.13092784797348, 20.0, 2020-10-16 10:27:30, 26789.7509562961, 150.0 
 46.33594479801594, -122.89134872215419, 29.23076923076923, 2020-10-16 10:30:00, 69868.79683340027, 300.0 
 46.59687609388181, -123.10993378149747, 20.0, 2020-10-16 10:32:30, 70843.46480411556, 300.0 
 46.566643336908605, -123.10663821857865, 41.22448979591836, 2020-10-16 10:37:30, 46388.44282278147, 150.0 
 46.65663301232623, -122.98833322679025, 46.15384615384615, 2020-10-16 10:42:30, 59494.8701342132, 300.0 
 46.79041659436453, -122.90843293272668, 20.0, 2020-10-16 11:05:00, 22902.925516827145, 300.0 
 46.44330681709098, -123.31186447446228, 32.30769230769231, 2020-10-16 00:52:30, 55664.200485047404, 300.0 
 46.64148292000627, -123.08849591908593, 20.0, 2020-10-16 01:25:00, 30035.140871018353, 300.0 
 46.49275453908862, -123.02346072711423, 60.0, 2020-10-16 01:50:00, 69425.28008291534, 300.0 
 46.606437075267316, -122.99044708117273, 20.0, 2020-10-16 01:52:30, 44261.91357647021, 150.0 
 46.67920991749017, -122.92631424137831, 20.0, 2020-10-16 02:25:00, 34718.39751159954, 300.0 
 46.6199737602324, -123.34005254691255, 44.61538461538462, 2020-10-16 04:12:30, 23831.834211113848, 300.0 
 46.665825767049455, -123.18199363430071, 60.0, 2020-10-16 04:40:00, 19146.889804924995, 300.0 
 46.65538532119963, -123.1893894000275, 20.0, 2020-10-16 04:42:30, 7680.605488503499, 150.0 
 46.52045497992921, -123.2435257976498, 33.06122448979592, 2020-10-16 05:57:30, 15050.661000220212, 300.0 
 46.68281911624535, -123.12486790110488, 60.0, 2020-10-16 06:00:00, 20982.301901387058, 150.0 
 46.66510129265194, -123.1336903825294, 20.0, 2020-10-16 08:57:30, 12587.383744926736, 300.0 
 46.29212864524284, -123.18814967419824, 20.0, 2020-10-16 09:27:30, 26750.739545622568, 300.0 
 46.56752373038769, -123.14048908133924, 34.61538461538462, 2020-10-16 09:42:30, 28352.500956696356, 150.0 
 46.56489546504257, -123.08189327290692, 31.53846153846154, 2020-10-16 09:45:00, 63460.58674370568, 150.0 
 46.50216573277042, -123.16519251443603, 33.87755102040816, 2020-10-16 09:47:30, 58114.42622734067, 150.0 
 46.789155976848285, -123.13115684564939, 60.0, 2020-10-16 09:50:00, 134891.06590662184, 300.0 
 46.43770318796442, -122.96986617403299, 20.0, 2020-10-16 09:55:00, 42714.69884266827, 300.0 
 46.694471362154005, -123.17107523580299, 60.0, 2020-10-16 09:57:30, 78328.3291383191, 300.0 
 46.46144013366094, -122.97593579249397, 60.0, 2020-10-16 10:00:00, 57432.465276886476, 300.0 
 46.49645363481208, -123.35675137605296, 60.0, 2020-10-16 10:02:30, 31895.930718854022, 300.0 
 46.42345298149239, -123.18570134743227, 20.0, 2020-10-16 10:10:00, 38259.29912329806, 150.0 
 46.6696524189187, -123.13280834094667, 20.0, 2020-10-16 10:17:30, 98094.69259945875, 300.0 
 46.601621715788475, -123.18899520343712, 20.0, 2020-10-16 10:20:00, 23672.504017698637, 150.0 
 46.61901516061634, -123.06597652102684, 40.0, 2020-10-16 10:35:00, 15455.960888506017, 150.0 
 46.72310596324694, -123.09952617709449, 47.692307692307686, 2020-10-16 11:10:00, 52025.4722788449, 300.0 
 48.97720683253738, -124.5116297951815, 20.0, 2020-10-17 00:40:00, 115882.26470231812, 150.0 
 48.937566663450305, -124.65739726554848, 55.17241379310345, 2020-10-17 11:57:30, 355609.1706502034, 150.0 
 48.87172871395924, -124.66274036726485, 57.931034482758626, 2020-10-17 12:00:00, 294609.1043103926, 150.0 
 47.353205558404404, -123.12670880909656, 20.0, 2020-10-17 01:12:30, 249147.00370169754, 300.0 
 47.26853108399946, -123.15824637620469, 20.0, 2020-10-17 01:22:30, 69008.1578183804, 150.0 
 47.3747082134566, -123.17940674619457, 27.586206896551722, 2020-10-17 01:25:00, 113802.64477003628, 150.0 
 48.817199140413805, -124.27891964040988, 20.0, 2020-10-17 11:55:00, 217606.47481916705, 300.0 
 48.744918515381904, -124.43851364092163, 20.0, 2020-10-17 12:05:00, 190888.68951407005, 300.0 
 48.70884133381776, -124.36153042914817, 20.000000000000004, 2020-10-17 12:07:30, 137423.5953040236, 300.0 
 48.75275543388247, -124.38079867200841, 35.38461538461539, 2020-10-17 12:10:00, 80660.00722001387, 150.0 
 48.90737570828357, -124.79937343823116, 57.24137931034483, 2020-10-17 12:12:30, 512383.7805484456, 300.0 
 48.96500205484997, -124.62662236043215, 20.0, 2020-10-17 12:15:00, 245450.13673116773, 150.0 
 48.80159406686086, -124.2671355873616, 23.846153846153847, 2020-10-17 12:37:30, 177840.73214237654, 300.0 
 48.879142105684046, -124.439426205252, 20.0, 2020-10-17 12:47:30, 192423.1326860294, 300.0 
 48.963255772470504, -124.46453880021294, 20.0, 2020-10-17 12:50:00, 140486.99077813354, 150.0 
 48.679268082504706, -124.26171301934805, 60.0, 2020-10-17 12:55:00, 143168.72659012495, 300.0 
 48.904927035147864, -124.49800377167566, 60.0, 2020-10-17 13:02:30, 333971.1953567453, 300.0 
 48.804456069402214, -124.4137832274207, 20.0, 2020-10-17 13:05:00, 255710.35530912242, 300.0 
 48.65958636572245, -124.31812647017327, 39.591836734693885, 2020-10-17 13:12:30, 195100.0201581634, 300.0 
 48.88163029885427, -124.40394974575783, 31.538461538461544, 2020-10-17 13:15:00, 391813.28092554613, 300.0 
 48.16869323159158, -123.12150759720856, 20.0, 2020-10-17 14:25:00, 83719.4552795832, 300.0 
 48.17618128069269, -123.25332401252356, 34.693877551020414, 2020-10-17 14:37:30, 184129.7658429387, 300.0 
 48.16808485494003, -123.2657692127528, 31.53846153846154, 2020-10-17 14:40:00, 139411.14639779454, 150.0 
 48.08623426770153, -123.49300076637392, 35.51020408163265, 2020-10-17 14:42:30, 118126.18320888144, 150.0 
 48.155129615783785, -123.33108734501309, 44.61538461538462, 2020-10-17 14:45:00, 145035.60358590737, 150.0 
 48.06748376023971, -123.1416763712738, 38.775510204081634, 2020-10-17 14:47:30, 73929.52891724108, 150.0 
 48.255891769074424, -123.13541907419047, 32.30769230769231, 2020-10-17 15:22:30, 216916.55087854984, 300.0 
 48.187372612680505, -123.22176767274169, 36.15384615384615, 2020-10-17 15:32:30, 168020.37896363362, 300.0 
 46.68930680114361, -123.24018328909077, 20.0, 2020-10-17 00:00:00, 198594.74353516052, 300.0 
 46.83572973996593, -123.26080771902501, 60.0, 2020-10-17 00:10:00, 170942.7037979783, 300.0 
 46.507194157126655, -123.18533171720529, 60.0, 2020-10-17 00:12:30, 151700.13137331104, 300.0 
 46.50494351585468, -123.16920653212148, 60.0, 2020-10-17 00:15:00, 88414.46548883834, 150.0 
 46.504026148025716, -123.169146037269, 60.0, 2020-10-17 00:17:30, 91727.82464428009, 150.0 
 47.48588929628916, -123.22290435789911, 20.0, 2020-10-17 00:27:30, 371221.59887318383, 300.0 
 46.4579290752428, -123.2312896604632, 40.0, 2020-10-17 00:50:00, 60448.189202588386, 300.0 
 47.37353508858375, -123.11107147080402, 20.000000000000004, 2020-10-17 01:02:30, 130785.45875429819, 300.0 
 47.2792198008808, -123.09945934951998, 24.137931034482754, 2020-10-17 01:20:00, 90223.55446376251, 300.0 
 47.24068564113635, -123.03620172736923, 36.15384615384615, 2020-10-17 01:27:30, 29498.809660245595, 150.0 
 47.27823451943833, -123.1318084580917, 31.428571428571427, 2020-10-17 01:30:00, 28731.89362471576, 150.0 
 47.181973859245865, -122.97041643235272, 34.6938775510204, 2020-10-17 01:42:30, 153277.80494514527, 300.0 
 47.31642678064344, -123.02351550715002, 20.0, 2020-10-17 01:50:00, 235619.55024681857, 300.0 
 47.22653469673439, -123.13918180727339, 20.0, 2020-10-17 01:52:30, 107917.15740837724, 150.0 
 46.471870314253366, -123.01934541713689, 37.95918367346938, 2020-10-17 05:37:30, 49021.06222019924, 150.0 
 46.431579786547005, -123.10454783105715, 59.310344827586206, 2020-10-17 05:52:30, 49246.85049014294, 300.0 
 46.574237353758036, -122.85121660673266, 55.17241379310345, 2020-10-17 06:00:00, 59890.10039472466, 300.0 
 46.37742748471723, -123.16081936445428, 20.0, 2020-10-17 06:17:30, 28277.67673748346, 150.0 
 46.432896304326974, -123.29476519980614, 39.59183673469387, 2020-10-17 06:27:30, 33053.78905449201, 300.0 
 46.55197861851859, -123.33621359347907, 30.000000000000004, 2020-10-17 06:32:30, 20899.250960122346, 300.0 
 46.63038607159812, -123.24288386501665, 20.0, 2020-10-17 07:42:30, 47073.49131697819, 300.0 
 46.35415927669653, -123.16991404974017, 20.0, 2020-10-17 08:00:00, 82652.98941581362, 300.0 
 46.581330968871825, -123.55558676727992, 51.724137931034484, 2020-10-17 09:20:00, 29265.46720140413, 300.0 
 46.58194158162325, -123.43028657318601, 59.99999999999999, 2020-10-17 09:22:30, 15250.013600670653, 150.0 
 46.55096509340829, -123.36679286592606, 45.38461538461539, 2020-10-17 09:30:00, 37650.292827156554, 300.0 
 46.471209542782404, -123.16033130034157, 29.6551724137931, 2020-10-17 09:55:00, 55644.02457123202, 300.0 
 46.5477811601195, -123.35191359344728, 20.0, 2020-10-17 11:05:00, 123627.79941680012, 300.0 
 46.372507053921346, -123.17112141071388, 20.0, 2020-10-17 11:07:30, 48527.465109363206, 150.0 
 46.55079255346081, -123.23086101921095, 20.0, 2020-10-17 11:32:30, 17950.020829482073, 150.0 
 46.47381771204386, -123.0460777102271, 60.0, 2020-10-17 11:47:30, 86624.47499278653, 300.0 
 46.40947957362209, -123.22272976443169, 60.0, 2020-10-17 12:30:00, 23749.46422311702, 150.0 
 46.51318199980851, -123.22833820268204, 60.0, 2020-10-17 12:32:30, 14102.400316056272, 150.0 
 46.510770379765056, -123.2175245746356, 40.40816326530612, 2020-10-17 13:20:00, 48366.658044783144, 300.0 
 46.47066666935178, -123.17759205685816, 44.61538461538462, 2020-10-17 13:22:30, 25250.48738152679, 150.0 
 46.46806233697395, -123.23063835144544, 20.0, 2020-10-17 16:57:30, 107826.07766370049, 300.0 
 46.50985303833231, -123.21746327690957, 43.84615384615384, 2020-10-17 17:40:00, 128623.32795805782, 300.0 
 46.48970480201298, -123.09766211204419, 20.000000000000004, 2020-10-17 17:52:30, 36092.978928016564, 300.0 
 46.57793041306884, -122.9767339434348, 60.0, 2020-10-17 17:57:30, 127180.96379754356, 300.0 
 46.83647286157396, -123.12020952227661, 53.10344827586207, 2020-10-17 18:07:30, 198717.32642836618, 300.0 
 46.57484605400255, -122.8299285165603, 55.172413793103445, 2020-10-17 18:22:30, 88104.08165525085, 150.0 
 46.557468186787055, -123.28061843954806, 60.0, 2020-10-17 18:27:30, 85467.23508720568, 300.0 
 46.51948004422781, -122.80531977614166, 20.0, 2020-10-17 18:50:00, 76903.20401464797, 300.0 
 47.051931901223895, -123.07788531742091, 53.103448275862064, 2020-10-17 22:35:00, 145486.09484865496, 300.0 
 47.126539205152184, -123.22145123968482, 57.241379310344826, 2020-10-17 22:45:00, 183389.18901973168, 300.0 
 46.95831215141881, -123.19264337175683, 56.55172413793103, 2020-10-17 22:52:30, 187171.6409903098, 300.0 
 46.94256545767944, -123.07750905843773, 60.0, 2020-10-17 22:55:00, 53254.19357669467, 150.0 
 46.9981258684997, -122.74527692338818, 30.76923076923077, 2020-10-17 23:10:00, 88376.98513538638, 300.0 
 46.81021748057591, -123.25371663097164, 20.0, 2020-10-17 23:27:30, 43799.032388373, 300.0 
 46.96187266477162, -123.39563208525179, 59.3103448275862, 2020-10-17 23:30:00, 37172.71773635241, 150.0 
 46.924740039141426, -122.80670821378797, 20.0, 2020-10-17 23:37:30, 124065.8769948694, 300.0 
 46.945112885858094, -122.93004500028363, 34.61538461538461, 2020-10-17 23:40:00, 85632.28418157696, 150.0 
 46.90435566380104, -123.12465782590193, 54.48275862068965, 2020-10-17 23:47:30, 99530.70605552018, 300.0 
 46.85390363415182, -123.26740506885903, 20.0, 2020-10-17 23:50:00, 57333.800264874524, 150.0 
 46.82472254961416, -123.26005896721651, 20.0, 2020-10-17 23:52:30, 44258.96846172793, 150.0 
 46.91946934115008, -123.08138000577661, 20.0, 2020-10-17 23:55:00, 31538.267279374468, 150.0 
 46.59089129676026, -123.03247886149138, 20.0, 2020-10-17 00:02:30, 64608.18118327395, 150.0 
 46.600514273342625, -123.21743202071643, 60.0, 2020-10-17 00:10:00, 119510.23833409813, 300.0 
 46.809296137500084, -123.27564630041526, 26.89655172413793, 2020-10-17 00:15:00, 151941.1490184516, 300.0 
 46.494737051143396, -123.22564502455106, 46.12244897959184, 2020-10-17 00:30:00, 183464.71398726516, 300.0 
 46.64779638483951, -123.19757859830405, 60.0, 2020-10-17 00:52:30, 23662.36969624163, 150.0 
 46.48992974269527, -123.244000183401, 60.0, 2020-10-17 00:55:00, 57014.005397214816, 150.0 
 46.43443318995605, -122.9745292376611, 51.0344827586207, 2020-10-17 05:05:00, 65205.15517137443, 300.0 
 46.33101395351129, -123.07770586849477, 20.000000000000004, 2020-10-17 05:35:00, 43943.01306814438, 300.0 
 46.380490717633705, -123.12166113224833, 20.0, 2020-10-17 05:42:30, 61404.19685321425, 300.0 
 46.41277216166166, -123.11006427169673, 20.0, 2020-10-17 05:55:00, 24305.451455706, 150.0 
 46.449673089648975, -123.16860057508795, 19.999999999999996, 2020-10-17 06:02:30, 20740.604509401997, 300.0 
 46.37745817155862, -123.12893990181848, 57.241379310344826, 2020-10-17 06:15:00, 54404.53915057146, 300.0 
 46.34693309762954, -123.12947736528288, 25.384615384615387, 2020-10-17 07:12:30, 35249.40681579297, 300.0 
 46.386347366791526, -123.2356617686076, 45.306122448979586, 2020-10-17 07:27:30, 138025.15933043076, 300.0 
 46.45167070870936, -123.41479036278386, 50.0, 2020-10-17 08:02:30, 26592.832539816605, 150.0 
 46.48077278762941, -123.23502343082723, 20.0, 2020-10-17 08:05:00, 21865.014237264582, 150.0 
 46.487562788228786, -123.29943399155508, 60.0, 2020-10-17 08:55:00, 39421.03942959787, 300.0 
 46.51588938682181, -123.40807425102963, 20.000000000000004, 2020-10-17 09:35:00, 13948.31040760873, 300.0 
 46.49408151198348, -123.5060293326449, 20.0, 2020-10-17 09:37:30, 5627.691446474409, 150.0 
 46.56314174576052, -123.09298052566987, 20.0, 2020-10-17 10:12:30, 42156.71642776553, 300.0 
 46.37290688927249, -123.12981821769142, 50.0, 2020-10-17 11:00:00, 69422.89518976289, 300.0 
 46.35965004910069, -123.06680060371596, 60.0, 2020-10-17 11:02:30, 45768.68968452633, 150.0 
 46.59256483224724, -123.0106450699107, 60.0, 2020-10-17 11:05:00, 107080.71774521939, 300.0 
 46.382793159673426, -123.18681332653553, 20.0, 2020-10-17 11:10:00, 35903.3044150381, 150.0 
 46.556477958818625, -123.18157043584574, 33.061224489795926, 2020-10-17 11:12:30, 35042.49919637278, 150.0 
 46.59549888927419, -123.1525458593336, 54.48275862068966, 2020-10-17 11:15:00, 26698.568662196303, 150.0 
 46.60441882266776, -123.13872323770484, 20.0, 2020-10-17 11:20:00, 36122.00019427543, 300.0 
 46.575238076224565, -123.34719798194156, 20.0, 2020-10-17 11:30:00, 40819.608318152, 300.0 
 46.50545988872425, -123.2517613440806, 60.0, 2020-10-17 11:35:00, 13245.165981293152, 150.0 
 46.431834797941036, -123.15595348036521, 20.0, 2020-10-17 11:42:30, 37514.71294599185, 300.0 
 46.37329200404805, -123.2448474011076, 45.38461538461539, 2020-10-17 12:25:00, 38432.15516653242, 300.0 
 46.256420610429736, -123.29380874536517, 60.00000000000001, 2020-10-17 12:27:30, 24238.988095605662, 150.0 
 46.583470158029044, -123.20324106951362, 31.03448275862069, 2020-10-17 18:00:00, 28072.624008817034, 150.0 
 46.46828307111397, -123.21998481883111, 20.0, 2020-10-17 18:05:00, 121083.4236612883, 300.0 
 46.43480307870498, -123.17816114509296, 20.0, 2020-10-17 18:07:30, 79066.60690355078, 300.0 
 46.60271270952515, -123.2721102854326, 55.17241379310345, 2020-10-17 18:12:30, 76494.40973761238, 300.0 
 46.56569127070612, -123.20128567038269, 20.0, 2020-10-17 18:15:00, 158778.96704855413, 150.0 
 46.56071324311418, -123.01688417990482, 20.0, 2020-10-17 18:20:00, 111549.79712274885, 300.0 
 46.271657795537806, -123.0076846349132, 20.0, 2020-10-17 18:22:30, 57797.93754443433, 300.0 
 46.72146701057234, -123.19279569884202, 60.0, 2020-10-17 18:30:00, 44304.30485859156, 150.0 
 46.583665596030045, -123.15483429546167, 20.0, 2020-10-17 18:37:30, 46567.65790369952, 300.0 
 46.3429150906504, -123.20650066356161, 33.87755102040816, 2020-10-17 18:42:30, 62322.87486673868, 300.0 
 46.45206896720501, -123.23515465835753, 23.846153846153847, 2020-10-17 19:05:00, 42586.7355147269, 300.0 
 46.283637393183106, -123.26727255929241, 20.0, 2020-10-17 19:07:30, 14483.525849083948, 150.0 
 46.74999708587074, -123.16032954133723, 20.0, 2020-10-17 23:32:30, 59277.238771101205, 300.0 
 47.147475914615015, -123.20734205555372, 20.0, 2020-10-18 03:52:30, 97688.63781571623, 300.0 
 47.1026280076454, -123.03698894419838, 20.0, 2020-10-18 13:07:30, 209837.51494528895, 300.0 
 47.0677229305349, -123.12132162201202, 60.0, 2020-10-18 14:17:30, 246096.673145181, 300.0 
 47.85101115455973, -123.34741830977568, 31.03448275862069, 2020-10-18 15:55:00, 50992.71341715457, 300.0 
 47.67187706496872, -123.20555956761464, 60.0, 2020-10-18 16:00:00, 135139.88615564242, 300.0 
 47.789879460924354, -123.50641198029848, 35.51020408163266, 2020-10-18 16:02:30, 65266.793985547316, 300.0 
 47.812390761984304, -123.61515735989491, 22.068965517241377, 2020-10-18 16:07:30, 65376.4749267073, 300.0 
 47.75976987156711, -123.29254247731197, 51.72413793103448, 2020-10-18 16:10:00, 33350.42614939944, 150.0 
 47.69919759091735, -123.07113506079149, 60.0, 2020-10-18 16:12:30, 75067.89947002589, 150.0 
 47.80299132536241, -123.62199556729087, 20.0, 2020-10-18 16:15:00, 42994.458768100885, 300.0 
 47.864443413544855, -123.4313666055032, 60.0, 2020-10-18 16:17:30, 22554.9682697333, 150.0 
 47.77187813133109, -123.5737038878549, 33.84615384615385, 2020-10-18 16:25:00, 54280.777467610904, 300.0 
 47.79441714678526, -123.4551487047853, 35.38461538461538, 2020-10-18 16:27:30, 38685.97828036671, 150.0 
 47.869350444824384, -123.42883879859943, 60.0, 2020-10-18 16:32:30, 51474.927904937154, 300.0 
 47.75619924223599, -123.62447867171235, 20.0, 2020-10-18 16:35:00, 47853.52715450992, 150.0 
 47.68523745607503, -123.5731722001363, 48.46153846153847, 2020-10-18 16:37:30, 45789.85108535514, 150.0 
 47.7489006544927, -123.18803795320932, 60.0, 2020-10-18 16:47:30, 152357.57107274642, 300.0 
 47.8242649258786, -123.3887864910547, 55.17241379310345, 2020-10-18 16:50:00, 30176.586505172178, 150.0 
 47.84519089628418, -123.49026340222547, 20.0, 2020-10-18 16:55:00, 44839.70594827842, 300.0 
 47.88838829559935, -123.68855707820936, 26.153846153846153, 2020-10-18 17:00:00, 60945.04740013525, 300.0 
 47.85491623010803, -123.47302237251779, 38.77551020408163, 2020-10-18 17:02:30, 35120.43500863728, 150.0 
 47.78868203145916, -123.3571517713972, 33.84615384615385, 2020-10-18 17:05:00, 64393.73025804342, 150.0 
 47.837176346838206, -123.36171611716571, 43.07692307692307, 2020-10-18 17:10:00, 150585.52206193132, 300.0 
 47.8346050629051, -123.39774277341523, 25.51724137931035, 2020-10-18 17:15:00, 163011.14568648854, 300.0 
 47.826595203060855, -123.42228133322263, 60.0, 2020-10-18 17:17:30, 36709.79558750405, 150.0 
 47.72232990158981, -123.2415753222094, 56.55172413793103, 2020-10-18 17:20:00, 41459.572360841965, 150.0 
 47.89830657131614, -123.45580042138468, 29.23076923076923, 2020-10-18 17:22:30, 106036.53646451303, 300.0 
 47.852903067279755, -123.32908106767721, 32.30769230769231, 2020-10-18 17:25:00, 34464.651078642, 150.0 
 48.02965336203038, -123.35008331390094, 44.61538461538461, 2020-10-18 17:32:30, 65151.482719952226, 300.0 
 47.66657632547169, -123.20932154150151, 60.0, 2020-10-18 17:37:30, 118685.73535381914, 300.0 
 47.76627038744595, -123.28510078093557, 51.03448275862069, 2020-10-18 17:45:00, 46057.03841412399, 300.0 
 47.70116563986252, -123.17815388111609, 60.0, 2020-10-18 17:50:00, 192138.6539895957, 300.0 
 47.68391068804422, -123.35002787373962, 20.0, 2020-10-18 18:00:00, 63006.77155427227, 300.0 
 47.809745628358556, -123.65115990093369, 20.0, 2020-10-18 18:17:30, 66249.08230259249, 300.0 
 47.80772481588919, -123.47686504993986, 44.61538461538461, 2020-10-18 18:20:00, 40034.80678847909, 150.0 
 47.839881363730214, -123.49401070204735, 46.92307692307692, 2020-10-18 18:35:00, 87411.2859791626, 300.0 
 47.766852101985535, -123.50190762358059, 20.0, 2020-10-18 18:37:30, 56712.38256315382, 150.0 
 47.875386579029936, -123.4134756330561, 53.846153846153854, 2020-10-18 18:40:00, 60250.866947442606, 150.0 
 47.89009614399517, -123.45593997731197, 20.0, 2020-10-18 19:00:00, 76534.791257881, 300.0 
 47.727972786193135, -123.11120798837773, 60.0, 2020-10-18 19:07:30, 172117.66389930222, 300.0 
 47.83554576961547, -123.31661171810963, 59.310344827586206, 2020-10-18 19:10:00, 55249.66954739631, 150.0 
 47.84502003739186, -123.41584621712317, 20.0, 2020-10-18 19:12:30, 55380.58815284271, 150.0 
 47.851529282782444, -123.4084090183579, 20.0, 2020-10-18 19:15:00, 46359.92001732821, 150.0 
 47.90913666827851, -123.47576900115803, 46.92307692307693, 2020-10-18 19:20:00, 66066.76544593535, 300.0 
 47.91243976449918, -123.47815571844617, 37.14285714285714, 2020-10-18 19:22:30, 35159.408371061756, 150.0 
 47.94358558483981, -123.47029870692126, 33.84615384615385, 2020-10-18 19:25:00, 29821.552115901977, 150.0 
 47.92294924470727, -123.40528496690402, 32.30769230769231, 2020-10-18 19:42:30, 49370.65626767411, 300.0 
 47.101783065241264, -123.15721294344449, 60.0, 2020-10-18 19:45:00, 448812.7687542483, 300.0 
 47.24525091412445, -123.21064029256833, 60.0, 2020-10-18 19:47:30, 107183.84698505027, 150.0 
 47.15470439857803, -123.23186601482577, 44.61538461538461, 2020-10-18 19:55:00, 262703.28539113805, 300.0 
 47.28091927697742, -123.20443633628183, 33.07692307692308, 2020-10-18 20:00:00, 82218.14396074502, 150.0 
 47.24672250682901, -123.19372277422511, 44.48979591836734, 2020-10-18 20:02:30, 53670.746296236764, 150.0 
 47.14135170896823, -123.05820202154766, 22.068965517241377, 2020-10-18 20:05:00, 66335.03730849292, 150.0 
 47.12397921417694, -122.91180406234899, 46.93877551020408, 2020-10-18 20:22:30, 165115.48349589, 300.0 
 46.831078282499156, -122.93236058631632, 20.0, 2020-10-18 00:07:30, 130850.71413658392, 300.0 
 46.78335918959999, -123.14350015176149, 20.0, 2020-10-18 00:10:00, 47062.65636874682, 150.0 
 46.72347367415381, -123.11817647117391, 36.15384615384616, 2020-10-18 00:20:00, 123206.5753936169, 300.0 
 46.60776139210719, -123.11464240000892, 44.61538461538461, 2020-10-18 00:22:30, 54757.17848642244, 150.0 
 46.94932708298942, -123.0054677127691, 35.51020408163265, 2020-10-18 00:25:00, 82228.30586643472, 300.0 
 46.83531687537795, -123.15763861852851, 60.0, 2020-10-18 00:32:30, 188151.76364326614, 300.0 
 46.65009502042883, -123.1721283959861, 38.77551020408163, 2020-10-18 00:35:00, 111038.02146270793, 150.0 
 46.54691035620124, -123.23726241123862, 43.846153846153854, 2020-10-18 00:37:30, 61939.54549832544, 150.0 
 46.860734486948196, -123.31209757909201, 22.758620689655174, 2020-10-18 00:52:30, 97770.8200645524, 300.0 
 46.68978979035787, -123.13735313648598, 44.61538461538461, 2020-10-18 01:15:00, 63415.15453852098, 300.0 
 46.852202723688634, -122.99529706371231, 60.0, 2020-10-18 01:17:30, 38954.72294417714, 150.0 
 46.70058075674226, -123.115347015699, 27.586206896551722, 2020-10-18 01:30:00, 126321.87797757237, 300.0 
 46.82921812084888, -123.2054509000444, 20.0, 2020-10-18 01:32:30, 50341.54761657886, 150.0 
 46.87140643019607, -122.93620087099708, 26.896551724137936, 2020-10-18 01:35:00, 30387.77549909487, 150.0 
 46.556779946258864, -123.06868782680999, 20.0, 2020-10-18 01:37:30, 77944.11204882858, 300.0 
 46.90213655974537, -123.04673010347216, 60.00000000000001, 2020-10-18 01:42:30, 121193.83162183514, 300.0 
 46.9535571546628, -123.19769472208958, 20.0, 2020-10-18 01:47:30, 87737.5427720345, 300.0 
 46.64166326104363, -123.11818399667435, 42.307692307692314, 2020-10-18 01:50:00, 56770.76063117149, 300.0 
 46.729742787872354, -123.29772814286927, 54.48275862068965, 2020-10-18 01:57:30, 117337.08376365111, 300.0 
 46.785313738754326, -123.19849605735507, 37.95918367346939, 2020-10-18 02:00:00, 42336.43390070381, 150.0 
 46.456155725427955, -123.17131334005182, 46.92307692307693, 2020-10-18 02:52:30, 121360.6818366078, 300.0 
 46.375722891583365, -123.06773747491921, 49.230769230769226, 2020-10-18 02:55:00, 13297.974894949908, 150.0 
 46.648290569711115, -123.11194191698777, 60.0, 2020-10-18 03:15:00, 24617.69079120345, 300.0 
 46.41132148974198, -123.36374194567563, 60.0, 2020-10-18 03:25:00, 25090.50493594519, 150.0 
 46.52696034374963, -123.170658408581, 60.0, 2020-10-18 03:32:30, 46349.275122134764, 150.0 
 46.88016471662162, -123.01314970864553, 60.0, 2020-10-18 03:35:00, 91741.26108324739, 300.0 
 46.923000568571794, -122.73685369357452, 20.0, 2020-10-18 03:40:00, 123285.08523297982, 300.0 
 47.01226774484444, -123.14250403683802, 46.15384615384615, 2020-10-18 03:42:30, 77719.00548313797, 300.0 
 46.87329450884474, -123.26470685114798, 51.03448275862069, 2020-10-18 03:50:00, 47099.153461166934, 300.0 
 46.993211439314344, -123.13452803554306, 33.84615384615385, 2020-10-18 03:55:00, 34244.46403815479, 150.0 
 46.964670846882235, -122.95273974955758, 35.51020408163266, 2020-10-18 03:57:30, 35067.519309398296, 150.0 
 46.74106820594948, -123.05380889221499, 60.0, 2020-10-18 04:00:00, 57308.062992928935, 300.0 
 46.90703277434927, -123.15702335622512, 20.0, 2020-10-18 04:02:30, 26473.03820226906, 150.0 
 46.884351520738335, -122.99598814645613, 27.586206896551722, 2020-10-18 04:15:00, 96622.35121936552, 300.0 
 46.91079679195769, -123.00302501623158, 32.30769230769231, 2020-10-18 04:17:30, 22878.428414491435, 150.0 
 46.77521397373465, -123.04930937014909, 20.0, 2020-10-18 04:20:00, 21680.371922656373, 150.0 
 47.00019695750764, -122.93212266914031, 34.69387755102041, 2020-10-18 04:25:00, 84039.03881076297, 300.0 
 46.793197348168974, -123.06250668056884, 60.0, 2020-10-18 04:37:30, 43593.615368714825, 300.0 
 46.93588567083223, -123.17503830973169, 26.89655172413793, 2020-10-18 04:40:00, 21807.170363194196, 150.0 
 46.83397280537628, -123.20041163082355, 48.46153846153846, 2020-10-18 04:47:30, 45246.38678846266, 300.0 
 46.8258987935443, -123.07532479566673, 20.0, 2020-10-18 05:20:00, 39279.137340407215, 300.0 
 46.69001061892663, -123.24691039273702, 20.0, 2020-10-18 05:27:30, 30785.488438976205, 300.0 
 46.72547252694155, -123.052809361606, 20.0, 2020-10-18 06:00:00, 47341.14373977418, 300.0 
 46.858530323631406, -123.12031359031164, 34.61538461538462, 2020-10-18 06:02:30, 25774.96646113282, 150.0 
 46.71097494722915, -123.16546998093233, 20.0, 2020-10-18 06:07:30, 24414.232514440235, 150.0 
 46.830465835004105, -123.31000875272979, 60.0, 2020-10-18 06:15:00, 48921.57990574708, 300.0 
 46.81675085019563, -123.36396781703164, 60.0, 2020-10-18 06:17:30, 41042.824177809875, 150.0 
 46.89127319394822, -123.16134310940458, 20.000000000000004, 2020-10-18 06:20:00, 91440.70984512866, 300.0 
 46.80570538171211, -123.13426109908117, 20.0, 2020-10-18 06:22:30, 74039.55992259285, 300.0 
 46.7880597230014, -123.11035281586562, 20.0, 2020-10-18 06:25:00, 29847.156721974923, 150.0 
 46.37857402037969, -123.09448330143051, 20.0, 2020-10-18 07:05:00, 29929.890232678557, 300.0 
 46.165015158331926, -123.4697990378541, 60.00000000000001, 2020-10-18 07:07:30, 81407.1459160292, 300.0 
 46.349463585156066, -123.28776113372646, 60.0, 2020-10-18 07:17:30, 44857.446949384655, 300.0 
 46.31337954441147, -123.486992416971, 52.41379310344827, 2020-10-18 07:30:00, 23934.544394111064, 300.0 
 46.29476860148621, -123.27344109158533, 60.0, 2020-10-18 07:32:30, 29026.63765081389, 150.0 
 46.633368088496134, -123.45929249749545, 25.517241379310345, 2020-10-18 08:02:30, 101676.35568805481, 300.0 
 46.5003566767099, -123.1689040578591, 20.0, 2020-10-18 08:27:30, 18280.976128082166, 300.0 
 46.29572620976335, -123.21514829786538, 60.0, 2020-10-18 08:47:30, 23362.72854298215, 300.0 
 46.33157228419935, -123.03837716262764, 50.3448275862069, 2020-10-18 08:57:30, 41219.40129789302, 300.0 
 46.37573056923179, -122.9761001947972, 41.224489795918366, 2020-10-18 09:00:00, 26912.4187047715, 150.0 
 46.427033667497845, -123.10292462826439, 25.51724137931034, 2020-10-18 09:22:30, 118473.48127746537, 300.0 
 46.282789473651505, -123.4131950388866, 60.0, 2020-10-18 09:27:30, 69420.78066941634, 300.0 
 46.33181851031903, -123.29320002859416, 60.0, 2020-10-18 09:30:00, 14690.515005552608, 150.0 
 46.36018450241306, -123.09462675317371, 27.346938775510203, 2020-10-18 09:37:30, 57743.563059414984, 300.0 
 46.49699936695164, -123.41362873079323, 40.0, 2020-10-18 10:02:30, 48514.344731252655, 300.0 
 46.56485838395643, -122.92127973770754, 33.87755102040816, 2020-10-18 11:22:30, 88949.93913712236, 300.0 
 46.381449532378696, -123.2367990590329, 20.0, 2020-10-18 11:42:30, 89415.8472661295, 300.0 
 46.612671872381426, -123.04426498733167, 60.0, 2020-10-18 11:45:00, 69131.12867510086, 300.0 
 46.36756486065018, -123.09377430035656, 20.0, 2020-10-18 11:47:30, 119240.88047144563, 300.0 
 46.38111521900943, -123.04151722255818, 20.0, 2020-10-18 11:50:00, 72648.3196555995, 150.0 
 46.67846995614425, -123.2341095430745, 20.0, 2020-10-18 12:17:30, 72673.01829734416, 300.0 
 46.608237506714914, -122.94662013642466, 57.241379310344826, 2020-10-18 12:25:00, 79886.71710689558, 300.0 
 46.51079741189807, -122.97787033915262, 52.41379310344828, 2020-10-18 12:27:30, 44641.209898330984, 150.0 
 46.775598000465976, -123.12693376625603, 20.0, 2020-10-18 12:30:00, 122648.17483047403, 300.0 
 46.737241839108435, -123.177904527299, 20.0, 2020-10-18 12:32:30, 91056.4051380061, 150.0 
 46.55196502212318, -123.10568655729554, 45.30612244897959, 2020-10-18 12:35:00, 66596.32751751565, 150.0 
 46.28960833841103, -123.17628416153998, 44.61538461538461, 2020-10-18 12:37:30, 139974.06510520895, 300.0 
 46.382137774743654, -123.12792056889927, 33.07692307692308, 2020-10-18 12:42:30, 152913.66520563004, 150.0 
 46.637117524260574, -123.11655318789954, 59.99999999999999, 2020-10-18 12:45:00, 441305.1889319278, 300.0 
 46.54069578004092, -123.08364166965636, 60.00000000000001, 2020-10-18 13:12:30, 198981.14735427912, 300.0 
 46.20105357078326, -123.0076265342715, 44.61538461538462, 2020-10-18 13:17:30, 62053.51212323725, 300.0 
 46.64561751212224, -123.2265590909027, 60.00000000000001, 2020-10-18 13:22:30, 113519.48838860466, 300.0 
 46.389917959573474, -123.23072344628125, 20.0, 2020-10-18 13:25:00, 130430.67064254126, 300.0 
 46.604808023100816, -123.06110173719449, 60.0, 2020-10-18 13:30:00, 103740.39497544582, 300.0 
 46.812176220655026, -123.50023499059435, 59.310344827586206, 2020-10-18 13:35:00, 172499.85183927327, 300.0 
 46.88993390562887, -123.40261839541262, 40.0, 2020-10-18 13:37:30, 89287.32207478544, 150.0 
 46.99045952141418, -123.13434655839158, 20.000000000000004, 2020-10-18 13:42:30, 97318.42687542061, 300.0 
 46.8258432363281, -123.195849912423, 20.0, 2020-10-18 13:45:00, 64976.7783090198, 150.0 
 46.91063209598078, -122.75222354427197, 50.76923076923077, 2020-10-18 14:00:00, 157064.88855438665, 300.0 
 46.76322984591249, -123.39768709722611, 20.0, 2020-10-18 14:05:00, 92540.38279910819, 150.0 
 46.87840710827874, -122.97952785055216, 20.0, 2020-10-18 14:07:30, 217995.0717560929, 300.0 
 46.786748775183156, -123.00187480597748, 20.0, 2020-10-18 14:10:00, 98641.36475705114, 150.0 
 46.73248733407077, -123.18293660113426, 48.46153846153847, 2020-10-18 14:12:30, 132465.6804204369, 150.0 
 46.63388468945198, -123.24845815659097, 20.0, 2020-10-18 14:25:00, 241742.61244926244, 300.0 
 46.44655609175598, -123.21323818826512, 33.07692307692308, 2020-10-18 16:57:30, 298330.0654731373, 300.0 
 46.60113837932762, -123.06086665154083, 36.326530612244895, 2020-10-18 17:15:00, 172531.09484284645, 150.0 
 46.612792925089316, -123.04027108244628, 55.86206896551724, 2020-10-18 17:35:00, 370077.20140091825, 300.0 
 47.63891794066149, -122.99540656218838, 60.0, 2020-10-18 17:42:30, 862677.5155497856, 300.0 
 46.56692087793051, -122.97604650713713, 36.326530612244895, 2020-10-18 17:47:30, 248935.1354194813, 300.0 
 46.642785075166174, -123.05152474841414, 46.92307692307692, 2020-10-18 17:57:30, 330369.66350813734, 300.0 
 46.76129131151657, -123.05376745209819, 33.84615384615385, 2020-10-18 18:12:30, 446008.74014124105, 300.0 
 46.64801814722736, -123.03050360438434, 60.0, 2020-10-18 18:17:30, 314763.7166250394, 300.0 
 46.37951924843801, -123.29644546654586, 60.0, 2020-10-18 18:27:30, 697577.4196298758, 300.0 
 46.59962824925791, -123.1101125844481, 60.0, 2020-10-18 18:32:30, 373746.1717178001, 150.0 
 46.59209298979764, -122.86962318497952, 20.0, 2020-10-18 18:37:30, 339740.67802062846, 300.0 
 46.80753490575543, -123.30842788389302, 60.0, 2020-10-18 18:57:30, 586860.0433703767, 300.0 
 46.87681340498673, -123.00221381344821, 33.07692307692308, 2020-10-18 19:00:00, 169675.56673622673, 150.0 
 46.73107064302408, -123.14006236095153, 57.24137931034483, 2020-10-18 19:17:30, 397077.7328463923, 300.0 
 46.64661621336843, -123.04643088730278, 50.3448275862069, 2020-10-18 19:20:00, 119708.91691803085, 150.0 
 46.98444457717467, -122.93651602560827, 19.999999999999996, 2020-10-18 19:27:30, 693298.6108126488, 300.0 
 46.75280443469528, -122.99973112037205, 20.0, 2020-10-18 19:45:00, 370597.7306171809, 300.0 
 47.048836776897026, -122.90287713606139, 34.61538461538461, 2020-10-18 19:50:00, 727226.8366137167, 300.0 
 46.91644921456172, -123.05972153119527, 33.84615384615385, 2020-10-18 19:52:30, 197884.43301448677, 150.0 
 47.16119799852054, -123.02031163587024, 33.87755102040816, 2020-10-18 19:57:30, 452892.7247881337, 300.0 
 47.066815229498665, -122.94837314276637, 55.862068965517246, 2020-10-18 20:02:30, 243147.63491007354, 300.0 
 47.01022236120307, -123.05905433456289, 53.103448275862064, 2020-10-18 20:25:00, 92880.28623525068, 150.0 
 47.095108455513575, -123.10895538896952, 35.51020408163265, 2020-10-18 20:27:30, 82370.10719517413, 150.0 
 47.109731680012175, -122.89452001452659, 47.69230769230769, 2020-10-18 20:30:00, 88849.83288478658, 150.0 
 47.25439073945602, -122.78332066831342, 54.48275862068965, 2020-10-18 20:32:30, 92273.09591505298, 150.0 
 46.46440241649097, -122.77013720167545, 33.07692307692308, 2020-10-18 20:40:00, 228419.91961609718, 300.0 
 47.0580889499689, -122.96396642525245, 35.51020408163265, 2020-10-18 21:10:00, 226136.74181324363, 300.0 
 46.76536880051685, -122.72098529941051, 41.53846153846153, 2020-10-18 21:20:00, 282636.9682498835, 300.0 
 46.66645107199694, -122.77533691408308, 20.0, 2020-10-18 21:22:30, 122684.9730524596, 150.0 
 46.52449140100069, -122.7243943421187, 20.0, 2020-10-18 21:35:00, 213370.42856697916, 300.0 
 46.97292751277586, -122.95325568300267, 39.59183673469388, 2020-10-18 21:37:30, 485922.3823174144, 300.0 
 46.56382040524529, -122.79728942746894, 46.15384615384615, 2020-10-18 21:45:00, 396132.9477265273, 300.0 
 46.52176986109768, -122.68962070891031, 33.84615384615385, 2020-10-18 21:47:30, 170154.64304426772, 150.0 
 46.74653705497875, -122.86830060916441, 53.793103448275865, 2020-10-18 21:52:30, 284051.7692391866, 300.0 
 46.82914807584973, -122.87198070745052, 35.51020408163266, 2020-10-18 21:55:00, 153347.74266473224, 150.0 
 46.612878128804624, -122.9135624661265, 56.55172413793104, 2020-10-18 22:00:00, 163093.30038399482, 300.0 
 46.926082739533214, -122.75849652829336, 20.0, 2020-10-18 22:15:00, 229212.3804915469, 300.0 
 46.74978559715785, -122.85111511160491, 35.51020408163265, 2020-10-18 22:22:30, 131858.09911629301, 150.0 
 46.92333492731662, -122.824062586697, 58.62068965517241, 2020-10-18 22:45:00, 399800.22533428506, 300.0 
 46.83490397742553, -122.92724047098605, 43.84615384615385, 2020-10-18 22:47:30, 162888.64511234977, 150.0 
 46.99719027072942, -123.00313379716877, 20.0, 2020-10-18 23:02:30, 253465.08912208467, 300.0 
 46.672575078565565, -122.78637845576068, 46.92307692307693, 2020-10-18 23:12:30, 417534.9322061558, 300.0 
 46.55708605887239, -123.14787969075765, 42.85714285714285, 2020-10-18 00:32:30, 109610.71106792385, 300.0 
 46.72699249804912, -123.18229834113593, 20.0, 2020-10-18 01:45:00, 24361.860953622418, 150.0 
 46.62626445250907, -123.1344934497124, 60.0, 2020-10-18 01:52:30, 16272.138513216694, 150.0 
 46.70954064533541, -123.24492035918738, 60.0, 2020-10-18 02:02:30, 13272.298513646754, 150.0 
 46.458107625977235, -122.91087862223225, 60.0, 2020-10-18 03:02:30, 28878.48727264668, 300.0 
 46.19884462989512, -123.09124723092611, 20.0, 2020-10-18 03:12:30, 21781.55549482323, 300.0 
 46.242553631044565, -123.14289409002049, 31.53846153846154, 2020-10-18 03:17:30, 55981.72931232272, 300.0 
 46.32647202358318, -123.19895007527289, 20.0, 2020-10-18 03:20:00, 43450.73422812924, 150.0 
 46.38655548604351, -123.18742996128466, 20.0, 2020-10-18 03:22:30, 40236.344251356946, 150.0 
 46.33697502537065, -123.27317027075817, 39.59183673469388, 2020-10-18 03:27:30, 20578.961132975146, 150.0 
 46.38333118141432, -123.32457537898276, 37.14285714285714, 2020-10-18 03:30:00, 20281.5261069297, 150.0 
 46.51712998881488, -123.2884404013451, 20.0, 2020-10-18 03:42:30, 27181.6568080433, 300.0 
 46.251595559493424, -123.13047120778016, 60.00000000000001, 2020-10-18 03:45:00, 49490.42689192328, 300.0 
 46.69805570035402, -123.15961012492875, 34.61538461538462, 2020-10-18 03:47:30, 46376.621697602786, 300.0 
 46.798043434851024, -123.26701340951041, 42.857142857142854, 2020-10-18 05:02:30, 36740.63474728382, 300.0 
 46.85382195198646, -123.15098137220521, 20.0, 2020-10-18 06:05:00, 29485.58052585942, 150.0 
 46.74732392180232, -123.1716289111575, 60.0, 2020-10-18 06:10:00, 15374.117222195364, 150.0 
 46.56730166097492, -123.30035966322373, 42.04081632653062, 2020-10-18 06:17:30, 40102.39717092623, 300.0 
 46.582563169191545, -123.2746163818727, 20.0, 2020-10-18 06:20:00, 32038.151608989323, 300.0 
 46.36737428819398, -123.32224575090285, 20.0, 2020-10-18 07:27:30, 16007.778562715986, 300.0 
 46.56270708017479, -123.21931871456306, 20.0, 2020-10-18 07:30:00, 14011.53386234886, 150.0 
 46.23752918270397, -123.67236255249071, 20.0, 2020-10-18 07:40:00, 27981.221853040828, 300.0 
 46.4707310226918, -123.16588455134512, 39.59183673469387, 2020-10-18 07:45:00, 38892.35668599412, 300.0 
 46.362708714168775, -123.17996264714611, 20.0, 2020-10-18 07:47:30, 40307.0038976454, 150.0 
 46.54178571531399, -123.10250001800641, 20.0, 2020-10-18 07:57:30, 30244.89525030778, 300.0 
 46.509633130666415, -123.13557334704406, 20.0, 2020-10-18 08:00:00, 14290.798146325844, 150.0 
 46.60623451974699, -123.27009295846825, 20.0, 2020-10-18 08:17:30, 31534.116927631505, 300.0 
 46.37679020637198, -123.1719031525551, 60.0, 2020-10-18 09:02:30, 14635.2923830102, 150.0 
 46.410468985953926, -123.46135120510701, 60.0, 2020-10-18 09:05:00, 10787.379455066675, 150.0 
 46.44419369819392, -123.3626083737908, 25.384615384615387, 2020-10-18 09:07:30, 20372.020546376298, 150.0 
 46.63172444438696, -123.31630981261091, 45.38461538461539, 2020-10-18 09:10:00, 21165.83079609665, 150.0 
 46.37785322816222, -123.0632663098346, 20.0, 2020-10-18 10:12:30, 22884.862225289897, 300.0 
 46.279214564207166, -123.38165655987473, 20.0, 2020-10-18 11:50:00, 94611.5767580858, 300.0 
 46.48808575628034, -123.17327145273731, 40.0, 2020-10-18 11:52:30, 46869.16052519224, 300.0 
 46.36500082181486, -123.32670849931947, 24.137931034482754, 2020-10-18 12:05:00, 34973.048375491184, 300.0 
 46.48547279127894, -123.19523199321107, 22.75862068965517, 2020-10-18 12:07:30, 25075.052027784444, 150.0 
 46.47192457507888, -123.21928687591702, 20.0, 2020-10-18 12:20:00, 21887.667673957025, 150.0 
 46.38469788840336, -123.24802408387104, 30.0, 2020-10-18 12:22:30, 19906.074542221195, 150.0 
 46.3936236310487, -123.053507644324, 25.384615384615387, 2020-10-18 12:25:00, 28835.02353893967, 150.0 
 46.322353185811735, -123.02454709567118, 60.00000000000001, 2020-10-18 12:30:00, 73819.40472111979, 300.0 
 46.417954333146504, -123.24703259236749, 60.0, 2020-10-18 12:40:00, 102739.14354050728, 150.0 
 46.36780582116245, -123.11474153877654, 60.0, 2020-10-18 12:45:00, 129318.07004392771, 150.0 
 46.73658380866334, -123.12519841042062, 43.84615384615384, 2020-10-18 12:47:30, 103876.59105788195, 150.0 
 46.36344366383433, -123.14770344655113, 20.0, 2020-10-18 12:50:00, 181506.9555545489, 300.0 
 46.384556571475, -123.17576528746275, 24.82758620689655, 2020-10-18 12:52:30, 82274.38537793029, 150.0 
 46.72823182357615, -122.99477121634025, 20.0, 2020-10-18 12:55:00, 215887.38778856816, 300.0 
 46.489448071120876, -123.23872788533073, 20.0, 2020-10-18 13:02:30, 138495.8332388212, 300.0 
 46.76847996513591, -123.05831855700109, 38.77551020408164, 2020-10-18 13:07:30, 348570.57108849287, 300.0 
 46.58528451158279, -123.0120717526148, 41.22448979591836, 2020-10-18 13:10:00, 118717.60390642424, 150.0 
 46.279621654366295, -123.0930006664208, 20.0, 2020-10-18 13:12:30, 120521.65742728893, 300.0 
 46.459627713382055, -123.15595793873275, 30.0, 2020-10-18 13:27:30, 39793.6896659316, 150.0 
 46.385229788899565, -123.26398495095505, 24.13793103448276, 2020-10-18 13:30:00, 30889.539219249997, 150.0 
 46.550618701186906, -122.95841468207189, 20.0, 2020-10-18 13:32:30, 42297.22465523704, 150.0 
 46.45516120476181, -123.23858389130051, 29.230769230769234, 2020-10-18 13:40:00, 110385.79039534957, 300.0 
 46.223437358550086, -123.14656921995817, 60.0, 2020-10-18 13:50:00, 64498.93190329212, 300.0 
 46.49350505422678, -122.95219780931922, 60.0, 2020-10-18 14:00:00, 55037.35213985585, 300.0 
 46.854791649742026, -123.16159615929189, 60.0, 2020-10-18 14:02:30, 186742.0199906463, 300.0 
 46.69726063754779, -123.12071643179866, 44.48979591836734, 2020-10-18 14:15:00, 94832.41787107139, 150.0 
 46.635667213996854, -123.10576873307352, 60.0, 2020-10-18 14:17:30, 73829.2747294198, 150.0 
 46.662046210809386, -123.22174118747816, 45.38461538461539, 2020-10-18 15:12:30, 33788.0218053211, 300.0 
 46.611700705996256, -123.13731340439992, 59.3103448275862, 2020-10-18 16:47:30, 213853.54638150134, 300.0 
 46.45593155377727, -123.03601295858361, 49.23076923076923, 2020-10-18 17:12:30, 148758.43405081044, 300.0 
 46.45337967047381, -123.38231232246686, 60.00000000000001, 2020-10-18 17:15:00, 165033.82692523953, 300.0 
 46.59925967316091, -123.11283933463211, 25.384615384615383, 2020-10-18 17:17:30, 178108.17361125757, 300.0 
 46.521466301106074, -123.13328531789338, 20.0, 2020-10-18 17:25:00, 309187.0241909977, 300.0 
 46.49006629730121, -122.96495059771792, 20.0, 2020-10-18 18:25:00, 266818.8562646679, 300.0 
 46.5115727433178, -123.15666907318649, 43.6734693877551, 2020-10-18 18:30:00, 225591.76294007563, 150.0 
 46.76917930589449, -123.03660562711818, 30.76923076923077, 2020-10-18 19:02:30, 209899.29819850804, 150.0 
 46.7438431191149, -122.9633911203509, 46.15384615384616, 2020-10-18 19:27:30, 343129.69568224263, 300.0 
 46.8083011484336, -123.09909898954697, 20.0, 2020-10-18 19:30:00, 135881.83703800355, 150.0 
 46.71885732715188, -122.97370980049419, 45.38461538461539, 2020-10-18 19:32:30, 163869.92455886828, 150.0 
 46.63462285396045, -123.08445149042323, 38.77551020408163, 2020-10-18 19:57:30, 290719.82712615386, 300.0 
 46.56911291083231, -122.63621831970218, 57.241379310344826, 2020-10-18 22:17:30, 299721.13008426124, 300.0 
 46.649939738410865, -122.60902070584028, 60.0, 2020-10-18 22:20:00, 141092.5076406105, 150.0 
 47.18988931719099, -122.65815485478655, 20.0, 2020-10-19 04:15:00, 170120.1093041643, 300.0 
 46.99750878647113, -123.26110411908994, 46.15384615384615, 2020-10-19 00:02:30, 240258.11948950877, 300.0 
 46.96763484708129, -123.00797264624592, 30.769230769230774, 2020-10-19 00:07:30, 195026.0959859546, 150.0 
 47.11155796158988, -123.08176081708754, 58.62068965517241, 2020-10-19 00:10:00, 222576.94371101598, 150.0 
 46.91680008340281, -122.82769400916993, 34.69387755102041, 2020-10-19 00:30:00, 410808.68942897156, 300.0 
 46.80469800386943, -122.79420184034934, 20.0, 2020-10-19 00:32:30, 121082.26489920747, 150.0 
 47.00379323608857, -122.806061746767, 47.692307692307686, 2020-10-19 00:35:00, 163856.77211950277, 150.0 
 47.15247063660727, -122.67891753898775, 60.0, 2020-10-19 00:37:30, 221318.09728728165, 150.0 
 46.95385426680708, -122.68363098696041, 20.0, 2020-10-19 00:42:30, 348185.0410452011, 300.0 
 46.753721855400116, -122.99978899011197, 60.0, 2020-10-19 00:50:00, 277738.1840160061, 300.0 
 46.915662410482774, -122.99394400428379, 37.142857142857146, 2020-10-19 00:52:30, 140614.8128925932, 150.0 
 46.892575616661134, -122.74043979811923, 34.61538461538462, 2020-10-19 00:55:00, 164383.14116579684, 150.0 
 46.91580740268262, -122.73106887401154, 45.38461538461539, 2020-10-19 00:57:30, 256879.19231100564, 150.0 
 46.74057535013979, -123.18882284202401, 40.40816326530612, 2020-10-19 01:00:00, 287957.1302736383, 300.0 
 47.01248764166749, -122.85629659832615, 49.230769230769226, 2020-10-19 01:05:00, 297700.70312089636, 300.0 
 46.87954624812676, -122.94072739268685, 20.0, 2020-10-19 01:10:00, 230315.57954485423, 300.0 
 46.761488217487894, -122.447970264178, 35.51020408163265, 2020-10-19 01:20:00, 320847.1908462206, 300.0 
 46.97808602933256, -122.77229996917532, 38.775510204081634, 2020-10-19 01:25:00, 331232.18036281323, 300.0 
 46.87807886395349, -122.732891763097, 60.0, 2020-10-19 01:45:00, 377139.8928432998, 300.0 
 46.831907697464224, -122.60433530748931, 53.793103448275865, 2020-10-19 01:50:00, 240924.2522972041, 150.0 
 46.71304137841314, -122.58167775731884, 27.692307692307693, 2020-10-19 01:55:00, 161199.95661542652, 150.0 
 47.009275657896055, -122.99852640499441, 47.69230769230769, 2020-10-19 02:00:00, 174625.73150509098, 300.0 
 46.67905786971677, -123.09791793162324, 20.0, 2020-10-19 02:05:00, 176964.6960612029, 300.0 
 46.78577911800795, -122.64590961526876, 60.0, 2020-10-19 02:17:30, 397874.63133669447, 300.0 
 46.84165612527776, -123.07098453429754, 32.30769230769231, 2020-10-19 02:22:30, 309719.9617486511, 300.0 
 46.87580131442936, -123.06648777090062, 30.000000000000004, 2020-10-19 02:25:00, 133841.20632095487, 150.0 
 46.739951845548816, -123.17942153368938, 37.14285714285714, 2020-10-19 02:30:00, 219754.1461432685, 300.0 
 46.97489281561737, -122.4754081892794, 45.38461538461539, 2020-10-19 02:32:30, 269377.5478918609, 300.0 
 46.92180581960918, -122.46720177288829, 40.40816326530613, 2020-10-19 02:35:00, 272041.0325192785, 150.0 
 46.89949176206243, -122.6201805783283, 40.408163265306115, 2020-10-19 02:37:30, 223062.7673509791, 150.0 
 46.620922128467654, -122.65928289037302, 56.55172413793103, 2020-10-19 02:40:00, 397653.5420626078, 300.0 
 46.87912802356226, -122.79460485420418, 60.0, 2020-10-19 02:45:00, 660665.3580973385, 300.0 
 46.82884203272463, -122.85053683429098, 60.0, 2020-10-19 02:47:30, 132372.7266369581, 150.0 
 46.90499460582187, -123.07373597738176, 45.38461538461539, 2020-10-19 02:50:00, 228099.1305851822, 150.0 
 46.86484852992875, -123.03361891252125, 45.384615384615394, 2020-10-19 02:52:30, 338705.2062820179, 300.0 
 46.97518830270831, -122.74393275551819, 60.00000000000001, 2020-10-19 03:17:30, 260794.90182234897, 300.0 
 46.80961701049044, -122.3207071684651, 20.0, 2020-10-19 03:22:30, 395822.2375981926, 300.0 
 46.847176718877385, -122.75386211928338, 60.00000000000001, 2020-10-19 03:25:00, 236636.07210018134, 300.0 
 46.83764954683233, -122.6649171135221, 20.0, 2020-10-19 03:30:00, 338983.7008345773, 300.0 
 46.81889635735998, -122.53935460140355, 60.0, 2020-10-19 03:32:30, 173427.87743568173, 150.0 
 46.96799071497556, -122.83748603732498, 46.92307692307692, 2020-10-19 03:35:00, 359630.01960725535, 300.0 
 46.89272250243949, -122.73508606748624, 49.230769230769226, 2020-10-19 03:40:00, 255135.14443082624, 300.0 
 46.98160734506092, -122.77787942876193, 44.48979591836734, 2020-10-19 03:45:00, 406263.24373968353, 300.0 
 46.914155181955564, -122.75779496465329, 33.84615384615385, 2020-10-19 03:47:30, 181068.32982829784, 150.0 
 46.42045246953882, -123.30987030956834, 50.3448275862069, 2020-10-19 03:57:30, 85226.01485791107, 300.0 
 47.001028360417585, -122.5318764262662, 20.0, 2020-10-19 04:05:00, 96332.13104400353, 300.0 
 46.704923177287775, -122.57588551037173, 19.999999999999996, 2020-10-19 04:07:30, 259199.88415588185, 300.0 
 46.932208951736875, -122.52811985712756, 20.0, 2020-10-19 04:15:00, 106410.2209461577, 300.0 
 46.93386374296263, -122.74285474428828, 20.0, 2020-10-19 04:17:30, 94554.01422535194, 150.0 
 46.92500261267742, -122.79733389015755, 36.326530612244895, 2020-10-19 04:20:00, 106937.90864417412, 150.0 
 46.97074786622427, -122.73830247670196, 38.77551020408163, 2020-10-19 04:22:30, 166177.0556940963, 150.0 
 46.97071109581163, -122.73964285107067, 42.85714285714285, 2020-10-19 04:25:00, 201987.65328335427, 150.0 
 46.84495670709002, -122.56220767775812, 60.00000000000001, 2020-10-19 04:35:00, 128755.14123065556, 300.0 
 46.969596251873895, -122.67916615285861, 29.230769230769234, 2020-10-19 04:37:30, 80337.72207606593, 150.0 
 46.89486266123886, -122.5153610492614, 33.84615384615385, 2020-10-19 04:45:00, 159331.54829161896, 300.0 
 46.840165937475255, -122.60479672810632, 53.103448275862064, 2020-10-19 04:47:30, 85427.96944075612, 150.0 
 46.89784469876416, -122.54233374180617, 37.142857142857146, 2020-10-19 04:50:00, 116746.72772210551, 150.0 
 47.06482754514167, -122.6227779560551, 33.06122448979592, 2020-10-19 04:52:30, 122278.97639844193, 150.0 
 47.04758587191899, -122.68364716979276, 37.142857142857146, 2020-10-19 04:55:00, 115056.56549881074, 150.0 
 47.01439413541098, -122.65352390280935, 36.326530612244895, 2020-10-19 04:57:30, 110686.92343968948, 150.0 
 46.939173694148664, -122.68278818590431, 42.04081632653061, 2020-10-19 05:02:30, 260201.33220873697, 300.0 
 46.93081836310339, -122.71987071422345, 38.77551020408163, 2020-10-19 05:05:00, 173585.61917303037, 150.0 
 46.900540116283736, -122.7181121915548, 37.95918367346938, 2020-10-19 05:07:30, 290499.0488228294, 300.0 
 46.9321212157132, -122.67165124221276, 60.0, 2020-10-19 05:10:00, 80258.76449526784, 150.0 
 47.167222077623464, -122.42646828976973, 60.0, 2020-10-19 05:12:30, 277744.44490580226, 300.0 
 46.83554243261848, -122.74246664447985, 20.0, 2020-10-19 05:17:30, 64518.879910469375, 300.0 
 46.973975206246195, -122.47535901420957, 60.0, 2020-10-19 05:37:30, 251808.33776664743, 300.0 
 46.89046948832917, -122.54327037834614, 60.00000000000001, 2020-10-19 05:40:00, 72322.7966033962, 150.0 
 46.961739520577105, -122.79818017853337, 20.0, 2020-10-19 05:42:30, 35798.251637550544, 150.0 
 47.02165414343759, -122.82460026356053, 33.06122448979591, 2020-10-19 06:05:00, 93164.93738032503, 300.0 
 46.98645580788674, -122.73519248584918, 20.0, 2020-10-19 06:07:30, 55009.460318621524, 150.0 
 46.982344442098764, -122.75106616557494, 20.0, 2020-10-19 06:10:00, 82687.93036864734, 150.0 
 46.86596373337516, -122.60221887789943, 59.31034482758621, 2020-10-19 06:22:30, 60284.37780827923, 300.0 
 46.96601002982996, -122.77695584275732, 60.0, 2020-10-19 06:25:00, 33638.78379624186, 150.0 
 46.848834912263385, -123.09658730175138, 20.0, 2020-10-19 00:05:00, 118002.39839078231, 150.0 
 46.68402769305997, -122.64518708003769, 20.0, 2020-10-19 00:12:30, 127714.78608457914, 300.0 
 46.75773276356687, -122.90535941817771, 38.775510204081634, 2020-10-19 00:37:30, 154203.35736170164, 300.0 
 46.746703941069555, -122.82529855243521, 47.69230769230769, 2020-10-19 01:47:30, 101955.66012767814, 150.0 
 46.57491930430385, -122.41985882374487, 20.0, 2020-10-19 01:52:30, 620751.0463418295, 300.0 
 46.640520223005, -123.270259668007, 43.84615384615384, 2020-10-19 01:55:00, 82775.1698763748, 300.0 
 46.783057143237485, -123.02713864021689, 37.14285714285714, 2020-10-19 02:07:30, 102994.61462466308, 150.0 
 46.768873693783114, -122.91393738702888, 60.0, 2020-10-19 02:10:00, 107799.64170841736, 150.0 
 46.6408204460875, -123.1921979847762, 20.0, 2020-10-19 02:52:30, 146715.48565810162, 300.0 
 46.431098338393724, -123.10785786328796, 23.448275862068964, 2020-10-19 03:37:30, 114479.15299486843, 300.0 
 46.53351042426176, -123.47050072091174, 60.0, 2020-10-19 03:47:30, 120162.50955541617, 300.0 
 46.30280698947347, -123.27431844462528, 28.96551724137931, 2020-10-19 03:50:00, 157045.72351370615, 300.0 
 46.37242017680668, -123.12455809701223, 20.0, 2020-10-19 04:00:00, 35386.94284558622, 150.0 
 46.392362239080015, -123.33223412113027, 20.0, 2020-10-19 04:50:00, 50283.69609261346, 300.0 
 46.68760711378853, -122.60538373275844, 57.241379310344826, 2020-10-19 05:07:30, 180294.3556190227, 300.0 
 46.71932036027461, -122.86985715483341, 23.448275862068964, 2020-10-19 05:10:00, 82072.85804689123, 300.0 
 46.69875054993382, -123.20340909794152, 60.00000000000001, 2020-10-20 09:05:00, 51883.75777854541, 300.0 
 46.69196122934636, -123.06669435497693, 20.0, 2020-10-20 09:27:30, 37625.855966013936, 300.0 
 46.66217181381571, -123.0487592169383, 20.0, 2020-10-20 09:30:00, 21633.853052622628, 150.0 
 46.689184969582406, -123.0064070191617, 20.0, 2020-10-20 09:35:00, 59901.26572883071, 300.0 
 46.692486565972736, -123.04936200455434, 20.0, 2020-10-20 09:37:30, 38601.897990082085, 150.0 
 46.77273747629282, -123.24716010259459, 35.51020408163265, 2020-10-20 09:50:00, 91277.67176220761, 300.0 
 46.82992518268052, -123.2121951636466, 44.61538461538461, 2020-10-20 17:22:30, 289706.7223026835, 300.0 
 46.83217872903965, -122.98867668716622, 20.0, 2020-10-20 17:47:30, 245551.40138789988, 300.0 
 46.77980351787154, -123.1098146157236, 25.51724137931035, 2020-10-20 17:52:30, 198940.58289050325, 150.0 
 46.59488664255992, -123.17381314704448, 60.0, 2020-10-20 17:55:00, 296982.9673720733, 300.0 
 46.874220333029385, -122.9966884342102, 60.0, 2020-10-20 18:12:30, 242421.67653412704, 300.0 
 46.853475559522536, -122.79174085548978, 20.0, 2020-10-20 18:20:00, 355606.2384118261, 300.0 
 46.82697820845983, -123.07003773465242, 60.0, 2020-10-20 18:22:30, 159500.6046537336, 150.0 
 46.687201028528236, -123.3054992898501, 54.48275862068966, 2020-10-20 18:27:30, 247870.54385381978, 150.0 
 46.369868303430344, -123.3661811559759, 54.482758620689644, 2020-10-20 18:47:30, 174419.73341541507, 300.0 
 46.51125664140196, -123.28812897887369, 26.206896551724135, 2020-10-20 19:07:30, 169345.4094967646, 300.0 
 46.274943899469086, -123.28933803731255, 22.06896551724138, 2020-10-20 19:12:30, 427763.39389293164, 300.0 
 46.41328694104448, -123.30406343236231, 55.172413793103445, 2020-10-20 19:45:00, 171151.8438081978, 150.0 
 46.536639656923995, -123.43773856570452, 60.0, 2020-10-20 19:47:30, 116399.42224091514, 150.0 
 46.495511314243686, -123.11800341456072, 40.0, 2020-10-20 19:55:00, 149318.92094875872, 300.0 
 46.424029783777684, -123.22769009018491, 60.0, 2020-10-20 20:22:30, 289308.3182555249, 300.0 
 46.63688430979802, -123.13915904034232, 20.0, 2020-10-20 09:40:00, 19956.30371510871, 150.0 
 46.685674941495975, -123.14585255048382, 20.0, 2020-10-20 09:42:30, 10892.70606001558, 150.0 
 46.77832684567125, -123.31933146852805, 30.3448275862069, 2020-10-20 09:45:00, 13108.936096285572, 150.0 
 46.62188085041484, -123.27919976627336, 20.0, 2020-10-20 10:22:30, 61708.42083568094, 300.0 
 46.7961320358888, -123.04750829463794, 60.0, 2020-10-20 17:50:00, 93195.86738752684, 150.0 
 46.40214810483831, -123.35849548399673, 20.0, 2020-10-20 18:20:00, 326356.7752729331, 300.0 
 46.50077063912229, -123.1600951693054, 58.62068965517242, 2020-10-20 18:22:30, 76497.33377678283, 150.0 
 46.557571358124136, -123.15315795398647, 20.0, 2020-10-20 18:25:00, 202054.8813769515, 150.0 
 46.47363830930915, -123.19750480135191, 20.0, 2020-10-20 18:27:30, 221549.29287840927, 300.0 
 46.325973700206696, -123.07333246114516, 57.93103448275862, 2020-10-20 19:27:30, 292043.17801045964, 300.0 
 46.279996976720874, -123.13702633816418, 60.0, 2020-10-20 19:30:00, 152934.6347170646, 150.0 
 46.32379710244699, -123.21015977354638, 23.448275862068964, 2020-10-20 19:42:30, 200927.0093199878, 300.0 
 46.43666791518056, -122.93602312638689, 60.0, 2020-10-21 01:05:00, 76323.71510565223, 300.0 
 46.161543418280885, -122.94562474818929, 20.0, 2020-10-21 01:35:00, 157907.8659354348, 300.0 
 46.33975514674353, -123.01102402776145, 46.93877551020408, 2020-10-21 01:37:30, 40698.39874846008, 150.0 
 46.14757517504062, -123.16167403931887, 52.41379310344828, 2020-10-21 01:42:30, 30963.978232111425, 300.0 
 46.202648069531676, -123.10569709364965, 60.0, 2020-10-21 01:55:00, 62314.90666384535, 300.0 
 46.30987410214507, -123.02639126791895, 60.0, 2020-10-21 02:07:30, 35676.486692345956, 150.0 
 46.27507923761056, -122.83464008898805, 21.379310344827587, 2020-10-21 02:20:00, 154722.4551231534, 300.0 
 46.331251133338185, -123.04897306033449, 20.0, 2020-10-21 02:35:00, 29731.029089198528, 150.0 
 46.30006051137474, -123.1066758581779, 20.0, 2020-10-21 02:37:30, 29967.891425288362, 150.0 
 46.57174641500767, -122.90570960683615, 20.0, 2020-10-21 02:47:30, 137664.4631322731, 300.0 
 46.373500887312474, -123.01978572022387, 20.0, 2020-10-21 03:12:30, 50665.619490947356, 300.0 
 46.28128770853962, -123.23540366623939, 30.0, 2020-10-21 03:20:00, 29445.11998338903, 150.0 
 46.323077848007294, -123.22227619197858, 29.230769230769234, 2020-10-21 03:27:30, 21935.338063132738, 150.0 
 46.37445021109095, -123.22570454347121, 55.862068965517246, 2020-10-21 03:35:00, 59074.902752747046, 300.0 
 46.33237954302709, -123.27598433709693, 20.0, 2020-10-21 03:47:30, 49368.75905877917, 300.0 
 46.32666606287965, -123.10839378473297, 28.965517241379313, 2020-10-21 03:50:00, 25305.30970837618, 150.0 
 46.28665632006342, -123.03420937165845, 28.461538461538467, 2020-10-21 03:52:30, 31240.833881783146, 150.0 
 46.34727501130887, -122.78452811135537, 36.3265306122449, 2020-10-21 03:57:30, 120981.95228169506, 300.0 
 46.330236262224766, -123.08208379125584, 53.103448275862064, 2020-10-21 04:02:30, 80534.68431711233, 300.0 
 46.25121290655908, -123.08099950772849, 60.0, 2020-10-21 04:25:00, 90311.50135158018, 300.0 
 46.297655142913904, -123.15426633363771, 22.06896551724138, 2020-10-21 04:30:00, 107364.75579422584, 300.0 
 46.26211875164651, -123.11483214275883, 20.0, 2020-10-21 04:47:30, 63506.95338707528, 300.0 
 46.168569537003805, -122.95664060305151, 56.55172413793103, 2020-10-21 05:00:00, 35788.86111181632, 150.0 
 46.14899291929005, -123.0268544202011, 33.84615384615385, 2020-10-21 05:05:00, 44517.94880415455, 300.0 
 46.32790241972601, -123.03814475733495, 20.0, 2020-10-21 05:07:30, 14070.857302841467, 150.0 
 46.290315837590754, -123.15378658973239, 40.0, 2020-10-21 05:25:00, 26066.700052853932, 300.0 
 46.15730518309904, -123.08558229690573, 45.38461538461539, 2020-10-21 05:37:30, 104149.74248194447, 300.0 
 46.3222007440942, -122.98338590794366, 36.326530612244895, 2020-10-21 05:42:30, 53414.243072929414, 150.0 
 46.23208814174882, -123.22151927172348, 44.61538461538462, 2020-10-21 06:00:00, 22347.069402115845, 300.0 
 46.18548782856211, -123.29784111556516, 26.896551724137932, 2020-10-21 07:02:30, 59023.76620992416, 300.0 
 46.37836935867852, -123.10111111768703, 60.0, 2020-10-21 07:05:00, 63419.565591243714, 300.0 
 46.19031683243602, -123.1472609514884, 37.14285714285714, 2020-10-21 07:35:00, 11491.662700259973, 300.0 
 46.15984285357408, -123.0328285646884, 57.241379310344826, 2020-10-21 08:57:30, 76103.62583617917, 300.0 
 46.200572989073756, -123.02348258114537, 30.0, 2020-10-21 09:02:30, 20182.345374799526, 300.0 
 46.153635298214574, -123.08534755861041, 53.103448275862064, 2020-10-21 09:05:00, 12983.694325659333, 150.0 
 46.374287929197685, -122.90031524646928, 23.448275862068964, 2020-10-21 09:07:30, 57182.563141863255, 300.0 
 46.17555106072527, -123.1198325450289, 44.61538461538462, 2020-10-21 09:20:00, 120880.6866567799, 150.0 
 46.274149297347606, -123.08246804239818, 20.0, 2020-10-21 09:22:30, 86050.48083290452, 150.0 
 46.2268846106844, -123.26886037301152, 60.0, 2020-10-21 09:32:30, 63505.54790451184, 300.0 
 46.140979260080954, -123.36492346300699, 30.0, 2020-10-21 17:32:30, 244685.044123654, 300.0 
 46.23452020365393, -123.02561902770815, 32.30769230769231, 2020-10-21 17:37:30, 658229.6671585939, 300.0 
 46.15653778098772, -123.13977057915164, 60.0, 2020-10-21 17:55:00, 365498.8300573106, 300.0 
 46.24117458008179, -123.28174884226185, 50.34482758620689, 2020-10-21 18:00:00, 633609.6073194864, 300.0 
 46.28685613541418, -123.17610313351967, 23.448275862068964, 2020-10-21 18:30:00, 174125.68830026535, 300.0 
 46.30485983608312, -123.32738749996108, 60.0, 2020-10-21 01:05:00, 69858.95284902598, 300.0 
 46.27635585393028, -123.1377274070128, 59.310344827586206, 2020-10-21 01:10:00, 30235.05277224426, 300.0 
 46.30510764761311, -123.08807287499643, 20.0, 2020-10-21 02:05:00, 48745.50741402505, 300.0 
 46.29787874086406, -123.22046103952482, 19.999999999999996, 2020-10-21 02:30:00, 17476.973424529948, 300.0 
 46.49621035164839, -123.1006048141627, 20.0, 2020-10-21 02:32:30, 10691.658233792858, 150.0 
 46.374016680938695, -123.30359140525465, 20.0, 2020-10-21 03:15:00, 21106.15247632852, 150.0 
 46.31119002561864, -123.315497976963, 20.0, 2020-10-21 03:17:30, 19957.538375690412, 150.0 
 46.45423697577798, -122.98807484949333, 45.306122448979586, 2020-10-21 03:22:30, 115363.95702191874, 300.0 
 46.29188114628753, -123.27639444222959, 28.46153846153846, 2020-10-21 03:25:00, 48842.904624311275, 300.0 
 46.423192911772624, -123.22325962360917, 20.0, 2020-10-21 03:37:30, 12591.729837125467, 150.0 
 46.345808277014356, -123.23805038846817, 20.0, 2020-10-21 03:42:30, 29686.00117743557, 300.0 
 46.167996689606326, -123.37052879320365, 25.517241379310345, 2020-10-21 03:55:00, 66744.70555799012, 300.0 
 46.557015968186825, -123.19758217508866, 20.0, 2020-10-21 04:00:00, 89511.38618229977, 300.0 
 46.32441799767714, -123.17661053476888, 20.0, 2020-10-21 04:05:00, 21370.146223640077, 150.0 
 46.291284851937654, -123.13886250287055, 22.758620689655174, 2020-10-21 04:07:30, 54169.12830388379, 150.0 
 46.13142427525113, -122.97495910614424, 47.75510204081633, 2020-10-21 04:10:00, 56554.80297528616, 150.0 
 46.26913779745578, -122.91195498093094, 20.0, 2020-10-21 04:15:00, 58712.66213906941, 300.0 
 46.16210876273025, -123.29565666542366, 59.310344827586206, 2020-10-21 04:17:30, 48766.96010766357, 300.0 
 46.32067437438126, -123.04627370856437, 20.0, 2020-10-21 04:32:30, 23783.871531688423, 150.0 
 46.321163667328115, -123.05152857286657, 48.46153846153847, 2020-10-21 04:35:00, 26697.164355648958, 150.0 
 46.251270599787894, -123.07710935588004, 20.0, 2020-10-21 04:55:00, 88026.51797241047, 300.0 
 46.24799626377364, -123.08174936657645, 20.0, 2020-10-21 04:57:30, 39669.96479828246, 150.0 
 46.14624016219923, -123.17337599478945, 46.93877551020408, 2020-10-21 05:30:00, 16404.301546156068, 300.0 
 46.27341422421347, -123.06614030246564, 24.82758620689655, 2020-10-21 05:40:00, 41612.195415034075, 150.0 
 46.27566705351973, -123.01091260111812, 31.53846153846154, 2020-10-21 05:45:00, 48409.065235560796, 150.0 
 46.39974881531896, -122.92104286550105, 20.0, 2020-10-21 05:52:30, 40391.34893170725, 300.0 
 46.329125068457216, -123.06737128436819, 36.15384615384615, 2020-10-21 06:02:30, 17852.715093029547, 150.0 
 46.282947785408126, -123.0094942382994, 33.06122448979592, 2020-10-21 06:05:00, 24903.113142440478, 150.0 
 46.397963536824705, -123.19059666188421, 20.0, 2020-10-21 06:10:00, 37839.955066080205, 300.0 
 46.28641538311233, -123.20661590560206, 47.69230769230769, 2020-10-21 06:12:30, 19304.78307942022, 150.0 
 46.24995743432011, -123.14280620333057, 39.59183673469388, 2020-10-21 06:15:00, 18688.95190065485, 150.0 
 46.291711637512364, -123.26440059171229, 35.17241379310345, 2020-10-21 06:55:00, 19011.524077950686, 300.0 
 46.280599458366595, -123.10350201729615, 52.41379310344827, 2020-10-21 06:57:30, 27122.742484049293, 150.0 
 46.272149651588116, -123.01293416506553, 60.0, 2020-10-21 09:15:00, 41467.93600815726, 300.0 
 46.1861078527868, -123.02432973369754, 47.6923076923077, 2020-10-21 09:17:30, 36031.79972423622, 150.0 
 46.24522832854832, -123.2625527391848, 53.103448275862064, 2020-10-21 09:35:00, 20499.142283625584, 150.0 
 46.129866250196535, -122.94860220183844, 20.0, 2020-10-21 09:42:30, 66841.3268103942, 300.0 
 46.08060100187919, -122.86898333610307, 60.00000000000001, 2020-10-21 09:47:30, 75621.07853547303, 300.0 
 46.24357196862636, -123.20412119053523, 29.230769230769226, 2020-10-21 10:22:30, 24367.730920956765, 300.0 
 46.021304860103434, -123.24510397299716, 60.0, 2020-10-21 17:27:30, 178688.1416305829, 300.0 
 46.28962129148551, -123.29033383544197, 21.53846153846154, 2020-10-22 02:10:00, 77335.58660229719, 300.0 
 46.29869355063348, -122.64642732061841, 20.0, 2020-10-22 02:12:30, 93376.95607313342, 300.0 
 46.230997211324905, -122.8969165172828, 60.00000000000001, 2020-10-22 02:17:30, 57282.74431674066, 300.0 
 46.3373927681637, -122.96708031948118, 57.93103448275862, 2020-10-22 02:25:00, 26092.58415866672, 150.0 
 46.175375663642555, -122.84988406983334, 44.61538461538461, 2020-10-22 02:30:00, 98515.50846141703, 300.0 
 46.2981474552456, -123.01902113603101, 20.0, 2020-10-22 02:40:00, 158958.91798911104, 300.0 
 46.209130094363886, -122.89029562782164, 33.07692307692307, 2020-10-22 02:42:30, 102037.31660410509, 150.0 
 46.299775066966035, -122.96474850692759, 45.38461538461538, 2020-10-22 02:45:00, 87586.84848834595, 150.0 
 46.33124598669175, -122.95741036329879, 60.00000000000001, 2020-10-22 02:47:30, 65657.30729038038, 150.0 
 46.322542038314864, -123.21029810792817, 20.0, 2020-10-22 03:35:00, 58973.77350416311, 150.0 
 46.3333809152258, -123.21632725973676, 25.51724137931035, 2020-10-22 03:37:30, 53927.43209195864, 150.0 
 46.099600009318486, -123.28144864022144, 36.15384615384615, 2020-10-22 04:25:00, 27372.955934328533, 300.0 
 46.26884092454183, -123.16431324285267, 20.000000000000004, 2020-10-22 05:17:30, 24715.168696929908, 300.0 
 46.10181774339172, -123.21287239253087, 60.0, 2020-10-22 05:50:00, 44310.801747145146, 300.0 
 46.155082950994476, -123.38309627192135, 46.15384615384616, 2020-10-22 06:12:30, 20384.249849260937, 300.0 
 46.32898104501696, -123.37927388563179, 60.0, 2020-10-22 06:32:30, 39226.59947530602, 300.0 
 46.36783268014479, -123.2026862019904, 20.0, 2020-10-22 06:40:00, 24662.348514451947, 150.0 
 46.24569037046009, -123.02102297830018, 20.0, 2020-10-22 06:57:30, 32546.55546727382, 150.0 
 46.345341916589575, -123.09898110938727, 60.0, 2020-10-22 07:10:00, 59898.81273077989, 300.0 
 46.27162573866346, -123.60334487956095, 45.38461538461539, 2020-10-22 07:25:00, 57904.90881252599, 300.0 
 46.275508439983525, -123.62352181004299, 39.591836734693885, 2020-10-22 07:27:30, 52920.08027139357, 300.0 
 46.28425163737006, -123.22897168408679, 43.6734693877551, 2020-10-22 07:52:30, 65591.48291932348, 300.0 
 46.284929477201544, -123.20780053257545, 44.61538461538462, 2020-10-22 08:00:00, 23549.06682785884, 150.0 
 46.214282165178346, -123.53422727650258, 53.10344827586207, 2020-10-22 08:02:30, 21748.117410437244, 300.0 
 46.33199113576766, -123.28790289274883, 51.0344827586207, 2020-10-22 08:25:00, 34855.60239547455, 150.0 
 46.19686348359268, -123.14371590176206, 53.793103448275865, 2020-10-22 09:02:30, 48182.94476563795, 300.0 
 46.06739223912483, -123.07983959398763, 20.0, 2020-10-22 09:12:30, 27065.662857185285, 150.0 
 46.196111616524476, -123.19662121183521, 48.46153846153847, 2020-10-22 09:42:30, 50528.1088131044, 150.0 
 46.0886372863405, -123.01645591018296, 60.0, 2020-10-22 09:52:30, 20363.666830727594, 300.0 
 46.09706957460593, -123.13062606858128, 34.61538461538461, 2020-10-22 10:02:30, 23931.234380878595, 300.0 
 46.076622765628336, -123.28121993011837, 20.0, 2020-10-22 10:45:00, 63740.31485820981, 300.0 
 46.34585680669318, -123.42425910647266, 43.84615384615384, 2020-10-22 17:30:00, 60139.27126306464, 300.0 
 46.2449881802001, -123.16275082371465, 20.0, 2020-10-22 17:52:30, 273529.15495767427, 300.0 
 46.25266021160689, -123.15265148400587, 57.93103448275862, 2020-10-22 18:20:00, 63672.48640589021, 300.0 
 46.3177534978005, -123.12904613796529, 33.07692307692308, 2020-10-22 18:22:30, 45909.04249923427, 150.0 
 46.2772223614439, -123.35976634583743, 42.04081632653061, 2020-10-22 20:02:30, 189499.6955810488, 300.0 
 46.46444263641962, -123.11199514963285, 53.79310344827586, 2020-10-22 20:05:00, 146031.52233417958, 300.0 
 46.27240742187527, -123.28253707177691, 31.538461538461544, 2020-10-22 20:07:30, 214214.86861912595, 300.0 
 46.377610358394875, -123.24185504747646, 20.0, 2020-10-22 20:10:00, 97308.46042587176, 150.0 
 46.42996209614535, -123.27196260825102, 20.0, 2020-10-22 20:12:30, 99594.10142417398, 150.0 
 46.460060583076974, -123.27932344552836, 26.89655172413793, 2020-10-22 20:22:30, 100561.05022293518, 300.0 
 46.42966691368434, -123.36501478686037, 40.0, 2020-10-22 22:57:30, 60203.80527073424, 300.0 
 46.2069404556252, -123.34432074492291, 60.0, 2020-10-22 23:10:00, 107807.42745120889, 150.0 
 46.42202517706241, -123.23287343262051, 40.0, 2020-10-22 23:32:30, 84731.62072156293, 300.0 
 46.2887025655093, -122.74764751286547, 20.0, 2020-10-22 02:22:30, 19081.31495957743, 300.0 
 46.26416791761961, -122.88887768054965, 38.775510204081634, 2020-10-22 02:32:30, 49131.54625049002, 150.0 
 46.1616154650757, -122.84368235526232, 60.0, 2020-10-22 02:35:00, 44638.05486879818, 150.0 
 46.2086029420344, -123.2268129285351, 34.69387755102041, 2020-10-22 02:50:00, 35336.30498073296, 150.0 
 46.10157372104766, -123.17126219532955, 60.0, 2020-10-22 03:05:00, 51438.72788599406, 300.0 
 46.272776137869, -123.14910514302304, 20.0, 2020-10-22 03:25:00, 76787.96926007794, 300.0 
 46.107825133307315, -123.16873434145633, 34.69387755102041, 2020-10-22 03:30:00, 93571.19935305104, 300.0 
 46.26322503863364, -123.2871774434322, 31.538461538461544, 2020-10-22 03:32:30, 43199.13631601678, 150.0 
 46.21294140409521, -122.8375412839056, 53.103448275862064, 2020-10-22 04:57:30, 84742.21134954943, 300.0 
 46.138760412014825, -123.08284052379182, 31.03448275862069, 2020-10-22 05:00:00, 23853.288935413042, 150.0 
 46.18044326420104, -122.96405874815483, 24.13793103448276, 2020-10-22 05:32:30, 85634.38613960908, 300.0 
 46.22664442203055, -123.02179011956805, 20.0, 2020-10-22 05:35:00, 25415.399081657244, 150.0 
 46.34018804357899, -122.9381137143799, 34.693877551020414, 2020-10-22 05:45:00, 53644.39132236899, 300.0 
 46.3877726900279, -123.12025496816469, 20.0, 2020-10-22 06:22:30, 31913.34171537489, 300.0 
 46.30407754424332, -123.27808649915694, 20.000000000000004, 2020-10-22 06:37:30, 30666.898182720644, 300.0 
 46.168088668050224, -122.9117782250145, 40.40816326530612, 2020-10-22 06:52:30, 54572.15259396173, 300.0 
 46.24952526763456, -122.93985960473339, 20.0, 2020-10-22 06:55:00, 29904.838219547597, 150.0 
 46.14032400294467, -123.05987715003438, 39.59183673469388, 2020-10-22 07:00:00, 25185.84963160369, 150.0 
 46.10763722197204, -123.19674129467822, 20.0, 2020-10-22 07:02:30, 36517.36742015627, 150.0 
 46.17715638045136, -123.29814343469539, 20.0, 2020-10-22 07:05:00, 39530.071250499874, 150.0 
 46.19204075251452, -123.21796370206887, 20.0, 2020-10-22 07:17:30, 51199.45686614338, 300.0 
 46.240147684018936, -123.2474978011121, 30.0, 2020-10-22 07:20:00, 22663.76491498756, 150.0 
 46.3901377123862, -123.3179318640851, 60.0, 2020-10-22 07:27:30, 61245.388302376945, 300.0 
 46.301217582480774, -123.328076071795, 43.84615384615384, 2020-10-22 07:30:00, 12082.675882899643, 150.0 
 46.279187697342465, -123.21868676257387, 20.0, 2020-10-22 07:32:30, 19229.486290058867, 150.0 
 46.24630746010115, -123.27436396903384, 40.0, 2020-10-22 07:35:00, 18593.92724213975, 150.0 
 46.222431247785494, -123.33761138386646, 20.0, 2020-10-22 07:37:30, 16447.010924751936, 150.0 
 46.274428253564764, -123.53478908656498, 30.0, 2020-10-22 07:45:00, 42544.34814311447, 300.0 
 46.18993627296095, -123.60506290449615, 20.0, 2020-10-22 07:52:30, 30890.50527494423, 300.0 
 46.29212864524284, -123.18814967419824, 20.0, 2020-10-22 07:55:00, 18449.680389809266, 150.0 
 46.27822192299667, -123.20818311236485, 51.724137931034484, 2020-10-22 07:57:30, 21241.537030134823, 150.0 
 46.26858992660631, -123.26479005957736, 20.0, 2020-10-22 08:05:00, 16246.609233701809, 150.0 
 46.2988322446802, -123.30180026669147, 30.0, 2020-10-22 08:07:30, 19749.742198399726, 150.0 
 46.351667078003665, -123.38406800305918, 20.0, 2020-10-22 08:10:00, 20044.674746386132, 150.0 
 46.19307170796868, -123.21910099278708, 20.0, 2020-10-22 08:15:00, 15216.279723878815, 300.0 
 46.15938588920271, -123.22552032387844, 60.0, 2020-10-22 08:17:30, 15505.593680294427, 150.0 
 46.101806463065785, -123.0939644769997, 28.46153846153846, 2020-10-22 08:20:00, 21490.106335880115, 150.0 
 46.32942354364974, -123.06062533415964, 36.92307692307693, 2020-10-22 08:22:30, 37487.10607828865, 300.0 
 46.251841503797976, -122.88596183826726, 26.206896551724135, 2020-10-22 08:27:30, 93105.69969960944, 300.0 
 46.03717494405268, -122.93874195026798, 60.0, 2020-10-22 08:45:00, 66369.57217263975, 300.0 
 46.194161191471466, -123.07080225019351, 20.0, 2020-10-22 08:55:00, 37110.21335542517, 300.0 
 46.24993380595644, -123.22293515843799, 20.0, 2020-10-22 09:05:00, 21785.228582995784, 150.0 
 46.163720139662594, -122.8365961109486, 51.03448275862069, 2020-10-22 09:10:00, 34321.778804695976, 300.0 
 46.17704568282881, -123.22615782064501, 21.538461538461537, 2020-10-22 09:15:00, 16256.084205724157, 150.0 
 46.212998988084834, -123.15391276164442, 20.0, 2020-10-22 09:40:00, 68210.55649597695, 300.0 
 46.223437358550086, -123.14656921995817, 20.0, 2020-10-22 09:45:00, 41817.02525315028, 150.0 
 46.11734542390625, -123.10162995174332, 37.14285714285714, 2020-10-22 09:47:30, 38754.13040309143, 150.0 
 46.316263786149605, -123.33057831700593, 26.206896551724135, 2020-10-22 18:05:00, 173612.71844016507, 300.0 
 46.29744317874286, -123.29671831642678, 32.24489795918367, 2020-10-22 18:07:30, 74646.17591052485, 150.0 
 46.24920128750893, -123.47005597238878, 60.0, 2020-10-22 18:47:30, 213280.49407769495, 300.0 
 46.26151205240788, -123.40100508623902, 52.65306122448979, 2020-10-22 23:07:30, 31532.090406105104, 300.0 
 46.277955940367015, -123.24564170164543, 45.38461538461537, 2020-10-22 23:47:30, 28207.182133183087, 300.0 
 46.41349705701168, -123.1983289398249, 26.153846153846157, 2020-10-22 23:50:00, 22055.184916354552, 150.0 
 46.30353606803614, -123.1913110346955, 60.0, 2020-10-22 23:52:30, 22834.27395822341, 150.0 
 46.30879978784313, -123.28921869063123, 60.00000000000001, 2020-10-22 23:55:00, 42617.30946646695, 150.0 
 46.330949292258566, -123.53736088957976, 53.793103448275865, 2020-10-23 00:10:00, 34437.33166737146, 300.0 
 46.38724661968644, -123.28501456054953, 60.0, 2020-10-23 00:27:30, 108859.87199788881, 300.0 
 46.456714200799105, -123.24051968600914, 60.0, 2020-10-23 00:42:30, 81409.78689846153, 300.0 
 46.39760279514292, -123.44385262536781, 43.84615384615385, 2020-10-23 05:12:30, 55776.029092392804, 300.0 
 46.370961353306974, -123.36094409138408, 39.59183673469388, 2020-10-23 05:17:30, 18894.11647291435, 150.0 
 46.40817389535013, -123.37548573580867, 40.00000000000001, 2020-10-23 05:20:00, 13600.25093864035, 150.0 
 46.65461281165548, -123.37402365639363, 60.0, 2020-10-23 06:02:30, 74764.51849087678, 300.0 
 46.269668387970476, -123.33803215064165, 38.46153846153847, 2020-10-23 06:05:00, 12471.129310014587, 300.0 
 46.63228499956224, -123.26970252876016, 59.99999999999999, 2020-10-23 06:35:00, 76679.63832660153, 300.0 
 46.199319611246, -122.9426522846308, 60.0, 2020-10-23 06:40:00, 116948.63052841689, 300.0 
 46.45459973293804, -123.22042539385168, 40.0, 2020-10-23 06:52:30, 71828.77106317393, 300.0 
 46.37545335818098, -123.10623552230419, 20.0, 2020-10-23 06:55:00, 10325.94943429319, 150.0 
 46.29064713207339, -123.02385335776309, 20.0, 2020-10-23 07:20:00, 26276.35811255912, 150.0 
 46.07538796732916, -122.96807656638272, 34.61538461538462, 2020-10-23 07:25:00, 52455.51267482211, 300.0 
 46.284184657051455, -123.02477204585418, 20.0, 2020-10-23 07:40:00, 22742.913137313684, 150.0 
 46.425269149872875, -122.78911303160348, 52.41379310344828, 2020-10-23 07:57:30, 63350.022223870365, 300.0 
 46.29174726000653, -122.76536117170693, 60.0, 2020-10-23 08:10:00, 87331.98120760331, 300.0 
 46.30272022760255, -122.8959660826948, 60.0, 2020-10-23 08:12:30, 85508.69082498531, 300.0 
 46.279140443563115, -123.15835946224722, 40.40816326530613, 2020-10-23 08:17:30, 32560.075464423, 300.0 
 46.229976960620526, -123.17236541343773, 20.0, 2020-10-23 08:30:00, 30003.097451632413, 300.0 
 46.359527645859686, -123.06548603105111, 40.0, 2020-10-23 00:00:00, 92141.62910465452, 300.0 
 46.46241099433473, -123.10581466758326, 40.0, 2020-10-23 00:02:30, 34618.363371463485, 150.0 
 46.52837282311846, -122.87953549988094, 31.428571428571434, 2020-10-23 00:10:00, 54813.51501372914, 300.0 
 46.29568084076309, -123.39993717498777, 60.0, 2020-10-23 00:12:30, 23054.34877324615, 150.0 
 46.28791974598805, -123.23305258757043, 20.0, 2020-10-23 00:30:00, 28346.403717635207, 150.0 
 46.35501381369826, -123.25769907257205, 26.206896551724135, 2020-10-23 00:32:30, 23098.173996213474, 150.0 
 46.3458790714476, -123.33032569318385, 20.0, 2020-10-23 00:37:30, 86667.98027019385, 300.0 
 46.234532058992805, -123.09636942521338, 33.07692307692307, 2020-10-23 00:40:00, 34072.441357124924, 150.0 
 46.20092601695926, -123.31498712740313, 60.0, 2020-10-23 00:42:30, 81576.0689190801, 300.0 
 46.30359745379306, -123.27283176004757, 60.0, 2020-10-23 00:45:00, 52028.711675648316, 150.0 
 46.527573269658625, -123.36293707926878, 57.93103448275862, 2020-10-23 05:15:00, 11425.31385993415, 150.0 
 46.24279103225783, -123.10545759308552, 24.13793103448276, 2020-10-23 05:45:00, 103055.82092340758, 300.0 
 46.24180595582059, -123.21514008287721, 25.517241379310345, 2020-10-23 05:47:30, 61159.92593921541, 150.0 
 46.02273345296443, -123.1903090889019, 60.0, 2020-10-23 05:52:30, 73336.98880586262, 300.0 
 46.43374172706355, -123.36994037506373, 52.41379310344827, 2020-10-23 05:57:30, 31350.736828599118, 300.0 
 46.27999550702653, -123.26796524361359, 20.0, 2020-10-23 06:07:30, 8880.926615448112, 150.0 
 46.144118961710475, -123.03114707248149, 36.3265306122449, 2020-10-23 06:10:00, 7415.396247750405, 150.0 
 46.39001826047958, -123.3166159905452, 60.0, 2020-10-23 06:12:30, 33906.34604585368, 300.0 
 46.49411604239239, -123.34110125806106, 59.310344827586206, 2020-10-23 06:15:00, 32080.010284911812, 150.0 
 46.387151414720556, -123.28503502558749, 20.0, 2020-10-23 06:17:30, 17998.16446923811, 150.0 
 46.37956958317329, -123.32394977415214, 56.92307692307693, 2020-10-23 06:20:00, 19374.93878890457, 150.0 
 46.321864026575355, -123.18913569573462, 39.59183673469388, 2020-10-23 06:22:30, 14923.356461687354, 150.0 
 46.46155787014286, -123.09659454697078, 20.0, 2020-10-23 06:25:00, 12265.663661863746, 150.0 
 46.42472679512745, -123.10909070520776, 30.0, 2020-10-23 06:27:30, 6178.984543473946, 150.0 
 46.47824490555497, -123.27841299389361, 20.0, 2020-10-23 06:42:30, 38956.9949209493, 300.0 
 46.210677125557126, -123.20907078550655, 20.0, 2020-10-23 06:45:00, 12556.174856769781, 300.0 
 46.366983047711805, -123.51361349452208, 20.0, 2020-10-23 07:00:00, 33087.73356196163, 300.0 
 46.26801745376383, -123.00839407226137, 20.0, 2020-10-23 07:02:30, 13510.056224957474, 300.0 
 46.22174781675158, -123.03876305107825, 42.04081632653061, 2020-10-23 07:05:00, 16652.291075241894, 150.0 
 46.234142481498104, -123.05237992685645, 35.38461538461539, 2020-10-23 07:07:30, 21354.910786814115, 150.0 
 46.22538836928891, -123.0380561240672, 32.307692307692314, 2020-10-23 07:10:00, 19747.225378290543, 150.0 
 46.152226320492076, -123.06824088768727, 20.0, 2020-10-23 07:17:30, 52498.30795615634, 300.0 
 46.28179571471935, -123.07654372657463, 20.0, 2020-10-23 07:27:30, 28545.725776990017, 150.0 
 46.19247549059418, -122.97371875029839, 31.53846153846154, 2020-10-23 07:30:00, 44905.572654151154, 150.0 
 46.193463774518555, -122.98420155002593, 37.14285714285714, 2020-10-23 07:32:30, 55357.513119823845, 150.0 
 46.2383530149621, -123.01817769307573, 35.51020408163265, 2020-10-23 07:35:00, 36647.40629103765, 150.0 
 46.30843005852003, -123.00452593674149, 31.538461538461537, 2020-10-23 07:37:30, 13719.378603783074, 150.0 
 46.21448559010901, -122.76645890189386, 20.0, 2020-10-23 08:05:00, 25829.768492424093, 300.0 
 46.16715131466052, -123.22937468567687, 20.0, 2020-10-23 08:10:00, 43345.71877366293, 300.0 
 46.14378804924011, -123.22715800563597, 20.0, 2020-10-23 08:12:30, 52090.51780004913, 300.0 
 46.250989517904046, -122.96702946519602, 55.862068965517246, 2020-10-24 07:50:00, 32690.017951046997, 300.0 
 46.29938758697887, -122.72204771134746, 60.0, 2020-10-24 07:55:00, 81771.24197031946, 300.0 
 46.158584342626014, -123.16239348733956, 20.0, 2020-10-24 08:02:30, 22270.47955686866, 150.0 
 46.06695603174603, -123.21056543166472, 55.172413793103445, 2020-10-24 08:07:30, 38986.10312969038, 150.0 
 46.24942612133907, -122.76687032132776, 20.0, 2020-10-24 08:10:00, 145665.2612964673, 300.0 
 46.158594447531414, -122.95205754576749, 24.827586206896548, 2020-10-24 08:20:00, 33998.41427473345, 300.0 
 46.18544479338113, -123.29916190153114, 24.827586206896555, 2020-10-24 08:32:30, 20808.07188124002, 150.0 
 46.0856093021567, -123.25936438964125, 33.07692307692308, 2020-10-24 08:42:30, 85033.33962343285, 300.0 
 46.38583899711102, -122.85054606423071, 20.0, 2020-10-24 09:20:00, 96277.10840098734, 300.0 
 46.219561009654825, -123.37962750921649, 44.61538461538461, 2020-10-24 09:22:30, 38797.44824660455, 150.0 
 46.19267412887077, -123.41350862820033, 55.86206896551725, 2020-10-24 09:25:00, 57946.77707559961, 150.0 
 46.215853623476825, -122.911888436603, 20.0, 2020-10-24 09:27:30, 84984.04572823344, 300.0 
 46.19686348359267, -123.14371590176208, 51.724137931034484, 2020-10-24 10:02:30, 50255.49760359913, 300.0 
 46.11363489362494, -122.94929238079207, 20.0, 2020-10-24 10:10:00, 31800.867251343196, 150.0 
 46.036977403574056, -122.9921043041349, 20.0, 2020-10-24 10:35:00, 61443.46143701218, 300.0 
 46.32954182400405, -123.22138012261975, 40.408163265306115, 2020-10-24 10:57:30, 55814.45120002323, 150.0 
 46.32790241972601, -123.03814475733495, 20.0, 2020-10-24 11:00:00, 120575.79860811503, 300.0 
 46.383427994585716, -123.2037214933753, 20.0, 2020-10-24 11:05:00, 50085.080085540445, 150.0 
 46.146784619520254, -123.06903817232937, 54.48275862068965, 2020-10-24 11:20:00, 202085.21692091587, 150.0 
 46.07688439366589, -122.88627779046101, 36.326530612244895, 2020-10-24 11:25:00, 498728.2788190563, 300.0 
 46.1445654467042, -123.02128581350024, 37.95918367346939, 2020-10-24 11:30:00, 204716.70617879034, 300.0 
 46.30815078217668, -122.96128795202026, 20.0, 2020-10-24 11:35:00, 263059.86110174534, 300.0 
 46.23725302659763, -122.93438665660577, 32.30769230769231, 2020-10-24 11:52:30, 38743.30122385933, 150.0 
 46.155829160140634, -122.76142414295563, 20.0, 2020-10-24 12:02:30, 54646.669163189596, 150.0 
 46.302102343942224, -122.91714811683923, 20.0, 2020-10-24 12:05:00, 20804.766732095595, 150.0 
 46.08317850132125, -123.10287985024898, 46.92307692307693, 2020-10-24 07:57:30, 40873.74382299478, 300.0 
 46.11778037440177, -123.15617155084361, 45.38461538461539, 2020-10-24 08:00:00, 19035.5784023521, 150.0 
 46.13835144887583, -123.16822228916782, 44.48979591836735, 2020-10-24 08:05:00, 33896.24479152211, 150.0 
 46.30961208572577, -123.13667142562537, 60.0, 2020-10-24 08:30:00, 25003.90399030951, 300.0 
 46.033331345844026, -123.33591913245175, 28.461538461538467, 2020-10-24 09:20:00, 65171.971337059615, 300.0 
 46.22218765899383, -122.8958079800215, 20.0, 2020-10-24 09:47:30, 46962.935953055305, 300.0 
 46.27130750739188, -123.0932719394721, 33.84615384615384, 2020-10-24 10:05:00, 34077.486386864104, 150.0 
 46.195996447108115, -123.02107447052835, 44.48979591836735, 2020-10-24 10:07:30, 28501.77582763481, 150.0 
 46.134493612661295, -122.95836315093422, 20.0, 2020-10-24 10:12:30, 36377.46068071711, 150.0 
 46.158532781948054, -122.89898200265979, 33.07692307692308, 2020-10-24 10:37:30, 21668.24072939507, 150.0 
 46.08899869832838, -123.0857777964583, 46.15384615384615, 2020-10-24 10:45:00, 40722.30453377827, 300.0 
 46.19097112019877, -123.12611998169012, 29.230769230769234, 2020-10-24 10:47:30, 22668.782759346614, 150.0 
 46.149626473399294, -123.09007546576134, 54.48275862068965, 2020-10-24 10:50:00, 15865.616705513685, 150.0 
 46.221102301098206, -122.96278601289941, 44.61538461538462, 2020-10-24 10:52:30, 17049.145747809293, 150.0 
 46.264245064383594, -123.05722895658198, 39.59183673469387, 2020-10-24 10:55:00, 32588.048822998622, 150.0 
 46.38230937449257, -123.18155164197935, 26.206896551724135, 2020-10-24 11:02:30, 62610.99539319797, 150.0 
 46.194428577196994, -123.15347296517247, 20.0, 2020-10-24 11:07:30, 29344.04604624324, 150.0 
 46.278643850365995, -123.08249931554545, 56.55172413793104, 2020-10-24 11:15:00, 77235.93850087021, 300.0 
 46.32737320440518, -123.07841123947405, 24.137931034482758, 2020-10-24 11:22:30, 251203.58598645852, 150.0 
 46.288607955740986, -123.19016055714752, 20.0, 2020-10-24 11:25:00, 316888.28516887315, 300.0 
 46.215765805292975, -123.22411352174133, 36.326530612244895, 2020-10-24 11:37:30, 30336.32802953263, 150.0 
 46.1967673339087, -123.22906830348659, 33.84615384615385, 2020-10-24 11:40:00, 25738.0641056162, 150.0 
 46.265591659851616, -123.39489858636647, 21.379310344827587, 2020-10-24 11:42:30, 32275.350461793438, 150.0 
 46.31829184501776, -122.98120112547068, 34.69387755102041, 2020-10-24 11:47:30, 60232.02785960624, 300.0 
 46.23083094820454, -122.93818053235131, 43.673469387755105, 2020-10-24 11:50:00, 40139.35687876913, 150.0 
 46.172792507857174, -122.96155106926483, 22.06896551724138, 2020-10-24 11:57:30, 70433.11565170286, 300.0 
 46.25667806208418, -123.01594782347533, 20.0, 2020-10-24 12:00:00, 30734.24163119044, 150.0 
 46.195900364966704, -123.05628280190368, 20.0, 2020-10-25 11:35:00, 44887.86633565573, 150.0 
 46.07303943601017, -123.01547951058444, 54.48275862068965, 2020-10-25 11:42:30, 149859.58877483176, 300.0 
 46.02472999911382, -123.00190065996242, 53.79310344827586, 2020-10-25 11:45:00, 75726.87754092147, 150.0 
 46.251049562614384, -123.08628948426531, 20.0, 2020-10-25 11:47:30, 50137.377256749765, 300.0 
 46.33356519289654, -122.97215101498522, 44.61538461538461, 2020-10-25 12:05:00, 29170.321058567988, 150.0 
 46.185074953020475, -123.02319615886424, 46.153846153846146, 2020-10-25 11:20:00, 40106.29769457932, 300.0 
 46.338846252031466, -123.28351290165305, 40.40816326530613, 2020-10-25 11:22:30, 49892.75926921625, 300.0 
 46.18932939164326, -122.97967009638974, 33.84615384615385, 2020-10-25 11:32:30, 101918.7176316062, 300.0 
 46.19450963249072, -122.95597281218686, 44.61538461538461, 2020-10-25 12:02:30, 38342.77223657289, 300.0 
 46.243477722307354, -123.21035207702549, 20.0, 2020-10-27 07:50:00, 18922.452629983003, 300.0 
 46.142682232034616, -122.96165754786028, 20.0, 2020-10-27 08:27:30, 13634.196869800679, 300.0 
 46.0282404437136, -123.00739820438736, 45.38461538461538, 2020-10-27 08:37:30, 21489.320073157316, 300.0 
 46.19451752842112, -123.21769731478325, 20.0, 2020-10-27 09:07:30, 15098.066338722876, 150.0 
 46.045372508218755, -123.07843578597989, 33.846153846153854, 2020-10-27 09:12:30, 33354.760690335366, 150.0 
 46.1589579836758, -123.15051128378971, 34.69387755102041, 2020-10-27 09:22:30, 18457.973190997094, 300.0 
 46.04943103580232, -123.09585835119732, 33.07692307692307, 2020-10-27 09:27:30, 17488.409940951355, 150.0 
 46.199570280692384, -123.05651582087577, 20.0, 2020-10-27 10:17:30, 28965.574940438935, 300.0 
 46.241699785106334, -123.0313707370193, 20.0, 2020-10-27 10:35:00, 71537.73746106008, 300.0 
 46.21011320337983, -123.21873314288139, 20.0, 2020-10-27 10:37:30, 50666.45621093848, 150.0 
 46.145684205992794, -123.22107012894894, 44.61538461538462, 2020-10-27 10:50:00, 111199.6209373887, 300.0 
 46.15451200567646, -123.08672643267704, 38.77551020408163, 2020-10-27 11:05:00, 22216.10492497656, 150.0 
 46.07096063780281, -123.11308744203276, 34.61538461538462, 2020-10-27 11:15:00, 31203.987154942926, 300.0 
 46.20846995920352, -123.03589574832498, 20.000000000000004, 2020-10-27 11:20:00, 29272.918598268912, 300.0 
 46.2941164733693, -123.03070249610876, 20.0, 2020-10-27 11:25:00, 15153.14580317806, 300.0 
 46.28968245294713, -122.96412354526515, 20.68965517241379, 2020-10-27 11:27:30, 22412.440760293917, 150.0 
 46.115409973430175, -123.21906027647458, 53.10344827586207, 2020-10-27 12:20:00, 48246.5054689908, 150.0 
 46.23731624012272, -123.17284734895756, 34.69387755102041, 2020-10-27 12:22:30, 43197.86136577562, 150.0 
 46.310190883470966, -123.27979001023485, 24.137931034482754, 2020-10-27 12:30:00, 103618.86791519278, 300.0 
 46.065040314893494, -123.26987328584656, 53.79310344827586, 2020-10-27 13:00:00, 34564.00586043739, 300.0 
 46.32841502214524, -123.36861686868349, 53.10344827586208, 2020-10-27 13:05:00, 14792.685688607047, 150.0 
 46.32755475847861, -123.16816610406423, 20.0, 2020-10-27 13:52:30, 151875.00559773567, 300.0 
 46.14896878444866, -123.11286581886709, 60.0, 2020-10-27 08:10:00, 13737.50613546518, 300.0 
 46.06704313481171, -123.1286129186547, 55.17241379310345, 2020-10-27 08:12:30, 7529.498256830968, 150.0 
 46.03262755406708, -122.81319784010469, 46.92307692307693, 2020-10-27 08:30:00, 14108.54713184898, 150.0 
 46.13414293791579, -123.36489377953023, 24.137931034482754, 2020-10-27 08:35:00, 29787.781342315615, 300.0 
 46.35362283339705, -123.25261291543677, 60.0, 2020-10-27 08:47:30, 39142.24490867669, 300.0 
 46.018909374331045, -123.09927275033156, 60.0, 2020-10-27 09:02:30, 34658.44498160915, 300.0 
 46.09871725759592, -123.11054312484814, 52.41379310344828, 2020-10-27 09:05:00, 9425.656041019967, 150.0 
 46.10362283922326, -122.78982242725588, 55.862068965517246, 2020-10-27 09:07:30, 27193.358130763838, 300.0 
 46.06721687194419, -123.1006254924511, 20.0, 2020-10-27 09:10:00, 11292.779087777868, 150.0 
 46.17476720511586, -123.03186837813837, 34.69387755102041, 2020-10-27 09:15:00, 45816.67736590891, 150.0 
 46.231057183560374, -123.06900154136972, 20.0, 2020-10-27 09:17:30, 30746.668255934415, 150.0 
 46.069883709593825, -123.08946217636209, 35.51020408163265, 2020-10-27 09:25:00, 8402.005283503764, 150.0 
 46.22585156884247, -123.09270565692766, 27.69230769230769, 2020-10-27 09:35:00, 54948.127580804896, 300.0 
 46.252385709396776, -123.16904945953326, 26.153846153846157, 2020-10-27 10:25:00, 22914.810592087888, 300.0 
 46.26691085016125, -122.99658339723507, 25.51724137931035, 2020-10-27 10:30:00, 32033.457869014692, 300.0 
 46.032853527863, -123.33068974535743, 20.0, 2020-10-27 10:32:30, 67945.04968667337, 300.0 
 46.27067239081946, -123.2470294252536, 20.000000000000004, 2020-10-27 10:40:00, 40807.84188117556, 150.0 
 46.16986489301104, -122.89141787517755, 20.0, 2020-10-27 10:42:30, 32210.23832956551, 300.0 
 46.070794601814086, -123.20909049889954, 20.0, 2020-10-27 10:45:00, 62210.75376302462, 300.0 
 46.14659523616554, -123.0973257657613, 55.862068965517246, 2020-10-27 10:52:30, 34471.4813594084, 150.0 
 46.23616822571937, -123.20420139549162, 33.84615384615384, 2020-10-27 10:55:00, 24344.27414944006, 150.0 
 46.23605992584338, -123.12277895070004, 45.38461538461538, 2020-10-27 10:57:30, 34725.236275771975, 150.0 
 46.22034628898442, -123.03369519403455, 23.846153846153847, 2020-10-27 11:00:00, 49214.96898509325, 150.0 
 46.21486677014421, -122.93596795075933, 36.326530612244895, 2020-10-27 11:32:30, 60210.97485200466, 300.0 
 46.356579507999086, -123.35639129735543, 60.0, 2020-10-27 12:15:00, 10992.022886958765, 300.0 
 46.18878541499539, -123.14254966842263, 36.3265306122449, 2020-10-27 12:17:30, 12256.432906356706, 150.0 
 46.252566916636916, -123.14096902195789, 20.0, 2020-10-27 12:25:00, 24540.514470629594, 150.0 
 46.22713574410551, -122.97762992407468, 20.0, 2020-10-27 12:50:00, 56636.58761354771, 300.0 
 46.199100339472864, -123.17392369184195, 60.0, 2020-10-27 12:52:30, 13894.823921013327, 150.0 
 46.27574850005832, -123.13116349780978, 20.0, 2020-10-27 13:02:30, 42700.07557267344, 300.0 
 46.32695931455112, -123.21589982413592, 38.46153846153847, 2020-10-28 08:12:30, 18776.222100060088, 300.0 
 46.07359427802265, -123.14627891903709, 45.38461538461538, 2020-10-28 08:17:30, 5458.715421986644, 150.0 
 46.31264130369712, -123.08626188979524, 29.655172413793103, 2020-10-28 08:20:00, 27588.729221045163, 300.0 
 46.046086581265264, -123.08508234423874, 20.000000000000004, 2020-10-28 08:37:30, 9653.318110175369, 150.0 
 46.011330408580115, -123.19633519123047, 51.72413793103448, 2020-10-28 08:40:00, 11537.254337626086, 150.0 
 46.24886576991326, -123.1563791101211, 50.0, 2020-10-28 08:52:30, 16512.969160360713, 300.0 
 46.22182767069234, -123.22613446710645, 20.000000000000004, 2020-10-28 09:15:00, 21226.679232941173, 300.0 
 46.02536874748161, -122.98082638693039, 20.0, 2020-10-28 09:25:00, 10630.981474892533, 150.0 
 46.126050540551816, -123.20257727303574, 33.06122448979592, 2020-10-28 22:45:00, 81576.40331231685, 300.0 
 46.19930463482926, -123.09489071868558, 20.0, 2020-10-28 22:47:30, 48593.847880399895, 150.0 
 46.27341260193363, -123.22294526499424, 20.0, 2020-10-28 22:50:00, 114925.6237313984, 150.0 
 46.09430961261393, -123.21766103108367, 20.0, 2020-10-28 22:52:30, 80247.1509624905, 150.0 
 46.15966783878373, -123.15717237445025, 58.62068965517241, 2020-10-28 23:12:30, 50634.82825308674, 300.0 
 46.21390969846084, -123.21501235754513, 57.241379310344826, 2020-10-28 23:15:00, 44994.34780410889, 150.0 
 46.12533780436726, -123.01875662387673, 45.38461538461539, 2020-10-28 23:42:30, 58793.11910728984, 300.0 
 46.106121317571784, -123.19037120220962, 20.0, 2020-10-28 07:35:00, 35953.90372408112, 300.0 
 46.008480717152906, -123.14648834493649, 45.384615384615394, 2020-10-28 08:30:00, 21234.53309366947, 300.0 
 46.22466353307525, -122.95140720275558, 35.38461538461539, 2020-10-28 09:10:00, 8277.223211768569, 300.0 
 46.31217226354591, -123.25516148328659, 20.0, 2020-10-28 09:17:30, 23747.343180088057, 150.0 
 46.224815636356475, -123.21171087061998, 20.0, 2020-10-28 09:20:00, 12688.319654155559, 150.0 
 46.159318730464356, -123.23486485977382, 32.30769230769231, 2020-10-28 22:40:00, 143974.4501352637, 300.0 
 46.198008639118186, -123.16212534590143, 20.0, 2020-10-28 22:55:00, 30320.20193931487, 150.0 
 46.208054222097935, -123.23092029526264, 20.0, 2020-10-28 22:57:30, 44948.82163075211, 150.0 
 46.376591999043576, -123.07957570098233, 20.0, 2020-10-28 23:00:00, 50627.31380926763, 150.0 
 46.02043244225247, -123.12558107014044, 60.0, 2020-10-28 23:02:30, 90486.24635126044, 300.0 
 46.27247989770045, -122.89280591176902, 20.000000000000004, 2020-10-29 04:07:30, 39483.56826354601, 300.0 
 46.322515818516194, -122.97279138075547, 20.0, 2020-10-29 04:10:00, 19038.28516112629, 150.0 
 46.286979102818094, -123.1429603304543, 20.0, 2020-10-29 04:20:00, 25184.18348638493, 300.0 
 46.296922074114086, -123.0892324160368, 36.326530612244895, 2020-10-29 04:25:00, 49092.20377058871, 300.0 
 46.242756284333545, -123.3732871680266, 20.0, 2020-10-29 04:45:00, 77669.54997446708, 300.0 
 46.2976551429139, -123.15426633363771, 20.0, 2020-10-29 05:00:00, 25979.141944867668, 300.0 
 46.46228507168339, -123.18102956697072, 20.0, 2020-10-29 05:02:30, 19734.048799171745, 150.0 
 46.234480130584615, -123.0269411778253, 20.0, 2020-10-29 05:10:00, 33067.79113277538, 300.0 
 46.36199146110197, -123.49047101171648, 33.06122448979592, 2020-10-29 05:37:30, 39477.14428678037, 300.0 
 46.362749765197535, -123.35904732071205, 32.30769230769231, 2020-10-29 05:50:00, 86750.71048106247, 300.0 
 46.28990941349197, -123.07817395873545, 60.0, 2020-10-29 06:07:30, 82352.29225099062, 300.0 
 46.4148958550533, -123.28290566086196, 26.206896551724135, 2020-10-29 06:47:30, 97465.24045560183, 300.0 
 46.35908064019513, -123.3587932766599, 59.99999999999999, 2020-10-29 06:50:00, 41150.326000042056, 150.0 
 46.22719265635272, -123.39870378361101, 43.6734693877551, 2020-10-29 06:57:30, 45767.981231698956, 300.0 
 46.24085751052505, -122.96772690459012, 20.000000000000004, 2020-10-29 07:00:00, 24146.17838146284, 150.0 
 46.19724035793955, -122.888252933686, 20.0, 2020-10-29 07:02:30, 27484.260935603183, 150.0 
 46.20440317590514, -123.01842770502472, 37.95918367346939, 2020-10-29 07:12:30, 60272.943649336514, 300.0 
 46.2861051933597, -123.17074959718353, 51.72413793103448, 2020-10-29 07:15:00, 20486.314522572604, 150.0 
 46.20074095423479, -123.13734855727253, 20.0, 2020-10-29 07:20:00, 43428.78705264877, 300.0 
 46.14883287385196, -123.03213485862298, 20.000000000000004, 2020-10-29 07:22:30, 45336.22407512121, 300.0 
 46.1308028839462, -123.02042140263069, 28.27586206896552, 2020-10-29 07:27:30, 47906.56554133937, 150.0 
 46.21008221163429, -122.82547902613186, 46.15384615384615, 2020-10-29 07:32:30, 22684.746667727723, 300.0 
 46.24504907348226, -123.04218160458095, 20.0, 2020-10-29 07:45:00, 37183.74710408929, 150.0 
 46.14619125197331, -123.20523154635084, 53.79310344827586, 2020-10-29 07:50:00, 59019.548537985196, 150.0 
 46.1071474692395, -123.01232985221228, 57.93103448275861, 2020-10-29 07:57:30, 33996.961481420934, 150.0 
 46.22882651214186, -123.0914883425932, 20.0, 2020-10-29 08:07:30, 45961.08693392247, 150.0 
 46.249907947545026, -123.15247181361065, 20.0, 2020-10-29 08:10:00, 40110.35037044403, 150.0 
 46.04860765360504, -123.20935246718244, 46.15384615384616, 2020-10-29 08:15:00, 26868.037920274997, 150.0 
 46.143665381381254, -123.08074224789434, 20.0, 2020-10-29 08:25:00, 28445.66220245144, 300.0 
 46.022435121823335, -123.07697530570975, 37.14285714285714, 2020-10-29 08:45:00, 38788.23250123431, 150.0 
 46.06198762578963, -123.27891326146701, 60.0, 2020-10-29 08:47:30, 50484.00059464635, 150.0 
 46.19157778975276, -123.07718684000815, 32.24489795918367, 2020-10-29 08:55:00, 402160.26520126255, 300.0 
 46.10072486011164, -123.01192783900338, 33.84615384615385, 2020-10-29 09:02:30, 555640.4215948583, 300.0 
 46.07638809225691, -123.1451393840226, 45.38461538461539, 2020-10-29 09:07:30, 274506.3042226611, 300.0 
 46.07978287252156, -122.8177688287837, 60.0, 2020-10-29 09:22:30, 82191.05395504582, 300.0 
 46.01320069179781, -123.01833423009349, 54.48275862068966, 2020-10-29 09:30:00, 91448.4043851709, 300.0 
 46.116344726343726, -123.07238877114162, 37.14285714285714, 2020-10-29 09:32:30, 61023.26450336576, 150.0 
 46.239908660608876, -122.84314490600887, 50.0, 2020-10-29 09:37:30, 88112.77388037182, 300.0 
 46.08919093526367, -123.14729248999971, 60.0, 2020-10-29 09:45:00, 36191.166250772825, 150.0 
 46.09730275422103, -123.0936406822412, 30.0, 2020-10-29 09:47:30, 33692.00418491306, 150.0 
 46.26564833511809, -123.34836101455922, 59.310344827586206, 2020-10-29 10:00:00, 94084.53098903086, 300.0 
 46.474461683723455, -123.02483088948676, 60.0, 2020-10-29 10:10:00, 82100.11638742728, 300.0 
 46.256496261558794, -123.1476007587268, 20.0, 2020-10-29 10:15:00, 23486.04176283607, 150.0 
 46.40901244783735, -123.23731800333766, 40.0, 2020-10-29 10:22:30, 76669.4855936125, 300.0 
 46.2342362304997, -123.29717792028845, 34.61538461538462, 2020-10-29 10:32:30, 108870.11601577168, 300.0 
 46.077802979256326, -123.1293793394104, 21.379310344827587, 2020-10-29 10:40:00, 87503.6933530679, 150.0 
 46.141053532874935, -123.27895655384012, 44.48979591836734, 2020-10-29 10:47:30, 43204.8133645372, 150.0 
 46.48711384216571, -123.23856970487044, 44.61538461538461, 2020-10-29 10:55:00, 164044.17360893785, 300.0 
 46.41652109193241, -123.23250475686459, 40.0, 2020-10-29 10:57:30, 82564.1996145761, 150.0 
 46.1088011948856, -123.07851694460295, 53.103448275862064, 2020-10-29 11:00:00, 180463.26017190522, 300.0 
 46.207634224144826, -122.91006426972658, 20.0, 2020-10-29 11:17:30, 247313.62612963805, 300.0 
 46.02722450038793, -123.15910643906781, 53.79310344827586, 2020-10-29 11:20:00, 108227.78131236453, 300.0 
 46.246995343838414, -123.35635288301769, 43.6734693877551, 2020-10-29 11:27:30, 38230.16162705544, 150.0 
 46.27624922408349, -123.27749382568089, 46.12244897959184, 2020-10-29 11:30:00, 31038.93264525163, 150.0 
 46.341535541943756, -122.95141085093081, 20.0, 2020-10-29 11:50:00, 106782.11912866788, 300.0 
 46.339273356116394, -123.02691999659095, 20.0, 2020-10-29 11:52:30, 64323.38892276325, 150.0 
 46.28941903333491, -123.09405499084997, 20.0, 2020-10-29 12:02:30, 191289.00366871062, 300.0 
 46.2082021031559, -123.60265874663526, 20.0, 2020-10-29 12:05:00, 155849.62483586912, 300.0 
 46.23600283585515, -123.09724811555533, 34.69387755102041, 2020-10-29 12:12:30, 183336.8530134059, 300.0 
 46.16221869315159, -123.07531280281137, 58.62068965517241, 2020-10-29 12:15:00, 61380.241685077875, 150.0 
 46.25075883087284, -123.00544125140475, 20.0, 2020-10-29 12:17:30, 91120.07278842971, 150.0 
 46.23184316884051, -123.11287681235241, 20.0, 2020-10-29 12:25:00, 21274.51129635982, 150.0 
 46.29188720697297, -123.22019786398502, 20.0, 2020-10-29 12:35:00, 23044.431740799733, 150.0 
 46.24376991358226, -123.11364709402766, 60.00000000000001, 2020-10-29 12:37:30, 38737.465132070814, 150.0 
 46.14731993157488, -123.19869270358433, 60.0, 2020-10-29 12:40:00, 45948.7559238766, 150.0 
 46.16593475205461, -122.9525093289086, 54.48275862068965, 2020-10-29 12:45:00, 106083.51700297155, 300.0 
 46.02205105660428, -123.14821202252234, 34.61538461538461, 2020-10-29 13:17:30, 74261.2949779111, 300.0 
 46.02480343706512, -123.14839073174879, 20.0, 2020-10-29 21:52:30, 74512.77815582481, 300.0 
 46.073967326802844, -123.13441500012141, 20.0, 2020-10-29 21:55:00, 84854.18595538367, 150.0 
 46.09097766418283, -123.20686911404142, 42.04081632653062, 2020-10-29 23:40:00, 170174.0732495286, 150.0 
 46.06050256861239, -123.18240580757023, 20.0, 2020-10-29 23:45:00, 21557.762798317966, 150.0 
 46.34095729526778, -123.06507660333268, 24.137931034482758, 2020-10-29 03:25:00, 24485.387258996056, 300.0 
 46.22640156355682, -123.46362544064567, 20.0, 2020-10-29 04:02:30, 54630.86434023954, 300.0 
 46.20703670003923, -123.08966609679946, 42.857142857142854, 2020-10-29 04:27:30, 24298.08776648876, 150.0 
 46.20212407187886, -123.2774092202724, 53.103448275862064, 2020-10-29 05:22:30, 24309.34430167568, 300.0 
 46.16843513118606, -123.28379423670833, 20.0, 2020-10-29 05:32:30, 69528.3320697593, 300.0 
 46.25481187216568, -123.316812799256, 24.827586206896548, 2020-10-29 05:42:30, 29256.423935330215, 300.0 
 46.006354022937735, -123.13359930609401, 45.306122448979586, 2020-10-29 06:37:30, 46889.81301927255, 150.0 
 46.007661744284896, -123.06819041830533, 41.224489795918366, 2020-10-29 06:40:00, 47838.06159789379, 150.0 
 46.043931209956455, -123.03990023180667, 36.3265306122449, 2020-10-29 06:42:30, 23655.646780292736, 150.0 
 46.29627334920614, -123.40650610379645, 56.55172413793104, 2020-10-29 06:52:30, 31717.657626225795, 300.0 
 46.19535352522401, -123.04388427737783, 20.0, 2020-10-29 06:57:30, 34092.9255903676, 300.0 
 46.37532217210213, -123.57627061603472, 20.0, 2020-10-29 07:20:00, 58045.40193115747, 300.0 
 46.28234637914561, -123.21273874336644, 20.0, 2020-10-29 07:35:00, 28201.79114872874, 300.0 
 46.2253631280498, -123.08745992762374, 20.0, 2020-10-29 07:37:30, 9348.091949150647, 150.0 
 46.215283453710136, -123.21886758675447, 20.0, 2020-10-29 07:40:00, 28717.391036909114, 150.0 
 46.270940884667866, -123.08933450931349, 21.379310344827584, 2020-10-29 07:42:30, 38243.053661815175, 150.0 
 46.24522832854831, -123.26255273918478, 40.40816326530612, 2020-10-29 07:47:30, 22733.79628636551, 150.0 
 46.13808763747111, -122.96699387224277, 20.0, 2020-10-29 07:52:30, 38732.3523744536, 150.0 
 46.07583384083003, -122.97513399053194, 57.931034482758626, 2020-10-29 07:55:00, 24442.06882839145, 150.0 
 46.275809979648194, -123.14184095563859, 25.51724137931035, 2020-10-29 08:00:00, 25960.045082135817, 150.0 
 46.290312833684254, -123.12835751286457, 20.0, 2020-10-29 08:02:30, 27372.1091256945, 150.0 
 46.402007118620205, -123.06393080564939, 57.931034482758626, 2020-10-29 08:05:00, 19504.019298560524, 150.0 
 46.171308914972386, -123.31524737221916, 42.857142857142854, 2020-10-29 08:17:30, 23018.477672361387, 150.0 
 46.05231490926823, -123.05025668576107, 38.77551020408163, 2020-10-29 08:50:00, 92671.53281362003, 150.0 
 46.02273345296442, -123.1903090889019, 32.307692307692314, 2020-10-29 08:57:30, 304186.07815543626, 150.0 
 46.23168648627147, -123.02615087936309, 26.896551724137936, 2020-10-29 09:15:00, 158428.09034346667, 300.0 
 46.171265015093425, -122.95517937248518, 20.0, 2020-10-29 09:17:30, 66484.03137311821, 150.0 
 46.213241267395695, -123.11649629451358, 20.000000000000004, 2020-10-29 09:20:00, 28909.976729878646, 150.0 
 46.05829968159437, -123.11431945925887, 20.0, 2020-10-29 09:40:00, 75320.30973613587, 300.0 
 46.13689737189417, -123.15250773085279, 20.0, 2020-10-29 09:42:30, 37265.701869028824, 150.0 
 46.159123728507005, -123.34420600218321, 53.793103448275865, 2020-10-29 10:10:00, 68691.1294866563, 300.0 
 46.13009941918371, -123.15914215123391, 33.87755102040817, 2020-10-29 10:12:30, 45071.156378583764, 300.0 
 46.38498308233798, -123.1703283691165, 20.0, 2020-10-29 10:20:00, 66829.54977663567, 300.0 
 46.09227178554779, -123.44463023634191, 60.0, 2020-10-29 10:22:30, 60883.917554736254, 300.0 
 46.150366372119024, -123.17791818612797, 60.0, 2020-10-29 10:42:30, 49295.21607593984, 150.0 
 46.166408571262444, -123.34283407818695, 38.775510204081634, 2020-10-29 10:45:00, 32908.96873781507, 150.0 
 46.35494382519292, -122.85891239114385, 60.0, 2020-10-29 10:55:00, 222790.16775967312, 300.0 
 46.30577913425372, -123.38868679311625, 31.53846153846154, 2020-10-29 11:05:00, 203083.92256488756, 300.0 
 46.22397613285341, -123.27326436789636, 20.0, 2020-10-29 11:07:30, 62043.05184438301, 150.0 
 46.12810755753884, -123.25812072415846, 20.0, 2020-10-29 11:10:00, 45695.99231232671, 150.0 
 46.1170134193284, -123.2988527416619, 20.0, 2020-10-29 11:25:00, 111242.18836036275, 300.0 
 46.305611194612545, -122.88605487082943, 20.0, 2020-10-29 11:35:00, 102649.99138694844, 300.0 
 46.221766278802, -123.37109474175088, 60.0, 2020-10-29 11:47:30, 57882.48033370505, 300.0 
 46.043302932489865, -123.32340414115751, 20.0, 2020-10-29 11:50:00, 19856.321094342507, 150.0 
 46.116893786813826, -123.29754340512919, 20.0, 2020-10-29 11:52:30, 60898.01698513544, 300.0 
 46.11904860256476, -122.83475363585643, 54.48275862068966, 2020-10-29 12:02:30, 284054.7778465619, 300.0 
 46.31175479003613, -123.40360081409354, 33.84615384615385, 2020-10-29 12:10:00, 234689.56127805155, 300.0 
 46.05502376847153, -123.11894146508578, 53.103448275862064, 2020-10-29 12:22:30, 44926.47307615806, 300.0 
 46.2833122157851, -123.22324307804767, 20.0, 2020-10-29 12:32:30, 41710.33776417957, 300.0 
 46.19483130652652, -123.54550416141602, 20.0, 2020-10-29 12:47:30, 20677.194849972908, 300.0 
 46.2251207323676, -123.326428377663, 34.61538461538461, 2020-10-29 13:05:00, 87116.14345517941, 300.0 
 46.16384559092479, -123.03398879259602, 20.000000000000004, 2020-10-29 13:07:30, 27457.5731514383, 150.0 
 46.18001040300471, -123.493589001719, 29.230769230769226, 2020-10-29 13:15:00, 80906.12500770383, 300.0 
 46.167003514890894, -123.34938733330014, 60.0, 2020-10-29 13:45:00, 62557.10896809771, 300.0 
 46.03418049415848, -123.06440592595824, 37.142857142857146, 2020-10-29 13:47:30, 69221.89630316087, 300.0 
 46.179549689912854, -123.41635521990504, 30.769230769230774, 2020-10-29 13:50:00, 109974.99497058263, 300.0 
 46.00778412759567, -123.06949663651861, 32.30769230769231, 2020-10-29 14:02:30, 100144.37296959046, 300.0 
 46.00732069807461, -123.18393981982344, 38.775510204081634, 2020-10-29 23:10:00, 91829.65817344749, 300.0 
 46.15354786082109, -123.24262757815714, 20.000000000000004, 2020-10-29 23:37:30, 98470.77785099235, 300.0 
 46.00787139222167, -123.18951074233878, 33.84615384615384, 2020-10-30 00:05:00, 48492.675192961935, 150.0 
 46.11316448219894, -123.2030486256219, 33.84615384615385, 2020-10-30 00:10:00, 36565.266545600134, 150.0 
 46.04969378105232, -123.20414275184595, 20.0, 2020-10-30 01:37:30, 61977.63987765837, 300.0 
 46.01554808691288, -123.17945874451041, 30.76923076923077, 2020-10-30 01:55:00, 89994.87521529628, 150.0 
 46.13716909717642, -123.28530707964019, 43.67346938775509, 2020-10-30 02:05:00, 67737.29178098601, 150.0 
 46.215279082146566, -123.22967110571264, 20.000000000000004, 2020-10-30 02:50:00, 42317.09791312718, 300.0 
 46.019401907053975, -123.28792445418433, 35.51020408163265, 2020-10-30 03:15:00, 25356.107772699877, 150.0 
 46.00161174093713, -123.26957378285918, 33.07692307692307, 2020-10-30 03:17:30, 62881.80706128506, 150.0 
 46.009482259242425, -123.28197747041223, 33.84615384615385, 2020-10-30 04:10:00, 27668.40412049035, 150.0 
 46.10181774339172, -123.21287239253085, 35.38461538461539, 2020-10-30 04:27:30, 20268.7383598226, 150.0 
 46.01223441624267, -123.28216282609637, 33.87755102040816, 2020-10-30 05:10:00, 16795.62119242355, 150.0 
 46.09894932584147, -123.38449310892085, 55.86206896551724, 2020-10-30 05:12:30, 26336.429155922884, 150.0 
 46.05160548738225, -123.34291851409571, 20.0, 2020-10-30 06:05:00, 23254.87762179774, 150.0 
 46.01170972794584, -123.18448509097166, 33.87755102040816, 2020-10-30 06:07:30, 17761.93384178561, 150.0 
 46.006960871195794, -123.33062659729751, 52.41379310344828, 2020-10-30 06:22:30, 43562.693236381776, 150.0 
 46.06716698663008, -123.2039754087603, 37.95918367346939, 2020-10-30 06:37:30, 22751.19176365469, 150.0 
 46.257288910224176, -123.15162834122506, 19.999999999999996, 2020-10-30 11:12:30, 38913.62778861573, 300.0 
 46.15024118995679, -123.19359452597313, 37.95918367346938, 2020-10-30 11:22:30, 215765.90737471604, 150.0 
 46.06297218162068, -122.85903060589986, 33.87755102040816, 2020-10-30 11:32:30, 40616.41799447641, 150.0 
 46.10533490064493, -123.07168781029907, 43.84615384615385, 2020-10-30 11:57:30, 61515.06099976997, 300.0 
 46.12547395959213, -123.27993559914246, 32.30769230769231, 2020-10-30 00:07:30, 38022.851281370225, 150.0 
 46.10384866436021, -123.23608725322056, 26.206896551724135, 2020-10-30 01:52:30, 54411.37859287833, 300.0 
 46.02178558100244, -123.25033192909193, 24.827586206896555, 2020-10-30 02:02:30, 40134.07571149897, 150.0 
 46.018245399662646, -123.18185575163989, 34.69387755102041, 2020-10-30 02:25:00, 47709.793681153686, 300.0 
 46.15504203697694, -123.2690022582665, 20.0, 2020-10-30 04:25:00, 43063.904804335856, 300.0 
 46.01946301579637, -123.31592427674688, 32.30769230769231, 2020-10-30 05:07:30, 19953.974887469554, 150.0 
 46.06024934573411, -123.26565821856039, 20.0, 2020-10-30 05:25:00, 8424.086943761966, 150.0 
 46.166512644372105, -123.15216097985349, 20.0, 2020-10-30 05:40:00, 27044.00573926199, 300.0 
 46.139149584335186, -123.55444473688635, 20.0, 2020-10-30 05:50:00, 29465.9433016414, 300.0 
 46.05628087421857, -123.22249970766899, 29.999999999999996, 2020-10-30 06:17:30, 64802.237986041255, 150.0 
 46.12572451642752, -123.11200963796627, 20.0, 2020-10-30 06:32:30, 25741.503403344006, 300.0 
 46.015583131159126, -123.2634739174824, 27.586206896551726, 2020-10-30 07:10:00, 23810.59482043869, 150.0 
 46.01070577678276, -123.22052248294457, 32.30769230769231, 2020-10-30 11:15:00, 217785.50844505537, 300.0 
 46.03082280144362, -123.30846485020658, 25.384615384615387, 2020-10-30 11:17:30, 160320.86577129483, 150.0 
 46.08064574918604, -123.48006160925165, 47.69230769230769, 2020-10-30 11:25:00, 114632.31700987124, 150.0 
 46.106131593711275, -122.77732913032996, 20.0, 2020-10-30 11:30:00, 155012.3542787545, 300.0 
 46.01084136187288, -123.181938522429, 34.69387755102041, 2020-10-30 11:50:00, 56016.22789730595, 150.0 
 46.0359413245381, -123.00418889354489, 20.0, 2020-10-30 12:10:00, 28329.742000084265, 300.0 
 46.06151755488554, -123.11902522353458, 20.0, 2020-10-30 12:17:30, 176130.0586211741, 300.0 
 46.14982235461457, -123.16202614843196, 20.0, 2020-10-30 12:25:00, 23788.141693428952, 300.0 
 47.132495515150154, -122.93564956719455, 60.00000000000001, 2020-10-31 06:32:30, 25229.595672697636, 300.0 
 47.1315352726952, -123.0259451507604, 59.310344827586206, 2020-10-31 06:57:30, 109472.2286962441, 300.0 
 47.102209964379306, -122.94427369645243, 58.62068965517241, 2020-10-31 07:00:00, 63648.59660879923, 150.0 
 47.155954451734246, -123.15357430050967, 20.0, 2020-10-31 07:25:00, 68689.51688726043, 300.0 
 47.259603688225695, -123.09209145063525, 20.0, 2020-10-31 07:27:30, 20688.643623194857, 150.0 
 47.318260376913194, -123.24287167145746, 20.0, 2020-10-31 07:40:00, 30466.082012916137, 300.0 
 47.403431279863995, -123.30337146913432, 20.0, 2020-10-31 07:55:00, 30366.26503126825, 300.0 
 47.216233920544056, -123.18414390285889, 20.0, 2020-10-31 07:57:30, 29270.085113812827, 150.0 
 47.36652406617385, -123.22310976759601, 20.0, 2020-10-31 09:35:00, 23144.837401673085, 300.0 
 47.42701346925422, -123.27808809629983, 20.0, 2020-10-31 09:52:30, 35941.772853438095, 300.0 
 47.304687759990415, -123.24073822095076, 26.20689655172414, 2020-10-31 10:05:00, 45454.10815251751, 300.0 
 47.408879964353254, -123.27120131418653, 42.04081632653062, 2020-10-31 10:17:30, 51758.14469672141, 300.0 
 47.202552570197604, -123.09526038234301, 53.103448275862064, 2020-10-31 10:20:00, 39156.996591194715, 300.0 
 47.29060013413713, -123.18732364214242, 20.0, 2020-10-31 10:55:00, 27745.25361901067, 300.0 
 47.18867348265805, -123.06607975712676, 20.0, 2020-10-31 11:00:00, 64621.39042708648, 300.0 
 47.2641570960967, -123.21203451115895, 20.000000000000004, 2020-10-31 11:17:30, 19120.40665167684, 150.0 
 47.32998407277986, -122.7750788007082, 20.0, 2020-10-31 11:20:00, 58681.33033852815, 300.0 
 47.29539432175866, -122.89141962860884, 20.0, 2020-10-31 11:22:30, 61757.278665440084, 300.0 
 47.190981310673195, -123.16482417975793, 20.0, 2020-10-31 11:27:30, 63824.38468798548, 300.0 
 47.07383627902028, -123.15543772381167, 24.827586206896548, 2020-10-31 11:35:00, 177883.3081670199, 300.0 
 47.08255358955826, -123.08850346695895, 36.326530612244895, 2020-10-31 11:47:30, 105355.51430255458, 300.0 
 47.316089740292384, -123.11247816620698, 36.326530612244895, 2020-10-31 11:50:00, 84074.41759245182, 300.0 
 47.11477331665415, -123.10517791596293, 24.827586206896555, 2020-10-31 12:00:00, 29204.625477626047, 150.0 
 47.151821741821394, -123.07600366356205, 30.0, 2020-10-31 12:02:30, 38377.341156282964, 150.0 
 47.163302447960504, -122.96914810437849, 60.00000000000001, 2020-10-31 12:05:00, 38904.64668490467, 150.0 
 47.151688201191725, -123.13861926157084, 20.0, 2020-10-31 12:30:00, 25569.025699804213, 150.0 
 46.01647817352849, -123.29300592361817, 20.0, 2020-10-31 00:47:30, 33084.633286072996, 150.0 
 46.02146400975824, -123.33689528902605, 20.0, 2020-10-31 06:35:00, 61952.14063038449, 150.0 
 47.22653469673439, -123.13918180727339, 20.0, 2020-10-31 07:30:00, 47282.47266273068, 150.0 
 47.200953493814055, -122.68710356533126, 60.0, 2020-10-31 07:40:00, 56324.3104337827, 300.0 
 47.28136824835183, -123.02801812205402, 20.0, 2020-10-31 07:42:30, 64963.92474459973, 300.0 
 47.22719934060015, -122.9638269518543, 20.0, 2020-10-31 08:00:00, 32326.62270653443, 150.0 
 47.196256934908064, -123.0158144429412, 20.0, 2020-10-31 08:05:00, 119919.81031622841, 300.0 
 47.098854269674405, -123.36765515128177, 37.95918367346938, 2020-10-31 08:07:30, 82652.16483316605, 300.0 
 47.230681068529904, -122.87499843016752, 20.0, 2020-10-31 08:15:00, 69633.99347520614, 300.0 
 47.32299087397284, -122.8928331379527, 20.0, 2020-10-31 08:22:30, 70792.78127441069, 300.0 
 47.35876208866868, -123.3468209420206, 25.51724137931034, 2020-10-31 08:25:00, 72681.5485123799, 300.0 
 47.19624879237156, -123.22617808651778, 20.0, 2020-10-31 08:35:00, 77705.57265773455, 300.0 
 47.27848559713928, -123.15343439821605, 25.517241379310345, 2020-10-31 08:37:30, 25544.372880013718, 150.0 
 47.269333960172226, -123.09205902716495, 20.0, 2020-10-31 08:40:00, 22622.386167556353, 150.0 
 47.13997846948937, -123.14422918696758, 20.0, 2020-10-31 08:42:30, 19412.16741307933, 150.0 
 47.20544422722294, -122.82490470653806, 60.0, 2020-10-31 09:00:00, 39968.95348903612, 300.0 
 47.28950385323931, -123.03259337708332, 20.0, 2020-10-31 09:02:30, 21768.70087582052, 150.0 
 46.10678764049685, -123.02420178555177, 51.724137931034484, 2020-10-31 09:32:30, 31821.680276598596, 300.0 
 46.06348719560485, -123.31731672156764, 20.0, 2020-10-31 09:35:00, 49283.332027872195, 150.0 
 46.983456763663, -123.06270004783362, 20.0, 2020-10-31 09:40:00, 68095.68908365301, 300.0 
 47.19315773060411, -123.08842768696383, 20.0, 2020-10-31 09:50:00, 98100.50992274906, 300.0 
 47.08372821162749, -123.26700132005759, 24.137931034482758, 2020-10-31 10:00:00, 36313.53390087417, 300.0 
 47.03623827150123, -123.19921281412513, 20.0, 2020-10-31 10:15:00, 79128.27780727229, 300.0 
 46.90602678131337, -123.18914614383799, 33.06122448979592, 2020-10-31 10:25:00, 73196.96645855121, 300.0 
 47.18492494640769, -123.14721096560746, 20.0, 2020-10-31 10:40:00, 43437.46451708071, 300.0 
 47.24024893473771, -123.01997914559246, 20.0, 2020-10-31 10:42:30, 38343.976844185585, 150.0 
 47.28060243555304, -122.96044212005937, 20.0, 2020-10-31 11:07:30, 100950.29448106188, 300.0 
 47.06013301026253, -123.14028981911034, 60.0, 2020-10-31 11:12:30, 198569.43848201988, 300.0 
 47.28547381347374, -123.04449038281419, 20.0, 2020-10-31 11:15:00, 153789.26679819828, 300.0 
 47.024311189681804, -123.10969614180895, 47.69230769230769, 2020-10-31 11:22:30, 114456.64349276527, 300.0 
 46.067740736579765, -122.82101974118953, 33.84615384615385, 2020-10-31 11:32:30, 707333.2936799037, 300.0 
 46.05677087524847, -123.09632855308723, 20.0, 2020-10-31 11:37:30, 47871.49929804394, 150.0 
 46.05326370992021, -123.09082230193935, 20.0, 2020-10-31 11:40:00, 32889.99210854409, 150.0 
 47.22431623280916, -123.21054447898923, 26.92307692307692, 2020-10-31 11:57:30, 226666.06784648783, 300.0 
 47.31146489614048, -123.15698479209253, 54.48275862068965, 2020-10-31 12:07:30, 19876.655750176138, 150.0 
 47.27316651766826, -123.08690834467399, 20.0, 2020-10-31 12:12:30, 106192.7739268267, 300.0 
 47.193517610515656, -122.82418511630368, 56.55172413793103, 2020-10-31 12:27:30, 90542.46418238949, 300.0 
 47.304561060902586, -122.76334788348044, 20.0, 2020-10-31 12:30:00, 55342.669713964235, 300.0 
 47.19448818209435, -122.95098101488581, 60.0, 2020-10-31 12:42:30, 28753.904594595064, 300.0 
 47.28028800893607, -122.97122640772643, 20.0, 2020-10-31 13:20:00, 119818.64515238567, 300.0 
 46.099026344725665, -123.2708370857313, 20.0, 2020-10-31 14:00:00, 72927.66738817438, 300.0 
 46.09497019295886, -123.28245784110317, 20.0, 2020-10-31 14:37:30, 40890.3502366866, 150.0 
 46.41594351403563, -123.22183243992924, 60.0, 2020-10-31 14:45:00, 143992.65688211695, 300.0 
 46.0078771537254, -123.30298069240985, 60.0, 2020-10-31 14:57:30, 69992.49016424506, 150.0 
 46.293506260671705, -123.28396599865121, 60.0, 2020-10-31 15:00:00, 245399.1225797383, 300.0 
 46.014395709970636, -123.24404075893688, 41.224489795918366, 2020-10-31 15:12:30, 66011.81641976022, 300.0 
 46.011372555176294, -123.19501851342395, 20.0, 2020-10-31 15:20:00, 42860.13941303217, 150.0 
 46.17666887708892, -123.34224129689277, 25.517241379310345, 2020-10-31 15:22:30, 43718.955394807905, 150.0 
 46.20426061003572, -123.39710445683188, 20.0, 2020-10-31 15:37:30, 146547.52965624962, 300.0 
 46.09868263810853, -123.28138675609276, 20.0, 2020-10-31 16:20:00, 38287.39457435108, 300.0 
 46.16574067968822, -123.37628418737866, 20.0, 2020-10-31 00:40:00, 113356.70274571604, 300.0 
 46.033174517772665, -123.18299833576768, 20.0, 2020-10-31 01:22:30, 78042.52665883675, 300.0 
 46.095011809248106, -123.10060112380123, 46.92307692307693, 2020-10-31 10:15:00, 41730.02497692155, 300.0 
 46.01732255319184, -123.08228776860126, 20.0, 2020-10-31 11:15:00, 122637.03580560477, 150.0 
 46.050650319859386, -123.19163776461768, 35.51020408163265, 2020-10-31 11:25:00, 86616.55818834405, 300.0 
 46.03779418139535, -123.3138009414361, 31.428571428571427, 2020-10-31 13:20:00, 11058.414718663567, 150.0 
 46.11243549917671, -123.17850913719157, 43.07692307692308, 2020-10-31 13:22:30, 10768.41008469877, 150.0 
 46.06024934573411, -123.26565821856039, 20.0, 2020-10-31 13:52:30, 14091.87789558456, 150.0 
 46.268635269117965, -123.20467348369806, 20.0, 2020-10-31 14:07:30, 78483.65279636801, 300.0 
 46.05375211782194, -123.31611596456385, 29.230769230769234, 2020-10-31 14:12:30, 37545.45949158944, 300.0 
 46.0080267013979, -123.23166797860239, 45.38461538461539, 2020-10-31 14:35:00, 41906.53174140129, 150.0 
 46.14733645985268, -123.14517315585695, 44.489795918367335, 2020-10-31 15:47:30, 37052.02449216262, 150.0 
 46.057267650038355, -123.11318682765341, 20.0, 2020-10-31 15:50:00, 29254.28180729335, 150.0 
 46.330331017458455, -123.24100377469503, 44.48979591836734, 2020-10-31 15:55:00, 119291.07850797386, 300.0 
 46.02740641584195, -123.19074843127979, 20.0, 2020-10-31 16:02:30, 29104.856165268873, 300.0 
 46.028159023550614, -123.24912389856482, 38.775510204081634, 2020-10-31 16:10:00, 20477.093107750174, 150.0 
 46.15127673591127, -123.17774401764663, 20.0, 2020-10-31 16:45:00, 88736.87639194253, 300.0 
 46.05787638628744, -123.11972448637712, 20.0, 2020-10-31 17:30:00, 15992.596426982986, 300.0 
 46.07397108834961, -123.3616247220978, 20.0, 2020-11-01 14:42:30, 35289.48449911173, 150.0 
 46.0586186158238, -123.26944189089892, 20.0, 2020-11-01 14:47:30, 18984.051197893983, 150.0 
 46.01137210583035, -123.30849545694099, 60.0, 2020-11-01 16:32:30, 25187.89971122401, 300.0 
 46.0240930360672, -123.14174597277537, 25.51724137931035, 2020-11-01 16:40:00, 83564.67053058662, 300.0 
 46.097979240581964, -123.21790437810817, 32.30769230769231, 2020-11-01 16:42:30, 25209.461531129546, 150.0 
 46.017552136518646, -123.2950111211072, 32.30769230769231, 2020-11-01 13:22:30, 7471.845505719625, 150.0 
 46.07459393936839, -123.37207278382527, 53.103448275862064, 2020-11-01 14:37:30, 26772.22904643788, 150.0 
 46.01489529032327, -123.21573718505927, 20.0, 2020-11-01 14:40:00, 41113.91983227428, 150.0 
 46.109416248870055, -123.25633845474461, 45.38461538461539, 2020-11-01 16:02:30, 19190.338152400323, 300.0 
 46.19562575275319, -123.08653126927464, 60.0, 2020-11-01 16:45:00, 8195.158842853629, 150.0 
 47.966129140710194, -123.57935294852292, 41.53846153846154, 2020-11-02 21:50:00, 199577.5031315403, 300.0 
 47.95002452334949, -123.62848657358815, 36.3265306122449, 2020-11-02 21:52:30, 89370.56713004583, 150.0 
 47.94503673766196, -123.61877773962078, 60.0, 2020-11-02 21:55:00, 37250.21419155686, 150.0 
 47.91994363791614, -123.38945627830603, 55.86206896551725, 2020-11-02 22:02:30, 78810.57221712318, 300.0 
 47.90813020272219, -123.40066646759273, 60.0, 2020-11-02 22:05:00, 110095.56583990369, 150.0 
 47.98768195208265, -123.43835232661371, 41.53846153846154, 2020-11-02 22:25:00, 155395.0914266478, 300.0 
 47.972184662948244, -123.56397798921729, 44.61538461538462, 2020-11-02 22:50:00, 118501.36735590987, 300.0 
 48.027502413568726, -123.54783572740222, 40.40816326530613, 2020-11-02 23:27:30, 149594.32376746912, 300.0 
 47.972648714575456, -123.57191900669963, 36.326530612244895, 2020-11-02 23:40:00, 62503.3046635334, 300.0 
 46.12074999724014, -123.178252299554, 20.0, 2020-11-02 00:30:00, 39816.93950599951, 300.0 
 46.046901126249836, -123.26153540978419, 57.241379310344826, 2020-11-02 00:45:00, 14153.645451939885, 150.0 
 46.084803493912375, -123.33155779324997, 24.137931034482758, 2020-11-02 14:30:00, 144657.8751208476, 300.0 
 48.198466888621745, -123.72382659420906, 59.310344827586206, 2020-11-03 10:07:30, 52683.10501709352, 300.0 
 48.09850084060962, -123.74163264913803, 20.0, 2020-11-03 10:25:00, 74436.55514568846, 300.0 
 47.95389586894972, -123.47623748134029, 55.172413793103445, 2020-11-03 00:02:30, 251391.35593518624, 300.0 
 47.8968162280159, -123.42285472640104, 37.95918367346939, 2020-11-03 00:05:00, 71488.90541238757, 150.0 
 47.98453531656701, -123.51058091282499, 33.87755102040816, 2020-11-03 00:07:30, 44639.97206030756, 150.0 
 47.919636694031055, -123.45299052519914, 20.0, 2020-11-03 00:10:00, 58281.25136301288, 150.0 
 47.97630258256282, -123.30707985204171, 35.51020408163265, 2020-11-03 00:12:30, 45080.98830461081, 150.0 
 47.99471067719965, -123.6853639381095, 34.69387755102041, 2020-11-03 01:00:00, 58862.126191053554, 300.0 
 47.93248719911848, -123.41671968360465, 35.51020408163266, 2020-11-03 01:05:00, 45231.61392696563, 300.0 
 48.033975279864755, -123.47794412624438, 54.48275862068965, 2020-11-03 01:35:00, 48437.056413532395, 300.0 
 48.0199035865718, -123.71135868620944, 55.86206896551724, 2020-11-03 01:47:30, 33129.81312113503, 300.0 
 48.00379821369888, -123.4515336195001, 20.0, 2020-11-03 01:50:00, 19109.847213741905, 150.0 
 47.904608127136015, -123.58942567137807, 20.0, 2020-11-03 01:52:30, 16202.266142327646, 150.0 
 48.084199017311015, -123.55247738093703, 20.0, 2020-11-03 01:55:00, 20825.201403326006, 150.0 
 47.92062775306452, -123.11699565462564, 53.79310344827586, 2020-11-03 01:57:30, 61117.22237345108, 300.0 
 47.88541519642067, -123.2918087452627, 44.48979591836735, 2020-11-03 02:02:30, 69713.69497048524, 300.0 
 47.939759631395, -123.35364911794562, 52.41379310344828, 2020-11-03 02:05:00, 34967.50007427761, 150.0 
 48.01030990656916, -123.44407906177392, 26.92307692307692, 2020-11-03 02:10:00, 152114.30997224388, 300.0 
 48.00263142539661, -123.63632428491131, 30.76923076923077, 2020-11-03 03:05:00, 40720.883403907086, 300.0 
 47.86216088136123, -123.45398626718514, 20.0, 2020-11-03 03:07:30, 19271.343201542117, 150.0 
 48.07374946588594, -123.2769341866935, 26.20689655172414, 2020-11-03 03:10:00, 55924.947337862286, 300.0 
 47.98835485663573, -123.37045159750777, 33.87755102040816, 2020-11-03 03:15:00, 40361.58231588775, 300.0 
 47.96472152452556, -123.49622591992451, 34.69387755102041, 2020-11-03 03:17:30, 16911.60479515847, 150.0 
 47.82802486333523, -123.55823032182325, 20.0, 2020-11-03 03:22:30, 35214.18158193547, 300.0 
 48.034672468847425, -123.40998062757872, 33.061224489795926, 2020-11-03 03:25:00, 110075.18717639177, 300.0 
 47.995777906705946, -123.47614526184884, 26.20689655172414, 2020-11-03 03:27:30, 48679.92943096645, 150.0 
 48.00389325178154, -123.46376933065247, 26.89655172413793, 2020-11-03 03:30:00, 39610.554544671875, 150.0 
 47.99579151514949, -123.37581577590339, 29.23076923076923, 2020-11-03 03:32:30, 51838.76629560307, 150.0 
 47.99125990373189, -123.37406664284333, 30.0, 2020-11-03 03:35:00, 50382.71790764242, 150.0 
 48.02115553169829, -123.41390078600769, 20.0, 2020-11-03 03:37:30, 28227.254879503034, 150.0 
 48.0236336884823, -123.41569223953474, 20.0, 2020-11-03 03:40:00, 47619.181812905874, 150.0 
 47.98387552101413, -123.37481784442957, 37.142857142857146, 2020-11-03 03:42:30, 38945.83323027875, 150.0 
 47.943391074646826, -123.49902537107094, 29.999999999999996, 2020-11-03 03:45:00, 63431.25867033828, 150.0 
 47.95358605552076, -123.48968853601889, 28.461538461538463, 2020-11-03 03:47:30, 61813.57787071046, 150.0 
 47.97618221186488, -123.0899906806663, 60.0, 2020-11-03 03:50:00, 66788.23925339972, 300.0 
 47.957448907017586, -123.63388433636817, 24.82758620689655, 2020-11-03 03:52:30, 101425.63547263887, 300.0 
 48.00141588112166, -123.4619760399928, 22.068965517241377, 2020-11-03 03:55:00, 48476.352665953855, 150.0 
 47.98163957258103, -123.35345354707445, 29.230769230769234, 2020-11-03 03:57:30, 42687.29323253842, 150.0 
 48.001957054983166, -123.81557792595757, 20.0, 2020-11-03 04:00:00, 57886.53902510451, 300.0 
 47.91512975900212, -123.45429009406503, 34.69387755102041, 2020-11-03 04:02:30, 61981.513244775626, 300.0 
 47.94077634358984, -123.47890070036033, 33.07692307692308, 2020-11-03 04:05:00, 37600.69938870729, 150.0 
 47.937380929064126, -123.46429143029923, 20.0, 2020-11-03 04:07:30, 34573.6879263753, 150.0 
 47.90771567053569, -123.50510682533788, 30.769230769230774, 2020-11-03 04:12:30, 63536.127933222706, 300.0 
 47.89060878442125, -123.64762763319303, 33.846153846153854, 2020-11-03 04:15:00, 110833.72871374791, 150.0 
 47.964255496147416, -123.38497027870196, 34.61538461538461, 2020-11-03 04:17:30, 47745.337922499995, 150.0 
 47.961927451602236, -123.40151793508457, 20.0, 2020-11-03 04:20:00, 54439.57090890394, 150.0 
 47.93899576216868, -123.4092679576378, 33.07692307692308, 2020-11-03 04:22:30, 31286.17703824607, 150.0 
 47.95530080803442, -123.34662387749583, 23.448275862068968, 2020-11-03 04:25:00, 42547.9923634069, 150.0 
 47.98483983321136, -123.34360773450197, 36.326530612244895, 2020-11-03 04:27:30, 54146.03799234986, 150.0 
 47.985449459715184, -123.52341045159419, 35.51020408163265, 2020-11-03 04:30:00, 33275.701542126895, 150.0 
 48.024201028355236, -123.54543829026183, 20.0, 2020-11-03 04:32:30, 31092.882171672372, 150.0 
 47.99126733245799, -123.65849580520042, 34.61538461538462, 2020-11-03 04:35:00, 43293.387557097034, 150.0 
 47.9607094990554, -123.69863532201799, 34.61538461538462, 2020-11-03 04:37:30, 41534.944730938834, 150.0 
 47.989978744489264, -123.58449888417019, 34.61538461538462, 2020-11-03 04:40:00, 33021.46805100486, 150.0 
 47.99496521975907, -123.37521975608165, 25.51724137931035, 2020-11-03 04:42:30, 51804.269171761196, 150.0 
 47.91604093388745, -123.57949048403117, 20.0, 2020-11-03 04:45:00, 26470.380314416954, 150.0 
 47.90873372850644, -123.59241943912699, 40.0, 2020-11-03 04:47:30, 21569.086111556855, 150.0 
 47.92086637292837, -123.56475589678422, 20.0, 2020-11-03 04:50:00, 22171.095391574676, 150.0 
 47.94334059012279, -123.5491345959935, 60.0, 2020-11-03 04:52:30, 40655.141838111274, 150.0 
 48.01862675185193, -123.4059889498614, 35.510204081632644, 2020-11-03 04:55:00, 73549.08017722509, 150.0 
 48.003987880670934, -123.47600599680437, 37.95918367346939, 2020-11-03 04:57:30, 89776.54670989576, 150.0 
 47.99105093052944, -123.50313672532377, 31.53846153846154, 2020-11-03 05:00:00, 83738.00605055393, 150.0 
 47.97623523409474, -123.49848274224719, 33.84615384615385, 2020-11-03 05:02:30, 85693.10553675516, 150.0 
 47.98413365756515, -123.5118105563828, 33.84615384615384, 2020-11-03 05:05:00, 84534.13607630806, 150.0 
 47.93174213583587, -123.53465296469471, 34.61538461538462, 2020-11-03 05:07:30, 81632.31499343904, 150.0 
 47.97106362079232, -123.4141923097345, 31.53846153846154, 2020-11-03 05:10:00, 61429.31868473335, 150.0 
 47.971534066425036, -123.3719912806806, 31.53846153846154, 2020-11-03 05:12:30, 69757.82998317634, 150.0 
 47.988145422319896, -123.34599085588066, 33.07692307692308, 2020-11-03 05:15:00, 128419.41734904061, 150.0 
 48.079552331924745, -123.37546700528895, 20.689655172413794, 2020-11-03 05:17:30, 124831.32151854064, 150.0 
 47.911047749571935, -123.4574141001854, 35.38461538461539, 2020-11-03 05:20:00, 132245.0849872064, 150.0 
 48.104739476372735, -123.39215220559176, 25.517241379310345, 2020-11-03 05:22:30, 154129.15587057057, 150.0 
 47.94077634358983, -123.47890070036033, 32.30769230769231, 2020-11-03 05:25:00, 113734.56284115759, 150.0 
 47.91493554404177, -123.37977444684483, 27.69230769230769, 2020-11-03 05:27:30, 134639.66194500856, 150.0 
 47.9272776572707, -123.38260197852496, 31.538461538461544, 2020-11-03 05:30:00, 140481.39726416577, 150.0 
 47.946200718308845, -123.49042244198557, 33.84615384615385, 2020-11-03 05:32:30, 82895.72226477784, 150.0 
 48.00357884583618, -123.32672510595873, 24.82758620689655, 2020-11-03 05:35:00, 110241.74204709734, 150.0 
 47.98304925746331, -123.37422174977128, 25.384615384615387, 2020-11-03 05:37:30, 164585.27998226674, 150.0 
 47.98464959155191, -123.36929836453089, 23.846153846153843, 2020-11-03 05:40:00, 116661.95714615729, 150.0 
 47.99038149811139, -123.36735485388945, 28.461538461538463, 2020-11-03 05:42:30, 46968.77078751233, 150.0 
 48.05135094120791, -123.34292651819584, 20.0, 2020-11-03 05:45:00, 54862.35074863764, 150.0 
 47.97023200176557, -123.27235044755261, 44.61538461538463, 2020-11-03 05:47:30, 68465.79478681393, 150.0 
 47.94669015050326, -123.3480141292629, 33.07692307692308, 2020-11-03 05:50:00, 86877.81795491213, 150.0 
 47.82197700132339, -123.46138092671484, 60.0, 2020-11-03 05:52:30, 77748.85865120783, 150.0 
 47.950953245244364, -123.31920594682806, 19.999999999999996, 2020-11-03 05:55:00, 86790.91011924724, 150.0 
 47.93616168408627, -123.36472013723345, 32.30769230769231, 2020-11-03 05:57:30, 78002.84505847326, 150.0 
 47.89030206858772, -123.3802374788531, 34.61538461538461, 2020-11-03 06:00:00, 88181.15625209249, 150.0 
 47.89046607791995, -123.50477674861006, 30.0, 2020-11-03 06:05:00, 54752.13396254286, 300.0 
 48.00750262009957, -123.45269355440826, 29.23076923076923, 2020-11-03 06:07:30, 26729.35036999233, 150.0 
 48.017119987231005, -123.3729657083356, 34.61538461538461, 2020-11-03 06:15:00, 77804.15064075806, 300.0 
 48.021666254270684, -123.2835261261312, 35.38461538461539, 2020-11-03 06:20:00, 213882.6523426112, 300.0 
 48.008661071863024, -123.29847546713683, 21.379310344827584, 2020-11-03 06:22:30, 165959.3659596498, 150.0 
 48.027034529518694, -123.38012702845487, 20.0, 2020-11-03 06:27:30, 464089.2161754131, 300.0 
 48.04927139824723, -123.33990521709867, 20.0, 2020-11-03 06:30:00, 242910.57422828506, 150.0 
 47.974563360860046, -123.44103286002932, 33.07692307692308, 2020-11-03 06:32:30, 336748.4331009907, 150.0 
 47.974563360860046, -123.44103286002932, 33.07692307692308, 2020-11-03 06:35:00, 320350.356070898, 150.0 
 47.91480229441147, -123.31747769446788, 35.51020408163265, 2020-11-03 06:37:30, 158719.35663688785, 150.0 
 47.94222454802196, -123.22037912982981, 33.84615384615384, 2020-11-03 06:40:00, 181368.76744069066, 150.0 
 47.993686756088096, -123.36973875356861, 33.84615384615385, 2020-11-03 06:42:30, 131450.15804767265, 150.0 
 47.949062106024456, -123.33757758386193, 33.84615384615385, 2020-11-03 06:45:00, 125017.15336865673, 150.0 
 47.91611090532551, -123.32600248903836, 30.769230769230774, 2020-11-03 06:47:30, 109201.41217966005, 150.0 
 47.911495839412375, -123.3151010740647, 31.53846153846154, 2020-11-03 06:50:00, 135511.82223880372, 150.0 
 47.883482590540574, -123.35106480297124, 27.692307692307693, 2020-11-03 06:52:30, 136598.8682887269, 150.0 
 47.913035905804264, -123.39813426522976, 36.32653061224489, 2020-11-03 06:55:00, 136699.95170965014, 150.0 
 47.988885066086965, -123.38451052575991, 24.137931034482758, 2020-11-03 07:00:00, 247110.0025011007, 300.0 
 48.03812787787261, -123.33338674029383, 32.30769230769231, 2020-11-03 07:02:30, 165042.0866324827, 150.0 
 47.9784929629404, -123.23426383860442, 60.0, 2020-11-03 07:05:00, 161781.37653386488, 150.0 
 47.89646502945657, -123.53947865052888, 42.857142857142854, 2020-11-03 07:07:30, 118706.12757040601, 150.0 
 47.93358803481735, -123.40081347460634, 36.326530612244895, 2020-11-03 07:10:00, 91691.10993469758, 150.0 
 47.992086192754385, -123.37466267763239, 34.61538461538461, 2020-11-03 07:12:30, 74610.88829157353, 150.0 
 47.95330153553673, -123.35277541581758, 35.51020408163265, 2020-11-03 07:15:00, 79789.98335435979, 150.0 
 47.937945255358756, -123.33412707052565, 37.14285714285714, 2020-11-03 07:17:30, 143262.41227132877, 150.0 
 47.96837829907554, -123.29378938557011, 32.30769230769231, 2020-11-03 07:20:00, 200654.16049597168, 150.0 
 48.00749530714329, -123.26117430580733, 32.307692307692314, 2020-11-03 07:22:30, 124433.09832399998, 150.0 
 47.906528945941105, -123.4055822371805, 20.0, 2020-11-03 07:25:00, 31191.89676185356, 150.0 
 47.8817951846757, -123.39382852995861, 33.846153846153854, 2020-11-03 07:27:30, 26465.338453833003, 150.0 
 48.00925432756321, -123.31865633736258, 30.0, 2020-11-03 07:30:00, 49852.25127041532, 150.0 
 47.91885802931475, -123.45850066987907, 36.326530612244895, 2020-11-03 07:32:30, 71854.49237396616, 150.0 
 47.82367572830502, -123.46866679495288, 32.30769230769231, 2020-11-03 07:35:00, 68469.70522801597, 150.0 
 47.95849964403073, -123.33678141618104, 25.51724137931035, 2020-11-03 07:37:30, 101146.98933054523, 150.0 
 47.96304893193438, -123.43879082732244, 38.77551020408163, 2020-11-03 07:45:00, 93102.57446209928, 300.0 
 47.989659365869855, -123.37899050703784, 34.69387755102041, 2020-11-03 07:47:30, 82252.80268026153, 150.0 
 47.95199498847715, -123.34424353331103, 22.06896551724138, 2020-11-03 07:50:00, 113537.40335457193, 150.0 
 47.98867659969496, -123.36004750910068, 20.0, 2020-11-03 07:52:30, 140189.65142295865, 150.0 
 47.96526105687883, -123.22476286395407, 30.0, 2020-11-03 07:55:00, 184984.84671815377, 150.0 
 47.950180688665235, -123.32472130643552, 24.137931034482754, 2020-11-03 07:57:30, 234030.38963132477, 150.0 
 47.97473412328192, -123.36214594706226, 20.0, 2020-11-03 08:00:00, 241136.47001202733, 150.0 
 47.97302889373366, -123.35483938057395, 22.06896551724138, 2020-11-03 08:02:30, 215783.92844673485, 150.0 
 47.90960822927059, -123.33346217032441, 46.12244897959184, 2020-11-03 08:05:00, 137088.4567179917, 150.0 
 47.94114302421458, -123.3242871215882, 44.489795918367356, 2020-11-03 08:07:30, 98225.2781860516, 150.0 
 47.93388741508475, -123.38736708699753, 30.769230769230774, 2020-11-03 08:10:00, 167545.5918372334, 150.0 
 47.98475387569126, -123.38152975312198, 30.0, 2020-11-03 08:12:30, 165592.34566713418, 150.0 
 47.93285639809924, -123.36233853685998, 48.46153846153847, 2020-11-03 08:15:00, 53262.759197581196, 150.0 
 47.992611205308556, -123.29451536716633, 33.84615384615385, 2020-11-03 08:17:30, 119683.85427052241, 150.0 
 47.979782832690915, -123.2837695576981, 31.538461538461544, 2020-11-03 08:20:00, 152303.077955625, 150.0 
 47.959991570305796, -123.31963857639421, 32.30769230769231, 2020-11-03 08:22:30, 138947.89934222077, 150.0 
 47.95028838365318, -123.33694243701692, 40.40816326530612, 2020-11-03 08:25:00, 203207.7953901791, 150.0 
 47.96652398644694, -123.36229985660486, 45.38461538461539, 2020-11-03 08:27:30, 170997.70662265428, 150.0 
 47.90330408829521, -123.14855063488052, 60.0, 2020-11-03 08:30:00, 146362.5721688868, 150.0 
 47.85283022719404, -123.41692741632797, 37.14285714285714, 2020-11-03 08:32:30, 81077.5618025662, 150.0 
 47.904440894482036, -123.45264220888542, 51.03448275862069, 2020-11-03 08:35:00, 59829.801313209806, 150.0 
 47.91173303047962, -123.3896059860203, 46.92307692307692, 2020-11-03 08:37:30, 41751.806211808194, 150.0 
 47.965328254398734, -123.274897640691, 33.84615384615385, 2020-11-03 08:40:00, 25389.95741072999, 150.0 
 47.96534499537975, -123.58486722245723, 36.326530612244895, 2020-11-03 08:42:30, 33535.03010328243, 150.0 
 47.97556775810096, -123.57860090623831, 36.326530612244895, 2020-11-03 08:45:00, 27261.69230061834, 150.0 
 47.858472354646736, -123.3088409288012, 54.48275862068965, 2020-11-03 08:47:30, 29975.045706898494, 150.0 
 47.83543695810045, -123.3044172062138, 20.0, 2020-11-03 08:50:00, 25601.71154706167, 150.0 
 47.960352823204616, -123.57515882690726, 30.769230769230774, 2020-11-03 08:52:30, 52733.18249748571, 150.0 
 47.81085876498271, -122.99645671261354, 60.00000000000001, 2020-11-03 08:57:30, 216085.86472083672, 300.0 
 47.989219161730716, -123.53374890764174, 32.30769230769231, 2020-11-03 09:00:00, 99270.15499535669, 300.0 
 47.96512597461397, -123.44181141089895, 24.82758620689655, 2020-11-03 09:02:30, 83913.60722048092, 150.0 
 47.919539116044014, -123.25263344424206, 20.0, 2020-11-03 09:05:00, 31092.311474252798, 150.0 
 47.968024308102905, -123.49861560538164, 25.517241379310345, 2020-11-03 09:07:30, 28153.425568036142, 150.0 
 47.957835882194686, -123.56724868195192, 32.307692307692314, 2020-11-03 09:10:00, 28991.41691485463, 150.0 
 47.97095706438984, -123.56460778508212, 26.206896551724135, 2020-11-03 09:12:30, 32842.149182899644, 150.0 
 48.045857658971066, -123.32527566896663, 46.92307692307693, 2020-11-03 09:15:00, 17918.12186844935, 150.0 
 47.99366882919035, -123.64806673968741, 32.30769230769231, 2020-11-03 09:22:30, 33576.2578679428, 300.0 
 47.87954146747614, -123.1936597762063, 36.326530612244895, 2020-11-03 09:25:00, 42037.50060916391, 300.0 
 47.865030391310995, -123.26354915809759, 20.0, 2020-11-03 09:27:30, 21638.34961092512, 150.0 
 47.878665118401656, -123.57820864047, 44.48979591836735, 2020-11-03 09:35:00, 34323.166739173845, 300.0 
 48.06513655229514, -123.41984186362814, 51.724137931034484, 2020-11-03 09:37:30, 35346.16569729138, 150.0 
 47.99357199143429, -123.5110470358538, 33.84615384615385, 2020-11-03 09:40:00, 37437.92027138519, 150.0 
 48.02444424792684, -123.46647472395694, 20.0, 2020-11-03 09:42:30, 37459.75750462581, 150.0 
 48.038057372336084, -123.47481523714787, 20.0, 2020-11-03 09:45:00, 29908.52524451525, 150.0 
 48.10652892871545, -123.31426546271513, 26.923076923076923, 2020-11-03 09:47:30, 28187.033589074214, 150.0 
 48.02862280256895, -123.53190403346764, 50.3448275862069, 2020-11-03 09:50:00, 17506.75419918667, 150.0 
 47.99086404295988, -123.65972436650107, 31.538461538461537, 2020-11-03 10:10:00, 32922.44471502001, 150.0 
 47.95261259740008, -123.648619812752, 41.224489795918366, 2020-11-03 10:12:30, 13267.671951569253, 150.0 
 47.93806898386339, -123.39645399495035, 20.0, 2020-11-03 10:22:30, 57465.34670883707, 300.0 
 48.05036292202432, -123.32396247430604, 33.84615384615384, 2020-11-03 10:30:00, 183237.93313597445, 300.0 
 48.010404944651825, -123.45631477292629, 35.51020408163265, 2020-11-03 10:32:30, 64144.24449441254, 150.0 
 47.99165158173018, -123.5294281128725, 21.379310344827587, 2020-11-03 10:37:30, 151850.5254957558, 300.0 
 48.0188898741582, -123.5491924905067, 34.693877551020414, 2020-11-03 10:40:00, 83182.92181776362, 150.0 
 47.97922501258653, -123.51433539673438, 21.379310344827587, 2020-11-03 10:42:30, 61874.02591570528, 150.0 
 47.975485749288616, -123.5663738602383, 24.82758620689655, 2020-11-03 10:45:00, 41413.363205965084, 150.0 
 47.95262276096489, -123.47075860407612, 22.06896551724138, 2020-11-03 10:47:30, 37466.9800044554, 150.0 
 47.96711767958986, -123.60440774055817, 30.0, 2020-11-03 10:50:00, 32428.36975443559, 150.0 
 47.9531160030801, -123.48175098099416, 31.538461538461544, 2020-11-03 10:52:30, 26205.34623464834, 150.0 
 47.96896599585719, -123.57380821662431, 25.51724137931035, 2020-11-03 10:55:00, 37664.669139058184, 150.0 
 47.95332835363293, -123.56853785810291, 30.0, 2020-11-03 10:57:30, 39830.9288499867, 150.0 
 47.920863737069624, -123.45235846720185, 26.896551724137936, 2020-11-03 11:00:00, 29531.23296534549, 150.0 
 47.934262519655, -123.3830837274343, 35.51020408163265, 2020-11-03 11:02:30, 41603.733357009354, 150.0 
 47.97960931641649, -123.30945804044903, 29.230769230769234, 2020-11-03 11:05:00, 67564.56282420777, 150.0 
 47.98624992564049, -123.36437497929053, 30.76923076923077, 2020-11-03 11:07:30, 99667.45993421388, 150.0 
 47.96595190032145, -123.44240829679799, 30.0, 2020-11-03 11:10:00, 102313.29635601256, 150.0 
 47.99096186059686, -123.49090661590023, 34.61538461538462, 2020-11-03 11:12:30, 146869.7529863496, 150.0 
 47.99113959064499, -123.51536778603159, 30.0, 2020-11-03 11:15:00, 126877.59513103221, 150.0 
 48.0005900909017, -123.4613782764396, 32.30769230769231, 2020-11-03 11:17:30, 109468.70334460009, 150.0 
 47.932016393398094, -123.98980157735255, 48.46153846153846, 2020-11-03 11:20:00, 755890.6601321296, 300.0 
 47.98826129684694, -123.51480242645599, 26.153846153846153, 2020-11-03 11:22:30, 205899.394923144, 300.0 
 48.01179411453245, -123.59274914631882, 30.0, 2020-11-03 11:25:00, 150630.9198820739, 150.0 
 48.027883063461104, -123.5435450732887, 25.517241379310345, 2020-11-03 11:27:30, 118486.44287656828, 150.0 
 48.00316457762748, -123.53168996736169, 30.769230769230774, 2020-11-03 11:30:00, 48219.58770682419, 150.0 
 48.01467721448007, -123.53395603877807, 29.230769230769234, 2020-11-03 11:32:30, 41604.086550694934, 150.0 
 47.98752419858404, -123.5264356482466, 20.0, 2020-11-03 11:37:30, 48878.12060704917, 300.0 
 48.02811324438636, -123.51783524181661, 20.0, 2020-11-03 11:40:00, 20880.417906306033, 150.0 
 47.94225079611211, -123.77952810516095, 51.724137931034484, 2020-11-03 11:45:00, 65837.22717639768, 300.0 
 47.98293801568795, -123.70875682409118, 20.0, 2020-11-03 11:47:30, 28259.409908454734, 150.0 
 48.194770286570204, -123.4574255207595, 45.38461538461539, 2020-11-03 11:52:30, 42244.87040481727, 300.0 
 47.93521380109335, -123.56148101078946, 20.0, 2020-11-03 12:10:00, 40266.646126695974, 300.0 
 47.97132676841107, -123.50100716641185, 37.95918367346939, 2020-11-03 12:17:30, 43269.240803107365, 300.0 
 48.00907420474311, -123.61665126955683, 33.07692307692308, 2020-11-03 12:30:00, 34703.037568468164, 300.0 
 48.02919567546824, -123.55515518850171, 35.51020408163265, 2020-11-03 12:37:30, 77501.81303206441, 300.0 
 48.0669109757125, -123.48964127596336, 34.6938775510204, 2020-11-03 12:40:00, 76532.62559013678, 150.0 
 48.07625085309628, -123.42331854711799, 30.0, 2020-11-03 12:42:30, 35291.441103515885, 150.0 
 48.02718552132579, -123.56130771845062, 22.758620689655178, 2020-11-03 12:45:00, 44724.50346353698, 150.0 
 48.078112785967, -123.50538648668905, 20.0, 2020-11-03 12:47:30, 88949.28389517822, 150.0 
 48.06188537318604, -123.59263082123337, 20.0, 2020-11-03 12:50:00, 33068.61148403054, 150.0 
 48.06867373101967, -123.30522254214092, 60.00000000000001, 2020-11-03 12:52:30, 47987.199436175084, 150.0 
 48.015948366901895, -123.42990870585592, 20.0, 2020-11-03 13:00:00, 36119.9328487113, 300.0 
 48.01814403770068, -123.44822600890217, 33.84615384615385, 2020-11-03 13:10:00, 36946.44080901144, 300.0 
 48.03787629997017, -123.40012642976794, 33.84615384615385, 2020-11-03 13:12:30, 29040.880869342807, 150.0 
 48.07004319066755, -123.27578602669885, 36.92307692307693, 2020-11-03 13:20:00, 79959.50635997762, 300.0 
 48.04659641806168, -123.79185212234344, 20.0, 2020-11-03 13:32:30, 58409.06707306475, 300.0 
 47.945562146403596, -123.1848537836558, 31.428571428571427, 2020-11-03 13:35:00, 259812.07354250428, 300.0 
 48.09502486025425, -123.51614480397483, 33.84615384615385, 2020-11-03 13:37:30, 128073.59581477646, 300.0 
 48.079370558751826, -123.56725291852676, 32.30769230769231, 2020-11-03 13:40:00, 31884.91841041243, 150.0 
 48.073640196563964, -123.45644996530584, 20.0, 2020-11-03 13:42:30, 27110.328439438243, 150.0 
 48.17277885367281, -123.33012288350639, 20.0, 2020-11-03 13:45:00, 83982.20160955771, 150.0 
 47.980360488226786, -123.68860877553729, 32.30769230769231, 2020-11-03 13:47:30, 233872.9464707664, 300.0 
 47.935180577285095, -123.68612712623008, 35.51020408163265, 2020-11-03 13:50:00, 114860.28356056295, 150.0 
 48.036072147512996, -123.38057139899772, 26.89655172413793, 2020-11-03 13:52:30, 209390.2480433633, 300.0 
 48.018626751851926, -123.40598894986138, 25.517241379310345, 2020-11-03 13:55:00, 48477.19799091791, 150.0 
 48.03658655191224, -123.21219836711009, 34.61538461538462, 2020-11-03 13:57:30, 76778.007956247, 150.0 
 48.03105065585076, -123.47125775745847, 33.84615384615385, 2020-11-03 14:00:00, 65989.55478536482, 150.0 
 48.10152604448642, -123.62760503204849, 44.61538461538462, 2020-11-03 14:02:30, 83906.1159715441, 150.0 
 48.09249154364331, -123.62711859498653, 44.48979591836734, 2020-11-03 14:05:00, 82835.19987361945, 150.0 
 48.00688321652645, -123.5952672311748, 46.92307692307693, 2020-11-03 14:07:30, 51928.09958909373, 150.0 
 47.88742072339321, -123.81858753610715, 32.24489795918367, 2020-11-03 14:15:00, 131567.7511317276, 300.0 
 47.92983160205021, -123.2554704524496, 37.14285714285714, 2020-11-03 14:17:30, 79966.32455365284, 300.0 
 48.078049192976046, -123.44289170459106, 29.230769230769234, 2020-11-03 14:30:00, 60128.04126454183, 300.0 
 48.083162060478614, -123.41461712824852, 23.448275862068968, 2020-11-03 14:32:30, 32727.5855708699, 150.0 
 48.07184241986515, -123.436875488487, 60.0, 2020-11-03 14:35:00, 27830.479222757087, 150.0 
 48.05700243288243, -123.48245916142935, 24.82758620689655, 2020-11-03 14:40:00, 192199.08028244457, 300.0 
 48.049995376689424, -123.47890247325739, 33.06122448979592, 2020-11-03 14:42:30, 72705.79224349292, 150.0 
 48.041876530702034, -123.49128431670464, 36.32653061224489, 2020-11-03 14:45:00, 119764.9792479844, 150.0 
 48.03370312748994, -123.55386116717702, 25.51724137931035, 2020-11-03 14:47:30, 48099.26283606986, 150.0 
 48.023461077410026, -123.55707982099293, 40.0, 2020-11-03 14:50:00, 53545.07782860269, 150.0 
 47.976070334428215, -123.72962832665526, 20.0, 2020-11-03 14:55:00, 160808.16635575902, 300.0 
 47.844199555674706, -123.64581411885247, 43.07692307692308, 2020-11-03 15:02:30, 189913.20807359662, 300.0 
 47.870453649409065, -123.5783312653841, 32.244897959183675, 2020-11-03 15:05:00, 106073.45768422868, 150.0 
 48.00205182634757, -123.61002039235998, 20.0, 2020-11-03 15:07:30, 49583.89783673932, 150.0 
 48.02000575574304, -123.59262998574384, 33.07692307692307, 2020-11-03 15:12:30, 125825.84935366784, 300.0 
 47.98826129684693, -123.51480242645599, 20.0, 2020-11-03 15:15:00, 49505.96368935967, 150.0 
 47.9950900441669, -123.49389722254898, 32.30769230769231, 2020-11-03 15:17:30, 53476.355003205405, 150.0 
 48.03192447023227, -123.53430081606133, 33.84615384615384, 2020-11-03 15:22:30, 253965.3456229809, 300.0 
 48.03310904697602, -123.52754946236554, 29.23076923076923, 2020-11-03 15:25:00, 180845.5195460869, 150.0 
 47.99504921561599, -123.60644853614939, 20.0, 2020-11-03 15:27:30, 360002.35972813936, 150.0 
 47.98714349373969, -123.65549233927165, 20.0, 2020-11-03 15:30:00, 152837.56867337777, 150.0 
 47.976433803221425, -123.58531393000278, 20.0, 2020-11-03 15:32:30, 162099.5130501016, 150.0 
 48.003741283248395, -123.61733893372427, 20.0, 2020-11-03 15:35:00, 155109.72302646172, 150.0 
 48.00527275313349, -123.60018495156987, 33.07692307692308, 2020-11-03 15:45:00, 374023.0296991611, 300.0 
 47.985677514539816, -123.44450374513877, 33.84615384615385, 2020-11-03 15:47:30, 171051.71923616243, 150.0 
 48.0084829234738, -123.32417936260642, 20.000000000000004, 2020-11-03 15:50:00, 283308.1933909177, 150.0 
 48.023306109382304, -123.32877746104369, 22.06896551724138, 2020-11-03 15:52:30, 369005.64248462126, 150.0 
 48.008661071863024, -123.29847546713683, 20.689655172413794, 2020-11-03 15:55:00, 372971.27088795207, 150.0 
 47.98568393941954, -123.39435837388746, 29.230769230769234, 2020-11-03 15:57:30, 255246.01213842418, 150.0 
 47.919745916827885, -123.41511841288134, 26.153846153846157, 2020-11-03 16:02:30, 172662.69787969562, 300.0 
 48.04400933963613, -123.55982291310416, 44.48979591836734, 2020-11-03 16:07:30, 447493.0371881646, 300.0 
 48.04248293645768, -123.41106107472864, 30.769230769230774, 2020-11-03 16:10:00, 363904.8051348894, 150.0 
 47.997392180369914, -123.37089161236256, 30.0, 2020-11-03 16:12:30, 398137.1915853074, 150.0 
 47.9855801137704, -123.38212590764957, 47.69230769230769, 2020-11-03 16:15:00, 218698.23230278626, 150.0 
 48.045179045013946, -123.49367913146577, 30.76923076923077, 2020-11-03 16:17:30, 131182.48476528097, 150.0 
 48.0227571408354, -123.40897440614053, 23.448275862068968, 2020-11-03 16:20:00, 227966.35809235807, 150.0 
 47.86499929747548, -123.62295747315261, 45.38461538461538, 2020-11-03 16:22:30, 447706.0059385352, 150.0 
 47.88327505413098, -123.59217648200998, 41.22448979591836, 2020-11-03 16:25:00, 692611.8955113709, 150.0 
 47.94285006097636, -123.33158720096769, 21.379310344827587, 2020-11-03 16:27:30, 445691.37985045835, 150.0 
 47.93899576216867, -123.4092679576378, 20.0, 2020-11-03 16:30:00, 263727.4409766738, 150.0 
 47.94768258498827, -123.41705248044221, 35.51020408163265, 2020-11-03 16:32:30, 138250.1130978384, 150.0 
 47.78091396870606, -123.22753287432347, 43.6734693877551, 2020-11-03 16:37:30, 498762.3712749213, 300.0 
 47.8402672305653, -123.33969667529125, 20.0, 2020-11-03 16:45:00, 416881.71361820196, 300.0 
 47.68706717940749, -123.6667916517796, 43.6734693877551, 2020-11-03 16:47:30, 685177.0389297011, 300.0 
 47.67490761262537, -123.22130302380947, 20.0, 2020-11-03 16:50:00, 468366.4713262533, 300.0 
 47.594330764125225, -123.2121214339056, 59.310344827586206, 2020-11-03 16:55:00, 971868.4733537164, 300.0 
 47.79611638174134, -123.46243339245531, 20.0, 2020-11-03 16:57:30, 749167.0034629407, 300.0 
 47.76412902909022, -123.19134978629947, 60.0, 2020-11-03 17:02:30, 1118848.3016418528, 300.0 
 47.95403909130973, -123.2971401148506, 20.0, 2020-11-03 17:05:00, 372011.0459792734, 150.0 
 47.95882830531273, -123.28236829378687, 20.0, 2020-11-03 17:07:30, 341081.69603809423, 150.0 
 47.99869650493437, -123.37943095594481, 20.0, 2020-11-03 17:12:30, 410750.95461300306, 300.0 
 47.871360593480304, -123.59113311219738, 28.461538461538463, 2020-11-03 17:50:00, 1023243.0458782644, 300.0 
 47.883258692251175, -123.65443892195317, 30.769230769230774, 2020-11-03 17:52:30, 563535.22167663, 150.0 
 48.05449599497893, -123.73052681671246, 60.0, 2020-11-03 17:55:00, 69521.19180498384, 150.0 
 48.05222083979835, -123.62216544923041, 20.0, 2020-11-03 18:17:30, 616512.6201862914, 300.0 
 48.13031166836007, -123.70509055131953, 52.41379310344828, 2020-11-03 18:20:00, 197117.80716091095, 150.0 
 47.95583680381175, -123.63879616182943, 48.46153846153846, 2020-11-03 18:40:00, 172343.17808947724, 300.0 
 48.14531991463121, -123.33618877561486, 20.0, 2020-11-03 18:45:00, 863394.2163665546, 300.0 
 48.143904225061085, -123.31535717345237, 22.06896551724138, 2020-11-03 18:47:30, 213229.5736189522, 150.0 
 48.061530343555376, -123.43093228736933, 22.068965517241377, 2020-11-03 18:50:00, 181554.36499253396, 150.0 
 48.069740847556616, -123.43078649727761, 22.758620689655174, 2020-11-03 18:52:30, 164402.10523976843, 150.0 
 47.94707212286552, -123.49713106654706, 24.82758620689655, 2020-11-03 18:57:30, 298887.1857377678, 300.0 
 48.14270811185506, -123.18961252741322, 60.0, 2020-11-03 21:12:30, 510625.28166775405, 300.0 
 48.06683769073505, -123.42716252443948, 33.84615384615385, 2020-11-03 21:15:00, 166920.86576609313, 150.0 
 48.07757560472578, -123.54461554984566, 26.206896551724135, 2020-11-03 21:17:30, 256610.14143740645, 150.0 
 47.87817943727313, -123.69784624945979, 29.230769230769234, 2020-11-03 21:32:30, 386121.95838925644, 300.0 
 48.07190536717967, -123.34558572495416, 20.0, 2020-11-03 21:35:00, 240554.69837955886, 300.0 
 47.979715408544635, -123.52533663551858, 31.53846153846154, 2020-11-03 21:37:30, 105293.29868267466, 150.0 
 47.967955700090656, -123.43625836921298, 35.38461538461539, 2020-11-03 21:40:00, 174446.9035702164, 150.0 
 48.03901489794121, -123.55010553883031, 37.14285714285714, 2020-11-03 21:45:00, 327740.4205971816, 300.0 
 48.01981502949286, -123.50572596429703, 30.769230769230777, 2020-11-03 21:47:30, 173234.75041219828, 150.0 
 47.995960113392925, -123.50061063641155, 29.230769230769234, 2020-11-03 21:50:00, 182880.38536649809, 150.0 
 47.99256849660432, -123.48598804166907, 34.69387755102041, 2020-11-03 21:55:00, 199603.48596416067, 300.0 
 47.95823813221105, -123.56602009600158, 36.326530612244895, 2020-11-03 21:57:30, 124103.16537951335, 150.0 
 48.05222083979835, -123.62216544923041, 26.153846153846153, 2020-11-03 22:07:30, 420250.0898188838, 300.0 
 48.047057983077124, -123.65040463632371, 23.448275862068968, 2020-11-03 22:10:00, 178855.59542774927, 150.0 
 47.99212840043325, -123.66521230707707, 20.0, 2020-11-03 22:17:30, 289882.8348787252, 300.0 
 47.91347817584976, -123.62777264638342, 32.307692307692314, 2020-11-03 22:35:00, 253931.71264145328, 300.0 
 47.94426234506616, -123.50573430751454, 46.15384615384615, 2020-11-03 22:50:00, 215090.38126268281, 300.0 
 47.95823605301391, -123.62837281847828, 33.07692307692308, 2020-11-03 22:52:30, 123433.65944088997, 150.0 
 46.09615212021552, -123.13056667251725, 20.0, 2020-11-03 04:32:30, 49409.227662595, 300.0 
 47.757634027221826, -123.5427999850985, 60.0, 2020-11-03 06:57:30, 117404.71168439598, 150.0 
 47.83390723148087, -123.3205263079393, 27.692307692307693, 2020-11-03 07:40:00, 92622.7311994406, 150.0 
 47.60185730619462, -123.2471427911403, 26.206896551724135, 2020-11-03 17:07:30, 320049.3811785398, 300.0 
 46.158422128958634, -123.21503883603658, 20.0, 2020-11-03 03:57:30, 50344.49640213239, 300.0 
 46.00710310943641, -123.3023009490933, 30.0, 2020-11-03 04:02:30, 30250.851348970937, 150.0 
 46.039394871416036, -123.3720179476625, 20.0, 2020-11-03 04:05:00, 30239.117386596834, 150.0 
 46.03713774583184, -123.37776019111081, 25.517241379310345, 2020-11-03 04:12:30, 60504.607499091195, 300.0 
 46.149792977233254, -123.29265559392977, 20.0, 2020-11-03 04:45:00, 38632.82069458976, 300.0 
 48.0949363212605, -123.50388943461745, 22.75862068965517, 2020-11-04 00:22:30, 153257.44040557713, 300.0 
 47.87725654969785, -123.49522324441148, 56.551724137931046, 2020-11-04 00:35:00, 398266.540570074, 300.0 
 48.00817034045462, -123.60381455065128, 37.95918367346938, 2020-11-04 00:37:30, 67521.45638773586, 150.0 
 48.038929862064684, -123.53786381575473, 30.76923076923077, 2020-11-04 00:42:30, 61139.405686237806, 300.0 
 48.02042819068714, -123.59445945808827, 33.07692307692308, 2020-11-04 00:45:00, 72172.28165060731, 150.0 
 48.03236679565806, -123.37941612693749, 20.0, 2020-11-04 01:27:30, 159793.7247870678, 300.0 
 47.88204374690122, -123.81009669075652, 26.20689655172414, 2020-11-04 04:45:00, 40152.73424045018, 300.0 
 48.086114434057706, -123.65906793741524, 33.84615384615385, 2020-11-04 04:50:00, 47792.006261047216, 300.0 
 48.059675448845866, -123.87010248490526, 46.15384615384615, 2020-11-04 05:00:00, 51903.050244893544, 300.0 
 47.949667729057836, -123.78494797645223, 33.87755102040816, 2020-11-04 05:02:30, 27541.01586532232, 150.0 
 47.927383778696395, -123.5573247129272, 59.99999999999999, 2020-11-04 05:05:00, 23604.013126401285, 150.0 
 47.984669190508704, -123.65369025971441, 20.0, 2020-11-04 05:32:30, 59888.154341269066, 300.0 
 47.96412326225037, -123.65090642012454, 36.326530612244895, 2020-11-04 05:35:00, 22542.22705650885, 150.0 
 47.91612028778721, -123.59170207295236, 20.0, 2020-11-04 05:37:30, 26697.19519704383, 150.0 
 48.00156993411588, -123.599014212686, 36.326530612244895, 2020-11-04 05:40:00, 33364.88501083204, 150.0 
 48.07154090028742, -123.56308296191784, 20.0, 2020-11-04 05:42:30, 32873.921526190235, 150.0 
 47.994493648442855, -123.64866731479526, 34.61538461538461, 2020-11-04 05:45:00, 33864.79676646233, 150.0 
 48.00567379390403, -123.664420503803, 34.69387755102041, 2020-11-04 05:47:30, 34537.274694831256, 150.0 
 47.89436601452451, -123.6579546572579, 30.0, 2020-11-04 05:52:30, 141857.94452370243, 300.0 
 47.99787609937456, -123.73792928938941, 34.61538461538461, 2020-11-04 06:00:00, 68858.61148341364, 300.0 
 47.999959573586764, -123.60393169599504, 36.326530612244895, 2020-11-04 06:02:30, 42469.27467777669, 150.0 
 47.993518131470346, -123.62360162923117, 33.07692307692307, 2020-11-04 06:05:00, 59153.64921116902, 150.0 
 47.98836879528827, -123.58941541923164, 29.23076923076923, 2020-11-04 06:07:30, 57464.313774088936, 150.0 
 48.03265556133795, -123.46633345920279, 31.538461538461537, 2020-11-04 06:10:00, 40538.706641294295, 150.0 
 48.03567171969337, -123.38180305388434, 33.84615384615385, 2020-11-04 06:12:30, 60242.46150403084, 150.0 
 48.03040176795372, -123.55146367053239, 35.51020408163265, 2020-11-04 06:15:00, 46636.73482150515, 150.0 
 47.93811300524489, -123.56510236541104, 29.230769230769234, 2020-11-04 06:17:30, 77671.40905781192, 150.0 
 47.976100477527844, -123.53640342753877, 32.307692307692314, 2020-11-04 06:20:00, 48745.41280527777, 150.0 
 48.190612160885586, -123.35065291247706, 34.61538461538462, 2020-11-04 06:22:30, 120249.60911369519, 300.0 
 48.10438065376943, -123.44978793817617, 20.0, 2020-11-04 06:25:00, 47899.65459255595, 150.0 
 48.035396158294134, -123.56118116381472, 60.00000000000001, 2020-11-04 06:27:30, 42095.86217493774, 150.0 
 47.90040677172842, -123.46187122862592, 50.3448275862069, 2020-11-04 07:27:30, 55712.63881795325, 300.0 
 48.125335043916465, -123.5641067030956, 33.06122448979592, 2020-11-04 07:45:00, 85447.28119149548, 300.0 
 48.06663073232684, -123.56560681074362, 37.95918367346938, 2020-11-04 07:47:30, 40464.2669303819, 150.0 
 48.008170340454626, -123.60381455065126, 37.14285714285714, 2020-11-04 07:50:00, 34520.087228357836, 150.0 
 48.04828578196764, -123.64977551075607, 33.07692307692308, 2020-11-04 07:52:30, 29199.145084304637, 150.0 
 48.037486943755525, -123.62971566787711, 20.0, 2020-11-04 08:00:00, 58142.67175107492, 300.0 
 48.14197811407988, -123.81904840717658, 29.655172413793103, 2020-11-04 11:35:00, 75129.44155044643, 300.0 
 48.20857013773484, -123.43691813053604, 46.12244897959183, 2020-11-04 11:40:00, 98329.04278422159, 300.0 
 48.28154906015023, -123.53282203580548, 46.12244897959184, 2020-11-04 11:42:30, 84072.27768570722, 150.0 
 48.13849189863363, -123.63015175812106, 35.51020408163266, 2020-11-04 11:45:00, 65717.2786591578, 150.0 
 48.08653590951055, -123.66090075396721, 44.61538461538462, 2020-11-04 11:47:30, 41753.01354430595, 150.0 
 48.01430896296212, -123.6006669445813, 20.0, 2020-11-04 11:50:00, 44234.392217318244, 150.0 
 48.130224181969346, -123.25674883846666, 20.0, 2020-11-04 11:55:00, 128290.13614278841, 300.0 
 48.12581704958684, -123.40894003367926, 45.38461538461538, 2020-11-04 11:57:30, 124464.35596854672, 150.0 
 48.06517312698128, -123.53255316599117, 20.000000000000004, 2020-11-04 12:00:00, 183871.62609565715, 150.0 
 48.053389722636126, -123.49354273035456, 33.07692307692307, 2020-11-04 12:02:30, 159614.88789039335, 150.0 
 48.06212303244182, -123.56689914144633, 30.769230769230774, 2020-11-04 12:05:00, 181298.59195395035, 150.0 
 48.003076916440946, -123.51945658789836, 33.07692307692308, 2020-11-04 12:07:30, 100383.14761352526, 150.0 
 48.029893057120695, -123.53739291524133, 28.461538461538463, 2020-11-04 12:10:00, 91698.40004716198, 150.0 
 47.99044256471432, -123.65789511201464, 24.827586206896555, 2020-11-04 12:12:30, 88352.23112269286, 150.0 
 47.969035297057474, -123.648393128412, 33.07692307692307, 2020-11-04 12:15:00, 85584.21938158781, 150.0 
 48.00817034045462, -123.60381455065126, 50.3448275862069, 2020-11-04 12:17:30, 76589.7012768163, 150.0 
 48.0180645599514, -123.5485930568413, 33.06122448979591, 2020-11-04 12:20:00, 70928.68944707417, 150.0 
 48.09947343790546, -123.45232448198337, 33.87755102040816, 2020-11-04 12:22:30, 63812.562669367784, 150.0 
 48.08851177788846, -123.3195296747418, 20.0, 2020-11-04 12:25:00, 92629.89560074995, 150.0 
 47.96947497571554, -123.72481641565093, 34.69387755102041, 2020-11-04 12:27:30, 270383.4315854009, 300.0 
 48.08338232751603, -123.6830038067815, 43.07692307692308, 2020-11-04 12:30:00, 116784.8052758172, 150.0 
 48.08306388627167, -123.40236691045678, 20.0, 2020-11-04 12:35:00, 419455.3454059359, 300.0 
 48.042883466418736, -123.40982918016257, 27.692307692307693, 2020-11-04 12:40:00, 362126.6469877201, 300.0 
 47.98574029357261, -123.5068919821516, 45.38461538461539, 2020-11-04 12:42:30, 145704.15173671357, 150.0 
 48.00077934868049, -123.48585160874342, 33.84615384615384, 2020-11-04 12:45:00, 85395.20858776165, 150.0 
 48.06162838976666, -123.44318280501243, 31.538461538461544, 2020-11-04 12:47:30, 60152.86443878994, 150.0 
 48.035361854268984, -123.6860684234701, 35.51020408163265, 2020-11-04 12:50:00, 69235.17843114522, 150.0 
 48.018637092627024, -123.57184500030661, 20.0, 2020-11-04 12:57:30, 89658.27174876329, 300.0 
 48.08304770797879, -123.35211428495717, 28.96551724137931, 2020-11-04 13:00:00, 28611.632067730887, 150.0 
 48.08285725321801, -123.37785618680562, 20.0, 2020-11-04 13:05:00, 103761.96752373481, 300.0 
 48.04645179014281, -123.49916954149728, 20.0, 2020-11-04 13:20:00, 208162.75386952033, 300.0 
 48.04457054368679, -123.46735948407121, 22.75862068965517, 2020-11-04 13:22:30, 126231.9574147123, 150.0 
 48.160753516417586, -123.3168637466051, 20.0, 2020-11-04 13:37:30, 135256.56473148905, 300.0 
 48.10564690399329, -123.30753913442757, 20.0, 2020-11-04 13:40:00, 54878.33507855075, 150.0 
 48.133986013813484, -123.30819100517029, 20.000000000000004, 2020-11-04 13:42:30, 54031.27046997449, 150.0 
 48.00162191822684, -123.67365011647024, 33.84615384615385, 2020-11-05 02:50:00, 58386.36844886372, 300.0 
 48.04641660371546, -123.68041760630041, 20.0, 2020-11-05 03:00:00, 104121.77434818548, 300.0 
 48.115839015537766, -123.68687327608544, 53.79310344827586, 2020-11-05 03:07:30, 192937.55701887902, 300.0 
 48.02758820339632, -123.62250518624434, 43.673469387755105, 2020-11-05 03:17:30, 236527.57781594308, 300.0 
 48.06172077029472, -123.56813018314509, 36.326530612244895, 2020-11-05 03:20:00, 135177.00767744158, 150.0 
 47.88945364363607, -123.66046135364302, 20.0, 2020-11-05 03:27:30, 503564.96371372335, 300.0 
 48.27591238898572, -123.75371169232781, 33.84615384615385, 2020-11-05 03:35:00, 149985.94225552108, 300.0 
 47.99206941540039, -123.80834096041276, 45.306122448979586, 2020-11-05 03:37:30, 363600.5381468539, 300.0 
 48.12566367896645, -123.68184416792627, 53.10344827586207, 2020-11-05 03:42:30, 204885.46420102465, 300.0 
 48.06716559867632, -123.719962999308, 60.0, 2020-11-05 03:45:00, 76584.95968851588, 150.0 
 48.10094567531594, -123.60125139572193, 59.99999999999999, 2020-11-05 04:05:00, 172631.28708077234, 300.0 
 48.0918511980452, -123.65715369968561, 60.0, 2020-11-05 04:07:30, 128092.1806578124, 150.0 
 48.0572726503146, -123.71273126646896, 60.0, 2020-11-05 04:10:00, 173613.22996016746, 150.0 
 48.204554645623105, -123.50271041811338, 60.0, 2020-11-05 04:12:30, 137719.0055520795, 150.0 
 48.15502169412108, -123.31881835488974, 43.6734693877551, 2020-11-05 04:15:00, 189652.8650399896, 150.0 
 48.12100621195523, -123.37345819271674, 20.0, 2020-11-05 04:17:30, 268547.3797270503, 150.0 
 48.10895328131755, -123.30992487920652, 33.07692307692308, 2020-11-05 04:20:00, 302225.783718282, 150.0 
 47.96381733716652, -123.60201015206296, 32.307692307692314, 2020-11-05 04:22:30, 383594.63553252013, 300.0 
 48.00527275313349, -123.60018495156987, 33.07692307692308, 2020-11-05 04:25:00, 197805.53086388705, 150.0 
 48.04045253866598, -123.52070102078793, 33.06122448979592, 2020-11-05 04:27:30, 122432.97894031537, 150.0 
 48.20699692017935, -123.29996561292728, 60.0, 2020-11-05 04:30:00, 162359.1127802352, 150.0 
 47.906131607453474, -123.6345950849586, 41.22448979591836, 2020-11-05 04:52:30, 536628.4205702879, 300.0 
 48.21294921363397, -123.32257516677691, 32.307692307692314, 2020-11-05 04:55:00, 1022762.663594069, 300.0 
 48.04908582999658, -123.36563110751605, 30.000000000000004, 2020-11-05 05:02:30, 834036.9473995684, 300.0 
 48.197055955274166, -123.43466129364081, 44.61538461538462, 2020-11-05 05:05:00, 369304.6793420822, 150.0 
 48.02606145202218, -123.41136277116382, 33.07692307692308, 2020-11-05 05:07:30, 301804.43855141103, 150.0 
 47.98965417446555, -123.66341005040297, 34.61538461538461, 2020-11-05 05:10:00, 161861.14474128143, 150.0 
 47.853010410196674, -123.34127902981601, 20.0, 2020-11-05 05:12:30, 113959.88487180373, 300.0 
 47.99940618646308, -123.6461551338682, 32.30769230769231, 2020-11-05 05:15:00, 235577.96038509803, 300.0 
 48.08181647432638, -123.50655260939239, 35.51020408163266, 2020-11-05 05:17:30, 147760.22574450035, 150.0 
 48.008388225753855, -123.51569977036968, 44.61538461538461, 2020-11-05 05:20:00, 95411.54141701802, 150.0 
 48.00859182876091, -123.7457599766423, 20.0, 2020-11-05 05:25:00, 248244.71003607396, 300.0 
 48.05957917671768, -123.25456412775173, 20.0, 2020-11-05 05:30:00, 1126278.300496904, 300.0 
 47.84903530315708, -123.63110878288833, 20.0, 2020-11-05 05:32:30, 643983.1403134802, 300.0 
 47.768235882055755, -123.52259547459343, 60.0, 2020-11-05 05:35:00, 269832.53402586834, 150.0 
 47.96243605043462, -123.64359464512071, 60.0, 2020-11-05 05:37:30, 112080.69461687047, 150.0 
 48.079113405233954, -123.65548335444234, 58.62068965517242, 2020-11-05 05:52:30, 641142.4665086573, 300.0 
 48.05519332393692, -123.638045281296, 58.62068965517241, 2020-11-05 05:55:00, 274083.7131052874, 150.0 
 47.79216540340785, -123.66418948167615, 20.0, 2020-11-05 06:07:30, 343875.6089988038, 300.0 
 47.907202288162075, -123.60953984590229, 60.0, 2020-11-05 06:10:00, 104029.0016452577, 150.0 
 48.08603278813551, -123.52180518083672, 59.310344827586206, 2020-11-05 06:20:00, 381699.66809607064, 300.0 
 47.73056541399137, -123.6619629544492, 60.0, 2020-11-05 06:22:30, 220042.21584697743, 300.0 
 47.938896142191744, -123.55959098380477, 31.03448275862069, 2020-11-05 06:25:00, 60738.23790139476, 150.0 
 47.89941483989766, -123.49303356498993, 20.0, 2020-11-05 06:27:30, 59490.563096194084, 150.0 
 47.9059383899295, -123.8275541278586, 53.793103448275865, 2020-11-05 06:57:30, 370285.8153629749, 300.0 
 47.809863683060975, -123.29213404698478, 52.41379310344827, 2020-11-05 07:02:30, 671357.5269657728, 300.0 
 47.90221237648666, -123.59984041021316, 60.0, 2020-11-05 07:05:00, 685341.6817599986, 300.0 
 48.04758823812965, -123.43301526138502, 20.0, 2020-11-05 07:07:30, 389558.6930167899, 150.0 
 48.06302361662625, -123.46398654655401, 20.0, 2020-11-05 07:10:00, 340474.89159253845, 150.0 
 48.059101667243596, -123.4352633337563, 29.230769230769234, 2020-11-05 07:12:30, 323193.6704272509, 150.0 
 47.98422229206713, -123.52404167654589, 60.0, 2020-11-05 07:15:00, 226094.0626076333, 150.0 
 47.89501430692026, -123.40335075061057, 20.0, 2020-11-05 07:22:30, 243554.4524411139, 300.0 
 47.907649211322386, -123.44281658401889, 20.0, 2020-11-05 07:27:30, 159559.6776111308, 300.0 
 47.788293682982506, -123.70384656884205, 33.07692307692308, 2020-11-05 08:12:30, 352249.7755141562, 300.0 
 47.9604351141924, -123.58738522145157, 46.15384615384615, 2020-11-05 08:15:00, 167190.7351952815, 150.0 
 47.901063930771784, -123.61268040584035, 37.95918367346938, 2020-11-05 08:20:00, 428746.14925778453, 300.0 
 47.95521486612406, -123.43464878011044, 48.46153846153846, 2020-11-05 08:22:30, 246377.60886176603, 150.0 
 48.098207555013694, -123.30217120867486, 29.23076923076923, 2020-11-05 08:30:00, 292291.90980971, 300.0 
 47.87493127071932, -123.7045976124971, 20.0, 2020-11-05 09:10:00, 482819.3116717867, 300.0 
 47.78429774559507, -123.58874559488208, 55.86206896551724, 2020-11-05 09:12:30, 261646.52859136226, 150.0 
 47.95010029992073, -123.64070864027666, 42.857142857142854, 2020-11-05 09:15:00, 226666.6690761086, 150.0 
 47.960495336385094, -123.66195962018043, 45.38461538461538, 2020-11-05 09:17:30, 250781.00126241325, 150.0 
 47.967955700090656, -123.436258369213, 43.673469387755105, 2020-11-05 09:20:00, 274751.900198964, 150.0 
 47.80661537462999, -123.61097289842155, 60.0, 2020-11-05 09:22:30, 270053.5942812075, 150.0 
 48.117216483518085, -123.46366715538393, 20.0, 2020-11-05 09:30:00, 232630.66118050512, 300.0 
 47.864336367263164, -123.58452412234404, 60.0, 2020-11-05 09:32:30, 1258340.7522174618, 300.0 
 47.846860224995964, -123.67810919037254, 59.310344827586206, 2020-11-05 09:35:00, 304215.29335214186, 150.0 
 48.043323959062185, -123.31736557610596, 44.48979591836734, 2020-11-05 09:37:30, 553665.8652931323, 300.0 
 48.01498528578806, -123.31670523301354, 33.07692307692307, 2020-11-05 09:40:00, 251461.0825901221, 150.0 
 47.885243976263986, -123.5207318292986, 20.0, 2020-11-05 09:42:30, 198560.25248297185, 150.0 
 48.035221785095935, -123.32976945872552, 34.61538461538462, 2020-11-05 09:47:30, 217758.59961828444, 300.0 
 47.895544847608434, -123.71959951901826, 59.99999999999999, 2020-11-05 09:50:00, 192391.9217610611, 300.0 
 48.17863026144196, -123.44112763352808, 20.0, 2020-11-05 09:55:00, 165568.44361011076, 300.0 
 48.10268121129774, -123.44246104875714, 32.30769230769231, 2020-11-05 09:57:30, 101068.28407749525, 150.0 
 48.093692791502875, -123.44813250942953, 33.84615384615384, 2020-11-05 10:00:00, 108148.01215237405, 150.0 
 48.122664638184936, -123.23912343671566, 42.85714285714286, 2020-11-05 10:37:30, 264515.0905724447, 300.0 
 47.90376739264102, -123.32319526386033, 20.0, 2020-11-05 10:55:00, 119934.36452761255, 300.0 
 47.77371139048404, -123.29042975243321, 55.862068965517246, 2020-11-05 11:10:00, 152368.36152459093, 300.0 
 47.98698150642326, -123.22062260553686, 43.673469387755105, 2020-11-05 11:12:30, 168644.41148702076, 150.0 
 48.028438745711824, -123.40091256065455, 60.0, 2020-11-05 11:15:00, 175194.94221454937, 150.0 
 47.90982080847931, -123.45804592075561, 60.0, 2020-11-05 11:17:30, 122635.65233286205, 150.0 
 47.93413126216728, -123.232773599683, 50.76923076923077, 2020-11-05 11:20:00, 123001.87904378996, 150.0 
 47.90998557802537, -123.24122797350674, 20.0, 2020-11-05 11:22:30, 79135.94280045135, 150.0 
 47.97974709739363, -123.15472564644315, 35.51020408163265, 2020-11-05 11:27:30, 307782.9339349183, 300.0 
 47.99801199387285, -123.17388768934491, 32.30769230769231, 2020-11-05 11:30:00, 124542.0886555522, 150.0 
 47.89188889058214, -123.19644072172505, 20.0, 2020-11-05 11:37:30, 265073.7134086544, 300.0 
 47.90057150106548, -123.33303078857105, 20.0, 2020-11-05 11:40:00, 75262.86142834632, 150.0 
 48.07287859024488, -123.14706349389343, 33.07692307692307, 2020-11-05 11:52:30, 153579.86543516052, 300.0 
 47.89188889058214, -123.19644072172505, 20.0, 2020-11-05 11:55:00, 51640.47195954887, 150.0 
 47.903545910969, -123.2987718103787, 45.38461538461539, 2020-11-05 12:05:00, 132390.86298617243, 300.0 
 48.150288897293734, -123.09003421556167, 45.38461538461539, 2020-11-05 12:27:30, 308696.3845346736, 300.0 
 47.970938726097195, -123.85686250858814, 40.0, 2020-11-05 12:30:00, 497634.5933398656, 300.0 
 48.152976794930986, -123.41641866317747, 20.0, 2020-11-05 12:32:30, 460543.5077012715, 300.0 
 48.10869918169519, -123.4773031976415, 20.0, 2020-11-05 12:35:00, 241077.45716775436, 150.0 
 48.09607693839103, -123.38741291287225, 33.84615384615384, 2020-11-05 12:37:30, 207593.24605443777, 150.0 
 48.1386013723678, -123.5234210758154, 20.0, 2020-11-05 12:40:00, 202726.70533380331, 150.0 
 48.00420320988638, -123.69380400574266, 24.137931034482758, 2020-11-05 12:42:30, 405590.3278981654, 150.0 
 47.875447276054516, -123.47267497463281, 53.103448275862064, 2020-11-05 12:50:00, 477845.8416929092, 300.0 
 47.985951942764935, -123.66223554376585, 60.0, 2020-11-05 12:52:30, 167861.6794129895, 150.0 
 48.05548802583759, -123.49963200835359, 42.85714285714286, 2020-11-05 12:55:00, 321473.66625025304, 150.0 
 48.05999495636649, -123.4983318819795, 20.0, 2020-11-05 12:57:30, 618360.8536953701, 150.0 
 48.00083308371419, -123.67916607328054, 57.24137931034482, 2020-11-05 13:00:00, 419145.86609937757, 150.0 
 47.926917901132235, -123.54938960376646, 46.12244897959184, 2020-11-05 13:02:30, 448821.05843956134, 150.0 
 47.94147530981681, -123.51739340998238, 42.85714285714286, 2020-11-05 13:05:00, 431748.1700225457, 150.0 
 48.044151368870224, -123.18875875659265, 33.07692307692308, 2020-11-05 13:10:00, 605551.1719555116, 300.0 
 48.06234588413943, -123.28697244175396, 33.84615384615385, 2020-11-05 13:22:30, 740275.6766615044, 300.0 
 48.130666954673444, -123.17638511004628, 38.775510204081634, 2020-11-05 13:25:00, 494238.9131706692, 150.0 
 48.00435017362906, -123.32120226101821, 42.04081632653062, 2020-11-05 13:27:30, 593293.7541144583, 150.0 
 47.90691846514074, -123.45443166812292, 41.22448979591836, 2020-11-05 13:30:00, 811357.9050096305, 150.0 
 48.1267992992467, -123.24210160614591, 34.69387755102041, 2020-11-05 13:32:30, 1572180.54280879, 300.0 
 48.10349136468496, -123.16903620626954, 20.0, 2020-11-05 13:35:00, 676202.6195299545, 150.0 
 47.79462256249914, -123.3795834504231, 60.0, 2020-11-05 13:37:30, 2033064.5971112247, 300.0 
 47.98741007138711, -123.2224482722813, 42.04081632653061, 2020-11-05 13:40:00, 1155544.634974249, 150.0 
 47.99148540365316, -123.21930077469011, 36.326530612244895, 2020-11-05 13:42:30, 1085314.547638518, 150.0 
 47.950283297493385, -123.48729879115564, 45.38461538461538, 2020-11-05 13:45:00, 619629.4259885375, 150.0 
 47.96052208172512, -123.43088706704464, 42.04081632653061, 2020-11-05 13:47:30, 584943.7446586229, 150.0 
 47.94988857996985, -123.33817262504424, 31.538461538461544, 2020-11-05 13:50:00, 886570.9401520103, 150.0 
 47.95690022603258, -123.34170264683843, 28.46153846153846, 2020-11-05 13:52:30, 660263.548878651, 150.0 
 47.976189723524115, -123.29485126084084, 22.758620689655167, 2020-11-05 13:57:30, 1078236.468898255, 300.0 
 47.94560712910689, -123.79415904170402, 45.384615384615394, 2020-11-05 14:02:30, 1151491.5860617615, 300.0 
 47.829561278730665, -123.60332795741314, 60.00000000000001, 2020-11-05 14:05:00, 472691.3374917339, 150.0 
 47.99220069184333, -123.67744463292641, 35.51020408163265, 2020-11-05 14:07:30, 354856.80786816886, 150.0 
 47.97276481953676, -123.42149854300902, 20.0, 2020-11-05 14:12:30, 705450.4166928303, 300.0 
 48.029846976735385, -123.47495098115027, 45.38461538461539, 2020-11-05 14:15:00, 325107.2400825887, 150.0 
 48.05740063120023, -123.4279424330639, 44.61538461538461, 2020-11-05 14:17:30, 269891.5413786507, 150.0 
 48.0090742047431, -123.61665126955683, 47.6923076923077, 2020-11-05 14:22:30, 997595.7763549882, 300.0 
 48.10938311745274, -123.45951072064705, 60.0, 2020-11-05 14:25:00, 732489.8704220842, 150.0 
 48.05236170161831, -123.31779981136535, 20.68965517241379, 2020-11-05 14:30:00, 1354326.2360763217, 300.0 
 48.02383156659802, -123.38997918899068, 30.0, 2020-11-05 14:32:30, 757433.777054213, 150.0 
 48.011631858913404, -123.45568170069032, 30.0, 2020-11-05 14:35:00, 524413.2614472404, 150.0 
 47.9083310940137, -123.5936464962313, 24.137931034482754, 2020-11-05 14:45:00, 970166.115216195, 300.0 
 47.9830040771736, -123.7209841338936, 46.15384615384615, 2020-11-05 14:47:30, 555654.2678127736, 150.0 
 48.08360856101496, -123.32207877393448, 60.00000000000001, 2020-11-05 14:50:00, 848723.2065573642, 300.0 
 48.02680110950948, -123.10038672916183, 33.87755102040816, 2020-11-05 18:02:30, 1560898.821272137, 300.0 
 47.6120928051903, -123.45403118827753, 60.0, 2020-11-05 18:05:00, 1022831.053052404, 300.0 
 47.72708403433215, -123.40518752130659, 30.0, 2020-11-05 18:10:00, 2021353.276301172, 300.0 
 47.79270947428178, -123.34793668031008, 31.53846153846154, 2020-11-05 18:12:30, 1270576.434055878, 150.0 
 47.858137624065535, -123.41317297819373, 30.76923076923077, 2020-11-05 18:15:00, 1356804.2791635955, 150.0 
 47.94936185700119, -123.19515895310951, 34.69387755102041, 2020-11-05 18:17:30, 1237906.5172554837, 150.0 
 47.93131002943142, -123.2383322674363, 33.87755102040816, 2020-11-05 18:22:30, 1380965.7722643067, 300.0 
 47.81376533537328, -123.46152259947323, 31.538461538461544, 2020-11-05 18:25:00, 743579.0808890692, 150.0 
 47.819160580529584, -123.41692744181454, 28.46153846153846, 2020-11-05 18:27:30, 831314.336938865, 150.0 
 47.981448923374714, -123.37914513501164, 20.0, 2020-11-05 18:30:00, 585510.377245157, 150.0 
 48.027962370531014, -123.3929636715722, 60.0, 2020-11-05 18:35:00, 1008771.4239752921, 300.0 
 47.996174798171, -123.07848710595209, 20.0, 2020-11-06 01:02:30, 200351.4719037879, 300.0 
 48.09472622204294, -123.23727084415744, 44.48979591836734, 2020-11-06 01:37:30, 383295.08990702033, 300.0 
 47.97390155769876, -123.7082560860839, 46.12244897959183, 2020-11-06 01:40:00, 498302.04741386516, 300.0 
 47.946371314415295, -123.7825391447672, 42.04081632653061, 2020-11-06 01:42:30, 166249.79611915504, 150.0 
 48.07965246439862, -123.43796142796748, 36.326530612244895, 2020-11-06 01:45:00, 376614.3628926968, 300.0 
 48.033291591574766, -123.6830343582159, 37.95918367346938, 2020-11-06 01:47:30, 373205.82234631665, 150.0 
 48.06802317366765, -123.72669090889919, 41.224489795918366, 2020-11-06 01:50:00, 372658.80411211814, 150.0 
 48.09115358039588, -123.33970392846643, 35.51020408163265, 2020-11-06 01:52:30, 490822.69236676116, 300.0 
 47.97595981566033, -123.46180026372197, 20.0, 2020-11-06 01:55:00, 236024.41447746512, 150.0 
 48.09064293891494, -123.5952679978127, 36.3265306122449, 2020-11-06 01:57:30, 183654.19397158077, 150.0 
 48.050087105770956, -123.49114815454209, 32.30769230769231, 2020-11-06 02:00:00, 237430.49670854627, 150.0 
 48.06983858657828, -123.44303773456383, 31.53846153846154, 2020-11-06 02:02:30, 242931.08831771635, 150.0 
 48.03305678770975, -123.46510238463888, 29.230769230769226, 2020-11-06 02:07:30, 324509.2260231862, 300.0 
 48.18290659094412, -123.36185212844424, 20.0, 2020-11-06 02:15:00, 227678.81998610622, 300.0 
 48.16489162986933, -123.41743404551877, 20.0, 2020-11-06 02:17:30, 92638.58341246491, 150.0 
 48.05053278412507, -123.61484141220748, 39.59183673469387, 2020-11-06 02:22:30, 179786.4007129988, 300.0 
 48.172332967503564, -123.28102594496909, 20.0, 2020-11-06 02:25:00, 144124.4942331394, 300.0 
 48.184236222447964, -123.73081696870841, 20.0, 2020-11-06 02:27:30, 398516.23057206423, 300.0 
 48.14104248186401, -123.64422774246317, 60.0, 2020-11-06 02:37:30, 259352.00402443993, 300.0 
 48.15409272677921, -123.56673306988336, 31.53846153846154, 2020-11-06 02:40:00, 400112.22980935266, 150.0 
 48.11703975264889, -123.55196728345256, 20.0, 2020-11-06 02:42:30, 268295.1787561706, 150.0 
 48.079288283047205, -123.55500253992957, 20.0, 2020-11-06 02:45:00, 107527.86888712212, 150.0 
 48.055284575940924, -123.58782685032494, 23.448275862068964, 2020-11-06 02:47:30, 164440.31645424824, 150.0 
 47.83618886411062, -123.34282523181754, 59.310344827586206, 2020-11-06 02:50:00, 373357.18386550056, 300.0 
 48.22069915636733, -123.46557863753306, 60.0, 2020-11-06 02:55:00, 248099.86335324176, 300.0 
 48.099165050231036, -123.64418725282293, 33.07692307692308, 2020-11-06 02:57:30, 116708.9277193043, 150.0 
 47.78186257984888, -123.59304601011759, 60.0, 2020-11-06 03:00:00, 105290.87283820503, 300.0 
 48.250711378308836, -123.80563885398207, 60.0, 2020-11-06 03:05:00, 210591.76918026048, 300.0 
 48.07091677818704, -123.73033177627494, 51.724137931034484, 2020-11-06 03:07:30, 50168.37404039466, 150.0 
 48.03727792236825, -123.4803386423197, 60.0, 2020-11-06 03:10:00, 75409.95985017988, 150.0 
 47.74829226065286, -123.34026513768134, 51.03448275862069, 2020-11-06 03:12:30, 148764.52322163657, 300.0 
 47.82877104291306, -123.38748436995544, 60.0, 2020-11-06 03:15:00, 96927.9561718247, 150.0 
 47.815653508139434, -123.3901630497286, 60.0, 2020-11-06 03:17:30, 100516.42930762855, 150.0 
 47.79752757219713, -123.38318480189353, 50.769230769230774, 2020-11-06 03:20:00, 100864.63244422451, 150.0 
 48.00453383251747, -123.75498373539767, 42.0408163265306, 2020-11-06 03:22:30, 126584.85302314426, 300.0 
 47.694513137164535, -123.38935572245472, 20.0, 2020-11-06 03:27:30, 223666.0989190945, 300.0 
 48.15557723315504, -123.48694241620609, 20.0, 2020-11-06 03:30:00, 326751.463833006, 300.0 
 48.03200834362726, -123.24841366876998, 45.38461538461539, 2020-11-06 03:32:30, 129625.90051390383, 150.0 
 48.03162472758159, -123.34086049256084, 20.0, 2020-11-06 03:35:00, 170007.3266506969, 150.0 
 48.14080366886735, -123.54485246441529, 20.0, 2020-11-06 03:37:30, 127266.15407499016, 150.0 
 48.20192687484063, -123.66427829251278, 60.0, 2020-11-06 03:40:00, 107433.65304041025, 150.0 
 48.273509592404324, -123.85459944666076, 20.0, 2020-11-06 03:42:30, 66216.13739630331, 150.0 
 48.1469421875634, -123.48524612523708, 20.0, 2020-11-06 03:47:30, 100801.03709165072, 300.0 
 48.17225758931991, -123.71745859464218, 34.61538461538461, 2020-11-06 03:55:00, 143224.12696098752, 300.0 
 48.02031504108125, -123.46348650306558, 34.61538461538462, 2020-11-06 04:07:30, 97244.48427996934, 300.0 
 48.115832448098004, -123.7616771773526, 27.586206896551722, 2020-11-06 04:22:30, 100004.43376824724, 300.0 
 48.16249770521398, -123.73476114779517, 33.87755102040816, 2020-11-06 04:25:00, 142087.1206126859, 150.0 
 48.205368903213945, -123.69125444738826, 20.0, 2020-11-06 04:27:30, 80572.13086445046, 150.0 
 48.09553670821379, -123.53023306126276, 44.61538461538461, 2020-11-06 04:30:00, 139006.89800485724, 150.0 
 48.159985109326165, -123.41997654302499, 33.07692307692307, 2020-11-06 04:32:30, 101333.50787465334, 150.0 
 48.11736743748699, -123.60101530465141, 24.615384615384617, 2020-11-06 04:37:30, 184983.6682563583, 300.0 
 48.08163371833058, -123.73816711443638, 60.0, 2020-11-06 04:40:00, 55508.71344164007, 150.0 
 48.116304539573825, -123.4005273154016, 20.0, 2020-11-06 04:42:30, 176680.29814898415, 300.0 
 48.10748944460208, -123.37738770426103, 33.07692307692308, 2020-11-06 04:45:00, 96561.64012730311, 150.0 
 48.162986627269426, -123.4358814903387, 20.0, 2020-11-06 04:47:30, 129740.41819777484, 150.0 
 48.15336359114644, -123.4655055697071, 22.06896551724138, 2020-11-06 04:50:00, 142614.28836094408, 150.0 
 48.14515241501368, -123.46564388307648, 30.769230769230774, 2020-11-06 04:52:30, 154417.79803054704, 150.0 
 48.16458938695045, -123.43094256686379, 20.0, 2020-11-06 04:55:00, 151903.28196499942, 150.0 
 47.99788706920293, -123.6009020650699, 20.0, 2020-11-06 04:57:30, 130266.99558403362, 150.0 
 48.093329542516386, -123.50881809497335, 20.0, 2020-11-06 05:00:00, 165667.9772514924, 150.0 
 48.08824235559932, -123.48684083772918, 20.0, 2020-11-06 05:02:30, 173583.90813851045, 150.0 
 48.119309766010225, -123.41641902468265, 33.84615384615384, 2020-11-06 05:05:00, 134650.40817542814, 150.0 
 48.13995823056561, -123.38107801853154, 32.307692307692314, 2020-11-06 05:07:30, 106031.66661744285, 150.0 
 48.071675014115996, -123.71868355028482, 20.0, 2020-11-06 05:10:00, 152487.25877160966, 300.0 
 48.07132071959376, -123.72910172304611, 31.538461538461537, 2020-11-06 05:12:30, 92426.54814287368, 150.0 
 48.011394428490476, -123.15767078804771, 35.38461538461539, 2020-11-06 05:15:00, 222557.26653482212, 300.0 
 48.14576111775857, -123.49201490732918, 60.0, 2020-11-06 05:20:00, 125927.5238751648, 300.0 
 48.10360247105016, -123.45531874809322, 60.00000000000001, 2020-11-06 05:22:30, 58153.723089940315, 150.0 
 48.11023466904732, -123.31541713387924, 53.79310344827587, 2020-11-06 05:25:00, 79248.8663655266, 150.0 
 47.9474258265509, -123.29238325763896, 60.0, 2020-11-06 05:27:30, 111667.06882500286, 150.0 
 48.13031166836007, -123.70509055131953, 20.0, 2020-11-06 05:35:00, 216465.85907810702, 300.0 
 48.10746658205089, -123.593801744593, 20.0, 2020-11-06 05:37:30, 78083.51015514335, 150.0 
 48.06795674488414, -123.71444061505726, 45.38461538461539, 2020-11-06 05:40:00, 74014.21672248382, 150.0 
 48.07532637732388, -123.57650303365673, 34.69387755102041, 2020-11-06 06:00:00, 191892.65078855917, 300.0 
 48.15086463245363, -123.63918495885626, 20.0, 2020-11-06 06:02:30, 68385.54576389663, 150.0 
 48.09144791849619, -123.65838465716635, 33.84615384615384, 2020-11-06 06:07:30, 238366.51169313648, 300.0 
 48.09087994544397, -123.63204378558152, 33.846153846153854, 2020-11-06 06:10:00, 124226.58043035389, 150.0 
 48.16407697502926, -123.58622534167463, 20.0, 2020-11-06 06:12:30, 103400.15522271932, 150.0 
 48.09754547079319, -123.52407156321783, 32.30769230769231, 2020-11-06 06:15:00, 91175.22405957656, 150.0 
 48.15996962219945, -123.47030191465586, 20.0, 2020-11-06 06:17:30, 78019.45660287952, 150.0 
 48.14533683666764, -123.49018126411958, 32.30769230769231, 2020-11-06 06:20:00, 90221.69698500514, 150.0 
 48.178918667734564, -123.73456464254599, 33.84615384615385, 2020-11-06 06:25:00, 471584.0374561647, 300.0 
 48.011230786020946, -123.45691241710456, 57.241379310344826, 2020-11-06 06:35:00, 97366.22349191643, 300.0 
 48.18033522930759, -123.69280937856163, 31.034482758620694, 2020-11-06 06:40:00, 83453.66885898131, 300.0 
 48.120809893510355, -123.39921840726656, 55.86206896551724, 2020-11-06 06:45:00, 101519.52734103161, 300.0 
 48.178156043939246, -123.67134604465727, 20.0, 2020-11-06 06:47:30, 81583.82478401398, 150.0 
 48.176615727309276, -123.68855869154457, 20.689655172413786, 2020-11-06 06:50:00, 114843.20972973156, 150.0 
 48.1683337128543, -123.67638467055649, 24.827586206896555, 2020-11-06 07:40:00, 123356.58714638295, 300.0 
 48.13892608634531, -123.70375525046137, 26.20689655172414, 2020-11-06 07:42:30, 94193.85824624503, 150.0 
 47.8882262901428, -123.59576444714365, 50.3448275862069, 2020-11-06 10:22:30, 224005.66790182592, 300.0 
 48.099799792251204, -123.75756806181202, 20.0, 2020-11-06 10:25:00, 100107.32149547063, 300.0 
 48.06548343014788, -123.71263285924795, 20.0, 2020-11-06 10:30:00, 98604.95585122035, 300.0 
 48.118048346238396, -123.714442862843, 20.0, 2020-11-06 10:32:30, 213033.82983089596, 150.0 
 48.12296041887745, -123.71192890291508, 20.0, 2020-11-06 10:35:00, 219514.21627254656, 150.0 
 48.01350596022979, -123.74325606495114, 20.0, 2020-11-06 10:45:00, 297487.4573940181, 300.0 
 48.08163734016638, -123.48204665361153, 33.84615384615385, 2020-11-06 10:47:30, 73648.0695160794, 150.0 
 48.104324798258524, -123.61591651416182, 33.87755102040816, 2020-11-06 10:50:00, 83952.57854958407, 150.0 
 48.1027142810241, -123.6208440765492, 34.69387755102041, 2020-11-06 10:52:30, 77567.50510627136, 150.0 
 48.06311006917023, -123.7291998345997, 60.0, 2020-11-06 10:55:00, 93395.06738206718, 150.0 
 48.22578204473405, -123.24489371360296, 30.76923076923077, 2020-11-06 11:00:00, 261539.76663583473, 300.0 
 48.11988194121983, -123.60894929188447, 44.48979591836734, 2020-11-06 11:02:30, 229125.3905736153, 300.0 
 48.24766364154597, -123.17372733636542, 33.84615384615385, 2020-11-06 11:07:30, 454798.61184689036, 300.0 
 48.17102152171869, -123.27245963969516, 22.758620689655174, 2020-11-06 11:10:00, 142257.44163942378, 150.0 
 48.173723432646824, -123.44367085469759, 57.24137931034484, 2020-11-06 11:12:30, 190578.59705940713, 150.0 
 48.20578714826286, -123.44863676467597, 60.0, 2020-11-06 11:15:00, 162526.98245267992, 150.0 
 48.191604346246194, -123.19281480574799, 42.04081632653061, 2020-11-06 11:35:00, 209731.88228094194, 300.0 
 48.171561535206614, -123.24237427929198, 33.07692307692307, 2020-11-06 12:00:00, 200110.02830825106, 300.0 
 48.18602638650872, -123.21013026516245, 30.76923076923077, 2020-11-06 12:02:30, 136093.53424646487, 150.0 
 48.18724665972962, -123.38940310947851, 29.655172413793103, 2020-11-06 12:20:00, 184614.56620158837, 300.0 
 48.02966530239887, -123.40027787718404, 20.0, 2020-11-06 13:47:30, 168251.43578092786, 300.0 
 48.192643073230215, -123.21489689635197, 20.0, 2020-11-06 13:50:00, 239713.58831416347, 150.0 
 48.00011750917058, -123.62840433805673, 58.62068965517242, 2020-11-06 13:57:30, 299912.9611387312, 300.0 
 48.19856255825873, -123.27556879388683, 45.38461538461538, 2020-11-06 14:00:00, 335941.24699221033, 300.0 
 48.16010331442969, -123.29048675572191, 37.14285714285714, 2020-11-06 14:02:30, 184260.8086821727, 150.0 
 48.132050298553935, -123.4180267333123, 20.000000000000004, 2020-11-06 14:05:00, 119000.50183514407, 150.0 
 48.190680777512924, -123.2241514150393, 24.82758620689655, 2020-11-06 14:10:00, 361519.66085281846, 300.0 
 48.19079987419443, -123.32486146637268, 30.769230769230774, 2020-11-06 14:12:30, 198582.47097717493, 150.0 
 48.1642744835503, -123.34379268769337, 32.30769230769231, 2020-11-06 14:15:00, 172711.51202097195, 150.0 
 48.11167093110954, -123.60906763542792, 30.000000000000004, 2020-11-06 14:22:30, 471178.93049921317, 300.0 
 48.172325554187076, -123.42282491845336, 37.95918367346938, 2020-11-06 14:25:00, 387865.0165634724, 150.0 
 48.271980233403184, -123.40812153811683, 20.0, 2020-11-06 14:27:30, 390504.0701081206, 150.0 
 48.07799863529223, -123.54644664126016, 42.85714285714286, 2020-11-06 14:30:00, 300029.3923561531, 150.0 
 48.09069577266561, -123.67003829495646, 20.0, 2020-11-06 14:35:00, 564721.8971787061, 300.0 
 47.98598136560089, -123.43104466203673, 36.326530612244895, 2020-11-06 14:37:30, 315605.0113410227, 150.0 
 48.11066177277053, -123.31724794587379, 46.15384615384616, 2020-11-06 14:42:30, 739784.5878627693, 300.0 
 48.086356600878275, -123.45500023605403, 33.84615384615385, 2020-11-06 14:45:00, 369546.3504340539, 150.0 
 48.13004347434861, -123.3739036913039, 33.07692307692308, 2020-11-06 14:50:00, 559997.3342397508, 300.0 
 48.09654310000461, -123.49896077426155, 46.92307692307693, 2020-11-06 14:52:30, 504926.41342526773, 150.0 
 48.09462313986605, -123.51737702885048, 33.07692307692308, 2020-11-06 14:55:00, 635621.6056965897, 150.0 
 48.07685361354673, -123.55932741630996, 20.0, 2020-11-06 14:57:30, 532887.3515958055, 150.0 
 48.07083902113077, -123.58085848009782, 33.07692307692308, 2020-11-06 15:00:00, 418079.1371585307, 150.0 
 48.10384315051802, -123.60488822354974, 30.0, 2020-11-06 15:05:00, 785217.6808826046, 300.0 
 48.08267160090078, -123.56965341515506, 30.769230769230774, 2020-11-06 15:07:30, 306780.62903035904, 150.0 
 48.20502775682275, -123.30921958587992, 31.538461538461533, 2020-11-06 15:10:00, 193097.68077798895, 150.0 
 48.15976913613402, -123.34510899714392, 34.61538461538461, 2020-11-06 15:12:30, 245501.32339369386, 150.0 
 47.978298881164974, -123.30092305004759, 33.84615384615385, 2020-11-06 15:15:00, 410419.81783054094, 150.0 
 48.172218848585814, -123.26875178053845, 20.0, 2020-11-06 15:17:30, 489060.3228006732, 150.0 
 48.16358050557932, -123.26709060780057, 25.51724137931035, 2020-11-06 15:20:00, 409327.71943851066, 150.0 
 48.005686468660606, -123.48332057323641, 43.6734693877551, 2020-11-06 15:22:30, 469835.934917643, 150.0 
 47.940125345125345, -123.62128955654812, 20.0, 2020-11-06 15:25:00, 505162.71447305003, 150.0 
 47.94003895699242, -123.54674224142477, 20.0, 2020-11-06 15:27:30, 469010.8669454565, 150.0 
 48.13333053716958, -123.47688313526297, 20.0, 2020-11-06 15:32:30, 781025.7335841828, 300.0 
 47.89610702888263, -123.83253980055058, 20.0, 2020-11-06 15:37:30, 484333.5849562827, 300.0 
 48.068137883323644, -123.43571605425802, 20.0, 2020-11-06 15:42:30, 767764.6284892341, 300.0 
 48.054387280520395, -123.46229609653199, 33.07692307692308, 2020-11-06 15:50:00, 1132233.4031014654, 300.0 
 48.12449461562169, -123.25871083959336, 40.0, 2020-11-06 15:57:30, 418115.02747228666, 300.0 
 48.02168208634798, -123.53752024343241, 60.0, 2020-11-06 16:00:00, 397222.8007729784, 150.0 
 48.01637098992478, -123.54127430979273, 44.61538461538462, 2020-11-06 16:02:30, 320305.40929329104, 150.0 
 47.9950900441669, -123.49389722254895, 20.0, 2020-11-06 16:05:00, 298398.25810664846, 150.0 
 47.91435117711688, -123.45980004583541, 25.517241379310345, 2020-11-06 16:10:00, 778122.5103162981, 300.0 
 47.916638962588415, -123.3870732473693, 28.461538461538463, 2020-11-06 16:12:30, 288329.41295970243, 150.0 
 47.95528217348616, -123.61558010280058, 60.0, 2020-11-06 16:15:00, 244813.66120903668, 150.0 
 47.79049100886147, -123.37661466199094, 20.0, 2020-11-06 16:20:00, 263341.5576749568, 300.0 
 48.18642481220426, -123.20889344663286, 27.586206896551726, 2020-11-06 16:22:30, 726724.992824631, 300.0 
 48.05417641721929, -123.33735948984994, 35.51020408163266, 2020-11-06 16:25:00, 623615.038437031, 150.0 
 48.06038834594348, -123.34336155047463, 31.53846153846154, 2020-11-06 16:27:30, 566842.0809298499, 150.0 
 48.035773016888754, -123.39404369928319, 60.0, 2020-11-06 16:30:00, 344612.8851070558, 150.0 
 48.17994627790552, -123.13720019603618, 31.53846153846154, 2020-11-06 16:40:00, 1369489.63262895, 300.0 
 48.326638733775006, -123.22918595365421, 60.0, 2020-11-06 16:45:00, 758453.8545542004, 300.0 
 48.2490353947659, -123.46632604927846, 36.92307692307693, 2020-11-06 21:37:30, 265534.71017849824, 300.0 
 48.25741489399635, -123.33644635224152, 20.0, 2020-11-06 21:42:30, 455389.1020867191, 300.0 
 48.127848245985014, -123.22306748804658, 60.0, 2020-11-06 22:00:00, 829575.3350054504, 300.0 
 48.18663794550289, -123.36607935045792, 42.04081632653061, 2020-11-06 22:02:30, 361597.500053237, 150.0 
 48.210305552682996, -123.13464858707385, 20.0, 2020-11-06 22:07:30, 982533.777047493, 300.0 
 48.44890146914686, -123.0253135853486, 20.0, 2020-11-06 22:10:00, 1086042.9988672298, 300.0 
 48.1941057136591, -123.3272529951638, 46.15384615384615, 2020-11-06 22:12:30, 681880.539479109, 300.0 
 48.25583247718108, -123.252855407223, 20.0, 2020-11-06 22:22:30, 668209.5822113241, 300.0 
 48.2033043885543, -123.17228247343515, 34.693877551020414, 2020-11-06 22:25:00, 434354.24602529337, 150.0 
 48.185658176134275, -123.2144365953681, 31.538461538461544, 2020-11-06 22:27:30, 756858.2414340526, 150.0 
 48.188018514986396, -123.20394617251442, 21.379310344827587, 2020-11-06 22:32:30, 358223.37119176274, 300.0 
 48.138502179864645, -123.10136493475551, 31.53846153846154, 2020-11-06 22:35:00, 257655.71878272627, 150.0 
 48.09537349936797, -123.2194815814425, 33.84615384615385, 2020-11-06 22:40:00, 835101.6468836659, 300.0 
 48.32068034128203, -123.08894681963608, 24.82758620689655, 2020-11-06 22:45:00, 929483.5165266956, 300.0 
 48.21789135277306, -123.11419567585587, 34.69387755102041, 2020-11-06 22:47:30, 339653.4836330289, 150.0 
 48.22409364822258, -122.93890872616993, 60.0, 2020-11-06 22:50:00, 498336.0242837121, 150.0 
 48.14549490777784, -123.18096002230506, 33.07692307692308, 2020-11-06 23:05:00, 366981.8519241107, 300.0 
 48.308835703734346, -122.98583004171806, 46.15384615384615, 2020-11-06 23:07:30, 240370.69694799185, 150.0 
 48.19359043376164, -123.22777217397855, 60.00000000000001, 2020-11-06 23:10:00, 233741.8957125379, 150.0 
 48.259071011728004, -123.12550394912843, 33.84615384615385, 2020-11-06 23:12:30, 502482.21498662466, 150.0 
 48.25602718987414, -123.10958738986308, 34.61538461538462, 2020-11-06 23:15:00, 508972.4809326072, 150.0 
 48.27030455620701, -123.0268254346545, 35.51020408163266, 2020-11-06 23:17:30, 477263.07555871713, 150.0 
 48.29828340020627, -123.03165398933322, 20.0, 2020-11-06 23:20:00, 564114.8845028081, 150.0 
 48.19591789653631, -123.34686678624165, 20.0, 2020-11-06 23:22:30, 667994.872864136, 300.0 
 48.29119159815142, -122.98690830963501, 20.0, 2020-11-06 23:25:00, 671560.0087164934, 300.0 
 48.16818445037653, -122.8366939121661, 60.00000000000001, 2020-11-06 23:32:30, 1244849.7285510877, 300.0 
 48.1435028907818, -123.22824858875924, 60.0, 2020-11-06 23:35:00, 668085.3700720719, 300.0 
 48.37278407573226, -122.97673633869603, 20.0, 2020-11-06 23:37:30, 637070.0782164667, 300.0 
 48.27508315058049, -123.05007806064046, 31.53846153846154, 2020-11-06 23:40:00, 389051.99749783624, 150.0 
 48.27058167372433, -123.05142043869604, 32.30769230769231, 2020-11-06 23:42:30, 424341.589535239, 150.0 
 48.27058167372434, -123.05142043869603, 28.96551724137931, 2020-11-06 23:45:00, 322089.47857854544, 150.0 
 48.18898031836122, -123.06145917549804, 28.27586206896552, 2020-11-06 23:47:30, 203787.97315202307, 150.0 
 48.24113586151241, -123.02573205872683, 24.137931034482754, 2020-11-06 23:50:00, 171593.71041720817, 150.0 
 48.22967530425133, -123.10284788096318, 20.0, 2020-11-06 23:52:30, 147395.8347372918, 150.0 
 48.3562171850998, -122.83362693945563, 60.0, 2020-11-06 23:55:00, 392042.1183660324, 150.0 
 48.401701853611144, -123.41480877494139, 20.0, 2020-11-07 03:45:00, 958030.3336453667, 300.0 
 48.390226523375084, -123.44490234072546, 20.0, 2020-11-07 03:50:00, 702245.9291996354, 300.0 
 48.32845449404516, -123.65120119518336, 60.0, 2020-11-07 03:57:30, 2160270.3328478257, 300.0 
 48.436354374674295, -123.53006715673845, 20.0, 2020-11-07 04:15:00, 356725.4580719575, 300.0 
 48.15019073300051, -123.76899561208964, 42.85714285714286, 2020-11-07 08:05:00, 1877472.8993977187, 300.0 
 48.32997134502041, -123.57238008140675, 33.84615384615385, 2020-11-07 09:22:30, 877960.4010777383, 300.0 
 48.284699787033084, -123.61245407017515, 34.61538461538462, 2020-11-07 10:05:00, 360331.8840670322, 300.0 
 48.12244487911686, -123.80699104908857, 20.0, 2020-11-07 11:25:00, 434775.310493795, 300.0 
 48.30304923149917, -123.67687964411209, 20.0, 2020-11-07 11:27:30, 245027.90836668445, 150.0 
 48.30587927817176, -123.59817577372806, 20.0, 2020-11-07 11:37:30, 383758.85695611377, 150.0 
 48.31980215156593, -123.52132553371743, 20.0, 2020-11-07 11:45:00, 350088.53714198066, 150.0 
 48.232490732046344, -123.73662197464442, 60.0, 2020-11-07 12:22:30, 189146.27705753775, 300.0 
 48.331533663337, -123.5403954935395, 20.0, 2020-11-07 12:32:30, 140521.48242882304, 150.0 
 48.167102949689614, -123.74580802137426, 20.0, 2020-11-07 13:02:30, 644888.6810249272, 300.0 
 48.19576202777958, -123.72754128690411, 20.0, 2020-11-07 13:05:00, 233889.2606116436, 150.0 
 48.21195556027671, -123.72753113697047, 20.0, 2020-11-07 13:07:30, 88624.55160066076, 150.0 
 48.368142966862855, -123.6020093855833, 20.0, 2020-11-07 14:07:30, 1356318.9454121522, 300.0 
 48.33604519941884, -123.56397906983335, 60.0, 2020-11-07 14:12:30, 570375.1212956622, 300.0 
 48.298305259118514, -123.75253103742939, 20.0, 2020-11-07 16:00:00, 2327762.713177091, 300.0 
 48.28122766855664, -123.61695731022056, 26.153846153846157, 2020-11-07 16:22:30, 518846.45254316955, 300.0 
 48.265733291098115, -123.62422606062793, 20.0, 2020-11-07 17:45:00, 965619.5110495988, 150.0 
 48.275464732618744, -123.63194423703673, 20.0, 2020-11-07 18:15:00, 1459017.0355119295, 300.0 
 48.353963121249606, -123.62160974585767, 29.230769230769234, 2020-11-07 18:17:30, 534223.884360552, 150.0 
 48.41211585313887, -123.67985888961019, 35.51020408163266, 2020-11-07 18:20:00, 197198.48606537533, 150.0 
 48.315199275452656, -123.70686226456428, 20.0, 2020-11-07 20:25:00, 281607.16900257696, 300.0 
 48.25389126375378, -123.64759269998581, 20.0, 2020-11-07 20:52:30, 344772.95519530633, 150.0 
 48.25456674552958, -123.64666162821996, 20.0, 2020-11-07 21:05:00, 192562.92022870097, 150.0 
 48.268793566205815, -123.61296322092876, 20.0, 2020-11-07 21:27:30, 363977.4423944457, 150.0 
 48.254250620632995, -123.64005442227659, 20.0, 2020-11-07 21:32:30, 814662.1385913165, 150.0 
 48.29646060901432, -123.63362547175342, 20.0, 2020-11-07 21:35:00, 343203.10908567184, 150.0 
 48.20491734502699, -123.70794047003568, 20.0, 2020-11-07 22:35:00, 463946.3098172883, 300.0 
 48.22150273132186, -123.67810220496597, 20.0, 2020-11-07 22:37:30, 249090.9735336811, 150.0 
 48.541333380462646, -123.22706541258238, 20.000000000000004, 2020-11-07 23:42:30, 267925.98713616177, 150.0 
 48.292672743013206, -123.67622243867548, 20.0, 2020-11-07 23:52:30, 665197.0726874552, 150.0 
 48.2002443714243, -123.19446447862114, 45.38461538461539, 2020-11-07 00:00:00, 416513.6577049369, 300.0 
 48.318594338781786, -123.08591921270585, 29.230769230769237, 2020-11-07 00:02:30, 293343.4208413281, 150.0 
 48.29114087787854, -123.05398247720032, 24.13793103448276, 2020-11-07 00:05:00, 214708.31724150165, 150.0 
 48.21851856332013, -123.09635883775111, 44.61538461538462, 2020-11-07 00:10:00, 341060.56313126336, 300.0 
 48.20484211972996, -123.01192135528456, 36.3265306122449, 2020-11-07 00:15:00, 731236.2210239042, 300.0 
 48.21222391896756, -123.01111440774105, 47.69230769230769, 2020-11-07 00:17:30, 437745.909258735, 150.0 
 48.06382804126593, -123.26978911680817, 60.0, 2020-11-07 00:25:00, 291736.97939805256, 300.0 
 48.24900658125857, -123.06795476349225, 23.448275862068964, 2020-11-07 00:30:00, 247468.14653894363, 300.0 
 48.21388250655419, -123.08541064356672, 20.0, 2020-11-07 00:32:30, 226845.52187441665, 150.0 
 48.215475294089, -123.11855583654014, 20.000000000000004, 2020-11-07 00:35:00, 233732.83517047088, 150.0 
 48.15097859178253, -123.47597551073179, 30.769230769230774, 2020-11-07 00:47:30, 324977.5595860792, 300.0 
 48.18823813425769, -123.36113658433466, 32.30769230769231, 2020-11-07 00:50:00, 163360.94402712196, 150.0 
 48.24913688915994, -123.19767069311715, 20.000000000000004, 2020-11-07 00:55:00, 251494.46916355265, 300.0 
 48.221389779381106, -123.39736795843731, 46.15384615384616, 2020-11-07 00:57:30, 158823.278626687, 150.0 
 48.213590850372086, -123.0227519235664, 46.92307692307693, 2020-11-07 01:00:00, 597016.8110349962, 300.0 
 48.034802745388944, -123.53486791189289, 29.230769230769226, 2020-11-07 01:02:30, 465385.0545661759, 300.0 
 48.22897200365399, -123.2349930671746, 37.14285714285714, 2020-11-07 01:05:00, 757433.7257305556, 300.0 
 48.21693018888199, -123.10131338937413, 32.30769230769231, 2020-11-07 01:07:30, 372468.58398947783, 150.0 
 48.301031786793644, -122.9177183648566, 59.310344827586206, 2020-11-07 01:10:00, 341826.15743993816, 150.0 
 48.13307968248217, -123.55601351081059, 33.07692307692307, 2020-11-07 01:12:30, 596834.683616712, 300.0 
 48.26225025438157, -123.11558882406644, 35.38461538461539, 2020-11-07 01:15:00, 669633.669683039, 300.0 
 48.23775238485888, -123.09035884134812, 35.51020408163265, 2020-11-07 01:17:30, 710783.1453566281, 150.0 
 48.224829001201684, -123.00033900853407, 46.15384615384615, 2020-11-07 01:20:00, 616863.044485181, 150.0 
 48.2150323266857, -123.23713489070526, 24.137931034482754, 2020-11-07 01:25:00, 316214.19106312864, 300.0 
 48.24316040045515, -123.17505883465083, 22.75862068965517, 2020-11-07 01:27:30, 189199.35508149947, 150.0 
 48.132101010055486, -123.23830809427294, 45.30612244897959, 2020-11-07 01:30:00, 200488.6628247099, 150.0 
 48.21229441783785, -123.12845979077022, 37.14285714285714, 2020-11-07 01:32:30, 339886.297683745, 150.0 
 48.23558762385184, -123.23976675125104, 34.61538461538462, 2020-11-07 01:35:00, 209427.46879506047, 150.0 
 48.21627976427741, -123.37534190342679, 43.673469387755105, 2020-11-07 01:37:30, 159489.59690520004, 150.0 
 48.187494034729745, -123.32246993758157, 30.76923076923077, 2020-11-07 01:40:00, 253978.33816129994, 150.0 
 48.112591506757425, -123.44964584692893, 32.30769230769231, 2020-11-07 01:42:30, 161125.1975686919, 150.0 
 48.06008565991536, -123.51057995275073, 34.6938775510204, 2020-11-07 01:45:00, 110844.17139063714, 150.0 
 48.17405417930818, -122.97772460987639, 57.241379310344826, 2020-11-07 01:47:30, 209942.62969757646, 300.0 
 48.14985705937673, -123.01518805207937, 20.0, 2020-11-07 01:50:00, 90435.40725919965, 150.0 
 48.203366855796155, -122.99107437951007, 20.0, 2020-11-07 01:52:30, 141812.7368730788, 150.0 
 48.13507633804584, -123.1658574662011, 20.0, 2020-11-07 01:55:00, 97582.37719410828, 150.0 
 48.01591052804315, -123.1184012944573, 20.0, 2020-11-07 01:57:30, 102580.57226321963, 150.0 
 48.15926204390352, -123.33407362651818, 20.0, 2020-11-07 02:00:00, 133735.60264856587, 150.0 
 48.16277999041935, -122.96206694762553, 20.0, 2020-11-07 02:02:30, 259019.65128795122, 300.0 
 48.056085640278184, -122.96798994631277, 60.0, 2020-11-07 02:10:00, 259252.11040213003, 300.0 
 48.14628852211169, -123.02632295202795, 46.15384615384615, 2020-11-07 02:12:30, 99041.93467625274, 150.0 
 48.18322772114339, -123.35140821700132, 43.846153846153854, 2020-11-07 02:15:00, 223524.3727236786, 150.0 
 47.972491602203874, -122.85096846284115, 53.793103448275865, 2020-11-07 02:17:30, 3681931.830036577, 300.0 
 48.22440348663842, -123.46674288565373, 20.0, 2020-11-07 02:20:00, 740382.9242258931, 300.0 
 48.17091607798625, -123.56525463090567, 34.69387755102041, 2020-11-07 02:22:30, 278131.556233126, 150.0 
 48.103215038248685, -123.63493890250463, 60.0, 2020-11-07 02:30:00, 720797.1353950396, 300.0 
 48.1531460061744, -123.49127829730512, 30.0, 2020-11-07 02:32:30, 388325.7917692222, 150.0 
 48.11662611045225, -123.29566808807402, 24.82758620689655, 2020-11-07 02:40:00, 395706.09429741354, 300.0 
 48.143064313337504, -123.40923559549474, 36.326530612244895, 2020-11-07 02:42:30, 284230.1285266349, 150.0 
 48.19473643050077, -123.50778325837251, 28.461538461538463, 2020-11-07 02:45:00, 409802.5696449547, 150.0 
 47.97167584655949, -123.12923240325347, 34.61538461538461, 2020-11-07 02:47:30, 1255090.5699000657, 300.0 
 48.059003262644445, -123.4230136556969, 34.61538461538461, 2020-11-07 02:50:00, 494298.30020455644, 150.0 
 48.189221126482394, -123.3801539788883, 20.0, 2020-11-07 02:55:00, 1230829.4019085027, 300.0 
 48.179710563256094, -123.42207817248648, 20.0, 2020-11-07 02:57:30, 610329.2306332033, 150.0 
 48.14281400850132, -123.53868730227839, 20.0, 2020-11-07 03:00:00, 423458.0194717276, 150.0 
 48.024209958209696, -123.60786656245662, 20.0, 2020-11-07 03:02:30, 379225.67067611805, 150.0 
 48.226396951750274, -123.40710850322421, 42.04081632653062, 2020-11-07 03:05:00, 1085740.8780684015, 300.0 
 48.20051520936004, -123.51198753689924, 43.673469387755105, 2020-11-07 03:07:30, 596137.4052324208, 150.0 
 48.259206024730254, -123.09967324850575, 32.307692307692314, 2020-11-07 03:10:00, 1124003.4890457569, 300.0 
 48.02593986121673, -123.68986015218846, 60.0, 2020-11-07 03:12:30, 1604878.6548856802, 300.0 
 48.08585618548537, -123.68481031903274, 33.07692307692308, 2020-11-07 03:15:00, 400142.0985402843, 150.0 
 48.16607983878492, -123.10745300001501, 36.3265306122449, 2020-11-07 03:17:30, 747956.7987168768, 300.0 
 48.12616412059088, -123.17771261273208, 36.15384615384617, 2020-11-07 03:20:00, 350211.3903010566, 150.0 
 48.08096373733795, -123.85520630066088, 60.0, 2020-11-07 03:22:30, 818916.8988280032, 300.0 
 48.13091569864717, -123.20091991608415, 33.84615384615385, 2020-11-07 03:25:00, 639380.9636195875, 300.0 
 47.9825707889028, -123.3662794587556, 20.0, 2020-11-07 03:27:30, 251729.10372265973, 150.0 
 48.13634975259053, -123.09221668466006, 34.61538461538461, 2020-11-07 03:30:00, 358992.3780950669, 300.0 
 48.23893244494497, -123.0485344026767, 30.769230769230774, 2020-11-07 03:32:30, 296314.1752168205, 150.0 
 48.25574829805194, -123.04687644987482, 32.3076923076923, 2020-11-07 03:35:00, 361454.92654415924, 150.0 
 48.24934598454121, -123.02552186114595, 35.51020408163266, 2020-11-07 03:37:30, 432336.3219686992, 150.0 
 48.26083760092312, -122.98956115994908, 40.408163265306115, 2020-11-07 03:40:00, 884437.3629012058, 150.0 
 48.32564886646561, -123.25445205210892, 20.0, 2020-11-07 03:42:30, 715041.2353110552, 150.0 
 47.9228324132124, -123.34297362207292, 60.0, 2020-11-07 03:45:00, 925494.2975832652, 300.0 
 47.955459838451105, -123.71459110476682, 22.06896551724138, 2020-11-07 03:50:00, 887368.245361778, 300.0 
 48.16358050557932, -123.26709060780057, 50.0, 2020-11-07 03:52:30, 1409291.5531002062, 300.0 
 48.18801851498639, -123.20394617251442, 44.61538461538462, 2020-11-07 03:55:00, 725079.5541931639, 150.0 
 48.12585455067729, -123.2292428529193, 35.51020408163266, 2020-11-07 03:57:30, 1574089.2076361857, 300.0 
 47.9119011363861, -122.9638915479589, 20.0, 2020-11-07 04:00:00, 1091247.7596055705, 300.0 
 48.13056117330639, -123.5480790317428, 20.0, 2020-11-07 04:02:30, 1605984.3793152354, 300.0 
 48.03834341682303, -123.35787691004543, 20.0, 2020-11-07 04:05:00, 831873.1102741887, 150.0 
 48.16278957914068, -123.41133427121775, 33.846153846153854, 2020-11-07 04:07:30, 650855.2669410384, 150.0 
 48.1938830502369, -123.3026869141091, 30.769230769230774, 2020-11-07 04:10:00, 488897.26093283633, 150.0 
 48.06784889927373, -123.13737907692956, 20.0, 2020-11-07 04:12:30, 571395.9769968815, 150.0 
 47.864604576000616, -123.13907186923232, 41.22448979591836, 2020-11-07 04:15:00, 598873.4436028996, 150.0 
 48.07125449786584, -123.71685095613634, 42.857142857142854, 2020-11-07 04:17:30, 660507.9414568901, 300.0 
 47.86315109096554, -123.72792580984553, 20.0, 2020-11-07 04:20:00, 337294.07125488104, 150.0 
 47.857250046610645, -123.56876406511005, 37.95918367346939, 2020-11-07 04:22:30, 248444.44090601563, 150.0 
 47.821427357198765, -123.61563747995723, 42.04081632653061, 2020-11-07 04:25:00, 169668.08998720982, 150.0 
 48.235183475037466, -123.5372388807913, 20.0, 2020-11-07 04:27:30, 291320.0819651663, 300.0 
 48.30200838656455, -123.52326309145586, 20.0, 2020-11-07 04:30:00, 223877.870521282, 150.0 
 48.16522216041432, -123.57331880146486, 56.55172413793103, 2020-11-07 04:32:30, 436897.3121712517, 150.0 
 47.96925560315142, -123.44479584039416, 59.99999999999999, 2020-11-07 04:35:00, 430997.59227228275, 150.0 
 48.02474166468445, -123.26142364839086, 47.69230769230769, 2020-11-07 04:37:30, 430365.6507167768, 150.0 
 48.21324951006931, -123.14133657965932, 34.61538461538461, 2020-11-07 04:40:00, 322289.20910160517, 150.0 
 47.85338513253919, -123.67070183421333, 53.79310344827586, 2020-11-07 04:42:30, 568664.8261736289, 300.0 
 47.968718262756006, -123.04675023091777, 55.17241379310344, 2020-11-07 04:47:30, 1367694.9765727785, 300.0 
 48.24239670845739, -123.5119290588741, 20.0, 2020-11-07 04:50:00, 673719.4523807956, 300.0 
 48.209325136863534, -123.538254267132, 46.12244897959183, 2020-11-07 04:52:30, 277255.92935993406, 150.0 
 48.24288661777367, -123.1885894462983, 44.61538461538462, 2020-11-07 04:55:00, 421473.31885373074, 300.0 
 47.93511086932217, -123.67391040465557, 37.95918367346939, 2020-11-07 05:02:30, 367124.2761785413, 300.0 
 48.102975692516026, -123.19908828530546, 20.0, 2020-11-07 05:05:00, 278766.083134494, 300.0 
 48.259071011728, -123.12550394912844, 34.61538461538461, 2020-11-07 05:07:30, 278040.08284374274, 150.0 
 48.192777115599384, -123.03373335240208, 30.769230769230766, 2020-11-07 05:10:00, 219097.6031195444, 150.0 
 48.18932324980627, -123.01908058920574, 20.0, 2020-11-07 05:12:30, 189789.12617946157, 150.0 
 48.1691572501689, -122.98031087013567, 20.0, 2020-11-07 05:15:00, 192861.11825319772, 150.0 
 48.168283501317944, -123.04662478195944, 20.000000000000004, 2020-11-07 05:17:30, 148904.75116880695, 150.0 
 48.31088280393242, -123.09411037158758, 58.620689655172406, 2020-11-07 05:20:00, 249096.89317288186, 150.0 
 48.128966814976195, -123.09301013303673, 48.46153846153846, 2020-11-07 05:22:30, 255602.20157096753, 150.0 
 48.37360120106117, -123.5449230661828, 24.827586206896548, 2020-11-07 05:25:00, 850501.2876037627, 300.0 
 48.23242805006643, -123.39163347001985, 21.379310344827587, 2020-11-07 05:27:30, 308461.45594595757, 150.0 
 48.21279477166845, -123.45220080624875, 20.0, 2020-11-07 05:30:00, 309519.8764586132, 150.0 
 48.2519369493509, -123.46996530975977, 20.0, 2020-11-07 05:32:30, 453769.41489273816, 150.0 
 48.1590850575454, -123.57647872669781, 20.0, 2020-11-07 05:35:00, 481368.130217036, 150.0 
 48.09223484305123, -123.52783447453707, 60.0, 2020-11-07 05:40:00, 1043548.7502024836, 300.0 
 48.44403445704925, -123.18404618460947, 56.55172413793104, 2020-11-07 05:52:30, 483576.75138197007, 300.0 
 48.20964306687015, -123.32018436728897, 32.30769230769231, 2020-11-07 05:55:00, 1021123.0972625322, 300.0 
 48.25770688242549, -123.32291510789197, 34.69387755102041, 2020-11-07 05:57:30, 286481.8617688115, 150.0 
 48.25173743749664, -123.34455098466297, 20.0, 2020-11-07 06:00:00, 358912.000490707, 150.0 
 48.38510385597122, -123.08490525485203, 20.0, 2020-11-07 06:02:30, 526763.4207243543, 150.0 
 48.34329312086293, -123.01817642032202, 32.30769230769231, 2020-11-07 06:05:00, 656030.8699498035, 150.0 
 48.23626910698021, -123.18382028547566, 37.14285714285714, 2020-11-07 06:07:30, 621426.5351847393, 150.0 
 48.14946055523617, -123.01642526318477, 20.0, 2020-11-07 06:12:30, 1123821.4665519737, 300.0 
 48.14561148973252, -123.32268539476333, 32.30769230769231, 2020-11-07 06:15:00, 590576.6877486287, 150.0 
 48.402049211294084, -123.1338158783429, 45.306122448979586, 2020-11-07 06:17:30, 1454970.4883068358, 300.0 
 48.19719428684055, -123.13741042774816, 43.6734693877551, 2020-11-07 06:20:00, 578829.8089141464, 150.0 
 48.31607261501796, -123.28420429058735, 36.3265306122449, 2020-11-07 06:22:30, 695858.2458833726, 150.0 
 48.27085795477792, -123.11415342262092, 42.857142857142854, 2020-11-07 06:25:00, 738151.2272048173, 150.0 
 48.18333284975299, -123.36368606553145, 37.14285714285714, 2020-11-07 06:27:30, 451440.10129154136, 150.0 
 48.17030841342179, -122.97352784300053, 26.89655172413793, 2020-11-07 06:30:00, 666085.0235324025, 300.0 
 48.176033807121215, -122.97153296246344, 34.69387755102041, 2020-11-07 06:32:30, 312280.85534006567, 150.0 
 48.13913034037711, -123.08356157181561, 33.87755102040816, 2020-11-07 06:35:00, 170879.06905711503, 150.0 
 48.0642055924371, -122.79930547007524, 60.0, 2020-11-07 06:40:00, 507910.0745293874, 300.0 
 48.239294255520356, -123.24091582945417, 46.15384615384615, 2020-11-07 06:42:30, 371989.0838391644, 300.0 
 48.277811631457695, -123.41847091343872, 20.0, 2020-11-07 06:45:00, 249267.5082125473, 150.0 
 48.318561318373106, -123.38079817806376, 20.0, 2020-11-07 06:47:30, 268870.3408033277, 150.0 
 48.328976884229505, -123.39907644208813, 20.0, 2020-11-07 06:50:00, 232264.27840079812, 150.0 
 48.11004718893373, -122.85004721578352, 20.0, 2020-11-07 06:52:30, 573718.0976600345, 300.0 
 48.20013821876316, -123.14409848152587, 28.46153846153846, 2020-11-07 06:55:00, 161679.16007280076, 150.0 
 48.30650479783225, -123.14591874401943, 32.30769230769231, 2020-11-07 06:57:30, 210478.08876091256, 150.0 
 48.308779993495165, -123.16740901286914, 33.87755102040816, 2020-11-07 07:00:00, 189638.6965133098, 150.0 
 48.30273350129184, -123.45494510596919, 24.82758620689655, 2020-11-07 07:05:00, 297291.8608555547, 300.0 
 48.22872310866296, -123.39047313416675, 20.0, 2020-11-07 07:07:30, 110473.04116611273, 150.0 
 48.23600975109154, -123.48129640023498, 20.0, 2020-11-07 07:12:30, 513854.85026274377, 300.0 
 48.21418725711843, -123.47306393100327, 20.000000000000004, 2020-11-07 07:15:00, 217604.70153161325, 150.0 
 48.20238070744073, -123.2890029738462, 33.07692307692307, 2020-11-07 07:17:30, 142183.71593116297, 150.0 
 48.24738907216024, -123.31697249116085, 33.846153846153854, 2020-11-07 07:20:00, 185436.7197681672, 150.0 
 48.119161508856905, -123.30358685058289, 20.0, 2020-11-07 07:22:30, 156483.288451135, 150.0 
 48.27538273369556, -123.42281996053372, 31.53846153846154, 2020-11-07 07:25:00, 181032.44044922874, 150.0 
 48.292016618643174, -123.34930478669948, 20.0, 2020-11-07 07:27:30, 177829.22499853984, 150.0 
 48.23252069326456, -123.45431269484324, 31.538461538461544, 2020-11-07 07:30:00, 149079.49198008404, 150.0 
 48.16101339334115, -123.55803847129144, 34.61538461538462, 2020-11-07 07:32:30, 150008.4658370184, 150.0 
 48.155330443461835, -123.7784107123003, 42.857142857142854, 2020-11-07 07:35:00, 142369.0260249724, 150.0 
 48.22349306167153, -123.40347452794302, 20.0, 2020-11-07 07:37:30, 384570.7981941482, 300.0 
 48.24156816130928, -123.18001262631132, 20.0, 2020-11-07 07:40:00, 259541.1257825486, 150.0 
 48.12804651738018, -122.87651065624107, 37.95918367346939, 2020-11-07 07:42:30, 786144.3039652786, 300.0 
 48.291903007928454, -123.20409853247374, 20.0, 2020-11-07 07:45:00, 392091.5512726871, 300.0 
 48.372546811383465, -123.35574904096971, 20.0, 2020-11-07 07:47:30, 294956.60266208724, 150.0 
 48.08478337107427, -122.83361411347434, 35.38461538461539, 2020-11-07 07:52:30, 341138.7886723819, 300.0 
 48.112780770571334, -123.47416738046887, 54.48275862068965, 2020-11-07 07:55:00, 597487.8074689131, 300.0 
 48.205882350318845, -123.46092043793296, 20.0, 2020-11-07 07:57:30, 363962.5750230878, 150.0 
 48.231703230863566, -123.40332336281851, 34.69387755102041, 2020-11-07 08:00:00, 270669.8871185505, 150.0 
 48.47225062721545, -123.44829855299679, 20.0, 2020-11-07 08:05:00, 2438036.743996147, 300.0 
 48.26333882275264, -123.1407787248764, 33.846153846153854, 2020-11-07 08:10:00, 430065.91138315434, 300.0 
 48.2066331059531, -122.88840098541822, 33.84615384615385, 2020-11-07 08:12:30, 137888.06668430657, 150.0 
 48.1807274295485, -122.91860436486635, 33.07692307692307, 2020-11-07 08:15:00, 151118.21684164825, 150.0 
 48.19501856043164, -122.9120651349923, 20.0, 2020-11-07 08:17:30, 206956.68855411134, 150.0 
 48.15951002240852, -122.99775511454476, 44.48979591836734, 2020-11-07 08:20:00, 155539.94285405747, 150.0 
 48.17980500275615, -123.04879399296033, 59.99999999999999, 2020-11-07 08:22:30, 143456.6039926299, 150.0 
 48.17989883259995, -122.91801330939855, 26.89655172413793, 2020-11-07 08:25:00, 258155.91120359657, 150.0 
 48.352234013962246, -122.87501918380923, 60.0, 2020-11-07 08:30:00, 819413.4161699683, 300.0 
 48.30797345525987, -123.29667916183361, 26.206896551724135, 2020-11-07 08:32:30, 436333.58304320317, 300.0 
 48.20431213570864, -123.32090591413328, 20.0, 2020-11-07 08:35:00, 497713.37954292516, 150.0 
 48.20804527521987, -123.32513139943761, 26.92307692307692, 2020-11-07 08:37:30, 251362.8965466985, 150.0 
 48.23150016804482, -123.3787461620372, 35.51020408163266, 2020-11-07 08:40:00, 202156.93326450515, 150.0 
 48.21720717255826, -123.75499847243285, 31.53846153846154, 2020-11-07 08:42:30, 457523.8178808152, 300.0 
 48.115008227471264, -123.76107352338609, 30.76923076923077, 2020-11-07 08:45:00, 146925.87046654557, 150.0 
 48.104786929712525, -123.69253065004928, 26.89655172413793, 2020-11-07 08:47:30, 190684.95699471302, 150.0 
 48.06060589408866, -123.4180848783299, 60.0, 2020-11-07 08:52:30, 200886.41370866058, 300.0 
 48.24743021499138, -123.47127064574688, 20.0, 2020-11-07 08:55:00, 190398.94338211464, 150.0 
 48.243550196125085, -123.76821754039025, 20.0, 2020-11-07 08:57:30, 220889.89484305022, 150.0 
 48.14628044059479, -123.62820444513144, 29.23076923076923, 2020-11-07 09:00:00, 197394.85438232264, 150.0 
 48.23234812153325, -123.54281390761955, 32.30769230769231, 2020-11-07 09:02:30, 274972.21727908653, 150.0 
 48.23400353453372, -123.4874765417576, 20.0, 2020-11-07 09:05:00, 214631.739647106, 150.0 
 48.22882456293557, -123.40276191633195, 20.0, 2020-11-07 09:07:30, 241568.97154131575, 150.0 
 48.22712166167605, -123.39541886793944, 20.0, 2020-11-07 09:10:00, 294980.73835622484, 150.0 
 48.23918204301746, -123.52181350539942, 20.0, 2020-11-07 09:12:30, 235183.97306386603, 150.0 
 48.24752242099464, -123.48356361451715, 34.61538461538461, 2020-11-07 09:15:00, 270981.50967866415, 150.0 
 48.2577628454074, -123.48031769207944, 20.0, 2020-11-07 09:17:30, 456641.0022843194, 150.0 
 48.25073298707193, -123.47367393832997, 20.0, 2020-11-07 09:20:00, 433969.8757671262, 150.0 
 48.23239725584074, -123.24966837384767, 60.0, 2020-11-07 09:22:30, 463867.87919180084, 150.0 
 48.2474487033703, -123.42085827641999, 35.510204081632665, 2020-11-07 09:25:00, 564337.2280406384, 150.0 
 48.23761472433779, -123.47635228701691, 37.142857142857146, 2020-11-07 09:27:30, 407894.8795011553, 150.0 
 48.25235709769491, -123.27629418051778, 31.53846153846154, 2020-11-07 09:30:00, 402441.9282681216, 150.0 
 48.23928721792854, -123.3294260560646, 40.40816326530612, 2020-11-07 09:32:30, 396472.2690002843, 150.0 
 48.196448924881615, -123.3609794194215, 20.0, 2020-11-07 09:40:00, 379234.8241158529, 300.0 
 48.31352658441487, -123.32057199578452, 20.000000000000004, 2020-11-07 09:42:30, 149846.06620316958, 150.0 
 48.282888236660305, -123.49096685231746, 20.0, 2020-11-07 09:45:00, 155682.6682339029, 150.0 
 48.25499218558568, -123.55167827770046, 20.0, 2020-11-07 09:47:30, 133550.97348302157, 150.0 
 48.34015269898269, -123.18393285724045, 24.13793103448276, 2020-11-07 09:50:00, 339587.20551980747, 300.0 
 48.24523393855385, -123.35205618015407, 49.23076923076923, 2020-11-07 09:52:30, 200170.87715050537, 150.0 
 48.27670711000709, -123.16260775072564, 25.51724137931034, 2020-11-07 09:55:00, 272845.3407224246, 150.0 
 48.30929476181522, -123.09907423328426, 23.448275862068957, 2020-11-07 09:57:30, 282359.7482724307, 150.0 
 48.02052692345164, -123.38759160292544, 48.46153846153847, 2020-11-07 10:00:00, 271690.53407826327, 300.0 
 48.05076915284023, -123.19350933453872, 60.0, 2020-11-07 10:02:30, 251691.9754237066, 150.0 
 48.255227349528155, -123.32112012739698, 20.0, 2020-11-07 10:10:00, 869738.4836164125, 300.0 
 48.203217100314546, -123.60714329730988, 20.0, 2020-11-07 10:15:00, 646938.3088331231, 300.0 
 48.26356614980876, -123.434101915392, 20.0, 2020-11-07 10:17:30, 476997.4133578392, 150.0 
 48.22109095593552, -123.57740089987489, 32.30769230769231, 2020-11-07 10:20:00, 610388.9894860622, 150.0 
 48.24051602076248, -123.47999215156113, 31.538461538461537, 2020-11-07 10:22:30, 836839.3060939539, 150.0 
 48.12693784878306, -123.44632963974938, 60.0, 2020-11-07 10:25:00, 553989.2234398017, 150.0 
 48.17362578196301, -123.43139519475778, 36.3265306122449, 2020-11-07 10:27:30, 248464.9588240153, 150.0 
 48.15185024526164, -123.48270987967554, 20.0, 2020-11-07 10:30:00, 264278.35377386946, 150.0 
 48.11020892408168, -123.46010957386902, 27.692307692307693, 2020-11-07 10:32:30, 333167.9359281374, 150.0 
 48.13485351124161, -123.40938741521941, 30.76923076923077, 2020-11-07 10:35:00, 631782.712999513, 150.0 
 48.157400098273584, -123.45623471491962, 31.538461538461544, 2020-11-07 10:37:30, 780197.361297981, 150.0 
 48.01237420218477, -123.61905191271151, 32.30769230769231, 2020-11-07 10:40:00, 391532.62742136023, 150.0 
 48.05209403882732, -123.48499091493612, 25.517241379310345, 2020-11-07 10:45:00, 519351.09561043564, 300.0 
 48.29948789918194, -123.1423892295096, 20.0, 2020-11-07 10:47:30, 607571.2302305071, 300.0 
 48.32421703357359, -123.23354791344516, 47.75510204081633, 2020-11-07 10:50:00, 402662.60003639205, 150.0 
 48.28668491969547, -123.35002248369287, 60.0, 2020-11-07 10:52:30, 423794.27331638196, 150.0 
 48.239828578661154, -123.4978309174849, 45.38461538461539, 2020-11-07 10:55:00, 357666.0846995506, 150.0 
 48.22406931636789, -123.23755630430848, 20.0, 2020-11-07 10:57:30, 260545.70460082084, 150.0 
 48.22317897361948, -123.1484758951872, 20.0, 2020-11-07 11:00:00, 436559.28992549836, 150.0 
 48.232588763307916, -123.10646452797036, 20.0, 2020-11-07 11:02:30, 445256.3321501248, 150.0 
 48.262778448080525, -123.12664607213334, 34.69387755102041, 2020-11-07 11:05:00, 408106.77278478554, 150.0 
 48.27141848237407, -123.12828570647474, 35.51020408163265, 2020-11-07 11:07:30, 574308.5037419936, 150.0 
 48.22992445986417, -123.1655227178596, 26.206896551724135, 2020-11-07 11:10:00, 736938.7514096429, 150.0 
 48.21138753703678, -123.15980901176454, 26.153846153846153, 2020-11-07 11:12:30, 767207.2657491904, 150.0 
 48.24475263960102, -123.1701050429903, 36.15384615384615, 2020-11-07 11:15:00, 474982.3553825112, 150.0 
 48.20367365258152, -123.20912565804748, 45.38461538461538, 2020-11-07 11:17:30, 595114.0759292487, 150.0 
 48.218132753779365, -123.17685535794993, 41.22448979591836, 2020-11-07 11:20:00, 425098.5925648071, 150.0 
 48.268374197577, -123.41925598552048, 20.0, 2020-11-07 11:30:00, 393652.6596654569, 150.0 
 48.24674275352804, -123.4891094569754, 20.0, 2020-11-07 11:32:30, 534600.3138330034, 150.0 
 48.28458411745288, -123.49832103101843, 20.0, 2020-11-07 11:35:00, 554503.8960445119, 150.0 
 48.28053273376228, -123.56420671390654, 22.068965517241377, 2020-11-07 11:40:00, 602606.9199776286, 150.0 
 48.23252069326456, -123.45431269484324, 20.0, 2020-11-07 11:42:30, 624396.0177265514, 150.0 
 48.05372188464868, -123.92221134428287, 20.0, 2020-11-07 11:50:00, 335182.47710318636, 300.0 
 48.12437730886757, -123.2464465068405, 57.931034482758626, 2020-11-07 11:52:30, 370553.0930233898, 300.0 
 48.19660765165834, -123.53968612040799, 35.51020408163265, 2020-11-07 11:55:00, 215316.76045314665, 150.0 
 48.3043373449843, -123.44999373284143, 20.0, 2020-11-07 11:57:30, 113206.06989828772, 150.0 
 48.111584891698904, -123.73413912285287, 30.0, 2020-11-07 12:00:00, 256681.59957921345, 300.0 
 48.16077651926003, -123.58381893708905, 28.96551724137931, 2020-11-07 12:02:30, 56967.547019770056, 150.0 
 48.0594750623848, -123.74026924925653, 22.06896551724138, 2020-11-07 12:05:00, 61562.92605254777, 150.0 
 48.24082467083031, -123.46646406058076, 24.827586206896555, 2020-11-07 12:12:30, 188380.42432557268, 300.0 
 48.25355089088182, -123.3641911625524, 20.0, 2020-11-07 12:15:00, 110392.5548020199, 150.0 
 48.23486673212111, -123.55076366594398, 20.0, 2020-11-07 12:30:00, 205414.80419048187, 300.0 
 48.30608781288962, -123.31518235686619, 30.769230769230774, 2020-11-07 12:35:00, 151397.30540712416, 150.0 
 48.28451729118957, -123.43557172305341, 49.230769230769226, 2020-11-07 12:40:00, 384347.0021135104, 300.0 
 48.268275449584486, -123.40695855552018, 44.13793103448276, 2020-11-07 12:42:30, 288550.9423774596, 150.0 
 48.41725386051291, -123.45110716247572, 60.0, 2020-11-07 12:45:00, 307612.22127445077, 150.0 
 48.27130197267176, -123.42596848109909, 22.758620689655174, 2020-11-07 12:47:30, 279779.41967204603, 150.0 
 48.2547692978014, -123.46438496447597, 20.0, 2020-11-07 12:50:00, 283451.5510593604, 150.0 
 48.349299863668925, -123.04081354973022, 60.0, 2020-11-07 12:52:30, 525142.780571787, 300.0 
 48.38476049018705, -123.49790104508041, 46.923076923076934, 2020-11-07 13:12:30, 173913.87320406182, 300.0 
 48.177010774478426, -123.39266590993324, 20.0, 2020-11-07 13:17:30, 173000.52918698255, 300.0 
 48.22375892792688, -123.24800957772511, 25.51724137931034, 2020-11-07 13:20:00, 103596.76236595925, 150.0 
 48.313807127562704, -123.17714207815601, 30.76923076923077, 2020-11-07 13:22:30, 93796.73100176927, 150.0 
 48.30072869667626, -123.46113432237891, 20.0, 2020-11-07 13:25:00, 116819.90498736179, 150.0 
 48.258241347199046, -123.33704481593466, 20.0, 2020-11-07 13:27:30, 151568.45699961932, 150.0 
 48.29286333017807, -123.30560077656693, 45.30612244897959, 2020-11-07 13:30:00, 268911.7245813015, 150.0 
 48.23352744962371, -123.37563593284875, 20.0, 2020-11-07 13:32:30, 156651.88711862348, 150.0 
 48.20526661283419, -123.43451888028679, 20.0, 2020-11-07 13:35:00, 151679.31284568863, 150.0 
 48.23156083878527, -123.94163818947338, 60.0, 2020-11-07 13:37:30, 415681.43891551194, 300.0 
 48.15928133556722, -123.48810738964767, 31.53846153846154, 2020-11-07 13:42:30, 583107.4803896683, 300.0 
 48.305470722486525, -123.16502341440358, 20.769230769230766, 2020-11-07 13:45:00, 768666.2404525105, 300.0 
 48.313750792930335, -123.44613722195925, 59.310344827586206, 2020-11-07 13:47:30, 500324.3464316739, 150.0 
 48.37265626829418, -123.41860704204865, 35.38461538461539, 2020-11-07 13:52:30, 1535725.553754683, 300.0 
 48.28458411745288, -123.49832103101843, 20.0, 2020-11-07 13:55:00, 1067168.1287218393, 150.0 
 48.27310558613256, -123.5587846137336, 20.0, 2020-11-07 13:57:30, 584770.0273309433, 150.0 
 48.2078570113, -123.50511238202246, 31.538461538461537, 2020-11-07 14:00:00, 339022.0326950877, 150.0 
 48.2384849814259, -123.53964512903138, 20.0, 2020-11-07 14:02:30, 364466.0089890743, 150.0 
 48.23043631858825, -123.09729815520586, 23.448275862068968, 2020-11-07 14:05:00, 754596.5320601534, 300.0 
 48.132083641295196, -123.53088290525659, 20.0, 2020-11-07 14:07:30, 498820.29715429316, 300.0 
 48.162986627269426, -123.4358814903387, 20.0, 2020-11-07 14:15:00, 322038.45163149055, 150.0 
 48.182611345351965, -123.37536644039245, 30.0, 2020-11-07 14:17:30, 393840.3956643401, 150.0 
 48.158507006327625, -123.29543026431573, 29.230769230769234, 2020-11-07 14:20:00, 449738.9473879205, 150.0 
 48.09947008905112, -123.35179979593337, 36.326530612244895, 2020-11-07 14:22:30, 682248.8756428611, 150.0 
 48.1108967515824, -123.39204028400572, 43.84615384615385, 2020-11-07 14:25:00, 476327.81696959137, 150.0 
 48.131997657214136, -123.51861932733189, 29.23076923076923, 2020-11-07 14:30:00, 530758.2393329422, 300.0 
 48.133777252930955, -123.53821584937184, 46.92307692307693, 2020-11-07 14:32:30, 358194.4630692059, 150.0 
 48.153788000872375, -123.46733891256397, 27.586206896551722, 2020-11-07 14:35:00, 430606.3039109576, 150.0 
 48.09925580418519, -123.59391955172168, 20.0, 2020-11-07 14:37:30, 177632.5957714766, 150.0 
 48.061600810471376, -123.49340537344878, 23.44827586206896, 2020-11-07 14:42:30, 836489.6311474018, 300.0 
 48.029195675468245, -123.55515518850171, 20.0, 2020-11-07 14:45:00, 270646.47274678276, 150.0 
 48.20426549022308, -123.57887509388397, 34.6938775510204, 2020-11-07 14:47:30, 305851.60751265637, 150.0 
 48.072410977556665, -123.3566050404029, 31.53846153846154, 2020-11-07 14:55:00, 373665.34461278585, 300.0 
 48.099756657492826, -123.4891034535498, 29.23076923076923, 2020-11-07 14:57:30, 221466.41482421177, 150.0 
 48.06869786109574, -123.50921291440694, 26.20689655172414, 2020-11-07 15:00:00, 274379.59910525323, 150.0 
 48.181561957804234, -123.56079710291007, 31.53846153846154, 2020-11-07 15:02:30, 158505.66971869953, 150.0 
 48.21295889949699, -123.58980432750181, 20.0, 2020-11-07 15:05:00, 306179.74811069795, 150.0 
 48.277667960315796, -123.50704484161098, 20.0, 2020-11-07 15:07:30, 228685.44606030316, 150.0 
 48.328875220847415, -123.38676369650108, 20.0, 2020-11-07 15:12:30, 512514.628589337, 300.0 
 48.270392356149834, -123.58281008565562, 40.40816326530612, 2020-11-07 15:15:00, 429155.0233409781, 150.0 
 48.13282312160835, -123.5192195458923, 29.230769230769234, 2020-11-07 15:17:30, 379664.6941003794, 150.0 
 48.233575467656486, -123.54218021207203, 33.84615384615385, 2020-11-07 15:20:00, 880422.1547358503, 150.0 
 48.2979257421801, -123.65193322673375, 24.82758620689655, 2020-11-07 15:22:30, 1803227.9186446762, 150.0 
 48.24752242099464, -123.48356361451717, 20.0, 2020-11-07 15:25:00, 396767.26520776993, 150.0 
 48.094272842695915, -123.80237175772362, 22.068965517241377, 2020-11-07 15:27:30, 728850.7840257783, 300.0 
 48.168186459801646, -123.65183143988557, 60.0, 2020-11-07 15:30:00, 256231.95360049274, 150.0 
 48.065021580774165, -123.57053121575072, 31.53846153846154, 2020-11-07 15:32:30, 417519.11083268287, 150.0 
 48.20670353251339, -123.22502598762972, 20.0, 2020-11-07 15:35:00, 689681.8319578328, 300.0 
 48.183171390971296, -123.55586227905692, 20.0, 2020-11-07 15:37:30, 483105.7445297323, 150.0 
 48.244127442910845, -123.46886735316382, 32.30769230769231, 2020-11-07 15:40:00, 632302.1838532527, 150.0 
 48.35763533664528, -123.43982701630864, 20.0, 2020-11-07 15:42:30, 590888.5158503287, 150.0 
 48.13221829132945, -123.25057248769643, 33.84615384615385, 2020-11-07 15:45:00, 1006532.8724524588, 300.0 
 48.17622270228773, -123.21525720688894, 33.84615384615384, 2020-11-07 15:47:30, 732807.9971181003, 150.0 
 48.234574771596755, -123.10027003311565, 20.0, 2020-11-07 15:50:00, 753046.7232002363, 150.0 
 48.12921724466386, -123.37330583070158, 60.0, 2020-11-07 15:52:30, 694788.0922120961, 150.0 
 48.24864644038483, -123.36674634629307, 60.0, 2020-11-07 15:55:00, 1990067.9211953375, 150.0 
 48.17244247523009, -123.54804710832892, 44.48979591836734, 2020-11-07 15:57:30, 2033052.5404913393, 150.0 
 48.085560332584045, -122.9267542121527, 60.0, 2020-11-07 16:00:00, 2767706.209782257, 300.0 
 48.067684929315305, -122.81390352363412, 46.92307692307693, 2020-11-07 16:02:30, 3706254.8033865113, 300.0 
 48.21401913873565, -122.95454568485056, 44.48979591836735, 2020-11-07 16:05:00, 2873929.474170866, 150.0 
 48.24885029115758, -123.39132665599908, 20.0, 2020-11-07 16:07:30, 2937048.6634184825, 300.0 
 48.28659904608641, -123.38817035463082, 20.000000000000004, 2020-11-07 16:10:00, 953422.4207333314, 150.0 
 48.317802683295305, -122.98005369654648, 43.84615384615385, 2020-11-07 16:12:30, 1607715.097214472, 300.0 
 48.294348372712875, -123.28833957663473, 20.0, 2020-11-07 16:15:00, 372328.946325104, 150.0 
 48.2701249843372, -122.97639717342668, 20.0, 2020-11-07 16:20:00, 815352.5429598812, 300.0 
 48.26384155762855, -123.18995901713707, 60.0, 2020-11-07 16:22:30, 834628.6192568054, 300.0 
 48.26225025438158, -123.11558882406644, 46.92307692307693, 2020-11-07 16:25:00, 1254996.1522897456, 300.0 
 48.23773645635171, -123.1665757999855, 55.172413793103445, 2020-11-07 16:27:30, 516572.1658255917, 150.0 
 48.217179144808505, -123.16397500461264, 32.30769230769231, 2020-11-07 16:35:00, 1141019.0616093022, 300.0 
 48.26185046094962, -123.19615317064856, 60.0, 2020-11-07 16:40:00, 1060140.7680463593, 300.0 
 48.51234942009704, -123.00822507554228, 20.0, 2020-11-07 16:42:30, 1894011.5157509227, 300.0 
 48.371033494181546, -123.11298039287925, 54.48275862068965, 2020-11-07 16:45:00, 514385.5101788859, 150.0 
 48.31112183346997, -123.66159962072429, 60.0, 2020-11-07 16:52:30, 961901.2857307685, 300.0 
 48.36550215878828, -123.13344849773394, 59.310344827586206, 2020-11-07 16:55:00, 731947.5939826187, 300.0 
 48.14242829534415, -123.04789624815442, 60.0, 2020-11-07 16:57:30, 449592.8349517851, 300.0 
 48.43517345532, -122.94051269393161, 56.55172413793104, 2020-11-07 17:00:00, 1207071.4604212665, 300.0 
 48.22789333898781, -123.2509939691675, 55.86206896551724, 2020-11-07 17:02:30, 613697.0007324842, 300.0 
 48.223068605547304, -122.79513927634642, 60.0, 2020-11-07 17:05:00, 776687.1187573592, 300.0 
 48.327171908570264, -123.37940711228899, 45.38461538461539, 2020-11-07 17:07:30, 826032.4401396925, 300.0 
 48.31039756019408, -123.29232150471873, 38.775510204081634, 2020-11-07 17:10:00, 432777.97717061243, 150.0 
 48.31604394081338, -123.07797782107346, 53.103448275862064, 2020-11-07 17:12:30, 404224.30673317297, 150.0 
 48.35969572176263, -122.84831494889133, 45.38461538461539, 2020-11-07 17:15:00, 441229.28345950233, 150.0 
 48.39451339771938, -122.78008213936576, 60.0, 2020-11-07 17:17:30, 474346.8532014483, 150.0 
 48.16825424704294, -122.81091079952435, 60.0, 2020-11-07 17:20:00, 686576.1363068759, 300.0 
 48.27115874337615, -122.82936234398008, 39.59183673469388, 2020-11-07 17:22:30, 404946.0929188958, 150.0 
 48.390746721506595, -123.03852741717756, 26.89655172413793, 2020-11-07 17:30:00, 1564520.5471650427, 300.0 
 48.38584807515881, -123.04111680780184, 33.84615384615384, 2020-11-07 17:32:30, 822839.4040853138, 150.0 
 48.41433696375891, -123.01880186684416, 29.230769230769234, 2020-11-07 17:37:30, 937722.407723996, 300.0 
 48.41254441930094, -123.07867332649707, 33.07692307692308, 2020-11-07 17:40:00, 515173.0900285727, 150.0 
 48.26097645736707, -123.72436807343044, 20.0, 2020-11-07 17:42:30, 559410.8742824624, 300.0 
 48.53222426848532, -122.79131804779936, 60.0, 2020-11-07 17:47:30, 1743353.0669291145, 300.0 
 48.52940486079963, -123.10174487405357, 59.99999999999999, 2020-11-07 17:50:00, 454442.1885684791, 150.0 
 48.19565947037994, -123.64594143687846, 60.0, 2020-11-07 17:52:30, 247620.23443455502, 300.0 
 48.1983725367659, -123.21292797427887, 60.0, 2020-11-07 17:55:00, 365993.0258842167, 300.0 
 48.25054774895238, -123.44908993379079, 20.0, 2020-11-07 18:00:00, 949466.058644286, 300.0 
 48.24724456381533, -123.44668760770838, 20.0, 2020-11-07 18:02:30, 540249.6274676668, 150.0 
 48.287625944722265, -123.41337221570177, 20.0, 2020-11-07 18:05:00, 333918.34614203434, 150.0 
 48.24582503521687, -123.47621524221532, 20.0, 2020-11-07 18:07:30, 203618.20000953428, 150.0 
 48.18991620484792, -123.52259841048834, 22.758620689655178, 2020-11-07 18:10:00, 201396.74414096575, 150.0 
 48.189228962535815, -123.82777118702211, 60.0, 2020-11-07 18:20:00, 756018.1728626116, 300.0 
 48.267180456900405, -123.28090708681451, 42.857142857142854, 2020-11-07 18:22:30, 426863.096809362, 300.0 
 48.478921888790524, -122.82814047192004, 60.0, 2020-11-07 18:25:00, 1217834.2650617226, 300.0 
 48.528527798682866, -122.91878348578287, 27.586206896551722, 2020-11-07 18:27:30, 325736.8003928895, 150.0 
 48.49864517651341, -123.06727471330593, 46.15384615384615, 2020-11-07 18:30:00, 333516.72441481426, 150.0 
 48.247605428207876, -123.34155805792403, 28.46153846153846, 2020-11-07 18:40:00, 536659.9543929385, 300.0 
 48.252402188458106, -123.32670893508259, 20.0, 2020-11-07 18:42:30, 251350.21345136626, 150.0 
 48.38553709664559, -122.91105159995331, 20.0, 2020-11-07 18:50:00, 1484713.309548266, 300.0 
 48.37015235319993, -122.96263338612927, 20.0, 2020-11-07 18:52:30, 723054.0379924853, 150.0 
 48.364250901739965, -123.01948261864223, 20.0, 2020-11-07 18:55:00, 757636.716169792, 150.0 
 48.331569337955585, -123.07082460165563, 20.0, 2020-11-07 18:57:30, 535512.904995333, 150.0 
 48.38621217685173, -122.8993199012791, 34.69387755102041, 2020-11-07 19:02:30, 1757197.2957076868, 300.0 
 48.39497061219105, -122.91016982179377, 37.14285714285714, 2020-11-07 19:05:00, 918498.2610539562, 150.0 
 48.296433991352544, -123.1646163939596, 22.06896551724138, 2020-11-07 19:07:30, 404587.6484151994, 150.0 
 48.3306068800607, -123.05791959541588, 37.14285714285714, 2020-11-07 19:10:00, 285613.9554126109, 150.0 
 48.22422311010757, -123.55523044981953, 55.86206896551724, 2020-11-07 19:12:30, 552057.8412694047, 300.0 
 48.25589720888375, -123.62729141136828, 60.0, 2020-11-07 19:15:00, 538026.6413281944, 150.0 
 48.208952504050195, -123.60521840646035, 20.0, 2020-11-07 19:17:30, 328722.1500244173, 150.0 
 48.101103195807255, -123.21751646957053, 60.0, 2020-11-07 19:20:00, 892424.9992679952, 300.0 
 48.31088051791122, -123.30031288505235, 31.538461538461544, 2020-11-07 19:22:30, 355166.63902674493, 150.0 
 48.19312968861648, -123.51272164241112, 20.0, 2020-11-07 19:25:00, 291959.78352936934, 150.0 
 48.25566385982705, -123.27868578137543, 20.0, 2020-11-07 19:27:30, 497777.88894444937, 150.0 
 48.20427830477959, -123.46586237783538, 20.0, 2020-11-07 19:30:00, 453842.93749420304, 150.0 
 48.212582902557635, -123.47800659517617, 20.0, 2020-11-07 19:32:30, 597217.8448434978, 150.0 
 48.2923271982399, -123.43666244771462, 20.000000000000004, 2020-11-07 19:35:00, 841021.5411509452, 150.0 
 48.290915528171276, -123.46622576324866, 20.0, 2020-11-07 19:37:30, 1083949.419189228, 150.0 
 48.27146569478497, -123.50099289575496, 32.30769230769231, 2020-11-07 19:40:00, 824892.7994651156, 150.0 
 48.233575467656486, -123.54218021207203, 20.0, 2020-11-07 19:42:30, 249629.74245656142, 150.0 
 48.20857261315276, -123.38654258462022, 33.07692307692307, 2020-11-07 19:52:30, 481663.93278846034, 300.0 
 48.415575103936234, -122.81954006756374, 20.0, 2020-11-07 19:55:00, 505250.4225745009, 300.0 
 48.218006517347334, -123.1645701464481, 40.40816326530612, 2020-11-07 20:25:00, 215702.0833722893, 300.0 
 48.26650367712837, -123.55396496913545, 20.0, 2020-11-07 20:32:30, 186629.7120090509, 300.0 
 48.25427542897606, -123.45332900561245, 29.655172413793103, 2020-11-07 20:42:30, 243128.76540944856, 300.0 
 48.23789281775652, -123.70743803106825, 22.758620689655178, 2020-11-07 20:50:00, 382513.79001221026, 300.0 
 48.279032994071, -123.23145320235676, 51.72413793103448, 2020-11-07 20:55:00, 425802.76508439, 300.0 
 48.22373639528065, -123.67259142780674, 20.0, 2020-11-07 21:02:30, 273255.2892005029, 300.0 
 48.31658172844179, -123.44054837175763, 33.07692307692308, 2020-11-07 21:07:30, 108762.40613855091, 150.0 
 48.056805357916204, -123.6331239438968, 26.89655172413793, 2020-11-07 21:17:30, 210847.59827849522, 300.0 
 48.10757609620868, -123.33938418694578, 60.0, 2020-11-07 21:20:00, 110079.34995926646, 150.0 
 48.23047232803965, -123.70200054261116, 20.0, 2020-11-07 21:22:30, 438735.58645079227, 300.0 
 48.21192849042217, -123.62114770948274, 47.6923076923077, 2020-11-07 21:25:00, 360465.9394040807, 150.0 
 48.249046770687244, -123.64828835827095, 20.0, 2020-11-07 21:30:00, 581318.4247523433, 150.0 
 48.29258712206238, -123.80581379845144, 41.224489795918366, 2020-11-07 21:37:30, 197054.63161203434, 150.0 
 48.1310322193501, -123.68729549986062, 20.0, 2020-11-07 21:42:30, 413530.0558996375, 300.0 
 48.1378856408406, -123.82215549056787, 20.0, 2020-11-07 21:50:00, 176060.6700722281, 300.0 
 48.401779711647734, -123.14738842256054, 20.0, 2020-11-07 21:55:00, 325306.51843721105, 300.0 
 48.364810269149515, -123.1069677929402, 31.538461538461544, 2020-11-07 22:02:30, 500634.89379841776, 300.0 
 48.21988203650411, -123.36421632006355, 20.0, 2020-11-07 22:05:00, 167323.49876839525, 150.0 
 48.341744823539315, -123.17896926490796, 55.862068965517246, 2020-11-07 22:10:00, 475508.0229761625, 300.0 
 48.36070890020204, -123.18654607662059, 54.48275862068966, 2020-11-07 22:12:30, 314255.711956986, 150.0 
 48.39550807021292, -123.21782110620448, 53.10344827586207, 2020-11-07 22:15:00, 284646.8598740499, 150.0 
 48.041255736813014, -124.00006258493735, 20.0, 2020-11-07 22:17:30, 526448.2750676188, 300.0 
 48.23583369831193, -123.40631993035393, 20.0, 2020-11-07 22:20:00, 351443.4050872272, 300.0 
 48.372059742624735, -123.25593014603433, 60.0, 2020-11-07 22:22:30, 318637.5732621128, 150.0 
 48.23721348102624, -123.47758831532143, 22.06896551724138, 2020-11-07 22:25:00, 204477.10417372457, 150.0 
 48.29177708346889, -123.07427108431622, 20.0, 2020-11-07 22:27:30, 490989.99111803155, 300.0 
 48.33882273049295, -123.0958916569189, 39.59183673469388, 2020-11-07 22:30:00, 193101.77626712914, 150.0 
 48.03069467263528, -123.23987178243867, 60.0, 2020-11-07 22:32:30, 401405.9214525632, 300.0 
 48.441369480610874, -123.04896151282506, 48.46153846153846, 2020-11-07 22:47:30, 676043.8174724417, 300.0 
 48.292638895290175, -123.28098989112915, 28.461538461538467, 2020-11-07 22:50:00, 170230.73675774486, 150.0 
 48.194282363706094, -123.30145047514208, 20.0, 2020-11-07 22:52:30, 302156.5707443044, 150.0 
 48.32157345739244, -123.25761785937597, 35.51020408163266, 2020-11-07 22:55:00, 485938.3648835132, 150.0 
 48.34453626828856, -123.21155513785031, 20.0, 2020-11-07 22:57:30, 438223.8491904196, 150.0 
 48.25655051939955, -123.60023548997117, 33.06122448979592, 2020-11-07 23:00:00, 1221825.0301926492, 300.0 
 48.26497750338129, -123.57120600836261, 24.137931034482758, 2020-11-07 23:02:30, 498458.84242737846, 150.0 
 48.28880073606527, -123.51363273655818, 20.0, 2020-11-07 23:05:00, 703334.7009805632, 150.0 
 48.28533365378672, -123.67486374526473, 60.0, 2020-11-07 23:07:30, 884798.4318212981, 150.0 
 48.36101247841065, -123.86854804666847, 36.326530612244895, 2020-11-07 23:10:00, 256886.37791671825, 150.0 
 48.20427830477959, -123.46586237783538, 20.0, 2020-11-07 23:12:30, 339387.33497375646, 300.0 
 48.24872638327362, -123.47985498594696, 20.0, 2020-11-07 23:15:00, 209251.35423660226, 150.0 
 48.286009254009834, -123.46877075535993, 22.758620689655174, 2020-11-07 23:17:30, 282833.26392239827, 150.0 
 48.28128199778508, -123.49591392594621, 22.06896551724138, 2020-11-07 23:20:00, 247391.96775918637, 150.0 
 48.28627979120246, -123.50567569337164, 20.0, 2020-11-07 23:22:30, 163218.7829959868, 150.0 
 48.40834122779284, -123.58261147699939, 30.0, 2020-11-07 23:25:00, 223867.2850315569, 150.0 
 48.29262621191755, -123.3726728415888, 33.87755102040816, 2020-11-07 23:30:00, 232752.51571756674, 300.0 
 48.156676153363875, -123.64953613868133, 29.230769230769234, 2020-11-07 23:35:00, 286863.0580446075, 300.0 
 48.372288943448325, -123.28057438295659, 20.0, 2020-11-07 23:40:00, 597331.6652211172, 300.0 
 48.250030775821514, -123.33720687483068, 32.30769230769231, 2020-11-07 23:45:00, 622241.3810644945, 300.0 
 48.24421985544236, -123.48115983868374, 42.0408163265306, 2020-11-07 23:47:30, 541562.9976631354, 150.0 
 48.23074014000755, -123.54775517873017, 26.923076923076923, 2020-11-07 23:50:00, 469182.24953794584, 150.0 
 48.274586152092915, -123.73589012070603, 20.0, 2020-11-07 23:55:00, 275682.5612367072, 150.0 
 48.33827974226024, -123.5533964918719, 34.61538461538461, 2020-11-08 00:20:00, 213348.92113599167, 150.0 
 48.29720352730302, -123.69987965228808, 20.0, 2020-11-08 00:22:30, 264133.344894643, 150.0 
 48.23989328495861, -123.68165769936562, 20.0, 2020-11-08 00:37:30, 299686.60660974804, 150.0 
 48.23226776506327, -123.67736058618524, 20.0, 2020-11-08 00:50:00, 308262.67974387103, 150.0 
 48.22956436853007, -123.68108007137445, 20.0, 2020-11-08 00:52:30, 182243.67119964038, 150.0 
 48.20790710633597, -123.75545807672776, 20.0, 2020-11-08 01:12:30, 240680.82097954873, 300.0 
 48.29426249188645, -123.68898207388408, 20.0, 2020-11-08 01:25:00, 1032395.2531599726, 300.0 
 48.23929217669947, -123.68880164921143, 20.0, 2020-11-08 01:27:30, 679679.7668798768, 150.0 
 48.23294682119371, -123.55674033530872, 36.92307692307692, 2020-11-08 01:40:00, 119875.01345656469, 150.0 
 48.28698618436588, -123.60195815530567, 60.0, 2020-11-08 02:10:00, 281418.24329531076, 300.0 
 48.28929158866435, -123.6199269978021, 40.0, 2020-11-08 02:12:30, 76339.23494394952, 150.0 
 48.36365732449362, -123.50326679626696, 60.00000000000001, 2020-11-08 02:17:30, 188328.56017070802, 300.0 
 48.24044397542083, -123.90831865395303, 20.0, 2020-11-08 02:20:00, 324000.3017369398, 300.0 
 48.2994507036575, -123.68931066756917, 20.0, 2020-11-08 02:27:30, 270703.23284766375, 150.0 
 48.27262992652156, -123.71876064646472, 20.0, 2020-11-08 02:30:00, 161086.8971702461, 150.0 
 48.27383870554408, -123.61305309946415, 20.0, 2020-11-08 02:47:30, 353683.2477978064, 300.0 
 48.259251702545725, -123.65428955952476, 20.000000000000004, 2020-11-08 03:00:00, 387154.07571975025, 150.0 
 48.22348172633037, -123.68944891305017, 20.000000000000004, 2020-11-08 03:05:00, 215066.6508790825, 150.0 
 48.220052951296296, -123.70823432048026, 20.0, 2020-11-08 03:37:30, 1029970.1820811135, 300.0 
 48.244699702498, -123.68136288210741, 20.0, 2020-11-08 03:40:00, 533147.1020827984, 150.0 
 48.242719791574345, -123.67001591993022, 20.000000000000004, 2020-11-08 03:45:00, 968909.0644959947, 150.0 
 48.22830769897191, -123.6546665940727, 20.0, 2020-11-08 03:47:30, 678766.1006038815, 150.0 
 48.29401802349433, -123.6134012477609, 20.0, 2020-11-08 03:50:00, 813901.9395993503, 150.0 
 48.35590847628487, -123.87128578863286, 29.230769230769234, 2020-11-08 04:07:30, 118818.83067161457, 300.0 
 48.35847746899062, -123.7837142032378, 55.86206896551724, 2020-11-08 04:10:00, 301896.0141511604, 300.0 
 48.226860971996864, -123.68479955656366, 20.0, 2020-11-08 04:42:30, 302921.2042584001, 150.0 
 48.263031486282784, -123.62795038101586, 20.0, 2020-11-08 05:17:30, 415406.5816018674, 150.0 
 48.25961127342865, -123.64675134013325, 20.0, 2020-11-08 05:50:00, 2129271.407533336, 150.0 
 48.3350481672979, -123.64771578959926, 26.89655172413793, 2020-11-08 06:05:00, 2381190.713444412, 300.0 
 48.27312152038364, -123.62813007143781, 32.24489795918367, 2020-11-08 06:22:30, 401596.618655401, 150.0 
 48.37214110785193, -123.5983559661945, 20.0, 2020-11-08 06:37:30, 634395.4442449441, 300.0 
 48.299687899582004, -123.7039320072856, 20.0, 2020-11-08 06:42:30, 156434.177765157, 150.0 
 48.31803879912838, -123.55906508843083, 20.000000000000004, 2020-11-08 06:52:30, 230375.58283878287, 150.0 
 48.31877668848148, -123.52980344919732, 20.0, 2020-11-08 07:02:30, 734678.3247335381, 150.0 
 48.2656536620632, -123.7582119386446, 30.612244897959183, 2020-11-08 07:30:00, 321592.764434665, 300.0 
 48.35805641959132, -123.70764703652225, 20.0, 2020-11-08 07:45:00, 234534.02144283117, 300.0 
 48.36649003591553, -123.59118266751365, 29.655172413793103, 2020-11-08 07:47:30, 316117.0037032134, 150.0 
 48.27276256093991, -123.6356684574514, 53.10344827586207, 2020-11-08 07:55:00, 317566.8493175095, 150.0 
 48.450584444097586, -123.87763669383756, 35.51020408163266, 2020-11-08 07:57:30, 436372.3665157367, 300.0 
 48.32846889161122, -123.74278610440797, 31.428571428571427, 2020-11-08 08:00:00, 107426.93699603518, 150.0 
 48.34655890632529, -123.85798258910275, 40.00000000000001, 2020-11-08 08:07:30, 160019.80274776262, 150.0 
 48.28340657827603, -123.72821104835539, 20.0, 2020-11-08 08:10:00, 63217.026771638506, 150.0 
 48.31249485146576, -123.71058586327821, 36.92307692307693, 2020-11-08 08:12:30, 85231.76155754886, 150.0 
 48.2116417040235, -123.89375013269776, 20.0, 2020-11-08 08:15:00, 142521.18404559858, 150.0 
 48.063454335309615, -123.90157422589519, 33.87755102040817, 2020-11-08 08:17:30, 161257.36590039654, 150.0 
 48.32240847560401, -123.56007941334336, 20.0, 2020-11-08 08:25:00, 225035.5903524567, 150.0 
 48.30056226346312, -123.7643635190462, 20.0, 2020-11-08 08:27:30, 289822.5867979579, 150.0 
 48.32250051142162, -123.51759145442796, 20.0, 2020-11-08 08:42:30, 150853.39286063644, 150.0 
 48.48813814971115, -123.51267360243538, 53.79310344827587, 2020-11-08 08:55:00, 357682.3342534659, 300.0 
 48.440019305155495, -123.79490027760068, 31.03448275862069, 2020-11-08 09:12:30, 359881.4104879748, 300.0 
 48.24542331022957, -123.66629646862005, 20.0, 2020-11-08 09:17:30, 436926.4976115858, 300.0 
 48.379688372089845, -123.67782198057517, 20.0, 2020-11-08 09:25:00, 497411.88824308105, 300.0 
 48.393850869143996, -123.63578616161517, 33.07692307692307, 2020-11-08 09:27:30, 269185.23300826224, 150.0 
 48.39692569325068, -123.46390844502439, 20.0, 2020-11-08 09:32:30, 194165.2349462589, 150.0 
 48.29779975584535, -123.79242236558542, 52.413793103448285, 2020-11-08 09:37:30, 391088.79545382, 300.0 
 48.310722887123056, -123.68126089089199, 20.0, 2020-11-08 09:42:30, 246067.5221660129, 150.0 
 48.299886403649246, -123.78768969040361, 20.0, 2020-11-08 10:00:00, 83445.31531605977, 150.0 
 48.61775167812461, -123.52439921067688, 55.862068965517246, 2020-11-08 10:02:30, 349403.2699993887, 300.0 
 48.316350544405815, -123.75759600354725, 20.0, 2020-11-08 10:12:30, 89262.77768467473, 150.0 
 48.35684385632277, -123.49828465279184, 59.99999999999999, 2020-11-08 10:15:00, 57140.13997897183, 150.0 
 48.42157408634123, -123.61995005484174, 54.48275862068965, 2020-11-08 10:20:00, 96985.51145167371, 150.0 
 48.47845966175152, -123.43588789544731, 51.83673469387755, 2020-11-08 10:25:00, 212187.9493676073, 300.0 
 48.31995509160644, -123.74516134925481, 20.0, 2020-11-08 10:27:30, 231898.39768173118, 300.0 
 48.27258457470741, -123.74308663111233, 20.0, 2020-11-08 10:30:00, 189393.3507265215, 150.0 
 48.2637916968079, -123.75517304210236, 20.000000000000004, 2020-11-08 10:32:30, 168035.71052459214, 150.0 
 48.27546367983348, -123.82308778248972, 20.0, 2020-11-08 10:35:00, 147371.68677877064, 150.0 
 48.30592063853234, -123.78126693346215, 20.0, 2020-11-08 10:40:00, 266237.9407048194, 300.0 
 48.36219907259657, -123.89998245471789, 52.41379310344827, 2020-11-08 10:42:30, 109577.08552134864, 150.0 
 48.32773337857476, -123.83530000013955, 20.0, 2020-11-08 11:02:30, 129877.01979941048, 150.0 
 48.32147517084785, -123.52606940139236, 20.0, 2020-11-08 11:10:00, 188844.33257473525, 150.0 
 48.26970293947161, -123.7302506946511, 20.0, 2020-11-08 11:12:30, 166195.57057386136, 300.0 
 48.231842217872476, -123.9349779854214, 34.61538461538462, 2020-11-08 11:22:30, 227849.85487250806, 300.0 
 48.432800238050085, -123.79735535655452, 52.41379310344828, 2020-11-08 12:25:00, 207724.2502415404, 150.0 
 48.42699182965965, -123.79599831464016, 52.41379310344828, 2020-11-08 12:55:00, 296109.74462300556, 150.0 
 48.278190510116715, -123.63638112354974, 20.0, 2020-11-08 13:00:00, 831998.0785561645, 300.0 
 48.067368214213815, -123.92421132359378, 44.61538461538462, 2020-11-08 13:15:00, 439697.6484188977, 300.0 
 48.42823793628308, -123.59009981777115, 40.0, 2020-11-08 13:20:00, 261076.329878591, 300.0 
 48.3999692046218, -123.45260571678627, 60.0, 2020-11-08 13:22:30, 257501.52206269343, 150.0 
 48.28659020008382, -123.68460120650076, 20.0, 2020-11-08 13:27:30, 845722.5987440768, 150.0 
 48.25893576108089, -123.64768240356803, 20.0, 2020-11-08 14:00:00, 893166.62522237, 150.0 
 48.279625792655665, -123.72407562339788, 57.241379310344826, 2020-11-08 14:25:00, 686120.546197307, 300.0 
 48.36549240326269, -123.69739467354043, 29.655172413793103, 2020-11-08 14:42:30, 410029.4797051509, 300.0 
 48.31232991010062, -123.71641785566156, 20.0, 2020-11-08 14:45:00, 125296.00907486098, 150.0 
 48.462333182278826, -123.45642529129562, 33.07692307692307, 2020-11-08 14:50:00, 436551.1574800634, 300.0 
 48.58622690290386, -123.28359021329473, 20.0, 2020-11-08 15:02:30, 402783.1968728185, 300.0 
 48.465013487530975, -123.37746425964161, 20.0, 2020-11-08 15:05:00, 138054.83827356514, 150.0 
 48.2836675752893, -123.6961012738215, 20.0, 2020-11-08 15:12:30, 392264.3115251016, 150.0 
 48.18646847924302, -123.84444735603654, 20.0, 2020-11-08 15:15:00, 1281845.4274536015, 150.0 
 48.32945852563106, -123.92993165305047, 56.55172413793103, 2020-11-08 15:40:00, 475500.6916495523, 150.0 
 48.361187799569684, -123.51346902394062, 29.230769230769234, 2020-11-08 15:42:30, 317788.96263855457, 300.0 
 48.402665325552256, -123.44886215937392, 20.0, 2020-11-08 15:45:00, 206617.43078891968, 150.0 
 48.33693160902044, -123.53292765558298, 20.0, 2020-11-08 15:55:00, 282409.70597512985, 150.0 
 48.30790490809319, -123.59537902772269, 20.0, 2020-11-08 15:57:30, 221788.93207422146, 150.0 
 48.39425023075722, -123.45346952683002, 20.0, 2020-11-08 16:00:00, 141038.37838470406, 150.0 
 48.501978897531004, -123.57802876944095, 20.0, 2020-11-08 16:05:00, 274232.8744458761, 300.0 
 48.35760027044608, -123.70079332460259, 60.0, 2020-11-08 16:07:30, 149828.67349990542, 150.0 
 48.23334348558161, -123.79697340314283, 32.30769230769231, 2020-11-08 16:10:00, 144727.71649794708, 150.0 
 48.28951056132632, -123.78701323140659, 33.84615384615385, 2020-11-08 16:30:00, 404063.88954679057, 150.0 
 48.33325888077658, -123.73432511891795, 35.51020408163266, 2020-11-08 16:32:30, 222958.8550323914, 150.0 
 48.23122983728965, -123.6858235879983, 20.0, 2020-11-08 16:37:30, 521175.5425811698, 300.0 
 48.3181010732846, -123.80932879205713, 35.38461538461539, 2020-11-08 16:47:30, 149585.8452077594, 150.0 
 48.26649719770006, -123.75145414641311, 60.0, 2020-11-08 17:07:30, 191930.8147240348, 150.0 
 48.31991545830685, -123.63118025461965, 33.06122448979592, 2020-11-08 17:10:00, 157941.95817783408, 150.0 
 48.29810699947889, -123.59365305639574, 20.0, 2020-11-08 17:12:30, 280632.25443715655, 150.0 
 48.33820999167838, -123.65083651240265, 20.0, 2020-11-08 17:15:00, 562393.6764444519, 150.0 
 48.38563732749801, -123.85474459640479, 33.84615384615385, 2020-11-08 17:17:30, 313598.82254358544, 300.0 
 48.37189142602199, -123.58371574128203, 22.75862068965517, 2020-11-08 17:25:00, 188080.2082506908, 150.0 
 48.35511789906134, -123.52188106686522, 20.000000000000004, 2020-11-08 17:27:30, 162228.4979717556, 150.0 
 48.327373643677035, -123.64333871904692, 20.0, 2020-11-08 17:55:00, 565447.804511121, 150.0 
 48.47017097607476, -123.57704771511942, 33.07692307692307, 2020-11-08 17:57:30, 160325.53331288326, 150.0 
 48.16548713209471, -123.85082551809563, 55.86206896551724, 2020-11-08 18:05:00, 718728.2925591541, 300.0 
 48.43058943835515, -123.47798255400359, 20.0, 2020-11-08 18:17:30, 534647.8346025046, 300.0 
 48.490218498538155, -123.32696719314919, 32.30769230769231, 2020-11-08 18:22:30, 389674.36279945035, 150.0 
 48.34608088593046, -123.49906659477007, 20.0, 2020-11-08 18:27:30, 437967.5652413007, 300.0 
 48.34643093344761, -123.4915125618943, 20.0, 2020-11-08 18:30:00, 271477.91211348685, 150.0 
 48.26962392155436, -123.64071292589004, 34.61538461538462, 2020-11-08 18:32:30, 1138322.0141480488, 300.0 
 48.280468387887296, -123.71731756493858, 22.75862068965517, 2020-11-08 18:35:00, 198843.05883548007, 150.0 
 48.40771066876838, -123.44893433968542, 20.0, 2020-11-08 18:45:00, 187298.31612834588, 150.0 
 48.265733291098115, -123.62422606062793, 20.0, 2020-11-08 18:57:30, 1686219.8923713986, 150.0 
 48.254250620632995, -123.64005442227659, 20.0, 2020-11-08 19:00:00, 1120972.1505338384, 150.0 
 48.33018166010733, -123.56459794317195, 20.0, 2020-11-08 19:20:00, 398370.4435564005, 150.0 
 48.3092649178416, -123.5711930941294, 20.0, 2020-11-08 20:07:30, 1258070.8243937124, 300.0 
 48.260918607562125, -123.65903457194973, 20.0, 2020-11-08 20:10:00, 1883660.5493570413, 300.0 
 48.328512982806885, -123.53751408031114, 20.0, 2020-11-08 20:22:30, 441756.06020907755, 150.0 
 48.260329681467475, -123.63167470140377, 20.0, 2020-11-08 20:25:00, 737158.154863624, 150.0 
 48.27185335216216, -123.60170024793192, 20.000000000000004, 2020-11-08 20:27:30, 485441.6361486656, 300.0 
 48.31713045794466, -123.51090421557618, 20.0, 2020-11-08 21:05:00, 2434041.583128078, 300.0 
 48.32779255003138, -123.7437169374866, 20.0, 2020-11-08 21:25:00, 286269.25362083834, 300.0 
 48.41956818921172, -123.69204772296001, 20.0, 2020-11-08 22:27:30, 715102.57643672, 300.0 
 48.40625184117694, -123.68046434412838, 20.0, 2020-11-08 22:30:00, 379291.3592647709, 150.0 
 48.28653847224088, -123.97374768561845, 43.07692307692308, 2020-11-08 22:32:30, 843248.7968245916, 300.0 
 48.361538307526885, -123.50591510972819, 21.379310344827584, 2020-11-08 22:45:00, 246968.6565304892, 150.0 
 48.373377327683144, -123.46829773809422, 33.07692307692307, 2020-11-08 22:47:30, 282230.23689853336, 150.0 
 48.20512131985473, -123.74279419323615, 33.87755102040816, 2020-11-08 22:50:00, 622058.1564628145, 300.0 
 48.33827974226024, -123.5533964918719, 20.0, 2020-11-08 22:55:00, 176154.81374471658, 150.0 
 48.32343674481182, -123.55159725047429, 20.0, 2020-11-08 23:02:30, 217168.40346122783, 150.0 
 48.31600742777893, -123.5841920437012, 20.0, 2020-11-08 23:05:00, 156248.32826902857, 150.0 
 48.3282650941972, -123.63462504878991, 20.0, 2020-11-08 23:12:30, 1119535.7557635002, 300.0 
 48.31334329493325, -123.61031990703754, 26.20689655172414, 2020-11-08 23:15:00, 253200.7778839048, 150.0 
 48.33728424603126, -123.52537873896009, 20.0, 2020-11-08 23:17:30, 160282.1598304063, 150.0 
 48.43490323317043, -123.41185694361464, 20.0, 2020-11-08 23:25:00, 236724.01510226176, 300.0 
 48.19269188520205, -123.73878383001544, 20.0, 2020-11-08 23:30:00, 507261.50891024707, 300.0 
 48.38211869349066, -123.68382634747499, 20.0, 2020-11-08 23:40:00, 177640.87180784807, 300.0 
 48.42808110607564, -123.68966122336397, 33.87755102040817, 2020-11-08 23:42:30, 198083.12933451255, 300.0 
 48.355527207826064, -123.61195648543162, 20.0, 2020-11-08 23:45:00, 217307.53224292982, 150.0 
 48.371465868968414, -123.59928931449953, 32.30769230769231, 2020-11-08 23:47:30, 258310.58416931788, 150.0 
 48.357193873143906, -123.49073061200517, 20.0, 2020-11-08 23:52:30, 72365.87724311296, 150.0 
 48.287796802246326, -123.48842640010866, 20.0, 2020-11-08 00:00:00, 1118726.5970387654, 300.0 
 48.20726286252856, -123.59787169412634, 43.84615384615384, 2020-11-08 00:02:30, 421232.20940411213, 150.0 
 48.362630964518544, -123.34854663001846, 46.92307692307692, 2020-11-08 00:10:00, 541631.1090014795, 300.0 
 48.41696558461595, -123.41411076241296, 45.38461538461539, 2020-11-08 00:12:30, 350556.55390644114, 150.0 
 48.307545032369205, -123.44009098658589, 57.24137931034482, 2020-11-08 00:15:00, 419066.76293486654, 150.0 
 48.23452573528425, -123.69273144229055, 20.0, 2020-11-08 00:17:30, 355791.5100296261, 150.0 
 48.24244849315217, -123.64346029949878, 30.76923076923077, 2020-11-08 00:25:00, 468912.7348874114, 150.0 
 48.23012693469567, -123.57787951892293, 20.000000000000004, 2020-11-08 00:27:30, 261136.89603654068, 150.0 
 48.20128300806171, -123.62559917493903, 20.0, 2020-11-08 00:30:00, 357067.04852771346, 150.0 
 48.183087551839726, -123.54358654265246, 20.0, 2020-11-08 00:32:30, 387949.2490234785, 150.0 
 48.211348431712814, -123.59474154783798, 26.206896551724135, 2020-11-08 00:35:00, 428619.461500242, 150.0 
 48.247121100234985, -123.48479982404055, 20.0, 2020-11-08 00:40:00, 278094.617480215, 150.0 
 48.23982559969438, -123.210791153222, 60.0, 2020-11-08 00:42:30, 235925.74919385137, 150.0 
 48.349613695695595, -123.46460449394777, 60.0, 2020-11-08 00:45:00, 118736.50438505862, 150.0 
 48.2436382511903, -123.6366818943412, 34.69387755102041, 2020-11-08 00:47:30, 359291.1017194836, 150.0 
 48.26469423975778, -123.72862846105097, 20.000000000000004, 2020-11-08 00:55:00, 42025.64160336411, 150.0 
 48.28525721854098, -123.81880833941567, 45.384615384615394, 2020-11-08 01:00:00, 473098.6226898511, 300.0 
 48.2250944829462, -123.39852885476185, 20.0, 2020-11-08 01:02:30, 295490.21439352166, 300.0 
 48.21150620951323, -123.61931073172869, 28.96551724137931, 2020-11-08 01:05:00, 114960.614336813, 150.0 
 48.181664152276525, -123.71059237432658, 27.586206896551722, 2020-11-08 01:15:00, 105102.3126582269, 150.0 
 48.23699938784016, -123.69454357996489, 20.0, 2020-11-08 01:17:30, 111775.1776271122, 150.0 
 48.168439615575714, -123.62605486639407, 23.448275862068964, 2020-11-08 01:20:00, 136537.42334019174, 150.0 
 48.21533246400608, -123.71079209048925, 46.92307692307693, 2020-11-08 01:30:00, 362166.11131460837, 150.0 
 48.31283238748104, -123.60618474174031, 24.13793103448276, 2020-11-08 01:32:30, 129941.03343128545, 150.0 
 48.326300632819674, -123.42314170753657, 20.0, 2020-11-08 01:35:00, 137890.90912105612, 150.0 
 48.26759746595082, -123.42480484659379, 20.0, 2020-11-08 01:37:30, 122286.9388412476, 150.0 
 48.15087515195234, -123.57659972333222, 20.0, 2020-11-08 01:45:00, 190177.07116954814, 300.0 
 48.28096984706025, -123.50945249079196, 20.0, 2020-11-08 01:47:30, 120499.20917794356, 150.0 
 48.22912347040969, -123.38923670072359, 20.0, 2020-11-08 01:50:00, 210254.79827367945, 150.0 
 48.26920017431678, -123.41985614266062, 34.69387755102041, 2020-11-08 01:52:30, 188279.3678842271, 150.0 
 48.2201389955579, -123.62102989268102, 30.769230769230774, 2020-11-08 01:55:00, 237742.24680599658, 150.0 
 48.23847460206051, -123.66502954222995, 20.0, 2020-11-08 01:57:30, 167097.46105822056, 150.0 
 48.23006872099057, -123.70323468588767, 20.0, 2020-11-08 02:00:00, 137189.7118664454, 150.0 
 48.08895264570801, -123.8061035681697, 53.103448275862064, 2020-11-08 02:02:30, 53587.38056081811, 150.0 
 48.196347750134024, -123.85901803900211, 20.0, 2020-11-08 02:15:00, 86843.08035419983, 150.0 
 48.41641930910339, -123.25745652367924, 60.0, 2020-11-08 02:20:00, 275353.8341394209, 150.0 
 48.248971159873214, -123.63599389255839, 20.0, 2020-11-08 02:22:30, 469483.6820591787, 150.0 
 48.24331110920963, -123.65021097971871, 20.0, 2020-11-08 02:25:00, 413748.8731470361, 150.0 
 48.222192457979546, -123.68981470185177, 20.0, 2020-11-08 02:32:30, 154895.6962905387, 150.0 
 48.18417056569578, -123.71854095300043, 20.0, 2020-11-08 02:40:00, 268543.49115689535, 300.0 
 48.22122087010845, -123.82068854365488, 20.0, 2020-11-08 02:42:30, 70655.21120478527, 150.0 
 48.20731638647323, -123.74774115462301, 32.24489795918367, 2020-11-08 02:50:00, 93972.55632722881, 150.0 
 48.21848573502882, -123.3937343467052, 37.14285714285714, 2020-11-08 02:52:30, 406089.8743119493, 300.0 
 48.212713182073244, -123.75935014955685, 20.0, 2020-11-08 02:55:00, 392900.97173549415, 300.0 
 48.20569958562399, -123.75267342429429, 20.0, 2020-11-08 02:57:30, 218411.48600431558, 150.0 
 48.25219468782671, -123.6261134562319, 37.14285714285714, 2020-11-08 03:02:30, 288895.01704544056, 150.0 
 48.246937519750574, -123.6390956238129, 20.0, 2020-11-08 03:07:30, 328756.27016517776, 150.0 
 48.227174332609934, -123.6995838810747, 20.0, 2020-11-08 03:10:00, 266231.25133141724, 150.0 
 48.21803140473202, -123.755603248917, 20.0, 2020-11-08 03:12:30, 258322.7454251562, 150.0 
 48.2524943634585, -123.75029477342483, 20.0, 2020-11-08 03:15:00, 192354.68188378014, 150.0 
 48.23040298102438, -123.68971121283333, 20.0, 2020-11-08 03:17:30, 552463.1975767014, 150.0 
 48.287625944722265, -123.41337221570177, 33.84615384615385, 2020-11-08 03:20:00, 319599.83732639207, 150.0 
 48.25936836079033, -123.47537231032922, 31.53846153846154, 2020-11-08 03:22:30, 187985.49864899743, 150.0 
 48.23480922965954, -123.93177880572081, 20.0, 2020-11-08 03:25:00, 202367.80546259246, 300.0 
 48.212488524559106, -123.46572099053121, 31.538461538461544, 2020-11-08 03:27:30, 719052.0797542568, 300.0 
 48.123421830144736, -123.46969122542059, 35.51020408163265, 2020-11-08 03:30:00, 430586.97451602854, 150.0 
 48.15127520293361, -123.40908470075519, 32.30769230769231, 2020-11-08 03:32:30, 535062.8941921185, 150.0 
 48.24032969343669, -123.35461087727614, 60.0, 2020-11-08 03:35:00, 531565.9585328621, 150.0 
 48.24968035137124, -123.55544829034525, 20.0, 2020-11-08 03:42:30, 455061.8832381379, 150.0 
 48.17723251142052, -123.42028139575744, 50.0, 2020-11-08 03:52:30, 351920.2664956865, 150.0 
 48.32812947603658, -123.0943065125081, 20.0, 2020-11-08 03:55:00, 596959.6394351616, 300.0 
 48.269804631630464, -123.55637479143454, 20.0, 2020-11-08 03:57:30, 375695.59612298093, 300.0 
 48.201998832293334, -123.67655932250167, 33.87755102040816, 2020-11-08 04:00:00, 341847.2647472558, 150.0 
 48.25249436345851, -123.75029477342483, 40.40816326530612, 2020-11-08 04:02:30, 178879.6034445791, 150.0 
 48.36404832749033, -123.11253156726838, 32.307692307692314, 2020-11-08 04:05:00, 423341.33905956044, 300.0 
 48.377158656146165, -123.10975187981275, 60.0, 2020-11-08 04:10:00, 529007.5301896483, 300.0 
 48.27528437235108, -123.41052162089348, 60.0, 2020-11-08 04:12:30, 497607.38139060105, 300.0 
 48.263048420957226, -123.58968448782403, 33.07692307692308, 2020-11-08 04:15:00, 224593.47459063446, 150.0 
 48.335365042396305, -123.04301708509286, 35.38461538461539, 2020-11-08 04:17:30, 818941.5283875391, 300.0 
 48.22146548126891, -123.1030472436492, 30.76923076923077, 2020-11-08 04:20:00, 606517.6103322513, 150.0 
 48.36454399508649, -123.12053027790287, 33.87755102040816, 2020-11-08 04:22:30, 626535.1995802029, 150.0 
 48.2079505088895, -123.88593195368195, 20.0, 2020-11-08 04:25:00, 886073.2371744378, 300.0 
 48.257029979756965, -123.6112928017422, 32.30769230769231, 2020-11-08 04:27:30, 915474.9189703979, 150.0 
 48.298593266701005, -123.30363920208117, 35.51020408163265, 2020-11-08 04:30:00, 741828.4431543051, 150.0 
 48.31236648553138, -123.28304948494628, 36.326530612244895, 2020-11-08 04:32:30, 597620.8305357462, 150.0 
 48.348362505126985, -123.1837470544064, 37.142857142857146, 2020-11-08 04:35:00, 676169.0430137531, 150.0 
 48.356354610542176, -123.28891684783922, 37.142857142857146, 2020-11-08 04:37:30, 582219.3322574747, 150.0 
 48.38846413986497, -123.49907356479049, 26.206896551724142, 2020-11-08 04:40:00, 433547.44241958286, 150.0 
 48.2785800094387, -123.36248101402283, 20.0, 2020-11-08 04:47:30, 554503.2712724892, 300.0 
 48.24232007250076, -123.25683036421478, 20.0, 2020-11-08 04:50:00, 307226.2347082248, 150.0 
 48.28700096176402, -123.20666800798955, 31.53846153846154, 2020-11-08 04:55:00, 599074.2711871121, 300.0 
 48.34829014936292, -123.35190961657534, 32.30769230769231, 2020-11-08 04:57:30, 301378.90615715884, 150.0 
 48.33573522618181, -123.23576217737069, 34.61538461538461, 2020-11-08 05:00:00, 321747.70634617377, 150.0 
 48.351671440400004, -123.31611546309122, 39.59183673469388, 2020-11-08 05:02:30, 280060.11181925656, 150.0 
 48.33037304243625, -123.15089901335953, 20.0, 2020-11-08 05:05:00, 221109.52474308544, 150.0 
 48.3030305511826, -123.55155450471709, 43.84615384615385, 2020-11-08 05:07:30, 500840.76833972044, 300.0 
 48.19554824486993, -123.45188425114178, 22.758620689655178, 2020-11-08 05:10:00, 251119.84583463278, 150.0 
 48.14345570190869, -123.35770082306283, 36.326530612244895, 2020-11-08 05:12:30, 214602.54385689477, 150.0 
 48.16938906081893, -123.582463590726, 60.0, 2020-11-08 05:15:00, 120648.16521155018, 150.0 
 48.32810560175561, -123.68784978991074, 20.0, 2020-11-08 05:20:00, 340008.7660643773, 150.0 
 48.24683288430974, -123.34710641171293, 24.827586206896555, 2020-11-08 05:22:30, 836726.9270954676, 300.0 
 48.20673634241064, -123.31655687053915, 41.22448979591836, 2020-11-08 05:25:00, 475712.01632003585, 150.0 
 48.24023852603044, -123.39271716295924, 33.07692307692308, 2020-11-08 05:27:30, 389512.2697054347, 150.0 
 48.28649475126046, -123.37586610712313, 35.51020408163265, 2020-11-08 05:30:00, 537011.8253554101, 150.0 
 48.31010953113379, -123.30586810219378, 20.0, 2020-11-08 05:32:30, 1088788.4511127074, 150.0 
 48.27027867393856, -123.40077305462034, 20.0, 2020-11-08 05:35:00, 1280328.7258214026, 150.0 
 48.167018106112764, -123.42660270465208, 20.0, 2020-11-08 05:37:30, 830838.8819903631, 150.0 
 48.13806991787674, -123.62831710270562, 42.85714285714286, 2020-11-08 05:42:30, 1193200.4285131928, 300.0 
 48.25207373224582, -123.16317657747732, 20.0, 2020-11-08 05:45:00, 1958789.1134410154, 300.0 
 48.23445623228535, -123.68044247099074, 23.448275862068968, 2020-11-08 05:47:30, 2564189.6387347127, 300.0 
 48.33468565230583, -123.25487410422333, 33.07692307692308, 2020-11-08 05:50:00, 3605166.135447908, 300.0 
 48.25305751155254, -123.63286365658882, 44.48979591836734, 2020-11-08 05:55:00, 3824077.8911637696, 300.0 
 48.26236413786669, -123.4378133978599, 38.775510204081634, 2020-11-08 05:57:30, 820764.4250224598, 150.0 
 48.19933206393081, -123.5187617293698, 20.0, 2020-11-08 06:00:00, 669139.0118179389, 150.0 
 48.17751786774966, -123.57006540398186, 20.0, 2020-11-08 06:02:30, 366745.85323493206, 150.0 
 48.14987298678261, -123.38825234575916, 33.87755102040816, 2020-11-08 06:05:00, 509646.0980686528, 150.0 
 48.23849727118538, -123.60233218384032, 33.07692307692308, 2020-11-08 06:07:30, 1194331.0406342738, 150.0 
 48.151110381945074, -123.55082420880933, 34.69387755102041, 2020-11-08 06:12:30, 723633.3439381721, 300.0 
 48.12074282142972, -123.55313711481406, 36.32653061224489, 2020-11-08 06:15:00, 599229.6962734195, 150.0 
 48.26264765971326, -123.11434943343366, 55.86206896551724, 2020-11-08 06:17:30, 950992.819118992, 300.0 
 48.07405778757513, -123.57100859812897, 20.0, 2020-11-08 06:20:00, 474859.5548063295, 300.0 
 48.17967405976237, -123.46935133194089, 53.103448275862064, 2020-11-08 06:25:00, 181420.50076490093, 150.0 
 48.23971136572715, -123.37859257325229, 43.6734693877551, 2020-11-08 06:27:30, 137233.4765089239, 150.0 
 48.34157154939723, -123.8342446882375, 20.0, 2020-11-08 06:40:00, 123447.33581844608, 150.0 
 48.27906679780047, -123.65648981721662, 20.0, 2020-11-08 06:45:00, 193554.46276539413, 150.0 
 48.303637770478105, -123.58108503586485, 25.51724137931034, 2020-11-08 06:47:30, 204077.9094729764, 150.0 
 48.31972194159297, -123.53159806896446, 20.0, 2020-11-08 06:50:00, 194875.44276261536, 150.0 
 48.28230588158361, -123.58386136926816, 20.0, 2020-11-08 06:55:00, 188352.5233425432, 150.0 
 48.22092941209337, -123.68430062725518, 25.384615384615387, 2020-11-08 06:57:30, 266065.13968448323, 150.0 
 48.18550515298614, -123.66449601180864, 20.0, 2020-11-08 07:00:00, 344955.524850292, 150.0 
 48.282718684983834, -123.4159218071409, 20.0, 2020-11-08 07:05:00, 760749.3706330182, 150.0 
 48.2981660258294, -123.3018014751251, 20.0, 2020-11-08 07:07:30, 537257.5086585982, 150.0 
 48.262762616025235, -123.49007026305877, 20.0, 2020-11-08 07:10:00, 465082.2682192314, 150.0 
 48.22496291104854, -123.54354329663086, 20.0, 2020-11-08 07:12:30, 326592.28045589983, 150.0 
 48.23664432656963, -123.57040340545207, 22.068965517241377, 2020-11-08 07:15:00, 275487.94294672296, 150.0 
 48.27293813507662, -123.53418906806641, 20.0, 2020-11-08 07:17:30, 144958.9490074977, 150.0 
 48.307640524839975, -123.45239835374257, 20.0, 2020-11-08 07:20:00, 102322.59791762153, 150.0 
 48.321370032424475, -123.42261589324428, 53.10344827586207, 2020-11-08 07:25:00, 173558.54258867993, 300.0 
 48.342043012487636, -123.84840198721137, 20.0, 2020-11-08 07:32:30, 156600.43083929882, 150.0 
 48.28643289855606, -123.7246753195966, 20.0, 2020-11-08 07:35:00, 102689.2189058756, 150.0 
 48.18654557147241, -123.22117173716728, 53.10344827586207, 2020-11-08 07:40:00, 342484.51141722465, 300.0 
 48.420553248953574, -123.26045339111636, 60.0, 2020-11-08 07:50:00, 339525.0691390161, 300.0 
 48.31275329048306, -123.59387638593006, 20.0, 2020-11-08 07:52:30, 259155.92781911857, 300.0 
 48.365560725028416, -123.876516926535, 45.38461538461538, 2020-11-08 08:02:30, 90290.58575317584, 150.0 
 48.313697575362795, -123.75696917226915, 20.0, 2020-11-08 08:05:00, 131924.51082471755, 150.0 
 48.33926261727492, -123.7006385348963, 36.326530612244895, 2020-11-08 08:22:30, 359629.41190765117, 300.0 
 48.351002087902856, -123.4855231324061, 20.0, 2020-11-08 08:30:00, 324854.3710869551, 150.0 
 48.34861702488217, -123.4960350477857, 20.0, 2020-11-08 08:32:30, 121358.65503980654, 150.0 
 48.380140217369856, -123.66931253779951, 53.793103448275865, 2020-11-08 08:35:00, 97379.32498348804, 150.0 
 48.41886105125347, -123.62254485360994, 35.38461538461539, 2020-11-08 08:37:30, 132269.30198485838, 150.0 
 48.35793409058266, -123.59630043073346, 28.461538461538467, 2020-11-08 08:40:00, 368008.2551704606, 150.0 
 48.12040449711172, -123.77266126036398, 20.0, 2020-11-08 09:07:30, 170514.89533124195, 300.0 
 48.37667887584814, -123.26692447240787, 22.75862068965517, 2020-11-08 09:10:00, 345606.59712660743, 300.0 
 48.30966929947668, -123.44928575152093, 20.0, 2020-11-08 09:30:00, 179775.42823538394, 150.0 
 48.41305334908499, -123.29329665966844, 27.692307692307693, 2020-11-08 09:35:00, 374712.4424873718, 150.0 
 48.267695646859536, -123.43710361073268, 34.61538461538462, 2020-11-08 09:40:00, 550875.3906160119, 300.0 
 48.286457577113865, -123.81202887693804, 20.0, 2020-11-08 09:45:00, 156752.76001329717, 150.0 
 48.289753062731236, -123.81445590057007, 20.0, 2020-11-08 09:47:30, 154045.22411478762, 150.0 
 48.27430284214079, -123.44190632327775, 34.61538461538462, 2020-11-08 09:50:00, 268830.838383716, 300.0 
 48.27369592942271, -123.72298542534196, 33.84615384615385, 2020-11-08 09:52:30, 110184.92757655054, 150.0 
 48.31086104093188, -123.68745030544339, 36.3265306122449, 2020-11-08 09:55:00, 182005.34065692057, 150.0 
 48.30846808876794, -123.56624641044547, 35.384615384615394, 2020-11-08 09:57:30, 138483.9408528925, 150.0 
 48.35899293596844, -123.784172675056, 20.0, 2020-11-08 10:05:00, 183558.48919923458, 300.0 
 48.28583602541481, -123.21346133534459, 60.0, 2020-11-08 10:07:30, 279895.48588616576, 300.0 
 48.28643289855606, -123.7246753195966, 20.0, 2020-11-08 10:10:00, 187890.2636977375, 300.0 
 48.30694260143553, -123.80258725169358, 20.0, 2020-11-08 10:17:30, 66350.33566738729, 150.0 
 48.36081693666721, -123.32886872841951, 20.0, 2020-11-08 10:37:30, 255142.66809049383, 300.0 
 48.29742567244997, -123.99649938481035, 60.0, 2020-11-08 10:45:00, 68347.62687182058, 150.0 
 48.30737218686487, -123.9041225042559, 20.0, 2020-11-08 11:00:00, 454707.14917091053, 300.0 
 48.34008067606272, -123.35206996741577, 46.15384615384615, 2020-11-08 11:07:30, 335309.1279618691, 300.0 
 48.33290408809877, -123.37745306366433, 60.0, 2020-11-08 11:12:30, 120170.06328057454, 150.0 
 48.49061248677982, -123.67527155636972, 55.17241379310346, 2020-11-08 11:40:00, 339937.6432626042, 300.0 
 48.32896972236789, -123.86330683907678, 38.775510204081634, 2020-11-08 11:42:30, 183267.4851625348, 150.0 
 48.338748121612866, -123.84597128525053, 60.0, 2020-11-08 11:45:00, 166381.6300337151, 150.0 
 48.28357103885213, -123.19197929392314, 60.0, 2020-11-08 11:47:30, 431877.8312080546, 300.0 
 48.22349306167153, -123.40347452794303, 22.068965517241377, 2020-11-08 11:50:00, 205970.12233055325, 150.0 
 48.248888998675156, -123.17308477325781, 20.0, 2020-11-08 11:52:30, 221014.135785743, 150.0 
 48.20569958562399, -123.75267342429429, 20.0, 2020-11-08 11:57:30, 359976.58056513703, 300.0 
 48.250814158508895, -123.74293639716412, 20.0, 2020-11-08 12:00:00, 42316.19530383275, 150.0 
 48.26979680588754, -123.85032963291609, 60.0, 2020-11-08 12:02:30, 55592.08014846955, 150.0 
 48.36653099471398, -123.11432073913421, 33.84615384615385, 2020-11-08 12:07:30, 346793.8929321452, 300.0 
 48.30560508644382, -123.30719042648909, 20.0, 2020-11-08 12:15:00, 277506.4813776708, 300.0 
 48.313824004467044, -123.13897748229249, 20.0, 2020-11-08 12:17:30, 151064.4093114593, 150.0 
 48.394841890482276, -123.81213972557029, 35.38461538461538, 2020-11-08 12:22:30, 252350.0029630913, 300.0 
 48.275276561182544, -123.26843721925744, 20.0, 2020-11-08 12:30:00, 250521.24276946878, 300.0 
 48.306019742343636, -123.7022848237008, 20.000000000000004, 2020-11-08 12:35:00, 100353.61028873475, 300.0 
 47.96823392082658, -123.41974529178285, 60.0, 2020-11-08 12:40:00, 209036.04189721632, 300.0 
 48.207543279257955, -123.5186278743535, 53.79310344827586, 2020-11-08 12:42:30, 185233.60765249922, 300.0 
 48.15317425406236, -123.44096491741401, 20.0, 2020-11-08 12:45:00, 187004.91963734364, 150.0 
 48.32029110894154, -123.76181736739926, 20.0, 2020-11-08 12:52:30, 247839.24342699023, 300.0 
 48.31415180553529, -123.44489925729005, 60.0, 2020-11-08 12:55:00, 478389.66168339807, 300.0 
 48.252052983615904, -123.43184576215296, 20.0, 2020-11-08 13:02:30, 168360.509407193, 150.0 
 48.129821449279206, -123.69099051031878, 60.0, 2020-11-08 13:07:30, 142153.9592343743, 300.0 
 48.18868836211472, -123.23033619345975, 59.99999999999999, 2020-11-08 13:12:30, 230123.96964455457, 300.0 
 48.07179815030921, -123.5404161397955, 45.38461538461539, 2020-11-08 13:15:00, 398294.4724934433, 300.0 
 48.422161319244054, -123.4485540108607, 20.0, 2020-11-08 13:25:00, 400799.7481975183, 150.0 
 48.27719645551139, -123.68727446095932, 23.44827586206896, 2020-11-08 13:30:00, 745147.67746874, 150.0 
 48.30200838656455, -123.52326309145586, 33.07692307692308, 2020-11-08 13:32:30, 550245.6205531198, 150.0 
 48.287843607696104, -123.68282946777992, 34.61538461538462, 2020-11-08 13:35:00, 829188.3333212533, 150.0 
 48.18299457776939, -123.65654725387444, 20.0, 2020-11-08 13:37:30, 666615.039602635, 150.0 
 48.214405633885846, -123.56029700569441, 32.244897959183675, 2020-11-08 13:40:00, 854676.294817822, 150.0 
 48.28021235065346, -123.57774225230175, 60.0, 2020-11-08 13:42:30, 636774.7887933474, 150.0 
 48.25115735287838, -123.47551098610072, 54.48275862068965, 2020-11-08 13:45:00, 1039848.0296006687, 150.0 
 48.24517265846008, -123.55674846175648, 20.0, 2020-11-08 13:47:30, 1303449.9462569964, 150.0 
 48.24646330239787, -123.56533335971099, 20.0, 2020-11-08 13:50:00, 1307164.4366310237, 150.0 
 48.246937519750574, -123.6390956238129, 20.0, 2020-11-08 13:52:30, 1710217.211766557, 150.0 
 48.30531029918936, -123.52567068018027, 49.230769230769226, 2020-11-08 13:55:00, 702980.8519003621, 150.0 
 48.25023678831085, -123.64150935328459, 34.69387755102041, 2020-11-08 13:57:30, 932342.806547949, 150.0 
 48.24573792626175, -123.7958555247631, 38.775510204081634, 2020-11-08 14:02:30, 294244.5587839647, 150.0 
 48.31476622264769, -123.47135628274023, 20.000000000000004, 2020-11-08 14:10:00, 413503.82670683716, 300.0 
 48.2747676074098, -123.50340048447936, 37.14285714285714, 2020-11-08 14:12:30, 499339.01085219096, 150.0 
 48.30195540088146, -123.46049775570953, 42.30769230769232, 2020-11-08 14:15:00, 638232.4606910205, 150.0 
 48.36060264302624, -123.13602982433507, 38.775510204081634, 2020-11-08 14:17:30, 603158.6078526749, 150.0 
 48.347871190328114, -123.17575050799186, 33.06122448979591, 2020-11-08 14:20:00, 589709.3619322834, 150.0 
 48.41707497245175, -123.28396368055505, 51.72413793103448, 2020-11-08 14:22:30, 394791.3379370618, 150.0 
 48.152971928346886, -123.36610726459656, 54.48275862068965, 2020-11-08 14:27:30, 665664.1207125158, 300.0 
 48.164006540958624, -123.46103009873958, 20.0, 2020-11-08 14:32:30, 556452.5455627678, 300.0 
 48.18363432991828, -123.45086103718275, 20.0, 2020-11-08 14:35:00, 289167.94126671966, 150.0 
 48.189232394350434, -123.60304221063578, 34.6938775510204, 2020-11-08 14:37:30, 137886.836025114, 150.0 
 48.28017988030425, -123.35752905507158, 59.99999999999999, 2020-11-08 14:42:30, 556601.8585808075, 300.0 
 48.216192700319425, -123.46688560078711, 53.103448275862064, 2020-11-08 14:47:30, 198950.9578396902, 150.0 
 48.16483782760374, -123.71202460773534, 27.586206896551722, 2020-11-08 14:52:30, 654278.6250264426, 300.0 
 48.25974811444468, -123.58727316003474, 26.89655172413793, 2020-11-08 14:55:00, 178457.83370311002, 150.0 
 48.09807224638625, -123.82500723058938, 35.38461538461539, 2020-11-08 14:57:30, 269152.4887280237, 300.0 
 48.34657778712156, -123.61863314875981, 44.61538461538462, 2020-11-08 15:00:00, 1017439.7925914848, 300.0 
 48.16651997239117, -123.71936906817584, 32.30769230769231, 2020-11-08 15:07:30, 729283.2756176076, 300.0 
 48.19310255275248, -123.86887021456425, 36.326530612244895, 2020-11-08 15:10:00, 564377.2228859076, 150.0 
 48.24162370846029, -123.64285679215226, 20.0, 2020-11-08 15:17:30, 1084351.2389223136, 150.0 
 48.23266447015651, -123.529290040061, 20.0, 2020-11-08 15:20:00, 643884.4536334161, 150.0 
 48.26370874452419, -123.56569043092392, 55.86206896551724, 2020-11-08 15:22:30, 1212833.4464113573, 150.0 
 48.204554645623105, -123.50271041811338, 46.92307692307692, 2020-11-08 15:25:00, 1653202.5474708271, 150.0 
 48.216760592920664, -123.60633443025334, 33.87755102040816, 2020-11-08 15:27:30, 1450142.9529193093, 150.0 
 48.23656026020198, -123.62079710863101, 20.0, 2020-11-08 15:30:00, 1008461.3364055624, 150.0 
 48.23283534998827, -123.5538681023445, 47.692307692307686, 2020-11-08 15:32:30, 646070.10040468, 150.0 
 48.29293500838345, -123.79227645433133, 20.689655172413794, 2020-11-08 15:35:00, 361570.5858678742, 150.0 
 48.27369592942271, -123.72298542534196, 33.84615384615385, 2020-11-08 15:37:30, 374090.8011946879, 150.0 
 48.31415180553529, -123.44489925729005, 20.0, 2020-11-08 15:47:30, 248320.66959956125, 150.0 
 48.20024121698681, -123.65693216282858, 20.0, 2020-11-08 15:50:00, 296427.39592976903, 150.0 
 48.314158956569784, -123.68987176568346, 45.30612244897959, 2020-11-08 15:52:30, 285786.4627594506, 150.0 
 48.29623203642838, -123.26984108752954, 20.000000000000004, 2020-11-08 16:05:00, 284644.47646495706, 300.0 
 48.221661637357684, -123.54113650685983, 20.0, 2020-11-08 16:17:30, 336351.4893193195, 300.0 
 48.330119057683454, -123.84420815510839, 20.0, 2020-11-08 16:20:00, 241918.1445843367, 300.0 
 48.37468429385948, -123.41548930491375, 48.46153846153847, 2020-11-08 16:25:00, 458895.07133738697, 300.0 
 48.34284354295523, -123.68027298351086, 32.307692307692314, 2020-11-08 16:27:30, 277796.7081118305, 150.0 
 48.214398920214876, -123.44725862492284, 60.0, 2020-11-08 16:32:30, 444343.90792428766, 300.0 
 48.19221534424439, -123.49984211884548, 33.87755102040816, 2020-11-08 16:35:00, 233350.06937230745, 150.0 
 48.47298723335382, -123.95147433305482, 35.38461538461539, 2020-11-08 16:37:30, 839493.6726000962, 300.0 
 48.27080231669042, -123.71933053479113, 34.61538461538462, 2020-11-08 16:40:00, 123028.44104190907, 150.0 
 48.26341620696768, -123.72003435260194, 20.0, 2020-11-08 16:42:30, 113271.80942377784, 150.0 
 48.305875656731935, -123.75275044133278, 35.51020408163265, 2020-11-08 16:45:00, 203413.012149381, 150.0 
 48.264183769758795, -123.63947161828908, 20.0, 2020-11-08 16:52:30, 432657.02842830407, 300.0 
 48.269969540209125, -123.5809713189643, 20.0, 2020-11-08 16:55:00, 134587.5724477364, 150.0 
 48.33328597989061, -123.47719582832632, 20.0, 2020-11-08 17:00:00, 365951.6150065946, 300.0 
 48.326812263121205, -123.54749559860316, 20.0, 2020-11-08 17:02:30, 247289.44142538917, 150.0 
 48.31113017034398, -123.73668908972817, 22.068965517241377, 2020-11-08 17:05:00, 226860.37240958965, 150.0 
 48.40215933733594, -123.31448641871829, 20.0, 2020-11-08 17:10:00, 353317.86072417925, 300.0 
 48.43884100334751, -123.33040683979745, 60.0, 2020-11-08 17:17:30, 640930.3175205647, 300.0 
 48.36976587438053, -123.72305545290327, 20.0, 2020-11-08 17:22:30, 318393.6415656939, 300.0 
 48.41783390565071, -123.15133018370344, 24.82758620689655, 2020-11-08 17:35:00, 427257.1666169624, 300.0 
 48.44736642921598, -123.14817623448778, 28.275862068965512, 2020-11-08 17:37:30, 223798.8716737385, 150.0 
 48.20822293039114, -123.29932649398684, 60.0, 2020-11-08 17:40:00, 374752.5599062841, 300.0 
 48.420715838745245, -123.2345382507755, 31.538461538461544, 2020-11-08 17:42:30, 224073.13433885327, 150.0 
 48.38206171714772, -123.36419767658914, 20.0, 2020-11-08 17:45:00, 150650.09885937732, 150.0 
 48.35861561142949, -123.1422394403877, 45.306122448979586, 2020-11-08 17:47:30, 230751.39231074118, 150.0 
 48.36676300344449, -123.56597538283704, 46.12244897959183, 2020-11-08 17:50:00, 329788.25763702154, 300.0 
 48.30291944533018, -123.73678380640737, 20.0, 2020-11-08 17:52:30, 250170.8264203462, 150.0 
 48.330938704758566, -123.55051016767202, 20.0, 2020-11-08 18:07:30, 274368.3582894691, 300.0 
 48.35932535907463, -123.34614773496625, 20.0, 2020-11-08 18:10:00, 171070.1952874262, 150.0 
 48.44244234494885, -123.1890198797686, 29.23076923076923, 2020-11-08 18:12:30, 296556.20317896135, 150.0 
 48.57026805958036, -123.24490139132605, 60.0, 2020-11-08 18:20:00, 494485.35715909983, 150.0 
 48.43082042192192, -123.0979677661245, 20.0, 2020-11-08 18:32:30, 723806.5812773922, 300.0 
 48.30103416512863, -123.44758911194027, 23.44827586206896, 2020-11-08 18:37:30, 231062.82154921393, 150.0 
 48.27027867393856, -123.40077305462034, 20.0, 2020-11-08 18:40:00, 234731.77577839466, 150.0 
 48.279923571925295, -123.28248613208251, 37.95918367346938, 2020-11-08 18:42:30, 220260.49032028392, 150.0 
 48.27828505717859, -123.37602154665042, 20.0, 2020-11-08 18:47:30, 286600.28074172954, 150.0 
 48.17781085603178, -123.39019455714168, 33.84615384615384, 2020-11-08 18:50:00, 905737.0107343342, 150.0 
 48.28918016998884, -123.5093199900467, 26.206896551724135, 2020-11-08 18:52:30, 1549848.9114398812, 150.0 
 48.24000749718041, -123.52241488694912, 32.30769230769231, 2020-11-08 18:55:00, 837322.4236461624, 150.0 
 48.467504668035474, -123.58914298664637, 60.0, 2020-11-08 19:02:30, 985243.1536549064, 150.0 
 48.21793693720439, -123.53689294254879, 44.61538461538462, 2020-11-08 19:05:00, 2404739.8817236274, 300.0 
 48.24509684664787, -123.60715724346862, 60.0, 2020-11-08 19:07:30, 1803617.4349368243, 150.0 
 48.27738068228929, -123.64913036043474, 20.0, 2020-11-08 19:10:00, 1449670.0554513806, 150.0 
 48.2544600991429, -123.47791433909009, 33.84615384615385, 2020-11-08 19:12:30, 599140.3548911223, 150.0 
 48.242333138728824, -123.6938609763048, 42.04081632653061, 2020-11-08 19:15:00, 555968.1211057103, 150.0 
 48.295836497427, -123.64580925940494, 20.0, 2020-11-08 19:17:30, 1152898.239904284, 150.0 
 48.18727055184317, -123.29790580133529, 20.0, 2020-11-08 19:25:00, 401225.49989315856, 300.0 
 48.270116708598465, -123.28761163440784, 20.000000000000004, 2020-11-08 19:27:30, 179982.33893135426, 150.0 
 48.270075318840505, -123.42660549994223, 43.673469387755105, 2020-11-08 19:35:00, 694789.7925870477, 300.0 
 48.17893348691396, -123.42761680550629, 48.46153846153847, 2020-11-08 19:40:00, 1047550.918300785, 300.0 
 48.247339268928634, -123.26655894718817, 20.0, 2020-11-08 19:42:30, 457992.5874519837, 150.0 
 48.04908582999658, -123.36563110751605, 60.00000000000001, 2020-11-08 19:45:00, 437486.765968233, 150.0 
 48.25522734952815, -123.32112012739698, 33.06122448979592, 2020-11-08 19:47:30, 595124.4677846456, 150.0 
 48.25637460665607, -123.45944006597608, 44.61538461538461, 2020-11-08 19:50:00, 471521.50677387905, 150.0 
 48.05222052378028, -123.55969622228855, 20.000000000000004, 2020-11-08 19:52:30, 213277.05330729316, 150.0 
 48.2977531000995, -123.2144283857952, 33.07692307692308, 2020-11-08 19:55:00, 672578.1318329775, 300.0 
 48.10812668698648, -123.30932844301178, 50.0, 2020-11-08 19:57:30, 382491.1908650628, 150.0 
 48.36907904584105, -123.12227063239467, 45.38461538461539, 2020-11-08 20:00:00, 1129588.7915578643, 300.0 
 48.34297007128095, -123.17832557511466, 48.46153846153847, 2020-11-08 20:02:30, 710234.7324680958, 150.0 
 48.38415389553849, -123.65384980774878, 34.61538461538461, 2020-11-08 20:05:00, 1811139.0308262801, 300.0 
 48.38012693808679, -123.24035479030628, 48.46153846153847, 2020-11-08 20:07:30, 2372031.0333825164, 300.0 
 48.327637551448674, -123.54809851241696, 49.230769230769226, 2020-11-08 20:12:30, 552845.3059092668, 150.0 
 48.25976973963607, -123.47413596489166, 44.61538461538461, 2020-11-08 20:15:00, 433908.4631643891, 150.0 
 48.21934078996732, -123.3027860657782, 58.62068965517241, 2020-11-08 20:17:30, 269708.3019022107, 150.0 
 48.352531841327064, -123.41773519954883, 30.769230769230766, 2020-11-08 20:20:00, 496271.7256670386, 150.0 
 48.50896990697428, -123.14982187715933, 20.0, 2020-11-08 20:25:00, 1192223.2272851015, 300.0 
 48.400527983962235, -123.46496521659977, 53.793103448275865, 2020-11-08 20:30:00, 329264.58121332736, 150.0 
 48.29125710210586, -123.22195575837716, 56.92307692307692, 2020-11-08 20:32:30, 354939.25325156795, 150.0 
 48.31228444019558, -123.4160075253609, 40.0, 2020-11-08 20:42:30, 1214217.345504821, 300.0 
 48.159686994054326, -123.38316168456572, 20.000000000000004, 2020-11-08 20:45:00, 787898.7389820704, 150.0 
 48.22479542762659, -123.41205441877142, 24.13793103448276, 2020-11-08 20:47:30, 1403844.2690732898, 150.0 
 48.26658654613101, -123.56626226938658, 20.0, 2020-11-08 20:50:00, 1312866.6902029142, 150.0 
 48.25885191806077, -123.46124199175675, 34.61538461538461, 2020-11-08 20:55:00, 2153193.52370078, 300.0 
 48.31276585191969, -123.28181042341105, 60.0, 2020-11-08 20:57:30, 1054315.556552533, 150.0 
 48.18164398635179, -123.57307213715444, 30.000000000000004, 2020-11-08 21:00:00, 1746216.2382742616, 300.0 
 48.30561349236316, -123.13916950750507, 54.48275862068965, 2020-11-08 21:02:30, 3636935.592159171, 300.0 
 48.32068034128203, -123.08894681963608, 60.0, 2020-11-08 21:05:00, 1615505.741421102, 150.0 
 48.30242769690751, -123.46849110542507, 22.75862068965517, 2020-11-08 21:07:30, 856149.9949860125, 150.0 
 48.24881825366846, -123.49214873999904, 44.48979591836734, 2020-11-08 21:10:00, 791590.319763367, 150.0 
 48.10794702884033, -123.74521505887891, 20.0, 2020-11-08 21:15:00, 775087.2019295611, 300.0 
 48.16665780229056, -123.24493228016446, 20.0, 2020-11-08 21:17:30, 1052575.3345082803, 300.0 
 48.272174376672154, -123.20207283184891, 27.58620689655173, 2020-11-08 21:40:00, 490820.50483481924, 300.0 
 48.28528610267683, -123.1993234057584, 28.275862068965516, 2020-11-08 21:42:30, 239000.86450522137, 150.0 
 48.19034311408956, -123.36723688331342, 46.92307692307693, 2020-11-08 21:45:00, 183339.9399425168, 150.0 
 48.41972646098353, -123.25985401762895, 20.0, 2020-11-08 21:55:00, 888200.4516709673, 300.0 
 48.425455272966275, -123.25788069706138, 20.0, 2020-11-08 21:57:30, 229530.4640471643, 150.0 
 48.1090769960655, -123.58887442061223, 20.0, 2020-11-08 22:02:30, 322335.44531557546, 300.0 
 48.24973840056641, -123.77429675498995, 57.931034482758626, 2020-11-08 22:05:00, 323340.22048501065, 300.0 
 48.451182811638446, -123.33324914444269, 20.0, 2020-11-08 22:20:00, 287323.85907704034, 300.0 
 48.12270973047452, -123.38078536399547, 58.62068965517241, 2020-11-08 22:25:00, 520271.72707986826, 300.0 
 48.09767762178818, -123.38247887061904, 20.0, 2020-11-08 22:32:30, 419148.6563114759, 300.0 
 48.19132698586737, -123.20632918332144, 32.30769230769231, 2020-11-08 22:35:00, 437591.3382559305, 150.0 
 48.16531695080568, -123.41926771704014, 35.51020408163265, 2020-11-08 22:37:30, 281475.94099357136, 150.0 
 48.09336358931257, -123.45855915302494, 35.51020408163265, 2020-11-08 22:40:00, 209100.01859432436, 150.0 
 48.227595243916234, -123.70142214492556, 20.0, 2020-11-08 22:42:30, 425942.3411981162, 300.0 
 48.3029824492706, -123.67401537906125, 46.92307692307693, 2020-11-08 22:52:30, 332155.22993903595, 150.0 
 48.336310454640824, -123.39216684139771, 31.538461538461544, 2020-11-08 23:00:00, 441277.09492487926, 300.0 
 48.34955895141669, -123.22129837716628, 60.0, 2020-11-08 23:20:00, 149613.36262241096, 150.0 
 48.41293338538853, -123.42343310797622, 20.0, 2020-11-08 23:27:30, 132652.70876935677, 150.0 
 48.58894074563606, -123.35837241141415, 53.103448275862064, 2020-11-08 23:40:00, 313108.4521869921, 300.0 
 48.20526661283419, -123.43451888028679, 20.0, 2020-11-08 23:50:00, 142842.78001457948, 150.0 
 48.28427173380469, -123.5118601399729, 60.0, 2020-11-08 23:55:00, 181071.09204528522, 150.0 
 48.34380399651154, -123.65995546068484, 20.0, 2020-11-09 00:02:30, 505900.13935888, 300.0 
 48.33842616734883, -123.64305507410029, 20.0, 2020-11-09 00:42:30, 284280.5489514662, 300.0 
 48.327778918422005, -123.65213334494727, 20.0, 2020-11-09 01:30:00, 1124007.603229277, 300.0 
 48.31853266021804, -123.61063909589257, 20.0, 2020-11-09 01:37:30, 802257.451643922, 300.0 
 48.31828331378628, -123.59601731850003, 20.0, 2020-11-09 01:40:00, 420252.71654532, 150.0 
 48.2646560459034, -123.64684111869542, 30.0, 2020-11-09 01:47:30, 258693.24202044724, 150.0 
 48.362588357990326, -123.48325298736816, 20.0, 2020-11-09 02:20:00, 186144.99129634452, 150.0 
 48.36405527332066, -123.5851826364473, 20.0, 2020-11-09 02:22:30, 160283.28307525345, 150.0 
 48.24129422446291, -123.76928676505685, 20.0, 2020-11-09 02:40:00, 253111.89315820616, 300.0 
 48.44909277038164, -123.75056875663303, 20.0, 2020-11-09 02:52:30, 267252.5158257237, 300.0 
 48.18423807269287, -123.94049339064891, 22.758620689655174, 2020-11-09 03:17:30, 249523.60053973197, 300.0 
 48.45200476187689, -123.64722940951367, 20.0, 2020-11-09 03:22:30, 111339.40972884002, 300.0 
 48.33423263617871, -123.53666157456122, 32.30769230769231, 2020-11-09 04:15:00, 163940.7718749223, 300.0 
 48.31089814788711, -123.59009499761382, 43.846153846153854, 2020-11-09 04:20:00, 235702.22958091847, 300.0 
 48.290188110958745, -123.67217001141194, 20.0, 2020-11-09 04:25:00, 193958.80663954132, 150.0 
 48.38876558125698, -123.56036466395777, 31.03448275862069, 2020-11-09 04:27:30, 258449.89134221573, 150.0 
 48.41668931927758, -123.51229336737617, 45.38461538461539, 2020-11-09 04:30:00, 320759.9641254703, 150.0 
 48.41120442530121, -123.7803207104989, 60.00000000000001, 2020-11-09 04:32:30, 292112.31596675183, 150.0 
 48.24486319592619, -123.68975212878732, 20.689655172413794, 2020-11-09 04:35:00, 410093.0382191354, 150.0 
 48.429196082009575, -123.62627821692907, 26.896551724137936, 2020-11-09 04:37:30, 257636.11715661295, 150.0 
 48.42670887474573, -123.62221976206646, 20.000000000000004, 2020-11-09 04:42:30, 229542.17218645528, 150.0 
 48.363789340862304, -123.59491613062944, 20.0, 2020-11-09 04:45:00, 562573.2235082283, 150.0 
 48.26024246571229, -123.76564967494143, 20.000000000000004, 2020-11-09 04:47:30, 161761.4657896895, 150.0 
 48.34388786789964, -123.53814648018749, 20.0, 2020-11-09 04:52:30, 179711.05543710483, 150.0 
 48.32343674481182, -123.55159725047429, 20.0, 2020-11-09 05:00:00, 138055.82240380772, 150.0 
 48.355352425529006, -123.71137516851562, 20.0, 2020-11-09 05:02:30, 154056.68196178932, 150.0 
 48.36300799821609, -123.69333698798822, 20.0, 2020-11-09 05:05:00, 205491.46891025171, 150.0 
 48.35557237253232, -123.70358945083294, 30.0, 2020-11-09 05:10:00, 57937.385668929695, 150.0 
 48.4524636573217, -123.65409587735468, 20.0, 2020-11-09 05:27:30, 71602.26196137299, 300.0 
 48.49896626465356, -123.31475325766138, 58.62068965517241, 2020-11-09 05:30:00, 213068.32355760003, 300.0 
 48.36095970870679, -123.5070055123632, 20.000000000000004, 2020-11-09 05:35:00, 113630.50806612654, 150.0 
 48.3665832666882, -123.5059916524521, 31.53846153846154, 2020-11-09 05:37:30, 110714.79425861433, 150.0 
 48.36833805397665, -123.6185959314583, 28.96551724137931, 2020-11-09 05:42:30, 243760.19035153213, 150.0 
 48.366933529077386, -123.49843767495256, 20.0, 2020-11-09 05:47:30, 220791.51930186801, 300.0 
 48.462715222119265, -123.365610976494, 33.07692307692308, 2020-11-09 06:02:30, 246353.38680571906, 300.0 
 48.4322546550857, -123.51322610846118, 20.0, 2020-11-09 06:05:00, 106597.55432075726, 150.0 
 48.427189702681474, -123.6046780755367, 30.769230769230766, 2020-11-09 06:07:30, 70186.3133696725, 150.0 
 48.39410846675158, -123.74213830303634, 29.23076923076923, 2020-11-09 06:10:00, 72661.83185617637, 150.0 
 48.41380496401617, -123.89078170757487, 20.0, 2020-11-09 06:20:00, 76769.9938628603, 300.0 
 48.40194669337577, -123.83046302027996, 29.230769230769234, 2020-11-09 06:22:30, 64013.474262354255, 150.0 
 48.452589927882386, -123.55448634551756, 20.0, 2020-11-09 06:25:00, 101815.19608361172, 150.0 
 48.3582582564294, -123.67743565408307, 20.0, 2020-11-09 06:30:00, 273318.5983768309, 300.0 
 48.311163179194125, -123.75726232920108, 20.0, 2020-11-09 06:32:30, 109852.77293358078, 150.0 
 48.34064209896995, -123.65683471788908, 20.0, 2020-11-09 06:35:00, 91027.68188603726, 150.0 
 48.264695511996884, -123.81361813539048, 56.55172413793103, 2020-11-09 06:40:00, 41470.42761584993, 150.0 
 48.34583111357357, -123.65715911801894, 20.0, 2020-11-09 06:45:00, 370786.6711846621, 300.0 
 48.343858246128434, -123.72721248845198, 20.0, 2020-11-09 06:47:30, 105506.10080505915, 150.0 
 48.16458772962154, -123.78434942816592, 20.0, 2020-11-09 06:50:00, 92518.99331551028, 150.0 
 48.511392884305096, -123.4182565730782, 46.15384615384615, 2020-11-09 06:55:00, 80990.96766499522, 150.0 
 48.280478877815206, -123.73970089457585, 20.0, 2020-11-09 07:00:00, 52286.43166905121, 150.0 
 48.205425372521916, -123.818481651453, 20.0, 2020-11-09 07:02:30, 87559.71283305282, 150.0 
 48.286385277729664, -123.57458070317395, 26.206896551724135, 2020-11-09 07:12:30, 234027.99857140743, 300.0 
 48.46586776878854, -123.56799415401825, 53.793103448275865, 2020-11-09 07:17:30, 64053.735831529666, 150.0 
 48.28296217913869, -123.74375294941781, 20.0, 2020-11-09 07:20:00, 117983.23223606792, 150.0 
 48.39628740631576, -123.47302637845885, 22.758620689655178, 2020-11-09 07:27:30, 220912.84298186516, 150.0 
 48.386066368731655, -123.56410296503086, 32.307692307692314, 2020-11-09 07:30:00, 144414.78734519173, 150.0 
 48.305752843687706, -123.67315581956687, 22.068965517241377, 2020-11-09 07:32:30, 147445.60066497364, 150.0 
 48.313981797857494, -123.58698878970657, 20.0, 2020-11-09 07:35:00, 183869.95380955984, 150.0 
 48.38416108118713, -123.45332555467701, 20.0, 2020-11-09 07:37:30, 302075.3528337826, 150.0 
 48.300807574474845, -123.58992399083827, 38.775510204081634, 2020-11-09 07:42:30, 418825.97102504544, 150.0 
 48.36135474106795, -123.58891614324796, 20.0, 2020-11-09 07:47:30, 806498.6525963696, 150.0 
 48.55723473389883, -123.71745304386397, 24.82758620689655, 2020-11-09 07:52:30, 1901733.058642776, 300.0 
 48.5029400785767, -123.73058580206742, 20.0, 2020-11-09 07:55:00, 1701389.0773217361, 300.0 
 48.257627876652144, -123.63539902179171, 21.379310344827584, 2020-11-09 08:00:00, 3061241.4220116716, 300.0 
 48.34367846369551, -123.54592885767184, 20.0, 2020-11-09 08:17:30, 689816.7667107185, 150.0 
 48.53065032555318, -123.37634438912731, 46.92307692307692, 2020-11-09 09:00:00, 181926.67858525156, 150.0 
 48.392987641813534, -124.04060499585557, 60.0, 2020-11-09 09:27:30, 75105.92879786706, 300.0 
 48.48875123807878, -123.68080906237314, 32.307692307692314, 2020-11-09 09:32:30, 54023.712773826155, 150.0 
 48.39117993305972, -123.75365619787448, 30.0, 2020-11-09 09:35:00, 173880.13814778504, 150.0 
 48.348776445252135, -123.66806119249122, 20.0, 2020-11-09 09:40:00, 335864.70772253675, 300.0 
 48.39359120743671, -123.84941941219836, 37.95918367346938, 2020-11-09 09:42:30, 128618.76977099308, 150.0 
 48.38215943376559, -123.4419506927438, 20.0, 2020-11-09 09:45:00, 253848.07013351697, 300.0 
 48.34573059284529, -123.50662056435873, 20.0, 2020-11-09 09:47:30, 129395.48190152868, 150.0 
 48.39670577323605, -123.55499375180266, 25.517241379310345, 2020-11-09 09:50:00, 161529.40778770443, 150.0 
 48.41516211462764, -123.44682194717612, 20.0, 2020-11-09 09:55:00, 71056.37983497998, 150.0 
 48.36002019476065, -123.63758230361333, 20.0, 2020-11-09 09:57:30, 88170.38183851955, 150.0 
 48.3994446643955, -123.64491702669665, 22.75862068965517, 2020-11-09 10:02:30, 133283.9216885185, 150.0 
 48.3999692046218, -123.45260571678627, 20.0, 2020-11-09 10:10:00, 218942.35308365387, 300.0 
 48.371356963608804, -123.69679223949316, 20.0, 2020-11-09 10:12:30, 94523.21237913203, 150.0 
 48.48285984201815, -123.61203131424497, 20.0, 2020-11-09 10:22:30, 90300.80578771207, 300.0 
 48.4550788981523, -123.55854527170212, 52.41379310344828, 2020-11-09 10:25:00, 32477.68567414257, 150.0 
 48.35796109129814, -123.6179562805998, 20.0, 2020-11-09 10:30:00, 200872.15126987378, 300.0 
 48.36793748276313, -123.72582377011666, 19.999999999999996, 2020-11-09 10:32:30, 37282.627978467455, 150.0 
 48.42989061125011, -123.60094022527495, 20.0, 2020-11-09 10:50:00, 43289.055926196634, 150.0 
 48.418672481486134, -123.70077641641387, 33.84615384615385, 2020-11-09 10:55:00, 37638.05694617568, 150.0 
 48.44954422154896, -123.66563406100713, 30.769230769230766, 2020-11-09 11:10:00, 62708.396186070546, 300.0 
 48.27369070006236, -123.96896764667697, 20.0, 2020-11-09 11:12:30, 118632.5209957634, 300.0 
 48.416564602236356, -123.5893784376621, 20.0, 2020-11-09 11:17:30, 148027.27318574477, 300.0 
 48.42402700721359, -123.60155401299214, 20.0, 2020-11-09 11:20:00, 41465.751841004516, 150.0 
 48.50263340316736, -123.43045300931716, 53.793103448275865, 2020-11-09 11:22:30, 29091.385627221047, 150.0 
 48.373984032537365, -123.80910215968504, 19.999999999999996, 2020-11-09 11:32:30, 52350.83764083107, 300.0 
 48.36909169195736, -123.6849486092971, 27.692307692307693, 2020-11-09 11:47:30, 157317.44000185074, 300.0 
 48.412639878015725, -123.54230425680362, 20.0, 2020-11-09 11:50:00, 66440.67168046658, 150.0 
 48.38902815360568, -123.55062472178936, 20.0, 2020-11-09 11:52:30, 82286.75569755246, 150.0 
 48.38197650759591, -123.52288668742523, 19.999999999999996, 2020-11-09 11:55:00, 78886.98433700188, 150.0 
 48.50142045234827, -123.5017426680572, 20.0, 2020-11-09 12:00:00, 95826.36081930743, 150.0 
 48.51059841435918, -123.47394007699786, 20.0, 2020-11-09 12:02:30, 107876.16296347772, 150.0 
 48.407335899113306, -123.64150926916503, 20.0, 2020-11-09 12:07:30, 76176.81176589684, 150.0 
 48.45483403191329, -123.84373269971209, 60.0, 2020-11-09 12:10:00, 306980.8181532309, 150.0 
 48.357961091298144, -123.61795628059978, 21.379310344827584, 2020-11-09 12:17:30, 449328.5875577785, 300.0 
 48.45516603487675, -123.6503584257263, 33.07692307692308, 2020-11-09 12:20:00, 59995.62921758903, 150.0 
 48.44158206445851, -123.57725775798676, 20.0, 2020-11-09 12:30:00, 83984.43880491746, 150.0 
 48.3470811648432, -123.90579049487674, 20.0, 2020-11-09 12:35:00, 47957.851333326216, 150.0 
 48.39091982886877, -123.42978362614272, 20.0, 2020-11-09 12:45:00, 203923.27275931113, 300.0 
 48.35754364439703, -123.48317650793138, 20.0, 2020-11-09 12:47:30, 91671.82709203295, 150.0 
 48.36118779956968, -123.51346902394064, 30.76923076923077, 2020-11-09 12:50:00, 86469.13284757471, 150.0 
 48.41913651576409, -123.41875133514803, 42.04081632653061, 2020-11-09 12:52:30, 75934.47192033258, 150.0 
 48.356869364487224, -123.4841112189219, 20.000000000000004, 2020-11-09 13:02:30, 82097.40410819558, 150.0 
 48.36860656685765, -123.5031876381439, 20.0, 2020-11-09 13:07:30, 213039.31342213828, 300.0 
 48.330481220914606, -123.64840474589163, 20.0, 2020-11-09 13:10:00, 193551.54768941787, 150.0 
 48.33566971526146, -123.64872900385369, 45.384615384615394, 2020-11-09 13:15:00, 592011.1100083984, 300.0 
 48.36384255991408, -123.59296944052997, 28.461538461538463, 2020-11-09 13:17:30, 317320.90936745895, 150.0 
 48.37130601645247, -123.6051293323761, 20.0, 2020-11-09 13:22:30, 246964.9922268976, 150.0 
 48.338744690262594, -123.56024528691182, 20.0, 2020-11-09 13:25:00, 60431.49408201216, 150.0 
 48.30756192988631, -123.67813930233251, 25.51724137931034, 2020-11-09 13:30:00, 70034.20431509889, 150.0 
 48.55763026192002, -123.60982410709836, 20.0, 2020-11-09 13:55:00, 53626.84551620927, 300.0 
 48.54684593485057, -123.60034613369116, 42.04081632653062, 2020-11-09 14:00:00, 27873.546000065406, 150.0 
 48.47304161448873, -123.37221289045502, 37.14285714285714, 2020-11-09 14:02:30, 32869.54978025486, 150.0 
 48.40014011155979, -123.73569851583072, 32.30769230769231, 2020-11-09 14:20:00, 164858.38887962635, 300.0 
 48.463471294798055, -123.74759198329917, 20.0, 2020-11-09 14:22:30, 125549.69496122867, 150.0 
 48.44982688151047, -123.38328321780767, 20.0, 2020-11-09 14:25:00, 90353.90218294525, 300.0 
 48.37831423088809, -123.72648553078052, 26.89655172413793, 2020-11-09 14:57:30, 310141.1281318467, 300.0 
 48.335848855907074, -123.84655531207427, 24.82758620689655, 2020-11-09 15:00:00, 647618.8004749937, 300.0 
 48.54854052919749, -123.4135702852546, 20.0, 2020-11-09 15:12:30, 273688.5770854261, 300.0 
 48.407363524225644, -123.4564935726664, 20.0, 2020-11-09 15:15:00, 91905.94597252755, 150.0 
 48.42196537512604, -123.58190245614902, 20.0, 2020-11-09 16:17:30, 290745.5753732872, 300.0 
 48.53310859042485, -123.57993335472784, 46.15384615384616, 2020-11-09 16:45:00, 350876.8096138346, 300.0 
 48.42350226796776, -123.89241171259702, 25.384615384615387, 2020-11-09 17:15:00, 426682.803904055, 150.0 
 48.57760327828268, -123.42016015126595, 47.755102040816325, 2020-11-09 17:20:00, 890032.4198330131, 300.0 
 48.44724958101865, -123.63130167692759, 20.000000000000004, 2020-11-09 17:27:30, 412226.0862914715, 300.0 
 48.41222680767743, -123.53349866877022, 20.0, 2020-11-09 17:47:30, 773619.5053596463, 300.0 
 48.468882791481384, -123.74012785377568, 20.0, 2020-11-09 17:50:00, 1386558.2910148734, 300.0 
 48.303232429244645, -123.69344525454554, 30.769230769230777, 2020-11-09 17:55:00, 500856.7792039635, 300.0 
 48.28899902882647, -123.62148199043948, 20.0, 2020-11-09 18:10:00, 614209.1790745204, 300.0 
 48.582838462477795, -123.84345932411388, 20.0, 2020-11-09 18:15:00, 1064185.0008627202, 300.0 
 48.39360647580391, -123.75966617735632, 20.0, 2020-11-09 18:45:00, 811988.910605746, 150.0 
 48.448868929720504, -124.04063220394379, 22.06896551724138, 2020-11-09 18:47:30, 927257.4672392259, 150.0 
 48.145331715422714, -123.80371502323905, 43.84615384615385, 2020-11-09 19:00:00, 529323.6037721456, 150.0 
 48.25881518492562, -123.65560979394692, 26.896551724137932, 2020-11-09 19:07:30, 920733.7405536618, 150.0 
 48.40545733310662, -123.44527434635847, 20.0, 2020-11-09 19:10:00, 499179.4065105273, 150.0 
 48.352387176135096, -123.79209077972399, 20.0, 2020-11-09 19:20:00, 168953.83976474285, 150.0 
 48.47018971174124, -123.78514827399115, 34.61538461538461, 2020-11-09 19:30:00, 456188.84746069275, 300.0 
 48.43162409960144, -123.42278028775776, 20.0, 2020-11-09 20:32:30, 243943.76392115673, 150.0 
 48.4568930126304, -123.56353987425237, 20.0, 2020-11-09 20:50:00, 798085.0247028401, 300.0 
 48.57433752870805, -124.03871766840336, 20.0, 2020-11-09 21:45:00, 617802.4216525414, 300.0 
 48.49505441268185, -123.8014436558034, 43.84615384615385, 2020-11-09 21:47:30, 364429.7566875274, 150.0 
 48.24987819453677, -123.94009654689759, 20.0, 2020-11-09 22:00:00, 937579.9784717523, 300.0 
 48.40555109505775, -123.728243095972, 20.0, 2020-11-09 22:22:30, 598848.7383180843, 150.0 
 48.410308284009545, -123.62803721681438, 20.0, 2020-11-09 22:30:00, 385811.59288865566, 150.0 
 48.398577418046415, -123.67608108666731, 24.827586206896548, 2020-11-09 22:32:30, 380385.70086920785, 150.0 
 48.442939087559694, -123.47774663700173, 20.0, 2020-11-09 22:45:00, 643922.240655234, 150.0 
 48.358014505710536, -123.61600964292214, 20.0, 2020-11-09 22:47:30, 663324.3361110565, 150.0 
 48.17723804461893, -124.04106314498085, 30.0, 2020-11-09 22:52:30, 410204.94639754074, 300.0 
 48.30247686691578, -123.5946707524472, 20.0, 2020-11-09 22:55:00, 418702.86485659814, 300.0 
 48.298397424924055, -123.86062791690495, 25.517241379310345, 2020-11-09 22:57:30, 322403.81444135396, 150.0 
 48.48804791803076, -123.6123527897925, 51.724137931034484, 2020-11-09 23:00:00, 476012.41764364264, 300.0 
 48.47365713936425, -123.86647556337765, 28.275862068965516, 2020-11-09 23:12:30, 560285.1076334502, 300.0 
 48.46511138778901, -123.59967585068689, 60.0, 2020-11-09 00:05:00, 296288.1527598165, 150.0 
 48.414036942676, -123.57451234559845, 56.55172413793103, 2020-11-09 00:45:00, 141207.82413397403, 150.0 
 48.392904076929, -123.48852239337988, 51.724137931034484, 2020-11-09 00:47:30, 95102.64595780385, 150.0 
 48.25746974690692, -123.76007369541786, 60.0, 2020-11-09 01:20:00, 523718.44159294013, 300.0 
 48.36372394548663, -123.74469515201739, 20.0, 2020-11-09 01:42:30, 348773.902730065, 150.0 
 48.311613486610234, -123.75083838454232, 40.40816326530612, 2020-11-09 01:45:00, 294313.9113432338, 150.0 
 48.12748631150376, -123.71371276227129, 20.0, 2020-11-09 01:50:00, 195164.66038931295, 150.0 
 48.19312968861648, -123.51272164241112, 20.0, 2020-11-09 01:52:30, 182188.30802956052, 150.0 
 48.25564114545523, -123.47113215119427, 32.30769230769231, 2020-11-09 01:55:00, 117555.59484541704, 150.0 
 48.25885191806077, -123.46124199175674, 30.76923076923077, 2020-11-09 01:57:30, 142253.93300602192, 150.0 
 48.38501220723566, -123.81717209251384, 36.326530612244895, 2020-11-09 02:00:00, 316210.69113564095, 300.0 
 48.243910534157706, -123.49468950022776, 20.0, 2020-11-09 02:02:30, 314995.02751197334, 300.0 
 48.22400234649462, -123.4679786724087, 30.769230769230774, 2020-11-09 02:05:00, 216029.6628253809, 150.0 
 48.26455011670768, -123.50971649704057, 36.326530612244895, 2020-11-09 02:12:30, 629279.1882397727, 300.0 
 48.232630187243906, -123.41621285209553, 37.14285714285714, 2020-11-09 02:15:00, 160204.3150617064, 150.0 
 48.30870740651258, -123.60316677690028, 42.85714285714286, 2020-11-09 02:17:30, 175081.29037674592, 150.0 
 48.38659136754771, -123.64950285759957, 53.79310344827585, 2020-11-09 02:25:00, 171574.43360777534, 150.0 
 48.264475025119125, -123.85406786939792, 20.0, 2020-11-09 02:35:00, 214938.82766039006, 300.0 
 48.285111244786194, -123.35805021534478, 20.0, 2020-11-09 03:02:30, 106796.95152116698, 300.0 
 48.3524279062421, -123.63518215496046, 20.0, 2020-11-09 03:05:00, 84513.2956854152, 150.0 
 48.166796008752414, -123.86174963148332, 20.0, 2020-11-09 03:22:30, 223763.2719461842, 300.0 
 48.23638948057321, -123.53353288233076, 29.230769230769234, 2020-11-09 04:22:30, 113647.83462734385, 150.0 
 48.24973840056641, -123.77429675498995, 42.06896551724138, 2020-11-09 04:40:00, 219411.25589406924, 150.0 
 48.38792867316829, -123.66736104153787, 20.0, 2020-11-09 04:50:00, 226387.65729753335, 150.0 
 48.370844605444226, -123.86352964479545, 53.103448275862064, 2020-11-09 04:55:00, 150447.5724155126, 150.0 
 48.30424164578618, -123.4376868512338, 25.51724137931034, 2020-11-09 04:57:30, 275414.52824236185, 300.0 
 48.347526167662636, -123.40796862417125, 33.07692307692308, 2020-11-09 05:07:30, 95912.34189639665, 150.0 
 48.339581751580965, -123.49556916913498, 35.38461538461539, 2020-11-09 05:32:30, 89455.55891212494, 150.0 
 48.44574090134032, -123.80976654120623, 43.673469387755105, 2020-11-09 05:40:00, 217525.71794135933, 150.0 
 48.15216784922494, -123.65082531213942, 35.38461538461539, 2020-11-09 05:45:00, 83834.03444384503, 150.0 
 48.26910330771518, -123.57421918953061, 60.0, 2020-11-09 05:50:00, 45960.76976977145, 150.0 
 48.173387562704995, -123.26197557762393, 60.0, 2020-11-09 06:00:00, 122683.10608502536, 300.0 
 48.240238526030446, -123.39271716295923, 45.38461538461539, 2020-11-09 06:15:00, 70769.93724736499, 300.0 
 48.04559881328994, -123.94676856600569, 34.693877551020414, 2020-11-09 06:35:00, 131088.44607165578, 300.0 
 48.23949036690889, -123.77748128510882, 20.0, 2020-11-09 06:37:30, 48258.37212859063, 150.0 
 48.35503840171027, -123.47621546886674, 53.10344827586207, 2020-11-09 06:52:30, 144753.69397644777, 300.0 
 48.243053883535396, -123.67603053462224, 42.857142857142854, 2020-11-09 06:57:30, 174612.35990483238, 300.0 
 48.23679473724561, -123.91332493932146, 36.326530612244895, 2020-11-09 07:07:30, 97154.73026366404, 300.0 
 48.51358422302226, -123.60452827806512, 41.224489795918366, 2020-11-09 07:10:00, 191552.97491508923, 300.0 
 48.55640169481269, -123.62370091534595, 60.0, 2020-11-09 07:12:30, 266352.2140226936, 300.0 
 48.39423319559307, -123.56001080526877, 34.69387755102041, 2020-11-09 07:15:00, 49657.60378614802, 150.0 
 48.24440449666945, -123.77496951482686, 60.0, 2020-11-09 07:17:30, 84868.67357253807, 300.0 
 48.27657112026178, -123.80474780604192, 39.59183673469388, 2020-11-09 07:22:30, 187022.87257034768, 150.0 
 48.384849781296325, -123.51022754697968, 33.07692307692308, 2020-11-09 07:25:00, 201519.39293352887, 150.0 
 48.36225566375088, -123.56727524815817, 26.896551724137932, 2020-11-09 07:40:00, 408020.16029088426, 150.0 
 48.30953240270627, -123.60377036986827, 20.0, 2020-11-09 07:45:00, 333939.8568737635, 150.0 
 48.25902342800371, -123.74284039344764, 28.461538461538463, 2020-11-09 07:50:00, 250173.3826610767, 150.0 
 48.1994781595989, -123.82459578835162, 39.59183673469388, 2020-11-09 07:52:30, 371392.522207761, 150.0 
 48.43775754224734, -123.86228777257674, 33.846153846153854, 2020-11-09 07:57:30, 907659.0347160683, 150.0 
 48.26080876059174, -123.62476372301921, 20.0, 2020-11-09 08:02:30, 1454743.184089276, 150.0 
 48.27726471464395, -123.69957348381581, 20.689655172413794, 2020-11-09 08:05:00, 646359.2051898253, 150.0 
 48.28610927216262, -123.82556717472258, 33.846153846153854, 2020-11-09 08:07:30, 712333.8928169652, 150.0 
 48.214991855344465, -123.58670360544681, 20.0, 2020-11-09 08:10:00, 1800334.668090616, 150.0 
 48.306036577783836, -123.45734996964487, 20.0, 2020-11-09 08:12:30, 712399.834295993, 150.0 
 48.40793868152401, -123.58385054515257, 36.326530612244895, 2020-11-09 08:15:00, 753813.9550146458, 150.0 
 48.30540742173781, -123.60075240502825, 20.0, 2020-11-09 08:20:00, 768099.3185355666, 150.0 
 48.2971174695742, -123.58856332201475, 20.0, 2020-11-09 08:22:30, 613346.4596331548, 150.0 
 48.2577628454074, -123.48031769207944, 20.0, 2020-11-09 08:25:00, 406637.5206111969, 150.0 
 48.23033321805277, -123.6774228389969, 30.0, 2020-11-09 08:32:30, 673284.6764131222, 300.0 
 48.24803845066769, -123.49769489959033, 20.0, 2020-11-09 08:35:00, 251103.22964877015, 150.0 
 48.2580722764102, -123.46678777380869, 20.0, 2020-11-09 08:37:30, 216551.97662089378, 150.0 
 48.26969916119967, -123.43091742760289, 34.69387755102041, 2020-11-09 08:40:00, 225651.40723965893, 150.0 
 48.28353610441485, -123.23012427384845, 52.30769230769231, 2020-11-09 08:42:30, 190090.7032381343, 150.0 
 48.15007756894487, -123.64471795442202, 60.0, 2020-11-09 08:45:00, 255091.2740052946, 300.0 
 48.04017925517542, -123.48396442710471, 60.0, 2020-11-09 08:47:30, 96061.42705608651, 150.0 
 48.23533221655195, -123.39526679394228, 20.0, 2020-11-09 08:50:00, 183421.18387077353, 150.0 
 48.40631425794777, -123.14913282809671, 37.14285714285714, 2020-11-09 08:55:00, 334352.4841732487, 300.0 
 48.483812958828935, -123.0627065486615, 60.0, 2020-11-09 08:57:30, 125759.04792901603, 150.0 
 48.40604403397171, -123.16270712047663, 30.0, 2020-11-09 09:02:30, 181632.47472595883, 150.0 
 48.47662986309836, -123.19997771961954, 27.58620689655172, 2020-11-09 09:05:00, 148909.49075592624, 150.0 
 48.42006601651448, -123.39184392995206, 44.61538461538461, 2020-11-09 09:07:30, 101168.37852028008, 150.0 
 48.17928594064488, -123.80822433955191, 43.67346938775509, 2020-11-09 09:17:30, 433297.8340474614, 300.0 
 48.54603646973598, -123.2441812108306, 33.84615384615384, 2020-11-09 09:20:00, 198674.79267114284, 300.0 
 48.604233790224, -123.03615626142219, 60.0, 2020-11-09 09:22:30, 131357.62182948284, 150.0 
 48.528790868863425, -123.54497033477887, 44.61538461538463, 2020-11-09 09:30:00, 146079.69584301297, 300.0 
 48.38792867316829, -123.66736104153787, 26.89655172413793, 2020-11-09 09:52:30, 156121.845272315, 150.0 
 48.34632704682468, -123.64450587624437, 29.230769230769234, 2020-11-09 10:00:00, 113518.60597096386, 150.0 
 48.39246342327993, -123.60318771219374, 42.85714285714286, 2020-11-09 10:05:00, 119698.52763044443, 150.0 
 48.374734452898885, -123.65767183285026, 20.0, 2020-11-09 10:15:00, 110852.91271046527, 150.0 
 48.4443924557456, -123.63514520802781, 20.0, 2020-11-09 10:17:30, 91544.54524487731, 150.0 
 48.465813489220686, -123.58175868467062, 20.0, 2020-11-09 10:37:30, 171917.2171095714, 300.0 
 48.39821202048037, -123.43109018250331, 24.82758620689655, 2020-11-09 10:40:00, 75138.48795531946, 150.0 
 48.33618717779404, -123.48084297975872, 20.0, 2020-11-09 10:47:30, 184169.5824084495, 300.0 
 48.42121839329832, -123.6058576673968, 20.0, 2020-11-09 10:52:30, 54565.44444254958, 150.0 
 48.33341386987165, -123.84663903602149, 20.0, 2020-11-09 11:27:30, 83416.92260671328, 300.0 
 48.35396366039681, -123.6179142866363, 20.0, 2020-11-09 11:57:30, 149249.21823221163, 150.0 
 48.38092837267575, -123.6637545271148, 20.0, 2020-11-09 12:05:00, 85866.89133972101, 150.0 
 48.236474842923236, -123.54582209398282, 60.0, 2020-11-09 12:10:00, 195741.13834499673, 300.0 
 48.46581348922069, -123.58175868467062, 28.275862068965512, 2020-11-09 12:12:30, 143246.50162178793, 150.0 
 48.28945674921354, -123.6778860692125, 46.15384615384615, 2020-11-09 12:22:30, 81166.11648171161, 150.0 
 48.2921889522491, -123.6538555770218, 26.89655172413793, 2020-11-09 12:25:00, 177920.218562354, 150.0 
 48.32410492269912, -123.5715521943936, 21.379310344827584, 2020-11-09 12:27:30, 74126.67332071273, 150.0 
 48.41097503062535, -123.6090897514787, 42.04081632653061, 2020-11-09 12:32:30, 93300.96347166394, 150.0 
 48.296668312785805, -123.89621246895604, 20.0, 2020-11-09 12:37:30, 61578.96726795986, 150.0 
 48.24141055999152, -123.83708018757643, 20.0, 2020-11-09 12:40:00, 82327.17237158398, 150.0 
 48.374591832057334, -123.57017077737191, 29.230769230769234, 2020-11-09 12:55:00, 105977.51415525124, 150.0 
 48.42899757037241, -123.54097203060368, 26.206896551724135, 2020-11-09 12:57:30, 112009.16118331811, 150.0 
 48.32664040225035, -123.5228711739912, 20.0, 2020-11-09 13:00:00, 126886.97619433061, 150.0 
 48.40550346627843, -123.5882021495207, 20.0, 2020-11-09 13:20:00, 141913.11159691555, 150.0 
 48.378087771648175, -123.82895402176206, 53.103448275862064, 2020-11-09 13:27:30, 53031.098016466574, 150.0 
 48.43324454938451, -123.69452560603061, 20.0, 2020-11-09 13:42:30, 94085.54432780974, 300.0 
 48.35773217807928, -123.45214843492789, 20.0, 2020-11-09 13:47:30, 53736.80077785337, 300.0 
 48.43195174065623, -124.11033347109414, 53.79310344827587, 2020-11-09 13:55:00, 118052.85021286039, 300.0 
 48.435612613950425, -123.84071470674678, 20.0, 2020-11-09 13:57:30, 80474.20649612577, 150.0 
 48.39029343285837, -123.65068633035524, 34.69387755102041, 2020-11-09 14:10:00, 148386.1621974589, 300.0 
 48.69505951397561, -123.6750816017431, 20.000000000000004, 2020-11-09 14:30:00, 103751.62933731495, 300.0 
 48.34649567531944, -123.48683057198133, 60.0, 2020-11-09 15:00:00, 128388.1087040355, 150.0 
 48.347208919174456, -123.58844673726317, 20.000000000000004, 2020-11-09 15:12:30, 178607.4939525509, 300.0 
 48.57710294380556, -123.80839366088554, 45.38461538461539, 2020-11-09 16:20:00, 452628.7275450136, 150.0 
 48.413086570134254, -123.61831047892515, 29.999999999999996, 2020-11-09 17:12:30, 482446.0537569352, 300.0 
 48.353524767040994, -123.49348889971414, 28.461538461538463, 2020-11-09 17:15:00, 952174.88213463, 300.0 
 48.31497765218104, -123.44550029112807, 20.0, 2020-11-09 17:17:30, 291224.78186700086, 150.0 
 48.39226254217156, -123.9977120132044, 35.38461538461539, 2020-11-09 17:22:30, 425007.8073356796, 300.0 
 48.40873760144897, -123.46482367645062, 20.0, 2020-11-09 17:30:00, 504699.29794850043, 150.0 
 48.39497919104855, -123.49157021786488, 19.999999999999996, 2020-11-09 17:32:30, 459376.0965387096, 150.0 
 48.36336716273855, -123.43787666048159, 35.51020408163266, 2020-11-09 17:40:00, 524507.558013387, 300.0 
 48.28881672122676, -123.63913666345798, 26.206896551724135, 2020-11-09 17:45:00, 1835973.535533613, 300.0 
 48.29478019024057, -123.83655414941457, 42.857142857142854, 2020-11-09 17:47:30, 954065.2188999227, 150.0 
 48.253721105055426, -123.93962183864768, 20.0, 2020-11-09 17:50:00, 547484.7431139743, 300.0 
 48.21294921363397, -123.32257516677691, 60.00000000000001, 2020-11-09 17:52:30, 816249.6693524366, 300.0 
 48.464908539838696, -123.26197974998848, 20.0, 2020-11-09 17:55:00, 851578.2878986142, 300.0 
 48.38676833731963, -123.49170469228378, 20.0, 2020-11-09 18:15:00, 637655.2399474917, 300.0 
 48.348950223225685, -123.67095796305144, 43.673469387755105, 2020-11-09 18:17:30, 573729.202989505, 150.0 
 48.32148939801292, -123.43800010219016, 20.0, 2020-11-09 18:22:30, 899086.9126765872, 300.0 
 48.31176949965956, -123.45540412986901, 20.0, 2020-11-09 18:25:00, 832595.4817972949, 150.0 
 48.53087417163748, -123.68030885451577, 53.103448275862064, 2020-11-09 18:32:30, 1149002.8139564767, 300.0 
 48.25912094450564, -123.6174104951788, 20.0, 2020-11-09 18:42:30, 2074344.4754519376, 300.0 
 48.43568342981085, -123.69017598294681, 20.0, 2020-11-09 18:50:00, 3526046.1292669834, 300.0 
 48.33975202915394, -123.71479587503745, 20.0, 2020-11-09 18:52:30, 1282417.056944587, 150.0 
 48.32401862212, -123.62202747591283, 34.61538461538461, 2020-11-09 18:55:00, 1084177.29799646, 150.0 
 48.34378566061013, -123.7806427078455, 24.13793103448276, 2020-11-09 18:57:30, 792421.3935488161, 150.0 
 48.248473153742324, -123.62186213959464, 23.448275862068968, 2020-11-09 19:02:30, 1714159.9452352086, 150.0 
 48.248549257768786, -123.63415546563252, 20.0, 2020-11-09 19:05:00, 1599420.492413557, 150.0 
 48.47720384811432, -123.98541144002974, 45.38461538461539, 2020-11-09 19:15:00, 1281594.7862304042, 300.0 
 48.3202346211189, -123.83691551236907, 20.0, 2020-11-09 19:17:30, 199913.65949085454, 150.0 
 48.39033180490676, -123.8134191331342, 21.379310344827587, 2020-11-09 19:32:30, 290847.1103354638, 150.0 
 48.38697942616135, -123.79866032847043, 20.0, 2020-11-09 19:35:00, 340853.8110048623, 150.0 
 48.47950313713806, -123.24191416221954, 26.206896551724135, 2020-11-09 19:57:30, 472555.46837481915, 300.0 
 48.482669530638184, -123.27333669902998, 20.0, 2020-11-09 20:30:00, 554880.953791837, 300.0 
 48.37488048298443, -123.44013621202706, 20.000000000000004, 2020-11-09 20:35:00, 258778.4877673613, 150.0 
 48.44514102504605, -123.62340927687252, 53.103448275862064, 2020-11-09 21:15:00, 627924.4426239112, 300.0 
 48.398616158064556, -123.48349719240527, 32.24489795918367, 2020-11-09 21:20:00, 299278.9829500551, 300.0 
 48.45537414856076, -123.49735284306864, 42.857142857142854, 2020-11-09 22:15:00, 506725.19934679294, 300.0 
 48.339804729013025, -123.65198653294004, 20.0, 2020-11-09 22:17:30, 808615.8997837354, 150.0 
 48.47996165161242, -123.75506740612649, 46.12244897959184, 2020-11-09 22:20:00, 461216.12928369973, 150.0 
 48.43051932132913, -123.52367499274258, 33.07692307692307, 2020-11-09 22:27:30, 563459.5760331221, 300.0 
 48.345426362232864, -123.63158314523223, 26.896551724137936, 2020-11-09 22:35:00, 894833.6728730985, 150.0 
 48.34043914736369, -123.62179744155489, 26.923076923076923, 2020-11-09 22:37:30, 1002433.6189829191, 150.0 
 48.33011341643109, -123.54990725385824, 36.15384615384616, 2020-11-09 22:40:00, 443842.4539201631, 150.0 
 48.458686834748534, -123.77012555008073, 60.0, 2020-11-09 22:42:30, 1123555.632463249, 150.0 
 48.298326301319335, -123.80390841436832, 20.0, 2020-11-09 22:45:00, 1523113.5897249933, 300.0 
 48.43103123338068, -123.32932571563067, 57.93103448275862, 2020-11-09 23:12:30, 293749.4430895368, 300.0 
 48.39188084183044, -123.46383638902327, 20.0, 2020-11-10 00:55:00, 125958.05492765713, 150.0 
 48.37241318840522, -123.43426136381176, 20.0, 2020-11-10 00:57:30, 143595.02057476086, 150.0 
 48.29775064637933, -123.60119655983057, 20.0, 2020-11-10 01:02:30, 294816.95517006534, 300.0 
 48.28051023882052, -123.63203421554537, 54.48275862068965, 2020-11-10 01:07:30, 719663.1878220736, 300.0 
 48.374007069666845, -123.60139596536692, 20.0, 2020-11-10 01:10:00, 474333.57104006433, 150.0 
 48.47867735893726, -123.35089485400022, 46.93877551020408, 2020-11-10 01:12:30, 187380.5786352472, 150.0 
 48.339277822232496, -123.5367426210209, 20.0, 2020-11-10 01:57:30, 117020.30766827465, 150.0 
 48.37927811000065, -123.52662520203597, 20.0, 2020-11-10 03:22:30, 265163.8799455068, 150.0 
 48.43798869541658, -123.79769563074153, 60.0, 2020-11-10 03:30:00, 460415.61856423126, 300.0 
 48.35212854288192, -123.64098862506238, 33.84615384615385, 2020-11-10 03:32:30, 279002.0142721906, 150.0 
 48.49911716949441, -123.77336581279319, 20.0, 2020-11-10 03:35:00, 204332.86410057926, 150.0 
 48.46982077325274, -123.49300958061572, 36.15384615384615, 2020-11-10 03:37:30, 163861.102399641, 150.0 
 48.57238576175318, -123.31805741502893, 54.48275862068966, 2020-11-10 03:40:00, 465047.3737682988, 150.0 
 48.46324799239841, -123.75539188176847, 20.0, 2020-11-10 03:47:30, 781576.2400783825, 300.0 
 48.457814270357034, -123.64857119075984, 28.965517241379313, 2020-11-10 03:50:00, 153223.11478348766, 150.0 
 48.47588906055596, -123.48457701611517, 54.48275862068966, 2020-11-10 03:55:00, 275342.95399915916, 300.0 
 48.38987950178133, -123.45246160478403, 20.0, 2020-11-10 04:00:00, 202213.38584799998, 300.0 
 48.38218358099496, -123.51509925818712, 33.07692307692308, 2020-11-10 04:07:30, 143067.28618051758, 150.0 
 48.40210439391131, -123.54751720118267, 20.0, 2020-11-10 04:10:00, 144617.28207167218, 150.0 
 48.431995613914296, -123.52297254793964, 20.0, 2020-11-10 04:37:30, 96852.30016316222, 150.0 
 48.460889566833856, -123.55987623260091, 20.0, 2020-11-10 04:45:00, 251128.66695724853, 300.0 
 48.38772243509415, -123.57493496289163, 22.068965517241377, 2020-11-10 04:47:30, 148372.37455226626, 150.0 
 48.37699411980633, -123.51478892533235, 20.0, 2020-11-10 04:55:00, 114861.01716137586, 150.0 
 48.39442625261528, -123.5431480337662, 20.0, 2020-11-10 05:00:00, 89550.2358488813, 150.0 
 48.361538307526885, -123.50591510972819, 20.0, 2020-11-10 05:02:30, 98212.18656301091, 150.0 
 48.37545297166895, -123.42296268146421, 23.448275862068968, 2020-11-10 05:17:30, 71859.47339101463, 150.0 
 48.460267291589524, -123.55886149242374, 20.0, 2020-11-10 05:40:00, 84598.27049314778, 150.0 
 48.365941510140054, -123.51510312334193, 20.0, 2020-11-10 05:52:30, 300069.44494166324, 300.0 
 48.44055739055716, -123.51860482979623, 35.51020408163266, 2020-11-10 05:55:00, 143589.9462557806, 150.0 
 48.39431030652908, -123.6426441040728, 20.0, 2020-11-10 06:00:00, 191601.02671336703, 150.0 
 48.45246365732171, -123.65409587735468, 36.326530612244895, 2020-11-10 06:02:30, 157223.98102171384, 150.0 
 48.48455837365448, -123.52516498152704, 20.0, 2020-11-10 06:07:30, 172702.48789422517, 150.0 
 48.3132018717791, -123.44571355701828, 34.61538461538462, 2020-11-10 06:12:30, 373854.9507759003, 300.0 
 48.420546630651494, -123.40276324423847, 30.769230769230766, 2020-11-10 06:20:00, 255828.9626079732, 300.0 
 48.39382073843733, -123.84163016300951, 20.0, 2020-11-10 06:25:00, 147416.2475286132, 300.0 
 48.473554608065754, -123.54794976937733, 20.0, 2020-11-10 06:32:30, 299053.1280464621, 300.0 
 48.45980265995708, -123.55199547672481, 20.0, 2020-11-10 06:35:00, 313137.64389273914, 300.0 
 48.50271800414992, -123.73839318219706, 37.95918367346938, 2020-11-10 06:40:00, 116431.87521032566, 150.0 
 48.401684343361616, -123.56310112582753, 35.51020408163265, 2020-11-10 06:45:00, 286717.7386808014, 300.0 
 48.46527740158999, -123.7525928611527, 20.0, 2020-11-10 06:47:30, 253093.81144461432, 150.0 
 48.41909687065695, -123.79938546197312, 20.0, 2020-11-10 06:50:00, 491041.3466922918, 300.0 
 48.42941007700899, -123.61848199083305, 20.0, 2020-11-10 06:57:30, 283386.6438714111, 150.0 
 48.42919608200957, -123.62627821692907, 24.827586206896555, 2020-11-10 07:02:30, 509543.4707940093, 150.0 
 48.41662756346101, -123.68112230254253, 26.20689655172414, 2020-11-10 07:05:00, 414761.0638104953, 150.0 
 48.47091210273763, -123.73732880520436, 60.00000000000001, 2020-11-10 07:07:30, 342039.7910190644, 150.0 
 48.35274310592589, -123.53223762923247, 36.326530612244895, 2020-11-10 07:15:00, 445939.22075427824, 300.0 
 48.493583023967155, -123.3222695256539, 52.41379310344828, 2020-11-10 07:20:00, 237209.08937270704, 300.0 
 48.487994449080816, -123.6143043044342, 20.0, 2020-11-10 07:32:30, 353456.1382463501, 300.0 
 48.29987566874012, -124.04674021038626, 51.53846153846154, 2020-11-10 07:35:00, 315502.99261659035, 300.0 
 48.56560306221729, -123.94215913039801, 34.61538461538462, 2020-11-10 07:37:30, 685913.0615685418, 300.0 
 48.47607636617169, -123.36089005647874, 33.07692307692308, 2020-11-10 07:45:00, 517942.38632292725, 300.0 
 48.37533148290291, -123.8296714190112, 26.20689655172414, 2020-11-10 07:50:00, 285249.4098903769, 150.0 
 48.38886478099703, -123.7437510888496, 49.230769230769226, 2020-11-10 07:52:30, 252038.00893581603, 150.0 
 48.33118262939488, -123.62311475375282, 30.0, 2020-11-10 08:02:30, 193013.212363141, 150.0 
 48.43510350598958, -123.40405885781001, 20.0, 2020-11-10 08:05:00, 169247.5439277264, 150.0 
 48.29611864086827, -123.58229498401563, 20.0, 2020-11-10 08:10:00, 104740.44946341812, 150.0 
 48.13483034671996, -123.98373098358142, 41.22448979591836, 2020-11-10 08:17:30, 605306.6129383342, 300.0 
 48.192565079672136, -123.74670070578316, 39.591836734693885, 2020-11-10 08:20:00, 526201.721439954, 150.0 
 48.452680323604405, -123.64629503763166, 20.0, 2020-11-10 08:32:30, 211596.72531860374, 150.0 
 48.477294671571514, -123.5051801960093, 20.0, 2020-11-10 08:37:30, 613977.5038274493, 300.0 
 48.365734404165636, -123.5228905441848, 33.84615384615384, 2020-11-10 08:40:00, 402944.80544188205, 150.0 
 48.3994446643955, -123.64491702669663, 24.137931034482758, 2020-11-10 08:42:30, 566901.5159736417, 150.0 
 48.398940053035396, -123.54439802288384, 20.0, 2020-11-10 08:52:30, 1231869.2120866708, 300.0 
 48.30831044824515, -123.87687292819851, 60.0, 2020-11-10 08:57:30, 1401078.1738975605, 300.0 
 48.29875212780047, -123.7369796569941, 20.000000000000004, 2020-11-10 09:05:00, 792359.7054847479, 150.0 
 48.29977616946638, -123.5983997852377, 20.0, 2020-11-10 09:07:30, 900579.2715432554, 150.0 
 48.25888210330258, -123.74512660789776, 20.0, 2020-11-10 09:17:30, 462540.2233043834, 150.0 
 48.27759678859067, -123.72686482959082, 20.0, 2020-11-10 09:20:00, 420869.0141381078, 150.0 
 48.27232610571156, -123.63698870887583, 20.0, 2020-11-10 09:22:30, 2494491.149173105, 300.0 
 48.23627479595976, -123.68591781589379, 20.0, 2020-11-10 09:25:00, 684710.3473030897, 150.0 
 48.499473944178575, -123.59839965928545, 42.85714285714286, 2020-11-10 09:45:00, 896598.2591309951, 300.0 
 48.25695242544832, -123.63633010188866, 20.0, 2020-11-10 09:55:00, 743731.4270102005, 150.0 
 48.20782666852088, -123.73907963826476, 47.69230769230769, 2020-11-10 10:10:00, 556567.8967701901, 300.0 
 48.38123224638884, -123.64572716825462, 34.69387755102041, 2020-11-10 10:12:30, 243179.1648071765, 150.0 
 48.45743481857638, -123.66222258174463, 35.51020408163265, 2020-11-10 10:15:00, 162110.41581137208, 150.0 
 48.41007173484333, -123.75194893498934, 20.0, 2020-11-10 10:17:30, 239740.5285464022, 150.0 
 48.57928876762099, -123.5778829217047, 20.0, 2020-11-10 10:22:30, 137038.73202300136, 150.0 
 48.29785572449146, -123.76808211826909, 20.0, 2020-11-10 10:25:00, 206181.4164893787, 150.0 
 48.22348172633037, -123.68944891305017, 20.000000000000004, 2020-11-10 10:27:30, 274354.0113618212, 150.0 
 48.17307528854861, -123.76569716366954, 33.84615384615385, 2020-11-10 10:32:30, 219528.0820037127, 150.0 
 48.391054695902056, -123.84729985381307, 20.0, 2020-11-10 10:40:00, 136464.85689789694, 150.0 
 48.2547348391188, -123.63881199532436, 30.769230769230774, 2020-11-10 11:12:30, 204328.13624154354, 150.0 
 48.45481579118451, -123.56829730047261, 20.0, 2020-11-10 11:17:30, 87706.80913869824, 150.0 
 48.513100772639405, -123.66964467620393, 20.0, 2020-11-10 11:20:00, 51516.5297832831, 150.0 
 48.29555952047526, -123.68906421553042, 25.51724137931035, 2020-11-10 11:35:00, 207098.611187199, 300.0 
 48.368355973310365, -123.59422266013333, 32.30769230769231, 2020-11-10 12:12:30, 236646.54521127592, 300.0 
 48.53124192777573, -123.57688517119084, 20.0, 2020-11-10 12:45:00, 76992.48227610343, 300.0 
 48.43308434775709, -123.50644241546681, 20.0, 2020-11-10 12:57:30, 106736.41428462243, 300.0 
 48.42132622917591, -123.60529189837757, 20.0, 2020-11-10 13:37:30, 87546.24298219918, 300.0 
 48.39333163531401, -123.55966659594014, 60.0, 2020-11-10 13:52:30, 159144.08111009086, 300.0 
 48.467270256980825, -123.5641724365301, 20.0, 2020-11-10 13:55:00, 63277.342005841616, 150.0 
 48.43386365424001, -123.52601309456772, 20.0, 2020-11-10 13:57:30, 66059.6214241334, 150.0 
 48.52066417276411, -123.55961213114787, 30.0, 2020-11-10 14:00:00, 38841.80840519892, 150.0 
 48.34372362734376, -123.56834215134171, 60.0, 2020-11-10 14:17:30, 96516.77806971273, 300.0 
 48.499138129716805, -123.5143120759744, 20.0, 2020-11-10 14:45:00, 87415.61472044309, 300.0 
 48.472660044375246, -123.58110666719708, 20.0, 2020-11-10 14:47:30, 95273.45504359451, 150.0 
 48.393850869143996, -123.63578616161517, 20.0, 2020-11-10 14:50:00, 136987.87755806223, 150.0 
 48.650576621808625, -123.77052234945826, 60.0, 2020-11-10 15:50:00, 345453.73499466205, 300.0 
 48.66859868863903, -123.70794317904578, 35.384615384615394, 2020-11-10 15:52:30, 42020.288703365484, 150.0 
 48.63751498136681, -123.63438979004142, 20.0, 2020-11-10 16:07:30, 1177446.9608938582, 300.0 
 48.50759619404256, -123.5382785011632, 20.0, 2020-11-10 16:10:00, 163767.88649888194, 150.0 
 48.428828575508184, -123.70923262318883, 20.0, 2020-11-10 16:17:30, 208295.0499781772, 300.0 
 48.33275078187375, -123.6602389168149, 20.0, 2020-11-10 16:20:00, 140842.03254464915, 150.0 
 48.4932249347178, -123.70650767400514, 34.69387755102041, 2020-11-10 16:35:00, 268817.32967692794, 300.0 
 48.51256595610796, -123.57085368627384, 20.0, 2020-11-10 16:37:30, 207690.7502292154, 150.0 
 48.47126720330657, -123.560508898451, 20.0, 2020-11-10 16:57:30, 426160.767138426, 300.0 
 48.42263098365162, -123.8562340944632, 60.00000000000001, 2020-11-10 17:00:00, 279020.1521380073, 150.0 
 48.47300065279855, -123.66320082193903, 34.69387755102041, 2020-11-10 17:05:00, 323649.30531600234, 300.0 
 48.50245296516188, -123.67875187404363, 33.07692307692308, 2020-11-10 17:07:30, 240453.49484172935, 150.0 
 48.33484283628893, -123.74709377046933, 20.0, 2020-11-10 17:15:00, 308127.79036262026, 300.0 
 48.36231380561579, -123.62504929091851, 20.0, 2020-11-10 17:30:00, 620405.178659905, 300.0 
 48.30755609646883, -123.79208486109903, 25.384615384615387, 2020-11-10 17:45:00, 873142.4757216974, 300.0 
 48.46457057239867, -123.56791507294476, 20.0, 2020-11-10 20:10:00, 349202.8225227009, 300.0 
 48.40644794940533, -123.36570244377165, 20.0, 2020-11-10 20:20:00, 228564.82895377546, 300.0 
 48.49742585749299, -123.52984785450307, 30.76923076923077, 2020-11-10 21:05:00, 691252.4153499169, 300.0 
 48.38989097288384, -123.44435724865535, 33.846153846153854, 2020-11-10 21:07:30, 410502.4601372025, 150.0 
 48.45170478257747, -123.56322369668585, 26.923076923076923, 2020-11-10 21:10:00, 351162.9352655759, 150.0 
 48.45751524702866, -123.56455460364074, 20.0, 2020-11-10 21:17:30, 591659.6481259752, 150.0 
 48.45264174785481, -123.82991162959739, 20.0, 2020-11-10 21:35:00, 1706786.1617209802, 300.0 
 48.497015018922056, -123.84556214852671, 20.0, 2020-11-10 21:37:30, 494002.8859431338, 150.0 
 48.43770962997167, -123.9812576902438, 20.689655172413794, 2020-11-10 21:45:00, 1739365.2751087178, 150.0 
 48.38282570811483, -123.65850952520152, 20.0, 2020-11-10 21:50:00, 2166504.712171153, 300.0 
 48.375606325720945, -123.6141692512185, 20.0, 2020-11-10 21:52:30, 1196368.6886457708, 150.0 
 48.40217313626632, -123.66362406826728, 33.84615384615385, 2020-11-10 21:57:30, 843496.3990319116, 150.0 
 48.26451468852799, -123.72991769156296, 33.06122448979592, 2020-11-10 22:02:30, 631133.0764434446, 150.0 
 48.46462188649011, -123.46828231701298, 20.0, 2020-11-10 22:07:30, 1264640.7725963087, 300.0 
 48.362935621946875, -123.62606257810691, 20.0, 2020-11-10 22:25:00, 1338131.1254751992, 150.0 
 48.14722409654287, -123.8311693525169, 57.241379310344826, 2020-11-10 22:40:00, 594566.9616755076, 150.0 
 48.192029993178934, -124.004187445729, 20.0, 2020-11-10 22:47:30, 430084.55061284406, 150.0 
 48.234749674866386, -123.7484373327228, 20.0, 2020-11-10 22:50:00, 165816.4475833274, 150.0 
 48.49067028558639, -123.8842417837594, 60.0, 2020-11-10 22:57:30, 832855.5160214278, 300.0 
 48.64849078774971, -123.77528859473814, 60.0, 2020-11-10 23:12:30, 287613.3577442202, 300.0 
 48.47289623208157, -123.37400793061377, 55.86206896551724, 2020-11-10 23:22:30, 250443.27509548754, 150.0 
 48.34269450877723, -123.6764500605502, 30.76923076923077, 2020-11-10 23:27:30, 283732.03670368274, 150.0 
 48.2317645397425, -123.78422780394064, 30.769230769230766, 2020-11-10 23:30:00, 144076.3009245681, 150.0 
 48.44976127976667, -123.65783332898306, 31.53846153846154, 2020-11-10 23:32:30, 312144.77730029373, 300.0 
 48.27172778342882, -123.64413782358872, 25.517241379310345, 2020-11-10 23:35:00, 1078114.6023009543, 300.0 
 48.40530898530271, -123.64430898908628, 33.07692307692308, 2020-11-10 23:40:00, 758116.400129068, 300.0 
 48.451074476180054, -123.32090752394313, 20.0, 2020-11-10 00:52:30, 256247.66816959006, 300.0 
 48.30680320488138, -123.3034731960465, 20.0, 2020-11-10 01:55:00, 176095.30267583556, 300.0 
 48.326930347812805, -123.30429328523783, 20.0, 2020-11-10 02:00:00, 80071.52832262768, 150.0 
 48.219974028120475, -123.73408156992934, 60.0, 2020-11-10 03:20:00, 200631.28188580374, 300.0 
 48.30286132984658, -123.9053913869003, 36.326530612244895, 2020-11-10 03:25:00, 243897.93336601264, 300.0 
 48.471037360878405, -123.25876364710666, 24.137931034482758, 2020-11-10 03:27:30, 263180.37877823645, 300.0 
 48.371373388539666, -123.58007883993099, 20.0, 2020-11-10 04:02:30, 98419.18344412674, 150.0 
 48.30800074400804, -123.6210264408747, 20.0, 2020-11-10 04:05:00, 62192.41448785896, 150.0 
 48.335762550918176, -123.53565697233913, 20.0, 2020-11-10 04:32:30, 155302.0718936967, 300.0 
 48.37973899711925, -123.54174837768278, 20.0, 2020-11-10 04:35:00, 70632.27065902165, 150.0 
 48.50385517881982, -123.50211187248084, 26.20689655172414, 2020-11-10 04:40:00, 130652.06158372849, 150.0 
 48.40533937200074, -123.45008154723718, 20.0, 2020-11-10 04:50:00, 145855.0633898468, 150.0 
 48.449193836611215, -123.49437017734175, 20.0, 2020-11-10 04:52:30, 204388.10725115612, 150.0 
 48.31507267951524, -123.45780875077014, 20.0, 2020-11-10 04:57:30, 89944.66468090723, 150.0 
 48.36052473211761, -123.34242752358746, 20.0, 2020-11-10 05:05:00, 95435.60916740599, 150.0 
 48.355512324629146, -123.33267030800208, 23.44827586206896, 2020-11-10 05:07:30, 95006.93215846781, 150.0 
 48.38960230585173, -123.3819322730898, 33.87755102040816, 2020-11-10 05:12:30, 119981.6044905678, 300.0 
 48.400007724504974, -123.4507905441817, 44.48979591836734, 2020-11-10 05:15:00, 51482.5967715978, 150.0 
 48.34077434912286, -123.83979403206331, 42.04081632653062, 2020-11-10 05:37:30, 84094.22242988602, 300.0 
 48.41572703472592, -123.58188692755391, 28.275862068965516, 2020-11-10 05:45:00, 154016.01070825034, 300.0 
 48.37336435737616, -123.5708055182635, 20.0, 2020-11-10 05:47:30, 50441.65028437199, 150.0 
 48.358921856003064, -123.85932549164131, 42.040816326530624, 2020-11-10 05:57:30, 146692.36686184627, 300.0 
 48.475168681809635, -123.56865187773329, 20.0, 2020-11-10 06:05:00, 237308.87124828994, 150.0 
 48.37199762750766, -123.84441966571823, 56.55172413793104, 2020-11-10 06:10:00, 299003.794937446, 300.0 
 48.417158619592804, -123.43877469164676, 20.0, 2020-11-10 06:15:00, 121280.12257004861, 150.0 
 48.478290374988454, -123.94155607556903, 60.0, 2020-11-10 06:17:30, 348066.44196035643, 300.0 
 48.45060669688316, -123.64431752135745, 20.0, 2020-11-10 06:27:30, 65095.13454588145, 150.0 
 48.291315650566055, -123.797214559983, 26.206896551724135, 2020-11-10 06:32:30, 207217.6120426113, 300.0 
 48.450955541394734, -123.7844050928948, 35.51020408163265, 2020-11-10 06:37:30, 230735.7692419926, 150.0 
 48.17003974386263, -123.85190076204253, 20.0, 2020-11-10 06:50:00, 457562.72709477396, 300.0 
 48.493352103746254, -123.8080320397744, 20.0, 2020-11-10 06:52:30, 272434.0496577219, 150.0 
 48.454656118926366, -123.78559910997376, 20.0, 2020-11-10 06:55:00, 477605.1266885187, 150.0 
 48.41642121898924, -123.69597083788751, 20.0, 2020-11-10 07:00:00, 345465.2062756288, 150.0 
 48.24500529281371, -123.91325974653192, 20.0, 2020-11-10 07:15:00, 129426.17866404762, 300.0 
 48.16109630011364, -123.57031146944077, 59.99999999999999, 2020-11-10 07:27:30, 411246.65529171005, 300.0 
 48.34562399439029, -123.48006964877163, 46.15384615384615, 2020-11-10 07:35:00, 320578.65273571946, 300.0 
 48.392370263704436, -123.81031599602156, 48.46153846153847, 2020-11-10 07:45:00, 546434.3817998004, 300.0 
 48.400985869157424, -123.80899352226163, 59.310344827586206, 2020-11-10 07:47:30, 861320.7597093822, 300.0 
 48.30784275788397, -123.59640924710284, 30.0, 2020-11-10 07:55:00, 144473.96731575075, 150.0 
 48.43406904761997, -123.6951320866983, 20.0, 2020-11-10 07:57:30, 311188.06690338993, 150.0 
 48.433105149863096, -123.669851520649, 20.0, 2020-11-10 08:00:00, 313196.47360997024, 150.0 
 48.38593916401407, -123.54781441700221, 20.0, 2020-11-10 08:07:30, 118973.92817584635, 150.0 
 48.31565084617361, -123.5975270839119, 20.0, 2020-11-10 08:15:00, 159785.15627245704, 300.0 
 48.33961449749583, -123.69016614698009, 43.846153846153854, 2020-11-10 08:22:30, 239883.69639297426, 150.0 
 48.29683361266567, -123.48889343873995, 20.0, 2020-11-10 08:25:00, 217179.22726572814, 150.0 
 48.276911629427616, -123.57533188802617, 20.0, 2020-11-10 08:30:00, 524703.8817749922, 300.0 
 48.44698014721186, -123.47280588702787, 57.241379310344826, 2020-11-10 08:45:00, 831579.5931552682, 150.0 
 48.36780788966469, -123.66639071005673, 41.224489795918366, 2020-11-10 08:47:30, 1290117.152720683, 150.0 
 48.14748920030191, -123.62450676113181, 20.689655172413794, 2020-11-10 08:50:00, 336470.25380483636, 150.0 
 48.144106831866665, -123.93986992442396, 60.0, 2020-11-10 08:52:30, 2173561.757910861, 300.0 
 48.38602152750909, -123.56013724449232, 20.0, 2020-11-10 08:55:00, 1374702.7525126338, 300.0 
 48.32971981143692, -123.68290392913427, 20.0, 2020-11-10 09:00:00, 800113.1936299112, 150.0 
 48.29540456131491, -123.518447914007, 36.3265306122449, 2020-11-10 09:02:30, 687024.6890455529, 150.0 
 48.31337357592031, -123.45045221049855, 20.0, 2020-11-10 09:10:00, 1498597.0040558728, 150.0 
 48.311674265598015, -123.443096155776, 20.0, 2020-11-10 09:12:30, 1707462.4436888655, 150.0 
 48.266669000420336, -123.57856053315146, 25.51724137931034, 2020-11-10 09:15:00, 919452.3111473956, 150.0 
 48.29071616165066, -124.10358399349346, 20.0, 2020-11-10 09:22:30, 1447519.4905983289, 300.0 
 48.22086139853155, -123.74697042314003, 50.344827586206904, 2020-11-10 09:27:30, 663167.8099314021, 150.0 
 48.23748810447019, -123.51446694877043, 20.0, 2020-11-10 09:30:00, 546189.9601088073, 150.0 
 48.245249885374314, -123.63174197609236, 36.15384615384615, 2020-11-10 09:32:30, 1315695.5593061026, 150.0 
 48.23849727118539, -123.6023321838403, 20.000000000000004, 2020-11-10 09:35:00, 1055944.7080485474, 150.0 
 48.25475633681267, -123.57750724723695, 20.0, 2020-11-10 09:37:30, 437031.3297008299, 150.0 
 48.286158272872086, -123.67546821005429, 20.689655172413794, 2020-11-10 09:40:00, 694095.3476081569, 150.0 
 48.3289167955091, -123.85099253201638, 24.82758620689655, 2020-11-10 09:42:30, 486501.5591859546, 150.0 
 48.368679476613806, -123.94179569952456, 23.448275862068968, 2020-11-10 09:45:00, 1031483.4290633035, 300.0 
 48.24299264848176, -123.53834501779026, 20.0, 2020-11-10 09:47:30, 1253904.9036066243, 300.0 
 48.21837129375349, -123.60139667051021, 20.0, 2020-11-10 09:50:00, 617511.5233915432, 150.0 
 48.1678945739973, -123.93293061436155, 53.793103448275865, 2020-11-10 09:52:30, 1235935.5856728917, 300.0 
 48.22422311010758, -123.55523044981953, 30.769230769230777, 2020-11-10 09:57:30, 638797.4580611676, 150.0 
 48.24734888426908, -123.40856450447004, 24.137931034482758, 2020-11-10 10:00:00, 697995.2897755273, 150.0 
 48.1302415115701, -123.44872403228885, 45.306122448979586, 2020-11-10 10:02:30, 456542.59650184907, 150.0 
 48.3071440714461, -123.44132882986781, 20.0, 2020-11-10 10:05:00, 578729.5135888365, 150.0 
 48.46112919075597, -123.7657783735157, 37.95918367346938, 2020-11-10 10:20:00, 363171.44472921366, 150.0 
 48.28257618945697, -123.50450517533704, 29.230769230769234, 2020-11-10 10:22:30, 346949.6923919488, 300.0 
 48.309576616876086, -123.75393905031287, 20.0, 2020-11-10 10:30:00, 204879.35596984546, 150.0 
 48.268243378403625, -123.78024001397341, 20.0, 2020-11-10 10:35:00, 194350.66707772095, 150.0 
 48.2015029337643, -123.8184339764172, 20.0, 2020-11-10 10:37:30, 262456.7229558911, 150.0 
 48.06183262743584, -123.27595616279248, 54.48275862068966, 2020-11-10 10:40:00, 237582.59498903283, 300.0 
 48.42717644368778, -123.40775344560575, 30.769230769230774, 2020-11-10 10:42:30, 272664.10875586374, 300.0 
 48.42738981095279, -123.54593257926649, 20.0, 2020-11-10 10:50:00, 306822.39998230827, 300.0 
 48.351919319212335, -123.49844403742156, 35.51020408163265, 2020-11-10 10:52:30, 321699.75473030633, 150.0 
 48.3126631720244, -123.64435066539204, 45.38461538461539, 2020-11-10 10:55:00, 294632.3440752168, 150.0 
 48.30754503236922, -123.4400909865859, 40.0, 2020-11-10 10:57:30, 115782.13462812113, 150.0 
 48.32587537981536, -123.59122262469964, 20.0, 2020-11-10 11:05:00, 190963.07903095378, 300.0 
 48.30915083257246, -123.38466513101291, 36.326530612244895, 2020-11-10 11:10:00, 148011.98927713188, 300.0 
 48.36306498230323, -123.86852953837396, 37.142857142857146, 2020-11-10 11:15:00, 98147.16165499402, 150.0 
 48.26287466523978, -123.25947237984022, 20.000000000000004, 2020-11-10 11:40:00, 192855.98526755263, 300.0 
 48.30779751071472, -123.23389914881506, 34.61538461538462, 2020-11-10 11:42:30, 93933.71359989037, 150.0 
 47.99308158907279, -123.50004581193339, 20.0, 2020-11-10 11:45:00, 138387.78248205106, 300.0 
 48.07610148416312, -123.70209102699208, 22.75862068965517, 2020-11-10 11:47:30, 145898.61829969796, 150.0 
 48.245228561870164, -123.77557524976937, 38.775510204081634, 2020-11-10 11:50:00, 75715.06851662512, 150.0 
 48.19089273840412, -123.67302161583994, 32.307692307692314, 2020-11-10 11:52:30, 132807.9193250506, 150.0 
 48.164983885047825, -123.59910251603176, 20.0, 2020-11-10 11:55:00, 90450.77001477033, 150.0 
 47.97888168781081, -123.71797735109004, 20.0, 2020-11-10 12:02:30, 177696.32259970246, 300.0 
 48.010937399415624, -123.72309687687792, 60.0, 2020-11-10 12:10:00, 117225.2006220637, 300.0 
 47.96689645641058, -123.87218283294705, 21.379310344827587, 2020-11-10 12:12:30, 143237.18167372586, 300.0 
 48.51399775794564, -123.15959169272764, 60.00000000000001, 2020-11-10 13:57:30, 251675.9135735313, 300.0 
 48.57510611869438, -123.37287169007188, 20.0, 2020-11-10 14:02:30, 52291.142933257186, 150.0 
 48.393261692678735, -123.66667406091244, 20.0, 2020-11-10 16:42:30, 651612.0457512509, 300.0 
 48.39405010911563, -123.66111544655797, 20.0, 2020-11-10 16:45:00, 285472.65750325925, 150.0 
 48.41638627363095, -123.62073012160216, 20.000000000000004, 2020-11-10 17:10:00, 336437.73540316825, 150.0 
 48.41001460349887, -123.65288648148129, 20.0, 2020-11-10 21:15:00, 507790.4625828439, 300.0 
 48.58113106408801, -123.35728483790943, 52.41379310344827, 2020-11-10 21:27:30, 1065676.6751908327, 300.0 
 48.29991163835314, -123.51714406394996, 23.076923076923077, 2020-11-10 21:30:00, 1371886.0621005066, 300.0 
 48.460428801075906, -123.63924349308115, 28.461538461538467, 2020-11-10 21:40:00, 601719.4813627072, 150.0 
 48.41836841713224, -123.67744115765558, 25.517241379310345, 2020-11-10 21:42:30, 982407.5255048099, 150.0 
 48.1115919384826, -123.59680739461734, 29.230769230769234, 2020-11-10 21:45:00, 1252266.2884072806, 300.0 
 48.48243619848897, -123.49258099457927, 20.0, 2020-11-10 21:55:00, 627434.5281980156, 150.0 
 48.573920021536146, -123.2844186614815, 60.0, 2020-11-10 21:57:30, 1995290.8358114157, 300.0 
 48.361354202570055, -123.68619147339679, 32.30769230769231, 2020-11-10 22:00:00, 2115524.5151404277, 300.0 
 48.484346045397444, -123.65682444721202, 55.17241379310345, 2020-11-10 22:05:00, 1804375.2818584421, 300.0 
 48.330484116250275, -123.83373809262719, 20.0, 2020-11-10 22:07:30, 762736.2435868437, 150.0 
 48.2104696702106, -123.65065360323047, 37.95918367346938, 2020-11-10 22:12:30, 1869700.493344321, 300.0 
 48.232750116914666, -123.54157858984189, 20.0, 2020-11-10 22:15:00, 1066519.5357975608, 150.0 
 48.21954450504553, -123.5319526341599, 20.0, 2020-11-10 22:17:30, 971877.5814458533, 150.0 
 48.263218164137804, -123.29636560055721, 20.0, 2020-11-10 22:20:00, 649553.0124988148, 150.0 
 48.20731638647323, -123.74774115462301, 24.82758620689655, 2020-11-10 22:22:30, 2034937.0765552425, 300.0 
 48.236474842923236, -123.54582209398282, 30.0, 2020-11-10 22:27:30, 540888.7915300471, 150.0 
 48.27283842051938, -123.71623104665528, 20.0, 2020-11-10 22:30:00, 531573.1946176501, 150.0 
 48.332264193580905, -123.86573849544963, 20.0, 2020-11-10 22:32:30, 753812.6223448232, 150.0 
 48.217968546379026, -123.74331853245808, 20.0, 2020-11-10 22:35:00, 532306.256291172, 150.0 
 48.02741949813824, -123.91507874419177, 38.77551020408163, 2020-11-10 22:37:30, 264790.3625199383, 150.0 
 48.438247947470856, -124.00110101280728, 20.0, 2020-11-10 22:42:30, 992665.8597506976, 300.0 
 48.30282272112609, -123.79955466423411, 20.0, 2020-11-10 22:45:00, 135776.07352252814, 150.0 
 48.50018235935825, -123.4502780113677, 20.0, 2020-11-10 23:07:30, 389601.63005483244, 300.0 
 48.46632241342154, -123.42555748696228, 20.0, 2020-11-10 23:10:00, 222431.750274593, 150.0 
 48.45300543287254, -123.63379184031818, 23.448275862068968, 2020-11-10 23:20:00, 555474.9467495551, 300.0 
 48.314095756499356, -123.94592032705208, 20.0, 2020-11-10 23:25:00, 293172.70008648455, 300.0 
 48.466018879117954, -123.24899162634928, 35.51020408163266, 2020-11-10 23:35:00, 406043.6958175642, 300.0 
 48.55995306393908, -123.9328841253233, 60.0, 2020-11-10 23:37:30, 1271770.8647774707, 300.0 
 48.509076600137035, -123.60582930193996, 20.0, 2020-11-10 23:42:30, 315403.15850203444, 150.0 
 48.47993571955102, -123.83658097884941, 37.95918367346939, 2020-11-10 23:45:00, 428496.7118934329, 150.0 
 48.472633393039935, -123.25379068147666, 58.62068965517241, 2020-11-10 23:52:30, 304572.529100203, 300.0 
 48.58319564431682, -123.32747626831073, 58.620689655172406, 2020-11-11 02:15:00, 190764.65189903002, 150.0 
 48.579710869238944, -123.56224064113313, 35.51020408163265, 2020-11-11 02:55:00, 166888.37856711794, 150.0 
 48.5243447183869, -123.63905601943155, 20.0, 2020-11-11 03:00:00, 195708.07328578856, 150.0 
 48.503807334630835, -123.6299455897288, 20.0, 2020-11-11 03:02:30, 168884.83899929174, 150.0 
 48.45521313295855, -123.37577668638654, 46.92307692307692, 2020-11-11 03:20:00, 291749.74873517494, 300.0 
 48.56218343652955, -123.22632120868201, 20.0, 2020-11-11 03:35:00, 72163.66606175614, 150.0 
 48.496274644310354, -123.31851139165762, 20.0, 2020-11-11 03:37:30, 138989.0319056155, 150.0 
 48.489214502202394, -123.30706112428022, 29.230769230769226, 2020-11-11 04:05:00, 579496.6456916583, 300.0 
 48.40805756741317, -123.44137504454923, 32.244897959183675, 2020-11-11 04:07:30, 127108.12940518849, 150.0 
 48.381094541619866, -123.53160866975895, 60.0, 2020-11-11 05:17:30, 201947.07087003064, 300.0 
 48.49238357452357, -123.71329578016622, 20.0, 2020-11-11 05:32:30, 191097.2430454081, 300.0 
 48.63798783207222, -123.49622539610412, 44.61538461538461, 2020-11-11 05:35:00, 200002.64383552675, 300.0 
 48.50572819121568, -123.53523397240049, 20.0, 2020-11-11 06:02:30, 326284.8168208221, 300.0 
 48.457380545856644, -123.66417276250694, 35.38461538461539, 2020-11-11 06:07:30, 476704.52412738954, 300.0 
 48.5112370420287, -123.61965483413319, 33.84615384615385, 2020-11-11 06:10:00, 342655.00039996003, 150.0 
 48.4378369922248, -123.6893064514625, 20.0, 2020-11-11 06:15:00, 401465.0039419645, 300.0 
 48.43304985199454, -123.69778725824649, 20.0, 2020-11-11 06:17:30, 166079.1567004107, 150.0 
 48.52616346779389, -123.47486182077957, 20.0, 2020-11-11 06:20:00, 154040.79727458712, 150.0 
 48.544520551428704, -123.28909321056224, 20.0, 2020-11-11 06:35:00, 295034.06736391556, 300.0 
 48.42927389298268, -123.41896430397277, 21.379310344827587, 2020-11-11 07:10:00, 58744.86607207371, 150.0 
 48.419179811175546, -123.51634737048322, 20.0, 2020-11-11 07:12:30, 56116.614681887, 150.0 
 48.3659088332984, -123.50692632388817, 60.0, 2020-11-11 07:17:30, 75689.54459251236, 150.0 
 48.42908983994094, -123.53451263705632, 20.0, 2020-11-11 07:42:30, 306403.43895212334, 300.0 
 48.45404862657622, -123.4998897624314, 25.517241379310345, 2020-11-11 07:47:30, 185373.98813927168, 150.0 
 48.48585454510495, -123.50080723803076, 20.0, 2020-11-11 07:50:00, 170226.96904251378, 150.0 
 48.560000972702056, -123.49742327698829, 20.0, 2020-11-11 07:57:30, 302429.03170086, 300.0 
 48.46734819478731, -123.33048439249376, 20.0, 2020-11-11 08:02:30, 150700.58788641047, 150.0 
 48.40484693763671, -123.46865278092481, 20.0, 2020-11-11 08:10:00, 90242.7146410142, 150.0 
 48.46296671475682, -123.55511878696085, 20.0, 2020-11-11 08:12:30, 86481.68071437054, 150.0 
 48.52362021806949, -123.47275511060576, 32.307692307692314, 2020-11-11 08:17:30, 69711.09423803273, 150.0 
 48.51568640569981, -123.55148364171589, 30.0, 2020-11-11 08:20:00, 58867.58188148246, 150.0 
 48.410619805689144, -123.52071554637044, 20.0, 2020-11-11 08:22:30, 75337.64322193105, 150.0 
 48.47379202922299, -123.44049623342364, 30.769230769230774, 2020-11-11 08:25:00, 96549.32886257462, 150.0 
 48.52859395579406, -123.45642298940514, 20.0, 2020-11-11 08:27:30, 111651.28673814893, 150.0 
 48.556222833719914, -123.41793323641741, 20.0, 2020-11-11 08:37:30, 80026.0380869477, 150.0 
 48.52989117463998, -123.45649983470275, 20.0, 2020-11-11 08:40:00, 77258.60106298198, 150.0 
 48.54692087893627, -123.40075310887944, 20.0, 2020-11-11 08:52:30, 100154.73935633033, 150.0 
 48.50261485317087, -123.53015975779599, 35.51020408163265, 2020-11-11 08:55:00, 57820.96082316123, 150.0 
 48.70640330553301, -123.14701547199691, 21.379310344827587, 2020-11-11 08:57:30, 253513.58941794178, 300.0 
 48.4755792734718, -123.54514276617323, 20.0, 2020-11-11 09:00:00, 173132.64783099183, 300.0 
 48.46996994156298, -123.56042980011543, 27.692307692307693, 2020-11-11 09:02:30, 114525.73906344813, 150.0 
 48.5161508333173, -123.55835830123723, 20.0, 2020-11-11 09:10:00, 419078.1514670426, 150.0 
 48.49742385919558, -123.55428277666759, 20.0, 2020-11-11 09:12:30, 402335.51030265744, 150.0 
 48.49863856726118, -123.60518984999854, 20.0, 2020-11-11 09:15:00, 208536.53420028373, 150.0 
 48.56519068766327, -123.5222024907687, 20.0, 2020-11-11 09:20:00, 174091.37780554214, 150.0 
 48.54936210389784, -123.48210466957015, 34.69387755102041, 2020-11-11 09:22:30, 258133.7050547417, 150.0 
 48.709705753098056, -123.33366560580151, 45.38461538461539, 2020-11-11 09:27:30, 268400.10566987324, 300.0 
 48.476353290491666, -123.6360609229409, 20.0, 2020-11-11 09:32:30, 128309.11765146995, 300.0 
 48.56185112772023, -123.23390654079172, 24.137931034482758, 2020-11-11 09:37:30, 174669.4711328847, 150.0 
 48.46275639256686, -123.56292045313242, 20.0, 2020-11-11 09:42:30, 76268.56991174509, 150.0 
 48.35651956253811, -123.49166531508479, 20.0, 2020-11-11 09:50:00, 104082.64440788345, 150.0 
 48.56788326737985, -123.19697090279763, 42.85714285714285, 2020-11-11 09:52:30, 395706.1383399651, 300.0 
 48.53334378570397, -123.37258669759044, 20.0, 2020-11-11 09:57:30, 303501.8381825398, 300.0 
 48.570249218463815, -123.21501751207225, 20.0, 2020-11-11 10:02:30, 102104.15240739117, 150.0 
 48.43367438680535, -123.39158536417534, 20.68965517241379, 2020-11-11 10:12:30, 102594.3364553039, 150.0 
 48.32694909725674, -123.75048314242932, 30.76923076923077, 2020-11-11 10:15:00, 218548.61595439113, 300.0 
 48.46093415392761, -123.4602499300926, 20.0, 2020-11-11 10:17:30, 123380.63382603718, 300.0 
 48.39022652337509, -123.44490234072546, 33.07692307692307, 2020-11-11 10:20:00, 76330.96695510086, 150.0 
 48.525461336890864, -123.37604680854156, 20.0, 2020-11-11 10:22:30, 97570.57821852964, 150.0 
 48.430299078879585, -123.60975124290036, 20.0, 2020-11-11 10:35:00, 137108.6428135273, 300.0 
 48.52341576108407, -123.48056726388069, 48.46153846153846, 2020-11-11 10:40:00, 72756.62676666003, 150.0 
 48.42216140596928, -123.59851011915963, 34.61538461538461, 2020-11-11 10:45:00, 63471.93379915562, 300.0 
 48.46059938440663, -123.3682701549654, 20.0, 2020-11-11 10:55:00, 23223.624202156563, 150.0 
 48.45522267197161, -123.36157576150285, 20.0, 2020-11-11 10:57:30, 22500.931918662172, 150.0 
 48.68597259162361, -123.321525207568, 33.84615384615385, 2020-11-11 11:00:00, 46900.96230877535, 300.0 
 48.49430220060396, -123.57364311646703, 20.0, 2020-11-11 11:07:30, 36920.069639452566, 150.0 
 48.60765683737006, -123.28380275417842, 27.692307692307693, 2020-11-11 11:27:30, 270216.9137268328, 300.0 
 48.56142303867407, -123.34092594134606, 37.14285714285714, 2020-11-11 11:32:30, 138591.72899670084, 150.0 
 48.531045402123226, -123.36071827021549, 31.53846153846154, 2020-11-11 11:35:00, 266933.44033801573, 150.0 
 48.546720381989196, -123.40857076458389, 33.84615384615385, 2020-11-11 11:42:30, 106239.29295148666, 150.0 
 48.5400024441474, -123.44242807470869, 34.61538461538461, 2020-11-11 11:47:30, 72032.06777703678, 150.0 
 48.54721132210989, -123.28533035276047, 36.326530612244895, 2020-11-11 11:50:00, 125295.1042021368, 150.0 
 48.46789255673279, -123.56518718318056, 23.44827586206896, 2020-11-11 11:52:30, 180402.62085622584, 150.0 
 48.520974854529605, -123.47455450622071, 34.61538461538461, 2020-11-11 11:55:00, 255241.46259770705, 150.0 
 48.48350019390105, -123.58861279436394, 26.153846153846153, 2020-11-11 12:02:30, 316567.38537065923, 150.0 
 48.48507922126105, -123.62585255302145, 41.224489795918366, 2020-11-11 12:05:00, 515995.96534559596, 300.0 
 48.48012456680639, -123.59329081870672, 20.0, 2020-11-11 12:07:30, 138248.04462803583, 300.0 
 48.382836160357314, -123.94819914856903, 31.538461538461544, 2020-11-11 12:10:00, 122108.55890728398, 300.0 
 48.46233496394239, -123.57852357833082, 20.0, 2020-11-11 12:12:30, 98632.5789492854, 300.0 
 48.582250541673645, -123.46644522368766, 36.3265306122449, 2020-11-11 12:17:30, 54277.72586081031, 150.0 
 48.53026956615139, -123.54063830058105, 34.61538461538462, 2020-11-11 12:25:00, 82859.792206724, 150.0 
 48.51657128786088, -123.54273528557813, 37.142857142857146, 2020-11-11 12:27:30, 47088.64557691452, 150.0 
 48.64929901086586, -123.22731112304905, 60.0, 2020-11-11 12:30:00, 149940.79217424468, 300.0 
 48.48809183521683, -123.70422505635308, 33.87755102040816, 2020-11-11 12:35:00, 184258.57739019144, 150.0 
 48.592383949249026, -123.66878421056363, 60.0, 2020-11-11 12:37:30, 224833.74378608592, 150.0 
 48.27814602444644, -123.49427355055197, 43.673469387755105, 2020-11-11 12:40:00, 170183.1370465693, 150.0 
 48.48533263682137, -123.70991332188753, 24.82758620689655, 2020-11-11 12:42:30, 340386.6610910803, 300.0 
 48.49934708947724, -123.67366628693281, 20.0, 2020-11-11 12:45:00, 207164.07906482485, 150.0 
 48.39400646289842, -123.55873202711263, 20.0, 2020-11-11 12:50:00, 255722.1067407198, 300.0 
 48.408676622082844, -123.59279596431261, 20.000000000000004, 2020-11-11 12:52:30, 116096.39397953395, 150.0 
 48.45969167786596, -123.74344017241076, 26.923076923076923, 2020-11-11 12:57:30, 156296.15122518592, 150.0 
 48.546002934093174, -123.70107572201243, 21.379310344827587, 2020-11-11 13:02:30, 1031859.6681849963, 300.0 
 48.39991739534176, -123.7434887934611, 20.0, 2020-11-11 13:05:00, 429068.34789332014, 150.0 
 48.406153024050134, -124.138148351255, 46.92307692307692, 2020-11-11 13:27:30, 49099.95045278154, 150.0 
 48.44703340465472, -123.63910265127424, 20.0, 2020-11-11 13:32:30, 42788.12394267966, 150.0 
 48.25804765192004, -124.01265880125574, 20.0, 2020-11-11 13:35:00, 115975.68779323994, 300.0 
 48.33246284110285, -123.85120273250594, 37.95918367346939, 2020-11-11 13:37:30, 46086.275168179505, 150.0 
 48.49277471171865, -123.60580380281667, 20.0, 2020-11-11 13:40:00, 107927.90686792761, 300.0 
 48.50413177065399, -123.42272086021431, 47.69230769230769, 2020-11-11 13:42:30, 53475.615126217286, 150.0 
 48.54579378511503, -123.90948815850348, 58.62068965517242, 2020-11-11 13:50:00, 151659.52904958755, 300.0 
 48.334585395808375, -123.52911269014503, 20.0, 2020-11-11 14:00:00, 132500.84303942363, 300.0 
 48.59797912520051, -123.35965133469044, 21.379310344827587, 2020-11-11 14:05:00, 173338.71116296446, 300.0 
 48.6580351251804, -123.16013370974619, 33.84615384615385, 2020-11-11 14:07:30, 117338.64771509304, 150.0 
 48.24327285150695, -123.67700843189809, 20.0, 2020-11-11 14:32:30, 84315.80018299862, 300.0 
 48.59194818468235, -123.68442456492315, 20.0, 2020-11-11 14:42:30, 138187.978435512, 300.0 
 48.45556371235898, -123.35400605103588, 32.30769230769231, 2020-11-11 14:47:30, 139327.84395536585, 300.0 
 48.61609731577142, -123.41358781147838, 20.0, 2020-11-11 14:50:00, 93156.23348965503, 150.0 
 48.46499128213229, -123.55231175786369, 20.0, 2020-11-11 15:00:00, 119074.98789193816, 300.0 
 48.3636109259506, -123.62512924727582, 20.000000000000004, 2020-11-11 15:02:30, 115497.2595051466, 150.0 
 48.74212933386929, -123.4130923692878, 20.0, 2020-11-11 15:05:00, 115053.46332397628, 300.0 
 48.75710627971066, -123.46210905567534, 19.999999999999996, 2020-11-11 15:10:00, 59122.15306189709, 150.0 
 48.537325623190114, -123.54400383656042, 20.0, 2020-11-11 15:12:30, 222127.86725709654, 300.0 
 48.36430507358508, -123.6934193695691, 34.61538461538461, 2020-11-11 16:32:30, 204343.31182056284, 300.0 
 48.429215384107955, -123.6018746878404, 24.13793103448276, 2020-11-11 16:37:30, 136822.97036200357, 150.0 
 48.42511063671974, -123.60943055049025, 20.0, 2020-11-11 16:40:00, 136347.3749366208, 150.0 
 48.27749136137787, -123.6291510717257, 31.53846153846154, 2020-11-11 16:45:00, 161306.73346020438, 150.0 
 48.24745094922099, -123.66350688013745, 20.689655172413797, 2020-11-11 16:50:00, 472605.54339736345, 300.0 
 48.45730459807014, -123.57235618350202, 20.0, 2020-11-11 16:57:30, 89354.77057389599, 150.0 
 48.55492908721803, -123.61357081922567, 20.0, 2020-11-11 17:00:00, 121176.95716298565, 150.0 
 48.382182978328146, -123.53947717696984, 28.27586206896552, 2020-11-11 17:05:00, 67746.00375968157, 150.0 
 48.537136930150666, -123.37671645466864, 20.0, 2020-11-11 17:37:30, 146344.29771115532, 300.0 
 48.435914401525196, -123.59447918456698, 35.38461538461539, 2020-11-11 18:15:00, 253097.30377451846, 300.0 
 48.338250012845315, -123.54522490466499, 20.0, 2020-11-11 18:27:30, 162034.53616311305, 300.0 
 48.34091753523454, -123.55565509763787, 45.38461538461539, 2020-11-11 18:35:00, 357273.0933552488, 300.0 
 48.4202108824519, -123.40221810260815, 51.724137931034484, 2020-11-11 18:50:00, 93161.56861733102, 300.0 
 48.370843889836806, -123.59827598362628, 36.326530612244895, 2020-11-11 19:32:30, 552118.5749068516, 300.0 
 48.46046833427052, -123.57547940958551, 25.517241379310345, 2020-11-11 19:37:30, 146045.4131129889, 150.0 
 48.6228164169208, -123.71872925725269, 20.0, 2020-11-11 19:42:30, 1451343.2347949545, 300.0 
 48.68701657322556, -123.62965113672364, 24.82758620689655, 2020-11-11 19:50:00, 2066852.8922260047, 300.0 
 48.462291858965, -123.55605446332657, 29.23076923076923, 2020-11-11 19:57:30, 120613.15307822339, 150.0 
 48.51614028458583, -123.58280833289794, 32.30769230769231, 2020-11-11 20:00:00, 111521.26581668918, 150.0 
 48.469759455988736, -123.56823142313186, 20.0, 2020-11-11 20:05:00, 86167.64021996985, 150.0 
 48.46166001012, -123.57945922880347, 20.0, 2020-11-11 20:10:00, 271033.8722889421, 150.0 
 48.47043407544882, -123.46960254368834, 33.84615384615385, 2020-11-11 20:17:30, 300847.57141548157, 300.0 
 48.47287095474863, -123.57330515638404, 22.06896551724138, 2020-11-11 20:20:00, 253175.66649440967, 150.0 
 48.48194790456197, -123.64520403079891, 20.0, 2020-11-11 20:22:30, 287366.6538575063, 300.0 
 48.39893215990912, -123.56878729510647, 60.0, 2020-11-11 20:25:00, 316359.6626399813, 150.0 
 48.17881118381501, -123.77301804128628, 60.0, 2020-11-11 20:27:30, 2414901.1559264692, 300.0 
 48.32280705497026, -123.64402777307964, 25.517241379310345, 2020-11-11 20:30:00, 1865386.9094843073, 300.0 
 48.42680690746056, -123.52266156674327, 33.07692307692308, 2020-11-11 20:37:30, 467233.71208874177, 150.0 
 48.50878106307546, -123.63807567410396, 20.0, 2020-11-11 20:40:00, 286681.88790612476, 150.0 
 48.45979340495577, -123.57641506653142, 30.769230769230774, 2020-11-11 20:45:00, 327739.8881005801, 150.0 
 48.62283111389801, -123.80888960910781, 57.93103448275861, 2020-11-11 20:50:00, 5180491.195800858, 300.0 
 48.42989061125011, -123.60094022527495, 31.53846153846154, 2020-11-11 20:55:00, 1668080.7170302854, 300.0 
 48.695013576518136, -123.89513288545524, 34.61538461538462, 2020-11-11 20:57:30, 482360.23381397256, 300.0 
 48.528087486688385, -123.2969839289618, 33.84615384615385, 2020-11-11 21:07:30, 1327562.6129996697, 300.0 
 48.497415835216266, -123.35489075343578, 42.857142857142854, 2020-11-11 21:15:00, 1189892.5363522125, 300.0 
 48.439364296735626, -123.41909964089295, 24.13793103448276, 2020-11-11 21:17:30, 466094.4095943676, 150.0 
 48.393348618211704, -123.33433594869979, 34.61538461538461, 2020-11-11 21:25:00, 1636934.657675359, 300.0 
 48.586136201885, -123.39128639738846, 20.0, 2020-11-11 21:27:30, 652649.411307265, 150.0 
 48.3028330057218, -123.5871271916702, 22.758620689655178, 2020-11-11 21:40:00, 2256174.4732409045, 300.0 
 48.58430632079276, -123.6555435506189, 20.0, 2020-11-11 22:02:30, 505371.53219746065, 300.0 
 48.29780616916082, -123.67849508402118, 20.000000000000004, 2020-11-11 22:12:30, 590970.7830408077, 300.0 
 48.33188654558549, -123.53284664132997, 20.0, 2020-11-11 22:17:30, 319865.45642797847, 150.0 
 48.39170966742701, -123.44934240955969, 33.07692307692308, 2020-11-11 22:20:00, 305610.04372155934, 150.0 
 48.2670419092539, -123.63650964235079, 42.04081632653062, 2020-11-11 22:22:30, 616311.7706040443, 150.0 
 48.27041947099264, -123.6318543251769, 20.0, 2020-11-11 22:30:00, 1716086.6449632808, 300.0 
 48.38111790792568, -123.46462836837853, 20.0, 2020-11-11 22:32:30, 241675.24920477867, 150.0 
 48.40668943251855, -123.45742944648067, 20.0, 2020-11-11 22:35:00, 213887.16878317145, 150.0 
 48.34744436301703, -123.69234876307723, 20.0, 2020-11-11 22:42:30, 499702.6975842603, 300.0 
 48.3603409520528, -123.89693266700166, 20.0, 2020-11-11 23:10:00, 284969.01149306283, 300.0 
 48.45557748275317, -123.75098831638925, 20.0, 2020-11-11 23:27:30, 577356.5171130797, 300.0 
 48.43146890268116, -123.63813279251656, 34.61538461538461, 2020-11-11 23:42:30, 884071.149442025, 300.0 
 48.493876607570655, -123.58925581606017, 20.0, 2020-11-11 23:47:30, 610599.3727493054, 300.0 
 48.22451974569551, -123.6809859366464, 43.673469387755105, 2020-11-11 23:50:00, 1002632.4455085832, 300.0 
 48.40164853559452, -123.30339604217599, 60.0, 2020-11-11 02:10:00, 367654.35530202615, 300.0 
 48.43829002562836, -123.41124982728532, 20.0, 2020-11-11 02:12:30, 156051.45238839975, 150.0 
 48.479920998682346, -123.60439607247095, 20.0, 2020-11-11 02:17:30, 176463.7591184308, 150.0 
 48.48520717787352, -123.6636069663222, 24.13793103448276, 2020-11-11 02:20:00, 70656.0286581844, 150.0 
 48.63909699878677, -123.52590295493806, 60.0, 2020-11-11 02:52:30, 290913.99326092127, 300.0 
 48.4315161993864, -123.5489530360162, 20.0, 2020-11-11 02:57:30, 258730.52815921148, 150.0 
 48.65288954147968, -123.62544153048383, 20.0, 2020-11-11 03:25:00, 663321.7180960872, 300.0 
 48.59214828328233, -123.21472023999402, 28.965517241379313, 2020-11-11 03:32:30, 293482.68881823844, 300.0 
 48.628075438691894, -123.23622227491603, 46.15384615384616, 2020-11-11 03:40:00, 166699.8005623702, 150.0 
 48.63337628702246, -123.23239052233248, 24.137931034482758, 2020-11-11 03:50:00, 330630.370276916, 300.0 
 48.51274426248025, -123.28445094112028, 52.41379310344827, 2020-11-11 03:55:00, 239804.15271528807, 300.0 
 48.43778594194555, -123.21627784323819, 60.0, 2020-11-11 04:12:30, 142346.0607958993, 300.0 
 48.514527095397185, -123.62367186135795, 46.12244897959183, 2020-11-11 04:27:30, 353497.26166232803, 300.0 
 48.554414935883294, -123.56992367415081, 45.38461538461539, 2020-11-11 04:30:00, 200974.86477464842, 150.0 
 48.503855178819826, -123.50211187248084, 33.07692307692308, 2020-11-11 04:37:30, 168427.9566894448, 300.0 
 48.5113927149909, -123.58293409758022, 60.0, 2020-11-11 05:25:00, 218459.64200637318, 300.0 
 48.49744323526281, -123.80490126341506, 34.61538461538461, 2020-11-11 05:35:00, 110283.83255339194, 150.0 
 48.39254161033922, -123.5526420090582, 44.61538461538461, 2020-11-11 06:30:00, 101540.21263087202, 300.0 
 48.5051666961259, -123.13940646684419, 27.586206896551722, 2020-11-11 06:40:00, 292371.568655356, 300.0 
 48.496129725229366, -123.1389998991286, 23.448275862068964, 2020-11-11 06:42:30, 134243.05229429918, 150.0 
 48.51185349446211, -123.23317585924718, 20.0, 2020-11-11 06:57:30, 136660.12032419606, 300.0 
 48.45169045021428, -123.34434934225585, 34.69387755102041, 2020-11-11 07:02:30, 97855.50708617829, 300.0 
 48.41587684876544, -123.28768845695919, 33.07692307692308, 2020-11-11 07:05:00, 70974.94399360685, 150.0 
 48.432082036527945, -123.40519468411871, 30.769230769230774, 2020-11-11 07:07:30, 63704.465075675806, 150.0 
 48.566421812958374, -123.41571710321087, 46.92307692307693, 2020-11-11 07:15:00, 68350.57322334332, 150.0 
 48.51952387130205, -123.57045766570974, 24.827586206896555, 2020-11-11 07:22:30, 147802.84633116375, 300.0 
 48.39810809067068, -123.36820566852694, 20.0, 2020-11-11 07:27:30, 171620.061518692, 300.0 
 48.4500519464485, -123.62087256601235, 37.95918367346939, 2020-11-11 07:30:00, 97152.1467640036, 150.0 
 48.266430326412895, -123.6043960666253, 33.84615384615385, 2020-11-11 07:32:30, 214279.7683495381, 150.0 
 48.34939676960124, -123.49047796639142, 26.20689655172414, 2020-11-11 07:35:00, 127487.5555180487, 150.0 
 48.449193836611215, -123.49437017734175, 20.0, 2020-11-11 07:45:00, 162305.3675602379, 150.0 
 48.6097915179241, -123.44898126640189, 45.38461538461539, 2020-11-11 07:52:30, 234579.46106253436, 150.0 
 48.47963448535485, -123.4475486447821, 39.99999999999999, 2020-11-11 08:00:00, 122527.41590218132, 150.0 
 48.49506160701992, -123.32682730571406, 20.0, 2020-11-11 08:05:00, 147055.40032865547, 150.0 
 48.56207279166805, -123.33723911576678, 25.51724137931034, 2020-11-11 08:07:30, 81493.44327629053, 150.0 
 48.49868279309397, -123.36628723631905, 27.586206896551722, 2020-11-11 08:15:00, 104969.25532382765, 150.0 
 48.36774641482458, -123.72924168538901, 35.51020408163265, 2020-11-11 08:30:00, 148015.14250208138, 300.0 
 48.49042315584356, -123.51839181682917, 25.51724137931034, 2020-11-11 08:35:00, 210017.61197759584, 300.0 
 48.61433565929967, -123.50771928956432, 33.84615384615385, 2020-11-11 08:42:30, 100264.77577876185, 150.0 
 48.547805786070626, -123.30227556098522, 33.07692307692307, 2020-11-11 08:45:00, 94248.81553098558, 150.0 
 48.49194071654009, -123.50107234456158, 20.0, 2020-11-11 08:47:30, 72486.4904238685, 150.0 
 48.64968515577223, -123.30886960112855, 20.0, 2020-11-11 08:50:00, 131089.16898498635, 150.0 
 48.47838701589623, -123.55872420638813, 20.689655172413794, 2020-11-11 09:05:00, 161064.7200264588, 150.0 
 48.587044748732666, -123.82809627110646, 55.86206896551724, 2020-11-11 09:07:30, 604105.6992512407, 150.0 
 48.48635933722406, -123.5845368324581, 20.0, 2020-11-11 09:17:30, 161862.48323213574, 150.0 
 48.57975267017618, -123.68401224409605, 43.84615384615385, 2020-11-11 09:25:00, 254079.51581078972, 150.0 
 48.51893669027649, -123.43326668261753, 20.0, 2020-11-11 09:35:00, 103914.53889268452, 150.0 
 48.53756224743486, -123.400784121345, 20.0, 2020-11-11 09:40:00, 105993.60860032716, 150.0 
 48.42047147582409, -123.55467690074903, 20.0, 2020-11-11 09:45:00, 89936.16217444329, 150.0 
 48.42385750157635, -123.56943231085555, 32.30769230769231, 2020-11-11 09:47:30, 118002.83086505384, 150.0 
 48.50664258454013, -123.29075507171004, 20.689655172413797, 2020-11-11 10:00:00, 123728.92249112786, 150.0 
 48.44346087114383, -123.49631746928638, 20.0, 2020-11-11 10:07:30, 115838.1000097942, 300.0 
 48.32142613783324, -123.60175149639363, 20.0, 2020-11-11 10:10:00, 73782.61392356452, 150.0 
 48.474848480118816, -123.58224079161278, 33.87755102040817, 2020-11-11 10:25:00, 51201.616768446846, 150.0 
 48.50899728971854, -123.59347254344051, 36.326530612244895, 2020-11-11 10:37:30, 86065.72347349752, 150.0 
 48.27927419919102, -123.50209776798219, 57.931034482758626, 2020-11-11 10:50:00, 73736.00481193305, 300.0 
 48.28742520964645, -123.38877007175684, 20.0, 2020-11-11 10:52:30, 40189.689856394616, 150.0 
 48.67180097753517, -123.39892502904738, 36.3265306122449, 2020-11-11 11:02:30, 47598.299428765946, 150.0 
 48.5919115624157, -123.52975197466883, 41.224489795918366, 2020-11-11 11:05:00, 36568.15027902197, 150.0 
 48.58731663405208, -123.51868525479014, 20.0, 2020-11-11 11:20:00, 187613.88320608175, 300.0 
 48.609806002682014, -123.30286719898646, 33.84615384615385, 2020-11-11 11:30:00, 181518.32979027188, 150.0 
 48.59275061847325, -123.37191561663707, 32.30769230769231, 2020-11-11 11:37:30, 142618.92295995532, 150.0 
 48.549439133118796, -123.34800445630447, 23.448275862068968, 2020-11-11 11:40:00, 129175.38424472477, 150.0 
 48.43779416761934, -123.63029868790481, 20.0, 2020-11-11 11:45:00, 44057.44589940868, 150.0 
 48.53338308761581, -123.55602621124136, 32.30769230769231, 2020-11-11 11:57:30, 209385.4359489207, 150.0 
 48.27822177868883, -123.72477556870018, 60.0, 2020-11-11 12:00:00, 394997.38209920627, 300.0 
 48.29776671083471, -123.30304041442842, 60.0, 2020-11-11 12:05:00, 312286.01189831435, 300.0 
 48.41300571778072, -123.93775674007344, 20.000000000000004, 2020-11-11 12:12:30, 111773.50221739666, 300.0 
 48.698789994491406, -123.33702491268902, 33.84615384615385, 2020-11-11 12:15:00, 134977.77023316923, 300.0 
 48.44270474921758, -123.62776276556733, 20.0, 2020-11-11 12:20:00, 65680.7684973114, 150.0 
 48.48731411390018, -123.6728441819222, 31.53846153846154, 2020-11-11 12:22:30, 79108.8608727895, 150.0 
 48.5444703061882, -123.68878839671166, 20.0, 2020-11-11 12:32:30, 310679.9842946678, 300.0 
 48.28533365378672, -123.67486374526473, 60.0, 2020-11-11 12:37:30, 224435.85731554858, 300.0 
 48.45586981989442, -123.78188272188787, 20.0, 2020-11-11 12:47:30, 391665.2306531159, 150.0 
 48.5610212417094, -124.01079837384985, 20.0, 2020-11-11 12:50:00, 246189.03613274917, 150.0 
 48.430697608657404, -123.75562831876508, 20.0, 2020-11-11 12:55:00, 131230.22830217576, 150.0 
 48.40401252566843, -123.9495399424693, 42.857142857142854, 2020-11-11 13:00:00, 220077.23337614033, 150.0 
 48.479175977686495, -124.11937987979555, 43.846153846153854, 2020-11-11 13:02:30, 316696.27961913333, 150.0 
 48.49964535022909, -123.75113361891624, 20.0, 2020-11-11 13:07:30, 248255.4031993449, 150.0 
 48.387782608759046, -123.64270699846202, 20.0, 2020-11-11 13:10:00, 154909.46688255516, 150.0 
 48.44809451147009, -123.63632855117838, 20.0, 2020-11-11 13:12:30, 116345.12133374154, 150.0 
 48.429080207596705, -123.76058151578007, 43.67346938775509, 2020-11-11 13:15:00, 162320.5012672872, 150.0 
 48.35199598697679, -123.78055354581323, 20.0, 2020-11-11 13:17:30, 106338.39452444871, 150.0 
 48.3050197962755, -123.74599054846325, 24.615384615384617, 2020-11-11 13:20:00, 90213.96494803825, 150.0 
 48.508600584560696, -123.82084469821434, 34.61538461538461, 2020-11-11 13:22:30, 120507.29092305769, 150.0 
 48.415843494060354, -123.82610196072037, 20.000000000000004, 2020-11-11 13:25:00, 101903.51994543025, 150.0 
 48.478908027208334, -123.71123835705723, 20.0, 2020-11-11 13:30:00, 226085.90037525777, 300.0 
 48.48382462945291, -123.88408601757203, 20.0, 2020-11-11 13:42:30, 230889.2655072564, 300.0 
 48.39136459874986, -123.50272474720927, 20.0, 2020-11-11 14:02:30, 44328.62840084021, 150.0 
 48.71143633605139, -123.07682420949403, 28.461538461538463, 2020-11-11 14:50:00, 538005.0045313148, 300.0 
 48.56428380618009, -123.26358600243589, 27.586206896551722, 2020-11-11 14:52:30, 126766.53149923918, 150.0 
 48.28511441953065, -123.63795589959435, 38.775510204081634, 2020-11-11 14:55:00, 532619.4248049249, 300.0 
 48.69391245145498, -123.20874331640739, 24.827586206896548, 2020-11-11 15:07:30, 176666.13601765566, 150.0 
 48.378668188106076, -123.69891647543837, 43.07692307692308, 2020-11-11 15:17:30, 166208.11674986256, 300.0 
 48.376639914427514, -123.51035971118769, 20.0, 2020-11-11 15:47:30, 77201.8327443285, 300.0 
 48.26785212316241, -123.51212272320218, 20.000000000000004, 2020-11-11 16:00:00, 170171.09093946923, 300.0 
 48.43111422698811, -123.5501932492387, 20.0, 2020-11-11 16:35:00, 72938.11209849574, 150.0 
 48.42908723450472, -123.6853246209311, 60.0, 2020-11-11 16:42:30, 204794.6459475202, 150.0 
 48.480460355446965, -123.56177964727043, 20.0, 2020-11-11 16:47:30, 63611.76706386265, 150.0 
 48.48564841506108, -123.48264767726573, 20.0, 2020-11-11 16:55:00, 399132.68406773935, 300.0 
 48.333752615018334, -123.54184580372782, 20.0, 2020-11-11 17:00:00, 452560.9229382546, 300.0 
 48.26133025715629, -123.71391014459866, 20.0, 2020-11-11 17:02:30, 106058.36491876045, 150.0 
 48.32810351296228, -123.55609600961373, 33.07692307692307, 2020-11-11 17:42:30, 142820.54402966672, 300.0 
 48.209492865840076, -123.62548285649, 19.999999999999996, 2020-11-11 17:50:00, 345153.2620998543, 300.0 
 48.452929451406256, -123.62144954824723, 20.0, 2020-11-11 17:57:30, 97553.64168180419, 300.0 
 48.46573103375758, -123.56941158224859, 20.0, 2020-11-11 19:35:00, 148170.74103316502, 150.0 
 48.45375432237309, -123.6220551661319, 20.0, 2020-11-11 19:40:00, 90063.69529279493, 150.0 
 48.35235386693768, -123.56002950001051, 22.068965517241374, 2020-11-11 19:42:30, 565925.850532508, 150.0 
 48.33301804012322, -123.68532466841621, 26.153846153846153, 2020-11-11 19:47:30, 903875.5722711345, 300.0 
 48.28592472035261, -123.40602294385067, 20.0, 2020-11-11 19:50:00, 437325.91848504735, 150.0 
 48.46605036763976, -123.55582469314997, 20.0, 2020-11-11 19:52:30, 401343.04201727855, 300.0 
 48.469031562312225, -123.57183162228212, 22.068965517241377, 2020-11-11 19:55:00, 234012.60326405553, 150.0 
 48.51221776643142, -123.58353987674954, 20.0, 2020-11-11 20:02:30, 85676.79947517972, 150.0 
 48.481367655954145, -123.57473242955317, 56.55172413793104, 2020-11-11 20:07:30, 152672.87204383753, 150.0 
 48.42822115485528, -123.60945600580816, 19.999999999999996, 2020-11-11 20:12:30, 453313.1514205594, 150.0 
 48.555874880867584, -123.15924099098311, 20.0, 2020-11-11 20:20:00, 1684754.8517240845, 300.0 
 48.58163508563478, -123.72853150247394, 20.0, 2020-11-11 20:30:00, 1047908.3510955627, 300.0 
 48.360480492561685, -123.54758647061016, 35.384615384615394, 2020-11-11 20:32:30, 222430.14156655635, 150.0 
 48.388422389973734, -123.6815334942736, 20.0, 2020-11-11 20:35:00, 332966.75277305336, 150.0 
 48.45045483850576, -123.61963269459311, 20.0, 2020-11-11 20:42:30, 229425.38376836132, 150.0 
 48.34479066750623, -123.66177519220163, 58.62068965517241, 2020-11-11 20:47:30, 543726.5739404961, 150.0 
 48.3223296268973, -123.61466484642433, 30.76923076923077, 2020-11-11 20:50:00, 1857291.8776456732, 300.0 
 48.398576832777955, -123.6629044495814, 22.06896551724138, 2020-11-11 20:52:30, 3122742.630705804, 300.0 
 48.19103261147263, -123.50661534938934, 60.0, 2020-11-11 20:55:00, 1244127.8198874854, 300.0 
 48.309129791734165, -123.60500711786055, 29.79591836734694, 2020-11-11 21:00:00, 1680455.1442322973, 300.0 
 48.4147271762634, -123.76383138157414, 60.0, 2020-11-11 21:02:30, 877290.1530604673, 150.0 
 48.38996305927208, -123.66425193984148, 20.0, 2020-11-11 21:05:00, 595469.3193346111, 150.0 
 48.333946450397264, -123.7044005271239, 57.93103448275862, 2020-11-11 21:07:30, 1110248.0062480704, 300.0 
 48.0231322228761, -123.70152488049874, 28.46153846153846, 2020-11-11 21:10:00, 1793567.6020583927, 300.0 
 48.160057864045456, -123.73908648877004, 26.89655172413793, 2020-11-11 21:22:30, 1630630.18819349, 300.0 
 48.384630118100944, -123.66493873936594, 26.20689655172414, 2020-11-11 21:30:00, 1640198.729245432, 300.0 
 48.389210884749936, -123.67597469881817, 20.0, 2020-11-11 21:35:00, 911396.0974712237, 300.0 
 48.41977022073116, -123.22160441612236, 60.0, 2020-11-11 21:37:30, 1515313.5646799905, 300.0 
 48.39696362742391, -123.66785783550301, 22.06896551724138, 2020-11-11 21:42:30, 655629.191945173, 150.0 
 48.222192457979546, -123.68981470185177, 20.0, 2020-11-11 21:47:30, 999499.3736645486, 300.0 
 48.18959225695677, -123.6613721005653, 20.0, 2020-11-11 21:50:00, 282416.39490155986, 150.0 
 48.40315759289868, -123.67394042412536, 20.0, 2020-11-11 21:52:30, 475571.7110247065, 150.0 
 48.52073127329946, -123.45300896473543, 46.15384615384616, 2020-11-11 22:00:00, 760810.6707751064, 300.0 
 48.31988521838851, -123.44295226433516, 20.0, 2020-11-11 22:02:30, 346280.44199068606, 150.0 
 48.473549828445755, -123.78724202943704, 46.12244897959184, 2020-11-11 22:05:00, 326431.93075413513, 150.0 
 48.24528861495718, -123.78786868167131, 20.0, 2020-11-11 22:07:30, 599410.941498548, 300.0 
 48.42263227860732, -123.99565328140537, 20.0, 2020-11-11 22:12:30, 510652.0470428669, 300.0 
 48.374660793979864, -123.64534626011977, 20.000000000000004, 2020-11-11 22:15:00, 951035.889973368, 300.0 
 48.25750949148105, -123.55963393323272, 30.0, 2020-11-11 22:25:00, 907854.6351444335, 150.0 
 48.11780513937752, -123.433615427137, 34.69387755102041, 2020-11-11 22:40:00, 2546718.513213076, 300.0 
 48.27688715804664, -123.40557273503232, 22.758620689655174, 2020-11-11 22:45:00, 203466.34155193667, 150.0 
 48.28560652505072, -123.58627191420254, 20.0, 2020-11-11 22:52:30, 382066.0263583943, 300.0 
 48.191522946732206, -123.51766002644973, 20.0, 2020-11-11 22:57:30, 544213.284668177, 300.0 
 48.52300131470824, -123.23973544851277, 31.538461538461547, 2020-11-11 23:00:00, 420917.2450198705, 300.0 
 48.37399936849267, -123.28793412570252, 34.69387755102041, 2020-11-11 23:02:30, 481022.77434898727, 150.0 
 48.35164373788095, -123.03028097017949, 20.0, 2020-11-11 23:12:30, 871869.6460212203, 300.0 
 48.33600785248229, -123.63540763744413, 26.20689655172414, 2020-11-11 23:15:00, 702903.640544065, 300.0 
 48.37671507029857, -123.71742546689464, 20.0, 2020-11-11 23:17:30, 143753.4819179735, 150.0 
 48.43324454938451, -123.69452560603061, 20.0, 2020-11-11 23:37:30, 929367.5126750971, 300.0 
 48.40428150280356, -123.81142486197723, 33.84615384615385, 2020-11-11 23:52:30, 226977.77283642394, 150.0 
 48.26011877254806, -123.7176140983545, 20.0, 2020-11-11 23:55:00, 151592.91055314735, 150.0 
 48.618369168790025, -123.40098203116524, 30.0, 2020-11-12 00:07:30, 269976.29090689716, 150.0 
 48.33259157436946, -123.5177487436709, 20.0, 2020-11-12 00:35:00, 286539.1232460639, 300.0 
 48.64305581738491, -123.45142403523282, 20.000000000000004, 2020-11-12 01:00:00, 207355.78402414668, 300.0 
 48.750113032097964, -123.24854371247727, 59.99999999999999, 2020-11-12 01:07:30, 192520.03078723716, 300.0 
 48.47002546885353, -123.48520730126837, 20.0, 2020-11-12 01:10:00, 109638.099606799, 300.0 
 48.56390566318424, -123.42229631840848, 20.0, 2020-11-12 01:12:30, 106788.5827559274, 150.0 
 48.58427275275939, -123.46362748113674, 24.82758620689655, 2020-11-12 01:17:30, 200840.46069960058, 300.0 
 48.497444254530095, -123.43015088269675, 32.307692307692314, 2020-11-12 01:22:30, 115722.66912602012, 300.0 
 48.60185410254872, -123.19918019146144, 46.15384615384615, 2020-11-12 01:25:00, 82876.2715936648, 150.0 
 48.56863145126067, -123.33839717676653, 34.61538461538461, 2020-11-12 01:50:00, 219819.8623987945, 300.0 
 48.378733912791986, -123.59486257310093, 44.61538461538462, 2020-11-12 02:07:30, 115958.89079005785, 150.0 
 48.52704708467893, -123.63531410571889, 20.0, 2020-11-12 02:10:00, 45557.35745062564, 150.0 
 48.618374329944054, -123.50091951268166, 20.0, 2020-11-12 02:12:30, 77188.10232675976, 150.0 
 48.34207268650249, -123.53316444843891, 32.30769230769231, 2020-11-12 02:15:00, 135400.84965964584, 300.0 
 48.68744590583843, -123.6139802315148, 60.0, 2020-11-12 02:17:30, 280127.3094255658, 300.0 
 48.45178806293295, -123.65503024026177, 24.827586206896555, 2020-11-12 02:25:00, 119653.74347904122, 150.0 
 48.495573811776254, -123.42710972552244, 40.40816326530612, 2020-11-12 02:37:30, 71301.85553736507, 150.0 
 48.56540386472951, -123.41455450255543, 20.0, 2020-11-12 02:50:00, 85193.63623061417, 150.0 
 48.647139473633, -123.09984399841015, 20.0, 2020-11-12 02:52:30, 173119.84446168307, 150.0 
 48.551144929759, -123.60942109083126, 20.0, 2020-11-12 03:00:00, 88792.9600398279, 150.0 
 48.470731477163895, -123.65133655822174, 26.923076923076923, 2020-11-12 03:10:00, 132261.70676127644, 300.0 
 48.47180931680163, -123.61232417099679, 20.0, 2020-11-12 03:12:30, 95753.26781906, 150.0 
 48.63850656548023, -123.29728990268714, 34.61538461538462, 2020-11-12 03:15:00, 201802.2974867174, 300.0 
 48.570379810149106, -123.52251527868246, 31.53846153846154, 2020-11-12 03:17:30, 94561.14226608351, 150.0 
 48.324657330609135, -123.42982162731285, 24.137931034482754, 2020-11-12 03:22:30, 136366.90822115465, 300.0 
 48.59237206839723, -123.4768389935468, 35.38461538461539, 2020-11-12 03:32:30, 84923.78008311284, 150.0 
 48.59013536587879, -123.46299636614978, 33.87755102040816, 2020-11-12 03:35:00, 124218.64633603439, 150.0 
 48.541116508511585, -123.52368797794468, 33.87755102040816, 2020-11-12 03:42:30, 167662.06841231306, 150.0 
 48.56518131450945, -123.39790412558355, 32.30769230769231, 2020-11-12 03:45:00, 202184.8964518174, 150.0 
 48.556846304014165, -123.4189482835827, 42.857142857142854, 2020-11-12 03:47:30, 133592.40299134442, 150.0 
 48.53742442612436, -123.63596810223171, 20.0, 2020-11-12 03:50:00, 96775.01707917638, 300.0 
 48.616262093623924, -123.69773110351208, 20.0, 2020-11-12 04:22:30, 41953.97144345505, 150.0 
 48.642172390679704, -123.58273432993367, 20.0, 2020-11-12 04:35:00, 79091.80249184687, 300.0 
 48.67233369823373, -123.5483071467156, 20.0, 2020-11-12 04:37:30, 51944.84232846293, 150.0 
 48.520966760521866, -123.64373341157236, 20.0, 2020-11-12 04:40:00, 23994.88255553726, 150.0 
 48.502917344069274, -123.63868698620351, 20.0, 2020-11-12 04:42:30, 40298.04014351579, 150.0 
 48.399772000175666, -123.5376193771152, 37.95918367346938, 2020-11-12 04:47:30, 78783.8990746093, 300.0 
 48.522731226261484, -123.57929902718898, 20.0, 2020-11-12 05:50:00, 71209.67767703337, 300.0 
 48.696190222174735, -123.22202357254506, 32.30769230769231, 2020-11-12 05:57:30, 195914.83127146077, 300.0 
 48.58712524452267, -123.35217220091701, 30.769230769230774, 2020-11-12 06:00:00, 127777.88629842411, 150.0 
 48.56183406636818, -123.42706866090498, 26.20689655172414, 2020-11-12 06:02:30, 147558.89011195945, 150.0 
 48.54869061095923, -123.62786272628895, 20.0, 2020-11-12 06:05:00, 95546.12572594205, 150.0 
 48.47017097607476, -123.57704771511943, 27.692307692307693, 2020-11-12 06:07:30, 95025.33440060624, 150.0 
 48.58422410832154, -123.56349643773925, 20.0, 2020-11-12 06:10:00, 146608.4595655002, 150.0 
 48.603005763522724, -123.46767802168822, 20.0, 2020-11-12 06:12:30, 207960.44868784124, 150.0 
 48.633525763007405, -123.51751335954779, 20.0, 2020-11-12 06:15:00, 141377.32966758302, 150.0 
 48.39873025598928, -123.55219004532015, 20.0, 2020-11-12 06:17:30, 189821.33033980904, 300.0 
 48.548794546130594, -123.52806502318262, 20.0, 2020-11-12 06:20:00, 103226.6661411327, 150.0 
 48.559495703109675, -123.61287598421521, 20.0, 2020-11-12 06:22:30, 125374.99558533117, 150.0 
 48.617074468192854, -123.54983485414044, 20.0, 2020-11-12 06:27:30, 127777.00355440154, 150.0 
 48.594840757709, -123.38101497643929, 33.84615384615385, 2020-11-12 06:40:00, 202144.81650508888, 150.0 
 48.58718339428736, -123.47653082753173, 31.538461538461533, 2020-11-12 06:45:00, 225658.58161557483, 150.0 
 48.54853444811798, -123.53783572570846, 33.07692307692308, 2020-11-12 06:47:30, 142642.72142471705, 150.0 
 48.57389652103497, -123.46301143372966, 33.84615384615385, 2020-11-12 07:02:30, 170152.73876444396, 300.0 
 48.617491541438326, -123.53418223613596, 31.538461538461544, 2020-11-12 07:07:30, 117680.75869246673, 150.0 
 48.55409315703445, -123.62036935525207, 37.142857142857146, 2020-11-12 07:15:00, 163732.63238314536, 300.0 
 48.49593741147447, -123.60893209296987, 43.07692307692307, 2020-11-12 07:22:30, 336357.5242995874, 150.0 
 48.51947233694067, -123.55562714484442, 33.84615384615385, 2020-11-12 07:27:30, 212449.5394557625, 150.0 
 48.46835686976589, -123.57205311472691, 56.55172413793103, 2020-11-12 07:30:00, 208451.90598664203, 150.0 
 48.53150556304818, -123.46931005578027, 24.827586206896548, 2020-11-12 07:35:00, 187943.1601909758, 150.0 
 48.49242201824714, -123.34679014886105, 34.61538461538461, 2020-11-12 07:37:30, 214874.1938025069, 150.0 
 48.457567868422224, -123.56260419788664, 28.461538461538467, 2020-11-12 07:40:00, 222945.87800480696, 150.0 
 48.50681631753028, -123.49424752774686, 31.53846153846154, 2020-11-12 07:45:00, 277257.76101920975, 150.0 
 48.56452916628736, -123.42331137375055, 34.61538461538461, 2020-11-12 07:47:30, 302807.1098205419, 150.0 
 48.56739037477416, -123.3099458277387, 32.307692307692314, 2020-11-12 07:50:00, 280092.97543088725, 150.0 
 48.563924722648, -123.44676360495495, 20.0, 2020-11-12 08:00:00, 164058.4593132912, 150.0 
 48.751449462718156, -123.57769608699014, 60.0, 2020-11-12 08:07:30, 250404.2883328195, 300.0 
 48.58653260740614, -123.37564091137129, 34.61538461538461, 2020-11-12 08:10:00, 125242.94498784107, 150.0 
 48.454652079505586, -123.45206429281215, 20.0, 2020-11-12 08:15:00, 65516.02637709054, 150.0 
 48.50413177065399, -123.42272086021433, 20.0, 2020-11-12 08:17:30, 53775.42838811834, 150.0 
 48.46766431648215, -123.36551835479122, 20.0, 2020-11-12 08:20:00, 59086.601027936675, 150.0 
 48.48748882433071, -123.43836814520066, 20.0, 2020-11-12 08:25:00, 114981.49863458723, 300.0 
 48.47979090487907, -123.33442499349896, 20.000000000000004, 2020-11-12 08:27:30, 57800.546972860204, 150.0 
 48.62329894470729, -123.12625506061359, 20.0, 2020-11-12 08:45:00, 370339.089982055, 300.0 
 48.39487629446813, -123.45245575941182, 22.75862068965517, 2020-11-12 08:50:00, 133451.35252902535, 300.0 
 48.570570661317234, -123.39038933867874, 20.0, 2020-11-12 08:55:00, 98486.952042252, 300.0 
 48.58134408214659, -123.37534264294086, 26.206896551724135, 2020-11-12 08:57:30, 57908.33718370951, 150.0 
 48.558716714896924, -123.42199342507855, 20.0, 2020-11-12 09:00:00, 45379.28560650736, 150.0 
 48.61744887576426, -123.70172681478654, 60.0, 2020-11-12 09:12:30, 67388.59919530767, 300.0 
 48.43861534272656, -123.59074134308617, 20.0, 2020-11-12 09:20:00, 96652.62485353053, 300.0 
 48.63684489739532, -123.49027445929458, 20.0, 2020-11-12 09:30:00, 112663.31224951909, 300.0 
 48.548742559322044, -123.53001917221111, 34.61538461538461, 2020-11-12 09:40:00, 64437.42415243342, 150.0 
 48.53242393115592, -123.65227963155013, 20.0, 2020-11-12 09:42:30, 34397.51750850071, 150.0 
 48.710008355559566, -123.7596883583059, 20.0, 2020-11-12 10:10:00, 52536.116262472, 300.0 
 48.671688397116895, -123.5963166789457, 20.000000000000004, 2020-11-12 10:20:00, 63165.3637187827, 300.0 
 48.52593825642313, -123.65187092882971, 20.0, 2020-11-12 10:37:30, 22987.193803480535, 150.0 
 48.5243447183869, -123.63905601943155, 20.0, 2020-11-12 10:40:00, 31881.870496676096, 150.0 
 48.58417900364663, -123.86411305430478, 35.51020408163265, 2020-11-12 10:45:00, 209521.651946991, 300.0 
 48.52931654162937, -123.64719362688913, 20.0, 2020-11-12 10:47:30, 22543.5139211364, 150.0 
 48.60320991501294, -123.45985594250749, 20.0, 2020-11-12 10:55:00, 94122.10298076458, 150.0 
 48.59234526793198, -123.37695439048166, 20.0, 2020-11-12 10:57:30, 85113.72139573235, 150.0 
 48.56452916628736, -123.42331137375052, 25.51724137931035, 2020-11-12 11:00:00, 53333.40983633689, 150.0 
 48.72592640487841, -123.5604143326791, 20.0, 2020-11-12 11:05:00, 132494.2283857594, 300.0 
 48.557511305491346, -123.51782509607438, 20.0, 2020-11-12 11:20:00, 128970.83299850524, 150.0 
 48.59257654826843, -123.46901699807876, 20.0, 2020-11-12 11:22:30, 133640.00268976772, 150.0 
 48.301909162881486, -124.16667835669648, 20.0, 2020-11-12 11:25:00, 234590.03645917654, 300.0 
 48.56516752922706, -123.68958052624006, 20.0, 2020-11-12 11:27:30, 133758.59818661216, 300.0 
 48.480846627410116, -123.77607437140219, 20.0, 2020-11-12 11:40:00, 72780.13709518562, 150.0 
 48.40646581846718, -123.76439846987279, 34.61538461538461, 2020-11-12 11:45:00, 128761.46832931212, 300.0 
 48.33560045337836, -124.00539625545782, 60.0, 2020-11-12 11:47:30, 62967.18950051449, 150.0 
 48.409996824968395, -123.9949552741985, 20.0, 2020-11-12 11:50:00, 91260.13313698712, 150.0 
 48.506501662946555, -123.81001568992087, 24.827586206896555, 2020-11-12 11:57:30, 118518.64004887248, 150.0 
 48.39910639436323, -123.92589675674753, 20.0, 2020-11-12 12:05:00, 203446.79091660274, 300.0 
 48.44094278459307, -123.69438531450321, 31.53846153846154, 2020-11-12 12:07:30, 227966.4251525179, 300.0 
 48.52133902415213, -123.5586753348874, 20.0, 2020-11-12 12:32:30, 164126.44218290003, 150.0 
 48.68634115475927, -123.63059002927491, 31.53846153846154, 2020-11-12 12:37:30, 448772.63464156847, 300.0 
 48.55332684314725, -123.42950808115512, 29.23076923076923, 2020-11-12 12:40:00, 216650.24708585735, 150.0 
 48.58222502654755, -123.66030837219652, 54.48275862068966, 2020-11-12 12:45:00, 552924.9614599434, 300.0 
 48.5130463889152, -123.6715972811491, 27.58620689655172, 2020-11-12 12:50:00, 280847.54602238623, 150.0 
 48.58615072066507, -123.49115837248583, 32.24489795918367, 2020-11-12 12:52:30, 1393345.0761173428, 300.0 
 48.447286949234446, -123.74556796031656, 37.959183673469376, 2020-11-12 12:55:00, 680398.1612905436, 150.0 
 48.47353799864301, -123.45024954874535, 35.38461538461539, 2020-11-12 12:57:30, 248176.53875025592, 150.0 
 48.64081645779365, -123.94733282860898, 59.3103448275862, 2020-11-12 13:00:00, 962692.493682612, 300.0 
 48.47350211737964, -123.54990020965553, 20.0, 2020-11-12 13:07:30, 507778.1080214621, 300.0 
 48.533997968836836, -123.4733698729867, 20.0, 2020-11-12 13:20:00, 347739.96080584946, 300.0 
 48.523564460411286, -123.57250378872926, 20.0, 2020-11-12 13:22:30, 189014.3958403591, 150.0 
 48.54027991683345, -123.55494300103632, 20.0, 2020-11-12 13:32:30, 299535.4678432606, 300.0 
 48.416389814811865, -123.80311272256043, 20.0, 2020-11-12 13:45:00, 301422.6950937551, 300.0 
 48.457542718426595, -123.84000591694647, 20.0, 2020-11-12 14:02:30, 895708.3884379289, 300.0 
 48.50561918667251, -123.63494492856023, 59.3103448275862, 2020-11-12 14:05:00, 218949.50757215684, 150.0 
 48.413720468190384, -123.71510386268986, 20.0, 2020-11-12 14:22:30, 160657.96289145856, 300.0 
 48.534202163702865, -123.46555765308014, 33.84615384615385, 2020-11-12 14:30:00, 206377.8760839539, 300.0 
 48.5207360554989, -124.02809492406944, 43.84615384615385, 2020-11-12 22:32:30, 741189.7833979154, 300.0 
 48.445606764613615, -124.0618911681406, 60.00000000000001, 2020-11-12 23:25:00, 232948.16831195753, 300.0 
 48.5087549121093, -124.24044466889546, 60.0, 2020-11-12 23:27:30, 86766.827889528, 150.0 
 48.46055943915088, -123.93496798861199, 30.0, 2020-11-12 23:47:30, 334173.7472723789, 300.0 
 48.41225547613902, -123.85553706533557, 60.0, 2020-11-12 23:52:30, 466859.67991823587, 300.0 
 48.38009004193259, -123.42401878042247, 44.61538461538462, 2020-11-12 00:02:30, 387105.99342283903, 300.0 
 48.52914841928597, -123.37621446692964, 59.310344827586206, 2020-11-12 00:05:00, 338437.28994772263, 150.0 
 48.2758079882349, -123.42465739978181, 20.0, 2020-11-12 00:10:00, 410205.9810147447, 300.0 
 48.27590585982518, -123.43695689163265, 20.0, 2020-11-12 00:12:30, 223113.41342755881, 150.0 
 48.08442608649787, -123.5267336618326, 52.41379310344827, 2020-11-12 00:15:00, 201011.31184714593, 150.0 
 48.38206171714772, -123.36419767658914, 20.0, 2020-11-12 00:20:00, 479742.0120365801, 300.0 
 48.34792666374037, -123.40672938580201, 20.0, 2020-11-12 00:22:30, 269649.69575514476, 150.0 
 48.358523907872666, -123.50326201669328, 20.0, 2020-11-12 00:27:30, 596711.003438986, 300.0 
 48.35260625258673, -123.32903195417417, 34.69387755102041, 2020-11-12 00:30:00, 201782.084963401, 150.0 
 48.68330198977419, -123.35034828879441, 53.793103448275865, 2020-11-12 00:35:00, 458785.6574627424, 300.0 
 48.464041328085514, -123.44844474661016, 20.0, 2020-11-12 00:42:30, 348664.7089341006, 300.0 
 48.19004734912371, -123.3807524212003, 43.07692307692308, 2020-11-12 00:50:00, 576178.2072776665, 300.0 
 48.279414546035945, -123.41352172436426, 20.0, 2020-11-12 00:52:30, 153377.22588030534, 150.0 
 48.3812738927532, -123.72538078279844, 20.0, 2020-11-12 00:55:00, 153000.84483941828, 300.0 
 48.429530663480854, -123.25470825933327, 30.76923076923077, 2020-11-12 01:05:00, 224513.87473228795, 300.0 
 48.6478164520047, -123.93652218460036, 45.384615384615394, 2020-11-12 01:17:30, 318864.33059549803, 300.0 
 48.63184066245076, -123.54521885675906, 32.30769230769231, 2020-11-12 01:20:00, 123875.92312048537, 150.0 
 48.85980589194023, -123.62688700229438, 39.59183673469388, 2020-11-12 01:22:30, 315149.27551710967, 300.0 
 48.41134214624721, -123.15888326132925, 20.0, 2020-11-12 01:27:30, 130101.41823280313, 150.0 
 48.42322784505613, -123.15675453810537, 20.0, 2020-11-12 01:30:00, 122787.2506324485, 150.0 
 48.37938341917361, -123.49244114154966, 45.38461538461539, 2020-11-12 01:32:30, 152860.16294366147, 300.0 
 48.48996763905221, -123.35533674534722, 20.0, 2020-11-12 01:35:00, 112021.91846872222, 150.0 
 48.727418402504505, -123.53379570467219, 20.0, 2020-11-12 01:37:30, 388146.02839335083, 300.0 
 48.62574764624853, -123.55460523816322, 44.61538461538461, 2020-11-12 01:40:00, 207464.1477003396, 150.0 
 48.512297286165264, -123.59589614768339, 20.0, 2020-11-12 01:42:30, 101835.42151403351, 150.0 
 48.563666465585655, -123.48442512769446, 25.517241379310345, 2020-11-12 01:45:00, 175965.1327711624, 150.0 
 48.61768118302672, -123.51633280554302, 36.326530612244895, 2020-11-12 01:47:30, 178229.2126714409, 150.0 
 48.65574657136836, -123.77101915318359, 20.0, 2020-11-12 01:50:00, 120949.19862349833, 150.0 
 48.48855422391049, -123.0829732330153, 28.461538461538463, 2020-11-12 01:55:00, 340713.332700098, 300.0 
 48.6231431551472, -123.53420642710769, 31.538461538461537, 2020-11-12 01:57:30, 368597.61100863945, 300.0 
 48.4693515166075, -123.62121815813605, 33.07692307692308, 2020-11-12 02:00:00, 93034.16630687292, 150.0 
 48.431344703154664, -123.52427884071079, 20.0, 2020-11-12 02:02:30, 156405.7245198199, 150.0 
 48.50178595122523, -123.44530725149079, 25.517241379310345, 2020-11-12 02:05:00, 133377.5073073498, 150.0 
 48.438368845866606, -123.19219790873625, 53.793103448275865, 2020-11-12 02:15:00, 189460.22477187394, 300.0 
 48.35644102752805, -123.68871713233058, 60.0, 2020-11-12 02:17:30, 316646.7197458882, 300.0 
 48.22665628077956, -123.55089117700219, 60.0, 2020-11-12 02:20:00, 292976.4093230788, 300.0 
 48.41957879147482, -123.67372503138945, 20.0, 2020-11-12 02:22:30, 152558.02197749104, 150.0 
 48.39445337781278, -123.6598771755363, 20.0, 2020-11-12 02:27:30, 213806.02744452722, 150.0 
 48.42899757037241, -123.54097203060371, 20.0, 2020-11-12 02:30:00, 110655.36112099342, 150.0 
 48.57953836613417, -123.41300424925745, 35.51020408163265, 2020-11-12 02:32:30, 125807.61097633663, 150.0 
 48.361826202202835, -123.50567100632914, 27.586206896551726, 2020-11-12 02:35:00, 168140.47296102266, 300.0 
 48.58062401942009, -123.5014654061583, 22.758620689655174, 2020-11-12 02:40:00, 150573.48086442516, 150.0 
 48.509618843644354, -123.44949603572138, 33.07692307692308, 2020-11-12 02:42:30, 105726.55395093335, 150.0 
 48.640744074339835, -123.4701197160457, 40.0, 2020-11-12 02:45:00, 148538.53077018025, 150.0 
 48.6251524415635, -123.52798168719701, 24.827586206896548, 2020-11-12 02:47:30, 148603.0194581686, 150.0 
 48.38536019192903, -123.80360791159436, 60.0, 2020-11-12 02:55:00, 101095.9166973072, 300.0 
 48.418785493720776, -123.75453372619123, 20.0, 2020-11-12 02:57:30, 107293.79511350507, 150.0 
 48.5536568165561, -123.64476568553036, 34.61538461538461, 2020-11-12 03:02:30, 50901.48850775984, 150.0 
 48.531430172117766, -123.40398959368241, 33.07692307692308, 2020-11-12 03:05:00, 80811.53428891054, 150.0 
 48.29339608336108, -123.52463334302685, 20.0, 2020-11-12 03:27:30, 281164.952548322, 300.0 
 48.48346117872876, -123.58087565081942, 60.0, 2020-11-12 03:30:00, 87369.56665600484, 150.0 
 48.66806186439598, -123.69216758134371, 20.0, 2020-11-12 03:37:30, 204863.32389627324, 150.0 
 48.53803529048304, -123.51639024582747, 20.0, 2020-11-12 03:40:00, 168782.07192170338, 150.0 
 48.79345321539827, -123.80986872932299, 20.0, 2020-11-12 03:50:00, 179967.58426347305, 300.0 
 48.53040813470139, -123.60304637285549, 20.0, 2020-11-12 03:57:30, 101123.4931139755, 300.0 
 48.5400694050594, -123.57323377968525, 20.0, 2020-11-12 04:00:00, 44709.628259339064, 150.0 
 48.61456143169879, -123.60183166066967, 55.86206896551724, 2020-11-12 04:20:00, 42197.79008388202, 300.0 
 48.56670292948088, -123.62974020070747, 20.0, 2020-11-12 04:30:00, 19726.38494180141, 300.0 
 48.52183949380061, -123.6798055985719, 20.0, 2020-11-12 05:25:00, 73882.53248433721, 300.0 
 48.66117541670742, -123.63771874939975, 20.0, 2020-11-12 05:35:00, 78457.28217526936, 300.0 
 48.657951625154205, -123.64767913271919, 43.846153846153854, 2020-11-12 05:37:30, 45036.27509140948, 150.0 
 48.26858760852062, -123.5004247595987, 47.69230769230769, 2020-11-12 05:47:30, 61190.56654105736, 300.0 
 48.692549626403085, -123.6670527142399, 26.923076923076923, 2020-11-12 05:57:30, 278329.55577412545, 300.0 
 48.547012589679305, -123.7029749538898, 25.51724137931034, 2020-11-12 06:25:00, 193664.28948151367, 150.0 
 48.52055871745225, -123.67116926410559, 20.0, 2020-11-12 06:35:00, 190150.4555295009, 300.0 
 48.51461313937493, -123.57300155278065, 20.0, 2020-11-12 06:37:30, 119790.42630377313, 150.0 
 48.61112169197041, -123.51767678169382, 34.61538461538461, 2020-11-12 06:42:30, 275586.18135217926, 150.0 
 48.50476913244463, -123.51506905579456, 60.0, 2020-11-12 06:50:00, 110831.38578358041, 150.0 
 48.53160438848678, -123.53627204683713, 20.0, 2020-11-12 06:52:30, 59557.65319510175, 150.0 
 48.54504061273053, -123.51998689808194, 23.448275862068968, 2020-11-12 07:05:00, 82245.08431398621, 150.0 
 48.48648952068028, -123.67223733831034, 46.92307692307692, 2020-11-12 07:10:00, 54023.273036900355, 150.0 
 48.58385763812323, -123.8504045308575, 30.76923076923077, 2020-11-12 07:17:30, 265133.73939517024, 150.0 
 48.54453913466319, -123.7011519204757, 20.0, 2020-11-12 07:20:00, 342903.4260569209, 150.0 
 48.49827230126669, -123.58559582965117, 20.0, 2020-11-12 07:25:00, 239883.2884116424, 150.0 
 48.60839693782351, -123.42795638843695, 46.153846153846146, 2020-11-12 07:32:30, 216837.1688650948, 150.0 
 48.47347708540273, -123.56126855008819, 20.0, 2020-11-12 07:42:30, 192819.69229702282, 150.0 
 48.51412489988718, -123.44818135592722, 23.076923076923077, 2020-11-12 07:52:30, 317394.72363407735, 150.0 
 48.52681815012134, -123.44363179399082, 26.206896551724142, 2020-11-12 07:55:00, 370840.1024357032, 150.0 
 48.51221776643142, -123.58353987674957, 40.40816326530613, 2020-11-12 07:57:30, 234575.39881950108, 150.0 
 48.55659101557543, -123.47155833199216, 33.87755102040816, 2020-11-12 08:02:30, 93648.74314272183, 150.0 
 48.61052077401562, -123.29108859966799, 40.408163265306115, 2020-11-12 08:05:00, 114935.35823920442, 150.0 
 48.617576769054416, -123.44698706207011, 33.84615384615385, 2020-11-12 08:12:30, 145954.82481960542, 150.0 
 48.61365715597293, -123.58884309996515, 20.0, 2020-11-12 08:30:00, 41936.58969589124, 150.0 
 48.519905476622924, -123.45240551363443, 44.827586206896555, 2020-11-12 08:32:30, 44464.14717875314, 150.0 
 48.50338954309223, -123.44033649161385, 20.0, 2020-11-12 08:40:00, 158185.60088800048, 300.0 
 48.34599462951841, -123.32423514276401, 20.689655172413797, 2020-11-12 09:02:30, 45215.00812880262, 150.0 
 48.5655225159457, -123.57346944351256, 20.000000000000004, 2020-11-12 09:15:00, 42315.98129942025, 150.0 
 48.51646175378199, -123.6051044588566, 20.0, 2020-11-12 09:25:00, 57560.873988939034, 300.0 
 48.70164972269317, -123.75562214711118, 20.0, 2020-11-12 09:35:00, 124418.31053553509, 300.0 
 48.670363705090466, -123.73862725222416, 20.0, 2020-11-12 09:37:30, 82102.56258918844, 150.0 
 48.55181583902295, -123.75733611558765, 37.142857142857146, 2020-11-12 10:35:00, 63074.27769529739, 300.0 
 48.5775170435699, -123.58690024407261, 20.0, 2020-11-12 10:50:00, 62188.18025905829, 150.0 
 48.6734564371006, -123.5079930916043, 32.307692307692314, 2020-11-12 10:52:30, 111101.69117721314, 150.0 
 48.63827163732853, -123.52529673558436, 33.07692307692307, 2020-11-12 11:07:30, 129855.48620483016, 150.0 
 48.52443552059869, -123.45417969556793, 20.689655172413794, 2020-11-12 11:10:00, 169398.134861048, 150.0 
 48.52311879513292, -123.3917801428658, 20.0, 2020-11-12 11:12:30, 177866.71452252433, 150.0 
 48.570514163404326, -123.58329321915211, 30.769230769230777, 2020-11-12 11:15:00, 119582.20493173486, 150.0 
 48.45390576252994, -123.64674096338572, 20.000000000000004, 2020-11-12 11:17:30, 64852.31536184229, 150.0 
 48.49383860656212, -123.66534566761688, 20.0, 2020-11-12 11:30:00, 75568.78461720454, 150.0 
 48.49971867659877, -123.61893957247868, 20.0, 2020-11-12 11:32:30, 101299.33776057124, 150.0 
 48.59811558723044, -123.66520247848165, 54.482758620689665, 2020-11-12 11:35:00, 92416.41473388363, 150.0 
 48.48144932843202, -123.58708135884513, 20.0, 2020-11-12 11:37:30, 90326.4552831108, 150.0 
 48.327242781726895, -123.84362026610876, 29.230769230769234, 2020-11-12 11:52:30, 77954.13375853079, 150.0 
 48.37186797508531, -123.73227332678101, 50.0, 2020-11-12 11:55:00, 83244.55137234494, 150.0 
 48.47100372731553, -123.86074195211852, 33.07692307692307, 2020-11-12 12:00:00, 192901.35033003826, 150.0 
 48.69897135089396, -123.89270539329117, 60.00000000000001, 2020-11-12 12:05:00, 258328.03968470206, 300.0 
 48.49497230481996, -123.58317222540829, 20.000000000000004, 2020-11-12 12:10:00, 68239.45669041896, 150.0 
 48.45680183156432, -123.6504045194556, 20.000000000000004, 2020-11-12 12:12:30, 91946.8875214371, 150.0 
 48.50462164701106, -123.76096313320213, 20.000000000000004, 2020-11-12 12:15:00, 173321.02900291805, 150.0 
 48.50867401438351, -123.60707094622204, 20.0, 2020-11-12 12:17:30, 126516.5497366096, 150.0 
 48.57500085764485, -123.57889483550322, 33.07692307692307, 2020-11-12 12:20:00, 222215.05019280297, 150.0 
 48.54343267823194, -123.52495783782808, 29.230769230769234, 2020-11-12 12:22:30, 240933.42219386582, 150.0 
 48.567213888496255, -123.58086793364026, 30.769230769230774, 2020-11-12 12:25:00, 253373.13641542522, 150.0 
 48.58390766725053, -123.86277635405823, 20.0, 2020-11-12 12:27:30, 362098.7790938568, 150.0 
 48.50698449177299, -123.59968046012239, 20.0, 2020-11-12 12:30:00, 183908.07325494292, 150.0 
 48.371945105729985, -123.83209722824327, 35.51020408163266, 2020-11-12 12:47:30, 348266.9607941669, 300.0 
 48.46789871587492, -123.80767565157461, 42.85714285714286, 2020-11-12 12:52:30, 628898.1934413596, 150.0 
 48.47061294191717, -123.50388804440607, 20.689655172413794, 2020-11-12 13:00:00, 620428.1577256989, 300.0 
 48.632263976563124, -123.5470704701905, 39.59183673469387, 2020-11-12 13:02:30, 424373.8770477354, 150.0 
 48.70274591684285, -123.47092609873988, 52.413793103448285, 2020-11-12 13:05:00, 271552.69829091086, 150.0 
 48.43433000617437, -123.54027154345874, 42.857142857142854, 2020-11-12 13:37:30, 166514.5980757899, 300.0 
 48.42279962515666, -124.05732913137065, 20.0, 2020-11-12 23:40:00, 195292.2365042603, 300.0 
 48.446995352052674, -123.84516438578109, 40.0, 2020-11-13 00:07:30, 519492.0610088004, 300.0 
 48.45946179771017, -123.65941954687281, 60.0, 2020-11-13 00:10:00, 398156.36653670727, 300.0 
 48.45765174614909, -123.6544218138209, 56.551724137931025, 2020-11-13 00:12:30, 395949.9582146808, 300.0 
 48.363683964187345, -123.69240494591143, 60.0, 2020-11-13 00:20:00, 379762.46056173585, 150.0 
 48.41225547613902, -123.85553706533557, 20.0, 2020-11-13 00:22:30, 384059.969332871, 150.0 
 48.58012206681933, -123.5710791901423, 54.48275862068965, 2020-11-13 00:32:30, 426463.44645996153, 300.0 
 48.515213351032685, -123.86731478088649, 59.99999999999999, 2020-11-13 00:35:00, 193416.5009134365, 150.0 
 48.47961781162156, -123.884471847486, 30.344827586206897, 2020-11-13 00:37:30, 916555.6816002774, 300.0 
 48.48064008722804, -123.69202030750212, 20.0, 2020-11-13 00:40:00, 166567.28361517182, 150.0 
 48.490976242775645, -123.71711550713827, 60.0, 2020-11-13 00:47:30, 327338.4593154349, 150.0 
 48.27595992847646, -123.85036840316798, 30.0, 2020-11-13 00:52:30, 134721.15592623883, 150.0 
 48.679639678622735, -123.39276959574225, 20.0, 2020-11-13 01:00:00, 899735.8497870353, 300.0 
 48.399694418543845, -123.75127899691417, 20.0, 2020-11-13 01:02:30, 469135.3335232609, 300.0 
 48.42205230123601, -123.69611066740995, 30.612244897959183, 2020-11-13 01:05:00, 282425.6293939448, 150.0 
 48.23021439924074, -123.96695995715935, 55.862068965517246, 2020-11-13 01:07:30, 171218.11241702051, 300.0 
 48.40736198217947, -123.66394931528102, 20.0, 2020-11-13 01:27:30, 187066.47809106155, 300.0 
 48.49544772985956, -123.81026608543283, 32.30769230769231, 2020-11-13 07:37:30, 77316.39123713916, 150.0 
 48.581385539448924, -123.75915088944646, 30.769230769230766, 2020-11-13 07:40:00, 128251.43183553379, 150.0 
 48.55093636254594, -123.80120837141067, 20.0, 2020-11-13 07:45:00, 257325.5940523038, 300.0 
 48.54822904710827, -123.80494442625977, 20.0, 2020-11-13 07:47:30, 108630.1257198427, 150.0 
 48.577977606843916, -123.96259526301249, 20.0, 2020-11-13 07:50:00, 127078.11745867878, 150.0 
 48.545408264852924, -123.90065452558395, 20.0, 2020-11-13 07:52:30, 184882.32670455656, 150.0 
 48.665888478017195, -123.64206655492234, 40.0, 2020-11-13 08:00:00, 118303.10540111961, 150.0 
 48.5256599261146, -123.84356228178389, 33.87755102040816, 2020-11-13 08:02:30, 58997.288743669655, 150.0 
 48.47401402884042, -123.83231192528973, 33.84615384615385, 2020-11-13 08:05:00, 208214.98635050489, 150.0 
 48.3636072326004, -123.80842353911913, 20.0, 2020-11-13 08:07:30, 39837.862714351955, 150.0 
 48.51528448390065, -123.84286946131522, 20.0, 2020-11-13 08:12:30, 261559.9377025747, 300.0 
 48.53888816143083, -123.87966140826448, 20.0, 2020-11-13 08:15:00, 370047.3754104798, 150.0 
 48.57928876762099, -123.5778829217047, 20.0, 2020-11-13 08:32:30, 135504.03950995058, 300.0 
 48.449085685377916, -123.65876769189016, 33.84615384615385, 2020-11-13 08:40:00, 193035.2495094507, 300.0 
 48.369381571755184, -123.87706674314023, 33.87755102040816, 2020-11-13 08:55:00, 67525.40901899892, 300.0 
 48.436608028869514, -123.86693879682838, 33.84615384615385, 2020-11-13 09:22:30, 141832.41421973176, 300.0 
 48.6562333732179, -123.93172932283557, 30.0, 2020-11-13 11:00:00, 88850.67545000864, 300.0 
 48.52860637824027, -123.76452323048282, 31.53846153846154, 2020-11-13 11:05:00, 147011.75249213947, 300.0 
 48.55453020627286, -123.72119435619014, 33.87755102040816, 2020-11-13 11:12:30, 444473.5597326211, 300.0 
 48.484905132572536, -123.79295717744101, 20.0, 2020-11-13 11:17:30, 366065.94579594594, 300.0 
 48.500181561063926, -123.82621555073459, 20.0, 2020-11-13 11:25:00, 70174.12946534088, 150.0 
 48.45264830143141, -123.7625202423462, 20.0, 2020-11-13 12:05:00, 249191.50117118855, 300.0 
 48.48580817639488, -123.78421983500778, 33.07692307692307, 2020-11-13 12:07:30, 120538.82393674887, 150.0 
 48.529045441361426, -123.65695687711555, 33.07692307692308, 2020-11-13 12:10:00, 44873.571826431355, 150.0 
 48.47024248934466, -123.76072858447887, 28.275862068965516, 2020-11-13 12:15:00, 416136.1103626328, 150.0 
 48.44941665888671, -123.85118626524338, 26.896551724137932, 2020-11-13 12:20:00, 509729.4966238407, 150.0 
 48.41633315672701, -123.8050613504011, 35.38461538461538, 2020-11-13 12:32:30, 263012.7329667652, 150.0 
 48.469789038958965, -123.8212855895916, 33.84615384615385, 2020-11-13 13:27:30, 428142.6858431694, 300.0 
 48.490119917136305, -123.70142232759773, 36.326530612244895, 2020-11-13 13:30:00, 123823.0589865021, 150.0 
 48.465556366364, -123.74284294147353, 34.69387755102041, 2020-11-13 13:32:30, 127633.25924757746, 150.0 
 48.50266113755599, -123.83029063007744, 21.379310344827587, 2020-11-13 13:47:30, 227346.51743784, 300.0 
 48.48076030183636, -123.86793314024773, 20.0, 2020-11-13 13:50:00, 209186.8520085003, 150.0 
 48.49338053887615, -123.88051546907434, 19.999999999999996, 2020-11-13 15:17:30, 885007.2104157548, 300.0 
 48.363496047237085, -123.90006968542446, 42.85714285714286, 2020-11-13 20:25:00, 548336.8627773292, 300.0 
 48.45574071574376, -123.83500195829609, 24.13793103448276, 2020-11-13 20:27:30, 271930.6130437519, 150.0 
 48.55137051885213, -123.7180561564442, 33.07692307692308, 2020-11-13 20:40:00, 845751.6896816067, 300.0 
 48.45257261328494, -123.85432671656868, 20.0, 2020-11-13 20:42:30, 544021.6544568525, 150.0 
 48.41831473729044, -123.89206191875283, 24.827586206896548, 2020-11-13 20:45:00, 713460.3464484124, 150.0 
 48.454604226055224, -123.85153165848003, 24.137931034482758, 2020-11-13 20:47:30, 1013577.1449236327, 150.0 
 48.3447975006304, -124.00213425811191, 22.758620689655167, 2020-11-13 20:52:30, 1415526.8562605323, 300.0 
 48.49573127436441, -123.80051076221898, 24.82758620689655, 2020-11-13 21:12:30, 257497.43135146706, 150.0 
 48.27234350156648, -123.87059851084109, 22.068965517241377, 2020-11-13 00:10:00, 200593.23305780784, 150.0 
 48.40925277446448, -123.82123686269219, 26.206896551724135, 2020-11-13 00:17:30, 1125848.2267653903, 300.0 
 48.274576988565585, -123.66085457548313, 43.84615384615386, 2020-11-13 00:25:00, 432656.59158971225, 150.0 
 48.31363461667159, -123.74466056760599, 20.0, 2020-11-13 00:27:30, 246966.54241994862, 150.0 
 48.38859866039366, -123.79371274534655, 20.0, 2020-11-13 00:30:00, 154886.5985917476, 150.0 
 48.2477606539592, -123.7896862438415, 24.13793103448276, 2020-11-13 00:35:00, 345716.2041898013, 300.0 
 48.75210020055847, -123.60294108655016, 54.48275862068965, 2020-11-13 00:40:00, 833253.5266339156, 300.0 
 48.52265880159506, -123.75581249844633, 32.30769230769231, 2020-11-13 00:45:00, 273141.99581538327, 300.0 
 48.48593730264716, -123.8025501405653, 60.0, 2020-11-13 00:50:00, 203955.25532401798, 150.0 
 48.5118200829654, -123.90484546043382, 24.82758620689655, 2020-11-13 00:57:30, 445422.34429601027, 300.0 
 48.4537600951272, -123.86028110539729, 24.827586206896548, 2020-11-13 01:00:00, 401901.18952508876, 150.0 
 48.4290229073204, -123.83584379140461, 20.0, 2020-11-13 07:35:00, 187555.30279842168, 300.0 
 48.49797425834578, -123.83145674897006, 20.000000000000004, 2020-11-13 07:57:30, 140726.89467455586, 300.0 
 48.38583603031799, -123.81778012223654, 20.000000000000004, 2020-11-13 08:17:30, 61055.62616429336, 150.0 
 48.403880527284514, -123.91254659763038, 20.0, 2020-11-13 08:22:30, 73520.97077098215, 300.0 
 48.406327075630514, -123.90820945313631, 35.51020408163266, 2020-11-13 08:25:00, 36264.17153662238, 150.0 
 48.34505874176095, -124.00110177135035, 23.448275862068964, 2020-11-13 08:37:30, 509670.0447840805, 300.0 
 48.47723983717852, -123.99775884988347, 45.38461538461538, 2020-11-13 09:25:00, 70639.72610944569, 150.0 
 48.65832963252586, -123.89182805263468, 56.55172413793103, 2020-11-13 11:02:30, 93911.08153987363, 150.0 
 48.68694310692403, -124.14825539192717, 57.241379310344826, 2020-11-13 11:05:00, 145245.08843733423, 150.0 
 48.51222591897222, -123.90360622459251, 30.0, 2020-11-13 11:07:30, 190613.83226391327, 300.0 
 48.602137797246826, -123.80689773640283, 46.15384615384615, 2020-11-13 11:20:00, 285502.1651696682, 150.0 
 48.63803178081123, -123.84740419885347, 20.0, 2020-11-13 11:22:30, 155437.05300482558, 150.0 
 48.68918136257574, -123.80970875769455, 20.0, 2020-11-13 11:30:00, 756757.7557342112, 300.0 
 48.47595265799039, -123.56308316906757, 32.30769230769231, 2020-11-13 12:00:00, 95829.71956024297, 300.0 
 48.410779199329255, -123.89152237117123, 21.379310344827584, 2020-11-13 12:12:30, 155588.6680310115, 150.0 
 48.43050547122764, -123.71862247737987, 20.0, 2020-11-13 12:17:30, 202281.07110661888, 150.0 
 48.47749449869019, -124.09962563935316, 46.92307692307692, 2020-11-13 12:22:30, 344748.008574218, 150.0 
 48.49167598331751, -123.80063798593017, 20.0, 2020-11-13 12:27:30, 767337.4490442629, 300.0 
 48.44297311875026, -123.83385594804591, 20.0, 2020-11-13 12:30:00, 393805.7421435022, 150.0 
 48.49033054291284, -123.98284794312832, 20.0, 2020-11-13 12:35:00, 321330.5051102586, 150.0 
 48.53371768101302, -123.83790035743834, 53.79310344827585, 2020-11-13 13:17:30, 252660.78639960714, 300.0 
 48.55057827804274, -123.95212930003746, 20.0, 2020-11-13 13:20:00, 117384.77462640306, 150.0 
 48.65643239000596, -123.93521494976817, 35.51020408163266, 2020-11-13 13:32:30, 188068.40913371593, 300.0 
 48.5267485933513, -123.75267492858445, 33.07692307692308, 2020-11-13 14:27:30, 152533.47251899235, 300.0 
 48.52550756833634, -123.83798012631594, 46.153846153846146, 2020-11-13 14:30:00, 117122.12567226624, 150.0 
 48.3069073250234, -123.88997209768537, 20.0, 2020-11-13 20:37:30, 441386.811352435, 300.0 
 48.654801250107596, -123.67003200293395, 20.0, 2020-11-13 20:45:00, 1450863.060653858, 300.0 
 48.33603341529133, -123.7105320588446, 20.0, 2020-11-13 21:10:00, 339031.3931443039, 300.0 
 48.518509901363295, -123.75408789275035, 20.0, 2020-11-14 00:10:00, 653971.1393451364, 300.0 
 48.64311690006992, -123.47397940755047, 45.38461538461539, 2020-11-14 00:35:00, 1063839.371720594, 300.0 
 48.5261059744484, -123.57461517600579, 20.0, 2020-11-14 00:40:00, 543950.1029289144, 300.0 
 48.33253402091445, -123.66802019517854, 60.00000000000001, 2020-11-14 00:52:30, 758567.0225990522, 300.0 
 48.391054695902056, -123.84729985381307, 20.0, 2020-11-14 01:00:00, 174052.1452661015, 150.0 
 48.415939552787876, -123.79624998847804, 35.51020408163265, 2020-11-14 01:05:00, 289025.8042420359, 150.0 
 48.42157745716528, -123.80345276008168, 40.0, 2020-11-14 01:12:30, 601437.4679922656, 300.0 
 48.60220123907954, -123.89177155378484, 20.0, 2020-11-14 09:57:30, 263056.81210243516, 300.0 
 48.49840391106875, -123.63742977561651, 47.6923076923077, 2020-11-14 10:00:00, 110128.24303191886, 150.0 
 48.578991455391574, -123.86376571924659, 26.153846153846157, 2020-11-14 10:07:30, 136358.4935082107, 150.0 
 48.52089645981308, -123.37676310186768, 33.07692307692308, 2020-11-14 10:12:30, 168685.12636097986, 300.0 
 48.4981027733989, -123.89647326639314, 20.0, 2020-11-14 10:25:00, 351486.36765477847, 300.0 
 48.485191516192266, -123.89364525984014, 22.307692307692307, 2020-11-14 10:27:30, 285707.6111084281, 150.0 
 48.579752386511586, -123.77079551382039, 33.06122448979592, 2020-11-14 10:30:00, 174264.71099921418, 150.0 
 48.495708948783, -123.7105759511311, 35.38461538461539, 2020-11-14 10:32:30, 232339.19255300297, 150.0 
 48.4398650797761, -123.68650705680363, 35.51020408163265, 2020-11-14 10:50:00, 173322.18202047487, 150.0 
 48.52852861022291, -123.85646800082037, 60.0, 2020-11-14 10:55:00, 114267.5818343025, 150.0 
 48.459172301458985, -123.85085907534905, 30.769230769230774, 2020-11-14 11:15:00, 203462.06251842555, 150.0 
 48.47475663662012, -123.78447092741187, 20.0, 2020-11-14 11:20:00, 645905.1000068713, 300.0 
 48.50414350302481, -123.89004018354623, 20.0, 2020-11-14 11:30:00, 217277.7490134949, 150.0 
 48.52702429572612, -123.75170634834669, 20.0, 2020-11-14 11:32:30, 147331.11976667706, 150.0 
 48.52086179145005, -123.85204395184803, 20.0, 2020-11-14 11:35:00, 73232.38815348025, 150.0 
 48.57070641735372, -123.85831497450269, 20.0, 2020-11-14 12:30:00, 89897.90513676246, 150.0 
 48.44601659709288, -123.87830934460152, 31.53846153846154, 2020-11-14 12:42:30, 220325.88338182835, 300.0 
 48.51806134298763, -123.94574737187853, 28.27586206896552, 2020-11-14 12:47:30, 330314.2064820895, 300.0 
 48.5430415867591, -123.80460253432501, 20.0, 2020-11-14 13:22:30, 201955.77122090128, 300.0 
 48.45313174991439, -123.92273796125676, 25.51724137931034, 2020-11-14 13:35:00, 268981.87605695694, 150.0 
 48.49314778152389, -123.88831894463732, 29.230769230769226, 2020-11-14 13:40:00, 527016.1801151448, 300.0 
 48.53198964698126, -123.66790068759204, 20.0, 2020-11-14 13:42:30, 53864.21936454877, 150.0 
 48.64555712478353, -123.76431200564691, 20.0, 2020-11-14 13:50:00, 145624.44318823318, 300.0 
 48.48224788508185, -123.9051748627893, 20.0, 2020-11-14 14:22:30, 231973.78512312527, 150.0 
 48.501085919982756, -123.81747859123526, 32.30769230769231, 2020-11-14 14:35:00, 85798.13529415133, 150.0 
 48.63015274201072, -123.52220890964455, 20.0, 2020-11-14 14:42:30, 159148.08336172832, 300.0 
 48.61462809677322, -123.99648690344125, 35.38461538461538, 2020-11-14 14:47:30, 155996.6132271617, 300.0 
 48.61734182784749, -123.99275723409617, 26.20689655172414, 2020-11-14 14:50:00, 72512.8820040459, 150.0 
 48.54430789393653, -123.87219969158065, 60.0, 2020-11-14 15:30:00, 178386.617224379, 150.0 
 48.68626672250376, -123.43828800056777, 60.0, 2020-11-14 15:35:00, 304110.56666548195, 300.0 
 48.403967533361154, -123.85010861767228, 36.326530612244895, 2020-11-14 15:42:30, 107019.46010563747, 300.0 
 48.56214349620167, -123.6110832691009, 44.48979591836734, 2020-11-14 16:57:30, 209008.1206585198, 300.0 
 48.56041196657779, -123.78813217943882, 43.07692307692307, 2020-11-14 17:00:00, 105506.38530232449, 150.0 
 48.49781113276366, -123.90622740136787, 33.07692307692308, 2020-11-14 17:05:00, 218391.72280101184, 150.0 
 48.54146607724469, -123.7692701022618, 33.84615384615385, 2020-11-14 21:30:00, 216994.60510353037, 300.0 
 48.53605301806789, -123.77674267012335, 30.76923076923077, 2020-11-14 21:32:30, 144525.63126426106, 150.0 
 48.53198441872759, -123.8273583179066, 29.230769230769234, 2020-11-14 21:45:00, 273454.7512502987, 150.0 
 48.49848883487508, -123.9052958645924, 30.0, 2020-11-14 21:50:00, 399273.7758555653, 150.0 
 48.52091932004915, -123.85009177873266, 20.0, 2020-11-14 22:02:30, 345045.5914966221, 300.0 
 48.47982927242732, -123.89914704249964, 23.07692307692308, 2020-11-14 22:20:00, 549987.9698241829, 150.0 
 48.40126953046423, -123.83139361550744, 29.230769230769234, 2020-11-14 22:35:00, 1598332.1568147007, 300.0 
 48.805800093444525, -123.72661198684929, 60.0, 2020-11-14 22:40:00, 326465.8968067928, 300.0 
 48.48865752060386, -123.86455743516747, 20.689655172413797, 2020-11-14 22:47:30, 318371.30983208516, 150.0 
 48.518369064989436, -123.87045945228341, 34.69387755102041, 2020-11-14 22:50:00, 68937.9375120968, 150.0 
 48.475433302263454, -123.78353797674413, 21.379310344827587, 2020-11-14 22:57:30, 156826.8824398493, 150.0 
 48.59963323882769, -123.39695881914878, 58.62068965517241, 2020-11-14 23:02:30, 390766.40618101426, 300.0 
 48.548636967120906, -123.62981665234491, 20.0, 2020-11-14 23:05:00, 97731.28311630462, 150.0 
 48.50760533620477, -123.86093893748921, 20.0, 2020-11-14 23:12:30, 105465.89312092237, 300.0 
 48.42129400373843, -123.81319585195192, 20.000000000000004, 2020-11-14 23:15:00, 130044.3242979156, 150.0 
 48.470465954969875, -123.7529287326022, 20.0, 2020-11-14 23:20:00, 250701.0184256558, 150.0 
 48.50497658818949, -123.75027595588986, 20.0, 2020-11-14 23:22:30, 131566.90855512387, 150.0 
 48.50109103747282, -123.77251819430421, 35.38461538461539, 2020-11-14 23:32:30, 174458.96736148227, 300.0 
 48.52882826653997, -123.6647673961165, 33.84615384615385, 2020-11-14 23:35:00, 48062.22627316108, 150.0 
 48.3810014536639, -124.02903329703122, 20.0, 2020-11-14 23:45:00, 159629.83829508955, 300.0 
 48.526342649525816, -123.66069867356791, 20.0, 2020-11-14 23:52:30, 159327.10610345597, 150.0 
 48.480644276526775, -123.65563811238299, 23.448275862068968, 2020-11-14 00:17:30, 877908.6272110874, 300.0 
 48.31787999385797, -123.4491424670164, 20.0, 2020-11-14 00:27:30, 543183.6030347489, 300.0 
 48.52010519330581, -123.59701805764874, 20.0, 2020-11-14 00:50:00, 436109.13851821545, 300.0 
 48.58208086937001, -123.66108309457258, 20.0, 2020-11-14 00:52:30, 278791.4114070651, 150.0 
 48.23078605747036, -123.61657477124422, 60.0, 2020-11-14 00:55:00, 292795.3108078104, 150.0 
 48.42285180334895, -123.83281932566094, 34.69387755102041, 2020-11-14 00:57:30, 467969.089988918, 300.0 
 48.374744855456804, -123.73285494486298, 30.0, 2020-11-14 01:02:30, 143226.71822877982, 150.0 
 48.72919694934345, -123.68642567744773, 20.0, 2020-11-14 01:12:30, 912025.1481065702, 300.0 
 48.657900277387995, -123.7108835020543, 20.0, 2020-11-14 01:15:00, 442104.70643007476, 150.0 
 48.40800879337743, -124.0524786551215, 60.0, 2020-11-14 01:30:00, 429166.833251192, 300.0 
 48.53935955359296, -123.72965881629239, 19.999999999999996, 2020-11-14 09:42:30, 667768.0569727403, 300.0 
 48.36522214671104, -123.64609276983958, 20.0, 2020-11-14 09:45:00, 235873.5586948139, 150.0 
 48.52517281921827, -123.61919170999286, 20.0, 2020-11-14 09:47:30, 132141.46278866194, 150.0 
 48.61581606654389, -123.74917409470399, 20.0, 2020-11-14 10:05:00, 535215.5787588628, 300.0 
 48.19943501906516, -123.59368459726466, 25.384615384615387, 2020-11-14 10:07:30, 146414.47748573055, 300.0 
 48.35026112726722, -123.61673421117445, 33.846153846153854, 2020-11-14 10:15:00, 342162.96085599344, 300.0 
 48.502414638422934, -123.81473213880776, 20.0, 2020-11-14 10:17:30, 105940.7961093823, 150.0 
 48.69549294607859, -123.95350997453018, 23.448275862068968, 2020-11-14 10:40:00, 670719.8499424284, 300.0 
 48.65353505733101, -123.92842231180416, 20.0, 2020-11-14 10:42:30, 377868.76997500577, 150.0 
 48.441093311682465, -123.6327219479663, 20.0, 2020-11-14 10:45:00, 276444.9775171778, 300.0 
 48.45708669183609, -123.69977445192904, 20.0, 2020-11-14 10:47:30, 192693.42807891007, 150.0 
 48.62855181091001, -123.75088290686845, 20.0, 2020-11-14 10:52:30, 264019.23093024985, 150.0 
 48.58522330252245, -123.88379931885191, 29.23076923076923, 2020-11-14 11:00:00, 366846.9047316426, 300.0 
 48.327242781726895, -123.84362026610876, 44.61538461538462, 2020-11-14 11:12:30, 221450.35822446103, 300.0 
 48.57446792697112, -123.8634826496621, 20.0, 2020-11-14 11:22:30, 691831.372537102, 150.0 
 48.566663197529124, -123.86231703828295, 20.0, 2020-11-14 11:25:00, 609936.1714190263, 150.0 
 48.577811853854996, -123.87829916623502, 33.84615384615385, 2020-11-14 11:27:30, 739745.1048816405, 150.0 
 48.48370675248113, -123.96560121565466, 34.693877551020414, 2020-11-14 11:50:00, 190698.0103359778, 300.0 
 48.445391238298114, -123.82334424277289, 20.0, 2020-11-14 12:22:30, 259318.74964764857, 300.0 
 48.51194510307049, -123.67251595318524, 60.0, 2020-11-14 12:25:00, 116690.90694811441, 150.0 
 48.55320069800404, -124.00342675483753, 33.07692307692307, 2020-11-14 12:27:30, 157642.0834071658, 150.0 
 48.64966374760447, -123.78657597956669, 35.38461538461539, 2020-11-14 12:45:00, 149634.63255943728, 150.0 
 48.78524367867263, -123.80995325368815, 53.103448275862064, 2020-11-14 12:47:30, 144613.29478716254, 150.0 
 48.43446303109059, -123.85985153511882, 20.000000000000004, 2020-11-14 13:25:00, 209798.16575345912, 150.0 
 48.63178629779337, -123.74093768811102, 59.310344827586206, 2020-11-14 13:27:30, 302191.5999128787, 150.0 
 48.57885628344473, -123.74650855094303, 33.07692307692308, 2020-11-14 13:30:00, 340858.4126820866, 150.0 
 48.58765296063399, -123.99207222245563, 27.692307692307693, 2020-11-14 13:32:30, 277374.9808959049, 150.0 
 48.71809422088627, -123.84973501735965, 46.15384615384615, 2020-11-14 13:37:30, 378041.0359467672, 300.0 
 48.358123778141916, -123.8648774135576, 20.000000000000004, 2020-11-14 13:52:30, 82986.12927259074, 300.0 
 48.30448447291545, -123.9004544006873, 20.0, 2020-11-14 13:55:00, 49626.579274579366, 150.0 
 48.61040436995254, -123.81918968138466, 19.999999999999996, 2020-11-14 14:17:30, 341436.69978705444, 300.0 
 48.590002029881255, -123.95677868182385, 20.0, 2020-11-14 14:20:00, 209986.42686404663, 150.0 
 48.64711795005814, -123.860323883055, 20.0, 2020-11-14 14:25:00, 303651.013720328, 150.0 
 48.619387162221166, -123.90764416417883, 20.0, 2020-11-14 14:27:30, 333951.5231477751, 150.0 
 48.536541766324206, -123.92935859580959, 33.07692307692309, 2020-11-14 14:30:00, 237837.2585272955, 150.0 
 48.646539938391335, -123.59455364546677, 44.61538461538462, 2020-11-14 14:32:30, 168763.3316663711, 300.0 
 48.80741608880141, -123.58659934473204, 53.793103448275865, 2020-11-14 14:35:00, 352224.9837616647, 300.0 
 48.67225076549377, -123.70761071881375, 46.15384615384615, 2020-11-14 14:37:30, 99431.5889610103, 150.0 
 48.53127398215497, -123.75447575203684, 60.0, 2020-11-14 15:25:00, 292490.0301473824, 300.0 
 48.439731180594194, -123.8437590288356, 20.0, 2020-11-14 15:27:30, 110517.7570156508, 150.0 
 48.410700061413245, -123.77929610070416, 48.46153846153846, 2020-11-14 15:32:30, 123100.43937636791, 150.0 
 48.44459408782829, -123.82890440765107, 20.0, 2020-11-14 15:37:30, 412559.60071525554, 300.0 
 48.64753640756389, -123.77110939557247, 55.172413793103445, 2020-11-14 15:40:00, 155009.03483557396, 150.0 
 48.46121594269746, -123.63367735837446, 20.0, 2020-11-14 15:47:30, 108584.4302092165, 300.0 
 48.65037691855689, -123.61742195354523, 34.61538461538462, 2020-11-14 15:50:00, 122813.76228347469, 150.0 
 48.411834836970584, -123.7601641603794, 20.0, 2020-11-14 15:52:30, 196729.35972110936, 300.0 
 48.694757308877975, -123.86483963622973, 43.6734693877551, 2020-11-14 16:15:00, 208862.1718563688, 300.0 
 48.56353342371369, -123.7213266405157, 60.0, 2020-11-14 16:17:30, 258173.5205923118, 150.0 
 48.60224116134222, -123.74375853475411, 58.62068965517241, 2020-11-14 16:20:00, 251657.9068303527, 150.0 
 48.546962053069, -123.77222892310893, 42.307692307692314, 2020-11-14 16:22:30, 108689.80394585221, 150.0 
 48.4568644471405, -123.91950970682373, 20.0, 2020-11-14 17:02:30, 209220.6820502462, 150.0 
 48.653752325338175, -123.63224542691637, 58.620689655172406, 2020-11-14 21:17:30, 457173.1585603905, 300.0 
 48.442210501268214, -123.68268897312602, 37.14285714285714, 2020-11-14 21:37:30, 314330.054308454, 300.0 
 48.44192159137504, -123.78388566460751, 20.0, 2020-11-14 21:40:00, 298888.0260313647, 150.0 
 48.55852803367311, -123.78694350912559, 32.307692307692314, 2020-11-14 21:42:30, 277962.83160283783, 150.0 
 48.67174749635399, -123.86009577049282, 60.0, 2020-11-14 21:47:30, 226815.00429233533, 150.0 
 48.75844604655376, -123.78539548465287, 57.93103448275862, 2020-11-14 21:50:00, 462851.32996793656, 300.0 
 48.627440666758204, -123.56201224566281, 58.62068965517241, 2020-11-14 21:52:30, 157348.31395915215, 150.0 
 48.663144784535696, -123.86451280622249, 51.724137931034484, 2020-11-14 21:55:00, 193341.70236966622, 150.0 
 48.61001061426565, -124.06434507417386, 51.72413793103448, 2020-11-14 22:00:00, 299128.2756212759, 300.0 
 48.75340387591548, -123.85125414736453, 20.0, 2020-11-14 22:02:30, 339822.68439611665, 150.0 
 48.66043375764167, -123.80690879442255, 20.0, 2020-11-14 22:05:00, 303088.4214926546, 150.0 
 48.60208136390713, -123.79452080353369, 20.0, 2020-11-14 22:07:30, 436394.28032736934, 150.0 
 48.61157136276097, -123.90337699598714, 20.0, 2020-11-14 22:10:00, 590314.4888260297, 150.0 
 48.708097559028275, -123.91806204918927, 60.0, 2020-11-14 22:12:30, 835406.7177227209, 150.0 
 48.570478031095966, -124.01630747446008, 31.538461538461544, 2020-11-14 22:15:00, 967017.3347611702, 150.0 
 48.62640070817611, -124.05187090616099, 60.00000000000001, 2020-11-14 22:17:30, 1024706.5248575294, 150.0 
 48.77030468909667, -123.86848610529881, 57.93103448275862, 2020-11-14 22:20:00, 782052.2336121165, 300.0 
 48.40590954847415, -123.90636300161297, 51.0344827586207, 2020-11-14 22:22:30, 315526.4600552363, 300.0 
 48.50211936151459, -123.946936705752, 20.0, 2020-11-14 22:25:00, 936241.5693586982, 150.0 
 48.52520398826839, -123.97642063161344, 20.689655172413794, 2020-11-14 22:27:30, 661623.1319429714, 150.0 
 48.60606577292375, -123.97337006107385, 21.379310344827587, 2020-11-14 22:30:00, 279792.56324731215, 150.0 
 48.432789383732405, -123.8524639972005, 52.41379310344828, 2020-11-14 22:32:30, 307647.5787578578, 150.0 
 48.73212883485463, -123.98550243515655, 60.0, 2020-11-14 22:35:00, 1781270.6056475046, 300.0 
 48.55007462978806, -123.92554263619161, 34.61538461538462, 2020-11-14 22:37:30, 1195532.0356958609, 150.0 
 48.38416737981024, -123.72904304176902, 30.0, 2020-11-14 22:42:30, 352791.6659053228, 300.0 
 48.423755869831126, -123.85193376338061, 20.0, 2020-11-14 22:45:00, 161499.90614214807, 150.0 
 48.56885278646497, -123.8963219733984, 20.0, 2020-11-14 22:52:30, 311367.5318871914, 150.0 
 48.54404671645096, -123.85325367221077, 20.0, 2020-11-14 22:55:00, 227737.26962670905, 150.0 
 48.47153182477794, -124.01199328755739, 52.41379310344828, 2020-11-14 23:00:00, 90784.69823555791, 150.0 
 48.76666894054567, -124.00513427612196, 60.0, 2020-11-14 23:15:00, 318851.5305416033, 300.0 
 48.43703220237341, -123.71113625296336, 20.000000000000004, 2020-11-14 23:17:30, 119634.28123481966, 150.0 
 48.81222751334382, -123.88115314731793, 55.862068965517246, 2020-11-14 23:22:30, 376388.6967994133, 300.0 
 48.561415791890695, -124.21179699970729, 56.55172413793103, 2020-11-14 23:32:30, 127382.96201816533, 300.0 
 48.56060556469801, -124.00894537992879, 57.24137931034483, 2020-11-14 23:35:00, 159905.13076951524, 300.0 
 48.47801032049401, -123.86746850428042, 20.0, 2020-11-14 23:47:30, 202368.85480890216, 150.0 
 48.683882257864255, -123.65910616644581, 34.69387755102041, 2020-11-14 23:50:00, 337240.8486607304, 300.0 
 48.55568113404441, -123.7925405863039, 33.84615384615385, 2020-11-14 23:55:00, 217665.1642375669, 150.0 
 48.505685463837, -123.7024165740616, 33.84615384615385, 2020-11-15 00:12:30, 387838.36886572913, 300.0 
 48.35847746899062, -123.7837142032378, 20.0, 2020-11-15 00:15:00, 84048.20623733899, 150.0 
 48.76884028879379, -123.63085406167154, 32.30769230769231, 2020-11-15 00:22:30, 373215.54638159904, 300.0 
 48.59138311877553, -123.88417986542937, 34.61538461538462, 2020-11-15 00:27:30, 331196.5587722183, 300.0 
 48.57837187222237, -123.86274501193745, 20.0, 2020-11-15 00:30:00, 246866.9195619593, 150.0 
 48.45112696905551, -123.94604343146995, 20.0, 2020-11-15 00:37:30, 624187.1268805491, 150.0 
 48.44925625678313, -123.83457021675031, 31.53846153846154, 2020-11-15 00:50:00, 1914456.4530547364, 150.0 
 48.52385805788664, -123.83855185776748, 30.769230769230774, 2020-11-15 00:55:00, 727907.5327880695, 150.0 
 48.623674883367606, -123.61784914602583, 20.0, 2020-11-15 00:57:30, 490523.5290241737, 150.0 
 48.601665520627314, -123.70855262907905, 25.517241379310345, 2020-11-15 01:10:00, 237012.61171003396, 300.0 
 48.55453020627286, -123.72119435619014, 33.84615384615385, 2020-11-15 01:15:00, 265700.7387686277, 300.0 
 48.576145237206724, -123.7832908211967, 20.0, 2020-11-15 01:22:30, 172274.24955983387, 300.0 
 48.498722147383276, -123.89749255661263, 33.07692307692308, 2020-11-15 01:42:30, 331524.63520872407, 150.0 
 48.47758531759162, -123.8872666426468, 33.87755102040816, 2020-11-15 01:47:30, 232255.11977752065, 150.0 
 48.45714061527472, -123.85365411169856, 35.51020408163265, 2020-11-15 01:50:00, 157894.01890778722, 150.0 
 48.396070328082224, -123.85348628047736, 36.326530612244895, 2020-11-15 01:52:30, 79285.2848927409, 150.0 
 48.43894495412745, -124.10829086521652, 20.0, 2020-11-15 01:55:00, 49584.570405501174, 150.0 
 48.40523060134057, -123.89508458894329, 34.69387755102041, 2020-11-15 02:00:00, 97203.48954364618, 150.0 
 48.43246462420457, -123.89692085213255, 20.0, 2020-11-15 02:02:30, 124720.45295150985, 150.0 
 48.55511223829827, -123.75977272582662, 20.0, 2020-11-15 00:00:00, 991418.7829067715, 300.0 
 48.566392631759854, -123.8004637028507, 20.0, 2020-11-15 00:02:30, 624940.8195209272, 150.0 
 48.55326839418158, -123.80308053309851, 20.0, 2020-11-15 00:05:00, 460327.83377014, 150.0 
 48.517135462847925, -123.7194223263804, 20.0, 2020-11-15 00:07:30, 434853.7449114663, 150.0 
 48.4548771108944, -123.93804012770528, 20.0, 2020-11-15 00:35:00, 478605.0387504143, 300.0 
 48.537566019202586, -123.99178876194196, 23.448275862068968, 2020-11-15 00:40:00, 686996.9383757433, 150.0 
 48.40780097293216, -123.97848592448017, 20.0, 2020-11-15 00:42:30, 434400.92636170407, 150.0 
 48.44662329267677, -123.92576275362241, 20.0, 2020-11-15 00:45:00, 795176.7165040431, 150.0 
 48.50283374456097, -123.91666095210907, 20.0, 2020-11-15 00:47:30, 1512149.1388992893, 150.0 
 48.5761896283008, -123.88326339517526, 30.769230769230774, 2020-11-15 00:52:30, 1848026.3227626984, 150.0 
 48.72549486425074, -123.55244436748276, 60.0, 2020-11-15 01:00:00, 607416.0615487928, 150.0 
 48.54189242637158, -123.6684228115801, 20.0, 2020-11-15 01:25:00, 101142.37786967335, 150.0 
 48.511894700411744, -123.59713779196547, 20.0, 2020-11-15 01:27:30, 138351.0414814545, 150.0 
 48.46948575318279, -123.71505761250454, 54.48275862068966, 2020-11-15 01:35:00, 233155.88758638466, 300.0 
 48.38694746908291, -123.8861814749864, 20.0, 2020-11-15 01:40:00, 113469.86603753244, 300.0 
 48.42482341660638, -123.9142189352471, 33.87755102040816, 2020-11-15 01:45:00, 134092.9860264735, 150.0 
 48.425119340988886, -124.00365642844415, 49.23076923076923, 2020-11-15 01:57:30, 76167.51514907318, 150.0 
 48.475884177410315, -123.76793133820718, 20.000000000000004, 2020-11-16 00:12:30, 224993.98215302714, 300.0 
 48.48512855175977, -123.80763286759597, 20.0, 2020-11-16 00:15:00, 96115.31893279408, 150.0 
 48.50581687603863, -123.83343530875683, 20.0, 2020-11-16 00:17:30, 89798.56429222855, 150.0 
 48.51296534879845, -123.85542874098735, 20.0, 2020-11-16 00:37:30, 164266.43428443774, 300.0 
 48.536216775688416, -123.81589625073777, 30.000000000000004, 2020-11-16 00:57:30, 336127.99902815337, 300.0 
 48.30018003124562, -123.8880124030872, 20.0, 2020-11-16 01:15:00, 189945.46579217186, 300.0 
 48.352192542676065, -123.70824966121691, 20.0, 2020-11-16 01:17:30, 111155.84901313059, 150.0 
 48.457163291671435, -123.67197344068157, 20.000000000000004, 2020-11-16 01:20:00, 127364.9716585783, 150.0 
 48.456077913987784, -123.95419652291272, 20.0, 2020-11-16 01:25:00, 167538.0911700733, 150.0 
 48.437885705920586, -123.88947721919062, 60.0, 2020-11-16 01:27:30, 157112.79773315619, 150.0 
 48.35982944838102, -123.80427674448796, 35.51020408163265, 2020-11-16 01:32:30, 321140.31084535515, 300.0 
 48.38413248462069, -123.81757305614528, 20.0, 2020-11-16 01:45:00, 250755.5833885641, 300.0 
 48.369248101723855, -123.79319314016314, 28.275862068965516, 2020-11-16 02:12:30, 112197.80547509876, 150.0 
 48.38914317626958, -123.73401324181165, 60.0, 2020-11-16 02:15:00, 123767.99122124133, 150.0 
 48.437780320938685, -123.5975231640135, 51.72413793103448, 2020-11-16 02:20:00, 212822.70371109227, 300.0 
 48.474776688492184, -123.69262345587046, 20.0, 2020-11-16 02:27:30, 297944.6959947612, 300.0 
 48.49285972574958, -123.5305508450133, 20.000000000000004, 2020-11-16 02:37:30, 216016.6206064426, 300.0 
 48.50904908822527, -123.50806588202236, 28.96551724137931, 2020-11-16 02:40:00, 112487.51317863779, 150.0 
 48.39388552252615, -123.7499285157616, 57.24137931034483, 2020-11-16 02:50:00, 190514.04550335507, 300.0 
 48.38576977764906, -123.66942521913462, 41.53846153846154, 2020-11-16 02:52:30, 150911.466717533, 150.0 
 48.28008021962523, -123.73091692115388, 20.0, 2020-11-16 03:02:30, 104291.03850179004, 300.0 
 48.30101153844463, -123.7488123632228, 20.000000000000004, 2020-11-16 03:05:00, 75090.10574442404, 150.0 
 48.43220888451148, -123.7045670110436, 40.0, 2020-11-16 03:12:30, 276747.72692962876, 300.0 
 48.54078821942099, -123.79271047117112, 20.0, 2020-11-16 09:15:00, 55877.5511549501, 300.0 
 48.557895979342945, -123.69400805340405, 34.61538461538462, 2020-11-16 10:07:30, 200236.60134095105, 300.0 
 48.57597386194479, -123.76663276820352, 20.0, 2020-11-16 10:10:00, 54742.806987901175, 150.0 
 48.519130430143825, -123.75510617236318, 20.0, 2020-11-16 10:12:30, 37950.661047426256, 150.0 
 48.533174273324335, -123.76384172217574, 45.38461538461539, 2020-11-16 10:15:00, 67820.03079601043, 150.0 
 48.329209910329915, -123.67073550889586, 49.23076923076923, 2020-11-16 10:17:30, 78272.56123303715, 150.0 
 48.51415660018761, -123.65504083913424, 33.84615384615385, 2020-11-16 10:20:00, 15833.572479844115, 150.0 
 48.43710506116379, -123.59845761779803, 57.93103448275862, 2020-11-16 10:30:00, 85392.8090898245, 300.0 
 48.631574429910444, -123.79868930441963, 20.0, 2020-11-16 10:35:00, 109487.45407357557, 300.0 
 48.54332415342782, -124.01206712890858, 20.000000000000004, 2020-11-16 13:10:00, 128021.1278780102, 300.0 
 48.61583884720713, -123.61932058539058, 33.87755102040816, 2020-11-16 13:25:00, 48073.093021225985, 300.0 
 48.49005299630174, -123.63397997240891, 20.0, 2020-11-16 13:47:30, 40589.90643180403, 150.0 
 48.58138624752951, -123.66711016398857, 20.0, 2020-11-16 13:55:00, 161009.0958017418, 300.0 
 48.58093710016904, -123.77478951811774, 37.95918367346938, 2020-11-16 14:00:00, 122141.20829461246, 150.0 
 48.77226519530181, -123.40307002248741, 60.0, 2020-11-16 14:07:30, 208921.25564221962, 300.0 
 48.70142909726354, -123.57755797261859, 33.87755102040816, 2020-11-16 14:12:30, 265056.99708545906, 300.0 
 48.63539190614457, -123.84598696164069, 34.69387755102041, 2020-11-16 14:17:30, 244975.29818139866, 150.0 
 48.56268315464855, -123.68550676802093, 20.0, 2020-11-16 14:32:30, 101296.44284449414, 150.0 
 48.6131910753323, -124.1051574243657, 20.0, 2020-11-16 14:35:00, 213506.87957416198, 300.0 
 48.551972591095215, -123.87663394226935, 20.0, 2020-11-16 14:42:30, 532926.6025379044, 150.0 
 48.54066508249781, -123.90718325028911, 20.0, 2020-11-16 14:45:00, 566426.4152014705, 150.0 
 48.55155646426594, -123.80222787722947, 33.07692307692308, 2020-11-16 14:47:30, 209012.9845525649, 150.0 
 48.49505441268185, -123.80144365580341, 36.3265306122449, 2020-11-16 14:52:30, 870059.8786793192, 300.0 
 48.47172088676013, -123.88784764128675, 20.0, 2020-11-16 14:57:30, 1084620.6745899466, 300.0 
 48.50800826530667, -123.84727379365171, 26.896551724137932, 2020-11-16 15:00:00, 622415.183515797, 300.0 
 48.50149181415688, -123.97785896550307, 22.068965517241377, 2020-11-16 15:02:30, 452881.51904668903, 150.0 
 48.50723464874241, -123.76215857974015, 31.538461538461544, 2020-11-16 15:05:00, 246424.0929804817, 150.0 
 48.50153985257615, -123.8018701502042, 32.307692307692314, 2020-11-16 15:07:30, 160028.68900555462, 150.0 
 48.54517460307916, -123.90846757188588, 20.0, 2020-11-16 15:12:30, 1605949.339240213, 300.0 
 48.536642813821985, -123.86776803708341, 20.000000000000004, 2020-11-16 15:15:00, 344615.88404475525, 150.0 
 48.5860784538321, -124.05815323607405, 33.87755102040816, 2020-11-16 15:20:00, 163486.7694493748, 300.0 
 48.56600060690323, -124.03519044466907, 20.0, 2020-11-16 15:22:30, 106142.81836552752, 150.0 
 48.50662126021217, -123.89411742328683, 20.0, 2020-11-16 15:30:00, 463442.917622639, 150.0 
 48.520918758987435, -123.95865744911939, 20.0, 2020-11-16 15:32:30, 190781.4744300494, 150.0 
 48.48667623010627, -123.87850222791255, 20.0, 2020-11-16 00:27:30, 637623.5201217518, 300.0 
 48.34169308321778, -124.14152535982888, 20.0, 2020-11-16 00:37:30, 129420.68285297736, 300.0 
 48.41458915875859, -124.05737537132254, 20.0, 2020-11-16 01:22:30, 203049.5453376336, 300.0 
 48.537809597091915, -123.83476955115191, 20.0, 2020-11-16 01:37:30, 777686.0953550936, 300.0 
 48.54182038644273, -123.91324228094894, 20.0, 2020-11-16 01:40:00, 542043.0452041007, 150.0 
 48.183963206553614, -123.94937742051256, 31.53846153846154, 2020-11-16 02:02:30, 167079.59344226914, 300.0 
 48.328863448988585, -123.83867917936799, 20.0, 2020-11-16 02:05:00, 124999.82064074647, 150.0 
 48.36141791424945, -123.86731216343516, 20.0, 2020-11-16 02:07:30, 99659.64564935362, 150.0 
 48.475933708517914, -123.7705493830299, 20.0, 2020-11-16 02:10:00, 174585.1646573448, 150.0 
 48.660163333750944, -123.94571948306279, 20.0, 2020-11-16 02:27:30, 536168.2335435488, 300.0 
 48.5349332394423, -123.83417972018498, 20.0, 2020-11-16 02:30:00, 131844.69676444764, 150.0 
 48.29219642277489, -123.81012425280628, 20.0, 2020-11-16 03:17:30, 309247.1742570337, 300.0 
 48.29327136913233, -123.98114652119725, 20.0, 2020-11-16 03:42:30, 193149.08212726432, 300.0 
 48.26656543025884, -123.77288135168055, 20.0, 2020-11-16 04:15:00, 169388.68590095587, 300.0 
 48.468649897466925, -123.57615932635792, 20.0, 2020-11-16 10:52:30, 39367.6639778411, 300.0 
 48.59864481384827, -123.68562159387166, 25.51724137931034, 2020-11-16 12:30:00, 340310.50302134274, 300.0 
 48.38324771965589, -123.88498301129869, 56.55172413793103, 2020-11-16 13:40:00, 125857.44853852854, 300.0 
 48.49875035377672, -123.66280936922942, 20.0, 2020-11-16 13:42:30, 50534.09199514537, 150.0 
 48.48092761052581, -123.70503952526721, 20.0, 2020-11-16 13:45:00, 123339.09246324275, 150.0 
 48.532067277170356, -123.67349456621156, 20.0, 2020-11-16 13:57:30, 100145.33033551983, 150.0 
 48.52043274607599, -123.72185455596565, 20.0, 2020-11-16 14:02:30, 251765.46953069, 150.0 
 48.55703376673908, -123.91992178562714, 20.0, 2020-11-16 14:05:00, 261958.61895867443, 150.0 
 48.53177200823647, -123.62404195597206, 20.0, 2020-11-16 14:07:30, 210809.1878709254, 300.0 
 48.32528073481333, -123.69650504626958, 20.0, 2020-11-16 14:10:00, 93638.36908474585, 300.0 
 48.53457585567676, -123.68149772115054, 33.87755102040816, 2020-11-16 14:15:00, 151233.24396453475, 150.0 
 48.55808929452937, -123.63109820867805, 20.0, 2020-11-16 14:20:00, 279851.9132949394, 150.0 
 48.53619009622656, -123.67653204392553, 20.0, 2020-11-16 14:22:30, 377204.16309156356, 150.0 
 48.54314393316615, -123.8340986242935, 20.0, 2020-11-16 14:25:00, 283536.94635741186, 150.0 
 48.48886630369198, -123.73087494789578, 20.0, 2020-11-16 14:27:30, 693976.8589451887, 150.0 
 48.55569044796905, -123.64164520026736, 20.0, 2020-11-16 14:30:00, 154990.93319333473, 150.0 
 48.36755028528264, -123.86109531279874, 44.61538461538462, 2020-11-16 14:37:30, 128165.04184803067, 300.0 
 48.55766257145782, -123.6985112447378, 20.0, 2020-11-16 14:40:00, 222935.2287884699, 150.0 
 48.85976655947655, -123.69034426622801, 60.0, 2020-11-16 14:52:30, 930369.7975670655, 300.0 
 48.73947675814266, -123.68939725832391, 59.310344827586206, 2020-11-16 14:55:00, 761595.3559498916, 300.0 
 48.746880570586164, -123.77062201026745, 57.93103448275862, 2020-11-16 14:57:30, 738855.9128320941, 300.0 
 48.74966468890962, -123.84073947467061, 56.55172413793103, 2020-11-16 15:00:00, 475779.7530700086, 150.0 
 48.71525155441009, -123.68846334137834, 57.24137931034482, 2020-11-16 15:07:30, 436067.91977990844, 300.0 
 48.73052261669704, -123.78321363914883, 60.0, 2020-11-16 15:17:30, 339921.871685401, 150.0 
 48.6784347000478, -123.88978877735028, 20.0, 2020-11-16 15:27:30, 820475.7414882238, 300.0 
 