lat,lon,depth,starttime,energy,duration 
 47.340696246671726, -123.18681504954117, 20.0, 2021-09-30 00:00:00, 514641.67232578614, 300.0 
 47.251869001127474, -123.21532037720738, 30.769230769230774, 2021-09-30 00:07:30, 474324.50767750625, 300.0 
 47.24855995762596, -123.21298033488785, 20.0, 2021-09-30 00:10:00, 337394.5368536785, 150.0 
 47.20218724954085, -123.25796995267919, 43.84615384615385, 2021-09-30 00:12:30, 328319.03796586936, 150.0 
 47.331209660621695, -123.26555091824025, 26.206896551724135, 2021-09-30 00:15:00, 280036.1314527816, 150.0 
 47.4819389075505, -122.93105321711991, 20.0, 2021-09-30 00:30:00, 311689.3610010658, 300.0 
 47.459670491278736, -123.215651019153, 60.0, 2021-09-30 00:50:00, 195722.5364475207, 300.0 
 47.50993283296202, -122.80967008811118, 34.61538461538461, 2021-09-30 01:10:00, 176409.38425517885, 300.0 
 47.58553095253545, -122.48145604913697, 60.00000000000001, 2021-09-30 01:12:30, 195999.6657203692, 300.0 
 47.483507092453095, -122.99219593278059, 20.0, 2021-09-30 01:35:00, 84858.52533263598, 300.0 
 47.47802173585932, -122.94630460789924, 20.0, 2021-09-30 01:37:30, 36520.620250996115, 150.0 
 47.37672457031918, -122.65516601719688, 20.000000000000004, 2021-09-30 01:55:00, 113315.06133896463, 150.0 
 47.436436322763164, -122.90504719763693, 51.53846153846153, 2021-09-30 02:00:00, 191144.6465856334, 300.0 
 47.496405658655036, -122.87369825863723, 20.0, 2021-09-30 02:12:30, 199838.19654239036, 300.0 
 47.64000943774831, -122.89515796552963, 60.0, 2021-09-30 02:15:00, 95386.54838679462, 150.0 
 47.295003809586916, -122.95843361171352, 60.0, 2021-09-30 02:17:30, 115397.79694148058, 300.0 
 47.512927630660755, -123.01446998068877, 30.0, 2021-09-30 02:25:00, 191928.845061991, 300.0 
 47.62718540305917, -122.59600779365813, 20.0, 2021-09-30 02:35:00, 198568.44266103403, 300.0 
 47.568878250138965, -122.76545392195055, 59.3103448275862, 2021-09-30 02:42:30, 71517.71887461265, 300.0 
 47.65974610772431, -122.83381966714391, 20.0, 2021-09-30 02:45:00, 64678.37476973291, 150.0 
 47.5326778073847, -122.59311122644273, 32.24489795918367, 2021-09-30 03:12:30, 44517.45823378261, 300.0 
 47.76422366681737, -123.01167815324617, 35.51020408163265, 2021-09-30 03:25:00, 131125.80342035618, 300.0 
 47.74247774617003, -122.91177917270736, 20.000000000000004, 2021-09-30 03:47:30, 135929.30539681637, 300.0 
 47.73307231474152, -123.01673632483588, 35.51020408163266, 2021-09-30 03:50:00, 172107.54517270514, 150.0 
 47.689976051261205, -122.9168770177403, 35.51020408163265, 2021-09-30 03:52:30, 62733.87952507267, 150.0 
 47.724750753641494, -122.81184265513289, 20.0, 2021-09-30 03:55:00, 162474.88852786567, 150.0 
 47.76031451237707, -123.14028053694832, 33.84615384615384, 2021-09-30 03:57:30, 332770.6882075821, 150.0 
 47.81448439737593, -123.09878192865172, 28.46153846153846, 2021-09-30 04:00:00, 171453.9585644144, 150.0 
 47.69979582450018, -123.01576412608843, 43.07692307692308, 2021-09-30 04:02:30, 141619.4068838484, 150.0 
 47.78590316924904, -123.1524762936326, 32.307692307692314, 2021-09-30 04:05:00, 97284.23557047802, 150.0 
 47.87074388445339, -122.99062100080212, 20.0, 2021-09-30 04:07:30, 39412.630086856916, 150.0 
 47.901784043036066, -123.01118322978913, 33.87755102040816, 2021-09-30 04:10:00, 44412.24580143217, 150.0 
 47.63608112483925, -123.04594948972603, 30.769230769230774, 2021-09-30 04:12:30, 231149.4404066482, 300.0 
 47.597231246445816, -123.02445667889765, 20.0, 2021-09-30 04:15:00, 84692.97822343366, 150.0 
 47.583913988538654, -123.08124297974067, 46.92307692307693, 2021-09-30 04:47:30, 48158.23290714257, 300.0 
 47.54802008537533, -122.7133160182234, 20.0, 2021-09-30 05:42:30, 202689.88027280787, 300.0 
 47.661809956008604, -122.47446933543742, 20.0, 2021-09-30 06:05:00, 46738.32041364732, 300.0 
 47.542279848351924, -122.55032974822726, 48.46153846153846, 2021-09-30 06:07:30, 36785.457659853506, 150.0 
 47.497983798889436, -122.42821418318294, 37.95918367346938, 2021-09-30 06:12:30, 43244.27340279373, 150.0 
 47.64510008441767, -122.6956842062135, 20.0, 2021-09-30 06:35:00, 68363.58929334107, 300.0 
 47.5354469970614, -122.61303250289183, 35.38461538461539, 2021-09-30 08:30:00, 49584.28388855037, 300.0 
 47.304589604257515, -122.90384305912187, 20.0, 2021-09-30 08:37:30, 173830.89447171584, 300.0 
 47.40087447087824, -122.88606579647895, 20.0, 2021-09-30 08:40:00, 89896.73256556324, 150.0 
 47.495782713507936, -122.73676225296975, 20.0, 2021-09-30 08:42:30, 161084.44644534044, 150.0 
 47.54609633137725, -122.69396167738479, 20.0, 2021-09-30 08:47:30, 73582.7432192486, 150.0 
 47.53596123534217, -122.67487130805586, 20.0, 2021-09-30 08:50:00, 46142.24942794761, 150.0 
 47.45632097066011, -122.46667698810047, 44.61538461538461, 2021-09-30 09:17:30, 109038.82514679209, 300.0 
 47.357754158202425, -122.54335190427685, 60.0, 2021-09-30 09:20:00, 46309.21896116947, 150.0 
 47.5044593718846, -122.86135023014737, 45.38461538461539, 2021-09-30 18:52:30, 60174.54497762929, 300.0 
 47.41183956338083, -122.81436652163265, 20.0, 2021-09-30 18:57:30, 303528.53084747854, 300.0 
 47.52239041754269, -122.94753883113623, 30.769230769230774, 2021-09-30 19:07:30, 566883.5587738276, 300.0 
 47.538322110922266, -123.19635981834199, 57.93103448275862, 2021-09-30 19:17:30, 732446.4033427959, 300.0 
 47.41878719391427, -122.972093977121, 59.99999999999999, 2021-09-30 19:22:30, 350522.09600182937, 300.0 
 47.4770425341429, -122.9336089622346, 32.30769230769231, 2021-09-30 19:27:30, 356224.942293068, 300.0 
 47.48140608792271, -122.85715363643027, 35.38461538461539, 2021-09-30 19:30:00, 113097.65538578387, 150.0 
 47.52133981512897, -123.10458666138518, 20.0, 2021-09-30 19:37:30, 87860.34638041037, 300.0 
 47.38640114093678, -122.94331273908132, 20.0, 2021-09-30 19:55:00, 353370.42987199314, 300.0 
 47.417917605794464, -123.2716199674243, 35.38461538461538, 2021-09-30 20:00:00, 191853.50749773002, 300.0 
 47.30995663385954, -123.15308191612841, 40.0, 2021-09-30 20:37:30, 544866.9038814874, 300.0 
 47.324665729137216, -123.10804838071698, 26.896551724137932, 2021-09-30 21:02:30, 618723.9878984246, 300.0 
 47.373436075406374, -123.30155106943889, 56.55172413793103, 2021-09-30 21:17:30, 1493714.5974574266, 300.0 
 47.3190874098872, -123.24345828689893, 27.58620689655172, 2021-09-30 21:20:00, 782493.9912688093, 150.0 
 47.32943480842155, -123.09344087590951, 24.82758620689655, 2021-09-30 21:32:30, 1622744.533809197, 300.0 
 47.09569538830983, -123.11976133364277, 60.0, 2021-09-30 00:17:30, 126723.2175505309, 300.0 
 47.50734683955395, -122.63709400724719, 20.0, 2021-09-30 01:52:30, 105706.76240894543, 300.0 
 47.49655462926519, -123.23448234353307, 60.0, 2021-09-30 02:17:30, 126049.89560522471, 300.0 
 47.78060091681311, -122.65823178034448, 60.00000000000001, 2021-09-30 02:30:00, 253239.78919012193, 300.0 
 48.005117632474935, -123.07381949187021, 20.0, 2021-09-30 03:57:30, 674118.0625872777, 300.0 
 48.047800692055006, -123.0094870263668, 31.53846153846154, 2021-09-30 04:00:00, 607209.518098337, 300.0 
 47.625647968798276, -122.38972482824897, 20.0, 2021-09-30 05:45:00, 143641.56474802422, 300.0 
 47.47688880973824, -122.77902153724636, 20.0, 2021-09-30 05:50:00, 89682.9352938546, 300.0 
 47.55934828827441, -122.35774614370686, 20.0, 2021-09-30 06:10:00, 33040.803792595485, 150.0 
 47.22370101517163, -122.62637084330774, 20.0, 2021-09-30 08:20:00, 88453.75384352164, 300.0 
 47.44492555630614, -122.83806821561288, 60.0, 2021-09-30 08:22:30, 50296.29654238892, 300.0 
 47.382250926914935, -122.6421410574333, 35.51020408163265, 2021-09-30 08:45:00, 70388.96247111946, 150.0 
 47.64201946622124, -122.78892391170729, 37.95918367346938, 2021-09-30 08:55:00, 122477.86205039563, 300.0 
 47.5254740717226, -122.7832852793343, 20.0, 2021-09-30 09:00:00, 134054.78094768824, 300.0 
 47.51068430626192, -122.78646839694352, 20.0, 2021-09-30 09:02:30, 57359.067870676554, 150.0 
 47.602865209342355, -122.84227604118034, 39.59183673469388, 2021-09-30 09:10:00, 126114.98802370322, 300.0 
 47.32290985361132, -122.7644365829406, 33.87755102040816, 2021-09-30 09:27:30, 99304.2380523719, 300.0 
 47.373043738301554, -122.74577107883522, 20.0, 2021-09-30 18:47:30, 248724.03835837776, 300.0 
 47.61088442950515, -122.91614829540887, 20.0, 2021-09-30 19:50:00, 498100.9304016766, 300.0 
 47.1986678371792, -122.93371382048869, 60.0, 2021-09-30 20:52:30, 498014.1625901198, 300.0 
 47.1913501166529, -123.02628710649147, 43.84615384615385, 2021-09-30 22:02:30, 400446.9374465615, 300.0 
 47.739156815224604, -122.7541892911189, 20.0, 2021-09-26 06:00:00, 17960.614368270493, 300.0 
 47.759835980812156, -122.62260267831321, 22.068965517241377, 2021-09-26 06:45:00, 14650.614228723227, 300.0 
 47.61386805308487, -122.66630481289558, 30.344827586206893, 2021-09-26 06:57:30, 48976.855395660634, 300.0 
 47.63223912729803, -122.63108409109013, 19.999999999999996, 2021-09-26 07:00:00, 19426.0186302849, 150.0 
 47.63234822985826, -122.72282186807033, 20.0, 2021-09-26 07:02:30, 9741.82991475655, 150.0 
 47.371712736617866, -122.70550512993697, 52.41379310344827, 2021-09-26 07:20:00, 20644.360220195795, 300.0 
 47.665155326850936, -122.83913368124827, 20.0, 2021-09-26 07:22:30, 9526.432342595828, 300.0 
 47.48382169775951, -122.95038915178316, 20.0, 2021-09-26 07:27:30, 24607.821915198907, 300.0 
 47.503274860079905, -122.86501989558808, 44.61538461538462, 2021-09-26 07:30:00, 7201.5570816809595, 150.0 
 47.550145761493724, -122.55430663752672, 20.0, 2021-09-26 07:35:00, 12694.044677617649, 300.0 
 47.58274645961922, -122.48701870904813, 52.41379310344827, 2021-09-26 07:40:00, 32032.04698756819, 300.0 
 47.427792565665825, -122.60993873387835, 60.0, 2021-09-26 07:45:00, 21778.49723030845, 300.0 
 47.44923160651008, -122.69823290342767, 53.79310344827587, 2021-09-26 07:50:00, 16246.38065774862, 300.0 
 47.49441668904528, -123.01191200050661, 20.0, 2021-09-26 07:55:00, 13123.860178721, 300.0 
 47.39260581044898, -123.01511549451324, 20.0, 2021-09-26 07:57:30, 17654.46679553447, 150.0 
 47.58250942577159, -122.65638827015427, 44.61538461538462, 2021-09-26 08:07:30, 23766.236014601516, 300.0 
 47.621106750908325, -123.02931195547873, 53.793103448275865, 2021-09-26 08:40:00, 41983.79121864081, 300.0 
 47.59954238763646, -123.19926103926517, 33.87755102040816, 2021-09-26 08:42:30, 22207.7332740921, 150.0 
 47.63268989511541, -122.74711415048128, 20.0, 2021-09-26 08:45:00, 70801.18473325398, 300.0 
 47.65073588584034, -122.71617499488451, 20.0, 2021-09-26 08:47:30, 39605.895501779814, 150.0 
 47.61563499792949, -122.79076215296926, 33.84615384615385, 2021-09-26 08:50:00, 18460.01152962075, 150.0 
 47.65488095022122, -122.690511405623, 31.538461538461533, 2021-09-26 08:52:30, 22553.73064654324, 150.0 
 47.65917095884283, -123.12864644786188, 60.0, 2021-09-26 09:00:00, 27853.744566473833, 300.0 
 47.60986528850947, -122.9476157770699, 20.0, 2021-09-26 09:15:00, 53564.298950230484, 300.0 
 47.650792915214325, -122.8711589054909, 20.0, 2021-09-26 09:17:30, 11832.040973158459, 150.0 
 47.554272958920194, -122.83930451324458, 20.0, 2021-09-26 09:20:00, 52823.22218023869, 150.0 
 47.577422709803145, -122.78947446133166, 20.0, 2021-09-26 09:27:30, 109260.98221206496, 300.0 
 47.6822063844815, -122.76383863626717, 20.0, 2021-09-26 09:40:00, 37618.955733465635, 300.0 
 47.42389404837955, -122.59675192789221, 40.408163265306115, 2021-09-26 09:42:30, 20842.967299951415, 300.0 
 47.65490063895892, -122.42913218126728, 35.51020408163265, 2021-09-26 10:00:00, 54889.57701419439, 300.0 
 47.55992067960984, -122.54911584485465, 60.0, 2021-09-26 10:10:00, 59805.21171288124, 300.0 
 47.44077525781344, -123.06110464444636, 60.0, 2021-09-26 10:12:30, 55108.79649234528, 300.0 
 47.35000725999184, -122.70981413044908, 60.0, 2021-09-26 10:15:00, 127686.66404272689, 300.0 
 47.75841874234567, -122.6652878975502, 20.0, 2021-09-26 10:20:00, 133243.81170905227, 300.0 
 47.65151460197779, -122.74228184317855, 58.62068965517241, 2021-09-26 10:25:00, 104024.72595582412, 300.0 
 47.559167164356424, -122.83673652084337, 20.0, 2021-09-26 10:27:30, 53094.536988641456, 300.0 
 47.651561664934945, -122.6881853654682, 20.0, 2021-09-26 10:32:30, 126111.16961442646, 150.0 
 47.49202037032942, -122.59326430236139, 60.00000000000001, 2021-09-26 10:40:00, 29419.778589733705, 300.0 
 47.60942218417342, -122.84803696316928, 20.0, 2021-09-26 10:45:00, 40424.51604510809, 300.0 
 47.514655983919496, -123.25325384921119, 35.51020408163265, 2021-09-26 10:50:00, 88273.64386910418, 300.0 
 47.670016502656935, -122.77332742239501, 20.0, 2021-09-26 10:52:30, 203583.27396061912, 300.0 
 47.69156292548923, -122.56282109144702, 20.0, 2021-09-26 10:57:30, 24606.00580855102, 150.0 
 47.489937543613124, -123.16349712769396, 20.0, 2021-09-26 11:00:00, 48604.95819968682, 300.0 
 47.52181575236853, -123.27189859009152, 20.0, 2021-09-26 11:02:30, 27346.549079824494, 150.0 
 47.5079468390084, -122.94186135471378, 33.07692307692307, 2021-09-26 11:07:30, 27772.633001603204, 300.0 
 47.44925925406306, -123.12264528774837, 38.77551020408163, 2021-09-26 11:10:00, 43033.57247074299, 150.0 
 47.42184293094416, -123.13176357670187, 35.51020408163265, 2021-09-26 11:12:30, 54630.07749565956, 150.0 
 47.55272403422421, -123.01102963578751, 20.0, 2021-09-26 11:15:00, 26147.881066127033, 150.0 
 47.66979017419069, -122.78671207488043, 20.0, 2021-09-26 11:27:30, 13168.637875272632, 150.0 
 47.604224113038676, -122.70912449493652, 31.53846153846154, 2021-09-26 11:40:00, 17580.86963583877, 300.0 
 47.50013830719478, -123.15720750694713, 28.46153846153846, 2021-09-26 11:50:00, 106527.51074918741, 300.0 
 47.48027842216166, -123.14311936346459, 32.30769230769231, 2021-09-26 11:52:30, 47441.40553664188, 150.0 
 47.620030710358485, -123.23646114883267, 50.3448275862069, 2021-09-26 11:55:00, 34523.91618646042, 150.0 
 47.40043522553051, -123.24717644336295, 60.0, 2021-09-26 12:02:30, 156748.43785787927, 300.0 
 47.26095489736869, -123.1409247950479, 55.862068965517246, 2021-09-26 12:10:00, 71695.98764086583, 300.0 
 47.58937567063871, -122.70473170724227, 33.84615384615385, 2021-09-26 12:12:30, 53906.45632404844, 300.0 
 47.57568691805538, -122.63961523785729, 57.241379310344826, 2021-09-26 12:15:00, 37135.78674298861, 150.0 
 47.60400397132374, -122.72248965758342, 60.0, 2021-09-26 12:17:30, 21621.01856106671, 150.0 
 47.60289183232936, -122.98181316260124, 20.0, 2021-09-26 12:20:00, 32170.527086443446, 150.0 
 47.50804822871457, -122.59393476300585, 33.07692307692308, 2021-09-26 12:22:30, 55225.13350788616, 300.0 
 47.29819369958071, -123.1672320074577, 20.0, 2021-09-26 12:32:30, 117132.9450813044, 300.0 
 47.56597544584847, -123.02039648005562, 20.0, 2021-09-26 12:37:30, 43944.98672313765, 300.0 
 47.657339285582374, -122.83814451760072, 20.0, 2021-09-26 12:40:00, 6518.050522802908, 150.0 
 47.422109913234394, -123.28061043535675, 19.999999999999996, 2021-09-26 12:45:00, 39337.885873952866, 300.0 
 47.597223782170936, -122.85749187100299, 20.0, 2021-09-26 12:47:30, 31963.858259535853, 300.0 
 47.57446214163764, -122.94067944673834, 20.0, 2021-09-26 12:50:00, 25013.46095734824, 150.0 
 47.631210159535264, -122.88142814488981, 20.0, 2021-09-26 12:52:30, 17459.50227203048, 150.0 
 47.658917007859294, -122.83323584907748, 20.0, 2021-09-26 13:00:00, 16120.234567024007, 300.0 
 47.69029807853007, -122.72588050700101, 20.0, 2021-09-26 13:05:00, 31157.06266664991, 300.0 
 47.66666408457999, -122.6536617634108, 20.0, 2021-09-26 13:07:30, 22432.178430442447, 150.0 
 47.63602004282804, -122.90438349435269, 20.0, 2021-09-26 13:22:30, 42015.10267317103, 300.0 
 47.68805639990354, -122.49724711883484, 33.84615384615385, 2021-09-26 13:42:30, 120844.32280189944, 300.0 
 47.70079234991376, -122.57528121560156, 40.0, 2021-09-26 14:40:00, 18931.367394794874, 300.0 
 47.644574610176015, -122.68779898907553, 31.03448275862069, 2021-09-26 14:57:30, 75289.98554772738, 300.0 
 47.66109020009064, -122.84229115165274, 52.30769230769231, 2021-09-26 15:07:30, 68219.65363812448, 300.0 
 47.71186092726853, -122.65522913540845, 34.61538461538461, 2021-09-26 15:10:00, 56142.33831837515, 150.0 
 47.77293411907924, -122.61973354282874, 20.0, 2021-09-26 15:12:30, 103472.34229062864, 150.0 
 47.53661166581526, -122.7488451155732, 54.48275862068966, 2021-09-26 15:15:00, 180610.66750824603, 300.0 
 47.571120105622924, -122.69195482536554, 36.326530612244895, 2021-09-26 15:17:30, 61613.57697623607, 150.0 
 47.491590267314876, -122.85080757663489, 20.0, 2021-09-26 15:20:00, 25844.88936458731, 150.0 
 47.684861873656516, -122.77774487616173, 20.0, 2021-09-26 15:25:00, 65419.05590450745, 300.0 
 47.652391486256505, -122.68876687550689, 20.0, 2021-09-26 15:27:30, 24855.572490435552, 150.0 
 47.707212431811925, -122.53916864365779, 44.61538461538461, 2021-09-26 15:47:30, 117614.65877176187, 300.0 
 47.795452568962595, -122.56169216500766, 40.0, 2021-09-26 16:37:30, 32670.539103117964, 300.0 
 47.40786593144742, -122.59607625406329, 50.0, 2021-09-26 17:07:30, 59829.46547020462, 300.0 
 47.48662985353625, -122.7873317058562, 53.79310344827586, 2021-09-26 17:25:00, 123604.71645878804, 300.0 
 47.64723828469689, -122.38929492294798, 20.0, 2021-09-26 17:37:30, 144595.7059619575, 300.0 
 47.58844167059882, -122.43399880393937, 20.0, 2021-09-26 17:40:00, 119346.0748104424, 150.0 
 47.43193387414236, -122.55895719083739, 60.0, 2021-09-26 17:45:00, 133851.6313803987, 300.0 
 47.32193470443316, -122.53793594292848, 54.48275862068966, 2021-09-26 17:52:30, 88957.76659690384, 300.0 
 47.643824811090546, -122.7504186320372, 34.69387755102041, 2021-09-26 17:55:00, 100829.82045913424, 300.0 
 47.560768729746854, -122.6862169108231, 34.69387755102041, 2021-09-26 17:57:30, 57162.12895735633, 150.0 
 47.53537003967539, -122.42866484010686, 43.84615384615385, 2021-09-26 18:02:30, 194893.35285137533, 300.0 
 47.5593730185426, -122.70324991579785, 34.69387755102041, 2021-09-26 18:35:00, 185804.99240859272, 300.0 
 47.552832177468545, -123.02012860406157, 20.0, 2021-09-26 18:37:30, 51632.172423895405, 150.0 
 47.61303044688925, -122.93781435719693, 53.79310344827586, 2021-09-26 18:42:30, 67661.43632522745, 300.0 
 47.428261408229915, -122.38597273887206, 20.0, 2021-09-26 18:47:30, 355207.33213573555, 300.0 
 47.62052413661736, -122.61688828910547, 33.84615384615385, 2021-09-26 18:52:30, 138255.83644165847, 150.0 
 47.65362857895114, -122.83703611119459, 20.0, 2021-09-26 19:02:30, 33441.57259498217, 300.0 
 47.55927296432686, -123.15707191001505, 20.0, 2021-09-26 22:40:00, 31348.29534994228, 300.0 
 47.66519156026737, -122.90539424942926, 20.0, 2021-09-26 22:57:30, 39411.32320126041, 300.0 
 47.66661933458631, -122.88833480634135, 20.000000000000004, 2021-09-26 23:00:00, 54020.775455498, 150.0 
 47.57920713585907, -122.92598395080897, 30.0, 2021-09-26 23:05:00, 37238.90614078119, 300.0 
 47.55552844486134, -122.81014946870397, 34.61538461538462, 2021-09-26 23:12:30, 59706.13775950857, 300.0 
 47.43777678080417, -122.75912751278719, 55.172413793103445, 2021-09-26 23:15:00, 49404.34304577568, 150.0 
 47.48978140459259, -122.77754365911532, 56.55172413793103, 2021-09-26 23:17:30, 72357.94786585534, 150.0 
 47.63251925909533, -122.73496752588572, 33.84615384615384, 2021-09-26 23:22:30, 119003.58544381644, 300.0 
 47.61144786769936, -122.9427150671334, 22.758620689655174, 2021-09-26 23:35:00, 41374.48675625488, 300.0 
 47.506016529265096, -122.79341837047481, 21.379310344827587, 2021-09-26 23:40:00, 42221.93704203116, 300.0 
 47.78941978421172, -122.8574626088274, 33.84615384615385, 2021-09-26 23:47:30, 80445.04803861634, 300.0 
 47.572474571676345, -122.70040686772158, 33.87755102040817, 2021-09-26 23:50:00, 170390.27554663157, 300.0 
 47.736839576091306, -122.88819180160276, 20.0, 2021-09-26 23:52:30, 35698.58068456807, 150.0 
 47.60604194752471, -122.58703844336391, 40.40816326530613, 2021-09-26 07:12:30, 48746.985886429626, 300.0 
 47.7027054194694, -122.46999139185364, 20.0, 2021-09-26 09:07:30, 66050.57244665397, 300.0 
 47.705824169414996, -122.45518816263115, 20.0, 2021-09-26 09:10:00, 33148.165927942304, 150.0 
 47.419374602591546, -123.29150277137502, 20.0, 2021-09-26 10:25:00, 58806.40123498034, 300.0 
 47.50602380472135, -122.68719266153212, 55.86206896551724, 2021-09-26 10:30:00, 16161.380610343635, 150.0 
 47.569556100839705, -122.64743956521411, 33.84615384615385, 2021-09-26 10:35:00, 42909.79350873063, 150.0 
 47.55864887813773, -122.7798443785645, 20.0, 2021-09-26 10:55:00, 23332.13032712439, 150.0 
 47.31994503147062, -123.23865259959005, 35.172413793103445, 2021-09-26 11:07:30, 15592.303245724841, 300.0 
 47.76609658053046, -122.72008326752486, 20.0, 2021-09-26 11:25:00, 38617.44031194057, 300.0 
 47.27529903853196, -123.22615166678384, 20.0, 2021-09-26 11:27:30, 19766.337948012762, 300.0 
 47.65038144530624, -122.88462166922372, 60.0, 2021-09-26 11:57:30, 124282.11279796212, 300.0 
 47.638027803791985, -122.76693088968952, 47.69230769230769, 2021-09-26 12:00:00, 80750.53262496725, 150.0 
 47.53714339545127, -123.17075730334838, 44.61538461538461, 2021-09-26 12:25:00, 23265.313742936592, 300.0 
 47.59481142602678, -123.35264703274703, 60.0, 2021-09-26 12:27:30, 15246.262869185266, 150.0 
 47.61832318074944, -122.64480415657391, 20.0, 2021-09-26 18:50:00, 119777.42263371509, 300.0 
 47.32535089552731, -122.80918177460335, 20.0, 2021-09-26 23:00:00, 65375.20551523742, 300.0 
 47.720317191242785, -122.81542786658939, 53.10344827586207, 2021-09-26 23:30:00, 148148.53563373737, 300.0 
 47.3528019253651, -122.70428687757834, 34.69387755102041, 2021-09-27 01:15:00, 91143.9006770183, 300.0 
 47.56457633227566, -122.84204068371558, 41.224489795918366, 2021-09-27 01:17:30, 160347.82380913885, 300.0 
 47.58881998943393, -123.1163328822542, 19.999999999999996, 2021-09-27 01:27:30, 45769.10225051439, 300.0 
 47.48416961698896, -122.56383532248095, 54.48275862068965, 2021-09-27 01:40:00, 68232.49968172239, 300.0 
 47.377672156913945, -122.77848371469344, 54.48275862068965, 2021-09-27 01:52:30, 90880.40449360601, 300.0 
 47.419886972706, -122.80202956690367, 55.17241379310345, 2021-09-27 01:55:00, 27051.162263849787, 150.0 
 47.25726747601246, -122.77362793499755, 33.84615384615385, 2021-09-27 02:02:30, 423669.96194602863, 300.0 
 47.522685846069294, -122.97178148386138, 37.14285714285714, 2021-09-27 02:05:00, 125989.97576227805, 300.0 
 47.51263129648097, -123.13449948770237, 31.538461538461544, 2021-09-27 02:07:30, 32680.747442392232, 150.0 
 47.66930079532648, -122.84205284689826, 24.827586206896555, 2021-09-27 02:10:00, 106554.2775623853, 300.0 
 47.70569893049112, -122.95963964244618, 20.0, 2021-09-27 02:12:30, 37828.48537374666, 150.0 
 47.671861485634565, -122.81826979138012, 32.30769230769231, 2021-09-27 02:15:00, 56209.73843089361, 150.0 
 47.4453890680806, -122.60572192305955, 20.0, 2021-09-27 02:32:30, 22117.634089945917, 300.0 
 47.56756009840032, -123.01550058290293, 37.95918367346938, 2021-09-27 02:35:00, 46722.66101083197, 300.0 
 47.56136914990705, -123.08482298970654, 32.307692307692314, 2021-09-27 02:37:30, 12478.235437714158, 150.0 
 47.59397059224223, -122.57283699163158, 39.59183673469388, 2021-09-27 02:42:30, 96786.28987187472, 300.0 
 47.660424876833595, -122.67635395679991, 20.0, 2021-09-27 02:57:30, 55087.269684507875, 300.0 
 47.634604017676935, -122.76650073535062, 20.0, 2021-09-27 03:00:00, 28180.294481669145, 150.0 
 47.44816762753392, -122.52086295612435, 60.0, 2021-09-27 03:05:00, 71357.58893759231, 300.0 
 47.43472059315106, -122.55341297807693, 33.84615384615385, 2021-09-27 03:15:00, 169565.99117432712, 300.0 
 47.554020425686154, -123.01645726157466, 20.0, 2021-09-27 03:47:30, 104195.68684609543, 300.0 
 47.62709626845619, -122.81836416830778, 34.69387755102041, 2021-09-27 03:57:30, 122707.06518563126, 300.0 
 47.616463608579025, -123.01850015296688, 20.0, 2021-09-27 04:30:00, 117250.85251379952, 300.0 
 47.55617152285839, -122.8586654078664, 33.84615384615385, 2021-09-27 04:37:30, 218709.08398651323, 300.0 
 47.43810336633014, -122.87473749564636, 55.862068965517246, 2021-09-27 04:40:00, 59870.29125618689, 150.0 
 47.68079840724347, -122.78090822822837, 20.0, 2021-09-27 04:42:30, 142536.2555242216, 300.0 
 47.40111960974146, -123.19212693448564, 19.999999999999996, 2021-09-27 04:47:30, 66228.88388559545, 150.0 
 47.291792543640796, -123.22411614004378, 20.0, 2021-09-27 04:55:00, 259062.29906879345, 300.0 
 47.36363114640211, -123.14157753164565, 49.23076923076924, 2021-09-27 05:00:00, 187917.7312260861, 300.0 
 47.3215174803782, -123.28266422860739, 60.0, 2021-09-27 05:15:00, 465019.7127189805, 300.0 
 47.522700554016765, -123.27854966646171, 19.999999999999996, 2021-09-27 05:17:30, 91431.96916065735, 150.0 
 47.63255031751949, -122.88989683598504, 30.0, 2021-09-27 05:20:00, 638354.5919992338, 300.0 
 47.57583684025301, -122.95217523586619, 29.230769230769234, 2021-09-27 05:22:30, 133541.85053472096, 150.0 
 47.580211254093015, -122.61276125847095, 37.14285714285714, 2021-09-27 05:27:30, 409941.0536543638, 300.0 
 47.60984671036303, -122.81826428943181, 35.510204081632644, 2021-09-27 05:30:00, 129915.0993760667, 150.0 
 47.53249167222895, -122.58098934780631, 45.38461538461539, 2021-09-27 05:35:00, 148843.09579030442, 300.0 
 47.621503112278276, -122.76932940292559, 20.0, 2021-09-27 05:42:30, 258865.81483375817, 300.0 
 47.40794348644255, -122.95846293457437, 35.38461538461539, 2021-09-27 05:45:00, 360579.0455909637, 300.0 
 47.5599616667742, -122.99810054914019, 20.0, 2021-09-27 05:47:30, 178600.1297650608, 150.0 
 47.663155599481776, -122.78204587496514, 20.0, 2021-09-27 05:50:00, 168825.82335459668, 150.0 
 47.41888514119362, -123.1626893403743, 53.10344827586207, 2021-09-27 05:55:00, 262066.5783534812, 300.0 
 47.5836428338428, -123.05697252047246, 34.61538461538462, 2021-09-27 05:57:30, 97256.15199699468, 150.0 
 47.64778660027085, -122.89311804315253, 20.0, 2021-09-27 06:05:00, 122626.22781440507, 300.0 
 47.42858606049172, -122.83808336140044, 46.15384615384615, 2021-09-27 06:10:00, 261787.02193524697, 300.0 
 47.65054523560081, -122.82132208680792, 20.0, 2021-09-27 06:15:00, 64711.951855595034, 300.0 
 47.63561451868763, -122.75067042666439, 20.0, 2021-09-27 06:32:30, 163933.1808136921, 300.0 
 47.615886930345944, -122.96992919136929, 20.0, 2021-09-27 06:35:00, 47518.65292830901, 150.0 
 47.599644851727206, -123.02014497064238, 20.0, 2021-09-27 06:37:30, 143354.19988660526, 300.0 
 47.57160855229124, -122.61425872986973, 33.87755102040816, 2021-09-27 06:40:00, 337090.5469598812, 300.0 
 47.59836767510076, -122.8823538283253, 20.0, 2021-09-27 06:42:30, 111376.42062983486, 150.0 
 47.67492695570046, -123.0674742004613, 20.0, 2021-09-27 06:47:30, 124565.22863638545, 300.0 
 47.44802058563863, -123.0482123195515, 40.0, 2021-09-27 06:50:00, 234160.77890194682, 300.0 
 47.41529317779121, -123.02361252585916, 44.61538461538461, 2021-09-27 06:52:30, 156180.81555671938, 150.0 
 47.54924269354852, -122.71267084717852, 20.0, 2021-09-27 07:12:30, 254669.49638488298, 300.0 
 47.491499297943, -123.23677520123078, 20.0, 2021-09-27 07:15:00, 207399.5429175905, 300.0 
 47.42353698683213, -122.95744557597257, 20.0, 2021-09-27 07:20:00, 46157.708660949065, 300.0 
 47.541737138122166, -122.56794297373746, 20.0, 2021-09-27 07:22:30, 189293.62429670792, 300.0 
 47.62474108596509, -122.9551150819473, 20.0, 2021-09-27 07:25:00, 99360.28327777151, 300.0 
 47.57568612960085, -122.94003938587774, 20.0, 2021-09-27 07:30:00, 64949.09995320988, 300.0 
 47.476941968740206, -122.83002698863368, 47.69230769230769, 2021-09-27 07:32:30, 28954.323561749174, 150.0 
 47.716328465827885, -122.70802928606419, 20.0, 2021-09-27 07:35:00, 277452.6177074397, 300.0 
 47.719881726297594, -122.78581880194909, 20.0, 2021-09-27 07:37:30, 108336.2431019168, 150.0 
 47.50276929205662, -123.02381994334505, 20.0, 2021-09-27 07:40:00, 53697.88658311595, 150.0 
 47.47862434824906, -122.9287199050751, 20.0, 2021-09-27 07:52:30, 90837.9118808835, 300.0 
 47.55645599813062, -123.04975557366768, 20.0, 2021-09-27 07:57:30, 77044.1680174528, 150.0 
 47.60439720881195, -122.7212629308272, 20.0, 2021-09-27 10:22:30, 45097.98153235613, 300.0 
 47.347100003979854, -123.17036286013844, 60.0, 2021-09-27 10:27:30, 34868.54570122374, 300.0 
 47.47990399083068, -122.83660254300312, 59.31034482758621, 2021-09-27 10:30:00, 89827.71439853725, 300.0 
 47.40855210101843, -123.04435243931195, 60.0, 2021-09-27 10:42:30, 157509.82424445354, 300.0 
 47.49444433962748, -123.04948541387074, 20.0, 2021-09-27 10:52:30, 52592.857760680505, 300.0 
 47.38944470498529, -123.21536443287692, 26.923076923076923, 2021-09-27 11:05:00, 67604.25823527105, 300.0 
 47.66566862740163, -122.6980710361261, 20.0, 2021-09-27 11:07:30, 156179.71256890838, 300.0 
 47.53777898863492, -122.86525594170182, 33.07692307692308, 2021-09-27 11:10:00, 113418.8220215726, 300.0 
 47.636260532818405, -122.89100891346509, 20.0, 2021-09-27 11:12:30, 299931.33779527794, 150.0 
 47.583828640720434, -122.71886740932005, 29.230769230769237, 2021-09-27 11:15:00, 307291.3571074107, 150.0 
 47.220811010405484, -123.03936507047368, 43.84615384615385, 2021-09-27 11:17:30, 596547.113982041, 300.0 
 47.232265259416835, -123.03546625902102, 56.55172413793103, 2021-09-27 11:20:00, 741968.6541651742, 300.0 
 47.27275270650314, -122.98618166861652, 57.241379310344826, 2021-09-27 11:22:30, 165580.88404016107, 150.0 
 47.49787101514447, -123.02636836980804, 36.3265306122449, 2021-09-27 11:27:30, 95075.97826506698, 300.0 
 47.517430024501714, -122.97858991158482, 20.0, 2021-09-27 11:30:00, 59288.263146436206, 150.0 
 47.64261907862861, -123.11687689219687, 20.0, 2021-09-27 11:40:00, 170179.60035093882, 300.0 
 47.277201638330624, -123.24373952442461, 59.99999999999999, 2021-09-27 11:55:00, 81860.31621053597, 300.0 
 47.35151175264053, -123.28446633448685, 60.0, 2021-09-27 11:57:30, 166434.0486373445, 150.0 
 47.3018369910951, -123.24321405338412, 60.0, 2021-09-27 12:00:00, 162492.22582057028, 150.0 
 47.57555414833297, -122.96250249489523, 20.0, 2021-09-27 12:10:00, 164757.8869498493, 300.0 
 47.36512859483181, -122.98377986790922, 56.55172413793103, 2021-09-27 12:20:00, 153035.6174706318, 300.0 
 47.6201909273575, -122.82403506611189, 20.0, 2021-09-27 12:22:30, 123403.18958340144, 300.0 
 47.666640096350854, -122.79653616096431, 20.0, 2021-09-27 12:25:00, 91470.4127878341, 150.0 
 47.44383023199586, -123.19239071877689, 40.769230769230774, 2021-09-27 12:30:00, 503110.27418400295, 300.0 
 47.6218752564141, -122.79665095335756, 20.0, 2021-09-27 12:40:00, 143441.10608154486, 300.0 
 47.37473523248927, -123.22293510987856, 20.0, 2021-09-27 12:47:30, 176691.18114784034, 300.0 
 47.364929909927284, -123.22797989559072, 20.0, 2021-09-27 12:50:00, 113570.86782873873, 150.0 
 47.62811724615638, -122.92890693038248, 20.0, 2021-09-27 12:52:30, 150516.43559974566, 300.0 
 47.40194694059216, -123.19271338668042, 35.38461538461539, 2021-09-27 12:55:00, 236491.05255661113, 300.0 
 47.62551943376746, -122.82327066845053, 20.0, 2021-09-27 13:05:00, 79524.87442205612, 300.0 
 47.620856674628286, -122.81247374254428, 28.27586206896552, 2021-09-27 13:10:00, 181879.12990200723, 300.0 
 47.517232244642955, -123.14227404038546, 30.0, 2021-09-27 13:22:30, 78111.12146907051, 300.0 
 47.56283794755723, -122.83481021196275, 36.326530612244895, 2021-09-27 13:27:30, 136114.47619132666, 300.0 
 47.57476019838822, -122.8356775090765, 40.0, 2021-09-27 13:32:30, 77307.99417475419, 300.0 
 47.74242128331806, -122.58482453262944, 20.0, 2021-09-27 18:15:00, 714763.4449477452, 300.0 
 47.79010293918631, -122.78553338225639, 60.0, 2021-09-27 18:17:30, 126805.06180606804, 150.0 
 47.71048907979926, -122.78974867994569, 20.0, 2021-09-27 18:45:00, 692043.3926713556, 300.0 
 47.66357438877643, -123.28112078467188, 57.93103448275862, 2021-09-27 18:55:00, 318472.87512885005, 300.0 
 47.57303111345557, -122.95771397462039, 60.0, 2021-09-27 18:57:30, 344162.49292299815, 300.0 
 47.71846996755169, -122.80289981986995, 34.69387755102041, 2021-09-27 19:02:30, 263388.6022394435, 300.0 
 47.69257411900195, -123.06643330356735, 60.0, 2021-09-27 19:05:00, 165280.5942882011, 150.0 
 47.80200647279719, -122.7260504521008, 33.07692307692307, 2021-09-27 19:20:00, 176679.0380158226, 300.0 
 47.60363297912889, -122.94170828710939, 60.0, 2021-09-27 19:22:30, 157774.70368775117, 300.0 
 47.52668077261014, -122.96258082024417, 60.0, 2021-09-27 19:25:00, 260402.62773069073, 150.0 
 47.52080739601694, -122.95243080101605, 20.0, 2021-09-27 19:27:30, 237288.46118629302, 150.0 
 47.613052699631844, -122.87465041354957, 20.0, 2021-09-27 19:30:00, 337990.47842114896, 150.0 
 47.75563060033669, -122.69948295626592, 20.0, 2021-09-27 19:32:30, 146944.75199629393, 150.0 
 47.72206497891054, -122.62325390722285, 20.0, 2021-09-27 19:37:30, 429580.97511018167, 300.0 
 47.50137519196731, -122.90871220727085, 51.724137931034484, 2021-09-27 19:40:00, 120928.96384793527, 300.0 
 47.58679408272038, -122.81408310473896, 42.85714285714286, 2021-09-27 19:42:30, 96214.25297708677, 150.0 
 47.57532851108077, -122.78650230459533, 34.61538461538461, 2021-09-27 19:52:30, 449805.08115589316, 300.0 
 47.33128584209993, -123.07527471630812, 60.0, 2021-09-27 19:55:00, 625442.5562277008, 300.0 
 47.66306250718435, -122.83615493940965, 20.0, 2021-09-27 20:00:00, 619425.7966307296, 300.0 
 47.45957645369129, -123.16600721116957, 55.172413793103445, 2021-09-27 20:02:30, 751222.0808745311, 300.0 
 47.59457861464902, -122.84360383372439, 34.61538461538462, 2021-09-27 20:17:30, 282141.775065682, 150.0 
 47.55314731721951, -122.94367978290443, 57.93103448275863, 2021-09-27 20:22:30, 454979.1336854193, 300.0 
 47.62942066944156, -122.80796829827973, 34.69387755102041, 2021-09-27 20:27:30, 570681.3521057504, 150.0 
 47.76158574226173, -123.1834916000641, 46.15384615384616, 2021-09-27 20:32:30, 465208.5421145766, 150.0 
 47.7721080689198, -122.79095135785685, 20.0, 2021-09-27 20:35:00, 1153742.4016114518, 300.0 
 47.74387844761881, -122.73943175632502, 60.0, 2021-09-27 20:37:30, 310553.9345565374, 150.0 
 47.518947147355675, -122.87002890451389, 60.0, 2021-09-27 20:40:00, 338182.41473452974, 300.0 
 47.478912900791116, -123.2097859364152, 20.689655172413794, 2021-09-27 20:42:30, 158809.9314484367, 300.0 
 47.566902300369854, -122.62897824079413, 20.0, 2021-09-27 21:05:00, 531452.0525766648, 300.0 
 47.50868303721162, -122.83880698703118, 60.00000000000001, 2021-09-27 21:25:00, 114505.7544867736, 300.0 
 47.706279298265144, -123.0082977251704, 20.0, 2021-09-27 21:27:30, 447645.35447771003, 300.0 
 47.63318332543459, -123.08004946655247, 37.142857142857146, 2021-09-27 21:32:30, 218267.5025761747, 150.0 
 47.48966620093969, -123.21742855030138, 60.0, 2021-09-27 21:35:00, 530385.6696685342, 150.0 
 47.63270507604345, -122.902044734323, 53.79310344827587, 2021-09-27 21:40:00, 241452.17127941104, 150.0 
 47.41413014523127, -123.10229514931714, 60.0, 2021-09-27 21:42:30, 1747286.272787325, 300.0 
 47.627810005128545, -122.90461054344745, 20.0, 2021-09-27 21:45:00, 744830.0449229955, 300.0 
 47.71611856991696, -122.87355734491628, 20.0, 2021-09-27 21:47:30, 884723.9522518088, 150.0 
 47.731549449212054, -122.89199189033484, 20.0, 2021-09-27 21:50:00, 4504483.561074506, 300.0 
 47.34440390184467, -123.18794166676135, 37.95918367346938, 2021-09-27 21:57:30, 1663541.1811923718, 300.0 
 47.462494500571324, -123.05693171625899, 60.0, 2021-09-27 22:00:00, 311268.6555838717, 150.0 
 47.497615750076676, -123.03970809176572, 60.00000000000001, 2021-09-27 22:02:30, 608666.3690091716, 150.0 
 47.64788637094141, -123.18846621216002, 60.0, 2021-09-27 22:05:00, 316869.20453974756, 150.0 
 47.60649305261726, -122.7242335314465, 58.62068965517241, 2021-09-27 22:12:30, 191304.9389922888, 300.0 
 47.57519517428389, -123.00134444150171, 59.99999999999999, 2021-09-27 22:32:30, 651543.4109603321, 300.0 
 47.54339591795909, -122.98639556535954, 31.538461538461544, 2021-09-27 23:07:30, 343083.004887923, 300.0 
 47.590374948378354, -122.93235632529438, 36.326530612244895, 2021-09-27 23:15:00, 206192.57545708588, 300.0 
 47.692456630584545, -122.82598561556249, 34.61538461538461, 2021-09-27 02:17:30, 74844.93839359787, 150.0 
 47.567944092543044, -123.27332948432057, 45.38461538461538, 2021-09-27 04:45:00, 193502.00776810324, 300.0 
 47.610756852338454, -122.68785087663838, 20.0, 2021-09-27 04:57:30, 180786.03015158398, 300.0 
 47.55660276199145, -122.58018763362013, 20.0, 2021-09-27 05:52:30, 62662.96146602412, 150.0 
 47.692613434676026, -122.85321541958754, 20.0, 2021-09-27 06:07:30, 60324.37072698494, 150.0 
 47.73931719287561, -122.65584770904096, 41.224489795918366, 2021-09-27 06:10:00, 89495.27056990826, 150.0 
 47.81880645182696, -123.15707165583714, 60.0, 2021-09-27 06:37:30, 210284.99300247434, 300.0 
 47.616218057941204, -123.04831860976451, 60.0, 2021-09-27 07:35:00, 73474.49793909462, 150.0 
 47.55419341643723, -123.18412454789599, 60.00000000000001, 2021-09-27 07:37:30, 94677.84968836891, 300.0 
 47.55519089531583, -122.80542855371385, 20.0, 2021-09-27 07:45:00, 56066.776255584606, 300.0 
 47.66187989268543, -122.83500538674178, 34.61538461538461, 2021-09-27 07:55:00, 34108.48125485545, 150.0 
 47.648839141826315, -122.67239140801011, 20.0, 2021-09-27 08:20:00, 95717.76635845222, 300.0 
 47.603601006720005, -122.78253866929742, 20.0, 2021-09-27 08:22:30, 41000.09332557628, 150.0 
 47.65636256094742, -122.80202730893393, 20.0, 2021-09-27 08:27:30, 54356.06769290172, 300.0 
 47.67779982881138, -122.98565363484187, 20.0, 2021-09-27 08:30:00, 53883.53932705719, 150.0 
 47.650241872865095, -122.98525210750174, 20.0, 2021-09-27 08:32:30, 48676.708625574924, 150.0 
 47.67909742443268, -123.18714353277343, 55.862068965517246, 2021-09-27 08:47:30, 41054.005177172985, 300.0 
 47.70667782707223, -122.84318830738704, 44.48979591836734, 2021-09-27 10:52:30, 51821.91181563441, 300.0 
 47.28519786462198, -123.02286154679331, 60.0, 2021-09-27 11:07:30, 55779.54387729723, 150.0 
 47.636572057838706, -123.1951407856774, 35.38461538461539, 2021-09-27 11:10:00, 114159.91566924441, 300.0 
 47.64078070804571, -122.83371797147643, 20.0, 2021-09-27 11:17:30, 200940.13797656805, 300.0 
 47.71191995803149, -122.88571726208565, 44.61538461538461, 2021-09-27 11:50:00, 115467.36459121345, 300.0 
 47.601954040261795, -122.87482893263281, 20.0, 2021-09-27 12:32:30, 155131.37154054278, 300.0 
 47.47045133291327, -122.97380032773043, 60.0, 2021-09-27 20:15:00, 355206.8369556085, 300.0 
 47.63376686120731, -123.04538261359136, 20.0, 2021-09-27 20:25:00, 471989.4637450273, 150.0 
 47.58663281611062, -122.99205862373888, 20.0, 2021-09-27 20:30:00, 244945.93534965982, 150.0 
 47.655026181017206, -122.97875703796588, 20.0, 2021-09-27 21:30:00, 172262.0765318247, 150.0 
 47.56583942096023, -122.78570575339937, 20.0, 2021-09-27 21:37:30, 413892.3669309754, 300.0 
 47.427380450903556, -123.03201154889922, 60.0, 2021-09-27 21:50:00, 953107.8852974718, 300.0 
 47.227516542056705, -123.1248129888001, 60.0, 2021-09-28 00:35:00, 281338.3913367123, 300.0 
 47.210398465630554, -123.25780133418868, 20.0, 2021-09-28 00:45:00, 224979.33675662123, 300.0 
 47.311300796731125, -123.42839098961481, 45.38461538461539, 2021-09-28 00:50:00, 616789.1602955143, 300.0 
 47.277488640977595, -123.1900280549319, 43.67346938775511, 2021-09-28 00:52:30, 274622.4985552855, 150.0 
 47.293291982284806, -123.16975646531827, 38.775510204081634, 2021-09-28 00:55:00, 292285.14676032483, 150.0 
 47.39114791196442, -122.92867161023038, 54.48275862068965, 2021-09-28 00:57:30, 296728.86671796546, 150.0 
 47.45699849874699, -122.97351044718786, 33.07692307692307, 2021-09-28 01:00:00, 188125.33066408854, 150.0 
 47.38159024579588, -123.2518121599052, 60.0, 2021-09-28 01:02:30, 206480.37837608362, 150.0 
 47.42379721471675, -123.122640066963, 54.48275862068965, 2021-09-28 01:32:30, 363688.6208810483, 300.0 
 47.326264332002715, -123.18109065550154, 20.0, 2021-09-28 01:55:00, 111991.03368366895, 300.0 
 47.83816514159672, -122.72736128215575, 20.0, 2021-09-28 04:17:30, 34891.971020935205, 300.0 
 47.81431660633651, -122.81468246595394, 20.0, 2021-09-28 04:20:00, 17673.823770970044, 150.0 
 47.87583052004326, -122.6346207077662, 20.0, 2021-09-28 04:27:30, 63034.82946821619, 300.0 
 47.89133177944342, -122.54739855634935, 48.46153846153847, 2021-09-28 04:35:00, 121826.70385726266, 300.0 
 47.857219528666796, -122.3954122441798, 60.0, 2021-09-28 04:37:30, 31867.985093477047, 150.0 
 47.78626630662039, -122.77529081403803, 20.0, 2021-09-28 04:52:30, 50509.40181332654, 300.0 
 47.79252222276938, -122.55813575316702, 20.0, 2021-09-28 04:55:00, 77975.73222813886, 150.0 
 47.97717193879336, -122.92850814695794, 60.0, 2021-09-28 04:57:30, 162516.6737455509, 300.0 
 47.90988946935708, -122.86865853187803, 60.0, 2021-09-28 05:00:00, 79048.67227678827, 150.0 
 47.616463608579025, -123.0185001529669, 54.48275862068966, 2021-09-28 05:02:30, 70595.08265475152, 300.0 
 47.643766497121106, -122.86771106943173, 20.0, 2021-09-28 05:07:30, 46704.42416028392, 300.0 
 47.554774319784684, -122.97639433185691, 20.0, 2021-09-28 05:20:00, 35982.272943217715, 300.0 
 47.900657231374836, -122.70342210603025, 20.0, 2021-09-28 05:32:30, 262314.7067723524, 300.0 
 47.44615687706096, -123.02888896453018, 20.0, 2021-09-28 05:37:30, 78214.04637378785, 300.0 
 47.230500250069255, -123.25557623470772, 20.0, 2021-09-28 05:40:00, 94451.74755092406, 300.0 
 47.5076677666932, -123.02127104288783, 20.0, 2021-09-28 05:42:30, 35956.320610030976, 300.0 
 47.7702433835282, -122.47483080851364, 47.69230769230769, 2021-09-28 05:47:30, 66940.69081331001, 300.0 
 47.33899821378467, -123.14214177348553, 59.99999999999999, 2021-09-28 06:20:00, 92939.12719762724, 300.0 
 47.57266929638923, -122.89581900279013, 20.0, 2021-09-28 06:22:30, 38881.99417510446, 300.0 
 47.27410696218299, -123.35241322984965, 32.307692307692314, 2021-09-28 06:37:30, 38260.86094591474, 300.0 
 47.304687759990415, -123.24073822095076, 48.96551724137932, 2021-09-28 06:45:00, 75756.96462675622, 300.0 
 47.65489158504954, -123.00354316920907, 21.379310344827587, 2021-09-28 07:10:00, 28911.121227549447, 300.0 
 47.64994035062092, -122.74719195165463, 60.00000000000001, 2021-09-28 07:12:30, 40326.37329476851, 150.0 
 47.62755825390776, -122.98419937037632, 42.04081632653061, 2021-09-28 07:15:00, 29880.173945947907, 150.0 
 47.578051141956905, -123.07106776561153, 33.07692307692308, 2021-09-28 07:17:30, 57710.51579012056, 150.0 
 47.64234125039552, -122.88476329680779, 20.0, 2021-09-28 07:30:00, 26390.86264230818, 300.0 
 47.20096339536663, -123.10011875691104, 33.87755102040816, 2021-09-28 08:30:00, 289104.83784441807, 300.0 
 47.25939005047452, -122.90206842911755, 57.241379310344826, 2021-09-28 08:32:30, 105990.14762651375, 150.0 
 47.23890603884318, -123.07751436245253, 60.0, 2021-09-28 08:35:00, 106054.86715879211, 150.0 
 47.31387699956653, -123.02557149554428, 46.12244897959184, 2021-09-28 08:37:30, 164661.0911843954, 150.0 
 47.40909730803973, -123.09273394265922, 31.53846153846154, 2021-09-28 08:45:00, 109034.53200113591, 300.0 
 47.398694138259756, -122.97443635744045, 34.61538461538462, 2021-09-28 08:47:30, 18877.06247903594, 150.0 
 47.59216370273355, -122.91106324012952, 20.0, 2021-09-28 08:50:00, 38138.41077762699, 150.0 
 47.54382672605714, -123.02278101557047, 20.0, 2021-09-28 08:55:00, 107416.21829254186, 300.0 
 47.56629899060144, -122.97852005587671, 20.0, 2021-09-28 09:00:00, 22822.606695754792, 150.0 
 47.71011076334222, -122.64798350604654, 20.0, 2021-09-28 09:10:00, 110139.3936594738, 300.0 
 47.706459597995845, -122.34629940917961, 59.99999999999999, 2021-09-28 09:15:00, 102527.02724941882, 300.0 
 47.47005466874402, -123.22754129966096, 20.0, 2021-09-28 09:20:00, 67931.27143612367, 300.0 
 47.55633775361704, -123.11285170616537, 46.92307692307691, 2021-09-28 09:22:30, 24263.684837959325, 150.0 
 47.632139428970234, -123.21494260646475, 34.693877551020414, 2021-09-28 09:35:00, 31138.586672538706, 300.0 
 47.8396707992341, -122.45097551182215, 20.0, 2021-09-28 09:40:00, 100036.38444534864, 300.0 
 47.682325570547064, -122.63003738144812, 60.0, 2021-09-28 09:45:00, 30391.90224928728, 300.0 
 47.74303122271236, -122.51903957593377, 52.41379310344827, 2021-09-28 09:52:30, 133299.36732207763, 300.0 
 47.67625950070627, -122.63631890731756, 44.61538461538462, 2021-09-28 09:57:30, 33705.79790107841, 300.0 
 47.67687983190066, -122.65028638001742, 60.0, 2021-09-28 10:15:00, 73855.46950533056, 300.0 
 47.762222661405296, -122.85032649746739, 20.000000000000004, 2021-09-28 16:42:30, 221368.78864735868, 300.0 
 47.684082361855744, -122.93832362331973, 20.0, 2021-09-28 16:45:00, 161659.3143711534, 150.0 
 47.505011299882604, -122.87224311790445, 46.15384615384616, 2021-09-28 16:50:00, 451609.9985816203, 300.0 
 47.6355091024037, -122.89649833770642, 33.07692307692308, 2021-09-28 16:55:00, 283529.0545637989, 150.0 
 47.41868647943878, -123.26615803664505, 32.30769230769231, 2021-09-28 16:57:30, 589413.4281843674, 300.0 
 47.40445106133235, -123.1569686594415, 60.0, 2021-09-28 17:00:00, 130874.03718498845, 150.0 
 47.66480096225099, -122.84339942248685, 33.06122448979592, 2021-09-28 17:17:30, 221730.15798103632, 300.0 
 47.593689531865785, -122.93469386349321, 20.0, 2021-09-28 17:20:00, 152908.98969647812, 150.0 
 47.7507278184471, -122.81959936657569, 20.0, 2021-09-28 17:22:30, 264035.7475593897, 150.0 
 47.760475448371245, -122.97279458109895, 20.0, 2021-09-28 17:25:00, 128301.75100757275, 150.0 
 47.397111341181876, -122.97931803409195, 34.61538461538461, 2021-09-28 17:30:00, 334903.42378559755, 300.0 
 47.46078109518419, -123.12480048557174, 55.862068965517246, 2021-09-28 17:37:30, 831883.7218920987, 300.0 
 47.6495467877817, -122.74841947877366, 20.0, 2021-09-28 17:40:00, 782038.2996681562, 300.0 
 47.655096967884575, -122.67713182861839, 20.0, 2021-09-28 17:42:30, 400940.81211114634, 150.0 
 47.579150929781974, -122.95451396906807, 20.0, 2021-09-28 17:45:00, 258381.01733073973, 150.0 
 47.32969792784698, -123.11759292297039, 56.55172413793104, 2021-09-28 17:50:00, 1481717.7237683234, 300.0 
 47.487124765438345, -123.20960867764376, 48.46153846153846, 2021-09-28 17:52:30, 416176.4554037373, 150.0 
 47.41594951361956, -123.19663409970042, 44.61538461538461, 2021-09-28 17:55:00, 336786.4060386445, 150.0 
 47.26290099152624, -123.20964962790994, 43.84615384615384, 2021-09-28 18:10:00, 742406.2132040377, 300.0 
 47.374781289045536, -122.83782131764573, 46.15384615384616, 2021-09-28 18:12:30, 772462.8925076089, 300.0 
 47.710135990258706, -122.9869071727814, 20.0, 2021-09-28 18:35:00, 148010.4265126956, 300.0 
 47.805287381158806, -122.84603828694183, 43.84615384615385, 2021-09-28 18:40:00, 1321732.0152242938, 300.0 
 47.49358705194543, -122.58836293889725, 28.27586206896552, 2021-09-28 21:35:00, 477661.7154348073, 300.0 
 47.44695347420748, -122.65471252123774, 60.0, 2021-09-28 21:37:30, 205472.3175649858, 150.0 
 47.460761060111615, -122.70029187773046, 44.61538461538462, 2021-09-28 21:50:00, 204902.3075458553, 300.0 
 47.52799463428042, -122.58235250496088, 20.0, 2021-09-28 21:55:00, 225700.83512236903, 300.0 
 47.537441207905914, -122.74942624738419, 20.0, 2021-09-28 22:20:00, 133070.95432126915, 300.0 
 47.432764623284676, -122.9069642031215, 53.103448275862064, 2021-09-28 22:27:30, 121696.65365632773, 300.0 
 47.502080546682826, -123.17518063886602, 60.0, 2021-09-28 06:10:00, 73799.91437552549, 300.0 
 47.371465374230986, -123.02705452409649, 32.30769230769231, 2021-09-28 06:15:00, 83398.51701047947, 300.0 
 47.5673884403534, -122.76271739938272, 20.0, 2021-09-28 08:40:00, 136124.53522290822, 300.0 
 47.63632436783208, -122.98980157981083, 34.69387755102041, 2021-09-28 08:57:30, 40885.245163565996, 150.0 
 47.57779292294104, -122.8516079975085, 33.87755102040816, 2021-09-28 16:52:30, 305650.62518126075, 150.0 
 47.23135763995248, -123.10171902042227, 52.41379310344827, 2021-09-28 17:52:30, 380943.12518676085, 300.0 
 47.645986624503486, -122.77828443551381, 20.0, 2021-09-28 18:17:30, 224821.76935910503, 300.0 
 47.652553528897556, -122.63589081536986, 60.0, 2021-09-28 18:20:00, 111975.1688120358, 150.0 
 47.54191487653988, -122.89970671471542, 20.0, 2021-09-29 00:20:00, 86352.54650644884, 300.0 
 47.4951245623896, -122.66284640657216, 46.923076923076934, 2021-09-29 00:30:00, 32063.921090566662, 300.0 
 47.48159823399141, -122.9698382043992, 20.0, 2021-09-29 00:35:00, 60426.893935219945, 300.0 
 47.51886382625432, -122.83244704666217, 20.0, 2021-09-29 00:37:30, 11667.890675754825, 150.0 
 47.58889321637022, -122.72842470701427, 33.87755102040816, 2021-09-29 00:40:00, 45300.81882600102, 150.0 
 47.54823709562757, -122.88012347021002, 20.0, 2021-09-29 00:42:30, 47227.25708279366, 150.0 
 47.70245736967154, -123.03273088783389, 31.53846153846154, 2021-09-29 00:52:30, 94871.18990962634, 300.0 
 47.60090192388141, -123.09478988557123, 60.0, 2021-09-29 01:10:00, 50649.098326890045, 300.0 
 47.55284769513007, -123.34222665164218, 33.846153846153854, 2021-09-29 01:12:30, 56108.23655151228, 150.0 
 47.4945584434569, -123.02402813521851, 20.0, 2021-09-29 01:17:30, 160888.93378444298, 300.0 
 47.48950583191269, -123.2428766611985, 20.0, 2021-09-29 01:22:30, 92366.72431746163, 300.0 
 47.52775057269328, -122.67513678582854, 33.84615384615384, 2021-09-29 03:17:30, 42395.08538654296, 150.0 
 47.3973230606822, -122.83415004973374, 20.0, 2021-09-29 03:45:00, 44507.88490254255, 150.0 
 47.492932435027896, -122.85925264899487, 20.0, 2021-09-29 03:47:30, 19514.345918370826, 150.0 
 47.07312008046781, -123.15046071955939, 24.137931034482754, 2021-09-29 04:02:30, 149747.14366653102, 300.0 
 47.5011434109981, -122.85902031258047, 20.0, 2021-09-29 04:12:30, 32864.28436133674, 300.0 
 47.50461643804139, -122.87346639936018, 20.0, 2021-09-29 04:15:00, 31035.805640893726, 150.0 
 47.16899290659164, -122.99850380022647, 20.0, 2021-09-29 04:17:30, 218577.66261479046, 300.0 
 47.498582750028184, -122.70273883251977, 33.846153846153854, 2021-09-29 04:22:30, 134672.56272928786, 300.0 
 47.522105765487154, -122.76869277627718, 20.0, 2021-09-29 04:27:30, 147711.5656334807, 300.0 
 47.210729297768985, -123.129425441368, 20.0, 2021-09-29 04:30:00, 191393.53052533115, 300.0 
 47.41079515118824, -122.73876703561157, 20.0, 2021-09-29 04:42:30, 80321.58205213702, 300.0 
 47.89758425781366, -122.55328932935953, 43.84615384615385, 2021-09-29 05:02:30, 59842.90734421944, 300.0 
 47.20785106966508, -123.01980570310329, 58.62068965517241, 2021-09-29 05:07:30, 50736.18173094022, 300.0 
 47.27413868161499, -122.93183516663933, 21.379310344827584, 2021-09-29 05:32:30, 33037.61310798444, 300.0 
 47.3679446168567, -122.91237158043023, 33.07692307692308, 2021-09-29 05:52:30, 88635.0339893204, 300.0 
 47.9084317964587, -122.27130797441652, 60.0, 2021-09-29 05:57:30, 22754.12133207887, 300.0 
 47.96027185340971, -122.39336119676165, 53.103448275862064, 2021-09-29 06:22:30, 16968.190926007705, 300.0 
 47.944082780897844, -122.43187192146283, 60.0, 2021-09-29 06:27:30, 44525.350917525364, 300.0 
 47.3116128680676, -123.00751678732769, 53.10344827586207, 2021-09-29 06:45:00, 105521.5093437287, 300.0 
 47.34759058017315, -123.17820525634247, 60.0, 2021-09-29 06:47:30, 123035.46562829266, 150.0 
 47.58050724579564, -122.74507761439487, 31.03448275862069, 2021-09-29 06:50:00, 203939.12529161404, 300.0 
 47.42684663410965, -122.83087164996323, 20.0, 2021-09-29 06:52:30, 82804.24226972499, 150.0 
 47.40816940830897, -122.81628871111812, 23.448275862068964, 2021-09-29 06:55:00, 109297.53931511052, 150.0 
 47.46410636342586, -123.2924660992498, 20.0, 2021-09-29 07:00:00, 207506.51956355313, 300.0 
 47.369493902629706, -123.07675883274821, 20.0, 2021-09-29 07:05:00, 132122.54623708315, 300.0 
 47.40724152904332, -123.07342175945637, 20.000000000000004, 2021-09-29 07:07:30, 58506.07415681028, 150.0 
 47.211225097117534, -123.1372507095664, 46.92307692307692, 2021-09-29 07:12:30, 113257.86766517015, 300.0 
 47.19989896713087, -123.23391729706731, 32.24489795918367, 2021-09-29 07:15:00, 82898.54257524626, 150.0 
 47.41643272879468, -122.8505417953828, 46.92307692307692, 2021-09-29 07:17:30, 110779.66088067247, 300.0 
 47.50967819168727, -122.94908922437948, 45.38461538461539, 2021-09-29 07:20:00, 42480.746225734474, 150.0 
 47.58005451513364, -122.77179381628517, 20.0, 2021-09-29 07:27:30, 165469.2644555864, 300.0 
 47.181418404971495, -123.00721584919312, 33.06122448979592, 2021-09-29 07:40:00, 153206.4801309117, 300.0 
 47.47877508243255, -122.94083180679338, 20.0, 2021-09-29 07:47:30, 28401.42649311973, 300.0 
 47.266303387888456, -122.86507312594453, 20.0, 2021-09-29 07:50:00, 20641.45964735704, 150.0 
 47.4933271985772, -122.85802960610783, 28.96551724137931, 2021-09-29 07:52:30, 41239.53061516366, 300.0 
 47.30933568528911, -122.95503729009867, 33.84615384615385, 2021-09-29 08:00:00, 54491.43621013988, 150.0 
 47.09051207650607, -123.17911410496272, 22.06896551724138, 2021-09-29 08:07:30, 239718.1804471761, 300.0 
 47.159392325579525, -123.16794802017876, 19.999999999999996, 2021-09-29 08:10:00, 100011.6887764487, 150.0 
 47.429719760305616, -123.26048211724874, 35.51020408163266, 2021-09-29 08:25:00, 81237.62473154032, 300.0 
 47.377569642986735, -123.06447247588204, 45.306122448979586, 2021-09-29 08:35:00, 202825.5726822899, 300.0 
 47.55650363335249, -122.98362926141073, 20.0, 2021-09-29 08:37:30, 94736.27372873572, 150.0 
 47.32442285759305, -123.16180863016953, 35.38461538461539, 2021-09-29 08:40:00, 113105.27554754242, 300.0 
 47.32638698194471, -123.11525523597828, 59.310344827586206, 2021-09-29 08:52:30, 47154.361221166815, 300.0 
 47.464632568787145, -122.95938522622195, 30.0, 2021-09-29 09:45:00, 18861.177814983163, 300.0 
 47.36838252747954, -122.8198744212014, 20.0, 2021-09-29 09:52:30, 59336.47962146386, 300.0 
 47.37800406895613, -122.80266006021594, 20.0, 2021-09-29 09:55:00, 64019.32055175603, 150.0 
 47.58679938572409, -122.69692023027135, 20.0, 2021-09-29 09:57:30, 32357.669708834695, 150.0 
 47.500541507981985, -122.66812899911208, 60.0, 2021-09-29 10:02:30, 16861.197371267317, 300.0 
 47.43561052068784, -122.6108902367984, 60.0, 2021-09-29 10:05:00, 11645.882266859111, 150.0 
 47.43421635378059, -122.79858147091404, 32.30769230769231, 2021-09-29 10:12:30, 122535.50935886046, 300.0 
 47.335341104874296, -122.89997520479395, 20.0, 2021-09-29 10:17:30, 99865.0349374384, 300.0 
 47.262237581191165, -122.86820575051915, 20.000000000000004, 2021-09-29 10:20:00, 68208.71706639214, 300.0 
 47.18616806237449, -123.02697865092236, 60.00000000000001, 2021-09-29 10:40:00, 91776.09445709542, 300.0 
 47.46422994586946, -122.83160686096163, 34.69387755102041, 2021-09-29 10:45:00, 92644.30497104157, 300.0 
 47.26953717392584, -123.0990965844517, 20.0, 2021-09-29 10:47:30, 122145.26806331064, 300.0 
 47.43173655311545, -123.0607222068411, 20.0, 2021-09-29 10:50:00, 87193.17079932454, 150.0 
 47.542295887511955, -122.60431275145062, 60.0, 2021-09-29 10:57:30, 50900.77228723535, 300.0 
 47.67725315216991, -122.62047521605086, 55.862068965517246, 2021-09-29 11:02:30, 34872.92407411678, 300.0 
 47.497253219199386, -122.58642088755667, 41.224489795918366, 2021-09-29 11:30:00, 89116.7346338561, 300.0 
 47.11109493476219, -122.97583307736811, 20.0, 2021-09-29 17:52:30, 473761.56781065627, 300.0 
 47.715342708849334, -122.94234408319717, 53.07692307692309, 2021-09-29 18:12:30, 610259.6235127047, 300.0 
 47.53717321222411, -122.91439414809444, 36.326530612244895, 2021-09-29 18:15:00, 558560.3689016417, 150.0 
 47.632769098166605, -123.0436014782072, 33.84615384615385, 2021-09-29 18:17:30, 449437.49076592806, 150.0 
 47.22243197992915, -122.8090406062357, 24.827586206896555, 2021-09-29 18:20:00, 1629699.749640086, 300.0 
 47.24551479098544, -123.04478633914829, 46.15384615384616, 2021-09-29 18:25:00, 2037888.4088145474, 300.0 
 47.19513687944682, -123.02133134888444, 60.0, 2021-09-29 18:27:30, 657361.323383343, 150.0 
 47.57377103501083, -122.76287951125204, 36.326530612244895, 2021-09-29 18:42:30, 345003.89139499713, 300.0 
 47.57449916081104, -122.78592016983887, 44.61538461538461, 2021-09-29 18:55:00, 376202.796185491, 150.0 
 47.48396705364225, -122.57717304084996, 59.310344827586206, 2021-09-29 18:57:30, 552050.7896957275, 150.0 
 47.57744127521437, -123.29198650318453, 60.0, 2021-09-29 19:02:30, 873748.8509217675, 300.0 
 47.57808534677828, -122.77792235308104, 34.61538461538462, 2021-09-29 19:07:30, 1011750.3252393727, 300.0 
 47.60983788429465, -123.01381246623517, 20.0, 2021-09-29 19:10:00, 395653.93747929565, 150.0 
 47.423209634233814, -123.18376454422746, 45.38461538461539, 2021-09-29 19:42:30, 1126243.1816905164, 300.0 
 47.66302058809769, -123.22338160571881, 44.48979591836734, 2021-09-29 19:47:30, 364244.5663319924, 300.0 
 47.42001145633272, -122.97145653752739, 60.0, 2021-09-29 22:07:30, 432016.9457878373, 300.0 
 47.50683221190776, -123.33947956690102, 40.0, 2021-09-29 22:25:00, 262607.61717887805, 300.0 
 47.234956785394175, -123.05529792093013, 20.689655172413794, 2021-09-29 22:27:30, 368165.79480081727, 300.0 
 47.25396738765335, -122.68626292752008, 22.068965517241384, 2021-09-29 22:40:00, 460734.74524982186, 300.0 
 47.33554795466827, -122.6758226619424, 20.0, 2021-09-29 22:50:00, 115820.0179417286, 300.0 
 47.32185317672911, -123.19145540375094, 46.92307692307693, 2021-09-29 22:52:30, 307314.9876755281, 300.0 
 47.44275770775876, -123.2081529904, 42.04081632653062, 2021-09-29 22:55:00, 119450.43361987577, 150.0 
 47.38137990462602, -123.07465799358093, 35.51020408163266, 2021-09-29 23:00:00, 272610.1889068108, 300.0 
 47.475433901960486, -122.80947674260835, 20.000000000000004, 2021-09-29 23:15:00, 81739.41583403506, 300.0 
 47.319113987857776, -122.82130430065848, 60.00000000000001, 2021-09-29 23:17:30, 132852.06853489074, 150.0 
 47.466816291176094, -123.27484997361151, 45.38461538461539, 2021-09-29 23:27:30, 102728.53012479862, 300.0 
 47.1814814917746, -123.15961338293769, 44.48979591836735, 2021-09-29 23:30:00, 226201.6839247767, 300.0 
 47.177665407572256, -122.80914428054936, 20.000000000000004, 2021-09-29 23:42:30, 380019.5015300167, 300.0 
 47.19158258774527, -122.73981741228988, 20.0, 2021-09-29 23:45:00, 112052.83179292982, 150.0 
 47.34548300612473, -123.05982026609549, 42.85714285714286, 2021-09-29 23:50:00, 326368.5175712134, 300.0 
 47.68378187287226, -123.2432654005386, 33.84615384615385, 2021-09-29 00:00:00, 117527.8472042457, 300.0 
 47.6228001831487, -123.04330977790117, 20.0, 2021-09-29 00:07:30, 241135.9033045977, 300.0 
 47.3681915332677, -123.04443028179169, 43.07692307692307, 2021-09-29 01:50:00, 109595.6908364824, 300.0 
 47.554439897605135, -122.96149235374433, 59.310344827586206, 2021-09-29 03:15:00, 77433.65866873303, 300.0 
 47.23024049454693, -122.98560670586234, 50.00000000000001, 2021-09-29 03:42:30, 50574.81422681303, 300.0 
 47.231926876698324, -123.2893298489403, 28.96551724137931, 2021-09-29 04:20:00, 30650.96752302423, 150.0 
 47.37050220112375, -122.96611514904917, 28.96551724137931, 2021-09-29 04:45:00, 28253.954589578043, 150.0 
 47.36488365808999, -123.03204175232003, 20.0, 2021-09-29 04:47:30, 32487.019452608012, 150.0 
 47.82911774454641, -122.52186958748096, 29.230769230769237, 2021-09-29 05:45:00, 160684.2152504851, 300.0 
 47.86838663212062, -122.45713708273023, 25.51724137931034, 2021-09-29 05:47:30, 103560.03396157121, 150.0 
 47.63743586800967, -123.04562131293359, 46.15384615384615, 2021-09-29 07:02:30, 116204.01188892881, 300.0 
 47.40536535877266, -123.03059159327444, 36.326530612244895, 2021-09-29 07:55:00, 28579.34091176463, 150.0 
 47.42231718034128, -122.98564342301454, 42.857142857142854, 2021-09-29 07:57:30, 33304.21620864005, 150.0 
 47.565988036660904, -122.78028387482007, 33.07692307692307, 2021-09-29 10:17:30, 48262.28223583906, 300.0 
 47.408733536466414, -123.16213571386204, 60.0, 2021-09-29 18:12:30, 553211.5371959689, 300.0 
 47.58170719138282, -123.3028120486242, 44.61538461538462, 2021-09-29 18:25:00, 833678.9065892221, 300.0 
 47.51922675252213, -122.97147269921138, 23.448275862068964, 2021-09-29 18:30:00, 652621.5348990312, 300.0 
 47.416486499248116, -123.05838996445927, 24.827586206896548, 2021-09-29 18:32:30, 161621.74919399942, 150.0 
 47.39675198862028, -123.22224752788176, 45.38461538461538, 2021-09-29 18:45:00, 173076.38423670898, 300.0 
 47.61729666869658, -123.04295187113335, 35.51020408163265, 2021-09-29 18:52:30, 219399.27064518436, 300.0 
 47.13951796191843, -123.12938102806037, 60.0, 2021-09-29 19:02:30, 244130.64963793935, 300.0 
 47.37784088628963, -122.96657906024217, 27.586206896551722, 2021-09-29 19:05:00, 315363.4933205935, 300.0 
 47.543350947704035, -123.20782591520343, 20.689655172413794, 2021-09-29 19:12:30, 353865.03286096547, 150.0 
 47.10204675586628, -122.90616066137895, 60.0, 2021-09-29 22:07:30, 249370.48507920417, 300.0 
 47.230976041790925, -123.23258621620731, 22.75862068965517, 2021-09-29 22:30:00, 139718.21803190713, 150.0 
 47.308713167905545, -123.1568010509337, 51.72413793103448, 2021-09-29 23:05:00, 211160.47031951047, 300.0 
 47.44440700386007, -123.34202118446026, 41.224489795918366, 2021-09-29 23:30:00, 178097.5031839573, 300.0 
 47.407248010231484, -123.23921002138508, 20.0, 2021-09-29 23:45:00, 90688.52847002179, 300.0 
 47.603855564621654, -122.86216059997216, 20.0, 2021-10-01 00:22:30, 212070.39742175987, 300.0 
 47.486985916688745, -122.94060961140077, 20.0, 2021-10-01 00:32:30, 78204.29382538873, 300.0 
 47.46968994473298, -122.77996292258925, 55.862068965517246, 2021-10-01 00:42:30, 198217.69974267232, 300.0 
 47.4688122915337, -122.99984757339267, 20.0, 2021-10-01 00:52:30, 163717.65349974253, 150.0 
 47.473972251146805, -122.91794255372913, 33.87755102040817, 2021-10-01 01:02:30, 339125.1075563525, 300.0 
 47.48957617222624, -122.88540457551994, 53.793103448275865, 2021-10-01 01:05:00, 84523.06935156204, 150.0 
 47.569018482935384, -122.6604709656206, 60.0, 2021-10-01 01:07:30, 134785.87332971857, 150.0 
 47.46679740684171, -122.83940496642768, 37.142857142857146, 2021-10-01 01:12:30, 113582.53698724687, 300.0 
 47.52983404814246, -122.82363632351333, 20.0, 2021-10-01 01:22:30, 231301.21411114716, 300.0 
 47.750889579020836, -122.83177421648456, 60.0, 2021-10-01 01:25:00, 351706.89075262053, 300.0 
 47.50223143264104, -123.01292520365567, 25.517241379310345, 2021-10-01 01:32:30, 533754.116123521, 300.0 
 47.44578226011469, -122.92961100347296, 34.69387755102041, 2021-10-01 01:37:30, 108156.51901429743, 150.0 
 47.660333479074744, -122.8161752942929, 20.0, 2021-10-01 01:42:30, 144167.92924995764, 300.0 
 47.67767158040064, -122.85396901933758, 20.0, 2021-10-01 01:45:00, 49992.68004960955, 150.0 
 47.52044393634607, -122.89059714804606, 20.000000000000004, 2021-10-01 01:50:00, 74995.78984696964, 300.0 
 47.53843940604762, -122.82216956757881, 20.0, 2021-10-01 01:57:30, 103293.4586780273, 300.0 
 47.48040876584567, -123.00802495959624, 20.0, 2021-10-01 02:35:00, 24955.830776323008, 150.0 
 47.58849114609376, -122.91298485671506, 53.103448275862064, 2021-10-01 02:37:30, 42953.05888725364, 150.0 
 47.71214759294409, -123.01848921538146, 31.53846153846154, 2021-10-01 02:45:00, 142309.1865229212, 300.0 
 47.59896058110216, -122.86472834492284, 52.41379310344827, 2021-10-01 03:00:00, 120375.21279966191, 300.0 
 47.437786674689775, -122.85053033421572, 20.0, 2021-10-01 03:02:30, 62340.51387031247, 150.0 
 47.4509636100109, -122.82230176818845, 60.0, 2021-10-01 03:05:00, 191690.43619982302, 300.0 
 47.44014656296591, -122.90615556315487, 20.0, 2021-10-01 03:10:00, 166287.34062431526, 300.0 
 47.59456627160667, -122.75193109973247, 59.310344827586206, 2021-10-01 03:12:30, 110402.26701310252, 300.0 
 48.18953662909354, -122.90055154391146, 20.0, 2021-10-01 03:25:00, 215676.3801665472, 300.0 
 48.169260242998035, -122.95452829270525, 32.30769230769231, 2021-10-01 03:27:30, 58184.359213364354, 150.0 
 47.32448695133165, -122.76376476201453, 52.413793103448285, 2021-10-01 03:35:00, 123696.82921095676, 300.0 
 47.36763341300761, -122.8253353864001, 20.0, 2021-10-01 03:40:00, 217301.565002664, 300.0 
 47.29046668906078, -122.52211365407327, 59.99999999999999, 2021-10-01 03:42:30, 329836.0369270921, 150.0 
 47.459483679406944, -122.9752622114622, 20.0, 2021-10-01 03:45:00, 199462.05492578252, 300.0 
 47.460961297470035, -122.99581210721192, 20.0, 2021-10-01 03:47:30, 56199.63635777234, 150.0 
 47.35626545528954, -122.83533270992038, 60.0, 2021-10-01 03:55:00, 24480.999672871112, 150.0 
 48.27495767012679, -122.86862049242967, 60.0, 2021-10-01 04:05:00, 89789.34287705216, 300.0 
 48.28437996807707, -123.03692691816588, 48.461538461538474, 2021-10-01 04:07:30, 71826.37319199143, 150.0 
 48.32466354936585, -122.93615151597105, 20.769230769230766, 2021-10-01 04:10:00, 59587.60208014047, 150.0 
 47.28736083664062, -122.5856075185535, 20.0, 2021-10-01 04:12:30, 150987.73965558613, 300.0 
 47.584649856695194, -122.93433337919018, 51.72413793103448, 2021-10-01 04:20:00, 13290.056814870033, 300.0 
 47.70106623290249, -123.29434209532567, 20.689655172413794, 2021-10-01 04:27:30, 70272.00547288812, 300.0 
 48.256753555509505, -122.6502257013997, 44.61538461538462, 2021-10-01 04:32:30, 122705.63688360952, 300.0 
 47.85798440542489, -123.13434471281815, 21.37931034482759, 2021-10-01 04:37:30, 96830.806480862, 300.0 
 47.7558972007523, -123.03746735566176, 20.0, 2021-10-01 04:40:00, 53617.11155257453, 150.0 
 47.77502143517855, -123.09486159799197, 53.10344827586207, 2021-10-01 04:47:30, 32002.723277361456, 300.0 
 47.72347006936205, -123.11253283318622, 46.153846153846146, 2021-10-01 04:50:00, 6593.142200925609, 150.0 
 47.73857462090172, -122.8954489109731, 20.0, 2021-10-01 04:52:30, 32667.709408615192, 150.0 
 47.64439658473891, -122.85310623699246, 33.84615384615385, 2021-10-01 04:55:00, 74967.43719243085, 150.0 
 47.43939460241245, -122.91162448261291, 33.87755102040816, 2021-10-01 04:57:30, 19676.703118930593, 150.0 
 47.562568338944374, -122.87668671330229, 33.07692307692308, 2021-10-01 05:10:00, 117761.61507154215, 300.0 
 47.71989070404151, -122.64279721382508, 54.48275862068965, 2021-10-01 05:12:30, 37705.70682358182, 150.0 
 47.78464167378389, -123.00200706279998, 43.076923076923066, 2021-10-01 05:25:00, 38998.18322061954, 300.0 
 47.74522929340918, -122.74791375232371, 56.55172413793103, 2021-10-01 05:30:00, 114308.22056991748, 300.0 
 47.81937362031195, -122.82428983450325, 46.15384615384615, 2021-10-01 05:32:30, 77021.62059055167, 150.0 
 47.73486451671678, -122.89433472297306, 33.84615384615385, 2021-10-01 05:35:00, 78576.90245497123, 150.0 
 47.71075054262703, -122.83964244375557, 23.448275862068964, 2021-10-01 05:37:30, 70152.7390485111, 150.0 
 47.71216458291988, -122.8225608186212, 20.0, 2021-10-01 05:40:00, 68581.68792803615, 150.0 
 47.914070680498895, -123.28207173070581, 60.0, 2021-10-01 05:42:30, 97476.00323903184, 300.0 
 47.847438384645955, -123.03454545811184, 60.0, 2021-10-01 05:45:00, 71518.96119812784, 150.0 
 47.7589065526891, -122.84798620352466, 33.06122448979592, 2021-10-01 05:50:00, 55194.56405148504, 300.0 
 47.7399144057842, -122.90393520825886, 37.142857142857146, 2021-10-01 05:55:00, 60516.792676073565, 300.0 
 47.72899463998836, -122.95049744164976, 37.14285714285714, 2021-10-01 05:57:30, 41432.33988850506, 150.0 
 47.79947737494507, -123.0065025396392, 20.0, 2021-10-01 06:02:30, 55330.92668475376, 300.0 
 47.9164664281395, -122.80677285530903, 20.0, 2021-10-01 06:05:00, 49361.80682724478, 150.0 
 47.65457087212067, -122.90994448204304, 45.38461538461539, 2021-10-01 06:10:00, 12452.78520692025, 300.0 
 47.93173621429923, -123.04462821719945, 33.06122448979592, 2021-10-01 06:12:30, 61912.93439311763, 300.0 
 47.53971226691591, -122.59651475975309, 60.0, 2021-10-01 06:32:30, 21019.5281666584, 300.0 
 47.27764958118595, -122.79233464029218, 20.0, 2021-10-01 06:35:00, 22779.104286475842, 300.0 
 47.68816081920278, -123.03917749297952, 20.0, 2021-10-01 06:37:30, 35854.45761884577, 300.0 
 47.36363651738855, -122.80308490057911, 32.24489795918367, 2021-10-01 06:40:00, 37718.7079498555, 300.0 
 47.3979537822999, -122.88251830556489, 33.06122448979592, 2021-10-01 06:45:00, 57532.73281170456, 300.0 
 47.40939701750334, -122.67044601208633, 55.862068965517246, 2021-10-01 06:52:30, 18444.13228494526, 150.0 
 48.09004634624984, -122.99220983768004, 33.07692307692308, 2021-10-01 07:00:00, 62359.35661159878, 300.0 
 48.16674536746659, -122.98467211589183, 44.48979591836735, 2021-10-01 07:02:30, 65890.94650629707, 150.0 
 48.20359039300564, -122.84364159508333, 20.0, 2021-10-01 07:05:00, 41962.27499414293, 150.0 
 48.1456114960057, -122.8692638451181, 34.69387755102041, 2021-10-01 07:07:30, 76920.84305002673, 150.0 
 47.80438133639514, -123.23372592455318, 51.724137931034484, 2021-10-01 07:17:30, 30420.561004854855, 300.0 
 47.55659362776228, -123.06188373835202, 35.51020408163265, 2021-10-01 07:20:00, 31343.67938531692, 300.0 
 47.63255031751949, -122.88989683598504, 20.0, 2021-10-01 07:22:30, 37545.64441304135, 150.0 
 47.86116467546505, -123.12450696110476, 60.0, 2021-10-01 07:25:00, 63763.501269547516, 300.0 
 48.04149086887439, -123.05472172650904, 60.00000000000001, 2021-10-01 07:27:30, 94054.692218286, 300.0 
 47.77754730747684, -122.99244456849719, 28.275862068965516, 2021-10-01 07:30:00, 94737.35952309254, 300.0 
 47.74451255287878, -123.0474957517507, 20.0, 2021-10-01 07:32:30, 123412.65987841123, 150.0 
 47.72279932071364, -122.9476210155361, 31.538461538461537, 2021-10-01 07:35:00, 13383.008786074395, 150.0 
 47.68605953386671, -122.93218795737877, 20.0, 2021-10-01 07:37:30, 9261.259394219047, 150.0 
 47.71978195227457, -122.96961127065867, 20.0, 2021-10-01 07:40:00, 60475.860452908426, 150.0 
 47.64620610061742, -122.89802357277084, 36.3265306122449, 2021-10-01 07:42:30, 48813.84956417703, 150.0 
 48.14012217643135, -122.88966686418142, 60.0, 2021-10-01 07:45:00, 179113.256856685, 300.0 
 48.18537998233753, -122.92952881581449, 45.38461538461539, 2021-10-01 07:47:30, 92009.385401715, 150.0 
 48.223056779621466, -122.95491511825847, 60.0, 2021-10-01 07:50:00, 70197.87937784813, 150.0 
 48.19220409503604, -122.98460972720999, 20.0, 2021-10-01 07:52:30, 37045.971985546705, 150.0 
 47.35717460545924, -122.84195475825629, 33.06122448979591, 2021-10-01 07:57:30, 50339.35724661205, 300.0 
 47.40576355764027, -122.82059413121618, 45.38461538461539, 2021-10-01 08:00:00, 14136.70535433974, 150.0 
 47.4114942141946, -122.67340444284292, 57.93103448275863, 2021-10-01 08:05:00, 38948.91908219406, 300.0 
 47.408334492518016, -122.89130069531733, 20.0, 2021-10-01 08:07:30, 47054.116180283185, 300.0 
 47.5341036885388, -123.26861035228907, 20.0, 2021-10-01 08:10:00, 57534.86372157128, 300.0 
 47.509138799630676, -123.04184102322091, 20.0, 2021-10-01 08:12:30, 31347.60189413552, 150.0 
 47.77741983556534, -122.8504931749349, 20.0, 2021-10-01 08:25:00, 91182.00291918735, 300.0 
 47.61147318815961, -122.8795535425521, 44.61538461538462, 2021-10-01 08:27:30, 38541.65631908331, 300.0 
 47.552884763685576, -123.06076319760919, 35.38461538461539, 2021-10-01 08:37:30, 86996.07803860573, 300.0 
 47.472293599767326, -123.05184713453089, 47.692307692307686, 2021-10-01 08:45:00, 81101.19284624534, 150.0 
 47.40442858063087, -122.87507743979711, 20.0, 2021-10-01 09:00:00, 34223.9364239787, 150.0 
 47.414302672304295, -122.61401541726481, 57.93103448275863, 2021-10-01 09:05:00, 96353.35686004262, 300.0 
 47.40542622436667, -122.67964897965608, 52.41379310344828, 2021-10-01 09:10:00, 42065.4597722414, 150.0 
 47.4348557130224, -122.9099333446954, 20.0, 2021-10-01 09:15:00, 31144.52248181959, 300.0 
 47.418867524470166, -122.81779170634522, 31.538461538461537, 2021-10-01 09:17:30, 34865.39879673926, 300.0 
 47.46907605003166, -122.92049788290862, 20.0, 2021-10-01 09:22:30, 11254.182562380214, 150.0 
 47.42376145574107, -122.8152278344934, 31.53846153846154, 2021-10-01 09:25:00, 28631.54000349519, 150.0 
 47.432801935381754, -122.81556715823265, 33.07692307692308, 2021-10-01 09:27:30, 60929.99183836541, 300.0 
 47.542746556848975, -122.8372090675753, 37.95918367346939, 2021-10-01 09:32:30, 11900.692249683294, 150.0 
 48.26666499134915, -122.96172950963842, 20.0, 2021-10-01 09:37:30, 111738.27361517065, 300.0 
 48.281807504519065, -122.92379413792649, 20.0, 2021-10-01 09:40:00, 83735.7546176312, 150.0 
 47.43923346549878, -122.716712314372, 60.0, 2021-10-01 09:45:00, 21673.045023278737, 300.0 
 47.40194174145197, -122.87333287387446, 20.0, 2021-10-01 09:52:30, 16592.009149067064, 300.0 
 48.32505901502783, -122.93490922348187, 60.0, 2021-10-01 10:00:00, 99851.81265218988, 300.0 
 48.177909002623224, -122.99112740090442, 23.44827586206896, 2021-10-01 10:05:00, 97892.95293023648, 300.0 
 48.17164217033554, -122.98208616338898, 20.0, 2021-10-01 10:07:30, 70842.83360430694, 150.0 
 48.16292664619159, -122.97433860996478, 20.0, 2021-10-01 10:10:00, 44914.56207198578, 150.0 
 47.437086363818764, -122.7391734072887, 60.00000000000001, 2021-10-01 10:15:00, 43734.59558935386, 300.0 
 48.1971908616113, -123.06125359471022, 44.48979591836734, 2021-10-01 10:30:00, 43218.550751542876, 300.0 
 48.18566882763429, -123.05908567253184, 46.12244897959184, 2021-10-01 10:32:30, 16307.567557597942, 150.0 
 48.23278506016025, -123.01365158434965, 20.0, 2021-10-01 10:40:00, 44913.66617652257, 300.0 
 48.37569259154199, -122.7849789437077, 20.0, 2021-10-01 10:52:30, 154277.8356729778, 300.0 
 48.23746254115493, -123.02766992470573, 44.48979591836735, 2021-10-01 11:07:30, 88071.2243425205, 300.0 
 48.18863131222895, -122.89382280744353, 20.0, 2021-10-01 11:17:30, 95625.20775386268, 300.0 
 48.138542633664784, -122.89462014966696, 46.12244897959183, 2021-10-01 11:20:00, 98344.39934875177, 150.0 
 48.22586735793815, -122.78952374565364, 33.06122448979592, 2021-10-01 11:22:30, 92868.29857180733, 150.0 
 48.26227436482774, -122.97230196557454, 41.22448979591836, 2021-10-01 11:25:00, 94767.2787239703, 150.0 
 48.20433895721838, -123.15321497598478, 24.13793103448276, 2021-10-01 11:55:00, 60480.15934852545, 300.0 
 48.16007393122073, -122.94188697683484, 20.0, 2021-10-01 12:00:00, 100176.43555557872, 300.0 
 47.99455706574669, -122.87419426740094, 55.86206896551724, 2021-10-01 12:02:30, 49686.55582171186, 150.0 
 48.24934598454121, -123.02552186114595, 20.0, 2021-10-01 12:05:00, 127010.87754892332, 300.0 
 48.15503535411976, -123.03714386771287, 20.0, 2021-10-01 12:15:00, 83450.72899666046, 300.0 
 48.178165095277265, -122.9106930849678, 20.0, 2021-10-01 12:17:30, 73498.44118845917, 150.0 
 48.21505548283881, -122.93854057596768, 38.77551020408163, 2021-10-01 12:22:30, 268076.9633608135, 300.0 
 48.26573581127524, -122.79200936387622, 31.03448275862069, 2021-10-01 12:25:00, 134149.62670544424, 150.0 
 48.180484843220185, -122.93212084364286, 21.53846153846154, 2021-10-01 12:27:30, 207628.55029635012, 150.0 
 48.1691572501689, -122.98031087013567, 20.0, 2021-10-01 12:30:00, 193281.79940552497, 150.0 
 48.14340558694726, -122.95583346785678, 46.15384615384615, 2021-10-01 12:32:30, 133914.48562702083, 150.0 
 48.20828905409556, -122.8576336773618, 48.57142857142857, 2021-10-01 12:37:30, 444841.5237575803, 300.0 
 48.21663726878896, -122.93358179229568, 35.51020408163265, 2021-10-01 12:40:00, 130336.39597086645, 150.0 
 48.15316947772634, -123.01755707705615, 60.00000000000001, 2021-10-01 12:42:30, 50298.30917960327, 150.0 
 48.40452966257308, -122.85440015260909, 40.0, 2021-10-01 12:50:00, 311748.15317729337, 300.0 
 48.08259228191005, -122.98688892175733, 20.0, 2021-10-01 12:52:30, 124213.09834614329, 300.0 
 48.22497144444246, -123.01262315540262, 20.0, 2021-10-01 12:57:30, 129173.17211490245, 300.0 
 48.24498460462088, -123.03915856553611, 28.27586206896552, 2021-10-01 13:00:00, 49994.441542412846, 150.0 
 47.77326712702454, -122.81589516024302, 20.0, 2021-10-01 19:50:00, 532793.2765203149, 300.0 
 47.845388820541054, -122.96504929565491, 20.000000000000004, 2021-10-01 19:52:30, 113348.38723338598, 150.0 
 47.7682419445546, -122.9360423155502, 20.0, 2021-10-01 20:07:30, 55419.16428062098, 300.0 
 47.80239382707941, -123.01008455563141, 20.0, 2021-10-01 20:17:30, 208281.47245639208, 300.0 
 47.675964278702516, -122.9130044684559, 33.07692307692307, 2021-10-01 20:32:30, 273287.41206724447, 300.0 
 47.693657965200536, -122.88332223952482, 33.84615384615385, 2021-10-01 20:35:00, 234539.4679865519, 150.0 
 48.144621912537794, -122.8883122110238, 20.0, 2021-10-01 21:10:00, 146387.87516041787, 300.0 
 48.19688515115125, -122.9986143440498, 37.142857142857146, 2021-10-01 21:52:30, 226617.1291596531, 300.0 
 48.124218834501285, -122.86619027990783, 30.61224489795918, 2021-10-01 21:55:00, 75311.97302259058, 150.0 
 48.21535522078764, -122.96311323663781, 34.61538461538461, 2021-10-01 22:30:00, 308819.4236757021, 300.0 
 48.16655832219114, -123.03930283403437, 33.87755102040816, 2021-10-01 22:32:30, 95581.67415357214, 150.0 
 48.09533962083229, -122.98839462291616, 20.0, 2021-10-01 22:37:30, 37149.62085708199, 300.0 
 47.42247738123072, -123.10346867034008, 60.0, 2021-10-01 00:22:30, 160155.15227394737, 300.0 
 47.60955858607867, -122.8657861199915, 20.0, 2021-10-01 00:40:00, 141512.14662537913, 300.0 
 47.31993558976663, -123.02914720650081, 46.92307692307693, 2021-10-01 00:42:30, 86929.6819828829, 300.0 
 47.51215955061491, -122.83267191194535, 22.75862068965517, 2021-10-01 00:45:00, 167038.833634421, 300.0 
 47.55620418223391, -122.99554388693531, 33.84615384615384, 2021-10-01 00:47:30, 177518.3502627751, 150.0 
 47.519498574797666, -122.83311840802425, 34.61538461538462, 2021-10-01 00:50:00, 89080.25906312851, 150.0 
 47.49713100842638, -123.24537194862816, 20.0, 2021-10-01 00:57:30, 111417.57923047912, 300.0 
 47.359744978778316, -123.17103197579037, 48.46153846153847, 2021-10-01 01:22:30, 120803.56852015207, 300.0 
 47.376254201507116, -122.98947930806408, 58.62068965517241, 2021-10-01 01:35:00, 109160.71252986087, 150.0 
 47.40846289043159, -123.42886136200201, 20.0, 2021-10-01 02:27:30, 111665.24907897395, 300.0 
 47.53666991885137, -123.38789595973296, 60.0, 2021-10-01 02:30:00, 106280.12005185775, 150.0 
 47.560228070363046, -123.10713655491284, 20.0, 2021-10-01 02:32:30, 66351.71540104924, 150.0 
 47.36417218308809, -123.29308523958095, 52.41379310344828, 2021-10-01 03:00:00, 89413.00787082258, 300.0 
 47.45157048007941, -123.23276017231467, 60.0, 2021-10-01 03:02:30, 162692.66860670652, 300.0 
 47.312120948389946, -123.01377938197011, 60.0, 2021-10-01 03:07:30, 26851.63415694779, 150.0 
 47.35351234270614, -123.28152467396407, 46.153846153846146, 2021-10-01 03:10:00, 82226.97390042074, 150.0 
 47.314467206320266, -123.17880986308494, 44.48979591836735, 2021-10-01 03:12:30, 54133.01281266824, 150.0 
 47.41733038539833, -123.03000927447681, 20.0, 2021-10-01 03:50:00, 53577.35214510507, 150.0 
 47.55773600610099, -122.7119170149767, 51.724137931034484, 2021-10-01 03:52:30, 154301.76701105555, 300.0 
 47.3179090164767, -123.09659369678064, 44.48979591836734, 2021-10-01 04:27:30, 47122.24115086478, 300.0 
 47.41934806290522, -122.69841377072036, 20.0, 2021-10-01 06:47:30, 37906.560087058875, 150.0 
 47.38936210182101, -122.68584507025929, 20.0, 2021-10-01 06:50:00, 34686.28668159153, 150.0 
 47.41290338121681, -123.14616669700337, 33.07692307692308, 2021-10-01 06:57:30, 63071.78162275226, 300.0 
 47.37603266248272, -122.45376948125464, 40.40816326530612, 2021-10-01 08:07:30, 58706.82891049924, 150.0 
 47.36504423962729, -123.02664124022607, 60.0, 2021-10-01 08:25:00, 47489.77920510491, 300.0 
 47.45253021958894, -123.23147068851331, 36.326530612244895, 2021-10-01 08:42:30, 133632.3038088314, 300.0 
 47.43973556170724, -122.95559628964438, 44.61538461538461, 2021-10-01 08:47:30, 52521.2888379818, 150.0 
 47.429616319385765, -122.9874622123024, 60.0, 2021-10-01 08:55:00, 43401.588111307734, 300.0 
 47.42749132246142, -122.63389368186031, 20.0, 2021-10-01 08:57:30, 51508.276270054506, 300.0 
 47.27045651980674, -122.48727617565996, 26.20689655172414, 2021-10-01 09:07:30, 44508.72053162174, 150.0 
 47.43448952636687, -123.30745423765246, 60.0, 2021-10-01 09:17:30, 34037.202630836204, 300.0 
 47.37546279105066, -122.75808882249078, 20.0, 2021-10-01 09:20:00, 19681.686834555137, 150.0 
 47.47321493964637, -123.38879053837255, 25.51724137931034, 2021-10-01 09:25:00, 92482.92447389806, 300.0 
 47.42638853761187, -122.843711453594, 44.61538461538462, 2021-10-01 09:30:00, 12676.419789819842, 150.0 
 48.964508791322714, -124.9775246104791, 20.0, 2021-10-02 02:05:00, 115336.12931123629, 300.0 
 48.789347373101776, -124.10313156245665, 20.0, 2021-10-02 03:07:30, 47805.1526903257, 300.0 
 48.754536213762734, -124.25589364783409, 34.69387755102041, 2021-10-02 03:37:30, 87520.65931425082, 300.0 
 48.88023366572901, -124.0850855298196, 20.0, 2021-10-02 03:55:00, 64242.783616983725, 300.0 
 48.902149189619394, -124.06990565681036, 20.0, 2021-10-02 03:57:30, 15084.446180195864, 150.0 
 48.98813567669912, -124.02080096633232, 31.53846153846154, 2021-10-02 04:00:00, 45711.480697976396, 150.0 
 48.9872752068153, -124.02765096435625, 20.0, 2021-10-02 04:02:30, 42344.848061176424, 150.0 
 47.680516889066496, -123.2071968050528, 31.724137931034484, 2021-10-02 00:10:00, 10845.294473128519, 300.0 
 47.6381669024369, -123.24336579656728, 55.172413793103445, 2021-10-02 00:12:30, 25015.856629999562, 150.0 
 47.55941275125495, -123.13158603174872, 60.0, 2021-10-02 00:20:00, 58562.600734149826, 300.0 
 47.58626234455876, -123.07086734429046, 56.55172413793103, 2021-10-02 00:27:30, 123900.95818363497, 300.0 
 47.78194854428689, -122.91556223430914, 33.87755102040816, 2021-10-02 00:30:00, 38621.98439265738, 150.0 
 47.79816408680366, -122.93156781539368, 33.84615384615384, 2021-10-02 00:32:30, 38445.25457008296, 150.0 
 47.808838125664465, -122.96480928032041, 26.89655172413793, 2021-10-02 00:35:00, 35817.96961894476, 150.0 
 47.727483274720996, -122.89514868040341, 31.53846153846154, 2021-10-02 00:37:30, 35291.21725056702, 150.0 
 47.8684367995542, -122.96932289629711, 20.0, 2021-10-02 00:40:00, 18762.68898772126, 150.0 
 48.025981093195156, -123.02694480106362, 47.69230769230769, 2021-10-02 00:42:30, 70186.2167489265, 150.0 
 47.5506085287321, -123.19305587283031, 55.86206896551724, 2021-10-02 00:45:00, 56996.49263566293, 300.0 
 47.9881387473626, -122.98631484776492, 20.0, 2021-10-02 00:52:30, 167343.37523972118, 300.0 
 47.78783922869873, -123.22189923559624, 60.0, 2021-10-02 01:02:30, 186231.91094858586, 300.0 
 47.904194967160144, -123.15524755265477, 23.448275862068968, 2021-10-02 01:07:30, 235219.4067016625, 300.0 
 47.73590539818309, -123.04892868157692, 33.07692307692308, 2021-10-02 01:10:00, 200133.82801367214, 150.0 
 47.81293946929564, -123.46092724984992, 60.0, 2021-10-02 01:12:30, 184030.35460664707, 300.0 
 47.84557280140698, -123.01507437139009, 44.61538461538462, 2021-10-02 01:15:00, 61137.58672711578, 300.0 
 47.642860903199974, -123.17885620862513, 46.92307692307693, 2021-10-02 01:17:30, 225054.4176288302, 300.0 
 47.80527468944351, -123.01061992561738, 30.769230769230774, 2021-10-02 01:20:00, 113198.58716814205, 150.0 
 47.76707352330145, -123.11941490445268, 20.0, 2021-10-02 01:27:30, 88974.62929401148, 300.0 
 48.067407921846964, -122.9199006751677, 20.0, 2021-10-02 01:30:00, 124033.60043607184, 300.0 
 48.18696096057698, -122.92457201004993, 20.0, 2021-10-02 01:32:30, 200535.03791224476, 300.0 
 47.93044183346054, -123.03916046719057, 33.07692307692309, 2021-10-02 01:35:00, 122708.90832482018, 300.0 
 47.85632724516278, -122.85493515361206, 36.326530612244895, 2021-10-02 01:37:30, 33765.57381603015, 150.0 
 47.954257841455984, -122.86984037134337, 48.46153846153847, 2021-10-02 01:42:30, 94777.59482847102, 300.0 
 47.9182423788777, -123.08650644505929, 45.38461538461539, 2021-10-02 01:47:30, 91815.25847874596, 300.0 
 47.928308152656555, -123.10581344652789, 53.79310344827586, 2021-10-02 01:50:00, 42700.55776519698, 150.0 
 47.736839576091306, -122.88819180160276, 32.307692307692314, 2021-10-02 01:52:30, 126657.77597789463, 300.0 
 47.811271292278114, -122.92877276771432, 20.0, 2021-10-02 01:55:00, 34777.65612216653, 150.0 
 47.871000758781925, -122.91065960047912, 20.0, 2021-10-02 01:57:30, 59739.156427467, 150.0 
 47.84819115131051, -122.89299078377844, 22.758620689655174, 2021-10-02 02:00:00, 64768.2660475097, 150.0 
 47.81987438460051, -122.80049303627185, 20.0, 2021-10-02 02:05:00, 109737.90788582109, 300.0 
 47.801112361614685, -122.77971380765791, 32.30769230769231, 2021-10-02 02:07:30, 65294.973219216925, 150.0 
 47.81233200558974, -123.01714311233016, 20.0, 2021-10-02 02:15:00, 45533.87016638223, 300.0 
 47.90230551453579, -122.5928261005133, 60.0, 2021-10-02 02:17:30, 100519.45631639569, 300.0 
 47.83153092550375, -122.90687709736228, 20.0, 2021-10-02 02:20:00, 41594.98375443839, 150.0 
 47.89382457610271, -122.86484362302153, 33.07692307692307, 2021-10-02 02:22:30, 54650.82426061006, 150.0 
 47.75889157395711, -122.97770828572807, 34.61538461538461, 2021-10-02 02:25:00, 59592.58552893752, 150.0 
 47.73618390494602, -123.11101101751424, 46.92307692307692, 2021-10-02 02:42:30, 62293.058673957996, 300.0 
 47.80941562837096, -123.01356091560179, 24.137931034482758, 2021-10-02 02:45:00, 46262.36708700232, 150.0 
 47.854323477254844, -122.9910523463144, 34.69387755102041, 2021-10-02 02:47:30, 48082.0468639299, 150.0 
 47.85965107912568, -123.02508523830522, 54.48275862068965, 2021-10-02 02:52:30, 206108.62421353723, 300.0 
 47.72394922117181, -122.94089601812357, 33.07692307692307, 2021-10-02 02:55:00, 102655.96341400432, 150.0 
 47.78955781054312, -122.93302336571949, 26.20689655172414, 2021-10-02 02:57:30, 51443.81258992764, 150.0 
 47.857026817470796, -123.12155308957936, 20.0, 2021-10-02 03:02:30, 46392.080461302656, 300.0 
 47.72508162924835, -123.41130992413875, 59.310344827586206, 2021-10-02 03:05:00, 110069.58375622968, 300.0 
 47.81863044220529, -122.95966988443416, 20.0, 2021-10-02 03:10:00, 56892.15759503632, 300.0 
 47.75795775437544, -123.00270430255928, 31.53846153846154, 2021-10-02 03:12:30, 59406.16503825034, 150.0 
 47.75750167412602, -123.07030872514613, 53.10344827586207, 2021-10-02 03:15:00, 113180.85078050781, 150.0 
 47.782085124816504, -122.99415221156706, 33.07692307692307, 2021-10-02 03:17:30, 136917.88868428968, 150.0 
 47.785436902058585, -122.77470666609565, 47.69230769230769, 2021-10-02 03:20:00, 268828.39946789184, 150.0 
 47.88094443783318, -122.91771137276477, 32.244897959183675, 2021-10-02 03:22:30, 120912.8514500578, 150.0 
 47.766794961411804, -122.82339360303996, 57.93103448275862, 2021-10-02 03:25:00, 100959.29189116921, 150.0 
 47.79173754887794, -122.75501730787724, 60.0, 2021-10-02 03:27:30, 87552.2860154013, 150.0 
 47.717320873278666, -122.93620601297505, 20.0, 2021-10-02 03:30:00, 35657.402320623616, 150.0 
 47.80239382707941, -123.0100845556314, 21.379310344827587, 2021-10-02 03:32:30, 55295.910767957386, 150.0 
 47.7287663522923, -123.07102390779764, 33.87755102040817, 2021-10-02 03:35:00, 170072.82966418387, 150.0 
 47.82202981170736, -123.3205376825195, 36.326530612244895, 2021-10-02 03:37:30, 102056.05325703703, 150.0 
 47.65131293217937, -123.04921473671772, 20.0, 2021-10-02 03:40:00, 224426.60563938037, 300.0 
 47.7465999030056, -123.05048766660023, 34.69387755102041, 2021-10-02 03:45:00, 383448.4925607909, 300.0 
 47.75557820954862, -122.97535915346535, 20.0, 2021-10-02 03:52:30, 45361.63732384607, 150.0 
 47.7120059014173, -123.00632512485102, 20.0, 2021-10-02 03:55:00, 54382.27704487257, 150.0 
 47.78961270596797, -123.36992881652557, 40.0, 2021-10-02 03:57:30, 57534.98864758092, 300.0 
 47.73015640493687, -123.01315765007506, 31.538461538461533, 2021-10-02 04:00:00, 209677.53112378946, 300.0 
 47.743266391874016, -123.01039222040716, 20.0, 2021-10-02 04:02:30, 124512.26148268509, 150.0 
 47.67804657590745, -122.98226777615038, 20.0, 2021-10-02 04:05:00, 69129.0270242362, 150.0 
 47.690714367401014, -123.04702042686309, 20.0, 2021-10-02 04:07:30, 85194.86160403214, 150.0 
 47.79644934196513, -123.02852291570146, 30.344827586206897, 2021-10-02 04:10:00, 91390.5117632686, 150.0 
 47.755473048656114, -123.00094168592037, 30.769230769230774, 2021-10-02 04:15:00, 253350.31358702952, 300.0 
 47.82096717188737, -122.94924129126879, 30.76923076923077, 2021-10-02 04:20:00, 65776.0470453105, 150.0 
 47.819384588385304, -122.95416179059309, 32.30769230769231, 2021-10-02 04:22:30, 37949.965757158505, 150.0 
 47.828894712692545, -123.02891287991905, 34.61538461538461, 2021-10-02 04:25:00, 40727.34605885826, 150.0 
 47.91665372478182, -123.09143166507928, 33.84615384615385, 2021-10-02 04:27:30, 51014.40643716893, 150.0 
 47.69403559775015, -123.08707521049843, 33.07692307692307, 2021-10-02 04:30:00, 74548.85015261042, 150.0 
 47.63304650287468, -123.06790039598124, 41.22448979591836, 2021-10-02 04:32:30, 147005.84772180332, 150.0 
 47.7022093223983, -123.01144393909416, 20.0, 2021-10-02 04:37:30, 108359.17596713796, 300.0 
 47.671887338759866, -123.08943924851536, 33.87755102040816, 2021-10-02 04:40:00, 40928.41930477691, 150.0 
 47.820509517127434, -122.97913377132407, 32.30769230769231, 2021-10-02 04:47:30, 177718.47866603502, 300.0 
 47.75369496118123, -122.88954567182589, 33.84615384615384, 2021-10-02 04:50:00, 160524.67852356425, 150.0 
 47.71498430398674, -122.94661329624901, 40.769230769230774, 2021-10-02 04:55:00, 121928.63248619708, 300.0 
 47.70138113318615, -123.01085683273689, 36.326530612244895, 2021-10-02 04:57:30, 39602.41747417767, 150.0 
 47.6535586594503, -122.99506714184866, 20.0, 2021-10-02 05:00:00, 19308.249770376657, 150.0 
 47.62765931302432, -122.9586816698363, 20.0, 2021-10-02 05:02:30, 11233.4131860948, 150.0 
 47.857733593332526, -122.71699078617645, 60.0, 2021-10-02 05:05:00, 51233.716120589896, 300.0 
 47.66330374979685, -122.88599754703695, 33.07692307692308, 2021-10-02 05:10:00, 104752.81386604176, 300.0 
 47.778407924585075, -122.77126394580964, 60.0, 2021-10-02 05:12:30, 33435.925758878504, 150.0 
 47.82257650037777, -122.88089896271374, 33.84615384615385, 2021-10-02 05:15:00, 50891.87092183049, 150.0 
 47.87430818024267, -122.97954143699222, 24.827586206896555, 2021-10-02 05:17:30, 33897.11971445665, 150.0 
 47.83807275032767, -123.04149118834364, 33.07692307692308, 2021-10-02 05:20:00, 50286.08837957277, 150.0 
 47.67212462892774, -122.9343916795245, 20.0, 2021-10-02 05:25:00, 23742.500840693905, 300.0 
 47.68720593280158, -122.79896084965807, 31.53846153846154, 2021-10-02 05:27:30, 36982.50343750663, 150.0 
 47.68090241471581, -122.81861229197985, 20.0, 2021-10-02 05:30:00, 55198.01422977984, 150.0 
 47.661983803312054, -122.97843492271113, 36.326530612244895, 2021-10-02 05:32:30, 76015.08186766865, 150.0 
 47.77387402340965, -122.99436885550118, 32.30769230769231, 2021-10-02 05:35:00, 53340.678069293695, 150.0 
 47.80329310076095, -123.01676627156095, 20.0, 2021-10-02 05:45:00, 237810.7752091699, 300.0 
 47.72294766135283, -122.95978879472828, 20.0, 2021-10-02 05:50:00, 520735.45408559294, 300.0 
 47.70569893049112, -122.95963964244618, 33.07692307692307, 2021-10-02 05:52:30, 180955.97628373577, 150.0 
 47.729372994373264, -122.91457802097412, 31.538461538461544, 2021-10-02 05:57:30, 46708.232540725825, 300.0 
 47.86165357720116, -123.05675821488134, 20.0, 2021-10-02 06:00:00, 59163.916866653024, 150.0 
 47.8092734690648, -123.0013738496138, 33.07692307692308, 2021-10-02 06:02:30, 57518.91151010317, 150.0 
 47.791880476751494, -122.98902422198556, 31.538461538461544, 2021-10-02 06:05:00, 97782.7362722666, 150.0 
 47.845712545201934, -123.02726944744586, 33.84615384615385, 2021-10-02 06:10:00, 64758.82082346246, 150.0 
 47.66017183313953, -122.80402437209952, 60.0, 2021-10-02 06:12:30, 79655.20438857289, 300.0 
 47.60535536426723, -123.1657316846676, 20.0, 2021-10-02 06:17:30, 71923.11744493786, 300.0 
 47.62449513722475, -122.90227154330172, 36.3265306122449, 2021-10-02 06:25:00, 33375.03967848026, 300.0 
 47.72146359071188, -122.93913726619287, 54.48275862068965, 2021-10-02 06:27:30, 22393.14910559729, 150.0 
 47.63475217723216, -123.03747616992119, 20.0, 2021-10-02 06:30:00, 25073.738948361573, 150.0 
 47.75118643123853, -122.98582702866055, 36.326530612244895, 2021-10-02 06:32:30, 18049.943600707455, 150.0 
 47.683823267862124, -123.38773101630285, 60.0, 2021-10-02 07:02:30, 63112.619818041, 300.0 
 47.70544833618763, -123.1555472216954, 31.724137931034484, 2021-10-02 07:05:00, 29189.623570135198, 150.0 
 47.906427761489184, -123.02205679748657, 20.0, 2021-10-02 07:10:00, 57109.21525717191, 150.0 
 47.80783023256562, -123.0184782935836, 30.0, 2021-10-02 07:15:00, 36527.90295175579, 150.0 
 47.83922761768976, -123.03475256252065, 33.07692307692308, 2021-10-02 07:20:00, 68061.62013744687, 150.0 
 47.75889157395711, -122.97770828572807, 34.61538461538461, 2021-10-02 07:27:30, 36699.79102360355, 150.0 
 47.82493815122139, -123.23633849019404, 46.15384615384615, 2021-10-02 07:30:00, 44435.095719199635, 150.0 
 47.703423047396, -123.32775322605167, 60.0, 2021-10-02 07:32:30, 21014.435413013856, 150.0 
 47.769480924933845, -123.00483992084699, 34.61538461538461, 2021-10-02 07:35:00, 72502.70063168663, 300.0 
 47.69767207405217, -123.00973517073466, 35.38461538461539, 2021-10-02 07:37:30, 23530.066047818553, 150.0 
 47.820596869113274, -122.82364380573485, 45.38461538461538, 2021-10-02 07:45:00, 59922.14810404289, 300.0 
 47.741562396000475, -123.04087268349446, 33.84615384615385, 2021-10-02 07:47:30, 40870.85401053846, 150.0 
 47.85517566934097, -123.10207261237927, 33.84615384615385, 2021-10-02 07:52:30, 35880.509202297835, 300.0 
 47.81607317713349, -123.0938662976062, 55.172413793103445, 2021-10-02 07:55:00, 19115.239846364504, 150.0 
 47.789124611163594, -122.93120718035445, 37.14285714285714, 2021-10-02 07:57:30, 6837.647022024297, 150.0 
 47.881386017547186, -123.05871329889536, 20.0, 2021-10-02 08:00:00, 11650.85913754226, 150.0 
 47.82093957726447, -123.01570119063794, 20.0, 2021-10-02 08:02:30, 12924.179499347905, 150.0 
 47.683102638722474, -122.9255791749755, 45.38461538461538, 2021-10-02 08:05:00, 11779.301976761266, 150.0 
 47.54792831991497, -122.95352261637191, 33.84615384615384, 2021-10-02 08:07:30, 12617.214943160025, 150.0 
 47.64137647921104, -123.04217159663979, 20.0, 2021-10-02 08:10:00, 12538.110317118424, 150.0 
 47.70210527549485, -122.8696984086382, 34.61538461538461, 2021-10-02 08:12:30, 13946.477287295871, 150.0 
 47.693330501516236, -122.54451245021679, 60.0, 2021-10-02 08:15:00, 18534.608326873516, 150.0 
 47.687433425450585, -122.78557333951046, 43.673469387755105, 2021-10-02 08:22:30, 34683.825813631476, 300.0 
 47.859975867370025, -122.98297113555915, 33.07692307692308, 2021-10-02 08:27:30, 34468.5098481264, 300.0 
 47.857944811516695, -123.05563177461664, 20.0, 2021-10-02 08:32:30, 231748.83424460274, 300.0 
 47.86584661694432, -122.99319120458273, 20.0, 2021-10-02 08:40:00, 50971.27502949272, 300.0 
 47.84916402380972, -123.04182195117062, 36.3265306122449, 2021-10-02 08:42:30, 15103.554582716477, 150.0 
 47.714755500176636, -122.71294621671507, 20.0, 2021-10-02 08:50:00, 45422.10076570181, 300.0 
 47.7175476032854, -122.67878079726142, 20.0, 2021-10-02 08:52:30, 25943.440094745074, 150.0 
 47.615590431912686, -122.94564128816644, 55.86206896551725, 2021-10-02 08:55:00, 12149.657970257953, 150.0 
 47.70337816479947, -122.7802240100009, 34.61538461538461, 2021-10-02 08:57:30, 12468.7744181864, 150.0 
 47.849758830215805, -123.17236265605905, 20.0, 2021-10-02 09:00:00, 25253.133744420087, 300.0 
 47.81964415440646, -123.01024833724072, 33.84615384615385, 2021-10-02 09:02:30, 12511.545982858464, 150.0 
 47.88251943361601, -122.97932322206597, 20.0, 2021-10-02 09:05:00, 4398.974716409714, 150.0 
 47.90628555708983, -123.00984560335917, 20.0, 2021-10-02 09:07:30, 4310.533425988263, 150.0 
 47.84253975306308, -123.03710902540398, 20.0, 2021-10-02 09:12:30, 73904.54694169086, 300.0 
 47.85185929453485, -122.82760424672915, 20.0, 2021-10-02 09:17:30, 25576.799439870538, 300.0 
 47.68512271309714, -123.0611438266902, 20.0, 2021-10-02 09:25:00, 25222.390306732814, 300.0 
 47.753134336740004, -123.1215683323809, 20.0, 2021-10-02 09:27:30, 9242.12151242675, 150.0 
 48.05128721410977, -123.04957457180463, 53.79310344827586, 2021-10-02 09:30:00, 35924.21339847804, 300.0 
 47.87821096997766, -123.06855830570075, 34.61538461538461, 2021-10-02 09:32:30, 5290.56121286481, 150.0 
 47.84865683979851, -123.18519675609818, 31.538461538461544, 2021-10-02 09:37:30, 141584.3568292809, 300.0 
 47.85273974570687, -122.9959756284508, 33.07692307692308, 2021-10-02 09:42:30, 42961.63637771062, 150.0 
 47.85259407275564, -122.98377501737637, 33.84615384615385, 2021-10-02 09:45:00, 43088.33609107632, 150.0 
 47.81003050228164, -122.99586869535283, 37.142857142857146, 2021-10-02 09:47:30, 34261.76756908191, 150.0 
 47.85302600725805, -123.02037424210988, 46.92307692307692, 2021-10-02 09:50:00, 18282.149366224156, 150.0 
 47.69382772017486, -123.35713667431304, 60.00000000000001, 2021-10-02 09:57:30, 72184.90240461001, 300.0 
 47.89387244141798, -123.07366641848348, 20.0, 2021-10-02 10:02:30, 45289.73483847811, 300.0 
 47.96901370480986, -122.96664433871439, 33.07692307692307, 2021-10-02 10:05:00, 34419.193556594124, 150.0 
 47.74278706412097, -123.04023314511566, 20.0, 2021-10-02 10:07:30, 70673.64947879937, 300.0 
 48.03562250880194, -122.93976049439463, 34.69387755102041, 2021-10-02 10:10:00, 63904.10220335948, 300.0 
 47.745204805521794, -122.9001344555213, 46.92307692307692, 2021-10-02 10:12:30, 48655.83098896854, 300.0 
 47.805132280418775, -122.99843346208326, 33.84615384615385, 2021-10-02 10:15:00, 21729.749933939962, 150.0 
 47.79964416578314, -123.05647856031233, 50.76923076923077, 2021-10-02 10:17:30, 48486.89810055405, 150.0 
 47.842118626311155, -123.00052340841714, 20.0, 2021-10-02 14:12:30, 28917.76222162804, 150.0 
 47.8553064398495, -123.11427165761253, 33.07692307692308, 2021-10-02 10:20:00, 36837.302684207105, 150.0 
 47.83054173010825, -123.10266489301281, 26.20689655172414, 2021-10-02 10:22:30, 30472.4770227125, 150.0 
 47.8681504098989, -123.12495290870017, 41.53846153846154, 2021-10-02 10:25:00, 43199.73621394268, 150.0 
 47.83738396583743, -123.05309833958587, 53.79310344827586, 2021-10-02 10:27:30, 41370.63798941989, 150.0 
 47.83678229570815, -122.96650000550329, 34.61538461538461, 2021-10-02 10:32:30, 50645.07454641293, 300.0 
 47.88903702990902, -123.00967873205977, 34.61538461538462, 2021-10-02 10:35:00, 25116.20857962367, 150.0 
 47.78822033526547, -122.9245292851737, 46.15384615384616, 2021-10-02 10:40:00, 95926.5110651041, 300.0 
 47.869740427252935, -123.08219527077947, 40.40816326530612, 2021-10-02 10:50:00, 82085.9320376713, 150.0 
 47.84971347132425, -123.01801874401218, 33.846153846153854, 2021-10-02 10:52:30, 122229.3815269434, 300.0 
 47.65831070893075, -122.98035460310008, 32.307692307692314, 2021-10-02 11:02:30, 111890.79280749726, 150.0 
 47.6742905623315, -122.94345495361665, 28.46153846153846, 2021-10-02 11:05:00, 65517.0256022304, 150.0 
 47.71563988704415, -122.96667843883147, 20.0, 2021-10-02 11:12:30, 119441.30984175445, 300.0 
 47.715491496713305, -122.95451077991432, 20.0, 2021-10-02 11:15:00, 94521.781191991, 300.0 
 47.778579799786264, -122.94185446720867, 34.61538461538461, 2021-10-02 11:17:30, 34636.16390373093, 150.0 
 47.70871460941439, -122.93765347667369, 33.07692307692308, 2021-10-02 11:25:00, 64366.19527427417, 300.0 
 47.80055603228254, -123.17957137728041, 20.0, 2021-10-02 11:32:30, 187998.12646025786, 300.0 
 47.825375722189875, -123.08083886128833, 34.61538461538462, 2021-10-02 11:35:00, 81412.22964503278, 150.0 
 47.9114711645901, -122.77149160758475, 37.95918367346938, 2021-10-02 11:42:30, 274159.08709067333, 300.0 
 47.8615152849697, -122.94021804077715, 32.3076923076923, 2021-10-02 11:45:00, 36366.86525132619, 150.0 
 47.521147738514045, -123.33313512858663, 60.0, 2021-10-02 11:47:30, 79646.38374499169, 300.0 
 47.43932616238185, -123.19370049069548, 20.0, 2021-10-02 12:00:00, 39232.01366729443, 300.0 
 47.62606441958806, -123.10512374038508, 20.0, 2021-10-02 12:02:30, 10802.300363300243, 150.0 
 47.52547849558655, -123.10751950354086, 20.0, 2021-10-02 12:05:00, 6591.0674310015, 150.0 
 47.50461643804139, -122.8734663993602, 32.30769230769231, 2021-10-02 12:10:00, 130273.40129444613, 300.0 
 47.52931336069887, -122.97645625706726, 34.69387755102041, 2021-10-02 12:12:30, 34496.11442268397, 150.0 
 47.93253337351497, -122.8105701532237, 42.30769230769231, 2021-10-02 12:15:00, 87289.734768948, 300.0 
 47.652084554331495, -122.90819063712958, 33.87755102040816, 2021-10-02 12:17:30, 15407.57526054721, 300.0 
 47.379791641749605, -123.07953338314202, 39.59183673469387, 2021-10-02 12:22:30, 71162.66004126659, 150.0 
 47.55801733174889, -123.0072523683023, 29.23076923076923, 2021-10-02 12:25:00, 40150.31580833617, 150.0 
 47.65564743945882, -122.99805235933312, 20.0, 2021-10-02 12:30:00, 75591.8254625308, 300.0 
 47.530379014284094, -123.10497759499475, 20.0, 2021-10-02 12:32:30, 25424.633176386513, 150.0 
 47.718469967551684, -122.80289981986994, 47.69230769230769, 2021-10-02 12:35:00, 66551.37618170548, 300.0 
 47.89932831846788, -122.64055664348683, 60.0, 2021-10-02 12:40:00, 90720.9974409168, 300.0 
 47.71588715444499, -122.95328310573241, 20.0, 2021-10-02 12:45:00, 131115.00428172795, 300.0 
 47.66683369748647, -122.93818350150705, 25.517241379310345, 2021-10-02 12:47:30, 45366.98670953973, 150.0 
 47.660357100999725, -122.94565517590837, 20.0, 2021-10-02 12:50:00, 37099.54169800919, 150.0 
 47.64570830293126, -122.99101566897815, 20.0, 2021-10-02 12:52:30, 40921.07259650099, 150.0 
 47.62568043907257, -122.96480912710989, 26.89655172413793, 2021-10-02 12:55:00, 42933.902788085594, 150.0 
 47.869196714259914, -122.77338716517255, 60.0, 2021-10-02 13:05:00, 310023.2343977283, 300.0 
 48.00833138508125, -122.85972428966087, 60.0, 2021-10-02 13:10:00, 114441.00691727079, 300.0 
 47.655752891043164, -122.9725197411755, 41.224489795918366, 2021-10-02 13:12:30, 74026.73516171315, 300.0 
 47.826001758634014, -123.06314176580126, 34.61538461538462, 2021-10-02 13:15:00, 39435.951569199366, 150.0 
 47.984054349279184, -122.59433788451514, 50.34482758620689, 2021-10-02 13:20:00, 251919.10787138366, 300.0 
 47.88751854564443, -122.95111018465056, 35.51020408163265, 2021-10-02 13:22:30, 177531.58865635993, 300.0 
 47.876486976666996, -123.06127565731322, 32.30769230769231, 2021-10-02 13:25:00, 69357.44775185431, 150.0 
 47.94444782850047, -123.04308614143103, 20.0, 2021-10-02 13:27:30, 105498.38257062648, 150.0 
 47.843653467304236, -123.09990838436302, 20.0, 2021-10-02 13:30:00, 62906.336050430094, 150.0 
 47.8521978732746, -123.01978536758544, 33.87755102040816, 2021-10-02 13:35:00, 87159.51576891862, 300.0 
 47.782529390071986, -123.06847820782339, 20.0, 2021-10-02 13:37:30, 65934.5309340387, 150.0 
 47.77723329677237, -123.07226363072067, 20.0, 2021-10-02 13:40:00, 52956.69425702638, 300.0 
 47.67141944231156, -122.97757916326397, 20.0, 2021-10-02 13:42:30, 8437.069604669974, 150.0 
 47.75092914009912, -122.89814755757735, 20.0, 2021-10-02 13:45:00, 22636.679414990274, 150.0 
 47.74587902778397, -122.88854761556878, 20.0, 2021-10-02 13:47:30, 14069.503283737577, 150.0 
 47.616613077544955, -123.30941297258062, 55.172413793103445, 2021-10-02 13:50:00, 95978.94662465922, 300.0 
 47.47234180923332, -122.98582649760183, 54.48275862068965, 2021-10-02 13:52:30, 77924.49392066155, 300.0 
 47.69373694196542, -122.85776979688734, 33.07692307692308, 2021-10-02 13:55:00, 58329.740317822005, 300.0 
 47.59467321157426, -122.78956294317777, 35.51020408163265, 2021-10-02 13:57:30, 23827.307438867712, 150.0 
 47.81741452953269, -123.30965785581867, 20.0, 2021-10-02 14:07:30, 50484.364049622134, 300.0 
 47.673402142624916, -122.90517019013515, 20.0, 2021-10-02 14:10:00, 25048.954381184587, 300.0 
 47.864367797310955, -122.97248165717399, 30.769230769230774, 2021-10-02 14:15:00, 37228.87773034824, 300.0 
 47.93872814507846, -122.75294054461426, 46.92307692307693, 2021-10-02 14:17:30, 47636.08580803391, 150.0 
 47.81938405983131, -123.0962257701868, 20.0, 2021-10-02 14:20:00, 17563.85677183919, 300.0 
 47.70874792391469, -122.7824987062185, 20.689655172413794, 2021-10-02 14:22:30, 51179.306876012706, 300.0 
 47.81261203590175, -122.66414189924764, 35.51020408163265, 2021-10-02 14:25:00, 54092.67506489914, 150.0 
 47.483300748812276, -122.87649022477736, 57.93103448275862, 2021-10-02 14:30:00, 57002.108596482576, 300.0 
 47.58696567229378, -122.95551679967505, 20.0, 2021-10-02 14:32:30, 13198.985762438608, 150.0 
 47.58743447679644, -123.22076829493835, 51.724137931034484, 2021-10-02 14:50:00, 18950.68204809299, 150.0 
 47.85471941014183, -122.98982152578027, 45.384615384615394, 2021-10-02 14:52:30, 43265.26790905237, 300.0 
 47.60669443855158, -123.13655845226003, 26.923076923076923, 2021-10-02 14:55:00, 175072.99767724038, 300.0 
 47.74479285585778, -123.10958607436694, 20.000000000000004, 2021-10-02 14:57:30, 9362.36082308398, 150.0 
 47.67956141894048, -123.23518937807108, 20.0, 2021-10-02 15:12:30, 111818.23620788347, 300.0 
 47.68946844886055, -122.72529798885257, 20.0, 2021-10-02 15:17:30, 68203.13441650764, 300.0 
 47.69261334705821, -122.71546667716679, 20.0, 2021-10-02 15:20:00, 38941.329450471014, 150.0 
 47.54365697806951, -122.61275874450678, 20.0, 2021-10-02 15:22:30, 32378.20254156847, 150.0 
 47.935047426067165, -122.94249473635853, 20.0, 2021-10-02 15:52:30, 89659.15523027851, 300.0 
 47.76456046652373, -122.77960170324081, 20.0, 2021-10-02 15:55:00, 30703.322113682327, 150.0 
 47.78586815995836, -122.86853377929327, 20.0, 2021-10-02 15:57:30, 34512.09335191779, 150.0 
 47.82550891999658, -123.09302989631253, 20.0, 2021-10-02 16:00:00, 21874.377931288334, 150.0 
 47.73809983195639, -122.8272723352691, 34.69387755102041, 2021-10-02 16:05:00, 99220.90295420156, 300.0 
 47.83070223273643, -122.90629012326872, 20.0, 2021-10-02 16:07:30, 54790.66388228157, 150.0 
 47.73588412992147, -122.81516379509812, 20.0, 2021-10-02 16:10:00, 89254.8874177008, 150.0 
 47.7414241259521, -122.86127879258677, 20.0, 2021-10-02 16:12:30, 115664.83355022801, 150.0 
 47.75250960928889, -122.89323219429079, 20.0, 2021-10-02 16:15:00, 174598.06691823527, 150.0 
 47.894632487501795, -123.06815291319202, 20.0, 2021-10-02 16:17:30, 84128.89296079149, 150.0 
 47.89361084410267, -123.08710504778755, 20.0, 2021-10-02 16:20:00, 71115.4877909341, 150.0 
 47.88354097781263, -123.06781668482056, 20.0, 2021-10-02 16:22:30, 57773.351399299805, 150.0 
 47.91284841418443, -123.11901414874687, 20.0, 2021-10-02 16:25:00, 95994.80735374002, 150.0 
 47.87808597395435, -123.09420176994354, 20.0, 2021-10-02 16:27:30, 65779.08650188225, 150.0 
 47.673496026775965, -123.28821219079347, 53.103448275862064, 2021-10-02 16:40:00, 262476.46217400854, 300.0 
 47.73245653342862, -122.96501172685367, 36.3265306122449, 2021-10-02 16:45:00, 84085.80665542796, 300.0 
 47.73362974855298, -123.06542383431578, 20.0, 2021-10-02 16:50:00, 78975.66315784893, 300.0 
 47.71099371079196, -123.02521148687096, 33.07692307692307, 2021-10-02 16:57:30, 48789.781230191315, 300.0 
 47.88364011359949, -123.23446935471355, 20.0, 2021-10-02 17:00:00, 48753.70213822968, 150.0 
 47.5580580253673, -123.08247498457837, 20.0, 2021-10-02 17:07:30, 50581.54976249837, 300.0 
 47.836269325977355, -122.8286675152091, 45.38461538461539, 2021-10-02 17:12:30, 127954.78171107627, 300.0 
 47.65362857895114, -122.83703611119459, 20.0, 2021-10-02 17:15:00, 22520.679268450287, 150.0 
 47.83518924286363, -122.7494120120375, 35.38461538461539, 2021-10-02 19:00:00, 55021.08606465962, 300.0 
 47.71330609215584, -122.75558763048362, 33.84615384615385, 2021-10-02 19:32:30, 104697.56439631035, 300.0 
 47.71206512953779, -122.784834156682, 20.0, 2021-10-02 19:35:00, 105318.36080376977, 150.0 
 47.67468259902021, -122.78413288987761, 53.103448275862064, 2021-10-02 19:42:30, 184099.31419621318, 300.0 
 47.73557332506704, -122.59357866499182, 20.0, 2021-10-02 19:45:00, 101801.1453926959, 150.0 
 47.60097386696472, -122.86163536896116, 54.48275862068965, 2021-10-02 19:57:30, 192116.13281382303, 300.0 
 47.93724115522158, -122.88804525787577, 33.84615384615385, 2021-10-02 20:00:00, 424070.07759194577, 300.0 
 47.93143335049721, -122.91571127882133, 33.84615384615384, 2021-10-02 20:02:30, 304149.6827502326, 150.0 
 47.87807440005854, -123.05635339532115, 20.0, 2021-10-02 20:05:00, 181380.96735785122, 150.0 
 47.843248916768076, -123.06332247649307, 20.0, 2021-10-02 20:07:30, 429328.88476342894, 150.0 
 47.84656062654588, -123.06567996446114, 20.0, 2021-10-02 20:10:00, 365666.9895352415, 150.0 
 47.73363469114933, -123.10315989109601, 45.38461538461539, 2021-10-02 20:17:30, 195003.08253207227, 300.0 
 47.86668953708078, -123.14207443719103, 34.69387755102041, 2021-10-02 20:20:00, 100333.82652979917, 150.0 
 47.59950555734139, -122.72384449159797, 34.61538461538461, 2021-10-02 20:27:30, 279927.5803096097, 300.0 
 47.70123879462069, -122.99869429989283, 20.0, 2021-10-02 20:30:00, 169798.53520115215, 150.0 
 47.70573646172516, -122.83309576594034, 26.89655172413793, 2021-10-02 20:42:30, 247203.92320036158, 300.0 
 47.82300867468839, -122.67295124384898, 34.69387755102041, 2021-10-02 20:45:00, 104929.45182263754, 150.0 
 47.52320030974899, -122.81898091171261, 20.0, 2021-10-02 21:07:30, 143190.73937000456, 300.0 
 47.675720720818035, -122.92638865075403, 30.000000000000004, 2021-10-02 21:10:00, 44616.07064811062, 150.0 
 47.696002986862055, -122.93921421694176, 20.0, 2021-10-02 21:12:30, 113499.8094718043, 150.0 
 47.7636831038939, -123.00072757003014, 20.000000000000004, 2021-10-02 21:15:00, 185455.1908435061, 150.0 
 47.90531472145655, -122.99704618918734, 20.0, 2021-10-02 21:20:00, 291273.19082573144, 300.0 
 47.90807331142384, -122.88703480885214, 46.15384615384615, 2021-10-02 21:22:30, 674745.89401819, 150.0 
 47.86287827419933, -122.88525507230122, 60.00000000000001, 2021-10-02 21:25:00, 504741.8811177059, 150.0 
 47.78411714345087, -123.06356503823724, 22.068965517241377, 2021-10-02 21:27:30, 413735.4932698064, 150.0 
 47.86599149006768, -123.00539375254868, 33.07692307692308, 2021-10-02 21:30:00, 267250.6887652112, 150.0 
 47.788392346516254, -123.07869233031232, 20.0, 2021-10-02 21:32:30, 317804.6043322202, 150.0 
 47.80156564553689, -123.00949634257319, 34.69387755102041, 2021-10-02 21:35:00, 387217.72225280444, 150.0 
 47.70062398882623, -123.01635129235672, 22.068965517241377, 2021-10-02 21:40:00, 942267.8304920153, 300.0 
 47.73616277813599, -123.03552899181747, 20.0, 2021-10-02 21:42:30, 1206636.2642444158, 300.0 
 47.881117543126884, -122.77424684487946, 43.84615384615385, 2021-10-02 21:45:00, 871320.0723944289, 300.0 
 47.813054254377036, -122.97384378789026, 24.137931034482758, 2021-10-02 21:47:30, 154429.5103563221, 150.0 
 47.71860031485866, -122.90696067596474, 20.0, 2021-10-02 21:50:00, 123055.43541760101, 150.0 
 47.55672615048423, -123.14924273258822, 20.0, 2021-10-02 21:52:30, 413668.8418485803, 300.0 
 47.947688267898016, -122.60656764103396, 27.586206896551722, 2021-10-02 21:55:00, 503221.7723312504, 300.0 
 47.537165224261045, -122.98049201274965, 36.326530612244895, 2021-10-02 21:57:30, 186958.4836211446, 300.0 
 47.88403316365421, -122.83825643643361, 33.87755102040816, 2021-10-02 22:07:30, 109436.36936042708, 300.0 
 47.88221944759451, -123.13499530531375, 60.0, 2021-10-02 22:17:30, 393065.4493332807, 300.0 
 47.99244376517119, -122.93481624476567, 20.0, 2021-10-02 22:40:00, 351629.7790357788, 300.0 
 47.988544287796095, -122.9184075983295, 35.38461538461539, 2021-10-02 22:42:30, 214563.10270046155, 150.0 
 48.00547487193265, -122.9258895750248, 35.38461538461539, 2021-10-02 22:45:00, 193510.64419543184, 150.0 
 48.12539217257263, -123.10413717318701, 21.379310344827587, 2021-10-02 22:55:00, 542242.6871468582, 300.0 
 48.02929308843446, -123.02931041074096, 20.0, 2021-10-02 23:20:00, 295927.6382036794, 300.0 
 47.96973725770272, -122.99291752339212, 33.84615384615385, 2021-10-02 23:22:30, 160720.7847818021, 150.0 
 47.887376476310855, -123.15685272138191, 20.0, 2021-10-02 23:25:00, 199643.17167793118, 150.0 
 47.9052666240958, -123.10147807792805, 20.0, 2021-10-02 23:27:30, 210338.761020979, 150.0 
 47.879537856457354, -123.07707212311286, 20.0, 2021-10-02 23:30:00, 296639.9950875384, 150.0 
 47.82696601652722, -123.11372736056192, 20.0, 2021-10-02 23:32:30, 322124.42821027746, 150.0 
 47.886421527953274, -123.06835609226768, 35.51020408163265, 2021-10-02 23:35:00, 213069.28519560525, 150.0 
 47.64276355063659, -122.76177520653134, 55.172413793103445, 2021-10-02 01:30:00, 49257.24826492103, 300.0 
 47.72722127804471, -123.3225474554992, 30.769230769230774, 2021-10-02 03:47:30, 92911.53314488618, 150.0 
 47.75606370994388, -123.25370425086281, 47.692307692307686, 2021-10-02 03:50:00, 75145.52807508825, 150.0 
 47.90284541706731, -122.98917599086555, 26.206896551724135, 2021-10-02 04:17:30, 73083.72984730118, 150.0 
 47.86409759968016, -122.93069699947505, 20.68965517241379, 2021-10-02 04:52:30, 92015.80279403702, 150.0 
 48.01616749330973, -122.9471725931675, 39.59183673469388, 2021-10-02 04:55:00, 128162.77812630011, 150.0 
 47.9877885094824, -122.67572564215497, 46.153846153846146, 2021-10-02 05:22:30, 173279.29659401864, 300.0 
 47.641699268764704, -123.05677757129449, 51.72413793103448, 2021-10-02 05:40:00, 119040.19475324257, 300.0 
 47.88358338560396, -122.98793760212405, 24.82758620689655, 2021-10-02 05:47:30, 183591.99887025252, 150.0 
 48.02641341528405, -122.94234483598565, 39.591836734693864, 2021-10-02 05:50:00, 428902.5914857364, 150.0 
 47.77869918630488, -122.99211933604745, 20.0, 2021-10-02 06:07:30, 73129.87869374352, 150.0 
 48.0212776560746, -122.86394603511053, 20.0, 2021-10-02 07:07:30, 176839.43927003868, 300.0 
 47.67413072873507, -122.98541889649368, 20.0, 2021-10-02 07:12:30, 70525.66094569516, 300.0 
 47.98152855985779, -122.87243120477657, 44.61538461538461, 2021-10-02 07:17:30, 68093.87208168625, 150.0 
 47.72641523982699, -122.98876583394323, 20.0, 2021-10-02 07:22:30, 64092.1328715293, 150.0 
 47.69404946066557, -122.9322473657689, 20.000000000000004, 2021-10-02 07:25:00, 37963.5723174109, 150.0 
 47.55412386816206, -122.97233250093933, 20.0, 2021-10-02 07:50:00, 18310.089862767603, 150.0 
 47.725254918330755, -123.15077525710065, 20.0, 2021-10-02 09:40:00, 42665.538421156336, 150.0 
 47.962967149737025, -122.94379111843497, 20.0, 2021-10-02 10:42:30, 109255.23070127812, 150.0 
 47.87705628316398, -122.92741743586129, 20.0, 2021-10-02 10:45:00, 105163.27019953998, 150.0 
 47.81874988913687, -122.77776119491033, 20.0, 2021-10-02 10:47:30, 99299.31249953514, 150.0 
 48.11713140858058, -122.88636855368529, 24.827586206896555, 2021-10-02 10:52:30, 310522.35058214405, 300.0 
 47.821241306680754, -122.95118976262246, 37.14285714285714, 2021-10-02 10:57:30, 83131.71891236286, 300.0 
 47.79552871313071, -123.10640054622279, 44.61538461538461, 2021-10-02 11:00:00, 48019.49645473102, 150.0 
 47.82553300307242, -122.92962890972619, 36.3265306122449, 2021-10-02 11:07:30, 33361.96686944303, 150.0 
 47.63444122774053, -123.40577468931664, 58.620689655172406, 2021-10-02 11:12:30, 82123.43014224773, 300.0 
 47.97467407064727, -123.1388710711795, 45.38461538461539, 2021-10-02 11:20:00, 487608.95568133, 300.0 
 47.51468496670628, -123.2425073759903, 31.034482758620683, 2021-10-02 11:30:00, 62278.17102658878, 300.0 
 47.57403650326957, -122.91927691326228, 20.0, 2021-10-02 11:37:30, 73859.0899789332, 300.0 
 47.73690711151964, -123.0071481714228, 20.0, 2021-10-02 11:40:00, 51608.710314134114, 150.0 
 47.498659873281724, -123.1966506831624, 37.95918367346938, 2021-10-02 12:20:00, 30042.153950513548, 300.0 
 47.89596164619661, -122.74278804631935, 44.61538461538462, 2021-10-02 12:55:00, 113654.05866050997, 300.0 
 48.00775610568873, -122.95211518435991, 20.0, 2021-10-02 13:40:00, 209969.78827171543, 300.0 
 47.64773460908239, -123.10069263006184, 20.0, 2021-10-02 14:15:00, 10918.423374777816, 150.0 
 47.662858983483176, -123.46360874538907, 27.69230769230769, 2021-10-02 14:47:30, 88827.3441438821, 300.0 
 47.63736343770261, -123.19927413889397, 32.30769230769231, 2021-10-02 15:52:30, 185619.92180219665, 300.0 
 48.05125785081512, -123.00971130212784, 20.0, 2021-10-02 21:37:30, 1038126.2810073715, 300.0 
 47.86106187255996, -122.70794378581039, 20.0, 2021-10-02 21:40:00, 616408.1031004983, 300.0 
 47.69997023138791, -123.04424850380936, 27.586206896551722, 2021-10-02 22:37:30, 158507.2137553239, 300.0 
 48.38527138430603, -123.34558278850972, 26.89655172413793, 2021-10-03 17:45:00, 207806.51858746837, 300.0 
 48.40399306569016, -123.46117294173781, 20.0, 2021-10-03 18:15:00, 181985.78234082917, 300.0 
 47.97967665447789, -122.99999285124935, 20.0, 2021-10-03 00:00:00, 247708.32928506308, 300.0 
 47.85490873393411, -123.07767372482193, 20.0, 2021-10-03 00:07:30, 109177.24532753734, 300.0 
 47.78570489682977, -123.0586518686511, 41.22448979591836, 2021-10-03 00:15:00, 192248.6993110208, 300.0 
 47.819416643006655, -123.13708053821637, 35.38461538461539, 2021-10-03 00:17:30, 63483.64432206556, 150.0 
 47.672953200444766, -122.93497732132141, 28.965517241379313, 2021-10-03 00:30:00, 126353.61934882212, 300.0 
 47.89037899254102, -122.91684059871834, 26.206896551724142, 2021-10-03 00:32:30, 140288.89953857893, 150.0 
 47.73601969036449, -122.6781814960186, 35.51020408163266, 2021-10-03 00:35:00, 159810.6022503345, 150.0 
 47.934768229376246, -123.0225519259135, 34.6938775510204, 2021-10-03 00:37:30, 360892.5768782345, 300.0 
 47.835654175999984, -123.3288071817966, 20.0, 2021-10-03 00:50:00, 568225.1371005619, 300.0 
 47.88311001085785, -123.06599594728284, 20.0, 2021-10-03 00:52:30, 155653.9440004457, 150.0 
 47.795015199692386, -123.08340428844814, 20.0, 2021-10-03 00:55:00, 169293.87407248077, 150.0 
 47.660655586323976, -122.84048003088346, 23.448275862068968, 2021-10-03 00:57:30, 278741.49382094055, 150.0 
 47.67632810502452, -122.84549602847264, 30.0, 2021-10-03 01:00:00, 295383.71997172415, 150.0 
 47.62840438279558, -122.76365109735336, 36.326530612244895, 2021-10-03 01:02:30, 197733.98458539054, 150.0 
 47.92913584527972, -123.10640448161718, 20.0, 2021-10-03 01:05:00, 435124.78944232676, 300.0 
 47.67958177258103, -122.93966245569666, 34.69387755102041, 2021-10-03 01:10:00, 168836.2528665629, 300.0 
 47.754353930978944, -122.97600022131755, 33.84615384615385, 2021-10-03 01:12:30, 119000.61327370082, 150.0 
 47.798689959848616, -123.08148549529704, 26.89655172413793, 2021-10-03 01:27:30, 509862.98849818174, 300.0 
 47.79832662628046, -123.08576026751606, 34.61538461538461, 2021-10-03 01:30:00, 319978.6842405926, 150.0 
 47.657627553162946, -122.99192191038875, 32.30769230769231, 2021-10-03 01:32:30, 468506.7857052109, 150.0 
 47.68566409946452, -122.93341509056698, 20.0, 2021-10-03 01:40:00, 719844.63668549, 300.0 
 47.650100154599954, -122.98056873321546, 32.307692307692314, 2021-10-03 01:42:30, 513087.7883608409, 150.0 
 47.72327384092384, -123.25433509666215, 60.0, 2021-10-03 01:50:00, 696595.6374183777, 300.0 
 47.76536251321812, -122.74850925039966, 20.000000000000004, 2021-10-03 01:55:00, 879933.4944400291, 150.0 
 47.660795735089565, -122.98211319207775, 33.07692307692308, 2021-10-03 02:05:00, 992230.0921919141, 300.0 
 47.66454139158433, -122.98627033831802, 38.77551020408163, 2021-10-03 02:07:30, 1021975.3845683284, 300.0 
 47.559842084704385, -122.85673963826522, 45.38461538461538, 2021-10-03 02:10:00, 2201864.053296714, 150.0 
 47.59812971482867, -122.8957201131165, 33.07692307692307, 2021-10-03 02:12:30, 404278.5557359519, 150.0 
 47.66555978776878, -122.77771753026995, 43.6734693877551, 2021-10-03 02:15:00, 673876.4768194129, 300.0 
 47.67484951286937, -122.79629080167462, 33.84615384615385, 2021-10-03 02:17:30, 337447.3853289729, 150.0 
 47.644068161148674, -123.06215773281208, 32.30769230769231, 2021-10-03 02:20:00, 835848.2288429568, 150.0 
 47.67653149224178, -122.95859903543034, 34.69387755102041, 2021-10-03 02:22:30, 648213.6293967905, 150.0 
 47.707434251045385, -122.83730475393655, 35.51020408163265, 2021-10-03 02:25:00, 1070326.4700417577, 300.0 
 47.63866955786629, -122.88668859910803, 22.758620689655174, 2021-10-03 02:30:00, 333472.26856352, 150.0 
 47.70554994386058, -122.94747342682903, 20.0, 2021-10-03 02:32:30, 161036.8267401177, 150.0 
 47.77215689814432, -122.92070435183942, 20.0, 2021-10-03 02:37:30, 581993.5017573591, 300.0 
 47.77368303283612, -122.78602950484505, 20.0, 2021-10-03 02:40:00, 522044.80954009306, 150.0 
 47.79519523477556, -122.70919738121273, 20.0, 2021-10-03 02:42:30, 897050.4060675509, 150.0 
 47.91297972685628, -123.13122893291575, 20.0, 2021-10-03 02:50:00, 493729.13652377843, 150.0 
 47.878913579108584, -122.95256629763017, 20.0, 2021-10-03 03:00:00, 290857.17730892624, 150.0 
 47.84365835999357, -122.95777561656617, 33.07692307692308, 2021-10-03 03:02:30, 139921.05235287306, 150.0 
 47.965121225243024, -122.48735455859162, 29.6551724137931, 2021-10-03 03:05:00, 418783.6242100007, 300.0 
 47.61033517543233, -122.67735234885305, 31.538461538461544, 2021-10-03 03:17:30, 493196.15129452717, 150.0 
 47.64924894567577, -122.69859236289275, 20.000000000000004, 2021-10-03 03:20:00, 670522.2561944801, 300.0 
 47.55066706912297, -122.64164477516131, 33.84615384615385, 2021-10-03 03:22:30, 372645.3113958729, 150.0 
 47.922757157668165, -122.87928467521964, 45.38461538461539, 2021-10-03 03:27:30, 1728680.4889422294, 300.0 
 47.844201973080736, -122.90225335930192, 20.0, 2021-10-03 03:32:30, 563289.4461871551, 300.0 
 47.766675934423546, -123.12064229459948, 46.92307692307692, 2021-10-03 03:35:00, 397490.1321938258, 150.0 
 47.92954310685167, -122.89620586600805, 33.06122448979592, 2021-10-03 03:40:00, 374331.2367018598, 300.0 
 47.6000330214471, -123.05353386401335, 20.0, 2021-10-03 03:42:30, 245576.36958389982, 300.0 
 48.1102661231259, -122.93220263400117, 20.0, 2021-10-03 03:45:00, 398888.3391141747, 300.0 
 47.79711537822973, -122.72864208848375, 60.0, 2021-10-03 03:47:30, 336070.0216347044, 300.0 
 47.88206058410607, -122.84441826579427, 20.0, 2021-10-03 03:50:00, 193730.88391557307, 150.0 
 48.02799275146429, -123.09668499047667, 20.0, 2021-10-03 03:52:30, 210489.00797577435, 150.0 
 47.91425256179831, -122.49101075747778, 34.61538461538462, 2021-10-03 04:00:00, 372689.81464886444, 300.0 
 48.08663188193501, -122.9138540214606, 40.0, 2021-10-03 04:12:30, 254874.0870381737, 300.0 
 47.66489932645753, -123.12668923529884, 37.14285714285714, 2021-10-03 04:15:00, 340746.15385685634, 300.0 
 47.83444514445312, -122.75492500001681, 46.92307692307693, 2021-10-03 04:22:30, 269712.41858932, 300.0 
 47.80055098836113, -122.86080203083172, 55.86206896551724, 2021-10-03 04:27:30, 79900.1504892985, 300.0 
 47.660127902205204, -123.14138940672456, 20.0, 2021-10-03 04:32:30, 66350.66208471842, 300.0 
 47.698430872590016, -123.15205745762255, 60.0, 2021-10-03 04:37:30, 181003.11339797298, 300.0 
 47.75415645556582, -122.92606852256887, 60.0, 2021-10-03 04:40:00, 49895.75240142141, 150.0 
 47.84482816120876, -123.21273359978338, 33.84615384615385, 2021-10-03 04:50:00, 167322.0994582033, 300.0 
 48.11962488687822, -122.92520275452763, 33.84615384615385, 2021-10-03 04:55:00, 169224.76594680813, 300.0 
 48.02972494328181, -122.96134747470387, 33.06122448979592, 2021-10-03 04:57:30, 100508.31203787516, 150.0 
 48.01564152307034, -122.95132107388581, 33.87755102040816, 2021-10-03 05:00:00, 96820.15689806029, 150.0 
 47.96213690412897, -122.97538639473758, 34.69387755102041, 2021-10-03 05:02:30, 100003.30893937133, 150.0 
 47.924499940912064, -122.95316698029349, 60.00000000000001, 2021-10-03 05:05:00, 115188.42996243686, 150.0 
 47.9342932081296, -122.948014071073, 60.00000000000001, 2021-10-03 05:07:30, 53773.18402660836, 150.0 
 48.02593334899893, -122.76311109306867, 20.0, 2021-10-03 05:10:00, 90821.8916866665, 150.0 
 48.02261576440775, -122.7607635524976, 20.0, 2021-10-03 05:12:30, 88582.55727429534, 150.0 
 47.88763997410415, -122.60065123490679, 20.0, 2021-10-03 05:17:30, 78212.91183685917, 300.0 
 47.70473040605102, -123.08863785589668, 33.84615384615385, 2021-10-03 05:27:30, 117536.65214347294, 300.0 
 47.8390878738948, -123.02255748646488, 46.92307692307691, 2021-10-03 05:30:00, 122657.04216138438, 150.0 
 47.58441231375683, -123.08912171857267, 20.0, 2021-10-03 05:32:30, 81572.79211912406, 300.0 
 47.74009373207956, -123.02021172130637, 33.07692307692307, 2021-10-03 05:37:30, 269564.5929683676, 300.0 
 47.65015723819801, -123.0559285386812, 20.0, 2021-10-03 05:40:00, 191418.8476033336, 150.0 
 47.79922343501846, -123.01991834766878, 31.538461538461533, 2021-10-03 05:42:30, 210979.2674056201, 150.0 
 47.78163342343743, -123.06179841404129, 20.0, 2021-10-03 05:45:00, 318387.5311794091, 150.0 
 47.7467256447778, -123.21670316063619, 33.07692307692308, 2021-10-03 05:47:30, 265330.41741575, 150.0 
 47.89754709855272, -123.07174374438017, 20.0, 2021-10-03 05:50:00, 187798.06829839607, 150.0 
 48.056085640278184, -122.96798994631277, 20.0, 2021-10-03 05:55:00, 997925.6480208219, 300.0 
 48.014641479122645, -123.00520565145263, 37.14285714285714, 2021-10-03 05:57:30, 893394.5378209036, 150.0 
 47.91495137027306, -123.16293963043526, 20.0, 2021-10-03 06:00:00, 1540485.284389355, 300.0 
 47.92450070331579, -123.13340106471048, 20.000000000000004, 2021-10-03 06:02:30, 1125057.6521563455, 150.0 
 47.71523045767281, -123.18817838024984, 36.326530612244895, 2021-10-03 06:07:30, 662470.7023295577, 300.0 
 48.06086384787056, -123.1369308877823, 58.62068965517241, 2021-10-03 06:10:00, 345513.7565538743, 300.0 
 48.02501183337572, -123.01411444089283, 20.0, 2021-10-03 06:15:00, 157041.26068502537, 300.0 
 47.97636197137042, -123.26916578057134, 20.0, 2021-10-03 06:20:00, 70901.19761026766, 300.0 
 48.030120596734356, -122.96011233047304, 47.69230769230769, 2021-10-03 06:22:30, 151329.80758925687, 150.0 
 48.03012059673436, -122.96011233047307, 44.48979591836734, 2021-10-03 06:25:00, 152232.74469857386, 150.0 
 47.927678166085386, -123.08566746896068, 49.230769230769226, 2021-10-03 06:27:30, 51066.04122162363, 150.0 
 48.15169123384682, -122.86295477992776, 40.0, 2021-10-03 06:30:00, 213720.46043614892, 300.0 
 48.06582731772974, -122.9248464293641, 46.92307692307693, 2021-10-03 06:32:30, 81406.4895352513, 150.0 
 48.04945897987021, -122.96326520245162, 20.0, 2021-10-03 06:35:00, 160201.88685033662, 150.0 
 48.01028592098129, -122.9839035187108, 34.61538461538461, 2021-10-03 06:37:30, 163132.38484906656, 150.0 
 47.971571764239364, -122.97452474144382, 60.0, 2021-10-03 06:40:00, 102938.2827237591, 150.0 
 47.816599391201144, -123.1426314026308, 55.17241379310345, 2021-10-03 06:42:30, 32193.77805486995, 150.0 
 48.29559419488847, -122.84525629800014, 41.22448979591836, 2021-10-03 06:47:30, 311019.8974329821, 300.0 
 48.07857450219796, -122.92633437492472, 36.326530612244895, 2021-10-03 06:50:00, 99432.44262462774, 150.0 
 48.06408258508312, -122.98431805500333, 20.689655172413794, 2021-10-03 06:52:30, 298637.31836112245, 150.0 
 48.105962860403785, -122.98382644671264, 20.0, 2021-10-03 06:55:00, 126562.92153497624, 150.0 
 48.0104290257612, -122.99613690480285, 20.0, 2021-10-03 06:57:30, 166409.74269010426, 150.0 
 48.03659979621888, -122.95258977938788, 35.38461538461538, 2021-10-03 07:00:00, 283203.3404955633, 150.0 
 47.98754802006323, -122.93739836998559, 20.000000000000004, 2021-10-03 07:05:00, 820974.8908903068, 300.0 
 48.00484580804918, -123.01035559537439, 33.07692307692308, 2021-10-03 07:07:30, 578931.8186433697, 300.0 
 47.98817294468075, -123.02424634518975, 45.38461538461539, 2021-10-03 07:10:00, 209064.9280703437, 150.0 
 47.66828709162584, -123.02508341594607, 60.0, 2021-10-03 07:12:30, 248620.00073014572, 300.0 
 48.0769935714391, -122.93128092783876, 50.0, 2021-10-03 07:22:30, 344999.7753676278, 300.0 
 47.90845836691939, -123.17041792730052, 60.0, 2021-10-03 07:30:00, 82461.86295243523, 300.0 
 48.10027048401903, -123.02382439453943, 20.0, 2021-10-03 07:40:00, 236102.2407406525, 300.0 
 48.12406689272965, -122.95268021970882, 29.655172413793103, 2021-10-03 07:42:30, 177688.85444478758, 150.0 
 48.071025775119644, -122.94676509712798, 30.769230769230766, 2021-10-03 07:50:00, 342493.08186634764, 300.0 
 48.177909002623224, -122.99112740090442, 26.89655172413793, 2021-10-03 08:02:30, 439680.62389671017, 300.0 
 48.12788793968662, -122.963004170456, 20.0, 2021-10-03 08:05:00, 222823.13514431077, 150.0 
 48.33620956807484, -122.87424618216951, 24.137931034482758, 2021-10-03 08:07:30, 475037.8581062367, 150.0 
 47.63571919083049, -123.05021190119703, 20.0, 2021-10-03 08:10:00, 228675.14359623985, 300.0 
 47.754345717150734, -123.4247841504436, 60.0, 2021-10-03 08:15:00, 327790.45402875537, 300.0 
 47.754445378396724, -123.16782332723497, 35.51020408163265, 2021-10-03 08:17:30, 235163.26427936624, 150.0 
 47.66354442112544, -123.11517210827606, 20.0, 2021-10-03 08:20:00, 93050.88818325957, 150.0 
 47.60021310956304, -123.18467161195885, 24.137931034482758, 2021-10-03 08:22:30, 213203.43707450602, 150.0 
 47.705574531285926, -123.16771133538566, 20.0, 2021-10-03 08:27:30, 326134.89016318345, 300.0 
 48.05323548575811, -123.04033847927566, 56.55172413793104, 2021-10-03 08:30:00, 562773.7976899155, 300.0 
 48.25057052618949, -123.02487565917113, 55.86206896551724, 2021-10-03 08:35:00, 610535.2827007418, 300.0 
 48.05287366877615, -123.04463471404154, 22.06896551724138, 2021-10-03 08:40:00, 933703.5958896572, 300.0 
 48.040061738445914, -122.90045112648951, 35.51020408163265, 2021-10-03 08:42:30, 743115.8725742424, 300.0 
 47.95342108545241, -122.9676689102153, 38.775510204081634, 2021-10-03 08:45:00, 708721.5244499707, 300.0 
 47.56914475095218, -123.01060468575028, 20.0, 2021-10-03 08:47:30, 669088.0335216896, 300.0 
 47.590103228103686, -123.01188754496704, 20.0, 2021-10-03 08:50:00, 385166.36713400716, 150.0 
 47.66003996135592, -122.98760380741669, 59.31034482758619, 2021-10-03 08:52:30, 166957.7844583558, 150.0 
 47.63449456213338, -123.05084997488247, 21.379310344827587, 2021-10-03 09:00:00, 399447.25308066217, 300.0 
 47.86501833293252, -122.99260269288234, 37.95918367346938, 2021-10-03 09:02:30, 361003.1932233365, 300.0 
 47.78312905902686, -122.9782864189339, 33.84615384615384, 2021-10-03 09:05:00, 115935.27759627654, 150.0 
 47.88870083796061, -123.05181756803104, 45.306122448979586, 2021-10-03 09:07:30, 187019.31067391497, 150.0 
 47.90877009766317, -123.01161353492733, 47.69230769230769, 2021-10-03 09:10:00, 245175.42108400035, 150.0 
 47.982500683725604, -122.92774987674329, 20.0, 2021-10-03 09:12:30, 579871.6039150836, 150.0 
 48.11239367365794, -122.93827733748768, 29.23076923076923, 2021-10-03 09:17:30, 1549649.1149312854, 300.0 
 47.937842548939365, -123.19297126085674, 20.689655172413794, 2021-10-03 09:22:30, 1339191.0194429916, 300.0 
 47.87305151767715, -123.0845564417595, 46.923076923076934, 2021-10-03 09:25:00, 444917.548660951, 150.0 
 47.85330419302639, -123.04476752977476, 57.24137931034483, 2021-10-03 09:27:30, 339242.5430932803, 150.0 
 48.098521248603085, -122.84792904437353, 20.0, 2021-10-03 09:30:00, 529745.2351933916, 300.0 
 47.81314406294001, -123.1658736825382, 28.27586206896552, 2021-10-03 09:37:30, 388935.8276225589, 300.0 
 48.258455035151606, -122.96194945628946, 24.137931034482758, 2021-10-03 09:40:00, 741523.8469039182, 300.0 
 47.734559554501786, -123.23218758594506, 20.0, 2021-10-03 09:45:00, 146924.1359314171, 300.0 
 48.20986740403691, -122.85267314031616, 28.461538461538467, 2021-10-03 09:47:30, 215903.58066871302, 300.0 
 48.12510407206935, -122.9367054027946, 20.0, 2021-10-03 10:00:00, 116091.38079450814, 300.0 
 48.1381209484014, -122.73941289979678, 33.06122448979592, 2021-10-03 10:07:30, 171387.17191572764, 300.0 
 48.04628450247046, -122.75023261084584, 53.79310344827586, 2021-10-03 10:10:00, 158844.55049054467, 150.0 
 48.07552159098708, -123.05018999881021, 34.69387755102041, 2021-10-03 10:17:30, 146519.5581075451, 300.0 
 48.0685465648565, -123.12572239844648, 53.10344827586207, 2021-10-03 10:20:00, 58000.977955605624, 150.0 
 48.228316989548716, -123.09120437059816, 57.93103448275862, 2021-10-03 10:40:00, 117932.59220299842, 300.0 
 47.754568720818504, -123.17999640696837, 33.07692307692308, 2021-10-03 10:42:30, 61308.70873977127, 300.0 
 47.96886041392615, -123.13480195253112, 35.38461538461539, 2021-10-03 10:45:00, 57071.75733736626, 150.0 
 48.21347369688865, -122.94349935963967, 48.46153846153846, 2021-10-03 10:47:30, 198206.43166957487, 300.0 
 48.018528174009205, -123.02162774567716, 20.0, 2021-10-03 10:55:00, 301046.56898880284, 300.0 
 48.04992338968681, -123.03797311350144, 20.0, 2021-10-03 11:05:00, 363220.50195174775, 300.0 
 48.19592340455397, -122.91879502992904, 37.95918367346938, 2021-10-03 11:15:00, 500955.86855261005, 300.0 
 48.00477513422195, -123.15292827030254, 47.75510204081632, 2021-10-03 11:17:30, 433146.9027769284, 300.0 
 48.26997844406611, -122.96410047460043, 46.92307692307693, 2021-10-03 11:20:00, 1711909.180751444, 300.0 
 48.007476518319045, -122.98948346228032, 41.224489795918366, 2021-10-03 11:22:30, 516683.7158298333, 300.0 
 47.701867012247774, -123.16657890825162, 20.0, 2021-10-03 11:27:30, 127002.48936377121, 300.0 
 47.75003105922223, -123.02726579253769, 33.84615384615385, 2021-10-03 11:30:00, 115909.87466485146, 150.0 
 48.1647223545052, -122.9528088464709, 20.0, 2021-10-03 11:40:00, 1285832.9940946468, 300.0 
 48.16301841937508, -123.16767698961249, 60.0, 2021-10-03 11:45:00, 2376725.0976033206, 300.0 
 48.152158576727096, -122.96664587257548, 36.32653061224489, 2021-10-03 11:47:30, 1148841.7539156363, 300.0 
 48.114483592590815, -122.94128704121405, 46.15384615384616, 2021-10-03 11:50:00, 546249.7042991002, 300.0 
 48.31505588526994, -122.88962778057753, 34.61538461538462, 2021-10-03 12:00:00, 536231.7825715583, 300.0 
 47.96055324099595, -122.98031948980886, 33.07692307692308, 2021-10-03 12:02:30, 274932.7387279994, 300.0 
 48.052594639891105, -123.02014613681092, 20.0, 2021-10-03 12:05:00, 165727.7845554483, 150.0 
 48.170251839922756, -123.27800007172655, 20.0, 2021-10-03 12:07:30, 92669.0157453661, 150.0 
 47.789016623562645, -123.06100712750906, 24.827586206896555, 2021-10-03 12:12:30, 334967.5181436081, 300.0 
 47.86828765327441, -123.09932210813292, 20.0, 2021-10-03 12:15:00, 124183.52180777513, 150.0 
 47.76093711290435, -122.94294193587056, 20.0, 2021-10-03 12:22:30, 140108.12697449498, 300.0 
 47.727114681791875, -122.93107414356815, 35.51020408163265, 2021-10-03 12:25:00, 97493.24308431362, 150.0 
 47.75622876255684, -122.99544026183705, 32.30769230769231, 2021-10-03 12:27:30, 100730.44785781027, 150.0 
 47.75708734112251, -123.03378409838632, 34.69387755102041, 2021-10-03 12:30:00, 184351.4210071478, 150.0 
 47.810997238021685, -123.23846213494821, 20.0, 2021-10-03 12:40:00, 281104.0393440745, 300.0 
 47.62460699456888, -123.1221672315891, 20.000000000000004, 2021-10-03 12:45:00, 163805.9066972993, 300.0 
 47.77674455812225, -123.10213206703094, 20.0, 2021-10-03 12:52:30, 114721.73035733223, 300.0 
 47.76195413698409, -122.99346346911638, 35.38461538461539, 2021-10-03 12:55:00, 76043.32804345028, 150.0 
 47.80308836843729, -123.14659965485826, 32.30769230769231, 2021-10-03 12:57:30, 93078.9358540252, 150.0 
 47.87159010932692, -123.13951829781453, 35.51020408163265, 2021-10-03 13:00:00, 70975.54934674302, 150.0 
 47.62103170940907, -123.09552557225696, 21.538461538461537, 2021-10-03 13:07:30, 430183.03400269273, 300.0 
 48.00437730243671, -123.15416117730504, 20.0, 2021-10-03 13:10:00, 669660.7704914659, 300.0 
 48.18285691479085, -123.06468203288736, 37.14285714285714, 2021-10-03 13:12:30, 350339.4407838651, 150.0 
 47.59820078201129, -123.03718365335222, 20.0, 2021-10-03 13:15:00, 87809.76847394434, 300.0 
 47.67958177258104, -122.93966245569666, 55.172413793103445, 2021-10-03 13:22:30, 67213.48303746787, 300.0 
 47.94444782850047, -123.04308614143103, 20.0, 2021-10-03 13:25:00, 210592.04130717504, 300.0 
 48.137408872285974, -123.1934126007465, 53.79310344827586, 2021-10-03 13:32:30, 255093.14226513592, 300.0 
 48.02799275146429, -123.09668499047667, 60.0, 2021-10-03 13:35:00, 113712.5245255264, 150.0 
 48.16167530097282, -123.11799153595385, 20.0, 2021-10-03 13:42:30, 433430.4951779175, 300.0 
 48.02875386716856, -123.09115731257636, 41.22448979591837, 2021-10-03 13:45:00, 259715.62576570926, 150.0 
 47.77471570660697, -123.14298951372939, 53.10344827586207, 2021-10-03 13:52:30, 255774.62822791177, 300.0 
 48.00210767490314, -123.02205291735415, 36.15384615384615, 2021-10-03 13:57:30, 193049.8969275223, 300.0 
 47.99100343709353, -123.05659462613264, 36.15384615384616, 2021-10-03 14:00:00, 95608.43123865174, 150.0 
 47.89161087744837, -123.20987635099269, 20.0, 2021-10-03 14:02:30, 131337.24833398795, 150.0 
 47.82855522256323, -123.10881070831786, 20.0, 2021-10-03 14:07:30, 119029.94942042642, 300.0 
 48.15304991791207, -123.32806056537297, 20.0, 2021-10-03 14:10:00, 245274.6453000777, 300.0 
 47.772258396768315, -123.26670589986352, 51.03448275862069, 2021-10-03 14:17:30, 497527.50356518535, 300.0 
 47.89277638600268, -123.20313584571798, 20.0, 2021-10-03 14:22:30, 643764.3944454357, 300.0 
 47.82781798974759, -123.2368869851199, 20.0, 2021-10-03 14:25:00, 318961.80255790916, 150.0 
 47.835309348216285, -123.08791493628063, 22.75862068965517, 2021-10-03 14:27:30, 403171.44926763175, 150.0 
 47.83662549721245, -123.05860750055695, 33.07692307692307, 2021-10-03 14:30:00, 546789.3222199861, 150.0 
 47.922764674903206, -123.16398076641671, 20.0, 2021-10-03 14:32:30, 526000.3253539911, 150.0 
 47.94859617715382, -123.20067714875691, 20.0, 2021-10-03 14:35:00, 408267.1130467031, 150.0 
 47.890299552892, -123.0847443596288, 32.30769230769231, 2021-10-03 14:37:30, 95779.3900139361, 150.0 
 48.275446101304894, -123.24260464682563, 20.0, 2021-10-03 14:40:00, 363874.1479530787, 300.0 
 47.94543831853555, -123.17263373823101, 20.0, 2021-10-03 14:42:30, 547799.0361566199, 300.0 
 47.95110560697003, -123.16456134571763, 20.0, 2021-10-03 14:45:00, 477956.208238335, 150.0 
 48.307755113477555, -122.99878348093094, 60.0, 2021-10-03 14:47:30, 486546.7541202439, 300.0 
 48.30789846748276, -123.01109019455183, 35.51020408163265, 2021-10-03 14:50:00, 232798.40232991928, 150.0 
 48.28451770891041, -123.0492269652907, 33.07692307692307, 2021-10-03 14:52:30, 235620.57745981187, 150.0 
 48.289278779745075, -123.03434278792801, 36.32653061224489, 2021-10-03 14:55:00, 191552.493631578, 150.0 
 48.00622195777463, -123.17370015240188, 46.92307692307693, 2021-10-03 15:17:30, 136053.3811167146, 300.0 
 48.142141248556385, -123.25772064036457, 20.0, 2021-10-03 15:20:00, 107628.87124542272, 150.0 
 48.29083130453192, -123.02630653798585, 29.655172413793103, 2021-10-03 15:22:30, 91296.12226282073, 150.0 
 48.031700850645606, -123.09781936509403, 45.38461538461539, 2021-10-03 15:30:00, 142000.610579436, 300.0 
 48.023987375094826, -123.10596408508499, 33.87755102040816, 2021-10-03 15:32:30, 95716.53374045478, 150.0 
 48.11742987970017, -123.1668752785101, 33.07692307692307, 2021-10-03 15:40:00, 145205.70330119375, 300.0 
 48.086673961967236, -123.21170551559848, 33.84615384615384, 2021-10-03 15:42:30, 55247.25450873904, 150.0 
 48.28248305017321, -122.91208515390568, 50.0, 2021-10-03 15:57:30, 502650.8477611994, 300.0 
 48.22940798903744, -123.0782729498566, 20.0, 2021-10-03 16:07:30, 247232.50222340133, 300.0 
 48.0846816659908, -123.21787754529615, 35.51020408163265, 2021-10-03 16:40:00, 155879.20636515043, 300.0 
 48.07203885905953, -123.26961837686318, 35.38461538461538, 2021-10-03 16:42:30, 177207.11232225675, 300.0 
 48.01602405805763, -123.16857905105287, 24.82758620689655, 2021-10-03 17:15:00, 472593.6560036102, 300.0 
 48.03029585679264, -123.24110455789074, 20.0, 2021-10-03 17:32:30, 173243.36981856596, 300.0 
 48.32970937752801, -122.94586516826705, 33.87755102040816, 2021-10-03 17:50:00, 805972.5538646235, 300.0 
 47.94409276380591, -123.20200004709156, 20.0, 2021-10-03 17:55:00, 637676.3370502451, 300.0 
 48.01356558184762, -123.29592870206574, 20.0, 2021-10-03 18:00:00, 945196.7298758731, 300.0 
 47.76044367563472, -123.15245934939364, 20.0, 2021-10-03 18:07:30, 769865.4574572367, 300.0 
 48.07304824653481, -122.97856592743551, 20.0, 2021-10-03 18:17:30, 550746.3286231963, 300.0 
 47.92367268090797, -123.09492803672799, 36.326530612244895, 2021-10-03 18:20:00, 240570.00669512455, 150.0 
 48.04806102776375, -123.25235474631717, 20.000000000000004, 2021-10-03 18:22:30, 218400.43196668726, 150.0 
 47.88267768595131, -122.92498934235132, 20.0, 2021-10-03 18:27:30, 262341.397721602, 300.0 
 48.36804070786533, -123.2652575207002, 20.0, 2021-10-03 18:30:00, 203778.72934321518, 300.0 
 48.10470904055923, -123.294683881039, 53.793103448275865, 2021-10-03 18:32:30, 216356.05623823722, 300.0 
 48.34440214493522, -123.04340293905895, 31.538461538461544, 2021-10-03 18:37:30, 395060.58363640495, 300.0 
 48.29300830471885, -123.11177445939397, 32.30769230769231, 2021-10-03 18:40:00, 145581.8266815901, 150.0 
 48.23283546180913, -123.16914501123469, 28.275862068965516, 2021-10-03 18:42:30, 100759.70283461326, 150.0 
 48.07887486835965, -123.13160377759795, 26.20689655172414, 2021-10-03 18:50:00, 157923.30608669994, 300.0 
 48.06867640730405, -123.13797221676776, 31.538461538461544, 2021-10-03 18:52:30, 93020.74427756769, 150.0 
 48.05327769394482, -123.15732372009633, 33.07692307692307, 2021-10-03 18:55:00, 94260.12342376265, 150.0 
 48.44695449932268, -123.03462192209604, 26.20689655172414, 2021-10-03 19:17:30, 579567.0054601425, 300.0 
 47.96711375055297, -122.81688403913016, 44.489795918367335, 2021-10-03 19:22:30, 329047.5675070671, 300.0 
 48.02049003278067, -123.24621026070037, 20.0, 2021-10-03 19:25:00, 310733.52267610317, 300.0 
 48.056957957146636, -123.19643219941027, 21.379310344827587, 2021-10-03 19:27:30, 162027.02227801006, 150.0 
 47.946034190880965, -123.03815649839213, 33.87755102040816, 2021-10-03 19:30:00, 102798.64444256715, 150.0 
 47.941963826604535, -123.0413152598839, 33.07692307692308, 2021-10-03 19:32:30, 66621.91125918187, 150.0 
 47.81100102417629, -123.00864353762, 20.0, 2021-10-03 19:35:00, 30234.94904036073, 150.0 
 47.9493618570012, -123.19515895310953, 52.41379310344828, 2021-10-03 19:37:30, 38833.99201968031, 150.0 
 47.70606688348965, -123.17560919841887, 20.0, 2021-10-03 19:42:30, 65962.0421069361, 300.0 
 47.785816447962866, -123.22498964183251, 35.51020408163265, 2021-10-03 19:47:30, 244870.0174039206, 300.0 
 48.012663298931855, -122.97649930922371, 20.0, 2021-10-03 20:00:00, 639559.2252459119, 300.0 
 47.93893027912511, -123.06339524998066, 20.0, 2021-10-03 20:02:30, 258554.96194879562, 150.0 
 47.89817458238382, -123.34040743210409, 20.0, 2021-10-03 20:07:30, 529735.239648759, 300.0 
 47.84387816336807, -123.19994356999099, 55.172413793103445, 2021-10-03 20:10:00, 402744.28415059485, 150.0 
 48.011902943667224, -123.01690394817254, 20.0, 2021-10-03 20:15:00, 689065.4628336388, 300.0 
 47.97521827505577, -123.0771691096008, 20.0, 2021-10-03 20:17:30, 260629.78244594974, 150.0 
 47.92961385794992, -123.03857011270529, 20.0, 2021-10-03 20:20:00, 689800.2651810361, 150.0 
 47.934511820916704, -123.03600261524247, 20.0, 2021-10-03 20:22:30, 599019.0504667357, 150.0 
 47.96019378298098, -122.98460890655043, 34.61538461538461, 2021-10-03 20:32:30, 771204.1626024432, 300.0 
 47.96213690412897, -122.97538639473758, 35.51020408163265, 2021-10-03 20:35:00, 359173.8015839822, 150.0 
 47.71512683995754, -123.10056021541646, 20.0, 2021-10-03 20:40:00, 301006.9312152167, 300.0 
 48.06552006337086, -122.96712673211218, 36.326530612244895, 2021-10-03 20:45:00, 604258.2716259164, 300.0 
 47.82441674456697, -123.1058610672396, 20.0, 2021-10-03 20:47:30, 234104.38037578223, 300.0 
 47.98483441213795, -122.91728695003418, 34.69387755102041, 2021-10-03 20:50:00, 196917.82979047956, 150.0 
 47.79947737494507, -123.0065025396392, 20.0, 2021-10-03 20:55:00, 158631.1700918237, 300.0 
 47.7606209643163, -122.98497136338597, 20.0, 2021-10-03 20:57:30, 134637.3532030596, 150.0 
 47.83067402520763, -123.11485809057504, 20.0, 2021-10-03 21:02:30, 317343.77057083853, 300.0 
 47.981162678426884, -122.91922336065784, 29.6551724137931, 2021-10-03 21:07:30, 1253870.4560837348, 300.0 
 47.70216135113621, -122.93904513603373, 20.0, 2021-10-03 21:12:30, 718999.3807779404, 300.0 
 47.88915496858223, -122.91748493243676, 37.95918367346938, 2021-10-03 21:15:00, 602362.7624835214, 150.0 
 47.68295110916615, -122.91342128469893, 22.758620689655174, 2021-10-03 21:22:30, 415483.4732977889, 300.0 
 47.68086040151125, -122.91043826255748, 32.307692307692314, 2021-10-03 21:27:30, 808727.4062964504, 300.0 
 48.038468449954124, -122.74925082413918, 40.0, 2021-10-03 21:30:00, 2084605.9649362671, 300.0 
 48.041050049652945, -122.72834978718073, 40.769230769230774, 2021-10-03 21:35:00, 632938.5586429165, 300.0 
 47.67456151611354, -123.14713265569054, 33.84615384615384, 2021-10-03 21:47:30, 212843.37232957312, 300.0 
 47.62089902343356, -123.1210402340133, 40.40816326530613, 2021-10-03 21:50:00, 129783.34292041628, 150.0 
 47.66983512793879, -122.98248406113736, 32.30769230769231, 2021-10-03 21:55:00, 874405.1130477233, 300.0 
 47.68313786079046, -123.06727338520103, 31.53846153846154, 2021-10-03 21:57:30, 1508629.367400794, 150.0 
 47.72065475383641, -123.0803470247333, 29.230769230769234, 2021-10-03 22:00:00, 1080044.8076470427, 150.0 
 47.75158236870609, -122.98459867774268, 33.07692307692308, 2021-10-03 22:05:00, 1574728.9057166004, 300.0 
 47.73857462090172, -122.8954489109731, 20.0, 2021-10-03 22:07:30, 298210.0434153704, 150.0 
 47.74025668030275, -123.10786955248554, 46.92307692307693, 2021-10-03 22:10:00, 289626.37929647585, 150.0 
 47.950905757174816, -122.9976926970758, 20.0, 2021-10-03 22:12:30, 251399.59124712972, 150.0 
 47.97140767986183, -123.14269120938975, 20.0, 2021-10-03 22:15:00, 703527.7865639834, 150.0 
 47.89188889058214, -123.19644072172505, 20.0, 2021-10-03 22:17:30, 656668.415044414, 150.0 
 47.86337947693136, -123.13971079886058, 20.0, 2021-10-03 22:20:00, 383426.68488725845, 150.0 
 47.71081100910115, -123.2393837011834, 60.0, 2021-10-03 22:25:00, 863650.005144263, 300.0 
 47.77316216729595, -123.07540935087029, 33.84615384615385, 2021-10-03 22:27:30, 244323.67006208908, 150.0 
 47.77921786343565, -123.06612246882547, 35.51020408163265, 2021-10-03 22:30:00, 530400.5689328843, 300.0 
 47.692774232492525, -123.01229349945794, 45.38461538461539, 2021-10-03 22:37:30, 574340.6335254357, 300.0 
 47.865268986533565, -122.97917030796, 35.51020408163265, 2021-10-03 22:40:00, 116701.92716071267, 150.0 
 47.79818715594517, -123.14914967572346, 20.0, 2021-10-03 22:52:30, 158626.38795816814, 300.0 
 47.93735157122744, -123.18503731451953, 20.0, 2021-10-03 22:55:00, 153563.43234965007, 150.0 
 47.91255917386413, -123.39020180334205, 20.000000000000004, 2021-10-03 23:00:00, 423404.1671355337, 300.0 
 47.627785899120404, -123.11237199102797, 28.96551724137931, 2021-10-03 23:02:30, 180052.07950202274, 300.0 
 47.662957176504655, -122.99117499676123, 20.0, 2021-10-03 23:12:30, 359996.1381431262, 300.0 
 47.66997976811189, -122.99463888161793, 33.06122448979592, 2021-10-03 23:17:30, 410164.32475311315, 300.0 
 47.64055885768198, -122.90608060700697, 52.41379310344827, 2021-10-03 23:20:00, 91945.17084939727, 150.0 
 47.54068090338127, -123.18599820389878, 55.86206896551725, 2021-10-03 23:22:30, 290144.365786144, 150.0 
 47.59650584450277, -123.18354050478752, 60.0, 2021-10-03 23:25:00, 306947.3955482417, 150.0 
 47.79365501012377, -123.07186000747012, 37.14285714285714, 2021-10-03 23:27:30, 415429.5291768238, 150.0 
 47.796595797468505, -123.15406162863323, 30.769230769230777, 2021-10-03 23:30:00, 392419.8663700196, 150.0 
 47.8696106793944, -123.10783282316967, 20.0, 2021-10-03 23:32:30, 236115.4802480169, 150.0 
 47.766107143097216, -123.14440915961573, 32.244897959183675, 2021-10-03 23:35:00, 416158.4308888448, 150.0 
 47.77995737111811, -123.25558320816032, 20.0, 2021-10-03 23:37:30, 301853.63101976697, 150.0 
 47.872417649502715, -123.14010914727379, 36.15384615384615, 2021-10-03 23:47:30, 597359.4010280073, 300.0 
 47.632348646941125, -122.9063080763048, 60.00000000000001, 2021-10-03 23:55:00, 414318.61115949793, 300.0 
 47.50772879535957, -122.89207746085242, 20.0, 2021-10-03 01:05:00, 143157.73674827823, 300.0 
 47.71936841262882, -122.84941281067826, 20.689655172413794, 2021-10-03 01:35:00, 155057.43529340162, 150.0 
 47.734197978609906, -122.84487540208468, 20.0, 2021-10-03 01:52:30, 783113.7197832528, 300.0 
 47.602257763288655, -122.8639779688153, 20.0, 2021-10-03 01:57:30, 171647.49060370916, 150.0 
 47.483570375743426, -122.76993188694806, 20.0, 2021-10-03 02:02:30, 228420.83557077174, 300.0 
 47.93671835899383, -123.08708501927032, 20.0, 2021-10-03 02:05:00, 573642.9632416313, 300.0 
 47.88253731286035, -123.11628839165542, 20.0, 2021-10-03 02:07:30, 692479.2773207506, 300.0 
 47.797753357458845, -122.52695624159733, 20.0, 2021-10-03 02:12:30, 698285.0456453366, 300.0 
 47.63160703330305, -123.11730196968166, 60.0, 2021-10-03 02:15:00, 176232.46976699212, 150.0 
 48.0220740539302, -123.05987130557456, 43.673469387755105, 2021-10-03 02:22:30, 1602774.9652728424, 300.0 
 47.988147868338594, -122.99467004817933, 60.0, 2021-10-03 02:25:00, 858441.5570670677, 150.0 
 47.83224855790585, -122.9518884253492, 60.00000000000001, 2021-10-03 02:27:30, 241125.1083414086, 150.0 
 47.900129606880796, -123.20219827188964, 37.14285714285714, 2021-10-03 02:45:00, 507201.50825225504, 300.0 
 47.85157953982344, -122.88621952075431, 42.857142857142854, 2021-10-03 02:47:30, 178791.84095265562, 150.0 
 47.81525275529563, -123.12272047826333, 20.0, 2021-10-03 02:57:30, 323935.9982499125, 300.0 
 47.710135583355196, -122.7167869866953, 21.379310344827587, 2021-10-03 03:07:30, 152209.7919358555, 300.0 
 47.82728693775227, -122.59407772982699, 20.0, 2021-10-03 03:15:00, 300455.5121206236, 300.0 
 47.929362733707265, -122.66138435369194, 35.38461538461539, 2021-10-03 03:20:00, 532942.918735233, 300.0 
 47.79348163738456, -122.86078780039085, 20.0, 2021-10-03 06:00:00, 555974.8590432769, 300.0 
 48.07878414369853, -122.81129851724843, 23.448275862068964, 2021-10-03 06:02:30, 1256052.1237494384, 300.0 
 47.54022978709362, -123.16010661489008, 20.0, 2021-10-03 07:07:30, 97321.12962812654, 300.0 
 47.598530186664014, -123.2360427714635, 23.448275862068968, 2021-10-03 07:50:00, 79356.684148548, 300.0 
 47.58886157213325, -123.0411058694951, 20.0, 2021-10-03 08:15:00, 140030.2433483027, 300.0 
 47.7192356154853, -122.9828584069931, 20.0, 2021-10-03 08:40:00, 201351.79349134848, 300.0 
 47.4536601592492, -123.04454834623928, 20.0, 2021-10-03 08:45:00, 97966.76151435132, 300.0 
 48.12111314901075, -122.74115599830495, 39.59183673469388, 2021-10-03 08:52:30, 630525.83156442, 300.0 
 47.83240423239839, -122.94643922371071, 20.0, 2021-10-03 11:47:30, 214577.8571876496, 300.0 
 47.89884103128517, -122.80581254703225, 20.0, 2021-10-03 13:20:00, 117186.89025029728, 300.0 
 47.92713341541576, -123.00714565696859, 24.137931034482754, 2021-10-03 21:22:30, 522443.7082242271, 300.0 
 48.01042251411528, -122.89066104840178, 20.0, 2021-10-03 22:30:00, 440021.5181218314, 300.0 
 48.68873942121337, -123.12449456461898, 60.0, 2021-10-04 00:50:00, 283430.6155633916, 300.0 
 48.6988224202625, -123.04125212384368, 60.0, 2021-10-04 00:52:30, 148943.39100953308, 150.0 
 48.91085599912056, -123.15299180869926, 60.0, 2021-10-04 00:57:30, 500868.84731324296, 300.0 
 48.86925157366365, -123.20983851336814, 54.48275862068965, 2021-10-04 01:00:00, 135587.27609885804, 150.0 
 48.85663268722345, -123.40601923563624, 46.15384615384616, 2021-10-04 01:02:30, 94106.10691173196, 150.0 
 48.86946278252786, -123.33489204666728, 53.793103448275865, 2021-10-04 01:05:00, 143624.4148508879, 150.0 
 48.85330933285772, -123.22472044885481, 55.17241379310345, 2021-10-04 01:07:30, 124122.79041724786, 150.0 
 48.88833500289932, -123.51130862359153, 45.51724137931035, 2021-10-04 01:12:30, 110810.07866559281, 300.0 
 48.8850388498887, -123.43821610818058, 33.84615384615385, 2021-10-04 01:15:00, 49617.16682252239, 150.0 
 48.778561648311545, -123.25403896908168, 60.0, 2021-10-04 01:17:30, 188227.56435871826, 150.0 
 48.75296630785673, -123.52081012345107, 20.0, 2021-10-04 04:25:00, 59150.32839712734, 300.0 
 48.79908234306728, -123.39577777049189, 60.0, 2021-10-04 05:02:30, 61490.93114627228, 300.0 
 48.67449026628058, -123.26007555673405, 60.0, 2021-10-04 05:05:00, 48715.295655554626, 150.0 
 48.78843868997417, -123.57899779101999, 35.51020408163265, 2021-10-04 05:12:30, 80933.53311565162, 300.0 
 48.717415801000165, -123.56283506715666, 33.87755102040816, 2021-10-04 05:15:00, 72712.33854092678, 150.0 
 48.80632639627695, -123.34014861729226, 56.55172413793104, 2021-10-04 05:45:00, 205820.72730152588, 300.0 
 48.811855213856674, -123.6256905969399, 20.0, 2021-10-04 06:52:30, 106117.21039568009, 300.0 
 48.67337505841707, -123.50912575138169, 60.00000000000001, 2021-10-04 06:57:30, 87884.70244784508, 300.0 
 48.73547273360315, -123.46966881283048, 33.84615384615385, 2021-10-04 07:22:30, 53570.99619190009, 300.0 
 48.7201034698217, -123.58361708580324, 20.0, 2021-10-04 07:27:30, 57567.195352721705, 300.0 
 48.825034976856685, -123.52223351955726, 37.14285714285714, 2021-10-04 07:30:00, 38164.81180516121, 150.0 
 48.87430704974063, -123.45136908783057, 52.41379310344827, 2021-10-04 07:35:00, 32266.283558730054, 300.0 
 48.86342617685764, -123.54425711520877, 43.84615384615385, 2021-10-04 07:40:00, 51570.83624487209, 300.0 
 48.647801323877324, -123.36740137232898, 60.0, 2021-10-04 07:57:30, 24370.815495025017, 300.0 
 48.70579234800573, -123.67892553241079, 20.0, 2021-10-04 09:05:00, 94126.05559420113, 300.0 
 48.846555078150814, -123.567829740895, 32.30769230769231, 2021-10-04 09:10:00, 108158.54887948566, 300.0 
 48.783939932698, -123.67211062350012, 34.61538461538462, 2021-10-04 09:15:00, 136432.25739638237, 300.0 
 48.69811235122162, -123.76676399272873, 50.769230769230774, 2021-10-04 09:17:30, 34622.519191809435, 150.0 
 48.7413591785302, -123.66154860084306, 36.326530612244895, 2021-10-04 09:20:00, 42841.321127089665, 150.0 
 48.7809733828729, -123.56674073137758, 33.87755102040816, 2021-10-04 09:22:30, 50185.801997689254, 150.0 
 48.8199601593794, -123.61439670322227, 42.857142857142854, 2021-10-04 09:27:30, 297465.2065686431, 300.0 
 48.81974526973731, -123.62225200780694, 44.48979591836734, 2021-10-04 09:30:00, 79680.22891017426, 150.0 
 48.814031359265954, -123.54516945528768, 33.84615384615385, 2021-10-04 09:40:00, 59144.66044378389, 300.0 
 48.76936404383649, -123.51493008070545, 48.46153846153847, 2021-10-04 09:50:00, 75720.90603864392, 300.0 
 48.912927428857955, -123.5147632657502, 60.0, 2021-10-04 09:57:30, 93278.60782139534, 300.0 
 48.78387220230814, -123.5796985602401, 46.15384615384615, 2021-10-04 10:00:00, 65949.94433238442, 150.0 
 48.85367320302904, -123.49542277678155, 51.03448275862068, 2021-10-04 10:05:00, 182573.93640542167, 300.0 
 48.80277575156607, -123.52874643246746, 42.857142857142854, 2021-10-04 10:27:30, 91625.29532694619, 300.0 
 48.83934199816922, -123.57033555914471, 39.59183673469388, 2021-10-04 10:30:00, 125408.52918649923, 150.0 
 48.84634331415012, -123.57569044127149, 40.40816326530613, 2021-10-04 10:32:30, 191334.8991064572, 150.0 
 48.68614880956387, -123.61389917362486, 45.38461538461539, 2021-10-04 10:37:30, 82716.65294817767, 150.0 
 48.846555078150814, -123.56782974089498, 60.0, 2021-10-04 10:57:30, 147223.68961659406, 300.0 
 48.882217449500544, -123.61829501860916, 34.61538461538461, 2021-10-04 11:00:00, 52807.5183983554, 150.0 
 48.82201674209281, -123.6341978771339, 45.38461538461538, 2021-10-04 12:02:30, 61274.86517156017, 300.0 
 48.814031359265954, -123.54516945528769, 56.55172413793103, 2021-10-04 12:10:00, 63812.45604854831, 300.0 
 48.795515151157176, -123.40834956628504, 20.0, 2021-10-04 12:45:00, 20785.040573815793, 300.0 
 48.6952278279049, -123.41821034122788, 60.0, 2021-10-04 12:52:30, 31600.43947937269, 300.0 
 48.86371769035743, -123.74612429470073, 20.0, 2021-10-04 12:57:30, 61579.52860754387, 300.0 
 48.86959977236796, -123.62833338836195, 59.310344827586206, 2021-10-04 13:00:00, 50617.90477326637, 150.0 
 48.81175056395731, -123.5332274133102, 51.53846153846154, 2021-10-04 13:02:30, 37943.70627923675, 150.0 
 48.81059920249882, -123.74069273037594, 20.0, 2021-10-04 14:42:30, 165310.3541084672, 300.0 
 48.82543562020998, -123.76723875100966, 20.0, 2021-10-04 14:45:00, 102327.27471053039, 150.0 
 48.7384244866923, -123.45609821262221, 56.55172413793103, 2021-10-04 14:47:30, 87142.8555399611, 150.0 
 48.8110183368473, -123.63252315173585, 20.0, 2021-10-04 14:52:30, 480086.3118288452, 300.0 
 48.88298633099973, -123.54151234871101, 33.87755102040816, 2021-10-04 15:07:30, 352882.9593272547, 300.0 
 48.92068568556892, -123.58916337227207, 34.61538461538462, 2021-10-04 15:10:00, 148245.316633056, 150.0 
 48.82368097201542, -123.73760563598603, 20.0, 2021-10-04 15:17:30, 191963.26121784703, 300.0 
 48.87230137502676, -123.62456419445274, 33.06122448979592, 2021-10-04 15:22:30, 348342.07667263615, 300.0 
 48.84094309042444, -123.58322963696227, 44.48979591836734, 2021-10-04 15:25:00, 277339.73974249314, 150.0 
 48.59673344149471, -123.67591379668771, 35.51020408163265, 2021-10-04 15:27:30, 300243.0033788338, 300.0 
 48.702690665422935, -123.50599628194891, 20.0, 2021-10-04 15:45:00, 132330.37592232632, 300.0 
 48.75524814473653, -123.53273704794844, 40.0, 2021-10-04 16:02:30, 319319.9129823638, 300.0 
 48.810802818831036, -123.64037828436551, 54.48275862068966, 2021-10-04 16:05:00, 247823.57925432594, 150.0 
 48.82388171202495, -123.6372658549922, 45.38461538461539, 2021-10-04 16:32:30, 354746.67795383715, 300.0 
 48.710865984131125, -123.28661957561047, 60.0, 2021-10-04 16:45:00, 602705.9096279065, 300.0 
 48.82003921832008, -123.6822809917606, 20.0, 2021-10-04 16:50:00, 166337.41238384892, 300.0 
 48.824287685291125, -123.64614360165663, 34.69387755102041, 2021-10-04 16:52:30, 158327.77296587738, 150.0 
 48.82201674209282, -123.63419787713389, 33.87755102040817, 2021-10-04 16:57:30, 829839.5385771294, 300.0 
 48.816612651341885, -123.64172692240601, 33.87755102040817, 2021-10-04 17:00:00, 173281.0332325262, 150.0 
 48.84654097895041, -123.59243437745104, 35.38461538461539, 2021-10-04 17:02:30, 168141.44364101428, 150.0 
 48.82422363445565, -123.42872418511283, 60.0, 2021-10-04 17:05:00, 105719.60433435976, 150.0 
 48.84167408383264, -123.76732265272992, 30.0, 2021-10-04 17:22:30, 77287.72265684207, 300.0 
 48.78637827960088, -123.35867047320006, 52.41379310344828, 2021-10-04 17:37:30, 228108.53960000965, 300.0 
 48.819639659094555, -123.50518332002986, 53.10344827586207, 2021-10-04 17:40:00, 104951.039825646, 150.0 
 48.80039845247223, -123.80198494016649, 30.76923076923077, 2021-10-04 22:17:30, 100756.00842506827, 300.0 
 48.647571150261, -124.04487619434046, 20.0, 2021-10-04 23:05:00, 157280.2974878995, 300.0 
 48.80359195069311, -123.91432342705593, 20.0, 2021-10-04 23:07:30, 83299.74911261698, 150.0 
 48.765946247893694, -123.61790205691946, 46.92307692307692, 2021-10-04 23:12:30, 231743.0954823582, 300.0 
 48.806034810666915, -123.80924569980372, 20.0, 2021-10-04 23:17:30, 76013.10077890327, 300.0 
 48.86642271521183, -123.74236060715174, 20.0, 2021-10-04 23:20:00, 175660.04575282786, 150.0 
 48.88672801059199, -123.75943857274638, 20.000000000000004, 2021-10-04 23:22:30, 137047.6103803135, 150.0 
 48.814011376741696, -123.34452163826796, 60.0, 2021-10-04 23:32:30, 361022.2878444417, 300.0 
 48.755248144736534, -123.53273704794843, 53.79310344827586, 2021-10-04 23:35:00, 77010.37872454504, 150.0 
 48.811018336847305, -123.63252315173585, 44.61538461538461, 2021-10-04 23:37:30, 79897.32341069724, 150.0 
 48.84162851572325, -123.67677000887153, 34.61538461538462, 2021-10-04 23:45:00, 127265.16923621645, 300.0 
 48.78465268964148, -123.71639122550725, 20.0, 2021-10-04 23:55:00, 127787.25498452697, 300.0 
 47.69163540174027, -123.16985215502825, 33.07692307692307, 2021-10-04 00:02:30, 1011196.8865494526, 300.0 
 47.83410167917451, -123.16722445496211, 20.0, 2021-10-04 00:05:00, 549445.2907122273, 150.0 
 47.760620964316296, -122.98497136338597, 32.30769230769231, 2021-10-04 00:07:30, 461435.77058403677, 150.0 
 47.739474921128476, -123.03788106846658, 34.61538461538461, 2021-10-04 00:10:00, 822369.4834840853, 150.0 
 47.81633902109241, -123.11824968920563, 33.877551020408156, 2021-10-04 00:12:30, 280888.33888257615, 150.0 
 47.68841518110035, -123.02578723813237, 34.61538461538462, 2021-10-04 00:17:30, 815394.7022764895, 300.0 
 47.68038684335896, -123.52581850252034, 35.38461538461539, 2021-10-04 00:20:00, 1476112.2953763385, 300.0 
 47.64641592341496, -123.20551361899686, 34.69387755102041, 2021-10-04 00:25:00, 257775.28057434133, 300.0 
 47.5076677666932, -123.02127104288785, 39.59183673469388, 2021-10-04 00:27:30, 209407.51515126758, 150.0 
 47.52362443641182, -123.08816453608326, 33.846153846153854, 2021-10-04 00:30:00, 152690.8956035041, 150.0 
 47.552002260109944, -122.98495954761562, 33.07692307692307, 2021-10-04 00:32:30, 202186.71908870904, 150.0 
 47.55506428500667, -123.00065443759625, 33.07692307692307, 2021-10-04 00:35:00, 222058.38787113133, 150.0 
 47.58612671752972, -123.05873223336478, 32.30769230769231, 2021-10-04 00:37:30, 260337.30790815933, 150.0 
 47.577474143018335, -122.91874809321747, 20.0, 2021-10-04 00:40:00, 161919.5151913041, 150.0 
 47.478912900791116, -123.20978593641519, 60.0, 2021-10-04 00:45:00, 139445.62846113177, 150.0 
 47.69861119160791, -122.98477212548536, 33.846153846153854, 2021-10-04 00:50:00, 313210.3399664901, 300.0 
 47.70865154540592, -123.36171903827241, 33.07692307692308, 2021-10-04 00:52:30, 259105.45146615314, 300.0 
 47.72221249536764, -123.2294076847177, 30.769230769230766, 2021-10-04 00:55:00, 104734.08561649435, 150.0 
 47.452695276726786, -123.0620198157176, 58.62068965517241, 2021-10-04 01:05:00, 89438.88022048205, 300.0 
 47.96555026706888, -123.13243410729021, 28.27586206896552, 2021-10-04 01:07:30, 312228.30142566585, 300.0 
 47.9394655027039, -123.11226515973968, 20.0, 2021-10-04 01:10:00, 98618.61549065134, 150.0 
 47.90049547560883, -123.07838670845311, 60.0, 2021-10-04 01:17:30, 253700.03873571922, 300.0 
 47.93879314946884, -123.20578509077475, 60.0, 2021-10-04 01:20:00, 113270.45281210345, 150.0 
 47.90128772246799, -123.32141239512681, 57.24137931034482, 2021-10-04 01:22:30, 108512.3725984517, 150.0 
 47.770787271429214, -122.8458134353223, 20.0, 2021-10-04 01:27:30, 326143.4381663231, 300.0 
 47.64856036400289, -123.21458208655872, 20.000000000000004, 2021-10-04 01:30:00, 193083.53663938935, 300.0 
 47.701039619966, -123.16598935085284, 34.69387755102041, 2021-10-04 01:32:30, 152267.13534606725, 150.0 
 47.73631554080578, -123.12318174115615, 30.0, 2021-10-04 01:35:00, 161280.55397253722, 150.0 
 48.20673991143198, -123.18694874181668, 20.000000000000004, 2021-10-04 01:37:30, 280886.0047771055, 300.0 
 48.20075899993963, -123.16435480933134, 20.0, 2021-10-04 01:40:00, 180013.24937978428, 150.0 
 47.74623784204433, -123.05475883810037, 37.14285714285714, 2021-10-04 01:47:30, 330685.19427517295, 300.0 
 47.773890093555316, -122.9279681265977, 60.0, 2021-10-04 01:50:00, 65877.79285766119, 150.0 
 47.900233426524, -123.09182642410507, 22.758620689655174, 2021-10-04 01:52:30, 59795.18286637305, 150.0 
 48.05296448633866, -123.2498017139904, 46.923076923076934, 2021-10-04 01:55:00, 91188.41862334867, 150.0 
 47.81685388035495, -122.7304600597239, 60.0, 2021-10-04 02:00:00, 320251.8571031454, 300.0 
 47.60290315635335, -123.2920800497233, 33.07692307692308, 2021-10-04 02:02:30, 211214.47886617322, 300.0 
 47.596608569504006, -122.93825634004114, 20.0, 2021-10-04 02:05:00, 132715.17952351284, 300.0 
 47.70761026993964, -123.01678062675502, 56.55172413793103, 2021-10-04 02:10:00, 254098.81742254304, 300.0 
 47.83349915013977, -123.27274467011117, 24.137931034482758, 2021-10-04 02:12:30, 107700.59460436754, 150.0 
 47.859515371151865, -123.3338312960839, 33.84615384615385, 2021-10-04 02:15:00, 88203.09604655331, 150.0 
 47.85510821750196, -123.25643258416945, 20.0, 2021-10-04 02:17:30, 40396.50794179599, 150.0 
 48.04994192984398, -123.19291551229547, 37.14285714285714, 2021-10-04 02:25:00, 165386.24398457923, 300.0 
 48.001338089615224, -123.13832346473541, 49.23076923076923, 2021-10-04 02:27:30, 75528.36806050692, 150.0 
 47.69906991658648, -123.09668365845008, 27.586206896551722, 2021-10-04 02:30:00, 93566.86986217272, 300.0 
 47.86024088198742, -123.27829222966027, 20.0, 2021-10-04 02:32:30, 92766.52627372049, 150.0 
 47.90088848667368, -123.36965782445888, 20.0, 2021-10-04 02:35:00, 104961.08638640014, 150.0 
 47.8206680330798, -123.2620377627673, 32.30769230769231, 2021-10-04 02:37:30, 155274.78610544873, 150.0 
 47.80932119753195, -123.19339394082056, 32.307692307692314, 2021-10-04 02:40:00, 153647.09499379923, 150.0 
 47.80257711510447, -123.17647765624099, 33.84615384615385, 2021-10-04 02:42:30, 166173.99909883025, 150.0 
 47.82696601652722, -123.11372736056191, 34.61538461538462, 2021-10-04 02:45:00, 115967.35280672803, 150.0 
 47.784530807159456, -123.21953389780482, 20.0, 2021-10-04 02:47:30, 197077.04539560733, 150.0 
 47.72469313565067, -123.46547532704182, 20.0, 2021-10-04 02:50:00, 378402.88518023427, 150.0 
 47.86570134390702, -122.98098962506253, 29.655172413793107, 2021-10-04 02:52:30, 184404.38610326964, 300.0 
 47.796921407301376, -122.99864519584459, 26.896551724137932, 2021-10-04 02:57:30, 255514.5066297496, 300.0 
 48.24872796589823, -123.04336676006623, 33.84615384615385, 2021-10-04 03:10:00, 393654.076061585, 300.0 
 47.942620285444264, -123.17819712396587, 33.84615384615385, 2021-10-04 03:12:30, 365203.9572219828, 300.0 
 48.08744052029353, -123.0511189623677, 38.77551020408163, 2021-10-04 03:15:00, 277065.78340317763, 150.0 
 47.67772727763271, -123.21576976550236, 20.0, 2021-10-04 03:17:30, 540916.4883898529, 300.0 
 47.54558323387626, -123.1834638458112, 20.0, 2021-10-04 03:20:00, 244356.11568095814, 150.0 
 47.806650889207866, -123.17333709252259, 20.0, 2021-10-04 03:22:30, 410910.93569523864, 300.0 
 47.98686103921426, -123.20839233440117, 33.84615384615385, 2021-10-04 03:25:00, 286970.6248828281, 150.0 
 48.00292921444613, -123.13339232082444, 42.85714285714285, 2021-10-04 03:27:30, 269495.0067654351, 150.0 
 47.84510882370139, -123.1206111151182, 38.77551020408164, 2021-10-04 03:30:00, 255500.38317619177, 150.0 
 47.90387224400584, -123.01418296594403, 50.0, 2021-10-04 03:32:30, 281014.5714757432, 150.0 
 47.80637890446796, -123.31536512486095, 20.0, 2021-10-04 03:35:00, 781892.2185612983, 300.0 
 47.90220566264436, -123.16140005694218, 31.538461538461533, 2021-10-04 03:37:30, 365765.9122949544, 150.0 
 47.87453483186421, -123.14616260385358, 24.13793103448276, 2021-10-04 03:40:00, 320027.4415396164, 150.0 
 47.866560098909716, -123.12987220542031, 26.20689655172414, 2021-10-04 03:42:30, 232328.45368897423, 150.0 
 47.85968689783792, -123.17945861453711, 20.0, 2021-10-04 03:45:00, 223123.6420382826, 150.0 
 48.00265890657714, -123.14685847195958, 27.692307692307693, 2021-10-04 03:47:30, 213777.52951834523, 150.0 
 48.02875386716856, -123.09115731257634, 20.0, 2021-10-04 03:50:00, 284401.59380123165, 150.0 
 47.78636457151115, -123.23899243033073, 59.99999999999999, 2021-10-04 03:52:30, 258132.2132196918, 300.0 
 47.91654314150889, -123.15801684471685, 35.51020408163265, 2021-10-04 03:55:00, 151765.4647690248, 150.0 
 48.05659597801105, -123.12171654062439, 33.07692307692307, 2021-10-04 03:57:30, 170520.81823053863, 150.0 
 48.080070845042464, -123.08991174005564, 32.307692307692314, 2021-10-04 04:00:00, 161402.72229145782, 150.0 
 48.00596862957768, -123.14922954929503, 34.61538461538461, 2021-10-04 04:02:30, 121916.21210653127, 150.0 
 47.96968795064046, -123.13539391384136, 34.61538461538461, 2021-10-04 04:05:00, 156843.83235932264, 150.0 
 47.99591315333752, -123.09195262945731, 45.38461538461538, 2021-10-04 04:07:30, 77925.28323596122, 150.0 
 48.07619729583481, -123.11145031457474, 60.0, 2021-10-04 04:10:00, 69071.83667552921, 150.0 
 47.739912753971254, -122.97028960635826, 20.0, 2021-10-04 04:17:30, 94807.17707087848, 300.0 
 47.88311001085784, -123.06599594728284, 30.76923076923077, 2021-10-04 04:20:00, 65275.96009741855, 150.0 
 47.92195053934951, -123.08763873675694, 33.84615384615384, 2021-10-04 04:22:30, 56275.56049746778, 150.0 
 47.76096739784866, -123.28886367925453, 43.84615384615385, 2021-10-04 04:25:00, 49072.771562783375, 150.0 
 48.19421996187328, -123.01649708376559, 20.0, 2021-10-04 04:35:00, 37171.21032069043, 300.0 
 47.94575621024287, -123.33519741913265, 33.84615384615385, 2021-10-04 04:40:00, 73232.52179051374, 300.0 
 47.70683889621916, -123.34228808894412, 20.0, 2021-10-04 04:45:00, 48430.76625159374, 300.0 
 47.9744430708042, -122.94020496492298, 44.48979591836735, 2021-10-04 04:55:00, 152012.47131351914, 300.0 
 47.80808722107578, -123.32264575918606, 51.724137931034484, 2021-10-04 04:57:30, 198637.39385659565, 300.0 
 47.83084400144931, -123.25267630094554, 33.84615384615385, 2021-10-04 05:00:00, 109205.63840943214, 150.0 
 47.92101678427366, -123.23549705916832, 46.93877551020408, 2021-10-04 05:02:30, 75660.61936472845, 150.0 
 48.015259681180396, -123.17410459813186, 34.61538461538461, 2021-10-04 05:17:30, 394565.27561217, 300.0 
 48.089275611253406, -123.2257443801704, 20.0, 2021-10-04 05:20:00, 179398.60646799082, 150.0 
 48.152941817161285, -123.31579199867033, 20.0, 2021-10-04 05:22:30, 160719.44241016684, 150.0 
 47.9605220817251, -123.43088706704465, 46.15384615384615, 2021-10-04 05:25:00, 92520.58046112326, 150.0 
 48.1030960001086, -123.21134322751212, 44.61538461538461, 2021-10-04 05:27:30, 109651.97941954421, 150.0 
 48.109787783381954, -123.26638119646577, 46.15384615384615, 2021-10-04 05:30:00, 99911.77446314745, 150.0 
 48.00000115279906, -123.16772315433245, 55.172413793103445, 2021-10-04 05:32:30, 122184.90264641642, 150.0 
 47.92953311574086, -123.10517291988641, 32.307692307692314, 2021-10-04 05:35:00, 83317.42346714513, 150.0 
 47.958564999543796, -123.13198674033768, 37.142857142857146, 2021-10-04 05:37:30, 135748.2576195551, 150.0 
 47.98845495850452, -123.20346442883867, 37.95918367346938, 2021-10-04 05:40:00, 72200.77804989628, 150.0 
 47.9638302099203, -123.12513759771267, 37.14285714285714, 2021-10-04 05:42:30, 79239.14967999863, 150.0 
 47.962240120211625, -123.1300662620493, 34.69387755102041, 2021-10-04 05:45:00, 68261.68612107869, 150.0 
 47.79869104903596, -123.5324706369312, 20.0, 2021-10-04 05:50:00, 37277.687786509676, 300.0 
 48.03045915922496, -123.21539389105438, 35.51020408163265, 2021-10-04 05:52:30, 72619.11926928467, 300.0 
 48.09761253321402, -123.28195457326001, 47.6923076923077, 2021-10-04 06:15:00, 39072.69124670878, 300.0 
 48.204488654534465, -123.44006014990454, 60.0, 2021-10-04 06:17:30, 35374.913802326955, 150.0 
 47.898112927386165, -123.38131092869153, 46.92307692307693, 2021-10-04 06:20:00, 78723.19836921747, 300.0 
 47.9556354959774, -123.29221617449605, 60.0, 2021-10-04 06:22:30, 66911.58160003606, 150.0 
 48.04822570696011, -123.18560538678078, 36.3265306122449, 2021-10-04 06:25:00, 203855.865321893, 150.0 
 48.067466504189596, -123.1796577703137, 35.51020408163265, 2021-10-04 06:27:30, 102073.28468325626, 150.0 
 47.91506507068592, -123.09635688509928, 60.0, 2021-10-04 06:30:00, 26658.805760394443, 150.0 
 47.81536986951246, -123.45661860195561, 36.15384615384616, 2021-10-04 06:35:00, 49740.37796906502, 300.0 
 48.01746508828795, -123.31849113335984, 31.538461538461544, 2021-10-04 06:37:30, 39060.74107097897, 150.0 
 47.90659141328087, -123.31764227578452, 20.0, 2021-10-04 06:45:00, 79840.09542413299, 300.0 
 47.90212465203504, -123.27803978657755, 20.0, 2021-10-04 06:47:30, 49551.62580014368, 150.0 
 47.9292278712084, -123.23532217267191, 33.07692307692307, 2021-10-04 06:50:00, 57537.55121872099, 150.0 
 47.935561784151524, -123.25351561607323, 24.13793103448276, 2021-10-04 06:52:30, 59089.55777004723, 150.0 
 47.942343057643484, -123.232597033243, 31.53846153846154, 2021-10-04 06:55:00, 75668.33697835919, 150.0 
 47.959564115799836, -123.18881724318936, 33.84615384615385, 2021-10-04 06:57:30, 53332.91559796452, 150.0 
 47.903174242790406, -123.30305386887295, 31.538461538461544, 2021-10-04 07:00:00, 62479.19693927175, 150.0 
 47.92983160205021, -123.25547045244963, 33.84615384615385, 2021-10-04 07:02:30, 82001.50938070822, 150.0 
 47.92497499673972, -123.2201414789458, 31.53846153846154, 2021-10-04 07:05:00, 64707.20264581052, 150.0 
 47.91979104408041, -123.23613394742412, 20.0, 2021-10-04 07:07:30, 61328.798312460145, 150.0 
 47.980206918850406, -123.24156722895319, 36.326530612244895, 2021-10-04 07:10:00, 75733.0457965153, 150.0 
 47.869278560389205, -123.27871637781539, 20.0, 2021-10-04 07:12:30, 93553.44731441599, 150.0 
 47.98008688223065, -123.2293359330419, 36.326530612244895, 2021-10-04 07:15:00, 77981.51948377266, 150.0 
 47.93011350491842, -123.24202337706703, 35.51020408163265, 2021-10-04 07:17:30, 59214.21552667082, 150.0 
 47.93886955604255, -123.25588912257177, 46.15384615384615, 2021-10-04 07:20:00, 66797.64243152346, 150.0 
 47.91227926291573, -123.14284761341577, 20.0, 2021-10-04 07:27:30, 91987.79487852796, 300.0 
 47.886121187542365, -123.23624724173776, 35.51020408163265, 2021-10-04 07:30:00, 43513.734544473824, 150.0 
 47.95254762103666, -123.18530808303018, 46.15384615384615, 2021-10-04 07:32:30, 39228.517077114346, 150.0 
 48.040289182865365, -123.1723126094474, 32.30769230769231, 2021-10-04 07:35:00, 24900.139088700234, 150.0 
 48.37746439356325, -123.40373105940131, 26.206896551724135, 2021-10-04 07:37:30, 73987.40547910804, 300.0 
 48.224890597335204, -123.37395359290888, 50.0, 2021-10-04 07:52:30, 48647.917714389965, 300.0 
 48.190958650219734, -123.16949379058181, 33.07692307692307, 2021-10-04 07:55:00, 21326.796063653976, 150.0 
 48.0982075550137, -123.30217120867486, 28.46153846153846, 2021-10-04 07:57:30, 24856.45454567468, 150.0 
 48.08842066729031, -123.5113487066836, 23.448275862068968, 2021-10-04 08:10:00, 53492.186928282776, 300.0 
 48.03200834362726, -123.24841366876998, 58.62068965517241, 2021-10-04 08:12:30, 43567.264674367536, 150.0 
 48.232514288837386, -123.26195781465084, 20.000000000000004, 2021-10-04 08:15:00, 49116.2911490908, 150.0 
 47.793483539877116, -123.34243894229488, 20.0, 2021-10-04 08:17:30, 51448.40220193559, 300.0 
 47.741210957155786, -123.19916772712023, 20.0, 2021-10-04 08:35:00, 49581.19867392873, 300.0 
 47.8602643251277, -123.42228753835012, 23.448275862068964, 2021-10-04 08:37:30, 24194.278690062943, 150.0 
 48.0885086172635, -123.23127729130934, 33.84615384615385, 2021-10-04 08:42:30, 96554.08580324583, 300.0 
 47.83033197456344, -123.15999058082156, 35.38461538461539, 2021-10-04 08:45:00, 87150.16303717434, 300.0 
 47.838286537734646, -123.25800661319454, 47.69230769230769, 2021-10-04 08:47:30, 90609.48010241766, 150.0 
 47.97884249742121, -123.27094829594628, 35.51020408163266, 2021-10-04 08:50:00, 104915.99298163249, 150.0 
 48.049451128922215, -123.18496542418201, 47.75510204081632, 2021-10-04 08:52:30, 136908.9708891028, 150.0 
 48.05153470035492, -123.18798043349264, 44.61538461538462, 2021-10-04 08:55:00, 391486.9131380653, 150.0 
 47.629598372682544, -123.38508867551678, 47.692307692307686, 2021-10-04 09:00:00, 181731.11345202627, 300.0 
 47.76279066103874, -123.3083177541501, 48.46153846153847, 2021-10-04 09:02:30, 123628.40024618033, 150.0 
 47.48553031626717, -123.21448908342208, 57.93103448275862, 2021-10-04 09:05:00, 181472.84363992597, 300.0 
 47.645771940207084, -123.18243700542513, 52.41379310344827, 2021-10-04 09:07:30, 133807.80593036138, 150.0 
 47.65545436360862, -123.2059209965736, 42.857142857142854, 2021-10-04 09:10:00, 109036.4234146884, 150.0 
 47.65243942353831, -122.97017519530212, 35.51020408163266, 2021-10-04 09:12:30, 108314.35096126588, 150.0 
 47.63648925328405, -123.19844064494498, 34.61538461538462, 2021-10-04 09:17:30, 269066.940629592, 300.0 
 47.63374634515453, -123.09400591497591, 20.0, 2021-10-04 09:20:00, 91998.6919820109, 150.0 
 47.66806977796748, -123.15457962402287, 20.000000000000004, 2021-10-04 09:22:30, 135652.39431388536, 150.0 
 47.727410003137564, -123.09722352684028, 20.0, 2021-10-04 09:25:00, 193636.66836743517, 150.0 
 47.71506306625419, -123.25450733603383, 22.758620689655174, 2021-10-04 09:27:30, 355397.52297681494, 150.0 
 47.81605386799266, -123.38893643284057, 47.69230769230769, 2021-10-04 09:30:00, 324019.4551194104, 150.0 
 48.09528165173578, -123.16922419004251, 51.724137931034484, 2021-10-04 09:32:30, 465053.87640211603, 300.0 
 48.064675737773854, -123.10927454907251, 55.86206896551724, 2021-10-04 09:35:00, 172725.9625796455, 150.0 
 47.7636245870743, -123.14263974990115, 31.538461538461544, 2021-10-04 09:37:30, 239273.1893571653, 300.0 
 47.78386106945514, -123.19335173086685, 22.06896551724138, 2021-10-04 09:40:00, 121555.02145289003, 150.0 
 47.73762687053008, -123.21020597737905, 30.769230769230774, 2021-10-04 09:42:30, 155000.08855107808, 150.0 
 47.72664672840081, -123.14045654581291, 31.538461538461537, 2021-10-04 09:45:00, 168740.87374588952, 150.0 
 47.69728320190146, -122.90998617846945, 20.0, 2021-10-04 09:47:30, 74674.07929294344, 150.0 
 47.740136803642635, -123.17423164426678, 30.769230769230774, 2021-10-04 09:50:00, 98561.11614696823, 150.0 
 47.76728255420836, -123.219296802798, 33.07692307692309, 2021-10-04 09:52:30, 138577.35616770035, 150.0 
 47.770711130922834, -123.2338449766282, 20.689655172413797, 2021-10-04 09:55:00, 129827.97296986241, 150.0 
 47.788726210432415, -123.2285824649737, 20.0, 2021-10-04 09:57:30, 149271.71573920795, 150.0 
 47.58060254107168, -123.0788957462171, 46.92307692307692, 2021-10-04 10:02:30, 204972.64581340557, 300.0 
 48.32743541628348, -123.10602327108495, 33.07692307692308, 2021-10-04 10:05:00, 521891.9001488774, 300.0 
 48.211724721132356, -123.23474756058292, 50.769230769230774, 2021-10-04 10:07:30, 360269.37523146, 150.0 
 47.79156830349124, -123.06886491082513, 57.241379310344826, 2021-10-04 10:10:00, 456431.7616200137, 300.0 
 47.84067184291786, -123.12803544984757, 48.46153846153847, 2021-10-04 10:15:00, 304700.78896062745, 300.0 
 48.20344783623693, -123.14647874290644, 30.76923076923077, 2021-10-04 10:17:30, 728244.5807866812, 300.0 
 48.25455570085765, -123.16496404816215, 32.307692307692314, 2021-10-04 10:20:00, 275218.97218885634, 150.0 
 48.28184332243206, -123.06713540947678, 32.30769230769231, 2021-10-04 10:22:30, 326250.97055955196, 150.0 
 47.76331672065359, -122.80887936805213, 20.0, 2021-10-04 10:27:30, 345550.823569268, 300.0 
 48.1213504772425, -123.23056583965183, 53.07692307692308, 2021-10-04 10:30:00, 373682.5831842647, 300.0 
 47.949995843019984, -123.35039477254024, 31.538461538461544, 2021-10-04 10:32:30, 182224.6440993477, 150.0 
 48.772889375978146, -123.71878317217065, 34.69387755102041, 2021-10-04 10:35:00, 247264.02351041298, 150.0 
 47.48647761558355, -122.93274745919265, 46.93877551020408, 2021-10-04 10:37:30, 665767.2251386453, 300.0 
 47.2887381376494, -123.38231272208114, 46.15384615384615, 2021-10-04 10:42:30, 730115.2781171622, 300.0 
 48.015771134480815, -123.14410747974802, 33.84615384615385, 2021-10-04 10:45:00, 418698.6124711156, 300.0 
 47.89703231826798, -123.21830429544544, 32.30769230769231, 2021-10-04 10:47:30, 150078.06365666323, 150.0 
 47.96692476054065, -123.26997346013789, 33.07692307692308, 2021-10-04 10:50:00, 105045.20076933509, 150.0 
 47.56435475452845, -122.98767163693523, 20.0, 2021-10-04 10:55:00, 416309.16234570625, 300.0 
 47.788726210432415, -123.2285824649737, 37.95918367346939, 2021-10-04 10:57:30, 256996.91729486763, 300.0 
 47.56241074444091, -122.7729296584914, 57.931034482758626, 2021-10-04 11:00:00, 89119.51217643973, 300.0 
 47.260988191869565, -123.35507451466907, 60.0, 2021-10-04 11:02:30, 248210.77368574627, 300.0 
 47.93743936302398, -123.23514632620774, 59.310344827586206, 2021-10-04 11:05:00, 190194.70506609348, 300.0 
 48.072409430161386, -123.26532247014532, 46.923076923076934, 2021-10-04 11:10:00, 224105.25425786508, 300.0 
 48.00316083475838, -123.07892516357498, 45.38461538461539, 2021-10-04 11:12:30, 142404.0026161541, 150.0 
 47.887226957331485, -123.22340250303915, 57.931034482758626, 2021-10-04 11:15:00, 668135.3509944684, 300.0 
 48.01896706526705, -123.17524317692336, 35.38461538461539, 2021-10-04 11:17:30, 628698.8231233998, 150.0 
 47.40736240061226, -122.94456321446069, 20.0, 2021-10-04 11:20:00, 335333.60972963105, 300.0 
 47.214406410885736, -123.09016064574968, 35.51020408163265, 2021-10-04 11:22:30, 359244.1509639136, 150.0 
 47.51238897590561, -122.90294713581291, 31.538461538461537, 2021-10-04 11:25:00, 300234.18619448144, 300.0 
 47.41690887509549, -122.95278079311859, 20.0, 2021-10-04 11:32:30, 206934.12355681337, 300.0 
 47.197848499563264, -123.07850632515729, 36.326530612244895, 2021-10-04 11:35:00, 352757.84453777643, 300.0 
 47.52852361871352, -123.12321099279971, 24.137931034482758, 2021-10-04 11:37:30, 112399.92646004958, 300.0 
 47.48635008951901, -122.73765943647814, 20.0, 2021-10-04 11:42:30, 203109.3857659022, 300.0 
 47.47382060627469, -122.90583285052521, 20.0, 2021-10-04 11:47:30, 419185.7260168535, 300.0 
 47.48276754737585, -122.93163654513113, 20.0, 2021-10-04 11:50:00, 401993.6016604578, 300.0 
 47.501380543212065, -122.84568247225056, 20.0, 2021-10-04 11:57:30, 44874.859258880286, 150.0 
 47.31513515936679, -122.9591118301838, 42.04081632653061, 2021-10-04 12:12:30, 222724.0378093929, 300.0 
 47.55262100319605, -122.8696892193191, 30.76923076923077, 2021-10-04 12:17:30, 282871.3994881301, 300.0 
 47.52510275009499, -122.83832808931352, 34.69387755102041, 2021-10-04 12:20:00, 172909.18723167042, 150.0 
 47.48977432663354, -122.86903699209131, 20.0, 2021-10-04 12:22:30, 161028.69362543256, 150.0 
 47.47153696494383, -122.85622567996224, 35.51020408163265, 2021-10-04 12:32:30, 336953.4895470661, 300.0 
 47.328108037571226, -123.12246255866032, 20.0, 2021-10-04 12:35:00, 76024.04604816511, 300.0 
 47.273360461807506, -122.69228771437051, 24.827586206896548, 2021-10-04 12:37:30, 156018.44769604853, 300.0 
 47.48236474474376, -123.07098445118297, 33.07692307692307, 2021-10-04 12:45:00, 77364.03341735368, 300.0 
 47.2492514318042, -122.70088770385578, 60.0, 2021-10-04 12:47:30, 137040.17758045296, 300.0 
 47.497805957795926, -122.79366062828687, 23.448275862068968, 2021-10-04 12:55:00, 289874.50036570244, 300.0 
 47.54522991423548, -122.96815006084773, 20.0, 2021-10-04 13:00:00, 272374.2369061891, 300.0 
 47.27688570312818, -122.65294876956348, 22.068965517241377, 2021-10-04 13:05:00, 725987.9207049886, 300.0 
 47.53666445815247, -122.72337385317225, 24.13793103448276, 2021-10-04 13:07:30, 649080.1323620933, 300.0 
 47.44154418358892, -122.95212390163188, 34.69387755102041, 2021-10-04 13:17:30, 422103.06107260496, 300.0 
 47.53176729028604, -122.9090845621769, 25.517241379310345, 2021-10-04 13:20:00, 178917.84473781064, 150.0 
 47.42037045822022, -122.96721117673819, 20.0, 2021-10-04 13:22:30, 101763.74329522051, 150.0 
 47.68098314892049, -122.76448375003588, 34.61538461538462, 2021-10-04 13:30:00, 407896.28539198736, 300.0 
 47.2788376726409, -123.01438125159082, 36.15384615384615, 2021-10-04 13:45:00, 511325.13763659535, 300.0 
 47.40736240061225, -122.94456321446069, 42.857142857142854, 2021-10-04 13:50:00, 315177.0143754229, 300.0 
 47.52361471712409, -122.9468999325581, 20.0, 2021-10-04 13:52:30, 172176.96399129077, 150.0 
 48.24187278351599, -123.16955560681046, 34.61538461538461, 2021-10-04 13:55:00, 240771.0710877181, 300.0 
 48.25402257715605, -123.03954235967655, 46.153846153846146, 2021-10-04 13:57:30, 207610.9284558205, 150.0 
 48.291015287589886, -123.19735075978257, 20.0, 2021-10-04 14:02:30, 359389.3282022358, 300.0 
 48.33539988977501, -123.16063616084003, 20.0, 2021-10-04 14:07:30, 963509.6745483715, 300.0 
 48.2692681295524, -123.11911147700428, 20.0, 2021-10-04 14:10:00, 271049.71033158706, 150.0 
 48.21350345982805, -123.16590345351287, 20.0, 2021-10-04 14:12:30, 329893.2645331207, 150.0 
 48.206884632299705, -123.16114195167584, 20.0, 2021-10-04 14:15:00, 501445.9519998941, 150.0 
 48.26651852417836, -123.13086249314661, 32.307692307692314, 2021-10-04 14:22:30, 781058.3646070246, 300.0 
 48.2836898127894, -123.048632526302, 34.61538461538461, 2021-10-04 14:25:00, 445581.7065828763, 150.0 
 48.2399465465551, -123.02945078995137, 20.0, 2021-10-04 14:27:30, 359894.8675278622, 150.0 
 47.24300251330409, -122.97126783347105, 45.30612244897959, 2021-10-04 14:30:00, 2193027.552517983, 300.0 
 48.19056767728553, -123.0565070797579, 43.673469387755105, 2021-10-04 14:32:30, 514265.99547328835, 300.0 
 48.184398859525274, -122.91666015864007, 20.0, 2021-10-04 14:35:00, 317932.2331216079, 150.0 
 47.56941508396587, -122.93110479619479, 20.0, 2021-10-04 14:42:30, 141291.50324623068, 300.0 
 47.37130479734446, -122.82341596006174, 35.51020408163265, 2021-10-04 14:47:30, 348287.082499997, 300.0 
 47.50325461734607, -122.71350064283313, 33.84615384615385, 2021-10-04 14:52:30, 318783.78064327803, 300.0 
 47.34798023670724, -122.86095353400049, 20.0, 2021-10-04 15:32:30, 139593.1112469444, 300.0 
 47.41863976502165, -122.95999574835338, 31.53846153846154, 2021-10-04 15:35:00, 97312.01114880021, 150.0 
 47.33567664063082, -122.74167781990221, 20.0, 2021-10-04 15:42:30, 239274.98319694356, 300.0 
 47.41030927343442, -122.88519538545492, 20.0, 2021-10-04 15:45:00, 218055.91751459503, 150.0 
 47.655012866854705, -122.8485458534764, 44.61538461538461, 2021-10-04 15:50:00, 167577.0474069503, 300.0 
 47.20613328965821, -122.69477594003105, 20.000000000000004, 2021-10-04 15:52:30, 323642.0483949962, 300.0 
 47.522786172924114, -122.94631583866627, 20.0, 2021-10-04 15:57:30, 304878.71229182545, 300.0 
 47.38378893988857, -122.77527776807857, 20.0, 2021-10-04 16:00:00, 127075.28785311394, 150.0 
 47.3268244577891, -122.61448816271455, 60.0, 2021-10-04 16:02:30, 164125.6121912166, 150.0 
 47.484879704717535, -122.87159829179784, 35.384615384615394, 2021-10-04 16:07:30, 76668.3575811352, 300.0 
 47.41637985949148, -122.8160491460275, 20.0, 2021-10-04 16:10:00, 68914.71455499434, 150.0 
 47.386255036808706, -122.71714572884562, 23.448275862068968, 2021-10-04 16:12:30, 99086.50780105508, 150.0 
 47.51238897590561, -122.90294713581292, 20.000000000000004, 2021-10-04 16:17:30, 454031.907186806, 300.0 
 47.35012440494064, -122.45295876717213, 30.769230769230766, 2021-10-04 16:20:00, 763708.6837189838, 300.0 
 47.25964243564578, -122.9889342771535, 55.862068965517246, 2021-10-04 16:25:00, 555943.357103673, 300.0 
 47.26297314505695, -123.06304874303457, 24.827586206896555, 2021-10-04 20:15:00, 76910.11706896823, 300.0 
 47.352280110289726, -122.84451233414124, 39.59183673469388, 2021-10-04 20:37:30, 211580.70693571522, 300.0 
 47.22264347072813, -122.61977371951176, 51.0344827586207, 2021-10-04 20:40:00, 109808.60549985664, 150.0 
 47.46585912068554, -122.99326262587985, 37.14285714285714, 2021-10-04 21:00:00, 759813.0697816737, 300.0 
 47.62159924808769, -123.1878311838672, 35.51020408163266, 2021-10-04 21:02:30, 287078.67605592706, 150.0 
 47.490335444709, -123.16227629689973, 60.0, 2021-10-04 21:05:00, 774036.8157285473, 150.0 
 47.489937543613124, -123.16349712769396, 60.0, 2021-10-04 21:07:30, 166931.27486552967, 150.0 
 47.37082337565603, -122.64507821734745, 33.84615384615385, 2021-10-04 21:17:30, 1290419.9423988308, 300.0 
 47.2065786434268, -122.64589235796007, 39.59183673469387, 2021-10-04 21:22:30, 1988666.3692972737, 300.0 
 47.24843820223911, -123.20092151172736, 28.46153846153846, 2021-10-04 21:25:00, 1134404.5871412274, 300.0 
 47.41703891035429, -122.74462406736586, 32.307692307692314, 2021-10-04 21:30:00, 1018594.7978907494, 300.0 
 47.45246843931904, -122.84284515490037, 32.30769230769231, 2021-10-04 21:32:30, 519144.3944583906, 150.0 
 47.490545662984154, -122.92960762847059, 20.0, 2021-10-04 21:35:00, 566479.0261210022, 300.0 
 47.450963610010895, -122.82230176818844, 32.307692307692314, 2021-10-04 21:37:30, 159181.0679475075, 150.0 
 47.31743851212232, -122.53930002007388, 35.51020408163265, 2021-10-04 21:47:30, 944516.866839816, 300.0 
 47.579451100454314, -122.91262526866433, 20.0, 2021-10-04 22:00:00, 202236.55217756703, 300.0 
 47.53081313587779, -122.80481158433014, 46.92307692307692, 2021-10-04 22:02:30, 69638.32465507115, 150.0 
 47.24301725006513, -122.56830391726606, 20.0, 2021-10-04 22:05:00, 593497.8150627094, 300.0 
 47.243018883980795, -122.54445350170404, 20.0, 2021-10-04 22:07:30, 241915.73939854666, 150.0 
 47.27990806614056, -122.47902845898814, 20.0, 2021-10-04 22:17:30, 294150.4595100721, 300.0 
 47.377838308025645, -122.79057141162166, 20.0, 2021-10-04 22:20:00, 73031.8025974518, 300.0 
 47.46693922138678, -122.98051750428513, 20.0, 2021-10-04 22:35:00, 64021.70612114064, 150.0 
 47.305150802340236, -122.73234509580296, 20.0, 2021-10-04 22:40:00, 203465.59304465252, 300.0 
 47.35572808700982, -122.7078217026808, 34.61538461538462, 2021-10-04 22:42:30, 104133.35271181409, 150.0 
 47.579192995655575, -122.99213734577071, 54.61538461538462, 2021-10-04 22:50:00, 331195.84474652976, 300.0 
 47.62495149352344, -122.93870978554963, 35.51020408163266, 2021-10-04 22:52:30, 72845.75569444135, 150.0 
 47.3508787787861, -122.6850073137734, 52.41379310344828, 2021-10-04 22:55:00, 181208.11919182935, 300.0 
 47.24868414452941, -122.71839997408225, 30.769230769230774, 2021-10-04 23:02:30, 267741.44275393145, 300.0 
 47.383181095962044, -122.9155862991802, 19.999999999999996, 2021-10-04 23:12:30, 150541.81604409864, 300.0 
 47.510887283105234, -122.75932809928989, 45.38461538461539, 2021-10-04 23:17:30, 85738.90510925191, 300.0 
 48.77416707363675, -123.72746338747817, 20.0, 2021-10-04 23:25:00, 127497.69645988304, 150.0 
 47.587744927307824, -123.10895732132383, 20.0, 2021-10-04 00:42:30, 71445.3734567703, 150.0 
 47.61993851126251, -122.72236066893743, 24.13793103448276, 2021-10-04 10:15:00, 152320.1795897128, 300.0 
 47.47443616188836, -122.96320941160027, 33.84615384615385, 2021-10-04 10:40:00, 125975.6738614492, 150.0 
 47.45386519481819, -122.91177614182234, 20.0, 2021-10-04 10:42:30, 98455.31662094749, 150.0 
 47.29587278377491, -123.63022504603235, 60.0, 2021-10-04 10:47:30, 191974.92324066255, 300.0 
 47.39872759420087, -123.4999174746315, 51.724137931034484, 2021-10-04 11:07:30, 184080.18073268366, 300.0 
 47.62194873581859, -122.78363923775754, 33.07692307692308, 2021-10-04 11:15:00, 148209.87562257692, 300.0 
 47.36923897656942, -123.36379538627688, 60.0, 2021-10-04 11:25:00, 236357.38229427108, 300.0 
 47.89783221036343, -123.47402928019837, 60.0, 2021-10-04 11:35:00, 383894.89120361826, 300.0 
 47.47116335131169, -123.55947207846262, 60.0, 2021-10-04 11:37:30, 92209.65373768892, 300.0 
 47.15670439789336, -122.55253265320475, 43.84615384615385, 2021-10-04 11:40:00, 73498.94643717281, 300.0 
 47.1476390316174, -122.75541605704254, 20.0, 2021-10-04 11:47:30, 37510.38125416859, 300.0 
 47.24398009413003, -122.8920085039004, 34.61538461538461, 2021-10-04 11:50:00, 95579.4880011753, 300.0 
 47.41009709204045, -123.48991789134752, 60.0, 2021-10-04 11:52:30, 221271.21552618544, 300.0 
 47.45796504973172, -123.05431323310802, 21.379310344827587, 2021-10-04 11:55:00, 58988.057199241906, 300.0 
 47.20771732969296, -122.74278175969243, 33.87755102040816, 2021-10-04 12:00:00, 27846.53959965065, 300.0 
 47.54810792317492, -123.17285310110344, 57.241379310344826, 2021-10-04 12:02:30, 65982.0749279382, 300.0 
 47.49069034455664, -122.64156520336704, 30.0, 2021-10-04 12:25:00, 34581.160720664826, 150.0 
 47.50041624676271, -123.25780490998866, 60.00000000000001, 2021-10-04 12:30:00, 168900.38001314772, 300.0 
 47.195249860957205, -122.48186831765052, 59.99999999999999, 2021-10-04 12:55:00, 63939.34371249778, 300.0 
 47.163707677884965, -122.83855695973668, 20.0, 2021-10-04 13:10:00, 208773.98684040122, 300.0 
 47.50335414339918, -123.04234653158946, 34.69387755102041, 2021-10-04 13:30:00, 231251.16293708485, 300.0 
 47.56572848836617, -123.04639423172023, 33.07692307692308, 2021-10-04 13:40:00, 476628.72195457894, 300.0 
 47.296321165111486, -123.05059481554662, 25.51724137931035, 2021-10-04 16:12:30, 132234.02447291795, 300.0 
 47.312722592542684, -123.37737331006628, 60.0, 2021-10-04 16:17:30, 324319.27545738796, 300.0 
 47.316259445076504, -123.15054713501402, 60.0, 2021-10-04 16:20:00, 194173.74917529346, 300.0 
 47.334429293726366, -122.57318404988993, 43.6734693877551, 2021-10-04 16:27:30, 169980.2622711109, 300.0 
 47.26672782368309, -123.14724977225372, 45.306122448979586, 2021-10-04 16:47:30, 167139.43796922994, 300.0 
 47.191556464832274, -123.17057419357731, 20.0, 2021-10-04 16:50:00, 45500.39739798123, 150.0 
 47.319053360667496, -123.17911796193853, 44.61538461538461, 2021-10-04 17:22:30, 89364.06479993454, 300.0 
 47.24431088944881, -122.6113470905402, 26.206896551724135, 2021-10-04 20:22:30, 737091.9393632122, 300.0 
 47.328666833555374, -123.22437691820716, 60.0, 2021-10-04 20:55:00, 337795.3405329522, 300.0 
 47.56323585221472, -122.78011906372426, 53.793103448275865, 2021-10-04 20:57:30, 703447.7558506642, 300.0 
 47.2915297829505, -122.52622900633237, 60.0, 2021-10-04 21:00:00, 564578.9995679593, 300.0 
 47.37275970993308, -123.25444149028378, 60.00000000000001, 2021-10-04 21:32:30, 837340.0719313077, 300.0 
 47.40255966638278, -123.12381701528183, 59.99999999999999, 2021-10-04 21:45:00, 376750.07652156276, 300.0 
 47.16018642528085, -122.69957050560481, 56.55172413793103, 2021-10-04 21:50:00, 72590.06665447468, 150.0 
 47.50513152477469, -122.85394310700485, 53.79310344827587, 2021-10-04 22:30:00, 250953.63111960253, 300.0 
 47.514465262558964, -122.78262599647661, 51.72413793103448, 2021-10-04 22:32:30, 42062.656245792845, 150.0 
 48.843949020642086, -123.68676030847286, 44.61538461538462, 2021-10-05 00:12:30, 88574.59322654254, 300.0 
 48.81166330342449, -123.60895731943423, 53.103448275862064, 2021-10-05 00:17:30, 94771.80316932344, 300.0 
 48.62051249459115, -123.61471244001542, 26.896551724137936, 2021-10-05 00:27:30, 201818.80407337242, 300.0 
 48.76437688477971, -123.55588568816248, 20.0, 2021-10-05 00:32:30, 100960.63352168472, 300.0 
 48.84323602015694, -123.71230374671052, 60.0, 2021-10-05 00:52:30, 183436.1463443309, 300.0 
 48.80895921108246, -123.72976724396835, 20.0, 2021-10-05 00:55:00, 77448.96746140557, 150.0 
 48.86622276904445, -123.63304488074846, 34.61538461538461, 2021-10-05 01:00:00, 239106.13858432707, 150.0 
 48.8001825622837, -123.62495734837348, 45.38461538461538, 2021-10-05 01:02:30, 260202.87621695403, 150.0 
 48.79050020088314, -123.69317076123556, 42.857142857142854, 2021-10-05 01:05:00, 238416.29995316427, 150.0 
 48.85670563764198, -123.60093795375109, 60.0, 2021-10-05 01:12:30, 142812.43012795327, 150.0 
 48.87368078175699, -123.64533265720235, 36.326530612244895, 2021-10-05 01:15:00, 170674.3192076319, 150.0 
 48.8326300635542, -123.60239888177215, 48.46153846153847, 2021-10-05 01:20:00, 91166.80364279056, 150.0 
 48.777236377766144, -123.67954730102986, 46.92307692307692, 2021-10-05 01:22:30, 66776.1007971139, 150.0 
 48.803450307867216, -123.52780390796997, 53.103448275862064, 2021-10-05 01:55:00, 81836.05019240074, 300.0 
 48.85650846959939, -123.58419415101949, 54.48275862068965, 2021-10-05 01:57:30, 77644.70781456566, 150.0 
 48.74408664493967, -123.63323197857734, 36.326530612244895, 2021-10-05 02:00:00, 123337.5936755353, 150.0 
 48.77245099735724, -123.68808912099219, 35.38461538461539, 2021-10-05 02:02:30, 71884.95599038994, 150.0 
 48.702390494546066, -123.61393327813269, 46.92307692307692, 2021-10-05 02:05:00, 85314.64318414232, 150.0 
 48.78817370305295, -123.58881110335159, 37.95918367346938, 2021-10-05 02:07:30, 74260.52792950142, 150.0 
 48.83355341531958, -123.66345947458377, 33.07692307692308, 2021-10-05 02:12:30, 197266.83034834135, 300.0 
 48.815937139998006, -123.64266805306502, 28.275862068965516, 2021-10-05 02:15:00, 109771.02915724131, 150.0 
 48.796394435768086, -123.49984073638096, 45.38461538461539, 2021-10-05 02:17:30, 64330.95277736448, 150.0 
 48.85833382465915, -123.63648741585108, 32.30769230769231, 2021-10-05 02:20:00, 96471.48278518252, 150.0 
 48.57385592971344, -123.53838310659317, 51.0344827586207, 2021-10-05 02:22:30, 94919.84363345019, 300.0 
 48.83333508979298, -123.67131929003195, 38.77551020408163, 2021-10-05 02:25:00, 109116.22779475251, 300.0 
 48.82266180788698, -123.61063207198303, 46.12244897959184, 2021-10-05 02:27:30, 147380.76110281568, 150.0 
 48.826223910048334, -123.55083025861632, 47.69230769230769, 2021-10-05 02:30:00, 143065.28520640865, 150.0 
 48.86735593063638, -123.31507664259769, 60.0, 2021-10-05 02:52:30, 60228.01512977919, 150.0 
 48.810543610372406, -123.74265626571457, 20.0, 2021-10-05 02:57:30, 146545.3376881352, 300.0 
 48.75867725149216, -123.62235815240989, 46.12244897959183, 2021-10-05 03:00:00, 84043.90727189464, 150.0 
 48.742244391992756, -123.60561070815396, 46.92307692307692, 2021-10-05 03:12:30, 232062.76326303004, 300.0 
 48.82204005202596, -123.60960938554615, 37.14285714285714, 2021-10-05 03:15:00, 132068.62405617157, 150.0 
 48.832297075751185, -123.54234810566649, 34.69387755102041, 2021-10-05 03:17:30, 97470.40514941276, 150.0 
 48.89440272584602, -123.67127173009663, 36.326530612244895, 2021-10-05 03:20:00, 68917.68345803693, 150.0 
 48.86105941803042, -123.72527049597676, 34.69387755102041, 2021-10-05 03:22:30, 81863.17195289988, 150.0 
 48.81196079206433, -123.50078104784303, 34.61538461538462, 2021-10-05 03:27:30, 89259.63086347014, 150.0 
 48.86484246736607, -123.61227617240401, 34.693877551020414, 2021-10-05 03:30:00, 77095.9214926614, 150.0 
 48.87700431637613, -123.64258756291366, 34.61538461538461, 2021-10-05 03:32:30, 65539.91622968526, 150.0 
 48.84410610196332, -123.58637824217024, 33.84615384615385, 2021-10-05 03:35:00, 72917.07462498252, 150.0 
 48.805887784146876, -123.53385393551227, 42.04081632653061, 2021-10-05 03:37:30, 87711.97260948109, 150.0 
 48.812734255824616, -123.54509044221082, 45.38461538461539, 2021-10-05 03:40:00, 99315.3247381839, 150.0 
 48.80214876297798, -123.5523144206263, 46.15384615384615, 2021-10-05 03:45:00, 160324.1963856231, 300.0 
 48.78822673348053, -123.58684844973689, 46.92307692307693, 2021-10-05 03:47:30, 125210.61364166625, 150.0 
 48.83664215124382, -123.57410522816234, 41.224489795918366, 2021-10-05 03:55:00, 115405.95694964331, 300.0 
 48.813147368352666, -123.55396786059305, 35.51020408163266, 2021-10-05 03:57:30, 113590.17417250897, 150.0 
 48.789173474446706, -123.74028954229937, 36.326530612244895, 2021-10-05 04:00:00, 97536.82430832472, 150.0 
 48.53045239391392, -123.38415735278683, 47.69230769230769, 2021-10-05 04:05:00, 219419.70178605866, 300.0 
 48.90726239845924, -123.67603712180822, 33.07692307692308, 2021-10-05 04:07:30, 192381.9653629635, 300.0 
 48.87705828227392, -123.64062130125741, 46.92307692307692, 2021-10-05 04:10:00, 117890.87347507884, 150.0 
 48.84230433315209, -123.67582896307421, 46.92307692307693, 2021-10-05 04:12:30, 70558.88295495464, 150.0 
 48.77715918648291, -123.61172138519795, 43.6734693877551, 2021-10-05 04:15:00, 77344.741947119, 150.0 
 48.81593713999801, -123.64266805306501, 38.775510204081634, 2021-10-05 04:17:30, 138523.28055962568, 150.0 
 48.80804698490041, -123.64610661504723, 36.3265306122449, 2021-10-05 04:20:00, 70154.6773728478, 150.0 
 48.89710191465939, -123.76012270078809, 31.538461538461537, 2021-10-05 04:22:30, 57202.94857339302, 150.0 
 48.88198626677254, -123.74337108541928, 33.06122448979592, 2021-10-05 04:25:00, 77384.92822239602, 150.0 
 48.864616510188824, -123.73731927557552, 34.61538461538461, 2021-10-05 04:27:30, 40835.40545920176, 150.0 
 48.88240838349569, -123.635049411594, 47.755102040816325, 2021-10-05 04:45:00, 208100.14988562342, 300.0 
 48.90275039504196, -123.67476267037263, 34.69387755102041, 2021-10-05 04:47:30, 95750.94207051635, 150.0 
 48.935881958061195, -123.7212538341406, 34.69387755102041, 2021-10-05 04:50:00, 51319.39373298633, 150.0 
 48.86013559352659, -123.68877875799029, 34.61538461538461, 2021-10-05 04:52:30, 81485.32609804677, 150.0 
 48.84637878762778, -123.69282072809919, 35.51020408163265, 2021-10-05 04:55:00, 90196.64276481645, 150.0 
 48.839382208291106, -123.6874528137164, 46.12244897959183, 2021-10-05 04:57:30, 99098.36105250816, 150.0 
 48.79769636564774, -123.62086682888248, 60.0, 2021-10-05 05:00:00, 114797.31638826025, 150.0 
 48.768376264451426, -123.67111932143656, 20.0, 2021-10-05 05:05:00, 37717.84764873491, 300.0 
 48.70255556278324, -123.65515856744429, 20.000000000000004, 2021-10-05 05:07:30, 20136.657617441262, 150.0 
 48.7346275546581, -123.91746535171124, 60.0, 2021-10-05 05:12:30, 34842.50013220365, 300.0 
 48.64546205178209, -123.40844748918389, 53.103448275862064, 2021-10-05 05:17:30, 36271.516005767146, 300.0 
 48.6841227764092, -123.61671591175462, 36.326530612244895, 2021-10-05 05:40:00, 65660.56125309088, 300.0 
 48.74535947830926, -123.81799326496518, 60.0, 2021-10-05 05:42:30, 18610.163520058086, 150.0 
 48.68904282862444, -123.6268344590699, 60.0, 2021-10-05 06:12:30, 43227.55035219124, 300.0 
 48.55354702292656, -123.44615786735571, 53.793103448275865, 2021-10-05 07:15:00, 57266.89736207841, 300.0 
 48.748400350189044, -123.52151509858068, 20.0, 2021-10-05 07:37:30, 30251.644270981902, 300.0 
 48.79754031711474, -123.3278439672527, 59.99999999999999, 2021-10-05 07:42:30, 206193.3521898295, 300.0 
 48.549415507925595, -123.89701175970265, 60.0, 2021-10-05 07:47:30, 137723.18020627083, 300.0 
 48.672542497320414, -123.54047100540902, 60.0, 2021-10-05 07:50:00, 62337.856622611915, 300.0 
 48.694016514491224, -123.63499413427465, 31.53846153846154, 2021-10-05 07:52:30, 80435.50847475891, 150.0 
 48.74230459782005, -123.72054140535573, 46.92307692307693, 2021-10-05 07:57:30, 41207.00594490908, 150.0 
 48.87151599963639, -123.5575539162559, 55.86206896551724, 2021-10-05 08:05:00, 65272.58928296938, 150.0 
 48.86394028710515, -123.73826020691268, 42.85714285714287, 2021-10-05 08:07:30, 35691.586449933464, 150.0 
 48.70569563076198, -123.86345861159994, 48.46153846153846, 2021-10-05 08:12:30, 119130.7811088919, 300.0 
 48.79176109196334, -123.57625421393254, 48.46153846153846, 2021-10-05 08:17:30, 186550.97550064328, 300.0 
 48.78083367414707, -123.66699788483957, 20.76923076923077, 2021-10-05 08:20:00, 25613.864947418086, 150.0 
 48.86146596123598, -123.6169878012321, 60.00000000000001, 2021-10-05 08:30:00, 58720.556731960794, 300.0 
 48.78250844406889, -123.9885783226531, 54.48275862068965, 2021-10-05 08:40:00, 62781.39884997942, 300.0 
 48.66872931373986, -123.8168318370981, 20.0, 2021-10-05 08:42:30, 46584.98856301138, 150.0 
 48.85865672058661, -123.52820843998008, 46.92307692307693, 2021-10-05 08:45:00, 90265.82126765668, 300.0 
 48.780549998578984, -123.58244219043719, 40.40816326530612, 2021-10-05 09:00:00, 129875.62510686203, 300.0 
 48.78340892031908, -123.5727891069462, 52.41379310344827, 2021-10-05 09:05:00, 57424.2529903001, 150.0 
 48.83648649428969, -123.766981368065, 60.0, 2021-10-05 09:07:30, 48502.34793168866, 150.0 
 48.80484738523865, -123.5485444270092, 37.95918367346939, 2021-10-05 09:10:00, 98785.85168527105, 150.0 
 48.75789467736201, -123.53093315349496, 47.6923076923077, 2021-10-05 09:12:30, 93774.02463214926, 150.0 
 48.843949020642086, -123.68676030847284, 46.15384615384615, 2021-10-05 09:15:00, 128175.51544755642, 150.0 
 48.77272433284709, -123.6782769622939, 33.06122448979591, 2021-10-05 09:17:30, 118790.08144255116, 150.0 
 48.79673822771088, -123.58442565784037, 35.51020408163265, 2021-10-05 09:20:00, 134320.80780234744, 150.0 
 48.81086703627614, -123.54202594038395, 48.46153846153846, 2021-10-05 09:22:30, 113840.94824767219, 150.0 
 48.78054999857898, -123.58244219043719, 38.775510204081634, 2021-10-05 09:25:00, 190416.12499381357, 150.0 
 48.80828661485368, -123.61366321029872, 32.30769230769231, 2021-10-05 09:27:30, 264543.564933564, 150.0 
 48.83575516057434, -123.582908274621, 26.923076923076923, 2021-10-05 09:30:00, 304867.17842118884, 150.0 
 48.90231237631698, -123.69050197479847, 33.87755102040816, 2021-10-05 09:35:00, 240319.65665787997, 300.0 
 48.83830411753958, -123.67951031405755, 37.95918367346938, 2021-10-05 09:37:30, 133299.34254740237, 150.0 
 48.81572129125851, -123.65052309519206, 37.95918367346938, 2021-10-05 09:40:00, 145181.0498163614, 150.0 
 48.88824452467638, -123.81964304654579, 34.61538461538462, 2021-10-05 09:45:00, 246808.6184839156, 300.0 
 48.8913499230671, -123.97749411320802, 55.86206896551723, 2021-10-05 09:47:30, 89780.15385943782, 150.0 
 48.884473460165125, -123.7701300079621, 20.0, 2021-10-05 13:02:30, 158762.6527473011, 150.0 
 48.90274076630858, -123.76739292304384, 53.79310344827586, 2021-10-05 09:50:00, 75714.06862716848, 150.0 
 48.92709118436336, -123.73350076183814, 35.38461538461538, 2021-10-05 09:52:30, 72027.23582670031, 150.0 
 48.904940076681754, -123.781334398434, 35.38461538461539, 2021-10-05 09:55:00, 65388.81874309068, 150.0 
 48.879725772814986, -123.73140640839364, 37.95918367346938, 2021-10-05 09:57:30, 82180.00700875618, 150.0 
 48.85448978841668, -123.68152851152068, 52.3076923076923, 2021-10-05 10:00:00, 66105.83813203948, 150.0 
 48.80936871956979, -123.62159999599656, 40.408163265306136, 2021-10-05 10:02:30, 106614.06216008877, 150.0 
 48.84122162118229, -123.49959624824959, 38.775510204081634, 2021-10-05 10:05:00, 72900.54193935332, 150.0 
 48.871832764920626, -123.73483323205372, 45.30612244897959, 2021-10-05 10:07:30, 38345.62862355925, 150.0 
 48.916669572152685, -123.6648141054174, 60.0, 2021-10-05 10:10:00, 87547.55190919708, 150.0 
 48.91334138107351, -123.76020865507473, 36.326530612244895, 2021-10-05 10:12:30, 45230.05207175873, 150.0 
 48.65904592187153, -123.5592588015817, 46.153846153846146, 2021-10-05 10:15:00, 199105.42911796682, 300.0 
 48.89893301038468, -123.69521281257553, 33.87755102040816, 2021-10-05 10:20:00, 142369.7139236755, 300.0 
 48.95765989755675, -123.61514578543888, 20.0, 2021-10-05 10:22:30, 155404.08480124892, 150.0 
 48.88625564886624, -123.7072094727858, 34.61538461538462, 2021-10-05 10:25:00, 115847.08125516675, 150.0 
 48.88292990931289, -123.70994802956278, 37.14285714285714, 2021-10-05 10:27:30, 152343.78178959707, 300.0 
 48.9155501146175, -123.58687327857427, 53.10344827586207, 2021-10-05 10:30:00, 208127.13572017426, 300.0 
 48.805411411344956, -123.74035686585465, 20.0, 2021-10-05 10:32:30, 48087.52330336216, 150.0 
 48.87255394323297, -123.709274301785, 20.0, 2021-10-05 10:35:00, 117213.3948881435, 150.0 
 48.89236626538734, -123.76670862128518, 20.0, 2021-10-05 10:37:30, 115589.25669125661, 150.0 
 48.8973280651752, -123.77491953491113, 37.142857142857146, 2021-10-05 10:40:00, 53124.70479224979, 150.0 
 48.83848289229102, -123.96396033434249, 29.6551724137931, 2021-10-05 10:42:30, 27174.644094600968, 150.0 
 48.87457211230526, -123.63652533029227, 43.84615384615385, 2021-10-05 10:45:00, 56655.745638446155, 150.0 
 48.88853242583345, -123.78715027919549, 20.689655172413794, 2021-10-05 10:47:30, 41171.50373262639, 150.0 
 48.93632555101163, -123.70550510695945, 48.46153846153846, 2021-10-05 10:50:00, 79186.49122036062, 150.0 
 48.868895162691146, -123.83706088838645, 20.0, 2021-10-05 10:55:00, 78486.2753680054, 300.0 
 48.9247834916666, -123.8141907336145, 20.0, 2021-10-05 10:57:30, 111820.86353235075, 150.0 
 48.90310981112723, -123.56639085528843, 56.55172413793104, 2021-10-05 11:00:00, 110720.47856421264, 150.0 
 48.88829563326168, -123.72703883294491, 45.38461538461539, 2021-10-05 11:02:30, 70361.21216281479, 150.0 
 48.81374820946558, -123.72122507888909, 37.95918367346939, 2021-10-05 11:07:30, 175179.64735642716, 150.0 
 48.858132525286784, -123.73689847921221, 34.693877551020414, 2021-10-05 11:17:30, 145832.9000319943, 150.0 
 48.85205005695015, -123.76800545252192, 44.61538461538461, 2021-10-05 11:20:00, 139332.2512423284, 300.0 
 48.900265911658614, -123.67066168838137, 60.0, 2021-10-05 11:22:30, 106233.05794689708, 150.0 
 48.880219792756456, -123.91564221523336, 45.38461538461539, 2021-10-05 11:25:00, 59006.018637900415, 150.0 
 48.841409759881195, -123.68462970407359, 33.84615384615385, 2021-10-05 11:30:00, 105128.85023910635, 150.0 
 48.82226225825364, -123.71882569794124, 30.76923076923077, 2021-10-05 11:32:30, 241251.18607964425, 300.0 
 48.77763885374536, -123.68841954581018, 33.07692307692307, 2021-10-05 11:37:30, 109527.53826297063, 150.0 
 48.82091998602637, -123.74332822041735, 30.76923076923077, 2021-10-05 11:40:00, 88176.97396495762, 150.0 
 48.86327170174367, -123.76185224347864, 20.000000000000004, 2021-10-05 11:42:30, 199075.93248358008, 150.0 
 48.844380436950246, -123.76356388071174, 31.53846153846154, 2021-10-05 11:45:00, 200465.58533056924, 150.0 
 48.801075313802734, -123.80104645613832, 55.17241379310345, 2021-10-05 11:47:30, 121639.26338680033, 150.0 
 48.83394972062412, -123.78748266761758, 40.40816326530612, 2021-10-05 11:50:00, 184347.0438047186, 300.0 
 48.959779619233956, -123.70307589567915, 45.306122448979586, 2021-10-05 11:52:30, 225216.3127577389, 150.0 
 48.82814773651979, -123.6709880814545, 33.84615384615385, 2021-10-05 11:55:00, 358565.91012724757, 150.0 
 48.8423043331521, -123.67582896307421, 30.76923076923077, 2021-10-05 11:57:30, 423646.78809004556, 150.0 
 48.83600295564095, -123.69215799645448, 32.307692307692314, 2021-10-05 12:00:00, 482014.06162902614, 150.0 
 48.902293232641625, -123.6678351020469, 20.0, 2021-10-05 12:02:30, 408595.534583568, 150.0 
 48.77164534172529, -123.50229061932664, 60.0, 2021-10-05 12:10:00, 353791.86610473716, 150.0 
 48.83851696797608, -123.78679892850911, 20.0, 2021-10-05 12:20:00, 201084.86831774746, 150.0 
 48.78637310987429, -123.5592105037871, 33.87755102040816, 2021-10-05 12:25:00, 466181.24535699707, 150.0 
 48.78319716208546, -123.58063981877277, 45.30612244897959, 2021-10-05 12:27:30, 1181884.4273765157, 300.0 
 48.90496107525327, -123.68870070600944, 34.61538461538461, 2021-10-05 12:32:30, 380884.0329765538, 150.0 
 48.90544711687527, -123.76362961711021, 20.0, 2021-10-05 12:37:30, 348606.1172731653, 150.0 
 48.924163571528055, -123.74514313544277, 35.51020408163265, 2021-10-05 12:40:00, 358839.26410885924, 150.0 
 48.863058248006624, -123.67715505534332, 46.15384615384615, 2021-10-05 12:42:30, 286358.2434653418, 150.0 
 48.91467847336717, -123.71297385854965, 20.0, 2021-10-05 12:45:00, 535415.7021481682, 150.0 
 48.894599270340194, -123.95604139941986, 38.77551020408163, 2021-10-05 12:47:30, 615346.1002294096, 150.0 
 48.8418989358477, -123.75946374720795, 44.61538461538461, 2021-10-05 12:50:00, 826471.3739214888, 300.0 
 48.87457211230526, -123.63652533029227, 33.87755102040816, 2021-10-05 12:55:00, 332377.12643327814, 150.0 
 48.83693196456946, -123.65875409528955, 35.51020408163266, 2021-10-05 13:00:00, 475470.52765637176, 300.0 
 48.937637211002084, -123.81899654978888, 30.769230769230774, 2021-10-05 13:05:00, 108557.55316321526, 150.0 
 48.907445392760856, -123.69280164151834, 33.84615384615384, 2021-10-05 13:07:30, 119514.90915464611, 150.0 
 48.8968504974903, -123.700006688785, 33.846153846153854, 2021-10-05 13:10:00, 76246.84210547259, 150.0 
 48.90742107605132, -123.7854398841998, 20.0, 2021-10-05 13:12:30, 47101.68329991709, 150.0 
 48.97077582522148, -123.70476876345526, 60.00000000000001, 2021-10-05 13:15:00, 92159.1913517983, 150.0 
 48.78012343122977, -123.69250961709687, 35.38461538461539, 2021-10-05 13:17:30, 51672.941691027096, 150.0 
 48.82205302372999, -123.79457374986163, 20.000000000000004, 2021-10-05 13:20:00, 56097.90773127293, 150.0 
 48.96856637467705, -123.6908129954189, 45.384615384615394, 2021-10-05 13:22:30, 108264.71840474136, 150.0 
 48.99108530297004, -123.65179041127313, 54.482758620689644, 2021-10-05 13:25:00, 147945.4790383334, 150.0 
 48.89003655682103, -123.84734027431548, 30.76923076923077, 2021-10-05 13:27:30, 158550.30385316515, 150.0 
 48.89712479828963, -123.69016977458654, 46.15384615384615, 2021-10-05 13:30:00, 217902.1006068483, 150.0 
 48.88266466289643, -123.81040640049957, 20.0, 2021-10-05 13:32:30, 164055.26474088014, 150.0 
 48.864394007244414, -123.81312437443697, 48.96551724137932, 2021-10-05 13:35:00, 95327.09556195521, 150.0 
 48.93126729625166, -123.8146252416448, 32.307692307692314, 2021-10-05 13:40:00, 83359.99929963906, 300.0 
 48.77471634498378, -123.70002876278295, 20.0, 2021-10-05 13:45:00, 68728.37479905633, 300.0 
 48.73942187558798, -123.7075848263573, 20.0, 2021-10-05 13:47:30, 32212.064046008083, 150.0 
 48.85853012656736, -123.81371737366382, 20.0, 2021-10-05 13:50:00, 20145.7509604034, 150.0 
 48.811157198893454, -123.83417647709463, 20.0, 2021-10-05 13:55:00, 78361.30377340765, 300.0 
 48.93358355031055, -123.80196128187703, 33.06122448979591, 2021-10-05 14:05:00, 82395.4770947603, 300.0 
 48.876654096142225, -123.92622987339473, 30.0, 2021-10-05 14:15:00, 67396.4717265885, 300.0 
 48.882436361669605, -123.81826979516451, 20.0, 2021-10-05 14:17:30, 43931.274362579126, 150.0 
 48.93605793401104, -123.73802873894326, 20.0, 2021-10-05 14:20:00, 62961.90446390167, 150.0 
 48.93334245670981, -123.64911107923663, 58.62068965517241, 2021-10-05 14:55:00, 114503.38193729184, 150.0 
 48.89385109136175, -123.87223555845505, 20.0, 2021-10-05 14:57:30, 112164.64807771558, 150.0 
 48.80235802387809, -123.5444584941553, 55.86206896551724, 2021-10-05 15:05:00, 111905.99006869548, 300.0 
 48.91055389085022, -123.85661698313616, 20.0, 2021-10-05 15:10:00, 236342.20638952768, 300.0 
 48.90799993962467, -123.87713798546261, 20.0, 2021-10-05 15:12:30, 158015.59389415622, 150.0 
 48.935377221526274, -123.8296919075184, 43.07692307692307, 2021-10-05 15:15:00, 198113.98873674168, 150.0 
 48.92146165733485, -124.03382708583945, 20.0, 2021-10-05 15:17:30, 118274.32802686193, 150.0 
 48.983589642408475, -123.8250272383392, 20.0, 2021-10-05 15:32:30, 191123.30926744855, 300.0 
 48.96190017718516, -123.55423539596893, 60.0, 2021-10-05 15:35:00, 161256.22585434376, 150.0 
 48.89948334341766, -123.87951599354902, 20.0, 2021-10-05 15:55:00, 99819.46903572622, 300.0 
 48.868931887937215, -123.92372917720846, 36.92307692307693, 2021-10-05 15:57:30, 42938.98327388394, 150.0 
 48.844526961301796, -123.95749192335798, 28.96551724137931, 2021-10-05 16:20:00, 173479.89505749033, 300.0 
 48.91117341726762, -123.85764452043244, 35.38461538461539, 2021-10-05 16:22:30, 261553.40863302338, 150.0 
 48.73259291780024, -123.69633815187802, 60.0, 2021-10-05 22:50:00, 263472.7297925249, 300.0 
 48.858234348316564, -123.84619648901135, 20.0, 2021-10-05 22:55:00, 132914.8442991035, 300.0 
 48.85425008774689, -123.78192910029648, 20.0, 2021-10-05 22:57:30, 126835.41970844909, 150.0 
 48.802428122962446, -123.75393361044542, 20.0, 2021-10-05 23:07:30, 436729.70860795357, 300.0 
 48.871832233523, -123.8254394319325, 20.0, 2021-10-05 23:10:00, 218762.4411577645, 150.0 
 48.755570887191155, -123.80197245516408, 20.0, 2021-10-05 23:17:30, 202976.7618949545, 300.0 
 48.769104893809505, -123.78320859261987, 20.0, 2021-10-05 23:20:00, 102668.91238117128, 150.0 
 48.59847084163562, -123.75242877017047, 20.0, 2021-10-05 23:22:30, 296462.51528961625, 150.0 
 48.70850626983894, -124.02858145067697, 20.0, 2021-10-05 23:32:30, 110100.98815085895, 300.0 
 48.89594805993007, -123.63885734086789, 20.0, 2021-10-05 23:35:00, 563867.0308847293, 300.0 
 48.82474571333984, -123.72292091243555, 27.586206896551726, 2021-10-05 23:42:30, 213789.57704643978, 300.0 
 48.849738324869335, -123.66547745930373, 33.07692307692308, 2021-10-05 23:45:00, 140254.86999613984, 150.0 
 48.77755960620388, -123.98037131304649, 20.0, 2021-10-05 23:47:30, 106455.71968843728, 150.0 
 48.72546899721893, -124.00522382407668, 20.0, 2021-10-05 23:50:00, 84288.82507244912, 150.0 
 48.76467980652423, -123.71888255522555, 20.0, 2021-10-05 00:57:30, 98230.89452391947, 150.0 
 48.67140759511841, -123.56815533002958, 20.0, 2021-10-05 01:07:30, 84411.82555545284, 150.0 
 48.724942585143566, -123.5319729038424, 20.0, 2021-10-05 01:10:00, 31665.97104505886, 150.0 
 48.76199453482847, -123.54690669970026, 30.0, 2021-10-05 01:17:30, 194658.67988483573, 150.0 
 48.26824415888554, -123.10007181684236, 29.230769230769234, 2021-10-05 01:30:00, 135489.59677894443, 300.0 
 48.22182919861138, -123.09873664721447, 33.07692307692307, 2021-10-05 01:35:00, 212649.5307810673, 300.0 
 48.19279962333279, -123.18910435015917, 26.896551724137936, 2021-10-05 01:37:30, 81120.09192808146, 150.0 
 48.19867478903857, -123.161331303305, 45.384615384615394, 2021-10-05 01:40:00, 53535.42714986847, 150.0 
 48.250356705437156, -123.1558394303244, 33.07692307692308, 2021-10-05 01:42:30, 72700.66510789585, 150.0 
 48.24914099512751, -123.11835922377087, 30.0, 2021-10-05 01:45:00, 104056.00039824295, 150.0 
 47.464461538022455, -122.91274874466947, 25.51724137931035, 2021-10-05 02:00:00, 242842.61987336428, 300.0 
 47.40585131419766, -122.85810092140332, 36.3265306122449, 2021-10-05 02:05:00, 137356.1032843982, 150.0 
 48.8889635595338, -123.62834617542285, 60.0, 2021-10-05 02:32:30, 281048.76724080095, 150.0 
 48.69201895686784, -123.64659620204469, 20.0, 2021-10-05 02:35:00, 406637.63385040854, 150.0 
 48.71229642867348, -123.60599765966673, 20.0, 2021-10-05 02:37:30, 418261.2912001228, 150.0 
 48.69497317151246, -123.59322055162396, 26.206896551724142, 2021-10-05 02:40:00, 303772.79363806266, 150.0 
 48.67961769016433, -123.56803050606231, 34.69387755102041, 2021-10-05 02:42:30, 253985.29222802614, 150.0 
 48.74481251046302, -123.3907406465625, 60.0, 2021-10-05 02:45:00, 398185.25772198406, 150.0 
 48.747920348088186, -123.47325271257367, 26.923076923076927, 2021-10-05 02:47:30, 165210.20760521624, 150.0 
 48.744617970176975, -123.47082534904749, 46.92307692307692, 2021-10-05 02:50:00, 100719.77265250855, 150.0 
 48.756151300869384, -123.42219769734956, 46.92307692307692, 2021-10-05 03:02:30, 99482.71053256727, 150.0 
 48.63588145891683, -123.53586413858628, 20.0, 2021-10-05 03:05:00, 129660.90537088015, 150.0 
 48.82343224086631, -123.18595545492423, 33.87755102040816, 2021-10-05 03:07:30, 287070.40692487976, 300.0 
 47.34770534454258, -122.87123676671182, 20.0, 2021-10-05 03:20:00, 63202.07161232268, 300.0 
 47.441488460024125, -122.76022535043685, 34.69387755102041, 2021-10-05 03:22:30, 22310.6347792673, 150.0 
 48.62635801341329, -123.52424684325061, 20.0, 2021-10-05 03:25:00, 384943.0285715999, 300.0 
 47.40294051922437, -123.02090225392793, 20.0, 2021-10-05 03:30:00, 30735.03421993436, 150.0 
 47.3561905039338, -122.86071996139779, 45.38461538461539, 2021-10-05 03:35:00, 267126.1396179011, 300.0 
 47.45423568597808, -122.91605764785572, 50.769230769230774, 2021-10-05 03:37:30, 165603.077438331, 150.0 
 47.44643588268539, -122.73222912781222, 20.0, 2021-10-05 03:42:30, 148334.68390043706, 300.0 
 47.39940814768189, -123.3125231874869, 60.0, 2021-10-05 03:50:00, 545248.1114393206, 300.0 
 47.29630509834055, -122.86664178142271, 60.0, 2021-10-05 03:52:30, 582657.9376821269, 300.0 
 47.374131606157064, -123.08753000780293, 60.0, 2021-10-05 04:02:30, 1162041.0741502226, 300.0 
 47.4813842023266, -122.79415301982972, 32.30769230769231, 2021-10-05 04:07:30, 501510.6193921304, 300.0 
 47.47060267817339, -122.78659903648901, 30.76923076923077, 2021-10-05 04:10:00, 424936.0882168794, 300.0 
 47.53992983417787, -122.75116964281716, 20.0, 2021-10-05 04:12:30, 165096.51968973715, 150.0 
 47.13583254892953, -123.19315095382679, 36.3265306122449, 2021-10-05 04:27:30, 378509.247258388, 300.0 
 48.0978269172965, -123.17713653501742, 20.0, 2021-10-05 04:30:00, 165616.1517942513, 300.0 
 48.123803442615475, -123.1090825243649, 31.538461538461544, 2021-10-05 04:32:30, 144616.5310725078, 150.0 
 48.04599076525009, -123.208314752643, 46.15384615384615, 2021-10-05 04:35:00, 208040.53430647976, 150.0 
 48.065998739858344, -123.11781898173568, 36.326530612244895, 2021-10-05 04:37:30, 266811.32842193317, 150.0 
 47.965046009318236, -123.16240901061985, 60.0, 2021-10-05 04:40:00, 205734.63312039708, 150.0 
 47.45187955228179, -122.86042332650852, 39.591836734693885, 2021-10-05 04:50:00, 99679.44103594207, 150.0 
 47.56858828353367, -122.71570128326313, 19.999999999999996, 2021-10-05 05:02:30, 179506.14628019664, 300.0 
 47.472593131499586, -122.66660812122919, 33.07692307692308, 2021-10-05 05:05:00, 155063.2221356174, 300.0 
 47.42809294155498, -122.68497594173957, 44.61538461538461, 2021-10-05 05:07:30, 220956.7768283954, 300.0 
 47.486985916688745, -122.94060961140077, 20.0, 2021-10-05 05:20:00, 61367.41468574479, 150.0 
 47.38350027595458, -123.08065288006564, 20.0, 2021-10-05 05:22:30, 107462.44052357212, 150.0 
 47.35412580738725, -123.06141882539823, 60.0, 2021-10-05 05:25:00, 131920.91500186268, 150.0 
 47.28720794578003, -122.80050048623262, 25.38461538461539, 2021-10-05 05:32:30, 148112.7019705788, 150.0 
 47.33553656091027, -122.82082376253595, 20.0, 2021-10-05 05:35:00, 232769.97437877033, 150.0 
 47.545471124776704, -122.88869113968113, 20.0, 2021-10-05 05:40:00, 119328.93281160045, 150.0 
 47.471692259789904, -122.83684097564654, 34.61538461538462, 2021-10-05 05:45:00, 69005.20112706708, 150.0 
 47.315662492668466, -122.63660247476781, 29.230769230769234, 2021-10-05 05:50:00, 244799.73046588895, 150.0 
 47.52484428220659, -122.78861993843663, 20.0, 2021-10-05 05:55:00, 179801.26465481438, 300.0 
 47.275391938304324, -123.07180056315599, 33.84615384615385, 2021-10-05 05:57:30, 283260.5045489409, 300.0 
 47.446295367489654, -123.0409913392863, 20.0, 2021-10-05 06:00:00, 162394.7210332812, 150.0 
 47.41216550040488, -122.83856165811105, 34.69387755102041, 2021-10-05 06:05:00, 217468.9153892906, 300.0 
 47.584538707948525, -123.06362640948264, 60.0, 2021-10-05 06:07:30, 165397.59642276465, 300.0 
 47.347437133508436, -123.20358339764132, 20.0, 2021-10-05 06:10:00, 78836.88413191824, 300.0 
 47.378232245599115, -122.78935037872658, 39.59183673469387, 2021-10-05 06:12:30, 151369.75992172226, 300.0 
 47.39639733235044, -122.57166216476105, 35.38461538461539, 2021-10-05 06:15:00, 162913.2771659743, 150.0 
 47.316707655485274, -122.8256021691711, 20.0, 2021-10-05 06:17:30, 289292.95045238, 300.0 
 47.24503574096411, -123.11173758863309, 45.38461538461539, 2021-10-05 06:27:30, 112860.80246857794, 300.0 
 47.24679130506139, -122.91266882128394, 46.15384615384615, 2021-10-05 06:35:00, 204325.3337917048, 300.0 
 47.394399892945906, -122.89350612843762, 20.0, 2021-10-05 06:37:30, 78864.6149003758, 150.0 
 47.37685324530764, -122.93510496795773, 49.655172413793096, 2021-10-05 06:40:00, 63772.389872142136, 150.0 
 47.408334492518016, -122.89130069531733, 60.0, 2021-10-05 06:50:00, 201133.94456636344, 300.0 
 47.35180379469427, -123.00286039831414, 38.775510204081634, 2021-10-05 06:55:00, 174425.14398762584, 300.0 
 47.42658045508121, -123.19216386312189, 60.00000000000001, 2021-10-05 07:07:30, 90396.47755618703, 300.0 
 47.412994618158564, -122.83914276456815, 20.0, 2021-10-05 07:22:30, 119600.76843108506, 300.0 
 47.30530513790418, -123.17975061780162, 20.689655172413794, 2021-10-05 07:27:30, 68193.4269809807, 300.0 
 47.09191939404171, -123.01010131985845, 60.0, 2021-10-05 07:30:00, 311181.2784731862, 300.0 
 47.3973479566635, -122.71740748297718, 31.53846153846154, 2021-10-05 07:37:30, 59317.859459264924, 150.0 
 47.376925892703895, -122.78394752627827, 33.84615384615385, 2021-10-05 07:40:00, 173573.5602905132, 300.0 
 47.46515131587653, -122.63595329841922, 53.793103448275865, 2021-10-05 07:47:30, 120282.27270872853, 300.0 
 48.70959735641995, -123.50988276783303, 40.40816326530612, 2021-10-05 07:55:00, 91248.58654653328, 150.0 
 48.76452363999439, -123.49780779748438, 45.38461538461539, 2021-10-05 08:00:00, 233520.932956901, 150.0 
 48.92822631349489, -123.37858143023877, 60.00000000000001, 2021-10-05 08:02:30, 126131.5697531646, 150.0 
 47.43643632276316, -122.90504719763693, 38.775510204081634, 2021-10-05 08:05:00, 355505.690086302, 300.0 
 47.402692301438556, -122.86786787506794, 20.0, 2021-10-05 08:07:30, 118089.94962399053, 150.0 
 47.39250708582821, -122.87420292902576, 20.0, 2021-10-05 08:10:00, 108920.70146640447, 150.0 
 48.87454190501235, -123.39018200872783, 60.0, 2021-10-05 08:12:30, 271118.26950504613, 300.0 
 48.556806984383805, -123.55937255102053, 20.0, 2021-10-05 08:15:00, 427868.75730392686, 300.0 
 47.41881621870061, -123.044092298256, 42.30769230769231, 2021-10-05 08:27:30, 71795.3867611761, 150.0 
 47.540930478507136, -123.05681490193979, 20.0, 2021-10-05 08:30:00, 112784.83497568475, 150.0 
 47.32427862946332, -123.31461507777442, 20.0, 2021-10-05 08:32:30, 321589.91069290537, 300.0 
 47.46517663793583, -123.15194887790072, 20.0, 2021-10-05 08:42:30, 215380.4888317851, 150.0 
 47.3356983877274, -122.83290031758885, 54.48275862068965, 2021-10-05 08:52:30, 258396.59915216913, 150.0 
 47.397300036175274, -123.30651666739499, 20.0, 2021-10-05 09:00:00, 226808.59793644145, 150.0 
 48.594210588721936, -123.50681374948462, 20.0, 2021-10-05 09:02:30, 73754.70317381645, 150.0 
 47.479827328601296, -122.8620450922724, 37.95918367346939, 2021-10-05 09:22:30, 634024.9050695808, 300.0 
 47.5679663960247, -122.8188871234931, 30.76923076923077, 2021-10-05 09:30:00, 1109616.982215144, 300.0 
 48.70591585086122, -123.51180441440411, 31.538461538461544, 2021-10-05 09:32:30, 172794.46223703033, 150.0 
 47.4639855328214, -122.97393379990069, 20.0, 2021-10-05 09:35:00, 792980.817105902, 300.0 
 47.447144052890266, -122.87509089789742, 60.0, 2021-10-05 09:37:30, 444313.0126674229, 150.0 
 47.49166790631197, -122.88837620469398, 20.0, 2021-10-05 09:40:00, 483849.4539199012, 150.0 
 48.71513427791639, -123.60037280957037, 40.40816326530612, 2021-10-05 09:42:30, 641264.7957541725, 150.0 
 47.34647661151041, -122.84044750614039, 60.0, 2021-10-05 09:52:30, 163643.72763413456, 150.0 
 47.441485643048324, -122.9145937429184, 60.0, 2021-10-05 09:55:00, 258102.68983502922, 150.0 
 47.402398153345914, -122.58779145231142, 20.0, 2021-10-05 09:57:30, 213097.1398986123, 150.0 
 47.57416481343468, -122.76165393921636, 20.0, 2021-10-05 10:00:00, 476854.78943578084, 300.0 
 47.463625647173515, -122.97818181858607, 20.0, 2021-10-05 10:05:00, 488394.4640402099, 300.0 
 47.4633741064347, -122.99151046202854, 38.77551020408163, 2021-10-05 10:07:30, 154083.2890861297, 150.0 
 47.483012125192964, -122.91830272078397, 20.0, 2021-10-05 10:12:30, 97950.64269597552, 150.0 
 47.508211254184985, -123.31036122614, 60.0, 2021-10-05 10:15:00, 350741.9103389929, 300.0 
 47.50224500558572, -123.33169052728194, 60.0, 2021-10-05 10:17:30, 157057.0279121167, 150.0 
 47.56129582127165, -122.9058388357316, 20.000000000000004, 2021-10-05 10:22:30, 371503.5446121921, 300.0 
 47.62220265560198, -122.8209384670912, 20.0, 2021-10-05 10:25:00, 186340.54879866733, 150.0 
 48.59151847097566, -123.66033923597706, 44.61538461538462, 2021-10-05 10:27:30, 591191.3924840346, 300.0 
 47.61282396704801, -123.29916683742877, 42.857142857142854, 2021-10-05 10:35:00, 328723.3104985994, 300.0 
 47.56479387296366, -123.21518585850859, 40.40816326530613, 2021-10-05 10:37:30, 205751.35278714003, 150.0 
 47.573850961224075, -122.82902966748281, 20.0, 2021-10-05 10:40:00, 293845.7044671565, 300.0 
 47.679119854344876, -122.71953650291677, 60.0, 2021-10-05 10:42:30, 305681.8589993986, 300.0 
 47.711478725285886, -123.45596876471257, 60.0, 2021-10-05 10:50:00, 862321.580506516, 300.0 
 48.61206778160869, -123.738692776022, 28.461538461538463, 2021-10-05 10:52:30, 94669.6217949734, 300.0 
 47.49308999264429, -122.87136762536426, 43.07692307692308, 2021-10-05 11:00:00, 285906.0102452697, 150.0 
 47.37977221674009, -122.93865416953132, 60.0, 2021-10-05 11:02:30, 279661.2761646975, 150.0 
 48.75064164140735, -123.63276082121928, 39.591836734693885, 2021-10-05 11:05:00, 314587.1582570755, 150.0 
 48.84866161093867, -123.68675689996402, 43.84615384615385, 2021-10-05 11:10:00, 101305.9992953213, 150.0 
 48.71229642867348, -123.60599765966674, 33.07692307692308, 2021-10-05 11:12:30, 258443.2332735338, 150.0 
 48.655439712883464, -123.63965789965692, 37.14285714285714, 2021-10-05 11:15:00, 236984.89160029346, 150.0 
 48.500839088959886, -123.66895858772996, 47.692307692307686, 2021-10-05 11:17:30, 164917.08041530053, 300.0 
 48.609327641620325, -123.61800592430502, 60.00000000000001, 2021-10-05 11:20:00, 46311.24143940186, 150.0 
 48.69773967133773, -123.79597796863658, 44.61538461538462, 2021-10-05 11:27:30, 189877.72507598798, 150.0 
 48.40059329089217, -123.59073944612376, 60.0, 2021-10-05 11:32:30, 188869.82062208932, 300.0 
 48.744119762561816, -123.64030153424106, 45.38461538461539, 2021-10-05 11:35:00, 744878.3296605753, 300.0 
 47.57922594130186, -123.02976875698397, 45.38461538461537, 2021-10-05 11:40:00, 948150.7200561462, 300.0 
 47.47056938671275, -123.04462160731126, 20.0, 2021-10-05 11:42:30, 186081.7371219113, 150.0 
 48.63596694543131, -123.54825118413613, 44.61538461538462, 2021-10-05 11:50:00, 730776.5785226728, 300.0 
 47.65327009593288, -122.90451108472001, 20.0, 2021-10-05 11:52:30, 131183.0958609488, 300.0 
 48.7752797058136, -123.56906298683356, 47.69230769230769, 2021-10-05 12:05:00, 889972.7975250899, 150.0 
 48.73852751318753, -123.5373438609538, 41.224489795918366, 2021-10-05 12:07:30, 814032.2583132872, 150.0 
 48.81240562008635, -123.59647172380481, 29.230769230769234, 2021-10-05 12:12:30, 348007.3919681424, 150.0 
 48.708534678392205, -123.5955059561614, 35.51020408163266, 2021-10-05 12:15:00, 283256.9788561037, 150.0 
 48.71873770644109, -123.5860513979948, 44.48979591836734, 2021-10-05 12:17:30, 179859.02221412637, 150.0 
 47.45872777465161, -122.98073141831134, 20.0, 2021-10-05 12:20:00, 102755.10009768279, 300.0 
 48.63596694543131, -123.54825118413616, 39.59183673469388, 2021-10-05 12:22:30, 672784.6678199483, 300.0 
 48.98543941381004, -123.2115716780433, 60.0, 2021-10-05 12:25:00, 2072182.473824766, 300.0 
 48.70078742129496, -123.60368228090289, 33.07692307692307, 2021-10-05 12:30:00, 407789.2286444696, 150.0 
 48.88535436643767, -123.71554365323477, 22.758620689655174, 2021-10-05 12:35:00, 346507.3520289911, 150.0 
 48.92559328343461, -123.35807095250233, 42.04081632653061, 2021-10-05 12:45:00, 1082337.4852535392, 300.0 
 48.59811558723044, -123.66520247848163, 39.59183673469388, 2021-10-05 12:50:00, 507818.7106349844, 300.0 
 48.659966494874965, -123.64145389314453, 32.307692307692314, 2021-10-05 12:52:30, 401965.22434754507, 150.0 
 48.822212070125744, -123.52793797611663, 46.92307692307693, 2021-10-05 12:57:30, 649345.3386275489, 300.0 
 48.81006198486484, -123.2919317806406, 60.0, 2021-10-05 13:00:00, 363794.1007706255, 150.0 
 47.40889751064883, -123.07459046201228, 25.517241379310345, 2021-10-05 13:22:30, 372241.1766081529, 300.0 
 47.485037164042, -122.88371350673592, 20.0, 2021-10-05 13:25:00, 429521.72073939705, 150.0 
 47.66579158742512, -123.13335499918804, 60.0, 2021-10-05 13:37:30, 182062.4179762325, 300.0 
 47.52059241783867, -123.03791242123748, 60.0, 2021-10-05 13:50:00, 100846.34774161327, 300.0 
 47.62765377225098, -123.10022635773022, 53.103448275862064, 2021-10-05 13:52:30, 116365.76022159428, 150.0 
 47.535284550982716, -122.89503873302004, 51.0344827586207, 2021-10-05 14:10:00, 401210.9799621517, 300.0 
 47.66707091249387, -123.4482212704552, 40.0, 2021-10-05 14:15:00, 104861.10353748243, 300.0 
 47.44327827521968, -123.17848148523191, 20.0, 2021-10-05 14:22:30, 101273.8492734341, 300.0 
 47.72184888379167, -123.19289762569002, 59.99999999999999, 2021-10-05 14:30:00, 321416.55917240086, 300.0 
 47.75763309889928, -123.19880234725811, 60.0, 2021-10-05 14:40:00, 200138.49865888953, 300.0 
 47.729004136662915, -123.25238852312411, 60.0, 2021-10-05 14:47:30, 219090.39050646263, 300.0 
 47.63078191936498, -123.24412987979633, 20.0, 2021-10-05 14:50:00, 66607.49505966618, 150.0 
 47.83789548493381, -123.35011206742338, 42.04081632653062, 2021-10-05 14:52:30, 82568.00456802118, 150.0 
 47.726780789059255, -123.11488832099127, 38.775510204081634, 2021-10-05 14:57:30, 91511.82543929732, 300.0 
 47.81133496055519, -123.46583118833915, 55.172413793103445, 2021-10-05 15:07:30, 144211.0668593066, 300.0 
 48.631548117382735, -123.8672886698763, 20.000000000000004, 2021-10-05 23:10:00, 264405.24273082055, 300.0 
 47.33016603528428, -122.93112531568057, 20.0, 2021-10-05 02:02:30, 39087.338897279675, 150.0 
 47.4160231267105, -122.8200639583658, 38.775510204081634, 2021-10-05 02:15:00, 144279.26907085022, 300.0 
 47.4450769861534, -122.8326589544557, 20.000000000000004, 2021-10-05 02:17:30, 60857.292424720414, 150.0 
 47.42245409035003, -122.85295009082209, 20.0, 2021-10-05 02:20:00, 80090.08295256173, 150.0 
 47.345616769003044, -122.90504801325389, 20.0, 2021-10-05 03:27:30, 43030.00806703018, 300.0 
 47.359104381921114, -123.2210385466628, 45.38461538461538, 2021-10-05 03:37:30, 97160.08438741669, 300.0 
 47.34304482422137, -123.23482126439404, 42.04081632653061, 2021-10-05 03:40:00, 51107.69009492289, 150.0 
 47.10908310665077, -122.88505726876959, 31.538461538461537, 2021-10-05 03:42:30, 104569.06602961736, 300.0 
 47.571461001484586, -122.71407900548601, 41.224489795918366, 2021-10-05 03:50:00, 366062.21810959023, 300.0 
 47.36614310442076, -122.82922240218964, 35.51020408163265, 2021-10-05 03:55:00, 91939.35621491256, 150.0 
 47.46214580664719, -122.74697548845953, 55.86206896551724, 2021-10-05 03:57:30, 103790.01540918376, 150.0 
 47.347832828890716, -122.826760573511, 44.48979591836734, 2021-10-05 04:00:00, 154196.9639832399, 150.0 
 47.31685786887706, -122.57760915993623, 33.84615384615385, 2021-10-05 04:02:30, 165159.48519505138, 150.0 
 47.29905898612555, -122.82921375414935, 37.95918367346938, 2021-10-05 04:05:00, 129980.57149816737, 150.0 
 47.23132077325415, -122.8197214882951, 30.769230769230774, 2021-10-05 04:07:30, 68572.7829794793, 150.0 
 47.23465861159801, -122.86444834875198, 36.32653061224489, 2021-10-05 04:10:00, 125096.76821760638, 300.0 
 47.41684816474106, -123.04622681160964, 60.0, 2021-10-05 04:12:30, 132189.32841442293, 300.0 
 47.50696618096343, -122.8866052395619, 28.96551724137931, 2021-10-05 04:17:30, 102229.11970910901, 300.0 
 47.44195660706474, -123.30391083887626, 60.0, 2021-10-05 04:20:00, 72179.80603502871, 300.0 
 47.64312381269705, -122.57417093261856, 20.0, 2021-10-05 04:22:30, 110809.75313504318, 300.0 
 47.460084795790245, -122.98262834312752, 20.0, 2021-10-05 04:27:30, 104431.92637044092, 300.0 
 47.41545144895916, -122.96895886603504, 22.758620689655174, 2021-10-05 04:30:00, 53625.764817793315, 150.0 
 47.23669595841651, -123.04674069681307, 39.591836734693885, 2021-10-05 04:37:30, 79921.91580719316, 300.0 
 47.37552990054094, -123.04490503631224, 36.3265306122449, 2021-10-05 04:40:00, 49934.29347755736, 150.0 
 47.43083987273323, -123.0701585809808, 20.0, 2021-10-05 04:45:00, 80312.09042469715, 300.0 
 47.45791986888096, -122.76704868351963, 20.0, 2021-10-05 04:47:30, 32442.08371727065, 150.0 
 47.309235748472226, -123.22846098252177, 49.23076923076923, 2021-10-05 04:50:00, 107497.07823942658, 300.0 
 47.475785925471385, -122.78573250741967, 32.307692307692314, 2021-10-05 04:52:30, 44367.889143358894, 150.0 
 47.46831458535979, -122.8232304684882, 33.84615384615385, 2021-10-05 04:55:00, 35102.595998759636, 150.0 
 47.469957529776785, -122.76369998997959, 20.0, 2021-10-05 04:57:30, 40871.41740206909, 150.0 
 47.50355539735739, -123.03557818883772, 59.310344827586206, 2021-10-05 05:00:00, 53441.70946691758, 150.0 
 47.45649688514536, -123.222255403639, 60.0, 2021-10-05 05:02:30, 133492.16674339114, 300.0 
 47.14363740525046, -122.89795551914466, 37.142857142857146, 2021-10-05 05:05:00, 71096.59995924812, 300.0 
 47.59340755828383, -123.04275959220571, 50.3448275862069, 2021-10-05 05:10:00, 177626.81824785963, 300.0 
 47.54204764927912, -123.1005056366306, 55.86206896551723, 2021-10-05 05:12:30, 61291.64022781149, 150.0 
 47.30823314439369, -122.82976888504903, 20.0, 2021-10-05 05:17:30, 54366.83194534531, 300.0 
 47.9110371651043, -123.08538522656688, 60.00000000000001, 2021-10-05 05:25:00, 178534.82082321832, 300.0 
 47.37718972578388, -122.82853934981759, 20.0, 2021-10-05 05:27:30, 50485.37009308149, 150.0 
 47.420602115499314, -122.75399715580303, 20.0, 2021-10-05 05:30:00, 41636.957744175816, 150.0 
 47.4332734370942, -122.86038312038053, 32.307692307692314, 2021-10-05 05:37:30, 80827.19183646588, 150.0 
 47.51754090462154, -122.8045136346478, 40.40816326530613, 2021-10-05 05:42:30, 68666.1748364107, 150.0 
 47.421342599406415, -122.89214921701671, 20.0, 2021-10-05 05:47:30, 69397.28346875105, 150.0 
 47.682966188065805, -122.80363544516788, 46.92307692307692, 2021-10-05 06:05:00, 205902.97144013722, 300.0 
 47.3409725462774, -122.49650004757743, 32.30769230769231, 2021-10-05 06:17:30, 79276.08285563737, 150.0 
 47.12117978608833, -122.74847060761442, 27.692307692307693, 2021-10-05 06:45:00, 82599.84683587568, 300.0 
 47.14890213633897, -122.80937213734785, 26.206896551724135, 2021-10-05 06:47:30, 26337.568430525207, 150.0 
 47.041412046527775, -123.0610677771963, 60.0, 2021-10-05 06:50:00, 55960.8847367623, 300.0 
 47.19659696552405, -122.74617259962011, 21.379310344827584, 2021-10-05 07:15:00, 74334.03236758318, 300.0 
 47.1150486271948, -122.70368750346297, 20.0, 2021-10-05 07:22:30, 36923.34038299926, 300.0 
 47.44779154251834, -122.89920503062886, 37.95918367346939, 2021-10-05 07:35:00, 79840.47648163128, 300.0 
 46.996331823330436, -122.93859894164325, 45.38461538461539, 2021-10-05 07:37:30, 56363.3876824628, 300.0 
 47.00832869956185, -122.74184525863909, 20.0, 2021-10-05 07:40:00, 51247.89637803674, 300.0 
 47.066420972507444, -122.7008704139016, 20.0, 2021-10-05 07:42:30, 76816.86086480391, 300.0 
 46.965275634364986, -122.96351807344651, 20.0, 2021-10-05 07:45:00, 45968.88292374843, 300.0 
 47.03915246574381, -123.1052904114925, 49.23076923076924, 2021-10-05 07:47:30, 11973.919335500224, 150.0 
 47.19902765076556, -122.8892389061396, 57.241379310344826, 2021-10-05 07:50:00, 53875.73235132768, 300.0 
 47.23515345015649, -123.2166758441945, 55.86206896551724, 2021-10-05 08:00:00, 109552.40791976675, 300.0 
 47.59344787803056, -123.04140361169482, 60.0, 2021-10-05 08:10:00, 282079.557136318, 300.0 
 47.517113271332214, -123.04323845948821, 60.0, 2021-10-05 08:12:30, 59876.89530231309, 150.0 
 47.50786856973129, -123.01415536243319, 45.38461538461539, 2021-10-05 08:15:00, 78797.09646094432, 150.0 
 47.28054817131953, -122.8010858048433, 20.0, 2021-10-05 08:17:30, 107473.32394001182, 300.0 
 47.37497249024046, -122.9068701709344, 41.22448979591836, 2021-10-05 08:20:00, 55418.44724029488, 150.0 
 47.365074399147005, -122.89949245485386, 46.92307692307692, 2021-10-05 08:22:30, 52807.79040904058, 150.0 
 47.458645183226544, -122.90529880204788, 25.51724137931035, 2021-10-05 08:25:00, 44158.43844520861, 150.0 
 47.33872001467033, -123.1074241975772, 25.517241379310345, 2021-10-05 08:35:00, 46624.7655715636, 150.0 
 47.48863889352657, -123.36683750703912, 48.46153846153847, 2021-10-05 08:37:30, 298019.00355845236, 300.0 
 47.50309150145851, -123.37464611424836, 42.04081632653061, 2021-10-05 08:40:00, 141018.0872994689, 150.0 
 47.700725866632254, -123.04974320759563, 60.0, 2021-10-05 08:45:00, 641629.6194672323, 300.0 
 47.45065953556336, -122.89531862676422, 20.0, 2021-10-05 08:47:30, 212002.05410427297, 300.0 
 47.475350677393116, -122.83450000673574, 20.0, 2021-10-05 08:50:00, 62912.00119869689, 150.0 
 47.462277663161075, -123.03290993545033, 58.62068965517241, 2021-10-05 08:55:00, 175490.61417195175, 150.0 
 47.36395606405473, -123.15372825192364, 59.3103448275862, 2021-10-05 08:57:30, 178740.60600372974, 150.0 
 47.39392831070984, -122.91887416728204, 46.92307692307693, 2021-10-05 09:05:00, 141790.9265032451, 300.0 
 47.46353828768019, -122.82971638777977, 41.224489795918366, 2021-10-05 09:12:30, 277998.6533822669, 300.0 
 47.35788977155494, -122.89363753367476, 59.310344827586206, 2021-10-05 09:15:00, 172121.84400628653, 150.0 
 47.2702401987112, -123.03135383122942, 60.0, 2021-10-05 09:17:30, 113885.23007828153, 150.0 
 47.5060839351674, -123.16459871859232, 20.0, 2021-10-05 09:20:00, 403374.15972698753, 300.0 
 47.05550280772996, -122.66258938020638, 20.0, 2021-10-05 09:22:30, 378552.63935090444, 300.0 
 47.45180668397511, -123.25445808326955, 43.07692307692308, 2021-10-05 09:25:00, 236031.23911963415, 300.0 
 47.202340817354234, -122.66965570407694, 52.41379310344828, 2021-10-05 09:32:30, 250872.32423102338, 300.0 
 47.72787509852544, -123.18500574263184, 60.0, 2021-10-05 09:37:30, 617489.6457286262, 300.0 
 47.692559165088355, -122.72119705996224, 44.61538461538462, 2021-10-05 09:40:00, 537436.0799825231, 300.0 
 47.343974243843945, -122.83328722705077, 60.0, 2021-10-05 09:42:30, 203958.86823647164, 300.0 
 47.62698623338481, -123.1781748122402, 53.103448275862064, 2021-10-05 09:45:00, 408944.116509983, 300.0 
 47.37439971186995, -122.82972304910139, 54.48275862068966, 2021-10-05 09:47:30, 174437.49104290392, 300.0 
 47.45329558431665, -122.83451358642257, 53.793103448275865, 2021-10-05 09:50:00, 73810.50411211533, 150.0 
 47.196560764295896, -122.71381367482783, 33.84615384615384, 2021-10-05 09:55:00, 126734.65252298788, 300.0 
 47.673475963275905, -122.71327066344021, 43.67346938775511, 2021-10-05 09:57:30, 355186.40463654033, 300.0 
 47.31584459356776, -122.88563486120853, 33.07692307692308, 2021-10-05 10:00:00, 56296.06821342508, 150.0 
 47.49086335957618, -123.43887557666459, 60.0, 2021-10-05 10:02:30, 245906.67888646785, 300.0 
 47.49903622051401, -123.18446955039644, 20.0, 2021-10-05 10:10:00, 88018.38024632569, 150.0 
 47.37065967627384, -122.96071386546038, 60.0, 2021-10-05 10:27:30, 79551.6565534035, 300.0 
 47.59105978442702, -122.87008101388216, 46.15384615384615, 2021-10-05 10:30:00, 170203.63274097684, 300.0 
 47.62012271447741, -123.39386825189536, 43.846153846153854, 2021-10-05 10:40:00, 99908.91318152078, 300.0 
 47.55734984801544, -122.95624630009917, 34.61538461538461, 2021-10-05 10:45:00, 150783.5716893767, 150.0 
 47.51050268314531, -123.17032158161499, 60.0, 2021-10-05 10:50:00, 363619.65183625574, 300.0 
 47.42981338154176, -122.98070300035575, 45.30612244897959, 2021-10-05 10:52:30, 79564.24697656248, 150.0 
 47.60114262135789, -122.90331099098748, 32.307692307692314, 2021-10-05 10:55:00, 207667.81043878422, 150.0 
 47.515677440209394, -122.83831166631997, 20.0, 2021-10-05 10:57:30, 133896.95816377093, 150.0 
 47.46471161039483, -123.31091966443324, 60.0, 2021-10-05 11:17:30, 101702.70665447667, 300.0 
 47.514141774642326, -122.7609050642166, 21.379310344827587, 2021-10-05 13:37:30, 107758.93577530037, 300.0 
 47.58997968290965, -122.90804933098296, 38.775510204081634, 2021-10-05 14:02:30, 218687.8586345707, 300.0 
 47.58757373938329, -122.83047510410654, 60.0, 2021-10-05 14:05:00, 84110.71299641622, 150.0 
 47.4790202157252, -122.83472316458787, 20.0, 2021-10-05 14:20:00, 116737.04422577453, 300.0 
 48.71952792341415, -123.98712476842076, 43.84615384615385, 2021-10-06 00:20:00, 96935.01466616028, 300.0 
 48.967864355624066, -123.73911696787312, 34.61538461538461, 2021-10-06 00:47:30, 123891.06104868634, 300.0 
 48.80297290871518, -123.9132974159728, 20.0, 2021-10-06 00:52:30, 128393.26016881666, 300.0 
 48.84686193805279, -123.76766401421554, 20.0, 2021-10-06 00:55:00, 93933.79482062465, 150.0 
 48.79769100715019, -123.80573887627916, 20.0, 2021-10-06 00:57:30, 93667.2015559048, 150.0 
 48.872517137203474, -123.80184924793771, 20.0, 2021-10-06 01:02:30, 247775.22940896222, 150.0 
 48.81374820946559, -123.72122507888909, 33.87755102040816, 2021-10-06 01:05:00, 154420.00624694428, 150.0 
 48.841167199072714, -123.78500490927857, 20.0, 2021-10-06 01:07:30, 106054.35341307316, 150.0 
 48.87590473047217, -123.77449241414129, 20.000000000000004, 2021-10-06 01:10:00, 72443.4545995773, 150.0 
 48.80557835962893, -123.82495250355147, 20.0, 2021-10-06 01:12:30, 91431.18612781582, 150.0 
 48.69759218606116, -124.06609097752224, 30.612244897959183, 2021-10-06 01:25:00, 172539.1258610302, 300.0 
 48.932766905216006, -123.91826565678105, 43.07692307692307, 2021-10-06 01:35:00, 61570.15783182612, 300.0 
 48.82465674616684, -123.8832979505776, 20.0, 2021-10-06 01:37:30, 37915.94981916403, 150.0 
 48.864079155123335, -123.99823880828143, 20.0, 2021-10-06 01:40:00, 38875.555067492875, 150.0 
 48.70350241111657, -123.9585280695931, 60.0, 2021-10-06 01:50:00, 49422.78946850406, 150.0 
 48.628901884824174, -123.71030131932235, 20.0, 2021-10-06 01:52:30, 98086.30473174198, 150.0 
 48.930314851778505, -123.97824878402872, 43.07692307692307, 2021-10-06 02:27:30, 144717.90960899837, 300.0 
 48.810812557032776, -123.91186788409132, 20.0, 2021-10-06 02:30:00, 31102.49434366242, 150.0 
 48.77533682160174, -123.85930736095753, 20.0, 2021-10-06 02:35:00, 123180.50417059024, 300.0 
 48.828536793539335, -123.77236371383438, 38.775510204081634, 2021-10-06 02:37:30, 85032.8975546241, 150.0 
 48.816453074430726, -123.71746587935621, 33.07692307692307, 2021-10-06 02:40:00, 106018.26395160105, 150.0 
 48.80830908257932, -123.93038381480277, 20.0, 2021-10-06 03:00:00, 33611.42527226892, 300.0 
 48.955031672793396, -123.68698378380635, 20.0, 2021-10-06 12:10:00, 268292.56240098673, 300.0 
 48.9247163603041, -123.83883808654706, 39.59183673469388, 2021-10-06 12:35:00, 61715.11832271628, 300.0 
 48.93267649365972, -123.74273898890165, 43.673469387755105, 2021-10-06 13:00:00, 105547.55869575834, 300.0 
 48.9352145763984, -123.74487635505436, 43.84615384615385, 2021-10-06 13:02:30, 42005.294073261946, 150.0 
 48.88169255318456, -123.84382528618434, 20.0, 2021-10-06 13:12:30, 119455.3147812991, 300.0 
 48.89452845773407, -123.87129609538341, 20.0, 2021-10-06 13:15:00, 48637.81464574091, 150.0 
 48.734108949717076, -123.68388057217197, 37.142857142857146, 2021-10-06 01:00:00, 210730.06629031047, 150.0 
 48.76925458384059, -123.73000725904616, 33.84615384615385, 2021-10-06 01:45:00, 185125.48631443945, 300.0 
 48.76135202873825, -123.79219365437203, 20.0, 2021-10-06 01:47:30, 62209.898112963805, 150.0 
 47.46927425242189, -122.48014810140086, 60.0, 2021-10-06 09:25:00, 48816.44653389243, 300.0 
 47.58235007073028, -122.46275493201799, 59.3103448275862, 2021-10-06 10:02:30, 23601.449810034737, 300.0 
 47.45793585292463, -122.54111279376474, 33.07692307692308, 2021-10-06 10:05:00, 20263.287917490285, 150.0 
 47.39160290267219, -122.5802918355144, 38.775510204081634, 2021-10-06 10:22:30, 106937.16162321923, 300.0 
 47.362061269756374, -122.50451710779033, 20.0, 2021-10-06 10:35:00, 47221.38432219341, 300.0 
 47.39301287595534, -122.59173714467201, 52.41379310344827, 2021-10-06 10:50:00, 120951.80531223066, 300.0 
 47.354231389722216, -122.55435194334984, 20.0, 2021-10-06 12:02:30, 79363.3670397375, 300.0 
 47.305880983025624, -122.6417469559684, 31.53846153846154, 2021-10-06 12:17:30, 33575.13935846982, 300.0 
 47.3655532143209, -122.67729155065146, 60.0, 2021-10-06 12:20:00, 50447.84531919506, 150.0 
 47.42076627429671, -122.9659904766425, 20.0, 2021-10-06 12:37:30, 29348.478031868588, 150.0 
 47.43509689896784, -122.89660984899442, 20.0, 2021-10-06 12:47:30, 32106.514861099477, 300.0 
 47.39077063521474, -122.86699377948145, 20.0, 2021-10-06 12:50:00, 31007.731000761076, 150.0 
 47.79451227938046, -123.4673363864901, 23.448275862068964, 2021-10-06 14:20:00, 81787.26320239088, 300.0 
 47.81618829845508, -123.31029211569614, 30.344827586206897, 2021-10-06 14:42:30, 56141.649798537495, 300.0 
 47.688570022503434, -123.07565383248664, 55.86206896551724, 2021-10-06 14:45:00, 70181.63162721951, 150.0 
 47.53963968631002, -123.20482156252217, 60.0, 2021-10-06 14:55:00, 327800.17708752217, 300.0 
 47.81698162031544, -123.40172308541254, 20.0, 2021-10-06 14:57:30, 30228.53081834185, 300.0 
 47.682933912567464, -123.2874097148113, 20.0, 2021-10-06 15:15:00, 70385.63846177027, 300.0 
 47.70051627938596, -123.32416040760138, 20.0, 2021-10-06 15:17:30, 8425.030169162088, 150.0 
 47.6568561823763, -123.4544785067914, 60.0, 2021-10-06 15:27:30, 98553.55155052549, 300.0 
 47.64384573260637, -123.27909058070017, 20.0, 2021-10-06 15:30:00, 20228.35009737042, 150.0 
 47.682893131584976, -123.37497757541811, 20.0, 2021-10-06 15:32:30, 18247.019466557016, 150.0 
 47.68666570093475, -123.24780860403112, 20.0, 2021-10-06 16:12:30, 34584.97248913725, 300.0 
 47.637163421384365, -123.2245561047163, 20.0, 2021-10-06 16:57:30, 100169.82824406539, 300.0 
 47.70419460784486, -123.32226246448434, 20.0, 2021-10-06 17:07:30, 174236.84242842038, 300.0 
 47.82799217605195, -123.09479927548361, 45.38461538461539, 2021-10-06 17:47:30, 135208.8433622701, 300.0 
 47.8236581725959, -123.19002142098196, 45.38461538461538, 2021-10-06 17:50:00, 71336.88848941484, 150.0 
 47.704564027393985, -123.23039079501059, 31.03448275862069, 2021-10-06 17:55:00, 132452.3165159073, 300.0 
 47.7694199036948, -123.07123588958201, 55.86206896551724, 2021-10-06 18:02:30, 163236.6133641773, 300.0 
 47.99896374242253, -123.31580258284123, 28.979591836734695, 2021-10-06 18:05:00, 213918.53268354473, 300.0 
 47.738027400805365, -123.05496401550145, 54.48275862068965, 2021-10-06 18:15:00, 784188.4749035976, 300.0 
 47.737077471520074, -123.11768508700888, 36.32653061224489, 2021-10-06 18:17:30, 50383.50639023588, 150.0 
 48.02941015515472, -123.23439031127789, 46.122448979591844, 2021-10-06 18:22:30, 168657.73933437068, 150.0 
 47.61861998825754, -122.95831549588392, 60.0, 2021-10-06 18:25:00, 299515.06092664355, 300.0 
 47.772771306433725, -123.27765813438859, 20.0, 2021-10-06 18:27:30, 181637.0530088193, 300.0 
 47.751505254974184, -123.20198352807245, 35.51020408163265, 2021-10-06 19:10:00, 391441.99176000344, 300.0 
 47.804806663054904, -123.153874018549, 20.0, 2021-10-06 19:45:00, 140690.58392385644, 300.0 
 47.82843511172075, -123.17527873978881, 19.999999999999996, 2021-10-06 19:47:30, 47032.22961136833, 150.0 
 47.947462916699266, -123.34249827615275, 57.931034482758626, 2021-10-06 19:55:00, 393321.81101196853, 300.0 
 47.60815077815618, -123.19785312546796, 20.0, 2021-10-06 19:57:30, 415301.6938388955, 300.0 
 47.80027605734967, -123.3215818975241, 20.0, 2021-10-06 20:02:30, 92201.20996580018, 300.0 
 47.85119611728801, -123.32179500540173, 33.07692307692307, 2021-10-06 20:07:30, 226854.23098991477, 300.0 
 47.94237673608136, -123.19470381053532, 34.69387755102041, 2021-10-06 20:22:30, 196337.36709264497, 300.0 
 47.668338805810535, -123.14119837657685, 20.0, 2021-10-06 20:27:30, 30438.54441957586, 300.0 
 47.754467209495836, -123.2963046036174, 20.0, 2021-10-06 20:47:30, 236507.04044758104, 300.0 
 47.966668071363785, -123.28648701660971, 54.48275862068966, 2021-10-06 20:50:00, 334112.17411128513, 150.0 
 47.76839595423365, -123.1279103506624, 20.0, 2021-10-06 20:57:30, 717924.2916239939, 300.0 
 47.748451658055714, -123.26780434640762, 30.3448275862069, 2021-10-06 21:02:30, 46578.185707706536, 300.0 
 47.626164430050046, -123.19259152046568, 20.0, 2021-10-06 21:15:00, 46864.57801243888, 300.0 
 47.627797482701794, -123.4154920427296, 29.795918367346943, 2021-10-06 21:25:00, 44130.15273972089, 300.0 
 47.46482457061226, -122.8455177963957, 60.0, 2021-10-06 21:27:30, 64439.93351644069, 300.0 
 47.37487579197814, -122.94120455195072, 20.0, 2021-10-06 21:30:00, 58571.092286013765, 150.0 
 47.36124410658827, -122.87024765086343, 20.0, 2021-10-06 21:32:30, 87134.9524197026, 150.0 
 47.34513324426759, -122.89487190930967, 30.769230769230774, 2021-10-06 21:37:30, 210861.86494267193, 300.0 
 47.57672777940818, -123.13785656187581, 20.0, 2021-10-06 21:40:00, 175320.5928026353, 300.0 
 47.62803123028018, -123.17432452879527, 60.0, 2021-10-06 21:57:30, 101199.44446836952, 300.0 
 47.70744416303975, -123.23093608137458, 33.07692307692308, 2021-10-06 22:00:00, 59610.12938726378, 150.0 
 47.66335323027457, -122.98994883215042, 45.38461538461539, 2021-10-06 22:07:30, 89963.9661623332, 300.0 
 47.91044769330131, -123.29008358501743, 55.172413793103445, 2021-10-06 22:17:30, 400940.0489902953, 300.0 
 47.426420772526384, -122.8605397014242, 60.0, 2021-10-06 22:20:00, 406279.09467224317, 300.0 
 47.524777212837954, -122.81408413536732, 60.0, 2021-10-06 22:22:30, 298932.9160058104, 150.0 
 47.706908500995375, -123.30456625450392, 20.0, 2021-10-06 22:25:00, 492836.4945241902, 300.0 
 47.77182783040651, -123.30874292351642, 20.0, 2021-10-06 22:27:30, 293143.8335380388, 150.0 
 47.58390475561105, -123.37197301420674, 20.0, 2021-10-06 22:30:00, 355914.541402291, 150.0 
 47.645598272500415, -123.33617868580453, 33.87755102040816, 2021-10-06 22:32:30, 495117.560716253, 150.0 
 47.63628816212015, -123.26162948683496, 45.38461538461539, 2021-10-06 22:35:00, 356357.6814824045, 150.0 
 47.766983506906, -123.27351421017855, 25.51724137931035, 2021-10-06 22:40:00, 378182.59918965684, 300.0 
 47.78032561540678, -123.29516661598663, 20.0, 2021-10-06 22:45:00, 397401.6852111252, 300.0 
 47.63199022886389, -123.12138404613269, 45.38461538461539, 2021-10-06 22:47:30, 258252.61021848305, 150.0 
 47.65276136438848, -123.0321634211403, 55.86206896551724, 2021-10-06 22:50:00, 243859.5932991083, 150.0 
 47.86768182974993, -123.28363127245123, 51.724137931034484, 2021-10-06 22:52:30, 199632.89965225506, 300.0 
 47.68461879537984, -123.16636035272342, 23.448275862068968, 2021-10-06 22:55:00, 95198.37940076379, 150.0 
 47.743387017823736, -123.34279541510413, 20.0, 2021-10-06 22:57:30, 85402.03006181384, 150.0 
 47.817655307405545, -123.38402996528846, 20.0, 2021-10-06 23:00:00, 60661.14342238547, 150.0 
 47.225278251664314, -122.56576267471178, 40.0, 2021-10-06 09:25:00, 40384.49459047829, 300.0 
 47.340107722382854, -122.56674189392558, 60.00000000000001, 2021-10-06 09:40:00, 66443.1322483721, 300.0 
 47.29004482386393, -122.61932933792612, 21.379310344827584, 2021-10-06 10:25:00, 36581.20391961556, 150.0 
 47.05880357506231, -122.81069880915355, 37.14285714285714, 2021-10-06 11:32:30, 66315.54168514238, 300.0 
 47.244520609337364, -122.63834578189478, 52.41379310344827, 2021-10-06 11:55:00, 29144.130905399586, 300.0 
 47.14549594270177, -122.79973901671822, 23.448275862068964, 2021-10-06 11:57:30, 25120.0961072758, 150.0 
 47.38283836027236, -122.47577787098328, 58.62068965517241, 2021-10-06 12:10:00, 49541.117830052885, 300.0 
 47.25395461183804, -122.83188436049895, 35.51020408163265, 2021-10-06 12:30:00, 69074.84085724257, 300.0 
 47.24260605896515, -122.84334280031297, 25.51724137931035, 2021-10-06 12:32:30, 60869.632792651355, 150.0 
 47.227709782728724, -122.94631999791103, 20.0, 2021-10-06 12:35:00, 30468.558437805154, 150.0 
 47.88048949377298, -123.271898997894, 20.0, 2021-10-06 18:20:00, 66881.2517298027, 150.0 
 47.65575497963942, -123.25765937540257, 20.0, 2021-10-06 19:52:30, 376045.26844366605, 300.0 
 47.995934084455364, -123.13482604912507, 20.0, 2021-10-06 21:07:30, 366490.31161479553, 300.0 
 47.37065967627383, -122.96071386546038, 43.84615384615384, 2021-10-06 22:40:00, 260352.70171137544, 300.0 
 47.35096671074737, -122.9107887215508, 46.12244897959184, 2021-10-06 22:52:30, 562582.9200879701, 300.0 
 47.74730436722992, -123.32141211702924, 20.0, 2021-10-07 00:07:30, 28125.446174232904, 300.0 
 47.78741068176427, -123.22008065425369, 43.07692307692307, 2021-10-07 00:57:30, 141372.198345175, 300.0 
 47.82469071127494, -123.3906078069931, 34.61538461538462, 2021-10-07 01:00:00, 54762.412852175075, 150.0 
 47.6309574008912, -123.3060876455935, 20.000000000000004, 2021-10-07 01:10:00, 22049.982703383143, 300.0 
 47.50624255926125, -123.11343040052647, 60.0, 2021-10-07 01:27:30, 62536.908910344224, 300.0 
 47.54742188592851, -123.2028306441079, 60.0, 2021-10-07 01:30:00, 32830.58882129675, 150.0 
 47.84880751680676, -123.15957575573847, 34.69387755102041, 2021-10-07 01:37:30, 24683.16062803805, 300.0 
 47.704483793323554, -123.30887293890726, 55.17241379310345, 2021-10-07 01:40:00, 25100.542217335835, 150.0 
 47.658413103143225, -123.30007039761568, 60.0, 2021-10-07 02:17:30, 80516.47295037881, 300.0 
 47.591141675442444, -123.22190198093288, 53.10344827586207, 2021-10-07 02:22:30, 57875.48492471266, 300.0 
 47.69110441721135, -123.37482350637525, 20.0, 2021-10-07 02:25:00, 26576.14429324555, 150.0 
 47.68666570093475, -123.24780860403112, 20.0, 2021-10-07 02:30:00, 26537.695921508977, 300.0 
 47.55753811275866, -123.31544886962419, 60.0, 2021-10-07 03:07:30, 49552.30359043298, 300.0 
 47.687652678599584, -123.2228522947003, 20.0, 2021-10-07 05:35:00, 32725.04137093726, 300.0 
 47.819248337005064, -123.20048660787654, 60.0, 2021-10-07 06:05:00, 85386.91867660313, 300.0 
 47.68619838039876, -123.3773481765765, 20.0, 2021-10-07 06:10:00, 137836.36400045076, 300.0 
 47.904323275504616, -123.49050957530199, 20.0, 2021-10-07 06:15:00, 130552.73192058083, 300.0 
 47.69873421076016, -123.3546109442641, 20.0, 2021-10-07 06:27:30, 50336.749036586014, 300.0 
 47.78548102584719, -123.36696032413207, 60.0, 2021-10-07 06:45:00, 59266.6398634659, 300.0 
 47.64852167635444, -123.4922940530265, 20.0, 2021-10-07 06:55:00, 44373.33841717402, 300.0 
 47.72308822840114, -123.47037055392161, 19.999999999999996, 2021-10-07 07:05:00, 103592.1593575449, 300.0 
 47.54454181744791, -123.20228767567535, 20.0, 2021-10-07 07:10:00, 34687.170825110254, 300.0 
 47.75543737730371, -123.35900156980529, 20.0, 2021-10-07 07:12:30, 55236.56383497632, 300.0 
 47.69038227194308, -123.43625691377162, 30.0, 2021-10-07 07:15:00, 28321.194444592624, 150.0 
 47.69403894806348, -123.43132912090294, 20.000000000000004, 2021-10-07 07:17:30, 31505.702156780124, 150.0 
 47.8172811293079, -123.16882669601446, 60.0, 2021-10-07 07:20:00, 48632.51499494076, 150.0 
 47.685898074275386, -123.29707644844545, 31.72413793103448, 2021-10-07 07:30:00, 10265.492764493745, 300.0 
 47.76210180790481, -123.36983362244206, 35.38461538461539, 2021-10-07 07:55:00, 11632.603833092664, 300.0 
 47.646638640899546, -123.36107299422673, 20.000000000000004, 2021-10-07 08:00:00, 29644.023182039182, 300.0 
 47.496031864185476, -123.32575205303529, 60.00000000000001, 2021-10-07 08:17:30, 54304.51488436477, 300.0 
 47.58790111610085, -123.31301833014909, 20.000000000000004, 2021-10-07 08:20:00, 9113.41819859402, 150.0 
 47.74423042105534, -123.44322965845979, 20.0, 2021-10-07 08:22:30, 16028.167425258462, 150.0 
 47.83919287441164, -123.5117120207758, 20.0, 2021-10-07 08:25:00, 22104.27207977654, 150.0 
 47.73421904421405, -123.42392581290042, 20.0, 2021-10-07 09:27:30, 32473.70920482931, 300.0 
 47.58482648014581, -123.2912277388836, 20.0, 2021-10-07 09:30:00, 14115.67239947924, 150.0 
 47.736020984949974, -123.39346065625114, 20.0, 2021-10-07 09:32:30, 19161.936843148127, 150.0 
 47.77560206261471, -123.5779116878438, 20.0, 2021-10-07 09:42:30, 124619.8491476579, 300.0 
 47.73241637148308, -123.40448164431069, 20.0, 2021-10-07 09:45:00, 52471.11615821579, 150.0 
 47.66810763563724, -123.28285156733646, 20.0, 2021-10-07 09:47:30, 19108.602513598613, 150.0 
 47.618552365233285, -123.25349812574721, 20.0, 2021-10-07 09:50:00, 10219.636302753453, 150.0 
 47.565508480992555, -123.38141774887161, 32.30769230769231, 2021-10-07 10:30:00, 144360.9329731905, 300.0 
 47.58322115752759, -123.09279270678624, 54.48275862068965, 2021-10-07 10:32:30, 70340.1271990456, 150.0 
 47.7121248913338, -123.24787501868386, 33.07692307692308, 2021-10-07 10:35:00, 97348.70807928804, 150.0 
 47.722164615378816, -123.26713904348465, 20.0, 2021-10-07 10:37:30, 73266.28541952459, 150.0 
 47.70066677568566, -123.29556659690238, 20.0, 2021-10-07 10:40:00, 110902.52557435578, 150.0 
 47.79155029114231, -123.18221304887365, 20.0, 2021-10-07 10:42:30, 106875.75604040876, 150.0 
 47.7577739944312, -123.2986738074077, 20.0, 2021-10-07 10:45:00, 98313.4421352152, 150.0 
 47.68737359985534, -123.23623764970057, 36.15384615384616, 2021-10-07 10:47:30, 116372.03389203797, 150.0 
 47.76317736165536, -123.45081816368024, 20.0, 2021-10-07 10:50:00, 190539.14245136818, 150.0 
 47.8839378901317, -123.06658598352905, 20.0, 2021-10-07 10:55:00, 274393.85835841106, 300.0 
 48.05176653394729, -123.01955499353866, 60.0, 2021-10-07 10:57:30, 104313.32734525579, 150.0 
 47.50880810344868, -123.42671727138135, 43.6734693877551, 2021-10-07 11:00:00, 222035.2066640913, 300.0 
 47.740066514332234, -123.24971937223253, 20.0, 2021-10-07 11:02:30, 137241.1356947961, 300.0 
 47.732136924218565, -123.23649908790657, 33.87755102040816, 2021-10-07 11:05:00, 43897.979016232064, 150.0 
 47.85003615929308, -122.97590972148872, 48.46153846153847, 2021-10-07 11:10:00, 94644.99676353642, 300.0 
 47.793413080515144, -123.16388553445273, 32.30769230769231, 2021-10-07 11:17:30, 137847.56761924402, 300.0 
 47.74770588367546, -123.1917175486488, 33.07692307692308, 2021-10-07 11:20:00, 46252.37328344327, 150.0 
 47.67228320074135, -123.1259083281482, 20.0, 2021-10-07 11:22:30, 38241.76546716055, 150.0 
 47.830345988473454, -122.9105700809369, 28.96551724137931, 2021-10-07 11:30:00, 104924.73639631458, 300.0 
 47.736483021812234, -123.3514516441508, 30.0, 2021-10-07 11:37:30, 154502.8798003332, 300.0 
 47.77088835731816, -123.29596986536961, 20.0, 2021-10-07 11:40:00, 70243.61506295745, 150.0 
 47.667280826193696, -123.28226063159065, 34.69387755102041, 2021-10-07 11:52:30, 109853.63349189356, 300.0 
 47.75980986292744, -123.34247611196807, 36.326530612244895, 2021-10-07 12:07:30, 52675.43400277814, 300.0 
 47.79730991137254, -123.51177556506441, 20.0, 2021-10-07 12:12:30, 128360.90389581565, 300.0 
 47.79289483200614, -123.07736284702004, 20.0, 2021-10-07 12:17:30, 47649.533742883235, 300.0 
 47.788786369943814, -123.36933511804688, 42.307692307692314, 2021-10-07 12:37:30, 49912.168781969325, 300.0 
 47.65173022320175, -123.33302149160556, 20.0, 2021-10-07 12:40:00, 58721.214914792574, 150.0 
 47.75241348590721, -123.49301451511968, 31.428571428571427, 2021-10-07 12:45:00, 128159.51086227241, 300.0 
 47.66280436826311, -123.28660737849765, 20.0, 2021-10-07 12:47:30, 43220.53357654193, 150.0 
 47.76650242645148, -123.6304233254712, 45.30612244897959, 2021-10-07 12:52:30, 137995.66398452298, 300.0 
 47.84470537015028, -123.20053521430869, 20.0, 2021-10-07 13:05:00, 104464.98426350544, 300.0 
 47.84773044494368, -123.02416855560988, 35.38461538461539, 2021-10-07 13:07:30, 34020.92638401039, 150.0 
 47.81424816200133, -123.36946145253937, 20.000000000000004, 2021-10-07 13:15:00, 111011.264750561, 300.0 
 47.53351494828731, -123.38565386994598, 54.48275862068966, 2021-10-07 13:20:00, 282042.92954058666, 300.0 
 47.75383768335882, -123.36390395202552, 20.0, 2021-10-07 13:27:30, 98506.4091805972, 300.0 
 47.80775517484042, -123.28608207065099, 20.0, 2021-10-07 13:30:00, 101355.39386371193, 150.0 
 47.82238005633745, -123.2693194164072, 30.344827586206897, 2021-10-07 13:37:30, 374342.2882941815, 300.0 
 47.81907264070291, -123.26694949376282, 30.344827586206897, 2021-10-07 13:40:00, 194197.31891799992, 150.0 
 47.515735467053055, -123.23747085822018, 45.38461538461539, 2021-10-07 13:55:00, 365043.70259504986, 300.0 
 47.81254396733735, -123.36217975985642, 20.000000000000004, 2021-10-07 13:57:30, 464381.92797553836, 300.0 
 47.76190486788869, -123.13537097636112, 33.84615384615385, 2021-10-07 14:10:00, 583095.8861540329, 300.0 
 47.65492918016663, -123.32323707026532, 33.07692307692307, 2021-10-07 14:25:00, 1267714.6206841313, 300.0 
 47.58821047313956, -123.49875231917262, 25.51724137931035, 2021-10-07 14:30:00, 1876254.780380477, 300.0 
 47.72447046143921, -123.25065843549599, 35.38461538461539, 2021-10-07 14:32:30, 517786.3795405783, 150.0 
 47.70606688348965, -123.17560919841887, 20.0, 2021-10-07 14:45:00, 920590.7608575516, 300.0 
 47.70239093199769, -123.1775177550746, 20.0, 2021-10-07 14:47:30, 495922.81858253665, 150.0 
 47.74636964262161, -123.30864732394414, 20.0, 2021-10-07 14:50:00, 298286.8214783835, 150.0 
 47.74488736240946, -123.19725973337779, 45.38461538461539, 2021-10-07 14:52:30, 389284.19281673385, 150.0 
 47.84867926849949, -123.14737560958912, 32.30769230769231, 2021-10-07 14:57:30, 841195.9084690056, 300.0 
 47.815835125780005, -123.14813472122204, 34.61538461538462, 2021-10-07 15:00:00, 587775.3349078353, 150.0 
 47.88105599570925, -123.35538342408175, 20.0, 2021-10-07 15:02:30, 539314.3413325817, 150.0 
 47.88222072389131, -123.30164092319349, 20.0, 2021-10-07 15:05:00, 673515.3844117377, 150.0 
 47.83024482853547, -123.52344185492137, 25.51724137931034, 2021-10-07 15:10:00, 1805068.8773978348, 300.0 
 47.845131969173046, -123.28714283785592, 20.0, 2021-10-07 15:12:30, 302680.7063752501, 150.0 
 47.66652166043393, -122.98013951526399, 20.0, 2021-10-07 15:15:00, 273176.07981734705, 300.0 
 47.82186457736247, -123.25835396452071, 28.96551724137931, 2021-10-07 15:22:30, 477534.26834078756, 300.0 
 47.85358077655277, -123.06916467658222, 37.14285714285714, 2021-10-07 15:25:00, 233667.75235261006, 150.0 
 47.875386579029936, -123.4134756330561, 20.0, 2021-10-07 15:35:00, 682375.605217351, 300.0 
 47.88563881925916, -123.31622603930742, 20.0, 2021-10-07 15:37:30, 578585.1322260046, 150.0 
 47.92990646746051, -123.17970314662148, 20.0, 2021-10-07 15:40:00, 495945.71727819246, 150.0 
 47.896761704823, -123.19083949372299, 20.0, 2021-10-07 15:42:30, 438889.52714741096, 150.0 
 47.80600697061014, -123.31963937500085, 20.0, 2021-10-07 15:45:00, 245296.96908938538, 150.0 
 47.882476101053705, -123.15940618654359, 20.000000000000004, 2021-10-07 15:47:30, 234016.67118742585, 150.0 
 47.8846855766864, -123.21552173138, 20.0, 2021-10-07 15:50:00, 411831.9006702815, 150.0 
 47.89792799565754, -123.0326579900975, 51.03448275862069, 2021-10-07 15:55:00, 223852.2869031628, 300.0 
 47.84972990565943, -123.21018451252908, 36.15384615384616, 2021-10-07 16:05:00, 168334.55211568324, 300.0 
 47.723012166617146, -123.1861763089339, 20.0, 2021-10-07 16:12:30, 77639.0198340323, 300.0 
 47.88627960324795, -123.21060343036669, 33.87755102040816, 2021-10-07 16:20:00, 307243.0910696959, 300.0 
 47.84309256208429, -123.33415225951924, 28.96551724137931, 2021-10-07 16:22:30, 308077.96880010783, 150.0 
 47.91149557658672, -123.18622928589423, 20.0, 2021-10-07 16:27:30, 923575.0212660735, 300.0 
 47.90554308975735, -123.29262520511026, 20.0, 2021-10-07 16:30:00, 377642.79354761617, 150.0 
 47.95067176645075, -123.24463723230669, 20.0, 2021-10-07 16:47:30, 139512.74603892618, 300.0 
 47.923379934383014, -123.2250622384776, 32.30769230769231, 2021-10-07 16:57:30, 153339.16447413363, 300.0 
 47.83633291117909, -123.06898566934007, 53.103448275862064, 2021-10-07 17:10:00, 268044.27085551363, 300.0 
 47.83295504302269, -123.25872961909637, 45.38461538461538, 2021-10-07 17:27:30, 46410.29805993879, 300.0 
 47.800808631048945, -123.01500145165008, 22.75862068965517, 2021-10-07 17:32:30, 328061.5887355466, 300.0 
 47.87177957057484, -123.42452398781856, 44.61538461538461, 2021-10-07 18:22:30, 795819.2372001043, 300.0 
 47.91512309930703, -123.26311221154936, 20.0, 2021-10-07 18:27:30, 542556.75155696, 300.0 
 47.88912137818542, -123.29295424820835, 20.000000000000004, 2021-10-07 18:42:30, 795375.5272738724, 300.0 
 47.8841044516069, -123.28329120388067, 20.0, 2021-10-07 18:45:00, 506066.2831061331, 150.0 
 47.98410179092637, -123.22007375198976, 20.0, 2021-10-07 18:57:30, 402518.76399918075, 300.0 
 47.77387402340965, -122.99436885550116, 57.93103448275862, 2021-10-07 19:10:00, 422937.9084499956, 300.0 
 47.868547987646195, -123.12372308452012, 46.92307692307693, 2021-10-07 19:12:30, 212238.0973306706, 150.0 
 47.90895078003833, -123.17834679015711, 52.41379310344827, 2021-10-07 19:20:00, 691828.728935025, 300.0 
 47.84546422542363, -123.32373706071965, 20.0, 2021-10-07 19:37:30, 297762.2461571161, 300.0 
 47.82941335690647, -123.23197531378959, 19.999999999999996, 2021-10-07 19:42:30, 744735.7268677874, 300.0 
 47.85612622509774, -123.15269541916302, 35.38461538461539, 2021-10-07 19:45:00, 238316.2111608027, 150.0 
 47.877090638095346, -123.279775186622, 20.0, 2021-10-07 19:47:30, 418230.3275837859, 150.0 
 47.87218654146764, -123.28231783023202, 20.0, 2021-10-07 19:50:00, 332562.4972029619, 150.0 
 47.920189809669594, -123.23490375754116, 34.61538461538461, 2021-10-07 20:00:00, 1269020.6722362798, 300.0 
 47.81831761047336, -123.14990594584772, 34.69387755102041, 2021-10-07 20:10:00, 2124166.3752874173, 300.0 
 47.85968689783792, -123.17945861453711, 35.38461538461539, 2021-10-07 20:12:30, 1099900.615423195, 150.0 
 47.874114280295515, -123.22612833626924, 30.344827586206897, 2021-10-07 20:15:00, 598222.9794725301, 150.0 
 47.78971867493462, -123.0871907466472, 34.61538461538462, 2021-10-07 20:32:30, 670632.0399159127, 300.0 
 47.59542630705822, -123.15867089816345, 20.0, 2021-10-07 20:52:30, 821705.8338558525, 300.0 
 47.72840697525864, -123.36682611154936, 20.0, 2021-10-07 20:57:30, 730481.6863073986, 300.0 
 47.752454780111734, -123.21474958375426, 20.0, 2021-10-07 21:07:30, 900716.2500832576, 300.0 
 47.7944829105419, -123.07244889720647, 45.38461538461539, 2021-10-07 21:15:00, 731338.7885822377, 300.0 
 47.572421490875826, -122.97532583512196, 60.0, 2021-10-07 21:27:30, 472141.11051528377, 300.0 
 47.732162082593405, -123.04476047355442, 35.51020408163265, 2021-10-07 21:35:00, 2102811.134408369, 300.0 
 47.78481939491939, -123.08974817723545, 33.84615384615384, 2021-10-07 21:37:30, 439800.14848547964, 150.0 
 47.84326404255159, -123.17982770730947, 20.0, 2021-10-07 21:57:30, 2760551.6912175748, 300.0 
 47.94870554642438, -123.02036505008067, 28.965517241379306, 2021-10-07 22:10:00, 1506078.7190498968, 300.0 
 47.813028539597845, -123.11588925549695, 43.84615384615385, 2021-10-07 22:15:00, 2219050.415858253, 300.0 
 47.9328439113952, -123.10753699983749, 20.0, 2021-10-07 22:17:30, 1422310.6703848566, 150.0 
 47.78988240856365, -123.35347356412163, 20.0, 2021-10-07 22:20:00, 2108209.8102648347, 150.0 
 47.88627960324795, -123.21060343036669, 20.0, 2021-10-07 22:22:30, 2432165.9546122383, 150.0 
 47.86458947317388, -123.17690755077427, 58.62068965517241, 2021-10-07 22:25:00, 1747590.6643997226, 150.0 
 47.99271103590945, -123.21866223245938, 26.896551724137932, 2021-10-07 22:27:30, 787963.5128248166, 150.0 
 48.02016095892072, -123.17154350284595, 30.769230769230774, 2021-10-07 22:30:00, 610202.2296118338, 150.0 
 48.11323532412153, -123.00877247689566, 20.0, 2021-10-07 22:32:30, 558985.307106918, 150.0 
 47.66147874191772, -122.97054624393435, 34.61538461538462, 2021-10-07 22:35:00, 875640.3994086793, 300.0 
 47.72320474854078, -123.08819628436092, 34.61538461538462, 2021-10-07 22:37:30, 605610.7515359394, 150.0 
 47.70505041130543, -123.15677296464607, 34.61538461538461, 2021-10-07 22:40:00, 646201.7125893141, 150.0 
 47.79184353991338, -123.29737042600566, 20.0, 2021-10-07 22:42:30, 543753.5104803586, 150.0 
 47.802250713087055, -123.45928169317038, 20.0, 2021-10-07 23:07:30, 330919.5507490206, 300.0 
 47.89214002532514, -123.30876982454083, 20.0, 2021-10-07 23:15:00, 227937.09837674865, 300.0 
 47.90254091429955, -123.00566744305073, 60.0, 2021-10-07 23:17:30, 74169.56451291543, 150.0 
 48.08522625372039, -123.14983688179818, 25.517241379310338, 2021-10-07 23:35:00, 525115.3211973007, 300.0 
 48.09515446494443, -123.15696576945344, 24.827586206896548, 2021-10-07 23:37:30, 267285.56447843206, 150.0 
 47.87774697646545, -123.26206435290143, 43.846153846153854, 2021-10-07 23:40:00, 199460.5977807538, 300.0 
 47.970320838896974, -123.11764738876872, 51.72413793103448, 2021-10-07 23:47:30, 191659.98828675828, 300.0 
 47.787185765951335, -123.37423963124525, 51.724137931034484, 2021-10-07 23:50:00, 145534.84305371807, 300.0 
 47.553314529475884, -123.12297107357243, 59.99999999999999, 2021-10-07 02:07:30, 96105.71260585994, 300.0 
 47.69817614036094, -123.0427704540926, 20.0, 2021-10-07 06:07:30, 33931.39999447162, 150.0 
 47.658641238799575, -123.19612629064926, 60.0, 2021-10-08 00:00:00, 509956.5265277633, 300.0 
 47.72574359636262, -123.55248441051891, 49.23076923076923, 2021-10-08 00:02:30, 809186.5037728996, 300.0 
 47.640585259917806, -123.32655432931247, 32.30769230769231, 2021-10-08 00:15:00, 612629.07924542, 300.0 
 47.63553974888535, -123.22641472994385, 20.0, 2021-10-08 00:22:30, 348851.7949771369, 300.0 
 47.83195990381471, -122.81354861067655, 45.38461538461539, 2021-10-08 00:25:00, 886060.8975350863, 300.0 
 47.790071218621705, -123.0451406522892, 33.07692307692308, 2021-10-08 00:27:30, 422370.1217689103, 150.0 
 47.94906210602446, -123.33757758386193, 36.3265306122449, 2021-10-08 00:30:00, 637036.9057404817, 300.0 
 47.85159848785831, -123.19184100735022, 30.76923076923077, 2021-10-08 00:32:30, 322244.422817138, 150.0 
 47.93188353019304, -123.09472952686477, 47.69230769230769, 2021-10-08 00:35:00, 238399.38790932597, 150.0 
 47.86899287793891, -123.29214809723555, 36.326530612244895, 2021-10-08 00:37:30, 336205.93141208513, 150.0 
 47.906795858192794, -123.25106853260255, 31.538461538461544, 2021-10-08 00:40:00, 454752.0369377533, 150.0 
 47.90317424279041, -123.30305386887294, 42.857142857142854, 2021-10-08 00:42:30, 591139.004960999, 150.0 
 47.96190658128424, -123.2602957851524, 29.230769230769234, 2021-10-08 00:45:00, 721924.9280177641, 150.0 
 48.01273176992679, -123.12827013025264, 33.87755102040816, 2021-10-08 00:47:30, 792501.0452090509, 150.0 
 48.020809713712325, -123.11583526675744, 31.42857142857143, 2021-10-08 00:50:00, 796481.2075028, 150.0 
 47.87466691427133, -123.28409737680026, 34.61538461538462, 2021-10-08 00:52:30, 732576.6214789693, 150.0 
 47.96369764219974, -123.07500442188338, 36.326530612244895, 2021-10-08 01:00:00, 591598.4378967256, 150.0 
 47.98932704031461, -122.98261370253124, 34.61538461538462, 2021-10-08 01:02:30, 953472.6169230366, 150.0 
 47.965170728296584, -123.17463187676412, 20.0, 2021-10-08 01:05:00, 535293.31133477, 150.0 
 47.80891380988981, -123.32323886455848, 38.775510204081634, 2021-10-08 01:07:30, 568846.9129604773, 150.0 
 47.84701253040963, -123.26880059803186, 20.0, 2021-10-08 01:10:00, 663242.7372790824, 150.0 
 47.82855522256323, -123.10881070831786, 35.38461538461539, 2021-10-08 01:12:30, 549996.3783323832, 150.0 
 47.74770588367546, -123.19171754864881, 33.84615384615385, 2021-10-08 01:15:00, 534330.5031317819, 150.0 
 47.996039034266246, -123.06625596532783, 60.00000000000001, 2021-10-08 01:17:30, 745804.7780915619, 300.0 
 47.75714202155564, -123.11234031487194, 44.48979591836735, 2021-10-08 01:20:00, 341831.99538480263, 300.0 
 47.939549564077474, -123.04565436652877, 52.41379310344827, 2021-10-08 01:22:30, 164494.17165968506, 150.0 
 47.62296365413072, -123.33054016898197, 20.0, 2021-10-08 01:25:00, 282902.03966623545, 300.0 
 47.8284797616836, -123.26309297449649, 60.0, 2021-10-08 01:27:30, 187032.57392313523, 150.0 
 47.66480039786305, -123.28048782435309, 35.38461538461539, 2021-10-08 01:32:30, 431689.6692224439, 300.0 
 47.75652974340588, -123.2116143434525, 46.15384615384616, 2021-10-08 01:35:00, 235331.42625415666, 150.0 
 47.82669231597089, -122.94725785742682, 60.0, 2021-10-08 01:37:30, 148992.12934340932, 150.0 
 47.971536688745246, -123.15491868075729, 47.692307692307686, 2021-10-08 01:40:00, 382878.5693732737, 150.0 
 48.08386895228982, -123.06223858406356, 46.15384615384615, 2021-10-08 01:45:00, 221037.87514729437, 300.0 
 47.73364232877503, -123.18168075061894, 34.69387755102041, 2021-10-08 01:47:30, 309490.03583535214, 300.0 
 47.67837421525445, -123.08198432562712, 58.62068965517241, 2021-10-08 01:50:00, 126400.12965734994, 150.0 
 47.785840916708324, -123.07083394682132, 54.48275862068966, 2021-10-08 02:00:00, 433765.44169115997, 300.0 
 47.51396875032835, -122.96413072283784, 45.30612244897959, 2021-10-08 02:07:30, 291769.66355747246, 300.0 
 47.604862867296916, -123.15784960780846, 49.23076923076923, 2021-10-08 02:12:30, 457145.9926391628, 300.0 
 47.62755825390775, -122.98419937037632, 35.38461538461539, 2021-10-08 02:15:00, 428362.8270487683, 150.0 
 47.606454681162475, -123.15295610362196, 20.0, 2021-10-08 02:17:30, 657696.2151058723, 300.0 
 47.77664686291589, -122.62082905957789, 43.84615384615385, 2021-10-08 02:20:00, 438590.67744934914, 300.0 
 47.68817932228218, -123.1930453358332, 60.0, 2021-10-08 02:22:30, 455782.2145011096, 300.0 
 47.53368586748995, -123.14491879162557, 60.0, 2021-10-08 02:25:00, 229786.0336994277, 150.0 
 47.52600801656392, -123.28090633738016, 46.92307692307692, 2021-10-08 02:27:30, 262279.26417902944, 150.0 
 47.80864058960652, -123.16719595454424, 60.0, 2021-10-08 02:30:00, 420246.83682697726, 300.0 
 47.86143825931832, -123.2746064617696, 46.15384615384615, 2021-10-08 02:32:30, 177434.63535355325, 150.0 
 47.48361006671356, -123.36052522086334, 46.92307692307693, 2021-10-08 02:35:00, 464520.23585427756, 300.0 
 47.56900080734052, -122.99847213279244, 20.0, 2021-10-08 02:37:30, 203792.42117409318, 300.0 
 47.57082674996636, -123.2872678729213, 60.0, 2021-10-08 02:40:00, 104735.21743672888, 150.0 
 47.55941275125495, -123.13158603174872, 30.76923076923077, 2021-10-08 02:42:30, 118895.62107055157, 150.0 
 47.78487564372988, -122.76375640583058, 20.0, 2021-10-08 02:45:00, 243367.60187382935, 300.0 
 47.78741068176427, -123.22008065425369, 37.95918367346938, 2021-10-08 02:47:30, 259271.41503285174, 300.0 
 47.88761232138169, -123.06466385259968, 54.48275862068965, 2021-10-08 02:52:30, 226097.14520737965, 300.0 
 47.69175240426757, -122.57498116796506, 43.84615384615385, 2021-10-08 02:55:00, 439027.33641802974, 300.0 
 47.85242619129792, -123.11372905366147, 44.48979591836735, 2021-10-08 02:57:30, 165292.07313658088, 300.0 
 48.02663415915361, -123.38135854852183, 33.07692307692308, 2021-10-08 03:00:00, 244519.94673997027, 300.0 
 47.6472524530577, -123.12770742880681, 60.00000000000001, 2021-10-08 03:02:30, 320030.0321277323, 300.0 
 48.04845411017202, -123.01719042044957, 60.0, 2021-10-08 03:05:00, 167261.82658458027, 300.0 
 47.427924137746736, -123.05052599695686, 59.31034482758622, 2021-10-08 03:12:30, 290155.7575077367, 300.0 
 47.77720445358663, -122.93031484710743, 56.55172413793104, 2021-10-08 03:17:30, 259051.01180497906, 300.0 
 47.61345015528422, -123.1157495780599, 35.510204081632644, 2021-10-08 03:20:00, 186660.04978541474, 150.0 
 47.824931968668594, -122.81009900471938, 60.0, 2021-10-08 03:30:00, 243066.02819165812, 150.0 
 48.0967099940547, -122.77380372360287, 45.38461538461539, 2021-10-08 03:32:30, 402124.6854635419, 300.0 
 48.00271075010174, -122.717923574801, 53.79310344827587, 2021-10-08 03:35:00, 91220.28918446877, 150.0 
 47.94698246246348, -123.33456233210616, 34.61538461538461, 2021-10-08 03:37:30, 216474.40033200104, 300.0 
 48.03482951909443, -123.24284391669545, 35.51020408163265, 2021-10-08 03:40:00, 134634.2185101032, 150.0 
 48.05900599583536, -123.15535417535175, 37.142857142857146, 2021-10-08 03:42:30, 244106.77633021478, 150.0 
 47.99944735483412, -123.2356432320439, 35.51020408163265, 2021-10-08 03:45:00, 277516.99131754803, 150.0 
 48.08729348676008, -122.93406129914099, 57.93103448275862, 2021-10-08 03:47:30, 175268.9004955103, 150.0 
 48.06046398238601, -123.30539074591017, 35.38461538461539, 2021-10-08 03:50:00, 423487.0115720667, 300.0 
 48.01496295846635, -122.86442822461471, 59.310344827586206, 2021-10-08 04:00:00, 296064.3106581197, 300.0 
 47.993226386527745, -123.07183125889105, 46.92307692307692, 2021-10-08 04:02:30, 83588.16875939119, 150.0 
 48.02982984674352, -123.04031821052101, 45.30612244897958, 2021-10-08 04:05:00, 81656.3439389495, 150.0 
 47.996054431427176, -123.18311121615476, 57.6923076923077, 2021-10-08 04:07:30, 88881.19576939676, 150.0 
 48.11992884550131, -123.0926162239521, 34.69387755102041, 2021-10-08 04:10:00, 107556.52706440487, 150.0 
 48.08970328423901, -122.92970403494806, 20.0, 2021-10-08 04:15:00, 190333.62895704646, 300.0 
 47.87404516224144, -123.3518535036119, 34.61538461538462, 2021-10-08 04:17:30, 287043.2492495059, 300.0 
 47.87775058054851, -123.3530043573522, 37.142857142857146, 2021-10-08 04:20:00, 136590.91275628106, 150.0 
 47.893963023288364, -123.2403510727858, 46.15384615384615, 2021-10-08 04:22:30, 226381.32500828148, 300.0 
 47.948581575564354, -123.32964181927083, 33.84615384615385, 2021-10-08 04:25:00, 103136.54355743226, 150.0 
 48.02690425382967, -123.18853102892895, 44.61538461538461, 2021-10-08 04:27:30, 94254.20519366664, 150.0 
 47.87905572613779, -123.36152508440118, 41.22448979591836, 2021-10-08 04:30:00, 117006.58147787205, 150.0 
 47.88606640730169, -123.36505536209503, 44.61538461538463, 2021-10-08 04:32:30, 131902.54646134275, 150.0 
 47.70978853462067, -123.62269115884186, 46.15384615384615, 2021-10-08 04:35:00, 387382.6059153984, 300.0 
 47.83206984845568, -123.25204050578279, 37.14285714285714, 2021-10-08 04:37:30, 309915.8757530868, 300.0 
 47.8570478757717, -123.28812094403537, 35.51020408163265, 2021-10-08 04:40:00, 138770.84614173436, 150.0 
 47.88147366565812, -123.51041477394958, 60.0, 2021-10-08 04:45:00, 181140.51424512535, 300.0 
 47.83500857254304, -123.5587326545767, 52.41379310344827, 2021-10-08 04:47:30, 97854.96540228341, 150.0 
 47.716305232074646, -123.5532369958413, 60.0, 2021-10-08 04:52:30, 213626.37053626488, 300.0 
 48.089034487743334, -123.20123570811784, 34.69387755102041, 2021-10-08 04:55:00, 240812.55764634302, 300.0 
 48.04185503055557, -123.2053447329474, 37.14285714285714, 2021-10-08 04:57:30, 107165.03237780453, 150.0 
 47.875181224504345, -123.43910977497418, 46.92307692307692, 2021-10-08 05:00:00, 131501.33369674152, 300.0 
 47.88615454714268, -123.65806316087335, 20.0, 2021-10-08 05:02:30, 147272.27878953778, 150.0 
 47.486754334846125, -123.17326377404767, 42.85714285714286, 2021-10-08 05:07:30, 132287.70247479927, 300.0 
 47.598987809491064, -123.18530641158682, 60.0, 2021-10-08 05:10:00, 82687.78382137953, 150.0 
 47.50516595881552, -123.1667896281904, 20.0, 2021-10-08 05:12:30, 63404.07081133553, 150.0 
 48.17894694863038, -123.28579902499453, 20.0, 2021-10-08 05:15:00, 154179.28194409146, 300.0 
 48.175639958066974, -123.2834124849818, 20.0, 2021-10-08 05:17:30, 69359.23745480519, 150.0 
 47.47953026212059, -123.36363011340049, 60.0, 2021-10-08 05:20:00, 317362.4148806575, 300.0 
 47.82918398654695, -123.09111201156496, 32.41379310344828, 2021-10-08 05:22:30, 202137.17894718758, 300.0 
 48.06760925049888, -122.97013403764578, 60.0, 2021-10-08 05:25:00, 147704.13226958417, 300.0 
 47.653937431021674, -123.26065263798561, 60.0, 2021-10-08 05:27:30, 257462.1036708173, 300.0 
 48.10801562204389, -123.29706914232207, 20.0, 2021-10-08 05:30:00, 182659.0521446635, 300.0 
 47.979581594280376, -122.92416020872021, 31.538461538461533, 2021-10-08 05:35:00, 253739.35078860115, 300.0 
 48.14964852220197, -122.74150663482285, 20.0, 2021-10-08 05:37:30, 155466.55070471825, 150.0 
 48.05730980852141, -122.96734495150197, 30.344827586206897, 2021-10-08 05:40:00, 122979.92437110745, 150.0 
 48.02398737509482, -123.105964085085, 59.99999999999999, 2021-10-08 05:42:30, 262669.5945980734, 150.0 
 48.073730720896464, -122.96690753339881, 35.38461538461539, 2021-10-08 05:45:00, 176059.23493562668, 150.0 
 48.0883653376264, -122.92116037117108, 34.61538461538462, 2021-10-08 05:47:30, 225493.72115914917, 150.0 
 47.85984175621046, -123.27952081895715, 45.38461538461539, 2021-10-08 05:50:00, 237400.25585938548, 300.0 
 48.012573500203814, -122.93548990936806, 20.0, 2021-10-08 05:52:30, 252947.99127024613, 300.0 
 47.965236208799304, -122.99425931292593, 33.84615384615385, 2021-10-08 05:55:00, 64251.647004624545, 150.0 
 47.507438111644205, -123.18795082854741, 20.000000000000004, 2021-10-08 06:00:00, 173007.92290982397, 300.0 
 47.45529711318417, -123.27266278099458, 33.84615384615385, 2021-10-08 06:02:30, 161916.18790031332, 150.0 
 47.64579219193935, -123.14475985430646, 59.99999999999999, 2021-10-08 06:05:00, 219273.3568481799, 150.0 
 47.57182648414056, -123.14039815495103, 45.38461538461538, 2021-10-08 06:07:30, 281356.4970102534, 150.0 
 47.886024596810465, -123.06958683882365, 60.0, 2021-10-08 06:10:00, 143499.1037573098, 150.0 
 47.43994727134613, -123.06051974800278, 47.69230769230769, 2021-10-08 06:12:30, 176959.92803193512, 150.0 
 47.557597699470335, -123.2778306123949, 42.857142857142854, 2021-10-08 06:17:30, 108553.94655994083, 150.0 
 47.360606590751246, -123.29093092818135, 58.62068965517241, 2021-10-08 06:20:00, 314504.4866387384, 300.0 
 48.07438169988624, -122.98710793684752, 49.23076923076924, 2021-10-08 06:25:00, 119905.06849755856, 300.0 
 48.075965621502085, -122.9821641778962, 46.15384615384616, 2021-10-08 06:27:30, 73574.20715517555, 150.0 
 47.54844549034143, -123.26527785659695, 34.61538461538462, 2021-10-08 06:35:00, 375660.32410661597, 300.0 
 47.56900298426206, -123.26789059774875, 46.15384615384616, 2021-10-08 06:42:30, 161480.53511905414, 150.0 
 47.556184108784976, -123.21658817290566, 20.0, 2021-10-08 06:45:00, 94649.51476545917, 150.0 
 47.50538397032525, -123.63524219703953, 60.0, 2021-10-08 06:50:00, 154453.88840790364, 300.0 
 47.49007962547536, -123.3034483838026, 59.31034482758621, 2021-10-08 06:55:00, 145999.85207238488, 300.0 
 47.51554158525622, -123.30354877596307, 56.55172413793103, 2021-10-08 06:57:30, 71691.21950722583, 150.0 
 47.55768227151106, -123.16196275218566, 33.07692307692308, 2021-10-08 07:02:30, 66709.97147722584, 300.0 
 47.631816745255776, -123.35649491251529, 26.89655172413793, 2021-10-08 07:05:00, 48803.29282250006, 150.0 
 47.538131192942934, -123.34978778763012, 55.862068965517246, 2021-10-08 07:07:30, 122813.51986852413, 300.0 
 47.53371619095279, -123.40990044934449, 20.0, 2021-10-08 07:15:00, 264702.6339399184, 300.0 
 47.400715736800464, -123.23386583293103, 20.0, 2021-10-08 07:17:30, 76813.03365043191, 150.0 
 47.402586630830655, -123.1751564277613, 53.103448275862064, 2021-10-08 07:27:30, 28075.162786184093, 300.0 
 47.2739402131276, -123.12614651226033, 35.51020408163265, 2021-10-08 07:30:00, 29293.459541599823, 150.0 
 47.41744110251211, -123.10463708915904, 33.87755102040816, 2021-10-08 07:37:30, 100369.81147265724, 150.0 
 47.53002687206621, -123.27172741985471, 48.46153846153846, 2021-10-08 07:42:30, 123283.71433651382, 300.0 
 47.683719443788426, -123.37557022570772, 20.0, 2021-10-08 07:45:00, 37723.42724469231, 150.0 
 47.60173240468962, -123.25506275662195, 35.51020408163265, 2021-10-08 07:47:30, 34728.41639289205, 150.0 
 47.54469430006543, -123.17681286761078, 20.0, 2021-10-08 07:50:00, 37601.15367008317, 150.0 
 47.483168545066526, -123.22483790561543, 20.0, 2021-10-08 07:52:30, 50542.99739456246, 150.0 
 47.49809037819273, -123.01000072509633, 32.30769230769231, 2021-10-08 08:00:00, 30222.165758447067, 300.0 
 47.484780820213594, -123.06668524070145, 36.326530612244895, 2021-10-08 08:02:30, 18505.28839640789, 150.0 
 47.22027286810908, -122.95981200943811, 20.0, 2021-10-08 08:05:00, 83838.32028974344, 300.0 
 47.12890065755105, -122.92120796807377, 42.04081632653061, 2021-10-08 08:12:30, 136841.02184164932, 300.0 
 47.436755026549555, -123.03275506409354, 54.48275862068965, 2021-10-08 08:15:00, 50847.46486269007, 300.0 
 47.99673547224116, -123.55137020981337, 44.61538461538461, 2021-10-08 08:20:00, 46250.08306649643, 300.0 
 48.0419986719485, -123.56597663313792, 30.769230769230774, 2021-10-08 08:22:30, 36930.11145559602, 150.0 
 47.69824030773961, -123.4963447897963, 20.0, 2021-10-08 08:30:00, 75160.09674612276, 300.0 
 47.917748695907136, -123.47439993627322, 53.103448275862064, 2021-10-08 08:32:30, 18960.289509504633, 150.0 
 47.43122467071311, -122.82045497964397, 59.310344827586206, 2021-10-08 08:40:00, 207073.33162592445, 300.0 
 47.54411287683533, -123.20047761655667, 20.0, 2021-10-08 08:45:00, 65855.70711408215, 150.0 
 47.53577877224339, -123.18853209074555, 22.75862068965517, 2021-10-08 08:47:30, 81237.2654834499, 150.0 
 47.65314367994305, -123.35365502819744, 20.0, 2021-10-08 08:50:00, 65188.8945479303, 150.0 
 47.69883172743774, -123.46652604119905, 57.241379310344826, 2021-10-08 08:52:30, 86331.4752321594, 150.0 
 47.884170030065356, -123.38340530576063, 34.69387755102041, 2021-10-08 08:55:00, 77105.77406654188, 150.0 
 47.498975978787215, -123.16389955507677, 46.92307692307693, 2021-10-08 08:57:30, 211459.49796165485, 300.0 
 47.6127211281919, -122.97973216614427, 59.310344827586206, 2021-10-08 09:00:00, 92920.44837628328, 150.0 
 47.56907455965358, -123.15199108904727, 42.85714285714286, 2021-10-08 09:02:30, 55158.8961019319, 150.0 
 47.91143454723354, -123.40305027316772, 44.61538461538461, 2021-10-08 09:12:30, 104503.25787911672, 300.0 
 47.92444948485639, -123.38815194576395, 39.59183673469388, 2021-10-08 09:15:00, 48999.38156079119, 150.0 
 47.758475720104165, -123.42775655792364, 60.0, 2021-10-08 09:17:30, 52648.74815548247, 150.0 
 47.747999438110455, -123.35366539884976, 60.0, 2021-10-08 09:20:00, 49278.51217507252, 150.0 
 47.47863432196149, -123.22311789524574, 29.230769230769234, 2021-10-08 09:35:00, 94353.20005180182, 300.0 
 47.31033189181002, -123.18929845646784, 44.61538461538462, 2021-10-08 09:40:00, 117269.29993944205, 300.0 
 47.78781902793528, -123.40042989621196, 34.61538461538462, 2021-10-08 09:42:30, 118359.06611408136, 300.0 
 47.82877104291306, -123.38748436995544, 35.51020408163265, 2021-10-08 09:45:00, 50200.19595978094, 150.0 
 48.063867949222406, -123.71755242169499, 57.24137931034483, 2021-10-08 09:47:30, 83136.2444878175, 300.0 
 47.72460555473497, -123.40340684989222, 55.172413793103445, 2021-10-08 09:55:00, 258510.50606801073, 300.0 
 47.794007488951124, -123.50939174961292, 45.30612244897959, 2021-10-08 09:57:30, 265973.4472353295, 300.0 
 48.133813578817545, -123.24563140708025, 33.07692307692308, 2021-10-08 10:00:00, 221384.2210390815, 300.0 
 48.12081773557077, -123.26062883833812, 34.61538461538461, 2021-10-08 10:02:30, 69219.46720809008, 150.0 
 47.97163591014033, -123.43435871253352, 37.95918367346939, 2021-10-08 10:05:00, 61077.74314531513, 150.0 
 48.02628243687757, -123.61089625265328, 47.69230769230769, 2021-10-08 10:07:30, 63193.95283199268, 150.0 
 48.14580117379855, -123.61716837807035, 47.69230769230769, 2021-10-08 10:10:00, 36302.802025341334, 150.0 
 48.135291381190484, -123.22842641840552, 34.61538461538461, 2021-10-08 10:15:00, 50809.61533111112, 300.0 
 48.18678692046055, -123.28993246817502, 43.84615384615385, 2021-10-08 10:17:30, 46589.989093459015, 150.0 
 48.1554218367764, -123.18809869212113, 46.92307692307692, 2021-10-08 10:25:00, 87354.18731760274, 300.0 
 47.74052098965873, -123.4950369891119, 60.0, 2021-10-08 10:27:30, 204356.1793030109, 300.0 
 48.082140049773756, -123.20996643976326, 46.15384615384615, 2021-10-08 10:30:00, 120537.20594547092, 300.0 
 48.408398633744724, -123.15216776087087, 33.87755102040816, 2021-10-08 10:32:30, 161678.99909211762, 300.0 
 48.23482537782309, -123.16295369034826, 60.0, 2021-10-08 10:35:00, 33066.40078722843, 150.0 
 47.73288100261529, -123.70757472096166, 54.48275862068965, 2021-10-08 10:37:30, 117812.5699341585, 300.0 
 47.79079351041529, -123.51919184055907, 23.846153846153847, 2021-10-08 10:40:00, 25436.355192284027, 150.0 
 48.227494568554626, -123.25223161098157, 56.55172413793104, 2021-10-08 10:42:30, 50351.591272047124, 300.0 
 47.93212274144885, -123.53037081984051, 60.0, 2021-10-08 10:45:00, 45720.12714329408, 300.0 
 48.049169671196495, -123.47830394877862, 46.92307692307692, 2021-10-08 10:47:30, 25665.333986452213, 150.0 
 47.68108378789336, -123.35555338528287, 20.0, 2021-10-08 11:00:00, 59748.94746169622, 300.0 
 47.7055545365301, -123.43356410928165, 20.0, 2021-10-08 11:05:00, 33340.717078975285, 300.0 
 48.1910491664157, -123.21984465813078, 37.14285714285714, 2021-10-08 11:12:30, 24389.750114411632, 300.0 
 48.09272738472946, -123.33170790259459, 43.07692307692308, 2021-10-08 11:15:00, 15344.653824298512, 150.0 
 47.9876881663192, -123.20898582884202, 60.0, 2021-10-08 11:22:30, 87319.14437306303, 300.0 
 47.65276949237033, -123.63138939709171, 60.0, 2021-10-08 11:27:30, 121644.41948926735, 300.0 
 48.04001525388897, -123.18578964537633, 52.41379310344827, 2021-10-08 11:32:30, 168215.5860641317, 300.0 
 47.69359507314343, -123.53533936092037, 60.0, 2021-10-08 11:35:00, 53498.44944219561, 300.0 
 47.83412061980922, -123.6764436870049, 60.0, 2021-10-08 11:42:30, 243951.21087688295, 300.0 
 47.64442440773301, -123.21163464383409, 55.86206896551725, 2021-10-08 11:47:30, 291251.7196964371, 300.0 
 47.93453097857033, -123.31952739031473, 55.172413793103445, 2021-10-08 11:50:00, 246366.3733984215, 300.0 
 47.75111779843311, -123.48451249806885, 60.0, 2021-10-08 11:52:30, 99585.78298959669, 150.0 
 48.18283898094445, -123.22002481339928, 45.384615384615394, 2021-10-08 11:57:30, 138944.66234653504, 300.0 
 48.24913129725218, -123.1564821159239, 31.53846153846154, 2021-10-08 12:00:00, 99730.5808609107, 150.0 
 48.201586321551034, -123.16495007355128, 33.84615384615385, 2021-10-08 12:02:30, 124659.0208741991, 150.0 
 48.08719812955859, -123.18166799381541, 33.87755102040817, 2021-10-08 12:05:00, 98180.78359616135, 150.0 
 48.031404139146275, -123.22822666026674, 33.84615384615385, 2021-10-08 12:07:30, 140963.83221262836, 150.0 
 48.111091442320486, -123.36628502552759, 33.84615384615385, 2021-10-08 12:10:00, 164279.6215367431, 150.0 
 47.86266418235016, -123.27397103973303, 59.3103448275862, 2021-10-08 12:20:00, 478333.7953311362, 300.0 
 47.892129536833146, -123.22085363902698, 57.931034482758626, 2021-10-08 12:22:30, 208493.00984745365, 150.0 
 47.71855765654538, -123.46862319302424, 46.15384615384616, 2021-10-08 12:27:30, 1969848.578159194, 300.0 
 47.65250315256909, -123.04553865726749, 20.0, 2021-10-08 12:35:00, 751958.4621818413, 150.0 
 48.027860741375996, -123.38072380513148, 33.84615384615385, 2021-10-08 12:37:30, 1243981.5073237356, 300.0 
 48.20067137921325, -123.28166745166956, 20.0, 2021-10-08 12:40:00, 862881.8817968393, 150.0 
 47.851765788743855, -122.98318650567599, 39.59183673469388, 2021-10-08 12:50:00, 1206798.998291156, 300.0 
 48.071639725381125, -123.27085190683032, 20.0, 2021-10-08 12:52:30, 1954119.534154505, 300.0 
 47.962780074492294, -123.22298143120712, 33.07692307692307, 2021-10-08 13:00:00, 803329.8017858547, 300.0 
 47.74298720158006, -123.34402075923896, 50.76923076923077, 2021-10-08 13:02:30, 1666675.1375970237, 300.0 
 47.8146174196562, -123.11097338416941, 33.07692307692308, 2021-10-08 13:07:30, 435753.9946417495, 150.0 
 47.794734959283176, -123.21321868068028, 20.0, 2021-10-08 13:10:00, 637962.720416303, 150.0 
 47.939068156757685, -123.11349690268861, 20.0, 2021-10-08 13:20:00, 1587814.923300614, 300.0 
 47.9638302099203, -123.1251375977127, 27.692307692307693, 2021-10-08 13:22:30, 1918013.2633422043, 300.0 
 48.04727249117377, -123.34606818080141, 60.0, 2021-10-08 13:27:30, 1942545.7084484787, 300.0 
 47.68411959667133, -123.37434651090857, 51.53846153846154, 2021-10-08 13:30:00, 2549524.9382542297, 300.0 
 47.62800970840931, -123.05830221809357, 20.0, 2021-10-08 13:32:30, 2650942.342697826, 150.0 
 47.59714430364315, -123.1659177019458, 41.224489795918366, 2021-10-08 13:35:00, 1511126.6663903657, 150.0 
 47.976011945480124, -123.52417206955461, 20.0, 2021-10-08 13:45:00, 2590831.1604948305, 300.0 
 47.989532749729015, -123.52028683590494, 22.06896551724138, 2021-10-08 13:47:30, 1567267.155155874, 150.0 
 47.99822052741854, -123.00563191971229, 20.0, 2021-10-08 13:50:00, 1591231.438404837, 300.0 
 47.75388907460682, -123.00585563131555, 20.0, 2021-10-08 13:55:00, 1691573.6367770445, 300.0 
 47.52955125337488, -123.10439108564148, 56.55172413793103, 2021-10-08 13:57:30, 598060.8147138121, 300.0 
 47.70843845293027, -123.01736774809004, 20.0, 2021-10-08 14:00:00, 725875.6841071143, 150.0 
 47.69748939272881, -122.95985684605034, 20.0, 2021-10-08 14:02:30, 511341.35674152593, 150.0 
 47.598313926722724, -123.01167856055005, 20.0, 2021-10-08 14:05:00, 706442.1766597261, 150.0 
 47.741423137343745, -123.02870056626713, 35.51020408163266, 2021-10-08 14:17:30, 1372529.701708913, 300.0 
 47.568028106264606, -122.98575546163782, 60.0, 2021-10-08 14:42:30, 162233.78230827049, 300.0 
 47.5689293575701, -123.21813169233923, 20.000000000000004, 2021-10-08 14:45:00, 46808.25013655435, 150.0 
 47.5629982497519, -122.84694033523212, 20.0, 2021-10-08 14:47:30, 250264.4079356131, 300.0 
 47.655600608399254, -122.83090057681174, 20.0, 2021-10-08 14:50:00, 75938.45443427608, 150.0 
 47.933926057816834, -122.88569379290507, 20.0, 2021-10-08 14:52:30, 395352.937103001, 300.0 
 47.780066396364724, -122.96253147631167, 20.0, 2021-10-08 14:55:00, 197076.54688152915, 150.0 
 47.76800332608044, -122.98416839945054, 29.230769230769234, 2021-10-08 15:00:00, 256073.10845498537, 300.0 
 47.67275541179836, -122.79331270890751, 36.326530612244895, 2021-10-08 15:10:00, 158183.5588187426, 300.0 
 47.61476191907002, -122.94505604395984, 20.0, 2021-10-08 15:20:00, 328220.6293992663, 300.0 
 47.62421001628355, -123.08573175745015, 33.07692307692308, 2021-10-08 15:22:30, 322094.1132513506, 150.0 
 47.63649475530692, -123.08239890878622, 34.69387755102041, 2021-10-08 15:25:00, 345169.4297672999, 150.0 
 47.72593317999588, -122.80815580925346, 56.55172413793103, 2021-10-08 15:27:30, 223335.82500786262, 150.0 
 47.42710794940507, -123.12498253556929, 33.84615384615384, 2021-10-08 15:30:00, 509213.2410092291, 300.0 
 47.48476301913409, -123.21995744120669, 39.59183673469388, 2021-10-08 15:32:30, 265581.25183080573, 150.0 
 47.442720353091026, -123.2456850491482, 20.0, 2021-10-08 15:50:00, 125886.67075124929, 300.0 
 47.63217680740422, -122.7106771770351, 60.00000000000001, 2021-10-08 15:57:30, 492550.5649918048, 300.0 
 47.67416338903638, -122.77624311694629, 31.53846153846154, 2021-10-08 16:00:00, 256538.15739836986, 150.0 
 47.71969330609371, -122.80225499113455, 33.84615384615384, 2021-10-08 16:12:30, 326838.56697911775, 300.0 
 47.66223340731934, -122.83557112134322, 21.379310344827587, 2021-10-08 16:15:00, 251660.98192894168, 150.0 
 47.66779604420926, -122.82142803002623, 31.53846153846154, 2021-10-08 16:17:30, 262341.17280008324, 150.0 
 47.54688132798783, -123.03847175300068, 53.103448275862064, 2021-10-08 16:20:00, 671800.991309776, 150.0 
 47.54798906725398, -123.26043466837426, 52.41379310344828, 2021-10-08 16:27:30, 537426.958007139, 300.0 
 47.51778896852639, -122.97433630502898, 45.38461538461538, 2021-10-08 16:30:00, 596703.1887230166, 150.0 
 47.69116233588056, -122.91319566323824, 20.0, 2021-10-08 16:32:30, 231510.6987331792, 150.0 
 47.45759478987719, -123.05947600188438, 47.69230769230769, 2021-10-08 16:35:00, 127207.2609026563, 300.0 
 47.5096146882399, -123.01213063483841, 46.15384615384616, 2021-10-08 16:37:30, 111714.87398697087, 150.0 
 47.65030680599787, -123.18415880679456, 60.0, 2021-10-08 16:40:00, 150273.21807383627, 150.0 
 47.58820418350811, -122.79704240863269, 37.95918367346938, 2021-10-08 16:45:00, 320010.3308490344, 300.0 
 47.538812465186275, -123.204233232003, 60.0, 2021-10-08 16:47:30, 284522.30087897106, 300.0 
 47.77806114716637, -123.07285264049203, 53.10344827586207, 2021-10-08 17:00:00, 197887.131567606, 300.0 
 47.60486369251669, -123.23920815125928, 20.0, 2021-10-08 17:10:00, 161506.0812640796, 300.0 
 47.53672906363648, -123.20124655602478, 60.0, 2021-10-08 22:55:00, 197374.398365423, 300.0 
 47.822768846407115, -123.1833323058851, 20.0, 2021-10-08 23:10:00, 257789.34752749794, 300.0 
 47.4703526284243, -123.09853511454325, 26.896551724137932, 2021-10-08 23:15:00, 473839.7582712581, 300.0 
 47.54370754159814, -123.0482547657682, 20.0, 2021-10-08 23:22:30, 512572.3544444836, 300.0 
 47.605481073072845, -123.17787311707744, 44.61538461538461, 2021-10-08 23:25:00, 115558.27408686248, 150.0 
 47.71588803974224, -123.09506530858519, 60.0, 2021-10-08 23:30:00, 180597.68075395815, 300.0 
 47.712710230346126, -123.10487749781979, 34.61538461538461, 2021-10-08 23:35:00, 65655.87666700462, 300.0 
 47.56996595097992, -123.32733569803806, 52.41379310344828, 2021-10-08 23:37:30, 29918.401853513693, 150.0 
 47.570727224327264, -122.81031225327087, 35.51020408163265, 2021-10-08 23:40:00, 59781.913845006144, 300.0 
 47.58282257323174, -123.13164569892848, 53.103448275862064, 2021-10-08 23:45:00, 91224.12743878657, 300.0 
 47.565506618290584, -123.12537737137771, 55.86206896551724, 2021-10-08 23:47:30, 43699.793771060926, 150.0 
 47.60827029416184, -122.82316976619016, 60.0, 2021-10-08 23:55:00, 52770.25822658545, 300.0 
 47.73416394803364, -123.30668712411268, 60.00000000000001, 2021-10-08 00:17:30, 106505.72296062506, 150.0 
 47.96455875659794, -122.88779579040548, 19.999999999999996, 2021-10-08 00:55:00, 532781.3072936981, 300.0 
 47.88537917830659, -123.14380362271356, 24.82758620689655, 2021-10-08 00:57:30, 281685.1782663743, 150.0 
 47.89623855192253, -122.80018901066123, 60.0, 2021-10-08 02:10:00, 268021.28684454807, 300.0 
 47.84819010841045, -123.1877257778013, 34.693877551020414, 2021-10-08 02:17:30, 746845.8122623549, 300.0 
 47.625186538832445, -123.11687545177791, 35.51020408163266, 2021-10-08 02:50:00, 100307.17364153531, 150.0 
 47.589979682909664, -122.90804933098296, 39.59183673469388, 2021-10-08 02:55:00, 115354.84904287598, 300.0 
 47.54646955757062, -123.10622717084088, 53.793103448275865, 2021-10-08 03:22:30, 58959.233402680344, 150.0 
 47.77360811683977, -123.13221264762055, 41.22448979591836, 2021-10-08 03:27:30, 305281.8551457401, 300.0 
 47.47183264137135, -122.82886486159367, 60.0, 2021-10-08 03:30:00, 104993.45371643009, 300.0 
 47.86466846583251, -123.24894344595235, 27.692307692307693, 2021-10-08 03:32:30, 152083.84872729913, 300.0 
 48.0545994503357, -123.35262670099033, 60.0, 2021-10-08 03:57:30, 260890.04491108886, 300.0 
 47.82288414177602, -123.26242857474769, 20.0, 2021-10-08 04:12:30, 181720.7568143376, 300.0 
 48.029399704205844, -122.8028059185308, 20.0, 2021-10-08 04:20:00, 240211.81972943206, 300.0 
 47.95445533231798, -123.13887991873325, 39.59183673469388, 2021-10-08 04:42:30, 148371.9272057775, 150.0 
 47.65406931665453, -122.98005614673359, 20.0, 2021-10-08 04:47:30, 91609.62292673391, 300.0 
 47.52786297003194, -123.31940936771359, 20.0, 2021-10-08 04:50:00, 99875.2316160365, 300.0 
 47.38890732353039, -123.08907773601385, 33.07692307692308, 2021-10-08 05:25:00, 54004.2130311223, 300.0 
 47.28505796703155, -122.9337107134568, 26.206896551724142, 2021-10-08 05:40:00, 22898.539978133784, 300.0 
 47.30838693287297, -123.25543207776346, 20.0, 2021-10-08 05:42:30, 27946.167340210515, 150.0 
 47.60010043577088, -123.06493488433713, 20.0, 2021-10-08 05:50:00, 95264.60071407066, 300.0 
 47.87406985673029, -123.27145178319046, 41.224489795918366, 2021-10-08 06:07:30, 503786.76006532635, 300.0 
 47.46118896644522, -122.94475507027549, 53.793103448275865, 2021-10-08 06:10:00, 78617.76245631246, 150.0 
 47.65304630331551, -123.25611196875137, 26.206896551724142, 2021-10-08 06:15:00, 133458.1430339926, 300.0 
 47.51552581771251, -122.84372817265513, 60.0, 2021-10-08 06:17:30, 72178.45392808314, 300.0 
 47.606750061218904, -122.93219618815272, 24.82758620689655, 2021-10-08 06:30:00, 72475.490100272, 300.0 
 47.465636092167486, -122.91793035472014, 20.0, 2021-10-08 06:32:30, 43424.01414733818, 150.0 
 47.646404289005076, -122.8626174665585, 20.0, 2021-10-08 06:35:00, 173606.3886772335, 300.0 
 47.508219011796704, -122.97077412822529, 41.224489795918366, 2021-10-08 06:37:30, 69679.64509038987, 150.0 
 47.428853692093085, -123.22443465378626, 35.38461538461539, 2021-10-08 06:40:00, 62137.66364176147, 150.0 
 47.91064734442165, -123.067589509444, 40.40816326530612, 2021-10-08 06:45:00, 187609.41565477697, 300.0 
 47.227552723612234, -122.9517067529705, 60.0, 2021-10-08 06:50:00, 30554.32216452444, 300.0 
 47.15699548624582, -123.06855068981251, 60.0, 2021-10-08 07:07:30, 37460.23620059611, 300.0 
 47.43951950814167, -123.23600047966198, 46.93877551020408, 2021-10-08 07:32:30, 27465.90234365515, 150.0 
 47.561530951489075, -123.1846203057683, 43.846153846153854, 2021-10-08 07:35:00, 45144.47075024672, 150.0 
 47.09740999406886, -123.1535240292043, 20.68965517241379, 2021-10-08 08:15:00, 17015.746729618615, 150.0 
 47.378881608288125, -123.17637547785975, 40.0, 2021-10-08 08:37:30, 54091.98400261893, 300.0 
 47.75009119467501, -123.11973777641364, 44.61538461538461, 2021-10-08 08:42:30, 83241.98577726659, 300.0 
 47.19077293458824, -123.07613711330856, 60.0, 2021-10-08 08:50:00, 36163.70213950048, 300.0 
 47.194238204259136, -123.08310458365476, 20.0, 2021-10-08 08:52:30, 18616.16357627068, 150.0 
 47.22524308515387, -123.15123928625623, 60.0, 2021-10-08 09:02:30, 57542.29642815544, 300.0 
 47.50754483586452, -123.14706288233286, 55.172413793103445, 2021-10-08 09:27:30, 53387.95203550496, 300.0 
 47.50486553155295, -123.11433059910163, 53.793103448275865, 2021-10-08 09:30:00, 27563.72456145266, 150.0 
 47.96963196806854, -123.30139262026215, 46.15384615384616, 2021-10-08 09:32:30, 113168.93275819176, 300.0 
 47.717948279790335, -123.26741296923223, 42.04081632653062, 2021-10-08 09:50:00, 76611.85904604304, 300.0 
 47.438384624009466, -122.97041104604443, 60.0, 2021-10-08 09:57:30, 56191.524233772885, 300.0 
 47.62314984089406, -123.1833534014853, 55.17241379310345, 2021-10-08 12:32:30, 498606.46143178234, 300.0 
 47.7967270097691, -123.390203007371, 37.95918367346938, 2021-10-08 13:05:00, 616799.5322167671, 150.0 
 47.564321234787265, -123.12370197713852, 19.999999999999996, 2021-10-08 13:20:00, 769507.5565798968, 300.0 
 47.6543796364438, -123.32966418076613, 44.48979591836735, 2021-10-08 15:27:30, 576949.3111933336, 300.0 
 47.52002562848365, -122.97559335069884, 20.0, 2021-10-08 23:17:30, 112164.47595886643, 150.0 
 48.14983329533793, -123.89640542617477, 20.0, 2021-10-09 22:12:30, 207877.0369428676, 150.0 
 48.096127115888066, -123.29914787180351, 20.0, 2021-10-09 02:02:30, 52530.71656504283, 300.0 
 48.22046340332898, -123.6075094223813, 60.0, 2021-10-09 02:35:00, 39578.346064511294, 300.0 
 48.01156823464534, -123.30208798284437, 32.30769230769231, 2021-10-09 02:37:30, 27508.160171475054, 300.0 
 48.007434976157086, -123.2991120832782, 33.07692307692308, 2021-10-09 02:40:00, 15220.196084427904, 150.0 
 47.992834026858134, -123.31898386051506, 34.61538461538462, 2021-10-09 02:42:30, 19362.513426777663, 150.0 
 47.977559522214655, -123.26547223982153, 36.92307692307693, 2021-10-09 02:45:00, 38267.441116976035, 150.0 
 47.99005950033536, -123.3777595409892, 24.89795918367347, 2021-10-09 02:47:30, 33892.85896353864, 150.0 
 48.018401523101176, -123.33132440641808, 19.999999999999996, 2021-10-09 02:52:30, 17154.235796501063, 300.0 
 48.15828369714244, -123.4126421584658, 60.0, 2021-10-09 02:55:00, 17389.161988890857, 150.0 
 48.14675756009343, -123.46070922475838, 60.0, 2021-10-09 02:57:30, 17356.89723223246, 150.0 
 47.95359430484288, -123.33932254192769, 44.61538461538462, 2021-10-09 03:00:00, 6794.859751503334, 150.0 
 47.92655298857157, -123.39422234017951, 20.0, 2021-10-09 03:05:00, 26969.698521551767, 300.0 
 47.90019952875124, -123.33731356427626, 30.000000000000004, 2021-10-09 03:30:00, 15004.584277810654, 300.0 
 47.974252078041246, -123.26309573280385, 33.84615384615385, 2021-10-09 03:42:30, 16703.253361433734, 300.0 
 47.86869326858388, -123.21769937273153, 20.000000000000004, 2021-10-09 03:52:30, 35804.76261272038, 300.0 
 47.95911518320908, -122.99747770457441, 51.72413793103448, 2021-10-09 04:00:00, 32418.409886735393, 300.0 
 47.91770918059356, -123.32108394970447, 35.51020408163265, 2021-10-09 04:02:30, 25293.124186740508, 150.0 
 47.96020614722227, -123.34408275174921, 20.0, 2021-10-09 04:10:00, 120209.1007458141, 300.0 
 47.9066212074173, -123.36771660303242, 20.0, 2021-10-09 04:12:30, 76030.81715323469, 150.0 
 47.91964479840626, -123.40290139967927, 24.827586206896555, 2021-10-09 04:15:00, 74510.79238894525, 150.0 
 47.93093394595346, -123.33059625613627, 33.07692307692308, 2021-10-09 04:17:30, 53738.4083467436, 150.0 
 47.92940708764266, -123.29763704325333, 26.20689655172414, 2021-10-09 04:20:00, 47087.29379142507, 150.0 
 47.85509000210689, -123.34428862299737, 35.51020408163265, 2021-10-09 04:22:30, 29377.152909452252, 150.0 
 47.90046116574365, -123.320818105549, 34.69387755102041, 2021-10-09 04:25:00, 38917.35474650785, 150.0 
 47.908325670785345, -123.37501072460032, 30.76923076923077, 2021-10-09 04:30:00, 21603.032935801748, 150.0 
 47.953378914866974, -123.31488028076492, 60.0, 2021-10-09 05:05:00, 52415.753823151004, 300.0 
 47.956718981682, -123.41750445182801, 35.51020408163266, 2021-10-09 05:07:30, 41066.61140806561, 150.0 
 47.9855801137704, -123.38212590764958, 20.0, 2021-10-09 05:10:00, 59439.57026805112, 150.0 
 47.98163957258104, -123.35345354707445, 30.769230769230774, 2021-10-09 05:12:30, 56664.37089467363, 150.0 
 48.05276014766947, -123.1873404103286, 57.931034482758626, 2021-10-09 05:15:00, 131906.86811278877, 150.0 
 47.947207209369836, -123.4091162835341, 20.0, 2021-10-09 05:17:30, 19021.851869917988, 150.0 
 48.058298091052926, -123.49101103658496, 20.0, 2021-10-09 05:20:00, 37576.34944159883, 150.0 
 48.04644607521122, -123.34547188453014, 32.30769230769231, 2021-10-09 05:22:30, 34592.42408204902, 150.0 
 48.010191042130366, -123.33148894930866, 24.82758620689655, 2021-10-09 05:25:00, 20907.469597636118, 150.0 
 48.00368898500221, -123.33896235768832, 20.0, 2021-10-09 05:27:30, 12109.553651703683, 150.0 
 47.984182824277624, -123.41151034501642, 20.0, 2021-10-09 05:32:30, 28354.557198529274, 300.0 
 48.04183336775537, -123.3345392273717, 20.0, 2021-10-09 05:47:30, 165651.5676804589, 300.0 
 47.96031693170069, -123.45657105819014, 36.326530612244895, 2021-10-09 05:50:00, 67166.6766704785, 150.0 
 47.99358242100538, -123.35750748471607, 55.86206896551724, 2021-10-09 05:52:30, 42386.76874519653, 150.0 
 47.99791451713902, -123.29073832359352, 33.06122448979591, 2021-10-09 05:55:00, 33439.13552371754, 150.0 
 48.0029301327123, -123.30042652641004, 33.87755102040816, 2021-10-09 05:57:30, 20912.872014721746, 150.0 
 47.80771518618824, -123.3269202470715, 20.000000000000004, 2021-10-09 06:00:00, 14650.556456364018, 150.0 
 47.8691646303981, -123.26651439723429, 60.0, 2021-10-09 06:17:30, 34103.01726615376, 300.0 
 47.95201410974492, -123.39436164550128, 20.0, 2021-10-09 06:27:30, 54994.40405420044, 300.0 
 47.96662918756676, -123.37452908990237, 33.84615384615385, 2021-10-09 06:30:00, 27422.40622616333, 150.0 
 47.95530080803442, -123.34662387749583, 35.51020408163265, 2021-10-09 06:47:30, 41425.00760615446, 300.0 
 47.956792937574335, -123.32948055916094, 35.51020408163265, 2021-10-09 06:50:00, 21477.13893642082, 150.0 
 48.060432434369595, -123.6220509347486, 20.0, 2021-10-09 06:52:30, 17983.17129725051, 150.0 
 48.00962649445115, -123.46183528276156, 34.61538461538461, 2021-10-09 06:55:00, 18162.651667812206, 150.0 
 47.91634035210527, -123.4005178324545, 20.0, 2021-10-09 07:02:30, 31475.40808591859, 300.0 
 47.960636428234295, -123.21385616267405, 46.15384615384616, 2021-10-09 07:05:00, 17323.12800859755, 150.0 
 47.915286950116815, -123.23745107057239, 34.69387755102041, 2021-10-09 07:07:30, 15000.301177758394, 150.0 
 48.06194677591722, -123.28820591133598, 36.326530612244895, 2021-10-09 07:12:30, 13985.445490650649, 300.0 
 47.98747633002475, -123.36374009293291, 20.0, 2021-10-09 07:15:00, 8100.185828482427, 150.0 
 47.912652111883965, -123.45250081289788, 20.0, 2021-10-09 07:37:30, 24075.159553717116, 300.0 
 48.003688985002206, -123.33896235768827, 33.84615384615384, 2021-10-09 07:40:00, 22562.046932516474, 150.0 
 48.010191042130366, -123.33148894930866, 33.84615384615385, 2021-10-09 07:42:30, 19579.943188972924, 150.0 
 47.917941812465656, -123.3956015861663, 33.84615384615385, 2021-10-09 07:45:00, 15217.164427870413, 150.0 
 47.99465167960563, -123.33852720677858, 30.769230769230766, 2021-10-09 07:47:30, 56909.95804256373, 150.0 
 47.99773777387748, -123.3164388984771, 28.46153846153846, 2021-10-09 07:50:00, 75678.46782565546, 150.0 
 47.98123954000224, -123.354684273646, 20.689655172413794, 2021-10-09 07:52:30, 85436.91702001562, 150.0 
 47.9503113273836, -123.38706135528787, 28.461538461538467, 2021-10-09 07:55:00, 96485.2630786027, 150.0 
 47.94818179728914, -123.33087194747966, 34.61538461538461, 2021-10-09 07:57:30, 79245.92244332554, 150.0 
 47.974252078041246, -123.26309573280383, 28.96551724137931, 2021-10-09 08:00:00, 47262.356986083614, 150.0 
 47.99398253636712, -123.3562765635694, 33.07692307692308, 2021-10-09 08:02:30, 26992.761112060634, 150.0 
 47.95519362120861, -123.33440155054431, 32.244897959183675, 2021-10-09 08:05:00, 13950.5379849027, 150.0 
 48.50876427913941, -122.84950408216565, 60.0, 2021-10-09 08:07:30, 156509.6725590106, 300.0 
 48.404529662573076, -122.85440015260907, 55.86206896551724, 2021-10-09 08:10:00, 70594.99382685835, 150.0 
 47.96692476054064, -123.26997346013789, 33.84615384615385, 2021-10-09 08:12:30, 29877.291569372726, 300.0 
 47.925777468016406, -123.39973488048993, 20.0, 2021-10-09 08:15:00, 11872.89728436393, 150.0 
 47.98315343971595, -123.38645337783942, 44.61538461538461, 2021-10-09 08:17:30, 30535.935836737568, 150.0 
 48.33794555875646, -122.88158798986944, 57.24137931034484, 2021-10-09 08:20:00, 123547.0620233552, 300.0 
 48.04343226395111, -123.3296093977812, 32.307692307692314, 2021-10-09 08:27:30, 66187.61211620145, 300.0 
 48.00528696449275, -123.334034692661, 33.07692307692307, 2021-10-09 08:30:00, 22670.589305610854, 150.0 
 48.407077740593266, -123.14356476452917, 60.0, 2021-10-09 08:32:30, 58011.18853709454, 300.0 
 48.39592624594452, -122.85588438850694, 20.000000000000004, 2021-10-09 08:35:00, 37222.02551625009, 150.0 
 48.420696050853884, -122.80334466586314, 44.615384615384606, 2021-10-09 08:37:30, 39030.25353386835, 150.0 
 48.35420829627763, -122.86880239563808, 20.0, 2021-10-09 08:47:30, 32163.199947792047, 300.0 
 48.33974743276247, -122.92711526546543, 20.0, 2021-10-09 08:50:00, 21257.204972546584, 150.0 
 47.97596042577946, -123.3615113001817, 60.0, 2021-10-09 09:00:00, 50061.87460075421, 300.0 
 48.39986607879047, -122.90756547311267, 30.0, 2021-10-09 09:05:00, 61445.86757937573, 300.0 
 48.367063103595555, -122.81543353956388, 36.326530612244895, 2021-10-09 09:07:30, 110518.34031308323, 150.0 
 48.386518844195464, -122.9239707757327, 20.000000000000004, 2021-10-09 09:10:00, 102599.03099527923, 150.0 
 48.406373248857, -122.8068619486501, 36.15384615384615, 2021-10-09 09:12:30, 96993.40640907807, 150.0 
 48.45605825737855, -122.6880717635547, 60.0, 2021-10-09 09:15:00, 93122.58773415604, 150.0 
 48.51340258174935, -122.7962196781716, 60.0, 2021-10-09 09:17:30, 38987.36876104911, 150.0 
 48.456101585901024, -122.81029987447938, 53.793103448275865, 2021-10-09 09:20:00, 38798.50478529424, 150.0 
 48.35878553523929, -122.84156247533387, 45.38461538461538, 2021-10-09 09:22:30, 39978.89536896742, 150.0 
 48.35148620292023, -122.84855494090104, 29.655172413793103, 2021-10-09 09:25:00, 38848.03706244698, 150.0 
 48.34784536342745, -122.82155043480675, 26.89655172413793, 2021-10-09 09:27:30, 54311.24429890601, 150.0 
 48.36426317217884, -122.82106318358682, 36.92307692307693, 2021-10-09 09:30:00, 74159.36643211878, 150.0 
 48.36426317217884, -122.82106318358682, 37.69230769230769, 2021-10-09 09:32:30, 35288.55162073456, 150.0 
 48.43835468218222, -122.86637284511106, 53.103448275862064, 2021-10-09 10:00:00, 63480.94115226288, 300.0 
 48.432394668393094, -122.88197188824935, 58.62068965517241, 2021-10-09 10:02:30, 54203.20119458413, 150.0 
 48.4275157516441, -122.79141437727611, 60.0, 2021-10-09 10:05:00, 55821.81085913826, 150.0 
 48.41930670630698, -122.79166422394688, 60.0, 2021-10-09 10:07:30, 39066.6007158976, 150.0 
 48.38553709664559, -122.91105159995331, 60.0, 2021-10-09 10:10:00, 50664.63674406912, 150.0 
 47.350259631926825, -123.0826649241894, 33.07692307692308, 2021-10-09 10:15:00, 36560.05098883171, 300.0 
 47.42663902706845, -122.97612262154392, 55.86206896551724, 2021-10-09 10:25:00, 24549.608332222473, 300.0 
 47.44351807542686, -123.04953501809977, 51.72413793103448, 2021-10-09 10:27:30, 14762.78523528009, 150.0 
 47.440919318811005, -123.18882313218626, 20.0, 2021-10-09 10:30:00, 11681.903335894505, 150.0 
 47.5097951624829, -123.17759387501772, 35.51020408163265, 2021-10-09 10:32:30, 6473.839479113095, 150.0 
 47.282775763596376, -123.07101867289305, 60.0, 2021-10-09 10:42:30, 19424.591415175295, 300.0 
 47.95641888885733, -123.48414042882686, 60.0, 2021-10-09 11:15:00, 85484.15469638296, 300.0 
 47.8701764557059, -123.42943436771299, 20.0, 2021-10-09 11:50:00, 68290.61125647473, 300.0 
 47.67969195894084, -123.38476717605059, 20.0, 2021-10-09 11:57:30, 83522.32038961296, 300.0 
 47.81175966769932, -123.46765259637024, 20.0, 2021-10-09 12:00:00, 12468.387515864217, 150.0 
 47.75832925238594, -123.51544589105106, 19.999999999999996, 2021-10-09 12:02:30, 15537.236535354421, 150.0 
 47.741494955540155, -123.36109699365407, 60.0, 2021-10-09 12:05:00, 14018.071212363826, 150.0 
 47.84009847254842, -123.46839038645174, 20.0, 2021-10-09 12:10:00, 20167.666718591085, 300.0 
 47.61700715712411, -123.40171656797125, 60.0, 2021-10-09 12:15:00, 26215.760078605777, 300.0 
 47.49977794331425, -123.28629116271303, 60.0, 2021-10-09 12:17:30, 11232.952593624927, 150.0 
 47.67146122509871, -123.33506552282049, 20.000000000000004, 2021-10-09 12:20:00, 23858.410127880776, 150.0 
 47.78497027817164, -123.50892768112556, 20.0, 2021-10-09 12:27:30, 30103.117539979565, 300.0 
 47.80932932462963, -123.47196111145067, 26.153846153846157, 2021-10-09 12:30:00, 27482.131046698356, 150.0 
 47.85823622596964, -123.42537417591147, 33.87755102040816, 2021-10-09 12:32:30, 21578.596802481847, 150.0 
 47.85132622269111, -123.43403780779467, 20.0, 2021-10-09 12:40:00, 62451.03658964884, 300.0 
 47.784602444690826, -123.36027512995176, 60.0, 2021-10-09 12:42:30, 24655.922064042945, 150.0 
 47.86716884350534, -123.27265771694674, 60.0, 2021-10-09 12:45:00, 76470.59446190974, 150.0 
 47.82509112818773, -123.38938105677549, 43.673469387755105, 2021-10-09 12:47:30, 56050.87997882519, 150.0 
 47.89480774068127, -123.37893132612597, 36.326530612244895, 2021-10-09 12:50:00, 83138.24751095037, 150.0 
 47.885770550330314, -123.37849126305703, 33.84615384615385, 2021-10-09 12:52:30, 77546.96180752484, 150.0 
 47.88926724475976, -123.35522775298652, 33.87755102040816, 2021-10-09 12:55:00, 43143.69357855735, 150.0 
 47.72144423813501, -123.23490037519349, 34.69387755102041, 2021-10-09 12:57:30, 17979.81503832014, 150.0 
 47.899713777642916, -123.37639611200252, 34.61538461538461, 2021-10-09 13:02:30, 89185.20857687006, 300.0 
 47.860668521863744, -123.28011406086304, 33.846153846153854, 2021-10-09 13:05:00, 116364.71243979891, 150.0 
 47.807315644954386, -123.32814737457585, 38.775510204081634, 2021-10-09 13:10:00, 141554.68727928924, 150.0 
 47.93388741508475, -123.38736708699753, 33.07692307692308, 2021-10-09 13:12:30, 155239.42342748074, 150.0 
 47.93068383273123, -123.39720112885044, 34.61538461538462, 2021-10-09 13:15:00, 142349.21534380122, 150.0 
 47.850903938246084, -123.33522005020212, 60.0, 2021-10-09 13:17:30, 160309.53240315831, 150.0 
 47.8262923789261, -123.38570080612268, 40.0, 2021-10-09 13:20:00, 216880.96078087934, 150.0 
 47.90074056587241, -123.17853388338779, 60.0, 2021-10-09 13:22:30, 234272.98722157863, 150.0 
 47.92484987539389, -123.38692282460433, 35.51020408163265, 2021-10-09 13:25:00, 137040.9314338156, 150.0 
 47.86277811234126, -123.28617302031408, 32.30769230769231, 2021-10-09 13:27:30, 75243.06332840158, 150.0 
 47.74789241917564, -123.34149054097384, 44.61538461538461, 2021-10-09 13:30:00, 64126.46932538284, 150.0 
 47.74629305326677, -123.3463921541439, 45.38461538461539, 2021-10-09 13:32:30, 57925.63071950242, 150.0 
 47.903174242790406, -123.30305386887295, 22.75862068965517, 2021-10-09 13:37:30, 178323.70440228138, 150.0 
 47.90146535340953, -123.29576038262809, 33.84615384615385, 2021-10-09 13:40:00, 195081.46847053617, 150.0 
 47.85029156069229, -123.35902343028309, 45.38461538461538, 2021-10-09 13:42:30, 187082.13729773727, 150.0 
 47.84364853987885, -123.30425630808749, 31.538461538461537, 2021-10-09 13:45:00, 131568.63824867376, 150.0 
 47.804009390728, -123.32577471534061, 45.306122448979586, 2021-10-09 13:47:30, 111740.50725328075, 150.0 
 47.61993921964434, -123.1083068094605, 46.92307692307693, 2021-10-09 13:50:00, 187889.69467822617, 300.0 
 47.939144418679696, -123.33043708967412, 26.20689655172414, 2021-10-09 13:52:30, 230392.22373411895, 300.0 
 47.92416006640232, -123.26353322159292, 20.0, 2021-10-09 13:55:00, 318259.0069451246, 300.0 
 47.924276549547486, -123.27575100706235, 33.07692307692307, 2021-10-09 13:57:30, 156410.32798294947, 150.0 
 47.885397031858226, -123.43282431251667, 34.61538461538461, 2021-10-09 14:00:00, 148025.7520518888, 150.0 
 48.030242106573, -123.42046944894015, 33.84615384615384, 2021-10-09 14:02:30, 191774.9640529433, 150.0 
 48.02862067953314, -123.19584066992131, 33.84615384615385, 2021-10-09 14:05:00, 123201.07973714732, 150.0 
 47.96404835916701, -123.63868234772818, 60.0, 2021-10-09 14:07:30, 312772.89757898584, 300.0 
 48.010369826323966, -123.30578355131149, 29.230769230769234, 2021-10-09 14:10:00, 674066.160018725, 300.0 
 47.969034546053436, -123.27604376311632, 20.0, 2021-10-09 14:12:30, 339709.793222542, 150.0 
 48.01338720456883, -123.32163313844524, 49.65517241379311, 2021-10-09 14:15:00, 241235.7777590637, 150.0 
 48.02756196824673, -123.39419526653901, 35.51020408163265, 2021-10-09 14:17:30, 199269.31197957438, 150.0 
 47.89009362393392, -123.35582246013158, 34.61538461538462, 2021-10-09 14:20:00, 104256.85727387015, 150.0 
 47.741387936605335, -123.34892213577817, 60.0, 2021-10-09 14:22:30, 111288.1623080474, 150.0 
 47.66857679118831, -123.43117331875885, 20.0, 2021-10-09 14:25:00, 26662.13512351818, 150.0 
 47.93000230470641, -123.71429579556623, 60.0, 2021-10-09 14:30:00, 168181.80596141628, 300.0 
 48.06066482097486, -123.00769001000143, 60.0, 2021-10-09 14:32:30, 330800.42551554897, 300.0 
 47.99802605507469, -123.30297226976236, 37.14285714285714, 2021-10-09 14:35:00, 165455.15533227977, 150.0 
 48.01250503390814, -123.46239763317894, 53.79310344827586, 2021-10-09 14:37:30, 106310.38620201693, 150.0 
 48.049644275536956, -123.33561126291056, 32.30769230769231, 2021-10-09 14:40:00, 62347.26955670835, 150.0 
 47.752504478255666, -123.50519030214903, 55.862068965517246, 2021-10-09 14:45:00, 88206.7887340876, 300.0 
 48.0233061093823, -123.3287774610437, 35.51020408163265, 2021-10-09 14:47:30, 145243.28991627062, 300.0 
 48.03493028944826, -123.3432459182556, 34.6938775510204, 2021-10-09 14:50:00, 64950.296960182495, 150.0 
 48.00440796771454, -123.59346732670599, 32.307692307692314, 2021-10-09 14:52:30, 37514.294279217975, 150.0 
 47.84692935244938, -123.69030357339659, 20.0, 2021-10-09 14:57:30, 79359.94493387894, 300.0 
 47.921652862877515, -123.68996304499373, 20.0, 2021-10-09 15:00:00, 126107.53152960674, 150.0 
 48.10140245907458, -123.292298619756, 59.99999999999999, 2021-10-09 15:02:30, 125437.56647712835, 300.0 
 47.997041426827636, -123.81807563943588, 60.0, 2021-10-09 15:10:00, 145429.3428228792, 300.0 
 47.797408671132615, -123.64827940513263, 37.14285714285714, 2021-10-09 15:20:00, 115947.4595912237, 300.0 
 47.641915925492455, -123.48754182429593, 60.0, 2021-10-09 15:55:00, 94523.28191576217, 300.0 
 47.810933833370086, -123.46705717296146, 33.87755102040816, 2021-10-09 15:57:30, 153972.98513672143, 300.0 
 47.6320528648139, -123.54237883491491, 55.86206896551724, 2021-10-09 16:20:00, 91375.6175607369, 300.0 
 47.63992015632461, -123.34418732436937, 20.0, 2021-10-09 16:25:00, 82562.53309754422, 300.0 
 47.50437694138316, -123.20983906332376, 60.0, 2021-10-09 16:27:30, 61862.864064081434, 150.0 
 47.75506314715777, -123.4631395215903, 20.0, 2021-10-09 16:30:00, 123632.10161799188, 300.0 
 47.673167236569356, -123.34232667311842, 20.000000000000004, 2021-10-09 16:32:30, 34892.25088109241, 150.0 
 47.41571776396795, -123.13493310437525, 20.0, 2021-10-09 16:50:00, 87493.36980435102, 150.0 
 47.5075854176284, -123.16249259539836, 60.0, 2021-10-09 17:00:00, 162179.68035644837, 300.0 
 47.388248715637104, -123.21901790348127, 37.95918367346939, 2021-10-09 17:02:30, 225706.81214654556, 300.0 
 47.67454795194171, -123.31311804321933, 20.0, 2021-10-09 17:15:00, 192620.7903735391, 300.0 
 47.408446630226955, -123.31294941673625, 22.06896551724138, 2021-10-09 17:17:30, 321411.12700296607, 300.0 
 47.627089969296065, -123.12393073901876, 34.69387755102041, 2021-10-09 17:20:00, 224878.20309385215, 300.0 
 47.584996707636044, -123.50851365154509, 43.846153846153854, 2021-10-09 17:22:30, 275832.72433466517, 300.0 
 47.392416955740714, -123.18445733794063, 41.224489795918366, 2021-10-09 17:47:30, 141317.74320844424, 300.0 
 47.376749739334365, -123.10137428360251, 34.69387755102041, 2021-10-09 18:55:00, 147798.02768412972, 150.0 
 47.59331570001271, -122.87278125065907, 55.862068965517246, 2021-10-09 19:27:30, 60876.82558677919, 300.0 
 47.45937682658897, -123.00069780701243, 20.0, 2021-10-09 19:30:00, 23239.784780495596, 150.0 
 47.58231470382555, -122.94471589627908, 44.61538461538462, 2021-10-09 19:32:30, 42756.499864681115, 150.0 
 47.53935455738578, -122.76877639549198, 59.99999999999999, 2021-10-09 19:35:00, 62400.19136325874, 150.0 
 48.4275157516441, -122.79141437727611, 60.0, 2021-10-09 20:40:00, 269235.58856312506, 300.0 
 48.41605479167279, -122.85652961595372, 55.86206896551724, 2021-10-09 20:42:30, 128970.27213004725, 150.0 
 48.13645844521893, -123.63324687083795, 60.0, 2021-10-09 20:45:00, 155832.7254253001, 300.0 
 48.276181633265956, -122.77508221550211, 60.0, 2021-10-09 20:55:00, 324539.66280903656, 300.0 
 48.43340332197759, -122.80172423410787, 23.448275862068968, 2021-10-09 20:57:30, 155749.4811580216, 150.0 
 48.36857114458282, -122.83634184691527, 43.846153846153854, 2021-10-09 21:00:00, 148593.09278127959, 150.0 
 47.986028376484064, -123.74907591403428, 20.0, 2021-10-09 21:02:30, 29117.340499338694, 300.0 
 48.44229814134452, -122.5638410782882, 20.0, 2021-10-09 21:12:30, 369348.27268240444, 300.0 
 48.30558656527684, -122.70462560490175, 43.84615384615385, 2021-10-09 21:15:00, 134193.77567713664, 150.0 
 48.4177315648897, -122.79664768938811, 39.59183673469388, 2021-10-09 21:17:30, 212535.08028419755, 150.0 
 47.893206991960454, -123.3838459046656, 20.0, 2021-10-09 21:25:00, 253315.05126608696, 300.0 
 48.07165378920449, -123.64394063015149, 33.07692307692308, 2021-10-09 21:27:30, 133982.48476655065, 300.0 
 47.96191244714896, -123.3513845658654, 46.92307692307692, 2021-10-09 21:30:00, 124723.41983944143, 300.0 
 47.95348681311978, -123.32710093279825, 47.6923076923077, 2021-10-09 21:32:30, 59540.48029984688, 150.0 
 47.98728968016445, -123.21021782030287, 48.46153846153846, 2021-10-09 21:35:00, 69845.08730665076, 150.0 
 47.91458126894292, -123.29305316516985, 46.153846153846146, 2021-10-09 21:40:00, 57770.93748644154, 300.0 
 47.99321247691461, -123.03390817091153, 60.0, 2021-10-09 21:47:30, 153143.40200388085, 300.0 
 48.14887145253991, -123.27475950968403, 56.55172413793104, 2021-10-09 21:55:00, 133586.82039799567, 300.0 
 48.20677422023126, -123.41729616420935, 43.673469387755105, 2021-10-09 21:57:30, 69865.50156176134, 150.0 
 48.063297573231665, -123.50072645779197, 20.0, 2021-10-09 22:00:00, 128733.18779769297, 150.0 
 48.05135775497878, -123.6154422057526, 20.0, 2021-10-09 22:02:30, 61968.31475543676, 150.0 
 48.17841269501394, -123.64555684134038, 53.10344827586207, 2021-10-09 22:10:00, 50432.748539840846, 300.0 
 47.874752833697826, -123.24931310203948, 40.0, 2021-10-09 22:15:00, 37760.055653536794, 300.0 
 47.8868994381012, -123.27468846620656, 34.61538461538461, 2021-10-09 22:17:30, 26159.40089227297, 150.0 
 47.97053508761127, -123.27271423061748, 20.0, 2021-10-09 04:05:00, 23417.89328991303, 150.0 
 47.74573873698398, -123.34702007396892, 19.999999999999996, 2021-10-09 04:27:30, 25101.15811069813, 150.0 
 46.87792739434514, -122.60154739118039, 36.15384615384615, 2021-10-09 05:10:00, 78273.11492613687, 300.0 
 46.93985514121557, -122.4802397828465, 60.0, 2021-10-09 05:12:30, 20209.519259289496, 150.0 
 46.70892749109038, -122.41847670943402, 60.0, 2021-10-09 05:40:00, 43620.16196411847, 300.0 
 46.86471914348907, -122.50836723582091, 45.38461538461539, 2021-10-09 05:55:00, 47296.94543444696, 300.0 
 46.98011762448273, -122.55892938549474, 60.0, 2021-10-09 06:00:00, 20707.68261134932, 300.0 
 48.001621201732696, -123.39266609671475, 20.0, 2021-10-09 06:32:30, 30253.353601765146, 150.0 
 46.84245265488821, -122.48038030475746, 42.85714285714285, 2021-10-09 06:47:30, 39764.746327288725, 300.0 
 47.64254677035298, -123.0282756253137, 44.61538461538462, 2021-10-09 13:00:00, 32304.82406860663, 150.0 
 47.63707521261506, -123.17885678409387, 43.07692307692308, 2021-10-09 13:07:30, 151670.7279871155, 300.0 
 47.878537145321204, -123.33324359228524, 21.379310344827584, 2021-10-09 13:35:00, 54618.66798851084, 150.0 
 47.67702008412256, -123.45239419430862, 44.48979591836734, 2021-10-09 13:55:00, 121476.58806754484, 300.0 
 47.71532735270997, -123.64997772255774, 20.0, 2021-10-09 15:12:30, 44219.35959135571, 300.0 
 47.40993577189594, -123.38428056358084, 44.61538461538461, 2021-10-09 16:05:00, 143614.69233836164, 300.0 
 47.49030586866227, -123.42798535686254, 60.0, 2021-10-09 16:47:30, 205059.6336624089, 300.0 
 47.79072768590713, -123.46070128351903, 60.0, 2021-10-09 17:02:30, 554570.2207016684, 300.0 
 47.485292752296466, -123.49543024632094, 45.38461538461538, 2021-10-09 17:05:00, 115315.24811882034, 150.0 
 47.41442466364764, -123.00409672190024, 20.0, 2021-10-09 17:07:30, 149524.68296484326, 300.0 
 47.540306483787326, -123.30399321854856, 30.0, 2021-10-09 17:42:30, 291012.6351814455, 300.0 
 47.28853372909469, -123.1554547780898, 24.827586206896555, 2021-10-09 18:52:30, 114590.29685340596, 300.0 
 47.414624013795446, -122.99733968367673, 43.84615384615385, 2021-10-09 19:05:00, 86919.94803740284, 300.0 
 47.457164751363464, -122.9566969122429, 33.87755102040817, 2021-10-09 19:37:30, 43817.97842374506, 150.0 
 47.31770281154443, -123.2222794940141, 20.0, 2021-10-09 19:40:00, 130906.34407228393, 300.0 
 47.938895178142744, -123.39704969309697, 20.0, 2021-10-10 03:37:30, 17303.982195847377, 150.0 
 47.38564739863155, -123.20516851335029, 20.0, 2021-10-10 20:07:30, 65328.79744074234, 150.0 
 48.16353141867136, -123.09953542909338, 20.0, 2021-10-10 01:00:00, 67422.88905582365, 300.0 
 48.049025570635735, -123.03125971921389, 60.0, 2021-10-10 01:22:30, 202485.06244347134, 300.0 
 48.08308782920966, -123.22281516905429, 57.241379310344826, 2021-10-10 01:25:00, 99710.37570537772, 150.0 
 48.12607521347277, -123.55244174311827, 20.0, 2021-10-10 01:30:00, 178054.10323648766, 300.0 
 48.11740352268632, -123.38456249809224, 20.0, 2021-10-10 01:32:30, 47902.498061888036, 150.0 
 47.70009301251726, -123.07780306025288, 54.48275862068965, 2021-10-10 01:37:30, 80093.19439553842, 150.0 
 48.06223171020185, -123.27472275359561, 28.275862068965516, 2021-10-10 01:40:00, 106401.13449842572, 300.0 
 47.992239804735284, -123.29880527413127, 60.0, 2021-10-10 01:42:30, 48678.559376241865, 150.0 
 48.08150378127291, -123.5200390676786, 20.0, 2021-10-10 01:45:00, 51583.25366118562, 150.0 
 48.04687601288077, -123.50099973791166, 20.0, 2021-10-10 01:47:30, 43394.82421183927, 150.0 
 47.14288125182152, -122.97870401103962, 20.0, 2021-10-10 01:57:30, 232009.24695173628, 300.0 
 47.308581435226564, -123.02932847590904, 20.0, 2021-10-10 02:00:00, 69150.81981159587, 150.0 
 47.34737778437412, -122.9099149025537, 60.0, 2021-10-10 02:02:30, 66009.02466663763, 150.0 
 47.08471012202628, -123.10343706082574, 20.0, 2021-10-10 02:05:00, 211353.47447622733, 300.0 
 47.37314329254339, -122.93399559998134, 57.24137931034483, 2021-10-10 02:20:00, 120201.34948244653, 300.0 
 47.33913279749891, -123.36869563250822, 20.0, 2021-10-10 02:22:30, 176224.16083320716, 300.0 
 47.277324441266074, -123.39217965183266, 20.0, 2021-10-10 02:25:00, 208780.7635212905, 150.0 
 47.27195334407108, -122.95422272390329, 20.0, 2021-10-10 02:27:30, 326715.591688582, 150.0 
 47.2613711479855, -122.99612873089836, 20.0, 2021-10-10 02:30:00, 427674.95340795186, 150.0 
 47.283918406205856, -122.99252729062373, 60.0, 2021-10-10 02:45:00, 53949.357899084695, 150.0 
 47.26184665942355, -123.14754020972713, 51.724137931034484, 2021-10-10 02:47:30, 110632.47731105605, 300.0 
 47.918240321159146, -123.38215723943132, 20.0, 2021-10-10 03:35:00, 20817.30929749113, 300.0 
 48.08372649693017, -123.24609161741665, 34.69387755102041, 2021-10-10 03:40:00, 63993.33462477617, 150.0 
 48.02372968208945, -123.37773992174846, 33.84615384615385, 2021-10-10 03:42:30, 76022.13191280085, 150.0 
 47.99428905589537, -123.4431314863058, 34.693877551020414, 2021-10-10 03:45:00, 47436.560501618114, 150.0 
 48.08936292787248, -123.37037872870079, 20.0, 2021-10-10 03:47:30, 95869.87274256223, 150.0 
 48.03652908366043, -123.33831632927472, 31.53846153846154, 2021-10-10 03:50:00, 70175.70197239779, 150.0 
 48.07872610160143, -123.3748697099098, 30.76923076923077, 2021-10-10 03:52:30, 80397.62451400605, 150.0 
 47.94626352470537, -123.34618879537088, 32.30769230769231, 2021-10-10 03:55:00, 74546.4131945818, 150.0 
 47.93899576216867, -123.4092679576378, 20.0, 2021-10-10 03:57:30, 65854.52600380674, 150.0 
 47.96502809630528, -123.42958457954282, 20.0, 2021-10-10 04:00:00, 46539.44369608461, 150.0 
 48.024759152256784, -123.40281643130655, 44.61538461538463, 2021-10-10 04:02:30, 15468.414934557395, 150.0 
 48.14441708620909, -123.65890784898966, 60.0, 2021-10-10 04:05:00, 44584.28418096383, 150.0 
 48.025235374225474, -123.41076567990801, 33.07692307692307, 2021-10-10 04:10:00, 91476.17188429102, 300.0 
 48.03494683695064, -123.39344684770676, 28.96551724137931, 2021-10-10 04:12:30, 48622.86505913578, 150.0 
 48.14710532185234, -123.6288065839512, 33.06122448979591, 2021-10-10 04:15:00, 50563.9951312878, 150.0 
 48.083935846392556, -123.51571047251086, 20.0, 2021-10-10 04:17:30, 112717.90361282902, 150.0 
 48.02659146648914, -123.53499595413489, 20.0, 2021-10-10 04:20:00, 57964.88248318732, 150.0 
 48.02223008513769, -123.39490526925857, 20.0, 2021-10-10 04:22:30, 68273.08951486304, 150.0 
 48.03823585131496, -123.34563134395039, 26.89655172413793, 2021-10-10 04:25:00, 73616.06408590071, 150.0 
 48.02842734312437, -123.35071918930333, 24.82758620689655, 2021-10-10 04:27:30, 82582.21898908606, 150.0 
 48.03615638484195, -123.34260986239596, 46.15384615384616, 2021-10-10 04:30:00, 39555.98499685296, 150.0 
 48.02661857756654, -123.24301942269352, 33.87755102040816, 2021-10-10 04:35:00, 50227.35931553682, 300.0 
 47.54839134594553, -122.89224860574049, 20.0, 2021-10-10 12:27:30, 7212.005593502204, 300.0 
 47.40293654286377, -122.67791294023547, 54.48275862068966, 2021-10-10 13:00:00, 38858.51722458284, 300.0 
 47.43103007160511, -122.89974833187784, 54.48275862068966, 2021-10-10 13:02:30, 24005.632358069503, 150.0 
 47.24303050381632, -123.04303882412444, 20.0, 2021-10-10 13:05:00, 81465.52200020893, 300.0 
 47.19110084491361, -122.95877187658189, 20.0, 2021-10-10 13:27:30, 86456.68113430619, 300.0 
 47.45338058308752, -122.70113015131797, 55.17241379310345, 2021-10-10 13:32:30, 21010.321358099107, 150.0 
 47.34081854456788, -122.97715622198913, 20.0, 2021-10-10 13:45:00, 73119.36380771307, 300.0 
 47.30436897028348, -123.09222237081137, 20.0, 2021-10-10 13:52:30, 31924.576825551325, 150.0 
 47.25647313468563, -122.99866782201681, 20.0, 2021-10-10 13:55:00, 85103.10003901183, 150.0 
 47.272856763680814, -122.96083759770801, 33.07692307692308, 2021-10-10 14:02:30, 33851.86921137423, 150.0 
 47.43445435956825, -122.97712585119052, 20.0, 2021-10-10 14:07:30, 149347.69461713705, 150.0 
 47.437256122520765, -122.75127405410633, 55.17241379310345, 2021-10-10 14:35:00, 19714.98868862005, 300.0 
 47.96472152452556, -123.49622591992451, 33.84615384615384, 2021-10-10 14:42:30, 36070.88183591251, 300.0 
 47.9908857702541, -123.3783556206802, 31.538461538461537, 2021-10-10 14:45:00, 51791.91204150717, 150.0 
 47.98257958037469, -123.41643076418524, 34.69387755102041, 2021-10-10 14:47:30, 54582.870588473765, 150.0 
 47.9954918717731, -123.43944027714076, 33.84615384615385, 2021-10-10 14:50:00, 61754.67366475922, 150.0 
 47.964446177573976, -123.45955638224939, 20.0, 2021-10-10 14:52:30, 60794.79883657835, 150.0 
 48.03354254415144, -123.37266149526661, 32.30769230769231, 2021-10-10 14:55:00, 37596.426686544844, 150.0 
 48.0100275673436, -123.46060456634731, 20.0, 2021-10-10 14:57:30, 52675.0626570158, 150.0 
 48.00871381829162, -123.39882385479143, 35.51020408163265, 2021-10-10 15:00:00, 104284.26696714538, 150.0 
 48.0123151111903, -123.43792585274937, 33.07692307692307, 2021-10-10 15:02:30, 101984.91067328589, 150.0 
 48.03146863772468, -123.41983482538951, 36.3265306122449, 2021-10-10 15:05:00, 122175.5551343635, 150.0 
 48.018727895835184, -123.4182299547793, 24.827586206896548, 2021-10-10 15:10:00, 134722.3708881233, 300.0 
 48.07401081748331, -123.35167298486647, 45.30612244897959, 2021-10-10 15:12:30, 154638.57121996803, 150.0 
 48.06194677591723, -123.28820591133595, 43.6734693877551, 2021-10-10 15:15:00, 144247.2625449418, 150.0 
 47.950100299920734, -123.64070864027661, 34.61538461538461, 2021-10-10 15:17:30, 162143.51736770253, 300.0 
 48.02821058037115, -123.32623190686733, 59.31034482758619, 2021-10-10 15:20:00, 70897.31590003394, 300.0 
 47.97479243236147, -123.72108398796134, 60.0, 2021-10-10 15:22:30, 47686.3782968303, 300.0 
 48.00786618361563, -123.62033995993579, 51.72413793103448, 2021-10-10 15:25:00, 17111.35547655673, 150.0 
 47.994320264955604, -123.30182273012777, 33.07692307692308, 2021-10-10 15:30:00, 90904.14966320364, 300.0 
 48.01658336700729, -123.31177732758184, 33.07692307692308, 2021-10-10 15:32:30, 53085.49250115106, 150.0 
 48.005499765139746, -123.35850224311872, 26.92307692307692, 2021-10-10 15:40:00, 122769.20389197428, 300.0 
 48.10085385886064, -123.32234964960467, 32.30769230769231, 2021-10-10 15:42:30, 51731.50589371796, 150.0 
 47.90097240341166, -123.53818533616743, 20.0, 2021-10-10 15:57:30, 55043.28659350388, 300.0 
 47.49347531351719, -123.03678213197443, 59.3103448275862, 2021-10-10 19:32:30, 41789.42503656431, 300.0 
 47.25647313468562, -122.99866782201681, 31.538461538461533, 2021-10-10 19:35:00, 80914.76246241645, 300.0 
 47.34757022746371, -123.06278981638451, 51.53846153846153, 2021-10-10 19:47:30, 27547.749529695902, 300.0 
 47.3165478171229, -123.23566129679439, 60.0, 2021-10-10 19:55:00, 275712.4821202901, 300.0 
 47.296153589458285, -122.95176261903049, 20.0, 2021-10-10 20:12:30, 34388.88520730572, 300.0 
 47.34737273616052, -122.97577889155087, 20.0, 2021-10-10 20:22:30, 83758.00722513114, 300.0 
 47.24289234461084, -123.03098272620093, 20.0, 2021-10-10 20:27:30, 386566.15395031276, 300.0 
 47.30051053244313, -123.04160756463276, 20.0, 2021-10-10 20:32:30, 152355.18775028645, 300.0 
 47.35374824650886, -122.99374450245824, 20.0, 2021-10-10 20:40:00, 45481.68905777284, 300.0 
 47.326213819696896, -122.92499566904692, 34.61538461538463, 2021-10-10 20:42:30, 25014.234177017617, 150.0 
 47.179075677670355, -123.01751580568454, 42.04081632653061, 2021-10-10 20:55:00, 98936.78043158054, 300.0 
 47.457362753032704, -122.84028247505448, 20.0, 2021-10-10 21:05:00, 145477.88587707694, 300.0 
 47.34972279687913, -122.7768996926936, 22.75862068965517, 2021-10-10 21:07:30, 66607.83014661909, 150.0 
 47.16291008098069, -122.7928974421769, 22.758620689655174, 2021-10-10 21:12:30, 138542.1419749971, 300.0 
 47.247984610811, -122.84628952832698, 24.82758620689655, 2021-10-10 21:15:00, 50553.765727216385, 150.0 
 47.44306644919645, -122.90970712093363, 20.0, 2021-10-10 21:25:00, 129687.68866471353, 300.0 
 47.29499971138076, -122.82985354528662, 20.0, 2021-10-10 21:30:00, 20185.87317777207, 150.0 
 47.32259162603806, -122.96435052457889, 20.0, 2021-10-10 21:32:30, 17833.456488250642, 150.0 
 47.40031444695609, -123.00705759299451, 20.0, 2021-10-10 21:35:00, 31955.292232812306, 150.0 
 47.31000492787445, -122.8463322639475, 20.0, 2021-10-10 21:42:30, 47198.752236823326, 300.0 
 47.46709915159706, -122.9266083130684, 33.846153846153854, 2021-10-10 21:50:00, 48882.71669416974, 150.0 
 47.55150349929618, -122.91096462535342, 20.0, 2021-10-10 22:17:30, 141777.01110893826, 300.0 
 47.183636180522015, -122.79988550199178, 20.0, 2021-10-10 22:50:00, 62447.952955136294, 300.0 
 47.244313841138634, -122.84820332916588, 20.0, 2021-10-10 22:52:30, 15138.89585916232, 150.0 
 48.0536995852724, -123.48006512325134, 34.69387755102041, 2021-10-10 23:02:30, 128917.60793064398, 300.0 
 48.04053808808768, -123.53294155377863, 32.307692307692314, 2021-10-10 23:05:00, 28874.974188775566, 150.0 
 48.33931555106844, -123.40812168542794, 60.0, 2021-10-10 23:10:00, 66278.33556396437, 300.0 
 48.13822741893651, -123.32344378164095, 55.86206896551724, 2021-10-10 23:12:30, 19054.835964370086, 150.0 
 48.17610366040686, -123.43319237854743, 20.0, 2021-10-10 23:15:00, 25444.54598686871, 150.0 
 48.29457219087721, -123.31295192885507, 26.92307692307692, 2021-10-10 23:17:30, 48486.852717735994, 150.0 
 48.04067252469812, -123.49497830204523, 35.51020408163265, 2021-10-10 23:32:30, 36814.704503644665, 300.0 
 48.25808665415394, -123.41636523914475, 49.65517241379311, 2021-10-10 23:35:00, 40103.48231904819, 150.0 
 48.0116318589134, -123.45568170069032, 43.07692307692308, 2021-10-10 23:37:30, 47860.472799468735, 300.0 
 48.04058056487174, -123.48273315839499, 45.38461538461539, 2021-10-10 23:40:00, 19943.05061133432, 150.0 
 48.14625401490969, -123.34905574790328, 55.17241379310346, 2021-10-10 23:42:30, 48203.07912052007, 150.0 
 48.0819605891538, -123.27676272212688, 33.84615384615384, 2021-10-10 23:52:30, 85992.95681233198, 300.0 
 48.045031160146856, -123.32467956819067, 32.30769230769231, 2021-10-10 23:55:00, 76587.92069424524, 150.0 
 47.50308086964603, -123.0206287495027, 37.95918367346938, 2021-10-10 01:35:00, 150750.9566584761, 300.0 
 47.09902990303052, -122.88309446147831, 22.448979591836736, 2021-10-10 01:45:00, 89838.61826834123, 300.0 
 47.37065967627384, -122.96071386546038, 20.0, 2021-10-10 01:52:30, 142859.19175560374, 300.0 
 47.45177850714571, -123.36964408657266, 60.00000000000001, 2021-10-10 01:55:00, 162396.93894250717, 300.0 
 47.482175096674666, -123.36773460848985, 55.17241379310345, 2021-10-10 01:57:30, 46473.84768901418, 150.0 
 47.364557380854045, -123.39458297285992, 51.72413793103448, 2021-10-10 02:00:00, 52385.71544092877, 150.0 
 47.561620334614304, -122.96737799098798, 60.00000000000001, 2021-10-10 02:05:00, 69469.54194993382, 150.0 
 48.06036409014162, -123.28037304757139, 20.0, 2021-10-10 02:20:00, 122661.72068647259, 300.0 
 47.45371060740327, -122.91718615300019, 20.0, 2021-10-10 02:25:00, 206155.22291170232, 300.0 
 47.45374935109885, -123.30879885057173, 58.62068965517241, 2021-10-10 02:32:30, 384089.383550826, 300.0 
 47.50866267788991, -122.98707870114588, 36.32653061224489, 2021-10-10 02:35:00, 289591.9817444326, 300.0 
 47.44301158009256, -122.90568143064075, 20.000000000000004, 2021-10-10 02:40:00, 121145.56159667613, 300.0 
 47.458490582820346, -122.91070928310704, 20.0, 2021-10-10 02:42:30, 45073.54121798552, 150.0 
 47.55548736872153, -123.17199245405382, 60.0, 2021-10-10 02:47:30, 42623.88151199576, 300.0 
 47.223415353005244, -123.35350931015365, 22.068965517241377, 2021-10-10 02:50:00, 14554.42860522294, 150.0 
 47.21334592917933, -122.9346294822164, 20.0, 2021-10-10 02:57:30, 36847.69094545049, 300.0 
 47.376237181451046, -122.89477253166521, 20.0, 2021-10-10 03:00:00, 24448.99119896108, 150.0 
 47.48681741616456, -123.42230914614333, 60.0, 2021-10-10 03:10:00, 24915.874208425324, 300.0 
 47.47622949873056, -122.900970197392, 34.61538461538462, 2021-10-10 13:05:00, 24056.370113374087, 150.0 
 47.55992663901438, -122.62924070694768, 60.0, 2021-10-10 13:27:30, 194461.08577057716, 300.0 
 47.41912075696722, -122.96919121483654, 51.03448275862069, 2021-10-10 13:30:00, 33367.22650276282, 300.0 
 47.33373408737039, -122.77183776259626, 59.99999999999999, 2021-10-10 13:35:00, 23794.990188055548, 150.0 
 47.37785910881192, -123.08970703281877, 32.244897959183675, 2021-10-10 13:50:00, 54882.50602670812, 300.0 
 47.4948144726869, -122.95771953577166, 45.384615384615394, 2021-10-10 13:55:00, 51660.577577088916, 300.0 
 47.473940885938944, -122.85203409250968, 20.0, 2021-10-10 14:00:00, 71921.01661340903, 300.0 
 47.376198589615036, -122.8961230427315, 20.0, 2021-10-10 14:05:00, 80351.83394030796, 150.0 
 47.32526455100529, -122.94163188885713, 60.0, 2021-10-10 14:17:30, 29860.154851609645, 300.0 
 48.043155358098545, -123.2723141130597, 20.0, 2021-10-10 14:37:30, 54889.07617204225, 300.0 
 47.32456757343909, -122.9970054677095, 39.59183673469388, 2021-10-10 20:00:00, 172382.1408081353, 300.0 
 47.34580962176007, -122.89829931407769, 20.0, 2021-10-10 20:02:30, 38483.36256225857, 150.0 
 47.325574381619425, -123.08628273041434, 43.84615384615385, 2021-10-10 20:05:00, 52630.077610176624, 150.0 
 47.392128462382516, -122.58046255181958, 55.862068965517246, 2021-10-10 21:10:00, 54885.11298016024, 150.0 
 47.42841419916691, -122.77070964942837, 20.0, 2021-10-10 21:27:30, 59512.06270413737, 150.0 
 47.40747127530764, -122.95897728478462, 20.0, 2021-10-10 21:37:30, 16539.628696253032, 150.0 
 47.32143780045653, -122.94679805920454, 34.61538461538461, 2021-10-10 21:47:30, 81304.70879431772, 300.0 
 47.29443914621715, -122.73033137094401, 51.53846153846155, 2021-10-10 22:17:30, 102833.82666856547, 300.0 
 47.36449951998023, -122.93241388349836, 53.793103448275865, 2021-10-11 00:40:00, 45275.564764330826, 150.0 
 47.394587710377046, -123.00901736127663, 20.0, 2021-10-11 00:45:00, 10117.255388046588, 150.0 
 47.36396635592637, -123.03198261830181, 41.22448979591836, 2021-10-11 00:30:00, 47302.17379559357, 300.0 
 47.45797273631476, -123.02314626950954, 44.48979591836734, 2021-10-11 00:32:30, 16851.159243271122, 150.0 
 47.38502205341526, -122.97244575093984, 55.172413793103445, 2021-10-11 00:37:30, 48698.74763037465, 300.0 
 47.36983293173587, -122.98907060430165, 20.0, 2021-10-11 00:42:30, 14764.183682995936, 150.0 
 