lat,lon,depth,starttime,energy,duration 
 48.415, -123.875, 54.0, 2011-08-25 07:00:00, 0.0, None 
 48.52, -123.73, 20.0, 2011-08-26 21:50:00, 0.0, None 
 47.6, -123.31, 20.0, 2011-07-16 00:20:00, 0.0, None 
 47.2, -123.31, 44.0, 2011-07-16 01:12:30, 0.0, None 
 47.21, -122.45, 60.0, 2011-07-16 02:57:30, 0.0, None 
 47.52, -123.11, 20.0, 2011-07-16 03:30:00, 0.0, None 
 47.19, -122.51, 20.0, 2011-07-16 05:10:00, 0.0, None 
 47.57, -123.21, 20.0, 2011-07-16 05:27:30, 0.0, None 
 47.45, -123.225, 20.0, 2011-07-16 06:50:00, 0.0, None 
 47.175, -122.58, 60.0, 2011-07-16 06:50:00, 0.0, None 
 47.62, -123.39, 20.0, 2011-07-16 07:25:00, 0.0, None 
 47.5, -123.235, 20.0, 2011-07-16 07:37:30, 0.0, None 
 47.47, -123.19, 20.0, 2011-07-16 07:40:00, 0.0, None 
 47.22, -122.48, 60.0, 2011-07-16 07:42:30, 0.0, None 
 47.53, -123.14, 56.0, 2011-07-16 07:50:00, 0.0, None 
 47.57, -123.24, 20.0, 2011-07-16 09:17:30, 0.0, None 
 47.19, -122.71, 20.0, 2011-07-16 12:10:00, 0.0, None 
 47.49, -123.20700000000001, 35.0, 2011-07-16 12:22:30, 0.0, None 
 47.523, -123.27, 20.0, 2011-07-16 12:25:00, 0.0, None 
 47.43, -123.13, 31.0, 2011-07-16 13:50:00, 0.0, None 
 47.2, -122.61, 60.0, 2011-07-16 13:50:00, 0.0, None 
 47.49, -123.18, 20.0, 2011-07-16 13:52:30, 0.0, None 
 47.555, -123.32, 40.0, 2011-07-16 14:05:00, 0.0, None 
 47.4, -123.17, 47.0, 2011-07-16 14:50:00, 0.0, None 
 47.63, -123.31, 39.0, 2011-07-16 15:32:30, 0.0, None 
 47.54, -123.275, 27.0, 2011-07-16 15:37:30, 0.0, None 
 47.505, -123.28, 31.0, 2011-07-16 15:40:00, 0.0, None 
 47.18, -122.69, 34.0, 2011-07-16 15:50:00, 0.0, None 
 47.2, -123.31, 33.0, 2011-07-16 17:22:30, 0.0, None 
 47.49, -123.15, 60.0, 2011-07-16 17:42:30, 0.0, None 
 48.21, -123.6, 23.0, 2011-07-16 18:05:00, 0.0, None 
 47.21, -122.5, 60.0, 2011-07-16 20:07:30, 0.0, None 
 48.21, -123.6, 20.0, 2011-07-16 20:45:00, 0.0, None 
 47.22, -122.63, 20.0, 2011-07-16 21:55:00, 0.0, None 
 47.535, -123.29, 20.0, 2011-07-17 00:32:30, 0.0, None 
 47.5, -122.9, 50.0, 2011-07-17 02:00:00, 0.0, None 
 47.59, -123.29, 20.0, 2011-07-17 02:30:00, 0.0, None 
 47.69, -123.18, 43.0, 2011-07-17 05:07:30, 0.0, None 
 47.54, -123.31, 31.0, 2011-07-17 05:15:00, 0.0, None 
 47.42, -123.49, 20.0, 2011-07-17 06:07:30, 0.0, None 
 47.78, -123.32, 46.0, 2011-07-17 13:35:00, 0.0, None 
 47.615, -123.31700000000001, 29.0, 2011-07-17 16:37:30, 0.0, None 
 47.72, -123.34, 28.0, 2011-07-17 19:00:00, 0.0, None 
 47.78, -123.3, 41.0, 2011-07-17 19:10:00, 0.0, None 
 47.7, -123.39, 60.0, 2011-07-17 19:20:00, 0.0, None 
 47.615, -123.275, 60.0, 2011-07-17 19:22:30, 0.0, None 
 47.71, -123.24, 20.0, 2011-07-17 19:32:30, 0.0, None 
 47.735, -123.31, 57.0, 2011-07-17 20:05:00, 0.0, None 
 47.75, -123.33, 60.0, 2011-07-17 20:10:00, 0.0, None 
 47.7, -123.27, 27.0, 2011-07-17 20:20:00, 0.0, None 
 47.73, -123.26, 20.0, 2011-07-17 20:27:30, 0.0, None 
 47.68, -123.34, 20.0, 2011-07-17 20:30:00, 0.0, None 
 47.63, -123.39, 20.0, 2011-07-17 20:32:30, 0.0, None 
 47.71, -123.295, 20.0, 2011-07-17 20:37:30, 0.0, None 
 47.69, -123.32, 20.0, 2011-07-17 20:40:00, 0.0, None 
 47.69, -123.2, 40.0, 2011-07-17 20:42:30, 0.0, None 
 47.61, -123.345, 20.0, 2011-07-17 20:45:00, 0.0, None 
 47.66, -123.33, 20.0, 2011-07-17 20:47:30, 0.0, None 
 47.62, -123.28, 60.0, 2011-07-17 20:50:00, 0.0, None 
 47.665, -123.395, 60.0, 2011-07-17 20:52:30, 0.0, None 
 47.745, -123.32, 20.0, 2011-07-17 20:55:00, 0.0, None 
 47.58, -123.37, 60.0, 2011-07-17 20:57:30, 0.0, None 
 47.59, -123.3, 51.0, 2011-07-17 21:00:00, 0.0, None 
 47.72, -123.21, 20.0, 2011-07-17 21:02:30, 0.0, None 
 47.73, -123.31, 20.0, 2011-07-17 21:05:00, 0.0, None 
 47.72, -123.37, 20.0, 2011-07-17 21:12:30, 0.0, None 
 47.64, -123.31, 60.0, 2011-07-17 21:15:00, 0.0, None 
 47.735, -123.235, 20.0, 2011-07-17 21:17:30, 0.0, None 
 47.68, -123.395, 20.0, 2011-07-17 21:25:00, 0.0, None 
 47.735, -123.39, 20.0, 2011-07-17 21:55:00, 0.0, None 
 47.68, -123.29, 20.0, 2011-07-17 22:07:30, 0.0, None 
 47.7, -123.285, 30.0, 2011-07-17 22:22:30, 0.0, None 
 47.715, -123.36, 20.0, 2011-07-17 22:25:00, 0.0, None 
 47.72, -123.37, 20.0, 2011-07-17 22:27:30, 0.0, None 
 47.76, -123.365, 20.0, 2011-07-17 22:30:00, 0.0, None 
 47.605, -123.352, 60.0, 2011-07-17 22:57:30, 0.0, None 
 47.617, -123.285, 25.0, 2011-07-17 23:00:00, 0.0, None 
 47.63, -123.37, 27.0, 2011-07-17 23:05:00, 0.0, None 
 47.64, -123.48, 60.0, 2011-07-17 23:55:00, 0.0, None 
 47.615, -123.43, 31.0, 2011-07-19 01:45:00, 0.0, None 
 47.68, -123.315, 32.0, 2011-07-19 03:02:30, 0.0, None 
 47.63, -123.38, 20.0, 2011-07-19 03:05:00, 0.0, None 
 47.64, -123.37, 20.0, 2011-07-19 03:07:30, 0.0, None 
 47.53, -123.185, 20.0, 2011-07-19 03:17:30, 0.0, None 
 47.58, -123.32, 25.5, 2011-07-19 03:20:00, 0.0, None 
 47.52, -123.3, 20.0, 2011-07-19 03:32:30, 0.0, None 
 47.51, -123.235, 20.0, 2011-07-19 03:35:00, 0.0, None 
 47.54, -123.27, 20.0, 2011-07-19 03:37:30, 0.0, None 
 47.48, -123.2, 55.0, 2011-07-19 04:10:00, 0.0, None 
 47.62, -123.34, 20.0, 2011-07-19 04:45:00, 0.0, None 
 47.62, -123.36, 20.0, 2011-07-19 04:47:30, 0.0, None 
 47.59, -123.26, 20.0, 2011-07-19 05:00:00, 0.0, None 
 47.6, -123.28, 20.0, 2011-07-19 05:02:30, 0.0, None 
 47.59, -123.36, 20.0, 2011-07-19 06:20:00, 0.0, None 
 47.57, -123.43, 20.0, 2011-07-19 13:07:30, 0.0, None 
 48.4, -121.28, 55.0, 2011-07-19 14:45:00, 0.0, None 
 48.39, -121.28, 44.0, 2011-07-19 23:50:00, 0.0, None 
 46.71, -123.16, 20.0, 2011-07-24 00:32:30, 0.0, None 
 46.61, -123.4, 20.0, 2011-07-24 01:40:00, 0.0, None 
 46.6, -123.41, 20.0, 2011-07-24 01:42:30, 0.0, None 
 46.62, -123.32, 46.0, 2011-07-24 03:00:00, 0.0, None 
 46.7, -123.28, 20.0, 2011-07-24 03:25:00, 0.0, None 
 46.825, -123.22, 60.0, 2011-07-24 03:37:30, 0.0, None 
 46.6, -123.43, 20.0, 2011-07-24 03:45:00, 0.0, None 
 46.6, -123.33, 20.0, 2011-07-24 03:47:30, 0.0, None 
 46.65, -123.145, 20.0, 2011-07-24 03:50:00, 0.0, None 
 46.62, -123.13, 20.0, 2011-07-24 03:52:30, 0.0, None 
 46.66, -123.1, 20.0, 2011-07-24 04:00:00, 0.0, None 
 46.64, -123.095, 20.0, 2011-07-24 04:02:30, 0.0, None 
 46.65, -123.1, 20.0, 2011-07-24 04:05:00, 0.0, None 
 46.69, -123.22, 24.0, 2011-07-24 04:07:30, 0.0, None 
 46.66, -123.165, 20.0, 2011-07-24 04:10:00, 0.0, None 
 46.71, -123.0, 20.0, 2011-07-24 04:12:30, 0.0, None 
 46.69, -123.18, 36.0, 2011-07-24 04:17:30, 0.0, None 
 46.79, -123.17, 20.0, 2011-07-24 04:37:30, 0.0, None 
 46.64, -123.41, 20.0, 2011-07-24 04:40:00, 0.0, None 
 46.77, -123.205, 36.0, 2011-07-24 05:32:30, 0.0, None 
 46.71, -123.3, 21.5, 2011-07-24 05:35:00, 0.0, None 
 46.71, -123.205, 60.0, 2011-07-24 05:40:00, 0.0, None 
 46.66, -123.22, 20.0, 2011-07-24 05:42:30, 0.0, None 
 46.62, -123.12, 60.0, 2011-07-24 05:57:30, 0.0, None 
 46.61, -123.195, 20.0, 2011-07-24 06:05:00, 0.0, None 
 46.71, -123.185, 26.0, 2011-07-24 06:10:00, 0.0, None 
 46.585, -123.255, 20.0, 2011-07-24 06:20:00, 0.0, None 
 46.61, -123.305, 20.0, 2011-07-24 06:22:30, 0.0, None 
 46.69, -123.24, 20.0, 2011-07-24 06:35:00, 0.0, None 
 46.9, -123.26, 40.0, 2011-07-24 06:55:00, 0.0, None 
 46.67, -123.11, 40.0, 2011-07-24 07:00:00, 0.0, None 
 46.685, -123.305, 47.5, 2011-07-24 07:37:30, 0.0, None 
 46.69, -123.2, 20.0, 2011-07-24 09:22:30, 0.0, None 
 46.71, -123.11, 20.0, 2011-07-24 11:07:30, 0.0, None 
 46.93, -123.3, 60.0, 2011-07-24 11:22:30, 0.0, None 
 46.62, -123.09, 20.0, 2011-07-24 11:32:30, 0.0, None 
 46.71, -123.06, 20.0, 2011-07-24 11:45:00, 0.0, None 
 46.7, -123.19, 60.0, 2011-07-24 11:57:30, 0.0, None 
 46.71, -123.12, 20.0, 2011-07-24 12:45:00, 0.0, None 
 46.53, -123.09, 41.5, 2011-07-24 13:27:30, 0.0, None 
 46.69, -123.09, 20.0, 2011-07-24 13:35:00, 0.0, None 
 46.64, -123.15, 60.0, 2011-07-24 13:57:30, 0.0, None 
 46.69, -123.04, 47.0, 2011-07-24 14:42:30, 0.0, None 
 46.61, -123.22, 60.0, 2011-07-24 15:32:30, 0.0, None 
 46.58, -123.25, 60.0, 2011-07-24 15:35:00, 0.0, None 
 46.795, -123.185, 39.0, 2011-07-24 16:52:30, 0.0, None 
 46.72, -123.235, 43.5, 2011-07-24 17:15:00, 0.0, None 
 46.66, -123.19, 39.0, 2011-07-24 17:25:00, 0.0, None 
 46.64, -123.41, 20.0, 2011-07-24 17:30:00, 0.0, None 
 46.82, -123.21, 24.0, 2011-07-24 17:47:30, 0.0, None 
 46.81, -123.0, 33.0, 2011-07-24 18:37:30, 0.0, None 
 46.67, -123.39, 51.0, 2011-07-24 20:10:00, 0.0, None 
 46.6, -123.13, 20.0, 2011-07-24 20:30:00, 0.0, None 
 46.69, -123.32, 20.0, 2011-07-24 21:00:00, 0.0, None 
 46.67, -123.125, 20.0, 2011-07-24 21:15:00, 0.0, None 
 46.67, -123.14, 25.0, 2011-07-24 21:17:30, 0.0, None 
 46.88, -123.215, 28.0, 2011-07-24 21:35:00, 0.0, None 
 46.77, -123.02, 39.0, 2011-07-24 21:47:30, 0.0, None 
 46.59, -123.285, 28.0, 2011-07-24 22:12:30, 0.0, None 
 46.79, -123.23, 20.0, 2011-07-24 22:15:00, 0.0, None 
 46.73, -123.05, 50.0, 2011-07-24 22:22:30, 0.0, None 
 46.575, -122.7, 60.0, 2011-07-24 22:35:00, 0.0, None 
 46.6, -123.17, 20.0, 2011-07-24 23:15:00, 0.0, None 
 46.77, -123.05, 60.0, 2011-07-25 01:00:00, 0.0, None 
 46.8, -123.095, 60.0, 2011-07-25 01:02:30, 0.0, None 
 46.795, -122.705, 60.0, 2011-07-25 01:57:30, 0.0, None 
 46.6, -122.78, 60.0, 2011-07-25 02:32:30, 0.0, None 
 46.532, -123.105, 20.0, 2011-07-25 02:35:00, 0.0, None 
 46.955, -122.885, 60.0, 2011-07-25 02:57:30, 0.0, None 
 46.645, -122.79, 25.0, 2011-07-25 03:25:00, 0.0, None 
 46.53, -123.22, 20.0, 2011-07-25 03:25:00, 0.0, None 
 46.425, -123.225, 20.0, 2011-07-25 03:27:30, 0.0, None 
 46.46, -122.985, 60.0, 2011-07-25 03:32:30, 0.0, None 
 46.8, -123.09, 23.5, 2011-07-25 03:42:30, 0.0, None 
 46.81, -122.98, 32.0, 2011-07-25 03:45:00, 0.0, None 
 46.52, -123.12, 20.0, 2011-07-25 03:45:00, 0.0, None 
 46.82, -122.915, 34.0, 2011-07-25 03:47:30, 0.0, None 
 46.7, -123.05, 60.0, 2011-07-25 05:10:00, 0.0, None 
 46.52, -122.75, 60.0, 2011-07-25 05:40:00, 0.0, None 
 46.67, -123.13, 35.0, 2011-07-25 06:07:30, 0.0, None 
 46.67, -123.12, 36.5, 2011-07-25 06:10:00, 0.0, None 
 46.4, -122.98, 53.0, 2011-07-25 06:12:30, 0.0, None 
 46.54, -123.165, 24.5, 2011-07-25 06:15:00, 0.0, None 
 46.64, -123.11, 40.0, 2011-07-25 06:20:00, 0.0, None 
 46.555, -123.1, 28.2, 2011-07-25 06:25:00, 0.0, None 
 46.54, -123.167, 30.5, 2011-07-25 06:27:30, 0.0, None 
 46.578, -123.095, 48.0, 2011-07-25 06:30:00, 0.0, None 
 46.54, -123.28, 29.0, 2011-07-25 06:32:30, 0.0, None 
 46.625, -123.28, 20.0, 2011-07-25 06:35:00, 0.0, None 
 46.61, -123.125, 20.0, 2011-07-25 06:40:00, 0.0, None 
 46.59, -123.19, 60.0, 2011-07-25 06:42:30, 0.0, None 
 46.68, -123.105, 20.0, 2011-07-25 06:47:30, 0.0, None 
 46.61, -123.16, 20.0, 2011-07-25 06:50:00, 0.0, None 
 46.555, -123.23299999999999, 20.0, 2011-07-25 06:52:30, 0.0, None 
 46.89, -122.93, 60.0, 2011-07-25 06:57:30, 0.0, None 
 46.59, -123.07, 20.0, 2011-07-25 07:00:00, 0.0, None 
 46.6, -123.015, 20.0, 2011-07-25 07:07:30, 0.0, None 
 46.44, -123.115, 23.0, 2011-07-25 07:10:00, 0.0, None 
 46.59, -123.22, 20.0, 2011-07-25 07:20:00, 0.0, None 
 46.575, -123.18, 28.5, 2011-07-25 07:25:00, 0.0, None 
 46.495, -122.99, 20.0, 2011-07-25 07:40:00, 0.0, None 
 46.47, -123.19, 29.0, 2011-07-25 07:42:30, 0.0, None 
 46.567, -123.132, 21.8, 2011-07-25 07:50:00, 0.0, None 
 46.538000000000004, -123.08, 20.0, 2011-07-25 07:52:30, 0.0, None 
 46.625, -123.14, 20.0, 2011-07-25 08:12:30, 0.0, None 
 46.66, -123.08, 30.0, 2011-07-25 08:52:30, 0.0, None 
 46.65, -123.21, 59.0, 2011-07-25 08:55:00, 0.0, None 
 46.8, -122.675, 60.0, 2011-07-25 08:57:30, 0.0, None 
 46.85, -122.9, 60.0, 2011-07-25 09:57:30, 0.0, None 
 46.515, -123.065, 40.0, 2011-07-25 10:05:00, 0.0, None 
 46.555, -123.105, 26.5, 2011-07-25 10:07:30, 0.0, None 
 46.553000000000004, -123.05799999999999, 24.0, 2011-07-25 10:10:00, 0.0, None 
 46.513000000000005, -123.135, 28.0, 2011-07-25 10:12:30, 0.0, None 
 46.55, -123.2, 34.0, 2011-07-25 10:15:00, 0.0, None 
 46.53, -123.2, 20.0, 2011-07-25 10:17:30, 0.0, None 
 46.567, -123.15, 24.2, 2011-07-25 10:20:00, 0.0, None 
 46.545, -123.14, 29.0, 2011-07-25 10:22:30, 0.0, None 
 46.39, -123.09, 47.0, 2011-07-25 11:02:30, 0.0, None 
 46.64, -123.17, 60.0, 2011-07-25 11:10:00, 0.0, None 
 46.51, -122.68, 20.0, 2011-07-25 11:35:00, 0.0, None 
 46.69, -123.085, 59.0, 2011-07-25 13:20:00, 0.0, None 
 46.65, -123.1, 60.0, 2011-07-25 18:20:00, 0.0, None 
 46.61, -122.675, 60.0, 2011-07-25 18:32:30, 0.0, None 
 46.485, -123.105, 20.0, 2011-07-25 19:15:00, 0.0, None 
 46.48, -123.125, 20.0, 2011-07-25 19:17:30, 0.0, None 
 46.62, -123.07, 46.5, 2011-07-25 21:17:30, 0.0, None 
 46.59, -123.13, 40.0, 2011-07-25 21:20:00, 0.0, None 
 46.6, -122.67, 60.0, 2011-07-25 21:57:30, 0.0, None 
 46.5, -123.3, 44.0, 2011-07-25 22:00:00, 0.0, None 
 46.545, -123.24, 40.0, 2011-07-25 23:22:30, 0.0, None 
 46.65, -123.205, 60.0, 2011-07-25 23:27:30, 0.0, None 
 46.71, -123.12, 60.0, 2011-07-25 23:45:00, 0.0, None 
 46.81, -123.04, 35.0, 2011-07-25 23:50:00, 0.0, None 
 46.585, -122.695, 60.0, 2011-07-25 23:55:00, 0.0, None 
 46.92, -122.79, 32.0, 2011-07-26 00:02:30, 0.0, None 
 46.835, -123.0, 50.0, 2011-07-26 00:05:00, 0.0, None 
 46.81, -123.09, 40.0, 2011-07-26 00:07:30, 0.0, None 
 46.87, -123.21, 51.0, 2011-07-26 00:20:00, 0.0, None 
 46.61, -123.28, 50.0, 2011-07-26 00:25:00, 0.0, None 
 46.68, -123.11, 20.0, 2011-07-26 00:27:30, 0.0, None 
 46.73, -123.255, 20.0, 2011-07-26 00:32:30, 0.0, None 
 46.62, -123.285, 20.0, 2011-07-26 00:40:00, 0.0, None 
 46.725, -123.23, 24.0, 2011-07-26 00:42:30, 0.0, None 
 46.76, -123.0, 40.0, 2011-07-26 00:55:00, 0.0, None 
 46.89, -123.075, 40.5, 2011-07-26 01:07:30, 0.0, None 
 46.66, -123.075, 20.0, 2011-07-26 01:30:00, 0.0, None 
 46.69, -123.05, 20.0, 2011-07-26 01:32:30, 0.0, None 
 46.67, -122.745, 60.0, 2011-07-26 01:35:00, 0.0, None 
 46.705, -123.12, 20.0, 2011-07-26 01:42:30, 0.0, None 
 46.59, -123.28, 20.0, 2011-07-26 01:52:30, 0.0, None 
 46.93, -122.8, 40.0, 2011-07-26 02:07:30, 0.0, None 
 46.765, -122.98, 60.0, 2011-07-26 02:20:00, 0.0, None 
 46.735, -122.905, 41.5, 2011-07-26 02:30:00, 0.0, None 
 46.68, -123.31, 23.0, 2011-07-26 02:32:30, 0.0, None 
 46.61, -122.92, 33.0, 2011-07-26 02:37:30, 0.0, None 
 46.7, -123.3, 58.0, 2011-07-26 02:57:30, 0.0, None 
 46.67, -122.96, 30.0, 2011-07-26 04:10:00, 0.0, None 
 46.71, -122.99, 32.0, 2011-07-26 04:12:30, 0.0, None 
 46.79, -122.9, 40.0, 2011-07-26 04:20:00, 0.0, None 
 46.73, -122.89, 20.0, 2011-07-26 04:27:30, 0.0, None 
 46.78, -122.91, 20.0, 2011-07-26 04:30:00, 0.0, None 
 46.58, -123.07, 42.0, 2011-07-26 04:57:30, 0.0, None 
 46.66, -123.21, 20.0, 2011-07-26 05:00:00, 0.0, None 
 47.2, -121.9, 60.0, 2011-07-26 05:27:30, 0.0, None 
 46.51, -123.09, 20.0, 2011-07-26 05:35:00, 0.0, None 
 46.57, -123.34, 20.0, 2011-07-26 05:47:30, 0.0, None 
 46.75, -122.97, 20.0, 2011-07-26 06:35:00, 0.0, None 
 46.57, -123.04, 60.0, 2011-07-26 06:37:30, 0.0, None 
 46.73, -122.865, 53.5, 2011-07-26 07:12:30, 0.0, None 
 46.625, -123.03, 60.0, 2011-07-26 07:15:00, 0.0, None 
 46.79, -122.935, 47.5, 2011-07-26 07:50:00, 0.0, None 
 46.81, -122.965, 20.0, 2011-07-26 07:52:30, 0.0, None 
 46.68, -123.005, 49.0, 2011-07-26 07:55:00, 0.0, None 
 46.685, -122.97, 60.0, 2011-07-26 07:57:30, 0.0, None 
 46.6, -123.21, 20.0, 2011-07-26 08:00:00, 0.0, None 
 46.84, -122.72, 20.0, 2011-07-26 08:02:30, 0.0, None 
 46.78, -122.79, 60.0, 2011-07-26 08:12:30, 0.0, None 
 46.79, -122.965, 41.0, 2011-07-26 08:20:00, 0.0, None 
 46.78, -123.04, 20.0, 2011-07-26 08:22:30, 0.0, None 
 46.895, -123.2, 20.0, 2011-07-26 08:27:30, 0.0, None 
 46.8, -123.085, 36.5, 2011-07-26 08:35:00, 0.0, None 
 46.79, -123.04, 42.0, 2011-07-26 08:37:30, 0.0, None 
 46.86, -122.96, 60.0, 2011-07-26 08:40:00, 0.0, None 
 46.625, -123.08, 48.0, 2011-07-26 08:42:30, 0.0, None 
 46.8, -122.67, 39.0, 2011-07-26 08:45:00, 0.0, None 
 46.76, -122.73, 60.0, 2011-07-26 08:57:30, 0.0, None 
 46.68, -123.2, 20.0, 2011-07-26 09:02:30, 0.0, None 
 46.58, -123.16, 20.0, 2011-07-26 09:05:00, 0.0, None 
 46.58, -123.11, 20.0, 2011-07-26 09:07:30, 0.0, None 
 46.595, -123.09, 20.0, 2011-07-26 09:10:00, 0.0, None 
 46.545, -123.085, 24.5, 2011-07-26 09:12:30, 0.0, None 
 46.545, -123.12, 20.0, 2011-07-26 09:17:30, 0.0, None 
 46.58, -123.19, 20.0, 2011-07-26 09:20:00, 0.0, None 
 46.47, -123.1, 60.0, 2011-07-26 09:57:30, 0.0, None 
 46.61, -123.16, 39.0, 2011-07-26 10:00:00, 0.0, None 
 46.69, -122.85, 60.0, 2011-07-26 10:02:30, 0.0, None 
 46.77, -122.88, 60.0, 2011-07-26 10:05:00, 0.0, None 
 46.6, -123.035, 46.0, 2011-07-26 10:07:30, 0.0, None 
 46.79, -122.7, 31.0, 2011-07-26 10:12:30, 0.0, None 
 46.5, -123.35, 60.0, 2011-07-26 10:17:30, 0.0, None 
 46.54, -123.36, 20.0, 2011-07-26 10:20:00, 0.0, None 
 46.69, -122.76, 34.0, 2011-07-26 10:42:30, 0.0, None 
 46.76, -122.96, 55.0, 2011-07-26 10:47:30, 0.0, None 
 46.61, -123.07, 44.0, 2011-07-26 10:52:30, 0.0, None 
 46.65, -123.0, 47.0, 2011-07-26 10:55:00, 0.0, None 
 46.74, -123.01, 27.0, 2011-07-26 11:15:00, 0.0, None 
 46.79, -122.935, 60.0, 2011-07-26 11:17:30, 0.0, None 
 46.715, -122.925, 60.0, 2011-07-26 11:22:30, 0.0, None 
 46.75, -123.0, 49.0, 2011-07-26 11:30:00, 0.0, None 
 46.8, -122.855, 60.0, 2011-07-26 11:32:30, 0.0, None 
 46.87, -122.595, 60.0, 2011-07-26 11:35:00, 0.0, None 
 46.765, -122.65, 60.0, 2011-07-26 11:40:00, 0.0, None 
 46.76, -122.72, 60.0, 2011-07-26 11:42:30, 0.0, None 
 47.02, -122.7, 26.0, 2011-07-26 12:12:30, 0.0, None 
 46.6, -122.92, 60.0, 2011-07-26 13:55:00, 0.0, None 
 46.62, -122.96, 60.0, 2011-07-26 13:57:30, 0.0, None 
 46.63, -123.07, 47.0, 2011-07-26 14:00:00, 0.0, None 
 46.51, -122.9, 34.0, 2011-07-26 14:22:30, 0.0, None 
 46.84, -122.93, 20.0, 2011-07-26 14:42:30, 0.0, None 
 46.86, -122.8, 60.0, 2011-07-26 15:57:30, 0.0, None 
 46.57, -123.15, 54.0, 2011-07-26 16:10:00, 0.0, None 
 46.69, -122.69, 60.0, 2011-07-26 17:25:00, 0.0, None 
 46.69, -122.64, 33.0, 2011-07-26 17:35:00, 0.0, None 
 46.685, -122.655, 31.5, 2011-07-26 17:37:30, 0.0, None 
 46.77, -122.585, 60.0, 2011-07-26 17:45:00, 0.0, None 
 46.69, -122.645, 60.0, 2011-07-26 17:47:30, 0.0, None 
 46.8, -123.065, 28.0, 2011-07-26 18:02:30, 0.0, None 
 46.77, -123.23, 24.5, 2011-07-26 18:05:00, 0.0, None 
 46.53, -123.175, 60.0, 2011-07-26 18:37:30, 0.0, None 
 46.94, -122.78, 60.0, 2011-07-26 18:40:00, 0.0, None 
 46.79, -123.14, 36.0, 2011-07-26 18:55:00, 0.0, None 
 46.51, -123.28, 29.0, 2011-07-26 19:05:00, 0.0, None 
 46.785, -122.73, 54.0, 2011-07-26 20:20:00, 0.0, None 
 46.61, -123.1, 38.0, 2011-07-26 20:27:30, 0.0, None 
 46.77, -122.77, 60.0, 2011-07-26 20:30:00, 0.0, None 
 46.71, -122.65, 30.0, 2011-07-26 20:32:30, 0.0, None 
 46.71, -122.7, 60.0, 2011-07-26 20:35:00, 0.0, None 
 46.6, -123.255, 30.0, 2011-07-26 20:42:30, 0.0, None 
 46.9, -122.59, 60.0, 2011-07-26 20:57:30, 0.0, None 
 46.53, -123.295, 60.0, 2011-07-26 21:00:00, 0.0, None 
 46.69, -123.08, 20.0, 2011-07-26 21:02:30, 0.0, None 
 46.71, -122.78, 44.0, 2011-07-26 21:07:30, 0.0, None 
 46.78, -123.21, 20.5, 2011-07-26 21:42:30, 0.0, None 
 46.71, -123.245, 23.5, 2011-07-26 21:45:00, 0.0, None 
 46.79, -122.895, 34.0, 2011-07-26 21:47:30, 0.0, None 
 46.79, -122.72, 35.0, 2011-07-26 21:50:00, 0.0, None 
 46.84, -122.63, 60.0, 2011-07-26 21:52:30, 0.0, None 
 46.835, -123.21, 20.5, 2011-07-26 21:55:00, 0.0, None 
 46.83, -123.025, 60.0, 2011-07-26 21:57:30, 0.0, None 
 46.87, -123.09, 20.0, 2011-07-26 22:12:30, 0.0, None 
 46.62, -123.13, 40.5, 2011-07-26 22:32:30, 0.0, None 
 46.625, -123.05, 31.5, 2011-07-26 22:35:00, 0.0, None 
 46.88, -122.755, 60.0, 2011-07-26 22:57:30, 0.0, None 
 46.85, -122.57, 40.0, 2011-07-26 23:52:30, 0.0, None 
 46.69, -122.98, 33.5, 2011-07-27 00:37:30, 0.0, None 
 46.71, -122.94, 48.0, 2011-07-27 00:40:00, 0.0, None 
 46.58, -122.99, 20.0, 2011-07-27 00:42:30, 0.0, None 
 46.56, -122.97, 20.0, 2011-07-27 00:45:00, 0.0, None 
 46.56, -123.025, 32.5, 2011-07-27 00:55:00, 0.0, None 
 46.7, -122.81, 29.0, 2011-07-27 01:52:30, 0.0, None 
 46.7, -122.87, 20.0, 2011-07-27 02:10:00, 0.0, None 
 46.672, -122.94, 45.0, 2011-07-27 02:22:30, 0.0, None 
 46.9, -122.76, 47.0, 2011-07-27 02:47:30, 0.0, None 
 46.745, -122.995, 60.0, 2011-07-27 02:55:00, 0.0, None 
 46.775, -122.8, 60.0, 2011-07-27 02:57:30, 0.0, None 
 46.8, -122.785, 44.0, 2011-07-27 03:00:00, 0.0, None 
 46.83, -123.08, 27.0, 2011-07-27 03:02:30, 0.0, None 
 46.98, -122.6, 24.0, 2011-07-27 03:12:30, 0.0, None 
 46.61, -122.78, 60.0, 2011-07-27 03:15:00, 0.0, None 
 46.76, -122.88, 60.0, 2011-07-27 03:20:00, 0.0, None 
 46.71, -122.71, 55.0, 2011-07-27 03:22:30, 0.0, None 
 46.81, -122.66, 31.5, 2011-07-27 03:25:00, 0.0, None 
 46.685, -122.81, 60.0, 2011-07-27 04:20:00, 0.0, None 
 46.48, -122.69, 50.0, 2011-07-27 04:35:00, 0.0, None 
 46.91, -122.705, 20.0, 2011-07-27 04:47:30, 0.0, None 
 46.87, -122.81, 40.0, 2011-07-27 05:02:30, 0.0, None 
 46.84, -122.735, 38.0, 2011-07-27 05:15:00, 0.0, None 
 46.81, -122.745, 49.5, 2011-07-27 05:17:30, 0.0, None 
 46.72, -122.88, 58.0, 2011-07-27 05:20:00, 0.0, None 
 46.876999999999995, -122.64200000000001, 29.8, 2011-07-27 05:25:00, 0.0, None 
 46.905, -122.61, 56.0, 2011-07-27 05:27:30, 0.0, None 
 46.755, -122.845, 40.0, 2011-07-27 05:30:00, 0.0, None 
 46.755, -122.85, 27.8, 2011-07-27 05:32:30, 0.0, None 
 46.7, -122.75, 40.0, 2011-07-27 05:37:30, 0.0, None 
 48.4, -123.12, 20.0, 2011-07-27 05:50:00, 0.0, None 
 48.42, -123.125, 34.0, 2011-07-27 05:55:00, 0.0, None 
 46.78, -122.86, 43.0, 2011-07-27 05:55:00, 0.0, None 
 46.8, -122.86, 60.0, 2011-07-27 05:57:30, 0.0, None 
 46.885, -122.925, 33.0, 2011-07-27 06:00:00, 0.0, None 
 47.0, -123.02, 31.0, 2011-07-27 06:15:00, 0.0, None 
 46.9, -122.74, 51.5, 2011-07-27 06:20:00, 0.0, None 
 48.47, -123.2, 60.0, 2011-07-27 06:22:30, 0.0, None 
 46.755, -122.85, 60.0, 2011-07-27 06:22:30, 0.0, None 
 46.805, -122.94, 46.0, 2011-07-27 06:25:00, 0.0, None 
 46.79, -122.87, 37.0, 2011-07-27 06:27:30, 0.0, None 
 46.82, -122.995, 34.5, 2011-07-27 06:30:00, 0.0, None 
 46.775, -123.01, 32.0, 2011-07-27 06:32:30, 0.0, None 
 46.83, -122.99, 41.5, 2011-07-27 06:35:00, 0.0, None 
 46.895, -122.84, 60.0, 2011-07-27 06:37:30, 0.0, None 
 46.72, -122.73, 60.0, 2011-07-27 06:40:00, 0.0, None 
 46.78, -122.99, 30.0, 2011-07-27 06:45:00, 0.0, None 
 46.83, -123.09, 29.5, 2011-07-27 06:47:30, 0.0, None 
 46.56, -123.025, 60.0, 2011-07-27 06:57:30, 0.0, None 
 46.77, -123.08, 20.0, 2011-07-27 07:00:00, 0.0, None 
 47.035, -122.615, 60.0, 2011-07-27 07:20:00, 0.0, None 
 46.76, -123.1, 34.5, 2011-07-27 07:27:30, 0.0, None 
 46.88, -123.07, 23.5, 2011-07-27 07:30:00, 0.0, None 
 46.77, -122.83, 60.0, 2011-07-27 07:32:30, 0.0, None 
 46.68, -122.7, 58.0, 2011-07-27 07:35:00, 0.0, None 
 46.85, -123.035, 22.5, 2011-07-27 07:37:30, 0.0, None 
 46.895, -122.88799999999999, 20.0, 2011-07-27 07:40:00, 0.0, None 
 46.61, -123.01, 60.0, 2011-07-27 07:45:00, 0.0, None 
 46.84, -122.97, 33.5, 2011-07-27 07:47:30, 0.0, None 
 46.83, -122.995, 38.0, 2011-07-27 07:50:00, 0.0, None 
 46.935, -123.04, 60.0, 2011-07-27 07:52:30, 0.0, None 
 46.845, -122.99799999999999, 46.5, 2011-07-27 08:07:30, 0.0, None 
 46.9, -123.06, 38.0, 2011-07-27 08:20:00, 0.0, None 
 46.88, -123.04, 29.0, 2011-07-27 08:35:00, 0.0, None 
 46.69, -122.91, 45.0, 2011-07-27 08:42:30, 0.0, None 
 46.88, -123.07, 20.0, 2011-07-27 08:45:00, 0.0, None 
 46.61, -123.06, 60.0, 2011-07-27 08:45:00, 0.0, None 
 46.68, -123.03, 53.0, 2011-07-27 08:52:30, 0.0, None 
 46.72, -122.98, 50.0, 2011-07-27 08:55:00, 0.0, None 
 46.73, -122.9, 57.0, 2011-07-27 09:00:00, 0.0, None 
 47.0, -122.74, 57.0, 2011-07-27 09:05:00, 0.0, None 
 46.79, -122.93, 32.0, 2011-07-27 09:12:30, 0.0, None 
 46.755, -122.875, 36.5, 2011-07-27 09:15:00, 0.0, None 
 46.78, -122.79, 25.0, 2011-07-27 09:20:00, 0.0, None 
 46.81, -123.02, 31.0, 2011-07-27 09:25:00, 0.0, None 
 46.825, -122.89, 33.5, 2011-07-27 09:27:30, 0.0, None 
 46.85, -122.8, 32.0, 2011-07-27 09:32:30, 0.0, None 
 46.67, -123.04, 20.0, 2011-07-27 09:35:00, 0.0, None 
 46.925, -122.74799999999999, 22.5, 2011-07-27 09:37:30, 0.0, None 
 46.925, -122.895, 25.0, 2011-07-27 09:40:00, 0.0, None 
 46.77, -123.03, 36.0, 2011-07-27 09:42:30, 0.0, None 
 46.78, -123.07, 31.0, 2011-07-27 09:45:00, 0.0, None 
 46.835, -123.02, 26.8, 2011-07-27 09:47:30, 0.0, None 
 46.845, -123.04, 36.8, 2011-07-27 09:50:00, 0.0, None 
 46.823, -123.055, 22.5, 2011-07-27 09:52:30, 0.0, None 
 46.81, -122.91, 55.5, 2011-07-27 09:55:00, 0.0, None 
 46.71, -123.12, 50.0, 2011-07-27 10:02:30, 0.0, None 
 46.92, -122.52, 20.0, 2011-07-27 10:20:00, 0.0, None 
 46.9, -122.945, 20.0, 2011-07-27 10:22:30, 0.0, None 
 46.835, -122.925, 30.0, 2011-07-27 10:25:00, 0.0, None 
 46.82, -122.99, 30.0, 2011-07-27 10:27:30, 0.0, None 
 46.92, -122.75, 20.0, 2011-07-27 10:37:30, 0.0, None 
 46.89, -122.96, 55.0, 2011-07-27 11:37:30, 0.0, None 
 46.79, -122.765, 60.0, 2011-07-27 11:57:30, 0.0, None 
 46.545, -123.023, 36.5, 2011-07-27 12:22:30, 0.0, None 
 48.45, -123.17, 48.0, 2011-07-27 12:30:00, 0.0, None 
 46.86, -122.87, 36.0, 2011-07-27 12:40:00, 0.0, None 
 46.815, -123.02, 51.0, 2011-07-27 12:42:30, 0.0, None 
 46.88, -122.91, 20.0, 2011-07-27 12:47:30, 0.0, None 
 46.68, -123.2, 20.0, 2011-07-27 13:15:00, 0.0, None 
 46.58, -122.91, 60.0, 2011-07-27 13:30:00, 0.0, None 
 46.95, -122.87, 20.0, 2011-07-27 13:32:30, 0.0, None 
 46.725, -122.995, 30.0, 2011-07-27 13:40:00, 0.0, None 
 46.9, -122.78, 25.0, 2011-07-27 13:55:00, 0.0, None 
 46.9, -122.73, 60.0, 2011-07-27 13:57:30, 0.0, None 
 46.61, -122.93, 42.0, 2011-07-27 14:00:00, 0.0, None 
 46.86, -122.78, 32.5, 2011-07-27 14:00:00, 0.0, None 
 46.91, -122.72, 20.0, 2011-07-27 14:02:30, 0.0, None 
 47.01, -122.655, 22.0, 2011-07-27 14:05:00, 0.0, None 
 46.7, -123.04, 46.0, 2011-07-27 15:35:00, 0.0, None 
 46.85, -122.96, 31.5, 2011-07-27 15:50:00, 0.0, None 
 46.67, -122.88, 60.0, 2011-07-27 15:52:30, 0.0, None 
 46.73, -123.03, 52.0, 2011-07-27 15:55:00, 0.0, None 
 46.8, -122.91, 60.0, 2011-07-27 15:57:30, 0.0, None 
 46.81, -123.12, 26.0, 2011-07-27 16:00:00, 0.0, None 
 47.01, -122.6, 60.0, 2011-07-27 17:30:00, 0.0, None 
 46.905, -122.74, 20.0, 2011-07-27 17:35:00, 0.0, None 
 46.82, -122.88, 52.0, 2011-07-27 18:35:00, 0.0, None 
 46.805, -122.805, 28.2, 2011-07-27 19:02:30, 0.0, None 
 46.87, -122.77, 24.5, 2011-07-27 19:05:00, 0.0, None 
 47.31, -122.4, 32.0, 2011-07-27 19:07:30, 0.0, None 
 46.78, -122.73, 60.0, 2011-07-27 19:57:30, 0.0, None 
 46.835, -122.765, 20.0, 2011-07-27 20:05:00, 0.0, None 
 46.92, -122.7, 20.0, 2011-07-27 20:07:30, 0.0, None 
 46.91, -122.61, 25.0, 2011-07-27 20:12:30, 0.0, None 
 46.93, -122.93, 31.8, 2011-07-27 20:17:30, 0.0, None 
 46.69, -122.95, 31.0, 2011-07-27 20:20:00, 0.0, None 
 46.88, -122.74, 20.0, 2011-07-27 20:20:00, 0.0, None 
 46.75, -123.0, 40.0, 2011-07-27 21:27:30, 0.0, None 
 46.755, -123.0, 40.0, 2011-07-27 21:30:00, 0.0, None 
 46.85, -122.67, 30.0, 2011-07-27 21:32:30, 0.0, None 
 46.89, -123.01, 29.0, 2011-07-27 21:35:00, 0.0, None 
 46.64, -123.01, 46.0, 2011-07-27 21:50:00, 0.0, None 
 46.94, -122.935, 27.5, 2011-07-27 21:52:30, 0.0, None 
 46.92, -122.895, 39.0, 2011-07-27 21:55:00, 0.0, None 
 46.89, -122.87, 60.0, 2011-07-27 21:57:30, 0.0, None 
 46.85, -122.84, 38.0, 2011-07-27 22:00:00, 0.0, None 
 46.82, -123.08, 30.0, 2011-07-27 22:20:00, 0.0, None 
 46.845, -122.965, 39.5, 2011-07-27 22:25:00, 0.0, None 
 46.88, -123.065, 20.0, 2011-07-27 22:32:30, 0.0, None 
 46.95, -123.0, 31.0, 2011-07-27 22:35:00, 0.0, None 
 46.85, -122.91, 60.0, 2011-07-27 22:37:30, 0.0, None 
 46.788000000000004, -123.037, 38.2, 2011-07-27 22:40:00, 0.0, None 
 46.85, -122.87, 49.0, 2011-07-27 22:42:30, 0.0, None 
 46.89, -122.715, 38.0, 2011-07-27 22:45:00, 0.0, None 
 46.9, -122.82, 27.0, 2011-07-27 22:50:00, 0.0, None 
 46.66, -123.08, 48.0, 2011-07-27 22:55:00, 0.0, None 
 46.99, -122.78, 38.0, 2011-07-27 22:55:00, 0.0, None 
 47.0, -122.63, 20.0, 2011-07-27 23:07:30, 0.0, None 
 46.93, -122.51, 39.0, 2011-07-27 23:10:00, 0.0, None 
 46.965, -122.585, 20.0, 2011-07-27 23:40:00, 0.0, None 
 46.985, -122.62, 38.0, 2011-07-27 23:42:30, 0.0, None 
 46.89, -122.685, 30.5, 2011-07-28 00:02:30, 0.0, None 
 46.91, -122.7, 22.5, 2011-07-28 00:05:00, 0.0, None 
 46.95, -122.72, 20.0, 2011-07-28 00:10:00, 0.0, None 
 46.9, -122.55, 20.0, 2011-07-28 00:12:30, 0.0, None 
 47.0, -122.78, 23.0, 2011-07-28 00:50:00, 0.0, None 
 46.9, -122.78, 60.0, 2011-07-28 00:57:30, 0.0, None 
 46.945, -122.68299999999999, 30.2, 2011-07-28 01:00:00, 0.0, None 
 46.92, -122.72, 60.0, 2011-07-28 01:02:30, 0.0, None 
 46.89, -122.8, 20.5, 2011-07-28 01:20:00, 0.0, None 
 46.81, -122.8, 37.0, 2011-07-28 01:25:00, 0.0, None 
 46.79, -122.83, 31.0, 2011-07-28 01:27:30, 0.0, None 
 46.78, -122.79, 33.0, 2011-07-28 01:35:00, 0.0, None 
 46.98, -123.06, 46.5, 2011-07-28 01:37:30, 0.0, None 
 46.855, -122.74, 22.2, 2011-07-28 01:47:30, 0.0, None 
 46.82, -122.8, 41.0, 2011-07-28 01:50:00, 0.0, None 
 46.875, -122.78, 60.0, 2011-07-28 01:57:30, 0.0, None 
 46.88, -122.815, 25.8, 2011-07-28 02:00:00, 0.0, None 
 46.85, -122.72, 20.0, 2011-07-28 02:02:30, 0.0, None 
 46.88, -122.66, 20.0, 2011-07-28 02:05:00, 0.0, None 
 46.835, -122.82, 60.0, 2011-07-28 02:10:00, 0.0, None 
 46.79, -122.71, 60.0, 2011-07-28 02:12:30, 0.0, None 
 46.9, -122.58, 56.0, 2011-07-28 02:15:00, 0.0, None 
 46.95, -122.69, 20.5, 2011-07-28 02:20:00, 0.0, None 
 46.96, -122.71, 20.0, 2011-07-28 02:22:30, 0.0, None 
 46.925, -122.685, 20.0, 2011-07-28 02:25:00, 0.0, None 
 46.92, -122.61, 20.0, 2011-07-28 02:42:30, 0.0, None 
 46.8, -122.88, 20.0, 2011-07-28 02:52:30, 0.0, None 
 46.88, -122.92, 41.0, 2011-07-28 02:55:00, 0.0, None 
 46.86, -122.815, 25.0, 2011-07-28 03:02:30, 0.0, None 
 46.89, -122.79700000000001, 23.0, 2011-07-28 03:07:30, 0.0, None 
 46.82, -122.86, 43.0, 2011-07-28 03:10:00, 0.0, None 
 46.8, -122.8, 31.0, 2011-07-28 03:12:30, 0.0, None 
 46.86, -122.8, 20.0, 2011-07-28 03:15:00, 0.0, None 
 46.861999999999995, -122.785, 20.0, 2011-07-28 03:17:30, 0.0, None 
 46.96, -122.7, 26.0, 2011-07-28 03:42:30, 0.0, None 
 46.64, -123.0, 48.0, 2011-07-28 03:45:00, 0.0, None 
 46.84, -122.965, 27.8, 2011-07-28 03:47:30, 0.0, None 
 46.88, -122.535, 20.0, 2011-07-28 03:50:00, 0.0, None 
 46.7, -122.91, 58.0, 2011-07-28 04:30:00, 0.0, None 
 46.79, -123.38, 20.0, 2011-07-28 04:32:30, 0.0, None 
 46.89, -122.68, 55.0, 2011-07-28 04:50:00, 0.0, None 
 46.75, -122.8, 52.0, 2011-07-28 05:02:30, 0.0, None 
 46.86, -122.89, 20.0, 2011-07-28 05:07:30, 0.0, None 
 46.82, -122.81, 31.0, 2011-07-28 05:35:00, 0.0, None 
 46.715, -122.905, 56.0, 2011-07-28 05:37:30, 0.0, None 
 46.83, -122.92, 42.0, 2011-07-28 05:45:00, 0.0, None 
 46.81, -122.93, 30.5, 2011-07-28 05:47:30, 0.0, None 
 46.72, -122.7, 60.0, 2011-07-28 05:57:30, 0.0, None 
 46.71, -122.79, 47.0, 2011-07-28 06:05:00, 0.0, None 
 46.75, -122.72, 60.0, 2011-07-28 06:07:30, 0.0, None 
 46.71, -122.79, 48.0, 2011-07-28 06:10:00, 0.0, None 
 46.94, -122.77, 60.0, 2011-07-28 06:12:30, 0.0, None 
 46.87, -122.865, 28.8, 2011-07-28 06:17:30, 0.0, None 
 46.89, -122.875, 24.5, 2011-07-28 06:20:00, 0.0, None 
 46.93, -122.94, 26.2, 2011-07-28 06:25:00, 0.0, None 
 46.922, -122.93299999999999, 33.8, 2011-07-28 06:27:30, 0.0, None 
 46.91, -122.98, 27.8, 2011-07-28 06:30:00, 0.0, None 
 46.92, -123.045, 25.5, 2011-07-28 06:32:30, 0.0, None 
 46.96, -122.955, 20.0, 2011-07-28 06:35:00, 0.0, None 
 46.938, -122.69200000000001, 20.0, 2011-07-28 06:37:30, 0.0, None 
 46.945, -122.89, 27.8, 2011-07-28 06:40:00, 0.0, None 
 46.935, -123.01, 24.0, 2011-07-28 06:42:30, 0.0, None 
 46.97, -123.0, 20.0, 2011-07-28 06:52:30, 0.0, None 
 46.88, -123.05, 28.0, 2011-07-28 06:55:00, 0.0, None 
 46.78, -123.19, 49.0, 2011-07-28 06:57:30, 0.0, None 
 46.915, -123.12, 20.0, 2011-07-28 07:00:00, 0.0, None 
 46.83, -123.4, 39.0, 2011-07-28 09:00:00, 0.0, None 
 47.09, -123.095, 25.0, 2011-07-28 09:00:00, 0.0, None 
 46.93, -123.09, 26.0, 2011-07-28 09:02:30, 0.0, None 
 46.9, -123.16, 33.0, 2011-07-28 09:05:00, 0.0, None 
 46.74, -123.05, 38.0, 2011-07-28 09:15:00, 0.0, None 
 46.86, -122.99, 20.0, 2011-07-28 09:22:30, 0.0, None 
 46.86, -123.12, 31.0, 2011-07-28 09:25:00, 0.0, None 
 46.873000000000005, -122.95299999999999, 47.0, 2011-07-28 09:30:00, 0.0, None 
 46.803000000000004, -122.99, 40.2, 2011-07-28 09:32:30, 0.0, None 
 46.86, -123.17, 60.0, 2011-07-28 10:22:30, 0.0, None 
 46.79, -123.15, 47.0, 2011-07-28 10:25:00, 0.0, None 
 46.8, -123.155, 40.0, 2011-07-28 10:27:30, 0.0, None 
 46.8, -123.01, 20.0, 2011-07-28 10:30:00, 0.0, None 
 47.3, -123.2, 60.0, 2011-07-28 10:50:00, 0.0, None 
 46.88, -123.185, 60.0, 2011-07-28 10:55:00, 0.0, None 
 46.9, -123.1, 60.0, 2011-07-28 10:57:30, 0.0, None 
 46.865, -122.815, 55.0, 2011-07-28 11:10:00, 0.0, None 
 46.83, -123.24, 20.0, 2011-07-28 11:22:30, 0.0, None 
 46.93, -122.84, 31.0, 2011-07-28 11:30:00, 0.0, None 
 46.76, -123.03, 28.0, 2011-07-28 11:35:00, 0.0, None 
 47.0, -123.06, 60.0, 2011-07-28 11:55:00, 0.0, None 
 46.97, -123.03, 20.0, 2011-07-28 12:00:00, 0.0, None 
 46.75, -123.295, 34.0, 2011-07-28 12:00:00, 0.0, None 
 46.96, -123.0, 20.0, 2011-07-28 12:02:30, 0.0, None 
 46.836999999999996, -123.01799999999999, 33.0, 2011-07-28 12:07:30, 0.0, None 
 46.72, -123.08, 42.0, 2011-07-28 12:10:00, 0.0, None 
 47.0, -123.05, 20.0, 2011-07-28 12:12:30, 0.0, None 
 47.3, -123.2, 27.0, 2011-07-28 13:10:00, 0.0, None 
 46.92, -122.87, 39.5, 2011-07-28 14:57:30, 0.0, None 
 47.0, -122.8, 60.0, 2011-07-28 15:30:00, 0.0, None 
 46.8, -122.81, 25.0, 2011-07-28 15:42:30, 0.0, None 
 46.8, -122.84, 20.0, 2011-07-28 15:45:00, 0.0, None 
 46.8, -123.0, 41.0, 2011-07-28 15:52:30, 0.0, None 
 46.98, -122.4, 27.0, 2011-07-28 16:37:30, 0.0, None 
 46.91, -122.49, 60.0, 2011-07-28 16:40:00, 0.0, None 
 47.09, -123.09, 60.0, 2011-07-28 17:10:00, 0.0, None 
 46.99, -122.4, 20.0, 2011-07-28 17:17:30, 0.0, None 
 46.8, -123.21, 30.0, 2011-07-28 17:55:00, 0.0, None 
 46.805, -122.92, 60.0, 2011-07-28 17:57:30, 0.0, None 
 47.0, -123.13, 40.0, 2011-07-28 20:47:30, 0.0, None 
 46.89, -123.005, 28.5, 2011-07-28 21:00:00, 0.0, None 
 46.91, -122.98, 31.0, 2011-07-28 21:02:30, 0.0, None 
 46.88, -123.025, 32.0, 2011-07-28 21:05:00, 0.0, None 
 46.89, -123.01, 32.0, 2011-07-28 21:07:30, 0.0, None 
 46.71, -122.87, 36.0, 2011-07-28 21:10:00, 0.0, None 
 46.88, -122.92, 20.0, 2011-07-28 21:12:30, 0.0, None 
 46.88, -122.99, 28.0, 2011-07-28 21:15:00, 0.0, None 
 46.87, -123.09, 27.5, 2011-07-28 21:37:30, 0.0, None 
 46.8, -123.255, 43.0, 2011-07-28 22:15:00, 0.0, None 
 46.8, -123.01, 35.0, 2011-07-28 22:17:30, 0.0, None 
 46.89, -123.06, 34.0, 2011-07-28 22:20:00, 0.0, None 
 46.88, -123.01, 28.0, 2011-07-28 22:22:30, 0.0, None 
 46.88, -122.97, 23.0, 2011-07-28 22:25:00, 0.0, None 
 46.5, -123.7, 20.0, 2011-07-28 22:30:00, 0.0, None 
 46.76, -123.16, 28.5, 2011-07-28 22:32:30, 0.0, None 
 46.77, -123.17, 29.0, 2011-07-28 22:35:00, 0.0, None 
 46.915, -122.845, 26.5, 2011-07-28 22:42:30, 0.0, None 
 46.85, -123.085, 20.0, 2011-07-28 22:45:00, 0.0, None 
 46.68, -122.99, 20.0, 2011-07-29 00:05:00, 0.0, None 
 46.65, -123.02, 27.0, 2011-07-29 00:07:30, 0.0, None 
 46.98, -122.82, 28.0, 2011-07-29 05:10:00, 0.0, None 
 46.99, -122.88, 60.0, 2011-07-29 05:40:00, 0.0, None 
 46.88, -123.17, 36.0, 2011-07-29 06:17:30, 0.0, None 
 46.975, -123.07, 24.0, 2011-07-29 06:20:00, 0.0, None 
 46.938, -123.162, 34.0, 2011-07-29 06:25:00, 0.0, None 
 47.06, -123.08, 20.0, 2011-07-29 06:27:30, 0.0, None 
 46.8, -122.9, 60.0, 2011-07-29 06:27:30, 0.0, None 
 46.89, -122.935, 26.8, 2011-07-29 06:35:00, 0.0, None 
 46.98, -123.035, 32.0, 2011-07-29 06:47:30, 0.0, None 
 46.891999999999996, -123.12700000000001, 26.8, 2011-07-29 06:52:30, 0.0, None 
 46.895, -123.09299999999999, 26.2, 2011-07-29 06:55:00, 0.0, None 
 46.7, -122.96, 60.0, 2011-07-29 07:55:00, 0.0, None 
 46.785, -122.975, 60.0, 2011-07-29 08:00:00, 0.0, None 
 46.815, -123.26299999999999, 54.2, 2011-07-29 08:12:30, 0.0, None 
 46.81, -123.28, 55.0, 2011-07-29 08:15:00, 0.0, None 
 46.96, -122.96, 20.0, 2011-07-29 08:22:30, 0.0, None 
 46.805, -123.205, 34.0, 2011-07-29 08:32:30, 0.0, None 
 46.955, -122.92, 32.0, 2011-07-29 08:35:00, 0.0, None 
 46.915, -123.03, 35.5, 2011-07-29 08:37:30, 0.0, None 
 46.91, -122.985, 29.0, 2011-07-29 08:40:00, 0.0, None 
 46.9, -123.0, 27.0, 2011-07-29 08:42:30, 0.0, None 
 46.805, -123.16, 33.0, 2011-07-29 08:45:00, 0.0, None 
 46.91, -123.09700000000001, 30.0, 2011-07-29 08:47:30, 0.0, None 
 46.93, -123.075, 25.5, 2011-07-29 08:50:00, 0.0, None 
 46.86, -123.2, 41.5, 2011-07-29 08:52:30, 0.0, None 
 46.89, -123.205, 36.5, 2011-07-29 08:55:00, 0.0, None 
 46.965, -123.11, 60.0, 2011-07-29 08:57:30, 0.0, None 
 46.845, -123.215, 50.2, 2011-07-29 09:00:00, 0.0, None 
 46.88, -123.22, 37.0, 2011-07-29 09:02:30, 0.0, None 
 46.925, -123.14, 29.0, 2011-07-29 09:05:00, 0.0, None 
 46.87, -123.25, 29.0, 2011-07-29 09:07:30, 0.0, None 
 46.62, -123.07, 42.0, 2011-07-29 09:10:00, 0.0, None 
 46.79, -123.23, 38.5, 2011-07-29 09:15:00, 0.0, None 
 46.88, -123.12, 36.0, 2011-07-29 09:35:00, 0.0, None 
 46.97, -122.99, 33.0, 2011-07-29 09:37:30, 0.0, None 
 46.81, -123.21, 20.0, 2011-07-29 09:40:00, 0.0, None 
 46.84, -123.255, 20.0, 2011-07-29 09:42:30, 0.0, None 
 46.63, -123.03, 60.0, 2011-07-29 09:47:30, 0.0, None 
 46.96, -123.2, 20.0, 2011-07-29 09:55:00, 0.0, None 
 46.83, -123.185, 23.0, 2011-07-29 10:02:30, 0.0, None 
 47.065, -123.1, 20.0, 2011-07-29 10:15:00, 0.0, None 
 47.01, -123.01, 24.5, 2011-07-29 10:17:30, 0.0, None 
 46.9, -123.16, 20.0, 2011-07-29 10:20:00, 0.0, None 
 46.61, -123.42, 27.0, 2011-07-29 10:20:00, 0.0, None 
 46.83, -123.21, 32.0, 2011-07-29 10:30:00, 0.0, None 
 46.99, -123.11, 20.0, 2011-07-29 10:42:30, 0.0, None 
 46.755, -123.1, 52.0, 2011-07-29 10:42:30, 0.0, None 
 46.81, -123.19, 46.0, 2011-07-29 10:47:30, 0.0, None 
 46.895, -123.14299999999999, 30.0, 2011-07-29 10:50:00, 0.0, None 
 46.775, -122.89, 60.0, 2011-07-29 11:12:30, 0.0, None 
 46.85, -122.905, 20.0, 2011-07-29 11:17:30, 0.0, None 
 46.81, -123.16, 41.0, 2011-07-29 11:40:00, 0.0, None 
 46.86, -122.97, 31.0, 2011-07-29 11:50:00, 0.0, None 
 46.88, -123.03, 20.0, 2011-07-29 11:52:30, 0.0, None 
 46.62, -122.96, 46.0, 2011-07-29 11:55:00, 0.0, None 
 46.785, -123.165, 60.0, 2011-07-29 11:57:30, 0.0, None 
 46.88, -123.035, 42.5, 2011-07-29 12:00:00, 0.0, None 
 46.8, -123.235, 30.5, 2011-07-29 12:02:30, 0.0, None 
 46.85, -123.07, 20.0, 2011-07-29 12:07:30, 0.0, None 
 46.9, -123.05, 31.0, 2011-07-29 12:10:00, 0.0, None 
 46.87, -123.085, 33.0, 2011-07-29 12:12:30, 0.0, None 
 46.835, -123.25200000000001, 60.0, 2011-07-29 12:15:00, 0.0, None 
 46.81, -123.22, 41.5, 2011-07-29 12:17:30, 0.0, None 
 46.817, -123.25, 42.5, 2011-07-29 12:20:00, 0.0, None 
 46.92, -122.98, 26.0, 2011-07-29 12:30:00, 0.0, None 
 46.78, -123.32, 31.0, 2011-07-29 12:47:30, 0.0, None 
 46.87, -123.015, 31.0, 2011-07-29 13:15:00, 0.0, None 
 46.895, -123.03, 34.0, 2011-07-29 13:17:30, 0.0, None 
 46.83, -123.25, 35.0, 2011-07-29 13:20:00, 0.0, None 
 46.86, -123.1, 33.0, 2011-07-29 13:22:30, 0.0, None 
 46.815, -123.035, 22.0, 2011-07-29 14:37:30, 0.0, None 
 46.81, -123.05, 25.0, 2011-07-29 14:40:00, 0.0, None 
 46.88, -122.91, 20.0, 2011-07-29 14:42:30, 0.0, None 
 46.77, -123.125, 39.0, 2011-07-29 14:50:00, 0.0, None 
 46.736999999999995, -123.125, 21.5, 2011-07-29 15:12:30, 0.0, None 
 46.765, -123.205, 20.0, 2011-07-29 15:15:00, 0.0, None 
 46.86, -123.01, 20.0, 2011-07-29 15:17:30, 0.0, None 
 46.79, -123.08, 27.0, 2011-07-29 15:27:30, 0.0, None 
 46.62, -122.91, 60.0, 2011-07-29 15:30:00, 0.0, None 
 46.72, -123.08, 38.2, 2011-07-29 15:32:30, 0.0, None 
 46.68, -123.08, 42.0, 2011-07-29 18:42:30, 0.0, None 
 46.99, -122.78, 20.0, 2011-07-29 20:25:00, 0.0, None 
 47.03, -122.895, 27.0, 2011-07-29 20:27:30, 0.0, None 
 46.98, -122.88, 40.0, 2011-07-29 21:07:30, 0.0, None 
 46.91, -123.255, 24.0, 2011-07-29 22:05:00, 0.0, None 
 46.9, -123.235, 37.0, 2011-07-29 22:07:30, 0.0, None 
 46.66, -123.13, 20.0, 2011-07-29 22:10:00, 0.0, None 
 46.81, -122.93, 40.0, 2011-07-29 22:35:00, 0.0, None 
 46.62, -123.1, 60.0, 2011-07-29 22:40:00, 0.0, None 
 46.87, -123.14, 33.0, 2011-07-29 22:45:00, 0.0, None 
 46.9, -123.118, 31.8, 2011-07-29 22:47:30, 0.0, None 
 46.9, -123.145, 38.0, 2011-07-29 22:50:00, 0.0, None 
 46.885, -123.105, 24.5, 2011-07-29 23:05:00, 0.0, None 
 46.965, -122.8, 41.0, 2011-07-29 23:10:00, 0.0, None 
 46.89, -123.11, 31.0, 2011-07-29 23:15:00, 0.0, None 
 46.88, -123.19, 29.0, 2011-07-29 23:25:00, 0.0, None 
 46.98, -123.15, 20.0, 2011-07-29 23:30:00, 0.0, None 
 46.82, -123.135, 60.0, 2011-07-29 23:35:00, 0.0, None 
 46.85, -123.24, 30.0, 2011-07-29 23:40:00, 0.0, None 
 46.89, -123.2, 33.0, 2011-07-29 23:42:30, 0.0, None 
 46.865, -123.25, 24.0, 2011-07-29 23:45:00, 0.0, None 
 47.05, -123.09, 20.0, 2011-07-29 23:52:30, 0.0, None 
 46.94, -122.64, 20.0, 2011-07-30 00:20:00, 0.0, None 
 46.903, -122.65, 24.2, 2011-07-30 00:22:30, 0.0, None 
 46.82, -122.81, 60.0, 2011-07-30 00:27:30, 0.0, None 
 46.91, -122.92, 60.0, 2011-07-30 00:57:30, 0.0, None 
 46.91, -122.82, 29.0, 2011-07-30 01:05:00, 0.0, None 
 46.925, -122.78, 25.0, 2011-07-30 01:07:30, 0.0, None 
 46.922, -122.76700000000001, 20.0, 2011-07-30 01:10:00, 0.0, None 
 46.922, -122.775, 34.8, 2011-07-30 01:12:30, 0.0, None 
 46.9, -122.83, 32.0, 2011-07-30 01:17:30, 0.0, None 
 47.04, -122.72, 44.0, 2011-07-30 01:20:00, 0.0, None 
 46.99, -122.78, 33.5, 2011-07-30 01:22:30, 0.0, None 
 46.93, -122.77, 20.0, 2011-07-30 01:25:00, 0.0, None 
 47.005, -122.725, 27.0, 2011-07-30 01:27:30, 0.0, None 
 46.94, -122.695, 46.5, 2011-07-30 01:30:00, 0.0, None 
 46.91, -122.71, 20.0, 2011-07-30 01:32:30, 0.0, None 
 46.945, -122.67, 57.5, 2011-07-30 01:35:00, 0.0, None 
 46.85, -122.765, 22.2, 2011-07-30 01:42:30, 0.0, None 
 46.97, -122.745, 20.0, 2011-07-30 01:45:00, 0.0, None 
 46.96, -122.802, 55.5, 2011-07-30 01:52:30, 0.0, None 
 47.0, -122.765, 60.0, 2011-07-30 01:55:00, 0.0, None 
 46.995, -122.66, 60.0, 2011-07-30 01:57:30, 0.0, None 
 46.98, -122.745, 60.0, 2011-07-30 02:00:00, 0.0, None 
 46.99, -122.74, 52.0, 2011-07-30 02:30:00, 0.0, None 
 46.88, -122.86, 51.0, 2011-07-30 02:32:30, 0.0, None 
 46.885, -122.89, 39.8, 2011-07-30 02:35:00, 0.0, None 
 46.69, -122.82, 60.0, 2011-07-30 02:57:30, 0.0, None 
 46.93, -122.71, 20.0, 2011-07-30 03:05:00, 0.0, None 
 46.88, -122.77, 20.0, 2011-07-30 03:07:30, 0.0, None 
 46.82, -122.875, 26.5, 2011-07-30 03:35:00, 0.0, None 
 46.81, -122.84, 25.0, 2011-07-30 03:37:30, 0.0, None 
 46.92, -122.79, 20.0, 2011-07-30 03:40:00, 0.0, None 
 46.77, -122.735, 60.0, 2011-07-30 03:57:30, 0.0, None 
 46.85, -122.89, 60.0, 2011-07-30 04:12:30, 0.0, None 
 47.125, -122.605, 60.0, 2011-07-30 04:15:00, 0.0, None 
 46.97, -122.785, 52.0, 2011-07-30 04:17:30, 0.0, None 
 46.96, -122.81, 34.0, 2011-07-30 04:20:00, 0.0, None 
 46.85, -122.83, 31.0, 2011-07-30 04:22:30, 0.0, None 
 46.97, -122.7, 42.0, 2011-07-30 04:25:00, 0.0, None 
 47.05, -122.64, 46.0, 2011-07-30 04:27:30, 0.0, None 
 47.01, -122.65299999999999, 33.5, 2011-07-30 04:30:00, 0.0, None 
 46.97, -122.73, 20.0, 2011-07-30 04:32:30, 0.0, None 
 47.03, -122.71, 52.0, 2011-07-30 04:35:00, 0.0, None 
 46.76, -122.88, 60.0, 2011-07-30 04:37:30, 0.0, None 
 46.98, -122.745, 60.0, 2011-07-30 04:57:30, 0.0, None 
 47.02, -122.67, 30.0, 2011-07-30 05:00:00, 0.0, None 
 47.01, -122.7, 47.0, 2011-07-30 05:02:30, 0.0, None 
 46.93, -122.77, 60.0, 2011-07-30 05:05:00, 0.0, None 
 46.97, -122.795, 60.0, 2011-07-30 05:07:30, 0.0, None 
 46.69, -122.79, 51.0, 2011-07-30 05:27:30, 0.0, None 
 46.9, -122.74, 40.0, 2011-07-30 05:30:00, 0.0, None 
 46.89, -122.81, 51.0, 2011-07-30 05:37:30, 0.0, None 
 46.98, -122.91, 20.0, 2011-07-30 06:00:00, 0.0, None 
 46.87, -122.89, 34.0, 2011-07-30 06:10:00, 0.0, None 
 46.953, -122.885, 20.0, 2011-07-30 06:12:30, 0.0, None 
 47.015, -122.925, 20.0, 2011-07-30 06:15:00, 0.0, None 
 47.0, -122.99, 20.0, 2011-07-30 06:20:00, 0.0, None 
 46.78, -122.505, 38.5, 2011-07-30 06:37:30, 0.0, None 
 47.08, -122.655, 34.0, 2011-07-30 06:37:30, 0.0, None 
 46.8, -122.525, 20.0, 2011-07-30 06:40:00, 0.0, None 
 47.01, -122.735, 20.0, 2011-07-30 06:40:00, 0.0, None 
 46.942, -122.725, 20.0, 2011-07-30 06:42:30, 0.0, None 
 47.0, -122.78, 45.0, 2011-07-30 06:45:00, 0.0, None 
 46.938, -122.815, 20.0, 2011-07-30 06:47:30, 0.0, None 
 46.99, -122.83, 20.0, 2011-07-30 06:50:00, 0.0, None 
 47.08, -122.57, 50.0, 2011-07-30 07:05:00, 0.0, None 
 46.89, -122.71, 51.0, 2011-07-30 08:02:30, 0.0, None 
 46.8, -122.67, 55.0, 2011-07-30 08:05:00, 0.0, None 
 46.9, -122.82, 24.0, 2011-07-30 08:10:00, 0.0, None 
 46.91, -122.68299999999999, 20.0, 2011-07-30 08:12:30, 0.0, None 
 47.01, -122.64299999999999, 22.5, 2011-07-30 08:15:00, 0.0, None 
 47.032, -122.675, 27.0, 2011-07-30 08:17:30, 0.0, None 
 47.08, -122.71, 54.0, 2011-07-30 08:20:00, 0.0, None 
 46.97, -123.09, 20.0, 2011-07-30 08:32:30, 0.0, None 
 46.92, -123.12, 31.0, 2011-07-30 08:35:00, 0.0, None 
 46.94, -122.8, 53.5, 2011-07-30 08:55:00, 0.0, None 
 46.935, -122.77, 60.0, 2011-07-30 08:57:30, 0.0, None 
 47.0, -122.88, 55.0, 2011-07-30 09:00:00, 0.0, None 
 47.01, -122.74, 60.0, 2011-07-30 09:02:30, 0.0, None 
 46.965, -123.02, 49.8, 2011-07-30 09:12:30, 0.0, None 
 46.995, -123.14, 60.0, 2011-07-30 09:15:00, 0.0, None 
 46.7, -122.61, 29.0, 2011-07-30 09:17:30, 0.0, None 
 47.1, -122.6, 20.0, 2011-07-30 09:20:00, 0.0, None 
 46.922, -123.04700000000001, 23.5, 2011-07-30 09:25:00, 0.0, None 
 46.963, -123.065, 26.8, 2011-07-30 09:27:30, 0.0, None 
 46.95, -123.045, 45.5, 2011-07-30 09:30:00, 0.0, None 
 46.93, -122.97, 32.0, 2011-07-30 09:32:30, 0.0, None 
 46.96, -123.105, 20.0, 2011-07-30 09:35:00, 0.0, None 
 46.82, -123.08, 27.0, 2011-07-30 09:42:30, 0.0, None 
 46.98, -123.05, 20.0, 2011-07-30 09:45:00, 0.0, None 
 46.92, -123.09, 25.5, 2011-07-30 09:55:00, 0.0, None 
 46.895, -123.035, 45.5, 2011-07-30 09:57:30, 0.0, None 
 47.01, -122.85, 49.5, 2011-07-30 10:12:30, 0.0, None 
 46.94, -123.13, 48.0, 2011-07-30 10:30:00, 0.0, None 
 47.01, -122.73, 44.0, 2011-07-30 10:50:00, 0.0, None 
 46.86, -123.13, 60.0, 2011-07-30 12:12:30, 0.0, None 
 46.995, -123.11, 21.0, 2011-07-30 12:15:00, 0.0, None 
 46.945, -122.69, 60.0, 2011-07-30 12:20:00, 0.0, None 
 46.91, -123.145, 33.0, 2011-07-30 12:45:00, 0.0, None 
 46.86, -123.24, 49.5, 2011-07-30 12:52:30, 0.0, None 
 46.79, -123.09, 60.0, 2011-07-30 12:55:00, 0.0, None 
 46.73, -122.81, 38.0, 2011-07-30 13:15:00, 0.0, None 
 46.905, -123.105, 32.5, 2011-07-30 13:27:30, 0.0, None 
 46.96, -123.13, 32.0, 2011-07-30 13:32:30, 0.0, None 
 46.805, -122.795, 55.0, 2011-07-30 13:50:00, 0.0, None 
 46.91, -122.92, 54.0, 2011-07-30 13:52:30, 0.0, None 
 46.79, -122.74, 60.0, 2011-07-30 14:00:00, 0.0, None 
 47.01, -123.08, 32.5, 2011-07-30 14:02:30, 0.0, None 
 46.875, -123.19, 46.0, 2011-07-30 14:30:00, 0.0, None 
 46.88, -123.22, 42.0, 2011-07-30 14:32:30, 0.0, None 
 46.89, -123.23, 36.0, 2011-07-30 14:35:00, 0.0, None 
 46.885, -123.197, 32.5, 2011-07-30 14:37:30, 0.0, None 
 47.055, -122.825, 60.0, 2011-07-30 17:57:30, 0.0, None 
 46.91, -122.78, 60.0, 2011-07-30 19:05:00, 0.0, None 
 46.85, -122.88, 40.0, 2011-07-30 21:27:30, 0.0, None 
 46.95, -123.0, 40.0, 2011-07-30 22:20:00, 0.0, None 
 46.96, -123.19, 20.0, 2011-07-30 23:15:00, 0.0, None 
 47.2, -122.42, 20.0, 2011-07-30 23:42:30, 0.0, None 
 46.45, -123.03, 60.0, 2011-07-31 00:12:30, 0.0, None 
 46.85, -122.63, 20.0, 2011-07-31 01:15:00, 0.0, None 
 46.98, -122.68, 60.0, 2011-07-31 02:02:30, 0.0, None 
 46.36, -123.17, 25.0, 2011-07-31 02:17:30, 0.0, None 
 46.39, -123.04, 60.0, 2011-07-31 02:57:30, 0.0, None 
 46.42, -123.135, 27.0, 2011-07-31 03:15:00, 0.0, None 
 46.448, -123.155, 20.0, 2011-07-31 03:17:30, 0.0, None 
 46.48, -123.11, 20.0, 2011-07-31 03:22:30, 0.0, None 
 46.98, -122.995, 27.5, 2011-07-31 03:32:30, 0.0, None 
 46.93, -122.91, 20.0, 2011-07-31 03:37:30, 0.0, None 
 46.97, -122.5, 60.0, 2011-07-31 03:40:00, 0.0, None 
 46.99, -122.81, 43.5, 2011-07-31 03:45:00, 0.0, None 
 46.96, -122.93, 20.0, 2011-07-31 03:52:30, 0.0, None 
 46.95, -122.875, 20.0, 2011-07-31 03:55:00, 0.0, None 
 46.425, -123.02, 20.0, 2011-07-31 03:55:00, 0.0, None 
 46.825, -122.72, 60.0, 2011-07-31 03:57:30, 0.0, None 
 46.36, -123.09, 60.0, 2011-07-31 03:57:30, 0.0, None 
 46.48, -123.015, 20.0, 2011-07-31 04:00:00, 0.0, None 
 46.94, -122.98, 43.0, 2011-07-31 04:02:30, 0.0, None 
 46.95, -123.1, 49.0, 2011-07-31 04:05:00, 0.0, None 
 46.875, -122.73, 20.0, 2011-07-31 04:27:30, 0.0, None 
 46.92, -123.01, 22.0, 2011-07-31 04:40:00, 0.0, None 
 46.91, -123.06, 25.0, 2011-07-31 04:42:30, 0.0, None 
 47.0, -122.8, 20.0, 2011-07-31 04:47:30, 0.0, None 
 46.91, -122.99, 33.0, 2011-07-31 05:07:30, 0.0, None 
 46.88, -123.17, 20.0, 2011-07-31 05:22:30, 0.0, None 
 46.89, -123.27, 60.0, 2011-07-31 05:25:00, 0.0, None 
 47.19, -122.69, 60.0, 2011-07-31 05:30:00, 0.0, None 
 46.33, -123.2, 20.0, 2011-07-31 05:30:00, 0.0, None 
 46.3, -123.4, 47.0, 2011-07-31 05:40:00, 0.0, None 
 46.94, -122.97, 30.0, 2011-07-31 05:52:30, 0.0, None 
 46.96, -122.7, 20.0, 2011-07-31 05:55:00, 0.0, None 
 46.86, -123.295, 46.0, 2011-07-31 06:00:00, 0.0, None 
 46.99, -123.175, 30.0, 2011-07-31 06:02:30, 0.0, None 
 46.99, -122.93, 50.0, 2011-07-31 06:42:30, 0.0, None 
 46.44, -123.08, 20.0, 2011-07-31 07:02:30, 0.0, None 
 46.6, -122.99, 20.0, 2011-07-31 07:05:00, 0.0, None 
 46.35, -123.105, 48.5, 2011-07-31 07:30:00, 0.0, None 
 46.6, -122.9, 60.0, 2011-07-31 07:42:30, 0.0, None 
 46.85, -122.745, 60.0, 2011-07-31 07:57:30, 0.0, None 
 46.96, -122.915, 33.5, 2011-07-31 08:02:30, 0.0, None 
 46.63, -123.105, 27.0, 2011-07-31 08:32:30, 0.0, None 
 46.6, -123.02, 43.0, 2011-07-31 08:37:30, 0.0, None 
 46.305, -123.16, 20.0, 2011-07-31 08:52:30, 0.0, None 
 46.345, -123.115, 60.0, 2011-07-31 08:57:30, 0.0, None 
 46.37, -123.11, 20.0, 2011-07-31 09:00:00, 0.0, None 
 46.395, -123.13, 24.8, 2011-07-31 09:05:00, 0.0, None 
 46.35, -123.21, 20.0, 2011-07-31 09:07:30, 0.0, None 
 46.43, -123.25, 20.0, 2011-07-31 09:52:30, 0.0, None 
 46.435, -123.185, 25.5, 2011-07-31 09:55:00, 0.0, None 
 46.7, -122.7, 60.0, 2011-07-31 09:57:30, 0.0, None 
 46.4, -123.06, 60.0, 2011-07-31 09:57:30, 0.0, None 
 46.57, -123.18, 46.0, 2011-07-31 10:10:00, 0.0, None 
 46.99, -123.16, 60.0, 2011-07-31 10:17:30, 0.0, None 
 46.52, -123.21, 25.0, 2011-07-31 10:17:30, 0.0, None 
 46.52, -123.225, 30.0, 2011-07-31 10:20:00, 0.0, None 
 46.425, -123.14200000000001, 33.5, 2011-07-31 10:22:30, 0.0, None 
 46.435, -123.118, 20.8, 2011-07-31 10:25:00, 0.0, None 
 46.435, -123.145, 25.2, 2011-07-31 10:27:30, 0.0, None 
 46.46, -123.11, 20.0, 2011-07-31 10:30:00, 0.0, None 
 46.361999999999995, -123.165, 25.8, 2011-07-31 10:32:30, 0.0, None 
 46.42, -122.89, 20.0, 2011-07-31 10:35:00, 0.0, None 
 46.395, -123.21, 20.0, 2011-07-31 10:37:30, 0.0, None 
 46.42, -123.13, 34.5, 2011-07-31 10:40:00, 0.0, None 
 46.4, -123.115, 23.0, 2011-07-31 10:42:30, 0.0, None 
 46.48, -122.995, 56.0, 2011-07-31 10:50:00, 0.0, None 
 46.29, -123.245, 20.0, 2011-07-31 10:50:00, 0.0, None 
 46.32, -123.205, 60.0, 2011-07-31 10:52:30, 0.0, None 
 46.407, -123.09, 37.8, 2011-07-31 10:55:00, 0.0, None 
 46.34, -123.16, 60.0, 2011-07-31 10:57:30, 0.0, None 
 46.245, -123.095, 37.2, 2011-07-31 11:00:00, 0.0, None 
 46.435, -123.13, 20.0, 2011-07-31 11:02:30, 0.0, None 
 46.455, -123.13, 28.5, 2011-07-31 11:05:00, 0.0, None 
 46.5, -123.03, 27.0, 2011-07-31 11:15:00, 0.0, None 
 46.63, -122.96, 60.0, 2011-07-31 11:22:30, 0.0, None 
 46.165, -123.09, 20.0, 2011-07-31 11:22:30, 0.0, None 
 46.38, -123.04, 35.0, 2011-07-31 11:25:00, 0.0, None 
 46.455, -123.14, 27.0, 2011-07-31 11:32:30, 0.0, None 
 46.39, -123.28, 20.0, 2011-07-31 11:35:00, 0.0, None 
 46.39, -123.245, 60.0, 2011-07-31 11:42:30, 0.0, None 
 46.9, -123.35, 60.0, 2011-07-31 11:45:00, 0.0, None 
 46.34, -123.19, 20.0, 2011-07-31 11:45:00, 0.0, None 
 46.44, -123.15, 20.0, 2011-07-31 11:47:30, 0.0, None 
 46.43, -123.08, 20.0, 2011-07-31 11:50:00, 0.0, None 
 46.215, -123.16, 60.0, 2011-07-31 11:52:30, 0.0, None 
 46.37, -123.15, 20.0, 2011-07-31 11:55:00, 0.0, None 
 46.38, -123.19, 37.5, 2011-07-31 11:57:30, 0.0, None 
 46.405, -123.22, 27.5, 2011-07-31 12:00:00, 0.0, None 
 46.57, -123.04, 52.0, 2011-07-31 12:15:00, 0.0, None 
 46.51, -122.955, 20.0, 2011-07-31 12:20:00, 0.0, None 
 46.31, -123.12, 38.0, 2011-07-31 12:20:00, 0.0, None 
 46.33, -123.1, 20.0, 2011-07-31 12:22:30, 0.0, None 
 46.43, -123.315, 20.0, 2011-07-31 12:37:30, 0.0, None 
 46.955, -122.955, 20.0, 2011-07-31 12:40:00, 0.0, None 
 46.43, -123.275, 23.0, 2011-07-31 12:40:00, 0.0, None 
 46.47, -123.23, 20.0, 2011-07-31 12:45:00, 0.0, None 
 46.925, -122.915, 42.5, 2011-07-31 12:47:30, 0.0, None 
 46.465, -123.265, 30.5, 2011-07-31 12:47:30, 0.0, None 
 46.49, -123.145, 30.0, 2011-07-31 12:50:00, 0.0, None 
 46.59, -123.03, 60.0, 2011-07-31 12:52:30, 0.0, None 
 46.47, -123.18, 25.0, 2011-07-31 12:55:00, 0.0, None 
 46.32, -123.09, 23.5, 2011-07-31 12:57:30, 0.0, None 
 46.96, -122.7, 20.0, 2011-07-31 13:07:30, 0.0, None 
 46.99, -122.67, 32.0, 2011-07-31 13:12:30, 0.0, None 
 46.54, -122.99, 39.5, 2011-07-31 13:27:30, 0.0, None 
 46.6, -122.99, 49.5, 2011-07-31 13:30:00, 0.0, None 
 46.516999999999996, -123.102, 50.0, 2011-07-31 13:32:30, 0.0, None 
 46.54, -123.2, 44.0, 2011-07-31 13:37:30, 0.0, None 
 46.83, -122.67, 60.0, 2011-07-31 13:57:30, 0.0, None 
 46.57, -123.09, 60.0, 2011-07-31 14:02:30, 0.0, None 
 46.39, -123.19, 60.0, 2011-07-31 14:05:00, 0.0, None 
 46.48, -123.06, 20.0, 2011-07-31 14:07:30, 0.0, None 
 46.4, -122.92, 20.0, 2011-07-31 14:52:30, 0.0, None 
 46.39, -122.86, 20.0, 2011-07-31 14:55:00, 0.0, None 
 46.165, -123.105, 60.0, 2011-07-31 14:57:30, 0.0, None 
 46.43, -123.3, 29.0, 2011-07-31 15:17:30, 0.0, None 
 46.47, -123.3, 60.0, 2011-07-31 15:20:00, 0.0, None 
 46.545, -123.14299999999999, 28.8, 2011-07-31 15:32:30, 0.0, None 
 46.567, -123.18, 44.8, 2011-07-31 15:35:00, 0.0, None 
 46.985, -123.23, 20.0, 2011-07-31 15:50:00, 0.0, None 
 46.48, -123.21, 60.0, 2011-07-31 15:50:00, 0.0, None 
 46.97, -123.16, 20.0, 2011-07-31 15:52:30, 0.0, None 
 46.205, -123.18, 60.0, 2011-07-31 15:57:30, 0.0, None 
 46.35, -123.21, 20.0, 2011-07-31 16:00:00, 0.0, None 
 46.55, -123.148, 52.0, 2011-07-31 16:02:30, 0.0, None 
 46.57, -123.06, 23.5, 2011-07-31 16:05:00, 0.0, None 
 47.01, -123.14, 20.0, 2011-07-31 16:10:00, 0.0, None 
 46.96, -123.2, 22.0, 2011-07-31 16:17:30, 0.0, None 
 47.01, -122.7, 60.0, 2011-07-31 16:22:30, 0.0, None 
 46.935, -123.10799999999999, 42.0, 2011-07-31 16:32:30, 0.0, None 
 46.93, -123.215, 36.5, 2011-07-31 16:35:00, 0.0, None 
 46.31, -123.175, 20.0, 2011-07-31 16:50:00, 0.0, None 
 46.32, -123.21, 20.0, 2011-07-31 16:55:00, 0.0, None 
 47.005, -122.99, 60.0, 2011-07-31 16:57:30, 0.0, None 
 46.97, -122.86, 42.0, 2011-07-31 17:00:00, 0.0, None 
 47.03, -123.15, 20.0, 2011-07-31 17:07:30, 0.0, None 
 47.02, -123.025, 20.0, 2011-07-31 17:10:00, 0.0, None 
 46.99, -123.24, 20.0, 2011-07-31 17:17:30, 0.0, None 
 46.99, -123.1, 20.0, 2011-07-31 17:20:00, 0.0, None 
 46.995, -122.98, 24.0, 2011-07-31 17:27:30, 0.0, None 
 46.99, -122.81, 28.0, 2011-07-31 17:50:00, 0.0, None 
 46.91, -123.2, 20.0, 2011-07-31 17:55:00, 0.0, None 
 46.96, -123.3, 20.0, 2011-07-31 18:00:00, 0.0, None 
 46.96, -123.27, 29.5, 2011-07-31 18:02:30, 0.0, None 
 46.915, -122.725, 21.5, 2011-07-31 18:10:00, 0.0, None 
 47.03, -122.77, 20.0, 2011-07-31 18:12:30, 0.0, None 
 47.11, -122.66, 41.5, 2011-07-31 18:22:30, 0.0, None 
 47.075, -122.62, 23.0, 2011-07-31 18:25:00, 0.0, None 
 47.02, -122.65299999999999, 28.8, 2011-07-31 18:27:30, 0.0, None 
 46.995, -122.7, 60.0, 2011-07-31 18:30:00, 0.0, None 
 47.025, -122.71, 60.0, 2011-07-31 18:32:30, 0.0, None 
 46.74, -122.71, 21.0, 2011-07-31 18:35:00, 0.0, None 
 47.0, -122.83, 60.0, 2011-07-31 18:40:00, 0.0, None 
 47.01, -122.8, 20.0, 2011-07-31 18:42:30, 0.0, None 
 46.51, -122.98, 60.0, 2011-07-31 18:47:30, 0.0, None 
 46.59, -122.89, 44.0, 2011-07-31 18:50:00, 0.0, None 
 46.63, -122.89, 30.0, 2011-07-31 18:52:30, 0.0, None 
 46.585, -122.85, 60.0, 2011-07-31 19:07:30, 0.0, None 
 46.6, -122.89, 57.0, 2011-07-31 19:42:30, 0.0, None 
 47.01, -123.07, 51.0, 2011-07-31 19:55:00, 0.0, None 
 46.81, -122.67, 60.0, 2011-07-31 19:57:30, 0.0, None 
 47.05, -123.1, 20.0, 2011-07-31 20:12:30, 0.0, None 
 46.745, -122.68, 42.0, 2011-07-31 20:20:00, 0.0, None 
 46.9, -122.93, 45.0, 2011-07-31 20:27:30, 0.0, None 
 46.91, -122.98, 31.5, 2011-07-31 20:30:00, 0.0, None 
 46.9, -122.72, 52.0, 2011-07-31 21:20:00, 0.0, None 
 46.98, -122.65, 60.0, 2011-07-31 21:47:30, 0.0, None 
 47.03, -123.13, 24.0, 2011-07-31 22:17:30, 0.0, None 
 46.97, -123.22, 20.0, 2011-07-31 22:25:00, 0.0, None 
 46.995, -123.08, 21.5, 2011-07-31 22:27:30, 0.0, None 
 46.92, -123.31, 50.0, 2011-07-31 22:30:00, 0.0, None 
 47.055, -123.06, 33.5, 2011-07-31 22:37:30, 0.0, None 
 47.065, -122.99799999999999, 49.8, 2011-07-31 22:40:00, 0.0, None 
 47.02, -122.92, 20.0, 2011-07-31 23:07:30, 0.0, None 
 46.95, -123.0, 32.0, 2011-07-31 23:12:30, 0.0, None 
 46.89, -123.23, 35.0, 2011-07-31 23:15:00, 0.0, None 
 46.96, -122.7, 20.0, 2011-07-31 23:17:30, 0.0, None 
 46.99, -122.91, 36.5, 2011-07-31 23:20:00, 0.0, None 
 46.957, -123.13, 44.5, 2011-07-31 23:22:30, 0.0, None 
 46.98, -122.905, 20.0, 2011-07-31 23:27:30, 0.0, None 
 46.96, -123.01, 32.0, 2011-07-31 23:30:00, 0.0, None 
 46.94, -122.99, 40.0, 2011-08-01 00:00:00, 0.0, None 
 46.92, -123.06700000000001, 36.0, 2011-08-01 00:05:00, 0.0, None 
 46.92, -123.06, 31.2, 2011-08-01 00:07:30, 0.0, None 
 46.93, -122.838, 27.2, 2011-08-01 00:10:00, 0.0, None 
 46.33, -123.23, 20.0, 2011-08-01 00:15:00, 0.0, None 
 46.32, -123.225, 60.0, 2011-08-01 00:17:30, 0.0, None 
 46.305, -123.2, 46.8, 2011-08-01 00:25:00, 0.0, None 
 46.88, -122.94, 60.0, 2011-08-01 00:27:30, 0.0, None 
 46.36, -123.2, 30.0, 2011-08-01 00:27:30, 0.0, None 
 46.946999999999996, -123.04299999999999, 40.0, 2011-08-01 00:30:00, 0.0, None 
 46.99, -123.0, 34.0, 2011-08-01 00:32:30, 0.0, None 
 46.88, -123.11, 47.0, 2011-08-01 00:35:00, 0.0, None 
 46.49, -122.9, 60.0, 2011-08-01 00:37:30, 0.0, None 
 46.36, -123.25, 20.0, 2011-08-01 00:47:30, 0.0, None 
 46.375, -123.205, 20.0, 2011-08-01 00:50:00, 0.0, None 
 46.66, -123.22, 20.0, 2011-08-01 01:25:00, 0.0, None 
 46.575, -123.265, 25.0, 2011-08-01 01:27:30, 0.0, None 
 46.413000000000004, -123.175, 37.0, 2011-08-01 01:30:00, 0.0, None 
 47.21, -122.62, 20.0, 2011-08-01 02:05:00, 0.0, None 
 46.96, -123.24, 28.0, 2011-08-01 02:07:30, 0.0, None 
 46.7, -122.68, 36.0, 2011-08-01 02:20:00, 0.0, None 
 46.45, -123.23, 41.0, 2011-08-01 02:35:00, 0.0, None 
 47.1, -122.79, 20.0, 2011-08-01 02:52:30, 0.0, None 
 46.29, -123.16, 28.0, 2011-08-01 02:55:00, 0.0, None 
 46.33, -123.16, 60.0, 2011-08-01 02:57:30, 0.0, None 
 46.33, -123.22, 20.0, 2011-08-01 03:00:00, 0.0, None 
 46.37, -123.1, 46.0, 2011-08-01 03:02:30, 0.0, None 
 46.31, -123.21, 20.0, 2011-08-01 03:05:00, 0.0, None 
 47.01, -122.84, 40.5, 2011-08-01 03:17:30, 0.0, None 
 47.23, -122.637, 40.0, 2011-08-01 03:27:30, 0.0, None 
 47.203, -122.605, 33.0, 2011-08-01 03:30:00, 0.0, None 
 47.1, -122.59, 31.0, 2011-08-01 03:32:30, 0.0, None 
 46.84, -122.78, 20.0, 2011-08-01 03:37:30, 0.0, None 
 47.2, -122.73, 27.0, 2011-08-01 03:40:00, 0.0, None 
 46.98, -122.575, 39.0, 2011-08-01 03:42:30, 0.0, None 
 47.29, -122.67, 60.0, 2011-08-01 03:42:30, 0.0, None 
 47.27, -122.705, 60.0, 2011-08-01 03:45:00, 0.0, None 
 46.93, -122.67, 50.0, 2011-08-01 03:47:30, 0.0, None 
 46.95, -122.89, 60.0, 2011-08-01 03:55:00, 0.0, None 
 47.27, -122.4, 60.0, 2011-08-01 03:57:30, 0.0, None 
 46.98, -123.18, 33.5, 2011-08-01 04:02:30, 0.0, None 
 46.96, -123.20299999999999, 34.0, 2011-08-01 04:05:00, 0.0, None 
 46.985, -123.07, 34.5, 2011-08-01 04:07:30, 0.0, None 
 46.99, -123.12, 33.0, 2011-08-01 04:10:00, 0.0, None 
 46.62, -122.77, 50.0, 2011-08-01 04:22:30, 0.0, None 
 46.94, -122.965, 24.5, 2011-08-01 04:27:30, 0.0, None 
 46.63, -123.09, 35.0, 2011-08-01 04:27:30, 0.0, None 
 46.95, -122.855, 20.0, 2011-08-01 04:30:00, 0.0, None 
 46.79, -123.04, 60.0, 2011-08-01 04:32:30, 0.0, None 
 47.15, -122.71, 60.0, 2011-08-01 04:35:00, 0.0, None 
 46.96, -123.195, 35.0, 2011-08-01 04:42:30, 0.0, None 
 46.775, -122.68, 60.0, 2011-08-01 04:42:30, 0.0, None 
 46.945, -122.99, 31.0, 2011-08-01 04:45:00, 0.0, None 
 46.26, -123.17, 60.0, 2011-08-01 04:57:30, 0.0, None 
 46.89, -122.89, 60.0, 2011-08-01 05:07:30, 0.0, None 
 47.062, -122.69, 40.0, 2011-08-01 05:10:00, 0.0, None 
 46.975, -122.7, 20.0, 2011-08-01 05:12:30, 0.0, None 
 47.0, -122.78, 26.5, 2011-08-01 05:15:00, 0.0, None 
 47.23, -122.57, 60.0, 2011-08-01 05:15:00, 0.0, None 
 47.04, -122.61, 20.0, 2011-08-01 05:17:30, 0.0, None 
 46.86, -123.21, 37.0, 2011-08-01 05:20:00, 0.0, None 
 46.52, -123.29, 20.0, 2011-08-01 05:22:30, 0.0, None 
 47.06, -122.795, 20.0, 2011-08-01 05:30:00, 0.0, None 
 46.96, -122.805, 22.0, 2011-08-01 05:32:30, 0.0, None 
 46.938, -122.935, 26.0, 2011-08-01 05:35:00, 0.0, None 
 46.65, -123.135, 20.0, 2011-08-01 05:35:00, 0.0, None 
 47.125, -122.61, 60.0, 2011-08-01 05:37:30, 0.0, None 
 47.032, -122.575, 40.0, 2011-08-01 05:40:00, 0.0, None 
 46.955, -122.74799999999999, 24.0, 2011-08-01 05:45:00, 0.0, None 
 47.005, -122.71799999999999, 25.5, 2011-08-01 05:47:30, 0.0, None 
 47.097, -122.635, 37.0, 2011-08-01 05:50:00, 0.0, None 
 46.61, -123.14, 20.0, 2011-08-01 05:50:00, 0.0, None 
 46.98, -122.58, 20.0, 2011-08-01 05:52:30, 0.0, None 
 47.01, -122.53, 60.0, 2011-08-01 05:57:30, 0.0, None 
 47.2, -122.6, 40.0, 2011-08-01 06:00:00, 0.0, None 
 46.63, -123.395, 20.0, 2011-08-01 06:02:30, 0.0, None 
 47.18, -122.63, 56.5, 2011-08-01 06:05:00, 0.0, None 
 46.6, -123.41, 20.0, 2011-08-01 06:07:30, 0.0, None 
 47.33, -122.63, 60.0, 2011-08-01 06:12:30, 0.0, None 
 47.0, -122.66, 23.5, 2011-08-01 06:22:30, 0.0, None 
 46.99, -122.63, 43.0, 2011-08-01 06:25:00, 0.0, None 
 46.54, -123.22200000000001, 23.0, 2011-08-01 06:40:00, 0.0, None 
 46.555, -123.2, 20.0, 2011-08-01 06:42:30, 0.0, None 
 47.03, -122.57, 60.0, 2011-08-01 06:45:00, 0.0, None 
 46.953, -122.757, 60.0, 2011-08-01 06:57:30, 0.0, None 
 46.925, -122.715, 60.0, 2011-08-01 07:00:00, 0.0, None 
 46.985, -122.83, 41.5, 2011-08-01 07:02:30, 0.0, None 
 46.88, -122.72, 60.0, 2011-08-01 07:05:00, 0.0, None 
 46.83, -122.98, 33.0, 2011-08-01 07:12:30, 0.0, None 
 46.78, -122.96, 40.0, 2011-08-01 07:17:30, 0.0, None 
 47.18, -122.68, 60.0, 2011-08-01 07:20:00, 0.0, None 
 46.96, -123.09, 20.0, 2011-08-01 07:27:30, 0.0, None 
 46.42, -123.28, 20.0, 2011-08-01 07:27:30, 0.0, None 
 46.9, -122.95, 21.5, 2011-08-01 07:30:00, 0.0, None 
 46.52, -123.18, 29.0, 2011-08-01 07:30:00, 0.0, None 
 46.62, -123.21, 28.0, 2011-08-01 07:35:00, 0.0, None 
 46.7, -123.2, 20.0, 2011-08-01 07:40:00, 0.0, None 
 46.677, -123.1, 58.8, 2011-08-01 07:45:00, 0.0, None 
 46.79, -123.025, 38.5, 2011-08-01 07:47:30, 0.0, None 
 46.455, -123.14, 29.0, 2011-08-01 07:47:30, 0.0, None 
 46.79, -123.04, 20.0, 2011-08-01 07:50:00, 0.0, None 
 46.83, -122.725, 48.0, 2011-08-01 07:52:30, 0.0, None 
 46.735, -122.745, 60.0, 2011-08-01 07:55:00, 0.0, None 
 46.865, -122.855, 60.0, 2011-08-01 07:57:30, 0.0, None 
 46.8, -122.91, 27.0, 2011-08-01 08:00:00, 0.0, None 
 46.92, -122.895, 24.0, 2011-08-01 08:15:00, 0.0, None 
 46.975, -122.81200000000001, 20.0, 2011-08-01 08:17:30, 0.0, None 
 46.86, -122.85, 31.5, 2011-08-01 08:20:00, 0.0, None 
 46.87, -122.76, 41.5, 2011-08-01 08:22:30, 0.0, None 
 46.975, -123.07, 20.0, 2011-08-01 08:30:00, 0.0, None 
 47.038000000000004, -123.075, 20.2, 2011-08-01 08:32:30, 0.0, None 
 46.835, -123.053, 29.2, 2011-08-01 08:35:00, 0.0, None 
 46.81, -123.03, 35.0, 2011-08-01 08:37:30, 0.0, None 
 46.62, -123.22, 20.0, 2011-08-01 08:37:30, 0.0, None 
 46.825, -123.035, 33.0, 2011-08-01 08:40:00, 0.0, None 
 46.89, -122.69, 20.0, 2011-08-01 08:47:30, 0.0, None 
 46.98, -123.02, 42.0, 2011-08-01 08:50:00, 0.0, None 
 46.98, -123.12, 20.0, 2011-08-01 08:52:30, 0.0, None 
 46.94, -123.01799999999999, 21.8, 2011-08-01 08:55:00, 0.0, None 
 46.8, -123.0, 60.0, 2011-08-01 08:57:30, 0.0, None 
 46.977, -122.965, 30.0, 2011-08-01 09:00:00, 0.0, None 
 46.97, -122.945, 32.2, 2011-08-01 09:02:30, 0.0, None 
 46.88, -122.865, 22.0, 2011-08-01 09:05:00, 0.0, None 
 47.095, -122.915, 20.0, 2011-08-01 09:07:30, 0.0, None 
 47.18, -122.68, 26.0, 2011-08-01 09:10:00, 0.0, None 
 46.89, -123.195, 33.0, 2011-08-01 09:17:30, 0.0, None 
 46.81, -122.9, 50.5, 2011-08-01 09:22:30, 0.0, None 
 46.785, -122.97, 60.0, 2011-08-01 09:25:00, 0.0, None 
 46.81, -122.71, 53.0, 2011-08-01 09:27:30, 0.0, None 
 46.81, -122.705, 46.0, 2011-08-01 09:30:00, 0.0, None 
 46.82, -122.79, 60.0, 2011-08-01 09:35:00, 0.0, None 
 47.07, -122.7, 38.5, 2011-08-01 09:40:00, 0.0, None 
 46.905, -122.74, 35.5, 2011-08-01 09:42:30, 0.0, None 
 46.51, -123.21, 43.0, 2011-08-01 09:42:30, 0.0, None 
 46.92, -122.695, 32.5, 2011-08-01 09:50:00, 0.0, None 
 46.89, -122.77, 28.0, 2011-08-01 09:52:30, 0.0, None 
 46.81, -122.635, 60.0, 2011-08-01 10:00:00, 0.0, None 
 47.05, -122.72, 30.5, 2011-08-01 10:07:30, 0.0, None 
 47.02, -122.895, 56.0, 2011-08-01 10:10:00, 0.0, None 
 46.93, -122.74, 30.5, 2011-08-01 10:20:00, 0.0, None 
 46.72, -123.185, 27.5, 2011-08-01 10:20:00, 0.0, None 
 46.85, -123.19, 41.0, 2011-08-01 10:22:30, 0.0, None 
 46.92, -122.8, 46.5, 2011-08-01 10:22:30, 0.0, None 
 46.86, -122.78, 36.0, 2011-08-01 10:25:00, 0.0, None 
 46.88, -123.065, 31.0, 2011-08-01 10:27:30, 0.0, None 
 46.9, -122.9, 40.5, 2011-08-01 10:30:00, 0.0, None 
 46.965, -122.64200000000001, 40.2, 2011-08-01 10:32:30, 0.0, None 
 47.03, -122.52, 60.0, 2011-08-01 10:35:00, 0.0, None 
 46.995, -122.665, 37.0, 2011-08-01 10:37:30, 0.0, None 
 47.0, -122.8, 60.0, 2011-08-01 10:40:00, 0.0, None 
 46.58, -123.025, 20.0, 2011-08-01 10:40:00, 0.0, None 
 46.985, -122.51, 60.0, 2011-08-01 10:42:30, 0.0, None 
 46.96, -123.0, 20.0, 2011-08-01 10:45:00, 0.0, None 
 47.06, -123.17, 20.0, 2011-08-01 10:52:30, 0.0, None 
 47.29, -122.58, 36.0, 2011-08-01 10:57:30, 0.0, None 
 46.63, -122.8, 60.0, 2011-08-01 11:02:30, 0.0, None 
 46.78, -123.23, 49.0, 2011-08-01 11:05:00, 0.0, None 
 46.815, -123.03, 46.0, 2011-08-01 11:07:30, 0.0, None 
 46.63, -123.165, 25.5, 2011-08-01 11:10:00, 0.0, None 
 46.885, -122.975, 60.0, 2011-08-01 11:17:30, 0.0, None 
 46.77, -123.04, 43.0, 2011-08-01 11:20:00, 0.0, None 
 46.891999999999996, -123.105, 26.2, 2011-08-01 11:22:30, 0.0, None 
 46.61, -123.12, 33.5, 2011-08-01 11:22:30, 0.0, None 
 46.888000000000005, -123.037, 40.8, 2011-08-01 11:25:00, 0.0, None 
 46.98, -123.085, 27.2, 2011-08-01 11:27:30, 0.0, None 
 46.983000000000004, -123.06, 33.5, 2011-08-01 11:30:00, 0.0, None 
 47.03, -123.02799999999999, 25.2, 2011-08-01 11:32:30, 0.0, None 
 47.06, -123.05, 36.5, 2011-08-01 11:35:00, 0.0, None 
 46.84, -123.17, 60.0, 2011-08-01 11:37:30, 0.0, None 
 46.97, -122.89, 60.0, 2011-08-01 11:37:30, 0.0, None 
 46.945, -123.137, 26.8, 2011-08-01 11:47:30, 0.0, None 
 46.94, -123.09299999999999, 34.2, 2011-08-01 11:50:00, 0.0, None 
 46.905, -123.23700000000001, 37.5, 2011-08-01 12:00:00, 0.0, None 
 46.9, -123.23200000000001, 38.8, 2011-08-01 12:02:30, 0.0, None 
 46.86, -123.175, 33.2, 2011-08-01 12:15:00, 0.0, None 
 46.52, -123.21, 43.0, 2011-08-01 12:15:00, 0.0, None 
 46.89, -123.165, 25.8, 2011-08-01 12:17:30, 0.0, None 
 46.73, -122.99, 38.5, 2011-08-01 12:27:30, 0.0, None 
 46.68, -123.02, 20.0, 2011-08-01 12:30:00, 0.0, None 
 46.92, -123.19, 20.0, 2011-08-01 12:32:30, 0.0, None 
 46.73, -122.71, 37.0, 2011-08-01 12:47:30, 0.0, None 
 46.96, -123.05, 20.0, 2011-08-01 12:50:00, 0.0, None 
 46.69, -123.195, 46.0, 2011-08-01 12:50:00, 0.0, None 
 46.3, -123.2, 26.0, 2011-08-01 12:52:30, 0.0, None 
 47.06, -123.0, 40.0, 2011-08-01 13:27:30, 0.0, None 
 46.395, -123.135, 20.0, 2011-08-01 13:32:30, 0.0, None 
 46.71, -123.0, 52.0, 2011-08-01 14:20:00, 0.0, None 
 46.82, -123.22, 23.0, 2011-08-01 14:25:00, 0.0, None 
 46.79, -123.22, 25.0, 2011-08-01 14:27:30, 0.0, None 
 46.78, -122.82, 49.0, 2011-08-01 14:35:00, 0.0, None 
 46.69, -123.11, 60.0, 2011-08-01 14:37:30, 0.0, None 
 46.71, -123.02, 37.0, 2011-08-01 14:42:30, 0.0, None 
 46.38, -123.32, 35.0, 2011-08-01 14:42:30, 0.0, None 
 46.79, -122.9, 45.0, 2011-08-01 14:50:00, 0.0, None 
 46.82, -123.06, 34.0, 2011-08-01 14:52:30, 0.0, None 
 46.87, -123.055, 39.0, 2011-08-01 14:55:00, 0.0, None 
 46.86, -123.025, 42.0, 2011-08-01 14:57:30, 0.0, None 
 46.98, -122.65, 20.0, 2011-08-01 15:27:30, 0.0, None 
 46.57, -123.09, 60.0, 2011-08-01 15:30:00, 0.0, None 
 47.1, -123.05, 40.0, 2011-08-01 15:50:00, 0.0, None 
 46.795, -122.7, 60.0, 2011-08-01 15:57:30, 0.0, None 
 46.48, -122.88, 40.0, 2011-08-01 16:30:00, 0.0, None 
 46.87, -122.62, 34.0, 2011-08-01 16:32:30, 0.0, None 
 46.55, -123.32, 60.0, 2011-08-01 16:45:00, 0.0, None 
 46.36, -123.28, 20.0, 2011-08-01 16:50:00, 0.0, None 
 46.8, -123.065, 60.0, 2011-08-01 16:55:00, 0.0, None 
 46.79, -123.13, 30.0, 2011-08-01 17:55:00, 0.0, None 
 46.8, -123.03, 41.0, 2011-08-01 17:57:30, 0.0, None 
 46.78, -123.2, 28.0, 2011-08-01 18:00:00, 0.0, None 
 47.005, -122.51, 20.0, 2011-08-01 18:05:00, 0.0, None 
 46.725, -123.2, 31.0, 2011-08-01 18:07:30, 0.0, None 
 46.8, -122.99, 20.0, 2011-08-01 18:20:00, 0.0, None 
 46.61, -122.81, 20.0, 2011-08-01 19:47:30, 0.0, None 
 47.31, -122.645, 20.0, 2011-08-01 20:22:30, 0.0, None 
 47.125, -122.695, 60.0, 2011-08-01 21:47:30, 0.0, None 
 46.95, -122.67, 26.0, 2011-08-01 22:07:30, 0.0, None 
 47.06, -122.92, 60.0, 2011-08-01 22:27:30, 0.0, None 
 46.61, -122.79, 20.0, 2011-08-01 22:37:30, 0.0, None 
 46.97, -122.9, 32.0, 2011-08-01 22:50:00, 0.0, None 
 46.98, -122.815, 60.0, 2011-08-01 23:15:00, 0.0, None 
 46.985, -123.18, 34.0, 2011-08-01 23:17:30, 0.0, None 
 47.01, -123.18, 49.0, 2011-08-01 23:20:00, 0.0, None 
 47.001999999999995, -122.822, 32.0, 2011-08-01 23:37:30, 0.0, None 
 46.983000000000004, -123.005, 22.2, 2011-08-01 23:40:00, 0.0, None 
 47.07, -122.88, 26.0, 2011-08-01 23:50:00, 0.0, None 
 46.87, -123.31, 43.0, 2011-08-02 00:02:30, 0.0, None 
 46.99, -122.8, 30.0, 2011-08-02 00:20:00, 0.0, None 
 46.185, -122.99, 42.8, 2011-08-02 00:27:30, 0.0, None 
 46.29, -123.07, 40.0, 2011-08-02 00:32:30, 0.0, None 
 46.29, -123.08, 27.0, 2011-08-02 00:35:00, 0.0, None 
 46.24, -123.115, 29.0, 2011-08-02 00:37:30, 0.0, None 
 46.251999999999995, -123.085, 24.2, 2011-08-02 00:40:00, 0.0, None 
 46.29, -123.07, 27.0, 2011-08-02 00:42:30, 0.0, None 
 46.12, -123.07, 52.0, 2011-08-02 00:47:30, 0.0, None 
 46.24, -123.38, 20.0, 2011-08-02 01:10:00, 0.0, None 
 47.06, -122.7, 29.0, 2011-08-02 01:22:30, 0.0, None 
 46.28, -123.24, 43.0, 2011-08-02 01:42:30, 0.0, None 
 46.96, -123.1, 50.0, 2011-08-02 01:52:30, 0.0, None 
 46.31, -123.13, 29.5, 2011-08-02 02:12:30, 0.0, None 
 46.97, -122.69, 32.0, 2011-08-02 02:15:00, 0.0, None 
 46.33, -123.075, 41.0, 2011-08-02 02:15:00, 0.0, None 
 46.3, -123.26, 22.0, 2011-08-02 02:17:30, 0.0, None 
 46.97, -122.95, 20.0, 2011-08-02 02:20:00, 0.0, None 
 47.02, -122.79700000000001, 38.5, 2011-08-02 02:22:30, 0.0, None 
 46.96, -123.115, 45.5, 2011-08-02 02:37:30, 0.0, None 
 46.97, -123.08, 54.0, 2011-08-02 02:42:30, 0.0, None 
 46.97, -123.15, 20.0, 2011-08-02 02:45:00, 0.0, None 
 47.015, -123.09, 60.0, 2011-08-02 02:57:30, 0.0, None 
 46.963, -123.12299999999999, 26.5, 2011-08-02 03:00:00, 0.0, None 
 46.995, -123.03, 30.0, 2011-08-02 03:02:30, 0.0, None 
 46.942, -122.9, 47.5, 2011-08-02 03:05:00, 0.0, None 
 46.98, -123.03, 31.0, 2011-08-02 03:07:30, 0.0, None 
 47.08, -122.72, 20.0, 2011-08-02 03:10:00, 0.0, None 
 46.99, -123.0, 60.0, 2011-08-02 03:12:30, 0.0, None 
 46.22, -123.225, 20.0, 2011-08-02 03:15:00, 0.0, None 
 46.24, -123.27, 40.5, 2011-08-02 03:17:30, 0.0, None 
 47.05, -122.83, 32.0, 2011-08-02 03:20:00, 0.0, None 
 46.85, -123.3, 40.0, 2011-08-02 03:22:30, 0.0, None 
 47.1, -122.85, 46.0, 2011-08-02 03:25:00, 0.0, None 
 46.87, -122.92, 49.5, 2011-08-02 03:30:00, 0.0, None 
 46.9, -122.885, 53.0, 2011-08-02 03:32:30, 0.0, None 
 46.96, -122.97, 44.0, 2011-08-02 03:35:00, 0.0, None 
 46.88, -123.13, 35.0, 2011-08-02 03:40:00, 0.0, None 
 47.08, -122.78, 20.0, 2011-08-02 03:40:00, 0.0, None 
 46.3, -122.9, 20.0, 2011-08-02 03:45:00, 0.0, None 
 46.29, -122.99, 20.0, 2011-08-02 03:47:30, 0.0, None 
 47.13, -122.925, 20.0, 2011-08-02 03:50:00, 0.0, None 
 46.21, -123.23, 44.0, 2011-08-02 03:50:00, 0.0, None 
 47.115, -123.025, 20.0, 2011-08-02 03:52:30, 0.0, None 
 46.33, -122.99, 20.0, 2011-08-02 03:52:30, 0.0, None 
 47.08, -122.97, 29.5, 2011-08-02 03:55:00, 0.0, None 
 46.975, -123.118, 33.5, 2011-08-02 04:07:30, 0.0, None 
 47.09, -122.93, 20.0, 2011-08-02 04:10:00, 0.0, None 
 47.133, -122.91799999999999, 20.0, 2011-08-02 04:12:30, 0.0, None 
 47.1, -123.0, 20.0, 2011-08-02 04:15:00, 0.0, None 
 46.96, -122.89, 50.0, 2011-08-02 04:17:30, 0.0, None 
 47.09, -122.94, 20.0, 2011-08-02 04:20:00, 0.0, None 
 46.18, -123.09, 30.0, 2011-08-02 04:20:00, 0.0, None 
 47.103, -122.93799999999999, 31.8, 2011-08-02 04:27:30, 0.0, None 
 47.008, -123.04700000000001, 30.5, 2011-08-02 04:30:00, 0.0, None 
 46.17, -123.21, 60.0, 2011-08-02 04:30:00, 0.0, None 
 46.15, -123.2, 60.0, 2011-08-02 04:32:30, 0.0, None 
 46.205, -123.27, 23.0, 2011-08-02 04:37:30, 0.0, None 
 46.97, -122.91, 40.0, 2011-08-02 04:47:30, 0.0, None 
 46.91, -123.16, 57.0, 2011-08-02 04:55:00, 0.0, None 
 47.025, -122.815, 60.0, 2011-08-02 04:57:30, 0.0, None 
 46.98, -123.01, 40.0, 2011-08-02 05:00:00, 0.0, None 
 47.085, -122.945, 20.0, 2011-08-02 05:02:30, 0.0, None 
 47.05, -123.1, 26.0, 2011-08-02 05:05:00, 0.0, None 
 46.92, -123.17, 60.0, 2011-08-02 05:10:00, 0.0, None 
 47.1, -122.865, 20.0, 2011-08-02 05:10:00, 0.0, None 
 46.99, -122.9, 45.5, 2011-08-02 05:15:00, 0.0, None 
 46.96, -122.97, 23.5, 2011-08-02 05:17:30, 0.0, None 
 46.2, -123.215, 20.0, 2011-08-02 05:20:00, 0.0, None 
 46.2, -123.28, 20.0, 2011-08-02 05:22:30, 0.0, None 
 47.09, -123.03, 20.0, 2011-08-02 05:25:00, 0.0, None 
 46.16, -123.19, 20.0, 2011-08-02 05:25:00, 0.0, None 
 46.19, -123.01, 30.0, 2011-08-02 05:30:00, 0.0, None 
 46.995, -122.895, 42.5, 2011-08-02 05:35:00, 0.0, None 
 46.9, -122.91, 60.0, 2011-08-02 05:37:30, 0.0, None 
 47.09, -122.95, 20.0, 2011-08-02 05:50:00, 0.0, None 
 47.08, -122.915, 25.0, 2011-08-02 05:55:00, 0.0, None 
 47.015, -122.81, 60.0, 2011-08-02 05:57:30, 0.0, None 
 47.07, -122.82, 35.5, 2011-08-02 06:00:00, 0.0, None 
 47.09, -122.82, 40.0, 2011-08-02 06:02:30, 0.0, None 
 46.2, -123.21, 20.0, 2011-08-02 06:17:30, 0.0, None 
 47.09, -123.06, 27.0, 2011-08-02 06:25:00, 0.0, None 
 47.01, -123.04, 39.5, 2011-08-02 06:27:30, 0.0, None 
 47.111999999999995, -122.88, 53.2, 2011-08-02 06:30:00, 0.0, None 
 47.155, -122.887, 20.0, 2011-08-02 06:32:30, 0.0, None 
 46.8, -123.37, 36.0, 2011-08-02 06:55:00, 0.0, None 
 47.1, -123.01, 43.0, 2011-08-02 07:05:00, 0.0, None 
 46.935, -123.0, 52.2, 2011-08-02 07:07:30, 0.0, None 
 46.28, -123.235, 47.0, 2011-08-02 07:20:00, 0.0, None 
 46.21, -123.095, 50.0, 2011-08-02 07:22:30, 0.0, None 
 46.2, -123.23, 35.0, 2011-08-02 07:42:30, 0.0, None 
 46.19, -123.28, 20.0, 2011-08-02 07:45:00, 0.0, None 
 47.08, -123.08, 29.0, 2011-08-02 07:50:00, 0.0, None 
 46.98, -123.13, 60.0, 2011-08-02 07:52:30, 0.0, None 
 46.97, -123.02, 20.0, 2011-08-02 08:00:00, 0.0, None 
 47.075, -122.98, 32.0, 2011-08-02 08:05:00, 0.0, None 
 46.87, -123.195, 60.0, 2011-08-02 08:07:30, 0.0, None 
 47.015, -122.89, 56.0, 2011-08-02 08:10:00, 0.0, None 
 46.225, -123.065, 60.0, 2011-08-02 08:10:00, 0.0, None 
 46.95, -122.695, 60.0, 2011-08-02 08:12:30, 0.0, None 
 46.185, -123.14, 23.5, 2011-08-02 08:12:30, 0.0, None 
 46.22, -123.15, 31.0, 2011-08-02 08:15:00, 0.0, None 
 46.95, -123.26, 50.0, 2011-08-02 08:17:30, 0.0, None 
 46.955, -123.03, 42.0, 2011-08-02 08:25:00, 0.0, None 
 46.41, -123.49, 60.0, 2011-08-02 08:25:00, 0.0, None 
 46.933, -122.975, 49.5, 2011-08-02 08:27:30, 0.0, None 
 46.055, -123.095, 60.0, 2011-08-02 08:27:30, 0.0, None 
 47.035, -122.925, 32.5, 2011-08-02 08:30:00, 0.0, None 
 46.97, -123.01, 41.0, 2011-08-02 08:32:30, 0.0, None 
 46.99, -123.02, 43.5, 2011-08-02 08:35:00, 0.0, None 
 46.207, -123.10799999999999, 27.2, 2011-08-02 08:37:30, 0.0, None 
 46.19, -123.1, 31.0, 2011-08-02 08:40:00, 0.0, None 
 46.175, -123.11, 33.0, 2011-08-02 08:42:30, 0.0, None 
 46.275, -123.095, 22.8, 2011-08-02 08:45:00, 0.0, None 
 46.33, -123.0, 30.0, 2011-08-02 08:47:30, 0.0, None 
 46.28, -123.11200000000001, 43.8, 2011-08-02 08:55:00, 0.0, None 
 46.213, -123.12299999999999, 60.0, 2011-08-02 08:57:30, 0.0, None 
 46.2, -122.93, 20.0, 2011-08-02 09:02:30, 0.0, None 
 46.13, -123.2, 57.0, 2011-08-02 09:10:00, 0.0, None 
 46.11, -123.1, 25.0, 2011-08-02 09:12:30, 0.0, None 
 46.365, -122.97, 48.0, 2011-08-02 09:15:00, 0.0, None 
 46.21, -123.11, 33.0, 2011-08-02 09:20:00, 0.0, None 
 46.27, -123.1, 40.0, 2011-08-02 09:22:30, 0.0, None 
 46.34, -123.03, 60.0, 2011-08-02 09:25:00, 0.0, None 
 46.28, -123.04, 60.0, 2011-08-02 09:27:30, 0.0, None 
 46.245, -123.035, 54.0, 2011-08-02 09:30:00, 0.0, None 
 46.18, -123.18, 20.0, 2011-08-02 09:35:00, 0.0, None 
 46.185, -123.2, 33.5, 2011-08-02 09:42:30, 0.0, None 
 46.21, -123.31, 39.0, 2011-08-02 09:45:00, 0.0, None 
 46.22, -123.27, 26.0, 2011-08-02 09:50:00, 0.0, None 
 46.23, -123.3, 30.0, 2011-08-02 09:55:00, 0.0, None 
 46.22, -123.39, 60.0, 2011-08-02 09:57:30, 0.0, None 
 47.14, -123.055, 20.0, 2011-08-02 10:05:00, 0.0, None 
 46.21, -123.32, 29.0, 2011-08-02 10:05:00, 0.0, None 
 47.09, -122.91, 20.0, 2011-08-02 10:07:30, 0.0, None 
 46.205, -123.255, 24.5, 2011-08-02 10:12:30, 0.0, None 
 46.21, -123.385, 20.0, 2011-08-02 10:15:00, 0.0, None 
 47.015, -123.01299999999999, 46.5, 2011-08-02 10:17:30, 0.0, None 
 47.02, -122.99, 44.2, 2011-08-02 10:20:00, 0.0, None 
 47.03, -123.17, 39.8, 2011-08-02 10:22:30, 0.0, None 
 47.045, -123.07, 33.2, 2011-08-02 10:25:00, 0.0, None 
 46.22, -122.89, 20.0, 2011-08-02 10:25:00, 0.0, None 
 47.07, -123.07, 32.0, 2011-08-02 10:27:30, 0.0, None 
 46.19, -123.32, 60.0, 2011-08-02 10:35:00, 0.0, None 
 46.94, -122.93, 60.0, 2011-08-02 10:37:30, 0.0, None 
 47.001999999999995, -123.023, 36.0, 2011-08-02 10:40:00, 0.0, None 
 47.005, -123.05, 34.5, 2011-08-02 10:42:30, 0.0, None 
 46.945, -123.18799999999999, 44.5, 2011-08-02 10:45:00, 0.0, None 
 47.0, -123.08, 33.0, 2011-08-02 10:47:30, 0.0, None 
 46.98, -123.24, 32.0, 2011-08-02 10:52:30, 0.0, None 
 46.205, -123.03, 28.5, 2011-08-02 11:02:30, 0.0, None 
 46.21, -123.32, 20.0, 2011-08-02 11:07:30, 0.0, None 
 46.19, -123.29, 20.0, 2011-08-02 11:10:00, 0.0, None 
 46.18, -123.225, 29.5, 2011-08-02 11:12:30, 0.0, None 
 46.975, -123.037, 33.5, 2011-08-02 11:15:00, 0.0, None 
 46.96, -123.145, 33.5, 2011-08-02 11:17:30, 0.0, None 
 46.18, -123.095, 60.0, 2011-08-02 11:17:30, 0.0, None 
 46.89, -123.11, 42.0, 2011-08-02 11:20:00, 0.0, None 
 46.98, -123.21, 25.0, 2011-08-02 11:22:30, 0.0, None 
 47.07, -122.83, 60.0, 2011-08-02 11:27:30, 0.0, None 
 46.81, -122.87, 50.0, 2011-08-02 11:30:00, 0.0, None 
 47.07, -123.11, 20.0, 2011-08-02 11:32:30, 0.0, None 
 46.965, -123.015, 32.0, 2011-08-02 11:35:00, 0.0, None 
 47.065, -122.935, 20.0, 2011-08-02 11:37:30, 0.0, None 
 47.05, -123.075, 25.2, 2011-08-02 11:40:00, 0.0, None 
 46.995, -123.115, 35.0, 2011-08-02 11:42:30, 0.0, None 
 47.04, -123.07, 22.0, 2011-08-02 11:45:00, 0.0, None 
 46.995, -123.088, 27.5, 2011-08-02 11:47:30, 0.0, None 
 47.0, -123.09299999999999, 27.5, 2011-08-02 11:50:00, 0.0, None 
 46.995, -122.83, 60.0, 2011-08-02 11:57:30, 0.0, None 
 46.99, -123.01, 35.0, 2011-08-02 12:05:00, 0.0, None 
 46.97, -122.96, 43.0, 2011-08-02 12:10:00, 0.0, None 
 47.095, -123.075, 41.0, 2011-08-02 12:12:30, 0.0, None 
 47.115, -122.87, 20.0, 2011-08-02 12:15:00, 0.0, None 
 46.12, -123.19, 20.0, 2011-08-02 12:30:00, 0.0, None 
 47.085, -123.055, 20.0, 2011-08-02 12:37:30, 0.0, None 
 47.085, -123.09, 20.0, 2011-08-02 12:40:00, 0.0, None 
 46.27, -123.12, 34.5, 2011-08-02 12:45:00, 0.0, None 
 46.2, -123.14, 20.0, 2011-08-02 12:47:30, 0.0, None 
 46.895, -122.93, 60.0, 2011-08-02 13:00:00, 0.0, None 
 46.99, -123.025, 38.0, 2011-08-02 13:02:30, 0.0, None 
 46.865, -123.225, 42.0, 2011-08-02 13:10:00, 0.0, None 
 47.1, -123.0, 20.0, 2011-08-02 13:12:30, 0.0, None 
 47.06, -123.12, 24.0, 2011-08-02 13:15:00, 0.0, None 
 47.14, -123.075, 20.0, 2011-08-02 13:30:00, 0.0, None 
 47.06, -123.0, 20.0, 2011-08-02 13:32:30, 0.0, None 
 46.81, -123.33, 60.0, 2011-08-02 13:45:00, 0.0, None 
 47.1, -123.075, 20.0, 2011-08-02 13:47:30, 0.0, None 
 46.27, -123.395, 20.0, 2011-08-02 13:50:00, 0.0, None 
 46.9, -123.115, 48.0, 2011-08-02 13:55:00, 0.0, None 
 46.43, -123.49, 44.0, 2011-08-02 13:55:00, 0.0, None 
 47.11, -123.09, 60.0, 2011-08-02 13:57:30, 0.0, None 
 46.84, -122.835, 60.0, 2011-08-02 13:57:30, 0.0, None 
 47.0, -123.18, 34.0, 2011-08-02 14:02:30, 0.0, None 
 47.04, -123.18, 25.0, 2011-08-02 14:05:00, 0.0, None 
 46.96, -123.195, 30.0, 2011-08-02 14:15:00, 0.0, None 
 46.847, -123.23200000000001, 46.5, 2011-08-02 14:27:30, 0.0, None 
 46.965, -123.195, 30.5, 2011-08-02 14:30:00, 0.0, None 
 46.978, -123.205, 32.5, 2011-08-02 14:32:30, 0.0, None 
 47.047, -123.088, 26.5, 2011-08-02 14:35:00, 0.0, None 
 46.97, -123.3, 29.0, 2011-08-02 14:37:30, 0.0, None 
 46.93, -123.088, 35.5, 2011-08-02 14:45:00, 0.0, None 
 47.04, -122.9, 20.0, 2011-08-02 14:47:30, 0.0, None 
 46.26, -122.99, 20.0, 2011-08-02 14:55:00, 0.0, None 
 46.9, -123.08, 54.0, 2011-08-02 15:05:00, 0.0, None 
 46.27, -123.09, 24.0, 2011-08-02 15:12:30, 0.0, None 
 46.24, -123.08200000000001, 46.5, 2011-08-02 15:15:00, 0.0, None 
 46.17, -123.1, 60.0, 2011-08-02 15:17:30, 0.0, None 
 46.9, -123.16, 20.0, 2011-08-02 15:20:00, 0.0, None 
 47.18, -123.01, 40.0, 2011-08-02 15:25:00, 0.0, None 
 46.205, -123.135, 20.0, 2011-08-02 15:27:30, 0.0, None 
 46.21, -123.175, 20.0, 2011-08-02 15:30:00, 0.0, None 
 46.09, -123.09, 20.0, 2011-08-02 15:32:30, 0.0, None 
 46.98, -123.0, 34.5, 2011-08-02 15:40:00, 0.0, None 
 46.93, -123.115, 47.5, 2011-08-02 15:45:00, 0.0, None 
 46.96, -123.15, 25.0, 2011-08-02 15:47:30, 0.0, None 
 46.85, -123.17, 37.0, 2011-08-02 16:25:00, 0.0, None 
 46.85, -123.16, 35.0, 2011-08-02 16:27:30, 0.0, None 
 46.36, -123.5, 20.0, 2011-08-02 16:27:30, 0.0, None 
 46.89, -122.9, 20.0, 2011-08-02 17:20:00, 0.0, None 
 47.05, -123.03, 40.0, 2011-08-02 18:07:30, 0.0, None 
 47.105, -123.04, 46.0, 2011-08-02 18:10:00, 0.0, None 
 46.21, -123.3, 25.0, 2011-08-02 18:42:30, 0.0, None 
 46.93, -122.98, 20.0, 2011-08-02 18:45:00, 0.0, None 
 47.01, -123.22, 38.0, 2011-08-02 18:47:30, 0.0, None 
 47.08, -123.14, 25.5, 2011-08-02 18:50:00, 0.0, None 
 46.998000000000005, -123.22, 41.5, 2011-08-02 18:52:30, 0.0, None 
 46.225, -122.99, 20.0, 2011-08-02 19:07:30, 0.0, None 
 46.39, -123.48, 20.0, 2011-08-02 20:32:30, 0.0, None 
 46.32, -123.21, 20.0, 2011-08-02 20:42:30, 0.0, None 
 46.83, -122.84, 20.0, 2011-08-02 21:00:00, 0.0, None 
 46.79, -123.34, 20.0, 2011-08-02 21:37:30, 0.0, None 
 46.5, -123.6, 20.0, 2011-08-02 21:37:30, 0.0, None 
 46.785, -123.36, 20.0, 2011-08-02 21:40:00, 0.0, None 
 47.08, -122.84, 29.0, 2011-08-02 22:10:00, 0.0, None 
 47.0, -123.3, 35.0, 2011-08-02 22:35:00, 0.0, None 
 46.965, -122.99, 38.5, 2011-08-02 22:37:30, 0.0, None 
 46.985, -123.012, 40.5, 2011-08-02 22:40:00, 0.0, None 
 46.22, -123.5, 45.0, 2011-08-02 22:40:00, 0.0, None 
 46.945, -123.2, 50.0, 2011-08-02 22:42:30, 0.0, None 
 46.91, -123.27, 45.0, 2011-08-02 22:47:30, 0.0, None 
 46.98, -123.215, 20.0, 2011-08-02 23:17:30, 0.0, None 
 46.2, -123.535, 26.0, 2011-08-02 23:32:30, 0.0, None 
 46.33, -122.91, 27.0, 2011-08-02 23:47:30, 0.0, None 
 46.31, -122.93, 39.0, 2011-08-02 23:50:00, 0.0, None 
 46.41, -123.48, 60.0, 2011-08-02 23:52:30, 0.0, None 
 46.98, -122.83, 36.0, 2011-08-02 23:55:00, 0.0, None 
 46.965, -123.3, 20.0, 2011-08-03 00:10:00, 0.0, None 
 47.07, -123.25, 20.0, 2011-08-03 00:12:30, 0.0, None 
 46.99, -123.12, 33.0, 2011-08-03 00:22:30, 0.0, None 
 46.87, -122.89, 60.0, 2011-08-03 00:25:00, 0.0, None 
 47.11, -122.99, 60.0, 2011-08-03 00:30:00, 0.0, None 
 47.045, -123.075, 40.0, 2011-08-03 00:32:30, 0.0, None 
 47.05, -123.1, 38.8, 2011-08-03 00:35:00, 0.0, None 
 46.87, -123.5, 20.0, 2011-08-03 00:37:30, 0.0, None 
 46.985, -123.19, 25.8, 2011-08-03 00:45:00, 0.0, None 
 46.96, -123.06, 20.0, 2011-08-03 00:47:30, 0.0, None 
 46.97, -123.12, 51.0, 2011-08-03 01:00:00, 0.0, None 
 47.05, -123.17, 38.0, 2011-08-03 01:35:00, 0.0, None 
 47.05, -123.04, 40.0, 2011-08-03 01:37:30, 0.0, None 
 47.038000000000004, -123.1, 20.0, 2011-08-03 01:40:00, 0.0, None 
 46.9, -123.31, 51.0, 2011-08-03 02:00:00, 0.0, None 
 47.0, -123.19, 42.0, 2011-08-03 02:07:30, 0.0, None 
 46.985, -123.13, 40.0, 2011-08-03 02:10:00, 0.0, None 
 47.06, -122.93, 20.0, 2011-08-03 02:12:30, 0.0, None 
 46.98, -123.03200000000001, 41.0, 2011-08-03 02:20:00, 0.0, None 
 47.07, -123.01, 26.0, 2011-08-03 02:22:30, 0.0, None 
 47.001999999999995, -122.84, 25.5, 2011-08-03 02:25:00, 0.0, None 
 47.038000000000004, -123.102, 20.0, 2011-08-03 02:27:30, 0.0, None 
 47.065, -123.095, 30.2, 2011-08-03 02:30:00, 0.0, None 
 47.1, -122.9, 20.0, 2011-08-03 02:32:30, 0.0, None 
 47.01, -123.14, 22.0, 2011-08-03 02:35:00, 0.0, None 
 47.035, -123.12700000000001, 32.2, 2011-08-03 02:37:30, 0.0, None 
 47.07, -122.99, 40.0, 2011-08-03 02:40:00, 0.0, None 
 47.015, -123.015, 31.5, 2011-08-03 02:42:30, 0.0, None 
 46.888000000000005, -123.22, 44.5, 2011-08-03 02:45:00, 0.0, None 
 47.17, -123.08, 60.0, 2011-08-03 02:52:30, 0.0, None 
 47.18, -123.115, 33.0, 2011-08-03 02:55:00, 0.0, None 
 47.108000000000004, -122.985, 23.0, 2011-08-03 03:05:00, 0.0, None 
 47.09, -122.928, 31.5, 2011-08-03 03:07:30, 0.0, None 
 47.0, -123.135, 55.5, 2011-08-03 03:12:30, 0.0, None 
 47.11, -123.085, 24.0, 2011-08-03 03:32:30, 0.0, None 
 47.095, -122.99, 23.0, 2011-08-03 03:35:00, 0.0, None 
 47.17, -122.99, 42.0, 2011-08-03 03:37:30, 0.0, None 
 47.1, -123.02, 60.0, 2011-08-03 03:40:00, 0.0, None 
 47.15, -123.08, 54.0, 2011-08-03 03:42:30, 0.0, None 
 47.13, -123.07, 36.0, 2011-08-03 03:45:00, 0.0, None 
 47.082, -123.17, 20.0, 2011-08-03 04:32:30, 0.0, None 
 47.08, -123.13, 26.0, 2011-08-03 04:35:00, 0.0, None 
 47.115, -123.12, 38.0, 2011-08-03 05:10:00, 0.0, None 
 47.078, -123.037, 42.0, 2011-08-03 05:12:30, 0.0, None 
 47.085, -123.15, 34.5, 2011-08-03 05:17:30, 0.0, None 
 47.12, -122.99, 42.5, 2011-08-03 05:20:00, 0.0, None 
 47.12, -122.955, 21.5, 2011-08-03 05:22:30, 0.0, None 
 47.09, -123.1, 20.0, 2011-08-03 05:25:00, 0.0, None 
 46.86, -123.2, 43.0, 2011-08-03 05:27:30, 0.0, None 
 47.1, -123.06, 28.0, 2011-08-03 05:30:00, 0.0, None 
 46.97, -122.98, 46.0, 2011-08-03 05:32:30, 0.0, None 
 47.085, -122.945, 25.0, 2011-08-03 05:35:00, 0.0, None 
 47.085, -123.05799999999999, 20.0, 2011-08-03 05:37:30, 0.0, None 
 47.08, -123.21, 20.0, 2011-08-03 06:15:00, 0.0, None 
 47.097, -122.96, 40.5, 2011-08-03 06:22:30, 0.0, None 
 47.02, -123.13, 49.5, 2011-08-03 06:25:00, 0.0, None 
 46.98, -123.07, 33.0, 2011-08-03 06:30:00, 0.0, None 
 47.11, -123.27, 32.0, 2011-08-03 06:32:30, 0.0, None 
 47.08, -123.07, 32.0, 2011-08-03 06:37:30, 0.0, None 
 46.92, -123.21, 60.0, 2011-08-03 06:40:00, 0.0, None 
 47.125, -123.09, 45.2, 2011-08-03 07:42:30, 0.0, None 
 47.13, -123.08, 29.0, 2011-08-03 07:45:00, 0.0, None 
 47.085, -123.073, 29.8, 2011-08-03 07:47:30, 0.0, None 
 47.08, -123.19, 29.0, 2011-08-03 07:50:00, 0.0, None 
 47.105, -123.08, 31.2, 2011-08-03 07:52:30, 0.0, None 
 47.117, -123.148, 25.0, 2011-08-03 07:55:00, 0.0, None 
 47.09, -123.19, 60.0, 2011-08-03 07:57:30, 0.0, None 
 47.095, -123.14, 21.0, 2011-08-03 08:00:00, 0.0, None 
 47.1, -123.125, 20.0, 2011-08-03 08:02:30, 0.0, None 
 46.98, -123.215, 35.0, 2011-08-03 08:05:00, 0.0, None 
 47.11, -123.135, 20.0, 2011-08-03 08:10:00, 0.0, None 
 46.92, -122.87, 40.0, 2011-08-03 08:17:30, 0.0, None 
 47.1, -123.13, 60.0, 2011-08-03 08:20:00, 0.0, None 
 47.09, -123.085, 22.0, 2011-08-03 08:25:00, 0.0, None 
 47.095, -122.905, 20.0, 2011-08-03 08:27:30, 0.0, None 
 47.09, -123.13, 30.0, 2011-08-03 08:30:00, 0.0, None 
 47.108000000000004, -123.115, 25.5, 2011-08-03 08:32:30, 0.0, None 
 47.117, -123.105, 24.2, 2011-08-03 08:35:00, 0.0, None 
 46.875, -122.9, 60.0, 2011-08-03 08:37:30, 0.0, None 
 47.12, -123.07, 29.0, 2011-08-03 08:37:30, 0.0, None 
 47.015, -123.075, 43.0, 2011-08-03 08:40:00, 0.0, None 
 47.065, -123.12, 27.0, 2011-08-03 08:42:30, 0.0, None 
 47.03, -123.12700000000001, 27.0, 2011-08-03 08:45:00, 0.0, None 
 46.95, -123.2, 50.0, 2011-08-03 08:52:30, 0.0, None 
 46.99, -123.132, 33.5, 2011-08-03 08:55:00, 0.0, None 
 47.03, -123.14, 60.0, 2011-08-03 08:57:30, 0.0, None 
 48.4, -124.57, 38.5, 2011-08-03 09:00:00, 0.0, None 
 47.08, -123.12, 20.0, 2011-08-03 09:00:00, 0.0, None 
 47.08, -123.1, 28.0, 2011-08-03 09:02:30, 0.0, None 
 48.42, -124.59, 39.0, 2011-08-03 09:12:30, 0.0, None 
 48.47, -124.51, 20.0, 2011-08-03 09:30:00, 0.0, None 
 47.02, -123.2, 28.0, 2011-08-03 09:40:00, 0.0, None 
 47.108000000000004, -123.03200000000001, 60.0, 2011-08-03 10:02:30, 0.0, None 
 47.09, -122.975, 27.5, 2011-08-03 10:05:00, 0.0, None 
 47.02, -123.19, 60.0, 2011-08-03 10:12:30, 0.0, None 
 47.19, -123.09, 32.0, 2011-08-03 10:42:30, 0.0, None 
 47.11, -123.12, 45.0, 2011-08-03 10:45:00, 0.0, None 
 47.09, -123.17, 20.0, 2011-08-03 12:02:30, 0.0, None 
 47.095, -122.93, 39.5, 2011-08-03 12:42:30, 0.0, None 
 47.1, -123.2, 25.0, 2011-08-03 12:47:30, 0.0, None 
 47.08, -123.27, 45.0, 2011-08-03 12:50:00, 0.0, None 
 47.1, -123.22, 27.0, 2011-08-03 12:52:30, 0.0, None 
 46.91, -123.3, 44.5, 2011-08-03 13:05:00, 0.0, None 
 47.07, -123.13, 60.0, 2011-08-03 13:07:30, 0.0, None 
 46.89, -123.26, 60.0, 2011-08-03 13:10:00, 0.0, None 
 47.03, -123.072, 26.0, 2011-08-03 13:12:30, 0.0, None 
 47.062, -123.022, 20.0, 2011-08-03 13:15:00, 0.0, None 
 47.03, -123.115, 40.0, 2011-08-03 13:20:00, 0.0, None 
 46.95, -123.055, 41.5, 2011-08-03 13:22:30, 0.0, None 
 47.03, -123.19, 60.0, 2011-08-03 13:30:00, 0.0, None 
 47.0, -123.075, 39.5, 2011-08-03 13:35:00, 0.0, None 
 47.11, -122.84, 20.0, 2011-08-03 13:37:30, 0.0, None 
 47.3, -123.0, 45.0, 2011-08-03 14:20:00, 0.0, None 
 46.89, -123.51, 26.0, 2011-08-03 15:17:30, 0.0, None 
 46.91, -123.49, 60.0, 2011-08-03 16:47:30, 0.0, None 
 46.92, -123.01, 30.0, 2011-08-03 23:22:30, 0.0, None 
 47.12, -123.01, 20.0, 2011-08-04 00:02:30, 0.0, None 
 47.095, -123.135, 20.0, 2011-08-04 01:22:30, 0.0, None 
 47.085, -123.16, 27.0, 2011-08-04 01:37:30, 0.0, None 
 47.23, -122.84, 41.0, 2011-08-04 01:37:30, 0.0, None 
 47.03, -123.18, 32.0, 2011-08-04 01:42:30, 0.0, None 
 47.1, -123.14, 20.0, 2011-08-04 01:50:00, 0.0, None 
 47.1, -123.1, 40.0, 2011-08-04 01:52:30, 0.0, None 
 47.09, -123.13, 41.0, 2011-08-04 01:55:00, 0.0, None 
 47.085, -123.1, 35.0, 2011-08-04 01:57:30, 0.0, None 
 47.085, -123.125, 31.8, 2011-08-04 02:00:00, 0.0, None 
 47.12, -123.07, 20.0, 2011-08-04 02:20:00, 0.0, None 
 47.035, -123.15, 27.0, 2011-08-04 02:22:30, 0.0, None 
 47.07, -123.01, 40.0, 2011-08-04 02:25:00, 0.0, None 
 47.095, -123.035, 20.0, 2011-08-04 02:27:30, 0.0, None 
 47.04, -123.14, 28.2, 2011-08-04 02:30:00, 0.0, None 
 47.1, -123.09, 31.0, 2011-08-04 02:32:30, 0.0, None 
 47.115, -123.03, 26.5, 2011-08-04 02:35:00, 0.0, None 
 47.08, -123.17, 28.0, 2011-08-04 02:40:00, 0.0, None 
 47.093, -123.037, 32.5, 2011-08-04 02:42:30, 0.0, None 
 47.095, -123.072, 30.5, 2011-08-04 02:45:00, 0.0, None 
 47.09, -123.11200000000001, 25.8, 2011-08-04 02:47:30, 0.0, None 
 47.013000000000005, -123.05799999999999, 36.2, 2011-08-04 02:50:00, 0.0, None 
 47.013000000000005, -123.035, 35.8, 2011-08-04 02:52:30, 0.0, None 
 47.065, -123.005, 35.2, 2011-08-04 02:55:00, 0.0, None 
 47.17, -123.04, 24.5, 2011-08-04 03:10:00, 0.0, None 
 47.03, -123.0, 54.5, 2011-08-04 03:25:00, 0.0, None 
 46.99, -122.97, 37.5, 2011-08-04 03:35:00, 0.0, None 
 47.02, -123.05, 25.5, 2011-08-04 03:40:00, 0.0, None 
 47.19, -122.91, 20.0, 2011-08-04 03:45:00, 0.0, None 
 47.21, -122.8, 51.0, 2011-08-04 04:35:00, 0.0, None 
 47.04, -123.12, 20.0, 2011-08-04 05:20:00, 0.0, None 
 46.87, -123.28, 35.0, 2011-08-04 05:22:30, 0.0, None 
 46.935, -123.185, 34.0, 2011-08-04 05:25:00, 0.0, None 
 46.97, -123.197, 34.0, 2011-08-04 05:27:30, 0.0, None 
 47.01, -123.175, 52.5, 2011-08-04 05:37:30, 0.0, None 
 47.19, -122.72, 36.0, 2011-08-04 05:37:30, 0.0, None 
 46.99, -122.975, 53.0, 2011-08-04 05:40:00, 0.0, None 
 47.24, -122.775, 52.5, 2011-08-04 05:57:30, 0.0, None 
 47.13, -122.8, 24.0, 2011-08-04 06:00:00, 0.0, None 
 47.24, -122.71, 30.0, 2011-08-04 06:02:30, 0.0, None 
 47.1, -123.13, 20.0, 2011-08-04 06:07:30, 0.0, None 
 47.25, -122.71, 49.0, 2011-08-04 06:07:30, 0.0, None 
 47.205, -122.795, 20.0, 2011-08-04 06:10:00, 0.0, None 
 47.085, -123.17, 40.0, 2011-08-04 06:17:30, 0.0, None 
 47.22, -122.79, 43.0, 2011-08-04 06:17:30, 0.0, None 
 47.17, -123.04, 40.0, 2011-08-04 06:20:00, 0.0, None 
 47.19, -122.83, 60.0, 2011-08-04 06:25:00, 0.0, None 
 47.19, -122.645, 39.0, 2011-08-04 06:30:00, 0.0, None 
 47.18, -122.91, 40.0, 2011-08-04 06:37:30, 0.0, None 
 47.27, -122.68, 60.0, 2011-08-04 06:57:30, 0.0, None 
 47.2, -122.62, 29.5, 2011-08-04 07:00:00, 0.0, None 
 47.21, -122.61, 20.0, 2011-08-04 07:02:30, 0.0, None 
 47.178000000000004, -122.62, 23.2, 2011-08-04 07:05:00, 0.0, None 
 46.88, -123.32, 20.0, 2011-08-04 07:15:00, 0.0, None 
 46.935, -123.238, 22.5, 2011-08-04 07:17:30, 0.0, None 
 47.19, -122.65, 48.0, 2011-08-04 07:22:30, 0.0, None 
 47.19, -122.85, 53.0, 2011-08-04 08:05:00, 0.0, None 
 47.18, -122.76, 20.0, 2011-08-04 08:42:30, 0.0, None 
 47.175, -122.59, 20.0, 2011-08-04 15:00:00, 0.0, None 
 46.93, -123.33, 20.0, 2011-08-04 15:22:30, 0.0, None 
 47.01, -123.12, 34.0, 2011-08-04 16:27:30, 0.0, None 
 47.105, -123.035, 30.5, 2011-08-04 16:40:00, 0.0, None 
 47.09, -123.09700000000001, 37.8, 2011-08-04 16:42:30, 0.0, None 
 47.16, -122.993, 45.5, 2011-08-04 16:55:00, 0.0, None 
 47.17, -122.78, 60.0, 2011-08-04 16:57:30, 0.0, None 
 47.11, -123.09, 20.0, 2011-08-04 17:00:00, 0.0, None 
 47.2, -122.62, 20.0, 2011-08-04 17:02:30, 0.0, None 
 47.22, -122.69, 30.0, 2011-08-04 17:20:00, 0.0, None 
 47.055, -123.072, 30.5, 2011-08-04 17:47:30, 0.0, None 
 46.99, -123.09, 49.0, 2011-08-04 17:50:00, 0.0, None 
 47.21, -122.76, 60.0, 2011-08-04 17:57:30, 0.0, None 
 47.16, -123.1, 21.5, 2011-08-04 18:02:30, 0.0, None 
 47.235, -122.7, 60.0, 2011-08-04 18:02:30, 0.0, None 
 47.12, -123.18, 20.0, 2011-08-04 18:05:00, 0.0, None 
 47.24, -122.765, 45.0, 2011-08-04 18:05:00, 0.0, None 
 47.23, -122.6, 22.0, 2011-08-04 21:10:00, 0.0, None 
 46.99, -123.07, 60.0, 2011-08-04 23:55:00, 0.0, None 
 47.2, -122.71, 49.0, 2011-08-05 00:00:00, 0.0, None 
 47.32, -122.91, 60.0, 2011-08-05 00:05:00, 0.0, None 
 47.22, -123.21, 20.0, 2011-08-05 00:35:00, 0.0, None 
 47.282, -122.81, 35.8, 2011-08-05 00:45:00, 0.0, None 
 47.29, -122.87, 31.5, 2011-08-05 00:47:30, 0.0, None 
 47.37, -122.68, 20.0, 2011-08-05 01:02:30, 0.0, None 
 47.37, -122.52, 31.0, 2011-08-05 01:05:00, 0.0, None 
 47.14, -122.805, 46.5, 2011-08-05 01:12:30, 0.0, None 
 47.278, -122.83, 25.0, 2011-08-05 01:15:00, 0.0, None 
 47.29, -122.87, 28.0, 2011-08-05 01:17:30, 0.0, None 
 47.28, -122.93, 60.0, 2011-08-05 01:22:30, 0.0, None 
 47.31, -122.68, 20.0, 2011-08-05 01:35:00, 0.0, None 
 47.28, -122.66, 29.0, 2011-08-05 01:37:30, 0.0, None 
 47.28, -122.82, 52.0, 2011-08-05 01:50:00, 0.0, None 
 47.215, -122.91, 35.0, 2011-08-05 01:52:30, 0.0, None 
 47.34, -123.03, 38.0, 2011-08-05 01:55:00, 0.0, None 
 47.3, -122.79, 20.0, 2011-08-05 02:22:30, 0.0, None 
 47.08, -123.11, 39.0, 2011-08-05 02:35:00, 0.0, None 
 47.093, -123.09299999999999, 34.8, 2011-08-05 02:37:30, 0.0, None 
 47.13, -122.935, 51.0, 2011-08-05 02:40:00, 0.0, None 
 47.14, -123.14, 46.0, 2011-08-05 02:50:00, 0.0, None 
 47.29, -122.995, 20.0, 2011-08-05 03:10:00, 0.0, None 
 47.29, -122.77, 20.0, 2011-08-05 03:12:30, 0.0, None 
 47.245, -122.72200000000001, 33.0, 2011-08-05 03:15:00, 0.0, None 
 47.215, -122.765, 42.2, 2011-08-05 03:17:30, 0.0, None 
 47.24, -122.825, 24.5, 2011-08-05 03:20:00, 0.0, None 
 47.19, -122.95, 60.0, 2011-08-05 03:55:00, 0.0, None 
 47.07, -123.02, 30.0, 2011-08-05 04:02:30, 0.0, None 
 47.28, -122.8, 20.0, 2011-08-05 04:05:00, 0.0, None 
 47.26, -122.677, 53.5, 2011-08-05 04:07:30, 0.0, None 
 47.273, -122.645, 40.0, 2011-08-05 04:10:00, 0.0, None 
 47.23, -122.81700000000001, 23.5, 2011-08-05 04:12:30, 0.0, None 
 47.225, -122.86, 53.5, 2011-08-05 04:15:00, 0.0, None 
 47.28, -122.88, 22.5, 2011-08-05 04:17:30, 0.0, None 
 47.163000000000004, -122.92, 20.2, 2011-08-05 04:20:00, 0.0, None 
 47.095, -122.805, 20.0, 2011-08-05 04:25:00, 0.0, None 
 47.07, -122.77, 43.0, 2011-08-05 04:27:30, 0.0, None 
 47.395, -122.77, 46.5, 2011-08-05 04:35:00, 0.0, None 
 47.12, -122.94, 36.0, 2011-08-05 04:42:30, 0.0, None 
 47.13, -122.852, 29.5, 2011-08-05 04:45:00, 0.0, None 
 47.215, -122.875, 20.0, 2011-08-05 04:50:00, 0.0, None 
 47.12, -122.97200000000001, 31.8, 2011-08-05 04:52:30, 0.0, None 
 47.18, -122.9, 40.0, 2011-08-05 04:55:00, 0.0, None 
 47.325, -122.58, 60.0, 2011-08-05 04:57:30, 0.0, None 
 47.308, -122.905, 58.0, 2011-08-05 05:00:00, 0.0, None 
 47.211999999999996, -122.9, 44.5, 2011-08-05 05:02:30, 0.0, None 
 47.16, -122.99, 40.0, 2011-08-05 05:07:30, 0.0, None 
 47.08, -123.06, 38.0, 2011-08-05 05:15:00, 0.0, None 
 47.24, -122.72, 60.0, 2011-08-05 05:17:30, 0.0, None 
 47.07, -123.1, 34.5, 2011-08-05 05:17:30, 0.0, None 
 46.95, -123.1, 60.0, 2011-08-05 05:22:30, 0.0, None 
 47.025, -123.0, 40.0, 2011-08-05 05:25:00, 0.0, None 
 47.025, -123.14, 27.5, 2011-08-05 05:27:30, 0.0, None 
 47.19, -123.02, 28.0, 2011-08-05 05:30:00, 0.0, None 
 47.08, -123.16, 28.5, 2011-08-05 05:32:30, 0.0, None 
 46.96, -123.33, 57.0, 2011-08-05 05:40:00, 0.0, None 
 46.995, -123.235, 33.5, 2011-08-05 05:42:30, 0.0, None 
 47.065, -123.055, 35.0, 2011-08-05 05:45:00, 0.0, None 
 47.016999999999996, -123.042, 32.5, 2011-08-05 05:47:30, 0.0, None 
 47.035, -123.04700000000001, 31.5, 2011-08-05 05:50:00, 0.0, None 
 47.117, -123.037, 30.5, 2011-08-05 05:52:30, 0.0, None 
 47.068000000000005, -123.01299999999999, 41.2, 2011-08-05 05:55:00, 0.0, None 
 47.2, -122.915, 20.0, 2011-08-05 06:05:00, 0.0, None 
 47.21, -122.83, 20.0, 2011-08-05 06:07:30, 0.0, None 
 47.19, -122.9, 46.0, 2011-08-05 06:12:30, 0.0, None 
 47.302, -122.78, 20.0, 2011-08-05 06:15:00, 0.0, None 
 47.31, -122.81700000000001, 24.0, 2011-08-05 06:17:30, 0.0, None 
 47.28, -122.675, 23.0, 2011-08-05 06:42:30, 0.0, None 
 47.06, -122.8, 34.0, 2011-08-05 06:45:00, 0.0, None 
 47.435, -122.775, 30.0, 2011-08-05 06:45:00, 0.0, None 
 46.885, -123.22, 60.0, 2011-08-05 06:47:30, 0.0, None 
 47.07, -122.72, 42.0, 2011-08-05 07:02:30, 0.0, None 
 47.06, -123.0, 30.0, 2011-08-05 07:05:00, 0.0, None 
 47.19, -122.9, 60.0, 2011-08-05 07:12:30, 0.0, None 
 47.14, -123.1, 60.0, 2011-08-05 07:15:00, 0.0, None 
 47.27, -123.01, 60.0, 2011-08-05 07:20:00, 0.0, None 
 47.32, -122.1, 50.0, 2011-08-05 07:25:00, 0.0, None 
 47.02, -123.21, 20.0, 2011-08-05 07:27:30, 0.0, None 
 47.265, -122.945, 60.0, 2011-08-05 07:35:00, 0.0, None 
 47.34, -122.667, 35.0, 2011-08-05 07:37:30, 0.0, None 
 47.305, -122.815, 47.0, 2011-08-05 07:40:00, 0.0, None 
 47.383, -122.78, 38.8, 2011-08-05 07:42:30, 0.0, None 
 47.41, -122.52, 35.0, 2011-08-05 07:45:00, 0.0, None 
 47.31, -122.96, 43.0, 2011-08-05 07:47:30, 0.0, None 
 47.31, -122.92, 44.5, 2011-08-05 07:50:00, 0.0, None 
 47.295, -122.725, 60.0, 2011-08-05 07:57:30, 0.0, None 
 47.35, -122.74, 24.0, 2011-08-05 08:00:00, 0.0, None 
 47.2, -123.04, 60.0, 2011-08-05 08:02:30, 0.0, None 
 47.228, -122.91, 20.0, 2011-08-05 08:05:00, 0.0, None 
 47.3, -122.885, 32.5, 2011-08-05 08:22:30, 0.0, None 
 47.282, -122.65, 40.0, 2011-08-05 08:25:00, 0.0, None 
 47.11, -123.023, 36.2, 2011-08-05 08:30:00, 0.0, None 
 47.33, -122.655, 36.0, 2011-08-05 08:35:00, 0.0, None 
 47.38, -122.61, 20.0, 2011-08-05 08:37:30, 0.0, None 
 47.172, -123.065, 23.5, 2011-08-05 08:40:00, 0.0, None 
 47.25, -122.885, 32.8, 2011-08-05 08:42:30, 0.0, None 
 47.4, -122.73, 20.0, 2011-08-05 08:45:00, 0.0, None 
 47.34, -122.53, 20.0, 2011-08-05 08:47:30, 0.0, None 
 47.31, -122.525, 46.0, 2011-08-05 08:50:00, 0.0, None 
 47.28, -122.67, 60.0, 2011-08-05 08:52:30, 0.0, None 
 47.37, -122.81, 20.0, 2011-08-05 08:55:00, 0.0, None 
 47.353, -122.685, 49.0, 2011-08-05 08:57:30, 0.0, None 
 47.343, -122.762, 40.8, 2011-08-05 09:00:00, 0.0, None 
 47.343, -122.705, 31.2, 2011-08-05 09:02:30, 0.0, None 
 47.33, -122.725, 20.0, 2011-08-05 09:05:00, 0.0, None 
 47.305, -122.75200000000001, 31.0, 2011-08-05 09:07:30, 0.0, None 
 47.28, -122.75, 33.5, 2011-08-05 09:10:00, 0.0, None 
 47.28, -122.555, 40.8, 2011-08-05 09:12:30, 0.0, None 
 47.29, -122.52, 20.5, 2011-08-05 09:15:00, 0.0, None 
 47.2, -122.54, 45.0, 2011-08-05 09:17:30, 0.0, None 
 47.2, -122.6, 45.0, 2011-08-05 09:25:00, 0.0, None 
 47.33, -122.488, 44.5, 2011-08-05 09:40:00, 0.0, None 
 47.34, -122.49, 31.0, 2011-08-05 09:42:30, 0.0, None 
 47.29, -122.445, 60.0, 2011-08-05 09:45:00, 0.0, None 
 47.335, -122.53, 25.5, 2011-08-05 09:47:30, 0.0, None 
 47.325, -122.55, 24.5, 2011-08-05 09:50:00, 0.0, None 
 47.36, -122.81, 39.0, 2011-08-05 09:57:30, 0.0, None 
 47.3, -122.735, 27.5, 2011-08-05 10:00:00, 0.0, None 
 47.31, -122.82, 39.0, 2011-08-05 10:02:30, 0.0, None 
 47.08, -123.375, 26.0, 2011-08-05 10:07:30, 0.0, None 
 47.21, -122.96, 27.0, 2011-08-05 10:17:30, 0.0, None 
 47.21, -122.97, 27.0, 2011-08-05 10:20:00, 0.0, None 
 47.3, -122.53, 50.0, 2011-08-05 10:20:00, 0.0, None 
 47.38, -122.66, 20.0, 2011-08-05 10:35:00, 0.0, None 
 47.32, -122.9, 60.0, 2011-08-05 10:37:30, 0.0, None 
 47.328, -122.84, 49.0, 2011-08-05 10:40:00, 0.0, None 
 47.355, -122.795, 40.5, 2011-08-05 10:57:30, 0.0, None 
 47.36, -122.53, 49.2, 2011-08-05 11:02:30, 0.0, None 
 47.42, -122.47, 46.0, 2011-08-05 11:05:00, 0.0, None 
 47.4, -122.52, 20.0, 2011-08-05 11:07:30, 0.0, None 
 47.38, -122.72, 40.0, 2011-08-05 11:10:00, 0.0, None 
 47.37, -122.55, 29.5, 2011-08-05 11:12:30, 0.0, None 
 47.39, -122.53, 37.0, 2011-08-05 11:15:00, 0.0, None 
 47.31, -122.1, 28.0, 2011-08-05 11:22:30, 0.0, None 
 47.29, -122.61, 20.0, 2011-08-05 11:27:30, 0.0, None 
 47.31, -122.84, 43.0, 2011-08-05 11:32:30, 0.0, None 
 47.28, -122.78, 50.0, 2011-08-05 11:35:00, 0.0, None 
 47.31, -122.85, 33.5, 2011-08-05 11:37:30, 0.0, None 
 47.1, -123.05, 40.0, 2011-08-05 11:37:30, 0.0, None 
 47.315, -122.78, 27.5, 2011-08-05 11:40:00, 0.0, None 
 47.345, -122.75, 25.5, 2011-08-05 11:42:30, 0.0, None 
 47.315, -122.73, 23.0, 2011-08-05 11:45:00, 0.0, None 
 47.287, -122.845, 20.2, 2011-08-05 11:47:30, 0.0, None 
 47.29, -122.84299999999999, 38.8, 2011-08-05 11:50:00, 0.0, None 
 47.23, -122.915, 20.0, 2011-08-05 11:52:30, 0.0, None 
 47.148, -123.04700000000001, 25.5, 2011-08-05 11:55:00, 0.0, None 
 47.3, -122.705, 40.0, 2011-08-05 11:57:30, 0.0, None 
 47.275, -122.9, 56.5, 2011-08-05 12:10:00, 0.0, None 
 47.3, -122.125, 55.5, 2011-08-05 12:12:30, 0.0, None 
 47.32, -122.555, 47.0, 2011-08-05 12:52:30, 0.0, None 
 47.27, -122.53, 43.0, 2011-08-05 12:55:00, 0.0, None 
 47.03, -122.7, 20.0, 2011-08-05 12:55:00, 0.0, None 
 47.27, -122.49, 60.0, 2011-08-05 12:57:30, 0.0, None 
 47.26, -122.75, 20.0, 2011-08-05 13:22:30, 0.0, None 
 47.38, -122.86, 43.0, 2011-08-05 13:25:00, 0.0, None 
 47.21, -122.95, 20.0, 2011-08-05 14:30:00, 0.0, None 
 47.2, -122.93, 20.0, 2011-08-05 14:32:30, 0.0, None 
 46.94, -123.19, 20.0, 2011-08-05 14:50:00, 0.0, None 
 47.28, -122.87, 56.0, 2011-08-05 14:55:00, 0.0, None 
 47.195, -122.69, 60.0, 2011-08-05 14:57:30, 0.0, None 
 47.29, -122.86, 20.0, 2011-08-05 15:22:30, 0.0, None 
 47.3, -122.83, 33.0, 2011-08-05 15:25:00, 0.0, None 
 47.33, -122.76, 32.0, 2011-08-05 15:27:30, 0.0, None 
 47.3, -122.81, 31.0, 2011-08-05 15:30:00, 0.0, None 
 47.235, -122.78, 25.0, 2011-08-05 15:32:30, 0.0, None 
 47.06, -123.17, 20.0, 2011-08-05 15:32:30, 0.0, None 
 47.17, -123.13, 60.0, 2011-08-05 15:55:00, 0.0, None 
 47.32, -122.81, 20.0, 2011-08-05 16:05:00, 0.0, None 
 47.3, -122.89, 30.0, 2011-08-05 16:10:00, 0.0, None 
 47.355, -122.882, 34.0, 2011-08-05 16:12:30, 0.0, None 
 47.285, -122.757, 20.0, 2011-08-05 16:15:00, 0.0, None 
 47.18, -122.87, 20.0, 2011-08-05 16:17:30, 0.0, None 
 46.99, -123.15, 20.0, 2011-08-05 18:07:30, 0.0, None 
 47.2, -122.94, 20.0, 2011-08-05 18:45:00, 0.0, None 
 47.135, -122.98, 27.0, 2011-08-05 18:47:30, 0.0, None 
 47.21, -122.92, 60.0, 2011-08-05 19:05:00, 0.0, None 
 47.03, -123.0, 30.0, 2011-08-05 19:22:30, 0.0, None 
 47.06, -123.0, 39.0, 2011-08-05 19:35:00, 0.0, None 
 47.11, -123.02, 20.0, 2011-08-05 19:47:30, 0.0, None 
 46.99, -123.18, 20.0, 2011-08-05 19:50:00, 0.0, None 
 47.185, -122.963, 20.2, 2011-08-05 19:52:30, 0.0, None 
 47.18, -123.0, 20.0, 2011-08-05 19:55:00, 0.0, None 
 47.22, -123.21, 20.0, 2011-08-05 20:10:00, 0.0, None 
 47.24, -122.7, 20.0, 2011-08-05 21:10:00, 0.0, None 
 47.095, -123.07, 20.0, 2011-08-05 21:40:00, 0.0, None 
 47.08, -123.0, 44.0, 2011-08-05 21:42:30, 0.0, None 
 47.06, -123.06, 40.0, 2011-08-05 21:45:00, 0.0, None 
 46.915, -123.26, 20.0, 2011-08-05 22:02:30, 0.0, None 
 47.102, -123.12, 20.0, 2011-08-05 22:07:30, 0.0, None 
 47.085, -123.125, 20.0, 2011-08-05 22:10:00, 0.0, None 
 46.965, -123.32, 20.0, 2011-08-05 22:30:00, 0.0, None 
 47.2, -122.4, 20.0, 2011-08-05 22:37:30, 0.0, None 
 47.275, -123.007, 31.5, 2011-08-05 22:42:30, 0.0, None 
 47.37, -122.75, 20.0, 2011-08-05 22:45:00, 0.0, None 
 46.98, -123.32, 20.0, 2011-08-05 22:47:30, 0.0, None 
 47.055, -123.09, 27.0, 2011-08-05 22:52:30, 0.0, None 
 47.11, -123.115, 29.0, 2011-08-05 22:55:00, 0.0, None 
 47.09, -122.98, 29.0, 2011-08-05 23:00:00, 0.0, None 
 47.16, -123.01, 30.0, 2011-08-05 23:02:30, 0.0, None 
 47.09, -123.165, 39.0, 2011-08-05 23:05:00, 0.0, None 
 47.29, -122.785, 40.5, 2011-08-05 23:05:00, 0.0, None 
 47.01, -123.28, 60.0, 2011-08-05 23:07:30, 0.0, None 
 47.06, -123.11, 32.5, 2011-08-05 23:12:30, 0.0, None 
 47.22, -122.6, 48.0, 2011-08-05 23:12:30, 0.0, None 
 47.125, -123.04, 24.5, 2011-08-05 23:15:00, 0.0, None 
 47.035, -123.115, 36.0, 2011-08-05 23:17:30, 0.0, None 
 47.0, -123.09, 39.5, 2011-08-05 23:20:00, 0.0, None 
 46.983000000000004, -123.12299999999999, 31.8, 2011-08-05 23:22:30, 0.0, None 
 47.1, -123.04, 43.0, 2011-08-05 23:45:00, 0.0, None 
 47.165, -122.76, 28.2, 2011-08-05 23:47:30, 0.0, None 
 47.04, -123.045, 41.0, 2011-08-05 23:50:00, 0.0, None 
 47.16, -122.92, 20.0, 2011-08-05 23:52:30, 0.0, None 
 47.2, -123.18, 52.0, 2011-08-06 00:45:00, 0.0, None 
 47.2, -122.88, 20.0, 2011-08-06 01:15:00, 0.0, None 
 47.32, -122.64, 60.0, 2011-08-06 01:17:30, 0.0, None 
 47.18, -123.115, 33.0, 2011-08-06 01:20:00, 0.0, None 
 47.18, -123.1, 20.0, 2011-08-06 01:22:30, 0.0, None 
 47.34, -122.61, 60.0, 2011-08-06 01:32:30, 0.0, None 
 47.23, -123.05, 51.0, 2011-08-06 01:32:30, 0.0, None 
 47.31, -122.62, 60.0, 2011-08-06 01:35:00, 0.0, None 
 47.16, -122.94, 40.0, 2011-08-06 01:42:30, 0.0, None 
 47.26, -123.17, 60.0, 2011-08-06 01:45:00, 0.0, None 
 47.22, -122.98, 60.0, 2011-08-06 02:07:30, 0.0, None 
 47.1, -123.2, 25.0, 2011-08-06 02:25:00, 0.0, None 
 47.09, -123.28, 37.0, 2011-08-06 02:47:30, 0.0, None 
 47.18, -123.06, 33.0, 2011-08-06 03:05:00, 0.0, None 
 47.225, -123.06, 30.0, 2011-08-06 03:07:30, 0.0, None 
 47.11, -123.3, 20.0, 2011-08-06 03:10:00, 0.0, None 
 47.1, -123.11, 41.0, 2011-08-06 03:15:00, 0.0, None 
 47.245, -123.04, 25.5, 2011-08-06 03:17:30, 0.0, None 
 47.255, -122.95700000000001, 20.0, 2011-08-06 03:20:00, 0.0, None 
 47.24, -122.8, 60.0, 2011-08-06 03:25:00, 0.0, None 
 47.175, -123.075, 36.0, 2011-08-06 03:27:30, 0.0, None 
 47.19, -122.94, 20.0, 2011-08-06 03:30:00, 0.0, None 
 47.12, -123.06, 20.0, 2011-08-06 03:32:30, 0.0, None 
 47.22, -122.965, 20.0, 2011-08-06 03:35:00, 0.0, None 
 47.1, -123.13, 33.0, 2011-08-06 03:37:30, 0.0, None 
 47.21, -122.88, 22.0, 2011-08-06 03:47:30, 0.0, None 
 47.22, -122.82, 40.0, 2011-08-06 04:00:00, 0.0, None 
 47.195, -122.99, 36.5, 2011-08-06 04:02:30, 0.0, None 
 47.155, -123.05799999999999, 40.2, 2011-08-06 04:05:00, 0.0, None 
 47.08, -123.42, 60.0, 2011-08-06 04:07:30, 0.0, None 
 47.2, -123.0, 20.0, 2011-08-06 04:07:30, 0.0, None 
 47.18, -123.07, 39.5, 2011-08-06 04:10:00, 0.0, None 
 47.25, -122.9, 55.0, 2011-08-06 04:15:00, 0.0, None 
 47.22, -122.945, 22.0, 2011-08-06 04:17:30, 0.0, None 
 47.225, -122.835, 25.0, 2011-08-06 04:20:00, 0.0, None 
 47.17, -123.11, 48.5, 2011-08-06 04:22:30, 0.0, None 
 47.21, -122.96, 46.0, 2011-08-06 04:25:00, 0.0, None 
 47.305, -122.9, 23.0, 2011-08-06 04:35:00, 0.0, None 
 47.302, -122.885, 20.5, 2011-08-06 04:37:30, 0.0, None 
 47.24, -123.16, 52.0, 2011-08-06 04:47:30, 0.0, None 
 47.24, -123.12, 50.0, 2011-08-06 04:50:00, 0.0, None 
 47.17, -123.24, 57.0, 2011-08-06 04:55:00, 0.0, None 
 47.235, -123.11, 25.0, 2011-08-06 05:00:00, 0.0, None 
 47.22, -123.03, 45.5, 2011-08-06 05:02:30, 0.0, None 
 47.305, -122.91, 47.5, 2011-08-06 05:10:00, 0.0, None 
 47.295, -122.8, 60.0, 2011-08-06 05:12:30, 0.0, None 
 47.39, -122.8, 21.5, 2011-08-06 05:15:00, 0.0, None 
 47.27, -122.67, 60.0, 2011-08-06 05:22:30, 0.0, None 
 47.38, -122.84, 23.0, 2011-08-06 05:25:00, 0.0, None 
 47.33, -122.75, 20.0, 2011-08-06 05:27:30, 0.0, None 
 47.26, -122.92200000000001, 40.2, 2011-08-06 05:30:00, 0.0, None 
 47.29, -123.01, 34.5, 2011-08-06 05:37:30, 0.0, None 
 47.26, -122.96, 28.2, 2011-08-06 05:40:00, 0.0, None 
 47.218, -123.102, 44.0, 2011-08-06 05:42:30, 0.0, None 
 47.25, -122.88799999999999, 22.5, 2011-08-06 05:45:00, 0.0, None 
 47.22, -122.87, 35.2, 2011-08-06 05:47:30, 0.0, None 
 47.22, -122.915, 58.5, 2011-08-06 05:50:00, 0.0, None 
 47.39, -122.84, 28.0, 2011-08-06 05:52:30, 0.0, None 
 47.305, -122.787, 20.0, 2011-08-06 05:55:00, 0.0, None 
 47.321999999999996, -122.743, 45.5, 2011-08-06 05:57:30, 0.0, None 
 47.266999999999996, -122.88, 20.0, 2011-08-06 06:00:00, 0.0, None 
 47.23, -122.9, 20.0, 2011-08-06 06:02:30, 0.0, None 
 47.29, -123.06, 45.0, 2011-08-06 06:05:00, 0.0, None 
 47.34, -122.83, 31.0, 2011-08-06 06:07:30, 0.0, None 
 47.3, -122.87, 36.0, 2011-08-06 06:10:00, 0.0, None 
 47.225, -123.05, 39.5, 2011-08-06 06:12:30, 0.0, None 
 47.39, -122.76, 20.0, 2011-08-06 06:12:30, 0.0, None 
 47.2, -122.95, 49.0, 2011-08-06 06:15:00, 0.0, None 
 47.235, -122.87, 33.0, 2011-08-06 06:17:30, 0.0, None 
 47.27, -122.925, 44.5, 2011-08-06 06:20:00, 0.0, None 
 47.305, -122.96, 46.0, 2011-08-06 06:22:30, 0.0, None 
 47.233000000000004, -123.06, 55.5, 2011-08-06 06:30:00, 0.0, None 
 46.99, -123.63, 20.0, 2011-08-06 06:42:30, 0.0, None 
 47.18, -123.1, 36.0, 2011-08-06 07:02:30, 0.0, None 
 47.19, -123.2, 43.5, 2011-08-06 07:32:30, 0.0, None 
 47.29, -123.13, 34.0, 2011-08-06 07:37:30, 0.0, None 
 47.28, -123.08, 35.0, 2011-08-06 07:40:00, 0.0, None 
 47.265, -122.945, 20.0, 2011-08-06 07:55:00, 0.0, None 
 47.27, -123.03, 60.0, 2011-08-06 07:57:30, 0.0, None 
 47.245, -123.01, 33.5, 2011-08-06 08:07:30, 0.0, None 
 47.265, -122.99799999999999, 32.5, 2011-08-06 08:10:00, 0.0, None 
 47.23, -123.075, 24.0, 2011-08-06 08:12:30, 0.0, None 
 47.22, -123.0, 20.0, 2011-08-06 08:17:30, 0.0, None 
 47.21, -123.06, 20.0, 2011-08-06 08:20:00, 0.0, None 
 47.22, -123.02, 28.0, 2011-08-06 08:32:30, 0.0, None 
 47.21, -123.025, 32.0, 2011-08-06 08:35:00, 0.0, None 
 47.29, -122.94, 20.0, 2011-08-06 08:40:00, 0.0, None 
 47.09, -123.31, 46.0, 2011-08-06 08:45:00, 0.0, None 
 47.39, -122.56, 60.0, 2011-08-06 08:55:00, 0.0, None 
 47.41, -122.57, 37.0, 2011-08-06 09:02:30, 0.0, None 
 47.4, -122.59, 47.0, 2011-08-06 09:05:00, 0.0, None 
 47.21, -123.035, 60.0, 2011-08-06 09:17:30, 0.0, None 
 47.27, -122.97, 20.0, 2011-08-06 09:20:00, 0.0, None 
 47.288000000000004, -122.917, 21.5, 2011-08-06 09:22:30, 0.0, None 
 47.31, -122.72, 20.0, 2011-08-06 09:25:00, 0.0, None 
 47.32, -122.74, 20.0, 2011-08-06 09:30:00, 0.0, None 
 47.22, -123.04, 30.0, 2011-08-06 09:30:00, 0.0, None 
 47.265, -122.99799999999999, 28.0, 2011-08-06 09:32:30, 0.0, None 
 47.23, -123.08, 31.0, 2011-08-06 09:35:00, 0.0, None 
 47.245, -122.975, 24.5, 2011-08-06 09:37:30, 0.0, None 
 47.07, -123.27, 60.0, 2011-08-06 09:52:30, 0.0, None 
 47.22, -122.89200000000001, 20.0, 2011-08-06 10:17:30, 0.0, None 
 47.222, -122.90299999999999, 20.0, 2011-08-06 10:20:00, 0.0, None 
 47.2, -122.87, 60.0, 2011-08-06 10:22:30, 0.0, None 
 47.225, -123.14, 34.5, 2011-08-06 10:25:00, 0.0, None 
 47.24, -122.97, 20.0, 2011-08-06 10:27:30, 0.0, None 
 47.24, -122.988, 38.8, 2011-08-06 10:30:00, 0.0, None 
 47.24, -122.97, 60.0, 2011-08-06 10:32:30, 0.0, None 
 47.218, -123.005, 20.0, 2011-08-06 10:35:00, 0.0, None 
 47.3, -122.8, 32.5, 2011-08-06 10:45:00, 0.0, None 
 47.308, -122.84, 22.8, 2011-08-06 10:47:30, 0.0, None 
 47.31, -122.91, 60.0, 2011-08-06 11:07:30, 0.0, None 
 47.23, -123.23, 60.0, 2011-08-06 11:10:00, 0.0, None 
 47.36, -122.7, 60.0, 2011-08-06 11:25:00, 0.0, None 
 47.215, -123.11, 20.0, 2011-08-06 11:32:30, 0.0, None 
 47.23, -123.105, 20.0, 2011-08-06 11:35:00, 0.0, None 
 47.35, -122.8, 27.5, 2011-08-06 11:35:00, 0.0, None 
 47.14, -123.23, 39.0, 2011-08-06 12:15:00, 0.0, None 
 47.26, -123.14, 51.8, 2011-08-06 12:45:00, 0.0, None 
 47.19, -123.17, 52.0, 2011-08-06 13:00:00, 0.0, None 
 47.18, -123.07, 58.0, 2011-08-06 13:02:30, 0.0, None 
 47.23, -123.0, 60.0, 2011-08-06 13:10:00, 0.0, None 
 47.21, -123.08, 20.0, 2011-08-06 13:12:30, 0.0, None 
 47.21, -123.18, 48.0, 2011-08-06 13:15:00, 0.0, None 
 47.1, -123.295, 20.0, 2011-08-06 13:20:00, 0.0, None 
 47.23, -122.98, 60.0, 2011-08-06 13:22:30, 0.0, None 
 47.32, -123.02, 60.0, 2011-08-06 13:27:30, 0.0, None 
 47.19, -123.09, 60.0, 2011-08-06 13:32:30, 0.0, None 
 47.11, -123.32, 20.0, 2011-08-06 13:35:00, 0.0, None 
 46.98, -123.62, 20.0, 2011-08-06 13:35:00, 0.0, None 
 47.19, -123.11, 20.0, 2011-08-06 13:37:30, 0.0, None 
 47.41, -122.965, 48.0, 2011-08-06 14:27:30, 0.0, None 
 47.35, -122.985, 45.0, 2011-08-06 14:30:00, 0.0, None 
 47.367, -122.775, 20.0, 2011-08-06 14:37:30, 0.0, None 
 47.39, -122.77, 20.0, 2011-08-06 14:40:00, 0.0, None 
 47.41, -122.675, 25.5, 2011-08-06 14:42:30, 0.0, None 
 47.32, -122.88, 20.0, 2011-08-06 14:52:30, 0.0, None 
 47.318000000000005, -122.927, 20.0, 2011-08-06 14:55:00, 0.0, None 
 47.255, -122.725, 60.0, 2011-08-06 14:57:30, 0.0, None 
 47.13, -123.12, 60.0, 2011-08-06 14:57:30, 0.0, None 
 47.31, -122.89, 39.0, 2011-08-06 15:05:00, 0.0, None 
 47.315, -122.917, 20.0, 2011-08-06 15:07:30, 0.0, None 
 47.35, -122.89, 20.0, 2011-08-06 15:10:00, 0.0, None 
 47.28, -123.1, 54.0, 2011-08-06 15:12:30, 0.0, None 
 47.19, -122.76, 60.0, 2011-08-06 15:17:30, 0.0, None 
 46.99, -123.56, 25.0, 2011-08-06 15:25:00, 0.0, None 
 47.295, -122.945, 20.0, 2011-08-06 15:30:00, 0.0, None 
 47.22, -122.92, 20.0, 2011-08-06 15:32:30, 0.0, None 
 47.28, -123.06, 53.0, 2011-08-06 15:55:00, 0.0, None 
 47.39, -123.0, 37.0, 2011-08-06 17:05:00, 0.0, None 
 47.37, -122.975, 20.0, 2011-08-06 17:07:30, 0.0, None 
 47.08, -123.4, 20.0, 2011-08-06 17:45:00, 0.0, None 
 47.36, -122.62, 60.0, 2011-08-06 17:55:00, 0.0, None 
 47.255, -122.99799999999999, 60.0, 2011-08-06 17:57:30, 0.0, None 
 47.21, -123.17, 51.0, 2011-08-06 18:00:00, 0.0, None 
 47.12, -123.035, 53.0, 2011-08-06 18:05:00, 0.0, None 
 47.22, -122.97, 20.0, 2011-08-06 18:07:30, 0.0, None 
 47.1, -123.28, 20.0, 2011-08-06 18:07:30, 0.0, None 
 47.21, -123.0, 20.0, 2011-08-06 18:10:00, 0.0, None 
 47.115, -123.28, 20.0, 2011-08-06 18:15:00, 0.0, None 
 47.06, -123.4, 20.0, 2011-08-06 18:30:00, 0.0, None 
 47.135, -123.18799999999999, 23.5, 2011-08-06 18:37:30, 0.0, None 
 47.19, -123.07, 23.0, 2011-08-06 18:40:00, 0.0, None 
 47.15, -123.12, 60.0, 2011-08-06 18:57:30, 0.0, None 
 47.31, -123.03, 60.0, 2011-08-06 19:00:00, 0.0, None 
 47.25, -123.12, 60.0, 2011-08-06 19:12:30, 0.0, None 
 47.33, -122.988, 25.2, 2011-08-06 19:20:00, 0.0, None 
 47.28, -123.02, 20.0, 2011-08-06 19:22:30, 0.0, None 
 47.3, -123.04, 60.0, 2011-08-06 19:30:00, 0.0, None 
 47.2, -123.19, 60.0, 2011-08-06 19:32:30, 0.0, None 
 47.2, -123.12, 20.0, 2011-08-06 19:35:00, 0.0, None 
 47.25, -122.94, 46.5, 2011-08-06 19:37:30, 0.0, None 
 47.14, -123.2, 40.0, 2011-08-06 19:40:00, 0.0, None 
 47.11, -123.3, 20.0, 2011-08-06 19:42:30, 0.0, None 
 47.22, -123.02, 20.0, 2011-08-06 19:47:30, 0.0, None 
 47.27, -122.92, 20.0, 2011-08-06 19:50:00, 0.0, None 
 47.22, -123.07, 32.5, 2011-08-06 19:52:30, 0.0, None 
 47.148, -123.132, 38.8, 2011-08-06 19:55:00, 0.0, None 
 47.22, -122.89, 20.0, 2011-08-06 20:00:00, 0.0, None 
 47.278, -122.92, 42.0, 2011-08-06 20:05:00, 0.0, None 
 47.123000000000005, -123.19, 53.0, 2011-08-06 20:07:30, 0.0, None 
 47.18, -123.07, 60.0, 2011-08-06 20:17:30, 0.0, None 
 47.2, -123.08, 26.0, 2011-08-06 20:22:30, 0.0, None 
 47.145, -123.25200000000001, 25.8, 2011-08-06 20:25:00, 0.0, None 
 47.17, -123.1, 40.0, 2011-08-06 20:40:00, 0.0, None 
 47.1, -123.35, 41.0, 2011-08-06 20:45:00, 0.0, None 
 47.21, -123.18, 25.0, 2011-08-06 20:50:00, 0.0, None 
 47.2, -123.115, 26.0, 2011-08-06 20:52:30, 0.0, None 
 47.18, -123.17, 52.0, 2011-08-06 20:55:00, 0.0, None 
 47.24, -122.985, 45.0, 2011-08-06 20:57:30, 0.0, None 
 47.207, -123.01700000000001, 31.2, 2011-08-06 21:00:00, 0.0, None 
 46.92, -121.71, 36.0, 2011-08-06 21:25:00, 0.0, None 
 47.41, -122.82, 47.0, 2011-08-06 21:47:30, 0.0, None 
 47.29, -122.88, 51.0, 2011-08-06 21:57:30, 0.0, None 
 47.308, -122.8, 20.0, 2011-08-06 22:00:00, 0.0, None 
 47.31, -122.77, 21.0, 2011-08-06 22:02:30, 0.0, None 
 47.32, -122.77, 30.0, 2011-08-06 22:05:00, 0.0, None 
 47.2, -123.18, 45.0, 2011-08-06 22:05:00, 0.0, None 
 47.275, -122.772, 24.2, 2011-08-06 22:07:30, 0.0, None 
 47.29, -122.79, 37.0, 2011-08-06 22:10:00, 0.0, None 
 47.32, -122.77, 20.0, 2011-08-06 22:12:30, 0.0, None 
 47.297, -122.89200000000001, 42.2, 2011-08-06 22:15:00, 0.0, None 
 47.27, -122.8, 26.5, 2011-08-06 22:17:30, 0.0, None 
 47.36, -122.81, 26.0, 2011-08-06 22:20:00, 0.0, None 
 47.34, -122.81, 22.0, 2011-08-06 22:22:30, 0.0, None 
 47.21, -123.06, 20.0, 2011-08-06 22:30:00, 0.0, None 
 47.32, -122.84, 39.0, 2011-08-06 22:40:00, 0.0, None 
 47.29, -122.94, 45.0, 2011-08-06 22:42:30, 0.0, None 
 47.28, -123.015, 42.0, 2011-08-06 22:45:00, 0.0, None 
 47.255, -122.81700000000001, 24.5, 2011-08-06 22:47:30, 0.0, None 
 47.285, -122.845, 20.0, 2011-08-06 22:50:00, 0.0, None 
 47.32, -122.895, 36.0, 2011-08-06 22:52:30, 0.0, None 
 47.27, -123.01, 42.0, 2011-08-06 22:55:00, 0.0, None 
 47.3, -122.71, 60.0, 2011-08-06 22:57:30, 0.0, None 
 47.29, -123.13, 48.0, 2011-08-06 23:00:00, 0.0, None 
 47.28, -122.835, 20.0, 2011-08-06 23:05:00, 0.0, None 
 47.31, -122.81, 20.0, 2011-08-06 23:07:30, 0.0, None 
 47.305, -122.845, 20.0, 2011-08-06 23:10:00, 0.0, None 
 47.315, -122.86, 20.0, 2011-08-06 23:12:30, 0.0, None 
 47.32, -122.86, 20.0, 2011-08-06 23:15:00, 0.0, None 
 47.236999999999995, -122.838, 30.0, 2011-08-06 23:37:30, 0.0, None 
 47.28, -122.87299999999999, 27.0, 2011-08-06 23:40:00, 0.0, None 
 47.245, -123.02, 26.0, 2011-08-06 23:42:30, 0.0, None 
 47.29, -122.905, 20.0, 2011-08-06 23:45:00, 0.0, None 
 47.325, -122.95, 32.0, 2011-08-06 23:47:30, 0.0, None 
 47.3, -122.86, 20.0, 2011-08-06 23:50:00, 0.0, None 
 47.338, -122.84, 25.2, 2011-08-06 23:52:30, 0.0, None 
 47.318000000000005, -122.838, 26.0, 2011-08-06 23:55:00, 0.0, None 
 47.4, -122.79, 32.0, 2011-08-07 00:00:00, 0.0, None 
 47.21, -123.055, 20.0, 2011-08-07 00:07:30, 0.0, None 
 47.33, -122.9, 60.0, 2011-08-07 00:12:30, 0.0, None 
 47.18, -123.155, 20.0, 2011-08-07 00:22:30, 0.0, None 
 47.21, -123.1, 20.0, 2011-08-07 00:25:00, 0.0, None 
 47.32, -122.81, 21.5, 2011-08-07 00:25:00, 0.0, None 
 47.37, -122.945, 23.0, 2011-08-07 00:27:30, 0.0, None 
 47.33, -122.96, 60.0, 2011-08-07 00:30:00, 0.0, None 
 47.08, -123.23, 27.0, 2011-08-07 00:37:30, 0.0, None 
 47.33, -122.88, 33.0, 2011-08-07 01:15:00, 0.0, None 
 47.29, -122.935, 60.0, 2011-08-07 01:17:30, 0.0, None 
 47.24, -123.07, 20.0, 2011-08-07 01:22:30, 0.0, None 
 47.266999999999996, -123.045, 20.0, 2011-08-07 01:25:00, 0.0, None 
 47.23, -123.08, 26.0, 2011-08-07 01:27:30, 0.0, None 
 47.33, -122.77, 47.0, 2011-08-07 02:02:30, 0.0, None 
 47.26, -123.14, 50.0, 2011-08-07 02:17:30, 0.0, None 
 47.38, -122.988, 20.0, 2011-08-07 02:20:00, 0.0, None 
 47.34, -122.96, 33.0, 2011-08-07 02:50:00, 0.0, None 
 47.29, -122.955, 27.2, 2011-08-07 02:52:30, 0.0, None 
 47.315, -122.84, 58.0, 2011-08-07 02:55:00, 0.0, None 
 47.33, -123.00200000000001, 39.0, 2011-08-07 03:02:30, 0.0, None 
 47.31, -123.0, 30.5, 2011-08-07 03:05:00, 0.0, None 
 47.31, -122.84700000000001, 22.5, 2011-08-07 03:07:30, 0.0, None 
 47.36, -122.75, 20.0, 2011-08-07 03:10:00, 0.0, None 
 47.37, -122.74, 20.0, 2011-08-07 03:12:30, 0.0, None 
 47.315, -122.8, 47.5, 2011-08-07 03:15:00, 0.0, None 
 47.39, -122.8, 35.0, 2011-08-07 03:17:30, 0.0, None 
 47.38, -122.7, 20.0, 2011-08-07 03:20:00, 0.0, None 
 47.32, -123.03, 60.0, 2011-08-07 03:22:30, 0.0, None 
 47.37, -122.86, 20.0, 2011-08-07 03:55:00, 0.0, None 
 47.37, -122.89, 42.2, 2011-08-07 04:05:00, 0.0, None 
 47.388000000000005, -122.80799999999999, 33.5, 2011-08-07 04:07:30, 0.0, None 
 47.34, -122.805, 41.0, 2011-08-07 04:22:30, 0.0, None 
 47.22, -122.9, 57.0, 2011-08-07 04:30:00, 0.0, None 
 47.4, -123.0, 44.0, 2011-08-07 04:52:30, 0.0, None 
 47.27, -122.94, 20.0, 2011-08-07 05:17:30, 0.0, None 
 47.48, -122.795, 55.0, 2011-08-07 05:45:00, 0.0, None 
 47.32, -122.743, 45.5, 2011-08-07 05:47:30, 0.0, None 
 47.435, -122.69, 33.5, 2011-08-07 05:50:00, 0.0, None 
 47.435, -122.68, 22.0, 2011-08-07 05:52:30, 0.0, None 
 47.14, -123.07, 60.0, 2011-08-07 06:10:00, 0.0, None 
 47.37, -122.68, 20.0, 2011-08-07 06:15:00, 0.0, None 
 47.36, -122.9, 60.0, 2011-08-07 06:17:30, 0.0, None 
 47.32, -122.795, 39.0, 2011-08-07 06:20:00, 0.0, None 
 47.32, -122.73, 29.0, 2011-08-07 06:22:30, 0.0, None 
 47.39, -122.765, 20.0, 2011-08-07 06:25:00, 0.0, None 
 47.395, -122.757, 20.0, 2011-08-07 06:27:30, 0.0, None 
 47.285, -122.945, 60.0, 2011-08-07 06:37:30, 0.0, None 
 47.31, -122.91, 60.0, 2011-08-07 06:40:00, 0.0, None 
 47.433, -122.76799999999999, 24.0, 2011-08-07 06:42:30, 0.0, None 
 47.25, -123.0, 32.0, 2011-08-07 06:45:00, 0.0, None 
 47.41, -122.865, 60.0, 2011-08-07 06:57:30, 0.0, None 
 47.295, -122.83, 23.0, 2011-08-07 07:00:00, 0.0, None 
 47.33, -122.895, 33.0, 2011-08-07 07:02:30, 0.0, None 
 47.21, -123.15, 20.0, 2011-08-07 07:07:30, 0.0, None 
 47.35, -122.8, 29.5, 2011-08-07 07:12:30, 0.0, None 
 47.42, -122.63, 37.0, 2011-08-07 07:15:00, 0.0, None 
 47.29, -123.02, 20.0, 2011-08-07 07:15:00, 0.0, None 
 47.3, -123.045, 26.0, 2011-08-07 07:17:30, 0.0, None 
 47.24, -122.96, 34.0, 2011-08-07 07:35:00, 0.0, None 
 47.295, -123.05, 60.0, 2011-08-07 08:35:00, 0.0, None 
 47.275, -122.88, 60.0, 2011-08-07 08:57:30, 0.0, None 
 47.21, -123.05, 20.0, 2011-08-07 09:15:00, 0.0, None 
 47.4, -122.75, 25.0, 2011-08-07 09:25:00, 0.0, None 
 47.41, -122.83, 20.0, 2011-08-07 09:40:00, 0.0, None 
 47.43, -122.83, 48.0, 2011-08-07 09:45:00, 0.0, None 
 47.415, -122.875, 30.0, 2011-08-07 09:47:30, 0.0, None 
 47.26, -123.0, 40.0, 2011-08-07 10:07:30, 0.0, None 
 47.29, -123.0, 20.0, 2011-08-07 10:10:00, 0.0, None 
 47.525, -122.995, 20.0, 2011-08-07 10:12:30, 0.0, None 
 47.2, -122.97, 20.0, 2011-08-07 10:22:30, 0.0, None 
 47.25, -123.0, 60.0, 2011-08-07 10:25:00, 0.0, None 
 47.29, -123.02799999999999, 20.0, 2011-08-07 10:27:30, 0.0, None 
 47.26, -122.995, 20.0, 2011-08-07 10:30:00, 0.0, None 
 47.305, -122.97, 20.0, 2011-08-07 10:32:30, 0.0, None 
 47.3, -122.98, 20.0, 2011-08-07 10:35:00, 0.0, None 
 47.31, -123.15, 40.0, 2011-08-07 10:40:00, 0.0, None 
 47.28, -122.98, 20.0, 2011-08-07 10:42:30, 0.0, None 
 47.28, -122.95, 20.0, 2011-08-07 10:45:00, 0.0, None 
 47.35, -122.87299999999999, 20.0, 2011-08-07 10:47:30, 0.0, None 
 47.315, -122.89, 20.0, 2011-08-07 10:50:00, 0.0, None 
 47.31, -122.89, 20.0, 2011-08-07 10:52:30, 0.0, None 
 47.28, -122.89, 20.0, 2011-08-07 10:55:00, 0.0, None 
 47.3, -122.96, 36.0, 2011-08-07 11:00:00, 0.0, None 
 47.35, -122.93, 40.0, 2011-08-07 11:02:30, 0.0, None 
 47.255, -122.895, 50.5, 2011-08-07 11:37:30, 0.0, None 
 47.258, -122.805, 20.0, 2011-08-07 11:47:30, 0.0, None 
 47.3, -122.83, 22.0, 2011-08-07 11:50:00, 0.0, None 
 47.32, -122.76, 20.0, 2011-08-07 11:52:30, 0.0, None 
 47.23, -123.02, 20.0, 2011-08-07 11:55:00, 0.0, None 
 47.38, -122.87, 20.0, 2011-08-07 12:00:00, 0.0, None 
 47.21, -122.7, 41.0, 2011-08-07 12:02:30, 0.0, None 
 47.365, -122.69, 33.5, 2011-08-07 12:10:00, 0.0, None 
 47.36, -122.74, 31.2, 2011-08-07 12:12:30, 0.0, None 
 47.39, -122.66, 27.0, 2011-08-07 12:15:00, 0.0, None 
 47.38, -122.685, 32.0, 2011-08-07 12:17:30, 0.0, None 
 47.41, -122.76, 39.5, 2011-08-07 12:25:00, 0.0, None 
 47.4, -122.9, 33.5, 2011-08-07 12:27:30, 0.0, None 
 47.37, -122.765, 38.0, 2011-08-07 12:30:00, 0.0, None 
 47.44, -122.795, 60.0, 2011-08-07 12:32:30, 0.0, None 
 47.22, -122.7, 60.0, 2011-08-07 12:35:00, 0.0, None 
 47.328, -122.81700000000001, 42.0, 2011-08-07 12:40:00, 0.0, None 
 47.38, -122.69, 20.0, 2011-08-07 12:42:30, 0.0, None 
 47.31, -122.78, 28.5, 2011-08-07 12:45:00, 0.0, None 
 47.36, -122.73, 40.0, 2011-08-07 12:47:30, 0.0, None 
 47.373000000000005, -122.81200000000001, 48.0, 2011-08-07 12:50:00, 0.0, None 
 47.355, -122.8, 47.0, 2011-08-07 12:52:30, 0.0, None 
 47.33, -122.86, 46.0, 2011-08-07 12:55:00, 0.0, None 
 47.45, -122.7, 31.5, 2011-08-07 13:07:30, 0.0, None 
 47.39, -122.795, 20.0, 2011-08-07 13:10:00, 0.0, None 
 47.255, -123.075, 20.0, 2011-08-07 13:20:00, 0.0, None 
 47.41, -122.64, 20.0, 2011-08-07 13:25:00, 0.0, None 
 47.3, -122.97, 20.0, 2011-08-07 13:25:00, 0.0, None 
 47.41, -122.72, 60.0, 2011-08-07 13:27:30, 0.0, None 
 47.405, -122.8, 20.0, 2011-08-07 13:32:30, 0.0, None 
 47.37, -122.75, 38.5, 2011-08-07 13:37:30, 0.0, None 
 47.355, -122.74, 40.0, 2011-08-07 13:40:00, 0.0, None 
 47.36, -122.7, 30.0, 2011-08-07 13:52:30, 0.0, None 
 47.27, -122.803, 50.0, 2011-08-07 13:57:30, 0.0, None 
 47.312, -122.775, 20.5, 2011-08-07 14:00:00, 0.0, None 
 47.373000000000005, -122.775, 35.2, 2011-08-07 14:02:30, 0.0, None 
 47.376999999999995, -122.81, 44.5, 2011-08-07 14:05:00, 0.0, None 
 47.29, -122.895, 45.0, 2011-08-07 14:07:30, 0.0, None 
 47.33, -122.71, 20.0, 2011-08-07 14:10:00, 0.0, None 
 47.391999999999996, -122.755, 25.8, 2011-08-07 14:22:30, 0.0, None 
 47.4, -122.8, 31.8, 2011-08-07 14:25:00, 0.0, None 
 47.428000000000004, -122.787, 60.0, 2011-08-07 14:27:30, 0.0, None 
 47.33, -122.81, 20.0, 2011-08-07 14:32:30, 0.0, None 
 47.3, -122.78, 20.0, 2011-08-07 14:35:00, 0.0, None 
 47.13, -123.13, 60.0, 2011-08-07 14:35:00, 0.0, None 
 47.297, -122.835, 32.2, 2011-08-07 14:37:30, 0.0, None 
 47.33, -122.885, 34.5, 2011-08-07 14:40:00, 0.0, None 
 47.33, -122.83, 26.2, 2011-08-07 14:42:30, 0.0, None 
 47.435, -122.82, 58.5, 2011-08-07 14:45:00, 0.0, None 
 47.35, -122.795, 20.0, 2011-08-07 14:47:30, 0.0, None 
 47.32, -122.81200000000001, 60.0, 2011-08-07 14:50:00, 0.0, None 
 47.141999999999996, -123.11, 47.0, 2011-08-07 14:52:30, 0.0, None 
 47.22, -123.02, 50.0, 2011-08-07 14:55:00, 0.0, None 
 47.295, -122.99, 60.0, 2011-08-07 14:57:30, 0.0, None 
 47.26, -123.135, 60.0, 2011-08-07 15:05:00, 0.0, None 
 47.295, -122.95, 20.0, 2011-08-07 15:07:30, 0.0, None 
 47.39, -122.785, 39.5, 2011-08-07 15:10:00, 0.0, None 
 47.31, -123.1, 46.0, 2011-08-07 15:10:00, 0.0, None 
 47.445, -122.69, 30.5, 2011-08-07 15:17:30, 0.0, None 
 47.47, -122.745, 29.0, 2011-08-07 15:20:00, 0.0, None 
 47.33, -122.9, 40.0, 2011-08-07 15:22:30, 0.0, None 
 47.56, -122.78, 29.0, 2011-08-07 15:22:30, 0.0, None 
 47.51, -122.72, 60.0, 2011-08-07 15:25:00, 0.0, None 
 47.405, -122.745, 33.0, 2011-08-07 15:27:30, 0.0, None 
 47.415, -122.76299999999999, 32.2, 2011-08-07 15:30:00, 0.0, None 
 47.365, -122.898, 24.0, 2011-08-07 15:32:30, 0.0, None 
 47.305, -122.885, 20.0, 2011-08-07 15:35:00, 0.0, None 
 47.297, -122.90299999999999, 25.5, 2011-08-07 15:37:30, 0.0, None 
 47.26, -123.07, 20.0, 2011-08-07 15:40:00, 0.0, None 
 47.273, -122.92200000000001, 24.5, 2011-08-07 15:42:30, 0.0, None 
 47.26, -122.81, 23.5, 2011-08-07 15:45:00, 0.0, None 
 47.275, -123.09, 60.0, 2011-08-07 15:50:00, 0.0, None 
 47.33, -122.88, 36.0, 2011-08-07 16:05:00, 0.0, None 
 47.28, -123.04, 60.0, 2011-08-07 16:07:30, 0.0, None 
 47.203, -123.135, 20.0, 2011-08-07 16:10:00, 0.0, None 
 47.22, -123.195, 20.0, 2011-08-07 16:25:00, 0.0, None 
 47.328, -122.838, 44.0, 2011-08-07 16:27:30, 0.0, None 
 47.26, -123.16, 20.0, 2011-08-07 16:32:30, 0.0, None 
 47.27, -122.7, 20.0, 2011-08-07 16:40:00, 0.0, None 
 47.285, -122.75200000000001, 22.8, 2011-08-07 16:42:30, 0.0, None 
 47.36, -123.01, 32.0, 2011-08-07 17:07:30, 0.0, None 
 47.16, -123.19, 38.5, 2011-08-07 17:22:30, 0.0, None 
 47.09, -123.27, 60.0, 2011-08-07 17:37:30, 0.0, None 
 47.32, -123.0, 32.0, 2011-08-07 17:57:30, 0.0, None 
 47.28, -123.08, 52.0, 2011-08-07 18:12:30, 0.0, None 
 47.22, -123.07, 20.0, 2011-08-07 18:15:00, 0.0, None 
 47.09, -123.28, 43.0, 2011-08-07 18:22:30, 0.0, None 
 47.31, -122.73, 20.0, 2011-08-07 18:25:00, 0.0, None 
 47.05, -123.29, 40.0, 2011-08-07 18:30:00, 0.0, None 
 47.39, -122.67, 20.0, 2011-08-07 18:35:00, 0.0, None 
 47.33, -122.885, 26.8, 2011-08-07 18:37:30, 0.0, None 
 47.213, -123.1, 53.5, 2011-08-07 18:45:00, 0.0, None 
 47.196999999999996, -123.132, 40.0, 2011-08-07 18:47:30, 0.0, None 
 47.22, -123.055, 21.5, 2011-08-07 18:52:30, 0.0, None 
 47.23, -122.98, 20.0, 2011-08-07 18:55:00, 0.0, None 
 47.29, -123.1, 60.0, 2011-08-07 18:57:30, 0.0, None 
 47.28, -123.04, 33.0, 2011-08-07 19:00:00, 0.0, None 
 47.31, -123.1, 45.5, 2011-08-07 19:02:30, 0.0, None 
 47.278, -123.15700000000001, 47.5, 2011-08-07 19:05:00, 0.0, None 
 47.09, -123.31, 20.0, 2011-08-07 19:10:00, 0.0, None 
 47.102, -123.31700000000001, 20.0, 2011-08-07 19:12:30, 0.0, None 
 47.165, -122.945, 60.0, 2011-08-07 19:45:00, 0.0, None 
 47.278, -122.95, 25.5, 2011-08-07 19:47:30, 0.0, None 
 47.235, -123.00200000000001, 25.2, 2011-08-07 19:50:00, 0.0, None 
 47.22, -123.0, 26.0, 2011-08-07 19:52:30, 0.0, None 
 47.21, -123.02, 20.0, 2011-08-07 19:55:00, 0.0, None 
 47.21, -122.985, 60.0, 2011-08-07 19:57:30, 0.0, None 
 47.37, -123.11, 30.0, 2011-08-07 20:00:00, 0.0, None 
 47.29, -123.095, 20.0, 2011-08-07 20:02:30, 0.0, None 
 47.31, -122.9, 20.0, 2011-08-07 20:05:00, 0.0, None 
 47.17, -122.92, 20.0, 2011-08-07 20:22:30, 0.0, None 
 47.24, -122.86, 20.0, 2011-08-07 20:30:00, 0.0, None 
 47.353, -123.03200000000001, 30.2, 2011-08-07 20:42:30, 0.0, None 
 47.4, -122.875, 20.0, 2011-08-07 20:45:00, 0.0, None 
 47.3, -122.89, 20.0, 2011-08-07 20:50:00, 0.0, None 
 47.3, -122.965, 22.2, 2011-08-07 20:52:30, 0.0, None 
 47.26, -122.912, 24.8, 2011-08-07 20:55:00, 0.0, None 
 47.24, -122.94, 60.0, 2011-08-07 20:57:30, 0.0, None 
 47.21, -122.8, 32.0, 2011-08-07 21:00:00, 0.0, None 
 47.07, -123.28, 60.0, 2011-08-07 21:02:30, 0.0, None 
 47.273, -122.84700000000001, 22.5, 2011-08-07 21:05:00, 0.0, None 
 47.272, -122.882, 25.0, 2011-08-07 21:07:30, 0.0, None 
 47.27, -122.98, 20.0, 2011-08-07 21:10:00, 0.0, None 
 47.335, -123.0, 32.0, 2011-08-07 21:15:00, 0.0, None 
 47.34, -123.1, 20.0, 2011-08-07 21:17:30, 0.0, None 
 47.25, -123.11, 46.8, 2011-08-07 21:30:00, 0.0, None 
 47.16, -123.1, 60.0, 2011-08-07 21:32:30, 0.0, None 
 47.48, -122.8, 49.0, 2011-08-07 21:47:30, 0.0, None 
 47.51, -122.78, 60.0, 2011-08-07 21:50:00, 0.0, None 
 47.35, -122.76, 20.0, 2011-08-07 22:40:00, 0.0, None 
 47.34, -123.042, 20.0, 2011-08-07 23:15:00, 0.0, None 
 47.31, -123.05799999999999, 24.0, 2011-08-07 23:17:30, 0.0, None 
 47.285, -123.015, 20.5, 2011-08-07 23:20:00, 0.0, None 
 47.295, -122.995, 49.0, 2011-08-07 23:22:30, 0.0, None 
 47.35, -123.25, 40.0, 2011-08-08 00:25:00, 0.0, None 
 47.3, -122.995, 20.0, 2011-08-08 00:42:30, 0.0, None 
 47.39, -122.852, 51.2, 2011-08-08 00:55:00, 0.0, None 
 47.347, -122.833, 25.8, 2011-08-08 00:57:30, 0.0, None 
 47.328, -122.882, 20.0, 2011-08-08 01:00:00, 0.0, None 
 47.325, -122.84, 20.0, 2011-08-08 01:02:30, 0.0, None 
 47.39, -122.92, 20.0, 2011-08-08 01:30:00, 0.0, None 
 47.39, -122.945, 20.0, 2011-08-08 01:32:30, 0.0, None 
 47.42, -122.855, 46.0, 2011-08-08 01:37:30, 0.0, None 
 47.54, -122.89, 31.0, 2011-08-08 01:40:00, 0.0, None 
 47.45, -122.9, 29.5, 2011-08-08 01:42:30, 0.0, None 
 47.58, -122.825, 41.0, 2011-08-08 01:45:00, 0.0, None 
 47.391999999999996, -122.705, 20.0, 2011-08-08 01:47:30, 0.0, None 
 47.38, -122.72, 28.0, 2011-08-08 01:50:00, 0.0, None 
 47.285, -123.105, 27.0, 2011-08-08 02:00:00, 0.0, None 
 47.385, -122.89, 40.5, 2011-08-08 02:02:30, 0.0, None 
 47.405, -122.71, 33.0, 2011-08-08 02:05:00, 0.0, None 
 47.425, -122.757, 23.5, 2011-08-08 02:07:30, 0.0, None 
 47.405, -122.83, 20.0, 2011-08-08 02:10:00, 0.0, None 
 47.34, -122.815, 31.0, 2011-08-08 02:12:30, 0.0, None 
 47.361999999999995, -123.03, 28.8, 2011-08-08 02:15:00, 0.0, None 
 47.35, -122.95299999999999, 31.8, 2011-08-08 02:17:30, 0.0, None 
 47.27, -123.165, 41.2, 2011-08-08 02:20:00, 0.0, None 
 47.335, -122.945, 33.2, 2011-08-08 02:22:30, 0.0, None 
 47.391999999999996, -123.01, 42.0, 2011-08-08 02:25:00, 0.0, None 
 47.395, -123.00200000000001, 29.0, 2011-08-08 02:27:30, 0.0, None 
 47.265, -122.9, 55.0, 2011-08-08 02:30:00, 0.0, None 
 47.345, -122.90299999999999, 40.0, 2011-08-08 02:32:30, 0.0, None 
 47.405, -122.838, 33.2, 2011-08-08 02:35:00, 0.0, None 
 47.32, -122.74, 23.0, 2011-08-08 02:37:30, 0.0, None 
 47.35, -122.81, 20.0, 2011-08-08 02:40:00, 0.0, None 
 47.37, -122.72, 20.0, 2011-08-08 02:42:30, 0.0, None 
 47.385, -122.765, 28.5, 2011-08-08 02:47:30, 0.0, None 
 47.2, -122.7, 20.0, 2011-08-08 03:32:30, 0.0, None 
 47.23, -123.065, 20.0, 2011-08-08 03:42:30, 0.0, None 
 47.2, -122.85, 60.0, 2011-08-08 03:52:30, 0.0, None 
 47.35, -122.84, 55.0, 2011-08-08 03:55:00, 0.0, None 
 47.27, -123.135, 60.0, 2011-08-08 03:57:30, 0.0, None 
 47.265, -122.76, 60.0, 2011-08-08 03:57:30, 0.0, None 
 47.25, -123.045, 27.8, 2011-08-08 04:00:00, 0.0, None 
 47.27, -123.20299999999999, 60.0, 2011-08-08 04:02:30, 0.0, None 
 47.245, -123.065, 20.0, 2011-08-08 04:05:00, 0.0, None 
 47.23, -123.07700000000001, 20.0, 2011-08-08 04:07:30, 0.0, None 
 47.218, -123.137, 27.8, 2011-08-08 04:10:00, 0.0, None 
 47.195, -123.23, 60.0, 2011-08-08 04:12:30, 0.0, None 
 47.31, -122.93, 20.0, 2011-08-08 04:15:00, 0.0, None 
 47.24, -123.07, 20.0, 2011-08-08 04:20:00, 0.0, None 
 47.29, -123.19, 60.0, 2011-08-08 04:22:30, 0.0, None 
 47.222, -123.12, 40.5, 2011-08-08 04:27:30, 0.0, None 
 47.3, -123.01, 20.0, 2011-08-08 04:30:00, 0.0, None 
 47.3, -123.0, 20.0, 2011-08-08 04:32:30, 0.0, None 
 47.3, -123.065, 20.0, 2011-08-08 04:35:00, 0.0, None 
 47.285, -122.993, 20.0, 2011-08-08 04:37:30, 0.0, None 
 47.222, -123.12700000000001, 39.2, 2011-08-08 04:40:00, 0.0, None 
 47.287, -123.045, 56.5, 2011-08-08 04:42:30, 0.0, None 
 47.3, -122.93, 20.0, 2011-08-08 04:45:00, 0.0, None 
 47.28, -123.05, 20.0, 2011-08-08 04:47:30, 0.0, None 
 47.305, -122.96, 20.0, 2011-08-08 04:50:00, 0.0, None 
 47.39, -122.975, 25.0, 2011-08-08 04:52:30, 0.0, None 
 47.272, -123.00200000000001, 30.2, 2011-08-08 04:55:00, 0.0, None 
 47.235, -123.035, 60.0, 2011-08-08 04:57:30, 0.0, None 
 47.3, -122.99, 21.0, 2011-08-08 05:00:00, 0.0, None 
 47.303000000000004, -122.95299999999999, 20.5, 2011-08-08 05:02:30, 0.0, None 
 47.285, -122.9, 20.0, 2011-08-08 05:05:00, 0.0, None 
 47.196999999999996, -123.09, 59.0, 2011-08-08 05:07:30, 0.0, None 
 47.265, -123.015, 20.0, 2011-08-08 05:10:00, 0.0, None 
 47.26, -122.963, 60.0, 2011-08-08 05:12:30, 0.0, None 
 47.205, -122.87, 51.8, 2011-08-08 05:15:00, 0.0, None 
 47.172, -122.895, 36.0, 2011-08-08 05:17:30, 0.0, None 
 47.36, -123.06, 20.5, 2011-08-08 05:20:00, 0.0, None 
 47.27, -122.92, 20.0, 2011-08-08 05:22:30, 0.0, None 
 47.205, -122.97, 20.0, 2011-08-08 05:25:00, 0.0, None 
 47.395, -122.852, 20.0, 2011-08-08 05:27:30, 0.0, None 
 47.435, -122.925, 20.0, 2011-08-08 05:30:00, 0.0, None 
 47.28, -123.08, 60.0, 2011-08-08 05:32:30, 0.0, None 
 47.475, -122.87, 20.0, 2011-08-08 05:37:30, 0.0, None 
 47.415, -122.863, 20.0, 2011-08-08 05:40:00, 0.0, None 
 47.4, -123.005, 31.5, 2011-08-08 05:42:30, 0.0, None 
 47.278, -123.09700000000001, 28.0, 2011-08-08 05:45:00, 0.0, None 
 47.203, -123.085, 32.0, 2011-08-08 05:50:00, 0.0, None 
 47.222, -123.083, 20.0, 2011-08-08 05:52:30, 0.0, None 
 47.25, -123.015, 44.5, 2011-08-08 05:55:00, 0.0, None 
 47.33, -122.82, 60.0, 2011-08-08 05:57:30, 0.0, None 
 47.335, -122.945, 29.0, 2011-08-08 06:00:00, 0.0, None 
 47.33, -123.0, 34.0, 2011-08-08 06:02:30, 0.0, None 
 47.215, -123.105, 60.0, 2011-08-08 06:05:00, 0.0, None 
 47.205, -123.06, 60.0, 2011-08-08 06:07:30, 0.0, None 
 47.2, -123.07, 60.0, 2011-08-08 06:10:00, 0.0, None 
 47.3, -122.99, 20.0, 2011-08-08 06:12:30, 0.0, None 
 47.3, -122.99, 20.0, 2011-08-08 06:15:00, 0.0, None 
 47.265, -123.11, 20.0, 2011-08-08 06:17:30, 0.0, None 
 47.325, -123.06, 30.5, 2011-08-08 06:20:00, 0.0, None 
 47.28, -123.095, 31.0, 2011-08-08 06:22:30, 0.0, None 
 47.19, -122.705, 60.0, 2011-08-08 06:25:00, 0.0, None 
 47.2, -123.12, 40.0, 2011-08-08 06:25:00, 0.0, None 
 47.17, -123.34, 60.0, 2011-08-08 06:27:30, 0.0, None 
 47.235, -123.19, 21.2, 2011-08-08 06:30:00, 0.0, None 
 47.26, -123.17, 20.0, 2011-08-08 06:32:30, 0.0, None 
 47.4, -122.86, 24.5, 2011-08-08 06:32:30, 0.0, None 
 47.23, -122.915, 20.0, 2011-08-08 06:50:00, 0.0, None 
 47.27, -123.0, 20.0, 2011-08-08 06:52:30, 0.0, None 
 47.27, -123.045, 20.0, 2011-08-08 06:55:00, 0.0, None 
 47.29, -123.055, 46.0, 2011-08-08 06:57:30, 0.0, None 
 47.28, -122.97, 30.0, 2011-08-08 07:00:00, 0.0, None 
 47.352, -123.11, 25.0, 2011-08-08 07:05:00, 0.0, None 
 47.18, -123.255, 45.0, 2011-08-08 07:15:00, 0.0, None 
 47.195, -123.09, 20.0, 2011-08-08 07:20:00, 0.0, None 
 47.2, -123.1, 20.0, 2011-08-08 07:22:30, 0.0, None 
 47.227, -123.04700000000001, 44.5, 2011-08-08 07:25:00, 0.0, None 
 47.4, -122.86, 20.0, 2011-08-08 07:30:00, 0.0, None 
 47.46, -122.83, 20.0, 2011-08-08 07:32:30, 0.0, None 
 47.35, -122.83, 20.0, 2011-08-08 07:35:00, 0.0, None 
 47.37, -122.85, 20.0, 2011-08-08 07:37:30, 0.0, None 
 47.273, -122.90700000000001, 20.0, 2011-08-08 07:45:00, 0.0, None 
 47.25, -123.255, 20.0, 2011-08-08 07:50:00, 0.0, None 
 47.455, -122.87, 40.0, 2011-08-08 07:52:30, 0.0, None 
 47.27, -123.18, 20.0, 2011-08-08 07:55:00, 0.0, None 
 47.31, -123.21, 20.0, 2011-08-08 08:00:00, 0.0, None 
 47.332, -123.06200000000001, 20.0, 2011-08-08 08:05:00, 0.0, None 
 47.31, -122.98700000000001, 20.0, 2011-08-08 08:07:30, 0.0, None 
 47.31, -122.99, 20.0, 2011-08-08 08:10:00, 0.0, None 
 47.3, -123.055, 20.0, 2011-08-08 08:12:30, 0.0, None 
 47.24, -123.26, 60.0, 2011-08-08 08:20:00, 0.0, None 
 47.295, -123.105, 31.0, 2011-08-08 08:30:00, 0.0, None 
 47.23, -123.2, 30.0, 2011-08-08 08:32:30, 0.0, None 
 47.203, -123.28, 20.0, 2011-08-08 08:35:00, 0.0, None 
 47.28, -123.20700000000001, 20.0, 2011-08-08 08:37:30, 0.0, None 
 47.29, -123.15, 20.0, 2011-08-08 08:40:00, 0.0, None 
 47.18, -122.885, 44.0, 2011-08-08 08:47:30, 0.0, None 
 47.266999999999996, -122.925, 25.8, 2011-08-08 08:50:00, 0.0, None 
 47.315, -123.23299999999999, 22.0, 2011-08-08 08:55:00, 0.0, None 
 47.315, -123.255, 41.5, 2011-08-08 08:57:30, 0.0, None 
 47.295, -123.09, 20.0, 2011-08-08 09:00:00, 0.0, None 
 47.29, -123.088, 20.0, 2011-08-08 09:02:30, 0.0, None 
 47.39, -122.95, 20.0, 2011-08-08 09:07:30, 0.0, None 
 47.45, -122.995, 35.5, 2011-08-08 09:10:00, 0.0, None 
 47.445, -122.995, 44.0, 2011-08-08 09:12:30, 0.0, None 
 47.41, -122.62, 20.0, 2011-08-08 09:15:00, 0.0, None 
 47.39, -123.02, 20.0, 2011-08-08 09:20:00, 0.0, None 
 47.44, -122.81, 20.0, 2011-08-08 09:27:30, 0.0, None 
 47.35, -122.9, 20.0, 2011-08-08 09:30:00, 0.0, None 
 47.28, -123.23, 20.0, 2011-08-08 09:32:30, 0.0, None 
 47.19, -122.85, 27.0, 2011-08-08 09:40:00, 0.0, None 
 47.297, -122.99, 20.0, 2011-08-08 09:42:30, 0.0, None 
 47.295, -123.035, 20.0, 2011-08-08 09:45:00, 0.0, None 
 47.28, -123.01700000000001, 20.5, 2011-08-08 09:47:30, 0.0, None 
 47.27, -123.005, 20.0, 2011-08-08 09:50:00, 0.0, None 
 47.33, -123.09, 28.0, 2011-08-08 09:55:00, 0.0, None 
 47.233000000000004, -123.225, 52.0, 2011-08-08 09:57:30, 0.0, None 
 47.25, -123.07, 20.0, 2011-08-08 10:00:00, 0.0, None 
 47.27, -123.08, 20.0, 2011-08-08 10:02:30, 0.0, None 
 47.273, -123.025, 20.0, 2011-08-08 10:05:00, 0.0, None 
 47.305, -122.99, 20.0, 2011-08-08 10:10:00, 0.0, None 
 47.275, -123.095, 31.0, 2011-08-08 10:12:30, 0.0, None 
 47.297, -123.07, 25.2, 2011-08-08 10:15:00, 0.0, None 
 47.35, -123.0, 40.0, 2011-08-08 10:20:00, 0.0, None 
 47.23, -123.3, 44.0, 2011-08-08 10:25:00, 0.0, None 
 47.245, -123.315, 55.0, 2011-08-08 10:27:30, 0.0, None 
 47.26, -123.39, 56.0, 2011-08-08 10:30:00, 0.0, None 
 47.31, -123.125, 20.0, 2011-08-08 10:32:30, 0.0, None 
 47.328, -123.132, 21.0, 2011-08-08 10:35:00, 0.0, None 
 47.3, -123.17, 40.2, 2011-08-08 10:37:30, 0.0, None 
 47.51, -122.86, 20.0, 2011-08-08 11:17:30, 0.0, None 
 47.48, -122.86, 20.0, 2011-08-08 11:27:30, 0.0, None 
 47.312, -122.96799999999999, 45.0, 2011-08-08 13:12:30, 0.0, None 
 47.22, -123.22, 34.0, 2011-08-08 13:20:00, 0.0, None 
 47.228, -122.993, 29.5, 2011-08-08 13:35:00, 0.0, None 
 47.27, -123.19, 33.0, 2011-08-08 13:40:00, 0.0, None 
 47.4, -122.78, 55.0, 2011-08-08 15:17:30, 0.0, None 
 47.395, -122.95299999999999, 57.0, 2011-08-08 18:47:30, 0.0, None 
 47.38, -123.01, 42.5, 2011-08-08 18:57:30, 0.0, None 
 47.18, -123.28, 60.0, 2011-08-08 19:05:00, 0.0, None 
 47.345, -123.04299999999999, 36.5, 2011-08-08 19:07:30, 0.0, None 
 47.293, -123.16, 20.0, 2011-08-08 19:10:00, 0.0, None 
 47.34, -122.9, 20.0, 2011-08-08 19:12:30, 0.0, None 
 47.37, -122.925, 20.0, 2011-08-08 19:15:00, 0.0, None 
 47.38, -122.94, 20.0, 2011-08-08 19:17:30, 0.0, None 
 47.21, -122.715, 40.5, 2011-08-08 19:20:00, 0.0, None 
 47.26, -122.87, 20.0, 2011-08-08 20:00:00, 0.0, None 
 47.19, -123.14, 20.0, 2011-08-08 21:00:00, 0.0, None 
 47.29, -123.23, 20.0, 2011-08-08 21:02:30, 0.0, None 
 47.23, -123.09, 20.0, 2011-08-08 21:20:00, 0.0, None 
 47.225, -123.115, 20.0, 2011-08-08 21:22:30, 0.0, None 
 47.225, -123.095, 20.0, 2011-08-08 21:25:00, 0.0, None 
 47.245, -123.1, 20.0, 2011-08-08 21:27:30, 0.0, None 
 47.28, -123.227, 37.8, 2011-08-08 21:30:00, 0.0, None 
 47.215, -123.37, 47.5, 2011-08-08 21:32:30, 0.0, None 
 47.2, -123.23, 47.2, 2011-08-08 21:35:00, 0.0, None 
 47.18, -123.06200000000001, 38.8, 2011-08-08 21:37:30, 0.0, None 
 47.22, -123.08, 20.0, 2011-08-08 21:40:00, 0.0, None 
 47.3, -122.993, 34.2, 2011-08-08 21:42:30, 0.0, None 
 47.245, -123.145, 28.8, 2011-08-08 21:45:00, 0.0, None 
 47.24, -123.185, 26.8, 2011-08-08 21:47:30, 0.0, None 
 47.24, -122.94, 20.0, 2011-08-08 21:52:30, 0.0, None 
 47.24, -122.98200000000001, 20.0, 2011-08-08 21:55:00, 0.0, None 
 47.13, -123.3, 20.0, 2011-08-08 22:02:30, 0.0, None 
 47.265, -122.87700000000001, 20.0, 2011-08-08 22:05:00, 0.0, None 
 47.22, -123.13, 20.0, 2011-08-08 22:07:30, 0.0, None 
 47.17, -123.07, 40.0, 2011-08-08 22:17:30, 0.0, None 
 47.33, -123.26, 20.0, 2011-08-08 22:20:00, 0.0, None 
 47.18, -123.2, 34.0, 2011-08-08 22:22:30, 0.0, None 
 47.32, -122.78, 60.0, 2011-08-08 22:32:30, 0.0, None 
 47.3, -123.25, 20.0, 2011-08-08 22:35:00, 0.0, None 
 47.11, -123.12, 60.0, 2011-08-08 22:40:00, 0.0, None 
 47.175, -123.295, 38.0, 2011-08-08 22:52:30, 0.0, None 
 47.19, -123.22, 33.0, 2011-08-08 22:55:00, 0.0, None 
 47.22, -122.91, 20.0, 2011-08-08 23:32:30, 0.0, None 
 47.22, -123.01, 20.0, 2011-08-09 00:42:30, 0.0, None 
 47.2, -122.98, 32.0, 2011-08-09 00:50:00, 0.0, None 
 47.2, -122.91, 32.0, 2011-08-09 00:52:30, 0.0, None 
 47.5, -122.71, 20.0, 2011-08-09 02:40:00, 0.0, None 
 47.19, -123.07, 20.0, 2011-08-09 03:00:00, 0.0, None 
 47.38, -122.89, 30.0, 2011-08-09 03:00:00, 0.0, None 
 47.42, -122.84, 26.0, 2011-08-09 03:05:00, 0.0, None 
 47.49, -122.91, 34.0, 2011-08-09 03:07:30, 0.0, None 
 47.43, -123.02, 60.0, 2011-08-09 03:12:30, 0.0, None 
 47.27, -123.08, 35.0, 2011-08-09 03:22:30, 0.0, None 
 47.56, -122.79, 28.0, 2011-08-09 03:32:30, 0.0, None 
 47.46, -122.86, 37.0, 2011-08-09 03:37:30, 0.0, None 
 47.49, -122.91, 20.0, 2011-08-09 03:40:00, 0.0, None 
 47.51, -122.87, 31.0, 2011-08-09 03:47:30, 0.0, None 
 47.42, -122.89, 60.0, 2011-08-09 03:57:30, 0.0, None 
 47.41, -122.85, 32.0, 2011-08-09 04:00:00, 0.0, None 
 47.3, -122.71, 60.0, 2011-08-09 04:02:30, 0.0, None 
 47.405, -123.105, 24.0, 2011-08-09 04:05:00, 0.0, None 
 47.43, -123.18, 20.0, 2011-08-09 04:10:00, 0.0, None 
 47.41, -122.93, 28.0, 2011-08-09 04:12:30, 0.0, None 
 47.38, -122.87, 20.0, 2011-08-09 04:17:30, 0.0, None 
 47.505, -122.757, 40.8, 2011-08-09 04:20:00, 0.0, None 
 47.457, -122.915, 54.0, 2011-08-09 04:22:30, 0.0, None 
 47.3, -122.6, 20.0, 2011-08-09 04:27:30, 0.0, None 
 47.36, -122.73200000000001, 20.0, 2011-08-09 04:30:00, 0.0, None 
 47.4, -122.69, 25.0, 2011-08-09 04:32:30, 0.0, None 
 47.38, -122.795, 20.0, 2011-08-09 04:35:00, 0.0, None 
 47.4, -122.94, 20.0, 2011-08-09 04:37:30, 0.0, None 
 47.39, -122.97, 20.0, 2011-08-09 04:40:00, 0.0, None 
 47.4, -122.915, 20.0, 2011-08-09 04:42:30, 0.0, None 
 47.27, -123.17, 50.0, 2011-08-09 04:47:30, 0.0, None 
 47.48, -122.91, 20.0, 2011-08-09 04:55:00, 0.0, None 
 47.49, -122.71, 20.0, 2011-08-09 04:57:30, 0.0, None 
 47.48, -122.83, 26.0, 2011-08-09 05:00:00, 0.0, None 
 47.47, -122.88, 20.0, 2011-08-09 05:02:30, 0.0, None 
 47.475, -122.81, 20.0, 2011-08-09 05:05:00, 0.0, None 
 47.483000000000004, -122.77, 60.0, 2011-08-09 05:07:30, 0.0, None 
 47.383, -122.93799999999999, 20.0, 2011-08-09 05:12:30, 0.0, None 
 47.32, -122.82, 20.0, 2011-08-09 05:15:00, 0.0, None 
 47.438, -122.852, 20.0, 2011-08-09 05:17:30, 0.0, None 
 47.355, -122.995, 21.2, 2011-08-09 05:37:30, 0.0, None 
 47.42, -123.01700000000001, 25.5, 2011-08-09 05:40:00, 0.0, None 
 47.435, -122.985, 32.8, 2011-08-09 05:42:30, 0.0, None 
 47.435, -122.895, 58.5, 2011-08-09 05:50:00, 0.0, None 
 47.475, -123.065, 34.2, 2011-08-09 05:52:30, 0.0, None 
 47.465, -123.023, 41.2, 2011-08-09 05:55:00, 0.0, None 
 47.31, -122.995, 60.0, 2011-08-09 05:57:30, 0.0, None 
 47.302, -122.875, 40.0, 2011-08-09 06:05:00, 0.0, None 
 47.32, -123.075, 23.0, 2011-08-09 06:07:30, 0.0, None 
 47.42, -123.195, 47.0, 2011-08-09 06:10:00, 0.0, None 
 47.375, -122.90700000000001, 24.0, 2011-08-09 06:12:30, 0.0, None 
 47.37, -122.895, 22.5, 2011-08-09 06:15:00, 0.0, None 
 47.35, -123.025, 51.0, 2011-08-09 06:17:30, 0.0, None 
 47.36, -122.93, 20.0, 2011-08-09 06:20:00, 0.0, None 
 47.32, -122.91, 20.0, 2011-08-09 06:22:30, 0.0, None 
 47.3, -122.92, 20.0, 2011-08-09 06:25:00, 0.0, None 
 47.33, -122.87299999999999, 20.0, 2011-08-09 06:27:30, 0.0, None 
 47.335, -122.89, 20.0, 2011-08-09 06:30:00, 0.0, None 
 47.32, -122.825, 20.0, 2011-08-09 06:35:00, 0.0, None 
 47.39, -122.96, 20.0, 2011-08-09 06:47:30, 0.0, None 
 47.4, -122.98, 20.0, 2011-08-09 06:52:30, 0.0, None 
 47.43, -123.15, 50.0, 2011-08-09 06:55:00, 0.0, None 
 47.33, -122.625, 60.0, 2011-08-09 06:57:30, 0.0, None 
 47.425, -122.84, 20.0, 2011-08-09 07:00:00, 0.0, None 
 47.41, -122.81, 20.0, 2011-08-09 07:02:30, 0.0, None 
 47.51, -122.895, 34.5, 2011-08-09 07:07:30, 0.0, None 
 47.433, -122.815, 50.2, 2011-08-09 07:10:00, 0.0, None 
 47.48, -122.815, 41.0, 2011-08-09 07:12:30, 0.0, None 
 47.47, -122.79, 35.0, 2011-08-09 07:15:00, 0.0, None 
 47.2, -123.06, 20.0, 2011-08-09 07:32:30, 0.0, None 
 47.415, -122.885, 25.0, 2011-08-09 08:17:30, 0.0, None 
 47.27, -122.63, 42.0, 2011-08-09 08:20:00, 0.0, None 
 47.375, -122.97, 20.0, 2011-08-09 08:25:00, 0.0, None 
 47.25, -123.12, 30.0, 2011-08-09 08:27:30, 0.0, None 
 47.51, -122.93, 34.0, 2011-08-09 08:35:00, 0.0, None 
 47.39, -122.83, 20.0, 2011-08-09 09:00:00, 0.0, None 
 47.49, -123.14, 44.0, 2011-08-09 09:22:30, 0.0, None 
 47.57, -122.74, 32.0, 2011-08-09 09:32:30, 0.0, None 
 47.37, -123.16, 60.0, 2011-08-09 09:52:30, 0.0, None 
 47.41, -123.17, 60.0, 2011-08-09 09:57:30, 0.0, None 
 47.33, -123.17, 52.0, 2011-08-09 10:00:00, 0.0, None 
 47.45, -123.088, 20.0, 2011-08-09 10:02:30, 0.0, None 
 47.465, -122.86, 30.0, 2011-08-09 10:05:00, 0.0, None 
 47.465, -122.86200000000001, 26.5, 2011-08-09 10:07:30, 0.0, None 
 47.41, -123.06, 20.0, 2011-08-09 10:12:30, 0.0, None 
 47.48, -123.0, 41.5, 2011-08-09 10:15:00, 0.0, None 
 47.415, -122.8, 20.0, 2011-08-09 10:17:30, 0.0, None 
 47.415, -122.85, 20.0, 2011-08-09 10:20:00, 0.0, None 
 47.27, -123.08, 60.0, 2011-08-09 10:27:30, 0.0, None 
 47.4, -122.77, 20.0, 2011-08-09 10:40:00, 0.0, None 
 47.32, -122.92, 20.0, 2011-08-09 10:42:30, 0.0, None 
 47.44, -123.02, 40.0, 2011-08-09 10:57:30, 0.0, None 
 47.32, -123.03, 40.0, 2011-08-09 11:05:00, 0.0, None 
 47.9, -123.1, 20.0, 2011-08-09 11:20:00, 0.0, None 
 47.42, -122.87700000000001, 36.5, 2011-08-09 11:37:30, 0.0, None 
 47.4, -122.81, 20.0, 2011-08-09 11:40:00, 0.0, None 
 47.38, -123.24, 49.0, 2011-08-09 12:55:00, 0.0, None 
 47.42, -123.06, 60.0, 2011-08-09 14:12:30, 0.0, None 
 47.41, -123.01, 20.0, 2011-08-09 16:00:00, 0.0, None 
 47.42, -122.71, 50.0, 2011-08-09 20:17:30, 0.0, None 
 47.56, -122.7, 30.0, 2011-08-09 21:32:30, 0.0, None 
 47.57, -122.695, 44.5, 2011-08-09 21:35:00, 0.0, None 
 47.42, -123.21, 52.0, 2011-08-09 22:22:30, 0.0, None 
 47.28, -122.92, 20.0, 2011-08-09 22:57:30, 0.0, None 
 47.34, -122.94, 60.0, 2011-08-09 23:12:30, 0.0, None 
 47.1, -123.19, 48.0, 2011-08-09 23:40:00, 0.0, None 
 47.5, -122.78, 34.0, 2011-08-09 23:47:30, 0.0, None 
 47.42, -122.92, 30.0, 2011-08-10 00:05:00, 0.0, None 
 47.54, -122.75, 27.0, 2011-08-10 00:07:30, 0.0, None 
 47.3, -122.83, 60.0, 2011-08-10 00:10:00, 0.0, None 
 47.67, -122.915, 43.0, 2011-08-10 00:12:30, 0.0, None 
 47.37, -123.16, 60.0, 2011-08-10 00:20:00, 0.0, None 
 46.4, -122.7, 24.0, 2011-08-10 00:30:00, 0.0, None 
 47.52, -122.8, 60.0, 2011-08-10 00:35:00, 0.0, None 
 47.53, -122.8, 29.0, 2011-08-10 00:37:30, 0.0, None 
 47.55, -123.21799999999999, 58.0, 2011-08-10 00:40:00, 0.0, None 
 47.38, -123.26, 48.0, 2011-08-10 00:45:00, 0.0, None 
 47.46, -123.3, 56.0, 2011-08-10 00:47:30, 0.0, None 
 47.385, -123.0, 25.5, 2011-08-10 00:55:00, 0.0, None 
 47.41, -122.99, 37.5, 2011-08-10 01:02:30, 0.0, None 
 47.425, -123.02, 39.0, 2011-08-10 01:05:00, 0.0, None 
 47.45, -122.79, 29.5, 2011-08-10 01:07:30, 0.0, None 
 47.42, -122.853, 20.0, 2011-08-10 01:10:00, 0.0, None 
 47.458, -122.87, 25.8, 2011-08-10 01:12:30, 0.0, None 
 47.5, -122.81, 20.0, 2011-08-10 01:15:00, 0.0, None 
 47.4, -122.9, 30.0, 2011-08-10 01:17:30, 0.0, None 
 47.42, -122.8, 37.0, 2011-08-10 01:20:00, 0.0, None 
 47.5, -122.57, 40.0, 2011-08-10 01:27:30, 0.0, None 
 47.33, -122.81, 33.0, 2011-08-10 01:30:00, 0.0, None 
 47.47, -122.9, 20.0, 2011-08-10 01:35:00, 0.0, None 
 47.38, -122.83, 60.0, 2011-08-10 01:37:30, 0.0, None 
 47.335, -122.815, 37.0, 2011-08-10 01:40:00, 0.0, None 
 47.43, -122.81, 20.0, 2011-08-10 01:45:00, 0.0, None 
 47.29, -123.08, 20.0, 2011-08-10 01:55:00, 0.0, None 
 47.57, -122.58, 27.0, 2011-08-10 02:07:30, 0.0, None 
 47.52, -122.835, 35.2, 2011-08-10 02:17:30, 0.0, None 
 47.53, -122.755, 28.5, 2011-08-10 02:20:00, 0.0, None 
 47.42, -122.98, 20.0, 2011-08-10 02:22:30, 0.0, None 
 47.35, -122.85, 20.0, 2011-08-10 02:25:00, 0.0, None 
 47.383, -122.98, 20.0, 2011-08-10 02:27:30, 0.0, None 
 47.442, -123.055, 54.5, 2011-08-10 02:30:00, 0.0, None 
 47.49, -122.99, 40.0, 2011-08-10 02:32:30, 0.0, None 
 47.59, -122.83, 20.0, 2011-08-10 02:42:30, 0.0, None 
 47.49, -122.73, 30.0, 2011-08-10 02:52:30, 0.0, None 
 47.51, -122.74, 26.0, 2011-08-10 02:55:00, 0.0, None 
 47.49, -123.01, 49.0, 2011-08-10 03:07:30, 0.0, None 
 47.48, -122.74, 35.0, 2011-08-10 03:15:00, 0.0, None 
 47.22, -123.0, 33.0, 2011-08-10 03:20:00, 0.0, None 
 47.64, -122.84, 25.5, 2011-08-10 03:30:00, 0.0, None 
 47.61, -122.78, 43.0, 2011-08-10 03:32:30, 0.0, None 
 47.52, -122.77, 24.5, 2011-08-10 03:35:00, 0.0, None 
 47.62, -123.2, 60.0, 2011-08-10 03:35:00, 0.0, None 
 47.52, -122.74, 23.0, 2011-08-10 03:37:30, 0.0, None 
 47.49, -122.775, 35.0, 2011-08-10 03:40:00, 0.0, None 
 47.3, -122.85, 43.5, 2011-08-10 03:42:30, 0.0, None 
 47.43, -122.79, 20.0, 2011-08-10 03:45:00, 0.0, None 
 47.31, -122.99, 51.0, 2011-08-10 03:47:30, 0.0, None 
 47.58, -122.65, 29.0, 2011-08-10 03:52:30, 0.0, None 
 47.51, -122.78, 29.0, 2011-08-10 03:55:00, 0.0, None 
 47.52, -122.88, 38.5, 2011-08-10 03:57:30, 0.0, None 
 47.55, -122.63, 28.0, 2011-08-10 04:00:00, 0.0, None 
 47.59, -122.72, 31.0, 2011-08-10 04:02:30, 0.0, None 
 47.555, -122.73, 26.5, 2011-08-10 04:05:00, 0.0, None 
 47.58, -122.765, 27.5, 2011-08-10 04:07:30, 0.0, None 
 47.47, -123.02, 29.5, 2011-08-10 04:20:00, 0.0, None 
 47.56, -122.705, 33.5, 2011-08-10 04:27:30, 0.0, None 
 47.48, -122.78, 31.0, 2011-08-10 04:30:00, 0.0, None 
 47.5, -122.845, 20.0, 2011-08-10 04:32:30, 0.0, None 
 47.45, -122.89, 20.0, 2011-08-10 04:35:00, 0.0, None 
 47.335, -123.18, 60.0, 2011-08-10 04:42:30, 0.0, None 
 47.403, -123.02, 58.0, 2011-08-10 04:45:00, 0.0, None 
 47.31, -123.04, 34.0, 2011-08-10 04:50:00, 0.0, None 
 47.365, -123.10799999999999, 60.0, 2011-08-10 04:57:30, 0.0, None 
 47.57, -122.8, 33.5, 2011-08-10 05:00:00, 0.0, None 
 47.562, -122.835, 34.0, 2011-08-10 05:02:30, 0.0, None 
 47.49, -122.735, 38.0, 2011-08-10 05:05:00, 0.0, None 
 47.59, -122.84, 34.0, 2011-08-10 05:07:30, 0.0, None 
 47.55, -122.975, 60.0, 2011-08-10 05:10:00, 0.0, None 
 47.5, -122.6, 20.0, 2011-08-10 05:15:00, 0.0, None 
 47.4, -122.825, 33.0, 2011-08-10 05:17:30, 0.0, None 
 47.515, -122.655, 24.8, 2011-08-10 05:25:00, 0.0, None 
 47.485, -122.82, 30.5, 2011-08-10 05:27:30, 0.0, None 
 47.5, -122.69200000000001, 20.0, 2011-08-10 05:30:00, 0.0, None 
 47.55, -122.96, 35.0, 2011-08-10 05:32:30, 0.0, None 
 47.626999999999995, -122.82799999999999, 28.2, 2011-08-10 05:35:00, 0.0, None 
 47.608000000000004, -122.81, 24.5, 2011-08-10 05:37:30, 0.0, None 
 47.57, -122.81, 30.0, 2011-08-10 05:40:00, 0.0, None 
 47.585, -122.78200000000001, 24.5, 2011-08-10 05:42:30, 0.0, None 
 47.585, -122.803, 31.0, 2011-08-10 05:45:00, 0.0, None 
 47.498000000000005, -122.905, 34.2, 2011-08-10 05:47:30, 0.0, None 
 47.61, -122.74, 34.0, 2011-08-10 05:50:00, 0.0, None 
 47.48, -122.96, 60.0, 2011-08-10 05:57:30, 0.0, None 
 47.5, -122.76, 60.0, 2011-08-10 06:00:00, 0.0, None 
 47.59, -122.965, 60.0, 2011-08-10 06:07:30, 0.0, None 
 47.595, -122.815, 24.5, 2011-08-10 06:10:00, 0.0, None 
 47.54, -123.07, 54.0, 2011-08-10 06:15:00, 0.0, None 
 47.565, -122.84, 46.0, 2011-08-10 06:17:30, 0.0, None 
 47.52, -122.585, 60.0, 2011-08-10 06:22:30, 0.0, None 
 47.5, -122.56, 60.0, 2011-08-10 06:25:00, 0.0, None 
 47.58, -122.8, 60.0, 2011-08-10 06:27:30, 0.0, None 
 47.6, -122.87, 37.5, 2011-08-10 06:45:00, 0.0, None 
 47.615, -122.86, 34.5, 2011-08-10 06:47:30, 0.0, None 
 47.605, -122.803, 35.0, 2011-08-10 06:50:00, 0.0, None 
 47.53, -122.75, 29.0, 2011-08-10 06:52:30, 0.0, None 
 47.7, -123.24, 60.0, 2011-08-10 06:52:30, 0.0, None 
 47.54, -122.81, 31.0, 2011-08-10 06:55:00, 0.0, None 
 47.695, -123.21, 60.0, 2011-08-10 06:55:00, 0.0, None 
 47.653, -122.795, 48.0, 2011-08-10 06:57:30, 0.0, None 
 47.605, -122.72, 27.0, 2011-08-10 07:00:00, 0.0, None 
 47.58, -122.73, 22.5, 2011-08-10 07:02:30, 0.0, None 
 47.532, -122.605, 22.0, 2011-08-10 07:05:00, 0.0, None 
 47.445, -122.81, 49.5, 2011-08-10 07:20:00, 0.0, None 
 47.665, -122.88, 60.0, 2011-08-10 07:22:30, 0.0, None 
 47.63, -122.765, 33.5, 2011-08-10 07:25:00, 0.0, None 
 47.66, -122.83, 53.0, 2011-08-10 07:27:30, 0.0, None 
 47.47, -123.15, 60.0, 2011-08-10 07:30:00, 0.0, None 
 47.52, -122.63, 48.0, 2011-08-10 07:32:30, 0.0, None 
 47.733000000000004, -122.91, 52.0, 2011-08-10 07:37:30, 0.0, None 
 47.595, -122.697, 54.5, 2011-08-10 07:40:00, 0.0, None 
 47.5, -122.83, 51.5, 2011-08-10 07:47:30, 0.0, None 
 47.58, -122.87, 44.5, 2011-08-10 07:50:00, 0.0, None 
 47.58, -122.7, 36.0, 2011-08-10 07:52:30, 0.0, None 
 47.56, -122.76, 52.5, 2011-08-10 07:55:00, 0.0, None 
 47.54, -122.845, 26.8, 2011-08-10 08:10:00, 0.0, None 
 47.57, -122.905, 30.0, 2011-08-10 08:12:30, 0.0, None 
 47.38, -123.08, 60.0, 2011-08-10 08:20:00, 0.0, None 
 47.32, -123.19, 20.0, 2011-08-10 08:22:30, 0.0, None 
 47.41, -123.39, 60.0, 2011-08-10 08:32:30, 0.0, None 
 47.61, -122.675, 44.0, 2011-08-10 08:35:00, 0.0, None 
 47.7, -122.64, 23.0, 2011-08-10 08:37:30, 0.0, None 
 47.4, -122.85, 60.0, 2011-08-10 08:37:30, 0.0, None 
 47.56, -122.79, 28.5, 2011-08-10 08:40:00, 0.0, None 
 47.578, -122.82, 34.5, 2011-08-10 08:42:30, 0.0, None 
 47.57, -122.755, 28.5, 2011-08-10 08:45:00, 0.0, None 
 47.57, -122.86, 24.5, 2011-08-10 08:47:30, 0.0, None 
 47.6, -122.7, 35.0, 2011-08-10 08:50:00, 0.0, None 
 47.34, -122.81, 55.0, 2011-08-10 08:52:30, 0.0, None 
 47.486999999999995, -122.915, 35.0, 2011-08-10 09:05:00, 0.0, None 
 47.49, -122.89200000000001, 41.2, 2011-08-10 09:07:30, 0.0, None 
 47.46, -123.13, 37.0, 2011-08-10 09:10:00, 0.0, None 
 47.5, -122.85, 35.0, 2011-08-10 09:12:30, 0.0, None 
 47.567, -122.958, 32.2, 2011-08-10 09:20:00, 0.0, None 
 47.51, -122.945, 55.0, 2011-08-10 09:22:30, 0.0, None 
 47.63, -122.88, 38.0, 2011-08-10 09:25:00, 0.0, None 
 47.53, -122.87299999999999, 24.5, 2011-08-10 09:27:30, 0.0, None 
 47.585, -122.99799999999999, 39.0, 2011-08-10 09:30:00, 0.0, None 
 47.57, -122.815, 43.8, 2011-08-10 09:32:30, 0.0, None 
 47.505, -122.765, 42.5, 2011-08-10 09:35:00, 0.0, None 
 47.36, -123.18, 40.0, 2011-08-10 09:37:30, 0.0, None 
 47.425, -123.25, 60.0, 2011-08-10 09:40:00, 0.0, None 
 47.68, -122.695, 26.5, 2011-08-10 09:42:30, 0.0, None 
 47.46, -122.89, 45.0, 2011-08-10 09:47:30, 0.0, None 
 47.26, -123.06, 20.0, 2011-08-10 09:50:00, 0.0, None 
 47.27, -123.06, 20.0, 2011-08-10 09:52:30, 0.0, None 
 47.48, -123.28, 60.0, 2011-08-10 09:57:30, 0.0, None 
 47.3, -122.805, 57.5, 2011-08-10 09:57:30, 0.0, None 
 47.59, -122.82, 23.5, 2011-08-10 10:00:00, 0.0, None 
 47.53, -122.75, 21.0, 2011-08-10 10:02:30, 0.0, None 
 47.555, -122.74, 20.0, 2011-08-10 10:05:00, 0.0, None 
 47.61, -122.795, 32.8, 2011-08-10 10:07:30, 0.0, None 
 47.611999999999995, -122.97, 47.5, 2011-08-10 10:10:00, 0.0, None 
 47.54, -122.81, 40.0, 2011-08-10 10:12:30, 0.0, None 
 47.47, -122.715, 56.0, 2011-08-10 10:17:30, 0.0, None 
 47.48, -122.765, 33.0, 2011-08-10 10:20:00, 0.0, None 
 47.58, -122.71, 20.0, 2011-08-10 10:22:30, 0.0, None 
 47.41, -122.82, 29.0, 2011-08-10 10:25:00, 0.0, None 
 47.45, -122.74, 39.0, 2011-08-10 10:27:30, 0.0, None 
 47.575, -122.78, 35.0, 2011-08-10 10:30:00, 0.0, None 
 47.44, -123.02, 60.0, 2011-08-10 10:32:30, 0.0, None 
 47.32, -122.96, 31.5, 2011-08-10 10:45:00, 0.0, None 
 47.52, -122.97, 30.0, 2011-08-10 10:47:30, 0.0, None 
 47.27, -123.14, 20.0, 2011-08-10 10:52:30, 0.0, None 
 47.54, -122.74, 28.0, 2011-08-10 10:55:00, 0.0, None 
 47.6, -122.6, 56.5, 2011-08-10 10:57:30, 0.0, None 
 47.59, -122.83, 44.5, 2011-08-10 11:00:00, 0.0, None 
 47.52, -122.87, 48.0, 2011-08-10 11:02:30, 0.0, None 
 47.675, -122.865, 45.8, 2011-08-10 11:05:00, 0.0, None 
 47.64, -122.815, 41.2, 2011-08-10 11:07:30, 0.0, None 
 47.655, -122.78, 46.5, 2011-08-10 11:10:00, 0.0, None 
 47.61, -122.72, 23.5, 2011-08-10 11:12:30, 0.0, None 
 47.611999999999995, -122.795, 60.0, 2011-08-10 11:20:00, 0.0, None 
 47.605, -123.0, 29.0, 2011-08-10 11:25:00, 0.0, None 
 47.49, -122.87, 20.0, 2011-08-10 11:27:30, 0.0, None 
 47.66, -122.825, 39.5, 2011-08-10 11:37:30, 0.0, None 
 47.61, -122.775, 27.5, 2011-08-10 11:40:00, 0.0, None 
 47.75, -123.04, 60.0, 2011-08-10 11:40:00, 0.0, None 
 47.58, -122.78, 29.0, 2011-08-10 11:42:30, 0.0, None 
 47.49, -123.07, 31.5, 2011-08-10 11:45:00, 0.0, None 
 47.42, -123.1, 48.0, 2011-08-10 11:50:00, 0.0, None 
 47.52, -122.825, 30.5, 2011-08-10 11:52:30, 0.0, None 
 47.51, -122.74, 43.0, 2011-08-10 11:57:30, 0.0, None 
 47.6, -122.85, 32.0, 2011-08-10 12:00:00, 0.0, None 
 47.66, -122.8, 20.0, 2011-08-10 12:10:00, 0.0, None 
 47.48, -122.98, 31.5, 2011-08-10 12:12:30, 0.0, None 
 47.51, -122.8, 43.0, 2011-08-10 12:17:30, 0.0, None 
 47.5, -123.41, 35.0, 2011-08-10 12:20:00, 0.0, None 
 47.6, -122.83, 30.0, 2011-08-10 12:25:00, 0.0, None 
 47.62, -122.89, 36.5, 2011-08-10 12:27:30, 0.0, None 
 47.63, -122.91, 40.0, 2011-08-10 12:45:00, 0.0, None 
 47.65, -122.79, 33.0, 2011-08-10 12:47:30, 0.0, None 
 47.692, -122.805, 31.2, 2011-08-10 12:50:00, 0.0, None 
 47.36, -123.09, 50.0, 2011-08-10 12:55:00, 0.0, None 
 47.785, -122.81, 38.0, 2011-08-10 12:57:30, 0.0, None 
 47.69, -122.81, 24.0, 2011-08-10 13:12:30, 0.0, None 
 47.69, -122.745, 20.0, 2011-08-10 13:17:30, 0.0, None 
 47.61, -122.84, 31.0, 2011-08-10 13:20:00, 0.0, None 
 47.543, -122.855, 45.5, 2011-08-10 13:22:30, 0.0, None 
 47.605, -122.82, 31.0, 2011-08-10 13:25:00, 0.0, None 
 47.6, -122.825, 30.2, 2011-08-10 13:27:30, 0.0, None 
 47.7, -122.92, 45.5, 2011-08-10 13:30:00, 0.0, None 
 47.62, -122.94, 20.0, 2011-08-10 13:32:30, 0.0, None 
 47.665, -122.9, 35.0, 2011-08-10 13:35:00, 0.0, None 
 47.68, -122.78, 42.0, 2011-08-10 13:37:30, 0.0, None 
 47.665, -122.73, 25.0, 2011-08-10 13:40:00, 0.0, None 
 47.67, -122.73, 24.0, 2011-08-10 13:42:30, 0.0, None 
 47.64, -122.69, 34.0, 2011-08-10 13:45:00, 0.0, None 
 47.585, -122.715, 34.0, 2011-08-10 13:50:00, 0.0, None 
 47.68, -122.83, 34.0, 2011-08-10 13:52:30, 0.0, None 
 47.61, -122.62, 24.0, 2011-08-10 14:00:00, 0.0, None 
 47.611999999999995, -122.66, 20.0, 2011-08-10 14:02:30, 0.0, None 
 47.39, -123.18, 60.0, 2011-08-10 14:05:00, 0.0, None 
 47.635, -122.84, 40.0, 2011-08-10 14:10:00, 0.0, None 
 47.66, -122.855, 33.5, 2011-08-10 14:20:00, 0.0, None 
 47.638000000000005, -122.822, 33.2, 2011-08-10 14:22:30, 0.0, None 
 47.51, -122.565, 20.0, 2011-08-10 14:32:30, 0.0, None 
 47.33, -123.27, 50.0, 2011-08-10 14:32:30, 0.0, None 
 47.675, -122.86, 20.0, 2011-08-10 14:35:00, 0.0, None 
 47.63, -122.82, 33.0, 2011-08-10 14:37:30, 0.0, None 
 47.685, -122.795, 44.5, 2011-08-10 14:40:00, 0.0, None 
 47.66, -122.87, 20.0, 2011-08-10 14:47:30, 0.0, None 
 47.64, -122.772, 30.5, 2011-08-10 14:52:30, 0.0, None 
 47.625, -122.825, 35.0, 2011-08-10 14:55:00, 0.0, None 
 47.01, -123.92, 60.0, 2011-08-10 14:57:30, 0.0, None 
 47.7, -122.81, 20.0, 2011-08-10 15:12:30, 0.0, None 
 47.63, -122.85, 31.5, 2011-08-10 15:20:00, 0.0, None 
 47.66, -122.815, 28.5, 2011-08-10 15:22:30, 0.0, None 
 47.69, -122.81, 23.5, 2011-08-10 15:25:00, 0.0, None 
 47.615, -122.8, 40.0, 2011-08-10 15:27:30, 0.0, None 
 47.605, -122.83, 41.2, 2011-08-10 15:30:00, 0.0, None 
 47.61, -122.92, 38.0, 2011-08-10 15:40:00, 0.0, None 
 47.62, -122.97, 41.5, 2011-08-10 15:42:30, 0.0, None 
 47.65, -122.7, 20.0, 2011-08-10 15:45:00, 0.0, None 
 47.34, -123.31, 31.0, 2011-08-10 15:45:00, 0.0, None 
 47.76, -122.81, 43.0, 2011-08-10 15:55:00, 0.0, None 
 47.585, -122.78, 36.5, 2011-08-10 16:00:00, 0.0, None 
 47.545, -122.805, 45.2, 2011-08-10 16:02:30, 0.0, None 
 47.415, -122.915, 42.0, 2011-08-10 16:47:30, 0.0, None 
 47.6, -123.07, 60.0, 2011-08-10 16:50:00, 0.0, None 
 47.36, -123.3, 30.0, 2011-08-10 16:57:30, 0.0, None 
 47.54, -122.92, 20.0, 2011-08-10 17:02:30, 0.0, None 
 47.64, -122.82799999999999, 27.5, 2011-08-10 17:15:00, 0.0, None 
 47.663000000000004, -122.795, 27.0, 2011-08-10 17:17:30, 0.0, None 
 47.683, -122.76700000000001, 31.5, 2011-08-10 17:20:00, 0.0, None 
 47.63, -122.75, 29.0, 2011-08-10 17:22:30, 0.0, None 
 47.78, -122.77, 20.0, 2011-08-10 17:40:00, 0.0, None 
 47.56, -122.795, 20.0, 2011-08-10 18:35:00, 0.0, None 
 47.72, -122.77, 20.0, 2011-08-10 18:40:00, 0.0, None 
 47.59, -122.89, 24.0, 2011-08-10 18:42:30, 0.0, None 
 47.61, -122.89, 20.0, 2011-08-10 18:45:00, 0.0, None 
 47.505, -123.04, 52.0, 2011-08-10 18:55:00, 0.0, None 
 47.78, -122.86, 34.0, 2011-08-10 19:05:00, 0.0, None 
 47.52, -122.62, 55.0, 2011-08-10 19:07:30, 0.0, None 
 47.6, -122.98, 20.0, 2011-08-10 20:17:30, 0.0, None 
 47.63, -122.825, 32.0, 2011-08-10 20:30:00, 0.0, None 
 47.4, -122.98, 60.0, 2011-08-10 21:15:00, 0.0, None 
 47.74, -122.71, 54.0, 2011-08-10 21:22:30, 0.0, None 
 47.495, -122.89, 20.0, 2011-08-10 21:52:30, 0.0, None 
 47.475, -122.91, 41.0, 2011-08-10 21:55:00, 0.0, None 
 47.53, -122.94, 20.0, 2011-08-10 22:02:30, 0.0, None 
 47.58, -122.965, 21.5, 2011-08-10 22:05:00, 0.0, None 
 47.59, -123.0, 27.0, 2011-08-10 22:07:30, 0.0, None 
 47.56, -122.99, 60.0, 2011-08-10 22:12:30, 0.0, None 
 47.48, -123.02, 34.0, 2011-08-10 22:15:00, 0.0, None 
 47.57, -122.89, 26.0, 2011-08-10 22:17:30, 0.0, None 
 47.59, -122.86, 20.0, 2011-08-10 22:20:00, 0.0, None 
 47.76, -122.97, 54.0, 2011-08-10 22:22:30, 0.0, None 
 47.58, -122.85, 34.0, 2011-08-10 22:32:30, 0.0, None 
 47.62, -122.95, 41.0, 2011-08-10 22:35:00, 0.0, None 
 47.68, -122.97, 42.0, 2011-08-10 22:37:30, 0.0, None 
 47.69, -122.77, 31.0, 2011-08-10 22:42:30, 0.0, None 
 47.61, -122.79, 31.0, 2011-08-10 22:45:00, 0.0, None 
 47.605, -122.765, 26.5, 2011-08-10 22:47:30, 0.0, None 
 47.54, -122.69, 25.0, 2011-08-10 22:50:00, 0.0, None 
 47.76, -122.78, 60.0, 2011-08-10 22:50:00, 0.0, None 
 47.58, -122.72, 27.0, 2011-08-10 22:52:30, 0.0, None 
 47.405, -122.85, 56.0, 2011-08-10 22:55:00, 0.0, None 
 47.41, -123.09, 20.0, 2011-08-10 23:15:00, 0.0, None 
 47.49, -123.1, 20.0, 2011-08-10 23:27:30, 0.0, None 
 47.46, -122.74, 20.0, 2011-08-10 23:35:00, 0.0, None 
 47.495, -122.735, 55.0, 2011-08-10 23:37:30, 0.0, None 
 47.46, -122.92, 44.0, 2011-08-10 23:42:30, 0.0, None 
 47.4, -123.2, 38.0, 2011-08-10 23:47:30, 0.0, None 
 47.73, -122.75, 60.0, 2011-08-10 23:55:00, 0.0, None 
 47.47, -123.1, 60.0, 2011-08-11 00:12:30, 0.0, None 
 47.48, -122.85, 24.0, 2011-08-11 00:27:30, 0.0, None 
 47.6, -122.89, 38.5, 2011-08-11 00:37:30, 0.0, None 
 47.61, -122.83, 30.0, 2011-08-11 00:40:00, 0.0, None 
 47.653, -122.822, 31.2, 2011-08-11 00:42:30, 0.0, None 
 47.595, -122.795, 28.5, 2011-08-11 00:45:00, 0.0, None 
 47.63, -122.685, 20.0, 2011-08-11 00:47:30, 0.0, None 
 47.635, -122.66, 58.5, 2011-08-11 00:50:00, 0.0, None 
 47.6, -122.9, 28.5, 2011-08-11 01:00:00, 0.0, None 
 47.59, -122.83, 38.0, 2011-08-11 01:17:30, 0.0, None 
 47.575, -122.83, 39.0, 2011-08-11 01:20:00, 0.0, None 
 47.43, -122.98, 60.0, 2011-08-11 01:25:00, 0.0, None 
 47.69, -123.03, 20.0, 2011-08-11 01:30:00, 0.0, None 
 47.44, -122.895, 60.0, 2011-08-11 01:40:00, 0.0, None 
 47.57, -122.765, 43.5, 2011-08-11 01:47:30, 0.0, None 
 47.5, -122.81, 51.0, 2011-08-11 01:50:00, 0.0, None 
 47.75, -122.67, 20.0, 2011-08-11 01:50:00, 0.0, None 
 47.52, -122.82, 50.0, 2011-08-11 01:52:30, 0.0, None 
 47.67, -122.715, 34.0, 2011-08-11 01:57:30, 0.0, None 
 47.68, -122.73, 30.0, 2011-08-11 02:00:00, 0.0, None 
 47.43, -122.89, 52.0, 2011-08-11 02:02:30, 0.0, None 
 47.47, -122.78, 47.5, 2011-08-11 02:05:00, 0.0, None 
 47.75, -123.01, 60.0, 2011-08-11 02:05:00, 0.0, None 
 47.545, -123.055, 60.0, 2011-08-11 02:07:30, 0.0, None 
 47.57, -123.01, 33.0, 2011-08-11 02:32:30, 0.0, None 
 47.63, -122.94, 40.0, 2011-08-11 02:35:00, 0.0, None 
 47.67, -122.9, 45.0, 2011-08-11 02:47:30, 0.0, None 
 47.66, -122.975, 39.0, 2011-08-11 02:50:00, 0.0, None 
 47.49, -123.0, 45.0, 2011-08-11 03:47:30, 0.0, None 
 47.58, -122.79, 20.0, 2011-08-11 04:05:00, 0.0, None 
 47.68, -122.88, 60.0, 2011-08-11 04:40:00, 0.0, None 
 47.61, -122.87, 39.0, 2011-08-11 04:42:30, 0.0, None 
 47.57, -122.835, 39.0, 2011-08-11 04:45:00, 0.0, None 
 47.54, -122.81, 57.5, 2011-08-11 04:47:30, 0.0, None 
 47.625, -122.845, 20.0, 2011-08-11 05:02:30, 0.0, None 
 47.6, -122.97, 20.0, 2011-08-11 05:07:30, 0.0, None 
 47.52, -122.855, 25.0, 2011-08-11 05:10:00, 0.0, None 
 47.48, -122.9, 36.0, 2011-08-11 05:12:30, 0.0, None 
 47.635, -122.77, 27.0, 2011-08-11 05:20:00, 0.0, None 
 47.638000000000005, -122.82, 32.0, 2011-08-11 05:22:30, 0.0, None 
 47.535, -123.01, 34.0, 2011-08-11 05:25:00, 0.0, None 
 47.46, -122.94, 39.0, 2011-08-11 05:27:30, 0.0, None 
 47.715, -122.755, 38.0, 2011-08-11 05:27:30, 0.0, None 
 47.525, -122.9, 52.0, 2011-08-11 05:40:00, 0.0, None 
 47.585, -122.78, 38.5, 2011-08-11 05:42:30, 0.0, None 
 47.53, -122.715, 31.0, 2011-08-11 05:45:00, 0.0, None 
 47.58, -122.79, 35.0, 2011-08-11 05:50:00, 0.0, None 
 47.635, -122.815, 35.2, 2011-08-11 05:52:30, 0.0, None 
 47.61, -122.855, 32.5, 2011-08-11 05:55:00, 0.0, None 
 47.705, -122.82, 43.0, 2011-08-11 05:57:30, 0.0, None 
 47.43, -123.02, 20.0, 2011-08-11 06:07:30, 0.0, None 
 47.4, -123.07, 41.0, 2011-08-11 06:10:00, 0.0, None 
 47.73, -122.88, 20.0, 2011-08-11 06:32:30, 0.0, None 
 47.72, -122.71, 20.0, 2011-08-11 06:35:00, 0.0, None 
 47.74, -122.76, 20.0, 2011-08-11 06:37:30, 0.0, None 
 47.72, -122.745, 20.2, 2011-08-11 06:40:00, 0.0, None 
 47.65, -122.71, 29.0, 2011-08-11 06:42:30, 0.0, None 
 47.58, -122.865, 60.0, 2011-08-11 06:47:30, 0.0, None 
 47.663000000000004, -122.90299999999999, 36.0, 2011-08-11 06:50:00, 0.0, None 
 47.64, -122.825, 26.0, 2011-08-11 06:52:30, 0.0, None 
 47.71, -122.93, 34.5, 2011-08-11 06:55:00, 0.0, None 
 47.62, -122.93, 60.0, 2011-08-11 06:57:30, 0.0, None 
 47.58, -122.86, 29.0, 2011-08-11 07:00:00, 0.0, None 
 47.59, -122.8, 38.0, 2011-08-11 07:02:30, 0.0, None 
 47.62, -122.695, 60.0, 2011-08-11 07:05:00, 0.0, None 
 47.62, -122.81, 42.0, 2011-08-11 07:07:30, 0.0, None 
 47.61, -122.865, 48.0, 2011-08-11 07:10:00, 0.0, None 
 47.61, -122.84, 42.0, 2011-08-11 07:25:00, 0.0, None 
 47.59, -122.97, 30.5, 2011-08-11 07:27:30, 0.0, None 
 47.61, -122.975, 35.0, 2011-08-11 07:32:30, 0.0, None 
 47.59, -122.985, 60.0, 2011-08-11 07:35:00, 0.0, None 
 47.58, -122.83, 25.5, 2011-08-11 07:37:30, 0.0, None 
 47.53, -122.89, 20.0, 2011-08-11 07:40:00, 0.0, None 
 47.505, -122.89, 34.0, 2011-08-11 07:42:30, 0.0, None 
 47.73, -123.07, 20.0, 2011-08-11 07:42:30, 0.0, None 
 47.5, -122.86, 55.0, 2011-08-11 07:45:00, 0.0, None 
 47.775, -122.92, 43.0, 2011-08-11 08:12:30, 0.0, None 
 47.8, -123.05, 20.0, 2011-08-11 09:07:30, 0.0, None 
 47.48, -122.77, 20.0, 2011-08-11 09:25:00, 0.0, None 
 47.77, -122.69, 20.0, 2011-08-11 09:37:30, 0.0, None 
 47.69, -122.74, 36.0, 2011-08-11 09:40:00, 0.0, None 
 47.71, -122.74, 34.0, 2011-08-11 09:42:30, 0.0, None 
 47.7, -122.88, 42.0, 2011-08-11 10:02:30, 0.0, None 
 47.69, -122.7, 36.0, 2011-08-11 10:05:00, 0.0, None 
 47.68, -122.71, 30.0, 2011-08-11 10:07:30, 0.0, None 
 47.7, -122.7, 27.0, 2011-08-11 10:12:30, 0.0, None 
 47.68, -122.795, 35.0, 2011-08-11 10:15:00, 0.0, None 
 47.66, -122.88, 45.5, 2011-08-11 10:22:30, 0.0, None 
 47.63, -122.96, 48.0, 2011-08-11 10:25:00, 0.0, None 
 47.68, -122.73, 40.0, 2011-08-11 10:30:00, 0.0, None 
 47.69, -122.73, 30.2, 2011-08-11 10:32:30, 0.0, None 
 47.66, -122.82, 42.0, 2011-08-11 10:35:00, 0.0, None 
 47.67, -122.85, 52.0, 2011-08-11 10:37:30, 0.0, None 
 47.67, -122.79, 20.0, 2011-08-11 10:40:00, 0.0, None 
 47.725, -122.735, 39.5, 2011-08-11 10:42:30, 0.0, None 
 47.73, -122.69, 25.5, 2011-08-11 10:45:00, 0.0, None 
 47.57, -123.13, 44.0, 2011-08-11 10:47:30, 0.0, None 
 47.633, -122.87700000000001, 36.0, 2011-08-11 10:50:00, 0.0, None 
 47.72, -122.845, 34.0, 2011-08-11 10:52:30, 0.0, None 
 47.73, -122.88, 35.0, 2011-08-11 10:55:00, 0.0, None 
 47.63, -122.93, 43.0, 2011-08-11 11:00:00, 0.0, None 
 47.72, -122.86, 43.0, 2011-08-11 11:17:30, 0.0, None 
 47.7, -122.735, 34.0, 2011-08-11 11:20:00, 0.0, None 
 47.67, -122.78, 28.0, 2011-08-11 11:30:00, 0.0, None 
 47.69, -122.83, 36.5, 2011-08-11 11:32:30, 0.0, None 
 47.68, -122.805, 33.0, 2011-08-11 11:35:00, 0.0, None 
 47.7, -122.75, 29.0, 2011-08-11 12:25:00, 0.0, None 
 47.675, -122.835, 31.0, 2011-08-11 12:30:00, 0.0, None 
 47.635, -122.98, 50.0, 2011-08-11 12:32:30, 0.0, None 
 47.705, -122.915, 48.5, 2011-08-11 12:35:00, 0.0, None 
 47.8, -122.98, 27.5, 2011-08-11 12:52:30, 0.0, None 
 47.72, -123.075, 48.0, 2011-08-11 12:55:00, 0.0, None 
 47.66, -122.85, 48.0, 2011-08-11 13:35:00, 0.0, None 
 47.76, -123.015, 40.0, 2011-08-11 14:05:00, 0.0, None 
 47.695, -122.84, 20.0, 2011-08-11 14:07:30, 0.0, None 
 47.58, -122.68, 40.0, 2011-08-11 15:42:30, 0.0, None 
 47.78, -122.83, 31.0, 2011-08-11 15:45:00, 0.0, None 
 47.49, -122.89, 34.0, 2011-08-11 15:57:30, 0.0, None 
 47.72, -122.73, 32.0, 2011-08-11 17:35:00, 0.0, None 
 47.7, -122.86, 46.0, 2011-08-11 18:25:00, 0.0, None 
 47.55, -122.805, 20.0, 2011-08-11 18:27:30, 0.0, None 
 47.805, -122.98, 60.0, 2011-08-11 18:30:00, 0.0, None 
 47.69, -123.0, 60.0, 2011-08-11 18:32:30, 0.0, None 
 47.74, -122.99, 44.0, 2011-08-11 18:42:30, 0.0, None 
 47.61, -122.8, 34.0, 2011-08-11 18:47:30, 0.0, None 
 47.565, -122.74, 60.0, 2011-08-11 18:57:30, 0.0, None 
 47.5, -123.085, 20.0, 2011-08-11 19:17:30, 0.0, None 
 47.49, -123.045, 20.0, 2011-08-11 19:45:00, 0.0, None 
 47.575, -122.725, 51.0, 2011-08-11 19:57:30, 0.0, None 
 47.55, -122.9, 20.0, 2011-08-11 20:00:00, 0.0, None 
 47.65, -122.87, 41.0, 2011-08-11 20:07:30, 0.0, None 
 47.65, -122.99, 43.0, 2011-08-11 20:10:00, 0.0, None 
 47.602, -122.855, 30.2, 2011-08-11 20:22:30, 0.0, None 
 47.645, -122.963, 40.0, 2011-08-11 20:25:00, 0.0, None 
 47.74, -122.85, 24.0, 2011-08-11 20:27:30, 0.0, None 
 47.66, -122.98, 20.0, 2011-08-11 20:30:00, 0.0, None 
 47.56, -122.66, 28.0, 2011-08-11 20:37:30, 0.0, None 
 47.545, -122.785, 26.0, 2011-08-11 20:40:00, 0.0, None 
 47.59, -122.78, 25.0, 2011-08-11 20:45:00, 0.0, None 
 47.7, -122.91, 25.0, 2011-08-11 20:50:00, 0.0, None 
 47.66, -122.795, 27.5, 2011-08-11 20:52:30, 0.0, None 
 47.61, -122.82, 36.0, 2011-08-11 20:55:00, 0.0, None 
 47.64, -122.86, 30.0, 2011-08-11 20:57:30, 0.0, None 
 47.62, -122.815, 43.0, 2011-08-11 21:00:00, 0.0, None 
 47.6, -122.78, 33.5, 2011-08-11 21:02:30, 0.0, None 
 47.605, -122.895, 36.5, 2011-08-11 21:05:00, 0.0, None 
 47.58, -122.83, 20.0, 2011-08-11 21:07:30, 0.0, None 
 47.57, -122.97, 25.0, 2011-08-11 21:10:00, 0.0, None 
 47.6, -123.08, 20.0, 2011-08-11 21:15:00, 0.0, None 
 47.44, -123.02, 60.0, 2011-08-11 21:20:00, 0.0, None 
 47.675, -122.98, 48.0, 2011-08-11 21:30:00, 0.0, None 
 47.47, -123.045, 60.0, 2011-08-11 21:32:30, 0.0, None 
 47.43, -122.89, 53.0, 2011-08-11 21:40:00, 0.0, None 
 47.51, -122.92, 60.0, 2011-08-11 21:47:30, 0.0, None 
 47.59, -122.95, 60.0, 2011-08-11 22:10:00, 0.0, None 
 47.675, -122.86, 36.0, 2011-08-11 22:32:30, 0.0, None 
 47.645, -122.83, 34.5, 2011-08-11 22:35:00, 0.0, None 
 47.61, -122.88, 34.0, 2011-08-11 22:37:30, 0.0, None 
 47.585, -122.905, 56.0, 2011-08-11 22:42:30, 0.0, None 
 47.59, -122.86, 46.2, 2011-08-11 22:47:30, 0.0, None 
 47.63, -122.82, 34.5, 2011-08-11 22:50:00, 0.0, None 
 47.7, -122.86, 20.0, 2011-08-11 22:52:30, 0.0, None 
 47.58, -122.955, 51.0, 2011-08-11 22:55:00, 0.0, None 
 47.615, -122.775, 23.0, 2011-08-11 23:00:00, 0.0, None 
 47.665, -122.805, 29.0, 2011-08-11 23:02:30, 0.0, None 
 47.65, -122.94, 49.2, 2011-08-11 23:05:00, 0.0, None 
 47.45, -122.88, 60.0, 2011-08-11 23:07:30, 0.0, None 
 47.64, -122.8, 29.0, 2011-08-11 23:12:30, 0.0, None 
 47.67, -122.79, 33.0, 2011-08-11 23:15:00, 0.0, None 
 47.61, -122.89, 60.0, 2011-08-11 23:17:30, 0.0, None 
 47.67, -122.86, 34.0, 2011-08-11 23:25:00, 0.0, None 
 47.64, -122.83, 33.0, 2011-08-11 23:27:30, 0.0, None 
 47.58, -122.805, 38.0, 2011-08-11 23:30:00, 0.0, None 
 47.595, -122.775, 26.2, 2011-08-11 23:32:30, 0.0, None 
 47.72, -122.815, 26.5, 2011-08-11 23:35:00, 0.0, None 
 47.675, -122.775, 31.2, 2011-08-11 23:37:30, 0.0, None 
 47.715, -122.82, 39.5, 2011-08-11 23:40:00, 0.0, None 
 47.708, -122.73, 30.2, 2011-08-11 23:45:00, 0.0, None 
 47.745, -122.803, 35.2, 2011-08-11 23:47:30, 0.0, None 
 47.57, -122.715, 27.0, 2011-08-11 23:50:00, 0.0, None 
 47.54, -122.7, 30.0, 2011-08-11 23:52:30, 0.0, None 
 47.73, -122.73, 27.5, 2011-08-11 23:55:00, 0.0, None 
 47.7, -122.68, 20.0, 2011-08-12 00:00:00, 0.0, None 
 47.68, -122.93, 39.0, 2011-08-12 00:02:30, 0.0, None 
 47.7, -122.77, 22.5, 2011-08-12 00:05:00, 0.0, None 
 47.67, -122.715, 35.0, 2011-08-12 00:07:30, 0.0, None 
 47.66, -122.66, 38.0, 2011-08-12 00:10:00, 0.0, None 
 47.745, -122.7, 40.0, 2011-08-12 00:12:30, 0.0, None 
 47.69, -122.69, 46.0, 2011-08-12 00:15:00, 0.0, None 
 47.638000000000005, -122.67, 40.8, 2011-08-12 00:17:30, 0.0, None 
 47.69, -122.74, 31.0, 2011-08-12 00:20:00, 0.0, None 
 47.71, -122.765, 34.0, 2011-08-12 00:22:30, 0.0, None 
 47.71, -122.745, 24.5, 2011-08-12 00:25:00, 0.0, None 
 47.67, -122.71, 28.0, 2011-08-12 00:27:30, 0.0, None 
 47.57, -122.815, 60.0, 2011-08-12 00:30:00, 0.0, None 
 47.588, -122.655, 20.0, 2011-08-12 00:40:00, 0.0, None 
 47.51, -122.83, 48.0, 2011-08-12 00:42:30, 0.0, None 
 47.62, -122.835, 46.5, 2011-08-12 00:45:00, 0.0, None 
 47.64, -122.92, 20.0, 2011-08-12 00:52:30, 0.0, None 
 47.57, -122.94, 60.0, 2011-08-12 00:57:30, 0.0, None 
 47.6, -123.03, 47.0, 2011-08-12 01:10:00, 0.0, None 
 47.815, -123.395, 21.0, 2011-08-12 01:25:00, 0.0, None 
 47.93, -123.47, 60.0, 2011-08-12 01:30:00, 0.0, None 
 47.78, -123.33, 28.0, 2011-08-12 01:37:30, 0.0, None 
 48.1, -124.2, 20.0, 2011-08-12 01:40:00, 0.0, None 
 47.88, -123.2, 20.0, 2011-08-12 01:50:00, 0.0, None 
 47.665, -123.075, 21.5, 2011-08-12 02:00:00, 0.0, None 
 47.78, -123.18, 28.0, 2011-08-12 02:02:30, 0.0, None 
 47.795, -123.12, 39.5, 2011-08-12 02:07:30, 0.0, None 
 47.615, -122.965, 32.8, 2011-08-12 02:45:00, 0.0, None 
 47.66, -122.99, 32.5, 2011-08-12 02:47:30, 0.0, None 
 47.595, -122.99, 38.5, 2011-08-12 03:00:00, 0.0, None 
 47.59, -122.88, 20.0, 2011-08-12 03:02:30, 0.0, None 
 47.68, -122.88, 20.0, 2011-08-12 03:05:00, 0.0, None 
 47.722, -123.015, 24.0, 2011-08-12 03:07:30, 0.0, None 
 47.648, -122.915, 57.5, 2011-08-12 03:10:00, 0.0, None 
 47.635, -122.805, 60.0, 2011-08-12 03:22:30, 0.0, None 
 47.675, -122.945, 60.0, 2011-08-12 03:25:00, 0.0, None 
 47.675, -122.91, 60.0, 2011-08-12 03:27:30, 0.0, None 
 47.715, -123.04, 20.0, 2011-08-12 03:35:00, 0.0, None 
 47.5, -123.1, 35.0, 2011-08-12 03:40:00, 0.0, None 
 47.79, -122.975, 26.5, 2011-08-12 04:10:00, 0.0, None 
 47.78, -122.995, 26.0, 2011-08-12 04:12:30, 0.0, None 
 47.67, -122.935, 21.0, 2011-08-12 04:15:00, 0.0, None 
 47.68, -122.9, 20.0, 2011-08-12 04:17:30, 0.0, None 
 47.77, -123.1, 35.0, 2011-08-12 04:22:30, 0.0, None 
 47.57, -122.69, 45.0, 2011-08-12 04:35:00, 0.0, None 
 47.79, -123.09, 20.0, 2011-08-12 04:37:30, 0.0, None 
 47.57, -123.18, 60.0, 2011-08-12 04:57:30, 0.0, None 
 47.79, -123.0, 20.0, 2011-08-12 05:02:30, 0.0, None 
 47.81, -122.89, 60.0, 2011-08-12 05:05:00, 0.0, None 
 47.7, -122.88, 20.0, 2011-08-12 05:22:30, 0.0, None 
 47.8, -122.79, 38.5, 2011-08-12 05:25:00, 0.0, None 
 47.78, -122.615, 37.5, 2011-08-12 05:32:30, 0.0, None 
 47.79, -122.62, 48.0, 2011-08-12 05:35:00, 0.0, None 
 47.63, -123.05, 38.5, 2011-08-12 05:37:30, 0.0, None 
 47.755, -123.1, 33.0, 2011-08-12 05:50:00, 0.0, None 
 47.7, -123.01, 29.0, 2011-08-12 05:52:30, 0.0, None 
 47.7, -122.9, 42.0, 2011-08-12 05:55:00, 0.0, None 
 47.94, -123.0, 56.0, 2011-08-12 05:57:30, 0.0, None 
 47.66, -122.91, 45.0, 2011-08-12 06:10:00, 0.0, None 
 47.77, -123.0, 29.0, 2011-08-12 06:20:00, 0.0, None 
 47.81, -123.39, 52.5, 2011-08-12 06:25:00, 0.0, None 
 47.635, -123.0, 20.0, 2011-08-12 06:35:00, 0.0, None 
 47.58, -122.98, 37.0, 2011-08-12 06:37:30, 0.0, None 
 47.92, -123.48, 60.0, 2011-08-12 06:42:30, 0.0, None 
 47.805, -122.955, 20.0, 2011-08-12 06:45:00, 0.0, None 
 47.79, -122.99, 20.0, 2011-08-12 06:47:30, 0.0, None 
 47.72, -122.64, 60.0, 2011-08-12 07:00:00, 0.0, None 
 47.665, -122.85, 37.5, 2011-08-12 07:02:30, 0.0, None 
 47.595, -122.9, 42.0, 2011-08-12 07:05:00, 0.0, None 
 47.67, -123.11, 60.0, 2011-08-12 07:07:30, 0.0, None 
 47.825, -122.82, 20.0, 2011-08-12 07:10:00, 0.0, None 
 47.49, -123.07, 34.0, 2011-08-12 07:12:30, 0.0, None 
 47.61, -122.985, 60.0, 2011-08-12 07:15:00, 0.0, None 
 47.735, -122.86, 27.0, 2011-08-12 07:17:30, 0.0, None 
 47.71, -122.925, 25.5, 2011-08-12 07:20:00, 0.0, None 
 47.77, -123.05, 53.0, 2011-08-12 07:25:00, 0.0, None 
 47.72, -122.88, 47.0, 2011-08-12 07:27:30, 0.0, None 
 47.695, -122.76, 25.5, 2011-08-12 07:30:00, 0.0, None 
 47.69, -122.84, 49.0, 2011-08-12 07:32:30, 0.0, None 
 47.71, -122.89, 50.0, 2011-08-12 07:35:00, 0.0, None 
 47.69, -122.93, 60.0, 2011-08-12 07:37:30, 0.0, None 
 47.69, -123.03, 58.0, 2011-08-12 07:40:00, 0.0, None 
 47.72, -123.03, 41.5, 2011-08-12 07:42:30, 0.0, None 
 47.72, -122.82, 29.5, 2011-08-12 07:45:00, 0.0, None 
 47.62, -123.02, 60.0, 2011-08-12 07:57:30, 0.0, None 
 47.62, -122.93, 34.0, 2011-08-12 08:12:30, 0.0, None 
 47.66, -122.945, 30.0, 2011-08-12 08:15:00, 0.0, None 
 47.71, -122.755, 25.5, 2011-08-12 08:17:30, 0.0, None 
 47.71, -122.715, 24.5, 2011-08-12 08:20:00, 0.0, None 
 47.7, -123.12, 60.0, 2011-08-12 08:22:30, 0.0, None 
 47.71, -122.745, 29.0, 2011-08-12 08:25:00, 0.0, None 
 47.63, -122.975, 42.5, 2011-08-12 08:27:30, 0.0, None 
 47.68, -122.99, 42.5, 2011-08-12 08:30:00, 0.0, None 
 47.69, -122.945, 35.5, 2011-08-12 08:32:30, 0.0, None 
 47.68, -122.845, 20.0, 2011-08-12 08:35:00, 0.0, None 
 47.675, -122.93, 29.0, 2011-08-12 08:37:30, 0.0, None 
 47.6, -123.005, 41.5, 2011-08-12 08:42:30, 0.0, None 
 47.515, -123.12, 34.0, 2011-08-12 08:45:00, 0.0, None 
 47.59, -122.83, 60.0, 2011-08-12 08:47:30, 0.0, None 
 47.608000000000004, -122.9, 25.0, 2011-08-12 08:52:30, 0.0, None 
 47.59, -123.01, 22.0, 2011-08-12 09:02:30, 0.0, None 
 47.64, -122.91, 30.0, 2011-08-12 09:05:00, 0.0, None 
 47.605, -123.19, 37.0, 2011-08-12 09:07:30, 0.0, None 
 47.58, -123.17, 36.5, 2011-08-12 09:10:00, 0.0, None 
 47.6, -122.72, 60.0, 2011-08-12 09:12:30, 0.0, None 
 47.6, -123.1, 37.0, 2011-08-12 09:15:00, 0.0, None 
 47.6, -123.03, 39.0, 2011-08-12 09:22:30, 0.0, None 
 47.9, -123.03, 60.0, 2011-08-12 09:22:30, 0.0, None 
 47.57, -122.93, 36.0, 2011-08-12 09:35:00, 0.0, None 
 47.545, -122.86, 30.5, 2011-08-12 09:37:30, 0.0, None 
 47.785, -123.105, 39.0, 2011-08-12 09:52:30, 0.0, None 
 47.66, -123.3, 60.0, 2011-08-12 09:55:00, 0.0, None 
 47.69, -123.27, 60.0, 2011-08-12 09:57:30, 0.0, None 
 47.68, -122.945, 31.0, 2011-08-12 10:00:00, 0.0, None 
 47.99, -123.49, 20.0, 2011-08-12 10:02:30, 0.0, None 
 47.5, -123.1, 50.0, 2011-08-12 10:05:00, 0.0, None 
 47.81, -123.03, 20.0, 2011-08-12 10:25:00, 0.0, None 
 47.82, -122.91, 41.0, 2011-08-12 10:35:00, 0.0, None 
 47.525, -123.315, 49.5, 2011-08-12 10:42:30, 0.0, None 
 47.72, -123.055, 37.0, 2011-08-12 11:05:00, 0.0, None 
 47.71, -122.945, 30.0, 2011-08-12 11:07:30, 0.0, None 
 47.77, -122.99, 29.0, 2011-08-12 11:10:00, 0.0, None 
 47.78, -123.045, 31.0, 2011-08-12 11:12:30, 0.0, None 
 47.8, -123.01, 27.0, 2011-08-12 11:15:00, 0.0, None 
 47.64, -122.9, 20.0, 2011-08-12 11:17:30, 0.0, None 
 47.8, -122.795, 40.0, 2011-08-12 11:20:00, 0.0, None 
 47.72, -123.01, 34.0, 2011-08-12 11:22:30, 0.0, None 
 47.61, -123.25, 60.0, 2011-08-12 11:55:00, 0.0, None 
 47.5, -123.27, 60.0, 2011-08-12 11:57:30, 0.0, None 
 47.82, -122.82, 38.0, 2011-08-12 12:20:00, 0.0, None 
 47.78, -122.975, 47.5, 2011-08-12 12:22:30, 0.0, None 
 47.3, -122.1, 35.0, 2011-08-12 12:27:30, 0.0, None 
 47.63, -123.13, 35.0, 2011-08-12 12:30:00, 0.0, None 
 47.765, -123.13, 53.0, 2011-08-12 12:35:00, 0.0, None 
 47.81, -123.05, 20.0, 2011-08-12 12:47:30, 0.0, None 
 47.795, -123.1, 24.5, 2011-08-12 12:50:00, 0.0, None 
 47.7, -123.29, 60.0, 2011-08-12 13:02:30, 0.0, None 
 47.51, -123.14, 60.0, 2011-08-12 13:47:30, 0.0, None 
 47.68, -122.79, 20.0, 2011-08-12 13:50:00, 0.0, None 
 47.87, -122.93, 34.0, 2011-08-12 14:12:30, 0.0, None 
 47.91, -123.2, 55.0, 2011-08-12 14:17:30, 0.0, None 
 47.64, -122.96, 44.0, 2011-08-12 14:25:00, 0.0, None 
 47.6, -122.8, 49.0, 2011-08-12 14:30:00, 0.0, None 
 47.76, -123.32, 60.0, 2011-08-12 15:40:00, 0.0, None 
 47.93, -123.21, 20.0, 2011-08-12 15:42:30, 0.0, None 
 47.815, -122.97, 31.0, 2011-08-12 15:45:00, 0.0, None 
 47.73, -122.97, 31.0, 2011-08-12 15:47:30, 0.0, None 
 47.76, -123.08, 20.0, 2011-08-12 16:20:00, 0.0, None 
 47.82, -123.41, 52.0, 2011-08-12 17:25:00, 0.0, None 
 47.57, -122.7, 45.0, 2011-08-12 17:25:00, 0.0, None 
 47.79, -122.85, 50.0, 2011-08-12 18:47:30, 0.0, None 
 47.69, -123.28, 60.0, 2011-08-12 19:40:00, 0.0, None 
 47.81, -122.89, 20.0, 2011-08-12 19:40:00, 0.0, None 
 47.74, -122.935, 20.0, 2011-08-12 19:42:30, 0.0, None 
 47.95, -122.92, 20.0, 2011-08-12 19:45:00, 0.0, None 
 47.67, -123.28, 60.0, 2011-08-12 19:57:30, 0.0, None 
 47.68, -122.83, 60.0, 2011-08-12 20:02:30, 0.0, None 
 47.67, -122.98, 37.0, 2011-08-12 20:07:30, 0.0, None 
 47.71, -123.03, 20.0, 2011-08-12 20:10:00, 0.0, None 
 47.5, -123.17, 60.0, 2011-08-12 20:17:30, 0.0, None 
 47.62, -123.01, 23.0, 2011-08-12 20:20:00, 0.0, None 
 47.79, -122.88, 42.0, 2011-08-12 20:25:00, 0.0, None 
 47.65, -123.035, 31.0, 2011-08-12 20:32:30, 0.0, None 
 47.72, -123.005, 33.0, 2011-08-12 20:35:00, 0.0, None 
 47.57, -123.19, 20.0, 2011-08-12 20:47:30, 0.0, None 
 47.92, -122.94, 37.0, 2011-08-12 21:40:00, 0.0, None 
 47.815, -123.055, 24.0, 2011-08-12 21:45:00, 0.0, None 
 47.85, -123.005, 28.5, 2011-08-12 22:00:00, 0.0, None 
 47.72, -122.99, 60.0, 2011-08-12 22:15:00, 0.0, None 
 47.78, -123.02, 60.0, 2011-08-12 22:25:00, 0.0, None 
 47.8, -123.09, 46.0, 2011-08-12 22:27:30, 0.0, None 
 47.64, -122.98, 33.0, 2011-08-12 22:30:00, 0.0, None 
 47.5, -123.07, 53.0, 2011-08-12 22:35:00, 0.0, None 
 47.595, -123.01, 38.0, 2011-08-12 22:40:00, 0.0, None 
 47.74, -122.9, 27.0, 2011-08-12 22:42:30, 0.0, None 
 47.78, -122.955, 20.0, 2011-08-12 22:45:00, 0.0, None 
 47.875, -123.42, 20.0, 2011-08-12 22:50:00, 0.0, None 
 47.71, -123.01, 32.0, 2011-08-12 22:52:30, 0.0, None 
 47.675, -122.99, 20.0, 2011-08-12 22:55:00, 0.0, None 
 47.525, -122.98, 32.0, 2011-08-12 23:00:00, 0.0, None 
 47.52, -122.99, 31.0, 2011-08-12 23:02:30, 0.0, None 
 47.78, -122.71, 40.5, 2011-08-12 23:05:00, 0.0, None 
 47.68, -123.04, 27.0, 2011-08-12 23:25:00, 0.0, None 
 47.7, -123.045, 21.0, 2011-08-12 23:27:30, 0.0, None 
 47.705, -123.095, 20.5, 2011-08-12 23:30:00, 0.0, None 
 47.69, -123.0, 43.0, 2011-08-12 23:32:30, 0.0, None 
 47.51, -122.9, 34.0, 2011-08-12 23:35:00, 0.0, None 
 47.905, -123.09, 34.0, 2011-08-13 00:10:00, 0.0, None 
 47.8, -122.95, 36.0, 2011-08-13 00:12:30, 0.0, None 
 47.83, -123.025, 20.0, 2011-08-13 00:15:00, 0.0, None 
 47.8, -122.97, 27.0, 2011-08-13 00:17:30, 0.0, None 
 47.79, -122.93, 38.0, 2011-08-13 00:20:00, 0.0, None 
 47.845, -123.105, 20.0, 2011-08-13 00:30:00, 0.0, None 
 47.6, -122.87, 20.0, 2011-08-13 00:32:30, 0.0, None 
 47.635, -122.91, 25.0, 2011-08-13 00:35:00, 0.0, None 
 47.705, -122.795, 23.0, 2011-08-13 00:40:00, 0.0, None 
 47.73, -122.87, 20.0, 2011-08-13 00:42:30, 0.0, None 
 47.82, -122.81, 41.0, 2011-08-13 00:45:00, 0.0, None 
 47.825, -122.8, 41.0, 2011-08-13 00:47:30, 0.0, None 
 47.61, -122.88, 28.0, 2011-08-13 00:50:00, 0.0, None 
 47.6, -122.85, 32.0, 2011-08-13 00:52:30, 0.0, None 
 47.765, -123.17, 39.5, 2011-08-13 01:00:00, 0.0, None 
 47.83, -123.005, 41.0, 2011-08-13 01:02:30, 0.0, None 
 47.91, -123.0, 27.0, 2011-08-13 01:05:00, 0.0, None 
 47.21, -122.91, 48.0, 2011-08-13 01:20:00, 0.0, None 
 47.61, -122.82, 28.5, 2011-08-13 01:22:30, 0.0, None 
 47.64, -122.93799999999999, 25.8, 2011-08-13 01:25:00, 0.0, None 
 47.65, -122.875, 31.0, 2011-08-13 01:27:30, 0.0, None 
 47.65, -122.86, 37.0, 2011-08-13 01:32:30, 0.0, None 
 47.72, -122.91, 20.0, 2011-08-13 01:35:00, 0.0, None 
 47.703, -122.86, 24.2, 2011-08-13 01:42:30, 0.0, None 
 47.7, -122.875, 28.5, 2011-08-13 01:45:00, 0.0, None 
 47.63, -122.84, 20.0, 2011-08-13 01:47:30, 0.0, None 
 47.7, -123.09, 32.0, 2011-08-13 01:50:00, 0.0, None 
 47.67, -123.06, 28.5, 2011-08-13 01:52:30, 0.0, None 
 47.57, -122.97, 30.0, 2011-08-13 01:55:00, 0.0, None 
 47.37, -123.275, 60.0, 2011-08-13 01:57:30, 0.0, None 
 47.64, -122.87, 31.0, 2011-08-13 02:00:00, 0.0, None 
 47.7, -122.87, 46.5, 2011-08-13 02:02:30, 0.0, None 
 47.78, -122.98, 33.5, 2011-08-13 02:10:00, 0.0, None 
 47.8, -122.99, 34.0, 2011-08-13 02:12:30, 0.0, None 
 47.89, -122.97, 39.0, 2011-08-13 02:15:00, 0.0, None 
 47.795, -122.9, 20.0, 2011-08-13 02:17:30, 0.0, None 
 47.603, -122.925, 39.5, 2011-08-13 02:27:30, 0.0, None 
 47.585, -122.90700000000001, 25.5, 2011-08-13 02:30:00, 0.0, None 
 47.63, -122.88, 28.5, 2011-08-13 02:32:30, 0.0, None 
 47.59, -122.86, 20.5, 2011-08-13 02:35:00, 0.0, None 
 47.59, -122.84, 31.0, 2011-08-13 02:37:30, 0.0, None 
 47.59, -122.79, 33.0, 2011-08-13 02:40:00, 0.0, None 
 47.79, -123.0, 60.0, 2011-08-13 02:45:00, 0.0, None 
 47.57, -122.8, 20.0, 2011-08-13 02:45:00, 0.0, None 
 47.795, -123.05, 60.0, 2011-08-13 02:47:30, 0.0, None 
 47.63, -122.85, 34.0, 2011-08-13 02:50:00, 0.0, None 
 47.63, -122.925, 33.0, 2011-08-13 02:52:30, 0.0, None 
 47.61, -122.93, 35.0, 2011-08-13 02:55:00, 0.0, None 
 47.71, -122.66, 60.0, 2011-08-13 02:57:30, 0.0, None 
 47.81, -123.1, 29.5, 2011-08-13 03:02:30, 0.0, None 
 47.8, -123.305, 20.0, 2011-08-13 03:05:00, 0.0, None 
 47.57, -122.76, 28.0, 2011-08-13 03:07:30, 0.0, None 
 47.57, -122.75, 27.0, 2011-08-13 03:10:00, 0.0, None 
 47.545, -122.8, 29.5, 2011-08-13 03:12:30, 0.0, None 
 47.85, -123.08, 60.0, 2011-08-13 03:12:30, 0.0, None 
 47.58, -122.705, 30.5, 2011-08-13 03:17:30, 0.0, None 
 47.3, -122.83, 60.0, 2011-08-13 03:17:30, 0.0, None 
 47.52, -122.75, 26.0, 2011-08-13 03:20:00, 0.0, None 
 47.52, -122.86, 40.0, 2011-08-13 03:22:30, 0.0, None 
 47.61, -122.76, 42.5, 2011-08-13 03:25:00, 0.0, None 
 47.52, -122.695, 36.0, 2011-08-13 03:27:30, 0.0, None 
 47.5, -122.87, 41.0, 2011-08-13 03:32:30, 0.0, None 
 47.58, -122.75, 31.0, 2011-08-13 03:35:00, 0.0, None 
 47.62, -123.2, 48.0, 2011-08-13 03:37:30, 0.0, None 
 47.825, -123.3, 60.0, 2011-08-13 03:47:30, 0.0, None 
 47.89, -123.1, 28.0, 2011-08-13 03:52:30, 0.0, None 
 47.89, -123.11, 24.0, 2011-08-13 03:55:00, 0.0, None 
 47.66, -123.07, 20.0, 2011-08-13 04:02:30, 0.0, None 
 47.71, -122.88, 47.0, 2011-08-13 04:22:30, 0.0, None 
 47.665, -122.84, 48.0, 2011-08-13 04:25:00, 0.0, None 
 47.68, -122.72, 49.0, 2011-08-13 04:27:30, 0.0, None 
 47.62, -123.07, 20.0, 2011-08-13 04:30:00, 0.0, None 
 47.725, -123.235, 52.0, 2011-08-13 04:32:30, 0.0, None 
 47.8, -122.725, 60.0, 2011-08-13 04:35:00, 0.0, None 
 47.76, -123.11, 34.0, 2011-08-13 04:45:00, 0.0, None 
 47.53, -123.21, 60.0, 2011-08-13 04:57:30, 0.0, None 
 47.87, -122.89, 20.0, 2011-08-13 05:00:00, 0.0, None 
 47.82, -122.985, 28.5, 2011-08-13 05:02:30, 0.0, None 
 47.78, -123.11, 20.0, 2011-08-13 05:05:00, 0.0, None 
 47.82, -123.125, 29.0, 2011-08-13 05:07:30, 0.0, None 
 47.78, -123.12, 34.0, 2011-08-13 05:10:00, 0.0, None 
 47.805, -123.045, 23.2, 2011-08-13 05:12:30, 0.0, None 
 47.79, -123.005, 27.0, 2011-08-13 05:15:00, 0.0, None 
 47.55, -122.83, 20.0, 2011-08-13 05:17:30, 0.0, None 
 47.61, -123.22, 50.0, 2011-08-13 05:30:00, 0.0, None 
 47.49, -123.405, 60.0, 2011-08-13 05:40:00, 0.0, None 
 47.505, -123.41, 40.0, 2011-08-13 05:42:30, 0.0, None 
 47.47, -123.382, 60.0, 2011-08-13 05:47:30, 0.0, None 
 47.48, -123.055, 33.0, 2011-08-13 05:55:00, 0.0, None 
 47.532, -123.08200000000001, 56.0, 2011-08-13 05:57:30, 0.0, None 
 47.445, -123.17200000000001, 38.0, 2011-08-13 06:00:00, 0.0, None 
 47.41, -123.0, 24.0, 2011-08-13 06:20:00, 0.0, None 
 47.415, -122.977, 23.0, 2011-08-13 06:22:30, 0.0, None 
 47.418, -122.995, 21.8, 2011-08-13 06:25:00, 0.0, None 
 47.46, -123.023, 32.8, 2011-08-13 06:27:30, 0.0, None 
 47.45, -122.85700000000001, 60.0, 2011-08-13 06:32:30, 0.0, None 
 47.435, -123.035, 48.0, 2011-08-13 06:35:00, 0.0, None 
 47.31, -122.96, 60.0, 2011-08-13 06:37:30, 0.0, None 
 47.42, -123.125, 25.5, 2011-08-13 06:40:00, 0.0, None 
 47.445, -122.977, 20.0, 2011-08-13 06:47:30, 0.0, None 
 47.463, -123.04, 20.0, 2011-08-13 06:50:00, 0.0, None 
 47.49, -123.265, 60.0, 2011-08-13 06:57:30, 0.0, None 
 47.415, -122.915, 23.5, 2011-08-13 07:07:30, 0.0, None 
 47.42, -122.93, 24.0, 2011-08-13 07:10:00, 0.0, None 
 47.485, -122.9, 60.0, 2011-08-13 07:12:30, 0.0, None 
 47.45, -123.125, 27.5, 2011-08-13 07:15:00, 0.0, None 
 47.39, -123.21, 35.0, 2011-08-13 07:17:30, 0.0, None 
 47.47, -122.96, 36.2, 2011-08-13 07:27:30, 0.0, None 
 47.475, -123.05, 38.8, 2011-08-13 07:30:00, 0.0, None 
 47.425, -122.96799999999999, 33.0, 2011-08-13 07:32:30, 0.0, None 
 47.495, -122.915, 27.0, 2011-08-13 07:35:00, 0.0, None 
 47.59, -123.03, 48.5, 2011-08-13 07:37:30, 0.0, None 
 47.422, -122.93299999999999, 40.0, 2011-08-13 07:40:00, 0.0, None 
 47.44, -123.08, 29.0, 2011-08-13 07:42:30, 0.0, None 
 47.45, -122.98200000000001, 20.0, 2011-08-13 07:45:00, 0.0, None 
 47.455, -122.975, 20.0, 2011-08-13 07:47:30, 0.0, None 
 47.47, -123.03, 20.0, 2011-08-13 07:50:00, 0.0, None 
 47.265, -123.205, 20.0, 2011-08-13 07:52:30, 0.0, None 
 47.586999999999996, -122.963, 45.5, 2011-08-13 07:55:00, 0.0, None 
 47.595, -122.91, 52.5, 2011-08-13 07:57:30, 0.0, None 
 47.71, -123.0, 43.5, 2011-08-13 08:02:30, 0.0, None 
 47.835, -122.89, 51.0, 2011-08-13 08:05:00, 0.0, None 
 47.83, -122.97, 60.0, 2011-08-13 08:07:30, 0.0, None 
 47.385, -123.22, 41.0, 2011-08-13 08:10:00, 0.0, None 
 47.585, -122.785, 33.0, 2011-08-13 08:12:30, 0.0, None 
 47.565, -122.855, 29.0, 2011-08-13 08:15:00, 0.0, None 
 47.483000000000004, -123.075, 37.2, 2011-08-13 08:17:30, 0.0, None 
 47.465, -123.185, 20.0, 2011-08-13 08:20:00, 0.0, None 
 47.265, -123.17, 25.5, 2011-08-13 08:32:30, 0.0, None 
 47.785, -123.02, 32.0, 2011-08-13 08:37:30, 0.0, None 
 47.415, -122.96, 37.5, 2011-08-13 08:37:30, 0.0, None 
 47.82, -122.98, 26.5, 2011-08-13 08:40:00, 0.0, None 
 47.3, -123.08, 20.0, 2011-08-13 08:40:00, 0.0, None 
 47.52, -122.89, 32.0, 2011-08-13 08:50:00, 0.0, None 
 47.53, -122.875, 28.5, 2011-08-13 08:52:30, 0.0, None 
 47.53, -122.895, 24.5, 2011-08-13 08:55:00, 0.0, None 
 47.455, -122.87700000000001, 60.0, 2011-08-13 08:57:30, 0.0, None 
 47.47, -122.92, 40.0, 2011-08-13 09:00:00, 0.0, None 
 47.365, -122.775, 20.0, 2011-08-13 09:02:30, 0.0, None 
 47.545, -122.78, 30.0, 2011-08-13 09:05:00, 0.0, None 
 48.0, -122.85, 60.0, 2011-08-13 09:07:30, 0.0, None 
 47.586999999999996, -122.97, 36.8, 2011-08-13 09:10:00, 0.0, None 
 47.71, -122.93, 38.0, 2011-08-13 09:15:00, 0.0, None 
 47.73, -122.91, 34.0, 2011-08-13 09:17:30, 0.0, None 
 47.825, -123.31, 29.0, 2011-08-13 09:27:30, 0.0, None 
 47.39, -122.825, 20.0, 2011-08-13 09:30:00, 0.0, None 
 47.305, -123.105, 20.0, 2011-08-13 09:37:30, 0.0, None 
 47.295, -123.075, 20.0, 2011-08-13 09:40:00, 0.0, None 
 47.775, -122.96, 51.0, 2011-08-13 09:45:00, 0.0, None 
 47.54, -122.98700000000001, 48.0, 2011-08-13 09:47:30, 0.0, None 
 47.47, -122.84299999999999, 37.2, 2011-08-13 09:50:00, 0.0, None 
 47.54, -122.7, 25.0, 2011-08-13 09:55:00, 0.0, None 
 47.45, -122.78, 60.0, 2011-08-13 09:57:30, 0.0, None 
 47.265, -123.13, 38.5, 2011-08-13 10:05:00, 0.0, None 
 47.33, -123.035, 20.0, 2011-08-13 10:07:30, 0.0, None 
 47.35, -123.06, 20.0, 2011-08-13 10:10:00, 0.0, None 
 47.282, -122.84, 38.5, 2011-08-13 10:12:30, 0.0, None 
 47.438, -122.81200000000001, 22.8, 2011-08-13 10:15:00, 0.0, None 
 47.418, -122.81, 20.0, 2011-08-13 10:17:30, 0.0, None 
 47.413000000000004, -123.05, 27.0, 2011-08-13 10:20:00, 0.0, None 
 47.53, -123.14, 35.0, 2011-08-13 10:22:30, 0.0, None 
 47.31, -123.025, 20.0, 2011-08-13 10:25:00, 0.0, None 
 47.315, -123.03, 20.0, 2011-08-13 10:27:30, 0.0, None 
 47.38, -122.93, 20.0, 2011-08-13 10:30:00, 0.0, None 
 47.45, -122.89, 23.0, 2011-08-13 10:35:00, 0.0, None 
 47.305, -122.805, 20.0, 2011-08-13 10:40:00, 0.0, None 
 47.79, -122.99, 34.0, 2011-08-13 10:42:30, 0.0, None 
 47.79, -123.055, 32.0, 2011-08-13 10:45:00, 0.0, None 
 47.8, -123.0, 37.0, 2011-08-13 10:47:30, 0.0, None 
 47.855, -123.09, 26.5, 2011-08-13 10:50:00, 0.0, None 
 47.78, -123.09, 50.5, 2011-08-13 10:52:30, 0.0, None 
 47.505, -122.895, 26.0, 2011-08-13 10:52:30, 0.0, None 
 47.44, -123.02, 20.0, 2011-08-13 10:55:00, 0.0, None 
 47.31, -123.115, 30.5, 2011-08-13 10:57:30, 0.0, None 
 47.405, -123.012, 20.0, 2011-08-13 11:00:00, 0.0, None 
 47.477, -122.785, 60.0, 2011-08-13 11:02:30, 0.0, None 
 47.376999999999995, -122.93799999999999, 20.0, 2011-08-13 11:05:00, 0.0, None 
 47.373000000000005, -122.99799999999999, 20.0, 2011-08-13 11:07:30, 0.0, None 
 47.385, -123.01, 24.0, 2011-08-13 11:10:00, 0.0, None 
 47.48, -123.0, 43.0, 2011-08-13 11:12:30, 0.0, None 
 47.64, -123.16, 56.0, 2011-08-13 11:15:00, 0.0, None 
 47.605, -122.925, 43.5, 2011-08-13 11:17:30, 0.0, None 
 47.44, -122.868, 28.5, 2011-08-13 11:20:00, 0.0, None 
 47.435, -122.855, 22.5, 2011-08-13 11:22:30, 0.0, None 
 47.5, -122.87299999999999, 33.2, 2011-08-13 11:25:00, 0.0, None 
 47.805, -122.99, 31.0, 2011-08-13 11:27:30, 0.0, None 
 47.25, -122.99, 60.0, 2011-08-13 11:27:30, 0.0, None 
 47.415, -122.67, 60.0, 2011-08-13 11:30:00, 0.0, None 
 47.42, -123.12, 35.0, 2011-08-13 11:32:30, 0.0, None 
 47.56, -123.09, 60.0, 2011-08-13 11:37:30, 0.0, None 
 47.73, -123.22, 20.0, 2011-08-13 11:40:00, 0.0, None 
 47.8, -122.765, 60.0, 2011-08-13 11:42:30, 0.0, None 
 47.79, -122.67, 60.0, 2011-08-13 11:50:00, 0.0, None 
 47.9, -122.97, 26.0, 2011-08-13 11:55:00, 0.0, None 
 47.31, -122.94, 60.0, 2011-08-13 11:57:30, 0.0, None 
 47.472, -122.912, 36.0, 2011-08-13 12:00:00, 0.0, None 
 47.4, -122.95299999999999, 35.5, 2011-08-13 12:02:30, 0.0, None 
 47.325, -122.95, 20.0, 2011-08-13 12:05:00, 0.0, None 
 47.39, -122.905, 40.0, 2011-08-13 12:07:30, 0.0, None 
 47.3, -123.02, 20.0, 2011-08-13 12:10:00, 0.0, None 
 47.295, -122.99, 20.0, 2011-08-13 12:12:30, 0.0, None 
 47.32, -123.053, 20.0, 2011-08-13 12:15:00, 0.0, None 
 47.36, -122.98299999999999, 24.0, 2011-08-13 12:17:30, 0.0, None 
 47.44, -122.9, 44.8, 2011-08-13 12:20:00, 0.0, None 
 47.425, -122.975, 23.2, 2011-08-13 12:22:30, 0.0, None 
 47.376999999999995, -122.97200000000001, 29.5, 2011-08-13 12:25:00, 0.0, None 
 47.44, -123.07, 60.0, 2011-08-13 12:40:00, 0.0, None 
 47.26, -122.87, 60.0, 2011-08-13 12:45:00, 0.0, None 
 47.81, -123.07, 60.0, 2011-08-13 12:50:00, 0.0, None 
 47.88, -123.035, 60.0, 2011-08-13 12:52:30, 0.0, None 
 47.755, -122.66, 60.0, 2011-08-13 12:57:30, 0.0, None 
 47.81, -122.8, 60.0, 2011-08-13 13:10:00, 0.0, None 
 47.415, -122.82, 20.0, 2011-08-13 13:12:30, 0.0, None 
 47.425, -122.835, 20.0, 2011-08-13 13:15:00, 0.0, None 
 47.43, -122.78, 20.0, 2011-08-13 13:17:30, 0.0, None 
 47.41, -122.78, 20.0, 2011-08-13 13:20:00, 0.0, None 
 47.332, -122.885, 25.5, 2011-08-13 13:25:00, 0.0, None 
 47.67, -122.73, 41.5, 2011-08-13 13:35:00, 0.0, None 
 47.395, -122.695, 49.0, 2011-08-13 13:40:00, 0.0, None 
 47.375, -122.815, 22.2, 2011-08-13 13:42:30, 0.0, None 
 47.375, -122.84, 20.0, 2011-08-13 13:45:00, 0.0, None 
 47.645, -122.815, 44.0, 2011-08-13 13:47:30, 0.0, None 
 47.33, -122.9, 25.5, 2011-08-13 13:50:00, 0.0, None 
 47.375, -122.92, 27.5, 2011-08-13 13:52:30, 0.0, None 
 47.44, -122.988, 20.0, 2011-08-13 14:02:30, 0.0, None 
 47.35, -123.19, 38.5, 2011-08-13 14:05:00, 0.0, None 
 47.41, -122.79, 55.0, 2011-08-13 14:10:00, 0.0, None 
 47.306999999999995, -123.053, 20.0, 2011-08-13 14:12:30, 0.0, None 
 47.34, -123.03200000000001, 23.8, 2011-08-13 14:15:00, 0.0, None 
 47.385, -122.865, 35.0, 2011-08-13 14:17:30, 0.0, None 
 47.36, -122.785, 32.5, 2011-08-13 14:20:00, 0.0, None 
 47.355, -122.74799999999999, 31.8, 2011-08-13 14:22:30, 0.0, None 
 47.5, -122.76, 43.0, 2011-08-13 14:25:00, 0.0, None 
 47.32, -122.955, 23.0, 2011-08-13 14:27:30, 0.0, None 
 47.33, -122.89200000000001, 20.0, 2011-08-13 14:30:00, 0.0, None 
 47.383, -122.91, 43.0, 2011-08-13 14:32:30, 0.0, None 
 47.388000000000005, -122.75, 41.0, 2011-08-13 14:37:30, 0.0, None 
 47.33, -122.72, 20.0, 2011-08-13 14:40:00, 0.0, None 
 47.31, -122.8, 32.0, 2011-08-13 14:55:00, 0.0, None 
 47.735, -122.87, 60.0, 2011-08-13 15:00:00, 0.0, None 
 47.33, -122.81, 46.0, 2011-08-13 15:02:30, 0.0, None 
 47.37, -123.005, 39.5, 2011-08-13 15:05:00, 0.0, None 
 47.8, -123.075, 22.0, 2011-08-13 15:07:30, 0.0, None 
 47.715, -122.995, 41.0, 2011-08-13 15:17:30, 0.0, None 
 47.71, -123.08, 30.0, 2011-08-13 15:20:00, 0.0, None 
 47.52, -123.32, 39.0, 2011-08-13 15:20:00, 0.0, None 
 47.705, -123.165, 47.0, 2011-08-13 15:32:30, 0.0, None 
 47.81, -123.19, 29.5, 2011-08-13 15:35:00, 0.0, None 
 47.875, -123.02, 31.0, 2011-08-13 15:47:30, 0.0, None 
 47.88, -123.0, 33.0, 2011-08-13 15:50:00, 0.0, None 
 47.86, -122.93, 20.0, 2011-08-13 15:52:30, 0.0, None 
 47.883, -122.912, 20.0, 2011-08-13 15:55:00, 0.0, None 
 47.77, -123.165, 34.8, 2011-08-13 16:10:00, 0.0, None 
 47.78, -123.175, 33.0, 2011-08-13 16:12:30, 0.0, None 
 47.82, -123.05, 32.5, 2011-08-13 16:17:30, 0.0, None 
 47.81, -123.025, 44.0, 2011-08-13 16:20:00, 0.0, None 
 47.76, -122.99, 42.0, 2011-08-13 16:22:30, 0.0, None 
 47.7, -123.015, 32.0, 2011-08-13 16:25:00, 0.0, None 
 47.7, -123.055, 25.2, 2011-08-13 16:30:00, 0.0, None 
 47.763000000000005, -123.06, 30.0, 2011-08-13 16:32:30, 0.0, None 
 47.775, -123.13, 47.0, 2011-08-13 16:35:00, 0.0, None 
 47.81, -123.06, 43.5, 2011-08-13 16:37:30, 0.0, None 
 47.39, -123.34, 46.0, 2011-08-13 16:52:30, 0.0, None 
 47.41, -123.31, 35.0, 2011-08-13 16:55:00, 0.0, None 
 47.43, -123.29, 49.0, 2011-08-13 16:57:30, 0.0, None 
 47.385, -123.175, 35.0, 2011-08-13 17:02:30, 0.0, None 
 47.71, -123.01, 60.0, 2011-08-13 17:02:30, 0.0, None 
 47.34, -122.885, 60.0, 2011-08-13 17:05:00, 0.0, None 
 47.38, -122.88, 20.0, 2011-08-13 17:07:30, 0.0, None 
 47.49, -122.9, 20.0, 2011-08-13 17:10:00, 0.0, None 
 47.39, -122.715, 24.0, 2011-08-13 17:15:00, 0.0, None 
 47.305, -122.805, 26.2, 2011-08-13 17:20:00, 0.0, None 
 47.3, -122.81, 20.0, 2011-08-13 17:22:30, 0.0, None 
 47.59, -123.23, 43.5, 2011-08-13 17:30:00, 0.0, None 
 47.55, -123.4, 53.0, 2011-08-13 17:35:00, 0.0, None 
 47.69, -123.23, 25.0, 2011-08-13 17:42:30, 0.0, None 
 47.29, -123.11, 28.0, 2011-08-13 17:52:30, 0.0, None 
 47.31, -123.11, 23.0, 2011-08-13 17:55:00, 0.0, None 
 47.82, -123.035, 60.0, 2011-08-13 18:10:00, 0.0, None 
 47.82, -122.81, 20.0, 2011-08-13 18:12:30, 0.0, None 
 47.69, -122.7, 60.0, 2011-08-13 18:15:00, 0.0, None 
 47.7, -123.11, 41.5, 2011-08-13 18:32:30, 0.0, None 
 47.71, -123.21, 30.0, 2011-08-13 18:35:00, 0.0, None 
 47.66, -123.19, 36.0, 2011-08-13 18:37:30, 0.0, None 
 47.73, -123.12, 39.5, 2011-08-13 18:40:00, 0.0, None 
 47.705, -123.09, 22.2, 2011-08-13 18:42:30, 0.0, None 
 47.91, -122.9, 20.0, 2011-08-13 18:47:30, 0.0, None 
 48.0, -122.92, 26.5, 2011-08-13 18:52:30, 0.0, None 
 47.82, -123.01, 27.0, 2011-08-13 19:17:30, 0.0, None 
 47.81, -123.06, 30.0, 2011-08-13 19:20:00, 0.0, None 
 47.72, -123.235, 41.0, 2011-08-13 19:22:30, 0.0, None 
 47.895, -122.98, 31.0, 2011-08-13 19:27:30, 0.0, None 
 47.895, -122.94, 42.5, 2011-08-13 19:30:00, 0.0, None 
 47.895, -122.99, 31.0, 2011-08-13 19:37:30, 0.0, None 
 47.812, -123.04, 60.0, 2011-08-13 20:12:30, 0.0, None 
 47.45, -122.9, 20.0, 2011-08-13 20:22:30, 0.0, None 
 47.53, -122.88, 60.0, 2011-08-13 20:57:30, 0.0, None 
 47.89, -123.02, 23.5, 2011-08-13 21:00:00, 0.0, None 
 47.855, -123.05, 25.5, 2011-08-13 21:02:30, 0.0, None 
 47.83, -123.095, 28.0, 2011-08-13 21:05:00, 0.0, None 
 47.88, -123.06, 25.0, 2011-08-13 21:07:30, 0.0, None 
 47.63, -123.11, 20.0, 2011-08-13 21:07:30, 0.0, None 
 47.95, -123.06, 26.0, 2011-08-13 21:10:00, 0.0, None 
 47.705, -122.99, 60.0, 2011-08-13 21:12:30, 0.0, None 
 47.81, -123.08, 60.0, 2011-08-13 21:15:00, 0.0, None 
 47.565, -123.225, 60.0, 2011-08-13 21:25:00, 0.0, None 
 47.75, -123.08, 54.5, 2011-08-13 21:30:00, 0.0, None 
 47.68, -123.23, 34.5, 2011-08-13 21:32:30, 0.0, None 
 47.52, -123.28, 60.0, 2011-08-13 21:35:00, 0.0, None 
 47.63, -123.2, 20.0, 2011-08-13 21:45:00, 0.0, None 
 47.65, -123.12, 28.0, 2011-08-13 21:47:30, 0.0, None 
 47.62, -123.23, 47.0, 2011-08-13 21:50:00, 0.0, None 
 47.71, -123.15, 60.0, 2011-08-13 21:57:30, 0.0, None 
 47.46, -122.85, 60.0, 2011-08-13 21:57:30, 0.0, None 
 47.595, -123.00200000000001, 46.8, 2011-08-13 22:00:00, 0.0, None 
 47.65, -123.04, 20.0, 2011-08-13 22:02:30, 0.0, None 
 47.64, -123.03, 32.0, 2011-08-13 22:05:00, 0.0, None 
 47.71, -123.0, 53.0, 2011-08-13 22:07:30, 0.0, None 
 47.62, -123.12, 60.0, 2011-08-13 22:12:30, 0.0, None 
 47.63, -123.08, 33.0, 2011-08-13 22:20:00, 0.0, None 
 47.665, -123.1, 37.5, 2011-08-13 22:22:30, 0.0, None 
 47.54, -123.08, 43.5, 2011-08-13 22:25:00, 0.0, None 
 47.523, -123.04299999999999, 23.0, 2011-08-13 22:27:30, 0.0, None 
 47.62, -122.91, 38.5, 2011-08-13 22:30:00, 0.0, None 
 47.61, -123.02, 36.5, 2011-08-13 22:32:30, 0.0, None 
 47.71, -122.89, 60.0, 2011-08-13 22:35:00, 0.0, None 
 47.61, -123.025, 39.5, 2011-08-13 22:42:30, 0.0, None 
 47.51, -123.42, 60.0, 2011-08-13 22:42:30, 0.0, None 
 47.96, -122.91, 20.0, 2011-08-13 22:47:30, 0.0, None 
 47.42, -122.995, 27.0, 2011-08-13 22:55:00, 0.0, None 
 47.53, -123.37, 60.0, 2011-08-13 22:55:00, 0.0, None 
 47.47, -123.075, 56.0, 2011-08-13 22:57:30, 0.0, None 
 47.472, -123.045, 40.0, 2011-08-13 23:00:00, 0.0, None 
 47.73, -122.89, 60.0, 2011-08-13 23:02:30, 0.0, None 
 47.54, -122.97, 28.5, 2011-08-13 23:05:00, 0.0, None 
 47.58, -122.955, 35.2, 2011-08-13 23:07:30, 0.0, None 
 47.69, -122.89, 60.0, 2011-08-13 23:10:00, 0.0, None 
 47.46, -122.86, 20.0, 2011-08-13 23:10:00, 0.0, None 
 47.39, -122.85, 20.0, 2011-08-13 23:12:30, 0.0, None 
 47.49, -122.875, 22.0, 2011-08-13 23:20:00, 0.0, None 
 47.64, -123.09700000000001, 60.0, 2011-08-13 23:22:30, 0.0, None 
 47.555, -122.73, 33.0, 2011-08-13 23:32:30, 0.0, None 
 47.5, -122.72, 60.0, 2011-08-13 23:42:30, 0.0, None 
 47.57, -123.0, 52.5, 2011-08-13 23:45:00, 0.0, None 
 47.57, -123.02, 34.0, 2011-08-13 23:47:30, 0.0, None 
 47.28, -123.105, 20.0, 2011-08-14 00:15:00, 0.0, None 
 47.385, -123.04, 60.0, 2011-08-14 00:25:00, 0.0, None 
 47.335, -122.925, 26.0, 2011-08-14 00:27:30, 0.0, None 
 47.42, -123.005, 22.5, 2011-08-14 00:30:00, 0.0, None 
 47.49, -123.15, 50.0, 2011-08-14 00:35:00, 0.0, None 
 47.31, -122.87, 29.0, 2011-08-14 00:37:30, 0.0, None 
 47.79, -123.125, 60.0, 2011-08-14 00:40:00, 0.0, None 
 47.96, -123.0, 20.0, 2011-08-14 00:42:30, 0.0, None 
 47.275, -122.963, 44.5, 2011-08-14 00:42:30, 0.0, None 
 47.225, -123.035, 26.0, 2011-08-14 00:45:00, 0.0, None 
 47.765, -122.935, 44.0, 2011-08-14 00:50:00, 0.0, None 
 47.34, -122.9, 20.0, 2011-08-14 00:50:00, 0.0, None 
 47.37, -122.87700000000001, 20.0, 2011-08-14 00:52:30, 0.0, None 
 47.245, -123.11, 60.0, 2011-08-14 00:57:30, 0.0, None 
 47.31, -122.928, 40.0, 2011-08-14 01:00:00, 0.0, None 
 47.735, -122.83, 42.5, 2011-08-14 01:02:30, 0.0, None 
 47.35, -122.9, 20.0, 2011-08-14 01:02:30, 0.0, None 
 47.91, -122.98, 48.0, 2011-08-14 01:05:00, 0.0, None 
 47.375, -122.885, 35.2, 2011-08-14 01:05:00, 0.0, None 
 47.332, -122.93299999999999, 26.8, 2011-08-14 01:07:30, 0.0, None 
 47.415, -123.01, 41.0, 2011-08-14 01:10:00, 0.0, None 
 47.48, -122.97, 36.0, 2011-08-14 01:12:30, 0.0, None 
 47.41, -122.927, 53.2, 2011-08-14 01:20:00, 0.0, None 
 47.93, -122.895, 33.5, 2011-08-14 01:27:30, 0.0, None 
 47.955, -122.88, 25.8, 2011-08-14 01:30:00, 0.0, None 
 47.895, -122.94, 60.0, 2011-08-14 01:32:30, 0.0, None 
 47.79, -122.97200000000001, 30.0, 2011-08-14 01:35:00, 0.0, None 
 47.87, -122.88, 20.0, 2011-08-14 01:40:00, 0.0, None 
 47.53, -122.845, 23.5, 2011-08-14 01:40:00, 0.0, None 
 47.51, -122.805, 24.0, 2011-08-14 01:42:30, 0.0, None 
 47.67, -122.8, 34.0, 2011-08-14 01:45:00, 0.0, None 
 47.922, -122.95299999999999, 60.0, 2011-08-14 01:47:30, 0.0, None 
 47.705, -122.89, 57.5, 2011-08-14 01:50:00, 0.0, None 
 47.61, -122.84, 32.0, 2011-08-14 01:52:30, 0.0, None 
 47.39, -122.85, 38.0, 2011-08-14 01:55:00, 0.0, None 
 47.3, -122.9, 60.0, 2011-08-14 01:57:30, 0.0, None 
 47.98, -123.04, 20.0, 2011-08-14 02:00:00, 0.0, None 
 47.9, -123.105, 29.0, 2011-08-14 02:02:30, 0.0, None 
 47.785, -123.1, 50.5, 2011-08-14 02:05:00, 0.0, None 
 47.23, -123.09, 44.0, 2011-08-14 02:07:30, 0.0, None 
 47.26, -122.95, 20.0, 2011-08-14 02:10:00, 0.0, None 
 47.41, -122.875, 20.0, 2011-08-14 02:12:30, 0.0, None 
 47.417, -122.84, 20.0, 2011-08-14 02:20:00, 0.0, None 
 48.09, -122.99, 20.0, 2011-08-14 02:22:30, 0.0, None 
 47.71, -123.0, 30.0, 2011-08-14 02:25:00, 0.0, None 
 47.72, -123.02799999999999, 25.0, 2011-08-14 02:27:30, 0.0, None 
 47.545, -123.17, 29.0, 2011-08-14 02:32:30, 0.0, None 
 47.88, -123.01, 20.0, 2011-08-14 02:35:00, 0.0, None 
 48.0, -123.2, 54.0, 2011-08-14 02:37:30, 0.0, None 
 47.77, -122.955, 26.0, 2011-08-14 02:37:30, 0.0, None 
 47.51, -122.86, 60.0, 2011-08-14 02:37:30, 0.0, None 
 47.92, -123.125, 60.0, 2011-08-14 02:40:00, 0.0, None 
 47.665, -122.91, 29.5, 2011-08-14 02:40:00, 0.0, None 
 47.57, -122.795, 33.0, 2011-08-14 02:42:30, 0.0, None 
 47.325, -122.95, 20.0, 2011-08-14 02:42:30, 0.0, None 
 47.36, -123.0, 20.0, 2011-08-14 02:45:00, 0.0, None 
 47.498000000000005, -122.98200000000001, 27.0, 2011-08-14 02:47:30, 0.0, None 
 47.52, -122.955, 30.5, 2011-08-14 02:50:00, 0.0, None 
 47.48, -122.89, 60.0, 2011-08-14 02:52:30, 0.0, None 
 47.275, -123.09299999999999, 23.0, 2011-08-14 02:55:00, 0.0, None 
 47.28, -123.05, 28.2, 2011-08-14 02:57:30, 0.0, None 
 47.505, -123.0, 33.5, 2011-08-14 03:00:00, 0.0, None 
 47.538000000000004, -122.948, 60.0, 2011-08-14 03:02:30, 0.0, None 
 47.76, -122.895, 49.0, 2011-08-14 03:07:30, 0.0, None 
 47.985, -122.89, 27.5, 2011-08-14 03:10:00, 0.0, None 
 47.315, -123.01, 23.0, 2011-08-14 03:10:00, 0.0, None 
 47.9, -122.94, 42.0, 2011-08-14 03:12:30, 0.0, None 
 47.76, -123.145, 44.0, 2011-08-14 03:20:00, 0.0, None 
 47.77, -123.2, 20.0, 2011-08-14 03:22:30, 0.0, None 
 47.89, -123.1, 34.0, 2011-08-14 03:32:30, 0.0, None 
 47.965, -123.135, 30.5, 2011-08-14 03:35:00, 0.0, None 
 47.27, -123.07, 20.0, 2011-08-14 03:45:00, 0.0, None 
 47.21, -123.12, 60.0, 2011-08-14 03:50:00, 0.0, None 
 47.595, -123.0, 39.0, 2011-08-14 03:52:30, 0.0, None 
 47.78, -123.31, 60.0, 2011-08-14 03:57:30, 0.0, None 
 47.87, -122.85, 50.0, 2011-08-14 04:05:00, 0.0, None 
 47.83, -122.855, 56.0, 2011-08-14 04:07:30, 0.0, None 
 47.71, -123.03, 38.0, 2011-08-14 04:12:30, 0.0, None 
 47.71, -123.16, 29.5, 2011-08-14 04:15:00, 0.0, None 
 47.77, -123.24, 33.2, 2011-08-14 04:17:30, 0.0, None 
 47.835, -123.12, 23.0, 2011-08-14 04:32:30, 0.0, None 
 47.805, -123.11, 20.0, 2011-08-14 04:35:00, 0.0, None 
 47.81, -122.985, 60.0, 2011-08-14 04:37:30, 0.0, None 
 47.83, -123.05, 39.0, 2011-08-14 04:40:00, 0.0, None 
 47.852, -122.98299999999999, 50.5, 2011-08-14 04:42:30, 0.0, None 
 47.945, -122.93, 20.0, 2011-08-14 04:45:00, 0.0, None 
 47.8, -123.285, 50.0, 2011-08-14 05:00:00, 0.0, None 
 47.785, -123.195, 34.0, 2011-08-14 05:02:30, 0.0, None 
 47.62, -122.81, 60.0, 2011-08-14 05:05:00, 0.0, None 
 47.365, -122.905, 41.0, 2011-08-14 05:05:00, 0.0, None 
 47.86, -123.25, 53.0, 2011-08-14 05:10:00, 0.0, None 
 47.36, -122.855, 60.0, 2011-08-14 05:12:30, 0.0, None 
 47.34, -122.88799999999999, 45.5, 2011-08-14 05:20:00, 0.0, None 
 47.248000000000005, -122.975, 54.5, 2011-08-14 05:22:30, 0.0, None 
 47.505, -122.99, 60.0, 2011-08-14 05:25:00, 0.0, None 
 47.27, -123.085, 40.0, 2011-08-14 05:27:30, 0.0, None 
 47.42, -122.84, 60.0, 2011-08-14 05:30:00, 0.0, None 
 47.18, -123.03, 41.5, 2011-08-14 05:30:00, 0.0, None 
 47.675, -123.005, 60.0, 2011-08-14 05:32:30, 0.0, None 
 47.645, -123.165, 20.0, 2011-08-14 05:35:00, 0.0, None 
 47.713, -123.25, 47.0, 2011-08-14 05:37:30, 0.0, None 
 48.05, -123.16, 27.0, 2011-08-14 05:40:00, 0.0, None 
 47.68, -123.25, 28.0, 2011-08-14 05:40:00, 0.0, None 
 47.78, -123.12, 54.5, 2011-08-14 05:42:30, 0.0, None 
 47.79, -123.03, 57.0, 2011-08-14 05:45:00, 0.0, None 
 47.885, -122.955, 41.0, 2011-08-14 05:47:30, 0.0, None 
 47.8, -123.08, 60.0, 2011-08-14 05:55:00, 0.0, None 
 47.59, -123.19, 53.0, 2011-08-14 05:57:30, 0.0, None 
 47.63, -123.175, 42.0, 2011-08-14 06:00:00, 0.0, None 
 47.63, -122.9, 60.0, 2011-08-14 06:05:00, 0.0, None 
 47.695, -123.32, 20.0, 2011-08-14 06:05:00, 0.0, None 
 47.73, -123.07, 60.0, 2011-08-14 06:10:00, 0.0, None 
 47.89, -122.975, 28.0, 2011-08-14 06:15:00, 0.0, None 
 47.81, -123.36, 57.0, 2011-08-14 06:17:30, 0.0, None 
 47.65, -123.25, 25.5, 2011-08-14 06:27:30, 0.0, None 
 47.685, -123.09, 51.5, 2011-08-14 06:30:00, 0.0, None 
 47.74, -123.07, 20.0, 2011-08-14 06:32:30, 0.0, None 
 47.74, -123.085, 20.0, 2011-08-14 06:35:00, 0.0, None 
 47.65, -123.12, 25.0, 2011-08-14 06:37:30, 0.0, None 
 47.68, -123.16, 31.5, 2011-08-14 06:40:00, 0.0, None 
 47.657, -123.17, 44.0, 2011-08-14 06:42:30, 0.0, None 
 47.85, -122.98, 60.0, 2011-08-14 06:45:00, 0.0, None 
 47.891999999999996, -123.009, 46.0, 2011-08-14 06:47:30, 0.0, None 
 47.71, -123.213, 29.0, 2011-08-14 06:50:00, 0.0, None 
 47.81, -123.13, 22.0, 2011-08-14 07:02:30, 0.0, None 
 47.82, -123.07, 30.0, 2011-08-14 07:05:00, 0.0, None 
 47.778, -123.2, 28.2, 2011-08-14 07:07:30, 0.0, None 
 47.7, -123.4, 60.0, 2011-08-14 07:10:00, 0.0, None 
 47.69, -123.27, 29.5, 2011-08-14 07:12:30, 0.0, None 
 47.711999999999996, -123.185, 35.5, 2011-08-14 07:15:00, 0.0, None 
 47.703, -123.19200000000001, 34.5, 2011-08-14 07:17:30, 0.0, None 
 47.64, -123.2, 29.0, 2011-08-14 07:20:00, 0.0, None 
 47.71, -123.115, 20.0, 2011-08-14 07:22:30, 0.0, None 
 47.74, -123.14, 34.0, 2011-08-14 07:25:00, 0.0, None 
 47.828, -123.273, 43.0, 2011-08-14 07:27:30, 0.0, None 
 47.83, -123.06, 40.0, 2011-08-14 07:32:30, 0.0, None 
 47.88, -123.06, 32.5, 2011-08-14 07:35:00, 0.0, None 
 47.885, -123.12, 24.5, 2011-08-14 07:37:30, 0.0, None 
 47.85, -123.1, 38.0, 2011-08-14 07:40:00, 0.0, None 
 47.733000000000004, -123.055, 32.2, 2011-08-14 07:42:30, 0.0, None 
 47.815, -123.01, 28.2, 2011-08-14 07:45:00, 0.0, None 
 47.83, -123.1, 31.5, 2011-08-14 07:47:30, 0.0, None 
 47.29, -122.82, 20.0, 2011-08-14 07:47:30, 0.0, None 
 47.82, -123.0, 23.5, 2011-08-14 07:50:00, 0.0, None 
 47.795, -123.0, 60.0, 2011-08-14 07:57:30, 0.0, None 
 47.655, -123.255, 20.0, 2011-08-14 08:02:30, 0.0, None 
 47.835, -123.11, 32.0, 2011-08-14 08:05:00, 0.0, None 
 48.0, -122.97, 26.0, 2011-08-14 08:10:00, 0.0, None 
 47.94, -123.0, 45.0, 2011-08-14 08:12:30, 0.0, None 
 47.94, -122.985, 46.0, 2011-08-14 08:15:00, 0.0, None 
 47.835, -122.905, 24.0, 2011-08-14 08:17:30, 0.0, None 
 47.52, -122.88, 32.0, 2011-08-14 08:17:30, 0.0, None 
 47.895, -122.99, 52.0, 2011-08-14 08:20:00, 0.0, None 
 47.945, -123.072, 45.2, 2011-08-14 08:22:30, 0.0, None 
 47.99, -123.09, 33.2, 2011-08-14 08:25:00, 0.0, None 
 47.775, -123.27, 60.0, 2011-08-14 08:30:00, 0.0, None 
 47.87, -122.95, 60.0, 2011-08-14 08:37:30, 0.0, None 
 47.805, -123.095, 51.0, 2011-08-14 08:40:00, 0.0, None 
 47.81, -123.12, 47.0, 2011-08-14 08:42:30, 0.0, None 
 47.81, -123.09, 37.0, 2011-08-14 08:45:00, 0.0, None 
 47.79, -123.125, 25.0, 2011-08-14 08:47:30, 0.0, None 
 47.692, -123.19200000000001, 33.8, 2011-08-14 08:50:00, 0.0, None 
 47.69, -123.25, 20.0, 2011-08-14 08:52:30, 0.0, None 
 47.985, -122.975, 40.5, 2011-08-14 08:57:30, 0.0, None 
 47.72, -123.38, 60.0, 2011-08-14 09:00:00, 0.0, None 
 47.715, -123.208, 52.0, 2011-08-14 09:02:30, 0.0, None 
 47.58, -123.115, 38.0, 2011-08-14 09:05:00, 0.0, None 
 47.62, -123.14, 20.0, 2011-08-14 09:07:30, 0.0, None 
 47.74, -123.17, 20.0, 2011-08-14 09:10:00, 0.0, None 
 47.71, -123.18, 20.0, 2011-08-14 09:12:30, 0.0, None 
 47.64, -123.015, 40.0, 2011-08-14 09:15:00, 0.0, None 
 47.69, -123.29, 53.5, 2011-08-14 09:17:30, 0.0, None 
 47.89, -123.12, 35.0, 2011-08-14 09:22:30, 0.0, None 
 47.78, -123.12, 36.5, 2011-08-14 09:25:00, 0.0, None 
 47.77, -123.12, 30.0, 2011-08-14 09:27:30, 0.0, None 
 47.74, -122.99, 53.0, 2011-08-14 09:30:00, 0.0, None 
 47.745, -123.09299999999999, 28.5, 2011-08-14 09:32:30, 0.0, None 
 47.7, -123.01, 31.5, 2011-08-14 09:35:00, 0.0, None 
 47.595, -123.072, 26.0, 2011-08-14 09:42:30, 0.0, None 
 47.655, -122.91, 60.0, 2011-08-14 09:45:00, 0.0, None 
 47.71, -123.075, 26.0, 2011-08-14 09:47:30, 0.0, None 
 47.72, -123.1, 20.0, 2011-08-14 09:50:00, 0.0, None 
 47.72, -123.02, 35.0, 2011-08-14 09:52:30, 0.0, None 
 47.71, -122.98, 26.0, 2011-08-14 09:55:00, 0.0, None 
 47.67, -123.32, 54.0, 2011-08-14 09:57:30, 0.0, None 
 47.8, -123.05, 30.0, 2011-08-14 10:00:00, 0.0, None 
 47.775, -123.055, 29.0, 2011-08-14 10:02:30, 0.0, None 
 47.88, -123.04, 21.0, 2011-08-14 10:05:00, 0.0, None 
 47.81, -122.99, 29.0, 2011-08-14 10:07:30, 0.0, None 
 47.858000000000004, -123.04299999999999, 25.6, 2011-08-14 10:10:00, 0.0, None 
 47.76, -123.29, 48.0, 2011-08-14 10:12:30, 0.0, None 
 47.745, -123.23, 40.0, 2011-08-14 10:15:00, 0.0, None 
 47.84, -123.315, 32.5, 2011-08-14 10:17:30, 0.0, None 
 47.9, -123.12, 23.0, 2011-08-14 10:20:00, 0.0, None 
 47.83, -123.13, 47.5, 2011-08-14 10:22:30, 0.0, None 
 47.78, -123.29, 60.0, 2011-08-14 10:25:00, 0.0, None 
 47.73, -123.19, 57.0, 2011-08-14 10:27:30, 0.0, None 
 47.63, -123.27, 34.8, 2011-08-14 10:30:00, 0.0, None 
 47.63, -123.30799999999999, 24.2, 2011-08-14 10:32:30, 0.0, None 
 47.635, -123.305, 20.0, 2011-08-14 10:35:00, 0.0, None 
 47.68, -123.205, 24.0, 2011-08-14 10:37:30, 0.0, None 
 47.88, -123.15700000000001, 39.8, 2011-08-14 10:40:00, 0.0, None 
 47.692, -123.15299999999999, 28.5, 2011-08-14 10:42:30, 0.0, None 
 47.748000000000005, -123.20299999999999, 25.5, 2011-08-14 10:45:00, 0.0, None 
 47.705, -123.2, 30.0, 2011-08-14 10:47:30, 0.0, None 
 47.665, -123.17, 29.0, 2011-08-14 10:50:00, 0.0, None 
 47.61, -123.42, 60.0, 2011-08-14 10:57:30, 0.0, None 
 47.61, -122.94, 60.0, 2011-08-14 10:57:30, 0.0, None 
 47.625, -123.238, 26.5, 2011-08-14 11:00:00, 0.0, None 
 47.68, -123.26, 44.0, 2011-08-14 11:02:30, 0.0, None 
 48.0, -123.08, 54.0, 2011-08-14 11:05:00, 0.0, None 
 47.62, -123.33, 22.0, 2011-08-14 11:10:00, 0.0, None 
 47.58, -123.28, 27.5, 2011-08-14 11:12:30, 0.0, None 
 47.415, -123.0, 20.0, 2011-08-14 11:12:30, 0.0, None 
 47.5, -123.185, 20.0, 2011-08-14 11:15:00, 0.0, None 
 47.41, -123.05, 20.0, 2011-08-14 11:17:30, 0.0, None 
 47.24, -123.005, 27.5, 2011-08-14 11:20:00, 0.0, None 
 47.745, -123.3, 60.0, 2011-08-14 11:22:30, 0.0, None 
 47.6, -123.305, 53.0, 2011-08-14 11:25:00, 0.0, None 
 47.66, -123.32, 24.8, 2011-08-14 11:27:30, 0.0, None 
 48.0, -123.03200000000001, 42.2, 2011-08-14 11:30:00, 0.0, None 
 48.023, -122.977, 31.5, 2011-08-14 11:32:30, 0.0, None 
 47.876000000000005, -122.88600000000001, 24.9, 2011-08-14 11:35:00, 0.0, None 
 48.085, -122.947, 21.2, 2011-08-14 11:37:30, 0.0, None 
 47.61, -122.91, 20.0, 2011-08-14 11:37:30, 0.0, None 
 48.053000000000004, -122.97, 28.0, 2011-08-14 11:40:00, 0.0, None 
 47.82, -123.06, 60.0, 2011-08-14 11:42:30, 0.0, None 
 47.415, -122.9, 28.0, 2011-08-14 11:50:00, 0.0, None 
 48.02, -122.905, 20.0, 2011-08-14 11:52:30, 0.0, None 
 47.53, -122.89, 23.0, 2011-08-14 11:52:30, 0.0, None 
 48.07, -123.01, 45.5, 2011-08-14 11:55:00, 0.0, None 
 48.045, -122.875, 60.0, 2011-08-14 11:57:30, 0.0, None 
 47.835, -123.14, 31.5, 2011-08-14 12:00:00, 0.0, None 
 47.95, -122.8, 25.0, 2011-08-14 12:02:30, 0.0, None 
 47.73, -123.155, 34.5, 2011-08-14 12:02:30, 0.0, None 
 47.73, -123.24, 20.0, 2011-08-14 12:05:00, 0.0, None 
 47.75, -123.22, 20.0, 2011-08-14 12:07:30, 0.0, None 
 47.805, -123.11, 31.0, 2011-08-14 12:10:00, 0.0, None 
 48.01, -122.92, 43.5, 2011-08-14 12:12:30, 0.0, None 
 47.99, -122.96, 30.0, 2011-08-14 12:15:00, 0.0, None 
 48.035, -122.945, 31.0, 2011-08-14 12:17:30, 0.0, None 
 48.135, -123.08, 20.0, 2011-08-14 12:20:00, 0.0, None 
 47.9, -122.98, 48.5, 2011-08-14 12:20:00, 0.0, None 
 47.79, -123.13, 59.5, 2011-08-14 12:22:30, 0.0, None 
 47.525, -122.93, 44.0, 2011-08-14 12:22:30, 0.0, None 
 47.9, -122.97, 51.0, 2011-08-14 12:25:00, 0.0, None 
 47.93, -122.95299999999999, 25.0, 2011-08-14 12:27:30, 0.0, None 
 47.795, -123.14, 46.0, 2011-08-14 12:30:00, 0.0, None 
 47.935, -123.15, 26.0, 2011-08-14 12:32:30, 0.0, None 
 47.71, -122.985, 21.0, 2011-08-14 12:32:30, 0.0, None 
 47.89, -123.02, 60.0, 2011-08-14 12:35:00, 0.0, None 
 47.43, -123.31, 60.0, 2011-08-14 12:37:30, 0.0, None 
 47.39, -122.98, 20.0, 2011-08-14 12:37:30, 0.0, None 
 47.6, -123.3, 53.5, 2011-08-14 12:40:00, 0.0, None 
 47.71, -123.295, 20.0, 2011-08-14 12:45:00, 0.0, None 
 47.19, -122.99, 20.0, 2011-08-14 12:47:30, 0.0, None 
 47.745, -123.14, 60.0, 2011-08-14 12:50:00, 0.0, None 
 47.79, -123.1, 60.0, 2011-08-14 12:52:30, 0.0, None 
 47.707, -123.26, 20.0, 2011-08-14 12:55:00, 0.0, None 
 47.69, -123.18, 42.0, 2011-08-14 12:57:30, 0.0, None 
 47.3, -122.8, 55.0, 2011-08-14 12:57:30, 0.0, None 
 47.69, -123.155, 20.0, 2011-08-14 13:00:00, 0.0, None 
 47.86, -123.16, 52.0, 2011-08-14 13:02:30, 0.0, None 
 48.085, -123.04, 37.0, 2011-08-14 13:05:00, 0.0, None 
 48.03, -122.985, 58.5, 2011-08-14 13:07:30, 0.0, None 
 47.83, -123.2, 31.5, 2011-08-14 13:07:30, 0.0, None 
 47.66, -123.13, 20.0, 2011-08-14 13:10:00, 0.0, None 
 47.58, -123.14, 43.0, 2011-08-14 13:12:30, 0.0, None 
 47.5, -123.2, 49.0, 2011-08-14 13:17:30, 0.0, None 
 47.395, -122.925, 45.5, 2011-08-14 13:22:30, 0.0, None 
 47.42, -123.012, 26.5, 2011-08-14 13:25:00, 0.0, None 
 47.435, -122.895, 60.0, 2011-08-14 13:27:30, 0.0, None 
 47.391999999999996, -122.90700000000001, 25.5, 2011-08-14 13:30:00, 0.0, None 
 47.493, -122.97200000000001, 49.5, 2011-08-14 13:32:30, 0.0, None 
 47.55, -123.08, 34.0, 2011-08-14 13:35:00, 0.0, None 
 47.683, -123.32, 20.0, 2011-08-14 13:37:30, 0.0, None 
 47.645, -123.31, 20.0, 2011-08-14 13:40:00, 0.0, None 
 47.62, -123.30799999999999, 23.0, 2011-08-14 13:42:30, 0.0, None 
 47.66, -123.31, 31.0, 2011-08-14 13:45:00, 0.0, None 
 47.68, -123.12, 50.0, 2011-08-14 13:47:30, 0.0, None 
 47.675, -123.185, 53.5, 2011-08-14 13:50:00, 0.0, None 
 47.678000000000004, -123.26, 37.0, 2011-08-14 13:52:30, 0.0, None 
 47.68, -123.243, 31.0, 2011-08-14 13:55:00, 0.0, None 
 47.545, -123.36, 54.0, 2011-08-14 13:57:30, 0.0, None 
 47.77, -123.2, 20.0, 2011-08-14 14:00:00, 0.0, None 
 47.8, -123.23, 20.0, 2011-08-14 14:02:30, 0.0, None 
 47.78, -123.28, 26.0, 2011-08-14 14:05:00, 0.0, None 
 47.82, -123.26, 60.0, 2011-08-14 14:07:30, 0.0, None 
 47.87, -123.27, 55.0, 2011-08-14 14:10:00, 0.0, None 
 48.02, -122.963, 26.0, 2011-08-14 14:12:30, 0.0, None 
 47.97, -122.94, 27.5, 2011-08-14 14:15:00, 0.0, None 
 47.97, -123.022, 43.0, 2011-08-14 14:17:30, 0.0, None 
 47.935, -122.935, 41.5, 2011-08-14 14:20:00, 0.0, None 
 48.035, -123.0, 29.8, 2011-08-14 14:22:30, 0.0, None 
 47.66, -123.33, 37.5, 2011-08-14 14:25:00, 0.0, None 
 47.68, -123.32, 31.0, 2011-08-14 14:27:30, 0.0, None 
 47.9, -123.01, 60.0, 2011-08-14 14:30:00, 0.0, None 
 47.635, -123.29, 20.0, 2011-08-14 14:30:00, 0.0, None 
 47.703, -123.165, 40.8, 2011-08-14 14:32:30, 0.0, None 
 47.71, -123.3, 31.0, 2011-08-14 14:35:00, 0.0, None 
 47.67, -123.39, 51.0, 2011-08-14 14:37:30, 0.0, None 
 47.67, -123.36, 28.0, 2011-08-14 14:40:00, 0.0, None 
 47.611999999999995, -123.365, 31.5, 2011-08-14 14:42:30, 0.0, None 
 47.653, -123.235, 40.0, 2011-08-14 14:45:00, 0.0, None 
 47.67, -123.155, 53.5, 2011-08-14 14:47:30, 0.0, None 
 47.571999999999996, -123.303, 36.5, 2011-08-14 14:50:00, 0.0, None 
 47.665, -123.26, 33.0, 2011-08-14 14:52:30, 0.0, None 
 47.69, -123.32, 27.0, 2011-08-14 14:55:00, 0.0, None 
 47.67, -123.31, 49.5, 2011-08-14 14:57:30, 0.0, None 
 47.655, -123.305, 33.8, 2011-08-14 15:00:00, 0.0, None 
 47.668, -123.395, 41.5, 2011-08-14 15:02:30, 0.0, None 
 47.745, -123.325, 26.0, 2011-08-14 15:05:00, 0.0, None 
 47.751999999999995, -123.28200000000001, 26.0, 2011-08-14 15:07:30, 0.0, None 
 47.6, -123.19, 38.0, 2011-08-14 15:12:30, 0.0, None 
 47.535, -123.28, 55.0, 2011-08-14 15:15:00, 0.0, None 
 47.68, -123.27, 54.5, 2011-08-14 15:17:30, 0.0, None 
 47.58, -123.32, 20.0, 2011-08-14 15:20:00, 0.0, None 
 47.62, -123.31, 20.0, 2011-08-14 15:22:30, 0.0, None 
 47.615, -123.24, 45.0, 2011-08-14 15:35:00, 0.0, None 
 47.65, -123.2, 38.5, 2011-08-14 15:37:30, 0.0, None 
 47.66, -123.25, 20.0, 2011-08-14 15:40:00, 0.0, None 
 47.675, -123.42, 60.0, 2011-08-14 15:47:30, 0.0, None 
 47.655, -123.382, 42.5, 2011-08-14 15:50:00, 0.0, None 
 47.72, -123.29, 60.0, 2011-08-14 15:52:30, 0.0, None 
 47.7, -123.17, 40.0, 2011-08-14 16:00:00, 0.0, None 
 47.75, -123.13, 31.5, 2011-08-14 16:02:30, 0.0, None 
 47.71, -123.2, 27.0, 2011-08-14 16:05:00, 0.0, None 
 47.71, -123.27, 31.0, 2011-08-14 16:07:30, 0.0, None 
 47.72, -123.27, 21.0, 2011-08-14 16:10:00, 0.0, None 
 47.775, -123.22, 27.0, 2011-08-14 16:12:30, 0.0, None 
 47.815, -123.21, 60.0, 2011-08-14 16:15:00, 0.0, None 
 47.825, -123.285, 60.0, 2011-08-14 16:17:30, 0.0, None 
 47.6, -123.3, 32.0, 2011-08-14 16:25:00, 0.0, None 
 47.76, -123.18, 42.0, 2011-08-14 16:27:30, 0.0, None 
 47.815, -123.13, 39.0, 2011-08-14 16:30:00, 0.0, None 
 48.06, -123.3, 27.0, 2011-08-14 16:32:30, 0.0, None 
 47.685, -123.18, 60.0, 2011-08-14 16:32:30, 0.0, None 
 47.645, -123.275, 21.5, 2011-08-14 16:35:00, 0.0, None 
 47.655, -123.27, 20.0, 2011-08-14 16:37:30, 0.0, None 
 47.65, -123.18, 43.5, 2011-08-14 16:42:30, 0.0, None 
 47.88, -123.08, 50.0, 2011-08-14 16:45:00, 0.0, None 
 47.96, -123.13, 33.0, 2011-08-14 16:47:30, 0.0, None 
 47.83, -123.14, 51.0, 2011-08-14 16:52:30, 0.0, None 
 47.8, -123.275, 23.0, 2011-08-14 17:00:00, 0.0, None 
 47.81, -123.3, 24.5, 2011-08-14 17:02:30, 0.0, None 
 47.52, -123.2, 20.0, 2011-08-14 17:22:30, 0.0, None 
 47.56, -123.29299999999999, 48.5, 2011-08-14 17:25:00, 0.0, None 
 47.611999999999995, -123.287, 57.5, 2011-08-14 17:27:30, 0.0, None 
 47.63, -123.195, 57.0, 2011-08-14 17:37:30, 0.0, None 
 47.57, -123.23, 51.0, 2011-08-14 17:40:00, 0.0, None 
 48.01, -123.035, 41.0, 2011-08-14 17:47:30, 0.0, None 
 48.04, -123.185, 45.0, 2011-08-14 17:50:00, 0.0, None 
 47.638000000000005, -123.355, 40.5, 2011-08-14 18:00:00, 0.0, None 
 47.63, -123.34, 38.0, 2011-08-14 18:02:30, 0.0, None 
 47.625, -123.28, 27.0, 2011-08-14 18:15:00, 0.0, None 
 47.66, -123.3, 24.0, 2011-08-14 18:17:30, 0.0, None 
 47.74, -123.257, 34.5, 2011-08-14 18:20:00, 0.0, None 
 48.175, -123.1, 41.0, 2011-08-14 18:22:30, 0.0, None 
 47.66, -123.27799999999999, 26.2, 2011-08-14 18:22:30, 0.0, None 
 47.635, -123.295, 30.5, 2011-08-14 18:25:00, 0.0, None 
 47.69, -123.29, 50.5, 2011-08-14 18:27:30, 0.0, None 
 47.645, -123.185, 50.2, 2011-08-14 18:30:00, 0.0, None 
 47.635, -123.125, 57.0, 2011-08-14 18:32:30, 0.0, None 
 47.715, -123.198, 36.8, 2011-08-14 18:35:00, 0.0, None 
 47.766999999999996, -123.255, 27.5, 2011-08-14 18:37:30, 0.0, None 
 47.87, -123.02, 60.0, 2011-08-14 18:42:30, 0.0, None 
 47.64, -123.18, 34.0, 2011-08-14 18:42:30, 0.0, None 
 47.99, -122.86, 20.0, 2011-08-14 18:45:00, 0.0, None 
 47.24, -123.02, 22.0, 2011-08-14 19:00:00, 0.0, None 
 47.44, -123.29, 60.0, 2011-08-14 19:05:00, 0.0, None 
 47.595, -123.23700000000001, 37.5, 2011-08-14 19:22:30, 0.0, None 
 47.66, -123.175, 49.5, 2011-08-14 19:32:30, 0.0, None 
 47.66, -123.375, 50.0, 2011-08-14 19:35:00, 0.0, None 
 47.64, -123.175, 50.5, 2011-08-14 19:37:30, 0.0, None 
 47.67, -123.088, 49.2, 2011-08-14 19:40:00, 0.0, None 
 47.6, -123.32, 60.0, 2011-08-14 19:47:30, 0.0, None 
 47.63, -123.095, 27.5, 2011-08-14 19:52:30, 0.0, None 
 47.71, -123.04, 32.0, 2011-08-14 19:55:00, 0.0, None 
 47.58, -123.27, 60.0, 2011-08-14 19:57:30, 0.0, None 
 47.84, -123.21, 42.5, 2011-08-14 19:57:30, 0.0, None 
 47.42, -123.315, 51.5, 2011-08-14 20:02:30, 0.0, None 
 47.75, -123.205, 27.5, 2011-08-14 20:10:00, 0.0, None 
 47.655, -123.33, 31.0, 2011-08-14 20:15:00, 0.0, None 
 47.61, -123.405, 37.5, 2011-08-14 20:17:30, 0.0, None 
 47.615, -123.33, 42.0, 2011-08-14 20:20:00, 0.0, None 
 47.67, -123.065, 31.0, 2011-08-14 20:25:00, 0.0, None 
 47.76, -123.225, 20.0, 2011-08-14 20:27:30, 0.0, None 
 47.72, -123.19, 20.0, 2011-08-14 20:32:30, 0.0, None 
 47.7, -123.18, 35.0, 2011-08-14 20:35:00, 0.0, None 
 47.82, -123.35, 52.0, 2011-08-14 20:37:30, 0.0, None 
 47.67, -123.07, 20.0, 2011-08-14 20:40:00, 0.0, None 
 47.793, -123.175, 25.2, 2011-08-14 20:42:30, 0.0, None 
 47.77, -123.23, 20.0, 2011-08-14 20:45:00, 0.0, None 
 47.76, -123.375, 20.0, 2011-08-14 20:47:30, 0.0, None 
 47.765, -123.05, 29.5, 2011-08-14 20:50:00, 0.0, None 
 47.735, -123.162, 25.5, 2011-08-14 20:52:30, 0.0, None 
 47.67, -123.27, 41.0, 2011-08-14 20:57:30, 0.0, None 
 47.59, -123.17, 20.0, 2011-08-14 21:05:00, 0.0, None 
 47.585, -123.07, 35.0, 2011-08-14 21:07:30, 0.0, None 
 47.595, -123.29700000000001, 30.8, 2011-08-14 21:10:00, 0.0, None 
 47.695, -123.2, 35.0, 2011-08-14 21:12:30, 0.0, None 
 47.615, -123.255, 47.5, 2011-08-14 21:15:00, 0.0, None 
 47.62, -123.215, 20.5, 2011-08-14 21:17:30, 0.0, None 
 47.69, -123.15, 38.0, 2011-08-14 21:20:00, 0.0, None 
 47.58, -123.19, 24.0, 2011-08-14 21:22:30, 0.0, None 
 47.71, -123.075, 28.0, 2011-08-14 21:25:00, 0.0, None 
 47.7, -123.2, 20.0, 2011-08-14 21:27:30, 0.0, None 
 47.83, -123.08, 43.0, 2011-08-14 21:32:30, 0.0, None 
 47.77, -123.11, 26.0, 2011-08-14 21:35:00, 0.0, None 
 47.7, -123.03, 32.0, 2011-08-14 21:42:30, 0.0, None 
 47.84, -122.99, 20.0, 2011-08-14 21:45:00, 0.0, None 
 47.49, -123.0, 20.0, 2011-08-14 21:45:00, 0.0, None 
 47.8, -123.03, 20.0, 2011-08-14 21:47:30, 0.0, None 
 47.54, -123.21, 60.0, 2011-08-14 21:57:30, 0.0, None 
 47.59, -122.97, 33.0, 2011-08-14 22:00:00, 0.0, None 
 47.9, -123.155, 24.0, 2011-08-14 22:07:30, 0.0, None 
 47.59, -122.98, 29.0, 2011-08-14 22:15:00, 0.0, None 
 47.59, -122.99, 31.0, 2011-08-14 22:17:30, 0.0, None 
 47.66, -123.02, 30.0, 2011-08-14 22:20:00, 0.0, None 
 47.655, -122.93, 29.0, 2011-08-14 22:27:30, 0.0, None 
 47.71, -122.84, 20.0, 2011-08-14 22:30:00, 0.0, None 
 47.74, -123.0, 20.0, 2011-08-14 22:32:30, 0.0, None 
 47.65, -123.1, 55.0, 2011-08-14 22:35:00, 0.0, None 
 47.865, -123.09, 37.0, 2011-08-14 22:40:00, 0.0, None 
 47.66, -123.12, 60.0, 2011-08-14 22:42:30, 0.0, None 
 48.09, -123.1, 48.0, 2011-08-14 22:45:00, 0.0, None 
 47.52, -123.225, 20.0, 2011-08-14 22:45:00, 0.0, None 
 47.8, -123.31, 60.0, 2011-08-14 22:47:30, 0.0, None 
 47.9, -123.03, 34.0, 2011-08-14 22:50:00, 0.0, None 
 47.81, -123.115, 60.0, 2011-08-14 22:52:30, 0.0, None 
 47.505, -123.4, 60.0, 2011-08-14 22:57:30, 0.0, None 
 48.05, -123.31, 20.0, 2011-08-14 23:05:00, 0.0, None 
 47.775, -123.11, 40.0, 2011-08-14 23:05:00, 0.0, None 
 47.835, -122.91, 60.0, 2011-08-14 23:07:30, 0.0, None 
 47.97, -123.06, 43.0, 2011-08-14 23:10:00, 0.0, None 
 47.91, -123.125, 57.0, 2011-08-14 23:12:30, 0.0, None 
 48.025, -122.99, 25.0, 2011-08-14 23:15:00, 0.0, None 
 47.903, -122.986, 37.2, 2011-08-14 23:17:30, 0.0, None 
 47.88, -123.09, 60.0, 2011-08-14 23:20:00, 0.0, None 
 48.016999999999996, -123.1, 25.0, 2011-08-14 23:22:30, 0.0, None 
 47.924, -122.98899999999999, 32.4, 2011-08-14 23:25:00, 0.0, None 
 47.97, -123.01, 30.0, 2011-08-14 23:27:30, 0.0, None 
 47.955, -122.985, 29.5, 2011-08-14 23:30:00, 0.0, None 
 47.72, -122.76, 41.0, 2011-08-14 23:32:30, 0.0, None 
 47.92, -122.99, 39.0, 2011-08-14 23:32:30, 0.0, None 
 47.845, -123.197, 41.5, 2011-08-14 23:35:00, 0.0, None 
 47.885, -123.155, 56.0, 2011-08-14 23:37:30, 0.0, None 
 47.82, -123.125, 29.5, 2011-08-14 23:40:00, 0.0, None 
 47.77, -123.13, 32.0, 2011-08-14 23:42:30, 0.0, None 
 47.83, -123.07, 47.0, 2011-08-14 23:45:00, 0.0, None 
 47.7, -123.35, 20.0, 2011-08-14 23:47:30, 0.0, None 
 47.672, -123.15, 40.0, 2011-08-14 23:50:00, 0.0, None 
 47.73, -123.22, 46.0, 2011-08-14 23:52:30, 0.0, None 
 47.805, -123.115, 42.0, 2011-08-14 23:55:00, 0.0, None 
 47.8, -123.01, 26.0, 2011-08-15 00:02:30, 0.0, None 
 47.49, -123.14, 33.0, 2011-08-15 00:02:30, 0.0, None 
 47.78, -123.005, 35.8, 2011-08-15 00:05:00, 0.0, None 
 47.52, -123.32, 46.0, 2011-08-15 00:05:00, 0.0, None 
 47.582, -123.115, 28.5, 2011-08-15 00:10:00, 0.0, None 
 47.59, -123.21, 27.5, 2011-08-15 00:12:30, 0.0, None 
 47.58, -123.47, 60.0, 2011-08-15 00:15:00, 0.0, None 
 47.525, -123.08200000000001, 27.5, 2011-08-15 00:17:30, 0.0, None 
 47.485, -123.125, 57.2, 2011-08-15 00:20:00, 0.0, None 
 47.625, -123.08, 31.5, 2011-08-15 00:22:30, 0.0, None 
 47.73, -123.02799999999999, 36.8, 2011-08-15 00:30:00, 0.0, None 
 47.48, -123.43, 20.0, 2011-08-15 00:30:00, 0.0, None 
 47.72, -122.98, 46.5, 2011-08-15 00:32:30, 0.0, None 
 47.82, -123.12, 45.0, 2011-08-15 00:42:30, 0.0, None 
 47.945, -123.185, 20.0, 2011-08-15 00:45:00, 0.0, None 
 47.71, -123.21, 20.0, 2011-08-15 00:47:30, 0.0, None 
 47.88, -123.14, 26.0, 2011-08-15 00:50:00, 0.0, None 
 47.88, -123.096, 42.9, 2011-08-15 00:52:30, 0.0, None 
 47.586999999999996, -123.137, 36.2, 2011-08-15 00:55:00, 0.0, None 
 47.82, -122.96, 60.0, 2011-08-15 00:57:30, 0.0, None 
 47.51, -122.95, 20.0, 2011-08-15 01:00:00, 0.0, None 
 47.59, -123.085, 37.0, 2011-08-15 01:02:30, 0.0, None 
 47.633, -123.09, 38.5, 2011-08-15 01:05:00, 0.0, None 
 47.685, -123.24, 60.0, 2011-08-15 01:07:30, 0.0, None 
 47.765, -123.3, 51.5, 2011-08-15 01:10:00, 0.0, None 
 48.05, -123.135, 29.0, 2011-08-15 01:22:30, 0.0, None 
 48.09, -123.105, 22.5, 2011-08-15 01:25:00, 0.0, None 
 47.468, -123.21799999999999, 20.0, 2011-08-15 01:27:30, 0.0, None 
 47.535, -123.22200000000001, 28.2, 2011-08-15 01:30:00, 0.0, None 
 47.57, -123.255, 29.5, 2011-08-15 01:32:30, 0.0, None 
 47.775, -123.102, 35.5, 2011-08-15 01:35:00, 0.0, None 
 48.12, -123.17, 20.0, 2011-08-15 01:37:30, 0.0, None 
 47.79, -123.065, 30.0, 2011-08-15 01:37:30, 0.0, None 
 47.82, -123.19, 53.0, 2011-08-15 01:40:00, 0.0, None 
 47.92, -123.13, 44.5, 2011-08-15 01:42:30, 0.0, None 
 47.89, -123.06, 35.0, 2011-08-15 01:45:00, 0.0, None 
 47.805, -123.27, 20.0, 2011-08-15 01:47:30, 0.0, None 
 47.535, -123.285, 22.2, 2011-08-15 01:50:00, 0.0, None 
 47.555, -123.27799999999999, 22.0, 2011-08-15 01:52:30, 0.0, None 
 47.63, -123.22, 55.0, 2011-08-15 02:00:00, 0.0, None 
 47.77, -123.11, 39.0, 2011-08-15 02:02:30, 0.0, None 
 47.5, -122.97, 60.0, 2011-08-15 02:10:00, 0.0, None 
 47.29, -123.48, 40.0, 2011-08-15 02:10:00, 0.0, None 
 47.59, -122.99, 20.0, 2011-08-15 02:12:30, 0.0, None 
 47.575, -123.09, 27.0, 2011-08-15 02:15:00, 0.0, None 
 47.56, -123.17, 21.0, 2011-08-15 02:17:30, 0.0, None 
 47.69, -123.14, 22.0, 2011-08-15 02:20:00, 0.0, None 
 47.41, -123.16, 30.5, 2011-08-15 02:22:30, 0.0, None 
 47.67, -123.18, 26.0, 2011-08-15 02:27:30, 0.0, None 
 47.575, -123.275, 27.5, 2011-08-15 02:30:00, 0.0, None 
 47.5, -123.083, 30.0, 2011-08-15 02:35:00, 0.0, None 
 47.455, -123.035, 40.0, 2011-08-15 02:37:30, 0.0, None 
 47.72, -123.5, 55.0, 2011-08-15 02:42:30, 0.0, None 
 47.61, -123.32, 20.0, 2011-08-15 02:47:30, 0.0, None 
 47.538000000000004, -123.22, 20.0, 2011-08-15 02:50:00, 0.0, None 
 47.51, -122.93, 20.0, 2011-08-15 02:52:30, 0.0, None 
 47.545, -123.105, 36.5, 2011-08-15 02:55:00, 0.0, None 
 47.55, -123.235, 46.8, 2011-08-15 02:57:30, 0.0, None 
 47.86, -123.2, 29.0, 2011-08-15 03:05:00, 0.0, None 
 47.58, -123.3, 24.5, 2011-08-15 03:10:00, 0.0, None 
 47.6, -123.31, 23.0, 2011-08-15 03:15:00, 0.0, None 
 47.898, -123.132, 51.0, 2011-08-15 03:17:30, 0.0, None 
 47.915, -123.125, 22.5, 2011-08-15 03:20:00, 0.0, None 
 47.91, -123.132, 21.2, 2011-08-15 03:22:30, 0.0, None 
 47.61, -123.245, 41.8, 2011-08-15 03:25:00, 0.0, None 
 47.59, -123.29700000000001, 26.0, 2011-08-15 03:27:30, 0.0, None 
 48.03, -123.31, 20.0, 2011-08-15 03:30:00, 0.0, None 
 47.6, -123.14, 20.0, 2011-08-15 03:35:00, 0.0, None 
 47.63, -123.265, 60.0, 2011-08-15 03:37:30, 0.0, None 
 47.635, -123.12, 46.0, 2011-08-15 03:40:00, 0.0, None 
 47.565, -123.205, 20.0, 2011-08-15 03:42:30, 0.0, None 
 47.92, -123.12, 51.0, 2011-08-15 03:45:00, 0.0, None 
 47.975, -123.21, 36.5, 2011-08-15 03:47:30, 0.0, None 
 47.707, -123.04, 36.0, 2011-08-15 03:50:00, 0.0, None 
 47.365, -123.145, 60.0, 2011-08-15 03:52:30, 0.0, None 
 47.6, -123.19, 20.0, 2011-08-15 03:52:30, 0.0, None 
 47.48, -123.17, 60.0, 2011-08-15 03:57:30, 0.0, None 
 47.525, -123.26, 20.0, 2011-08-15 04:00:00, 0.0, None 
 47.51, -123.195, 20.0, 2011-08-15 04:02:30, 0.0, None 
 47.935, -122.94, 23.0, 2011-08-15 04:07:30, 0.0, None 
 47.918, -123.175, 36.5, 2011-08-15 04:10:00, 0.0, None 
 47.62, -123.2, 44.5, 2011-08-15 04:15:00, 0.0, None 
 47.98, -123.31, 35.0, 2011-08-15 04:17:30, 0.0, None 
 47.555, -123.22, 27.0, 2011-08-15 04:17:30, 0.0, None 
 47.48, -123.16, 40.5, 2011-08-15 04:20:00, 0.0, None 
 47.42, -123.18, 20.0, 2011-08-15 04:25:00, 0.0, None 
 47.52, -123.235, 20.0, 2011-08-15 04:27:30, 0.0, None 
 47.515, -123.21, 22.0, 2011-08-15 04:32:30, 0.0, None 
 47.525, -123.178, 23.0, 2011-08-15 04:35:00, 0.0, None 
 47.805, -123.06, 60.0, 2011-08-15 04:37:30, 0.0, None 
 47.81, -123.06, 60.0, 2011-08-15 04:40:00, 0.0, None 
 47.905, -122.995, 48.0, 2011-08-15 04:42:30, 0.0, None 
 47.925, -122.955, 44.5, 2011-08-15 04:45:00, 0.0, None 
 47.88, -123.15, 20.0, 2011-08-15 04:47:30, 0.0, None 
 47.47, -123.03, 60.0, 2011-08-15 04:52:30, 0.0, None 
 47.53, -123.20299999999999, 20.0, 2011-08-15 04:55:00, 0.0, None 
 47.53, -123.19, 20.0, 2011-08-15 04:57:30, 0.0, None 
 47.925, -123.195, 30.0, 2011-08-15 05:00:00, 0.0, None 
 47.92, -123.19, 24.0, 2011-08-15 05:02:30, 0.0, None 
 47.9, -123.095, 27.0, 2011-08-15 05:05:00, 0.0, None 
 47.54, -123.42, 20.0, 2011-08-15 05:05:00, 0.0, None 
 47.8, -123.37, 51.5, 2011-08-15 05:07:30, 0.0, None 
 47.97, -123.19, 60.0, 2011-08-15 05:15:00, 0.0, None 
 47.495, -123.16, 24.0, 2011-08-15 05:17:30, 0.0, None 
 47.82, -123.185, 44.0, 2011-08-15 05:20:00, 0.0, None 
 47.795, -123.15, 20.0, 2011-08-15 05:27:30, 0.0, None 
 47.89, -123.32, 20.0, 2011-08-15 05:30:00, 0.0, None 
 47.92, -123.21, 24.0, 2011-08-15 05:32:30, 0.0, None 
 47.485, -123.21799999999999, 29.2, 2011-08-15 05:35:00, 0.0, None 
 47.5, -123.24, 24.0, 2011-08-15 05:37:30, 0.0, None 
 47.555, -123.215, 32.0, 2011-08-15 05:40:00, 0.0, None 
 47.54, -122.92, 20.0, 2011-08-15 05:50:00, 0.0, None 
 47.485, -123.05799999999999, 24.5, 2011-08-15 05:52:30, 0.0, None 
 47.54, -123.35799999999999, 35.5, 2011-08-15 05:55:00, 0.0, None 
 47.56, -123.1, 29.0, 2011-08-15 06:00:00, 0.0, None 
 47.553000000000004, -123.185, 27.0, 2011-08-15 06:02:30, 0.0, None 
 47.57, -123.295, 39.2, 2011-08-15 06:05:00, 0.0, None 
 47.542, -123.21, 30.0, 2011-08-15 06:07:30, 0.0, None 
 47.965, -123.095, 60.0, 2011-08-15 06:10:00, 0.0, None 
 47.69, -123.44, 60.0, 2011-08-15 06:15:00, 0.0, None 
 47.83, -123.13, 43.5, 2011-08-15 06:17:30, 0.0, None 
 47.855, -123.13799999999999, 27.8, 2011-08-15 06:20:00, 0.0, None 
 47.92, -123.205, 30.2, 2011-08-15 06:22:30, 0.0, None 
 47.885, -123.045, 29.8, 2011-08-15 06:25:00, 0.0, None 
 47.8, -123.255, 20.0, 2011-08-15 06:27:30, 0.0, None 
 47.945, -123.09700000000001, 21.5, 2011-08-15 06:30:00, 0.0, None 
 47.9, -123.1, 23.5, 2011-08-15 06:32:30, 0.0, None 
 47.532, -123.28, 23.2, 2011-08-15 06:35:00, 0.0, None 
 47.57, -123.30799999999999, 21.5, 2011-08-15 06:37:30, 0.0, None 
 47.545, -123.315, 34.5, 2011-08-15 06:40:00, 0.0, None 
 47.7, -123.38, 40.0, 2011-08-15 06:47:30, 0.0, None 
 47.805, -123.35, 20.0, 2011-08-15 06:50:00, 0.0, None 
 47.78, -123.35, 20.0, 2011-08-15 06:52:30, 0.0, None 
 47.735, -123.29, 37.0, 2011-08-15 06:55:00, 0.0, None 
 47.72, -123.35, 60.0, 2011-08-15 06:57:30, 0.0, None 
 47.89, -123.18, 52.0, 2011-08-15 07:00:00, 0.0, None 
 47.88, -123.26, 35.2, 2011-08-15 07:02:30, 0.0, None 
 47.845, -123.215, 36.5, 2011-08-15 07:05:00, 0.0, None 
 47.78, -123.32, 26.5, 2011-08-15 07:07:30, 0.0, None 
 47.845, -123.302, 24.5, 2011-08-15 07:10:00, 0.0, None 
 47.933, -123.20299999999999, 29.6, 2011-08-15 07:12:30, 0.0, None 
 47.84, -123.295, 35.5, 2011-08-15 07:15:00, 0.0, None 
 47.87, -123.26, 60.0, 2011-08-15 07:17:30, 0.0, None 
 47.88, -123.23, 60.0, 2011-08-15 07:20:00, 0.0, None 
 47.61, -123.26, 30.0, 2011-08-15 07:20:00, 0.0, None 
 47.69, -123.28, 30.0, 2011-08-15 07:22:30, 0.0, None 
 47.45, -123.2, 20.0, 2011-08-15 07:22:30, 0.0, None 
 47.94, -122.905, 60.0, 2011-08-15 07:27:30, 0.0, None 
 47.72, -123.31, 37.0, 2011-08-15 07:27:30, 0.0, None 
 47.92, -122.89, 60.0, 2011-08-15 07:30:00, 0.0, None 
 47.7, -123.385, 49.5, 2011-08-15 07:30:00, 0.0, None 
 47.832, -123.053, 41.0, 2011-08-15 07:32:30, 0.0, None 
 47.72, -123.38, 24.0, 2011-08-15 07:35:00, 0.0, None 
 47.71, -123.42, 25.0, 2011-08-15 07:37:30, 0.0, None 
 47.751999999999995, -123.26299999999999, 33.5, 2011-08-15 07:40:00, 0.0, None 
 47.83, -123.27, 20.0, 2011-08-15 07:42:30, 0.0, None 
 47.835, -123.32, 31.0, 2011-08-15 07:45:00, 0.0, None 
 47.88, -123.31, 30.0, 2011-08-15 07:47:30, 0.0, None 
 47.71, -123.4, 22.0, 2011-08-15 07:50:00, 0.0, None 
 47.69, -123.48, 31.5, 2011-08-15 07:52:30, 0.0, None 
 47.69, -123.48, 30.0, 2011-08-15 07:55:00, 0.0, None 
 47.585, -123.5, 51.0, 2011-08-15 07:57:30, 0.0, None 
 47.998000000000005, -123.12, 35.8, 2011-08-15 08:02:30, 0.0, None 
 48.02, -123.12700000000001, 37.0, 2011-08-15 08:05:00, 0.0, None 
 48.05, -123.3, 20.0, 2011-08-15 08:07:30, 0.0, None 
 47.89, -123.02, 52.0, 2011-08-15 08:07:30, 0.0, None 
 48.03, -123.03, 50.5, 2011-08-15 08:10:00, 0.0, None 
 47.975, -123.145, 58.0, 2011-08-15 08:12:30, 0.0, None 
 47.89, -123.23, 37.5, 2011-08-15 08:15:00, 0.0, None 
 47.88, -123.086, 38.6, 2011-08-15 08:17:30, 0.0, None 
 47.895, -123.135, 31.8, 2011-08-15 08:20:00, 0.0, None 
 47.67, -123.19, 31.0, 2011-08-15 08:20:00, 0.0, None 
 47.91, -123.18, 32.0, 2011-08-15 08:22:30, 0.0, None 
 47.54, -123.18, 20.0, 2011-08-15 08:22:30, 0.0, None 
 47.501999999999995, -123.255, 20.0, 2011-08-15 08:25:00, 0.0, None 
 47.68, -123.32, 34.5, 2011-08-15 08:35:00, 0.0, None 
 47.9, -123.13, 20.0, 2011-08-15 08:35:00, 0.0, None 
 47.715, -123.15700000000001, 36.0, 2011-08-15 08:37:30, 0.0, None 
 47.615, -123.292, 20.0, 2011-08-15 08:40:00, 0.0, None 
 47.615, -123.27, 20.0, 2011-08-15 08:42:30, 0.0, None 
 47.815, -123.27, 37.5, 2011-08-15 08:45:00, 0.0, None 
 47.52, -123.07, 20.0, 2011-08-15 08:45:00, 0.0, None 
 47.86, -123.16, 50.0, 2011-08-15 08:52:30, 0.0, None 
 47.89, -123.1, 46.5, 2011-08-15 08:57:30, 0.0, None 
 48.125, -123.02, 20.0, 2011-08-15 09:02:30, 0.0, None 
 47.79, -123.22, 36.0, 2011-08-15 09:02:30, 0.0, None 
 47.6, -123.25, 31.0, 2011-08-15 09:05:00, 0.0, None 
 47.455, -123.185, 23.0, 2011-08-15 09:07:30, 0.0, None 
 47.49, -123.02, 20.0, 2011-08-15 09:10:00, 0.0, None 
 47.78, -123.3, 20.0, 2011-08-15 09:12:30, 0.0, None 
 47.855, -123.345, 50.0, 2011-08-15 09:15:00, 0.0, None 
 47.75899999999999, -123.18799999999999, 22.2, 2011-08-15 09:17:30, 0.0, None 
 47.81, -123.245, 20.0, 2011-08-15 09:20:00, 0.0, None 
 47.74, -123.41, 60.0, 2011-08-15 09:22:30, 0.0, None 
 47.89, -123.22, 39.0, 2011-08-15 09:25:00, 0.0, None 
 47.815, -123.19, 25.5, 2011-08-15 09:27:30, 0.0, None 
 47.9, -123.19, 24.0, 2011-08-15 09:30:00, 0.0, None 
 47.87, -123.15, 25.0, 2011-08-15 09:32:30, 0.0, None 
 47.8, -123.148, 47.5, 2011-08-15 09:35:00, 0.0, None 
 48.01, -123.26, 20.0, 2011-08-15 09:40:00, 0.0, None 
 48.0, -123.315, 20.0, 2011-08-15 09:42:30, 0.0, None 
 47.91, -123.41, 35.0, 2011-08-15 09:45:00, 0.0, None 
 47.855, -123.13, 32.5, 2011-08-15 09:47:30, 0.0, None 
 47.82, -123.17, 28.5, 2011-08-15 09:50:00, 0.0, None 
 47.98, -123.125, 44.0, 2011-08-15 09:52:30, 0.0, None 
 47.74, -123.21, 20.0, 2011-08-15 09:52:30, 0.0, None 
 48.07, -123.17, 32.0, 2011-08-15 09:55:00, 0.0, None 
 47.815, -123.09, 30.5, 2011-08-15 09:55:00, 0.0, None 
 47.78, -123.115, 60.0, 2011-08-15 09:57:30, 0.0, None 
 47.82, -123.21, 30.5, 2011-08-15 10:00:00, 0.0, None 
 47.54, -123.39, 20.0, 2011-08-15 10:00:00, 0.0, None 
 48.0, -123.095, 36.0, 2011-08-15 10:02:30, 0.0, None 
 47.99, -123.03, 51.0, 2011-08-15 10:05:00, 0.0, None 
 48.025, -123.15, 47.5, 2011-08-15 10:07:30, 0.0, None 
 47.815, -123.25, 41.0, 2011-08-15 10:10:00, 0.0, None 
 47.89, -123.1, 53.5, 2011-08-15 10:12:30, 0.0, None 
 47.62, -123.34, 57.0, 2011-08-15 10:15:00, 0.0, None 
 47.555, -123.46, 30.0, 2011-08-15 10:17:30, 0.0, None 
 47.775, -123.33, 53.5, 2011-08-15 10:20:00, 0.0, None 
 47.85, -123.2, 32.0, 2011-08-15 10:22:30, 0.0, None 
 47.79, -123.165, 42.0, 2011-08-15 10:25:00, 0.0, None 
 47.865, -123.27, 52.0, 2011-08-15 10:27:30, 0.0, None 
 47.99, -123.05, 32.0, 2011-08-15 10:30:00, 0.0, None 
 47.97, -123.09, 43.0, 2011-08-15 10:32:30, 0.0, None 
 47.7, -123.3, 28.0, 2011-08-15 10:32:30, 0.0, None 
 47.925, -123.16799999999999, 38.8, 2011-08-15 10:35:00, 0.0, None 
 47.945, -123.065, 34.5, 2011-08-15 10:37:30, 0.0, None 
 47.98, -123.16, 20.0, 2011-08-15 10:40:00, 0.0, None 
 47.775, -123.33, 35.0, 2011-08-15 10:40:00, 0.0, None 
 47.5, -123.27, 20.0, 2011-08-15 10:40:00, 0.0, None 
 47.91, -123.205, 29.5, 2011-08-15 10:42:30, 0.0, None 
 47.51, -123.25, 20.0, 2011-08-15 10:42:30, 0.0, None 
 47.92, -123.17, 24.0, 2011-08-15 10:45:00, 0.0, None 
 47.89, -123.165, 29.0, 2011-08-15 10:47:30, 0.0, None 
 47.945, -123.06700000000001, 35.5, 2011-08-15 10:50:00, 0.0, None 
 47.88, -123.18, 34.0, 2011-08-15 10:52:30, 0.0, None 
 47.89, -123.09, 60.0, 2011-08-15 10:55:00, 0.0, None 
 48.078, -122.96799999999999, 40.0, 2011-08-15 10:57:30, 0.0, None 
 48.12, -123.08, 29.0, 2011-08-15 11:02:30, 0.0, None 
 47.9, -123.18, 60.0, 2011-08-15 11:02:30, 0.0, None 
 47.935, -123.095, 52.0, 2011-08-15 11:05:00, 0.0, None 
 47.48, -123.28, 20.0, 2011-08-15 11:10:00, 0.0, None 
 47.895, -123.24, 60.0, 2011-08-15 11:12:30, 0.0, None 
 47.55, -123.27, 20.0, 2011-08-15 11:12:30, 0.0, None 
 47.83, -123.12, 60.0, 2011-08-15 11:15:00, 0.0, None 
 47.63, -123.29, 39.0, 2011-08-15 11:15:00, 0.0, None 
 47.845, -123.01, 60.0, 2011-08-15 11:25:00, 0.0, None 
 47.72, -123.18, 44.0, 2011-08-15 11:27:30, 0.0, None 
 47.6, -123.17200000000001, 46.0, 2011-08-15 11:35:00, 0.0, None 
 47.525, -123.09, 36.0, 2011-08-15 11:37:30, 0.0, None 
 47.662, -123.185, 39.8, 2011-08-15 11:40:00, 0.0, None 
 47.53, -123.29, 60.0, 2011-08-15 11:42:30, 0.0, None 
 47.535, -123.102, 33.5, 2011-08-15 11:45:00, 0.0, None 
 48.08, -123.03, 20.0, 2011-08-15 11:47:30, 0.0, None 
 47.68, -123.32, 60.0, 2011-08-15 11:47:30, 0.0, None 
 47.8, -123.1, 39.0, 2011-08-15 11:50:00, 0.0, None 
 47.5, -123.06, 20.5, 2011-08-15 11:50:00, 0.0, None 
 47.855, -123.095, 60.0, 2011-08-15 11:57:30, 0.0, None 
 47.84, -123.185, 23.5, 2011-08-15 12:00:00, 0.0, None 
 47.885, -123.3, 20.0, 2011-08-15 12:02:30, 0.0, None 
 47.88, -123.235, 21.5, 2011-08-15 12:05:00, 0.0, None 
 47.825, -123.132, 33.8, 2011-08-15 12:07:30, 0.0, None 
 47.88, -123.125, 38.0, 2011-08-15 12:10:00, 0.0, None 
 47.86, -123.165, 24.0, 2011-08-15 12:12:30, 0.0, None 
 47.89, -123.21, 25.0, 2011-08-15 12:15:00, 0.0, None 
 47.84, -123.16, 32.0, 2011-08-15 12:17:30, 0.0, None 
 47.9, -123.16, 30.5, 2011-08-15 12:20:00, 0.0, None 
 47.9, -123.24, 36.0, 2011-08-15 12:22:30, 0.0, None 
 47.96, -123.06, 27.5, 2011-08-15 12:25:00, 0.0, None 
 47.89, -123.13, 27.0, 2011-08-15 12:27:30, 0.0, None 
 47.985, -123.225, 34.5, 2011-08-15 12:30:00, 0.0, None 
 47.6, -123.275, 31.0, 2011-08-15 12:32:30, 0.0, None 
 47.495, -123.255, 29.5, 2011-08-15 12:35:00, 0.0, None 
 47.555, -123.273, 28.5, 2011-08-15 12:37:30, 0.0, None 
 47.975, -123.15, 60.0, 2011-08-15 12:40:00, 0.0, None 
 47.725, -123.3, 45.0, 2011-08-15 12:40:00, 0.0, None 
 47.785, -123.32, 20.0, 2011-08-15 12:42:30, 0.0, None 
 47.75, -123.5, 32.0, 2011-08-15 12:52:30, 0.0, None 
 47.81, -123.42, 20.0, 2011-08-15 12:55:00, 0.0, None 
 47.47, -123.43, 23.0, 2011-08-15 12:55:00, 0.0, None 
 47.79, -123.28, 60.0, 2011-08-15 12:57:30, 0.0, None 
 47.78, -123.27, 43.0, 2011-08-15 13:12:30, 0.0, None 
 47.795, -123.35, 40.5, 2011-08-15 13:15:00, 0.0, None 
 47.875, -123.225, 20.0, 2011-08-15 13:17:30, 0.0, None 
 47.88, -123.21, 20.0, 2011-08-15 13:20:00, 0.0, None 
 47.88, -123.21, 22.0, 2011-08-15 13:22:30, 0.0, None 
 47.785, -123.227, 24.8, 2011-08-15 13:25:00, 0.0, None 
 47.7, -122.8, 20.0, 2011-08-15 13:42:30, 0.0, None 
 47.77, -123.305, 37.0, 2011-08-15 13:47:30, 0.0, None 
 47.8, -123.28, 36.0, 2011-08-15 13:50:00, 0.0, None 
 47.99, -123.285, 60.0, 2011-08-15 13:52:30, 0.0, None 
 47.825, -123.19, 50.0, 2011-08-15 13:55:00, 0.0, None 
 47.88, -123.36, 20.0, 2011-08-15 14:05:00, 0.0, None 
 47.88, -123.16, 39.5, 2011-08-15 14:07:30, 0.0, None 
 47.73, -123.39, 60.0, 2011-08-15 14:12:30, 0.0, None 
 47.885, -123.31, 28.5, 2011-08-15 14:17:30, 0.0, None 
 47.83, -123.32, 23.0, 2011-08-15 14:20:00, 0.0, None 
 47.835, -123.32, 20.0, 2011-08-15 14:22:30, 0.0, None 
 47.83, -123.175, 38.0, 2011-08-15 14:25:00, 0.0, None 
 47.89, -123.4, 20.0, 2011-08-15 14:27:30, 0.0, None 
 47.675, -123.39, 20.0, 2011-08-15 14:32:30, 0.0, None 
 47.965, -123.175, 20.0, 2011-08-15 14:32:30, 0.0, None 
 47.69, -123.45, 43.0, 2011-08-15 14:40:00, 0.0, None 
 47.6, -123.45, 20.0, 2011-08-15 14:42:30, 0.0, None 
 47.66, -123.2, 29.0, 2011-08-15 14:47:30, 0.0, None 
 47.95, -123.3, 22.0, 2011-08-15 14:52:30, 0.0, None 
 47.83, -123.1, 60.0, 2011-08-15 15:00:00, 0.0, None 
 47.755, -123.00200000000001, 20.0, 2011-08-15 15:12:30, 0.0, None 
 47.81, -122.97, 21.0, 2011-08-15 15:15:00, 0.0, None 
 47.71, -123.025, 20.0, 2011-08-15 15:20:00, 0.0, None 
 47.84, -123.03, 30.0, 2011-08-15 15:27:30, 0.0, None 
 48.13, -123.15, 30.0, 2011-08-15 15:30:00, 0.0, None 
 47.79, -123.025, 35.0, 2011-08-15 15:30:00, 0.0, None 
 48.02, -123.07, 38.0, 2011-08-15 15:32:30, 0.0, None 
 48.02, -123.04, 48.0, 2011-08-15 15:35:00, 0.0, None 
 47.845, -123.15, 60.0, 2011-08-15 15:52:30, 0.0, None 
 47.7, -123.08, 34.0, 2011-08-15 15:55:00, 0.0, None 
 47.72, -123.06, 43.0, 2011-08-15 16:02:30, 0.0, None 
 47.82, -122.99, 60.0, 2011-08-15 16:05:00, 0.0, None 
 47.55, -123.35, 53.0, 2011-08-15 16:07:30, 0.0, None 
 47.58, -123.115, 40.5, 2011-08-15 16:10:00, 0.0, None 
 47.51, -123.17, 39.5, 2011-08-15 16:12:30, 0.0, None 
 47.475, -123.14, 52.0, 2011-08-15 16:15:00, 0.0, None 
 47.39, -123.18, 47.5, 2011-08-15 16:22:30, 0.0, None 
 48.08, -123.21, 20.0, 2011-08-15 16:37:30, 0.0, None 
 47.745, -123.52, 60.0, 2011-08-15 16:57:30, 0.0, None 
 47.925, -123.16, 31.5, 2011-08-15 17:00:00, 0.0, None 
 47.98, -123.065, 58.5, 2011-08-15 17:02:30, 0.0, None 
 47.8, -123.32, 32.0, 2011-08-15 17:05:00, 0.0, None 
 47.81, -123.31, 57.0, 2011-08-15 17:15:00, 0.0, None 
 47.82, -123.2, 24.0, 2011-08-15 18:00:00, 0.0, None 
 47.76, -123.17, 59.0, 2011-08-15 18:02:30, 0.0, None 
 47.63, -123.32, 43.0, 2011-08-15 18:20:00, 0.0, None 
 47.5, -123.26, 60.0, 2011-08-15 18:22:30, 0.0, None 
 47.845, -123.185, 60.0, 2011-08-15 18:40:00, 0.0, None 
 47.51, -123.06, 30.0, 2011-08-15 19:40:00, 0.0, None 
 47.99, -123.31, 50.0, 2011-08-15 19:50:00, 0.0, None 
 48.0, -122.94, 20.0, 2011-08-15 19:55:00, 0.0, None 
 48.1, -122.81, 60.0, 2011-08-15 19:57:30, 0.0, None 
 47.48, -123.22, 32.0, 2011-08-15 20:37:30, 0.0, None 
 47.547, -123.175, 34.5, 2011-08-15 20:40:00, 0.0, None 
 47.508, -123.195, 30.0, 2011-08-15 20:42:30, 0.0, None 
 47.42, -123.12, 36.0, 2011-08-15 20:45:00, 0.0, None 
 47.52, -123.07, 60.0, 2011-08-15 20:50:00, 0.0, None 
 47.59, -123.22, 34.0, 2011-08-15 20:52:30, 0.0, None 
 47.55, -123.17, 39.0, 2011-08-15 20:55:00, 0.0, None 
 47.49, -123.23, 31.0, 2011-08-15 20:57:30, 0.0, None 
 47.56, -123.075, 56.0, 2011-08-15 21:07:30, 0.0, None 
 47.62, -123.17, 34.5, 2011-08-15 21:10:00, 0.0, None 
 47.535, -123.12700000000001, 36.5, 2011-08-15 21:12:30, 0.0, None 
 47.505, -123.23700000000001, 24.0, 2011-08-15 21:15:00, 0.0, None 
 47.532, -123.225, 52.8, 2011-08-15 21:17:30, 0.0, None 
 47.51, -123.19, 29.0, 2011-08-15 21:20:00, 0.0, None 
 47.513000000000005, -123.215, 25.5, 2011-08-15 21:22:30, 0.0, None 
 47.49, -123.22, 30.0, 2011-08-15 21:25:00, 0.0, None 
 47.8, -123.1, 60.0, 2011-08-15 21:40:00, 0.0, None 
 47.82, -123.34, 27.0, 2011-08-15 21:47:30, 0.0, None 
 47.575, -123.46, 51.5, 2011-08-15 21:57:30, 0.0, None 
 47.9, -123.35, 20.0, 2011-08-15 22:02:30, 0.0, None 
 47.98, -123.33, 60.0, 2011-08-15 22:07:30, 0.0, None 
 47.42, -123.21, 44.5, 2011-08-15 22:20:00, 0.0, None 
 47.99, -123.27, 21.0, 2011-08-15 22:55:00, 0.0, None 
 47.69, -123.21, 46.0, 2011-08-15 23:00:00, 0.0, None 
 47.81, -123.265, 38.5, 2011-08-15 23:02:30, 0.0, None 
 47.942, -123.291, 31.8, 2011-08-15 23:05:00, 0.0, None 
 47.883, -123.16, 32.5, 2011-08-15 23:07:30, 0.0, None 
 47.745, -123.39, 60.0, 2011-08-15 23:15:00, 0.0, None 
 47.84, -123.4, 33.0, 2011-08-15 23:17:30, 0.0, None 
 47.93, -123.215, 52.0, 2011-08-15 23:20:00, 0.0, None 
 47.922, -123.195, 27.2, 2011-08-15 23:22:30, 0.0, None 
 47.73, -123.01, 20.0, 2011-08-15 23:25:00, 0.0, None 
 47.92, -123.22, 49.0, 2011-08-15 23:25:00, 0.0, None 
 47.918, -123.185, 20.8, 2011-08-15 23:27:30, 0.0, None 
 47.89, -123.21, 20.0, 2011-08-15 23:30:00, 0.0, None 
 47.88, -123.185, 20.0, 2011-08-15 23:40:00, 0.0, None 
 47.925, -123.265, 20.0, 2011-08-15 23:42:30, 0.0, None 
 47.91, -123.28, 22.5, 2011-08-15 23:50:00, 0.0, None 
 47.83, -123.2, 20.0, 2011-08-15 23:55:00, 0.0, None 
 47.51, -123.105, 60.0, 2011-08-15 23:55:00, 0.0, None 
 47.782, -123.275, 43.0, 2011-08-16 00:00:00, 0.0, None 
 47.91, -123.12, 20.0, 2011-08-16 00:02:30, 0.0, None 
 47.83, -123.04, 29.0, 2011-08-16 00:05:00, 0.0, None 
 47.815, -123.075, 22.5, 2011-08-16 00:07:30, 0.0, None 
 47.87, -123.06, 26.0, 2011-08-16 00:12:30, 0.0, None 
 47.84, -123.13, 28.5, 2011-08-16 00:15:00, 0.0, None 
 47.9, -123.1, 20.5, 2011-08-16 00:17:30, 0.0, None 
 47.9, -123.05, 29.0, 2011-08-16 00:22:30, 0.0, None 
 47.865, -123.03, 21.0, 2011-08-16 00:25:00, 0.0, None 
 47.765, -123.055, 58.0, 2011-08-16 00:32:30, 0.0, None 
 47.63, -123.29, 20.0, 2011-08-16 00:35:00, 0.0, None 
 47.98, -123.39, 44.5, 2011-08-16 00:37:30, 0.0, None 
 48.08, -123.385, 58.5, 2011-08-16 00:40:00, 0.0, None 
 48.062, -123.21799999999999, 31.0, 2011-08-16 00:42:30, 0.0, None 
 48.065, -123.175, 29.0, 2011-08-16 00:45:00, 0.0, None 
 47.805, -123.19, 21.5, 2011-08-16 00:45:00, 0.0, None 
 47.895, -123.23, 33.2, 2011-08-16 00:50:00, 0.0, None 
 47.87, -123.17, 39.0, 2011-08-16 00:52:30, 0.0, None 
 48.04, -123.28, 20.0, 2011-08-16 01:00:00, 0.0, None 
 47.8, -123.19, 20.0, 2011-08-16 01:05:00, 0.0, None 
 47.87, -123.21, 27.0, 2011-08-16 01:12:30, 0.0, None 
 48.02, -123.22, 28.0, 2011-08-16 01:17:30, 0.0, None 
 48.07, -123.175, 29.0, 2011-08-16 01:20:00, 0.0, None 
 47.7, -123.34, 22.0, 2011-08-16 01:20:00, 0.0, None 
 48.07, -122.98, 34.0, 2011-08-16 01:22:30, 0.0, None 
 48.03, -122.91, 41.0, 2011-08-16 01:25:00, 0.0, None 
 48.06, -122.925, 47.0, 2011-08-16 01:27:30, 0.0, None 
 47.94, -123.125, 20.0, 2011-08-16 01:30:00, 0.0, None 
 47.89, -123.11, 31.5, 2011-08-16 01:32:30, 0.0, None 
 47.93, -123.21, 32.0, 2011-08-16 01:35:00, 0.0, None 
 47.986999999999995, -123.28, 23.8, 2011-08-16 01:37:30, 0.0, None 
 47.985, -123.285, 23.5, 2011-08-16 01:40:00, 0.0, None 
 48.03, -123.333, 27.5, 2011-08-16 01:42:30, 0.0, None 
 47.77, -123.17, 60.0, 2011-08-16 01:45:00, 0.0, None 
 47.865, -123.29, 60.0, 2011-08-16 01:47:30, 0.0, None 
 47.99, -122.99, 60.0, 2011-08-16 01:50:00, 0.0, None 
 47.785, -123.198, 53.0, 2011-08-16 01:52:30, 0.0, None 
 47.81, -123.425, 57.0, 2011-08-16 01:57:30, 0.0, None 
 47.725, -123.33, 29.0, 2011-08-16 02:00:00, 0.0, None 
 47.742, -123.257, 43.2, 2011-08-16 02:02:30, 0.0, None 
 47.76, -123.34, 28.8, 2011-08-16 02:10:00, 0.0, None 
 47.79, -123.35, 27.2, 2011-08-16 02:12:30, 0.0, None 
 47.79, -123.29, 26.5, 2011-08-16 02:15:00, 0.0, None 
 47.71, -123.25, 30.0, 2011-08-16 02:17:30, 0.0, None 
 47.625, -123.26700000000001, 30.0, 2011-08-16 02:20:00, 0.0, None 
 47.71, -123.335, 41.5, 2011-08-16 02:22:30, 0.0, None 
 48.04, -123.31, 22.5, 2011-08-16 02:25:00, 0.0, None 
 47.99, -123.3, 20.0, 2011-08-16 02:27:30, 0.0, None 
 47.88, -123.16, 31.0, 2011-08-16 02:30:00, 0.0, None 
 47.75, -123.1, 25.0, 2011-08-16 02:32:30, 0.0, None 
 47.71, -123.3, 20.0, 2011-08-16 02:35:00, 0.0, None 
 47.61, -123.26, 33.0, 2011-08-16 02:42:30, 0.0, None 
 47.61, -123.28, 36.0, 2011-08-16 02:52:30, 0.0, None 
 47.57, -123.305, 21.0, 2011-08-16 02:55:00, 0.0, None 
 47.86, -123.59, 52.0, 2011-08-16 03:00:00, 0.0, None 
 48.015, -123.395, 60.0, 2011-08-16 03:02:30, 0.0, None 
 48.01, -123.11, 35.0, 2011-08-16 03:05:00, 0.0, None 
 48.01, -123.06700000000001, 28.5, 2011-08-16 03:07:30, 0.0, None 
 48.085, -123.095, 41.2, 2011-08-16 03:10:00, 0.0, None 
 48.06, -123.28, 20.0, 2011-08-16 03:32:30, 0.0, None 
 47.88, -123.63, 60.0, 2011-08-16 03:32:30, 0.0, None 
 48.008, -123.325, 35.5, 2011-08-16 03:35:00, 0.0, None 
 47.955, -123.31, 34.0, 2011-08-16 03:37:30, 0.0, None 
 47.49, -123.45, 60.0, 2011-08-16 03:37:30, 0.0, None 
 47.88, -123.67, 60.0, 2011-08-16 03:40:00, 0.0, None 
 48.05, -123.3, 20.0, 2011-08-16 03:42:30, 0.0, None 
 47.84, -123.6, 60.0, 2011-08-16 03:42:30, 0.0, None 
 47.765, -123.36, 60.0, 2011-08-16 03:45:00, 0.0, None 
 47.735, -123.28, 60.0, 2011-08-16 03:47:30, 0.0, None 
 47.97, -123.27, 26.0, 2011-08-16 03:50:00, 0.0, None 
 47.94, -123.17, 33.0, 2011-08-16 03:52:30, 0.0, None 
 47.49, -123.23, 56.0, 2011-08-16 03:57:30, 0.0, None 
 47.875, -123.325, 60.0, 2011-08-16 04:07:30, 0.0, None 
 47.695, -123.24, 20.0, 2011-08-16 04:10:00, 0.0, None 
 47.775, -123.61, 53.0, 2011-08-16 04:12:30, 0.0, None 
 47.475, -123.255, 30.0, 2011-08-16 04:22:30, 0.0, None 
 47.61, -123.28, 20.0, 2011-08-16 04:32:30, 0.0, None 
 47.922, -123.345, 40.0, 2011-08-16 04:35:00, 0.0, None 
 47.56, -123.24, 22.5, 2011-08-16 04:35:00, 0.0, None 
 48.045, -123.28, 20.0, 2011-08-16 04:37:30, 0.0, None 
 48.04, -123.33, 20.0, 2011-08-16 04:40:00, 0.0, None 
 48.0, -123.375, 41.0, 2011-08-16 04:45:00, 0.0, None 
 48.015, -123.37700000000001, 31.0, 2011-08-16 04:47:30, 0.0, None 
 48.0, -123.13, 48.0, 2011-08-16 04:50:00, 0.0, None 
 48.01, -123.28, 20.0, 2011-08-16 04:52:30, 0.0, None 
 47.495, -123.255, 45.0, 2011-08-16 04:57:30, 0.0, None 
 47.49, -123.17, 39.0, 2011-08-16 05:00:00, 0.0, None 
 47.715, -123.09, 56.0, 2011-08-16 05:02:30, 0.0, None 
 47.475, -123.21, 20.0, 2011-08-16 05:02:30, 0.0, None 
 47.88, -123.39, 20.0, 2011-08-16 05:05:00, 0.0, None 
 47.965, -123.305, 35.5, 2011-08-16 05:07:30, 0.0, None 
 47.77, -123.285, 44.5, 2011-08-16 05:10:00, 0.0, None 
 47.47, -123.205, 53.0, 2011-08-16 05:12:30, 0.0, None 
 47.48, -123.19, 49.0, 2011-08-16 05:15:00, 0.0, None 
 47.45, -123.21, 20.0, 2011-08-16 05:20:00, 0.0, None 
 48.06, -123.28, 20.0, 2011-08-16 05:25:00, 0.0, None 
 47.48, -123.18, 20.0, 2011-08-16 05:25:00, 0.0, None 
 48.05, -123.305, 60.0, 2011-08-16 05:35:00, 0.0, None 
 48.02, -123.18, 33.0, 2011-08-16 05:37:30, 0.0, None 
 48.06, -123.3, 23.5, 2011-08-16 05:40:00, 0.0, None 
 47.97, -123.45, 32.0, 2011-08-16 05:42:30, 0.0, None 
 48.01, -123.05, 53.0, 2011-08-16 06:05:00, 0.0, None 
 48.05, -122.97, 60.0, 2011-08-16 06:15:00, 0.0, None 
 48.06, -123.355, 39.5, 2011-08-16 06:17:30, 0.0, None 
 48.0, -123.23, 41.0, 2011-08-16 06:20:00, 0.0, None 
 48.01, -123.34299999999999, 35.8, 2011-08-16 06:22:30, 0.0, None 
 48.053000000000004, -123.175, 26.5, 2011-08-16 06:25:00, 0.0, None 
 48.028, -123.14, 35.5, 2011-08-16 06:27:30, 0.0, None 
 47.975, -123.255, 46.0, 2011-08-16 06:30:00, 0.0, None 
 48.2, -123.1, 20.0, 2011-08-16 06:37:30, 0.0, None 
 48.12, -123.38, 36.5, 2011-08-16 06:42:30, 0.0, None 
 48.1, -123.015, 20.0, 2011-08-16 06:45:00, 0.0, None 
 46.59, -121.2, 35.0, 2011-08-16 07:00:00, 0.0, None 
 47.97, -123.42, 40.0, 2011-08-16 07:47:30, 0.0, None 
 48.04, -123.275, 24.5, 2011-08-16 07:50:00, 0.0, None 
 47.915, -123.6, 22.0, 2011-08-16 08:37:30, 0.0, None 
 47.97, -123.59, 46.0, 2011-08-16 08:40:00, 0.0, None 
 47.95, -123.395, 60.0, 2011-08-16 08:42:30, 0.0, None 
 48.03, -123.46, 24.0, 2011-08-16 08:50:00, 0.0, None 
 47.83, -123.58, 55.0, 2011-08-16 08:57:30, 0.0, None 
 47.95, -123.21, 20.0, 2011-08-16 09:00:00, 0.0, None 
 47.97, -123.34, 38.0, 2011-08-16 09:15:00, 0.0, None 
 48.02, -123.08, 29.0, 2011-08-16 09:20:00, 0.0, None 
 48.05, -123.3, 20.0, 2011-08-16 09:22:30, 0.0, None 
 48.03, -123.14, 20.0, 2011-08-16 09:35:00, 0.0, None 
 48.105, -122.92, 35.5, 2011-08-16 09:47:30, 0.0, None 
 48.18, -122.93, 33.0, 2011-08-16 09:50:00, 0.0, None 
 48.115, -123.02, 50.5, 2011-08-16 09:52:30, 0.0, None 
 48.17, -122.88, 25.0, 2011-08-16 10:02:30, 0.0, None 
 48.14, -122.91, 20.0, 2011-08-16 10:05:00, 0.0, None 
 48.11, -122.95, 60.0, 2011-08-16 10:10:00, 0.0, None 
 48.13, -122.9, 44.5, 2011-08-16 10:12:30, 0.0, None 
 48.12, -122.89, 34.0, 2011-08-16 10:15:00, 0.0, None 
 48.19, -123.0, 20.0, 2011-08-16 10:35:00, 0.0, None 
 48.155, -123.0, 48.0, 2011-08-16 10:37:30, 0.0, None 
 48.125, -123.08, 60.0, 2011-08-16 10:40:00, 0.0, None 
 47.94, -123.3, 46.0, 2011-08-16 10:55:00, 0.0, None 
 47.7, -123.3, 60.0, 2011-08-16 11:57:30, 0.0, None 
 47.92, -123.575, 60.0, 2011-08-16 12:05:00, 0.0, None 
 47.9, -123.555, 60.0, 2011-08-16 12:07:30, 0.0, None 
 48.03, -123.29, 32.5, 2011-08-16 12:10:00, 0.0, None 
 48.035, -123.28, 30.5, 2011-08-16 12:12:30, 0.0, None 
 47.795, -123.24, 20.0, 2011-08-16 12:12:30, 0.0, None 
 48.015, -123.132, 35.5, 2011-08-16 12:15:00, 0.0, None 
 48.16, -123.26, 20.0, 2011-08-16 12:17:30, 0.0, None 
 47.97, -123.06, 38.0, 2011-08-16 12:17:30, 0.0, None 
 48.0, -123.295, 23.2, 2011-08-16 12:20:00, 0.0, None 
 48.03, -123.215, 37.5, 2011-08-16 12:22:30, 0.0, None 
 48.0, -123.245, 24.2, 2011-08-16 12:27:30, 0.0, None 
 48.02, -123.255, 23.8, 2011-08-16 12:30:00, 0.0, None 
 47.98, -123.415, 47.0, 2011-08-16 12:35:00, 0.0, None 
 47.995, -123.32, 26.0, 2011-08-16 12:37:30, 0.0, None 
 48.05, -123.385, 29.0, 2011-08-16 12:40:00, 0.0, None 
 48.03, -123.61, 60.0, 2011-08-16 12:42:30, 0.0, None 
 47.925, -123.41, 20.0, 2011-08-16 12:45:00, 0.0, None 
 48.1, -123.2, 20.0, 2011-08-16 12:47:30, 0.0, None 
 47.96, -123.7, 49.0, 2011-08-16 12:50:00, 0.0, None 
 47.97, -123.69, 46.5, 2011-08-16 12:52:30, 0.0, None 
 47.99, -123.32, 53.5, 2011-08-16 12:55:00, 0.0, None 
 47.975, -123.31, 60.0, 2011-08-16 12:57:30, 0.0, None 
 47.965, -123.175, 35.0, 2011-08-16 13:00:00, 0.0, None 
 47.97, -123.27, 31.0, 2011-08-16 13:02:30, 0.0, None 
 47.98, -123.2, 60.0, 2011-08-16 13:05:00, 0.0, None 
 47.875, -123.145, 37.0, 2011-08-16 13:07:30, 0.0, None 
 48.04, -123.18, 46.0, 2011-08-16 13:10:00, 0.0, None 
 48.08, -123.08, 35.0, 2011-08-16 13:12:30, 0.0, None 
 47.94, -123.485, 40.0, 2011-08-16 13:15:00, 0.0, None 
 47.87, -123.455, 20.0, 2011-08-16 13:17:30, 0.0, None 
 47.935, -123.235, 24.8, 2011-08-16 13:25:00, 0.0, None 
 47.85, -123.227, 31.2, 2011-08-16 13:27:30, 0.0, None 
 47.92, -123.21, 37.5, 2011-08-16 13:30:00, 0.0, None 
 47.825, -123.235, 22.5, 2011-08-16 13:32:30, 0.0, None 
 47.88, -123.235, 20.0, 2011-08-16 13:35:00, 0.0, None 
 47.93, -123.18, 20.0, 2011-08-16 13:37:30, 0.0, None 
 47.89, -123.31, 20.0, 2011-08-16 13:42:30, 0.0, None 
 47.81, -123.02, 60.0, 2011-08-16 13:47:30, 0.0, None 
 48.05, -123.04, 55.0, 2011-08-16 13:55:00, 0.0, None 
 47.85, -123.29, 50.0, 2011-08-16 13:57:30, 0.0, None 
 47.87, -123.27, 31.0, 2011-08-16 14:00:00, 0.0, None 
 47.83, -123.295, 20.0, 2011-08-16 14:02:30, 0.0, None 
 47.88, -123.4, 20.0, 2011-08-16 14:05:00, 0.0, None 
 47.89, -123.305, 22.0, 2011-08-16 14:07:30, 0.0, None 
 47.9, -123.325, 27.0, 2011-08-16 14:10:00, 0.0, None 
 47.93, -123.235, 31.0, 2011-08-16 14:12:30, 0.0, None 
 48.19, -122.94, 60.0, 2011-08-16 14:45:00, 0.0, None 
 47.94, -123.2, 21.0, 2011-08-16 14:47:30, 0.0, None 
 47.88, -123.19, 20.0, 2011-08-16 14:50:00, 0.0, None 
 47.83, -123.22, 28.0, 2011-08-16 14:52:30, 0.0, None 
 47.79, -123.12, 36.5, 2011-08-16 15:00:00, 0.0, None 
 47.8, -123.66, 40.0, 2011-08-16 15:10:00, 0.0, None 
 47.8, -123.27, 20.0, 2011-08-16 15:25:00, 0.0, None 
 47.725, -123.31, 24.5, 2011-08-16 15:40:00, 0.0, None 
 46.6, -121.2, 20.0, 2011-08-16 16:02:30, 0.0, None 
 47.73, -123.3, 56.0, 2011-08-16 17:17:30, 0.0, None 
 47.49, -123.24, 60.0, 2011-08-16 17:32:30, 0.0, None 
 47.89, -123.38, 24.0, 2011-08-16 20:00:00, 0.0, None 
 47.88, -123.73, 35.0, 2011-08-16 20:12:30, 0.0, None 
 47.91, -123.68, 20.0, 2011-08-16 20:15:00, 0.0, None 
 47.83, -123.56, 25.0, 2011-08-16 21:42:30, 0.0, None 
 47.9, -123.66, 60.0, 2011-08-16 22:37:30, 0.0, None 
 47.97, -123.09, 20.0, 2011-08-16 23:00:00, 0.0, None 
 47.91, -123.62, 60.0, 2011-08-16 23:12:30, 0.0, None 
 47.99, -123.22, 42.5, 2011-08-16 23:15:00, 0.0, None 
 48.01, -123.1, 32.5, 2011-08-16 23:17:30, 0.0, None 
 48.02, -123.18, 33.0, 2011-08-16 23:20:00, 0.0, None 
 48.02, -123.23, 34.0, 2011-08-16 23:22:30, 0.0, None 
 48.0, -123.235, 34.0, 2011-08-16 23:25:00, 0.0, None 
 47.825, -123.24, 60.0, 2011-08-16 23:27:30, 0.0, None 
 48.05, -123.3, 24.0, 2011-08-16 23:35:00, 0.0, None 
 47.99, -123.38, 31.0, 2011-08-16 23:37:30, 0.0, None 
 48.005, -123.37, 24.8, 2011-08-16 23:40:00, 0.0, None 
 48.03, -123.26, 30.5, 2011-08-16 23:45:00, 0.0, None 
 48.02, -123.29, 25.0, 2011-08-16 23:50:00, 0.0, None 
 48.03, -123.3, 25.0, 2011-08-16 23:52:30, 0.0, None 
 47.845, -123.19200000000001, 20.0, 2011-08-16 23:55:00, 0.0, None 
 48.02, -123.39, 60.0, 2011-08-17 00:05:00, 0.0, None 
 47.98, -123.3, 52.0, 2011-08-17 00:07:30, 0.0, None 
 47.84, -123.17, 20.0, 2011-08-17 00:10:00, 0.0, None 
 47.898, -123.23299999999999, 20.0, 2011-08-17 00:12:30, 0.0, None 
 48.035, -123.292, 20.0, 2011-08-17 00:15:00, 0.0, None 
 47.975, -123.29, 20.0, 2011-08-17 00:17:30, 0.0, None 
 47.95, -123.315, 20.0, 2011-08-17 00:20:00, 0.0, None 
 48.005, -123.38, 47.0, 2011-08-17 00:22:30, 0.0, None 
 47.91, -123.31, 54.0, 2011-08-17 00:27:30, 0.0, None 
 48.02, -123.305, 29.5, 2011-08-17 00:35:00, 0.0, None 
 47.98, -123.34, 22.5, 2011-08-17 00:37:30, 0.0, None 
 47.938, -123.333, 21.5, 2011-08-17 00:40:00, 0.0, None 
 47.9, -123.335, 40.0, 2011-08-17 00:42:30, 0.0, None 
 47.95, -123.43, 44.0, 2011-08-17 00:45:00, 0.0, None 
 47.965, -123.185, 30.5, 2011-08-17 00:47:30, 0.0, None 
 47.955, -123.19, 24.5, 2011-08-17 00:50:00, 0.0, None 
 47.98, -123.29, 20.0, 2011-08-17 00:52:30, 0.0, None 
 47.99, -123.07, 31.0, 2011-08-17 00:55:00, 0.0, None 
 47.82, -123.08, 60.0, 2011-08-17 00:57:30, 0.0, None 
 48.0, -123.24, 60.0, 2011-08-17 01:02:30, 0.0, None 
 48.01, -123.26, 49.0, 2011-08-17 01:10:00, 0.0, None 
 47.99, -123.25, 52.0, 2011-08-17 01:12:30, 0.0, None 
 47.98, -123.31, 52.0, 2011-08-17 01:15:00, 0.0, None 
 47.924, -123.279, 29.5, 2011-08-17 01:17:30, 0.0, None 
 47.905, -123.46, 60.0, 2011-08-17 01:20:00, 0.0, None 
 47.895, -123.415, 46.0, 2011-08-17 01:22:30, 0.0, None 
 47.94, -123.19, 35.0, 2011-08-17 01:25:00, 0.0, None 
 47.91, -123.03, 34.0, 2011-08-17 01:27:30, 0.0, None 
 48.015, -122.97, 46.0, 2011-08-17 01:30:00, 0.0, None 
 48.242, -123.035, 56.2, 2011-08-17 01:32:30, 0.0, None 
 48.125, -123.15, 57.0, 2011-08-17 01:35:00, 0.0, None 
 47.99, -123.41, 43.0, 2011-08-17 01:37:30, 0.0, None 
 48.052, -123.44, 31.5, 2011-08-17 01:40:00, 0.0, None 
 48.2, -123.03, 50.0, 2011-08-17 01:45:00, 0.0, None 
 48.09, -123.23, 60.0, 2011-08-17 01:55:00, 0.0, None 
 48.08, -123.18, 60.0, 2011-08-17 01:57:30, 0.0, None 
 47.92, -123.385, 60.0, 2011-08-17 02:02:30, 0.0, None 
 47.965, -123.305, 25.0, 2011-08-17 02:07:30, 0.0, None 
 48.09, -123.45, 40.0, 2011-08-17 02:10:00, 0.0, None 
 47.992, -123.463, 41.2, 2011-08-17 02:12:30, 0.0, None 
 48.085, -123.29, 60.0, 2011-08-17 02:15:00, 0.0, None 
 48.09, -123.46, 54.0, 2011-08-17 02:17:30, 0.0, None 
 47.98, -123.6, 41.0, 2011-08-17 02:25:00, 0.0, None 
 48.02, -123.40299999999999, 57.0, 2011-08-17 02:27:30, 0.0, None 
 48.09, -123.19, 20.0, 2011-08-17 02:30:00, 0.0, None 
 48.03, -123.215, 20.0, 2011-08-17 02:32:30, 0.0, None 
 47.985, -123.34, 21.0, 2011-08-17 02:35:00, 0.0, None 
 47.992, -123.3, 20.0, 2011-08-17 02:37:30, 0.0, None 
 47.975, -123.29700000000001, 25.0, 2011-08-17 02:40:00, 0.0, None 
 47.968, -123.34700000000001, 40.0, 2011-08-17 02:42:30, 0.0, None 
 47.91, -123.545, 31.0, 2011-08-17 02:47:30, 0.0, None 
 47.94, -123.28, 20.0, 2011-08-17 02:50:00, 0.0, None 
 47.95, -123.345, 29.0, 2011-08-17 02:52:30, 0.0, None 
 47.885, -123.305, 60.0, 2011-08-17 02:57:30, 0.0, None 
 47.895, -123.30799999999999, 44.2, 2011-08-17 03:00:00, 0.0, None 
 47.91, -123.335, 37.8, 2011-08-17 03:02:30, 0.0, None 
 47.95, -123.4, 50.0, 2011-08-17 03:07:30, 0.0, None 
 47.9, -123.32, 30.0, 2011-08-17 03:10:00, 0.0, None 
 47.9, -123.31, 24.5, 2011-08-17 03:12:30, 0.0, None 
 47.9, -123.28, 20.0, 2011-08-17 03:15:00, 0.0, None 
 47.88, -123.28, 20.0, 2011-08-17 03:17:30, 0.0, None 
 47.861999999999995, -123.335, 20.0, 2011-08-17 03:20:00, 0.0, None 
 47.823, -123.305, 20.0, 2011-08-17 03:22:30, 0.0, None 
 48.022, -123.22200000000001, 40.8, 2011-08-17 03:25:00, 0.0, None 
 47.88, -123.33, 22.0, 2011-08-17 03:27:30, 0.0, None 
 47.88, -123.46, 32.5, 2011-08-17 03:30:00, 0.0, None 
 47.865, -123.185, 26.5, 2011-08-17 03:35:00, 0.0, None 
 47.87, -123.22, 36.5, 2011-08-17 03:40:00, 0.0, None 
 47.96, -123.11, 25.2, 2011-08-17 03:42:30, 0.0, None 
 48.052, -123.025, 27.2, 2011-08-17 03:45:00, 0.0, None 
 47.985, -123.10700000000001, 31.0, 2011-08-17 03:47:30, 0.0, None 
 48.275, -123.01, 32.0, 2011-08-17 03:50:00, 0.0, None 
 47.97, -123.24, 52.5, 2011-08-17 03:50:00, 0.0, None 
 47.87, -123.165, 47.0, 2011-08-17 03:52:30, 0.0, None 
 47.88, -123.255, 48.0, 2011-08-17 03:55:00, 0.0, None 
 48.045, -123.24799999999999, 60.0, 2011-08-17 03:57:30, 0.0, None 
 47.89, -123.215, 34.8, 2011-08-17 04:00:00, 0.0, None 
 47.82, -123.32, 22.0, 2011-08-17 04:02:30, 0.0, None 
 47.89, -123.165, 28.0, 2011-08-17 04:05:00, 0.0, None 
 47.95, -123.145, 32.5, 2011-08-17 04:07:30, 0.0, None 
 47.82, -123.19, 25.0, 2011-08-17 04:10:00, 0.0, None 
 47.89, -123.17, 30.0, 2011-08-17 04:12:30, 0.0, None 
 47.9, -123.155, 31.0, 2011-08-17 04:15:00, 0.0, None 
 47.8, -123.12, 24.0, 2011-08-17 04:17:30, 0.0, None 
 47.84, -123.1, 31.0, 2011-08-17 04:20:00, 0.0, None 
 47.805, -123.155, 23.5, 2011-08-17 04:22:30, 0.0, None 
 48.11, -123.1, 20.0, 2011-08-17 04:25:00, 0.0, None 
 47.865, -123.11, 20.0, 2011-08-17 04:25:00, 0.0, None 
 47.865, -123.12299999999999, 33.0, 2011-08-17 04:27:30, 0.0, None 
 47.87, -123.095, 31.0, 2011-08-17 04:30:00, 0.0, None 
 47.98, -123.1, 37.0, 2011-08-17 04:32:30, 0.0, None 
 47.9, -123.095, 25.5, 2011-08-17 04:35:00, 0.0, None 
 47.93, -123.0, 28.0, 2011-08-17 04:37:30, 0.0, None 
 47.85, -122.98, 22.0, 2011-08-17 04:40:00, 0.0, None 
 47.78, -123.09, 23.0, 2011-08-17 04:50:00, 0.0, None 
 47.8, -123.11, 24.5, 2011-08-17 04:52:30, 0.0, None 
 47.81, -123.07, 26.0, 2011-08-17 04:55:00, 0.0, None 
 47.9, -123.03, 60.0, 2011-08-17 04:57:30, 0.0, None 
 47.825, -123.05, 42.0, 2011-08-17 05:00:00, 0.0, None 
 47.99, -123.035, 20.0, 2011-08-17 05:12:30, 0.0, None 
 47.925, -123.03, 26.5, 2011-08-17 05:20:00, 0.0, None 
 47.97, -123.2, 24.5, 2011-08-17 05:22:30, 0.0, None 
 48.135, -123.23, 20.0, 2011-08-17 05:25:00, 0.0, None 
 47.905, -123.12, 35.0, 2011-08-17 05:25:00, 0.0, None 
 47.9, -123.09, 27.0, 2011-08-17 05:27:30, 0.0, None 
 47.92, -123.11, 30.0, 2011-08-17 05:30:00, 0.0, None 
 47.92, -123.1, 29.0, 2011-08-17 05:32:30, 0.0, None 
 47.88, -123.13, 25.0, 2011-08-17 05:35:00, 0.0, None 
 47.92, -123.18, 22.5, 2011-08-17 05:37:30, 0.0, None 
 47.9, -123.105, 25.0, 2011-08-17 05:40:00, 0.0, None 
 47.795, -123.03, 47.5, 2011-08-17 05:42:30, 0.0, None 
 47.905, -122.97, 20.0, 2011-08-17 05:47:30, 0.0, None 
 47.96, -122.98, 20.0, 2011-08-17 05:50:00, 0.0, None 
 47.99, -123.1, 28.5, 2011-08-17 05:52:30, 0.0, None 
 47.955, -123.015, 30.0, 2011-08-17 05:55:00, 0.0, None 
 47.94, -123.005, 39.0, 2011-08-17 05:57:30, 0.0, None 
 47.9, -123.035, 51.0, 2011-08-17 06:00:00, 0.0, None 
 47.92, -122.945, 33.0, 2011-08-17 06:05:00, 0.0, None 
 47.54, -123.0, 20.0, 2011-08-17 06:05:00, 0.0, None 
 47.95, -123.18, 60.0, 2011-08-17 06:07:30, 0.0, None 
 48.035, -122.99, 44.5, 2011-08-17 06:10:00, 0.0, None 
 48.1, -123.085, 20.0, 2011-08-17 06:17:30, 0.0, None 
 47.88, -123.21, 43.0, 2011-08-17 06:17:30, 0.0, None 
 48.075, -123.04, 32.5, 2011-08-17 06:20:00, 0.0, None 
 48.035, -123.025, 39.0, 2011-08-17 06:22:30, 0.0, None 
 47.985, -123.01, 60.0, 2011-08-17 06:25:00, 0.0, None 
 47.98, -123.02, 35.0, 2011-08-17 06:27:30, 0.0, None 
 48.03, -123.025, 26.5, 2011-08-17 06:30:00, 0.0, None 
 47.96, -123.131, 34.2, 2011-08-17 06:32:30, 0.0, None 
 47.97, -123.6, 60.0, 2011-08-17 06:35:00, 0.0, None 
 47.81, -123.29, 40.8, 2011-08-17 06:37:30, 0.0, None 
 47.803000000000004, -123.285, 43.5, 2011-08-17 06:40:00, 0.0, None 
 48.09, -123.08, 31.2, 2011-08-17 06:42:30, 0.0, None 
 48.02, -123.005, 42.0, 2011-08-17 06:45:00, 0.0, None 
 48.05, -122.98, 31.0, 2011-08-17 06:47:30, 0.0, None 
 48.03, -123.015, 39.8, 2011-08-17 06:50:00, 0.0, None 
 47.98, -122.91, 30.0, 2011-08-17 06:52:30, 0.0, None 
 48.04, -122.965, 26.2, 2011-08-17 06:55:00, 0.0, None 
 48.06, -123.055, 32.8, 2011-08-17 06:57:30, 0.0, None 
 47.996, -123.12, 36.0, 2011-08-17 07:00:00, 0.0, None 
 47.97, -122.97, 33.0, 2011-08-17 07:02:30, 0.0, None 
 47.94, -122.98, 38.0, 2011-08-17 07:05:00, 0.0, None 
 47.96, -123.15, 55.0, 2011-08-17 07:07:30, 0.0, None 
 47.95, -123.08, 40.5, 2011-08-17 07:10:00, 0.0, None 
 47.94, -122.925, 23.0, 2011-08-17 07:12:30, 0.0, None 
 48.01, -122.985, 53.5, 2011-08-17 07:15:00, 0.0, None 
 48.07, -123.03200000000001, 40.8, 2011-08-17 07:17:30, 0.0, None 
 47.86, -123.16, 23.0, 2011-08-17 07:20:00, 0.0, None 
 48.12, -123.2, 20.0, 2011-08-17 07:22:30, 0.0, None 
 47.89, -123.01, 41.0, 2011-08-17 07:22:30, 0.0, None 
 47.8, -123.08, 60.0, 2011-08-17 07:25:00, 0.0, None 
 47.82, -123.15, 29.0, 2011-08-17 07:27:30, 0.0, None 
 47.89, -123.13, 28.0, 2011-08-17 07:30:00, 0.0, None 
 47.96, -122.86, 40.0, 2011-08-17 07:32:30, 0.0, None 
 47.84, -122.9, 47.0, 2011-08-17 07:35:00, 0.0, None 
 47.91, -122.91, 60.0, 2011-08-17 07:37:30, 0.0, None 
 47.8, -123.11, 20.0, 2011-08-17 07:40:00, 0.0, None 
 47.67, -123.17, 33.0, 2011-08-17 07:45:00, 0.0, None 
 47.9, -122.9, 36.0, 2011-08-17 07:47:30, 0.0, None 
 47.91, -122.89, 37.0, 2011-08-17 07:50:00, 0.0, None 
 47.97, -122.825, 24.0, 2011-08-17 07:55:00, 0.0, None 
 47.985, -122.815, 38.0, 2011-08-17 07:57:30, 0.0, None 
 48.09, -122.98, 45.0, 2011-08-17 08:00:00, 0.0, None 
 48.03, -122.925, 49.0, 2011-08-17 08:02:30, 0.0, None 
 47.98, -122.99, 53.0, 2011-08-17 08:05:00, 0.0, None 
 47.96, -122.9, 36.5, 2011-08-17 08:07:30, 0.0, None 
 47.95, -122.98, 50.0, 2011-08-17 08:10:00, 0.0, None 
 47.81, -123.20299999999999, 33.5, 2011-08-17 08:12:30, 0.0, None 
 47.81, -123.167, 32.5, 2011-08-17 08:15:00, 0.0, None 
 47.692, -123.28, 40.0, 2011-08-17 08:25:00, 0.0, None 
 47.78, -123.2, 52.0, 2011-08-17 08:27:30, 0.0, None 
 47.93, -122.88, 40.0, 2011-08-17 08:30:00, 0.0, None 
 48.04, -123.15, 50.0, 2011-08-17 08:32:30, 0.0, None 
 47.92, -122.86, 41.0, 2011-08-17 08:32:30, 0.0, None 
 47.97, -122.92, 31.0, 2011-08-17 08:35:00, 0.0, None 
 48.19, -122.905, 40.0, 2011-08-17 08:37:30, 0.0, None 
 48.13, -123.16, 31.0, 2011-08-17 08:40:00, 0.0, None 
 48.03, -122.915, 47.0, 2011-08-17 08:42:30, 0.0, None 
 48.08, -122.9, 20.0, 2011-08-17 08:45:00, 0.0, None 
 48.085, -122.9, 20.0, 2011-08-17 08:47:30, 0.0, None 
 48.032, -122.97, 37.8, 2011-08-17 08:52:30, 0.0, None 
 48.02, -122.985, 37.8, 2011-08-17 08:55:00, 0.0, None 
 48.215, -122.96799999999999, 57.5, 2011-08-17 08:57:30, 0.0, None 
 48.025, -122.92, 40.0, 2011-08-17 09:00:00, 0.0, None 
 48.02, -122.93, 32.0, 2011-08-17 09:02:30, 0.0, None 
 48.06, -122.895, 33.5, 2011-08-17 09:05:00, 0.0, None 
 47.87, -123.2, 20.0, 2011-08-17 09:05:00, 0.0, None 
 48.07, -122.98, 27.0, 2011-08-17 09:07:30, 0.0, None 
 48.07, -123.01, 20.0, 2011-08-17 09:10:00, 0.0, None 
 48.08, -122.975, 36.0, 2011-08-17 09:12:30, 0.0, None 
 47.98, -123.345, 24.5, 2011-08-17 09:17:30, 0.0, None 
 48.0, -123.44, 20.0, 2011-08-17 09:20:00, 0.0, None 
 48.02, -123.46, 37.5, 2011-08-17 09:22:30, 0.0, None 
 48.09, -123.27, 38.5, 2011-08-17 09:25:00, 0.0, None 
 47.73, -123.31, 28.0, 2011-08-17 09:27:30, 0.0, None 
 47.95, -123.52, 60.0, 2011-08-17 09:32:30, 0.0, None 
 47.98, -123.58, 23.5, 2011-08-17 09:35:00, 0.0, None 
 47.71, -123.195, 35.5, 2011-08-17 10:05:00, 0.0, None 
 47.71, -123.27, 37.5, 2011-08-17 10:07:30, 0.0, None 
 47.725, -123.285, 41.0, 2011-08-17 10:10:00, 0.0, None 
 47.87, -123.375, 60.0, 2011-08-17 10:17:30, 0.0, None 
 47.688, -123.23, 42.5, 2011-08-17 10:30:00, 0.0, None 
 47.71, -123.3, 27.0, 2011-08-17 10:32:30, 0.0, None 
 47.711999999999996, -123.28, 37.0, 2011-08-17 10:35:00, 0.0, None 
 47.72, -123.37, 21.0, 2011-08-17 10:47:30, 0.0, None 
 47.705, -123.34, 25.0, 2011-08-17 10:50:00, 0.0, None 
 47.76, -123.19, 48.0, 2011-08-17 10:52:30, 0.0, None 
 47.63, -123.19, 60.0, 2011-08-17 10:57:30, 0.0, None 
 47.71, -123.19, 38.5, 2011-08-17 11:00:00, 0.0, None 
 47.69, -123.28, 24.5, 2011-08-17 11:02:30, 0.0, None 
 47.79, -123.295, 30.5, 2011-08-17 11:05:00, 0.0, None 
 47.73, -123.3, 20.0, 2011-08-17 11:10:00, 0.0, None 
 47.755, -123.27, 20.0, 2011-08-17 11:12:30, 0.0, None 
 47.766999999999996, -123.26, 20.0, 2011-08-17 11:15:00, 0.0, None 
 47.87, -123.235, 51.0, 2011-08-17 11:17:30, 0.0, None 
 47.98, -123.455, 47.5, 2011-08-17 11:27:30, 0.0, None 
 48.04, -123.39, 27.5, 2011-08-17 11:30:00, 0.0, None 
 47.99, -123.335, 20.0, 2011-08-17 11:32:30, 0.0, None 
 48.02, -123.31700000000001, 33.5, 2011-08-17 11:35:00, 0.0, None 
 48.001999999999995, -123.36, 20.8, 2011-08-17 11:37:30, 0.0, None 
 47.887, -123.34, 24.0, 2011-08-17 11:40:00, 0.0, None 
 48.02, -123.345, 25.8, 2011-08-17 11:42:30, 0.0, None 
 48.008, -123.32, 20.0, 2011-08-17 11:45:00, 0.0, None 
 47.888999999999996, -123.26700000000001, 22.2, 2011-08-17 11:47:30, 0.0, None 
 48.097, -123.27, 50.2, 2011-08-17 11:50:00, 0.0, None 
 48.005, -123.315, 60.0, 2011-08-17 11:52:30, 0.0, None 
 47.91, -123.49, 58.0, 2011-08-17 11:57:30, 0.0, None 
 48.01, -123.32, 35.0, 2011-08-17 12:02:30, 0.0, None 
 48.03, -123.35, 31.0, 2011-08-17 12:05:00, 0.0, None 
 48.05, -123.39, 38.5, 2011-08-17 12:07:30, 0.0, None 
 47.85, -123.385, 29.0, 2011-08-17 12:10:00, 0.0, None 
 47.985, -123.303, 21.2, 2011-08-17 12:12:30, 0.0, None 
 48.005, -123.32, 24.0, 2011-08-17 12:15:00, 0.0, None 
 48.008, -123.34, 24.5, 2011-08-17 12:17:30, 0.0, None 
 48.1, -123.375, 42.0, 2011-08-17 12:20:00, 0.0, None 
 48.11, -123.28, 38.0, 2011-08-17 12:27:30, 0.0, None 
 48.18, -123.27, 34.8, 2011-08-17 12:30:00, 0.0, None 
 48.11, -123.24, 41.0, 2011-08-17 12:32:30, 0.0, None 
 48.073, -123.37, 20.0, 2011-08-17 12:42:30, 0.0, None 
 48.11, -123.36, 20.0, 2011-08-17 12:45:00, 0.0, None 
 47.97, -123.39, 32.0, 2011-08-17 12:50:00, 0.0, None 
 47.85, -123.27, 46.5, 2011-08-17 12:52:30, 0.0, None 
 47.792, -123.382, 55.2, 2011-08-17 12:57:30, 0.0, None 
 48.07, -123.38, 34.0, 2011-08-17 13:05:00, 0.0, None 
 48.02, -123.095, 53.5, 2011-08-17 13:07:30, 0.0, None 
 48.02, -123.5, 31.0, 2011-08-17 13:15:00, 0.0, None 
 48.06, -123.43, 30.0, 2011-08-17 13:17:30, 0.0, None 
 48.123000000000005, -123.235, 39.0, 2011-08-17 13:20:00, 0.0, None 
 47.965, -123.4, 27.5, 2011-08-17 13:25:00, 0.0, None 
 47.97, -123.3, 49.5, 2011-08-17 13:27:30, 0.0, None 
 46.3, -122.98, 26.0, 2011-08-17 13:32:30, 0.0, None 
 47.73, -123.21, 20.0, 2011-08-17 13:37:30, 0.0, None 
 47.69, -123.22, 20.0, 2011-08-17 13:40:00, 0.0, None 
 47.74, -123.23, 20.0, 2011-08-17 13:50:00, 0.0, None 
 47.79, -123.2, 24.0, 2011-08-17 13:52:30, 0.0, None 
 47.71, -123.285, 49.0, 2011-08-17 14:15:00, 0.0, None 
 48.03, -123.39, 20.0, 2011-08-17 14:35:00, 0.0, None 
 47.87, -122.97, 60.0, 2011-08-17 14:57:30, 0.0, None 
 48.08, -123.58, 42.0, 2011-08-17 15:00:00, 0.0, None 
 47.97, -123.3, 20.0, 2011-08-17 15:02:30, 0.0, None 
 48.08, -123.1, 36.0, 2011-08-17 15:07:30, 0.0, None 
 47.9, -123.07, 20.0, 2011-08-17 15:10:00, 0.0, None 
 48.17, -123.33, 38.0, 2011-08-17 15:12:30, 0.0, None 
 48.2, -123.09, 27.0, 2011-08-17 16:05:00, 0.0, None 
 48.22, -123.04, 20.0, 2011-08-17 16:07:30, 0.0, None 
 48.28, -122.795, 59.5, 2011-08-17 16:12:30, 0.0, None 
 48.19, -123.04, 33.0, 2011-08-17 16:17:30, 0.0, None 
 48.28, -122.76, 30.0, 2011-08-17 16:22:30, 0.0, None 
 48.25, -122.78, 30.0, 2011-08-17 16:25:00, 0.0, None 
 48.19, -122.86, 40.0, 2011-08-17 16:27:30, 0.0, None 
 48.2, -123.09, 48.0, 2011-08-17 16:30:00, 0.0, None 
 48.21, -123.11, 48.0, 2011-08-17 16:32:30, 0.0, None 
 48.02, -123.48, 28.0, 2011-08-17 16:40:00, 0.0, None 
 48.2, -123.01, 51.0, 2011-08-17 16:50:00, 0.0, None 
 48.205, -123.035, 30.5, 2011-08-17 16:52:30, 0.0, None 
 48.29, -122.99, 35.0, 2011-08-17 17:05:00, 0.0, None 
 48.1, -123.04, 20.0, 2011-08-17 17:12:30, 0.0, None 
 48.21, -123.13, 60.0, 2011-08-17 17:20:00, 0.0, None 
 48.25, -123.06, 43.5, 2011-08-17 18:00:00, 0.0, None 
 47.81, -123.24, 26.0, 2011-08-17 18:22:30, 0.0, None 
 48.2, -122.795, 59.0, 2011-08-17 18:45:00, 0.0, None 
 48.21, -123.08, 45.0, 2011-08-17 18:50:00, 0.0, None 
 48.12, -122.82, 20.0, 2011-08-17 19:00:00, 0.0, None 
 48.1, -122.92, 46.0, 2011-08-17 19:02:30, 0.0, None 
 48.13, -122.85, 60.0, 2011-08-17 19:05:00, 0.0, None 
 48.16, -123.0, 47.5, 2011-08-17 19:07:30, 0.0, None 
 48.17, -123.005, 42.5, 2011-08-17 19:10:00, 0.0, None 
 48.14, -122.99, 49.0, 2011-08-17 19:35:00, 0.0, None 
 48.23, -123.05, 60.0, 2011-08-17 19:40:00, 0.0, None 
 48.2, -123.16, 60.0, 2011-08-17 19:42:30, 0.0, None 
 48.2, -123.11, 60.0, 2011-08-17 19:45:00, 0.0, None 
 48.13, -122.99, 40.0, 2011-08-17 19:50:00, 0.0, None 
 48.23, -122.9, 20.0, 2011-08-17 19:52:30, 0.0, None 
 48.29, -123.0, 20.0, 2011-08-17 20:00:00, 0.0, None 
 47.99, -122.87, 60.0, 2011-08-17 20:37:30, 0.0, None 
 48.07, -122.93, 60.0, 2011-08-17 20:40:00, 0.0, None 
 48.12, -122.87, 30.0, 2011-08-17 20:42:30, 0.0, None 
 48.12, -122.885, 60.0, 2011-08-17 20:45:00, 0.0, None 
 48.13, -122.82, 20.0, 2011-08-17 20:47:30, 0.0, None 
 48.16, -122.83, 22.0, 2011-08-17 20:50:00, 0.0, None 
 48.16, -122.855, 60.0, 2011-08-17 20:52:30, 0.0, None 
 48.17, -122.84, 42.0, 2011-08-17 20:55:00, 0.0, None 
 47.81, -123.13, 41.0, 2011-08-17 21:05:00, 0.0, None 
 48.005, -123.405, 22.8, 2011-08-17 22:40:00, 0.0, None 
 47.975, -123.415, 35.8, 2011-08-17 22:42:30, 0.0, None 
 48.21, -122.825, 45.5, 2011-08-17 22:47:30, 0.0, None 
 47.94, -123.345, 60.0, 2011-08-17 22:50:00, 0.0, None 
 48.065, -123.463, 38.2, 2011-08-17 22:52:30, 0.0, None 
 48.2, -123.14, 54.0, 2011-08-17 23:05:00, 0.0, None 
 47.9, -123.515, 26.0, 2011-08-17 23:10:00, 0.0, None 
 47.91, -123.35, 20.0, 2011-08-17 23:12:30, 0.0, None 
 48.12, -123.2, 60.0, 2011-08-17 23:20:00, 0.0, None 
 48.01, -123.39, 44.5, 2011-08-17 23:30:00, 0.0, None 
 47.85, -123.345, 42.0, 2011-08-17 23:32:30, 0.0, None 
 48.052, -123.315, 24.5, 2011-08-17 23:37:30, 0.0, None 
 48.065, -123.31, 25.0, 2011-08-17 23:40:00, 0.0, None 
 48.047, -123.32, 23.0, 2011-08-17 23:42:30, 0.0, None 
 48.05, -123.35, 29.0, 2011-08-17 23:52:30, 0.0, None 
 48.21, -123.27, 50.0, 2011-08-18 00:00:00, 0.0, None 
 48.145, -123.28, 60.0, 2011-08-18 00:02:30, 0.0, None 
 47.89, -123.33, 47.5, 2011-08-18 00:10:00, 0.0, None 
 48.14, -123.3, 47.0, 2011-08-18 00:12:30, 0.0, None 
 48.19, -123.36, 60.0, 2011-08-18 00:15:00, 0.0, None 
 48.31, -123.35, 60.0, 2011-08-18 00:20:00, 0.0, None 
 48.35, -123.18, 40.5, 2011-08-18 00:22:30, 0.0, None 
 48.245, -123.2, 46.0, 2011-08-18 00:25:00, 0.0, None 
 48.22, -123.135, 60.0, 2011-08-18 00:27:30, 0.0, None 
 48.23, -123.29, 60.0, 2011-08-18 00:32:30, 0.0, None 
 48.17, -123.36, 60.0, 2011-08-18 00:35:00, 0.0, None 
 48.03, -123.505, 60.0, 2011-08-18 00:37:30, 0.0, None 
 47.87, -123.64, 20.0, 2011-08-18 00:52:30, 0.0, None 
 48.39, -122.81, 47.0, 2011-08-18 01:00:00, 0.0, None 
 48.41, -122.835, 54.0, 2011-08-18 01:05:00, 0.0, None 
 48.17, -123.195, 60.0, 2011-08-18 01:07:30, 0.0, None 
 47.94, -123.48, 24.0, 2011-08-18 01:12:30, 0.0, None 
 48.133, -123.27, 20.0, 2011-08-18 01:17:30, 0.0, None 
 48.01, -123.41, 28.0, 2011-08-18 01:20:00, 0.0, None 
 48.23, -123.305, 47.0, 2011-08-18 01:25:00, 0.0, None 
 48.205, -123.11, 60.0, 2011-08-18 01:32:30, 0.0, None 
 48.205, -123.08, 20.0, 2011-08-18 01:35:00, 0.0, None 
 48.185, -123.09, 60.0, 2011-08-18 01:37:30, 0.0, None 
 48.23, -123.08, 60.0, 2011-08-18 01:40:00, 0.0, None 
 48.095, -123.35, 49.5, 2011-08-18 01:47:30, 0.0, None 
 48.1, -123.27, 42.5, 2011-08-18 01:50:00, 0.0, None 
 47.972, -123.29, 41.2, 2011-08-18 01:52:30, 0.0, None 
 48.17, -123.15, 60.0, 2011-08-18 01:55:00, 0.0, None 
 48.21, -123.08, 60.0, 2011-08-18 01:57:30, 0.0, None 
 48.211999999999996, -123.06, 35.0, 2011-08-18 02:00:00, 0.0, None 
 48.07, -123.28, 60.0, 2011-08-18 02:02:30, 0.0, None 
 48.09, -123.3, 60.0, 2011-08-18 02:05:00, 0.0, None 
 48.28, -122.92, 39.0, 2011-08-18 02:10:00, 0.0, None 
 48.08, -123.31, 36.5, 2011-08-18 02:10:00, 0.0, None 
 47.968, -123.29, 28.0, 2011-08-18 02:12:30, 0.0, None 
 48.03, -123.33, 30.0, 2011-08-18 02:15:00, 0.0, None 
 47.992, -123.325, 35.8, 2011-08-18 02:17:30, 0.0, None 
 48.03, -123.27, 27.5, 2011-08-18 02:20:00, 0.0, None 
 48.02, -123.21, 39.5, 2011-08-18 02:25:00, 0.0, None 
 48.07, -123.28, 32.0, 2011-08-18 02:27:30, 0.0, None 
 47.9, -123.17, 37.0, 2011-08-18 02:30:00, 0.0, None 
 47.96, -123.295, 28.0, 2011-08-18 02:32:30, 0.0, None 
 47.975, -123.365, 44.0, 2011-08-18 02:35:00, 0.0, None 
 48.068000000000005, -123.365, 29.5, 2011-08-18 02:37:30, 0.0, None 
 47.955, -123.39, 29.0, 2011-08-18 02:40:00, 0.0, None 
 47.957, -123.415, 23.2, 2011-08-18 02:42:30, 0.0, None 
 48.04, -123.315, 20.0, 2011-08-18 02:45:00, 0.0, None 
 48.0, -123.19, 34.0, 2011-08-18 02:47:30, 0.0, None 
 47.975, -123.295, 37.0, 2011-08-18 02:50:00, 0.0, None 
 47.995, -123.285, 58.0, 2011-08-18 02:52:30, 0.0, None 
 47.99, -123.25, 43.0, 2011-08-18 02:55:00, 0.0, None 
 48.27, -123.24, 20.0, 2011-08-18 03:00:00, 0.0, None 
 47.93, -123.32, 20.0, 2011-08-18 03:00:00, 0.0, None 
 48.185, -123.34700000000001, 34.2, 2011-08-18 03:02:30, 0.0, None 
 48.097, -123.24, 38.2, 2011-08-18 03:05:00, 0.0, None 
 48.04, -123.12700000000001, 38.0, 2011-08-18 03:07:30, 0.0, None 
 48.015, -123.41, 34.5, 2011-08-18 03:10:00, 0.0, None 
 47.92, -123.55, 20.0, 2011-08-18 03:12:30, 0.0, None 
 47.995, -123.39, 39.0, 2011-08-18 03:15:00, 0.0, None 
 47.995, -123.245, 30.5, 2011-08-18 03:17:30, 0.0, None 
 48.02, -123.35, 32.5, 2011-08-18 03:20:00, 0.0, None 
 47.995, -123.37, 33.5, 2011-08-18 03:22:30, 0.0, None 
 47.985, -123.305, 25.5, 2011-08-18 03:25:00, 0.0, None 
 47.96, -123.31, 23.0, 2011-08-18 03:27:30, 0.0, None 
 47.955, -123.345, 24.5, 2011-08-18 03:30:00, 0.0, None 
 47.99, -123.31, 32.0, 2011-08-18 03:32:30, 0.0, None 
 47.95, -123.28, 40.0, 2011-08-18 03:35:00, 0.0, None 
 47.825, -123.225, 60.0, 2011-08-18 03:37:30, 0.0, None 
 47.925, -123.165, 20.0, 2011-08-18 03:40:00, 0.0, None 
 47.955, -123.465, 22.5, 2011-08-18 03:42:30, 0.0, None 
 47.91, -123.345, 27.0, 2011-08-18 03:45:00, 0.0, None 
 47.89, -123.36, 20.0, 2011-08-18 03:47:30, 0.0, None 
 47.89, -123.28, 20.0, 2011-08-18 03:50:00, 0.0, None 
 47.78, -123.245, 20.0, 2011-08-18 03:52:30, 0.0, None 
 47.88, -123.27, 20.0, 2011-08-18 03:55:00, 0.0, None 
 47.83, -123.23, 30.0, 2011-08-18 04:00:00, 0.0, None 
 48.17, -123.06, 40.0, 2011-08-18 04:02:30, 0.0, None 
 47.83, -123.2, 30.0, 2011-08-18 04:02:30, 0.0, None 
 47.86, -123.545, 60.0, 2011-08-18 04:05:00, 0.0, None 
 47.85, -123.385, 26.5, 2011-08-18 04:07:30, 0.0, None 
 47.86, -123.31, 20.0, 2011-08-18 04:10:00, 0.0, None 
 47.925, -123.155, 20.2, 2011-08-18 04:12:30, 0.0, None 
 47.94, -123.2, 30.5, 2011-08-18 04:15:00, 0.0, None 
 47.96, -123.2, 38.0, 2011-08-18 04:17:30, 0.0, None 
 48.015, -123.235, 27.0, 2011-08-18 04:20:00, 0.0, None 
 47.975, -123.275, 31.0, 2011-08-18 04:22:30, 0.0, None 
 47.96, -123.2, 25.0, 2011-08-18 04:25:00, 0.0, None 
 47.945, -123.345, 26.0, 2011-08-18 04:27:30, 0.0, None 
 48.16, -122.905, 60.0, 2011-08-18 04:30:00, 0.0, None 
 47.895, -123.31, 60.0, 2011-08-18 04:30:00, 0.0, None 
 47.825, -123.31, 21.0, 2011-08-18 04:32:30, 0.0, None 
 47.805, -123.335, 25.0, 2011-08-18 04:35:00, 0.0, None 
 47.85, -123.345, 20.0, 2011-08-18 04:37:30, 0.0, None 
 47.8, -123.29, 29.0, 2011-08-18 04:40:00, 0.0, None 
 47.82, -123.29, 27.0, 2011-08-18 04:42:30, 0.0, None 
 47.85, -123.245, 29.5, 2011-08-18 04:45:00, 0.0, None 
 47.81, -123.22, 42.0, 2011-08-18 04:47:30, 0.0, None 
 47.895, -123.28, 20.0, 2011-08-18 04:52:30, 0.0, None 
 48.08, -123.14, 30.0, 2011-08-18 04:55:00, 0.0, None 
 47.78, -123.24, 42.0, 2011-08-18 04:55:00, 0.0, None 
 47.64, -123.22, 20.0, 2011-08-18 05:00:00, 0.0, None 
 47.85, -123.195, 24.0, 2011-08-18 05:05:00, 0.0, None 
 47.855, -123.12700000000001, 22.5, 2011-08-18 05:07:30, 0.0, None 
 47.915, -123.275, 20.0, 2011-08-18 05:10:00, 0.0, None 
 47.78, -123.11, 30.5, 2011-08-18 05:12:30, 0.0, None 
 47.87, -123.18, 20.5, 2011-08-18 05:15:00, 0.0, None 
 47.81, -123.115, 32.0, 2011-08-18 05:17:30, 0.0, None 
 47.795, -123.16, 37.5, 2011-08-18 05:20:00, 0.0, None 
 48.175, -123.08, 35.8, 2011-08-18 05:27:30, 0.0, None 
 48.09, -123.56, 48.0, 2011-08-18 05:30:00, 0.0, None 
 47.97, -123.3, 60.0, 2011-08-18 05:32:30, 0.0, None 
 47.91, -123.53, 20.0, 2011-08-18 05:35:00, 0.0, None 
 48.0, -123.48, 34.0, 2011-08-18 05:37:30, 0.0, None 
 47.97, -123.375, 32.5, 2011-08-18 05:40:00, 0.0, None 
 48.055, -123.45, 50.0, 2011-08-18 05:42:30, 0.0, None 
 48.215, -123.085, 54.0, 2011-08-18 05:45:00, 0.0, None 
 48.2, -123.06, 44.5, 2011-08-18 05:47:30, 0.0, None 
 48.205, -123.023, 30.0, 2011-08-18 05:50:00, 0.0, None 
 48.21, -123.06, 30.0, 2011-08-18 05:52:30, 0.0, None 
 48.215, -123.03, 32.8, 2011-08-18 06:00:00, 0.0, None 
 48.222, -123.04, 34.0, 2011-08-18 06:02:30, 0.0, None 
 48.115, -123.3, 35.5, 2011-08-18 06:07:30, 0.0, None 
 48.13, -123.29, 60.0, 2011-08-18 06:10:00, 0.0, None 
 48.105, -123.255, 20.0, 2011-08-18 06:12:30, 0.0, None 
 48.01, -123.43, 20.0, 2011-08-18 06:20:00, 0.0, None 
 47.96, -123.62, 21.5, 2011-08-18 06:52:30, 0.0, None 
 47.93, -123.57, 20.0, 2011-08-18 06:55:00, 0.0, None 
 48.19, -123.08, 60.0, 2011-08-18 07:12:30, 0.0, None 
 47.98, -123.48, 39.0, 2011-08-18 07:27:30, 0.0, None 
 47.91, -123.55, 20.0, 2011-08-18 07:52:30, 0.0, None 
 47.99, -123.57, 33.0, 2011-08-18 07:55:00, 0.0, None 
 48.02, -123.56, 41.0, 2011-08-18 07:57:30, 0.0, None 
 48.025, -123.42, 38.0, 2011-08-18 08:00:00, 0.0, None 
 48.01, -123.41, 40.5, 2011-08-18 08:02:30, 0.0, None 
 48.04, -123.455, 28.5, 2011-08-18 08:07:30, 0.0, None 
 48.03, -123.51, 20.0, 2011-08-18 08:10:00, 0.0, None 
 48.005, -123.425, 26.0, 2011-08-18 08:12:30, 0.0, None 
 47.99, -123.435, 34.5, 2011-08-18 08:15:00, 0.0, None 
 48.01, -123.56, 25.0, 2011-08-18 08:17:30, 0.0, None 
 47.97, -123.555, 31.0, 2011-08-18 08:20:00, 0.0, None 
 48.03, -123.48, 30.0, 2011-08-18 08:22:30, 0.0, None 
 48.055, -123.475, 24.5, 2011-08-18 08:25:00, 0.0, None 
 47.98, -123.415, 32.0, 2011-08-18 08:27:30, 0.0, None 
 48.03, -123.49, 20.0, 2011-08-18 08:30:00, 0.0, None 
 48.0, -123.47, 20.0, 2011-08-18 08:32:30, 0.0, None 
 48.1, -123.41, 20.0, 2011-08-18 08:35:00, 0.0, None 
 48.095, -123.34700000000001, 23.0, 2011-08-18 08:40:00, 0.0, None 
 48.085, -123.345, 20.0, 2011-08-18 08:42:30, 0.0, None 
 48.085, -123.345, 20.0, 2011-08-18 08:45:00, 0.0, None 
 47.85, -123.27, 20.0, 2011-08-18 08:47:30, 0.0, None 
 48.1, -123.5, 41.0, 2011-08-18 08:47:30, 0.0, None 
 47.94, -123.382, 26.5, 2011-08-18 08:50:00, 0.0, None 
 47.98, -123.67, 33.0, 2011-08-18 08:52:30, 0.0, None 
 48.08, -123.38, 20.0, 2011-08-18 08:55:00, 0.0, None 
 48.0, -123.63, 33.0, 2011-08-18 09:00:00, 0.0, None 
 47.975, -123.68, 32.5, 2011-08-18 09:07:30, 0.0, None 
 47.99, -123.685, 31.0, 2011-08-18 09:10:00, 0.0, None 
 48.35, -123.0, 40.0, 2011-08-18 09:27:30, 0.0, None 
 48.22, -123.07, 20.0, 2011-08-18 09:32:30, 0.0, None 
 48.275, -123.175, 20.0, 2011-08-18 09:35:00, 0.0, None 
 47.99, -123.57, 21.0, 2011-08-18 09:52:30, 0.0, None 
 47.94, -123.6, 20.0, 2011-08-18 10:00:00, 0.0, None 
 48.2, -123.35, 53.0, 2011-08-18 10:05:00, 0.0, None 
 48.24, -123.31, 60.0, 2011-08-18 10:10:00, 0.0, None 
 48.205, -123.36, 47.0, 2011-08-18 10:12:30, 0.0, None 
 48.32, -123.165, 39.5, 2011-08-18 10:17:30, 0.0, None 
 48.18, -122.78, 22.0, 2011-08-18 10:20:00, 0.0, None 
 48.243, -123.24799999999999, 26.8, 2011-08-18 10:22:30, 0.0, None 
 48.205, -123.19, 30.0, 2011-08-18 10:25:00, 0.0, None 
 48.165, -123.12700000000001, 33.8, 2011-08-18 10:27:30, 0.0, None 
 48.19, -123.26, 20.0, 2011-08-18 10:32:30, 0.0, None 
 48.15, -123.15, 53.5, 2011-08-18 10:35:00, 0.0, None 
 48.115, -123.21799999999999, 46.2, 2011-08-18 10:37:30, 0.0, None 
 48.123000000000005, -123.305, 26.0, 2011-08-18 10:40:00, 0.0, None 
 48.248000000000005, -123.287, 45.0, 2011-08-18 10:42:30, 0.0, None 
 48.075, -123.365, 20.0, 2011-08-18 10:45:00, 0.0, None 
 48.102, -123.34, 20.0, 2011-08-18 10:47:30, 0.0, None 
 48.28, -123.055, 31.2, 2011-08-18 10:50:00, 0.0, None 
 48.227, -122.90700000000001, 20.0, 2011-08-18 10:52:30, 0.0, None 
 48.3, -123.005, 33.0, 2011-08-18 10:55:00, 0.0, None 
 48.16, -123.405, 60.0, 2011-08-18 10:57:30, 0.0, None 
 47.99, -123.215, 52.0, 2011-08-18 11:05:00, 0.0, None 
 48.295, -122.905, 26.0, 2011-08-18 11:07:30, 0.0, None 
 48.245, -122.86, 20.0, 2011-08-18 11:10:00, 0.0, None 
 48.04, -123.55, 36.0, 2011-08-18 11:17:30, 0.0, None 
 48.31, -122.92, 20.0, 2011-08-18 11:55:00, 0.0, None 
 48.33, -122.98, 52.0, 2011-08-18 11:57:30, 0.0, None 
 48.245, -122.898, 29.8, 2011-08-18 12:00:00, 0.0, None 
 48.195, -122.9, 25.2, 2011-08-18 12:02:30, 0.0, None 
 48.225, -123.285, 34.5, 2011-08-18 12:07:30, 0.0, None 
 47.98, -123.56, 29.0, 2011-08-18 12:15:00, 0.0, None 
 47.99, -123.5, 20.0, 2011-08-18 12:17:30, 0.0, None 
 48.01, -123.48, 20.0, 2011-08-18 12:20:00, 0.0, None 
 47.99, -123.54, 29.0, 2011-08-18 12:22:30, 0.0, None 
 48.275, -123.035, 25.0, 2011-08-18 12:27:30, 0.0, None 
 48.28, -123.04, 20.0, 2011-08-18 12:30:00, 0.0, None 
 48.3, -122.99, 28.0, 2011-08-18 12:32:30, 0.0, None 
 48.23, -122.995, 20.0, 2011-08-18 12:35:00, 0.0, None 
 47.98, -123.22, 42.0, 2011-08-18 12:37:30, 0.0, None 
 47.92, -123.6, 20.0, 2011-08-18 12:37:30, 0.0, None 
 48.1, -123.54, 43.0, 2011-08-18 12:40:00, 0.0, None 
 48.06, -123.4, 28.5, 2011-08-18 12:42:30, 0.0, None 
 48.3, -123.34, 60.0, 2011-08-18 12:50:00, 0.0, None 
 47.94, -123.51, 25.0, 2011-08-18 12:52:30, 0.0, None 
 47.84, -123.28, 25.0, 2011-08-18 12:55:00, 0.0, None 
 48.04, -123.47, 20.0, 2011-08-18 12:55:00, 0.0, None 
 48.045, -123.375, 53.0, 2011-08-18 12:57:30, 0.0, None 
 48.02, -123.45, 52.0, 2011-08-18 13:00:00, 0.0, None 
 47.945, -123.555, 30.0, 2011-08-18 13:02:30, 0.0, None 
 47.99, -123.5, 29.0, 2011-08-18 13:05:00, 0.0, None 
 48.37, -123.05, 60.0, 2011-08-18 13:07:30, 0.0, None 
 48.1, -122.83, 60.0, 2011-08-18 13:17:30, 0.0, None 
 48.255, -123.1, 31.0, 2011-08-18 13:17:30, 0.0, None 
 48.2, -123.1, 37.0, 2011-08-18 13:20:00, 0.0, None 
 48.215, -123.145, 44.5, 2011-08-18 13:22:30, 0.0, None 
 48.255, -123.13, 44.2, 2011-08-18 13:25:00, 0.0, None 
 48.25, -123.1, 52.0, 2011-08-18 13:27:30, 0.0, None 
 48.29, -123.34, 34.0, 2011-08-18 13:30:00, 0.0, None 
 48.28, -123.255, 53.5, 2011-08-18 13:32:30, 0.0, None 
 48.205, -123.185, 60.0, 2011-08-18 13:35:00, 0.0, None 
 47.97, -123.51, 60.0, 2011-08-18 13:37:30, 0.0, None 
 48.19, -123.21, 47.0, 2011-08-18 13:40:00, 0.0, None 
 48.18, -123.04, 60.0, 2011-08-18 13:42:30, 0.0, None 
 48.293, -123.17, 34.0, 2011-08-18 13:47:30, 0.0, None 
 48.225, -123.09, 29.5, 2011-08-18 13:50:00, 0.0, None 
 48.22, -123.155, 40.5, 2011-08-18 13:52:30, 0.0, None 
 47.89, -123.44, 60.0, 2011-08-18 14:10:00, 0.0, None 
 48.3, -123.22, 20.0, 2011-08-18 14:27:30, 0.0, None 
 47.975, -123.125, 20.0, 2011-08-18 14:42:30, 0.0, None 
 48.185, -123.21, 20.0, 2011-08-18 14:45:00, 0.0, None 
 48.12, -122.865, 33.0, 2011-08-18 14:47:30, 0.0, None 
 48.02, -123.7, 20.0, 2011-08-18 14:52:30, 0.0, None 
 48.09, -123.48, 50.0, 2011-08-18 14:57:30, 0.0, None 
 48.01, -123.445, 20.0, 2011-08-18 15:00:00, 0.0, None 
 47.955, -123.625, 20.0, 2011-08-18 15:02:30, 0.0, None 
 48.0, -123.58, 29.5, 2011-08-18 15:05:00, 0.0, None 
 48.01, -123.55, 29.0, 2011-08-18 15:07:30, 0.0, None 
 48.045, -123.6, 29.5, 2011-08-18 15:10:00, 0.0, None 
 48.37, -123.2, 30.0, 2011-08-18 15:20:00, 0.0, None 
 48.207, -123.01299999999999, 33.8, 2011-08-18 15:42:30, 0.0, None 
 48.25, -123.025, 41.0, 2011-08-18 15:45:00, 0.0, None 
 48.2, -123.2, 60.0, 2011-08-18 15:52:30, 0.0, None 
 48.32, -123.41, 41.0, 2011-08-18 15:55:00, 0.0, None 
 48.17, -123.0, 60.0, 2011-08-18 16:35:00, 0.0, None 
 48.13, -122.81, 42.0, 2011-08-18 16:55:00, 0.0, None 
 48.39, -123.12, 47.0, 2011-08-18 16:55:00, 0.0, None 
 48.315, -123.08, 60.0, 2011-08-18 16:57:30, 0.0, None 
 48.3, -122.963, 44.0, 2011-08-18 17:00:00, 0.0, None 
 48.2, -123.11, 20.0, 2011-08-18 17:07:30, 0.0, None 
 48.3, -123.42, 60.0, 2011-08-18 17:20:00, 0.0, None 
 48.29, -123.22, 30.0, 2011-08-18 17:27:30, 0.0, None 
 48.31, -123.065, 20.0, 2011-08-18 17:32:30, 0.0, None 
 48.295, -123.135, 25.5, 2011-08-18 19:00:00, 0.0, None 
 48.273, -123.06200000000001, 26.5, 2011-08-18 19:02:30, 0.0, None 
 48.33, -122.93, 20.0, 2011-08-18 19:05:00, 0.0, None 
 48.03, -123.25, 20.0, 2011-08-18 19:30:00, 0.0, None 
 48.03, -123.36, 60.0, 2011-08-18 19:40:00, 0.0, None 
 48.12, -123.13, 38.0, 2011-08-18 20:10:00, 0.0, None 
 47.9, -123.28, 27.0, 2011-08-18 20:30:00, 0.0, None 
 48.27, -123.155, 54.0, 2011-08-18 20:37:30, 0.0, None 
 48.21, -123.065, 45.0, 2011-08-18 20:40:00, 0.0, None 
 48.28, -123.375, 60.0, 2011-08-18 20:42:30, 0.0, None 
 48.225, -123.235, 40.0, 2011-08-18 20:45:00, 0.0, None 
 48.21, -123.05, 60.0, 2011-08-18 20:57:30, 0.0, None 
 48.345, -123.15, 60.0, 2011-08-18 21:02:30, 0.0, None 
 48.4, -123.215, 60.0, 2011-08-18 21:05:00, 0.0, None 
 48.3, -122.98, 32.0, 2011-08-18 21:07:30, 0.0, None 
 48.33, -123.08, 60.0, 2011-08-18 21:15:00, 0.0, None 
 48.36, -123.18, 60.0, 2011-08-18 21:17:30, 0.0, None 
 48.295, -123.17, 20.0, 2011-08-18 21:20:00, 0.0, None 
 48.21, -123.12, 32.0, 2011-08-18 21:22:30, 0.0, None 
 48.18, -123.22, 20.0, 2011-08-18 21:30:00, 0.0, None 
 48.125, -123.16799999999999, 30.0, 2011-08-18 21:32:30, 0.0, None 
 48.015, -123.25, 26.5, 2011-08-18 21:35:00, 0.0, None 
 48.14, -123.29700000000001, 28.5, 2011-08-18 21:40:00, 0.0, None 
 48.1, -123.287, 24.5, 2011-08-18 21:42:30, 0.0, None 
 48.27, -123.21, 24.0, 2011-08-18 21:47:30, 0.0, None 
 48.23, -123.22, 31.0, 2011-08-18 21:50:00, 0.0, None 
 48.19, -123.16, 30.5, 2011-08-18 21:52:30, 0.0, None 
 48.16, -123.19, 47.0, 2011-08-18 21:55:00, 0.0, None 
 48.2, -123.28, 60.0, 2011-08-18 21:57:30, 0.0, None 
 48.095, -123.41, 20.0, 2011-08-18 22:00:00, 0.0, None 
 48.1, -123.42, 25.0, 2011-08-18 22:05:00, 0.0, None 
 47.985, -123.52, 26.0, 2011-08-18 22:07:30, 0.0, None 
 47.97, -123.55, 28.0, 2011-08-18 22:10:00, 0.0, None 
 48.22, -123.31, 32.5, 2011-08-18 22:12:30, 0.0, None 
 48.26, -123.19, 60.0, 2011-08-18 22:32:30, 0.0, None 
 48.06, -123.54, 60.0, 2011-08-18 22:35:00, 0.0, None 
 48.0, -123.56, 60.0, 2011-08-18 22:37:30, 0.0, None 
 48.08, -123.495, 43.0, 2011-08-18 22:52:30, 0.0, None 
 47.86, -123.62, 60.0, 2011-08-18 22:57:30, 0.0, None 
 48.27, -123.17, 20.0, 2011-08-18 23:17:30, 0.0, None 
 48.235, -123.09, 28.0, 2011-08-18 23:20:00, 0.0, None 
 48.12, -123.24, 40.0, 2011-08-18 23:37:30, 0.0, None 
 48.225, -123.295, 33.5, 2011-08-18 23:42:30, 0.0, None 
 48.25, -123.12, 20.0, 2011-08-18 23:52:30, 0.0, None 
 48.26, -122.99, 27.0, 2011-08-18 23:55:00, 0.0, None 
 48.03, -123.49, 20.0, 2011-08-19 00:02:30, 0.0, None 
 48.02, -123.49, 20.5, 2011-08-19 00:05:00, 0.0, None 
 48.0, -123.53, 32.0, 2011-08-19 00:07:30, 0.0, None 
 48.07, -123.4, 35.0, 2011-08-19 00:10:00, 0.0, None 
 47.98, -123.5, 20.0, 2011-08-19 00:27:30, 0.0, None 
 48.17, -123.3, 54.5, 2011-08-19 00:27:30, 0.0, None 
 48.08, -123.3, 52.0, 2011-08-19 00:42:30, 0.0, None 
 48.04, -123.545, 28.0, 2011-08-19 00:57:30, 0.0, None 
 48.03, -123.555, 27.0, 2011-08-19 01:00:00, 0.0, None 
 48.148, -123.405, 31.5, 2011-08-19 01:02:30, 0.0, None 
 48.135, -123.3, 31.0, 2011-08-19 01:05:00, 0.0, None 
 48.065, -123.235, 47.0, 2011-08-19 01:07:30, 0.0, None 
 48.14, -123.59, 33.5, 2011-08-19 01:10:00, 0.0, None 
 48.108000000000004, -123.29700000000001, 23.0, 2011-08-19 01:12:30, 0.0, None 
 48.13, -123.23200000000001, 25.0, 2011-08-19 01:15:00, 0.0, None 
 48.24, -123.41, 20.0, 2011-08-19 01:17:30, 0.0, None 
 48.065, -123.385, 20.0, 2011-08-19 01:20:00, 0.0, None 
 48.055, -123.368, 25.0, 2011-08-19 01:22:30, 0.0, None 
 48.14, -123.43, 42.5, 2011-08-19 01:25:00, 0.0, None 
 48.18, -123.415, 48.0, 2011-08-19 01:27:30, 0.0, None 
 48.205, -123.32, 26.5, 2011-08-19 01:30:00, 0.0, None 
 48.287, -123.2, 34.0, 2011-08-19 01:42:30, 0.0, None 
 48.27, -123.2, 35.0, 2011-08-19 01:45:00, 0.0, None 
 48.13, -123.225, 25.0, 2011-08-19 01:47:30, 0.0, None 
 48.1, -123.245, 24.5, 2011-08-19 01:50:00, 0.0, None 
 48.22, -123.1, 39.0, 2011-08-19 01:52:30, 0.0, None 
 48.19, -123.105, 35.2, 2011-08-19 01:55:00, 0.0, None 
 48.065, -123.3, 60.0, 2011-08-19 01:57:30, 0.0, None 
 48.165, -123.24799999999999, 24.5, 2011-08-19 02:02:30, 0.0, None 
 48.045, -123.31, 24.0, 2011-08-19 02:05:00, 0.0, None 
 48.19, -123.075, 49.5, 2011-08-19 02:10:00, 0.0, None 
 48.255, -123.16799999999999, 40.0, 2011-08-19 02:12:30, 0.0, None 
 47.89, -123.385, 30.0, 2011-08-19 02:15:00, 0.0, None 
 48.04, -123.295, 29.5, 2011-08-19 02:17:30, 0.0, None 
 48.015, -123.405, 20.0, 2011-08-19 02:20:00, 0.0, None 
 48.05, -123.345, 20.0, 2011-08-19 02:22:30, 0.0, None 
 48.02, -123.4, 22.0, 2011-08-19 02:25:00, 0.0, None 
 47.81, -123.22, 20.0, 2011-08-19 02:27:30, 0.0, None 
 48.01, -123.44, 25.0, 2011-08-19 02:27:30, 0.0, None 
 47.89, -123.3, 34.0, 2011-08-19 02:30:00, 0.0, None 
 48.008, -123.34299999999999, 23.2, 2011-08-19 02:32:30, 0.0, None 
 48.01, -123.78, 60.0, 2011-08-19 02:35:00, 0.0, None 
 48.2, -123.63, 60.0, 2011-08-19 02:37:30, 0.0, None 
 48.08, -123.385, 30.0, 2011-08-19 02:42:30, 0.0, None 
 48.115, -123.375, 25.8, 2011-08-19 02:45:00, 0.0, None 
 47.965, -123.41, 38.0, 2011-08-19 02:50:00, 0.0, None 
 47.915, -123.42, 20.0, 2011-08-19 02:52:30, 0.0, None 
 47.965, -123.285, 20.2, 2011-08-19 02:55:00, 0.0, None 
 48.02, -123.255, 30.0, 2011-08-19 02:57:30, 0.0, None 
 48.34, -123.26, 20.0, 2011-08-19 03:02:30, 0.0, None 
 48.052, -123.25, 41.2, 2011-08-19 03:05:00, 0.0, None 
 48.035, -123.363, 22.2, 2011-08-19 03:07:30, 0.0, None 
 47.986999999999995, -123.395, 25.0, 2011-08-19 03:10:00, 0.0, None 
 47.99, -123.5, 28.0, 2011-08-19 03:12:30, 0.0, None 
 48.2, -123.34, 36.0, 2011-08-19 03:22:30, 0.0, None 
 48.19, -123.295, 22.0, 2011-08-19 03:25:00, 0.0, None 
 48.155, -123.225, 38.8, 2011-08-19 03:27:30, 0.0, None 
 48.008, -123.32, 32.0, 2011-08-19 03:30:00, 0.0, None 
 48.19, -123.23, 34.5, 2011-08-19 03:32:30, 0.0, None 
 48.23, -123.11, 60.0, 2011-08-19 03:35:00, 0.0, None 
 48.13, -123.59, 20.0, 2011-08-19 03:37:30, 0.0, None 
 48.06, -123.39, 25.5, 2011-08-19 03:40:00, 0.0, None 
 48.195, -123.31200000000001, 52.0, 2011-08-19 03:42:30, 0.0, None 
 48.225, -123.215, 24.0, 2011-08-19 03:45:00, 0.0, None 
 48.23, -123.178, 51.0, 2011-08-19 03:47:30, 0.0, None 
 48.245, -123.197, 55.0, 2011-08-19 03:50:00, 0.0, None 
 48.3, -123.33, 28.0, 2011-08-19 03:52:30, 0.0, None 
 48.26, -123.14, 25.0, 2011-08-19 04:00:00, 0.0, None 
 48.305, -123.145, 26.0, 2011-08-19 04:17:30, 0.0, None 
 48.03, -123.63, 40.0, 2011-08-19 04:25:00, 0.0, None 
 48.0, -123.565, 52.0, 2011-08-19 04:27:30, 0.0, None 
 48.02, -123.45, 58.0, 2011-08-19 04:30:00, 0.0, None 
 48.01, -123.59, 20.0, 2011-08-19 04:35:00, 0.0, None 
 48.1, -123.57, 41.5, 2011-08-19 04:40:00, 0.0, None 
 48.11, -123.52, 48.0, 2011-08-19 04:42:30, 0.0, None 
 48.15, -123.08, 60.0, 2011-08-19 04:55:00, 0.0, None 
 48.23, -123.19, 41.0, 2011-08-19 04:57:30, 0.0, None 
 48.11, -123.59, 60.0, 2011-08-19 05:22:30, 0.0, None 
 47.99, -123.61, 20.0, 2011-08-19 05:25:00, 0.0, None 
 48.08, -123.49, 20.0, 2011-08-19 05:27:30, 0.0, None 
 48.02, -123.53, 46.0, 2011-08-19 05:30:00, 0.0, None 
 48.03, -123.58, 20.0, 2011-08-19 05:32:30, 0.0, None 
 48.19, -123.13, 60.0, 2011-08-19 05:47:30, 0.0, None 
 48.375, -123.115, 20.0, 2011-08-19 05:50:00, 0.0, None 
 48.38, -123.19, 36.0, 2011-08-19 05:52:30, 0.0, None 
 48.24, -123.175, 20.0, 2011-08-19 05:55:00, 0.0, None 
 48.205, -123.065, 60.0, 2011-08-19 05:57:30, 0.0, None 
 48.23, -123.4, 40.0, 2011-08-19 06:02:30, 0.0, None 
 48.31, -123.29, 60.0, 2011-08-19 06:05:00, 0.0, None 
 48.11, -123.59, 60.0, 2011-08-19 06:12:30, 0.0, None 
 48.133, -123.463, 28.5, 2011-08-19 06:17:30, 0.0, None 
 48.07, -123.428, 24.0, 2011-08-19 06:20:00, 0.0, None 
 48.065, -123.42200000000001, 29.2, 2011-08-19 06:22:30, 0.0, None 
 48.12, -123.495, 42.0, 2011-08-19 06:25:00, 0.0, None 
 48.09, -123.43, 30.0, 2011-08-19 06:27:30, 0.0, None 
 47.99, -123.49, 42.0, 2011-08-19 06:30:00, 0.0, None 
 48.03, -123.56, 27.0, 2011-08-19 06:32:30, 0.0, None 
 48.04, -123.375, 60.0, 2011-08-19 06:40:00, 0.0, None 
 48.06, -123.385, 31.0, 2011-08-19 06:42:30, 0.0, None 
 48.01, -123.145, 60.0, 2011-08-19 06:45:00, 0.0, None 
 48.04, -123.49, 37.0, 2011-08-19 06:45:00, 0.0, None 
 48.06, -123.31, 49.0, 2011-08-19 06:47:30, 0.0, None 
 48.043, -123.345, 43.5, 2011-08-19 07:02:30, 0.0, None 
 47.99, -123.51, 33.0, 2011-08-19 07:05:00, 0.0, None 
 48.055, -123.25200000000001, 45.2, 2011-08-19 07:07:30, 0.0, None 
 48.11, -123.28, 39.0, 2011-08-19 07:10:00, 0.0, None 
 47.98, -123.62, 39.0, 2011-08-19 07:15:00, 0.0, None 
 48.01, -123.59, 38.5, 2011-08-19 07:17:30, 0.0, None 
 48.155, -123.245, 36.8, 2011-08-19 07:20:00, 0.0, None 
 48.015, -123.105, 54.0, 2011-08-19 07:22:30, 0.0, None 
 48.19, -123.32, 34.0, 2011-08-19 07:22:30, 0.0, None 
 48.08, -123.62, 60.0, 2011-08-19 07:27:30, 0.0, None 
 48.32, -123.07700000000001, 38.5, 2011-08-19 07:35:00, 0.0, None 
 48.3, -123.13, 29.5, 2011-08-19 07:37:30, 0.0, None 
 48.31, -123.115, 23.5, 2011-08-19 07:40:00, 0.0, None 
 48.285, -123.055, 33.2, 2011-08-19 07:42:30, 0.0, None 
 48.31, -122.975, 30.0, 2011-08-19 07:45:00, 0.0, None 
 48.255, -123.07, 22.8, 2011-08-19 07:47:30, 0.0, None 
 48.285, -123.095, 24.0, 2011-08-19 07:50:00, 0.0, None 
 48.305, -123.125, 20.2, 2011-08-19 07:52:30, 0.0, None 
 48.33, -123.13, 33.0, 2011-08-19 07:55:00, 0.0, None 
 48.35, -123.12700000000001, 33.8, 2011-08-19 07:57:30, 0.0, None 
 48.29, -123.01, 20.0, 2011-08-19 08:00:00, 0.0, None 
 48.22, -123.09, 60.0, 2011-08-19 08:02:30, 0.0, None 
 48.302, -123.225, 26.0, 2011-08-19 08:07:30, 0.0, None 
 48.315, -123.147, 23.0, 2011-08-19 08:10:00, 0.0, None 
 48.28, -123.13, 23.5, 2011-08-19 08:12:30, 0.0, None 
 48.31, -122.98, 20.0, 2011-08-19 08:15:00, 0.0, None 
 48.29, -123.115, 24.5, 2011-08-19 08:20:00, 0.0, None 
 48.41, -123.19, 53.5, 2011-08-19 08:27:30, 0.0, None 
 48.13, -123.28, 44.0, 2011-08-19 08:37:30, 0.0, None 
 48.233000000000004, -123.405, 22.0, 2011-08-19 08:47:30, 0.0, None 
 48.108000000000004, -123.36200000000001, 24.5, 2011-08-19 08:50:00, 0.0, None 
 48.175, -123.21, 32.2, 2011-08-19 08:55:00, 0.0, None 
 48.105, -123.4, 60.0, 2011-08-19 08:57:30, 0.0, None 
 48.015, -123.6, 27.0, 2011-08-19 09:00:00, 0.0, None 
 48.26, -123.26, 40.0, 2011-08-19 09:02:30, 0.0, None 
 48.225, -123.315, 43.0, 2011-08-19 09:05:00, 0.0, None 
 48.17, -123.395, 60.0, 2011-08-19 09:07:30, 0.0, None 
 48.23, -123.36, 39.0, 2011-08-19 09:15:00, 0.0, None 
 48.218, -123.14, 38.0, 2011-08-19 09:22:30, 0.0, None 
 48.215, -123.125, 20.2, 2011-08-19 09:25:00, 0.0, None 
 48.1, -123.21, 60.0, 2011-08-19 09:27:30, 0.0, None 
 48.2, -123.57, 60.0, 2011-08-19 09:27:30, 0.0, None 
 48.17, -123.29299999999999, 23.5, 2011-08-19 09:30:00, 0.0, None 
 48.108000000000004, -123.25200000000001, 47.5, 2011-08-19 09:32:30, 0.0, None 
 48.12, -123.2, 44.2, 2011-08-19 09:35:00, 0.0, None 
 48.085, -123.18, 43.8, 2011-08-19 09:37:30, 0.0, None 
 48.16, -123.12700000000001, 30.0, 2011-08-19 09:40:00, 0.0, None 
 48.03, -123.485, 33.0, 2011-08-19 09:42:30, 0.0, None 
 48.03, -123.5, 30.0, 2011-08-19 09:45:00, 0.0, None 
 48.135, -123.535, 34.0, 2011-08-19 09:47:30, 0.0, None 
 48.21, -123.305, 40.5, 2011-08-19 09:50:00, 0.0, None 
 48.23, -123.24, 32.0, 2011-08-19 09:52:30, 0.0, None 
 48.2, -123.3, 20.0, 2011-08-19 09:55:00, 0.0, None 
 48.31, -123.195, 23.0, 2011-08-19 09:57:30, 0.0, None 
 48.19, -123.35, 34.0, 2011-08-19 10:00:00, 0.0, None 
 48.15, -123.26, 29.2, 2011-08-19 10:02:30, 0.0, None 
 48.165, -123.34700000000001, 29.0, 2011-08-19 10:05:00, 0.0, None 
 48.21, -123.37, 20.0, 2011-08-19 10:07:30, 0.0, None 
 48.345, -123.33, 43.5, 2011-08-19 10:15:00, 0.0, None 
 48.3, -123.21, 20.0, 2011-08-19 10:32:30, 0.0, None 
 48.305, -123.15, 20.0, 2011-08-19 10:35:00, 0.0, None 
 48.35, -123.115, 60.0, 2011-08-19 10:37:30, 0.0, None 
 48.15, -123.315, 38.5, 2011-08-19 11:20:00, 0.0, None 
 48.08, -123.235, 51.2, 2011-08-19 11:22:30, 0.0, None 
 48.19, -123.32, 21.5, 2011-08-19 11:25:00, 0.0, None 
 48.18, -123.32, 20.0, 2011-08-19 11:27:30, 0.0, None 
 48.195, -123.30799999999999, 20.2, 2011-08-19 11:30:00, 0.0, None 
 48.17, -123.21, 60.0, 2011-08-19 11:32:30, 0.0, None 
 48.16, -123.31, 26.5, 2011-08-19 11:35:00, 0.0, None 
 48.145, -123.315, 23.5, 2011-08-19 11:37:30, 0.0, None 
 48.12, -123.48, 20.0, 2011-08-19 11:45:00, 0.0, None 
 48.35, -123.205, 44.0, 2011-08-19 11:47:30, 0.0, None 
 47.92, -123.52, 24.0, 2011-08-19 12:00:00, 0.0, None 
 48.42, -123.175, 39.0, 2011-08-19 12:02:30, 0.0, None 
 48.415, -123.15, 40.0, 2011-08-19 12:05:00, 0.0, None 
 48.03, -123.57, 37.0, 2011-08-19 12:07:30, 0.0, None 
 48.1, -123.53, 25.0, 2011-08-19 12:12:30, 0.0, None 
 47.955, -123.595, 60.0, 2011-08-19 12:20:00, 0.0, None 
 48.153, -123.55, 24.8, 2011-08-19 12:22:30, 0.0, None 
 48.05, -123.412, 37.8, 2011-08-19 12:25:00, 0.0, None 
 48.09, -123.425, 44.5, 2011-08-19 12:27:30, 0.0, None 
 48.085, -123.435, 39.5, 2011-08-19 12:30:00, 0.0, None 
 48.13, -123.395, 20.0, 2011-08-19 12:32:30, 0.0, None 
 48.115, -123.365, 30.0, 2011-08-19 12:35:00, 0.0, None 
 48.095, -123.34700000000001, 23.0, 2011-08-19 12:37:30, 0.0, None 
 48.067, -123.448, 22.5, 2011-08-19 12:40:00, 0.0, None 
 48.095, -123.382, 38.2, 2011-08-19 12:42:30, 0.0, None 
 48.065, -123.435, 20.0, 2011-08-19 12:47:30, 0.0, None 
 48.2, -123.7, 34.0, 2011-08-19 12:52:30, 0.0, None 
 48.05, -123.545, 60.0, 2011-08-19 12:55:00, 0.0, None 
 47.99, -123.565, 53.0, 2011-08-19 12:57:30, 0.0, None 
 47.82, -123.215, 60.0, 2011-08-19 13:00:00, 0.0, None 
 47.98, -123.675, 20.0, 2011-08-19 13:02:30, 0.0, None 
 48.08, -123.58, 20.0, 2011-08-19 13:05:00, 0.0, None 
 48.11, -123.54, 41.0, 2011-08-19 13:07:30, 0.0, None 
 47.99, -123.69, 33.0, 2011-08-19 13:10:00, 0.0, None 
 48.0, -123.63, 42.0, 2011-08-19 13:12:30, 0.0, None 
 47.99, -123.5, 20.0, 2011-08-19 13:15:00, 0.0, None 
 48.02, -123.56, 30.0, 2011-08-19 13:17:30, 0.0, None 
 48.06, -123.555, 40.0, 2011-08-19 13:20:00, 0.0, None 
 48.065, -123.42, 26.5, 2011-08-19 13:22:30, 0.0, None 
 48.052, -123.415, 32.0, 2011-08-19 13:25:00, 0.0, None 
 48.11, -123.51, 52.0, 2011-08-19 13:32:30, 0.0, None 
 48.0, -123.67, 20.0, 2011-08-19 13:52:30, 0.0, None 
 48.1, -123.61, 20.0, 2011-08-19 13:55:00, 0.0, None 
 48.11, -123.29, 41.5, 2011-08-19 14:00:00, 0.0, None 
 48.11, -123.59, 21.0, 2011-08-19 14:15:00, 0.0, None 
 48.09, -123.54, 40.0, 2011-08-19 14:17:30, 0.0, None 
 48.23, -123.15, 60.0, 2011-08-19 14:32:30, 0.0, None 
 48.19, -123.49, 20.0, 2011-08-19 14:35:00, 0.0, None 
 48.205, -123.33, 40.2, 2011-08-19 14:45:00, 0.0, None 
 48.175, -123.287, 55.0, 2011-08-19 14:50:00, 0.0, None 
 48.19, -123.47, 40.0, 2011-08-19 14:52:30, 0.0, None 
 47.98, -123.78, 20.0, 2011-08-19 15:07:30, 0.0, None 
 48.28, -123.28, 20.0, 2011-08-19 15:15:00, 0.0, None 
 48.26, -123.41, 60.0, 2011-08-19 15:25:00, 0.0, None 
 48.28, -123.4, 60.0, 2011-08-19 15:27:30, 0.0, None 
 48.26, -123.18, 39.5, 2011-08-19 15:30:00, 0.0, None 
 48.22, -123.19, 42.0, 2011-08-19 15:32:30, 0.0, None 
 48.42, -122.93, 60.0, 2011-08-19 15:35:00, 0.0, None 
 48.21, -123.33, 60.0, 2011-08-19 15:57:30, 0.0, None 
 48.27, -123.095, 40.5, 2011-08-19 16:05:00, 0.0, None 
 48.207, -123.12299999999999, 34.0, 2011-08-19 16:07:30, 0.0, None 
 48.33, -123.22, 50.0, 2011-08-19 16:20:00, 0.0, None 
 48.32, -123.25, 50.0, 2011-08-19 16:22:30, 0.0, None 
 48.192, -123.34, 40.0, 2011-08-19 16:25:00, 0.0, None 
 48.26, -123.39, 20.0, 2011-08-19 16:27:30, 0.0, None 
 48.15, -123.0, 59.0, 2011-08-19 16:30:00, 0.0, None 
 48.205, -123.01, 52.2, 2011-08-19 16:32:30, 0.0, None 
 48.29, -123.2, 20.0, 2011-08-19 16:35:00, 0.0, None 
 48.09, -123.38, 20.0, 2011-08-19 16:40:00, 0.0, None 
 48.225, -123.12, 20.0, 2011-08-19 16:42:30, 0.0, None 
 48.29, -123.17, 20.0, 2011-08-19 16:45:00, 0.0, None 
 48.28, -123.325, 60.0, 2011-08-19 16:50:00, 0.0, None 
 48.145, -123.405, 42.0, 2011-08-19 17:02:30, 0.0, None 
 48.17, -123.38, 20.0, 2011-08-19 17:05:00, 0.0, None 
 48.13, -123.27, 25.0, 2011-08-19 17:17:30, 0.0, None 
 48.18, -123.42, 20.0, 2011-08-19 17:20:00, 0.0, None 
 48.22, -123.1, 44.5, 2011-08-19 17:22:30, 0.0, None 
 48.225, -123.005, 52.5, 2011-08-19 17:25:00, 0.0, None 
 48.135, -123.325, 37.5, 2011-08-19 17:32:30, 0.0, None 
 48.29, -123.225, 49.5, 2011-08-19 17:35:00, 0.0, None 
 48.15, -123.595, 45.5, 2011-08-19 17:37:30, 0.0, None 
 48.07, -123.2, 30.0, 2011-08-19 17:45:00, 0.0, None 
 48.11, -123.31, 20.0, 2011-08-19 17:47:30, 0.0, None 
 48.41, -123.15, 46.0, 2011-08-19 17:55:00, 0.0, None 
 48.11, -123.43, 60.0, 2011-08-19 18:37:30, 0.0, None 
 48.141999999999996, -123.405, 30.8, 2011-08-19 18:47:30, 0.0, None 
 48.12, -123.38, 51.0, 2011-08-19 18:50:00, 0.0, None 
 48.185, -123.295, 29.0, 2011-08-19 18:52:30, 0.0, None 
 48.145, -123.32, 60.0, 2011-08-19 18:57:30, 0.0, None 
 48.34, -123.07, 60.0, 2011-08-19 19:00:00, 0.0, None 
 48.42, -123.21, 37.0, 2011-08-19 19:45:00, 0.0, None 
 48.21, -123.3, 20.0, 2011-08-19 20:05:00, 0.0, None 
 48.18, -123.48, 49.0, 2011-08-19 20:50:00, 0.0, None 
 48.17, -123.45, 51.0, 2011-08-19 20:52:30, 0.0, None 
 48.295, -123.21, 20.0, 2011-08-19 21:32:30, 0.0, None 
 48.34, -123.21, 54.0, 2011-08-19 21:35:00, 0.0, None 
 48.28, -123.29, 51.0, 2011-08-19 21:55:00, 0.0, None 
 48.2, -123.29, 60.0, 2011-08-19 22:02:30, 0.0, None 
 48.195, -123.0, 31.0, 2011-08-19 22:07:30, 0.0, None 
 48.16, -123.06, 26.0, 2011-08-19 22:15:00, 0.0, None 
 48.17, -123.2, 60.0, 2011-08-19 22:20:00, 0.0, None 
 48.22, -123.48, 31.0, 2011-08-19 22:22:30, 0.0, None 
 48.19, -123.42, 20.0, 2011-08-19 22:37:30, 0.0, None 
 48.275, -123.15, 20.0, 2011-08-19 22:45:00, 0.0, None 
 48.153, -123.215, 52.8, 2011-08-19 22:47:30, 0.0, None 
 48.085, -123.42, 40.0, 2011-08-19 22:50:00, 0.0, None 
 48.155, -123.265, 60.0, 2011-08-19 22:57:30, 0.0, None 
 48.18, -123.32, 20.0, 2011-08-19 23:07:30, 0.0, None 
 48.147, -123.455, 20.0, 2011-08-19 23:10:00, 0.0, None 
 48.19, -123.36, 60.0, 2011-08-19 23:12:30, 0.0, None 
 48.236999999999995, -123.322, 53.2, 2011-08-19 23:15:00, 0.0, None 
 48.46, -123.09, 60.0, 2011-08-19 23:32:30, 0.0, None 
 48.115, -123.415, 41.5, 2011-08-19 23:50:00, 0.0, None 
 48.085, -123.435, 60.0, 2011-08-19 23:55:00, 0.0, None 
 48.07, -123.49, 43.0, 2011-08-20 00:00:00, 0.0, None 
 48.0, -123.36, 51.0, 2011-08-20 00:02:30, 0.0, None 
 48.138000000000005, -123.41799999999999, 33.5, 2011-08-20 00:05:00, 0.0, None 
 48.13, -123.32, 42.0, 2011-08-20 00:07:30, 0.0, None 
 48.19, -123.325, 48.5, 2011-08-20 00:10:00, 0.0, None 
 48.06, -123.66, 42.0, 2011-08-20 00:22:30, 0.0, None 
 48.25, -123.255, 20.0, 2011-08-20 00:40:00, 0.0, None 
 48.093, -123.105, 42.8, 2011-08-20 00:42:30, 0.0, None 
 48.155, -123.31, 34.0, 2011-08-20 00:45:00, 0.0, None 
 48.065, -123.322, 53.0, 2011-08-20 00:47:30, 0.0, None 
 48.17, -123.18, 28.5, 2011-08-20 00:52:30, 0.0, None 
 48.26, -123.2, 52.0, 2011-08-20 00:55:00, 0.0, None 
 48.332, -123.24799999999999, 32.2, 2011-08-20 01:02:30, 0.0, None 
 48.293, -123.315, 45.0, 2011-08-20 01:05:00, 0.0, None 
 48.275, -123.365, 20.0, 2011-08-20 01:07:30, 0.0, None 
 48.01, -123.435, 25.5, 2011-08-20 01:15:00, 0.0, None 
 48.21, -123.335, 60.0, 2011-08-20 01:25:00, 0.0, None 
 48.125, -123.39, 50.0, 2011-08-20 01:35:00, 0.0, None 
 48.115, -123.5, 33.0, 2011-08-20 01:40:00, 0.0, None 
 48.14, -123.62, 45.5, 2011-08-20 01:42:30, 0.0, None 
 48.148, -123.458, 28.0, 2011-08-20 01:47:30, 0.0, None 
 48.095, -123.47, 40.2, 2011-08-20 01:50:00, 0.0, None 
 48.108000000000004, -123.495, 35.8, 2011-08-20 01:52:30, 0.0, None 
 48.135, -123.425, 31.0, 2011-08-20 01:55:00, 0.0, None 
 48.135, -123.49, 60.0, 2011-08-20 01:57:30, 0.0, None 
 48.108000000000004, -123.425, 23.0, 2011-08-20 02:00:00, 0.0, None 
 48.01, -123.27, 49.0, 2011-08-20 02:02:30, 0.0, None 
 48.16, -123.36200000000001, 20.0, 2011-08-20 02:10:00, 0.0, None 
 48.065, -123.465, 20.0, 2011-08-20 02:12:30, 0.0, None 
 48.04, -123.495, 20.0, 2011-08-20 02:15:00, 0.0, None 
 47.92, -123.67, 20.0, 2011-08-20 02:20:00, 0.0, None 
 48.37, -123.23, 40.0, 2011-08-20 02:25:00, 0.0, None 
 48.3, -123.64, 20.0, 2011-08-20 02:27:30, 0.0, None 
 48.095, -123.6, 30.8, 2011-08-20 02:30:00, 0.0, None 
 48.135, -123.66, 39.0, 2011-08-20 02:32:30, 0.0, None 
 48.16, -123.56, 40.0, 2011-08-20 02:35:00, 0.0, None 
 48.03, -123.465, 28.5, 2011-08-20 02:37:30, 0.0, None 
 48.36, -122.8, 60.0, 2011-08-20 02:45:00, 0.0, None 
 48.39, -123.235, 53.5, 2011-08-20 02:47:30, 0.0, None 
 48.4, -123.09, 20.0, 2011-08-20 02:50:00, 0.0, None 
 47.985, -123.58, 60.0, 2011-08-20 02:55:00, 0.0, None 
 48.17, -123.42, 27.5, 2011-08-20 03:00:00, 0.0, None 
 48.195, -123.365, 28.0, 2011-08-20 03:02:30, 0.0, None 
 48.245, -123.36, 28.2, 2011-08-20 03:05:00, 0.0, None 
 48.22, -123.39, 40.0, 2011-08-20 03:07:30, 0.0, None 
 48.125, -123.2, 35.0, 2011-08-20 03:15:00, 0.0, None 
 48.138000000000005, -123.48299999999999, 25.0, 2011-08-20 03:17:30, 0.0, None 
 48.15, -123.435, 27.8, 2011-08-20 03:20:00, 0.0, None 
 48.13, -123.315, 41.5, 2011-08-20 03:22:30, 0.0, None 
 48.0, -123.68, 51.0, 2011-08-20 03:22:30, 0.0, None 
 48.15, -123.37, 20.0, 2011-08-20 03:25:00, 0.0, None 
 48.025, -123.29, 35.0, 2011-08-20 03:27:30, 0.0, None 
 48.42, -123.34700000000001, 40.0, 2011-08-20 03:30:00, 0.0, None 
 48.16, -123.475, 60.0, 2011-08-20 03:32:30, 0.0, None 
 48.09, -123.4, 42.0, 2011-08-20 03:35:00, 0.0, None 
 48.183, -123.5, 32.2, 2011-08-20 03:37:30, 0.0, None 
 48.205, -123.455, 35.8, 2011-08-20 03:40:00, 0.0, None 
 48.02, -123.69, 20.0, 2011-08-20 03:42:30, 0.0, None 
 48.1, -123.43, 40.0, 2011-08-20 03:45:00, 0.0, None 
 48.135, -123.43799999999999, 29.5, 2011-08-20 03:47:30, 0.0, None 
 48.085, -123.505, 26.5, 2011-08-20 03:50:00, 0.0, None 
 48.1, -123.583, 23.5, 2011-08-20 03:52:30, 0.0, None 
 48.165, -123.475, 25.0, 2011-08-20 03:55:00, 0.0, None 
 48.09, -123.68, 42.0, 2011-08-20 04:00:00, 0.0, None 
 48.185, -123.27, 39.0, 2011-08-20 04:02:30, 0.0, None 
 48.235, -123.495, 60.0, 2011-08-20 04:05:00, 0.0, None 
 48.255, -123.435, 30.0, 2011-08-20 04:07:30, 0.0, None 
 48.21, -123.42, 30.0, 2011-08-20 04:10:00, 0.0, None 
 48.2, -123.135, 38.0, 2011-08-20 04:12:30, 0.0, None 
 48.02, -123.77, 23.0, 2011-08-20 04:12:30, 0.0, None 
 48.102, -123.31, 25.0, 2011-08-20 04:15:00, 0.0, None 
 48.07, -123.33, 32.5, 2011-08-20 04:17:30, 0.0, None 
 48.01, -123.25, 28.5, 2011-08-20 04:20:00, 0.0, None 
 48.29, -123.69, 45.0, 2011-08-20 04:22:30, 0.0, None 
 48.125, -123.68, 48.0, 2011-08-20 04:25:00, 0.0, None 
 48.385, -123.28, 40.0, 2011-08-20 04:30:00, 0.0, None 
 48.145, -123.33, 60.0, 2011-08-20 04:30:00, 0.0, None 
 48.17, -123.4, 26.0, 2011-08-20 04:35:00, 0.0, None 
 48.21, -123.405, 60.0, 2011-08-20 04:37:30, 0.0, None 
 48.2, -123.35, 60.0, 2011-08-20 04:40:00, 0.0, None 
 48.275, -123.37, 39.0, 2011-08-20 04:42:30, 0.0, None 
 48.255, -123.493, 34.0, 2011-08-20 04:45:00, 0.0, None 
 48.245, -123.575, 20.0, 2011-08-20 04:47:30, 0.0, None 
 48.04, -123.32, 39.0, 2011-08-20 04:47:30, 0.0, None 
 48.255, -123.095, 23.8, 2011-08-20 04:52:30, 0.0, None 
 48.245, -123.095, 24.5, 2011-08-20 04:55:00, 0.0, None 
 48.23, -123.43299999999999, 44.8, 2011-08-20 04:57:30, 0.0, None 
 48.42, -123.19, 20.0, 2011-08-20 05:00:00, 0.0, None 
 48.32, -123.36, 20.0, 2011-08-20 05:02:30, 0.0, None 
 47.995, -123.27, 44.5, 2011-08-20 05:02:30, 0.0, None 
 48.145, -123.48, 60.0, 2011-08-20 05:05:00, 0.0, None 
 48.22, -123.1, 35.0, 2011-08-20 05:07:30, 0.0, None 
 48.28, -123.18, 60.0, 2011-08-20 05:12:30, 0.0, None 
 48.28, -123.1, 20.0, 2011-08-20 05:15:00, 0.0, None 
 48.21, -123.48, 56.0, 2011-08-20 05:20:00, 0.0, None 
 48.165, -123.67, 45.5, 2011-08-20 05:22:30, 0.0, None 
 48.31, -123.32, 60.0, 2011-08-20 05:25:00, 0.0, None 
 48.233000000000004, -123.09, 40.8, 2011-08-20 05:27:30, 0.0, None 
 48.06, -123.165, 43.5, 2011-08-20 05:30:00, 0.0, None 
 48.28, -123.2, 20.0, 2011-08-20 05:37:30, 0.0, None 
 47.975, -123.36, 20.0, 2011-08-20 05:37:30, 0.0, None 
 48.233000000000004, -123.41, 22.0, 2011-08-20 05:40:00, 0.0, None 
 48.248000000000005, -123.47200000000001, 20.0, 2011-08-20 05:42:30, 0.0, None 
 48.29, -123.24, 43.0, 2011-08-20 05:45:00, 0.0, None 
 48.19, -123.715, 27.0, 2011-08-20 05:47:30, 0.0, None 
 48.205, -123.285, 45.0, 2011-08-20 05:52:30, 0.0, None 
 48.17, -123.265, 60.0, 2011-08-20 05:55:00, 0.0, None 
 48.22, -123.645, 43.5, 2011-08-20 06:05:00, 0.0, None 
 48.11, -123.67, 20.0, 2011-08-20 06:07:30, 0.0, None 
 48.085, -123.615, 32.5, 2011-08-20 06:10:00, 0.0, None 
 47.98, -123.495, 51.0, 2011-08-20 06:12:30, 0.0, None 
 48.18, -123.29, 45.0, 2011-08-20 06:17:30, 0.0, None 
 48.285, -123.73, 51.5, 2011-08-20 06:25:00, 0.0, None 
 48.18, -123.03, 20.0, 2011-08-20 06:27:30, 0.0, None 
 48.21, -123.01, 44.0, 2011-08-20 06:30:00, 0.0, None 
 48.185, -123.48, 27.0, 2011-08-20 06:47:30, 0.0, None 
 48.235, -123.49, 20.0, 2011-08-20 06:50:00, 0.0, None 
 48.315, -123.61, 37.0, 2011-08-20 07:02:30, 0.0, None 
 48.225, -123.66, 41.0, 2011-08-20 07:05:00, 0.0, None 
 48.24, -123.01, 60.0, 2011-08-20 07:07:30, 0.0, None 
 48.1, -123.35, 23.0, 2011-08-20 07:15:00, 0.0, None 
 48.3, -123.65, 20.0, 2011-08-20 07:17:30, 0.0, None 
 48.37, -123.62, 30.0, 2011-08-20 07:20:00, 0.0, None 
 47.79, -123.43, 39.0, 2011-08-20 07:22:30, 0.0, None 
 48.17, -123.32, 60.0, 2011-08-20 07:27:30, 0.0, None 
 48.22, -122.95, 37.5, 2011-08-20 07:27:30, 0.0, None 
 48.21, -122.955, 32.5, 2011-08-20 07:30:00, 0.0, None 
 48.14, -123.68299999999999, 31.8, 2011-08-20 07:32:30, 0.0, None 
 48.2, -123.75, 36.5, 2011-08-20 07:35:00, 0.0, None 
 48.17, -123.59, 46.0, 2011-08-20 07:37:30, 0.0, None 
 48.12, -123.585, 60.0, 2011-08-20 07:57:30, 0.0, None 
 48.215, -122.9, 60.0, 2011-08-20 07:57:30, 0.0, None 
 48.185, -123.49, 35.0, 2011-08-20 08:00:00, 0.0, None 
 48.177, -123.585, 37.0, 2011-08-20 08:02:30, 0.0, None 
 48.12, -123.505, 33.5, 2011-08-20 08:05:00, 0.0, None 
 48.115, -123.5, 26.0, 2011-08-20 08:07:30, 0.0, None 
 48.09, -123.555, 42.0, 2011-08-20 08:10:00, 0.0, None 
 48.145, -123.57, 31.5, 2011-08-20 08:12:30, 0.0, None 
 48.46, -123.175, 55.5, 2011-08-20 08:20:00, 0.0, None 
 48.12, -123.68, 33.0, 2011-08-20 08:27:30, 0.0, None 
 48.0, -123.77, 50.0, 2011-08-20 08:30:00, 0.0, None 
 48.37, -123.69, 27.0, 2011-08-20 08:35:00, 0.0, None 
 48.16, -123.385, 47.2, 2011-08-20 08:37:30, 0.0, None 
 48.18, -123.412, 41.5, 2011-08-20 08:40:00, 0.0, None 
 48.19, -123.465, 37.0, 2011-08-20 08:42:30, 0.0, None 
 48.21, -123.43799999999999, 29.2, 2011-08-20 08:45:00, 0.0, None 
 48.26, -123.355, 36.2, 2011-08-20 08:47:30, 0.0, None 
 48.352, -123.275, 37.5, 2011-08-20 08:50:00, 0.0, None 
 48.29, -123.47, 25.8, 2011-08-20 08:52:30, 0.0, None 
 48.24, -123.53200000000001, 26.0, 2011-08-20 08:55:00, 0.0, None 
 48.235, -123.507, 24.0, 2011-08-20 08:57:30, 0.0, None 
 48.25, -123.43, 30.5, 2011-08-20 09:00:00, 0.0, None 
 48.258, -123.425, 21.5, 2011-08-20 09:02:30, 0.0, None 
 48.265, -123.428, 21.2, 2011-08-20 09:05:00, 0.0, None 
 48.305, -123.48, 29.0, 2011-08-20 09:07:30, 0.0, None 
 48.2, -123.265, 30.0, 2011-08-20 09:10:00, 0.0, None 
 48.23, -123.363, 20.0, 2011-08-20 09:12:30, 0.0, None 
 48.19, -123.335, 20.0, 2011-08-20 09:15:00, 0.0, None 
 48.205, -122.905, 20.0, 2011-08-20 09:25:00, 0.0, None 
 48.18, -123.53, 28.0, 2011-08-20 09:27:30, 0.0, None 
 48.41, -123.49, 31.0, 2011-08-20 09:32:30, 0.0, None 
 48.1, -123.59, 30.5, 2011-08-20 09:32:30, 0.0, None 
 48.1, -123.56, 44.0, 2011-08-20 09:37:30, 0.0, None 
 48.08, -123.5, 38.0, 2011-08-20 09:40:00, 0.0, None 
 48.26, -123.27, 60.0, 2011-08-20 09:40:00, 0.0, None 
 48.31, -123.085, 33.5, 2011-08-20 09:42:30, 0.0, None 
 48.138000000000005, -123.555, 35.8, 2011-08-20 09:45:00, 0.0, None 
 48.08, -123.53, 40.0, 2011-08-20 09:47:30, 0.0, None 
 48.34, -123.3, 60.0, 2011-08-20 09:47:30, 0.0, None 
 48.13, -123.55, 30.0, 2011-08-20 09:50:00, 0.0, None 
 48.37, -123.33, 60.0, 2011-08-20 09:50:00, 0.0, None 
 48.0, -123.45, 40.0, 2011-08-20 09:52:30, 0.0, None 
 48.355, -123.28, 51.0, 2011-08-20 09:55:00, 0.0, None 
 48.25, -123.12, 60.0, 2011-08-20 09:57:30, 0.0, None 
 48.28, -123.177, 39.5, 2011-08-20 10:00:00, 0.0, None 
 48.42, -123.38, 50.0, 2011-08-20 10:07:30, 0.0, None 
 48.41, -123.02, 60.0, 2011-08-20 10:10:00, 0.0, None 
 48.325, -122.86, 20.0, 2011-08-20 10:12:30, 0.0, None 
 48.295, -123.69, 35.5, 2011-08-20 10:27:30, 0.0, None 
 48.195, -123.665, 51.5, 2011-08-20 10:30:00, 0.0, None 
 48.2, -123.72, 44.5, 2011-08-20 10:32:30, 0.0, None 
 48.275, -123.71, 29.0, 2011-08-20 10:40:00, 0.0, None 
 48.485, -123.565, 60.0, 2011-08-20 10:42:30, 0.0, None 
 48.39, -123.15700000000001, 46.8, 2011-08-20 10:45:00, 0.0, None 
 48.383, -123.135, 40.0, 2011-08-20 10:47:30, 0.0, None 
 48.4, -123.21, 60.0, 2011-08-20 10:50:00, 0.0, None 
 48.355, -123.23, 60.0, 2011-08-20 10:52:30, 0.0, None 
 48.04, -123.67, 20.0, 2011-08-20 10:55:00, 0.0, None 
 48.06, -123.6, 30.0, 2011-08-20 10:57:30, 0.0, None 
 48.14, -123.54, 31.0, 2011-08-20 11:00:00, 0.0, None 
 48.44, -123.37, 54.5, 2011-08-20 11:07:30, 0.0, None 
 48.235, -123.16, 60.0, 2011-08-20 11:10:00, 0.0, None 
 48.18, -123.07, 60.0, 2011-08-20 11:12:30, 0.0, None 
 48.035, -123.655, 20.0, 2011-08-20 11:15:00, 0.0, None 
 48.067, -123.65299999999999, 20.8, 2011-08-20 11:17:30, 0.0, None 
 48.045, -123.585, 60.0, 2011-08-20 11:20:00, 0.0, None 
 48.03, -123.79, 60.0, 2011-08-20 11:22:30, 0.0, None 
 48.29, -123.01, 60.0, 2011-08-20 11:32:30, 0.0, None 
 48.22, -123.61, 29.5, 2011-08-20 11:45:00, 0.0, None 
 48.185, -123.52799999999999, 24.5, 2011-08-20 11:47:30, 0.0, None 
 48.188, -123.495, 20.0, 2011-08-20 11:50:00, 0.0, None 
 48.16, -123.52, 20.0, 2011-08-20 11:52:30, 0.0, None 
 48.235, -123.448, 20.0, 2011-08-20 11:55:00, 0.0, None 
 48.24, -123.4, 60.0, 2011-08-20 11:57:30, 0.0, None 
 48.26, -123.355, 20.0, 2011-08-20 12:00:00, 0.0, None 
 48.28, -123.345, 20.0, 2011-08-20 12:02:30, 0.0, None 
 48.178000000000004, -123.625, 34.2, 2011-08-20 12:07:30, 0.0, None 
 48.275, -123.495, 21.5, 2011-08-20 12:10:00, 0.0, None 
 48.285, -123.49, 22.5, 2011-08-20 12:12:30, 0.0, None 
 48.255, -123.505, 60.0, 2011-08-20 12:15:00, 0.0, None 
 48.13, -123.345, 60.0, 2011-08-20 12:20:00, 0.0, None 
 48.37, -123.55, 60.0, 2011-08-20 12:20:00, 0.0, None 
 48.32, -123.34, 51.0, 2011-08-20 12:22:30, 0.0, None 
 48.38, -123.43, 20.0, 2011-08-20 12:42:30, 0.0, None 
 48.395, -122.92, 60.0, 2011-08-20 12:47:30, 0.0, None 
 48.117, -123.705, 30.8, 2011-08-20 12:50:00, 0.0, None 
 48.135, -123.66, 28.2, 2011-08-20 12:52:30, 0.0, None 
 48.135, -123.615, 31.5, 2011-08-20 12:55:00, 0.0, None 
 48.04, -123.62, 60.0, 2011-08-20 12:57:30, 0.0, None 
 48.09, -123.65, 40.0, 2011-08-20 13:00:00, 0.0, None 
 48.095, -123.735, 60.0, 2011-08-20 13:10:00, 0.0, None 
 48.08, -123.67, 20.0, 2011-08-20 13:15:00, 0.0, None 
 48.138000000000005, -123.678, 30.0, 2011-08-20 13:17:30, 0.0, None 
 48.11, -123.68, 20.0, 2011-08-20 13:22:30, 0.0, None 
 48.125, -123.565, 47.5, 2011-08-20 13:30:00, 0.0, None 
 48.1, -123.585, 48.5, 2011-08-20 13:32:30, 0.0, None 
 48.37, -122.89, 60.0, 2011-08-20 13:35:00, 0.0, None 
 48.3, -122.8, 34.0, 2011-08-20 13:37:30, 0.0, None 
 48.27, -122.81, 60.0, 2011-08-20 13:52:30, 0.0, None 
 48.29, -122.75, 52.5, 2011-08-20 13:55:00, 0.0, None 
 48.3, -122.795, 60.0, 2011-08-20 13:57:30, 0.0, None 
 48.295, -122.755, 31.0, 2011-08-20 14:00:00, 0.0, None 
 48.29, -122.84, 49.5, 2011-08-20 14:05:00, 0.0, None 
 48.27, -122.845, 48.0, 2011-08-20 14:07:30, 0.0, None 
 48.12, -123.355, 47.0, 2011-08-20 14:15:00, 0.0, None 
 48.11, -123.685, 20.0, 2011-08-20 14:17:30, 0.0, None 
 48.17, -123.63, 22.5, 2011-08-20 14:20:00, 0.0, None 
 48.135, -123.62700000000001, 20.0, 2011-08-20 14:22:30, 0.0, None 
 48.075, -123.66, 25.8, 2011-08-20 14:25:00, 0.0, None 
 48.09, -123.75, 40.0, 2011-08-20 14:27:30, 0.0, None 
 48.1, -123.78, 28.0, 2011-08-20 14:30:00, 0.0, None 
 48.07, -123.6, 49.0, 2011-08-20 14:35:00, 0.0, None 
 48.125, -123.56, 51.5, 2011-08-20 14:37:30, 0.0, None 
 48.2, -123.52, 27.0, 2011-08-20 14:40:00, 0.0, None 
 48.218, -123.51, 26.0, 2011-08-20 14:42:30, 0.0, None 
 48.203, -123.485, 25.5, 2011-08-20 14:45:00, 0.0, None 
 48.22, -123.535, 26.0, 2011-08-20 14:47:30, 0.0, None 
 48.25, -123.44, 40.0, 2011-08-20 14:50:00, 0.0, None 
 48.24, -123.54799999999999, 21.8, 2011-08-20 14:52:30, 0.0, None 
 48.275, -123.43, 20.0, 2011-08-20 14:55:00, 0.0, None 
 48.295, -123.435, 21.8, 2011-08-20 14:57:30, 0.0, None 
 48.227, -123.475, 20.0, 2011-08-20 15:00:00, 0.0, None 
 48.218, -123.49, 20.0, 2011-08-20 15:02:30, 0.0, None 
 48.28, -123.435, 40.0, 2011-08-20 15:05:00, 0.0, None 
 48.24, -123.585, 51.0, 2011-08-20 15:07:30, 0.0, None 
 48.21, -123.523, 31.2, 2011-08-20 15:10:00, 0.0, None 
 48.207, -123.49799999999999, 34.5, 2011-08-20 15:12:30, 0.0, None 
 48.17, -123.57, 60.0, 2011-08-20 15:17:30, 0.0, None 
 48.11, -123.06, 60.0, 2011-08-20 15:32:30, 0.0, None 
 48.27, -123.32, 36.5, 2011-08-20 15:32:30, 0.0, None 
 48.255, -123.27, 49.2, 2011-08-20 15:35:00, 0.0, None 
 48.225, -123.60799999999999, 35.0, 2011-08-20 16:02:30, 0.0, None 
 48.21, -123.49, 40.0, 2011-08-20 16:05:00, 0.0, None 
 48.213, -123.428, 40.0, 2011-08-20 16:07:30, 0.0, None 
 47.95, -123.41, 37.0, 2011-08-20 16:17:30, 0.0, None 
 48.38, -123.2, 34.5, 2011-08-20 16:22:30, 0.0, None 
 48.0, -123.08, 20.0, 2011-08-20 16:25:00, 0.0, None 
 48.185, -123.605, 20.0, 2011-08-20 16:27:30, 0.0, None 
 48.195, -123.61, 20.0, 2011-08-20 16:30:00, 0.0, None 
 48.225, -123.435, 20.0, 2011-08-20 16:32:30, 0.0, None 
 48.3, -123.105, 20.0, 2011-08-20 16:32:30, 0.0, None 
 48.29, -123.345, 20.0, 2011-08-20 16:35:00, 0.0, None 
 48.235, -123.435, 39.2, 2011-08-20 16:37:30, 0.0, None 
 48.21, -123.425, 24.5, 2011-08-20 16:40:00, 0.0, None 
 48.215, -123.405, 32.5, 2011-08-20 16:42:30, 0.0, None 
 48.273, -123.55, 23.0, 2011-08-20 16:45:00, 0.0, None 
 48.27, -123.49, 25.5, 2011-08-20 16:47:30, 0.0, None 
 48.273, -123.493, 23.5, 2011-08-20 16:50:00, 0.0, None 
 48.153, -123.47200000000001, 43.5, 2011-08-20 16:52:30, 0.0, None 
 48.075, -123.605, 60.0, 2011-08-20 17:02:30, 0.0, None 
 48.147, -123.65700000000001, 46.0, 2011-08-20 17:10:00, 0.0, None 
 48.39, -123.495, 20.0, 2011-08-20 17:15:00, 0.0, None 
 48.15, -123.795, 60.0, 2011-08-20 17:15:00, 0.0, None 
 48.185, -123.665, 32.5, 2011-08-20 17:17:30, 0.0, None 
 48.26, -123.57, 44.2, 2011-08-20 17:20:00, 0.0, None 
 48.295, -123.425, 60.0, 2011-08-20 17:32:30, 0.0, None 
 48.251999999999995, -123.435, 20.0, 2011-08-20 17:35:00, 0.0, None 
 48.235, -123.48, 20.0, 2011-08-20 17:37:30, 0.0, None 
 48.15, -123.4, 45.0, 2011-08-20 17:47:30, 0.0, None 
 48.18, -123.575, 25.2, 2011-08-20 17:50:00, 0.0, None 
 48.13, -123.67, 60.0, 2011-08-20 17:52:30, 0.0, None 
 48.49, -123.01, 60.0, 2011-08-20 17:55:00, 0.0, None 
 48.41, -122.95, 60.0, 2011-08-20 18:07:30, 0.0, None 
 48.43, -122.925, 60.0, 2011-08-20 18:10:00, 0.0, None 
 48.235, -122.94, 38.8, 2011-08-20 18:12:30, 0.0, None 
 48.42, -122.8, 60.0, 2011-08-20 18:20:00, 0.0, None 
 48.44, -122.88, 60.0, 2011-08-20 18:22:30, 0.0, None 
 48.455, -123.115, 60.0, 2011-08-20 18:37:30, 0.0, None 
 48.168, -123.525, 20.0, 2011-08-20 18:40:00, 0.0, None 
 48.24, -123.49, 26.0, 2011-08-20 18:42:30, 0.0, None 
 48.25, -123.485, 31.5, 2011-08-20 18:45:00, 0.0, None 
 48.39, -122.895, 38.5, 2011-08-20 18:47:30, 0.0, None 
 48.295, -123.595, 20.0, 2011-08-20 18:50:00, 0.0, None 
 48.3, -123.075, 35.8, 2011-08-20 18:55:00, 0.0, None 
 48.295, -122.91, 20.0, 2011-08-20 18:57:30, 0.0, None 
 48.233000000000004, -123.39299999999999, 25.0, 2011-08-20 19:00:00, 0.0, None 
 48.275, -123.365, 22.5, 2011-08-20 19:02:30, 0.0, None 
 48.21, -123.57, 60.0, 2011-08-20 19:05:00, 0.0, None 
 48.21, -123.575, 60.0, 2011-08-20 19:07:30, 0.0, None 
 48.39, -123.1, 48.0, 2011-08-20 19:10:00, 0.0, None 
 48.105, -123.5, 60.0, 2011-08-20 19:10:00, 0.0, None 
 48.11, -123.69, 20.0, 2011-08-20 19:12:30, 0.0, None 
 48.18, -123.31, 30.5, 2011-08-20 19:15:00, 0.0, None 
 48.41, -122.86, 58.0, 2011-08-20 19:17:30, 0.0, None 
 48.405, -122.84700000000001, 58.2, 2011-08-20 19:20:00, 0.0, None 
 48.37, -122.86, 60.0, 2011-08-20 19:22:30, 0.0, None 
 48.355, -122.975, 60.0, 2011-08-20 19:25:00, 0.0, None 
 48.29, -122.925, 31.0, 2011-08-20 19:27:30, 0.0, None 
 48.09, -123.405, 56.0, 2011-08-20 19:45:00, 0.0, None 
 48.26, -122.96, 60.0, 2011-08-20 19:47:30, 0.0, None 
 47.99, -123.28, 40.5, 2011-08-20 19:52:30, 0.0, None 
 48.07, -123.29, 55.0, 2011-08-20 19:55:00, 0.0, None 
 48.225, -123.775, 42.0, 2011-08-20 19:55:00, 0.0, None 
 48.125, -123.63, 60.0, 2011-08-20 19:57:30, 0.0, None 
 48.185, -123.53, 20.0, 2011-08-20 20:00:00, 0.0, None 
 47.82, -123.41, 20.0, 2011-08-20 20:05:00, 0.0, None 
 47.82, -123.38, 20.0, 2011-08-20 20:07:30, 0.0, None 
 48.09, -123.575, 20.0, 2011-08-20 20:10:00, 0.0, None 
 48.08, -123.53, 20.0, 2011-08-20 20:12:30, 0.0, None 
 48.13, -123.64, 44.0, 2011-08-20 20:17:30, 0.0, None 
 47.99, -123.59, 60.0, 2011-08-20 20:20:00, 0.0, None 
 48.05, -123.465, 20.0, 2011-08-20 20:22:30, 0.0, None 
 48.093, -123.22200000000001, 53.5, 2011-08-20 20:27:30, 0.0, None 
 48.155, -123.368, 35.2, 2011-08-20 20:30:00, 0.0, None 
 48.17, -123.33, 20.0, 2011-08-20 20:32:30, 0.0, None 
 48.06, -123.57, 26.0, 2011-08-20 20:35:00, 0.0, None 
 48.07, -123.5, 20.0, 2011-08-20 20:40:00, 0.0, None 
 48.09, -123.7, 20.0, 2011-08-20 20:45:00, 0.0, None 
 48.41, -123.37, 51.0, 2011-08-20 20:52:30, 0.0, None 
 47.94, -123.58, 60.0, 2011-08-20 20:57:30, 0.0, None 
 47.955, -123.585, 20.0, 2011-08-20 21:02:30, 0.0, None 
 48.31, -123.25, 33.0, 2011-08-20 21:07:30, 0.0, None 
 48.17, -123.56, 26.5, 2011-08-20 21:10:00, 0.0, None 
 48.49, -123.58, 20.0, 2011-08-20 21:12:30, 0.0, None 
 47.91, -123.565, 53.0, 2011-08-20 21:15:00, 0.0, None 
 47.88, -123.63, 20.0, 2011-08-20 21:17:30, 0.0, None 
 48.385, -123.63, 20.0, 2011-08-20 21:20:00, 0.0, None 
 47.98, -123.68, 41.5, 2011-08-20 21:25:00, 0.0, None 
 48.5, -123.15, 41.0, 2011-08-20 21:32:30, 0.0, None 
 48.425, -123.41, 60.0, 2011-08-20 21:40:00, 0.0, None 
 48.16, -123.49, 43.0, 2011-08-20 21:42:30, 0.0, None 
 48.46, -123.62, 50.0, 2011-08-20 21:42:30, 0.0, None 
 48.14, -123.62, 29.0, 2011-08-20 21:45:00, 0.0, None 
 48.31, -123.62, 20.0, 2011-08-20 21:55:00, 0.0, None 
 48.17, -123.44, 60.0, 2011-08-20 21:57:30, 0.0, None 
 48.21, -123.555, 33.5, 2011-08-20 22:00:00, 0.0, None 
 48.22, -123.63, 20.0, 2011-08-20 22:10:00, 0.0, None 
 48.115, -123.68, 20.0, 2011-08-20 22:12:30, 0.0, None 
 48.22, -123.72, 38.0, 2011-08-20 22:15:00, 0.0, None 
 48.095, -123.68299999999999, 32.5, 2011-08-20 22:17:30, 0.0, None 
 48.13, -123.7, 20.0, 2011-08-20 22:20:00, 0.0, None 
 48.13, -123.64200000000001, 46.0, 2011-08-20 22:22:30, 0.0, None 
 48.25, -123.34700000000001, 51.8, 2011-08-20 22:25:00, 0.0, None 
 48.285, -123.352, 45.0, 2011-08-20 22:27:30, 0.0, None 
 48.27, -123.31, 25.0, 2011-08-20 22:30:00, 0.0, None 
 48.28, -123.37, 20.0, 2011-08-20 22:32:30, 0.0, None 
 48.265, -123.41799999999999, 20.5, 2011-08-20 22:35:00, 0.0, None 
 48.27, -123.525, 32.5, 2011-08-20 22:37:30, 0.0, None 
 48.255, -123.47, 20.0, 2011-08-20 22:40:00, 0.0, None 
 48.225, -123.44, 30.8, 2011-08-20 22:42:30, 0.0, None 
 48.15, -123.62, 28.0, 2011-08-20 22:47:30, 0.0, None 
 48.125, -123.615, 24.5, 2011-08-20 22:50:00, 0.0, None 
 48.102, -123.618, 20.0, 2011-08-20 22:52:30, 0.0, None 
 48.058, -123.69, 27.8, 2011-08-20 22:55:00, 0.0, None 
 48.07, -123.69200000000001, 28.5, 2011-08-20 22:57:30, 0.0, None 
 48.37, -123.57, 20.0, 2011-08-20 23:12:30, 0.0, None 
 48.343, -123.29, 36.5, 2011-08-20 23:22:30, 0.0, None 
 48.367, -123.295, 27.0, 2011-08-20 23:25:00, 0.0, None 
 48.29, -123.59, 20.0, 2011-08-20 23:35:00, 0.0, None 
 48.205, -123.70299999999999, 22.5, 2011-08-20 23:37:30, 0.0, None 
 48.2, -123.685, 31.2, 2011-08-20 23:40:00, 0.0, None 
 48.13, -123.705, 20.0, 2011-08-20 23:47:30, 0.0, None 
 48.17, -123.68, 20.0, 2011-08-20 23:50:00, 0.0, None 
 48.5, -123.56, 50.0, 2011-08-20 23:52:30, 0.0, None 
 48.233000000000004, -123.59299999999999, 29.8, 2011-08-21 00:10:00, 0.0, None 
 48.3, -123.66, 30.0, 2011-08-21 00:12:30, 0.0, None 
 48.433, -123.455, 33.0, 2011-08-21 00:22:30, 0.0, None 
 48.18, -123.33, 60.0, 2011-08-21 00:25:00, 0.0, None 
 48.12, -123.635, 33.5, 2011-08-21 00:27:30, 0.0, None 
 48.133, -123.625, 32.5, 2011-08-21 00:30:00, 0.0, None 
 48.18, -123.64, 23.5, 2011-08-21 00:32:30, 0.0, None 
 48.59, -123.21, 60.0, 2011-08-21 00:37:30, 0.0, None 
 48.3, -123.265, 56.0, 2011-08-21 00:40:00, 0.0, None 
 48.3, -123.57, 38.0, 2011-08-21 00:42:30, 0.0, None 
 48.04, -123.79, 20.0, 2011-08-21 00:45:00, 0.0, None 
 48.08, -123.63, 40.0, 2011-08-21 00:47:30, 0.0, None 
 48.35, -123.447, 35.8, 2011-08-21 00:50:00, 0.0, None 
 48.375, -123.49, 33.8, 2011-08-21 00:52:30, 0.0, None 
 48.125, -123.68, 20.0, 2011-08-21 00:55:00, 0.0, None 
 48.16, -123.72, 34.5, 2011-08-21 00:57:30, 0.0, None 
 48.06, -123.71, 20.0, 2011-08-21 01:00:00, 0.0, None 
 48.255, -123.675, 42.0, 2011-08-21 01:02:30, 0.0, None 
 48.275, -123.565, 35.2, 2011-08-21 01:05:00, 0.0, None 
 48.22, -123.62, 42.8, 2011-08-21 01:07:30, 0.0, None 
 48.2, -123.625, 40.0, 2011-08-21 01:10:00, 0.0, None 
 48.013000000000005, -123.665, 26.5, 2011-08-21 01:12:30, 0.0, None 
 48.088, -123.67200000000001, 42.5, 2011-08-21 01:15:00, 0.0, None 
 48.035, -123.62, 30.8, 2011-08-21 01:17:30, 0.0, None 
 48.108000000000004, -123.615, 20.0, 2011-08-21 01:20:00, 0.0, None 
 48.12, -123.6, 20.0, 2011-08-21 01:22:30, 0.0, None 
 48.05, -123.662, 29.0, 2011-08-21 01:25:00, 0.0, None 
 48.108000000000004, -123.675, 37.0, 2011-08-21 01:27:30, 0.0, None 
 48.125, -123.65, 30.8, 2011-08-21 01:30:00, 0.0, None 
 48.17, -123.68799999999999, 24.5, 2011-08-21 01:32:30, 0.0, None 
 48.2, -123.735, 39.8, 2011-08-21 01:35:00, 0.0, None 
 48.185, -123.675, 24.0, 2011-08-21 01:37:30, 0.0, None 
 48.11, -123.675, 20.0, 2011-08-21 01:40:00, 0.0, None 
 48.08, -123.685, 20.0, 2011-08-21 01:42:30, 0.0, None 
 48.05, -123.405, 24.0, 2011-08-21 01:45:00, 0.0, None 
 48.405, -123.485, 48.0, 2011-08-21 01:45:00, 0.0, None 
 48.2, -123.68, 23.0, 2011-08-21 01:47:30, 0.0, None 
 48.183, -123.66799999999999, 23.0, 2011-08-21 01:50:00, 0.0, None 
 48.195, -123.545, 32.8, 2011-08-21 01:52:30, 0.0, None 
 48.242, -123.632, 38.5, 2011-08-21 01:55:00, 0.0, None 
 48.192, -123.50200000000001, 27.0, 2011-08-21 01:57:30, 0.0, None 
 48.2, -123.5, 27.2, 2011-08-21 02:00:00, 0.0, None 
 48.17, -123.68, 47.0, 2011-08-21 02:02:30, 0.0, None 
 48.34, -123.67, 47.0, 2011-08-21 02:07:30, 0.0, None 
 48.065, -123.705, 40.0, 2011-08-21 02:10:00, 0.0, None 
 48.2, -123.66, 31.0, 2011-08-21 02:17:30, 0.0, None 
 48.02, -123.65, 53.0, 2011-08-21 02:22:30, 0.0, None 
 48.03, -123.765, 20.0, 2011-08-21 02:25:00, 0.0, None 
 48.18, -123.52, 60.0, 2011-08-21 02:27:30, 0.0, None 
 48.111999999999995, -123.685, 34.8, 2011-08-21 02:30:00, 0.0, None 
 48.14, -123.662, 38.0, 2011-08-21 02:32:30, 0.0, None 
 48.175, -123.67, 32.2, 2011-08-21 02:35:00, 0.0, None 
 48.18, -123.54, 60.0, 2011-08-21 02:37:30, 0.0, None 
 48.15, -123.655, 39.5, 2011-08-21 02:42:30, 0.0, None 
 48.153, -123.66, 37.5, 2011-08-21 02:45:00, 0.0, None 
 48.49, -123.26, 28.0, 2011-08-21 03:00:00, 0.0, None 
 48.117, -123.68, 38.8, 2011-08-21 03:07:30, 0.0, None 
 48.11, -123.665, 39.2, 2011-08-21 03:10:00, 0.0, None 
 48.32, -123.35, 31.0, 2011-08-21 03:22:30, 0.0, None 
 48.4, -123.35, 26.0, 2011-08-21 03:25:00, 0.0, None 
 48.17, -123.69, 20.0, 2011-08-21 03:32:30, 0.0, None 
 48.138000000000005, -123.685, 39.8, 2011-08-21 03:35:00, 0.0, None 
 48.16, -123.675, 49.0, 2011-08-21 03:37:30, 0.0, None 
 48.09, -123.55, 60.0, 2011-08-21 03:40:00, 0.0, None 
 48.12, -123.67, 20.0, 2011-08-21 03:45:00, 0.0, None 
 48.138000000000005, -123.655, 30.8, 2011-08-21 03:47:30, 0.0, None 
 48.18, -123.68, 21.2, 2011-08-21 03:50:00, 0.0, None 
 48.17, -123.665, 26.2, 2011-08-21 03:52:30, 0.0, None 
 48.205, -123.685, 36.0, 2011-08-21 03:55:00, 0.0, None 
 48.332, -123.72, 58.0, 2011-08-21 03:57:30, 0.0, None 
 48.273, -123.507, 24.5, 2011-08-21 04:00:00, 0.0, None 
 48.295, -123.52, 24.8, 2011-08-21 04:02:30, 0.0, None 
 48.278, -123.515, 24.8, 2011-08-21 04:05:00, 0.0, None 
 48.27, -123.49799999999999, 23.0, 2011-08-21 04:07:30, 0.0, None 
 48.195, -123.605, 20.0, 2011-08-21 04:10:00, 0.0, None 
 48.155, -123.53, 24.5, 2011-08-21 04:12:30, 0.0, None 
 48.18, -123.5, 20.0, 2011-08-21 04:15:00, 0.0, None 
 48.185, -123.512, 21.2, 2011-08-21 04:17:30, 0.0, None 
 48.27, -123.62299999999999, 30.0, 2011-08-21 04:20:00, 0.0, None 
 48.21, -123.412, 36.5, 2011-08-21 04:22:30, 0.0, None 
 48.24, -123.49, 25.5, 2011-08-21 04:25:00, 0.0, None 
 48.235, -123.51299999999999, 23.0, 2011-08-21 04:27:30, 0.0, None 
 48.2, -123.725, 60.0, 2011-08-21 04:30:00, 0.0, None 
 48.2, -123.523, 22.5, 2011-08-21 04:32:30, 0.0, None 
 48.255, -123.542, 24.5, 2011-08-21 04:35:00, 0.0, None 
 48.12, -123.4, 38.0, 2011-08-21 04:37:30, 0.0, None 
 48.3, -123.69, 60.0, 2011-08-21 04:37:30, 0.0, None 
 48.29, -123.322, 60.0, 2011-08-21 04:42:30, 0.0, None 
 48.295, -123.35, 39.5, 2011-08-21 04:45:00, 0.0, None 
 48.29, -123.305, 29.0, 2011-08-21 04:47:30, 0.0, None 
 48.165, -123.41, 20.0, 2011-08-21 04:50:00, 0.0, None 
 48.41, -123.59, 20.0, 2011-08-21 04:52:30, 0.0, None 
 48.29, -123.4, 20.0, 2011-08-21 05:00:00, 0.0, None 
 48.228, -123.405, 34.8, 2011-08-21 05:05:00, 0.0, None 
 48.222, -123.28200000000001, 34.5, 2011-08-21 05:07:30, 0.0, None 
 48.15, -123.41, 36.0, 2011-08-21 05:10:00, 0.0, None 
 48.215, -123.505, 44.0, 2011-08-21 05:12:30, 0.0, None 
 48.248000000000005, -123.56200000000001, 32.0, 2011-08-21 05:15:00, 0.0, None 
 48.31, -123.49, 28.0, 2011-08-21 05:17:30, 0.0, None 
 48.188, -123.662, 34.0, 2011-08-21 05:25:00, 0.0, None 
 48.225, -123.705, 25.0, 2011-08-21 05:27:30, 0.0, None 
 48.2, -123.715, 28.0, 2011-08-21 05:30:00, 0.0, None 
 48.336999999999996, -123.54, 38.0, 2011-08-21 05:32:30, 0.0, None 
 48.3, -123.405, 39.0, 2011-08-21 05:35:00, 0.0, None 
 48.13, -123.42, 20.0, 2011-08-21 05:42:30, 0.0, None 
 48.302, -123.17, 30.8, 2011-08-21 05:47:30, 0.0, None 
 48.36, -123.22, 20.0, 2011-08-21 05:50:00, 0.0, None 
 48.42, -123.32, 60.0, 2011-08-21 05:52:30, 0.0, None 
 48.38, -123.35, 48.0, 2011-08-21 05:55:00, 0.0, None 
 48.325, -123.35, 54.5, 2011-08-21 06:00:00, 0.0, None 
 48.28, -123.41, 60.0, 2011-08-21 06:02:30, 0.0, None 
 48.302, -123.38799999999999, 40.8, 2011-08-21 06:05:00, 0.0, None 
 48.32, -123.765, 60.0, 2011-08-21 06:07:30, 0.0, None 
 48.235, -123.36, 44.8, 2011-08-21 06:10:00, 0.0, None 
 48.203, -123.42200000000001, 35.0, 2011-08-21 06:12:30, 0.0, None 
 48.225, -123.4, 29.0, 2011-08-21 06:15:00, 0.0, None 
 48.295, -123.48299999999999, 29.2, 2011-08-21 06:17:30, 0.0, None 
 48.275, -123.525, 23.5, 2011-08-21 06:20:00, 0.0, None 
 48.28, -123.45, 30.0, 2011-08-21 06:22:30, 0.0, None 
 48.28, -123.43, 26.0, 2011-08-21 06:25:00, 0.0, None 
 48.345, -123.398, 40.0, 2011-08-21 06:27:30, 0.0, None 
 48.3, -123.99, 50.0, 2011-08-21 06:35:00, 0.0, None 
 48.196999999999996, -123.645, 30.0, 2011-08-21 06:37:30, 0.0, None 
 48.153, -123.65, 38.0, 2011-08-21 06:40:00, 0.0, None 
 48.26, -123.43, 31.5, 2011-08-21 06:42:30, 0.0, None 
 48.3, -123.325, 23.2, 2011-08-21 06:45:00, 0.0, None 
 48.12, -123.72, 20.0, 2011-08-21 06:47:30, 0.0, None 
 48.29, -123.4, 47.0, 2011-08-21 06:50:00, 0.0, None 
 48.141999999999996, -123.648, 40.0, 2011-08-21 06:52:30, 0.0, None 
 48.215, -123.66, 32.0, 2011-08-21 06:55:00, 0.0, None 
 48.235, -123.637, 35.8, 2011-08-21 06:57:30, 0.0, None 
 48.33, -123.62, 20.0, 2011-08-21 07:02:30, 0.0, None 
 48.43, -123.23, 46.2, 2011-08-21 07:05:00, 0.0, None 
 48.47, -123.305, 50.5, 2011-08-21 07:07:30, 0.0, None 
 48.39, -123.64, 30.0, 2011-08-21 07:10:00, 0.0, None 
 48.13, -123.68, 20.0, 2011-08-21 07:10:00, 0.0, None 
 48.23, -123.64, 41.5, 2011-08-21 07:12:30, 0.0, None 
 48.205, -123.645, 20.0, 2011-08-21 07:15:00, 0.0, None 
 48.43, -123.34, 60.0, 2011-08-21 07:17:30, 0.0, None 
 48.415, -123.3, 38.0, 2011-08-21 07:20:00, 0.0, None 
 48.4, -123.38, 40.0, 2011-08-21 07:22:30, 0.0, None 
 48.295, -123.45, 20.0, 2011-08-21 07:27:30, 0.0, None 
 48.465, -123.26, 27.8, 2011-08-21 07:30:00, 0.0, None 
 48.495, -123.225, 23.0, 2011-08-21 07:32:30, 0.0, None 
 48.51, -123.23299999999999, 30.0, 2011-08-21 07:35:00, 0.0, None 
 48.515, -123.165, 36.0, 2011-08-21 07:37:30, 0.0, None 
 48.52, -123.12, 40.0, 2011-08-21 07:40:00, 0.0, None 
 48.485, -123.11, 60.0, 2011-08-21 07:42:30, 0.0, None 
 48.42, -123.49, 53.5, 2011-08-21 07:42:30, 0.0, None 
 48.055, -123.625, 31.5, 2011-08-21 07:45:00, 0.0, None 
 48.297, -123.515, 22.0, 2011-08-21 07:52:30, 0.0, None 
 48.23, -123.725, 45.5, 2011-08-21 07:55:00, 0.0, None 
 48.235, -123.72, 53.5, 2011-08-21 07:57:30, 0.0, None 
 48.225, -123.7, 20.0, 2011-08-21 08:00:00, 0.0, None 
 48.24, -123.73, 21.2, 2011-08-21 08:02:30, 0.0, None 
 48.22, -123.75, 20.0, 2011-08-21 08:05:00, 0.0, None 
 48.1, -123.75, 20.5, 2011-08-21 08:10:00, 0.0, None 
 48.028, -123.71799999999999, 28.5, 2011-08-21 08:12:30, 0.0, None 
 48.095, -123.62700000000001, 39.5, 2011-08-21 08:15:00, 0.0, None 
 48.08, -123.7, 20.0, 2011-08-21 08:17:30, 0.0, None 
 48.09, -123.63, 39.5, 2011-08-21 08:20:00, 0.0, None 
 48.13, -123.7, 20.0, 2011-08-21 08:22:30, 0.0, None 
 48.32, -123.58, 60.0, 2011-08-21 08:25:00, 0.0, None 
 48.328, -123.45299999999999, 53.5, 2011-08-21 08:37:30, 0.0, None 
 48.37, -123.34700000000001, 36.2, 2011-08-21 08:40:00, 0.0, None 
 48.325, -123.565, 28.0, 2011-08-21 08:42:30, 0.0, None 
 48.225, -123.69, 20.0, 2011-08-21 08:45:00, 0.0, None 
 48.2, -123.695, 22.0, 2011-08-21 08:47:30, 0.0, None 
 48.15, -123.685, 33.0, 2011-08-21 08:50:00, 0.0, None 
 48.195, -123.70700000000001, 22.5, 2011-08-21 08:52:30, 0.0, None 
 48.26, -123.7, 37.0, 2011-08-21 08:55:00, 0.0, None 
 48.08, -123.645, 40.0, 2011-08-21 08:57:30, 0.0, None 
 48.34, -123.37, 34.8, 2011-08-21 09:02:30, 0.0, None 
 48.388000000000005, -123.375, 31.2, 2011-08-21 09:05:00, 0.0, None 
 48.34, -123.485, 46.2, 2011-08-21 09:07:30, 0.0, None 
 48.123000000000005, -123.6, 31.5, 2011-08-21 09:22:30, 0.0, None 
 48.225, -123.62, 28.2, 2011-08-21 09:25:00, 0.0, None 
 48.185, -123.655, 29.0, 2011-08-21 09:27:30, 0.0, None 
 48.19, -123.68, 32.5, 2011-08-21 09:30:00, 0.0, None 
 48.225, -123.68, 20.0, 2011-08-21 09:32:30, 0.0, None 
 48.285, -123.583, 27.8, 2011-08-21 09:35:00, 0.0, None 
 48.215, -123.48200000000001, 25.0, 2011-08-21 09:37:30, 0.0, None 
 48.207, -123.51, 29.0, 2011-08-21 09:40:00, 0.0, None 
 48.265, -123.535, 20.0, 2011-08-21 09:42:30, 0.0, None 
 48.26, -123.525, 25.0, 2011-08-21 09:45:00, 0.0, None 
 48.265, -123.54700000000001, 40.8, 2011-08-21 09:47:30, 0.0, None 
 48.213, -123.515, 34.5, 2011-08-21 09:50:00, 0.0, None 
 48.188, -123.523, 20.0, 2011-08-21 09:52:30, 0.0, None 
 48.19, -123.52, 20.0, 2011-08-21 09:55:00, 0.0, None 
 48.21, -123.59700000000001, 48.0, 2011-08-21 10:02:30, 0.0, None 
 48.23, -123.7, 42.8, 2011-08-21 10:05:00, 0.0, None 
 48.155, -123.71, 32.0, 2011-08-21 10:07:30, 0.0, None 
 48.17, -123.64, 28.0, 2011-08-21 10:10:00, 0.0, None 
 48.215, -123.51, 34.8, 2011-08-21 10:12:30, 0.0, None 
 48.22, -123.515, 44.2, 2011-08-21 10:15:00, 0.0, None 
 48.0, -123.73, 20.0, 2011-08-21 10:17:30, 0.0, None 
 48.11, -123.71, 30.0, 2011-08-21 10:20:00, 0.0, None 
 48.14, -123.63, 28.0, 2011-08-21 10:22:30, 0.0, None 
 48.05, -123.635, 60.0, 2011-08-21 10:25:00, 0.0, None 
 48.058, -123.64299999999999, 31.8, 2011-08-21 10:27:30, 0.0, None 
 48.085, -123.66, 20.0, 2011-08-21 10:30:00, 0.0, None 
 48.15, -123.7, 47.0, 2011-08-21 10:32:30, 0.0, None 
 48.24, -123.70700000000001, 21.0, 2011-08-21 10:35:00, 0.0, None 
 48.22, -123.7, 20.0, 2011-08-21 10:37:30, 0.0, None 
 48.22, -123.64, 35.5, 2011-08-21 10:40:00, 0.0, None 
 48.235, -123.645, 32.0, 2011-08-21 10:42:30, 0.0, None 
 48.25, -123.62, 30.8, 2011-08-21 10:45:00, 0.0, None 
 48.125, -123.685, 29.0, 2011-08-21 10:50:00, 0.0, None 
 48.42, -123.58, 60.0, 2011-08-21 10:55:00, 0.0, None 
 48.305, -123.71799999999999, 60.0, 2011-08-21 10:57:30, 0.0, None 
 48.215, -123.735, 60.0, 2011-08-21 11:00:00, 0.0, None 
 48.0, -123.73, 51.0, 2011-08-21 11:05:00, 0.0, None 
 48.08, -123.77, 20.0, 2011-08-21 11:07:30, 0.0, None 
 48.18, -123.78, 60.0, 2011-08-21 11:12:30, 0.0, None 
 48.225, -123.735, 39.0, 2011-08-21 11:15:00, 0.0, None 
 48.12, -123.8, 20.0, 2011-08-21 11:17:30, 0.0, None 
 48.38, -123.785, 36.0, 2011-08-21 11:22:30, 0.0, None 
 48.27, -123.79, 20.0, 2011-08-21 11:25:00, 0.0, None 
 48.248000000000005, -123.72, 41.0, 2011-08-21 11:30:00, 0.0, None 
 48.25, -123.662, 29.0, 2011-08-21 11:32:30, 0.0, None 
 48.22, -123.697, 20.0, 2011-08-21 11:35:00, 0.0, None 
 48.225, -123.705, 23.0, 2011-08-21 11:37:30, 0.0, None 
 48.215, -123.725, 30.0, 2011-08-21 11:40:00, 0.0, None 
 48.225, -123.72200000000001, 27.5, 2011-08-21 11:42:30, 0.0, None 
 48.295, -123.64, 20.0, 2011-08-21 11:45:00, 0.0, None 
 48.29, -123.645, 20.0, 2011-08-21 11:47:30, 0.0, None 
 48.305, -123.65299999999999, 48.5, 2011-08-21 11:50:00, 0.0, None 
 48.215, -123.6, 33.5, 2011-08-21 11:52:30, 0.0, None 
 48.195, -123.645, 24.2, 2011-08-21 11:57:30, 0.0, None 
 48.185, -123.635, 25.0, 2011-08-21 12:00:00, 0.0, None 
 48.172, -123.678, 30.0, 2011-08-21 12:02:30, 0.0, None 
 48.23, -123.76299999999999, 20.8, 2011-08-21 12:07:30, 0.0, None 
 48.25, -123.72200000000001, 20.0, 2011-08-21 12:10:00, 0.0, None 
 48.248000000000005, -123.69200000000001, 20.0, 2011-08-21 12:12:30, 0.0, None 
 48.32, -123.56, 31.5, 2011-08-21 12:15:00, 0.0, None 
 48.4, -123.53, 47.5, 2011-08-21 12:17:30, 0.0, None 
 48.375, -123.42, 34.8, 2011-08-21 12:20:00, 0.0, None 
 48.352, -123.40299999999999, 31.2, 2011-08-21 12:22:30, 0.0, None 
 48.32, -123.94, 38.0, 2011-08-21 12:27:30, 0.0, None 
 48.293, -123.71, 20.0, 2011-08-21 12:30:00, 0.0, None 
 48.31, -123.61, 27.5, 2011-08-21 12:32:30, 0.0, None 
 48.293, -123.65700000000001, 33.2, 2011-08-21 12:52:30, 0.0, None 
 48.3, -123.79, 60.0, 2011-08-21 13:15:00, 0.0, None 
 48.305, -123.67200000000001, 22.0, 2011-08-21 13:20:00, 0.0, None 
 48.285, -123.685, 26.0, 2011-08-21 13:22:30, 0.0, None 
 48.33, -123.43, 41.0, 2011-08-21 13:35:00, 0.0, None 
 48.29, -123.595, 20.0, 2011-08-21 13:40:00, 0.0, None 
 48.306999999999995, -123.63, 20.0, 2011-08-21 13:42:30, 0.0, None 
 48.19, -123.565, 46.0, 2011-08-21 13:45:00, 0.0, None 
 48.21, -123.65299999999999, 30.8, 2011-08-21 13:47:30, 0.0, None 
 48.245, -123.715, 28.2, 2011-08-21 13:50:00, 0.0, None 
 48.22, -123.71799999999999, 22.0, 2011-08-21 13:52:30, 0.0, None 
 48.24, -123.705, 20.8, 2011-08-21 13:55:00, 0.0, None 
 48.3, -123.83, 38.0, 2011-08-21 13:57:30, 0.0, None 
 48.203, -123.635, 36.8, 2011-08-21 14:00:00, 0.0, None 
 48.218, -123.64, 28.2, 2011-08-21 14:02:30, 0.0, None 
 48.228, -123.678, 20.0, 2011-08-21 14:05:00, 0.0, None 
 48.215, -123.655, 20.2, 2011-08-21 14:07:30, 0.0, None 
 48.19, -123.66799999999999, 20.0, 2011-08-21 14:10:00, 0.0, None 
 48.19, -123.635, 22.5, 2011-08-21 14:12:30, 0.0, None 
 48.287, -123.53, 28.2, 2011-08-21 14:15:00, 0.0, None 
 48.3, -123.51, 20.0, 2011-08-21 14:17:30, 0.0, None 
 48.188, -123.62299999999999, 20.0, 2011-08-21 14:20:00, 0.0, None 
 48.185, -123.697, 24.5, 2011-08-21 14:22:30, 0.0, None 
 48.22, -123.695, 29.5, 2011-08-21 14:25:00, 0.0, None 
 48.21, -123.615, 31.5, 2011-08-21 14:27:30, 0.0, None 
 48.266999999999996, -123.625, 33.5, 2011-08-21 14:30:00, 0.0, None 
 48.24, -123.625, 23.5, 2011-08-21 14:32:30, 0.0, None 
 48.21, -123.595, 21.5, 2011-08-21 14:35:00, 0.0, None 
 48.157, -123.675, 36.5, 2011-08-21 14:37:30, 0.0, None 
 48.16, -123.695, 25.0, 2011-08-21 14:40:00, 0.0, None 
 48.055, -123.77, 20.0, 2011-08-21 14:42:30, 0.0, None 
 48.17, -123.79, 29.0, 2011-08-21 14:45:00, 0.0, None 
 48.4, -123.575, 48.5, 2011-08-21 14:47:30, 0.0, None 
 48.305, -123.48, 32.5, 2011-08-21 14:50:00, 0.0, None 
 48.14, -123.69, 60.0, 2011-08-21 14:57:30, 0.0, None 
 48.125, -123.5, 20.0, 2011-08-21 15:00:00, 0.0, None 
 48.4, -123.43, 32.5, 2011-08-21 15:02:30, 0.0, None 
 48.415, -123.645, 55.5, 2011-08-21 15:05:00, 0.0, None 
 48.33, -123.72, 60.0, 2011-08-21 15:07:30, 0.0, None 
 48.088, -123.72, 24.0, 2011-08-21 15:10:00, 0.0, None 
 48.12, -123.7, 26.0, 2011-08-21 15:12:30, 0.0, None 
 48.09, -123.68, 20.0, 2011-08-21 15:15:00, 0.0, None 
 48.215, -123.65299999999999, 26.8, 2011-08-21 15:17:30, 0.0, None 
 48.1, -123.84, 30.0, 2011-08-21 15:22:30, 0.0, None 
 48.31, -123.72, 44.0, 2011-08-21 15:25:00, 0.0, None 
 48.02, -123.645, 27.0, 2011-08-21 15:25:00, 0.0, None 
 48.095, -123.715, 20.0, 2011-08-21 15:27:30, 0.0, None 
 48.17, -123.645, 20.0, 2011-08-21 15:35:00, 0.0, None 
 48.21, -123.52799999999999, 20.0, 2011-08-21 15:37:30, 0.0, None 
 48.203, -123.55, 37.8, 2011-08-21 15:40:00, 0.0, None 
 48.192, -123.485, 26.0, 2011-08-21 15:42:30, 0.0, None 
 48.235, -123.66, 32.5, 2011-08-21 15:45:00, 0.0, None 
 48.255, -123.655, 32.5, 2011-08-21 15:47:30, 0.0, None 
 48.24, -123.455, 20.0, 2011-08-21 15:50:00, 0.0, None 
 48.275, -123.415, 20.0, 2011-08-21 15:52:30, 0.0, None 
 48.27, -123.425, 21.2, 2011-08-21 15:55:00, 0.0, None 
 48.25, -123.59700000000001, 34.2, 2011-08-21 15:57:30, 0.0, None 
 48.275, -123.47, 20.0, 2011-08-21 16:00:00, 0.0, None 
 48.28, -123.56, 20.0, 2011-08-21 16:02:30, 0.0, None 
 48.185, -123.665, 28.5, 2011-08-21 16:05:00, 0.0, None 
 48.255, -123.68, 40.0, 2011-08-21 16:07:30, 0.0, None 
 48.245, -123.62700000000001, 26.2, 2011-08-21 16:10:00, 0.0, None 
 48.168, -123.6, 27.5, 2011-08-21 16:12:30, 0.0, None 
 48.15, -123.7, 23.0, 2011-08-21 16:15:00, 0.0, None 
 48.005, -123.77, 20.0, 2011-08-21 16:17:30, 0.0, None 
 48.29, -123.41, 27.0, 2011-08-21 16:20:00, 0.0, None 
 48.28, -123.535, 20.0, 2011-08-21 16:22:30, 0.0, None 
 48.1, -123.7, 31.0, 2011-08-21 16:27:30, 0.0, None 
 47.98, -123.58, 60.0, 2011-08-21 16:30:00, 0.0, None 
 48.38, -123.75, 60.0, 2011-08-21 16:32:30, 0.0, None 
 48.38, -123.71, 20.0, 2011-08-21 16:35:00, 0.0, None 
 48.31, -123.79, 20.0, 2011-08-21 16:37:30, 0.0, None 
 48.2, -123.53, 25.0, 2011-08-21 16:42:30, 0.0, None 
 48.115, -123.59299999999999, 24.0, 2011-08-21 16:45:00, 0.0, None 
 48.185, -123.835, 20.0, 2011-08-21 16:47:30, 0.0, None 
 48.2, -123.535, 25.0, 2011-08-21 16:50:00, 0.0, None 
 48.03, -123.59, 31.0, 2011-08-21 16:52:30, 0.0, None 
 47.94, -123.63, 60.0, 2011-08-21 17:00:00, 0.0, None 
 48.35, -123.34, 20.0, 2011-08-21 17:02:30, 0.0, None 
 48.05, -123.605, 60.0, 2011-08-21 17:02:30, 0.0, None 
 48.38, -123.655, 49.0, 2011-08-21 17:05:00, 0.0, None 
 48.21, -123.325, 55.0, 2011-08-21 17:07:30, 0.0, None 
 48.1, -123.6, 38.0, 2011-08-21 17:10:00, 0.0, None 
 48.185, -123.505, 30.8, 2011-08-21 17:17:30, 0.0, None 
 48.12, -123.41, 24.5, 2011-08-21 17:20:00, 0.0, None 
 48.16, -123.585, 52.5, 2011-08-21 17:22:30, 0.0, None 
 48.18, -123.38, 32.0, 2011-08-21 17:25:00, 0.0, None 
 48.08, -123.71, 60.0, 2011-08-21 17:25:00, 0.0, None 
 48.4, -123.495, 40.0, 2011-08-21 17:27:30, 0.0, None 
 48.46, -123.645, 20.0, 2011-08-21 17:30:00, 0.0, None 
 48.14, -123.8, 20.0, 2011-08-21 17:32:30, 0.0, None 
 48.19, -123.66, 24.5, 2011-08-21 17:42:30, 0.0, None 
 48.215, -123.635, 20.5, 2011-08-21 17:45:00, 0.0, None 
 48.26, -123.69, 33.0, 2011-08-21 17:47:30, 0.0, None 
 48.14, -123.66, 42.5, 2011-08-21 17:50:00, 0.0, None 
 48.245, -123.58, 25.8, 2011-08-21 17:52:30, 0.0, None 
 48.2, -123.58, 31.0, 2011-08-21 17:55:00, 0.0, None 
 48.4, -123.26, 27.0, 2011-08-21 18:05:00, 0.0, None 
 48.32, -124.01, 20.0, 2011-08-21 18:22:30, 0.0, None 
 48.3, -123.69, 20.0, 2011-08-21 18:25:00, 0.0, None 
 48.325, -123.57799999999999, 20.0, 2011-08-21 18:27:30, 0.0, None 
 48.293, -123.64299999999999, 29.0, 2011-08-21 18:30:00, 0.0, None 
 48.29, -123.595, 28.8, 2011-08-21 18:32:30, 0.0, None 
 48.29, -123.595, 23.0, 2011-08-21 18:35:00, 0.0, None 
 48.3, -123.605, 20.0, 2011-08-21 18:37:30, 0.0, None 
 48.28, -123.655, 20.0, 2011-08-21 18:40:00, 0.0, None 
 48.23, -123.66, 29.0, 2011-08-21 18:42:30, 0.0, None 
 48.22, -123.64, 25.0, 2011-08-21 18:45:00, 0.0, None 
 48.165, -123.665, 30.8, 2011-08-21 18:47:30, 0.0, None 
 48.29, -123.86, 20.0, 2011-08-21 18:50:00, 0.0, None 
 48.24, -123.6, 24.0, 2011-08-21 18:52:30, 0.0, None 
 48.265, -123.56, 24.5, 2011-08-21 18:55:00, 0.0, None 
 48.23, -123.54, 60.0, 2011-08-21 18:57:30, 0.0, None 
 48.11, -123.6, 60.0, 2011-08-21 19:02:30, 0.0, None 
 48.278, -123.705, 20.0, 2011-08-21 19:10:00, 0.0, None 
 48.295, -123.74, 60.0, 2011-08-21 19:12:30, 0.0, None 
 48.27, -123.66, 25.0, 2011-08-21 19:15:00, 0.0, None 
 48.285, -123.667, 20.0, 2011-08-21 19:17:30, 0.0, None 
 48.31, -123.81, 49.0, 2011-08-21 19:20:00, 0.0, None 
 48.22, -123.69, 60.0, 2011-08-21 19:30:00, 0.0, None 
 48.21, -123.81, 20.0, 2011-08-21 19:32:30, 0.0, None 
 48.175, -123.775, 35.5, 2011-08-21 19:35:00, 0.0, None 
 48.23, -123.765, 37.5, 2011-08-21 19:37:30, 0.0, None 
 48.24, -123.72, 39.0, 2011-08-21 19:40:00, 0.0, None 
 48.3, -124.02, 52.0, 2011-08-21 19:42:30, 0.0, None 
 48.375, -123.635, 29.2, 2011-08-21 19:45:00, 0.0, None 
 48.34, -123.6, 20.0, 2011-08-21 19:47:30, 0.0, None 
 48.215, -123.86, 49.0, 2011-08-21 20:12:30, 0.0, None 
 48.19, -123.835, 60.0, 2011-08-21 20:15:00, 0.0, None 
 48.335, -123.85, 20.0, 2011-08-21 20:20:00, 0.0, None 
 48.17, -123.46, 41.5, 2011-08-21 20:22:30, 0.0, None 
 48.23, -123.78, 20.0, 2011-08-21 20:27:30, 0.0, None 
 48.21, -123.73, 27.0, 2011-08-21 20:30:00, 0.0, None 
 48.23, -123.73, 30.0, 2011-08-21 20:32:30, 0.0, None 
 48.325, -123.75200000000001, 32.5, 2011-08-21 20:40:00, 0.0, None 
 48.266999999999996, -123.74799999999999, 20.0, 2011-08-21 20:42:30, 0.0, None 
 48.235, -123.72, 31.8, 2011-08-21 20:45:00, 0.0, None 
 48.205, -123.695, 33.8, 2011-08-21 20:47:30, 0.0, None 
 48.28, -123.675, 20.0, 2011-08-21 20:50:00, 0.0, None 
 48.278, -123.715, 20.0, 2011-08-21 20:52:30, 0.0, None 
 48.306999999999995, -123.54299999999999, 27.0, 2011-08-21 20:55:00, 0.0, None 
 48.4, -123.42, 55.0, 2011-08-21 20:57:30, 0.0, None 
 48.403, -123.55799999999999, 27.5, 2011-08-21 21:00:00, 0.0, None 
 48.233000000000004, -123.605, 41.0, 2011-08-21 21:02:30, 0.0, None 
 48.14, -123.6, 60.0, 2011-08-21 21:10:00, 0.0, None 
 48.34, -123.79, 20.0, 2011-08-21 21:10:00, 0.0, None 
 48.335, -123.62, 50.8, 2011-08-21 21:12:30, 0.0, None 
 48.38, -123.395, 20.0, 2011-08-21 21:17:30, 0.0, None 
 48.39, -123.35, 24.5, 2011-08-21 21:20:00, 0.0, None 
 48.28, -123.79, 20.0, 2011-08-21 21:25:00, 0.0, None 
 48.24, -123.26299999999999, 41.5, 2011-08-21 21:50:00, 0.0, None 
 48.24, -123.7, 28.0, 2011-08-21 21:52:30, 0.0, None 
 48.18, -123.64, 40.0, 2011-08-21 21:55:00, 0.0, None 
 48.03, -123.66, 60.0, 2011-08-21 21:57:30, 0.0, None 
 48.34, -123.8, 20.0, 2011-08-21 21:57:30, 0.0, None 
 48.29, -123.82, 20.0, 2011-08-21 22:07:30, 0.0, None 
 48.275, -123.713, 31.5, 2011-08-21 22:10:00, 0.0, None 
 48.297, -123.63, 26.5, 2011-08-21 22:12:30, 0.0, None 
 48.295, -123.618, 46.2, 2011-08-21 22:15:00, 0.0, None 
 48.285, -123.64200000000001, 22.8, 2011-08-21 22:17:30, 0.0, None 
 48.227, -123.65700000000001, 50.8, 2011-08-21 22:20:00, 0.0, None 
 48.29, -123.26, 57.0, 2011-08-21 22:25:00, 0.0, None 
 48.39, -123.31, 20.0, 2011-08-21 22:40:00, 0.0, None 
 48.4, -123.29, 60.0, 2011-08-21 23:00:00, 0.0, None 
 48.35, -123.42, 26.0, 2011-08-21 23:07:30, 0.0, None 
 48.3, -123.64, 20.0, 2011-08-21 23:10:00, 0.0, None 
 48.32, -123.755, 35.5, 2011-08-21 23:12:30, 0.0, None 
 48.21, -123.38, 20.0, 2011-08-21 23:15:00, 0.0, None 
 48.39, -123.5, 20.0, 2011-08-21 23:17:30, 0.0, None 
 48.385, -123.415, 35.2, 2011-08-21 23:20:00, 0.0, None 
 48.23, -123.465, 25.5, 2011-08-21 23:22:30, 0.0, None 
 48.29, -123.42, 20.0, 2011-08-21 23:25:00, 0.0, None 
 48.293, -123.40700000000001, 20.0, 2011-08-21 23:27:30, 0.0, None 
 48.272, -123.46, 25.5, 2011-08-21 23:30:00, 0.0, None 
 48.27, -123.46, 24.5, 2011-08-21 23:32:30, 0.0, None 
 48.235, -123.45, 20.0, 2011-08-21 23:35:00, 0.0, None 
 48.23, -123.48, 20.0, 2011-08-21 23:37:30, 0.0, None 
 48.28, -123.458, 20.0, 2011-08-21 23:40:00, 0.0, None 
 48.308, -123.51, 20.0, 2011-08-21 23:42:30, 0.0, None 
 48.18, -123.555, 35.0, 2011-08-21 23:45:00, 0.0, None 
 48.1, -123.67, 37.0, 2011-08-21 23:47:30, 0.0, None 
 48.28, -123.58, 20.0, 2011-08-21 23:50:00, 0.0, None 
 48.285, -123.81, 21.5, 2011-08-22 00:00:00, 0.0, None 
 48.185, -123.71, 34.5, 2011-08-22 00:02:30, 0.0, None 
 48.297, -123.64, 45.2, 2011-08-22 00:05:00, 0.0, None 
 48.35, -123.57, 20.0, 2011-08-22 00:07:30, 0.0, None 
 48.095, -123.77, 20.0, 2011-08-22 00:07:30, 0.0, None 
 48.225, -123.67, 40.0, 2011-08-22 00:12:30, 0.0, None 
 48.235, -123.5, 33.8, 2011-08-22 00:15:00, 0.0, None 
 48.218, -123.545, 30.0, 2011-08-22 00:17:30, 0.0, None 
 48.245, -123.64200000000001, 33.0, 2011-08-22 00:20:00, 0.0, None 
 48.227, -123.645, 20.0, 2011-08-22 00:22:30, 0.0, None 
 48.25, -123.62, 20.0, 2011-08-22 00:25:00, 0.0, None 
 48.19, -123.635, 25.5, 2011-08-22 00:27:30, 0.0, None 
 48.192, -123.545, 33.2, 2011-08-22 00:30:00, 0.0, None 
 48.288000000000004, -123.62299999999999, 26.0, 2011-08-22 00:32:30, 0.0, None 
 48.21, -123.75200000000001, 22.2, 2011-08-22 00:35:00, 0.0, None 
 48.18, -123.77, 20.0, 2011-08-22 00:37:30, 0.0, None 
 48.19, -123.64, 20.0, 2011-08-22 00:40:00, 0.0, None 
 48.218, -123.705, 24.8, 2011-08-22 00:42:30, 0.0, None 
 48.24, -123.68, 20.0, 2011-08-22 00:45:00, 0.0, None 
 48.25, -123.69, 29.0, 2011-08-22 00:47:30, 0.0, None 
 48.125, -123.645, 35.5, 2011-08-22 00:50:00, 0.0, None 
 48.162, -123.61, 35.2, 2011-08-22 00:52:30, 0.0, None 
 48.18, -123.655, 37.0, 2011-08-22 01:02:30, 0.0, None 
 48.14, -123.62, 20.0, 2011-08-22 01:05:00, 0.0, None 
 48.25, -123.57, 20.0, 2011-08-22 01:15:00, 0.0, None 
 48.24, -123.83, 57.0, 2011-08-22 01:22:30, 0.0, None 
 48.38, -123.42, 29.0, 2011-08-22 01:25:00, 0.0, None 
 48.248000000000005, -123.573, 40.0, 2011-08-22 01:27:30, 0.0, None 
 48.222, -123.495, 27.2, 2011-08-22 01:30:00, 0.0, None 
 48.24, -123.47200000000001, 24.5, 2011-08-22 01:32:30, 0.0, None 
 48.235, -123.515, 25.5, 2011-08-22 01:35:00, 0.0, None 
 48.235, -123.51, 26.5, 2011-08-22 01:37:30, 0.0, None 
 48.265, -123.545, 24.5, 2011-08-22 01:40:00, 0.0, None 
 48.18, -123.66, 23.0, 2011-08-22 01:45:00, 0.0, None 
 48.21, -123.65, 26.0, 2011-08-22 01:47:30, 0.0, None 
 48.358000000000004, -123.415, 28.8, 2011-08-22 01:52:30, 0.0, None 
 48.34, -123.542, 36.8, 2011-08-22 01:55:00, 0.0, None 
 48.14, -123.65, 56.0, 2011-08-22 01:57:30, 0.0, None 
 48.266999999999996, -123.53, 20.0, 2011-08-22 02:00:00, 0.0, None 
 48.27, -123.3, 30.0, 2011-08-22 02:02:30, 0.0, None 
 48.145, -123.625, 30.0, 2011-08-22 02:05:00, 0.0, None 
 48.08, -123.803, 23.2, 2011-08-22 02:07:30, 0.0, None 
 48.13, -123.54, 42.0, 2011-08-22 02:22:30, 0.0, None 
 48.175, -123.53200000000001, 32.5, 2011-08-22 02:25:00, 0.0, None 
 48.185, -123.738, 50.2, 2011-08-22 02:30:00, 0.0, None 
 48.21, -123.54, 31.0, 2011-08-22 02:32:30, 0.0, None 
 48.01, -123.66, 20.0, 2011-08-22 02:37:30, 0.0, None 
 48.04, -123.67, 20.0, 2011-08-22 02:40:00, 0.0, None 
 48.11, -123.65, 30.0, 2011-08-22 02:42:30, 0.0, None 
 48.065, -123.618, 27.0, 2011-08-22 02:45:00, 0.0, None 
 48.17, -123.655, 21.5, 2011-08-22 02:47:30, 0.0, None 
 48.115, -123.72, 20.0, 2011-08-22 02:50:00, 0.0, None 
 48.28, -123.815, 20.0, 2011-08-22 03:02:30, 0.0, None 
 48.29, -123.81, 20.0, 2011-08-22 03:05:00, 0.0, None 
 48.12, -123.725, 60.0, 2011-08-22 03:10:00, 0.0, None 
 48.29, -123.66, 41.2, 2011-08-22 03:12:30, 0.0, None 
 48.285, -123.68, 23.5, 2011-08-22 03:15:00, 0.0, None 
 48.17, -123.72, 20.0, 2011-08-22 03:17:30, 0.0, None 
 48.24, -123.7, 39.0, 2011-08-22 03:32:30, 0.0, None 
 48.03, -123.79, 20.0, 2011-08-22 03:35:00, 0.0, None 
 48.31, -123.78, 29.0, 2011-08-22 03:37:30, 0.0, None 
 48.295, -123.815, 25.0, 2011-08-22 03:52:30, 0.0, None 
 48.27, -123.82799999999999, 26.5, 2011-08-22 03:55:00, 0.0, None 
 48.42, -123.78, 41.5, 2011-08-22 04:00:00, 0.0, None 
 48.31, -123.662, 23.2, 2011-08-22 04:02:30, 0.0, None 
 48.3, -123.635, 24.5, 2011-08-22 04:05:00, 0.0, None 
 48.045, -123.685, 20.0, 2011-08-22 04:07:30, 0.0, None 
 48.03, -123.7, 20.0, 2011-08-22 04:10:00, 0.0, None 
 48.28, -123.695, 60.0, 2011-08-22 04:12:30, 0.0, None 
 48.12, -123.73, 34.0, 2011-08-22 04:15:00, 0.0, None 
 48.12, -123.73, 40.5, 2011-08-22 04:17:30, 0.0, None 
 48.168, -123.73299999999999, 35.2, 2011-08-22 04:25:00, 0.0, None 
 48.3, -123.43, 20.0, 2011-08-22 04:27:30, 0.0, None 
 48.328, -123.59299999999999, 60.0, 2011-08-22 04:40:00, 0.0, None 
 48.37, -123.52, 20.0, 2011-08-22 04:42:30, 0.0, None 
 48.385, -123.59299999999999, 30.5, 2011-08-22 04:45:00, 0.0, None 
 48.29, -123.565, 26.5, 2011-08-22 04:47:30, 0.0, None 
 48.285, -123.62, 20.0, 2011-08-22 04:50:00, 0.0, None 
 48.117, -123.65, 36.0, 2011-08-22 04:52:30, 0.0, None 
 48.27, -123.58200000000001, 20.0, 2011-08-22 04:55:00, 0.0, None 
 48.275, -123.58, 20.0, 2011-08-22 04:57:30, 0.0, None 
 48.245, -123.58, 32.2, 2011-08-22 05:00:00, 0.0, None 
 48.295, -123.69, 25.0, 2011-08-22 05:02:30, 0.0, None 
 48.21, -123.62, 27.5, 2011-08-22 05:05:00, 0.0, None 
 48.22, -123.615, 27.0, 2011-08-22 05:07:30, 0.0, None 
 48.26, -123.48, 40.0, 2011-08-22 05:10:00, 0.0, None 
 48.24, -123.59, 27.8, 2011-08-22 05:12:30, 0.0, None 
 48.287, -123.595, 28.0, 2011-08-22 05:15:00, 0.0, None 
 48.235, -123.493, 20.0, 2011-08-22 05:17:30, 0.0, None 
 48.227, -123.455, 20.0, 2011-08-22 05:20:00, 0.0, None 
 48.21, -123.47, 52.0, 2011-08-22 05:35:00, 0.0, None 
 48.41, -123.385, 20.0, 2011-08-22 05:40:00, 0.0, None 
 48.335, -123.59299999999999, 49.2, 2011-08-22 05:47:30, 0.0, None 
 48.358000000000004, -123.415, 42.0, 2011-08-22 06:02:30, 0.0, None 
 48.355, -123.412, 40.0, 2011-08-22 06:05:00, 0.0, None 
 48.31, -123.53, 29.0, 2011-08-22 06:07:30, 0.0, None 
 48.34, -123.605, 40.5, 2011-08-22 06:10:00, 0.0, None 
 48.332, -123.5, 36.0, 2011-08-22 06:12:30, 0.0, None 
 48.328, -123.66, 20.0, 2011-08-22 06:22:30, 0.0, None 
 48.315, -123.655, 20.0, 2011-08-22 06:25:00, 0.0, None 
 48.3, -123.65700000000001, 25.5, 2011-08-22 06:27:30, 0.0, None 
 48.317, -123.69, 36.2, 2011-08-22 06:30:00, 0.0, None 
 48.31, -123.67, 42.0, 2011-08-22 06:32:30, 0.0, None 
 48.47, -123.955, 53.0, 2011-08-22 06:32:30, 0.0, None 
 48.395, -123.715, 20.0, 2011-08-22 06:35:00, 0.0, None 
 48.31, -123.78, 39.0, 2011-08-22 06:40:00, 0.0, None 
 48.43, -124.08, 60.0, 2011-08-22 06:40:00, 0.0, None 
 48.305, -123.85799999999999, 53.2, 2011-08-22 06:42:30, 0.0, None 
 48.3, -123.78, 39.2, 2011-08-22 06:45:00, 0.0, None 
 48.13, -123.71, 28.0, 2011-08-22 06:47:30, 0.0, None 
 48.297, -123.82, 20.0, 2011-08-22 06:52:30, 0.0, None 
 48.305, -123.84, 20.0, 2011-08-22 06:55:00, 0.0, None 
 48.305, -123.815, 42.8, 2011-08-22 06:57:30, 0.0, None 
 48.3, -123.85799999999999, 39.0, 2011-08-22 07:00:00, 0.0, None 
 48.255, -123.78, 40.0, 2011-08-22 07:02:30, 0.0, None 
 48.255, -123.805, 52.5, 2011-08-22 07:05:00, 0.0, None 
 48.3, -123.94, 20.0, 2011-08-22 07:12:30, 0.0, None 
 48.265, -123.78, 20.0, 2011-08-22 07:17:30, 0.0, None 
 48.273, -123.60700000000001, 53.0, 2011-08-22 07:20:00, 0.0, None 
 48.273, -123.46, 41.5, 2011-08-22 07:22:30, 0.0, None 
 48.25, -123.59, 25.5, 2011-08-22 07:25:00, 0.0, None 
 48.295, -123.65, 25.0, 2011-08-22 07:27:30, 0.0, None 
 48.235, -123.48, 32.0, 2011-08-22 07:30:00, 0.0, None 
 48.275, -123.495, 25.0, 2011-08-22 07:32:30, 0.0, None 
 48.275, -123.51299999999999, 26.2, 2011-08-22 07:35:00, 0.0, None 
 48.23, -123.63, 27.5, 2011-08-22 07:37:30, 0.0, None 
 48.29, -123.525, 40.0, 2011-08-22 07:40:00, 0.0, None 
 48.35, -123.615, 41.5, 2011-08-22 07:42:30, 0.0, None 
 48.34, -123.595, 33.5, 2011-08-22 07:45:00, 0.0, None 
 48.3, -123.5, 31.0, 2011-08-22 07:47:30, 0.0, None 
 48.22, -123.62, 20.0, 2011-08-22 07:50:00, 0.0, None 
 48.3, -123.635, 23.5, 2011-08-22 07:52:30, 0.0, None 
 48.308, -123.62700000000001, 25.0, 2011-08-22 07:55:00, 0.0, None 
 48.1, -123.81, 60.0, 2011-08-22 07:57:30, 0.0, None 
 48.24, -123.66, 20.0, 2011-08-22 08:00:00, 0.0, None 
 48.39, -124.01, 27.0, 2011-08-22 08:00:00, 0.0, None 
 48.195, -123.61, 60.0, 2011-08-22 08:05:00, 0.0, None 
 48.38, -123.86, 39.0, 2011-08-22 08:05:00, 0.0, None 
 48.418, -123.86, 30.0, 2011-08-22 08:07:30, 0.0, None 
 48.285, -123.65, 20.0, 2011-08-22 08:25:00, 0.0, None 
 48.27, -123.65, 20.0, 2011-08-22 08:27:30, 0.0, None 
 48.41, -123.43, 60.0, 2011-08-22 08:30:00, 0.0, None 
 48.25, -123.495, 20.0, 2011-08-22 08:32:30, 0.0, None 
 48.258, -123.475, 20.0, 2011-08-22 08:35:00, 0.0, None 
 48.28, -123.685, 60.0, 2011-08-22 08:37:30, 0.0, None 
 48.32, -123.545, 20.0, 2011-08-22 08:40:00, 0.0, None 
 48.36, -123.38, 20.0, 2011-08-22 08:50:00, 0.0, None 
 48.38, -123.91, 20.0, 2011-08-22 09:07:30, 0.0, None 
 48.383, -123.895, 50.8, 2011-08-22 09:12:30, 0.0, None 
 48.5, -124.07, 35.0, 2011-08-22 09:15:00, 0.0, None 
 48.43, -123.38, 60.0, 2011-08-22 10:22:30, 0.0, None 
 48.23, -123.2, 44.0, 2011-08-22 10:27:30, 0.0, None 
 48.415, -123.44, 60.0, 2011-08-22 10:27:30, 0.0, None 
 48.22, -123.19, 42.5, 2011-08-22 10:30:00, 0.0, None 
 48.425, -123.39, 60.0, 2011-08-22 10:30:00, 0.0, None 
 48.44, -123.39, 60.0, 2011-08-22 10:32:30, 0.0, None 
 48.275, -123.875, 32.5, 2011-08-22 10:35:00, 0.0, None 
 48.29, -123.22, 23.0, 2011-08-22 10:40:00, 0.0, None 
 48.3, -123.245, 20.5, 2011-08-22 10:42:30, 0.0, None 
 48.22, -123.65, 32.0, 2011-08-22 11:05:00, 0.0, None 
 48.2, -123.542, 40.0, 2011-08-22 11:07:30, 0.0, None 
 48.315, -123.755, 28.0, 2011-08-22 11:10:00, 0.0, None 
 48.305, -123.762, 33.5, 2011-08-22 11:12:30, 0.0, None 
 48.31, -123.727, 31.2, 2011-08-22 11:17:30, 0.0, None 
 48.16, -123.85, 59.0, 2011-08-22 11:20:00, 0.0, None 
 48.24, -123.24, 28.0, 2011-08-22 11:42:30, 0.0, None 
 48.205, -123.85, 58.0, 2011-08-22 12:07:30, 0.0, None 
 48.245, -123.83, 33.0, 2011-08-22 12:10:00, 0.0, None 
 48.22, -123.81, 34.0, 2011-08-22 12:12:30, 0.0, None 
 48.251999999999995, -123.845, 40.0, 2011-08-22 12:32:30, 0.0, None 
 48.24, -123.73, 60.0, 2011-08-22 12:35:00, 0.0, None 
 48.38, -124.105, 60.0, 2011-08-22 12:35:00, 0.0, None 
 48.33, -123.59, 44.5, 2011-08-22 12:37:30, 0.0, None 
 48.42, -124.11, 60.0, 2011-08-22 12:37:30, 0.0, None 
 48.46, -123.98, 34.0, 2011-08-22 13:20:00, 0.0, None 
 48.04, -123.66, 27.0, 2011-08-22 13:57:30, 0.0, None 
 48.19, -123.74, 53.0, 2011-08-22 14:45:00, 0.0, None 
 48.29, -123.82, 52.0, 2011-08-22 15:37:30, 0.0, None 
 48.36, -123.89, 50.8, 2011-08-22 15:40:00, 0.0, None 
 48.375, -123.785, 50.0, 2011-08-22 15:50:00, 0.0, None 
 48.3, -123.67, 25.0, 2011-08-22 15:52:30, 0.0, None 
 48.3, -123.68299999999999, 21.5, 2011-08-22 15:55:00, 0.0, None 
 48.255, -123.705, 42.5, 2011-08-22 15:57:30, 0.0, None 
 48.31, -123.67, 29.0, 2011-08-22 16:00:00, 0.0, None 
 48.44, -124.0, 60.0, 2011-08-22 16:00:00, 0.0, None 
 48.35, -123.64, 30.0, 2011-08-22 16:02:30, 0.0, None 
 48.31, -123.69, 23.5, 2011-08-22 16:12:30, 0.0, None 
 48.25, -123.802, 35.8, 2011-08-22 16:15:00, 0.0, None 
 48.27, -123.83, 36.5, 2011-08-22 16:17:30, 0.0, None 
 48.31, -123.83, 34.0, 2011-08-22 16:20:00, 0.0, None 
 48.07, -123.8, 60.0, 2011-08-22 16:25:00, 0.0, None 
 48.31, -123.8, 26.0, 2011-08-22 16:25:00, 0.0, None 
 48.211999999999996, -123.787, 40.0, 2011-08-22 16:27:30, 0.0, None 
 48.355, -123.87, 60.0, 2011-08-22 17:30:00, 0.0, None 
 48.305, -123.655, 25.8, 2011-08-22 17:45:00, 0.0, None 
 48.302, -123.67, 32.2, 2011-08-22 17:47:30, 0.0, None 
 48.4, -123.9, 33.5, 2011-08-22 17:55:00, 0.0, None 
 48.31, -123.74, 34.5, 2011-08-22 17:57:30, 0.0, None 
 48.3, -123.79, 37.0, 2011-08-22 18:00:00, 0.0, None 
 48.31, -123.825, 31.2, 2011-08-22 18:02:30, 0.0, None 
 48.16, -123.46, 60.0, 2011-08-22 18:05:00, 0.0, None 
 48.412, -123.86, 34.5, 2011-08-22 23:32:30, 0.0, None 
 48.38, -123.845, 20.0, 2011-08-22 23:35:00, 0.0, None 
 48.39, -123.66, 40.0, 2011-08-22 23:37:30, 0.0, None 
 48.345, -123.885, 35.8, 2011-08-22 23:40:00, 0.0, None 
 48.31, -123.93, 20.0, 2011-08-22 23:55:00, 0.0, None 
 48.25, -123.75, 41.5, 2011-08-23 00:00:00, 0.0, None 
 48.19, -123.71, 60.0, 2011-08-23 00:02:30, 0.0, None 
 48.376999999999995, -123.54299999999999, 56.2, 2011-08-23 00:07:30, 0.0, None 
 48.263000000000005, -123.40299999999999, 42.5, 2011-08-23 00:10:00, 0.0, None 
 48.31, -123.53, 37.0, 2011-08-23 00:12:30, 0.0, None 
 48.315, -123.637, 23.0, 2011-08-23 00:15:00, 0.0, None 
 48.31, -123.705, 34.0, 2011-08-23 00:17:30, 0.0, None 
 48.282, -123.69, 48.0, 2011-08-23 00:20:00, 0.0, None 
 48.28, -123.66, 47.0, 2011-08-23 00:25:00, 0.0, None 
 48.29, -123.78, 20.0, 2011-08-23 00:27:30, 0.0, None 
 48.227, -123.69, 24.5, 2011-08-23 00:32:30, 0.0, None 
 48.225, -123.72, 53.8, 2011-08-23 00:35:00, 0.0, None 
 48.295, -123.71, 32.0, 2011-08-23 00:37:30, 0.0, None 
 48.305, -123.75200000000001, 26.2, 2011-08-23 00:40:00, 0.0, None 
 48.2, -123.67, 30.0, 2011-08-23 00:42:30, 0.0, None 
 48.135, -123.65, 40.0, 2011-08-23 00:45:00, 0.0, None 
 48.18, -123.56200000000001, 21.5, 2011-08-23 00:47:30, 0.0, None 
 48.215, -123.605, 21.0, 2011-08-23 00:50:00, 0.0, None 
 48.255, -123.52799999999999, 20.0, 2011-08-23 00:52:30, 0.0, None 
 48.251999999999995, -123.515, 20.0, 2011-08-23 00:55:00, 0.0, None 
 48.07, -123.56, 56.0, 2011-08-23 01:05:00, 0.0, None 
 48.2, -123.84, 60.0, 2011-08-23 01:05:00, 0.0, None 
 48.21, -123.39, 20.0, 2011-08-23 01:10:00, 0.0, None 
 48.211999999999996, -123.56700000000001, 23.5, 2011-08-23 01:15:00, 0.0, None 
 48.21, -123.61200000000001, 40.5, 2011-08-23 01:17:30, 0.0, None 
 48.29, -123.44, 20.0, 2011-08-23 01:20:00, 0.0, None 
 48.36, -123.41, 59.0, 2011-08-23 01:22:30, 0.0, None 
 48.2, -123.57, 48.0, 2011-08-23 01:25:00, 0.0, None 
 48.47, -123.68, 27.0, 2011-08-23 01:27:30, 0.0, None 
 48.155, -123.64, 30.0, 2011-08-23 01:30:00, 0.0, None 
 48.15, -123.625, 32.0, 2011-08-23 01:32:30, 0.0, None 
 48.21, -123.56, 20.0, 2011-08-23 01:35:00, 0.0, None 
 48.228, -123.448, 34.0, 2011-08-23 01:37:30, 0.0, None 
 48.265, -123.4, 20.0, 2011-08-23 01:40:00, 0.0, None 
 48.235, -123.725, 35.5, 2011-08-23 01:42:30, 0.0, None 
 48.345, -123.66, 52.0, 2011-08-23 01:45:00, 0.0, None 
 48.28, -123.54, 49.0, 2011-08-23 01:47:30, 0.0, None 
 48.31, -123.83, 60.0, 2011-08-23 01:52:30, 0.0, None 
 48.355, -123.675, 49.0, 2011-08-23 01:55:00, 0.0, None 
 48.38, -123.81, 48.0, 2011-08-23 01:57:30, 0.0, None 
 48.06, -123.64, 26.5, 2011-08-23 02:17:30, 0.0, None 
 48.183, -123.62299999999999, 25.5, 2011-08-23 02:20:00, 0.0, None 
 48.22, -123.625, 26.8, 2011-08-23 02:22:30, 0.0, None 
 48.2, -123.68, 23.0, 2011-08-23 02:27:30, 0.0, None 
 48.172, -123.735, 28.5, 2011-08-23 02:30:00, 0.0, None 
 48.17, -123.73, 28.5, 2011-08-23 02:32:30, 0.0, None 
 48.18, -123.69, 21.0, 2011-08-23 02:37:30, 0.0, None 
 48.22, -123.52, 47.0, 2011-08-23 02:42:30, 0.0, None 
 48.19, -123.46, 44.0, 2011-08-23 02:52:30, 0.0, None 
 48.23, -123.53, 58.0, 2011-08-23 02:57:30, 0.0, None 
 48.0, -123.5, 60.0, 2011-08-23 02:57:30, 0.0, None 
 48.31, -123.79, 60.0, 2011-08-23 03:17:30, 0.0, None 
 48.34, -123.42, 25.5, 2011-08-23 03:27:30, 0.0, None 
 48.365, -123.48, 20.0, 2011-08-23 03:30:00, 0.0, None 
 48.4, -123.54, 20.0, 2011-08-23 03:55:00, 0.0, None 
 48.25, -123.42, 60.0, 2011-08-23 03:57:30, 0.0, None 
 48.42, -123.43, 20.0, 2011-08-23 04:00:00, 0.0, None 
 48.398, -123.553, 28.0, 2011-08-23 04:02:30, 0.0, None 
 48.37, -123.57, 34.2, 2011-08-23 04:05:00, 0.0, None 
 48.375, -123.625, 43.0, 2011-08-23 04:07:30, 0.0, None 
 48.405, -123.655, 41.8, 2011-08-23 04:10:00, 0.0, None 
 48.36, -123.63, 29.8, 2011-08-23 04:12:30, 0.0, None 
 48.41, -123.36, 20.0, 2011-08-23 04:15:00, 0.0, None 
 48.28, -123.69, 35.5, 2011-08-23 04:15:00, 0.0, None 
 48.355, -123.2, 49.5, 2011-08-23 04:17:30, 0.0, None 
 48.325, -123.635, 37.5, 2011-08-23 04:17:30, 0.0, None 
 48.32, -123.58, 30.0, 2011-08-23 04:20:00, 0.0, None 
 48.35, -123.67, 20.0, 2011-08-23 04:22:30, 0.0, None 
 48.33, -123.72, 20.0, 2011-08-23 04:25:00, 0.0, None 
 48.37, -123.72, 20.0, 2011-08-23 04:27:30, 0.0, None 
 48.255, -123.34, 27.5, 2011-08-23 04:27:30, 0.0, None 
 48.25, -123.58, 24.0, 2011-08-23 04:30:00, 0.0, None 
 48.288000000000004, -123.61, 22.5, 2011-08-23 04:32:30, 0.0, None 
 48.295, -123.68, 23.5, 2011-08-23 04:35:00, 0.0, None 
 48.265, -123.695, 20.0, 2011-08-23 04:37:30, 0.0, None 
 48.205, -123.71, 20.0, 2011-08-23 04:40:00, 0.0, None 
 48.25, -123.67200000000001, 31.2, 2011-08-23 04:42:30, 0.0, None 
 48.215, -123.70299999999999, 28.5, 2011-08-23 04:45:00, 0.0, None 
 48.27, -123.71, 33.2, 2011-08-23 04:47:30, 0.0, None 
 48.33, -123.4, 40.0, 2011-08-23 04:50:00, 0.0, None 
 48.235, -123.727, 32.2, 2011-08-23 04:52:30, 0.0, None 
 48.255, -123.74, 27.0, 2011-08-23 04:55:00, 0.0, None 
 48.345, -123.775, 56.2, 2011-08-23 04:57:30, 0.0, None 
 48.29, -123.62, 20.0, 2011-08-23 05:00:00, 0.0, None 
 48.218, -123.595, 31.2, 2011-08-23 05:02:30, 0.0, None 
 48.25, -123.605, 25.2, 2011-08-23 05:05:00, 0.0, None 
 48.305, -123.515, 20.0, 2011-08-23 05:07:30, 0.0, None 
 48.31, -123.875, 20.0, 2011-08-23 05:07:30, 0.0, None 
 48.325, -123.56, 40.0, 2011-08-23 05:10:00, 0.0, None 
 48.345, -123.655, 41.5, 2011-08-23 05:12:30, 0.0, None 
 48.31, -123.41, 20.0, 2011-08-23 05:15:00, 0.0, None 
 48.3, -123.425, 20.0, 2011-08-23 05:17:30, 0.0, None 
 48.285, -123.34700000000001, 24.8, 2011-08-23 05:20:00, 0.0, None 
 48.28, -123.375, 20.0, 2011-08-23 05:22:30, 0.0, None 
 48.273, -123.40700000000001, 27.5, 2011-08-23 05:25:00, 0.0, None 
 48.44, -123.713, 39.5, 2011-08-23 05:32:30, 0.0, None 
 48.14, -123.82, 34.0, 2011-08-23 05:37:30, 0.0, None 
 48.1, -123.64, 20.0, 2011-08-23 05:45:00, 0.0, None 
 48.48, -123.38, 60.0, 2011-08-23 05:47:30, 0.0, None 
 48.49, -123.405, 60.0, 2011-08-23 05:50:00, 0.0, None 
 48.37, -123.69, 45.0, 2011-08-23 05:52:30, 0.0, None 
 48.38, -123.7, 30.5, 2011-08-23 05:55:00, 0.0, None 
 48.39, -123.4, 60.0, 2011-08-23 05:57:30, 0.0, None 
 48.28, -123.37, 20.0, 2011-08-23 06:07:30, 0.0, None 
 48.29, -123.79, 48.0, 2011-08-23 06:07:30, 0.0, None 
 48.41, -123.37, 40.0, 2011-08-23 06:10:00, 0.0, None 
 48.26, -123.8, 49.0, 2011-08-23 06:10:00, 0.0, None 
 48.48, -123.47, 60.0, 2011-08-23 06:12:30, 0.0, None 
 48.12, -123.74, 20.0, 2011-08-23 06:30:00, 0.0, None 
 48.165, -123.605, 20.8, 2011-08-23 06:32:30, 0.0, None 
 48.135, -123.685, 32.5, 2011-08-23 06:35:00, 0.0, None 
 48.07, -123.72, 20.0, 2011-08-23 06:42:30, 0.0, None 
 48.11, -123.72, 36.5, 2011-08-23 06:45:00, 0.0, None 
 48.345, -123.535, 29.8, 2011-08-23 06:47:30, 0.0, None 
 48.32, -123.515, 40.0, 2011-08-23 06:50:00, 0.0, None 
 48.08, -123.66, 20.0, 2011-08-23 06:55:00, 0.0, None 
 48.02, -123.71, 20.0, 2011-08-23 07:00:00, 0.0, None 
 48.055, -123.63, 20.0, 2011-08-23 07:05:00, 0.0, None 
 48.08, -123.63, 20.0, 2011-08-23 07:07:30, 0.0, None 
 48.11, -123.64, 20.0, 2011-08-23 07:10:00, 0.0, None 
 48.2, -123.66, 52.0, 2011-08-23 07:12:30, 0.0, None 
 48.39, -123.54700000000001, 40.0, 2011-08-23 07:15:00, 0.0, None 
 48.3, -123.845, 20.0, 2011-08-23 07:17:30, 0.0, None 
 48.39, -123.375, 20.0, 2011-08-23 07:17:30, 0.0, None 
 48.315, -123.74, 60.0, 2011-08-23 07:20:00, 0.0, None 
 48.435, -123.583, 33.0, 2011-08-23 07:32:30, 0.0, None 
 48.461999999999996, -123.64200000000001, 33.2, 2011-08-23 07:35:00, 0.0, None 
 48.3, -123.73, 52.5, 2011-08-23 07:37:30, 0.0, None 
 48.49, -123.99, 50.0, 2011-08-23 07:42:30, 0.0, None 
 48.4, -123.17, 20.0, 2011-08-23 07:45:00, 0.0, None 
 48.47, -123.535, 60.0, 2011-08-23 07:52:30, 0.0, None 
 48.43, -123.39, 38.0, 2011-08-23 07:55:00, 0.0, None 
 48.46, -123.32, 60.0, 2011-08-23 07:57:30, 0.0, None 
 48.51, -123.325, 60.0, 2011-08-23 08:00:00, 0.0, None 
 48.01, -123.59, 22.0, 2011-08-23 08:10:00, 0.0, None 
 48.385, -123.71, 20.0, 2011-08-23 08:15:00, 0.0, None 
 48.3, -123.75, 26.0, 2011-08-23 08:17:30, 0.0, None 
 48.55, -123.77, 60.0, 2011-08-23 08:17:30, 0.0, None 
 48.41, -123.775, 53.5, 2011-08-23 08:20:00, 0.0, None 
 48.41, -123.59, 29.0, 2011-08-23 08:22:30, 0.0, None 
 48.48, -123.54, 20.0, 2011-08-23 08:25:00, 0.0, None 
 48.4, -123.58, 33.0, 2011-08-23 08:27:30, 0.0, None 
 48.32, -123.665, 23.0, 2011-08-23 08:30:00, 0.0, None 
 48.31, -123.78, 21.5, 2011-08-23 08:32:30, 0.0, None 
 48.373000000000005, -123.76299999999999, 29.5, 2011-08-23 08:35:00, 0.0, None 
 48.3, -123.76, 28.0, 2011-08-23 08:37:30, 0.0, None 
 48.31, -123.72, 30.0, 2011-08-23 08:45:00, 0.0, None 
 48.31, -123.7, 20.0, 2011-08-23 08:47:30, 0.0, None 
 48.31, -123.71, 20.0, 2011-08-23 08:50:00, 0.0, None 
 48.4, -123.23, 20.0, 2011-08-23 08:55:00, 0.0, None 
 48.367, -123.77, 35.2, 2011-08-23 08:57:30, 0.0, None 
 48.325, -123.72, 38.5, 2011-08-23 09:00:00, 0.0, None 
 48.525, -123.715, 60.0, 2011-08-23 09:02:30, 0.0, None 
 48.33, -123.87, 52.0, 2011-08-23 09:12:30, 0.0, None 
 48.0, -123.58, 34.0, 2011-08-23 09:15:00, 0.0, None 
 48.31, -123.94, 37.0, 2011-08-23 09:57:30, 0.0, None 
 48.3, -123.94, 37.0, 2011-08-23 10:00:00, 0.0, None 
 48.303000000000004, -123.875, 22.8, 2011-08-23 10:02:30, 0.0, None 
 48.37, -123.78, 20.0, 2011-08-23 10:05:00, 0.0, None 
 48.35, -123.565, 40.0, 2011-08-23 10:25:00, 0.0, None 
 48.41, -123.5, 33.0, 2011-08-23 10:27:30, 0.0, None 
 48.59, -123.27, 27.0, 2011-08-23 10:32:30, 0.0, None 
 48.41, -123.47, 20.0, 2011-08-23 10:35:00, 0.0, None 
 48.33, -123.42, 50.0, 2011-08-23 10:42:30, 0.0, None 
 48.33, -123.59, 51.5, 2011-08-23 10:45:00, 0.0, None 
 48.42, -123.572, 20.2, 2011-08-23 10:52:30, 0.0, None 
 48.412, -123.565, 20.5, 2011-08-23 10:55:00, 0.0, None 
 48.305, -123.545, 60.0, 2011-08-23 10:57:30, 0.0, None 
 48.54, -123.63, 44.0, 2011-08-23 11:02:30, 0.0, None 
 48.315, -123.625, 24.5, 2011-08-23 11:05:00, 0.0, None 
 48.295, -123.635, 30.0, 2011-08-23 11:07:30, 0.0, None 
 48.28, -123.92, 20.0, 2011-08-23 11:22:30, 0.0, None 
 48.2, -123.63, 46.0, 2011-08-23 11:25:00, 0.0, None 
 48.1, -123.655, 49.0, 2011-08-23 12:02:30, 0.0, None 
 48.4, -123.635, 38.0, 2011-08-23 12:42:30, 0.0, None 
 48.52, -123.48, 34.0, 2011-08-23 12:50:00, 0.0, None 
 48.51, -123.48, 35.0, 2011-08-23 12:52:30, 0.0, None 
 48.4, -123.71, 20.0, 2011-08-23 13:12:30, 0.0, None 
 48.29, -123.36, 60.0, 2011-08-23 13:37:30, 0.0, None 
 48.47, -123.45, 20.0, 2011-08-23 13:40:00, 0.0, None 
 48.57, -123.3, 20.0, 2011-08-23 13:42:30, 0.0, None 
 48.58, -123.31, 20.0, 2011-08-23 13:45:00, 0.0, None 
 48.31, -123.88, 20.0, 2011-08-23 13:52:30, 0.0, None 
 48.31, -123.86, 20.0, 2011-08-23 13:55:00, 0.0, None 
 48.47, -123.75, 39.0, 2011-08-23 13:57:30, 0.0, None 
 48.43, -123.77, 24.0, 2011-08-23 14:00:00, 0.0, None 
 48.26, -123.81, 20.0, 2011-08-23 15:15:00, 0.0, None 
 48.34, -123.72, 20.0, 2011-08-23 15:40:00, 0.0, None 
 48.3, -123.71, 20.0, 2011-08-23 15:42:30, 0.0, None 
 48.297, -123.565, 40.0, 2011-08-23 16:37:30, 0.0, None 
 48.38, -123.615, 20.0, 2011-08-23 16:40:00, 0.0, None 
 48.41, -123.51, 20.0, 2011-08-23 17:05:00, 0.0, None 
 48.11, -123.59, 20.0, 2011-08-23 17:40:00, 0.0, None 
 48.285, -123.33, 41.0, 2011-08-23 19:37:30, 0.0, None 
 48.25, -123.32, 60.0, 2011-08-23 20:42:30, 0.0, None 
 48.5, -123.45, 20.0, 2011-08-23 21:20:00, 0.0, None 
 48.27, -123.38, 60.0, 2011-08-23 21:42:30, 0.0, None 
 48.52, -123.71, 60.0, 2011-08-23 21:47:30, 0.0, None 
 48.4, -123.5, 26.0, 2011-08-23 21:50:00, 0.0, None 
 48.365, -123.425, 33.8, 2011-08-23 21:52:30, 0.0, None 
 48.345, -123.495, 44.0, 2011-08-23 21:55:00, 0.0, None 
 48.24, -123.53, 51.0, 2011-08-23 21:57:30, 0.0, None 
 48.345, -123.485, 20.0, 2011-08-23 22:00:00, 0.0, None 
 48.28, -123.455, 20.0, 2011-08-23 22:02:30, 0.0, None 
 48.35, -123.57, 38.2, 2011-08-23 22:05:00, 0.0, None 
 48.27, -123.3, 60.0, 2011-08-23 22:07:30, 0.0, None 
 48.29, -123.77, 26.0, 2011-08-23 22:27:30, 0.0, None 
 48.335, -123.713, 24.0, 2011-08-23 22:30:00, 0.0, None 
 48.33, -123.65700000000001, 29.8, 2011-08-23 22:32:30, 0.0, None 
 48.28, -123.825, 20.0, 2011-08-23 22:35:00, 0.0, None 
 48.295, -123.825, 21.8, 2011-08-23 22:37:30, 0.0, None 
 48.37, -123.82, 20.0, 2011-08-23 22:40:00, 0.0, None 
 48.33, -123.7, 20.0, 2011-08-23 22:42:30, 0.0, None 
 48.23, -123.572, 26.8, 2011-08-23 22:47:30, 0.0, None 
 48.31, -123.545, 26.5, 2011-08-23 22:50:00, 0.0, None 
 48.32, -123.705, 20.0, 2011-08-23 22:52:30, 0.0, None 
 48.265, -123.8, 32.2, 2011-08-23 22:55:00, 0.0, None 
 48.321999999999996, -123.75200000000001, 27.2, 2011-08-23 23:07:30, 0.0, None 
 48.265, -123.605, 24.0, 2011-08-23 23:10:00, 0.0, None 
 48.245, -123.565, 24.0, 2011-08-23 23:12:30, 0.0, None 
 48.22, -123.573, 20.5, 2011-08-23 23:15:00, 0.0, None 
 48.18, -123.48, 20.0, 2011-08-23 23:17:30, 0.0, None 
 48.24, -123.45, 25.5, 2011-08-23 23:20:00, 0.0, None 
 48.225, -123.447, 25.5, 2011-08-23 23:22:30, 0.0, None 
 48.38, -123.59, 20.0, 2011-08-23 23:30:00, 0.0, None 
 48.11, -123.81, 47.5, 2011-08-23 23:30:00, 0.0, None 
 48.55, -123.72, 41.0, 2011-08-23 23:32:30, 0.0, None 
 48.255, -123.368, 24.0, 2011-08-23 23:40:00, 0.0, None 
 48.22, -123.42, 20.0, 2011-08-23 23:42:30, 0.0, None 
 48.17, -123.48, 31.0, 2011-08-23 23:45:00, 0.0, None 
 48.155, -123.5, 32.5, 2011-08-23 23:47:30, 0.0, None 
 48.195, -123.493, 29.5, 2011-08-23 23:50:00, 0.0, None 
 48.2, -123.485, 27.5, 2011-08-23 23:52:30, 0.0, None 
 48.28, -123.96, 52.0, 2011-08-24 00:00:00, 0.0, None 
 48.32, -123.265, 24.5, 2011-08-24 00:10:00, 0.0, None 
 48.36, -123.32799999999999, 21.0, 2011-08-24 00:12:30, 0.0, None 
 48.375, -123.365, 20.0, 2011-08-24 00:15:00, 0.0, None 
 48.3, -123.735, 40.0, 2011-08-24 00:22:30, 0.0, None 
 48.31, -123.68, 20.0, 2011-08-24 00:25:00, 0.0, None 
 48.4, -122.2, 56.0, 2011-08-24 00:30:00, 0.0, None 
 48.27, -123.82, 54.2, 2011-08-24 00:40:00, 0.0, None 
 48.205, -123.83, 30.0, 2011-08-24 00:42:30, 0.0, None 
 48.2, -123.715, 20.0, 2011-08-24 00:45:00, 0.0, None 
 48.345, -123.575, 25.0, 2011-08-24 00:47:30, 0.0, None 
 48.37, -123.345, 30.0, 2011-08-24 00:50:00, 0.0, None 
 48.405, -123.655, 24.0, 2011-08-24 00:52:30, 0.0, None 
 48.385, -123.65299999999999, 24.5, 2011-08-24 00:55:00, 0.0, None 
 48.395, -123.615, 60.0, 2011-08-24 00:57:30, 0.0, None 
 48.54, -123.0, 40.0, 2011-08-24 01:00:00, 0.0, None 
 48.365, -123.575, 34.8, 2011-08-24 01:02:30, 0.0, None 
 48.395, -123.60799999999999, 58.0, 2011-08-24 01:05:00, 0.0, None 
 48.4, -123.645, 51.0, 2011-08-24 01:07:30, 0.0, None 
 48.405, -123.59, 31.0, 2011-08-24 01:10:00, 0.0, None 
 48.383, -123.53, 25.5, 2011-08-24 01:12:30, 0.0, None 
 48.425, -123.51, 20.0, 2011-08-24 01:15:00, 0.0, None 
 48.4, -123.74, 20.0, 2011-08-24 01:27:30, 0.0, None 
 48.28, -123.87, 42.0, 2011-08-24 01:30:00, 0.0, None 
 48.42, -123.405, 20.0, 2011-08-24 01:40:00, 0.0, None 
 48.42, -123.5, 20.0, 2011-08-24 01:42:30, 0.0, None 
 48.41, -123.475, 23.0, 2011-08-24 01:52:30, 0.0, None 
 48.43, -123.44, 20.0, 2011-08-24 01:55:00, 0.0, None 
 48.5, -123.065, 23.0, 2011-08-24 02:12:30, 0.0, None 
 48.32, -123.85, 20.0, 2011-08-24 03:07:30, 0.0, None 
 48.31, -123.78, 46.5, 2011-08-24 03:10:00, 0.0, None 
 48.525, -123.29, 24.5, 2011-08-24 03:27:30, 0.0, None 
 48.51, -123.06700000000001, 33.5, 2011-08-24 03:30:00, 0.0, None 
 48.54, -123.2, 20.0, 2011-08-24 03:32:30, 0.0, None 
 48.52, -122.98, 42.0, 2011-08-24 03:35:00, 0.0, None 
 48.555, -123.195, 36.5, 2011-08-24 03:47:30, 0.0, None 
 48.525, -123.265, 32.8, 2011-08-24 03:50:00, 0.0, None 
 48.55, -123.225, 25.5, 2011-08-24 04:07:30, 0.0, None 
 48.53, -123.195, 20.0, 2011-08-24 04:10:00, 0.0, None 
 48.52, -123.20299999999999, 30.5, 2011-08-24 04:12:30, 0.0, None 
 48.508, -123.285, 39.0, 2011-08-24 04:15:00, 0.0, None 
 48.47, -123.32, 20.0, 2011-08-24 04:17:30, 0.0, None 
 48.47, -123.635, 22.0, 2011-08-24 04:22:30, 0.0, None 
 48.453, -123.765, 20.0, 2011-08-24 04:25:00, 0.0, None 
 48.38, -123.84, 45.0, 2011-08-24 04:40:00, 0.0, None 
 48.41, -123.89, 20.0, 2011-08-24 04:42:30, 0.0, None 
 48.35, -123.845, 20.0, 2011-08-24 04:45:00, 0.0, None 
 48.37, -123.9, 20.0, 2011-08-24 04:47:30, 0.0, None 
 48.31, -123.91, 35.0, 2011-08-24 04:50:00, 0.0, None 
 48.32, -123.97, 30.5, 2011-08-24 04:52:30, 0.0, None 
 48.39, -123.97, 60.0, 2011-08-24 04:57:30, 0.0, None 
 48.41, -123.882, 40.0, 2011-08-24 05:00:00, 0.0, None 
 48.477, -123.65700000000001, 22.8, 2011-08-24 05:02:30, 0.0, None 
 48.435, -123.52, 23.0, 2011-08-24 05:05:00, 0.0, None 
 48.29, -123.835, 22.0, 2011-08-24 05:12:30, 0.0, None 
 48.3, -123.81, 20.0, 2011-08-24 05:15:00, 0.0, None 
 48.385, -123.71799999999999, 20.0, 2011-08-24 05:17:30, 0.0, None 
 48.36, -123.685, 20.0, 2011-08-24 05:20:00, 0.0, None 
 48.4, -123.625, 33.5, 2011-08-24 05:22:30, 0.0, None 
 48.415, -123.6, 29.2, 2011-08-24 05:25:00, 0.0, None 
 48.405, -123.705, 39.0, 2011-08-24 05:27:30, 0.0, None 
 48.435, -123.795, 28.0, 2011-08-24 05:30:00, 0.0, None 
 48.445, -123.84299999999999, 23.2, 2011-08-24 05:32:30, 0.0, None 
 48.4, -123.757, 34.5, 2011-08-24 05:35:00, 0.0, None 
 48.41, -123.71, 40.0, 2011-08-24 05:37:30, 0.0, None 
 48.465, -123.3, 60.0, 2011-08-24 05:37:30, 0.0, None 
 48.3, -123.93, 42.0, 2011-08-24 05:42:30, 0.0, None 
 48.37, -123.7, 53.0, 2011-08-24 05:45:00, 0.0, None 
 48.37, -123.72, 35.0, 2011-08-24 05:47:30, 0.0, None 
 48.31, -123.85, 30.2, 2011-08-24 05:50:00, 0.0, None 
 48.39, -123.825, 20.0, 2011-08-24 05:52:30, 0.0, None 
 48.448, -123.81700000000001, 21.0, 2011-08-24 05:55:00, 0.0, None 
 48.39, -123.89, 20.0, 2011-08-24 05:57:30, 0.0, None 
 48.44, -123.87, 29.5, 2011-08-24 06:00:00, 0.0, None 
 48.343, -123.76299999999999, 52.5, 2011-08-24 06:02:30, 0.0, None 
 48.535, -123.105, 37.0, 2011-08-24 06:10:00, 0.0, None 
 48.475, -123.13799999999999, 33.5, 2011-08-24 06:12:30, 0.0, None 
 48.5, -123.275, 40.8, 2011-08-24 06:15:00, 0.0, None 
 48.48, -123.20299999999999, 37.8, 2011-08-24 06:17:30, 0.0, None 
 48.495, -123.18, 25.0, 2011-08-24 06:20:00, 0.0, None 
 48.56, -123.21, 20.0, 2011-08-24 06:22:30, 0.0, None 
 48.22, -123.845, 20.0, 2011-08-24 06:25:00, 0.0, None 
 48.26, -123.81, 35.0, 2011-08-24 06:27:30, 0.0, None 
 48.46, -123.31, 43.0, 2011-08-24 06:35:00, 0.0, None 
 48.55, -123.56, 60.0, 2011-08-24 06:57:30, 0.0, None 
 48.42, -123.86, 20.0, 2011-08-24 07:00:00, 0.0, None 
 48.41, -123.88, 20.0, 2011-08-24 07:02:30, 0.0, None 
 48.465, -123.15, 25.0, 2011-08-24 07:05:00, 0.0, None 
 48.465, -123.135, 20.0, 2011-08-24 07:07:30, 0.0, None 
 48.475, -123.125, 20.0, 2011-08-24 07:10:00, 0.0, None 
 48.39, -123.855, 20.0, 2011-08-24 07:40:00, 0.0, None 
 48.355, -123.795, 60.0, 2011-08-24 07:42:30, 0.0, None 
 48.4, -123.9, 20.0, 2011-08-24 07:47:30, 0.0, None 
 48.49, -123.61, 28.5, 2011-08-24 07:50:00, 0.0, None 
 48.32, -123.92, 38.0, 2011-08-24 07:52:30, 0.0, None 
 48.32, -123.9, 39.0, 2011-08-24 07:55:00, 0.0, None 
 48.38, -123.835, 60.0, 2011-08-24 07:57:30, 0.0, None 
 48.4, -123.78, 20.0, 2011-08-24 08:00:00, 0.0, None 
 48.31, -123.72, 45.5, 2011-08-24 08:02:30, 0.0, None 
 48.3, -123.86, 21.0, 2011-08-24 08:05:00, 0.0, None 
 48.38, -123.82, 23.0, 2011-08-24 08:07:30, 0.0, None 
 48.468, -123.773, 34.2, 2011-08-24 08:10:00, 0.0, None 
 48.42, -123.635, 25.0, 2011-08-24 08:17:30, 0.0, None 
 48.39, -123.68, 30.0, 2011-08-24 08:20:00, 0.0, None 
 48.32, -123.26, 57.0, 2011-08-24 08:20:00, 0.0, None 
 48.412, -123.485, 20.0, 2011-08-24 08:25:00, 0.0, None 
 48.405, -123.51700000000001, 28.8, 2011-08-24 08:27:30, 0.0, None 
 48.4, -123.66, 20.0, 2011-08-24 08:30:00, 0.0, None 
 48.38, -123.4, 20.0, 2011-08-24 08:32:30, 0.0, None 
 48.395, -123.52799999999999, 35.2, 2011-08-24 08:37:30, 0.0, None 
 48.41, -123.553, 31.0, 2011-08-24 08:40:00, 0.0, None 
 48.385, -123.565, 45.5, 2011-08-24 08:42:30, 0.0, None 
 48.395, -123.572, 54.5, 2011-08-24 08:45:00, 0.0, None 
 48.4, -123.56, 60.0, 2011-08-24 08:47:30, 0.0, None 
 48.47, -123.34, 37.5, 2011-08-24 08:50:00, 0.0, None 
 48.54, -123.6, 20.0, 2011-08-24 09:00:00, 0.0, None 
 48.37, -123.69200000000001, 36.5, 2011-08-24 09:02:30, 0.0, None 
 48.367, -123.715, 28.8, 2011-08-24 09:05:00, 0.0, None 
 48.39, -123.695, 30.5, 2011-08-24 09:07:30, 0.0, None 
 48.4, -123.77, 29.5, 2011-08-24 09:10:00, 0.0, None 
 48.41, -123.78, 20.0, 2011-08-24 09:12:30, 0.0, None 
 48.45, -123.743, 33.5, 2011-08-24 09:15:00, 0.0, None 
 48.395, -123.55, 20.0, 2011-08-24 09:17:30, 0.0, None 
 48.365, -123.757, 23.0, 2011-08-24 09:20:00, 0.0, None 
 48.457, -123.713, 20.0, 2011-08-24 09:22:30, 0.0, None 
 48.415, -123.757, 20.0, 2011-08-24 09:25:00, 0.0, None 
 48.315, -123.735, 20.0, 2011-08-24 09:30:00, 0.0, None 
 48.345, -123.745, 22.0, 2011-08-24 09:32:30, 0.0, None 
 48.305, -123.78, 48.0, 2011-08-24 09:35:00, 0.0, None 
 48.328, -123.805, 31.5, 2011-08-24 09:37:30, 0.0, None 
 48.295, -123.787, 22.2, 2011-08-24 09:40:00, 0.0, None 
 48.303000000000004, -123.805, 20.0, 2011-08-24 09:42:30, 0.0, None 
 48.335, -123.805, 20.0, 2011-08-24 09:45:00, 0.0, None 
 48.31, -123.84, 55.5, 2011-08-24 09:47:30, 0.0, None 
 48.39, -123.57, 60.0, 2011-08-24 09:55:00, 0.0, None 
 48.375, -123.705, 60.0, 2011-08-24 09:57:30, 0.0, None 
 48.295, -123.675, 27.8, 2011-08-24 10:00:00, 0.0, None 
 48.22, -123.65299999999999, 30.8, 2011-08-24 10:02:30, 0.0, None 
 48.31, -123.67, 20.0, 2011-08-24 10:07:30, 0.0, None 
 48.35, -123.6, 23.8, 2011-08-24 10:10:00, 0.0, None 
 48.391999999999996, -123.46799999999999, 25.2, 2011-08-24 10:12:30, 0.0, None 
 48.35, -123.61, 39.5, 2011-08-24 10:15:00, 0.0, None 
 48.32, -123.635, 26.5, 2011-08-24 10:17:30, 0.0, None 
 48.3, -123.635, 20.0, 2011-08-24 10:20:00, 0.0, None 
 48.305, -123.65, 20.0, 2011-08-24 10:22:30, 0.0, None 
 48.297, -123.75200000000001, 20.0, 2011-08-24 10:25:00, 0.0, None 
 48.28, -123.76, 20.0, 2011-08-24 10:27:30, 0.0, None 
 48.21, -123.62, 30.5, 2011-08-24 10:30:00, 0.0, None 
 48.28, -123.625, 42.0, 2011-08-24 10:32:30, 0.0, None 
 48.465, -123.6, 46.0, 2011-08-24 10:35:00, 0.0, None 
 48.57, -123.65, 60.0, 2011-08-24 10:40:00, 0.0, None 
 48.395, -123.25, 60.0, 2011-08-24 10:40:00, 0.0, None 
 48.445, -123.70299999999999, 32.8, 2011-08-24 10:42:30, 0.0, None 
 48.43, -123.68, 30.5, 2011-08-24 10:45:00, 0.0, None 
 48.425, -123.68, 29.0, 2011-08-24 10:47:30, 0.0, None 
 48.44, -123.72, 20.0, 2011-08-24 10:50:00, 0.0, None 
 48.445, -123.713, 20.0, 2011-08-24 10:55:00, 0.0, None 
 48.39, -123.82, 20.0, 2011-08-24 10:57:30, 0.0, None 
 48.4, -123.73, 20.0, 2011-08-24 11:00:00, 0.0, None 
 48.36, -123.775, 20.0, 2011-08-24 11:02:30, 0.0, None 
 48.32, -123.825, 20.0, 2011-08-24 11:05:00, 0.0, None 
 48.38, -123.73, 43.5, 2011-08-24 11:10:00, 0.0, None 
 48.41, -123.735, 21.5, 2011-08-24 11:12:30, 0.0, None 
 48.48, -123.13, 34.8, 2011-08-24 11:20:00, 0.0, None 
 48.475, -123.105, 29.5, 2011-08-24 11:22:30, 0.0, None 
 48.445, -123.245, 26.8, 2011-08-24 11:25:00, 0.0, None 
 48.448, -123.29700000000001, 26.5, 2011-08-24 11:27:30, 0.0, None 
 48.4, -123.82, 39.0, 2011-08-24 11:32:30, 0.0, None 
 48.42, -123.76, 33.0, 2011-08-24 11:35:00, 0.0, None 
 48.345, -123.49, 20.0, 2011-08-24 11:50:00, 0.0, None 
 48.435, -123.637, 28.0, 2011-08-24 11:52:30, 0.0, None 
 48.44, -123.75, 32.0, 2011-08-24 11:55:00, 0.0, None 
 48.463, -123.33, 60.0, 2011-08-24 11:57:30, 0.0, None 
 48.5, -123.27, 26.0, 2011-08-24 12:00:00, 0.0, None 
 48.485, -123.305, 29.8, 2011-08-24 12:02:30, 0.0, None 
 48.38, -123.96, 20.0, 2011-08-24 12:15:00, 0.0, None 
 48.39, -123.9, 20.0, 2011-08-24 12:17:30, 0.0, None 
 48.39, -123.91, 20.0, 2011-08-24 12:20:00, 0.0, None 
 48.37, -123.76299999999999, 39.2, 2011-08-24 12:22:30, 0.0, None 
 48.4, -123.75, 20.0, 2011-08-24 12:25:00, 0.0, None 
 48.483000000000004, -123.81700000000001, 20.0, 2011-08-24 12:30:00, 0.0, None 
 48.42, -123.78, 20.0, 2011-08-24 12:32:30, 0.0, None 
 48.4, -123.65, 34.0, 2011-08-24 12:37:30, 0.0, None 
 48.38, -123.7, 25.0, 2011-08-24 12:40:00, 0.0, None 
 48.33, -123.78, 36.0, 2011-08-24 12:52:30, 0.0, None 
 48.4, -123.79, 20.0, 2011-08-24 12:55:00, 0.0, None 
 48.38, -123.76, 20.0, 2011-08-24 13:12:30, 0.0, None 
 48.37, -123.78, 38.0, 2011-08-24 13:15:00, 0.0, None 
 48.48, -123.81, 20.0, 2011-08-24 13:17:30, 0.0, None 
 48.42, -123.96, 20.0, 2011-08-24 13:50:00, 0.0, None 
 48.405, -123.325, 20.0, 2011-08-24 14:22:30, 0.0, None 
 48.4, -123.2, 25.0, 2011-08-24 14:30:00, 0.0, None 
 48.46, -123.83, 20.0, 2011-08-24 14:50:00, 0.0, None 
 48.48, -123.585, 20.0, 2011-08-24 15:12:30, 0.0, None 
 48.395, -123.73, 20.0, 2011-08-24 15:22:30, 0.0, None 
 48.4, -123.79, 44.8, 2011-08-24 15:25:00, 0.0, None 
 48.36, -123.73, 42.0, 2011-08-24 15:32:30, 0.0, None 
 48.45, -123.35, 60.0, 2011-08-24 16:20:00, 0.0, None 
 48.37, -123.38, 48.0, 2011-08-24 19:12:30, 0.0, None 
 48.35, -123.36, 60.0, 2011-08-24 19:15:00, 0.0, None 
 48.47, -123.54, 28.0, 2011-08-24 19:25:00, 0.0, None 
 48.4, -123.395, 30.0, 2011-08-24 19:27:30, 0.0, None 
 48.38, -123.375, 20.0, 2011-08-24 19:30:00, 0.0, None 
 48.45, -123.9, 54.0, 2011-08-24 20:50:00, 0.0, None 
 48.35, -123.77, 59.0, 2011-08-24 20:57:30, 0.0, None 
 48.51, -123.01, 51.0, 2011-08-24 21:07:30, 0.0, None 
 48.4, -124.01, 20.0, 2011-08-24 21:22:30, 0.0, None 
 48.385, -123.965, 20.0, 2011-08-24 21:25:00, 0.0, None 
 48.37, -123.85, 46.0, 2011-08-24 21:40:00, 0.0, None 
 48.42, -123.745, 37.0, 2011-08-24 21:42:30, 0.0, None 
 48.415, -123.765, 29.0, 2011-08-24 21:45:00, 0.0, None 
 48.42, -123.77, 20.0, 2011-08-24 21:47:30, 0.0, None 
 48.41, -123.89, 20.0, 2011-08-24 21:50:00, 0.0, None 
 48.5, -123.73, 20.0, 2011-08-24 21:52:30, 0.0, None 
 48.45, -123.8, 20.0, 2011-08-24 21:55:00, 0.0, None 
 48.43, -123.9, 20.0, 2011-08-24 22:00:00, 0.0, None 
 48.4, -123.78, 20.0, 2011-08-24 22:02:30, 0.0, None 
 48.375, -123.695, 35.8, 2011-08-24 22:05:00, 0.0, None 
 48.43, -123.79, 21.5, 2011-08-24 22:07:30, 0.0, None 
 48.415, -123.71, 38.0, 2011-08-24 22:10:00, 0.0, None 
 48.4, -123.69, 60.0, 2011-08-24 22:12:30, 0.0, None 
 48.4, -123.75, 20.0, 2011-08-24 22:15:00, 0.0, None 
 48.43, -123.82, 20.0, 2011-08-24 22:25:00, 0.0, None 
 48.42, -123.81, 20.0, 2011-08-24 22:27:30, 0.0, None 
 48.41, -123.59, 37.5, 2011-08-24 22:55:00, 0.0, None 
 48.47, -123.6, 60.0, 2011-08-24 22:57:30, 0.0, None 
 48.49, -123.71, 60.0, 2011-08-24 23:05:00, 0.0, None 
 48.42, -123.81, 20.0, 2011-08-24 23:10:00, 0.0, None 
 48.4, -123.74, 20.0, 2011-08-24 23:22:30, 0.0, None 
 48.17, -123.78, 21.5, 2011-08-24 23:22:30, 0.0, None 
 48.3, -123.93, 37.0, 2011-08-24 23:25:00, 0.0, None 
 48.39, -123.76, 20.0, 2011-08-24 23:47:30, 0.0, None 
 48.4, -123.8, 20.0, 2011-08-24 23:50:00, 0.0, None 
 48.29, -123.86, 20.0, 2011-08-25 00:00:00, 0.0, None 
 48.18, -123.84, 53.0, 2011-08-25 00:02:30, 0.0, None 
 48.475, -123.24, 60.0, 2011-08-25 00:12:30, 0.0, None 
 48.49, -123.25, 60.0, 2011-08-25 00:15:00, 0.0, None 
 48.39, -123.355, 50.0, 2011-08-25 00:25:00, 0.0, None 
 48.29, -123.65, 20.0, 2011-08-25 00:27:30, 0.0, None 
 48.265, -123.69, 20.0, 2011-08-25 00:30:00, 0.0, None 
 48.33, -123.69, 60.0, 2011-08-25 00:37:30, 0.0, None 
 48.385, -123.5, 32.0, 2011-08-25 00:40:00, 0.0, None 
 48.49, -123.79, 20.0, 2011-08-25 00:55:00, 0.0, None 
 48.45, -123.775, 20.0, 2011-08-25 00:57:30, 0.0, None 
 48.44, -123.8, 20.0, 2011-08-25 01:00:00, 0.0, None 
 48.46, -123.5, 31.0, 2011-08-25 01:02:30, 0.0, None 
 48.44, -123.8, 49.0, 2011-08-25 01:05:00, 0.0, None 
 48.415, -123.81200000000001, 24.8, 2011-08-25 01:07:30, 0.0, None 
 48.425, -123.795, 20.0, 2011-08-25 01:10:00, 0.0, None 
 48.435, -123.795, 25.0, 2011-08-25 01:12:30, 0.0, None 
 48.495, -123.67, 24.0, 2011-08-25 01:15:00, 0.0, None 
 48.44, -123.62, 30.0, 2011-08-25 01:25:00, 0.0, None 
 48.4, -124.0, 20.0, 2011-08-25 01:30:00, 0.0, None 
 48.41, -123.87, 20.0, 2011-08-25 01:32:30, 0.0, None 
 48.4, -123.88, 31.0, 2011-08-25 01:35:00, 0.0, None 
 48.48, -123.78, 20.0, 2011-08-25 01:37:30, 0.0, None 
 48.41, -123.85, 20.0, 2011-08-25 01:40:00, 0.0, None 
 48.38, -123.855, 20.0, 2011-08-25 01:42:30, 0.0, None 
 48.32, -123.835, 30.0, 2011-08-25 01:45:00, 0.0, None 
 48.44, -123.68, 20.0, 2011-08-25 02:00:00, 0.0, None 
 48.39, -123.71, 50.5, 2011-08-25 02:02:30, 0.0, None 
 48.51, -123.58, 42.0, 2011-08-25 02:32:30, 0.0, None 
 48.51, -123.55, 40.0, 2011-08-25 02:35:00, 0.0, None 
 48.41, -123.61, 46.0, 2011-08-25 02:50:00, 0.0, None 
 48.405, -123.55799999999999, 26.2, 2011-08-25 02:52:30, 0.0, None 
 48.405, -123.505, 30.2, 2011-08-25 02:55:00, 0.0, None 
 48.42, -123.46, 60.0, 2011-08-25 02:57:30, 0.0, None 
 48.37, -123.73, 29.0, 2011-08-25 03:40:00, 0.0, None 
 48.305, -123.73, 44.0, 2011-08-25 03:42:30, 0.0, None 
 48.2, -123.76, 26.0, 2011-08-25 04:10:00, 0.0, None 
 48.38, -123.822, 40.0, 2011-08-25 04:35:00, 0.0, None 
 48.485, -123.545, 39.2, 2011-08-25 05:37:30, 0.0, None 
 48.44, -123.507, 28.0, 2011-08-25 05:40:00, 0.0, None 
 48.42, -123.44, 20.0, 2011-08-25 05:42:30, 0.0, None 
 48.54, -123.58, 36.0, 2011-08-25 05:45:00, 0.0, None 
 48.508, -123.65, 33.5, 2011-08-25 05:47:30, 0.0, None 
 48.433, -123.70200000000001, 28.0, 2011-08-25 05:50:00, 0.0, None 
 48.34, -123.76, 27.5, 2011-08-25 05:52:30, 0.0, None 
 48.3, -123.785, 36.8, 2011-08-25 05:55:00, 0.0, None 
 48.425, -123.69, 60.0, 2011-08-25 06:00:00, 0.0, None 
 48.415, -123.755, 20.8, 2011-08-25 06:02:30, 0.0, None 
 48.42, -123.725, 20.0, 2011-08-25 06:05:00, 0.0, None 
 48.45, -123.495, 40.0, 2011-08-25 06:07:30, 0.0, None 
 48.445, -123.70299999999999, 34.0, 2011-08-25 06:10:00, 0.0, None 
 48.468, -123.795, 30.0, 2011-08-25 06:12:30, 0.0, None 
 48.468, -123.755, 20.2, 2011-08-25 06:15:00, 0.0, None 
 48.418, -123.698, 20.0, 2011-08-25 06:17:30, 0.0, None 
 48.431999999999995, -123.755, 29.8, 2011-08-25 06:20:00, 0.0, None 
 48.41, -123.82, 20.0, 2011-08-25 06:22:30, 0.0, None 
 48.4, -123.755, 34.0, 2011-08-25 06:25:00, 0.0, None 
 48.395, -123.7, 37.5, 2011-08-25 06:27:30, 0.0, None 
 48.391999999999996, -123.62, 29.5, 2011-08-25 06:30:00, 0.0, None 
 48.39, -123.575, 25.5, 2011-08-25 06:35:00, 0.0, None 
 48.31, -123.54, 60.0, 2011-08-25 06:37:30, 0.0, None 
 48.38, -123.71, 25.0, 2011-08-25 06:40:00, 0.0, None 
 48.495, -123.53, 42.8, 2011-08-25 06:42:30, 0.0, None 
 48.495, -123.55, 40.5, 2011-08-25 06:45:00, 0.0, None 
 48.505, -123.56200000000001, 39.8, 2011-08-25 06:47:30, 0.0, None 
 48.472, -123.56700000000001, 45.8, 2011-08-25 06:50:00, 0.0, None 
 48.358000000000004, -123.82799999999999, 52.5, 2011-08-25 07:02:30, 0.0, None 
 48.41, -123.67, 20.0, 2011-08-25 07:07:30, 0.0, None 
 48.4, -123.54, 47.0, 2011-08-25 07:10:00, 0.0, None 
 48.57, -123.37, 60.0, 2011-08-25 07:12:30, 0.0, None 
 48.54, -123.49, 20.0, 2011-08-25 07:17:30, 0.0, None 
 48.54, -123.49, 20.0, 2011-08-25 07:20:00, 0.0, None 
 48.54, -123.36, 32.0, 2011-08-25 07:27:30, 0.0, None 
 48.6, -123.295, 25.0, 2011-08-25 07:30:00, 0.0, None 
 48.68, -122.99, 38.5, 2011-08-25 07:32:30, 0.0, None 
 48.64, -123.37, 50.8, 2011-08-25 07:37:30, 0.0, None 
 48.615, -123.35, 45.8, 2011-08-25 07:40:00, 0.0, None 
 48.57, -123.4, 20.0, 2011-08-25 07:42:30, 0.0, None 
 48.61, -122.995, 60.0, 2011-08-25 07:50:00, 0.0, None 
 48.61, -123.01, 60.0, 2011-08-25 07:52:30, 0.0, None 
 48.47, -123.6, 41.0, 2011-08-25 08:10:00, 0.0, None 
 48.5, -123.38, 45.0, 2011-08-25 08:17:30, 0.0, None 
 48.59, -123.01, 54.5, 2011-08-25 08:20:00, 0.0, None 
 48.48, -123.33, 20.0, 2011-08-25 08:20:00, 0.0, None 
 48.532, -123.255, 29.5, 2011-08-25 08:22:30, 0.0, None 
 48.535, -123.285, 50.0, 2011-08-25 08:25:00, 0.0, None 
 48.56, -123.19, 44.0, 2011-08-25 08:27:30, 0.0, None 
 48.585, -123.19, 43.0, 2011-08-25 08:30:00, 0.0, None 
 48.61, -123.25200000000001, 46.8, 2011-08-25 08:32:30, 0.0, None 
 48.61, -123.33200000000001, 32.0, 2011-08-25 08:35:00, 0.0, None 
 48.62, -123.345, 27.8, 2011-08-25 08:37:30, 0.0, None 
 48.56, -123.34, 20.0, 2011-08-25 08:40:00, 0.0, None 
 48.58, -123.355, 20.0, 2011-08-25 08:42:30, 0.0, None 
 48.625, -123.37299999999999, 26.5, 2011-08-25 08:45:00, 0.0, None 
 48.605, -123.365, 32.5, 2011-08-25 08:47:30, 0.0, None 
 48.625, -123.345, 45.0, 2011-08-25 08:50:00, 0.0, None 
 48.58, -123.225, 41.0, 2011-08-25 08:52:30, 0.0, None 
 48.58, -123.24799999999999, 57.0, 2011-08-25 08:55:00, 0.0, None 
 48.56, -123.34, 60.0, 2011-08-25 08:57:30, 0.0, None 
 48.538000000000004, -123.30799999999999, 27.0, 2011-08-25 09:00:00, 0.0, None 
 48.48, -123.475, 40.0, 2011-08-25 09:27:30, 0.0, None 
 48.52, -123.56, 35.2, 2011-08-25 09:30:00, 0.0, None 
 48.5, -123.54299999999999, 32.5, 2011-08-25 09:32:30, 0.0, None 
 48.45, -123.51, 29.8, 2011-08-25 09:35:00, 0.0, None 
 48.445, -123.535, 40.5, 2011-08-25 09:37:30, 0.0, None 
 48.49, -123.28, 49.0, 2011-08-25 09:40:00, 0.0, None 
 48.495, -123.47, 32.0, 2011-08-25 09:45:00, 0.0, None 
 48.415, -123.21, 20.0, 2011-08-25 09:47:30, 0.0, None 
 48.475, -123.205, 28.5, 2011-08-25 10:00:00, 0.0, None 
 48.525, -123.227, 40.0, 2011-08-25 10:02:30, 0.0, None 
 48.465, -123.3, 25.0, 2011-08-25 10:05:00, 0.0, None 
 48.453, -123.29299999999999, 33.0, 2011-08-25 10:07:30, 0.0, None 
 48.37, -123.98, 44.0, 2011-08-25 10:12:30, 0.0, None 
 48.59, -123.385, 45.0, 2011-08-25 10:32:30, 0.0, None 
 48.6, -123.315, 43.0, 2011-08-25 10:35:00, 0.0, None 
 48.6, -123.365, 40.5, 2011-08-25 10:37:30, 0.0, None 
 48.67, -123.0, 52.0, 2011-08-25 10:40:00, 0.0, None 
 48.65, -123.21, 34.5, 2011-08-25 10:55:00, 0.0, None 
 48.51, -123.88, 37.0, 2011-08-25 11:05:00, 0.0, None 
 48.51, -123.33, 60.0, 2011-08-25 11:07:30, 0.0, None 
 48.35, -123.48, 60.0, 2011-08-25 11:10:00, 0.0, None 
 48.43, -123.29, 28.0, 2011-08-25 11:12:30, 0.0, None 
 48.36, -123.32, 34.5, 2011-08-25 11:17:30, 0.0, None 
 48.31, -123.48, 28.0, 2011-08-25 11:35:00, 0.0, None 
 48.01, -123.1, 60.0, 2011-08-25 11:57:30, 0.0, None 
 48.42, -123.475, 47.5, 2011-08-25 12:05:00, 0.0, None 
 48.42, -123.54, 52.0, 2011-08-25 12:07:30, 0.0, None 
 48.555, -123.325, 44.5, 2011-08-25 12:27:30, 0.0, None 
 48.555, -123.32, 49.0, 2011-08-25 12:30:00, 0.0, None 
 48.485, -123.475, 38.5, 2011-08-25 13:05:00, 0.0, None 
 48.48, -123.49, 20.0, 2011-08-25 13:07:30, 0.0, None 
 48.53, -123.41, 31.0, 2011-08-25 13:10:00, 0.0, None 
 48.47, -123.53, 34.0, 2011-08-25 13:12:30, 0.0, None 
 48.445, -123.44200000000001, 28.0, 2011-08-25 13:15:00, 0.0, None 
 48.51, -123.57, 20.0, 2011-08-25 13:57:30, 0.0, None 
 48.48, -123.55, 60.0, 2011-08-25 15:30:00, 0.0, None 
 48.52, -123.29, 20.0, 2011-08-25 15:32:30, 0.0, None 
 48.375, -123.62, 60.0, 2011-08-25 15:57:30, 0.0, None 
 48.49, -123.65, 20.0, 2011-08-25 17:55:00, 0.0, None 
 48.49, -123.64, 49.0, 2011-08-25 17:57:30, 0.0, None 
 48.5, -123.495, 20.0, 2011-08-25 19:12:30, 0.0, None 
 48.425, -123.5, 29.5, 2011-08-25 19:15:00, 0.0, None 
 48.605, -123.415, 60.0, 2011-08-25 19:45:00, 0.0, None 
 48.6, -123.17, 31.0, 2011-08-25 20:05:00, 0.0, None 
 48.66, -123.28, 60.0, 2011-08-25 20:27:30, 0.0, None 
 48.57, -123.32, 44.0, 2011-08-25 20:32:30, 0.0, None 
 48.62, -123.39, 60.0, 2011-08-25 20:35:00, 0.0, None 
 48.61, -123.37, 20.0, 2011-08-25 20:37:30, 0.0, None 
 48.58, -123.4, 26.0, 2011-08-25 20:40:00, 0.0, None 
 48.43, -123.61, 20.0, 2011-08-25 20:55:00, 0.0, None 
 48.492, -123.53200000000001, 35.2, 2011-08-25 20:57:30, 0.0, None 
 48.415, -123.515, 40.8, 2011-08-25 21:00:00, 0.0, None 
 48.47, -123.42, 20.0, 2011-08-25 21:22:30, 0.0, None 
 48.46, -123.67, 31.2, 2011-08-25 21:45:00, 0.0, None 
 48.465, -123.67, 26.0, 2011-08-25 21:47:30, 0.0, None 
 48.33, -123.43, 51.0, 2011-08-25 21:50:00, 0.0, None 
 48.435, -123.553, 30.5, 2011-08-25 21:52:30, 0.0, None 
 48.5, -123.67, 51.0, 2011-08-25 21:55:00, 0.0, None 
 48.453, -123.63, 57.8, 2011-08-25 22:00:00, 0.0, None 
 48.413000000000004, -123.605, 45.0, 2011-08-25 22:02:30, 0.0, None 
 48.4, -123.66, 40.0, 2011-08-25 22:12:30, 0.0, None 
 48.435, -123.7, 20.0, 2011-08-25 22:17:30, 0.0, None 
 48.28, -123.96, 60.0, 2011-08-25 22:25:00, 0.0, None 
 48.425, -123.75, 42.5, 2011-08-25 22:27:30, 0.0, None 
 48.415, -123.765, 35.0, 2011-08-25 22:30:00, 0.0, None 
 48.415, -123.785, 20.0, 2011-08-25 22:32:30, 0.0, None 
 48.42, -123.743, 30.8, 2011-08-25 22:35:00, 0.0, None 
 48.435, -123.645, 36.0, 2011-08-25 22:37:30, 0.0, None 
 48.442, -123.6, 26.0, 2011-08-25 22:40:00, 0.0, None 
 48.4, -124.02, 28.0, 2011-08-25 22:47:30, 0.0, None 
 48.4, -123.475, 20.0, 2011-08-25 22:50:00, 0.0, None 
 48.31, -123.73, 47.0, 2011-08-25 22:52:30, 0.0, None 
 48.29, -123.8, 20.0, 2011-08-25 22:55:00, 0.0, None 
 48.53, -123.67, 60.0, 2011-08-25 22:57:30, 0.0, None 
 48.395, -123.49, 20.0, 2011-08-25 23:00:00, 0.0, None 
 48.205, -123.905, 28.0, 2011-08-25 23:05:00, 0.0, None 
 48.5, -123.9, 47.5, 2011-08-25 23:05:00, 0.0, None 
 48.325, -123.75, 25.5, 2011-08-25 23:10:00, 0.0, None 
 48.38, -123.81, 20.0, 2011-08-25 23:12:30, 0.0, None 
 48.24, -123.84, 20.0, 2011-08-25 23:20:00, 0.0, None 
 48.28, -123.58, 20.0, 2011-08-25 23:25:00, 0.0, None 
 48.385, -123.92, 32.0, 2011-08-25 23:25:00, 0.0, None 
 48.35, -123.775, 25.8, 2011-08-25 23:27:30, 0.0, None 
 48.343, -123.67200000000001, 38.0, 2011-08-25 23:30:00, 0.0, None 
 48.35, -123.67, 20.0, 2011-08-25 23:32:30, 0.0, None 
 48.37, -123.695, 20.0, 2011-08-25 23:35:00, 0.0, None 
 48.375, -123.757, 26.0, 2011-08-25 23:37:30, 0.0, None 
 48.225, -123.865, 31.0, 2011-08-25 23:42:30, 0.0, None 
 48.3, -123.815, 26.0, 2011-08-25 23:45:00, 0.0, None 
 48.355, -123.84299999999999, 20.0, 2011-08-25 23:47:30, 0.0, None 
 48.385, -123.815, 20.0, 2011-08-25 23:50:00, 0.0, None 
 48.38, -123.74, 38.0, 2011-08-25 23:52:30, 0.0, None 
 48.455, -123.82, 26.2, 2011-08-25 23:55:00, 0.0, None 
 48.4, -123.73, 56.5, 2011-08-26 00:00:00, 0.0, None 
 48.391999999999996, -123.81200000000001, 25.0, 2011-08-26 00:02:30, 0.0, None 
 48.32, -123.9, 20.0, 2011-08-26 00:05:00, 0.0, None 
 48.297, -123.865, 33.0, 2011-08-26 00:07:30, 0.0, None 
 48.39, -123.88, 38.5, 2011-08-26 00:10:00, 0.0, None 
 48.41, -123.95, 20.0, 2011-08-26 00:12:30, 0.0, None 
 48.27, -123.48, 20.0, 2011-08-26 00:17:30, 0.0, None 
 48.245, -123.85, 20.5, 2011-08-26 00:22:30, 0.0, None 
 48.282, -123.80799999999999, 24.0, 2011-08-26 00:25:00, 0.0, None 
 48.245, -123.83, 20.0, 2011-08-26 00:27:30, 0.0, None 
 48.245, -123.805, 20.0, 2011-08-26 00:30:00, 0.0, None 
 48.308, -123.675, 27.5, 2011-08-26 00:32:30, 0.0, None 
 48.31, -123.74, 40.0, 2011-08-26 00:35:00, 0.0, None 
 48.29, -123.79, 20.0, 2011-08-26 00:37:30, 0.0, None 
 48.312, -123.8, 29.8, 2011-08-26 00:40:00, 0.0, None 
 48.305, -123.762, 31.5, 2011-08-26 00:42:30, 0.0, None 
 48.41, -123.822, 41.5, 2011-08-26 00:45:00, 0.0, None 
 48.42, -123.755, 26.5, 2011-08-26 00:47:30, 0.0, None 
 48.5, -123.53, 44.0, 2011-08-26 00:57:30, 0.0, None 
 48.207, -123.63, 23.5, 2011-08-26 01:00:00, 0.0, None 
 48.23, -123.675, 29.8, 2011-08-26 01:02:30, 0.0, None 
 48.218, -123.705, 26.5, 2011-08-26 01:05:00, 0.0, None 
 48.21, -123.78200000000001, 27.0, 2011-08-26 01:07:30, 0.0, None 
 48.19, -123.705, 30.0, 2011-08-26 01:10:00, 0.0, None 
 48.225, -123.625, 30.5, 2011-08-26 01:12:30, 0.0, None 
 48.265, -123.588, 21.5, 2011-08-26 01:15:00, 0.0, None 
 48.21, -123.7, 20.0, 2011-08-26 01:17:30, 0.0, None 
 48.2, -123.665, 20.5, 2011-08-26 01:20:00, 0.0, None 
 48.23, -123.68, 20.0, 2011-08-26 01:22:30, 0.0, None 
 48.235, -123.675, 23.0, 2011-08-26 01:25:00, 0.0, None 
 48.185, -123.773, 31.8, 2011-08-26 01:27:30, 0.0, None 
 48.125, -123.8, 25.5, 2011-08-26 01:30:00, 0.0, None 
 48.552, -123.54, 31.0, 2011-08-26 01:32:30, 0.0, None 
 48.485, -123.54799999999999, 28.5, 2011-08-26 01:35:00, 0.0, None 
 48.12, -123.678, 25.5, 2011-08-26 01:37:30, 0.0, None 
 48.19, -123.605, 30.0, 2011-08-26 01:45:00, 0.0, None 
 48.207, -123.625, 29.5, 2011-08-26 01:47:30, 0.0, None 
 48.22, -123.605, 29.5, 2011-08-26 01:50:00, 0.0, None 
 48.26, -123.51, 23.5, 2011-08-26 01:52:30, 0.0, None 
 48.27, -123.49799999999999, 22.5, 2011-08-26 01:55:00, 0.0, None 
 48.27, -123.515, 26.5, 2011-08-26 01:57:30, 0.0, None 
 48.251999999999995, -123.465, 25.0, 2011-08-26 02:00:00, 0.0, None 
 48.29, -123.41799999999999, 21.5, 2011-08-26 02:02:30, 0.0, None 
 48.235, -123.56, 31.5, 2011-08-26 02:05:00, 0.0, None 
 48.205, -123.58, 24.5, 2011-08-26 02:07:30, 0.0, None 
 48.265, -123.525, 20.0, 2011-08-26 02:10:00, 0.0, None 
 48.358000000000004, -123.48, 37.5, 2011-08-26 02:12:30, 0.0, None 
 48.265, -123.477, 34.5, 2011-08-26 02:15:00, 0.0, None 
 48.275, -123.47, 48.2, 2011-08-26 02:17:30, 0.0, None 
 48.12, -123.665, 29.0, 2011-08-26 02:25:00, 0.0, None 
 48.18, -123.68, 24.0, 2011-08-26 02:27:30, 0.0, None 
 48.4, -123.6, 60.0, 2011-08-26 02:30:00, 0.0, None 
 48.13, -123.62, 32.0, 2011-08-26 02:35:00, 0.0, None 
 48.16, -123.79, 29.0, 2011-08-26 02:37:30, 0.0, None 
 48.383, -123.76799999999999, 52.8, 2011-08-26 02:47:30, 0.0, None 
 48.25, -123.755, 60.0, 2011-08-26 02:50:00, 0.0, None 
 48.33, -123.83, 41.0, 2011-08-26 02:52:30, 0.0, None 
 48.125, -123.62, 60.0, 2011-08-26 02:52:30, 0.0, None 
 48.178000000000004, -123.67200000000001, 60.0, 2011-08-26 03:00:00, 0.0, None 
 48.175, -123.678, 24.5, 2011-08-26 03:02:30, 0.0, None 
 48.22, -123.625, 40.0, 2011-08-26 03:05:00, 0.0, None 
 48.19, -123.535, 26.2, 2011-08-26 03:07:30, 0.0, None 
 48.7, -123.28, 30.0, 2011-08-26 03:10:00, 0.0, None 
 48.19, -123.38, 60.0, 2011-08-26 03:10:00, 0.0, None 
 48.52, -123.595, 46.0, 2011-08-26 03:12:30, 0.0, None 
 48.49, -123.685, 29.0, 2011-08-26 03:15:00, 0.0, None 
 48.422, -123.61, 30.0, 2011-08-26 03:17:30, 0.0, None 
 48.305, -123.465, 20.0, 2011-08-26 03:20:00, 0.0, None 
 48.385, -123.48299999999999, 38.0, 2011-08-26 03:22:30, 0.0, None 
 48.54, -123.58, 33.0, 2011-08-26 03:25:00, 0.0, None 
 48.52, -123.78, 20.0, 2011-08-26 03:27:30, 0.0, None 
 48.41, -123.62, 30.2, 2011-08-26 03:35:00, 0.0, None 
 48.16, -123.7, 20.0, 2011-08-26 03:37:30, 0.0, None 
 48.085, -123.67, 34.0, 2011-08-26 03:40:00, 0.0, None 
 48.08, -123.66, 28.0, 2011-08-26 03:42:30, 0.0, None 
 48.111999999999995, -123.655, 34.2, 2011-08-26 03:45:00, 0.0, None 
 48.085, -123.64, 31.0, 2011-08-26 03:47:30, 0.0, None 
 48.295, -123.365, 39.0, 2011-08-26 03:50:00, 0.0, None 
 48.39, -123.31, 20.0, 2011-08-26 03:52:30, 0.0, None 
 48.19, -123.55, 22.0, 2011-08-26 03:52:30, 0.0, None 
 48.125, -123.62, 20.0, 2011-08-26 03:55:00, 0.0, None 
 48.42, -123.33, 20.0, 2011-08-26 03:57:30, 0.0, None 
 48.13, -123.62299999999999, 24.0, 2011-08-26 04:00:00, 0.0, None 
 48.145, -123.58, 25.5, 2011-08-26 04:02:30, 0.0, None 
 48.11, -123.59, 20.0, 2011-08-26 04:05:00, 0.0, None 
 48.1, -123.66, 23.5, 2011-08-26 04:07:30, 0.0, None 
 48.125, -123.62299999999999, 30.0, 2011-08-26 04:10:00, 0.0, None 
 48.145, -123.61, 27.0, 2011-08-26 04:12:30, 0.0, None 
 48.24, -123.41, 20.0, 2011-08-26 04:17:30, 0.0, None 
 48.22, -123.34299999999999, 25.8, 2011-08-26 04:20:00, 0.0, None 
 48.22, -123.333, 27.5, 2011-08-26 04:22:30, 0.0, None 
 48.33, -123.31, 40.5, 2011-08-26 04:25:00, 0.0, None 
 48.345, -123.345, 44.8, 2011-08-26 04:27:30, 0.0, None 
 48.565, -123.705, 37.5, 2011-08-26 04:32:30, 0.0, None 
 48.475, -123.465, 25.5, 2011-08-26 04:35:00, 0.0, None 
 48.495, -123.555, 60.0, 2011-08-26 04:37:30, 0.0, None 
 48.4, -123.40299999999999, 24.5, 2011-08-26 04:40:00, 0.0, None 
 48.367, -123.36200000000001, 41.8, 2011-08-26 04:42:30, 0.0, None 
 48.31, -123.475, 38.0, 2011-08-26 04:45:00, 0.0, None 
 48.335, -123.345, 30.8, 2011-08-26 04:52:30, 0.0, None 
 48.43, -123.43, 50.0, 2011-08-26 04:55:00, 0.0, None 
 48.385, -123.32799999999999, 38.0, 2011-08-26 05:10:00, 0.0, None 
 48.385, -123.31, 35.5, 2011-08-26 05:12:30, 0.0, None 
 48.3, -123.37, 20.0, 2011-08-26 05:17:30, 0.0, None 
 48.145, -123.665, 27.0, 2011-08-26 05:20:00, 0.0, None 
 48.14, -123.71, 20.0, 2011-08-26 05:22:30, 0.0, None 
 48.12, -123.69, 20.0, 2011-08-26 05:25:00, 0.0, None 
 48.16, -123.68, 20.0, 2011-08-26 05:27:30, 0.0, None 
 48.07, -123.73, 30.0, 2011-08-26 05:30:00, 0.0, None 
 48.57, -123.43, 27.0, 2011-08-26 05:32:30, 0.0, None 
 48.61, -123.46, 34.0, 2011-08-26 05:35:00, 0.0, None 
 48.61, -123.43299999999999, 40.5, 2011-08-26 05:37:30, 0.0, None 
 48.56, -123.49, 33.0, 2011-08-26 05:40:00, 0.0, None 
 48.428000000000004, -123.41, 25.5, 2011-08-26 05:42:30, 0.0, None 
 48.61, -123.59, 24.0, 2011-08-26 05:45:00, 0.0, None 
 48.43, -123.32, 26.0, 2011-08-26 05:45:00, 0.0, None 
 48.555, -123.315, 26.5, 2011-08-26 05:47:30, 0.0, None 
 48.513000000000005, -123.33200000000001, 31.5, 2011-08-26 05:50:00, 0.0, None 
 48.486999999999995, -123.36, 31.5, 2011-08-26 05:52:30, 0.0, None 
 48.49, -123.39, 25.0, 2011-08-26 05:55:00, 0.0, None 
 48.445, -123.34700000000001, 28.2, 2011-08-26 05:57:30, 0.0, None 
 48.56, -123.61, 60.0, 2011-08-26 06:02:30, 0.0, None 
 48.605, -123.595, 20.0, 2011-08-26 06:05:00, 0.0, None 
 48.48, -123.48, 20.0, 2011-08-26 06:07:30, 0.0, None 
 48.412, -123.43799999999999, 28.5, 2011-08-26 06:10:00, 0.0, None 
 48.422, -123.49, 32.5, 2011-08-26 06:12:30, 0.0, None 
 48.508, -123.56700000000001, 32.0, 2011-08-26 06:17:30, 0.0, None 
 48.5, -123.51, 27.0, 2011-08-26 06:20:00, 0.0, None 
 48.45, -123.535, 20.0, 2011-08-26 06:22:30, 0.0, None 
 48.51, -123.52, 29.2, 2011-08-26 06:25:00, 0.0, None 
 48.5, -123.66799999999999, 33.0, 2011-08-26 06:27:30, 0.0, None 
 48.407, -123.83, 35.2, 2011-08-26 06:30:00, 0.0, None 
 48.48, -123.87, 20.0, 2011-08-26 06:35:00, 0.0, None 
 48.34, -123.59, 33.0, 2011-08-26 06:35:00, 0.0, None 
 48.52, -123.43, 20.0, 2011-08-26 06:37:30, 0.0, None 
 48.555, -123.738, 40.0, 2011-08-26 06:40:00, 0.0, None 
 48.53, -123.75, 20.0, 2011-08-26 06:42:30, 0.0, None 
 48.4, -123.74799999999999, 25.5, 2011-08-26 06:45:00, 0.0, None 
 48.48, -123.83, 20.0, 2011-08-26 06:50:00, 0.0, None 
 48.295, -123.555, 42.0, 2011-08-26 06:50:00, 0.0, None 
 48.38, -123.60700000000001, 23.8, 2011-08-26 06:52:30, 0.0, None 
 48.47, -123.77, 20.0, 2011-08-26 06:55:00, 0.0, None 
 48.315, -123.53, 25.5, 2011-08-26 06:57:30, 0.0, None 
 48.28, -123.38, 20.0, 2011-08-26 07:00:00, 0.0, None 
 48.29, -123.27, 20.0, 2011-08-26 07:02:30, 0.0, None 
 48.22, -123.59, 60.0, 2011-08-26 07:02:30, 0.0, None 
 48.273, -123.45, 24.5, 2011-08-26 07:05:00, 0.0, None 
 48.28, -123.44, 28.0, 2011-08-26 07:07:30, 0.0, None 
 48.405, -123.73, 22.0, 2011-08-26 07:10:00, 0.0, None 
 48.18, -123.74, 40.5, 2011-08-26 07:10:00, 0.0, None 
 48.25, -123.585, 34.5, 2011-08-26 07:12:30, 0.0, None 
 48.3, -123.835, 40.0, 2011-08-26 07:15:00, 0.0, None 
 48.57, -123.46, 32.8, 2011-08-26 07:17:30, 0.0, None 
 48.5, -123.3, 45.0, 2011-08-26 07:20:00, 0.0, None 
 48.255, -123.465, 20.0, 2011-08-26 07:22:30, 0.0, None 
 48.225, -123.47, 25.0, 2011-08-26 07:25:00, 0.0, None 
 48.12, -123.52, 23.0, 2011-08-26 07:27:30, 0.0, None 
 48.39, -123.42, 20.0, 2011-08-26 07:30:00, 0.0, None 
 48.222, -123.42200000000001, 26.5, 2011-08-26 07:32:30, 0.0, None 
 48.205, -123.49, 24.0, 2011-08-26 07:40:00, 0.0, None 
 48.413000000000004, -123.46, 24.5, 2011-08-26 07:42:30, 0.0, None 
 48.32, -123.52, 20.0, 2011-08-26 07:45:00, 0.0, None 
 48.53, -123.79, 20.0, 2011-08-26 07:47:30, 0.0, None 
 48.25, -123.412, 20.2, 2011-08-26 07:50:00, 0.0, None 
 48.27, -123.47, 20.8, 2011-08-26 07:52:30, 0.0, None 
 48.345, -123.655, 48.5, 2011-08-26 07:55:00, 0.0, None 
 48.52, -123.618, 32.2, 2011-08-26 08:00:00, 0.0, None 
 48.3, -123.665, 55.0, 2011-08-26 08:02:30, 0.0, None 
 48.415, -123.4, 28.5, 2011-08-26 08:05:00, 0.0, None 
 48.24, -123.38799999999999, 41.2, 2011-08-26 08:07:30, 0.0, None 
 48.228, -123.368, 24.0, 2011-08-26 08:10:00, 0.0, None 
 48.36, -123.45, 28.0, 2011-08-26 08:12:30, 0.0, None 
 48.445, -123.63, 47.2, 2011-08-26 08:15:00, 0.0, None 
 48.438, -123.55799999999999, 25.8, 2011-08-26 08:17:30, 0.0, None 
 48.5, -123.5, 29.0, 2011-08-26 08:20:00, 0.0, None 
 48.27, -123.405, 28.5, 2011-08-26 08:20:00, 0.0, None 
 48.31, -123.425, 41.0, 2011-08-26 08:22:30, 0.0, None 
 48.215, -123.5, 27.0, 2011-08-26 08:25:00, 0.0, None 
 48.32, -123.445, 20.0, 2011-08-26 08:30:00, 0.0, None 
 48.251999999999995, -123.412, 20.0, 2011-08-26 08:32:30, 0.0, None 
 48.47, -123.61, 26.0, 2011-08-26 08:35:00, 0.0, None 
 48.295, -123.535, 32.5, 2011-08-26 08:37:30, 0.0, None 
 48.233000000000004, -123.50200000000001, 37.8, 2011-08-26 08:40:00, 0.0, None 
 48.21, -123.265, 46.0, 2011-08-26 08:42:30, 0.0, None 
 48.56, -123.865, 22.5, 2011-08-26 08:50:00, 0.0, None 
 48.53, -123.83, 20.0, 2011-08-26 08:52:30, 0.0, None 
 48.42, -123.245, 43.5, 2011-08-26 08:55:00, 0.0, None 
 48.477, -123.375, 60.0, 2011-08-26 08:57:30, 0.0, None 
 48.42, -123.385, 47.0, 2011-08-26 09:00:00, 0.0, None 
 48.4, -123.63, 60.0, 2011-08-26 09:02:30, 0.0, None 
 48.361999999999995, -123.435, 24.8, 2011-08-26 09:10:00, 0.0, None 
 48.385, -123.43, 32.5, 2011-08-26 09:12:30, 0.0, None 
 48.505, -123.515, 35.0, 2011-08-26 09:15:00, 0.0, None 
 48.483000000000004, -123.74, 35.8, 2011-08-26 09:17:30, 0.0, None 
 48.492, -123.71, 25.5, 2011-08-26 09:20:00, 0.0, None 
 48.405, -123.7, 60.0, 2011-08-26 09:22:30, 0.0, None 
 48.37, -123.72, 20.0, 2011-08-26 09:25:00, 0.0, None 
 48.535, -123.96, 30.0, 2011-08-26 09:27:30, 0.0, None 
 48.485, -123.795, 22.0, 2011-08-26 09:30:00, 0.0, None 
 48.453, -123.75, 21.8, 2011-08-26 09:32:30, 0.0, None 
 48.48, -123.875, 46.0, 2011-08-26 09:35:00, 0.0, None 
 48.24, -123.56200000000001, 24.5, 2011-08-26 09:37:30, 0.0, None 
 48.242, -123.51799999999999, 37.0, 2011-08-26 09:40:00, 0.0, None 
 48.28, -123.425, 37.0, 2011-08-26 09:42:30, 0.0, None 
 48.47, -123.905, 20.0, 2011-08-26 09:45:00, 0.0, None 
 48.308, -123.53, 39.0, 2011-08-26 09:47:30, 0.0, None 
 48.15, -123.45299999999999, 30.0, 2011-08-26 09:50:00, 0.0, None 
 48.22, -123.5, 20.0, 2011-08-26 09:52:30, 0.0, None 
 48.293, -123.53200000000001, 20.0, 2011-08-26 09:55:00, 0.0, None 
 48.383, -123.6, 20.0, 2011-08-26 09:57:30, 0.0, None 
 48.375, -123.705, 21.0, 2011-08-26 10:00:00, 0.0, None 
 48.21, -123.53, 32.0, 2011-08-26 10:07:30, 0.0, None 
 48.352, -123.685, 20.0, 2011-08-26 10:10:00, 0.0, None 
 48.29, -123.7, 20.0, 2011-08-26 10:12:30, 0.0, None 
 48.33, -123.65, 39.0, 2011-08-26 10:15:00, 0.0, None 
 48.195, -123.632, 20.0, 2011-08-26 10:17:30, 0.0, None 
 48.215, -123.65, 20.0, 2011-08-26 10:20:00, 0.0, None 
 48.27, -123.585, 32.5, 2011-08-26 10:22:30, 0.0, None 
 48.272, -123.69200000000001, 20.0, 2011-08-26 10:27:30, 0.0, None 
 48.157, -123.695, 21.0, 2011-08-26 10:30:00, 0.0, None 
 48.208, -123.713, 24.5, 2011-08-26 10:32:30, 0.0, None 
 48.225, -123.52, 35.0, 2011-08-26 10:40:00, 0.0, None 
 48.233000000000004, -123.54299999999999, 35.0, 2011-08-26 10:42:30, 0.0, None 
 48.38, -123.41, 20.0, 2011-08-26 10:45:00, 0.0, None 
 48.27, -123.697, 22.8, 2011-08-26 10:47:30, 0.0, None 
 48.3, -123.76, 20.0, 2011-08-26 10:50:00, 0.0, None 
 48.31, -123.76, 27.0, 2011-08-26 10:52:30, 0.0, None 
 48.29, -123.35, 60.0, 2011-08-26 10:55:00, 0.0, None 
 48.535, -123.48, 60.0, 2011-08-26 10:57:30, 0.0, None 
 48.32, -123.32, 22.0, 2011-08-26 11:00:00, 0.0, None 
 48.28, -123.245, 20.0, 2011-08-26 11:02:30, 0.0, None 
 48.24, -123.31, 20.0, 2011-08-26 11:05:00, 0.0, None 
 48.48, -123.11, 46.0, 2011-08-26 11:15:00, 0.0, None 
 48.515, -123.91, 48.0, 2011-08-26 11:15:00, 0.0, None 
 48.42, -123.38, 20.0, 2011-08-26 11:17:30, 0.0, None 
 48.405, -123.333, 41.2, 2011-08-26 11:20:00, 0.0, None 
 48.397, -123.475, 34.2, 2011-08-26 11:22:30, 0.0, None 
 48.442, -123.515, 40.8, 2011-08-26 11:25:00, 0.0, None 
 48.523, -123.645, 41.5, 2011-08-26 11:27:30, 0.0, None 
 48.513000000000005, -123.51, 24.8, 2011-08-26 11:30:00, 0.0, None 
 48.49, -123.71799999999999, 34.5, 2011-08-26 11:32:30, 0.0, None 
 48.483000000000004, -123.583, 38.0, 2011-08-26 11:35:00, 0.0, None 
 48.47, -123.52, 33.0, 2011-08-26 11:37:30, 0.0, None 
 48.52, -123.61, 45.0, 2011-08-26 11:45:00, 0.0, None 
 48.543, -123.36, 27.8, 2011-08-26 11:47:30, 0.0, None 
 48.51, -123.46, 20.0, 2011-08-26 11:50:00, 0.0, None 
 48.425, -123.458, 24.0, 2011-08-26 11:52:30, 0.0, None 
 48.58, -123.36, 20.0, 2011-08-26 11:55:00, 0.0, None 
 48.62, -123.38, 20.0, 2011-08-26 11:57:30, 0.0, None 
 48.41, -123.66, 20.0, 2011-08-26 12:00:00, 0.0, None 
 48.455, -123.36, 20.0, 2011-08-26 12:02:30, 0.0, None 
 48.58, -123.31, 40.0, 2011-08-26 12:07:30, 0.0, None 
 48.59, -123.24, 40.0, 2011-08-26 12:10:00, 0.0, None 
 48.52, -123.85, 20.0, 2011-08-26 12:15:00, 0.0, None 
 48.465, -123.81, 20.0, 2011-08-26 12:17:30, 0.0, None 
 48.42, -123.74, 20.0, 2011-08-26 12:20:00, 0.0, None 
 48.407, -123.73299999999999, 36.0, 2011-08-26 12:22:30, 0.0, None 
 48.39, -123.71, 23.0, 2011-08-26 12:25:00, 0.0, None 
 48.465, -123.725, 22.0, 2011-08-26 12:27:30, 0.0, None 
 48.48, -123.8, 20.0, 2011-08-26 12:30:00, 0.0, None 
 48.44, -123.74, 20.0, 2011-08-26 12:32:30, 0.0, None 
 48.425, -123.665, 23.0, 2011-08-26 12:35:00, 0.0, None 
 48.43, -123.715, 20.0, 2011-08-26 12:37:30, 0.0, None 
 48.258, -123.45, 47.0, 2011-08-26 12:42:30, 0.0, None 
 48.69, -123.26, 20.0, 2011-08-26 12:45:00, 0.0, None 
 48.29, -123.495, 60.0, 2011-08-26 12:45:00, 0.0, None 
 48.58, -123.2, 38.0, 2011-08-26 12:47:30, 0.0, None 
 48.295, -123.05, 20.0, 2011-08-26 12:50:00, 0.0, None 
 48.27, -123.11, 40.0, 2011-08-26 12:52:30, 0.0, None 
 48.22, -123.36, 55.0, 2011-08-26 13:02:30, 0.0, None 
 48.26, -123.35, 60.0, 2011-08-26 13:07:30, 0.0, None 
 48.33, -123.285, 21.5, 2011-08-26 13:10:00, 0.0, None 
 48.4, -123.13, 37.0, 2011-08-26 13:27:30, 0.0, None 
 48.41, -123.115, 49.5, 2011-08-26 13:30:00, 0.0, None 
 48.58, -123.195, 34.0, 2011-08-26 13:35:00, 0.0, None 
 48.36, -123.195, 41.0, 2011-08-26 13:42:30, 0.0, None 
 48.365, -123.167, 40.8, 2011-08-26 13:45:00, 0.0, None 
 48.33, -123.19, 57.5, 2011-08-26 13:47:30, 0.0, None 
 48.325, -123.13, 37.0, 2011-08-26 13:50:00, 0.0, None 
 48.41, -123.155, 29.0, 2011-08-26 13:52:30, 0.0, None 
 48.65, -123.26, 20.0, 2011-08-26 13:55:00, 0.0, None 
 48.635, -123.365, 32.2, 2011-08-26 13:57:30, 0.0, None 
 48.53, -123.83, 43.5, 2011-08-26 14:07:30, 0.0, None 
 48.515, -123.845, 40.0, 2011-08-26 14:10:00, 0.0, None 
 48.08, -123.62, 60.0, 2011-08-26 14:12:30, 0.0, None 
 48.61, -124.03, 60.0, 2011-08-26 14:22:30, 0.0, None 
 48.31, -123.105, 20.0, 2011-08-26 14:45:00, 0.0, None 
 48.3, -123.025, 20.0, 2011-08-26 14:47:30, 0.0, None 
 48.31, -123.085, 41.5, 2011-08-26 14:50:00, 0.0, None 
 48.29, -123.05, 43.5, 2011-08-26 14:52:30, 0.0, None 
 48.46, -123.29, 49.0, 2011-08-26 14:55:00, 0.0, None 
 48.24, -123.01, 20.0, 2011-08-26 15:00:00, 0.0, None 
 48.48, -123.52, 60.0, 2011-08-26 15:17:30, 0.0, None 
 48.1, -123.3, 55.0, 2011-08-26 15:22:30, 0.0, None 
 48.43, -123.19, 20.0, 2011-08-26 15:22:30, 0.0, None 
 48.505, -123.08, 50.5, 2011-08-26 15:25:00, 0.0, None 
 48.49, -123.12, 20.0, 2011-08-26 15:27:30, 0.0, None 
 48.31, -123.03, 20.0, 2011-08-26 15:35:00, 0.0, None 
 48.31, -123.08, 20.0, 2011-08-26 15:37:30, 0.0, None 
 48.43, -124.01, 60.0, 2011-08-26 15:42:30, 0.0, None 
 48.38, -123.19, 48.0, 2011-08-26 15:45:00, 0.0, None 
 48.38, -123.08, 31.0, 2011-08-26 15:47:30, 0.0, None 
 48.66, -123.3, 25.0, 2011-08-26 16:05:00, 0.0, None 
 48.18, -123.0, 35.0, 2011-08-26 16:17:30, 0.0, None 
 48.47, -123.87, 20.0, 2011-08-26 16:50:00, 0.0, None 
 48.59, -123.88, 47.0, 2011-08-26 16:52:30, 0.0, None 
 48.36, -123.67, 46.0, 2011-08-26 16:52:30, 0.0, None 
 48.5, -123.9, 20.0, 2011-08-26 16:55:00, 0.0, None 
 48.52, -123.96, 37.0, 2011-08-26 16:57:30, 0.0, None 
 48.59, -123.58, 20.0, 2011-08-26 17:00:00, 0.0, None 
 48.55, -123.49, 40.0, 2011-08-26 17:02:30, 0.0, None 
 48.57, -123.41, 30.0, 2011-08-26 17:05:00, 0.0, None 
 48.36, -123.435, 50.5, 2011-08-26 17:15:00, 0.0, None 
 48.245, -123.47, 55.0, 2011-08-26 17:17:30, 0.0, None 
 48.5, -123.47, 60.0, 2011-08-26 17:20:00, 0.0, None 
 48.275, -123.545, 39.0, 2011-08-26 17:35:00, 0.0, None 
 48.34, -123.94, 20.0, 2011-08-26 18:05:00, 0.0, None 
 48.37, -123.93, 20.0, 2011-08-26 18:07:30, 0.0, None 
 48.5, -123.835, 23.5, 2011-08-26 18:10:00, 0.0, None 
 48.53, -123.9, 20.0, 2011-08-26 18:12:30, 0.0, None 
 48.52, -123.62, 25.0, 2011-08-26 19:25:00, 0.0, None 
 48.45, -123.535, 41.0, 2011-08-26 19:27:30, 0.0, None 
 48.48, -123.46, 60.0, 2011-08-26 19:30:00, 0.0, None 
 48.52, -123.49, 35.0, 2011-08-26 19:37:30, 0.0, None 
 48.22, -123.88, 42.0, 2011-08-26 19:40:00, 0.0, None 
 48.49, -123.79, 20.0, 2011-08-26 19:55:00, 0.0, None 
 48.42, -123.8, 48.0, 2011-08-26 20:00:00, 0.0, None 
 48.49, -123.81, 20.0, 2011-08-26 20:02:30, 0.0, None 
 48.4, -123.85, 60.0, 2011-08-26 20:05:00, 0.0, None 
 48.46, -123.91, 20.0, 2011-08-26 20:10:00, 0.0, None 
 48.475, -123.88, 20.0, 2011-08-26 20:12:30, 0.0, None 
 48.47, -123.85, 20.0, 2011-08-26 20:15:00, 0.0, None 
 48.425, -123.74, 20.0, 2011-08-26 20:17:30, 0.0, None 
 48.49, -123.89, 28.5, 2011-08-26 20:20:00, 0.0, None 
 48.35, -123.32, 60.0, 2011-08-26 20:42:30, 0.0, None 
 48.4, -123.89, 27.0, 2011-08-26 20:47:30, 0.0, None 
 48.395, -123.87, 21.0, 2011-08-26 20:50:00, 0.0, None 
 48.41, -123.68, 45.0, 2011-08-26 21:02:30, 0.0, None 
 48.48, -123.86, 20.0, 2011-08-26 21:10:00, 0.0, None 
 48.485, -123.88, 20.0, 2011-08-26 21:12:30, 0.0, None 
 48.435, -123.86, 26.5, 2011-08-26 21:17:30, 0.0, None 
 48.5, -123.77, 20.0, 2011-08-26 21:30:00, 0.0, None 
 48.38, -123.875, 37.0, 2011-08-26 21:35:00, 0.0, None 
 48.425, -123.92, 49.0, 2011-08-26 21:37:30, 0.0, None 
 48.49, -123.915, 32.2, 2011-08-26 21:40:00, 0.0, None 
 48.495, -123.835, 29.2, 2011-08-26 21:42:30, 0.0, None 
 48.495, -123.765, 29.8, 2011-08-26 21:45:00, 0.0, None 
 48.52, -123.89, 27.2, 2011-08-26 21:47:30, 0.0, None 
 48.51, -123.88, 20.0, 2011-08-26 21:52:30, 0.0, None 
 48.51, -123.86, 20.0, 2011-08-26 21:55:00, 0.0, None 
 48.51, -123.67, 20.0, 2011-08-26 22:00:00, 0.0, None 
 48.49, -123.795, 21.2, 2011-08-26 22:02:30, 0.0, None 
 48.525, -123.77, 20.0, 2011-08-26 22:05:00, 0.0, None 
 48.455, -123.685, 20.0, 2011-08-26 22:07:30, 0.0, None 
 48.485, -123.805, 20.0, 2011-08-26 22:10:00, 0.0, None 
 48.39, -123.7, 20.0, 2011-08-26 22:22:30, 0.0, None 
 48.42, -123.77, 30.5, 2011-08-26 22:25:00, 0.0, None 
 48.5, -123.93, 20.0, 2011-08-26 22:27:30, 0.0, None 
 48.245, -123.9, 21.5, 2011-08-26 22:27:30, 0.0, None 
 48.51, -123.94, 39.5, 2011-08-26 22:30:00, 0.0, None 
 48.52, -123.63, 37.5, 2011-08-26 22:32:30, 0.0, None 
 48.45, -123.685, 20.0, 2011-08-26 22:35:00, 0.0, None 
 48.5, -123.89, 33.0, 2011-08-26 22:42:30, 0.0, None 
 48.49, -123.88, 44.0, 2011-08-26 22:45:00, 0.0, None 
 48.5, -123.71, 51.5, 2011-08-26 23:15:00, 0.0, None 
 48.555, -123.775, 53.0, 2011-08-26 23:17:30, 0.0, None 
 48.562, -123.773, 20.0, 2011-08-26 23:20:00, 0.0, None 
 48.51, -123.86, 60.0, 2011-08-26 23:22:30, 0.0, None 
 48.53, -123.86, 20.0, 2011-08-26 23:25:00, 0.0, None 
 48.478, -123.875, 20.0, 2011-08-26 23:27:30, 0.0, None 
 48.505, -123.875, 30.0, 2011-08-26 23:30:00, 0.0, None 
 48.523, -123.935, 40.0, 2011-08-26 23:32:30, 0.0, None 
 48.55, -123.48, 60.0, 2011-08-26 23:47:30, 0.0, None 
 48.57, -123.5, 41.0, 2011-08-26 23:50:00, 0.0, None 
 48.455, -123.435, 29.2, 2011-08-26 23:52:30, 0.0, None 
 48.523, -123.475, 20.0, 2011-08-26 23:55:00, 0.0, None 
 48.522, -123.83, 28.5, 2011-08-27 00:02:30, 0.0, None 
 48.56, -123.79, 24.5, 2011-08-27 00:07:30, 0.0, None 
 48.405, -124.09, 44.0, 2011-08-27 00:12:30, 0.0, None 
 48.53, -123.7, 60.0, 2011-08-27 00:15:00, 0.0, None 
 48.39, -123.72, 26.5, 2011-08-27 00:27:30, 0.0, None 
 48.505, -123.865, 20.5, 2011-08-27 00:30:00, 0.0, None 
 48.545, -123.85, 20.0, 2011-08-27 00:32:30, 0.0, None 
 48.558, -123.87700000000001, 40.0, 2011-08-27 00:35:00, 0.0, None 
 48.547, -123.71, 29.8, 2011-08-27 00:37:30, 0.0, None 
 48.537, -123.695, 29.0, 2011-08-27 00:40:00, 0.0, None 
 48.59, -123.61, 20.0, 2011-08-27 00:42:30, 0.0, None 
 48.445, -123.96, 20.0, 2011-08-27 00:55:00, 0.0, None 
 48.49, -123.94, 20.0, 2011-08-27 01:00:00, 0.0, None 
 48.472, -123.98, 20.0, 2011-08-27 01:02:30, 0.0, None 
 48.455, -123.92, 20.0, 2011-08-27 01:05:00, 0.0, None 
 48.51, -123.91, 20.0, 2011-08-27 01:07:30, 0.0, None 
 48.475, -123.85, 20.0, 2011-08-27 01:10:00, 0.0, None 
 48.515, -123.825, 20.0, 2011-08-27 01:12:30, 0.0, None 
 48.52, -123.955, 20.0, 2011-08-27 01:15:00, 0.0, None 
 48.51, -123.92, 20.0, 2011-08-27 01:17:30, 0.0, None 
 48.54, -123.87700000000001, 20.0, 2011-08-27 01:20:00, 0.0, None 
 48.48, -123.61, 25.5, 2011-08-27 01:22:30, 0.0, None 
 48.52, -123.78, 53.0, 2011-08-27 01:27:30, 0.0, None 
 48.492, -123.855, 36.2, 2011-08-27 01:30:00, 0.0, None 
 48.53, -123.85, 22.5, 2011-08-27 01:32:30, 0.0, None 
 48.52, -123.725, 33.0, 2011-08-27 01:35:00, 0.0, None 
 48.535, -123.73200000000001, 23.0, 2011-08-27 01:37:30, 0.0, None 
 48.59, -123.79, 60.0, 2011-08-27 01:40:00, 0.0, None 
 48.486999999999995, -123.815, 20.0, 2011-08-27 01:42:30, 0.0, None 
 48.475, -123.805, 20.0, 2011-08-27 01:45:00, 0.0, None 
 48.522, -123.76299999999999, 20.0, 2011-08-27 01:47:30, 0.0, None 
 48.555, -123.73, 20.0, 2011-08-27 01:50:00, 0.0, None 
 48.545, -123.735, 20.0, 2011-08-27 01:52:30, 0.0, None 
 48.495, -123.895, 20.0, 2011-08-27 01:55:00, 0.0, None 
 48.51, -123.89, 29.8, 2011-08-27 01:57:30, 0.0, None 
 48.52, -123.9, 20.0, 2011-08-27 02:00:00, 0.0, None 
 48.52, -123.885, 20.0, 2011-08-27 02:02:30, 0.0, None 
 48.361999999999995, -123.74799999999999, 49.0, 2011-08-27 02:05:00, 0.0, None 
 48.45, -123.835, 20.0, 2011-08-27 02:10:00, 0.0, None 
 48.47, -123.845, 20.0, 2011-08-27 02:12:30, 0.0, None 
 48.55, -123.81700000000001, 20.0, 2011-08-27 02:15:00, 0.0, None 
 48.448, -123.852, 20.0, 2011-08-27 02:17:30, 0.0, None 
 48.428000000000004, -123.805, 20.0, 2011-08-27 02:20:00, 0.0, None 
 48.4, -123.78200000000001, 26.0, 2011-08-27 02:22:30, 0.0, None 
 48.415, -123.835, 25.5, 2011-08-27 02:25:00, 0.0, None 
 48.4, -123.86, 20.0, 2011-08-27 02:27:30, 0.0, None 
 48.395, -123.845, 20.0, 2011-08-27 02:30:00, 0.0, None 
 48.457, -123.805, 20.0, 2011-08-27 02:32:30, 0.0, None 
 48.463, -123.815, 20.0, 2011-08-27 02:35:00, 0.0, None 
 48.4, -123.73, 20.0, 2011-08-27 02:37:30, 0.0, None 
 48.415, -123.74, 20.0, 2011-08-27 02:40:00, 0.0, None 
 48.415, -123.725, 20.0, 2011-08-27 02:42:30, 0.0, None 
 48.385, -123.755, 20.0, 2011-08-27 02:45:00, 0.0, None 
 48.445, -123.75, 25.5, 2011-08-27 02:47:30, 0.0, None 
 48.543, -123.78, 44.5, 2011-08-27 02:50:00, 0.0, None 
 48.45, -123.77, 20.0, 2011-08-27 02:52:30, 0.0, None 
 48.492, -123.725, 33.5, 2011-08-27 02:55:00, 0.0, None 
 48.41, -123.78, 32.0, 2011-08-27 03:00:00, 0.0, None 
 48.39, -123.78200000000001, 21.5, 2011-08-27 03:02:30, 0.0, None 
 48.385, -123.73, 20.0, 2011-08-27 03:05:00, 0.0, None 
 48.325, -123.845, 20.0, 2011-08-27 03:12:30, 0.0, None 
 48.36, -123.77799999999999, 40.0, 2011-08-27 03:15:00, 0.0, None 
 48.62, -123.66, 49.0, 2011-08-27 03:17:30, 0.0, None 
 48.47, -123.93, 20.0, 2011-08-27 03:37:30, 0.0, None 
 48.468, -123.90700000000001, 24.0, 2011-08-27 03:40:00, 0.0, None 
 48.53, -123.92, 60.0, 2011-08-27 03:42:30, 0.0, None 
 48.555, -123.93799999999999, 20.0, 2011-08-27 03:55:00, 0.0, None 
 48.5, -123.887, 46.0, 2011-08-27 03:57:30, 0.0, None 
 48.56, -123.96, 33.5, 2011-08-27 04:00:00, 0.0, None 
 48.57, -123.715, 25.5, 2011-08-27 04:02:30, 0.0, None 
 48.57, -123.7, 23.0, 2011-08-27 04:05:00, 0.0, None 
 48.52, -123.93, 20.0, 2011-08-27 04:07:30, 0.0, None 
 48.52, -123.70299999999999, 20.0, 2011-08-27 04:10:00, 0.0, None 
 48.552, -123.745, 25.0, 2011-08-27 04:12:30, 0.0, None 
 48.57, -123.72, 20.0, 2011-08-27 04:15:00, 0.0, None 
 48.565, -123.895, 20.0, 2011-08-27 04:17:30, 0.0, None 
 48.472, -123.875, 33.8, 2011-08-27 04:20:00, 0.0, None 
 48.535, -123.865, 20.0, 2011-08-27 04:22:30, 0.0, None 
 48.58, -123.885, 20.0, 2011-08-27 04:25:00, 0.0, None 
 48.555, -123.885, 20.0, 2011-08-27 04:27:30, 0.0, None 
 48.528, -123.85, 20.0, 2011-08-27 04:30:00, 0.0, None 
 48.49, -123.71, 25.0, 2011-08-27 04:32:30, 0.0, None 
 48.486999999999995, -123.935, 24.2, 2011-08-27 04:45:00, 0.0, None 
 48.465, -123.91, 20.5, 2011-08-27 04:47:30, 0.0, None 
 48.51, -123.868, 20.0, 2011-08-27 04:52:30, 0.0, None 
 48.516999999999996, -123.92, 20.0, 2011-08-27 04:55:00, 0.0, None 
 48.56, -123.85, 60.0, 2011-08-27 04:57:30, 0.0, None 
 48.585, -123.74, 20.0, 2011-08-27 05:02:30, 0.0, None 
 48.68, -123.69, 20.0, 2011-08-27 05:05:00, 0.0, None 
 48.51, -123.88, 20.0, 2011-08-27 05:07:30, 0.0, None 
 48.48, -123.89, 20.0, 2011-08-27 05:12:30, 0.0, None 
 48.57, -123.72, 20.0, 2011-08-27 05:35:00, 0.0, None 
 48.515, -123.85, 20.0, 2011-08-27 05:40:00, 0.0, None 
 48.52, -123.815, 20.0, 2011-08-27 05:42:30, 0.0, None 
 48.545, -123.855, 20.0, 2011-08-27 05:45:00, 0.0, None 
 48.593, -123.885, 20.0, 2011-08-27 05:47:30, 0.0, None 
 48.48, -123.882, 20.0, 2011-08-27 05:50:00, 0.0, None 
 48.532, -123.985, 20.0, 2011-08-27 05:52:30, 0.0, None 
 48.49, -123.92, 20.0, 2011-08-27 05:55:00, 0.0, None 
 48.501999999999995, -123.865, 40.8, 2011-08-27 05:57:30, 0.0, None 
 48.5, -123.895, 34.5, 2011-08-27 06:00:00, 0.0, None 
 48.44, -123.9, 20.0, 2011-08-27 06:02:30, 0.0, None 
 48.4, -123.875, 35.0, 2011-08-27 06:05:00, 0.0, None 
 48.47, -123.9, 20.0, 2011-08-27 06:07:30, 0.0, None 
 48.508, -123.71799999999999, 23.0, 2011-08-27 06:10:00, 0.0, None 
 48.535, -123.69200000000001, 31.0, 2011-08-27 06:12:30, 0.0, None 
 48.525, -123.74, 20.0, 2011-08-27 06:15:00, 0.0, None 
 48.515, -123.785, 20.0, 2011-08-27 06:17:30, 0.0, None 
 48.57, -123.725, 29.0, 2011-08-27 06:20:00, 0.0, None 
 48.595, -123.635, 33.5, 2011-08-27 06:22:30, 0.0, None 
 48.09, -123.59, 60.0, 2011-08-27 07:17:30, 0.0, None 
 48.08, -123.59, 60.0, 2011-08-27 07:20:00, 0.0, None 
 48.485, -124.0, 44.0, 2011-08-27 07:25:00, 0.0, None 
 48.455, -123.85, 20.0, 2011-08-27 08:00:00, 0.0, None 
 48.51, -123.912, 23.0, 2011-08-27 08:07:30, 0.0, None 
 48.485, -123.925, 20.0, 2011-08-27 08:10:00, 0.0, None 
 48.523, -123.945, 20.0, 2011-08-27 08:12:30, 0.0, None 
 48.56, -123.8, 20.0, 2011-08-27 08:15:00, 0.0, None 
 48.565, -123.915, 20.0, 2011-08-27 08:17:30, 0.0, None 
 48.51, -123.87, 20.0, 2011-08-27 08:20:00, 0.0, None 
 48.455, -123.9, 29.2, 2011-08-27 08:22:30, 0.0, None 
 48.51, -123.845, 20.0, 2011-08-27 08:25:00, 0.0, None 
 48.545, -123.895, 20.0, 2011-08-27 08:27:30, 0.0, None 
 48.52, -123.845, 33.5, 2011-08-27 08:30:00, 0.0, None 
 48.505, -123.83, 20.0, 2011-08-27 08:32:30, 0.0, None 
 48.45, -123.845, 20.0, 2011-08-27 08:35:00, 0.0, None 
 48.53, -123.89, 20.0, 2011-08-27 08:37:30, 0.0, None 
 48.55, -123.915, 20.0, 2011-08-27 08:40:00, 0.0, None 
 48.555, -123.93799999999999, 21.8, 2011-08-27 08:42:30, 0.0, None 
 48.55, -123.947, 20.0, 2011-08-27 08:45:00, 0.0, None 
 48.498000000000005, -123.845, 31.2, 2011-08-27 08:47:30, 0.0, None 
 48.55, -123.905, 25.2, 2011-08-27 08:50:00, 0.0, None 
 48.515, -123.735, 20.0, 2011-08-27 08:52:30, 0.0, None 
 48.51, -123.8, 20.0, 2011-08-27 08:55:00, 0.0, None 
 48.547, -123.875, 24.0, 2011-08-27 08:57:30, 0.0, None 
 48.51, -123.64, 20.0, 2011-08-27 09:02:30, 0.0, None 
 48.603, -123.62, 41.5, 2011-08-27 09:05:00, 0.0, None 
 48.505, -123.787, 27.5, 2011-08-27 09:07:30, 0.0, None 
 48.56, -123.85, 23.5, 2011-08-27 09:10:00, 0.0, None 
 48.472, -123.838, 34.0, 2011-08-27 09:12:30, 0.0, None 
 48.46, -123.82799999999999, 20.5, 2011-08-27 09:15:00, 0.0, None 
 48.49, -123.838, 23.8, 2011-08-27 09:17:30, 0.0, None 
 48.513000000000005, -123.855, 34.5, 2011-08-27 09:20:00, 0.0, None 
 48.59, -123.755, 37.0, 2011-08-27 09:22:30, 0.0, None 
 48.64, -123.6, 53.0, 2011-08-27 09:25:00, 0.0, None 
 48.545, -123.64, 28.8, 2011-08-27 09:27:30, 0.0, None 
 48.578, -123.71, 60.0, 2011-08-27 09:30:00, 0.0, None 
 48.49, -123.53, 40.0, 2011-08-27 09:35:00, 0.0, None 
 48.46, -123.905, 60.0, 2011-08-27 09:35:00, 0.0, None 
 48.51, -123.74, 20.0, 2011-08-27 09:37:30, 0.0, None 
 48.53, -123.635, 26.0, 2011-08-27 09:42:30, 0.0, None 
 48.52, -123.645, 26.0, 2011-08-27 09:45:00, 0.0, None 
 48.49, -123.61200000000001, 50.0, 2011-08-27 09:47:30, 0.0, None 
 48.495, -123.68799999999999, 34.0, 2011-08-27 09:50:00, 0.0, None 
 48.538000000000004, -123.705, 24.8, 2011-08-27 09:52:30, 0.0, None 
 48.55, -123.71799999999999, 53.5, 2011-08-27 09:55:00, 0.0, None 
 48.525, -123.715, 36.0, 2011-08-27 09:57:30, 0.0, None 
 48.525, -123.73, 20.0, 2011-08-27 10:00:00, 0.0, None 
 48.556999999999995, -123.765, 20.0, 2011-08-27 10:02:30, 0.0, None 
 48.578, -123.75, 20.0, 2011-08-27 10:05:00, 0.0, None 
 48.54, -123.73, 20.0, 2011-08-27 10:07:30, 0.0, None 
 48.56, -123.755, 22.0, 2011-08-27 10:10:00, 0.0, None 
 48.55, -123.82799999999999, 20.0, 2011-08-27 10:12:30, 0.0, None 
 48.515, -123.55, 23.2, 2011-08-27 10:15:00, 0.0, None 
 48.57, -123.565, 30.5, 2011-08-27 10:17:30, 0.0, None 
 48.545, -123.59299999999999, 31.5, 2011-08-27 10:20:00, 0.0, None 
 48.535, -123.58, 31.0, 2011-08-27 10:22:30, 0.0, None 
 48.53, -123.56, 35.5, 2011-08-27 10:25:00, 0.0, None 
 48.528, -123.555, 42.0, 2011-08-27 10:27:30, 0.0, None 
 48.6, -123.6, 28.0, 2011-08-27 10:30:00, 0.0, None 
 48.5, -123.66, 23.5, 2011-08-27 10:35:00, 0.0, None 
 48.501999999999995, -123.588, 42.0, 2011-08-27 10:37:30, 0.0, None 
 48.68, -123.72, 60.0, 2011-08-27 10:40:00, 0.0, None 
 48.44, -123.48, 60.0, 2011-08-27 10:40:00, 0.0, None 
 48.48, -123.655, 25.0, 2011-08-27 10:42:30, 0.0, None 
 48.516999999999996, -123.507, 55.5, 2011-08-27 10:45:00, 0.0, None 
 48.48, -123.47, 26.5, 2011-08-27 10:47:30, 0.0, None 
 48.5, -123.52799999999999, 26.5, 2011-08-27 10:50:00, 0.0, None 
 48.435, -123.545, 41.5, 2011-08-27 10:52:30, 0.0, None 
 48.498000000000005, -123.618, 32.0, 2011-08-27 10:55:00, 0.0, None 
 48.56, -123.725, 20.0, 2011-08-27 10:57:30, 0.0, None 
 48.51, -123.68, 20.0, 2011-08-27 11:00:00, 0.0, None 
 48.445, -123.7, 29.0, 2011-08-27 11:02:30, 0.0, None 
 48.455, -123.695, 22.5, 2011-08-27 11:05:00, 0.0, None 
 48.475, -123.757, 20.0, 2011-08-27 11:07:30, 0.0, None 
 48.47, -123.755, 29.5, 2011-08-27 11:10:00, 0.0, None 
 48.56, -124.005, 21.0, 2011-08-27 11:12:30, 0.0, None 
 48.525, -123.895, 20.5, 2011-08-27 11:15:00, 0.0, None 
 48.51, -123.935, 20.0, 2011-08-27 11:17:30, 0.0, None 
 48.5, -123.77, 29.0, 2011-08-27 11:20:00, 0.0, None 
 48.66, -123.665, 20.0, 2011-08-27 11:22:30, 0.0, None 
 48.555, -123.59, 32.5, 2011-08-27 11:25:00, 0.0, None 
 48.562, -123.72, 32.8, 2011-08-27 11:27:30, 0.0, None 
 48.565, -123.725, 24.2, 2011-08-27 11:30:00, 0.0, None 
 48.483000000000004, -123.662, 20.0, 2011-08-27 11:32:30, 0.0, None 
 48.486999999999995, -123.78, 40.0, 2011-08-27 11:35:00, 0.0, None 
 48.51, -123.86, 20.0, 2011-08-27 11:37:30, 0.0, None 
 48.535, -123.995, 40.0, 2011-08-27 11:42:30, 0.0, None 
 48.475, -123.91, 20.0, 2011-08-27 11:45:00, 0.0, None 
 48.442, -123.912, 20.0, 2011-08-27 11:47:30, 0.0, None 
 48.461999999999996, -123.805, 39.8, 2011-08-27 11:52:30, 0.0, None 
 48.48, -123.79, 34.0, 2011-08-27 11:55:00, 0.0, None 
 48.45, -123.70700000000001, 60.0, 2011-08-27 11:57:30, 0.0, None 
 48.42, -123.71, 20.0, 2011-08-27 12:00:00, 0.0, None 
 48.445, -123.66, 20.0, 2011-08-27 12:02:30, 0.0, None 
 48.461999999999996, -123.705, 24.5, 2011-08-27 12:05:00, 0.0, None 
 48.45, -123.84299999999999, 30.2, 2011-08-27 12:10:00, 0.0, None 
 48.438, -123.86, 20.0, 2011-08-27 12:12:30, 0.0, None 
 48.3, -123.757, 29.0, 2011-08-27 12:15:00, 0.0, None 
 48.391999999999996, -123.87299999999999, 28.0, 2011-08-27 12:17:30, 0.0, None 
 48.41, -123.88, 20.0, 2011-08-27 12:20:00, 0.0, None 
 48.385, -123.88, 20.0, 2011-08-27 12:22:30, 0.0, None 
 48.4, -123.865, 20.0, 2011-08-27 12:25:00, 0.0, None 
 48.2, -123.83, 20.0, 2011-08-27 12:27:30, 0.0, None 
 48.38, -123.83, 60.0, 2011-08-27 12:30:00, 0.0, None 
 48.395, -123.82, 27.5, 2011-08-27 12:32:30, 0.0, None 
 48.35, -123.76299999999999, 21.8, 2011-08-27 12:35:00, 0.0, None 
 48.37, -123.73, 20.0, 2011-08-27 12:37:30, 0.0, None 
 48.425, -123.56, 37.0, 2011-08-27 12:40:00, 0.0, None 
 48.465, -123.92, 35.0, 2011-08-27 12:42:30, 0.0, None 
 48.405, -123.88, 33.2, 2011-08-27 12:45:00, 0.0, None 
 48.373000000000005, -123.882, 33.5, 2011-08-27 12:47:30, 0.0, None 
 48.367, -123.93799999999999, 29.0, 2011-08-27 12:50:00, 0.0, None 
 48.4, -123.89, 60.0, 2011-08-27 12:55:00, 0.0, None 
 48.005, -123.61, 20.0, 2011-08-27 13:02:30, 0.0, None 
 48.0, -123.6, 40.0, 2011-08-27 13:05:00, 0.0, None 
 48.0, -123.625, 24.0, 2011-08-27 13:07:30, 0.0, None 
 48.0, -123.59, 24.5, 2011-08-27 13:10:00, 0.0, None 
 48.055, -123.60799999999999, 23.5, 2011-08-27 13:12:30, 0.0, None 
 48.052, -123.588, 25.5, 2011-08-27 13:15:00, 0.0, None 
 48.05, -123.72, 45.5, 2011-08-27 13:17:30, 0.0, None 
 47.985, -123.655, 29.5, 2011-08-27 13:20:00, 0.0, None 
 48.03, -123.575, 32.5, 2011-08-27 13:22:30, 0.0, None 
 47.94, -123.62, 20.5, 2011-08-27 13:27:30, 0.0, None 
 48.4, -123.68, 20.0, 2011-08-27 13:30:00, 0.0, None 
 48.01, -123.65, 33.0, 2011-08-27 13:30:00, 0.0, None 
 48.56, -123.815, 20.0, 2011-08-27 13:32:30, 0.0, None 
 48.01, -123.65, 34.0, 2011-08-27 13:32:30, 0.0, None 
 48.56, -123.8, 20.0, 2011-08-27 13:35:00, 0.0, None 
 47.995, -123.605, 28.0, 2011-08-27 13:35:00, 0.0, None 
 48.605, -123.905, 20.0, 2011-08-27 13:37:30, 0.0, None 
 48.532, -123.86, 31.2, 2011-08-27 13:40:00, 0.0, None 
 48.465, -123.835, 20.0, 2011-08-27 13:42:30, 0.0, None 
 48.513000000000005, -123.882, 20.0, 2011-08-27 13:45:00, 0.0, None 
 48.505, -123.945, 53.0, 2011-08-27 13:47:30, 0.0, None 
 47.94, -123.565, 29.5, 2011-08-27 13:50:00, 0.0, None 
 48.57, -123.75, 20.0, 2011-08-27 13:52:30, 0.0, None 
 48.48, -124.0, 50.5, 2011-08-27 14:00:00, 0.0, None 
 48.47, -124.04, 34.0, 2011-08-27 14:02:30, 0.0, None 
 48.01, -123.55, 30.0, 2011-08-27 14:05:00, 0.0, None 
 48.02, -123.49, 35.5, 2011-08-27 14:07:30, 0.0, None 
 47.94, -123.58, 34.5, 2011-08-27 14:10:00, 0.0, None 
 48.02, -123.585, 42.0, 2011-08-27 14:12:30, 0.0, None 
 47.89, -123.52, 48.0, 2011-08-27 14:15:00, 0.0, None 
 48.57, -123.78, 24.0, 2011-08-27 14:17:30, 0.0, None 
 48.3, -123.96, 20.0, 2011-08-27 14:20:00, 0.0, None 
 48.0, -123.63, 36.0, 2011-08-27 14:20:00, 0.0, None 
 48.36, -123.92, 20.0, 2011-08-27 14:22:30, 0.0, None 
 48.375, -123.93, 20.0, 2011-08-27 14:25:00, 0.0, None 
 48.52, -124.02, 31.0, 2011-08-27 14:27:30, 0.0, None 
 48.465, -123.95, 32.8, 2011-08-27 14:30:00, 0.0, None 
 48.5, -124.06, 40.0, 2011-08-27 14:35:00, 0.0, None 
 48.03, -123.81, 20.0, 2011-08-27 14:35:00, 0.0, None 
 48.54, -123.76, 20.0, 2011-08-27 14:40:00, 0.0, None 
 47.99, -123.685, 20.0, 2011-08-27 14:42:30, 0.0, None 
 48.01, -123.645, 20.0, 2011-08-27 14:45:00, 0.0, None 
 48.04, -123.56, 31.0, 2011-08-27 14:47:30, 0.0, None 
 48.0, -123.69, 20.0, 2011-08-27 14:50:00, 0.0, None 
 48.09, -123.59, 20.0, 2011-08-27 14:52:30, 0.0, None 
 48.045, -123.65, 47.0, 2011-08-27 14:55:00, 0.0, None 
 47.97, -123.6, 48.0, 2011-08-27 14:57:30, 0.0, None 
 48.59, -123.81, 20.0, 2011-08-27 15:00:00, 0.0, None 
 48.6, -123.875, 20.0, 2011-08-27 15:02:30, 0.0, None 
 48.59, -123.92, 20.0, 2011-08-27 15:05:00, 0.0, None 
 48.2, -123.73, 60.0, 2011-08-27 15:05:00, 0.0, None 
 48.55, -123.84, 20.0, 2011-08-27 15:07:30, 0.0, None 
 48.1, -123.73, 22.0, 2011-08-27 15:10:00, 0.0, None 
 48.0, -123.76, 20.0, 2011-08-27 15:12:30, 0.0, None 
 48.09, -123.72, 20.0, 2011-08-27 15:15:00, 0.0, None 
 48.69, -123.86, 20.0, 2011-08-27 15:17:30, 0.0, None 
 48.02, -123.79, 20.0, 2011-08-27 15:17:30, 0.0, None 
 48.58, -123.75, 20.0, 2011-08-27 15:20:00, 0.0, None 
 48.03, -123.655, 20.0, 2011-08-27 15:20:00, 0.0, None 
 48.06, -123.69, 20.0, 2011-08-27 15:22:30, 0.0, None 
 48.03, -123.755, 20.0, 2011-08-27 15:25:00, 0.0, None 
 48.02, -123.75, 20.0, 2011-08-27 15:27:30, 0.0, None 
 47.99, -123.75, 20.0, 2011-08-27 15:30:00, 0.0, None 
 47.99, -123.76, 20.0, 2011-08-27 15:32:30, 0.0, None 
 48.31, -123.61, 20.0, 2011-08-27 15:42:30, 0.0, None 
 48.03, -123.81, 60.0, 2011-08-27 15:47:30, 0.0, None 
 48.0, -123.78, 60.0, 2011-08-27 15:55:00, 0.0, None 
 48.68, -123.79, 21.0, 2011-08-27 16:05:00, 0.0, None 
 48.66, -123.77, 20.0, 2011-08-27 16:07:30, 0.0, None 
 48.57, -123.84, 55.0, 2011-08-27 16:10:00, 0.0, None 
 48.03, -123.39, 60.0, 2011-08-27 16:10:00, 0.0, None 
 48.02, -123.49, 20.0, 2011-08-27 16:22:30, 0.0, None 
 47.99, -123.465, 34.0, 2011-08-27 16:25:00, 0.0, None 
 47.995, -123.445, 34.0, 2011-08-27 16:27:30, 0.0, None 
 47.92, -123.52, 60.0, 2011-08-27 16:30:00, 0.0, None 
 47.96, -123.58, 60.0, 2011-08-27 16:32:30, 0.0, None 
 47.98, -123.57, 60.0, 2011-08-27 16:35:00, 0.0, None 
 48.52, -123.91799999999999, 22.2, 2011-08-27 17:02:30, 0.0, None 
 48.73, -123.8, 25.0, 2011-08-27 17:10:00, 0.0, None 
 48.61, -123.89, 20.0, 2011-08-27 17:15:00, 0.0, None 
 48.55, -123.845, 20.0, 2011-08-27 17:17:30, 0.0, None 
 48.55, -123.9, 20.0, 2011-08-27 17:20:00, 0.0, None 
 48.57, -123.715, 20.0, 2011-08-27 17:37:30, 0.0, None 
 48.59, -123.855, 21.2, 2011-08-27 17:40:00, 0.0, None 
 47.88, -123.59, 20.0, 2011-08-27 17:42:30, 0.0, None 
 48.59, -123.85, 35.0, 2011-08-27 17:50:00, 0.0, None 
 48.5, -123.93, 48.0, 2011-08-27 18:00:00, 0.0, None 
 48.53, -123.93, 20.0, 2011-08-27 18:02:30, 0.0, None 
 48.61, -124.03, 30.2, 2011-08-27 18:05:00, 0.0, None 
 48.615, -123.995, 20.0, 2011-08-27 18:22:30, 0.0, None 
 48.61, -123.945, 24.0, 2011-08-27 18:25:00, 0.0, None 
 48.58, -123.7, 20.0, 2011-08-27 18:32:30, 0.0, None 
 48.58, -123.61, 47.0, 2011-08-27 18:40:00, 0.0, None 
 48.605, -123.64, 20.0, 2011-08-27 18:42:30, 0.0, None 
 48.6, -123.77, 20.0, 2011-08-27 18:45:00, 0.0, None 
 48.01, -123.51, 20.0, 2011-08-27 19:47:30, 0.0, None 
 48.0, -123.495, 20.0, 2011-08-27 19:50:00, 0.0, None 
 47.98, -123.52, 20.0, 2011-08-27 19:52:30, 0.0, None 
 48.528, -123.75, 41.0, 2011-08-27 20:30:00, 0.0, None 
 48.475, -123.63, 47.0, 2011-08-27 20:32:30, 0.0, None 
 48.6, -123.72, 21.0, 2011-08-27 20:45:00, 0.0, None 
 48.57, -123.7, 20.0, 2011-08-27 20:47:30, 0.0, None 
 48.67, -123.82, 20.0, 2011-08-27 20:50:00, 0.0, None 
 48.59, -123.833, 29.2, 2011-08-27 20:52:30, 0.0, None 
 48.6, -123.77, 28.0, 2011-08-27 20:55:00, 0.0, None 
 48.61, -123.81, 60.0, 2011-08-27 20:57:30, 0.0, None 
 48.513000000000005, -123.78200000000001, 40.5, 2011-08-27 21:00:00, 0.0, None 
 48.54, -123.85, 26.5, 2011-08-27 21:02:30, 0.0, None 
 48.56, -123.95, 20.0, 2011-08-27 21:05:00, 0.0, None 
 48.51, -123.84, 20.0, 2011-08-27 21:07:30, 0.0, None 
 48.505, -123.87, 28.0, 2011-08-27 21:10:00, 0.0, None 
 48.53, -123.838, 23.0, 2011-08-27 21:12:30, 0.0, None 
 48.55, -123.863, 22.8, 2011-08-27 21:15:00, 0.0, None 
 48.51, -123.85700000000001, 30.5, 2011-08-27 21:17:30, 0.0, None 
 48.495, -123.9, 35.0, 2011-08-27 21:20:00, 0.0, None 
 48.54, -123.965, 44.0, 2011-08-27 21:22:30, 0.0, None 
 48.51, -123.87299999999999, 43.0, 2011-08-27 21:25:00, 0.0, None 
 48.415, -123.75, 60.0, 2011-08-27 21:27:30, 0.0, None 
 48.47, -123.73, 60.0, 2011-08-27 21:37:30, 0.0, None 
 48.51, -123.94, 20.0, 2011-08-27 21:40:00, 0.0, None 
 48.56, -123.97, 29.0, 2011-08-27 21:42:30, 0.0, None 
 48.52, -123.9, 27.0, 2011-08-27 21:45:00, 0.0, None 
 48.53, -123.88, 20.0, 2011-08-27 21:47:30, 0.0, None 
 48.485, -123.9, 24.5, 2011-08-27 21:50:00, 0.0, None 
 48.515, -123.882, 20.5, 2011-08-27 21:52:30, 0.0, None 
 48.505, -123.905, 22.0, 2011-08-27 21:55:00, 0.0, None 
 48.425, -123.88, 40.0, 2011-08-27 21:57:30, 0.0, None 
 48.5, -123.865, 22.5, 2011-08-27 22:00:00, 0.0, None 
 48.505, -123.895, 20.0, 2011-08-27 22:02:30, 0.0, None 
 48.501999999999995, -123.92, 20.0, 2011-08-27 22:05:00, 0.0, None 
 48.485, -123.9, 21.0, 2011-08-27 22:07:30, 0.0, None 
 48.475, -123.898, 21.8, 2011-08-27 22:10:00, 0.0, None 
 48.465, -123.88, 20.0, 2011-08-27 22:12:30, 0.0, None 
 48.49, -123.89, 51.0, 2011-08-27 22:15:00, 0.0, None 
 48.54, -123.91, 26.5, 2011-08-27 22:17:30, 0.0, None 
 48.62, -123.73, 51.0, 2011-08-27 22:20:00, 0.0, None 
 48.43, -123.88, 58.5, 2011-08-27 22:22:30, 0.0, None 
 48.59, -123.86, 36.0, 2011-08-27 22:25:00, 0.0, None 
 48.6, -123.8, 25.0, 2011-08-27 23:17:30, 0.0, None 
 48.67, -123.82, 20.0, 2011-08-27 23:20:00, 0.0, None 
 48.72, -123.78, 60.0, 2011-08-27 23:22:30, 0.0, None 
 48.573, -123.57799999999999, 30.0, 2011-08-27 23:25:00, 0.0, None 
 48.615, -123.695, 31.0, 2011-08-27 23:27:30, 0.0, None 
 48.61, -123.78, 23.0, 2011-08-27 23:30:00, 0.0, None 
 48.64, -123.73, 51.0, 2011-08-27 23:32:30, 0.0, None 
 48.555, -123.65299999999999, 25.5, 2011-08-27 23:35:00, 0.0, None 
 48.62, -123.71, 30.0, 2011-08-27 23:37:30, 0.0, None 
 48.575, -123.815, 42.5, 2011-08-27 23:40:00, 0.0, None 
 48.555, -123.775, 22.8, 2011-08-27 23:42:30, 0.0, None 
 48.555, -123.795, 21.0, 2011-08-27 23:45:00, 0.0, None 
 48.53, -123.74, 21.0, 2011-08-27 23:47:30, 0.0, None 
 48.522, -123.715, 20.0, 2011-08-27 23:50:00, 0.0, None 
 48.535, -123.815, 29.5, 2011-08-27 23:52:30, 0.0, None 
 48.525, -123.803, 21.0, 2011-08-27 23:55:00, 0.0, None 
 48.505, -123.905, 20.0, 2011-08-28 00:00:00, 0.0, None 
 48.567, -123.8, 23.5, 2011-08-28 00:02:30, 0.0, None 
 48.66, -123.44, 45.0, 2011-08-28 00:05:00, 0.0, None 
 48.46, -123.98, 60.0, 2011-08-28 00:07:30, 0.0, None 
 48.516999999999996, -123.895, 20.0, 2011-08-28 00:10:00, 0.0, None 
 48.55, -123.89, 20.0, 2011-08-28 00:12:30, 0.0, None 
 48.528, -123.84, 20.0, 2011-08-28 00:15:00, 0.0, None 
 48.49, -123.84700000000001, 26.2, 2011-08-28 00:17:30, 0.0, None 
 48.66, -123.7, 46.0, 2011-08-28 00:27:30, 0.0, None 
 48.44, -123.852, 43.2, 2011-08-28 00:45:00, 0.0, None 
 48.51, -123.815, 25.8, 2011-08-28 00:47:30, 0.0, None 
 48.515, -123.82, 20.0, 2011-08-28 00:50:00, 0.0, None 
 48.55, -123.91799999999999, 20.0, 2011-08-28 00:52:30, 0.0, None 
 48.505, -123.85, 20.0, 2011-08-28 00:55:00, 0.0, None 
 48.57, -123.83, 20.0, 2011-08-28 00:57:30, 0.0, None 
 48.555, -123.868, 20.0, 2011-08-28 01:00:00, 0.0, None 
 48.53, -123.85, 21.8, 2011-08-28 01:02:30, 0.0, None 
 48.545, -123.875, 20.0, 2011-08-28 01:05:00, 0.0, None 
 48.575, -123.87, 20.0, 2011-08-28 01:07:30, 0.0, None 
 48.573, -123.85799999999999, 20.0, 2011-08-28 01:10:00, 0.0, None 
 48.565, -123.82, 20.0, 2011-08-28 01:12:30, 0.0, None 
 48.5, -123.78200000000001, 25.2, 2011-08-28 01:15:00, 0.0, None 
 48.525, -123.735, 40.0, 2011-08-28 01:17:30, 0.0, None 
 48.51, -123.77, 22.0, 2011-08-28 01:20:00, 0.0, None 
 48.595, -123.67, 20.0, 2011-08-28 01:25:00, 0.0, None 
 48.555, -123.69, 22.2, 2011-08-28 01:27:30, 0.0, None 
 48.51, -123.55, 35.0, 2011-08-28 01:40:00, 0.0, None 
 48.4, -123.93, 40.0, 2011-08-28 01:52:30, 0.0, None 
 48.42, -123.88, 30.0, 2011-08-28 01:57:30, 0.0, None 
 48.422, -123.89, 56.2, 2011-08-28 02:00:00, 0.0, None 
 48.6, -123.92, 42.5, 2011-08-28 02:15:00, 0.0, None 
 48.59, -123.8, 30.0, 2011-08-28 02:17:30, 0.0, None 
 48.69, -123.655, 40.0, 2011-08-28 02:20:00, 0.0, None 
 48.69, -123.73, 20.0, 2011-08-28 02:22:30, 0.0, None 
 48.52, -123.88, 20.0, 2011-08-28 02:30:00, 0.0, None 
 48.49, -123.97, 20.0, 2011-08-28 02:32:30, 0.0, None 
 48.67, -123.67, 59.0, 2011-08-28 02:37:30, 0.0, None 
 48.532, -123.838, 29.0, 2011-08-28 02:40:00, 0.0, None 
 48.6, -123.86, 20.0, 2011-08-28 02:42:30, 0.0, None 
 48.71, -123.64, 47.0, 2011-08-28 03:00:00, 0.0, None 
 48.69, -123.81, 20.0, 2011-08-28 03:02:30, 0.0, None 
 48.635, -123.535, 45.0, 2011-08-28 03:27:30, 0.0, None 
 48.665, -123.69, 20.0, 2011-08-28 03:30:00, 0.0, None 
 48.65, -123.8, 20.0, 2011-08-28 03:32:30, 0.0, None 
 48.59, -123.76, 27.0, 2011-08-28 03:35:00, 0.0, None 
 48.585, -123.78, 26.0, 2011-08-28 03:37:30, 0.0, None 
 48.67, -123.38, 20.0, 2011-08-28 03:40:00, 0.0, None 
 48.625, -123.77, 20.5, 2011-08-28 04:00:00, 0.0, None 
 48.6, -123.77, 20.0, 2011-08-28 04:02:30, 0.0, None 
 48.59, -123.77, 20.0, 2011-08-28 04:05:00, 0.0, None 
 48.58, -123.78, 20.0, 2011-08-28 04:07:30, 0.0, None 
 48.61, -123.55, 31.0, 2011-08-28 04:27:30, 0.0, None 
 48.56, -123.505, 26.0, 2011-08-28 04:30:00, 0.0, None 
 48.555, -123.525, 25.0, 2011-08-28 04:32:30, 0.0, None 
 48.56, -123.54, 25.0, 2011-08-28 04:35:00, 0.0, None 
 48.555, -123.55, 24.5, 2011-08-28 04:37:30, 0.0, None 
 48.6, -123.69, 20.0, 2011-08-28 04:40:00, 0.0, None 
 48.49, -123.55, 40.0, 2011-08-28 04:55:00, 0.0, None 
 48.6, -123.85, 24.0, 2011-08-28 05:45:00, 0.0, None 
 48.6, -123.675, 39.0, 2011-08-28 05:50:00, 0.0, None 
 48.61, -123.71, 25.0, 2011-08-28 05:52:30, 0.0, None 
 48.71, -123.63, 29.0, 2011-08-28 05:55:00, 0.0, None 
 48.58, -123.52, 60.0, 2011-08-28 06:40:00, 0.0, None 
 48.58, -123.78, 20.0, 2011-08-28 07:27:30, 0.0, None 
 48.59, -123.76, 23.5, 2011-08-28 07:32:30, 0.0, None 
 48.605, -123.72, 32.0, 2011-08-28 07:35:00, 0.0, None 
 48.675, -123.65, 33.5, 2011-08-28 07:37:30, 0.0, None 
 48.605, -123.78, 31.0, 2011-08-28 07:47:30, 0.0, None 
 48.585, -123.76, 20.0, 2011-08-28 07:52:30, 0.0, None 
 48.6, -123.735, 29.8, 2011-08-28 07:55:00, 0.0, None 
 48.597, -123.697, 24.8, 2011-08-28 07:57:30, 0.0, None 
 48.585, -123.715, 20.0, 2011-08-28 08:00:00, 0.0, None 
 48.6, -123.61, 42.0, 2011-08-28 08:02:30, 0.0, None 
 48.5, -123.72, 45.0, 2011-08-28 08:05:00, 0.0, None 
 48.555, -123.57, 33.8, 2011-08-28 08:07:30, 0.0, None 
 48.62, -123.61, 42.0, 2011-08-28 08:10:00, 0.0, None 
 48.6, -123.79, 20.0, 2011-08-28 08:12:30, 0.0, None 
 48.59, -123.8, 26.0, 2011-08-28 08:25:00, 0.0, None 
 48.55, -123.86, 29.0, 2011-08-28 08:27:30, 0.0, None 
 48.7, -123.87, 27.0, 2011-08-28 08:30:00, 0.0, None 
 48.71, -123.85, 33.0, 2011-08-28 08:35:00, 0.0, None 
 48.68, -123.76, 20.0, 2011-08-28 09:30:00, 0.0, None 
 48.57, -123.775, 26.5, 2011-08-28 09:45:00, 0.0, None 
 48.62, -123.71, 60.0, 2011-08-28 09:57:30, 0.0, None 
 48.69, -123.49, 29.0, 2011-08-28 11:27:30, 0.0, None 
 48.62, -123.38, 42.0, 2011-08-28 11:30:00, 0.0, None 
 48.61, -123.59, 22.0, 2011-08-28 11:32:30, 0.0, None 
 48.62, -123.435, 33.5, 2011-08-28 11:35:00, 0.0, None 
 48.63, -123.35, 42.0, 2011-08-28 11:37:30, 0.0, None 
 48.595, -123.44200000000001, 35.0, 2011-08-28 11:40:00, 0.0, None 
 48.605, -123.512, 34.8, 2011-08-28 11:42:30, 0.0, None 
 48.63, -123.54, 31.0, 2011-08-28 11:45:00, 0.0, None 
 48.575, -123.485, 39.8, 2011-08-28 11:47:30, 0.0, None 
 48.575, -123.58200000000001, 29.5, 2011-08-28 11:50:00, 0.0, None 
 48.552, -123.52799999999999, 23.5, 2011-08-28 11:52:30, 0.0, None 
 48.535, -123.523, 29.0, 2011-08-28 11:55:00, 0.0, None 
 48.61, -123.58, 44.2, 2011-08-28 11:57:30, 0.0, None 
 48.61, -123.645, 35.5, 2011-08-28 12:00:00, 0.0, None 
 48.61, -123.74, 28.2, 2011-08-28 12:02:30, 0.0, None 
 48.63, -123.68, 43.0, 2011-08-28 12:05:00, 0.0, None 
 48.61, -123.655, 20.0, 2011-08-28 12:07:30, 0.0, None 
 48.535, -123.595, 20.0, 2011-08-28 12:10:00, 0.0, None 
 48.59, -123.72, 20.0, 2011-08-28 12:12:30, 0.0, None 
 48.605, -123.605, 32.0, 2011-08-28 12:15:00, 0.0, None 
 48.593, -123.63, 24.5, 2011-08-28 12:17:30, 0.0, None 
 48.585, -123.74, 20.0, 2011-08-28 12:20:00, 0.0, None 
 48.515, -123.79, 51.0, 2011-08-28 12:22:30, 0.0, None 
 48.51, -123.885, 41.0, 2011-08-28 12:25:00, 0.0, None 
 48.56, -123.64200000000001, 27.5, 2011-08-28 12:27:30, 0.0, None 
 48.585, -123.61, 30.5, 2011-08-28 12:30:00, 0.0, None 
 48.55, -123.72200000000001, 20.0, 2011-08-28 12:32:30, 0.0, None 
 48.582, -123.825, 20.0, 2011-08-28 12:35:00, 0.0, None 
 48.58, -123.825, 20.0, 2011-08-28 12:37:30, 0.0, None 
 48.57, -123.84, 30.0, 2011-08-28 12:40:00, 0.0, None 
 48.6, -123.68, 20.0, 2011-08-28 12:45:00, 0.0, None 
 48.61, -123.685, 20.0, 2011-08-28 12:47:30, 0.0, None 
 48.605, -123.83, 23.0, 2011-08-28 12:50:00, 0.0, None 
 48.55, -123.89, 20.0, 2011-08-28 12:52:30, 0.0, None 
 48.575, -123.84299999999999, 20.0, 2011-08-28 12:55:00, 0.0, None 
 48.525, -123.87299999999999, 20.0, 2011-08-28 12:57:30, 0.0, None 
 48.515, -123.95, 20.0, 2011-08-28 13:00:00, 0.0, None 
 48.485, -123.905, 29.2, 2011-08-28 13:07:30, 0.0, None 
 48.516999999999996, -123.945, 27.8, 2011-08-28 13:10:00, 0.0, None 
 48.48, -124.01700000000001, 25.0, 2011-08-28 13:12:30, 0.0, None 
 48.505, -123.94, 20.0, 2011-08-28 13:15:00, 0.0, None 
 48.58, -123.94, 20.0, 2011-08-28 13:17:30, 0.0, None 
 48.585, -123.95299999999999, 20.0, 2011-08-28 13:20:00, 0.0, None 
 48.495, -123.928, 32.2, 2011-08-28 13:22:30, 0.0, None 
 48.525, -123.935, 20.0, 2011-08-28 13:25:00, 0.0, None 
 48.565, -123.97, 20.0, 2011-08-28 13:27:30, 0.0, None 
 48.56, -123.94, 34.8, 2011-08-28 13:30:00, 0.0, None 
 48.505, -123.905, 23.0, 2011-08-28 13:32:30, 0.0, None 
 48.49, -123.895, 30.5, 2011-08-28 13:35:00, 0.0, None 
 48.51, -123.94200000000001, 20.0, 2011-08-28 13:37:30, 0.0, None 
 48.475, -123.947, 24.0, 2011-08-28 13:40:00, 0.0, None 
 48.427, -123.91, 20.0, 2011-08-28 13:42:30, 0.0, None 
 48.472, -123.905, 24.5, 2011-08-28 13:45:00, 0.0, None 
 48.435, -123.88, 58.8, 2011-08-28 13:47:30, 0.0, None 
 48.507, -123.94, 20.0, 2011-08-28 13:50:00, 0.0, None 
 48.53, -123.895, 20.0, 2011-08-28 13:52:30, 0.0, None 
 48.545, -123.88, 20.0, 2011-08-28 13:55:00, 0.0, None 
 48.54, -123.74, 47.0, 2011-08-28 13:57:30, 0.0, None 
 48.6, -123.79, 39.5, 2011-08-28 14:00:00, 0.0, None 
 48.585, -123.85, 46.5, 2011-08-28 14:02:30, 0.0, None 
 48.53, -123.882, 20.8, 2011-08-28 14:05:00, 0.0, None 
 48.53, -123.838, 52.0, 2011-08-28 14:07:30, 0.0, None 
 48.57, -123.9, 22.0, 2011-08-28 14:12:30, 0.0, None 
 48.57, -123.62, 60.0, 2011-08-28 16:55:00, 0.0, None 
 48.495, -123.92, 36.5, 2011-08-28 19:27:30, 0.0, None 
 48.51, -123.97, 37.0, 2011-08-28 19:30:00, 0.0, None 
 48.63, -123.69, 45.0, 2011-08-28 21:37:30, 0.0, None 
 48.63, -123.81, 20.5, 2011-08-28 21:42:30, 0.0, None 
 48.61, -123.7, 20.0, 2011-08-28 21:45:00, 0.0, None 
 48.59, -123.775, 20.0, 2011-08-28 21:47:30, 0.0, None 
 48.64, -123.71, 30.0, 2011-08-28 21:50:00, 0.0, None 
 48.68, -123.58, 60.0, 2011-08-28 21:55:00, 0.0, None 
 48.38, -123.78, 20.0, 2011-08-28 21:55:00, 0.0, None 
 48.62, -123.59, 24.5, 2011-08-28 22:52:30, 0.0, None 
 48.65, -123.92, 26.0, 2011-08-28 22:55:00, 0.0, None 
 48.61, -123.87, 50.2, 2011-08-28 22:57:30, 0.0, None 
 48.6, -123.84, 20.0, 2011-08-28 23:00:00, 0.0, None 
 48.62, -123.4, 20.0, 2011-08-28 23:02:30, 0.0, None 
 48.55, -123.475, 31.0, 2011-08-28 23:20:00, 0.0, None 
 48.68, -123.54, 21.0, 2011-08-28 23:22:30, 0.0, None 
 48.62, -123.45, 20.0, 2011-08-28 23:27:30, 0.0, None 
 48.71, -123.75, 40.0, 2011-08-28 23:30:00, 0.0, None 
 48.58, -123.83, 26.0, 2011-08-28 23:45:00, 0.0, None 
 48.58, -123.68, 20.0, 2011-08-28 23:47:30, 0.0, None 
 48.605, -123.63, 38.5, 2011-08-28 23:50:00, 0.0, None 
 48.583, -123.72200000000001, 20.8, 2011-08-28 23:52:30, 0.0, None 
 48.61, -123.91, 20.0, 2011-08-28 23:55:00, 0.0, None 
 48.61, -123.62, 20.0, 2011-08-29 00:00:00, 0.0, None 
 48.63, -123.77, 22.2, 2011-08-29 00:02:30, 0.0, None 
 48.63, -123.745, 21.0, 2011-08-29 00:05:00, 0.0, None 
 48.59, -123.76, 20.0, 2011-08-29 00:07:30, 0.0, None 
 48.58, -123.77, 20.0, 2011-08-29 00:10:00, 0.0, None 
 48.625, -123.85, 23.2, 2011-08-29 00:12:30, 0.0, None 
 48.608000000000004, -123.83, 25.2, 2011-08-29 00:15:00, 0.0, None 
 48.525, -123.875, 21.0, 2011-08-29 00:17:30, 0.0, None 
 48.595, -123.825, 22.0, 2011-08-29 00:20:00, 0.0, None 
 48.58, -123.89, 20.0, 2011-08-29 00:22:30, 0.0, None 
 48.575, -123.92, 20.0, 2011-08-29 00:25:00, 0.0, None 
 48.605, -123.93, 20.0, 2011-08-29 00:27:30, 0.0, None 
 48.6, -123.94, 20.2, 2011-08-29 00:30:00, 0.0, None 
 48.573, -123.855, 20.0, 2011-08-29 00:32:30, 0.0, None 
 48.59, -123.8, 20.0, 2011-08-29 00:35:00, 0.0, None 
 48.623000000000005, -123.84, 20.0, 2011-08-29 00:37:30, 0.0, None 
 48.595, -123.84, 20.0, 2011-08-29 00:40:00, 0.0, None 
 48.51, -123.87, 20.0, 2011-08-29 00:42:30, 0.0, None 
 48.52, -123.81, 20.0, 2011-08-29 00:45:00, 0.0, None 
 48.505, -123.81700000000001, 24.0, 2011-08-29 00:52:30, 0.0, None 
 48.555, -123.868, 20.0, 2011-08-29 00:55:00, 0.0, None 
 48.545, -123.855, 40.0, 2011-08-29 00:57:30, 0.0, None 
 48.53, -123.6, 52.0, 2011-08-29 01:05:00, 0.0, None 
 48.56, -123.925, 56.0, 2011-08-29 01:57:30, 0.0, None 
 48.6, -123.89, 20.0, 2011-08-29 02:02:30, 0.0, None 
 48.59, -123.88, 20.0, 2011-08-29 02:05:00, 0.0, None 
 48.55, -123.92, 20.0, 2011-08-29 02:07:30, 0.0, None 
 48.558, -123.95299999999999, 20.0, 2011-08-29 02:10:00, 0.0, None 
 48.55, -123.91, 20.0, 2011-08-29 02:12:30, 0.0, None 
 48.575, -123.85, 20.0, 2011-08-29 02:15:00, 0.0, None 
 48.555, -123.963, 20.0, 2011-08-29 02:17:30, 0.0, None 
 48.558, -123.915, 23.5, 2011-08-29 02:20:00, 0.0, None 
 48.57, -123.915, 45.2, 2011-08-29 02:22:30, 0.0, None 
 48.69, -123.91, 23.0, 2011-08-29 02:45:00, 0.0, None 
 48.44, -123.69, 20.0, 2011-08-29 02:55:00, 0.0, None 
 48.66, -123.74, 60.0, 2011-08-29 02:57:30, 0.0, None 
 48.67, -123.75, 20.0, 2011-08-29 03:00:00, 0.0, None 
 48.64, -123.675, 20.0, 2011-08-29 03:02:30, 0.0, None 
 48.61, -123.715, 20.0, 2011-08-29 03:05:00, 0.0, None 
 48.6, -123.78, 23.0, 2011-08-29 03:07:30, 0.0, None 
 48.54, -123.64, 20.0, 2011-08-29 03:10:00, 0.0, None 
 48.43, -123.7, 27.0, 2011-08-29 03:20:00, 0.0, None 
 48.59, -123.87, 29.0, 2011-08-29 03:22:30, 0.0, None 
 48.66, -123.88, 34.8, 2011-08-29 03:25:00, 0.0, None 
 48.65, -123.855, 36.2, 2011-08-29 03:27:30, 0.0, None 
 48.59, -123.87, 25.0, 2011-08-29 03:30:00, 0.0, None 
 48.655, -123.92, 22.0, 2011-08-29 03:32:30, 0.0, None 
 48.56, -124.0, 60.0, 2011-08-29 03:35:00, 0.0, None 
 48.53, -124.4, 20.0, 2011-08-29 04:15:00, 0.0, None 
 48.61, -124.07, 20.0, 2011-08-29 04:35:00, 0.0, None 
 48.52, -123.99, 32.0, 2011-08-29 04:42:30, 0.0, None 
 48.542, -123.898, 24.0, 2011-08-29 04:45:00, 0.0, None 
 48.6, -123.99, 20.0, 2011-08-29 04:47:30, 0.0, None 
 48.5, -124.4, 20.0, 2011-08-29 05:02:30, 0.0, None 
 48.585, -123.94, 48.0, 2011-08-29 05:22:30, 0.0, None 
 48.59, -124.09, 32.0, 2011-08-29 05:25:00, 0.0, None 
 48.62, -124.1, 32.0, 2011-08-29 05:27:30, 0.0, None 
 48.52, -123.98, 20.0, 2011-08-29 05:35:00, 0.0, None 
 48.52, -124.38, 20.0, 2011-08-29 06:02:30, 0.0, None 
 48.59, -123.89, 20.0, 2011-08-29 06:07:30, 0.0, None 
 48.69, -123.905, 58.0, 2011-08-29 06:15:00, 0.0, None 
 48.585, -124.005, 20.0, 2011-08-29 06:47:30, 0.0, None 
 48.51, -124.39, 20.0, 2011-08-29 07:05:00, 0.0, None 
 48.61, -123.7, 31.0, 2011-08-29 07:07:30, 0.0, None 
 48.6, -123.64, 60.0, 2011-08-29 07:10:00, 0.0, None 
 48.58, -123.9, 20.0, 2011-08-29 07:15:00, 0.0, None 
 48.525, -123.91, 24.5, 2011-08-29 07:17:30, 0.0, None 
 48.53, -123.93799999999999, 26.0, 2011-08-29 07:20:00, 0.0, None 
 48.57, -123.94, 20.0, 2011-08-29 07:22:30, 0.0, None 
 48.57, -123.9, 21.0, 2011-08-29 07:25:00, 0.0, None 
 48.595, -123.94, 20.0, 2011-08-29 07:27:30, 0.0, None 
 48.515, -123.88, 23.8, 2011-08-29 07:30:00, 0.0, None 
 48.59, -123.86, 20.0, 2011-08-29 08:10:00, 0.0, None 
 48.59, -123.86, 20.0, 2011-08-29 08:12:30, 0.0, None 
 48.39, -123.97, 40.0, 2011-08-29 08:15:00, 0.0, None 
 48.62, -123.72, 30.0, 2011-08-29 08:40:00, 0.0, None 
 48.52, -123.79, 37.0, 2011-08-29 09:05:00, 0.0, None 
 48.6, -123.66, 44.0, 2011-08-29 09:07:30, 0.0, None 
 48.65, -123.7, 30.0, 2011-08-29 09:12:30, 0.0, None 
 48.665, -123.71, 33.0, 2011-08-29 09:15:00, 0.0, None 
 48.43, -123.83, 20.0, 2011-08-29 09:15:00, 0.0, None 
 48.7, -123.8, 26.0, 2011-08-29 09:17:30, 0.0, None 
 48.565, -123.88, 24.0, 2011-08-29 09:20:00, 0.0, None 
 48.665, -123.77, 20.0, 2011-08-29 09:22:30, 0.0, None 
 48.64, -123.78, 20.0, 2011-08-29 09:25:00, 0.0, None 
 48.56, -123.72, 20.0, 2011-08-29 09:52:30, 0.0, None 
 48.64, -123.73, 30.0, 2011-08-29 09:55:00, 0.0, None 
 48.63, -123.88, 20.0, 2011-08-29 10:22:30, 0.0, None 
 48.625, -123.89, 48.0, 2011-08-29 10:27:30, 0.0, None 
 48.59, -123.81, 42.0, 2011-08-29 10:30:00, 0.0, None 
 48.59, -123.9, 33.0, 2011-08-29 10:32:30, 0.0, None 
 48.595, -123.795, 44.2, 2011-08-29 10:35:00, 0.0, None 
 48.633, -123.88799999999999, 20.0, 2011-08-29 10:37:30, 0.0, None 
 48.61, -123.8, 54.5, 2011-08-29 10:40:00, 0.0, None 
 48.57, -124.14, 20.0, 2011-08-29 10:45:00, 0.0, None 
 48.58, -124.01, 20.0, 2011-08-29 10:47:30, 0.0, None 
 48.61, -123.94, 20.0, 2011-08-29 10:55:00, 0.0, None 
 48.7, -123.775, 60.0, 2011-08-29 10:57:30, 0.0, None 
 48.61, -123.955, 20.0, 2011-08-29 11:00:00, 0.0, None 
 48.59, -124.025, 20.0, 2011-08-29 11:02:30, 0.0, None 
 48.51, -123.91, 31.0, 2011-08-29 11:05:00, 0.0, None 
 48.55, -124.0, 30.0, 2011-08-29 11:07:30, 0.0, None 
 48.535, -123.9, 34.0, 2011-08-29 11:10:00, 0.0, None 
 48.55, -123.947, 20.0, 2011-08-29 11:12:30, 0.0, None 
 48.585, -123.965, 20.0, 2011-08-29 11:15:00, 0.0, None 
 48.565, -124.005, 20.0, 2011-08-29 11:17:30, 0.0, None 
 48.525, -123.97, 28.8, 2011-08-29 11:20:00, 0.0, None 
 48.522, -123.915, 20.0, 2011-08-29 11:22:30, 0.0, None 
 48.59, -123.96, 20.0, 2011-08-29 11:25:00, 0.0, None 
 48.588, -123.96, 20.0, 2011-08-29 11:27:30, 0.0, None 
 48.6, -123.91, 22.2, 2011-08-29 11:30:00, 0.0, None 
 48.59, -123.9, 20.0, 2011-08-29 11:32:30, 0.0, None 
 48.595, -123.78, 20.0, 2011-08-29 11:35:00, 0.0, None 
 48.59, -123.865, 20.0, 2011-08-29 11:37:30, 0.0, None 
 48.6, -123.865, 20.0, 2011-08-29 11:40:00, 0.0, None 
 48.6, -123.84, 29.5, 2011-08-29 11:42:30, 0.0, None 
 48.53, -123.79, 21.0, 2011-08-29 11:45:00, 0.0, None 
 48.52, -123.79, 23.5, 2011-08-29 11:47:30, 0.0, None 
 48.585, -123.93, 20.0, 2011-08-29 11:50:00, 0.0, None 
 48.61, -123.84, 20.0, 2011-08-29 11:52:30, 0.0, None 
 48.62, -123.8, 20.0, 2011-08-29 11:55:00, 0.0, None 
 48.51, -124.0, 33.0, 2011-08-29 12:02:30, 0.0, None 
 48.525, -123.88, 48.5, 2011-08-29 12:05:00, 0.0, None 
 48.52, -123.91, 20.0, 2011-08-29 12:07:30, 0.0, None 
 48.525, -123.905, 20.0, 2011-08-29 12:10:00, 0.0, None 
 48.583, -123.823, 27.5, 2011-08-29 12:12:30, 0.0, None 
 48.605, -123.81, 25.0, 2011-08-29 12:15:00, 0.0, None 
 48.678000000000004, -123.86, 23.0, 2011-08-29 12:17:30, 0.0, None 
 48.51, -123.97, 20.0, 2011-08-29 12:20:00, 0.0, None 
 48.62, -123.79, 60.0, 2011-08-29 12:22:30, 0.0, None 
 48.63, -123.79, 20.0, 2011-08-29 12:25:00, 0.0, None 
 48.63, -123.77, 28.0, 2011-08-29 12:27:30, 0.0, None 
 48.62, -123.81, 41.0, 2011-08-29 12:30:00, 0.0, None 
 48.535, -123.85, 50.0, 2011-08-29 12:32:30, 0.0, None 
 48.528, -123.83, 20.0, 2011-08-29 12:35:00, 0.0, None 
 48.54, -123.91799999999999, 20.0, 2011-08-29 12:37:30, 0.0, None 
 48.555, -123.93, 20.0, 2011-08-29 12:40:00, 0.0, None 
 48.552, -123.898, 20.8, 2011-08-29 12:42:30, 0.0, None 
 48.58, -123.905, 20.0, 2011-08-29 12:45:00, 0.0, None 
 48.63, -123.92200000000001, 20.0, 2011-08-29 12:47:30, 0.0, None 
 48.525, -123.875, 20.0, 2011-08-29 12:50:00, 0.0, None 
 48.5, -123.89200000000001, 39.8, 2011-08-29 12:52:30, 0.0, None 
 48.525, -123.785, 32.5, 2011-08-29 12:55:00, 0.0, None 
 48.56, -123.805, 44.5, 2011-08-29 12:57:30, 0.0, None 
 48.52, -123.93, 36.0, 2011-08-29 13:00:00, 0.0, None 
 48.53, -123.715, 48.5, 2011-08-29 13:02:30, 0.0, None 
 48.52, -123.757, 34.8, 2011-08-29 13:05:00, 0.0, None 
 48.49, -123.75, 20.0, 2011-08-29 13:07:30, 0.0, None 
 48.555, -123.77, 20.0, 2011-08-29 13:10:00, 0.0, None 
 48.535, -123.71, 20.5, 2011-08-29 13:12:30, 0.0, None 
 48.505, -123.785, 34.0, 2011-08-29 13:15:00, 0.0, None 
 48.59, -123.68, 20.0, 2011-08-29 13:20:00, 0.0, None 
 48.57, -123.78, 22.2, 2011-08-29 13:22:30, 0.0, None 
 48.61, -123.82799999999999, 47.2, 2011-08-29 13:25:00, 0.0, None 
 48.555, -123.80799999999999, 20.8, 2011-08-29 13:27:30, 0.0, None 
 48.555, -123.87, 20.0, 2011-08-29 13:30:00, 0.0, None 
 48.535, -123.965, 20.0, 2011-08-29 13:32:30, 0.0, None 
 48.55, -123.98, 20.0, 2011-08-29 13:35:00, 0.0, None 
 48.56, -123.955, 24.0, 2011-08-29 13:37:30, 0.0, None 
 48.54, -123.823, 20.0, 2011-08-29 13:40:00, 0.0, None 
 48.58, -124.005, 29.0, 2011-08-29 13:42:30, 0.0, None 
 48.52, -124.02, 28.0, 2011-08-29 13:47:30, 0.0, None 
 48.47, -123.84, 20.0, 2011-08-29 13:50:00, 0.0, None 
 48.435, -123.87, 26.0, 2011-08-29 13:52:30, 0.0, None 
 48.46, -123.9, 40.0, 2011-08-29 13:55:00, 0.0, None 
 48.48, -123.87, 20.0, 2011-08-29 13:57:30, 0.0, None 
 48.48, -123.88, 20.0, 2011-08-29 14:00:00, 0.0, None 
 48.535, -123.875, 20.0, 2011-08-29 14:05:00, 0.0, None 
 48.53, -123.875, 20.0, 2011-08-29 14:07:30, 0.0, None 
 48.483000000000004, -123.825, 29.8, 2011-08-29 14:10:00, 0.0, None 
 48.44, -123.99, 20.0, 2011-08-29 14:12:30, 0.0, None 
 48.49, -123.76, 20.0, 2011-08-29 14:15:00, 0.0, None 
 48.42, -123.83, 38.0, 2011-08-29 14:17:30, 0.0, None 
 48.555, -123.945, 26.0, 2011-08-29 14:27:30, 0.0, None 
 48.54, -123.925, 20.0, 2011-08-29 14:30:00, 0.0, None 
 48.48, -123.85, 20.0, 2011-08-29 14:32:30, 0.0, None 
 48.47, -123.75, 28.0, 2011-08-29 14:35:00, 0.0, None 
 48.49, -123.75, 20.0, 2011-08-29 14:37:30, 0.0, None 
 48.42, -123.89, 20.0, 2011-08-29 14:47:30, 0.0, None 
 48.41, -123.98, 20.0, 2011-08-29 14:50:00, 0.0, None 
 48.47, -123.83, 20.0, 2011-08-29 14:52:30, 0.0, None 
 48.47, -123.77, 20.0, 2011-08-29 14:55:00, 0.0, None 
 48.42, -123.855, 39.0, 2011-08-29 14:57:30, 0.0, None 
 48.45, -123.92, 20.5, 2011-08-29 15:00:00, 0.0, None 
 48.47, -123.79, 53.0, 2011-08-29 15:05:00, 0.0, None 
 48.49, -123.86, 23.5, 2011-08-29 15:12:30, 0.0, None 
 48.4, -123.83, 53.0, 2011-08-29 15:15:00, 0.0, None 
 48.42, -123.88, 53.0, 2011-08-29 15:17:30, 0.0, None 
 48.405, -123.86, 20.0, 2011-08-29 15:20:00, 0.0, None 
 48.395, -123.88, 20.0, 2011-08-29 15:22:30, 0.0, None 
 48.385, -123.8, 20.0, 2011-08-29 15:27:30, 0.0, None 
 48.33, -123.89, 41.0, 2011-08-29 15:30:00, 0.0, None 
 48.305, -123.86, 47.5, 2011-08-29 15:35:00, 0.0, None 
 48.41, -123.82, 20.0, 2011-08-29 15:37:30, 0.0, None 
 48.34, -123.89, 40.0, 2011-08-29 15:45:00, 0.0, None 
 48.4, -123.89, 36.0, 2011-08-29 15:47:30, 0.0, None 
 48.415, -123.88, 20.0, 2011-08-29 15:50:00, 0.0, None 
 48.495, -123.66, 60.0, 2011-08-29 22:25:00, 0.0, None 
 48.5, -123.66, 60.0, 2011-08-29 22:27:30, 0.0, None 
 48.61, -123.97, 60.0, 2011-08-29 22:40:00, 0.0, None 
 48.56, -123.895, 27.0, 2011-08-29 23:00:00, 0.0, None 
 48.54, -123.915, 23.0, 2011-08-29 23:02:30, 0.0, None 
 48.56, -124.06, 53.0, 2011-08-29 23:05:00, 0.0, None 
 48.5, -123.77, 21.0, 2011-08-29 23:15:00, 0.0, None 
 48.68, -123.66, 20.0, 2011-08-29 23:32:30, 0.0, None 
 48.63, -123.645, 30.0, 2011-08-29 23:35:00, 0.0, None 
 48.55, -123.7, 40.0, 2011-08-29 23:52:30, 0.0, None 
 48.61, -123.855, 53.0, 2011-08-30 00:00:00, 0.0, None 
 48.66, -123.62, 25.0, 2011-08-30 00:07:30, 0.0, None 
 48.68, -123.61, 22.0, 2011-08-30 00:10:00, 0.0, None 
 48.64, -123.715, 20.0, 2011-08-30 00:35:00, 0.0, None 
 48.64, -123.72, 32.5, 2011-08-30 00:37:30, 0.0, None 
 48.61, -123.63, 31.0, 2011-08-30 00:40:00, 0.0, None 
 48.57, -123.65299999999999, 24.5, 2011-08-30 00:42:30, 0.0, None 
 48.57, -123.645, 23.5, 2011-08-30 00:45:00, 0.0, None 
 48.653, -123.68, 32.0, 2011-08-30 00:50:00, 0.0, None 
 48.672, -123.645, 41.5, 2011-08-30 00:52:30, 0.0, None 
 48.76, -123.8, 30.0, 2011-08-30 00:55:00, 0.0, None 
 48.67, -123.705, 30.5, 2011-08-30 01:05:00, 0.0, None 
 48.65, -123.615, 39.2, 2011-08-30 01:07:30, 0.0, None 
 48.69, -123.68, 35.5, 2011-08-30 01:40:00, 0.0, None 
 48.67, -123.685, 35.0, 2011-08-30 01:42:30, 0.0, None 
 48.57, -123.74, 60.0, 2011-08-30 01:45:00, 0.0, None 
 48.66, -123.9, 60.0, 2011-08-30 02:15:00, 0.0, None 
 48.71, -123.648, 33.0, 2011-08-30 02:22:30, 0.0, None 
 48.685, -123.66799999999999, 31.8, 2011-08-30 02:25:00, 0.0, None 
 48.53, -123.7, 28.0, 2011-08-30 02:27:30, 0.0, None 
 48.62, -123.49, 48.0, 2011-08-30 02:30:00, 0.0, None 
 48.66, -123.685, 27.0, 2011-08-30 02:32:30, 0.0, None 
 48.66, -123.58, 33.0, 2011-08-30 02:35:00, 0.0, None 
 48.608000000000004, -123.743, 20.8, 2011-08-30 02:37:30, 0.0, None 
 48.565, -123.83200000000001, 23.0, 2011-08-30 02:40:00, 0.0, None 
 48.59, -123.84, 20.0, 2011-08-30 02:42:30, 0.0, None 
 48.6, -123.785, 20.0, 2011-08-30 02:45:00, 0.0, None 
 48.678000000000004, -123.60700000000001, 27.0, 2011-08-30 02:47:30, 0.0, None 
 48.7, -123.97, 60.0, 2011-08-30 02:50:00, 0.0, None 
 48.5, -123.42, 60.0, 2011-08-30 02:50:00, 0.0, None 
 48.7, -124.005, 60.0, 2011-08-30 02:52:30, 0.0, None 
 48.61, -123.495, 60.0, 2011-08-30 02:52:30, 0.0, None 
 48.61, -123.59, 60.0, 2011-08-30 02:57:30, 0.0, None 
 48.61, -123.62, 20.0, 2011-08-30 03:02:30, 0.0, None 
 48.69, -123.6, 31.0, 2011-08-30 03:05:00, 0.0, None 
 48.7, -123.78, 20.0, 2011-08-30 03:07:30, 0.0, None 
 48.58, -123.39, 50.0, 2011-08-30 03:10:00, 0.0, None 
 48.58, -123.49, 40.0, 2011-08-30 03:12:30, 0.0, None 
 48.68, -123.56, 20.0, 2011-08-30 03:17:30, 0.0, None 
 48.64, -123.5, 35.0, 2011-08-30 03:22:30, 0.0, None 
 48.52, -123.49, 20.0, 2011-08-30 03:25:00, 0.0, None 
 48.575, -123.435, 29.0, 2011-08-30 03:27:30, 0.0, None 
 48.685, -123.64, 33.2, 2011-08-30 03:32:30, 0.0, None 
 48.6, -123.45, 34.8, 2011-08-30 03:35:00, 0.0, None 
 48.7, -123.61, 33.0, 2011-08-30 03:52:30, 0.0, None 
 48.71, -123.84, 60.0, 2011-08-30 04:02:30, 0.0, None 
 48.71, -123.76, 27.0, 2011-08-30 04:05:00, 0.0, None 
 48.61, -123.55, 20.0, 2011-08-30 04:10:00, 0.0, None 
 48.59, -123.57, 26.0, 2011-08-30 04:12:30, 0.0, None 
 48.62, -123.395, 37.5, 2011-08-30 04:32:30, 0.0, None 
 48.61, -123.465, 32.5, 2011-08-30 04:35:00, 0.0, None 
 48.68, -123.96, 60.0, 2011-08-30 04:57:30, 0.0, None 
 46.58, -123.01, 20.0, 2011-08-30 05:37:30, 0.0, None 
 48.74, -123.92, 28.0, 2011-08-30 05:50:00, 0.0, None 
 48.65, -123.94, 24.0, 2011-08-30 05:52:30, 0.0, None 
 48.705, -123.735, 21.5, 2011-08-30 06:25:00, 0.0, None 
 48.685, -123.845, 25.5, 2011-08-30 06:27:30, 0.0, None 
 48.7, -123.93, 27.5, 2011-08-30 06:30:00, 0.0, None 
 48.595, -123.66, 60.0, 2011-08-30 07:12:30, 0.0, None 
 48.595, -123.655, 46.0, 2011-08-30 07:15:00, 0.0, None 
 48.76, -123.79, 60.0, 2011-08-30 07:17:30, 0.0, None 
 48.638000000000005, -123.645, 46.5, 2011-08-30 07:20:00, 0.0, None 
 48.75, -123.68, 60.0, 2011-08-30 07:22:30, 0.0, None 
 48.72, -123.63, 48.0, 2011-08-30 07:25:00, 0.0, None 
 48.72, -123.7, 28.0, 2011-08-30 07:27:30, 0.0, None 
 48.51, -123.51, 32.0, 2011-08-30 07:27:30, 0.0, None 
 48.72, -123.69, 46.0, 2011-08-30 07:35:00, 0.0, None 
 48.66, -123.7, 27.0, 2011-08-30 07:45:00, 0.0, None 
 48.69, -123.68, 48.0, 2011-08-30 07:47:30, 0.0, None 
 48.688, -123.68, 29.8, 2011-08-30 07:50:00, 0.0, None 
 48.635, -123.645, 27.5, 2011-08-30 07:52:30, 0.0, None 
 48.73, -123.68, 45.0, 2011-08-30 07:55:00, 0.0, None 
 48.67, -123.81, 27.0, 2011-08-30 08:10:00, 0.0, None 
 48.66, -123.86, 47.0, 2011-08-30 08:12:30, 0.0, None 
 48.72, -123.8, 47.0, 2011-08-30 08:15:00, 0.0, None 
 48.7, -123.8, 60.0, 2011-08-30 08:17:30, 0.0, None 
 48.71, -123.83, 45.0, 2011-08-30 08:20:00, 0.0, None 
 48.725, -123.80799999999999, 24.5, 2011-08-30 08:22:30, 0.0, None 
 48.71, -123.73, 30.0, 2011-08-30 08:25:00, 0.0, None 
 48.71, -123.87, 37.0, 2011-08-30 08:27:30, 0.0, None 
 48.67, -123.77, 33.0, 2011-08-30 08:30:00, 0.0, None 
 48.71, -123.8, 60.0, 2011-08-30 09:45:00, 0.0, None 
 48.7, -123.8, 60.0, 2011-08-30 09:47:30, 0.0, None 
 48.75, -123.88, 31.0, 2011-08-30 09:50:00, 0.0, None 
 48.58, -123.6, 41.0, 2011-08-30 10:35:00, 0.0, None 
 48.645, -123.68, 30.5, 2011-08-30 10:37:30, 0.0, None 
 48.65, -123.675, 37.8, 2011-08-30 10:40:00, 0.0, None 
 48.635, -123.74, 21.5, 2011-08-30 10:42:30, 0.0, None 
 48.66, -123.645, 28.0, 2011-08-30 10:52:30, 0.0, None 
 48.685, -123.665, 27.5, 2011-08-30 10:55:00, 0.0, None 
 48.655, -123.655, 26.5, 2011-08-30 10:57:30, 0.0, None 
 48.685, -123.583, 51.8, 2011-08-30 11:00:00, 0.0, None 
 48.648, -123.645, 33.5, 2011-08-30 11:02:30, 0.0, None 
 48.755, -123.685, 28.8, 2011-08-30 11:07:30, 0.0, None 
 48.69, -123.69, 20.0, 2011-08-30 11:10:00, 0.0, None 
 48.52, -123.59, 25.0, 2011-08-30 11:15:00, 0.0, None 
 48.59, -124.0, 20.0, 2011-08-30 11:50:00, 0.0, None 
 48.49, -124.025, 24.0, 2011-08-30 11:52:30, 0.0, None 
 48.78, -123.6, 22.5, 2011-08-30 11:57:30, 0.0, None 
 48.73, -123.685, 20.0, 2011-08-30 12:00:00, 0.0, None 
 48.69, -123.73, 37.0, 2011-08-30 12:02:30, 0.0, None 
 48.655, -123.775, 39.0, 2011-08-30 12:05:00, 0.0, None 
 48.5, -123.99, 23.0, 2011-08-30 12:07:30, 0.0, None 
 48.78, -123.675, 60.0, 2011-08-30 12:10:00, 0.0, None 
 48.63, -123.68, 25.0, 2011-08-30 12:12:30, 0.0, None 
 48.64, -123.68, 20.0, 2011-08-30 12:15:00, 0.0, None 
 48.625, -123.635, 20.2, 2011-08-30 12:17:30, 0.0, None 
 48.605, -123.7, 20.0, 2011-08-30 12:20:00, 0.0, None 
 48.52, -123.61, 33.5, 2011-08-30 12:22:30, 0.0, None 
 48.56, -123.69, 32.0, 2011-08-30 12:25:00, 0.0, None 
 48.64, -123.72, 24.5, 2011-08-30 12:27:30, 0.0, None 
 48.69, -123.975, 49.0, 2011-08-30 12:30:00, 0.0, None 
 48.715, -123.97, 48.0, 2011-08-30 12:32:30, 0.0, None 
 48.66, -123.7, 20.0, 2011-08-30 12:45:00, 0.0, None 
 48.61, -123.66, 30.0, 2011-08-30 12:47:30, 0.0, None 
 48.65, -123.66, 46.0, 2011-08-30 12:50:00, 0.0, None 
 48.58, -124.035, 37.5, 2011-08-30 12:52:30, 0.0, None 
 48.67, -123.86, 60.0, 2011-08-30 12:55:00, 0.0, None 
 48.66, -123.78, 57.8, 2011-08-30 12:57:30, 0.0, None 
 48.68, -123.66, 27.0, 2011-08-30 13:00:00, 0.0, None 
 48.6, -123.727, 25.5, 2011-08-30 13:02:30, 0.0, None 
 48.69, -123.7, 26.5, 2011-08-30 13:05:00, 0.0, None 
 48.63, -123.965, 35.0, 2011-08-30 13:12:30, 0.0, None 
 48.61, -123.905, 36.0, 2011-08-30 13:15:00, 0.0, None 
 48.63, -123.75, 20.0, 2011-08-30 13:17:30, 0.0, None 
 48.67, -123.7, 35.5, 2011-08-30 13:20:00, 0.0, None 
 48.72, -123.78, 43.0, 2011-08-30 13:22:30, 0.0, None 
 48.568000000000005, -123.79700000000001, 54.0, 2011-08-30 13:25:00, 0.0, None 
 48.56, -123.825, 25.0, 2011-08-30 13:27:30, 0.0, None 
 48.66, -123.88, 20.0, 2011-08-30 13:30:00, 0.0, None 
 48.59, -123.87, 20.0, 2011-08-30 13:32:30, 0.0, None 
 48.57, -123.90700000000001, 20.0, 2011-08-30 13:37:30, 0.0, None 
 48.59, -123.86, 53.0, 2011-08-30 13:40:00, 0.0, None 
 48.59, -123.85799999999999, 20.0, 2011-08-30 13:42:30, 0.0, None 
 48.59, -123.87, 23.0, 2011-08-30 13:45:00, 0.0, None 
 48.56, -123.89, 20.0, 2011-08-30 13:47:30, 0.0, None 
 48.58, -123.9, 20.0, 2011-08-30 13:50:00, 0.0, None 
 48.575, -123.89, 32.2, 2011-08-30 13:52:30, 0.0, None 
 48.59, -123.825, 23.0, 2011-08-30 13:55:00, 0.0, None 
 48.595, -123.81, 40.8, 2011-08-30 13:57:30, 0.0, None 
 48.57, -123.875, 22.5, 2011-08-30 14:00:00, 0.0, None 
 48.55, -123.93, 22.5, 2011-08-30 14:02:30, 0.0, None 
 48.585, -123.898, 20.0, 2011-08-30 14:05:00, 0.0, None 
 48.588, -123.865, 24.0, 2011-08-30 14:07:30, 0.0, None 
 48.505, -123.85799999999999, 36.5, 2011-08-30 14:10:00, 0.0, None 
 48.545, -123.7, 21.0, 2011-08-30 14:12:30, 0.0, None 
 48.57, -123.74, 20.0, 2011-08-30 14:15:00, 0.0, None 
 48.565, -123.8, 38.8, 2011-08-30 14:17:30, 0.0, None 
 48.545, -123.852, 20.0, 2011-08-30 14:20:00, 0.0, None 
 48.555, -123.85700000000001, 20.0, 2011-08-30 14:22:30, 0.0, None 
 48.52, -123.865, 29.0, 2011-08-30 14:25:00, 0.0, None 
 48.6, -123.833, 53.2, 2011-08-30 14:27:30, 0.0, None 
 48.52, -123.81, 28.5, 2011-08-30 14:30:00, 0.0, None 
 48.49, -123.86, 20.0, 2011-08-30 14:32:30, 0.0, None 
 48.51, -123.87, 20.0, 2011-08-30 14:35:00, 0.0, None 
 48.55, -123.75, 21.2, 2011-08-30 14:37:30, 0.0, None 
 48.61, -123.65, 20.0, 2011-08-30 14:45:00, 0.0, None 
 48.6, -123.67, 20.0, 2011-08-30 14:47:30, 0.0, None 
 48.54, -123.99, 25.5, 2011-08-30 15:05:00, 0.0, None 
 48.56, -123.95, 20.0, 2011-08-30 15:07:30, 0.0, None 
 48.745, -123.75, 37.5, 2011-08-30 15:25:00, 0.0, None 
 48.66, -123.9, 48.0, 2011-08-30 16:05:00, 0.0, None 
 48.66, -123.64, 60.0, 2011-08-30 17:00:00, 0.0, None 
 48.6, -123.97, 24.0, 2011-08-30 17:47:30, 0.0, None 
 48.64, -123.79, 20.0, 2011-08-30 17:50:00, 0.0, None 
 48.66, -123.805, 29.0, 2011-08-30 18:10:00, 0.0, None 
 48.525, -123.835, 60.0, 2011-08-30 18:17:30, 0.0, None 
 48.68, -123.855, 57.0, 2011-08-30 19:55:00, 0.0, None 
 48.62, -123.78, 60.0, 2011-08-30 19:57:30, 0.0, None 
 48.56, -123.82, 20.0, 2011-08-30 20:05:00, 0.0, None 
 48.735, -123.895, 23.0, 2011-08-30 20:07:30, 0.0, None 
 48.59, -123.96, 22.0, 2011-08-30 20:10:00, 0.0, None 
 48.42, -123.99, 54.0, 2011-08-30 20:55:00, 0.0, None 
 48.66, -123.9, 40.0, 2011-08-30 21:00:00, 0.0, None 
 48.68, -123.91, 33.5, 2011-08-30 21:12:30, 0.0, None 
 48.655, -123.9, 21.0, 2011-08-30 21:15:00, 0.0, None 
 48.55, -123.99, 33.0, 2011-08-30 21:17:30, 0.0, None 
 48.72, -123.84, 31.0, 2011-08-30 21:25:00, 0.0, None 
 48.685, -123.85, 30.5, 2011-08-30 22:30:00, 0.0, None 
 48.67, -123.85, 20.0, 2011-08-30 22:32:30, 0.0, None 
 48.7, -124.06, 38.0, 2011-08-30 22:35:00, 0.0, None 
 48.58, -123.99, 27.0, 2011-08-30 23:00:00, 0.0, None 
 48.66, -123.99, 20.0, 2011-08-30 23:02:30, 0.0, None 
 48.59, -124.03, 31.0, 2011-08-30 23:05:00, 0.0, None 
 48.625, -123.58, 22.0, 2011-08-30 23:37:30, 0.0, None 
 48.725, -123.595, 25.5, 2011-08-30 23:42:30, 0.0, None 
 48.7, -123.64, 20.0, 2011-08-30 23:45:00, 0.0, None 
 48.67, -123.63, 26.0, 2011-08-30 23:47:30, 0.0, None 
 48.595, -123.61, 20.0, 2011-08-30 23:50:00, 0.0, None 
 48.66, -123.84, 30.0, 2011-08-31 00:57:30, 0.0, None 
 48.65, -123.91, 36.0, 2011-08-31 01:00:00, 0.0, None 
 48.7, -123.88, 29.0, 2011-08-31 01:02:30, 0.0, None 
 48.68, -123.91, 21.5, 2011-08-31 01:05:00, 0.0, None 
 48.62, -123.97, 28.0, 2011-08-31 01:07:30, 0.0, None 
 48.625, -123.84, 24.8, 2011-08-31 01:10:00, 0.0, None 
 48.66, -123.925, 22.0, 2011-08-31 01:12:30, 0.0, None 
 48.885, -124.01, 60.0, 2011-08-31 01:27:30, 0.0, None 
 48.71, -123.95, 35.0, 2011-08-31 01:30:00, 0.0, None 
 48.63, -123.89, 27.0, 2011-08-31 01:42:30, 0.0, None 
 48.6, -123.868, 40.0, 2011-08-31 01:47:30, 0.0, None 
 48.605, -123.87700000000001, 20.0, 2011-08-31 01:52:30, 0.0, None 
 48.655, -123.855, 22.5, 2011-08-31 01:55:00, 0.0, None 
 48.623000000000005, -123.765, 60.0, 2011-08-31 01:57:30, 0.0, None 
 48.63, -123.82, 20.0, 2011-08-31 02:00:00, 0.0, None 
 48.67, -123.91, 20.0, 2011-08-31 02:02:30, 0.0, None 
 48.668, -123.93299999999999, 28.0, 2011-08-31 02:05:00, 0.0, None 
 48.64, -123.71, 50.5, 2011-08-31 02:22:30, 0.0, None 
 48.7, -123.75, 30.0, 2011-08-31 02:25:00, 0.0, None 
 48.64, -123.7, 32.0, 2011-08-31 02:27:30, 0.0, None 
 48.73, -123.655, 44.0, 2011-08-31 02:37:30, 0.0, None 
 48.725, -123.595, 32.8, 2011-08-31 02:40:00, 0.0, None 
 48.8, -123.94, 41.5, 2011-08-31 02:45:00, 0.0, None 
 48.685, -123.71, 60.0, 2011-08-31 02:57:30, 0.0, None 
 48.75, -123.64, 20.0, 2011-08-31 03:00:00, 0.0, None 
 48.61, -124.01, 20.0, 2011-08-31 03:15:00, 0.0, None 
 48.66, -124.08, 32.0, 2011-08-31 03:20:00, 0.0, None 
 48.62, -124.05, 33.5, 2011-08-31 03:22:30, 0.0, None 
 48.62, -124.02, 32.0, 2011-08-31 03:25:00, 0.0, None 
 48.69, -123.92, 33.0, 2011-08-31 03:27:30, 0.0, None 
 48.71, -123.89, 45.0, 2011-08-31 03:30:00, 0.0, None 
 48.7, -123.88, 25.5, 2011-08-31 03:32:30, 0.0, None 
 48.58, -123.91, 20.0, 2011-08-31 03:35:00, 0.0, None 
 48.65, -123.63, 32.0, 2011-08-31 03:40:00, 0.0, None 
 48.68, -123.625, 26.0, 2011-08-31 03:42:30, 0.0, None 
 48.67, -123.71, 35.0, 2011-08-31 03:55:00, 0.0, None 
 48.67, -123.7, 56.5, 2011-08-31 03:57:30, 0.0, None 
 48.69, -123.99, 25.0, 2011-08-31 04:37:30, 0.0, None 
 48.67, -123.89, 29.0, 2011-08-31 05:12:30, 0.0, None 
 48.64, -123.95, 39.0, 2011-08-31 05:15:00, 0.0, None 
 48.69, -123.96, 36.0, 2011-08-31 05:17:30, 0.0, None 
 48.69, -123.95, 20.0, 2011-08-31 05:20:00, 0.0, None 
 48.605, -123.95, 29.5, 2011-08-31 05:27:30, 0.0, None 
 48.65, -124.015, 60.0, 2011-08-31 05:30:00, 0.0, None 
 48.71, -123.995, 29.5, 2011-08-31 05:32:30, 0.0, None 
 48.635, -123.93, 35.5, 2011-08-31 05:35:00, 0.0, None 
 48.74, -123.735, 28.5, 2011-08-31 05:37:30, 0.0, None 
 48.75, -123.74, 23.0, 2011-08-31 05:40:00, 0.0, None 
 48.745, -123.58, 20.0, 2011-08-31 05:50:00, 0.0, None 
 48.71, -123.63, 20.0, 2011-08-31 05:52:30, 0.0, None 
 48.677, -123.655, 60.0, 2011-08-31 05:57:30, 0.0, None 
 48.775, -123.635, 30.5, 2011-08-31 06:00:00, 0.0, None 
 48.67, -123.785, 52.0, 2011-08-31 06:02:30, 0.0, None 
 48.62, -123.77, 60.0, 2011-08-31 06:05:00, 0.0, None 
 48.61, -123.725, 20.0, 2011-08-31 06:12:30, 0.0, None 
 48.6, -123.96, 20.0, 2011-08-31 06:17:30, 0.0, None 
 48.725, -123.6, 20.0, 2011-08-31 06:22:30, 0.0, None 
 48.742, -123.625, 20.0, 2011-08-31 06:25:00, 0.0, None 
 48.64, -123.73, 31.0, 2011-08-31 06:47:30, 0.0, None 
 48.65, -123.705, 34.0, 2011-08-31 06:50:00, 0.0, None 
 48.69, -123.7, 33.0, 2011-08-31 06:52:30, 0.0, None 
 48.695, -123.805, 24.0, 2011-08-31 06:55:00, 0.0, None 
 48.665, -123.97, 39.0, 2011-08-31 07:00:00, 0.0, None 
 48.68, -123.87, 51.0, 2011-08-31 07:02:30, 0.0, None 
 48.69, -123.92, 38.0, 2011-08-31 07:05:00, 0.0, None 
 48.645, -123.895, 37.5, 2011-08-31 07:07:30, 0.0, None 
 48.66, -123.99, 44.0, 2011-08-31 07:10:00, 0.0, None 
 48.69, -123.97, 31.0, 2011-08-31 07:12:30, 0.0, None 
 48.69, -123.915, 29.0, 2011-08-31 07:15:00, 0.0, None 
 48.7, -123.91, 32.0, 2011-08-31 07:17:30, 0.0, None 
 48.7, -123.85, 42.0, 2011-08-31 08:32:30, 0.0, None 
 48.72, -123.95, 35.0, 2011-08-31 08:35:00, 0.0, None 
 48.7, -123.99, 36.0, 2011-08-31 08:37:30, 0.0, None 
 48.62, -123.97, 33.0, 2011-08-31 08:40:00, 0.0, None 
 48.73, -123.79, 27.5, 2011-08-31 08:50:00, 0.0, None 
 48.695, -123.635, 20.0, 2011-08-31 08:52:30, 0.0, None 
 47.2, -122.6, 20.0, 2011-08-31 09:20:00, 0.0, None 
 48.8, -123.53, 30.0, 2011-08-31 09:32:30, 0.0, None 
 48.77, -123.6, 26.0, 2011-08-31 09:35:00, 0.0, None 
 47.2, -122.68, 60.0, 2011-08-31 09:47:30, 0.0, None 
 47.7, -122.9, 60.0, 2011-08-31 09:57:30, 0.0, None 
 48.815, -123.4, 32.0, 2011-08-31 10:12:30, 0.0, None 
 48.87, -123.57, 28.0, 2011-08-31 10:22:30, 0.0, None 
 48.835, -123.59, 27.5, 2011-08-31 10:25:00, 0.0, None 
 48.78, -123.83, 20.0, 2011-08-31 10:35:00, 0.0, None 
 48.68, -123.98, 39.0, 2011-08-31 10:47:30, 0.0, None 
 48.57, -124.09, 27.0, 2011-08-31 10:50:00, 0.0, None 
 48.665, -124.1, 26.5, 2011-08-31 10:52:30, 0.0, None 
 48.615, -124.0, 34.5, 2011-08-31 10:55:00, 0.0, None 
 48.63, -124.055, 60.0, 2011-08-31 10:57:30, 0.0, None 
 48.59, -124.09, 33.0, 2011-08-31 11:00:00, 0.0, None 
 48.61, -124.01, 34.0, 2011-08-31 11:02:30, 0.0, None 
 48.58, -123.96, 41.0, 2011-08-31 11:05:00, 0.0, None 
 48.59, -124.03, 45.0, 2011-08-31 11:07:30, 0.0, None 
 48.83, -123.53, 40.0, 2011-08-31 11:32:30, 0.0, None 
 48.85, -123.495, 38.5, 2011-08-31 11:35:00, 0.0, None 
 48.87, -123.595, 20.0, 2011-08-31 11:37:30, 0.0, None 
 48.83, -123.63, 20.0, 2011-08-31 11:40:00, 0.0, None 
 48.6, -124.01, 25.0, 2011-08-31 12:00:00, 0.0, None 
 48.68, -124.03, 29.0, 2011-08-31 12:20:00, 0.0, None 
 48.65, -123.76, 28.0, 2011-08-31 12:22:30, 0.0, None 
 48.785, -123.405, 20.0, 2011-08-31 12:35:00, 0.0, None 
 48.645, -124.125, 22.5, 2011-08-31 12:50:00, 0.0, None 
 48.66, -124.08, 20.5, 2011-08-31 12:52:30, 0.0, None 
 48.64, -123.94, 20.0, 2011-08-31 12:55:00, 0.0, None 
 48.63, -123.98, 60.0, 2011-08-31 12:57:30, 0.0, None 
 48.61, -124.0, 21.5, 2011-08-31 13:00:00, 0.0, None 
 48.69, -123.83, 20.0, 2011-08-31 13:02:30, 0.0, None 
 48.71, -123.86, 32.5, 2011-08-31 13:05:00, 0.0, None 
 48.715, -123.81, 20.0, 2011-08-31 13:07:30, 0.0, None 
 48.69, -123.86, 21.0, 2011-08-31 13:10:00, 0.0, None 
 48.683, -123.98, 40.0, 2011-08-31 13:12:30, 0.0, None 
 48.63, -123.895, 34.0, 2011-08-31 13:15:00, 0.0, None 
 48.63, -123.93, 20.0, 2011-08-31 13:17:30, 0.0, None 
 48.62, -124.02, 45.5, 2011-08-31 13:20:00, 0.0, None 
 48.74, -124.02, 60.0, 2011-08-31 13:22:30, 0.0, None 
 48.605, -123.885, 23.8, 2011-08-31 13:25:00, 0.0, None 
 48.58, -123.84, 40.0, 2011-08-31 13:27:30, 0.0, None 
 48.71, -123.91, 35.0, 2011-08-31 13:45:00, 0.0, None 
 48.75, -123.97, 20.0, 2011-08-31 13:47:30, 0.0, None 
 48.72, -123.645, 20.0, 2011-08-31 14:30:00, 0.0, None 
 47.0, -123.5, 20.0, 2011-08-31 14:32:30, 0.0, None 
 48.59, -123.83, 44.0, 2011-08-31 14:52:30, 0.0, None 
 48.0, -121.7, 20.0, 2011-08-31 15:30:00, 0.0, None 
 48.89, -123.49, 40.0, 2011-08-31 15:37:30, 0.0, None 
 48.91, -123.5, 29.5, 2011-08-31 15:40:00, 0.0, None 
 48.9, -123.65, 24.0, 2011-08-31 16:07:30, 0.0, None 
 48.89, -123.64, 20.0, 2011-08-31 16:10:00, 0.0, None 
 48.87, -123.61, 20.0, 2011-08-31 16:22:30, 0.0, None 
 48.88, -123.61, 20.0, 2011-08-31 16:25:00, 0.0, None 
 48.49, -123.99, 20.0, 2011-08-31 16:40:00, 0.0, None 
 48.38, -123.86, 60.0, 2011-08-31 16:55:00, 0.0, None 
 48.635, -123.92, 60.0, 2011-08-31 16:57:30, 0.0, None 
 48.7, -123.89, 60.0, 2011-08-31 17:00:00, 0.0, None 
 48.7, -123.94, 29.0, 2011-08-31 17:02:30, 0.0, None 
 48.59, -123.97, 60.0, 2011-08-31 17:12:30, 0.0, None 
 48.58, -123.97, 42.0, 2011-08-31 17:15:00, 0.0, None 
 48.6, -123.92, 20.0, 2011-08-31 17:17:30, 0.0, None 
 48.62, -123.91, 20.0, 2011-08-31 17:20:00, 0.0, None 
 48.635, -123.895, 33.2, 2011-08-31 17:22:30, 0.0, None 
 48.6, -123.89, 25.5, 2011-08-31 17:25:00, 0.0, None 
 48.5, -124.01, 22.0, 2011-08-31 17:30:00, 0.0, None 
 48.79, -123.99, 39.0, 2011-08-31 18:15:00, 0.0, None 
 48.37, -123.875, 20.0, 2011-08-31 18:30:00, 0.0, None 
 48.38, -123.92, 40.0, 2011-08-31 18:40:00, 0.0, None 
 48.635, -124.115, 52.5, 2011-08-31 18:50:00, 0.0, None 
 48.7, -124.12, 34.0, 2011-08-31 18:55:00, 0.0, None 
 48.8, -123.64, 25.0, 2011-08-31 20:57:30, 0.0, None 
 48.59, -123.77, 20.0, 2011-08-31 22:37:30, 0.0, None 
 48.78, -123.55, 26.0, 2011-08-31 23:52:30, 0.0, None 
 48.8, -123.725, 47.5, 2011-09-01 00:17:30, 0.0, None 
 48.83, -123.77, 56.0, 2011-09-01 00:20:00, 0.0, None 
 48.73, -124.0, 45.0, 2011-09-01 01:30:00, 0.0, None 
 48.82, -123.655, 20.0, 2011-09-01 01:32:30, 0.0, None 
 48.76, -123.5, 40.0, 2011-09-01 01:50:00, 0.0, None 
 48.68, -123.975, 20.0, 2011-09-01 01:55:00, 0.0, None 
 48.68, -123.98, 53.0, 2011-09-01 01:57:30, 0.0, None 
 48.71, -123.945, 25.0, 2011-09-01 02:00:00, 0.0, None 
 48.64, -123.99, 26.0, 2011-09-01 02:02:30, 0.0, None 
 48.68, -123.91, 31.0, 2011-09-01 02:10:00, 0.0, None 
 48.685, -123.91, 40.0, 2011-09-01 02:12:30, 0.0, None 
 48.7, -124.0, 20.0, 2011-09-01 02:15:00, 0.0, None 
 48.69, -123.89, 24.0, 2011-09-01 02:17:30, 0.0, None 
 48.75, -124.035, 23.8, 2011-09-01 02:20:00, 0.0, None 
 48.77, -123.87, 60.0, 2011-09-01 02:22:30, 0.0, None 
 48.72, -123.98, 51.0, 2011-09-01 02:25:00, 0.0, None 
 48.72, -123.94, 24.0, 2011-09-01 02:27:30, 0.0, None 
 48.76, -123.85, 49.0, 2011-09-01 02:32:30, 0.0, None 
 48.69, -123.87, 20.0, 2011-09-01 02:35:00, 0.0, None 
 48.68, -123.88, 25.0, 2011-09-01 02:37:30, 0.0, None 
 48.725, -123.945, 24.5, 2011-09-01 02:40:00, 0.0, None 
 48.635, -123.845, 29.0, 2011-09-01 02:42:30, 0.0, None 
 48.74, -123.795, 22.0, 2011-09-01 02:45:00, 0.0, None 
 48.745, -123.917, 20.0, 2011-09-01 02:47:30, 0.0, None 
 48.7, -123.9, 31.0, 2011-09-01 02:50:00, 0.0, None 
 48.77, -123.82, 20.0, 2011-09-01 02:55:00, 0.0, None 
 48.73, -123.68, 60.0, 2011-09-01 02:57:30, 0.0, None 
 48.68, -123.53, 20.0, 2011-09-01 03:00:00, 0.0, None 
 48.725, -123.82, 20.0, 2011-09-01 03:02:30, 0.0, None 
 48.7, -123.83, 20.0, 2011-09-01 03:05:00, 0.0, None 
 48.7, -123.915, 54.0, 2011-09-01 03:12:30, 0.0, None 
 48.763000000000005, -123.68299999999999, 32.5, 2011-09-01 03:15:00, 0.0, None 
 48.71, -123.535, 58.0, 2011-09-01 03:17:30, 0.0, None 
 48.6, -123.8, 20.0, 2011-09-01 03:27:30, 0.0, None 
 48.64, -123.93, 40.0, 2011-09-01 03:32:30, 0.0, None 
 48.565, -123.9, 30.0, 2011-09-01 03:40:00, 0.0, None 
 48.665, -123.94, 20.0, 2011-09-01 03:42:30, 0.0, None 
 48.64, -123.99, 28.0, 2011-09-01 03:45:00, 0.0, None 
 48.58, -123.96, 27.0, 2011-09-01 03:47:30, 0.0, None 
 48.715, -124.07, 22.2, 2011-09-01 03:50:00, 0.0, None 
 48.62, -123.955, 20.0, 2011-09-01 03:52:30, 0.0, None 
 48.63, -123.88, 28.5, 2011-09-01 03:55:00, 0.0, None 
 48.67, -123.87299999999999, 60.0, 2011-09-01 03:57:30, 0.0, None 
 48.62, -123.93, 20.0, 2011-09-01 04:00:00, 0.0, None 
 48.66, -124.0, 37.5, 2011-09-01 04:02:30, 0.0, None 
 48.61, -123.61, 20.0, 2011-09-01 04:07:30, 0.0, None 
 48.635, -123.84, 35.5, 2011-09-01 04:10:00, 0.0, None 
 48.63, -123.81, 40.0, 2011-09-01 04:12:30, 0.0, None 
 48.68, -123.815, 20.0, 2011-09-01 04:15:00, 0.0, None 
 48.61, -123.98, 45.0, 2011-09-01 04:20:00, 0.0, None 
 48.6, -123.915, 45.0, 2011-09-01 04:22:30, 0.0, None 
 48.64, -123.97, 20.0, 2011-09-01 04:25:00, 0.0, None 
 48.62, -123.87, 32.0, 2011-09-01 04:27:30, 0.0, None 
 48.61, -123.86, 28.0, 2011-09-01 04:30:00, 0.0, None 
 48.61, -123.84299999999999, 24.0, 2011-09-01 04:32:30, 0.0, None 
 48.595, -123.86, 20.0, 2011-09-01 04:35:00, 0.0, None 
 48.625, -123.865, 20.0, 2011-09-01 04:37:30, 0.0, None 
 48.705, -123.86200000000001, 20.0, 2011-09-01 04:40:00, 0.0, None 
 48.815, -123.72, 22.0, 2011-09-01 05:00:00, 0.0, None 
 48.9, -123.72, 20.0, 2011-09-01 05:02:30, 0.0, None 
 48.96, -123.595, 60.0, 2011-09-01 05:05:00, 0.0, None 
 48.68, -123.7, 20.0, 2011-09-01 05:27:30, 0.0, None 
 48.66, -123.68, 29.0, 2011-09-01 05:30:00, 0.0, None 
 48.62, -123.705, 28.0, 2011-09-01 05:32:30, 0.0, None 
 48.67, -123.625, 20.0, 2011-09-01 05:37:30, 0.0, None 
 48.65, -123.605, 20.0, 2011-09-01 05:40:00, 0.0, None 
 48.695, -123.67, 28.0, 2011-09-01 05:52:30, 0.0, None 
 48.79, -123.85, 44.0, 2011-09-01 05:55:00, 0.0, None 
 48.71, -124.01, 20.0, 2011-09-01 06:07:30, 0.0, None 
 48.91, -123.55, 50.0, 2011-09-01 06:35:00, 0.0, None 
 48.76, -123.56, 46.0, 2011-09-01 06:42:30, 0.0, None 
 48.885, -123.74, 20.0, 2011-09-01 06:52:30, 0.0, None 
 48.82, -123.67, 20.0, 2011-09-01 06:55:00, 0.0, None 
 48.8, -123.68, 20.0, 2011-09-01 06:57:30, 0.0, None 
 48.8, -123.725, 20.0, 2011-09-01 07:00:00, 0.0, None 
 48.815, -123.7, 45.0, 2011-09-01 07:47:30, 0.0, None 
 48.81, -123.93, 60.0, 2011-09-01 07:55:00, 0.0, None 
 48.79, -123.6, 60.0, 2011-09-01 08:02:30, 0.0, None 
 48.78, -123.82, 23.5, 2011-09-01 08:05:00, 0.0, None 
 48.82, -123.79, 25.0, 2011-09-01 08:07:30, 0.0, None 
 48.825, -123.575, 60.0, 2011-09-01 08:10:00, 0.0, None 
 48.99, -123.61, 46.0, 2011-09-01 08:20:00, 0.0, None 
 48.99, -123.6, 46.5, 2011-09-01 08:22:30, 0.0, None 
 48.82, -123.71, 26.0, 2011-09-01 08:37:30, 0.0, None 
 48.82, -123.71, 24.0, 2011-09-01 08:40:00, 0.0, None 
 48.8, -123.58, 47.0, 2011-09-01 08:42:30, 0.0, None 
 48.82, -123.685, 51.0, 2011-09-01 08:45:00, 0.0, None 
 48.895, -123.725, 29.0, 2011-09-01 08:47:30, 0.0, None 
 49.0, -123.67, 28.0, 2011-09-01 08:50:00, 0.0, None 
 48.85, -123.5, 53.0, 2011-09-01 08:57:30, 0.0, None 
 48.795, -123.74, 27.5, 2011-09-01 09:02:30, 0.0, None 
 48.76, -123.74, 31.0, 2011-09-01 09:05:00, 0.0, None 
 48.73, -123.73, 40.0, 2011-09-01 09:07:30, 0.0, None 
 48.97, -123.59, 46.0, 2011-09-01 09:25:00, 0.0, None 
 48.98, -123.71, 44.0, 2011-09-01 09:27:30, 0.0, None 
 48.66, -123.655, 26.0, 2011-09-01 10:02:30, 0.0, None 
 48.79, -123.7, 20.0, 2011-09-01 10:05:00, 0.0, None 
 48.802, -123.675, 38.2, 2011-09-01 10:07:30, 0.0, None 
 48.727, -123.79, 20.0, 2011-09-01 10:10:00, 0.0, None 
 48.73, -123.93, 58.5, 2011-09-01 10:12:30, 0.0, None 
 48.82, -123.55, 45.0, 2011-09-01 10:15:00, 0.0, None 
 48.8, -123.615, 33.5, 2011-09-01 10:17:30, 0.0, None 
 48.735, -123.685, 34.0, 2011-09-01 10:20:00, 0.0, None 
 48.78, -123.74, 20.0, 2011-09-01 10:22:30, 0.0, None 
 48.79, -123.74, 21.0, 2011-09-01 10:25:00, 0.0, None 
 48.77, -123.72, 20.0, 2011-09-01 10:27:30, 0.0, None 
 48.7, -123.695, 34.5, 2011-09-01 10:30:00, 0.0, None 
 48.72, -123.7, 36.5, 2011-09-01 10:32:30, 0.0, None 
 48.7, -123.93, 20.0, 2011-09-01 10:40:00, 0.0, None 
 48.785, -123.805, 20.0, 2011-09-01 10:52:30, 0.0, None 
 48.77, -123.773, 43.0, 2011-09-01 10:55:00, 0.0, None 
 48.75, -123.7, 40.5, 2011-09-01 10:57:30, 0.0, None 
 48.657, -123.61, 38.5, 2011-09-01 11:00:00, 0.0, None 
 48.77, -123.71, 20.0, 2011-09-01 11:02:30, 0.0, None 
 48.69, -123.71, 46.0, 2011-09-01 11:05:00, 0.0, None 
 48.78, -123.73, 20.0, 2011-09-01 11:07:30, 0.0, None 
 48.8, -123.83, 20.0, 2011-09-01 11:10:00, 0.0, None 
 48.715, -123.9, 35.0, 2011-09-01 11:12:30, 0.0, None 
 48.63, -123.6, 23.0, 2011-09-01 11:27:30, 0.0, None 
 48.773, -123.743, 26.0, 2011-09-01 11:30:00, 0.0, None 
 48.765, -123.765, 24.5, 2011-09-01 11:32:30, 0.0, None 
 48.81, -123.78, 24.5, 2011-09-01 11:35:00, 0.0, None 
 48.81, -123.698, 25.0, 2011-09-01 11:37:30, 0.0, None 
 48.695, -123.58, 20.0, 2011-09-01 11:40:00, 0.0, None 
 48.78, -123.66, 30.5, 2011-09-01 11:42:30, 0.0, None 
 48.805, -123.71, 28.0, 2011-09-01 11:45:00, 0.0, None 
 48.8, -123.715, 20.0, 2011-09-01 11:47:30, 0.0, None 
 48.735, -123.705, 37.5, 2011-09-01 11:50:00, 0.0, None 
 48.698, -123.71, 34.2, 2011-09-01 11:52:30, 0.0, None 
 48.705, -123.71, 37.5, 2011-09-01 11:55:00, 0.0, None 
 48.735, -123.743, 45.8, 2011-09-01 11:57:30, 0.0, None 
 48.805, -123.725, 20.0, 2011-09-01 12:05:00, 0.0, None 
 48.755, -123.72, 20.0, 2011-09-01 12:07:30, 0.0, None 
 48.75, -123.695, 37.5, 2011-09-01 12:10:00, 0.0, None 
 48.77, -123.73, 20.0, 2011-09-01 12:12:30, 0.0, None 
 48.73, -123.77, 23.0, 2011-09-01 12:15:00, 0.0, None 
 48.77, -123.685, 20.0, 2011-09-01 12:17:30, 0.0, None 
 48.74, -123.79, 38.0, 2011-09-01 12:20:00, 0.0, None 
 48.7, -123.9, 20.0, 2011-09-01 12:22:30, 0.0, None 
 48.7, -123.88, 21.5, 2011-09-01 12:25:00, 0.0, None 
 48.66, -123.855, 44.5, 2011-09-01 12:27:30, 0.0, None 
 48.81, -123.685, 25.0, 2011-09-01 12:30:00, 0.0, None 
 48.825, -123.72, 21.0, 2011-09-01 12:32:30, 0.0, None 
 48.84, -123.72, 20.0, 2011-09-01 12:35:00, 0.0, None 
 48.835, -123.735, 20.0, 2011-09-01 12:37:30, 0.0, None 
 48.805, -123.785, 31.5, 2011-09-01 12:40:00, 0.0, None 
 48.79, -123.76, 32.0, 2011-09-01 12:45:00, 0.0, None 
 48.74, -123.7, 51.0, 2011-09-01 12:47:30, 0.0, None 
 48.79, -123.68, 20.0, 2011-09-01 12:50:00, 0.0, None 
 48.71, -123.71, 20.0, 2011-09-01 12:52:30, 0.0, None 
 48.74, -123.63, 44.0, 2011-09-01 12:55:00, 0.0, None 
 48.91, -124.12, 36.0, 2011-09-01 12:55:00, 0.0, None 
 48.79, -123.72, 40.5, 2011-09-01 12:57:30, 0.0, None 
 48.9, -124.12, 39.0, 2011-09-01 12:57:30, 0.0, None 
 48.81, -123.825, 20.5, 2011-09-01 13:00:00, 0.0, None 
 48.64, -123.9, 20.0, 2011-09-01 13:20:00, 0.0, None 
 48.9, -123.84, 40.0, 2011-09-01 13:22:30, 0.0, None 
 48.84, -123.66, 49.5, 2011-09-01 13:30:00, 0.0, None 
 48.86, -123.67, 20.0, 2011-09-01 13:32:30, 0.0, None 
 48.88, -123.66, 20.0, 2011-09-01 13:35:00, 0.0, None 
 48.87, -123.6, 60.0, 2011-09-01 13:37:30, 0.0, None 
 48.815, -123.64, 60.0, 2011-09-01 13:40:00, 0.0, None 
 48.87, -123.68, 38.5, 2011-09-01 13:42:30, 0.0, None 
 48.775, -123.5, 60.0, 2011-09-01 13:45:00, 0.0, None 
 48.82, -123.67, 37.0, 2011-09-01 13:47:30, 0.0, None 
 48.89, -123.64, 20.0, 2011-09-01 13:50:00, 0.0, None 
 48.88, -123.79, 20.0, 2011-09-01 13:52:30, 0.0, None 
 48.86, -123.77, 20.0, 2011-09-01 13:55:00, 0.0, None 
 48.835, -123.785, 60.0, 2011-09-01 13:57:30, 0.0, None 
 48.89, -123.725, 28.0, 2011-09-01 14:00:00, 0.0, None 
 48.865, -123.56, 40.0, 2011-09-01 14:02:30, 0.0, None 
 48.8, -123.48, 60.0, 2011-09-01 14:05:00, 0.0, None 
 48.61, -123.95, 60.0, 2011-09-01 14:30:00, 0.0, None 
 48.54, -123.9, 60.0, 2011-09-01 14:32:30, 0.0, None 
 48.6, -123.97, 20.0, 2011-09-01 14:40:00, 0.0, None 
 48.52, -123.915, 38.0, 2011-09-01 14:50:00, 0.0, None 
 48.85, -123.7, 60.0, 2011-09-01 14:57:30, 0.0, None 
 48.61, -123.875, 20.0, 2011-09-01 15:07:30, 0.0, None 
 48.51, -123.895, 20.0, 2011-09-01 15:10:00, 0.0, None 
 48.745, -123.825, 40.0, 2011-09-01 15:22:30, 0.0, None 
 48.79, -123.92, 42.5, 2011-09-01 15:25:00, 0.0, None 
 48.97, -123.775, 24.5, 2011-09-01 15:35:00, 0.0, None 
 48.94, -123.6, 45.0, 2011-09-01 15:37:30, 0.0, None 
 48.66, -123.85, 40.0, 2011-09-01 15:52:30, 0.0, None 
 48.94, -123.8, 56.0, 2011-09-01 15:57:30, 0.0, None 
 48.935, -123.83, 37.0, 2011-09-01 16:00:00, 0.0, None 
 48.905, -123.76, 41.5, 2011-09-01 16:10:00, 0.0, None 
 48.77, -123.8, 20.0, 2011-09-01 16:27:30, 0.0, None 
 48.92, -123.85, 60.0, 2011-09-01 16:40:00, 0.0, None 
 48.81, -123.5, 60.0, 2011-09-01 16:57:30, 0.0, None 
 48.92, -123.91, 20.0, 2011-09-01 17:00:00, 0.0, None 
 48.9, -123.78, 23.0, 2011-09-01 17:02:30, 0.0, None 
 48.9, -123.82, 24.0, 2011-09-01 17:05:00, 0.0, None 
 48.66, -123.55, 50.0, 2011-09-01 17:07:30, 0.0, None 
 48.68, -124.06, 20.0, 2011-09-01 18:12:30, 0.0, None 
 48.84, -123.6, 48.0, 2011-09-01 18:47:30, 0.0, None 
 48.93, -123.83, 55.0, 2011-09-01 18:50:00, 0.0, None 
 48.97, -123.63, 20.0, 2011-09-01 19:05:00, 0.0, None 
 48.6, -123.91, 20.0, 2011-09-01 20:12:30, 0.0, None 
 48.7, -123.95, 27.0, 2011-09-01 21:12:30, 0.0, None 
 48.64, -123.68, 60.0, 2011-09-01 21:15:00, 0.0, None 
 48.92, -123.81, 26.0, 2011-09-01 21:50:00, 0.0, None 
 48.95, -123.8, 20.0, 2011-09-01 21:52:30, 0.0, None 
 48.91, -123.82, 51.0, 2011-09-01 21:55:00, 0.0, None 
 48.895, -123.85, 36.0, 2011-09-01 21:57:30, 0.0, None 
 48.88, -123.88, 28.0, 2011-09-01 22:00:00, 0.0, None 
 48.93, -123.82, 20.0, 2011-09-01 22:25:00, 0.0, None 
 48.97, -123.61, 50.0, 2011-09-01 23:27:30, 0.0, None 
 48.7, -124.09, 31.5, 2011-09-02 01:32:30, 0.0, None 
 48.72, -124.1, 20.0, 2011-09-02 01:35:00, 0.0, None 
 48.82, -123.79, 20.0, 2011-09-02 01:45:00, 0.0, None 
 48.81, -123.94, 32.5, 2011-09-02 01:55:00, 0.0, None 
 48.86, -123.87, 20.0, 2011-09-02 02:30:00, 0.0, None 
 48.72, -123.86, 20.0, 2011-09-02 02:37:30, 0.0, None 
 48.81, -123.88, 20.0, 2011-09-02 02:42:30, 0.0, None 
 48.778, -123.89, 30.5, 2011-09-02 02:57:30, 0.0, None 
 48.81, -123.9, 27.5, 2011-09-02 03:00:00, 0.0, None 
 48.78, -123.82, 20.0, 2011-09-02 03:02:30, 0.0, None 
 48.76, -123.79, 20.0, 2011-09-02 03:05:00, 0.0, None 
 48.84, -123.92, 30.0, 2011-09-02 04:12:30, 0.0, None 
 48.8, -123.94, 25.0, 2011-09-02 04:15:00, 0.0, None 
 48.77, -123.995, 22.0, 2011-09-02 04:17:30, 0.0, None 
 48.7, -124.07, 40.0, 2011-09-02 04:22:30, 0.0, None 
 48.7, -124.06, 33.0, 2011-09-02 04:25:00, 0.0, None 
 48.69, -124.02, 20.0, 2011-09-02 04:32:30, 0.0, None 
 48.88, -124.03, 26.0, 2011-09-02 04:37:30, 0.0, None 
 48.87, -124.01, 38.0, 2011-09-02 04:50:00, 0.0, None 
 48.8, -123.975, 32.0, 2011-09-02 04:52:30, 0.0, None 
 48.71, -123.925, 37.0, 2011-09-02 04:55:00, 0.0, None 
 48.782, -123.945, 60.0, 2011-09-02 04:57:30, 0.0, None 
 48.78, -123.985, 53.5, 2011-09-02 05:00:00, 0.0, None 
 48.795, -123.98, 56.5, 2011-09-02 05:02:30, 0.0, None 
 48.81, -123.835, 41.0, 2011-09-02 05:05:00, 0.0, None 
 48.81, -124.0, 60.0, 2011-09-02 05:07:30, 0.0, None 
 48.77, -124.2, 44.0, 2011-09-02 05:10:00, 0.0, None 
 48.83, -123.94, 22.0, 2011-09-02 05:12:30, 0.0, None 
 48.85, -123.995, 26.0, 2011-09-02 05:15:00, 0.0, None 
 48.83, -123.97, 42.0, 2011-09-02 05:17:30, 0.0, None 
 48.8, -123.835, 20.0, 2011-09-02 05:20:00, 0.0, None 
 48.79, -123.9, 20.0, 2011-09-02 05:22:30, 0.0, None 
 48.87, -123.98, 45.0, 2011-09-02 05:25:00, 0.0, None 
 48.88, -123.915, 37.0, 2011-09-02 05:27:30, 0.0, None 
 48.93, -124.09, 20.0, 2011-09-02 05:30:00, 0.0, None 
 48.73, -124.0, 20.0, 2011-09-02 05:37:30, 0.0, None 
 48.69, -124.02, 22.5, 2011-09-02 05:40:00, 0.0, None 
 48.79, -123.995, 20.0, 2011-09-02 05:45:00, 0.0, None 
 48.71, -124.14, 30.0, 2011-09-02 05:50:00, 0.0, None 
 48.815, -124.23, 20.0, 2011-09-02 05:52:30, 0.0, None 
 48.81, -123.875, 60.0, 2011-09-02 05:57:30, 0.0, None 
 48.83, -123.85, 20.0, 2011-09-02 06:00:00, 0.0, None 
 48.87, -123.985, 36.0, 2011-09-02 06:02:30, 0.0, None 
 48.8, -123.88, 20.0, 2011-09-02 06:12:30, 0.0, None 
 48.67, -124.29, 20.0, 2011-09-02 06:20:00, 0.0, None 
 48.7, -124.01, 20.0, 2011-09-02 06:22:30, 0.0, None 
 48.7, -124.34, 26.0, 2011-09-02 06:25:00, 0.0, None 
 48.71, -124.32, 20.0, 2011-09-02 06:30:00, 0.0, None 
 48.7, -124.2, 20.0, 2011-09-02 06:55:00, 0.0, None 
 48.77, -123.93, 60.0, 2011-09-02 06:57:30, 0.0, None 
 48.71, -124.1, 43.0, 2011-09-02 07:02:30, 0.0, None 
 48.79, -124.05, 20.0, 2011-09-02 07:05:00, 0.0, None 
 48.81, -124.09, 34.0, 2011-09-02 07:07:30, 0.0, None 
 48.73, -123.99, 20.0, 2011-09-02 07:10:00, 0.0, None 
 48.72, -124.01, 20.0, 2011-09-02 07:12:30, 0.0, None 
 48.66, -123.9, 34.0, 2011-09-02 07:15:00, 0.0, None 
 48.668, -123.96, 34.0, 2011-09-02 07:17:30, 0.0, None 
 48.72, -123.96, 28.0, 2011-09-02 07:20:00, 0.0, None 
 48.91, -123.93, 20.0, 2011-09-02 07:32:30, 0.0, None 
 48.73, -124.23, 60.0, 2011-09-02 07:47:30, 0.0, None 
 48.71, -124.05, 39.0, 2011-09-02 07:52:30, 0.0, None 
 48.75, -124.1, 20.0, 2011-09-02 07:55:00, 0.0, None 
 48.79, -123.97, 28.0, 2011-09-02 07:57:30, 0.0, None 
 48.71, -124.22, 35.0, 2011-09-02 08:02:30, 0.0, None 
 48.765, -123.995, 28.0, 2011-09-02 08:27:30, 0.0, None 
 48.7, -124.03, 20.0, 2011-09-02 08:30:00, 0.0, None 
 48.795, -123.91, 20.0, 2011-09-02 08:45:00, 0.0, None 
 48.77, -123.91, 23.0, 2011-09-02 08:47:30, 0.0, None 
 48.79, -124.07, 20.0, 2011-09-02 08:50:00, 0.0, None 
 48.77, -124.075, 20.0, 2011-09-02 08:52:30, 0.0, None 
 48.82, -124.005, 60.0, 2011-09-02 08:57:30, 0.0, None 
 48.91, -123.985, 38.0, 2011-09-02 09:22:30, 0.0, None 
 48.91, -123.96, 37.5, 2011-09-02 09:25:00, 0.0, None 
 48.89, -123.95, 20.0, 2011-09-02 09:27:30, 0.0, None 
 48.71, -124.04, 32.0, 2011-09-02 09:35:00, 0.0, None 
 48.72, -124.05, 33.0, 2011-09-02 09:37:30, 0.0, None 
 48.76, -124.09, 20.0, 2011-09-02 10:05:00, 0.0, None 
 48.67, -124.0, 30.0, 2011-09-02 10:35:00, 0.0, None 
 48.695, -123.955, 38.5, 2011-09-02 10:37:30, 0.0, None 
 48.77, -124.17, 20.0, 2011-09-02 10:40:00, 0.0, None 
 48.76, -123.91, 20.0, 2011-09-02 11:17:30, 0.0, None 
 48.77, -123.87, 60.0, 2011-09-02 12:15:00, 0.0, None 
 48.82, -123.97, 44.0, 2011-09-02 12:17:30, 0.0, None 
 48.8, -124.1, 54.0, 2011-09-02 13:32:30, 0.0, None 
 48.76, -124.17, 32.0, 2011-09-02 13:35:00, 0.0, None 
 48.88, -124.11, 33.0, 2011-09-02 13:37:30, 0.0, None 
 48.77, -124.1, 35.0, 2011-09-02 13:45:00, 0.0, None 
 48.735, -123.95, 60.0, 2011-09-02 14:02:30, 0.0, None 
 48.89, -124.085, 20.0, 2011-09-02 14:25:00, 0.0, None 
 48.74, -123.91, 43.0, 2011-09-02 14:27:30, 0.0, None 
 48.78, -123.93, 42.0, 2011-09-02 14:30:00, 0.0, None 
 48.69, -124.1, 24.0, 2011-09-02 14:55:00, 0.0, None 
 48.71, -124.28, 20.0, 2011-09-02 15:30:00, 0.0, None 
 48.9, -124.11, 55.0, 2011-09-02 18:37:30, 0.0, None 
 48.0, -122.89, 20.0, 2011-09-02 21:07:30, 0.0, None 
 48.83, -123.94, 21.0, 2011-09-02 22:10:00, 0.0, None 
 48.88, -124.14, 58.0, 2011-09-02 22:47:30, 0.0, None 
 48.77, -123.99, 48.0, 2011-09-02 23:32:30, 0.0, None 
 48.87, -124.01, 20.0, 2011-09-02 23:35:00, 0.0, None 
 48.92, -124.08, 28.0, 2011-09-03 00:15:00, 0.0, None 
 48.87, -124.11, 20.0, 2011-09-03 00:30:00, 0.0, None 
 48.89, -124.085, 20.0, 2011-09-03 00:32:30, 0.0, None 
 48.765, -124.08, 37.0, 2011-09-03 00:42:30, 0.0, None 
 48.89, -123.97, 53.0, 2011-09-03 02:05:00, 0.0, None 
 48.89, -123.905, 20.0, 2011-09-03 02:07:30, 0.0, None 
 48.88, -123.81, 28.0, 2011-09-03 02:20:00, 0.0, None 
 48.83, -123.73, 51.5, 2011-09-03 02:22:30, 0.0, None 
 48.89, -124.05, 40.0, 2011-09-03 02:27:30, 0.0, None 
 48.89, -124.07, 20.0, 2011-09-03 02:30:00, 0.0, None 
 48.9, -124.15, 40.0, 2011-09-03 02:32:30, 0.0, None 
 48.91, -124.16, 40.5, 2011-09-03 02:35:00, 0.0, None 
 48.73, -124.105, 50.0, 2011-09-03 02:42:30, 0.0, None 
 48.85, -124.07, 20.0, 2011-09-03 02:45:00, 0.0, None 
 48.87, -124.07, 20.0, 2011-09-03 02:47:30, 0.0, None 
 48.81, -124.17, 20.0, 2011-09-03 02:50:00, 0.0, None 
 48.88, -124.02, 20.0, 2011-09-03 02:52:30, 0.0, None 
 48.86, -123.97, 20.0, 2011-09-03 02:55:00, 0.0, None 
 49.0, -123.93, 53.0, 2011-09-03 02:57:30, 0.0, None 
 49.0, -124.2, 39.0, 2011-09-03 03:05:00, 0.0, None 
 48.99, -124.125, 20.0, 2011-09-03 03:07:30, 0.0, None 
 48.81, -124.07, 53.0, 2011-09-03 03:12:30, 0.0, None 
 48.945, -123.91, 39.0, 2011-09-03 03:15:00, 0.0, None 
 48.94, -123.83, 29.0, 2011-09-03 03:17:30, 0.0, None 
 48.87, -123.895, 20.0, 2011-09-03 03:20:00, 0.0, None 
 48.82, -123.85, 40.5, 2011-09-03 03:22:30, 0.0, None 
 48.89, -123.74, 48.0, 2011-09-03 03:25:00, 0.0, None 
 48.88, -123.76, 32.0, 2011-09-03 03:27:30, 0.0, None 
 48.905, -123.81, 31.0, 2011-09-03 03:30:00, 0.0, None 
 48.89, -123.88, 37.5, 2011-09-03 03:32:30, 0.0, None 
 48.965, -123.9, 36.0, 2011-09-03 03:35:00, 0.0, None 
 49.0, -123.86, 27.0, 2011-09-03 03:37:30, 0.0, None 
 48.91, -123.835, 26.0, 2011-09-03 03:40:00, 0.0, None 
 48.89, -123.87, 27.0, 2011-09-03 03:42:30, 0.0, None 
 48.89, -123.85, 29.5, 2011-09-03 03:45:00, 0.0, None 
 48.89, -123.86, 30.5, 2011-09-03 03:50:00, 0.0, None 
 48.88, -123.86, 29.5, 2011-09-03 03:52:30, 0.0, None 
 48.9, -123.86, 27.0, 2011-09-03 03:55:00, 0.0, None 
 48.9, -123.83, 20.0, 2011-09-03 03:57:30, 0.0, None 
 48.9, -123.84, 20.0, 2011-09-03 04:00:00, 0.0, None 
 48.85, -123.82, 60.0, 2011-09-03 04:02:30, 0.0, None 
 48.9, -123.89, 20.0, 2011-09-03 04:05:00, 0.0, None 
 48.97, -123.79, 26.0, 2011-09-03 04:07:30, 0.0, None 
 48.92, -123.79, 20.0, 2011-09-03 04:10:00, 0.0, None 
 48.9, -123.82, 21.0, 2011-09-03 04:12:30, 0.0, None 
 48.9, -123.83, 33.0, 2011-09-03 04:15:00, 0.0, None 
 48.88, -123.77, 20.0, 2011-09-03 04:17:30, 0.0, None 
 48.895, -123.77, 28.0, 2011-09-03 04:20:00, 0.0, None 
 48.92, -123.82, 28.5, 2011-09-03 04:22:30, 0.0, None 
 48.9, -123.74, 49.0, 2011-09-03 04:25:00, 0.0, None 
 48.89, -123.725, 48.5, 2011-09-03 04:27:30, 0.0, None 
 48.885, -123.905, 20.0, 2011-09-03 04:30:00, 0.0, None 
 48.89, -123.945, 37.5, 2011-09-03 04:32:30, 0.0, None 
 48.86, -123.98, 43.0, 2011-09-03 04:35:00, 0.0, None 
 48.91, -123.94, 36.0, 2011-09-03 04:40:00, 0.0, None 
 48.9, -123.855, 20.0, 2011-09-03 04:42:30, 0.0, None 
 48.91, -123.82, 25.5, 2011-09-03 04:45:00, 0.0, None 
 48.92, -123.83, 24.5, 2011-09-03 04:47:30, 0.0, None 
 48.885, -123.83, 20.0, 2011-09-03 04:50:00, 0.0, None 
 48.89, -123.81, 23.0, 2011-09-03 04:52:30, 0.0, None 
 48.89, -123.79, 22.0, 2011-09-03 04:55:00, 0.0, None 
 48.9, -123.79, 20.0, 2011-09-03 04:57:30, 0.0, None 
 48.925, -123.89, 22.0, 2011-09-03 05:00:00, 0.0, None 
 48.91, -123.87, 20.0, 2011-09-03 05:02:30, 0.0, None 
 48.89, -123.83, 23.0, 2011-09-03 05:12:30, 0.0, None 
 48.9, -123.81, 22.5, 2011-09-03 05:15:00, 0.0, None 
 48.91, -123.78, 20.0, 2011-09-03 05:17:30, 0.0, None 
 48.91, -123.89, 40.0, 2011-09-03 05:20:00, 0.0, None 
 48.89, -123.905, 38.5, 2011-09-03 05:22:30, 0.0, None 
 48.88, -123.985, 25.0, 2011-09-03 05:25:00, 0.0, None 
 48.87, -123.95, 20.0, 2011-09-03 05:27:30, 0.0, None 
 48.88, -124.01, 20.0, 2011-09-03 05:30:00, 0.0, None 
 48.9, -123.99, 20.0, 2011-09-03 05:32:30, 0.0, None 
 48.91, -123.705, 20.0, 2011-09-03 05:35:00, 0.0, None 
 48.91, -123.735, 30.5, 2011-09-03 05:37:30, 0.0, None 
 48.91, -123.77, 20.0, 2011-09-03 05:40:00, 0.0, None 
 48.89, -123.76, 23.5, 2011-09-03 05:42:30, 0.0, None 
 48.9, -123.78, 31.0, 2011-09-03 05:45:00, 0.0, None 
 48.98, -123.78, 20.0, 2011-09-03 05:50:00, 0.0, None 
 48.99, -123.77, 21.0, 2011-09-03 05:52:30, 0.0, None 
 48.99, -123.77, 25.0, 2011-09-03 05:55:00, 0.0, None 
 48.96, -123.8, 29.5, 2011-09-03 05:57:30, 0.0, None 
 48.97, -123.78, 20.0, 2011-09-03 06:00:00, 0.0, None 
 48.93, -123.7, 20.0, 2011-09-03 06:05:00, 0.0, None 
 48.965, -123.74, 23.0, 2011-09-03 06:07:30, 0.0, None 
 48.92, -123.7, 20.0, 2011-09-03 06:10:00, 0.0, None 
 48.9, -123.7, 28.0, 2011-09-03 06:12:30, 0.0, None 
 48.9, -123.69, 35.0, 2011-09-03 06:15:00, 0.0, None 
 49.0, -123.91, 20.0, 2011-09-03 06:27:30, 0.0, None 
 48.98, -123.76, 20.0, 2011-09-03 06:30:00, 0.0, None 
 48.965, -123.77, 20.0, 2011-09-03 06:32:30, 0.0, None 
 48.95, -123.84, 50.5, 2011-09-03 07:12:30, 0.0, None 
 48.93, -124.07, 40.0, 2011-09-03 07:32:30, 0.0, None 
 48.95, -123.83, 56.0, 2011-09-03 07:42:30, 0.0, None 
 48.96, -123.99, 44.0, 2011-09-03 11:45:00, 0.0, None 
 48.84, -124.08, 20.0, 2011-09-03 11:47:30, 0.0, None 
 48.81, -124.08, 20.0, 2011-09-03 11:50:00, 0.0, None 
 48.88, -124.05, 35.0, 2011-09-03 11:52:30, 0.0, None 
 48.88, -124.04, 35.0, 2011-09-03 11:55:00, 0.0, None 
 48.93, -124.08, 28.0, 2011-09-03 12:07:30, 0.0, None 
 48.93, -124.07, 20.5, 2011-09-03 12:10:00, 0.0, None 
 48.92, -124.01, 20.0, 2011-09-03 12:12:30, 0.0, None 
 48.9, -123.945, 40.0, 2011-09-03 12:15:00, 0.0, None 
 48.88, -123.95, 40.0, 2011-09-03 12:20:00, 0.0, None 
 48.9, -124.11, 40.0, 2011-09-03 12:52:30, 0.0, None 
 48.9, -124.0, 32.0, 2011-09-03 12:55:00, 0.0, None 
 48.88, -124.02, 60.0, 2011-09-03 12:57:30, 0.0, None 
 48.95, -124.085, 30.0, 2011-09-03 13:00:00, 0.0, None 
 48.91, -124.06, 38.0, 2011-09-03 13:02:30, 0.0, None 
 48.9, -124.06, 30.0, 2011-09-03 13:05:00, 0.0, None 
 47.77, -122.61, 20.0, 2011-09-04 02:20:00, 0.0, None 
 47.11, -122.59, 47.0, 2011-09-04 03:02:30, 0.0, None 
 47.18, -122.62, 60.0, 2011-09-04 03:17:30, 0.0, None 
 47.175, -122.685, 41.0, 2011-09-04 03:20:00, 0.0, None 
 47.16, -122.69, 29.5, 2011-09-04 03:22:30, 0.0, None 
 47.11, -122.8, 59.0, 2011-09-04 03:35:00, 0.0, None 
 47.27, -122.48, 43.0, 2011-09-04 03:42:30, 0.0, None 
 47.12, -122.82, 52.0, 2011-09-04 03:55:00, 0.0, None 
 47.1, -122.71, 60.0, 2011-09-04 03:57:30, 0.0, None 
 47.12, -122.68, 50.5, 2011-09-04 04:00:00, 0.0, None 
 47.275, -122.495, 60.0, 2011-09-04 04:05:00, 0.0, None 
 47.19, -122.73, 50.0, 2011-09-04 04:40:00, 0.0, None 
 47.11, -122.78, 27.5, 2011-09-04 04:45:00, 0.0, None 
 47.09, -122.83, 20.0, 2011-09-04 04:50:00, 0.0, None 
 47.19, -122.73, 20.0, 2011-09-04 05:22:30, 0.0, None 
 47.17, -122.91, 60.0, 2011-09-04 05:40:00, 0.0, None 
 47.18, -122.67, 60.0, 2011-09-04 05:42:30, 0.0, None 
 47.185, -122.63, 49.0, 2011-09-04 06:32:30, 0.0, None 
 47.1, -122.68, 40.0, 2011-09-04 06:35:00, 0.0, None 
 47.145, -122.78, 49.0, 2011-09-04 06:50:00, 0.0, None 
 47.13, -122.79, 37.5, 2011-09-04 06:52:30, 0.0, None 
 47.16, -122.705, 20.0, 2011-09-04 07:00:00, 0.0, None 
 47.18, -122.71, 21.5, 2011-09-04 07:02:30, 0.0, None 
 47.2, -122.7, 38.0, 2011-09-04 07:07:30, 0.0, None 
 47.2, -122.66, 20.0, 2011-09-04 07:10:00, 0.0, None 
 47.21, -122.62, 20.0, 2011-09-04 07:12:30, 0.0, None 
 47.17, -122.69, 31.0, 2011-09-04 07:15:00, 0.0, None 
 47.165, -122.67, 25.0, 2011-09-04 07:17:30, 0.0, None 
 47.19, -122.605, 26.0, 2011-09-04 07:20:00, 0.0, None 
 47.18, -122.605, 25.5, 2011-09-04 07:27:30, 0.0, None 
 47.185, -122.73, 42.0, 2011-09-04 07:30:00, 0.0, None 
 47.18, -122.4, 20.0, 2011-09-04 07:37:30, 0.0, None 
 47.18, -122.73, 41.0, 2011-09-04 07:37:30, 0.0, None 
 47.2, -122.55, 29.0, 2011-09-04 07:40:00, 0.0, None 
 47.16, -122.7, 33.5, 2011-09-04 07:42:30, 0.0, None 
 47.05, -122.865, 59.0, 2011-09-04 07:45:00, 0.0, None 
 47.11, -122.72, 31.5, 2011-09-04 07:47:30, 0.0, None 
 47.18, -122.57799999999999, 47.5, 2011-09-04 08:00:00, 0.0, None 
 47.172, -122.61, 58.2, 2011-09-04 08:02:30, 0.0, None 
 47.185, -122.74, 48.0, 2011-09-04 08:10:00, 0.0, None 
 47.22, -122.51, 51.0, 2011-09-04 08:27:30, 0.0, None 
 47.2, -122.675, 20.0, 2011-09-04 08:47:30, 0.0, None 
 47.198, -122.69, 20.0, 2011-09-04 08:50:00, 0.0, None 
 47.2, -122.575, 60.0, 2011-09-04 08:57:30, 0.0, None 
 47.205, -122.645, 27.2, 2011-09-04 09:00:00, 0.0, None 
 47.21, -122.655, 36.0, 2011-09-04 09:02:30, 0.0, None 
 47.16, -122.74, 20.0, 2011-09-04 09:05:00, 0.0, None 
 47.18, -122.735, 31.8, 2011-09-04 09:07:30, 0.0, None 
 47.195, -122.697, 34.0, 2011-09-04 09:10:00, 0.0, None 
 47.2, -122.63, 54.0, 2011-09-04 09:37:30, 0.0, None 
 47.1, -122.89, 60.0, 2011-09-04 09:45:00, 0.0, None 
 47.11, -122.77, 20.0, 2011-09-04 09:47:30, 0.0, None 
 47.17, -122.68, 47.0, 2011-09-04 09:50:00, 0.0, None 
 47.21, -122.67, 39.0, 2011-09-04 09:52:30, 0.0, None 
 47.395, -124.14, 47.0, 2011-09-04 09:57:30, 0.0, None 
 47.19, -122.83, 29.0, 2011-09-04 10:07:30, 0.0, None 
 47.18, -122.785, 21.5, 2011-09-04 10:10:00, 0.0, None 
 47.21, -122.75, 20.0, 2011-09-04 10:12:30, 0.0, None 
 47.29, -122.71, 20.0, 2011-09-04 10:15:00, 0.0, None 
 47.205, -122.54, 51.5, 2011-09-04 10:27:30, 0.0, None 
 47.215, -122.78200000000001, 38.0, 2011-09-04 10:30:00, 0.0, None 
 47.205, -122.7, 20.0, 2011-09-04 10:32:30, 0.0, None 
 47.19, -122.65, 23.5, 2011-09-04 10:37:30, 0.0, None 
 47.21, -122.74, 30.0, 2011-09-04 10:40:00, 0.0, None 
 47.14, -122.9, 44.0, 2011-09-04 10:42:30, 0.0, None 
 47.2, -122.86, 20.0, 2011-09-04 10:45:00, 0.0, None 
 47.225, -122.77, 20.0, 2011-09-04 10:52:30, 0.0, None 
 47.19, -122.39, 60.0, 2011-09-04 10:55:00, 0.0, None 
 47.28, -122.71, 20.0, 2011-09-04 10:55:00, 0.0, None 
 47.255, -122.685, 60.0, 2011-09-04 10:57:30, 0.0, None 
 47.26, -122.825, 20.0, 2011-09-04 11:00:00, 0.0, None 
 47.205, -122.64, 35.0, 2011-09-04 11:05:00, 0.0, None 
 47.22, -122.637, 20.0, 2011-09-04 11:07:30, 0.0, None 
 47.2, -122.82, 20.0, 2011-09-04 11:15:00, 0.0, None 
 47.185, -122.78, 20.0, 2011-09-04 11:17:30, 0.0, None 
 47.12, -122.82, 20.0, 2011-09-04 11:22:30, 0.0, None 
 47.192, -122.77799999999999, 23.8, 2011-09-04 11:52:30, 0.0, None 
 47.23, -122.66, 40.0, 2011-09-04 14:25:00, 0.0, None 
 47.04, -122.8, 46.0, 2011-09-04 15:10:00, 0.0, None 
 47.29, -122.56, 46.0, 2011-09-04 15:20:00, 0.0, None 
 47.12, -122.47, 60.0, 2011-09-04 15:37:30, 0.0, None 
 47.1, -122.63, 60.0, 2011-09-04 23:40:00, 0.0, None 
 