lat,lon,depth,starttime,energy,duration 
 48.79, -123.78, 20.0, 2015-12-22 11:35:00, 0.0, None 
 48.8, -123.8, 29.0, 2015-12-22 11:37:30, 0.0, None 
 48.915, -123.72, 24.0, 2015-12-22 11:42:30, 0.0, None 
 48.92, -123.695, 23.5, 2015-12-22 11:45:00, 0.0, None 
 48.68, -123.765, 56.0, 2015-12-22 11:57:30, 0.0, None 
 48.69, -123.89, 36.0, 2015-12-22 12:17:30, 0.0, None 
 48.785, -123.8, 20.0, 2015-12-22 12:22:30, 0.0, None 
 48.78, -123.79, 20.0, 2015-12-22 12:25:00, 0.0, None 
 48.82, -123.71, 20.0, 2015-12-22 12:27:30, 0.0, None 
 48.785, -123.67, 28.0, 2015-12-22 12:30:00, 0.0, None 
 48.8, -123.86, 40.0, 2015-12-22 13:42:30, 0.0, None 
 48.78, -123.85, 29.0, 2015-12-22 13:45:00, 0.0, None 
 48.76, -123.81, 21.0, 2015-12-22 13:47:30, 0.0, None 
 48.76, -123.74, 20.0, 2015-12-22 13:52:30, 0.0, None 
 48.79, -123.74, 20.0, 2015-12-22 13:55:00, 0.0, None 
 48.77, -123.74, 49.0, 2015-12-22 13:57:30, 0.0, None 
 48.76, -123.76, 20.0, 2015-12-22 14:00:00, 0.0, None 
 48.785, -123.78, 20.0, 2015-12-22 14:02:30, 0.0, None 
 48.8, -123.78, 20.0, 2015-12-22 14:05:00, 0.0, None 
 48.8, -123.77, 22.5, 2015-12-22 14:07:30, 0.0, None 
 48.77, -123.74, 51.0, 2015-12-22 14:47:30, 0.0, None 
 48.8, -123.83, 31.0, 2015-12-22 14:50:00, 0.0, None 
 48.82, -123.7, 39.0, 2015-12-22 15:40:00, 0.0, None 
 48.82, -123.745, 56.5, 2015-12-22 16:00:00, 0.0, None 
 48.785, -123.79, 50.0, 2015-12-22 16:02:30, 0.0, None 
 48.9, -123.76, 26.0, 2015-12-22 16:35:00, 0.0, None 
 48.845, -123.735, 20.0, 2015-12-22 16:37:30, 0.0, None 
 48.88, -123.69, 50.0, 2015-12-22 16:40:00, 0.0, None 
 48.7, -123.69, 48.0, 2015-12-22 16:50:00, 0.0, None 
 48.79, -123.74, 20.0, 2015-12-22 16:52:30, 0.0, None 
 48.82, -123.71, 29.0, 2015-12-22 16:55:00, 0.0, None 
 48.68, -123.725, 41.5, 2015-12-22 16:57:30, 0.0, None 
 48.78, -123.74, 60.0, 2015-12-22 17:05:00, 0.0, None 
 48.86, -123.8, 20.0, 2015-12-22 17:32:30, 0.0, None 
 48.72, -123.68, 60.0, 2015-12-22 17:37:30, 0.0, None 
 48.74, -123.75, 20.0, 2015-12-22 17:40:00, 0.0, None 
 48.74, -123.88, 20.0, 2015-12-22 20:00:00, 0.0, None 
 48.8, -123.88, 20.0, 2015-12-22 20:15:00, 0.0, None 
 48.84, -123.84, 20.0, 2015-12-22 20:17:30, 0.0, None 
 48.81, -123.835, 60.0, 2015-12-22 20:20:00, 0.0, None 
 48.765, -123.82, 43.5, 2015-12-22 20:22:30, 0.0, None 
 48.72, -123.64, 60.0, 2015-12-22 20:25:00, 0.0, None 
 48.73, -123.705, 48.5, 2015-12-22 20:27:30, 0.0, None 
 48.73, -123.9, 35.0, 2015-12-22 20:40:00, 0.0, None 
 48.77, -123.89, 20.0, 2015-12-22 22:05:00, 0.0, None 
 48.73, -123.67, 20.0, 2015-12-22 22:22:30, 0.0, None 
 48.5, -123.67, 43.0, 2015-12-22 22:45:00, 0.0, None 
 48.91, -123.79, 20.0, 2015-12-23 01:17:30, 0.0, None 
 48.925, -123.745, 25.0, 2015-12-23 01:20:00, 0.0, None 
 49.0, -123.625, 40.0, 2015-12-23 01:22:30, 0.0, None 
 48.9, -123.73, 24.0, 2015-12-23 02:12:30, 0.0, None 
 48.885, -123.68, 43.0, 2015-12-23 02:15:00, 0.0, None 
 48.88, -123.745, 56.0, 2015-12-23 02:57:30, 0.0, None 
 48.88, -123.81, 20.0, 2015-12-23 03:00:00, 0.0, None 
 48.855, -123.81, 20.0, 2015-12-23 03:07:30, 0.0, None 
 48.89, -123.82, 20.0, 2015-12-23 03:10:00, 0.0, None 
 48.87, -123.73, 40.0, 2015-12-23 03:12:30, 0.0, None 
 48.91, -123.7, 20.0, 2015-12-23 03:15:00, 0.0, None 
 48.99, -123.62, 60.0, 2015-12-23 04:37:30, 0.0, None 
 48.9, -123.79, 20.0, 2015-12-23 04:40:00, 0.0, None 
 48.73, -123.71, 60.0, 2015-12-23 05:47:30, 0.0, None 
 48.79, -123.78, 42.0, 2015-12-23 05:50:00, 0.0, None 
 48.8, -123.775, 43.0, 2015-12-23 05:52:30, 0.0, None 
 48.9, -123.79, 20.0, 2015-12-23 05:55:00, 0.0, None 
 48.945, -123.69, 20.0, 2015-12-23 06:00:00, 0.0, None 
 48.8, -123.74, 40.0, 2015-12-23 06:02:30, 0.0, None 
 48.88, -123.82, 20.0, 2015-12-23 06:35:00, 0.0, None 
 48.91, -123.7, 21.0, 2015-12-23 08:07:30, 0.0, None 
 48.86, -123.68, 20.0, 2015-12-23 08:10:00, 0.0, None 
 48.91, -123.74, 56.0, 2015-12-23 08:12:30, 0.0, None 
 48.88, -123.7, 54.5, 2015-12-23 08:15:00, 0.0, None 
 48.82, -123.83, 20.0, 2015-12-23 08:17:30, 0.0, None 
 48.68, -123.91, 47.0, 2015-12-23 08:20:00, 0.0, None 
 48.82, -123.79, 20.0, 2015-12-23 08:22:30, 0.0, None 
 48.795, -123.76, 37.5, 2015-12-23 08:25:00, 0.0, None 
 48.8, -123.73, 60.0, 2015-12-23 08:27:30, 0.0, None 
 48.78, -123.76, 60.0, 2015-12-23 08:30:00, 0.0, None 
 48.91, -123.96, 20.0, 2015-12-23 08:37:30, 0.0, None 
 48.74, -123.875, 60.0, 2015-12-23 08:57:30, 0.0, None 
 48.78, -123.95, 34.0, 2015-12-23 09:00:00, 0.0, None 
 48.74, -123.86, 20.0, 2015-12-23 09:02:30, 0.0, None 
 48.79, -123.72, 21.5, 2015-12-23 09:12:30, 0.0, None 
 48.725, -123.89, 20.0, 2015-12-23 09:15:00, 0.0, None 
 48.82, -123.81, 20.0, 2015-12-23 09:30:00, 0.0, None 
 48.83, -123.78, 20.0, 2015-12-23 09:32:30, 0.0, None 
 48.89, -123.69, 30.5, 2015-12-23 09:35:00, 0.0, None 
 48.91, -123.69, 32.0, 2015-12-23 09:37:30, 0.0, None 
 48.81, -123.82, 20.0, 2015-12-23 09:42:30, 0.0, None 
 48.72, -123.89, 47.0, 2015-12-23 09:45:00, 0.0, None 
 48.815, -123.83, 26.5, 2015-12-23 09:47:30, 0.0, None 
 48.795, -123.79, 27.0, 2015-12-23 09:50:00, 0.0, None 
 48.73, -123.9, 44.0, 2015-12-23 09:55:00, 0.0, None 
 48.7, -123.9, 48.5, 2015-12-23 09:57:30, 0.0, None 
 48.98, -124.06, 31.0, 2015-12-23 10:00:00, 0.0, None 
 48.695, -123.875, 41.0, 2015-12-23 10:00:00, 0.0, None 
 48.79, -123.88, 20.0, 2015-12-23 10:02:30, 0.0, None 
 48.81, -123.82, 34.0, 2015-12-23 10:05:00, 0.0, None 
 48.77, -123.78, 30.0, 2015-12-23 10:07:30, 0.0, None 
 48.87, -123.665, 37.5, 2015-12-23 10:10:00, 0.0, None 
 48.82, -123.65, 44.0, 2015-12-23 10:12:30, 0.0, None 
 48.785, -123.755, 46.5, 2015-12-23 10:15:00, 0.0, None 
 48.83, -123.68, 20.0, 2015-12-23 10:17:30, 0.0, None 
 48.82, -123.67, 20.0, 2015-12-23 10:20:00, 0.0, None 
 48.81, -123.73, 30.0, 2015-12-23 10:25:00, 0.0, None 
 48.81, -123.73, 30.0, 2015-12-23 10:27:30, 0.0, None 
 48.72, -123.75, 51.0, 2015-12-23 10:32:30, 0.0, None 
 48.74, -123.805, 20.0, 2015-12-23 10:47:30, 0.0, None 
 48.78, -123.81, 20.0, 2015-12-23 10:50:00, 0.0, None 
 48.78, -123.805, 22.5, 2015-12-23 10:52:30, 0.0, None 
 48.71, -123.79, 39.5, 2015-12-23 10:55:00, 0.0, None 
 48.81, -123.74, 57.0, 2015-12-23 10:57:30, 0.0, None 
 48.78, -123.82, 40.0, 2015-12-23 11:00:00, 0.0, None 
 48.81, -123.82, 30.0, 2015-12-23 11:02:30, 0.0, None 
 48.865, -123.775, 47.0, 2015-12-23 11:05:00, 0.0, None 
 48.81, -123.715, 60.0, 2015-12-23 11:07:30, 0.0, None 
 48.88, -123.67, 32.5, 2015-12-23 11:10:00, 0.0, None 
 48.835, -123.67, 48.0, 2015-12-23 11:12:30, 0.0, None 
 48.84, -123.67, 48.0, 2015-12-23 11:15:00, 0.0, None 
 48.88, -123.7, 25.5, 2015-12-23 11:17:30, 0.0, None 
 48.79, -123.695, 36.0, 2015-12-23 11:20:00, 0.0, None 
 48.87, -123.73, 20.0, 2015-12-23 11:22:30, 0.0, None 
 48.91, -123.79, 20.0, 2015-12-23 11:27:30, 0.0, None 
 48.93, -123.72, 36.5, 2015-12-23 11:30:00, 0.0, None 
 48.91, -123.805, 30.0, 2015-12-23 11:32:30, 0.0, None 
 48.88, -123.75, 27.5, 2015-12-23 11:35:00, 0.0, None 
 48.78, -123.71, 40.5, 2015-12-23 11:37:30, 0.0, None 
 48.9, -123.7, 41.5, 2015-12-23 11:40:00, 0.0, None 
 48.77, -123.72, 22.0, 2015-12-23 11:42:30, 0.0, None 
 48.87, -123.62, 20.0, 2015-12-23 11:45:00, 0.0, None 
 48.83, -123.95, 20.0, 2015-12-23 12:02:30, 0.0, None 
 48.8, -123.94, 20.0, 2015-12-23 12:05:00, 0.0, None 
 48.8, -123.93, 20.0, 2015-12-23 12:07:30, 0.0, None 
 48.97, -123.715, 24.0, 2015-12-23 12:27:30, 0.0, None 
 48.98, -123.67, 20.0, 2015-12-23 12:30:00, 0.0, None 
 48.86, -123.78, 20.0, 2015-12-23 12:32:30, 0.0, None 
 48.88, -123.77, 20.0, 2015-12-23 12:35:00, 0.0, None 
 48.87, -123.76, 20.0, 2015-12-23 12:37:30, 0.0, None 
 48.81, -123.85, 20.0, 2015-12-23 13:00:00, 0.0, None 
 48.83, -123.65, 20.0, 2015-12-23 13:15:00, 0.0, None 
 48.98, -123.66, 20.0, 2015-12-23 13:32:30, 0.0, None 
 48.76, -123.67, 31.0, 2015-12-23 14:27:30, 0.0, None 
 48.73, -123.63, 42.0, 2015-12-23 14:30:00, 0.0, None 
 48.83, -123.6, 31.0, 2015-12-23 14:52:30, 0.0, None 
 48.785, -123.605, 22.5, 2015-12-23 14:57:30, 0.0, None 
 48.71, -123.83, 20.0, 2015-12-23 18:02:30, 0.0, None 
 48.97, -123.82, 38.0, 2015-12-23 20:25:00, 0.0, None 
 48.89, -123.86, 26.0, 2015-12-23 20:27:30, 0.0, None 
 48.88, -123.915, 20.0, 2015-12-23 20:30:00, 0.0, None 
 48.905, -123.88, 20.0, 2015-12-23 20:32:30, 0.0, None 
 48.825, -123.85, 22.5, 2015-12-23 20:35:00, 0.0, None 
 48.76, -123.89, 20.0, 2015-12-23 20:37:30, 0.0, None 
 48.84, -123.91, 20.0, 2015-12-23 20:40:00, 0.0, None 
 48.79, -123.8, 60.0, 2015-12-23 20:47:30, 0.0, None 
 48.735, -123.78, 60.0, 2015-12-23 20:50:00, 0.0, None 
 48.92, -123.91, 29.0, 2015-12-23 23:00:00, 0.0, None 
 48.89, -124.01, 34.0, 2015-12-23 23:02:30, 0.0, None 
 48.89, -123.88, 23.0, 2015-12-23 23:10:00, 0.0, None 
 48.9, -123.83, 20.0, 2015-12-23 23:12:30, 0.0, None 
 48.73, -123.765, 20.0, 2015-12-23 23:15:00, 0.0, None 
 48.765, -123.76, 20.0, 2015-12-23 23:17:30, 0.0, None 
 48.745, -123.68, 20.0, 2015-12-23 23:35:00, 0.0, None 
 48.78, -123.655, 20.0, 2015-12-23 23:37:30, 0.0, None 
 48.88, -123.98, 20.0, 2015-12-23 23:42:30, 0.0, None 
 48.9, -123.86, 32.0, 2015-12-24 00:47:30, 0.0, None 
 48.94, -123.88, 20.0, 2015-12-24 01:12:30, 0.0, None 
 48.815, -123.79700000000001, 22.0, 2015-12-24 01:15:00, 0.0, None 
 48.983000000000004, -124.015, 28.2, 2015-12-24 02:02:30, 0.0, None 
 49.0, -124.05, 30.0, 2015-12-24 02:05:00, 0.0, None 
 48.61, -123.9, 37.0, 2015-12-24 02:15:00, 0.0, None 
 49.0, -123.87, 33.0, 2015-12-24 02:25:00, 0.0, None 
 48.95, -123.87, 31.0, 2015-12-24 02:30:00, 0.0, None 
 48.96, -123.86, 37.0, 2015-12-24 02:32:30, 0.0, None 
 48.9, -123.89, 60.0, 2015-12-24 02:35:00, 0.0, None 
 48.93, -124.01, 49.0, 2015-12-24 02:37:30, 0.0, None 
 48.82, -123.99, 44.0, 2015-12-24 03:12:30, 0.0, None 
 48.93, -123.86, 30.5, 2015-12-24 03:17:30, 0.0, None 
 48.84, -124.18, 20.0, 2015-12-24 03:25:00, 0.0, None 
 48.92, -124.09, 30.0, 2015-12-24 03:30:00, 0.0, None 
 48.92, -123.91, 20.0, 2015-12-24 03:45:00, 0.0, None 
 48.97, -123.85, 32.5, 2015-12-24 03:47:30, 0.0, None 
 48.98, -123.865, 34.0, 2015-12-24 03:50:00, 0.0, None 
 48.96, -123.79, 45.0, 2015-12-24 03:52:30, 0.0, None 
 48.89, -124.015, 20.0, 2015-12-24 04:00:00, 0.0, None 
 48.87, -123.76, 20.0, 2015-12-24 04:02:30, 0.0, None 
 48.89, -124.04, 28.0, 2015-12-24 04:20:00, 0.0, None 
 48.895, -123.955, 20.0, 2015-12-24 04:32:30, 0.0, None 
 48.9, -123.87, 60.0, 2015-12-24 04:55:00, 0.0, None 
 48.92, -123.97, 49.5, 2015-12-24 05:02:30, 0.0, None 
 48.76, -123.75, 43.0, 2015-12-24 05:25:00, 0.0, None 
 48.635, -124.025, 45.5, 2015-12-24 05:52:30, 0.0, None 
 48.79, -124.04, 29.0, 2015-12-24 05:55:00, 0.0, None 
 48.8, -123.96, 29.0, 2015-12-24 06:20:00, 0.0, None 
 48.89, -123.85, 24.0, 2015-12-24 06:37:30, 0.0, None 
 48.825, -124.065, 40.5, 2015-12-24 06:50:00, 0.0, None 
 48.66, -124.01, 60.0, 2015-12-24 06:52:30, 0.0, None 
 48.89, -124.08, 24.0, 2015-12-24 06:55:00, 0.0, None 
 48.88, -123.94, 53.0, 2015-12-24 07:52:30, 0.0, None 
 48.88, -124.04, 34.0, 2015-12-24 07:55:00, 0.0, None 
 48.79, -124.02, 49.0, 2015-12-24 07:57:30, 0.0, None 
 48.78, -124.01, 21.0, 2015-12-24 08:00:00, 0.0, None 
 48.78, -123.95, 34.0, 2015-12-24 08:02:30, 0.0, None 
 48.8, -124.045, 39.0, 2015-12-24 08:05:00, 0.0, None 
 48.87, -124.08, 24.0, 2015-12-24 08:07:30, 0.0, None 
 48.765, -123.97, 57.0, 2015-12-24 08:12:30, 0.0, None 
 48.88, -123.89, 20.0, 2015-12-24 08:15:00, 0.0, None 
 48.77, -123.86, 26.0, 2015-12-24 08:35:00, 0.0, None 
 48.81, -123.87, 29.0, 2015-12-24 08:37:30, 0.0, None 
 48.81, -123.87, 20.0, 2015-12-24 08:40:00, 0.0, None 
 48.78, -123.9, 20.0, 2015-12-24 08:42:30, 0.0, None 
 48.68, -123.95, 29.0, 2015-12-24 08:47:30, 0.0, None 
 48.72, -123.885, 36.0, 2015-12-24 08:50:00, 0.0, None 
 48.74, -124.0, 32.0, 2015-12-24 08:52:30, 0.0, None 
 49.0, -123.82, 60.0, 2015-12-24 09:45:00, 0.0, None 
 48.97, -124.025, 60.0, 2015-12-24 09:57:30, 0.0, None 
 48.89, -123.955, 20.0, 2015-12-24 10:00:00, 0.0, None 
 48.92, -123.977, 24.8, 2015-12-24 10:02:30, 0.0, None 
 48.89, -123.98, 48.0, 2015-12-24 10:05:00, 0.0, None 
 48.91, -123.89, 33.0, 2015-12-24 10:07:30, 0.0, None 
 48.92, -123.87, 20.0, 2015-12-24 10:10:00, 0.0, None 
 48.94, -123.88, 33.5, 2015-12-24 10:12:30, 0.0, None 
 48.99, -123.985, 20.0, 2015-12-24 10:17:30, 0.0, None 
 48.95, -123.855, 30.0, 2015-12-24 10:20:00, 0.0, None 
 48.97, -123.83, 28.5, 2015-12-24 10:22:30, 0.0, None 
 48.7, -123.63, 20.0, 2015-12-24 10:22:30, 0.0, None 
 48.94, -123.89, 32.0, 2015-12-24 10:25:00, 0.0, None 
 48.92, -123.89, 20.0, 2015-12-24 10:27:30, 0.0, None 
 48.93, -123.885, 20.0, 2015-12-24 10:30:00, 0.0, None 
 48.68, -123.555, 20.0, 2015-12-24 10:30:00, 0.0, None 
 48.867, -123.8, 20.0, 2015-12-24 10:32:30, 0.0, None 
 48.845, -123.79, 24.0, 2015-12-24 10:35:00, 0.0, None 
 48.9, -123.87, 29.0, 2015-12-24 10:37:30, 0.0, None 
 48.69, -123.64, 37.0, 2015-12-24 10:37:30, 0.0, None 
 48.95, -123.99, 26.0, 2015-12-24 10:40:00, 0.0, None 
 48.8, -123.98, 33.5, 2015-12-24 10:45:00, 0.0, None 
 48.91, -123.89, 55.0, 2015-12-24 10:57:30, 0.0, None 
 48.9, -123.935, 32.0, 2015-12-24 11:00:00, 0.0, None 
 48.97, -123.85, 33.0, 2015-12-24 11:02:30, 0.0, None 
 48.71, -123.64, 20.0, 2015-12-24 11:02:30, 0.0, None 
 48.845, -123.713, 28.0, 2015-12-24 11:05:00, 0.0, None 
 48.73, -123.91, 20.0, 2015-12-24 11:12:30, 0.0, None 
 48.78, -123.8, 29.0, 2015-12-24 11:15:00, 0.0, None 
 48.79, -123.82, 28.0, 2015-12-24 11:17:30, 0.0, None 
 48.795, -123.895, 26.5, 2015-12-24 11:20:00, 0.0, None 
 48.84, -123.88, 20.0, 2015-12-24 11:22:30, 0.0, None 
 48.78, -123.85, 39.0, 2015-12-24 11:27:30, 0.0, None 
 48.79, -123.88, 20.0, 2015-12-24 11:30:00, 0.0, None 
 48.69, -124.01, 60.0, 2015-12-24 11:32:30, 0.0, None 
 48.8, -123.88, 40.0, 2015-12-24 11:35:00, 0.0, None 
 48.89, -123.84, 20.0, 2015-12-24 11:37:30, 0.0, None 
 48.91, -123.75, 20.0, 2015-12-24 11:40:00, 0.0, None 
 48.76, -123.695, 20.0, 2015-12-24 11:42:30, 0.0, None 
 48.83, -123.735, 22.0, 2015-12-24 11:45:00, 0.0, None 
 48.835, -123.71799999999999, 20.0, 2015-12-24 11:47:30, 0.0, None 
 48.825, -123.72, 20.0, 2015-12-24 11:50:00, 0.0, None 
 48.97, -124.08, 29.0, 2015-12-24 11:52:30, 0.0, None 
 48.775, -123.84, 33.0, 2015-12-24 11:52:30, 0.0, None 
 48.79, -123.74, 30.0, 2015-12-24 11:55:00, 0.0, None 
 48.8, -123.89, 32.0, 2015-12-24 12:05:00, 0.0, None 
 48.815, -123.8, 30.0, 2015-12-24 12:07:30, 0.0, None 
 48.8, -123.81, 41.0, 2015-12-24 12:10:00, 0.0, None 
 48.81, -123.8, 37.0, 2015-12-24 12:12:30, 0.0, None 
 48.85, -123.76, 22.0, 2015-12-24 12:15:00, 0.0, None 
 48.675, -123.845, 55.5, 2015-12-24 12:17:30, 0.0, None 
 48.795, -123.67, 26.5, 2015-12-24 12:20:00, 0.0, None 
 48.805, -123.67, 20.0, 2015-12-24 12:22:30, 0.0, None 
 48.805, -123.805, 31.0, 2015-12-24 12:25:00, 0.0, None 
 48.765, -123.61, 45.0, 2015-12-24 12:27:30, 0.0, None 
 48.758, -123.565, 38.5, 2015-12-24 12:30:00, 0.0, None 
 48.725, -123.51, 20.0, 2015-12-24 12:45:00, 0.0, None 
 48.81, -123.69, 23.0, 2015-12-24 12:47:30, 0.0, None 
 48.82, -123.68, 20.0, 2015-12-24 12:50:00, 0.0, None 
 48.905, -123.83, 20.0, 2015-12-24 12:55:00, 0.0, None 
 48.89, -123.73, 59.5, 2015-12-24 12:57:30, 0.0, None 
 48.82, -123.7, 32.0, 2015-12-24 13:00:00, 0.0, None 
 48.82, -123.69, 46.0, 2015-12-24 13:02:30, 0.0, None 
 48.85, -123.71, 26.0, 2015-12-24 13:05:00, 0.0, None 
 48.845, -123.74, 24.5, 2015-12-24 13:07:30, 0.0, None 
 48.88, -123.74, 27.0, 2015-12-24 13:10:00, 0.0, None 
 48.88, -123.74, 25.5, 2015-12-24 13:12:30, 0.0, None 
 48.66, -123.5, 20.0, 2015-12-24 13:12:30, 0.0, None 
 48.88, -123.74, 35.0, 2015-12-24 13:15:00, 0.0, None 
 48.91, -123.695, 31.0, 2015-12-24 13:20:00, 0.0, None 
 48.8, -123.91, 20.0, 2015-12-24 13:22:30, 0.0, None 
 48.83, -123.88, 49.0, 2015-12-24 13:27:30, 0.0, None 
 48.67, -123.915, 58.5, 2015-12-24 13:37:30, 0.0, None 
 48.74, -123.91, 20.0, 2015-12-24 13:40:00, 0.0, None 
 48.79, -123.9, 37.0, 2015-12-24 13:42:30, 0.0, None 
 48.905, -123.61, 60.0, 2015-12-24 13:45:00, 0.0, None 
 48.91, -123.71, 44.5, 2015-12-24 13:47:30, 0.0, None 
 48.875, -123.705, 23.5, 2015-12-24 13:50:00, 0.0, None 
 48.81, -123.74, 20.0, 2015-12-24 13:52:30, 0.0, None 
 48.83, -124.025, 39.0, 2015-12-24 14:02:30, 0.0, None 
 48.83, -123.98, 39.5, 2015-12-24 14:05:00, 0.0, None 
 48.76, -123.8, 53.0, 2015-12-24 14:07:30, 0.0, None 
 48.89, -124.05, 31.0, 2015-12-24 14:20:00, 0.0, None 
 48.77, -124.1, 60.0, 2015-12-24 14:22:30, 0.0, None 
 48.87, -123.99, 20.0, 2015-12-24 14:25:00, 0.0, None 
 48.89, -123.91, 20.0, 2015-12-24 14:30:00, 0.0, None 
 48.98, -123.77, 20.0, 2015-12-24 14:32:30, 0.0, None 
 48.91, -123.8, 20.0, 2015-12-24 14:35:00, 0.0, None 
 48.86, -123.708, 20.0, 2015-12-24 14:37:30, 0.0, None 
 48.68, -123.52, 27.5, 2015-12-24 14:40:00, 0.0, None 
 48.79, -123.81, 35.0, 2015-12-24 14:45:00, 0.0, None 
 48.87, -124.0, 20.0, 2015-12-24 15:05:00, 0.0, None 
 48.68, -123.87, 50.0, 2015-12-24 15:12:30, 0.0, None 
 48.77, -123.96, 20.0, 2015-12-24 15:47:30, 0.0, None 
 48.808, -124.13, 38.5, 2015-12-24 16:02:30, 0.0, None 
 48.83, -124.08, 20.0, 2015-12-24 16:30:00, 0.0, None 
 48.82, -123.92, 60.0, 2015-12-24 18:57:30, 0.0, None 
 48.88, -123.785, 60.0, 2015-12-24 19:45:00, 0.0, None 
 48.9, -124.13, 53.0, 2015-12-24 19:57:30, 0.0, None 
 48.89, -124.11, 30.0, 2015-12-24 20:00:00, 0.0, None 
 48.88, -124.07, 24.0, 2015-12-24 20:02:30, 0.0, None 
 48.87, -124.06, 27.0, 2015-12-24 20:05:00, 0.0, None 
 48.86, -124.06, 29.0, 2015-12-24 20:07:30, 0.0, None 
 48.89, -124.03, 28.0, 2015-12-24 20:12:30, 0.0, None 
 48.9, -124.02, 28.0, 2015-12-24 20:15:00, 0.0, None 
 48.935, -123.985, 24.0, 2015-12-24 20:17:30, 0.0, None 
 48.95, -124.14, 25.0, 2015-12-24 20:30:00, 0.0, None 
 48.91, -123.975, 34.5, 2015-12-24 20:35:00, 0.0, None 
 48.92, -124.08, 32.0, 2015-12-24 20:37:30, 0.0, None 
 48.75, -124.0, 50.0, 2015-12-24 20:42:30, 0.0, None 
 48.81, -123.99, 56.0, 2015-12-24 22:32:30, 0.0, None 
 48.925, -124.1, 32.0, 2015-12-24 22:35:00, 0.0, None 
 48.93, -124.03, 32.0, 2015-12-24 22:37:30, 0.0, None 
 48.81, -124.0, 43.0, 2015-12-24 23:32:30, 0.0, None 
 48.8, -124.03, 49.0, 2015-12-24 23:35:00, 0.0, None 
 48.758, -123.757, 37.0, 2015-12-24 23:37:30, 0.0, None 
 48.97, -124.16, 24.0, 2015-12-24 23:40:00, 0.0, None 
 48.75, -123.8, 31.5, 2015-12-24 23:40:00, 0.0, None 
 48.87, -123.89, 20.0, 2015-12-24 23:42:30, 0.0, None 
 48.78, -124.06, 50.5, 2015-12-24 23:47:30, 0.0, None 
 48.66, -124.045, 60.0, 2015-12-24 23:50:00, 0.0, None 
 48.8, -124.005, 55.5, 2015-12-24 23:55:00, 0.0, None 
 48.805, -123.91, 20.0, 2015-12-25 00:27:30, 0.0, None 
 48.93, -123.83, 60.0, 2015-12-25 00:30:00, 0.0, None 
 48.69, -123.91, 20.0, 2015-12-25 00:32:30, 0.0, None 
 48.85, -124.27, 20.0, 2015-12-25 00:55:00, 0.0, None 
 48.745, -124.21, 60.0, 2015-12-25 00:57:30, 0.0, None 
 48.86, -123.99, 32.0, 2015-12-25 01:10:00, 0.0, None 
 48.87, -123.99, 27.0, 2015-12-25 01:12:30, 0.0, None 
 48.78, -123.95, 33.0, 2015-12-25 01:15:00, 0.0, None 
 48.72, -123.88, 50.0, 2015-12-25 01:17:30, 0.0, None 
 48.8, -124.01, 48.0, 2015-12-25 01:20:00, 0.0, None 
 48.85, -123.89, 23.0, 2015-12-25 01:22:30, 0.0, None 
 48.755, -123.75, 20.0, 2015-12-25 01:25:00, 0.0, None 
 48.94, -124.27, 20.0, 2015-12-25 01:45:00, 0.0, None 
 48.88, -123.76, 32.0, 2015-12-25 01:47:30, 0.0, None 
 48.948, -124.685, 43.8, 2015-12-25 01:55:00, 0.0, None 
 49.0, -124.45, 60.0, 2015-12-25 02:05:00, 0.0, None 
 48.96, -124.68, 47.0, 2015-12-25 02:17:30, 0.0, None 
 48.99, -124.59, 41.5, 2015-12-25 02:40:00, 0.0, None 
 48.8, -124.61, 45.0, 2015-12-25 03:00:00, 0.0, None 
 48.89, -124.68, 50.0, 2015-12-25 03:35:00, 0.0, None 
 48.95, -124.6, 40.0, 2015-12-25 03:37:30, 0.0, None 
 48.961999999999996, -124.56, 40.5, 2015-12-25 04:05:00, 0.0, None 
 48.81, -124.09, 51.0, 2015-12-25 04:37:30, 0.0, None 
 48.81, -124.11, 43.0, 2015-12-25 04:40:00, 0.0, None 
 48.71, -123.72, 20.0, 2015-12-25 06:15:00, 0.0, None 
 49.0, -124.58, 33.0, 2015-12-25 06:45:00, 0.0, None 
 49.0, -124.61, 34.0, 2015-12-25 06:47:30, 0.0, None 
 48.945, -124.197, 29.0, 2015-12-25 08:25:00, 0.0, None 
 48.945, -124.135, 26.0, 2015-12-25 08:27:30, 0.0, None 
 48.795, -123.975, 46.0, 2015-12-25 08:30:00, 0.0, None 
 48.94, -124.09, 28.0, 2015-12-25 08:40:00, 0.0, None 
 48.89, -124.045, 30.5, 2015-12-25 08:42:30, 0.0, None 
 48.785, -123.61, 20.0, 2015-12-25 08:57:30, 0.0, None 
 49.0, -124.52, 35.0, 2015-12-25 09:00:00, 0.0, None 
 48.88, -123.92, 24.0, 2015-12-25 09:10:00, 0.0, None 
 48.85, -124.08, 33.0, 2015-12-25 09:12:30, 0.0, None 
 48.85, -124.1, 29.0, 2015-12-25 09:15:00, 0.0, None 
 48.83, -123.97, 40.0, 2015-12-25 09:20:00, 0.0, None 
 48.9, -124.0, 22.5, 2015-12-25 09:22:30, 0.0, None 
 48.895, -124.095, 33.0, 2015-12-25 09:25:00, 0.0, None 
 48.75, -124.11, 42.5, 2015-12-25 09:30:00, 0.0, None 
 48.95, -124.7, 38.0, 2015-12-25 10:15:00, 0.0, None 
 48.975, -124.56, 20.0, 2015-12-25 10:17:30, 0.0, None 
 48.96, -124.535, 24.0, 2015-12-25 10:20:00, 0.0, None 
 48.95, -124.52, 20.0, 2015-12-25 10:40:00, 0.0, None 
 48.88, -124.18, 41.0, 2015-12-25 10:42:30, 0.0, None 
 48.825, -124.62, 60.0, 2015-12-25 10:55:00, 0.0, None 
 48.99, -124.605, 26.8, 2015-12-25 11:05:00, 0.0, None 
 48.915, -124.51, 42.5, 2015-12-25 11:07:30, 0.0, None 
 48.97, -124.58, 20.0, 2015-12-25 11:25:00, 0.0, None 
 48.925, -124.60700000000001, 20.0, 2015-12-25 11:27:30, 0.0, None 
 48.95, -124.49, 20.0, 2015-12-25 11:40:00, 0.0, None 
 48.675, -123.88, 24.0, 2015-12-25 12:25:00, 0.0, None 
 48.71, -124.02, 48.0, 2015-12-25 12:27:30, 0.0, None 
 48.895, -124.23, 37.0, 2015-12-25 12:30:00, 0.0, None 
 48.788000000000004, -123.63799999999999, 37.0, 2015-12-25 12:42:30, 0.0, None 
 48.73, -123.7, 32.0, 2015-12-25 12:45:00, 0.0, None 
 48.84, -123.78, 39.0, 2015-12-25 12:47:30, 0.0, None 
 48.75, -123.805, 35.0, 2015-12-25 12:50:00, 0.0, None 
 48.89, -124.18, 60.0, 2015-12-25 12:57:30, 0.0, None 
 48.83, -123.74, 25.0, 2015-12-25 13:05:00, 0.0, None 
 48.885, -123.823, 24.5, 2015-12-25 13:07:30, 0.0, None 
 48.84, -124.215, 53.5, 2015-12-25 13:15:00, 0.0, None 
 48.87, -123.84, 20.0, 2015-12-25 13:25:00, 0.0, None 
 48.91, -123.94, 32.0, 2015-12-25 13:27:30, 0.0, None 
 48.87, -123.98, 26.5, 2015-12-25 13:30:00, 0.0, None 
 48.97, -123.91, 54.0, 2015-12-25 13:32:30, 0.0, None 
 48.81, -124.59, 60.0, 2015-12-25 13:35:00, 0.0, None 
 48.83, -123.72, 46.0, 2015-12-25 13:35:00, 0.0, None 
 48.81, -123.805, 60.0, 2015-12-25 13:37:30, 0.0, None 
 48.68, -124.02, 60.0, 2015-12-25 13:40:00, 0.0, None 
 48.61, -123.81, 20.0, 2015-12-25 13:42:30, 0.0, None 
 48.765, -123.86, 45.0, 2015-12-25 13:55:00, 0.0, None 
 48.92, -123.69, 60.0, 2015-12-25 13:57:30, 0.0, None 
 48.98, -124.2, 20.0, 2015-12-25 14:22:30, 0.0, None 
 48.98, -124.572, 23.5, 2015-12-25 14:30:00, 0.0, None 
 48.93, -124.54, 39.0, 2015-12-25 14:35:00, 0.0, None 
 48.87, -123.875, 20.0, 2015-12-25 14:55:00, 0.0, None 
 48.99, -124.12, 48.5, 2015-12-25 15:45:00, 0.0, None 
 48.705, -123.675, 40.0, 2015-12-25 15:57:30, 0.0, None 
 48.82, -123.8, 20.0, 2015-12-25 16:02:30, 0.0, None 
 48.773, -123.88, 25.8, 2015-12-25 16:05:00, 0.0, None 
 48.78, -123.99, 46.5, 2015-12-25 16:10:00, 0.0, None 
 48.71, -124.1, 35.0, 2015-12-25 16:12:30, 0.0, None 
 48.87, -123.7, 30.0, 2015-12-25 16:15:00, 0.0, None 
 48.82, -123.78, 31.0, 2015-12-25 16:17:30, 0.0, None 
 48.8, -123.91, 20.0, 2015-12-25 16:20:00, 0.0, None 
 48.815, -123.89, 20.0, 2015-12-25 16:27:30, 0.0, None 
 48.81, -123.88, 25.5, 2015-12-25 16:30:00, 0.0, None 
 48.8, -123.98, 31.0, 2015-12-25 16:32:30, 0.0, None 
 48.855, -123.93, 60.0, 2015-12-25 16:40:00, 0.0, None 
 48.8, -123.895, 46.0, 2015-12-25 16:42:30, 0.0, None 
 48.71, -123.845, 27.5, 2015-12-25 16:45:00, 0.0, None 
 48.875, -123.87, 26.0, 2015-12-25 16:47:30, 0.0, None 
 48.79, -123.83, 20.0, 2015-12-25 16:50:00, 0.0, None 
 48.78, -123.93, 34.0, 2015-12-25 16:52:30, 0.0, None 
 48.91, -123.75, 20.0, 2015-12-25 17:07:30, 0.0, None 
 48.78, -123.88, 20.0, 2015-12-25 17:10:00, 0.0, None 
 48.94, -124.55, 32.0, 2015-12-25 17:15:00, 0.0, None 
 48.74, -123.68, 60.0, 2015-12-25 17:20:00, 0.0, None 
 48.62, -124.11, 60.0, 2015-12-25 17:57:30, 0.0, None 
 49.0, -124.75, 60.0, 2015-12-25 18:00:00, 0.0, None 
 48.78, -124.19, 47.0, 2015-12-25 18:15:00, 0.0, None 
 48.72, -123.81, 60.0, 2015-12-25 18:17:30, 0.0, None 
 48.97, -124.09299999999999, 44.2, 2015-12-25 18:27:30, 0.0, None 
 48.865, -123.755, 20.0, 2015-12-25 18:50:00, 0.0, None 
 48.92, -124.12, 60.0, 2015-12-25 19:12:30, 0.0, None 
 48.81, -123.825, 30.0, 2015-12-25 19:30:00, 0.0, None 
 48.77, -124.23, 32.0, 2015-12-25 19:45:00, 0.0, None 
 48.76, -123.92, 20.0, 2015-12-25 19:50:00, 0.0, None 
 48.895, -124.47, 20.0, 2015-12-25 19:52:30, 0.0, None 
 48.995, -124.635, 20.0, 2015-12-25 19:55:00, 0.0, None 
 48.64, -123.89, 20.0, 2015-12-25 19:55:00, 0.0, None 
 48.985, -124.57, 33.5, 2015-12-25 20:15:00, 0.0, None 
 48.96, -124.56, 34.0, 2015-12-25 20:17:30, 0.0, None 
 48.9, -124.55, 48.0, 2015-12-25 20:20:00, 0.0, None 
 48.955, -124.605, 44.5, 2015-12-25 20:22:30, 0.0, None 
 48.983000000000004, -124.65299999999999, 39.2, 2015-12-25 20:25:00, 0.0, None 
 48.7, -123.74, 60.0, 2015-12-25 20:25:00, 0.0, None 
 48.983000000000004, -124.69, 53.5, 2015-12-25 20:32:30, 0.0, None 
 48.8, -124.18, 54.0, 2015-12-25 20:37:30, 0.0, None 
 48.74, -124.13, 49.0, 2015-12-25 20:40:00, 0.0, None 
 48.79, -124.13, 45.0, 2015-12-25 20:42:30, 0.0, None 
 48.785, -124.25, 45.0, 2015-12-25 20:45:00, 0.0, None 
 48.72, -124.125, 46.0, 2015-12-25 20:47:30, 0.0, None 
 48.9, -123.79, 20.0, 2015-12-25 20:47:30, 0.0, None 
 48.81, -124.245, 34.0, 2015-12-25 20:50:00, 0.0, None 
 48.9, -123.95, 60.0, 2015-12-25 20:52:30, 0.0, None 
 48.8, -124.6, 37.0, 2015-12-25 21:10:00, 0.0, None 
 48.8, -124.62, 36.0, 2015-12-25 21:12:30, 0.0, None 
 48.77, -124.125, 42.0, 2015-12-25 21:25:00, 0.0, None 
 48.695, -123.86200000000001, 20.0, 2015-12-25 21:55:00, 0.0, None 
 48.89, -124.34, 48.0, 2015-12-25 22:05:00, 0.0, None 
 48.96, -124.21, 20.0, 2015-12-25 22:07:30, 0.0, None 
 48.965, -124.175, 21.5, 2015-12-25 22:10:00, 0.0, None 
 48.73, -123.845, 20.0, 2015-12-25 22:10:00, 0.0, None 
 48.995, -124.16, 35.0, 2015-12-25 22:12:30, 0.0, None 
 48.74, -123.9, 20.0, 2015-12-25 22:12:30, 0.0, None 
 48.77, -123.79, 60.0, 2015-12-25 22:15:00, 0.0, None 
 48.92, -124.34, 60.0, 2015-12-25 22:20:00, 0.0, None 
 48.86, -123.75, 20.0, 2015-12-25 22:22:30, 0.0, None 
 48.87, -124.08, 46.0, 2015-12-25 22:32:30, 0.0, None 
 48.96, -124.3, 30.5, 2015-12-25 22:35:00, 0.0, None 
 48.99, -124.3, 20.0, 2015-12-25 22:37:30, 0.0, None 
 48.88, -124.02, 35.5, 2015-12-25 22:40:00, 0.0, None 
 48.94, -124.2, 27.0, 2015-12-25 22:42:30, 0.0, None 
 48.825, -124.195, 43.5, 2015-12-25 22:47:30, 0.0, None 
 48.9, -123.79, 51.0, 2015-12-25 22:47:30, 0.0, None 
 49.0, -124.65, 37.5, 2015-12-25 22:52:30, 0.0, None 
 48.71, -123.9, 20.0, 2015-12-25 22:52:30, 0.0, None 
 48.665, -123.71, 46.0, 2015-12-25 22:55:00, 0.0, None 
 48.626999999999995, -123.88, 60.0, 2015-12-25 22:57:30, 0.0, None 
 48.675, -123.915, 30.2, 2015-12-25 23:00:00, 0.0, None 
 48.67, -123.935, 58.5, 2015-12-25 23:02:30, 0.0, None 
 48.668, -123.85700000000001, 42.0, 2015-12-25 23:05:00, 0.0, None 
 48.69, -124.0, 33.0, 2015-12-25 23:07:30, 0.0, None 
 48.98, -124.25, 43.0, 2015-12-25 23:17:30, 0.0, None 
 48.97, -124.7, 29.0, 2015-12-25 23:22:30, 0.0, None 
 48.99, -124.74, 60.0, 2015-12-25 23:25:00, 0.0, None 
 48.87, -123.9, 60.0, 2015-12-25 23:30:00, 0.0, None 
 48.89, -124.55, 60.0, 2015-12-26 00:02:30, 0.0, None 
 48.998000000000005, -124.625, 44.5, 2015-12-26 00:20:00, 0.0, None 
 48.705, -123.995, 30.0, 2015-12-26 00:20:00, 0.0, None 
 48.9, -124.72, 40.0, 2015-12-26 00:22:30, 0.0, None 
 48.73, -124.1, 20.0, 2015-12-26 00:25:00, 0.0, None 
 48.82, -123.92, 22.5, 2015-12-26 00:30:00, 0.0, None 
 48.935, -123.975, 60.0, 2015-12-26 00:32:30, 0.0, None 
 48.83, -123.7, 20.0, 2015-12-26 00:40:00, 0.0, None 
 48.76, -123.98, 60.0, 2015-12-26 00:42:30, 0.0, None 
 48.53, -124.08, 24.0, 2015-12-26 00:47:30, 0.0, None 
 48.9, -124.85, 28.0, 2015-12-26 01:10:00, 0.0, None 
 48.61, -123.94, 53.0, 2015-12-26 01:10:00, 0.0, None 
 48.975, -124.685, 42.0, 2015-12-26 01:15:00, 0.0, None 
 48.69, -123.87, 20.0, 2015-12-26 01:15:00, 0.0, None 
 48.58, -123.97, 20.0, 2015-12-26 01:17:30, 0.0, None 
 49.0, -124.5, 57.0, 2015-12-26 01:27:30, 0.0, None 
 48.975, -124.265, 48.5, 2015-12-26 01:30:00, 0.0, None 
 48.92, -124.31, 49.0, 2015-12-26 01:32:30, 0.0, None 
 48.77, -124.32, 60.0, 2015-12-26 01:35:00, 0.0, None 
 48.805, -124.6, 60.0, 2015-12-26 01:37:30, 0.0, None 
 48.773, -124.755, 60.0, 2015-12-26 01:40:00, 0.0, None 
 48.88, -123.97, 38.0, 2015-12-26 01:50:00, 0.0, None 
 48.91, -124.41, 58.0, 2015-12-26 01:52:30, 0.0, None 
 48.89, -123.99, 50.0, 2015-12-26 01:52:30, 0.0, None 
 48.95, -124.8, 40.0, 2015-12-26 02:02:30, 0.0, None 
 48.84, -123.965, 32.5, 2015-12-26 02:02:30, 0.0, None 
 48.73, -124.48, 60.0, 2015-12-26 02:05:00, 0.0, None 
 48.578, -123.89, 40.0, 2015-12-26 02:05:00, 0.0, None 
 48.88, -124.8, 28.0, 2015-12-26 02:07:30, 0.0, None 
 48.595, -123.87, 56.5, 2015-12-26 02:07:30, 0.0, None 
 48.935, -124.0, 39.5, 2015-12-26 02:12:30, 0.0, None 
 48.81, -123.71, 20.0, 2015-12-26 02:12:30, 0.0, None 
 48.98, -124.87, 20.0, 2015-12-26 02:17:30, 0.0, None 
 48.975, -124.815, 28.0, 2015-12-26 02:20:00, 0.0, None 
 48.895, -124.645, 60.0, 2015-12-26 02:30:00, 0.0, None 
 48.992, -124.69, 33.2, 2015-12-26 02:40:00, 0.0, None 
 48.905, -124.7, 50.0, 2015-12-26 02:42:30, 0.0, None 
 48.42, -123.58, 30.0, 2015-12-26 02:42:30, 0.0, None 
 48.935, -124.59, 49.5, 2015-12-26 02:45:00, 0.0, None 
 48.85, -124.855, 44.0, 2015-12-26 02:52:30, 0.0, None 
 48.975, -124.80799999999999, 25.2, 2015-12-26 02:55:00, 0.0, None 
 48.63, -124.26, 52.0, 2015-12-26 02:55:00, 0.0, None 
 48.975, -124.80799999999999, 42.0, 2015-12-26 02:57:30, 0.0, None 
 48.96, -124.78, 31.5, 2015-12-26 03:00:00, 0.0, None 
 49.0, -124.76, 30.0, 2015-12-26 03:02:30, 0.0, None 
 48.69, -124.16, 52.0, 2015-12-26 03:02:30, 0.0, None 
 48.57, -123.97, 40.0, 2015-12-26 03:07:30, 0.0, None 
 48.48, -124.0, 55.0, 2015-12-26 03:10:00, 0.0, None 
 48.917, -124.82, 25.2, 2015-12-26 03:15:00, 0.0, None 
 48.918, -124.79700000000001, 20.0, 2015-12-26 03:17:30, 0.0, None 
 48.66, -124.12, 53.0, 2015-12-26 03:17:30, 0.0, None 
 48.61, -124.03, 33.0, 2015-12-26 03:27:30, 0.0, None 
 48.5, -123.835, 41.5, 2015-12-26 03:30:00, 0.0, None 
 48.675, -124.05, 30.0, 2015-12-26 03:32:30, 0.0, None 
 48.711999999999996, -124.085, 30.0, 2015-12-26 03:35:00, 0.0, None 
 48.42, -123.59, 41.0, 2015-12-26 03:37:30, 0.0, None 
 48.922, -124.785, 27.0, 2015-12-26 03:40:00, 0.0, None 
 49.0, -124.81, 26.5, 2015-12-26 03:42:30, 0.0, None 
 48.78, -124.115, 20.0, 2015-12-26 03:45:00, 0.0, None 
 48.7, -124.065, 20.0, 2015-12-26 03:47:30, 0.0, None 
 48.95, -124.87299999999999, 23.5, 2015-12-26 03:52:30, 0.0, None 
 48.625, -124.025, 60.0, 2015-12-26 04:00:00, 0.0, None 
 48.715, -124.09700000000001, 46.8, 2015-12-26 04:05:00, 0.0, None 
 48.92, -124.38, 53.0, 2015-12-26 04:07:30, 0.0, None 
 48.9, -124.435, 24.0, 2015-12-26 04:10:00, 0.0, None 
 48.965, -124.56700000000001, 20.0, 2015-12-26 04:15:00, 0.0, None 
 48.925, -124.755, 20.0, 2015-12-26 04:17:30, 0.0, None 
 48.927, -124.76700000000001, 20.0, 2015-12-26 04:20:00, 0.0, None 
 48.87, -124.85, 20.0, 2015-12-26 04:27:30, 0.0, None 
 48.925, -124.745, 58.5, 2015-12-26 04:30:00, 0.0, None 
 48.99, -124.6, 35.0, 2015-12-26 04:32:30, 0.0, None 
 48.957, -124.602, 22.5, 2015-12-26 04:35:00, 0.0, None 
 48.995, -124.6, 20.0, 2015-12-26 04:40:00, 0.0, None 
 48.52, -124.03, 20.0, 2015-12-26 04:40:00, 0.0, None 
 48.945, -124.795, 23.5, 2015-12-26 04:42:30, 0.0, None 
 48.61, -124.1, 31.0, 2015-12-26 04:42:30, 0.0, None 
 48.992, -124.695, 26.0, 2015-12-26 04:45:00, 0.0, None 
 48.59, -124.16, 20.0, 2015-12-26 04:45:00, 0.0, None 
 48.68, -124.16, 20.0, 2015-12-26 04:47:30, 0.0, None 
 48.69, -123.87, 53.0, 2015-12-26 04:55:00, 0.0, None 
 48.895, -124.775, 20.0, 2015-12-26 05:00:00, 0.0, None 
 48.903, -124.76799999999999, 20.0, 2015-12-26 05:02:30, 0.0, None 
 48.635, -124.255, 50.0, 2015-12-26 05:02:30, 0.0, None 
 48.94, -124.84700000000001, 37.0, 2015-12-26 05:05:00, 0.0, None 
 48.59, -123.6, 29.0, 2015-12-26 05:07:30, 0.0, None 
 48.885, -124.62299999999999, 30.0, 2015-12-26 05:17:30, 0.0, None 
 48.875, -124.725, 26.0, 2015-12-26 05:20:00, 0.0, None 
 48.88, -124.8, 48.5, 2015-12-26 05:22:30, 0.0, None 
 48.91, -124.62700000000001, 20.0, 2015-12-26 05:25:00, 0.0, None 
 48.93, -124.68, 60.0, 2015-12-26 05:27:30, 0.0, None 
 48.977, -124.445, 20.0, 2015-12-26 05:35:00, 0.0, None 
 48.995, -124.46799999999999, 20.0, 2015-12-26 05:37:30, 0.0, None 
 48.928000000000004, -124.42, 20.0, 2015-12-26 05:40:00, 0.0, None 
 49.0, -124.79, 41.5, 2015-12-26 05:42:30, 0.0, None 
 48.99, -124.875, 23.0, 2015-12-26 05:45:00, 0.0, None 
 48.903, -124.803, 20.0, 2015-12-26 05:47:30, 0.0, None 
 48.87, -124.713, 23.5, 2015-12-26 05:50:00, 0.0, None 
 49.0, -124.35, 60.0, 2015-12-26 06:02:30, 0.0, None 
 48.9, -124.665, 34.0, 2015-12-26 06:05:00, 0.0, None 
 48.945, -124.62299999999999, 22.5, 2015-12-26 06:07:30, 0.0, None 
 48.93, -124.603, 24.8, 2015-12-26 06:10:00, 0.0, None 
 48.95, -124.59299999999999, 30.0, 2015-12-26 06:12:30, 0.0, None 
 48.802, -124.83200000000001, 29.5, 2015-12-26 06:15:00, 0.0, None 
 48.81, -124.415, 20.0, 2015-12-26 06:15:00, 0.0, None 
 48.855, -124.73, 21.0, 2015-12-26 06:17:30, 0.0, None 
 48.72, -124.575, 20.0, 2015-12-26 06:20:00, 0.0, None 
 48.97, -124.71, 20.0, 2015-12-26 06:20:00, 0.0, None 
 49.0, -124.325, 22.0, 2015-12-26 06:35:00, 0.0, None 
 48.71, -124.21, 20.0, 2015-12-26 06:37:30, 0.0, None 
 48.905, -124.40700000000001, 43.8, 2015-12-26 06:40:00, 0.0, None 
 48.985, -124.415, 20.0, 2015-12-26 06:45:00, 0.0, None 
 48.98, -124.46799999999999, 20.0, 2015-12-26 06:47:30, 0.0, None 
 48.975, -124.4, 32.5, 2015-12-26 06:50:00, 0.0, None 
 48.71, -124.58, 42.0, 2015-12-26 07:00:00, 0.0, None 
 48.99, -124.555, 26.5, 2015-12-26 07:00:00, 0.0, None 
 48.86, -124.715, 32.0, 2015-12-26 07:02:30, 0.0, None 
 48.907, -124.595, 20.0, 2015-12-26 07:10:00, 0.0, None 
 48.9, -124.64, 20.0, 2015-12-26 07:12:30, 0.0, None 
 48.65, -124.56, 27.0, 2015-12-26 07:15:00, 0.0, None 
 49.0, -124.7, 20.0, 2015-12-26 07:17:30, 0.0, None 
 48.985, -124.635, 25.0, 2015-12-26 07:20:00, 0.0, None 
 48.998000000000005, -124.615, 28.5, 2015-12-26 07:22:30, 0.0, None 
 48.985, -124.8, 41.5, 2015-12-26 07:25:00, 0.0, None 
 48.995, -124.825, 36.2, 2015-12-26 07:27:30, 0.0, None 
 48.905, -124.775, 20.0, 2015-12-26 07:30:00, 0.0, None 
 48.4, -123.58, 60.0, 2015-12-26 07:30:00, 0.0, None 
 48.965, -124.855, 20.0, 2015-12-26 07:32:30, 0.0, None 
 48.975, -124.795, 20.0, 2015-12-26 07:35:00, 0.0, None 
 48.87, -124.8, 23.5, 2015-12-26 07:37:30, 0.0, None 
 48.85, -124.833, 25.0, 2015-12-26 07:40:00, 0.0, None 
 48.96, -124.685, 20.0, 2015-12-26 07:42:30, 0.0, None 
 48.89, -124.335, 38.5, 2015-12-26 07:42:30, 0.0, None 
 48.85, -124.27, 37.0, 2015-12-26 07:45:00, 0.0, None 
 48.96, -124.785, 26.5, 2015-12-26 07:47:30, 0.0, None 
 48.925, -124.575, 20.0, 2015-12-26 07:50:00, 0.0, None 
 48.955, -124.76700000000001, 39.2, 2015-12-26 07:55:00, 0.0, None 
 48.84, -124.74, 51.0, 2015-12-26 07:57:30, 0.0, None 
 48.9, -124.31, 60.0, 2015-12-26 08:10:00, 0.0, None 
 48.73, -124.61, 42.0, 2015-12-26 08:20:00, 0.0, None 
 48.975, -124.71, 30.0, 2015-12-26 08:20:00, 0.0, None 
 48.985, -124.465, 26.2, 2015-12-26 08:32:30, 0.0, None 
 48.985, -124.537, 26.5, 2015-12-26 08:37:30, 0.0, None 
 48.935, -124.68, 26.8, 2015-12-26 08:42:30, 0.0, None 
 48.977, -124.745, 29.0, 2015-12-26 08:50:00, 0.0, None 
 48.71, -124.74, 32.0, 2015-12-26 08:52:30, 0.0, None 
 48.985, -124.825, 40.0, 2015-12-26 08:52:30, 0.0, None 
 48.92, -124.39, 20.0, 2015-12-26 08:52:30, 0.0, None 
 48.745, -124.735, 31.0, 2015-12-26 08:55:00, 0.0, None 
 49.0, -124.785, 23.0, 2015-12-26 08:55:00, 0.0, None 
 48.968, -124.59700000000001, 51.1, 2015-12-26 08:57:30, 0.0, None 
 48.97, -124.41799999999999, 24.5, 2015-12-26 09:00:00, 0.0, None 
 48.995, -124.365, 49.0, 2015-12-26 09:05:00, 0.0, None 
 49.0, -124.21, 52.0, 2015-12-26 09:07:30, 0.0, None 
 48.98, -124.815, 30.0, 2015-12-26 09:15:00, 0.0, None 
 48.61, -123.79, 20.0, 2015-12-26 09:22:30, 0.0, None 
 48.6, -123.99, 27.5, 2015-12-26 09:27:30, 0.0, None 
 48.665, -124.08, 38.5, 2015-12-26 09:30:00, 0.0, None 
 48.77, -123.775, 60.0, 2015-12-26 09:40:00, 0.0, None 
 48.815, -124.59, 40.0, 2015-12-26 09:42:30, 0.0, None 
 48.71, -123.78, 35.0, 2015-12-26 09:42:30, 0.0, None 
 48.82, -124.605, 40.0, 2015-12-26 09:45:00, 0.0, None 
 48.69, -123.67, 60.0, 2015-12-26 09:45:00, 0.0, None 
 48.65, -123.625, 59.0, 2015-12-26 09:47:30, 0.0, None 
 48.75, -123.74, 53.5, 2015-12-26 09:50:00, 0.0, None 
 48.623000000000005, -123.815, 31.5, 2015-12-26 09:52:30, 0.0, None 
 48.585, -123.805, 46.0, 2015-12-26 09:55:00, 0.0, None 
 48.73, -123.89, 47.0, 2015-12-26 10:02:30, 0.0, None 
 48.52, -123.6, 49.0, 2015-12-26 10:02:30, 0.0, None 
 48.68, -123.98, 30.5, 2015-12-26 10:05:00, 0.0, None 
 48.69, -124.155, 24.8, 2015-12-26 10:12:30, 0.0, None 
 48.63, -123.92, 38.5, 2015-12-26 10:15:00, 0.0, None 
 48.64, -124.11, 32.5, 2015-12-26 10:17:30, 0.0, None 
 48.875, -124.365, 35.0, 2015-12-26 10:20:00, 0.0, None 
 48.58, -123.58, 20.0, 2015-12-26 10:25:00, 0.0, None 
 48.97, -124.4, 25.0, 2015-12-26 10:27:30, 0.0, None 
 48.992, -124.458, 31.8, 2015-12-26 10:30:00, 0.0, None 
 48.98, -124.54, 20.0, 2015-12-26 10:32:30, 0.0, None 
 48.98, -124.415, 20.0, 2015-12-26 10:35:00, 0.0, None 
 48.985, -124.33200000000001, 20.0, 2015-12-26 10:37:30, 0.0, None 
 48.7, -124.72, 30.0, 2015-12-26 10:42:30, 0.0, None 
 48.98, -124.65, 23.0, 2015-12-26 10:42:30, 0.0, None 
 48.905, -124.70700000000001, 23.2, 2015-12-26 10:45:00, 0.0, None 
 48.828, -124.645, 20.0, 2015-12-26 10:47:30, 0.0, None 
 48.88, -124.66, 20.0, 2015-12-26 10:50:00, 0.0, None 
 48.71, -123.72, 20.0, 2015-12-26 10:50:00, 0.0, None 
 48.99, -124.7, 48.0, 2015-12-26 10:52:30, 0.0, None 
 48.922, -124.79299999999999, 20.0, 2015-12-26 10:57:30, 0.0, None 
 48.71, -124.72, 22.5, 2015-12-26 11:00:00, 0.0, None 
 48.955, -124.82, 26.0, 2015-12-26 11:00:00, 0.0, None 
 48.695, -124.79, 20.0, 2015-12-26 11:02:30, 0.0, None 
 48.93, -124.84, 24.0, 2015-12-26 11:02:30, 0.0, None 
 48.77, -124.645, 51.5, 2015-12-26 11:05:00, 0.0, None 
 48.975, -124.79299999999999, 28.0, 2015-12-26 11:12:30, 0.0, None 
 48.955, -124.83, 31.2, 2015-12-26 11:15:00, 0.0, None 
 48.95, -124.645, 23.0, 2015-12-26 11:17:30, 0.0, None 
 48.998000000000005, -124.74799999999999, 25.0, 2015-12-26 11:20:00, 0.0, None 
 48.99, -124.81, 39.0, 2015-12-26 11:25:00, 0.0, None 
 48.95, -124.805, 36.5, 2015-12-26 11:27:30, 0.0, None 
 48.94, -124.91, 44.8, 2015-12-26 11:37:30, 0.0, None 
 48.693000000000005, -124.023, 44.0, 2015-12-26 11:45:00, 0.0, None 
 48.93, -124.697, 38.5, 2015-12-26 11:55:00, 0.0, None 
 48.95, -124.58, 60.0, 2015-12-26 11:57:30, 0.0, None 
 48.475, -123.89, 60.0, 2015-12-26 11:57:30, 0.0, None 
 48.97, -124.81700000000001, 24.5, 2015-12-26 12:00:00, 0.0, None 
 48.93899999999999, -124.594, 43.8, 2015-12-26 12:02:30, 0.0, None 
 48.89, -124.42, 46.0, 2015-12-26 12:05:00, 0.0, None 
 49.0, -124.81, 20.0, 2015-12-26 12:07:30, 0.0, None 
 48.965, -124.665, 25.5, 2015-12-26 12:20:00, 0.0, None 
 48.82, -124.29, 20.0, 2015-12-26 12:20:00, 0.0, None 
 48.78, -124.11, 48.0, 2015-12-26 12:42:30, 0.0, None 
 49.0, -124.61, 30.0, 2015-12-26 12:45:00, 0.0, None 
 48.98, -124.8, 32.0, 2015-12-26 12:47:30, 0.0, None 
 48.42, -123.92, 60.0, 2015-12-26 12:47:30, 0.0, None 
 48.608000000000004, -124.088, 35.8, 2015-12-26 12:50:00, 0.0, None 
 48.96, -124.37, 23.8, 2015-12-26 12:52:30, 0.0, None 
 48.615, -123.99, 23.0, 2015-12-26 12:52:30, 0.0, None 
 48.96, -124.36, 20.0, 2015-12-26 12:55:00, 0.0, None 
 48.65, -124.025, 25.5, 2015-12-26 12:55:00, 0.0, None 
 48.935, -124.63, 33.8, 2015-12-26 13:07:30, 0.0, None 
 48.891999999999996, -124.515, 48.8, 2015-12-26 13:10:00, 0.0, None 
 48.635, -123.925, 48.5, 2015-12-26 13:10:00, 0.0, None 
 48.998000000000005, -124.40700000000001, 22.8, 2015-12-26 13:12:30, 0.0, None 
 48.89, -125.02, 20.0, 2015-12-26 13:17:30, 0.0, None 
 48.87, -124.96, 27.5, 2015-12-26 13:20:00, 0.0, None 
 48.93, -124.77, 34.0, 2015-12-26 13:22:30, 0.0, None 
 48.82, -124.86, 28.5, 2015-12-26 13:25:00, 0.0, None 
 48.49, -123.79, 54.0, 2015-12-26 13:25:00, 0.0, None 
 48.861999999999995, -124.92, 36.5, 2015-12-26 13:27:30, 0.0, None 
 48.74, -124.6, 50.0, 2015-12-26 13:30:00, 0.0, None 
 48.945, -124.565, 30.0, 2015-12-26 13:32:30, 0.0, None 
 48.918, -124.59, 49.0, 2015-12-26 13:35:00, 0.0, None 
 48.73, -123.74, 36.5, 2015-12-26 13:40:00, 0.0, None 
 48.8, -123.955, 41.0, 2015-12-26 13:42:30, 0.0, None 
 48.915, -124.435, 20.0, 2015-12-26 13:47:30, 0.0, None 
 48.961999999999996, -124.41, 30.0, 2015-12-26 13:50:00, 0.0, None 
 48.52, -123.94, 30.5, 2015-12-26 13:50:00, 0.0, None 
 48.986999999999995, -124.47, 30.0, 2015-12-26 13:52:30, 0.0, None 
 48.635, -124.05, 50.0, 2015-12-26 13:52:30, 0.0, None 
 48.96, -124.395, 21.5, 2015-12-26 13:55:00, 0.0, None 
 48.995, -124.515, 60.0, 2015-12-26 13:57:30, 0.0, None 
 48.71, -123.95, 35.5, 2015-12-26 14:02:30, 0.0, None 
 48.75, -124.02, 60.0, 2015-12-26 14:05:00, 0.0, None 
 48.84, -124.7, 60.0, 2015-12-26 14:07:30, 0.0, None 
 48.76, -124.08, 20.0, 2015-12-26 14:07:30, 0.0, None 
 48.71, -124.01299999999999, 44.8, 2015-12-26 14:10:00, 0.0, None 
 48.695, -123.97, 31.0, 2015-12-26 14:12:30, 0.0, None 
 48.605, -124.03, 36.8, 2015-12-26 14:15:00, 0.0, None 
 48.62, -124.095, 24.0, 2015-12-26 14:17:30, 0.0, None 
 48.775, -124.72, 35.5, 2015-12-26 14:22:30, 0.0, None 
 48.58, -123.965, 20.0, 2015-12-26 14:22:30, 0.0, None 
 48.655, -124.595, 56.0, 2015-12-26 14:25:00, 0.0, None 
 48.685, -124.10700000000001, 40.0, 2015-12-26 14:25:00, 0.0, None 
 48.81, -124.9, 42.0, 2015-12-26 14:27:30, 0.0, None 
 48.78, -124.02, 45.0, 2015-12-26 14:35:00, 0.0, None 
 48.722, -124.01700000000001, 33.2, 2015-12-26 14:37:30, 0.0, None 
 48.75, -124.0, 60.0, 2015-12-26 14:40:00, 0.0, None 
 48.68, -124.11, 38.0, 2015-12-26 14:42:30, 0.0, None 
 48.975, -124.825, 41.0, 2015-12-26 14:50:00, 0.0, None 
 48.99, -124.85, 29.0, 2015-12-26 14:52:30, 0.0, None 
 48.975, -124.825, 29.0, 2015-12-26 14:55:00, 0.0, None 
 48.978, -124.83, 30.0, 2015-12-26 14:57:30, 0.0, None 
 48.87, -125.0, 31.0, 2015-12-26 15:02:30, 0.0, None 
 48.975, -124.72, 22.2, 2015-12-26 15:05:00, 0.0, None 
 49.0, -124.77799999999999, 21.8, 2015-12-26 15:07:30, 0.0, None 
 48.945, -124.82, 34.5, 2015-12-26 15:10:00, 0.0, None 
 48.79, -124.75, 41.0, 2015-12-26 15:12:30, 0.0, None 
 48.83, -124.66, 38.0, 2015-12-26 15:15:00, 0.0, None 
 48.95, -124.67, 26.2, 2015-12-26 15:17:30, 0.0, None 
 48.955, -124.71, 27.8, 2015-12-26 15:20:00, 0.0, None 
 48.91, -124.37, 20.0, 2015-12-26 15:20:00, 0.0, None 
 48.91, -124.73, 26.2, 2015-12-26 15:22:30, 0.0, None 
 48.94, -124.74, 28.0, 2015-12-26 15:25:00, 0.0, None 
 48.915, -124.82799999999999, 26.0, 2015-12-26 15:27:30, 0.0, None 
 48.225, -123.07, 26.5, 2015-12-26 15:32:30, 0.0, None 
 48.957, -124.86200000000001, 22.0, 2015-12-26 15:35:00, 0.0, None 
 48.7, -124.6, 60.0, 2015-12-26 15:37:30, 0.0, None 
 48.24, -123.07, 60.0, 2015-12-26 15:42:30, 0.0, None 
 48.685, -123.83, 60.0, 2015-12-26 15:52:30, 0.0, None 
 48.965, -124.76, 30.0, 2015-12-26 15:55:00, 0.0, None 
 48.61, -123.625, 27.5, 2015-12-26 16:00:00, 0.0, None 
 48.86, -124.76, 38.0, 2015-12-26 16:02:30, 0.0, None 
 48.73, -123.675, 33.5, 2015-12-26 16:02:30, 0.0, None 
 48.895, -124.52799999999999, 29.0, 2015-12-26 16:07:30, 0.0, None 
 48.9, -124.515, 29.5, 2015-12-26 16:10:00, 0.0, None 
 48.49, -123.85, 43.0, 2015-12-26 16:10:00, 0.0, None 
 48.715, -124.0, 26.0, 2015-12-26 16:22:30, 0.0, None 
 48.775, -124.355, 30.0, 2015-12-26 16:25:00, 0.0, None 
 48.99, -124.98, 27.0, 2015-12-26 16:27:30, 0.0, None 
 48.99, -124.885, 20.0, 2015-12-26 16:30:00, 0.0, None 
 48.99, -124.81, 29.0, 2015-12-26 16:37:30, 0.0, None 
 48.985, -124.825, 31.2, 2015-12-26 16:40:00, 0.0, None 
 48.915, -124.72, 60.0, 2015-12-26 16:42:30, 0.0, None 
 48.76, -124.29, 20.0, 2015-12-26 16:45:00, 0.0, None 
 48.855, -123.965, 60.0, 2015-12-26 16:50:00, 0.0, None 
 48.23, -123.1, 20.0, 2015-12-26 16:50:00, 0.0, None 
 48.836999999999996, -124.70299999999999, 20.5, 2015-12-26 16:55:00, 0.0, None 
 48.94, -124.645, 54.0, 2015-12-26 16:57:30, 0.0, None 
 48.965, -124.59700000000001, 24.0, 2015-12-26 17:00:00, 0.0, None 
 48.965, -124.66, 25.2, 2015-12-26 17:05:00, 0.0, None 
 48.953, -124.68, 35.5, 2015-12-26 17:07:30, 0.0, None 
 48.96, -124.51, 34.0, 2015-12-26 17:12:30, 0.0, None 
 48.69, -124.01, 39.5, 2015-12-26 17:12:30, 0.0, None 
 48.66, -123.87, 45.8, 2015-12-26 17:15:00, 0.0, None 
 48.71, -123.845, 31.5, 2015-12-26 17:17:30, 0.0, None 
 48.72, -124.0, 50.0, 2015-12-26 17:20:00, 0.0, None 
 48.832, -124.20299999999999, 36.5, 2015-12-26 17:22:30, 0.0, None 
 48.79, -124.02, 60.0, 2015-12-26 17:25:00, 0.0, None 
 48.725, -123.77, 46.0, 2015-12-26 17:37:30, 0.0, None 
 48.79, -124.305, 33.0, 2015-12-26 17:42:30, 0.0, None 
 48.67, -124.0, 32.0, 2015-12-26 17:45:00, 0.0, None 
 48.8, -124.03, 37.0, 2015-12-26 17:47:30, 0.0, None 
 48.78, -124.0, 37.0, 2015-12-26 17:50:00, 0.0, None 
 48.725, -123.99, 51.0, 2015-12-26 17:52:30, 0.0, None 
 48.72, -124.0, 37.0, 2015-12-26 17:55:00, 0.0, None 
 48.7, -123.85, 60.0, 2015-12-26 17:57:30, 0.0, None 
 48.69, -123.77, 25.0, 2015-12-26 18:00:00, 0.0, None 
 48.733000000000004, -123.695, 37.5, 2015-12-26 18:02:30, 0.0, None 
 48.67, -123.62, 44.0, 2015-12-26 18:05:00, 0.0, None 
 48.8, -123.99, 39.0, 2015-12-26 18:17:30, 0.0, None 
 48.765, -123.95, 40.5, 2015-12-26 18:20:00, 0.0, None 
 48.62, -123.75, 23.0, 2015-12-26 18:22:30, 0.0, None 
 48.76, -124.21, 51.0, 2015-12-26 18:27:30, 0.0, None 
 48.49, -124.05, 30.0, 2015-12-26 18:27:30, 0.0, None 
 48.83, -124.22, 52.5, 2015-12-26 18:30:00, 0.0, None 
 48.63, -124.1, 20.0, 2015-12-26 18:35:00, 0.0, None 
 48.785, -124.155, 41.0, 2015-12-26 18:45:00, 0.0, None 
 48.81, -124.19, 20.0, 2015-12-26 18:47:30, 0.0, None 
 48.57, -123.82, 43.0, 2015-12-26 18:55:00, 0.0, None 
 48.71, -123.685, 60.0, 2015-12-26 18:57:30, 0.0, None 
 48.773, -123.655, 34.5, 2015-12-26 19:07:30, 0.0, None 
 48.93, -124.7, 20.0, 2015-12-26 19:10:00, 0.0, None 
 48.8, -123.665, 32.0, 2015-12-26 19:10:00, 0.0, None 
 48.92, -124.56, 60.0, 2015-12-26 19:35:00, 0.0, None 
 48.91, -124.5, 24.5, 2015-12-26 19:42:30, 0.0, None 
 48.83, -124.685, 46.0, 2015-12-26 19:45:00, 0.0, None 
 48.62, -123.87, 60.0, 2015-12-26 19:52:30, 0.0, None 
 48.633, -123.87, 22.0, 2015-12-26 19:55:00, 0.0, None 
 49.0, -124.91, 55.0, 2015-12-26 20:00:00, 0.0, None 
 48.88, -124.77, 43.0, 2015-12-26 20:10:00, 0.0, None 
 48.715, -124.28, 35.0, 2015-12-26 20:17:30, 0.0, None 
 48.71, -124.33, 38.5, 2015-12-26 20:20:00, 0.0, None 
 48.7, -124.33, 60.0, 2015-12-26 20:22:30, 0.0, None 
 48.66, -123.93, 50.0, 2015-12-26 20:42:30, 0.0, None 
 48.53, -123.91, 20.0, 2015-12-26 20:47:30, 0.0, None 
 48.641999999999996, -123.865, 20.0, 2015-12-26 20:50:00, 0.0, None 
 48.475, -123.63, 32.5, 2015-12-26 20:52:30, 0.0, None 
 48.67, -123.83, 54.0, 2015-12-26 20:57:30, 0.0, None 
 48.635, -123.985, 41.0, 2015-12-26 21:02:30, 0.0, None 
 48.64, -123.88, 35.0, 2015-12-26 21:05:00, 0.0, None 
 48.64, -123.88, 38.5, 2015-12-26 21:07:30, 0.0, None 
 48.64, -124.1, 60.0, 2015-12-26 21:15:00, 0.0, None 
 48.78, -124.77, 24.0, 2015-12-26 21:17:30, 0.0, None 
 48.6, -123.9, 37.0, 2015-12-26 21:17:30, 0.0, None 
 48.57, -123.82, 30.5, 2015-12-26 21:20:00, 0.0, None 
 48.62, -123.91, 20.0, 2015-12-26 21:22:30, 0.0, None 
 48.53, -123.59, 60.0, 2015-12-26 22:00:00, 0.0, None 
 48.79, -124.28, 28.0, 2015-12-26 22:02:30, 0.0, None 
 48.828, -124.355, 32.5, 2015-12-26 22:05:00, 0.0, None 
 48.82, -124.33, 48.5, 2015-12-26 22:07:30, 0.0, None 
 48.77, -124.78, 26.5, 2015-12-26 22:10:00, 0.0, None 
 48.793, -124.78, 30.0, 2015-12-26 22:12:30, 0.0, None 
 48.59, -124.14, 20.0, 2015-12-26 22:15:00, 0.0, None 
 48.6, -123.78, 20.0, 2015-12-26 22:17:30, 0.0, None 
 48.61, -123.75, 23.0, 2015-12-26 22:20:00, 0.0, None 
 48.8, -124.09, 20.0, 2015-12-26 22:20:00, 0.0, None 
 48.99, -124.59, 20.0, 2015-12-26 22:42:30, 0.0, None 
 48.925, -124.64, 20.5, 2015-12-26 22:45:00, 0.0, None 
 48.836999999999996, -124.75, 20.0, 2015-12-26 22:47:30, 0.0, None 
 48.79, -124.385, 38.0, 2015-12-26 22:47:30, 0.0, None 
 48.69, -124.73, 29.0, 2015-12-26 22:50:00, 0.0, None 
 48.925, -124.725, 20.0, 2015-12-26 22:50:00, 0.0, None 
 48.625, -124.225, 26.5, 2015-12-26 22:50:00, 0.0, None 
 48.855, -124.71799999999999, 37.0, 2015-12-26 22:52:30, 0.0, None 
 48.66, -124.56, 20.0, 2015-12-26 22:55:00, 0.0, None 
 48.955, -124.715, 24.0, 2015-12-26 22:55:00, 0.0, None 
 48.968, -124.66, 20.0, 2015-12-26 22:57:30, 0.0, None 
 48.74, -124.28, 60.0, 2015-12-26 22:57:30, 0.0, None 
 48.94, -124.695, 20.0, 2015-12-26 23:00:00, 0.0, None 
 48.73, -124.25, 40.0, 2015-12-26 23:00:00, 0.0, None 
 48.865, -124.75, 20.0, 2015-12-26 23:02:30, 0.0, None 
 48.68, -124.27, 20.0, 2015-12-26 23:02:30, 0.0, None 
 48.855, -124.73, 20.0, 2015-12-26 23:05:00, 0.0, None 
 48.705, -124.73, 30.5, 2015-12-26 23:07:30, 0.0, None 
 48.94, -124.81, 26.0, 2015-12-26 23:07:30, 0.0, None 
 48.6, -124.08, 20.0, 2015-12-26 23:07:30, 0.0, None 
 48.91, -124.83, 29.0, 2015-12-26 23:10:00, 0.0, None 
 48.96, -124.8, 20.0, 2015-12-26 23:12:30, 0.0, None 
 48.8, -124.725, 60.0, 2015-12-26 23:15:00, 0.0, None 
 48.83, -124.1, 20.0, 2015-12-26 23:15:00, 0.0, None 
 48.75, -124.08, 20.0, 2015-12-26 23:17:30, 0.0, None 
 48.885, -124.33, 20.0, 2015-12-26 23:20:00, 0.0, None 
 48.89, -124.795, 50.5, 2015-12-26 23:25:00, 0.0, None 
 48.905, -124.82, 33.0, 2015-12-26 23:27:30, 0.0, None 
 48.735, -123.99, 20.0, 2015-12-26 23:27:30, 0.0, None 
 48.9, -124.80799999999999, 38.0, 2015-12-26 23:32:30, 0.0, None 
 48.66, -123.838, 26.0, 2015-12-26 23:35:00, 0.0, None 
 48.821999999999996, -124.91, 36.5, 2015-12-26 23:37:30, 0.0, None 
 48.9, -124.925, 28.0, 2015-12-26 23:40:00, 0.0, None 
 48.61, -123.9, 20.0, 2015-12-26 23:42:30, 0.0, None 
 48.617, -123.912, 30.2, 2015-12-26 23:45:00, 0.0, None 
 48.75, -124.17, 40.5, 2015-12-26 23:47:30, 0.0, None 
 48.87, -124.79, 32.0, 2015-12-26 23:55:00, 0.0, None 
 48.895, -124.87299999999999, 47.5, 2015-12-27 00:00:00, 0.0, None 
 48.585, -124.01, 46.0, 2015-12-27 00:00:00, 0.0, None 
 48.92, -124.815, 30.8, 2015-12-27 00:02:30, 0.0, None 
 48.953, -124.835, 34.0, 2015-12-27 00:05:00, 0.0, None 
 48.985, -124.785, 32.5, 2015-12-27 00:07:30, 0.0, None 
 48.8, -124.68, 44.0, 2015-12-27 00:12:30, 0.0, None 
 48.62, -123.87299999999999, 29.5, 2015-12-27 00:15:00, 0.0, None 
 48.575, -123.825, 31.0, 2015-12-27 00:17:30, 0.0, None 
 48.9, -124.885, 41.0, 2015-12-27 00:20:00, 0.0, None 
 48.69, -124.0, 54.0, 2015-12-27 00:22:30, 0.0, None 
 48.88, -124.84, 28.0, 2015-12-27 00:32:30, 0.0, None 
 48.843, -124.85, 22.5, 2015-12-27 00:35:00, 0.0, None 
 48.51, -123.805, 41.5, 2015-12-27 00:35:00, 0.0, None 
 48.785, -124.81, 20.0, 2015-12-27 00:37:30, 0.0, None 
 48.83, -124.75, 20.0, 2015-12-27 00:40:00, 0.0, None 
 48.85, -124.755, 20.0, 2015-12-27 00:42:30, 0.0, None 
 48.84, -124.805, 22.0, 2015-12-27 00:45:00, 0.0, None 
 48.805, -124.845, 42.8, 2015-12-27 00:47:30, 0.0, None 
 48.99, -124.545, 60.0, 2015-12-27 00:50:00, 0.0, None 
 48.965, -124.77, 20.0, 2015-12-27 00:52:30, 0.0, None 
 48.876999999999995, -124.8, 32.5, 2015-12-27 00:55:00, 0.0, None 
 48.88, -124.79, 42.0, 2015-12-27 00:57:30, 0.0, None 
 48.58, -123.82, 60.0, 2015-12-27 00:57:30, 0.0, None 
 48.955, -124.675, 27.0, 2015-12-27 01:00:00, 0.0, None 
 48.91, -124.79, 36.5, 2015-12-27 01:02:30, 0.0, None 
 48.56, -123.815, 24.0, 2015-12-27 01:12:30, 0.0, None 
 48.605, -123.81200000000001, 20.0, 2015-12-27 01:15:00, 0.0, None 
 48.58, -123.822, 20.0, 2015-12-27 01:17:30, 0.0, None 
 48.92, -124.77, 60.0, 2015-12-27 01:22:30, 0.0, None 
 48.87, -124.79, 20.0, 2015-12-27 01:25:00, 0.0, None 
 48.855, -124.045, 30.0, 2015-12-27 01:27:30, 0.0, None 
 48.82, -124.9, 60.0, 2015-12-27 01:30:00, 0.0, None 
 48.85, -124.05, 20.0, 2015-12-27 01:37:30, 0.0, None 
 48.7, -124.51, 20.0, 2015-12-27 01:45:00, 0.0, None 
 48.99, -124.64, 21.0, 2015-12-27 01:45:00, 0.0, None 
 48.9, -124.825, 20.0, 2015-12-27 01:47:30, 0.0, None 
 48.89, -124.865, 20.0, 2015-12-27 01:50:00, 0.0, None 
 48.9, -124.905, 20.0, 2015-12-27 01:52:30, 0.0, None 
 49.0, -124.435, 33.5, 2015-12-27 01:57:30, 0.0, None 
 48.53, -123.69, 20.0, 2015-12-27 01:57:30, 0.0, None 
 49.0, -124.42, 31.0, 2015-12-27 02:00:00, 0.0, None 
 48.62, -123.84, 20.0, 2015-12-27 02:00:00, 0.0, None 
 48.992, -124.833, 29.0, 2015-12-27 02:22:30, 0.0, None 
 49.0, -124.815, 24.5, 2015-12-27 02:25:00, 0.0, None 
 49.0, -124.49, 38.0, 2015-12-27 02:30:00, 0.0, None 
 48.925, -124.91, 31.0, 2015-12-27 02:32:30, 0.0, None 
 48.945, -124.855, 25.0, 2015-12-27 02:37:30, 0.0, None 
 48.968, -124.898, 20.0, 2015-12-27 02:40:00, 0.0, None 
 48.71, -124.035, 33.0, 2015-12-27 02:42:30, 0.0, None 
 48.64, -123.87, 40.0, 2015-12-27 02:45:00, 0.0, None 
 48.93, -123.81, 20.0, 2015-12-27 02:50:00, 0.0, None 
 48.963, -124.78, 59.8, 2015-12-27 02:55:00, 0.0, None 
 48.65, -123.66, 29.0, 2015-12-27 03:07:30, 0.0, None 
 48.552, -123.803, 20.0, 2015-12-27 03:10:00, 0.0, None 
 48.49, -123.82, 22.8, 2015-12-27 03:12:30, 0.0, None 
 48.615, -123.815, 22.0, 2015-12-27 03:15:00, 0.0, None 
 48.61, -123.82, 27.0, 2015-12-27 03:17:30, 0.0, None 
 48.692, -123.67, 50.0, 2015-12-27 03:37:30, 0.0, None 
 48.67, -123.76, 27.5, 2015-12-27 03:40:00, 0.0, None 
 48.875, -124.9, 29.5, 2015-12-27 03:42:30, 0.0, None 
 48.875, -124.845, 60.0, 2015-12-27 03:45:00, 0.0, None 
 48.72, -123.83, 35.0, 2015-12-27 03:45:00, 0.0, None 
 48.68, -123.93, 60.0, 2015-12-27 03:47:30, 0.0, None 
 48.6, -123.79, 31.0, 2015-12-27 03:50:00, 0.0, None 
 48.32, -123.86, 46.0, 2015-12-27 03:50:00, 0.0, None 
 48.641999999999996, -123.77799999999999, 37.8, 2015-12-27 03:52:30, 0.0, None 
 48.89, -124.67, 20.0, 2015-12-27 03:55:00, 0.0, None 
 48.695, -123.835, 40.2, 2015-12-27 03:55:00, 0.0, None 
 48.91, -124.6, 41.0, 2015-12-27 03:57:30, 0.0, None 
 48.9, -124.93, 45.0, 2015-12-27 04:00:00, 0.0, None 
 48.55, -123.82, 20.0, 2015-12-27 04:02:30, 0.0, None 
 48.81, -123.895, 60.0, 2015-12-27 04:02:30, 0.0, None 
 48.585, -123.935, 20.0, 2015-12-27 04:05:00, 0.0, None 
 48.785, -124.59, 23.0, 2015-12-27 04:10:00, 0.0, None 
 48.64, -123.78, 60.0, 2015-12-27 04:12:30, 0.0, None 
 48.545, -123.77, 26.0, 2015-12-27 04:20:00, 0.0, None 
 48.57, -123.815, 37.0, 2015-12-27 04:22:30, 0.0, None 
 48.64, -123.725, 37.0, 2015-12-27 04:27:30, 0.0, None 
 48.87, -124.01, 20.0, 2015-12-27 04:30:00, 0.0, None 
 48.58, -123.71, 27.5, 2015-12-27 04:35:00, 0.0, None 
 48.565, -123.727, 32.5, 2015-12-27 04:37:30, 0.0, None 
 48.92, -124.795, 50.0, 2015-12-27 04:42:30, 0.0, None 
 48.87, -124.76, 60.0, 2015-12-27 04:45:00, 0.0, None 
 48.64, -123.74, 60.0, 2015-12-27 04:47:30, 0.0, None 
 48.38, -123.9, 20.0, 2015-12-27 04:47:30, 0.0, None 
 48.32, -123.87, 20.0, 2015-12-27 04:50:00, 0.0, None 
 48.56, -123.72, 20.0, 2015-12-27 05:02:30, 0.0, None 
 48.645, -123.9, 20.0, 2015-12-27 05:05:00, 0.0, None 
 48.665, -123.895, 20.0, 2015-12-27 05:07:30, 0.0, None 
 48.625, -123.84, 30.0, 2015-12-27 05:10:00, 0.0, None 
 48.635, -123.845, 42.8, 2015-12-27 05:12:30, 0.0, None 
 48.58, -123.82, 49.0, 2015-12-27 05:15:00, 0.0, None 
 48.92, -124.57, 34.0, 2015-12-27 05:20:00, 0.0, None 
 48.61, -123.8, 25.0, 2015-12-27 05:27:30, 0.0, None 
 48.575, -123.775, 20.0, 2015-12-27 05:42:30, 0.0, None 
 48.585, -123.75, 28.5, 2015-12-27 05:45:00, 0.0, None 
 48.87, -124.66, 20.0, 2015-12-27 05:47:30, 0.0, None 
 48.73, -123.89, 30.0, 2015-12-27 05:47:30, 0.0, None 
 48.87, -123.78, 34.0, 2015-12-27 05:52:30, 0.0, None 
 48.87, -124.51, 60.0, 2015-12-27 05:57:30, 0.0, None 
 48.61, -123.72, 21.0, 2015-12-27 06:00:00, 0.0, None 
 48.672, -123.838, 41.5, 2015-12-27 06:02:30, 0.0, None 
 48.83, -123.98, 20.0, 2015-12-27 06:05:00, 0.0, None 
 48.645, -123.81, 29.0, 2015-12-27 06:07:30, 0.0, None 
 48.7, -123.71, 32.0, 2015-12-27 06:10:00, 0.0, None 
 48.88, -124.73, 25.0, 2015-12-27 06:15:00, 0.0, None 
 48.89, -124.71, 27.0, 2015-12-27 06:17:30, 0.0, None 
 48.88, -124.69, 47.5, 2015-12-27 06:20:00, 0.0, None 
 48.59, -124.49, 60.0, 2015-12-27 06:22:30, 0.0, None 
 48.562, -123.845, 40.0, 2015-12-27 06:22:30, 0.0, None 
 48.626999999999995, -123.91799999999999, 20.0, 2015-12-27 06:25:00, 0.0, None 
 48.662, -123.92, 20.0, 2015-12-27 06:27:30, 0.0, None 
 48.585, -123.93299999999999, 23.2, 2015-12-27 06:30:00, 0.0, None 
 48.58, -123.79, 34.0, 2015-12-27 06:32:30, 0.0, None 
 48.6, -123.785, 20.0, 2015-12-27 06:35:00, 0.0, None 
 48.72, -123.675, 60.0, 2015-12-27 06:37:30, 0.0, None 
 48.73, -123.67, 27.0, 2015-12-27 06:40:00, 0.0, None 
 48.52, -123.84, 42.0, 2015-12-27 06:42:30, 0.0, None 
 48.71, -124.08, 36.0, 2015-12-27 06:42:30, 0.0, None 
 48.62, -123.92200000000001, 37.2, 2015-12-27 06:45:00, 0.0, None 
 48.34, -123.98, 27.0, 2015-12-27 06:47:30, 0.0, None 
 48.57, -123.89, 40.0, 2015-12-27 06:55:00, 0.0, None 
 48.513000000000005, -123.87, 50.0, 2015-12-27 06:57:30, 0.0, None 
 48.595, -123.8, 33.8, 2015-12-27 07:00:00, 0.0, None 
 48.62, -123.77, 60.0, 2015-12-27 07:02:30, 0.0, None 
 48.55, -123.89, 24.5, 2015-12-27 07:05:00, 0.0, None 
 48.615, -123.92, 50.8, 2015-12-27 07:07:30, 0.0, None 
 48.582, -123.80799999999999, 23.8, 2015-12-27 07:10:00, 0.0, None 
 48.582, -123.81700000000001, 29.5, 2015-12-27 07:12:30, 0.0, None 
 48.81, -124.79, 31.0, 2015-12-27 07:17:30, 0.0, None 
 48.84, -124.62299999999999, 20.0, 2015-12-27 07:20:00, 0.0, None 
 48.88, -124.65, 20.8, 2015-12-27 07:22:30, 0.0, None 
 48.85, -124.7, 20.0, 2015-12-27 07:25:00, 0.0, None 
 48.86, -124.61, 20.0, 2015-12-27 07:30:00, 0.0, None 
 48.51, -123.88, 32.0, 2015-12-27 07:35:00, 0.0, None 
 48.885, -124.815, 35.0, 2015-12-27 07:37:30, 0.0, None 
 48.3, -123.86, 40.0, 2015-12-27 07:37:30, 0.0, None 
 48.57, -123.815, 20.0, 2015-12-27 07:40:00, 0.0, None 
 48.59, -123.75, 26.0, 2015-12-27 07:42:30, 0.0, None 
 48.623000000000005, -123.81, 20.0, 2015-12-27 07:45:00, 0.0, None 
 48.633, -123.7, 47.5, 2015-12-27 07:47:30, 0.0, None 
 48.672, -123.90299999999999, 33.2, 2015-12-27 07:50:00, 0.0, None 
 48.695, -123.86, 30.0, 2015-12-27 07:55:00, 0.0, None 
 48.68, -123.76, 20.0, 2015-12-27 08:20:00, 0.0, None 
 48.86, -124.7, 30.0, 2015-12-27 08:25:00, 0.0, None 
 48.875, -124.71, 20.0, 2015-12-27 08:27:30, 0.0, None 
 48.58, -123.835, 20.0, 2015-12-27 08:32:30, 0.0, None 
 48.59, -123.85, 20.0, 2015-12-27 08:35:00, 0.0, None 
 48.645, -123.755, 29.0, 2015-12-27 08:37:30, 0.0, None 
 48.605, -123.805, 20.0, 2015-12-27 08:40:00, 0.0, None 
 48.62, -123.825, 20.0, 2015-12-27 08:42:30, 0.0, None 
 48.58, -123.815, 20.0, 2015-12-27 08:45:00, 0.0, None 
 48.78, -124.025, 20.0, 2015-12-27 08:45:00, 0.0, None 
 48.555, -124.035, 26.2, 2015-12-27 08:47:30, 0.0, None 
 48.885, -124.68, 22.5, 2015-12-27 08:50:00, 0.0, None 
 48.92, -124.51, 20.5, 2015-12-27 08:52:30, 0.0, None 
 48.852, -124.625, 20.0, 2015-12-27 08:55:00, 0.0, None 
 48.79, -124.61, 46.5, 2015-12-27 08:57:30, 0.0, None 
 48.595, -124.49, 38.5, 2015-12-27 09:00:00, 0.0, None 
 48.925, -124.68, 25.0, 2015-12-27 09:00:00, 0.0, None 
 48.955, -124.59, 45.5, 2015-12-27 09:02:30, 0.0, None 
 48.95, -124.58, 23.0, 2015-12-27 09:05:00, 0.0, None 
 48.54, -124.02, 20.0, 2015-12-27 09:07:30, 0.0, None 
 48.68, -123.83, 20.0, 2015-12-27 09:10:00, 0.0, None 
 48.545, -123.85, 20.2, 2015-12-27 09:12:30, 0.0, None 
 48.532, -123.94, 20.0, 2015-12-27 09:15:00, 0.0, None 
 48.49, -123.985, 26.8, 2015-12-27 09:17:30, 0.0, None 
 48.96, -125.02, 20.0, 2015-12-27 09:22:30, 0.0, None 
 48.545, -124.0, 35.0, 2015-12-27 09:32:30, 0.0, None 
 48.8, -124.8, 25.0, 2015-12-27 09:37:30, 0.0, None 
 48.67, -124.03, 40.0, 2015-12-27 09:37:30, 0.0, None 
 48.875, -124.62, 20.0, 2015-12-27 09:42:30, 0.0, None 
 48.84, -124.7, 20.0, 2015-12-27 09:45:00, 0.0, None 
 48.87, -124.55, 38.0, 2015-12-27 09:47:30, 0.0, None 
 48.56, -123.89, 25.0, 2015-12-27 09:47:30, 0.0, None 
 48.523, -123.985, 29.5, 2015-12-27 09:50:00, 0.0, None 
 48.85, -124.713, 20.5, 2015-12-27 09:55:00, 0.0, None 
 48.205, -123.955, 60.0, 2015-12-27 09:57:30, 0.0, None 
 48.63, -124.025, 24.0, 2015-12-27 10:00:00, 0.0, None 
 48.626999999999995, -124.037, 25.5, 2015-12-27 10:02:30, 0.0, None 
 48.89, -124.63, 20.0, 2015-12-27 10:10:00, 0.0, None 
 48.75, -123.82, 35.5, 2015-12-27 10:15:00, 0.0, None 
 48.3, -123.83, 20.0, 2015-12-27 10:17:30, 0.0, None 
 48.575, -123.86, 33.8, 2015-12-27 10:20:00, 0.0, None 
 48.692, -123.885, 50.0, 2015-12-27 10:22:30, 0.0, None 
 48.56, -123.82, 34.0, 2015-12-27 10:25:00, 0.0, None 
 48.611999999999995, -123.86, 20.0, 2015-12-27 10:27:30, 0.0, None 
 48.605, -123.87700000000001, 20.0, 2015-12-27 10:30:00, 0.0, None 
 48.685, -123.84299999999999, 32.2, 2015-12-27 10:32:30, 0.0, None 
 48.75, -123.81, 20.0, 2015-12-27 10:35:00, 0.0, None 
 48.595, -123.845, 25.5, 2015-12-27 10:37:30, 0.0, None 
 48.605, -123.89, 20.0, 2015-12-27 10:40:00, 0.0, None 
 48.555, -123.855, 20.0, 2015-12-27 10:42:30, 0.0, None 
 48.562, -123.80799999999999, 20.0, 2015-12-27 10:45:00, 0.0, None 
 48.62, -123.84, 35.0, 2015-12-27 10:47:30, 0.0, None 
 48.3, -123.91, 51.0, 2015-12-27 10:50:00, 0.0, None 
 48.99, -125.0, 44.0, 2015-12-27 10:52:30, 0.0, None 
 48.5, -123.87, 33.0, 2015-12-27 10:52:30, 0.0, None 
 49.0, -124.995, 20.0, 2015-12-27 10:57:30, 0.0, None 
 48.4, -123.88, 60.0, 2015-12-27 10:57:30, 0.0, None 
 48.895, -124.94, 50.5, 2015-12-27 11:00:00, 0.0, None 
 49.0, -124.93, 34.0, 2015-12-27 11:02:30, 0.0, None 
 48.99, -125.04, 60.0, 2015-12-27 11:05:00, 0.0, None 
 48.455, -124.025, 40.0, 2015-12-27 11:07:30, 0.0, None 
 48.89, -124.6, 20.0, 2015-12-27 11:10:00, 0.0, None 
 48.69, -123.945, 20.0, 2015-12-27 11:12:30, 0.0, None 
 48.67, -123.82, 60.0, 2015-12-27 11:17:30, 0.0, None 
 48.565, -123.73200000000001, 41.5, 2015-12-27 11:20:00, 0.0, None 
 48.573, -123.74799999999999, 40.0, 2015-12-27 11:22:30, 0.0, None 
 48.525, -123.81, 20.0, 2015-12-27 11:25:00, 0.0, None 
 48.49, -123.8, 20.0, 2015-12-27 11:27:30, 0.0, None 
 48.88, -124.58, 49.0, 2015-12-27 11:30:00, 0.0, None 
 48.62, -123.72, 20.0, 2015-12-27 11:32:30, 0.0, None 
 48.815, -124.805, 20.0, 2015-12-27 11:35:00, 0.0, None 
 48.58, -124.5, 38.0, 2015-12-27 11:37:30, 0.0, None 
 48.83, -124.82, 20.0, 2015-12-27 11:37:30, 0.0, None 
 48.65, -124.57, 20.0, 2015-12-27 11:40:00, 0.0, None 
 48.85, -124.73, 20.0, 2015-12-27 11:40:00, 0.0, None 
 48.64, -123.815, 20.0, 2015-12-27 11:40:00, 0.0, None 
 48.78, -124.685, 20.0, 2015-12-27 11:42:30, 0.0, None 
 48.61, -123.905, 21.2, 2015-12-27 11:42:30, 0.0, None 
 48.64, -123.963, 21.5, 2015-12-27 11:45:00, 0.0, None 
 48.615, -123.948, 34.0, 2015-12-27 11:47:30, 0.0, None 
 48.68, -123.84, 55.0, 2015-12-27 11:50:00, 0.0, None 
 48.445, -123.9, 60.0, 2015-12-27 11:50:00, 0.0, None 
 48.61, -124.0, 22.0, 2015-12-27 11:52:30, 0.0, None 
 48.66, -123.87, 20.0, 2015-12-27 11:55:00, 0.0, None 
 48.582, -123.915, 54.0, 2015-12-27 11:57:30, 0.0, None 
 48.99, -124.49, 20.0, 2015-12-27 12:05:00, 0.0, None 
 48.39, -123.98, 37.0, 2015-12-27 12:07:30, 0.0, None 
 48.412, -123.975, 42.5, 2015-12-27 12:10:00, 0.0, None 
 48.547, -123.94, 20.8, 2015-12-27 12:12:30, 0.0, None 
 48.58, -123.96799999999999, 35.0, 2015-12-27 12:15:00, 0.0, None 
 48.62, -123.78, 45.0, 2015-12-27 12:20:00, 0.0, None 
 48.623000000000005, -123.825, 21.0, 2015-12-27 12:22:30, 0.0, None 
 48.51, -123.88, 31.0, 2015-12-27 12:25:00, 0.0, None 
 48.495, -123.815, 23.0, 2015-12-27 12:27:30, 0.0, None 
 48.565, -123.787, 26.0, 2015-12-27 12:30:00, 0.0, None 
 48.46, -123.82799999999999, 40.5, 2015-12-27 12:32:30, 0.0, None 
 48.5, -123.82, 20.0, 2015-12-27 12:35:00, 0.0, None 
 48.615, -123.955, 20.0, 2015-12-27 12:37:30, 0.0, None 
 48.73, -124.11, 60.0, 2015-12-27 12:40:00, 0.0, None 
 48.43, -123.9, 20.0, 2015-12-27 12:40:00, 0.0, None 
 48.57, -123.98, 24.0, 2015-12-27 12:42:30, 0.0, None 
 48.553000000000004, -123.885, 41.2, 2015-12-27 12:45:00, 0.0, None 
 48.575, -123.865, 20.0, 2015-12-27 12:47:30, 0.0, None 
 48.565, -123.845, 20.0, 2015-12-27 12:50:00, 0.0, None 
 48.575, -123.915, 20.0, 2015-12-27 12:52:30, 0.0, None 
 48.575, -123.92200000000001, 20.0, 2015-12-27 12:55:00, 0.0, None 
 48.545, -123.84, 44.5, 2015-12-27 12:57:30, 0.0, None 
 48.593, -123.865, 26.0, 2015-12-27 13:00:00, 0.0, None 
 48.623000000000005, -123.855, 20.0, 2015-12-27 13:02:30, 0.0, None 
 48.625, -123.845, 22.0, 2015-12-27 13:05:00, 0.0, None 
 48.35, -123.875, 20.0, 2015-12-27 13:07:30, 0.0, None 
 48.59, -123.773, 20.0, 2015-12-27 13:12:30, 0.0, None 
 48.52, -123.845, 40.0, 2015-12-27 13:15:00, 0.0, None 
 48.425, -123.9, 20.0, 2015-12-27 13:17:30, 0.0, None 
 48.45, -123.9, 30.0, 2015-12-27 13:30:00, 0.0, None 
 48.605, -123.86, 20.0, 2015-12-27 13:32:30, 0.0, None 
 48.875, -124.025, 50.0, 2015-12-27 13:35:00, 0.0, None 
 48.52, -123.86, 60.0, 2015-12-27 13:37:30, 0.0, None 
 48.535, -123.81, 37.0, 2015-12-27 13:40:00, 0.0, None 
 48.492, -123.82, 25.5, 2015-12-27 13:42:30, 0.0, None 
 48.49, -123.79, 20.0, 2015-12-27 13:45:00, 0.0, None 
 48.68, -124.11, 60.0, 2015-12-27 13:47:30, 0.0, None 
 48.795, -123.825, 60.0, 2015-12-27 13:55:00, 0.0, None 
 48.92, -124.55, 20.0, 2015-12-27 13:57:30, 0.0, None 
 48.495, -123.865, 60.0, 2015-12-27 13:57:30, 0.0, None 
 48.422, -123.89200000000001, 40.0, 2015-12-27 14:00:00, 0.0, None 
 48.696999999999996, -123.89299999999999, 40.0, 2015-12-27 14:02:30, 0.0, None 
 48.626999999999995, -123.94, 24.0, 2015-12-27 14:05:00, 0.0, None 
 48.9, -124.73, 28.5, 2015-12-27 14:07:30, 0.0, None 
 48.95, -124.7, 20.0, 2015-12-27 14:10:00, 0.0, None 
 48.72, -124.645, 48.0, 2015-12-27 14:12:30, 0.0, None 
 48.92, -124.86, 31.0, 2015-12-27 14:12:30, 0.0, None 
 48.861999999999995, -124.7, 34.8, 2015-12-27 14:15:00, 0.0, None 
 48.79, -124.585, 24.5, 2015-12-27 14:17:30, 0.0, None 
 48.505, -124.015, 20.0, 2015-12-27 14:17:30, 0.0, None 
 48.44, -123.92, 20.0, 2015-12-27 14:20:00, 0.0, None 
 48.98, -124.785, 55.0, 2015-12-27 14:25:00, 0.0, None 
 48.69, -124.08, 60.0, 2015-12-27 14:25:00, 0.0, None 
 48.48, -123.93, 32.0, 2015-12-27 14:25:00, 0.0, None 
 48.56, -124.00200000000001, 45.0, 2015-12-27 14:27:30, 0.0, None 
 48.475, -123.99, 34.5, 2015-12-27 14:32:30, 0.0, None 
 48.57, -124.085, 30.0, 2015-12-27 14:35:00, 0.0, None 
 48.593, -124.07700000000001, 38.2, 2015-12-27 14:37:30, 0.0, None 
 48.615, -123.95299999999999, 27.8, 2015-12-27 14:40:00, 0.0, None 
 48.555, -123.94, 25.0, 2015-12-27 14:42:30, 0.0, None 
 48.565, -123.995, 24.0, 2015-12-27 14:45:00, 0.0, None 
 48.54, -123.995, 20.0, 2015-12-27 14:47:30, 0.0, None 
 48.532, -123.915, 20.0, 2015-12-27 14:50:00, 0.0, None 
 48.64, -123.86200000000001, 21.0, 2015-12-27 14:52:30, 0.0, None 
 48.638000000000005, -123.725, 33.0, 2015-12-27 14:55:00, 0.0, None 
 48.53, -123.82, 60.0, 2015-12-27 14:57:30, 0.0, None 
 48.553000000000004, -123.835, 26.8, 2015-12-27 15:02:30, 0.0, None 
 48.58, -123.82700000000001, 27.5, 2015-12-27 15:05:00, 0.0, None 
 48.72, -123.98, 20.0, 2015-12-27 15:10:00, 0.0, None 
 48.7, -124.045, 40.0, 2015-12-27 15:12:30, 0.0, None 
 48.7, -124.125, 44.5, 2015-12-27 15:15:00, 0.0, None 
 48.7, -124.14, 46.0, 2015-12-27 15:17:30, 0.0, None 
 48.69, -123.985, 37.0, 2015-12-27 15:20:00, 0.0, None 
 48.59, -123.93, 60.0, 2015-12-27 15:22:30, 0.0, None 
 48.5, -123.79, 36.5, 2015-12-27 15:32:30, 0.0, None 
 48.795, -124.145, 44.5, 2015-12-27 15:35:00, 0.0, None 
 48.6, -124.145, 60.0, 2015-12-27 15:52:30, 0.0, None 
 48.42, -123.86, 20.0, 2015-12-27 15:55:00, 0.0, None 
 48.44, -123.885, 40.0, 2015-12-27 15:57:30, 0.0, None 
 48.57, -123.79, 20.0, 2015-12-27 16:00:00, 0.0, None 
 48.55, -124.0, 22.2, 2015-12-27 16:02:30, 0.0, None 
 48.56, -123.975, 20.0, 2015-12-27 16:05:00, 0.0, None 
 48.5, -123.852, 29.0, 2015-12-27 16:07:30, 0.0, None 
 48.5, -123.66, 47.0, 2015-12-27 16:10:00, 0.0, None 
 49.0, -125.04, 50.0, 2015-12-27 16:32:30, 0.0, None 
 49.0, -125.07, 20.0, 2015-12-27 16:37:30, 0.0, None 
 48.35, -123.95, 37.0, 2015-12-27 16:37:30, 0.0, None 
 48.92, -124.82, 57.5, 2015-12-27 16:40:00, 0.0, None 
 48.99, -124.945, 30.5, 2015-12-27 16:50:00, 0.0, None 
 48.95, -124.98, 20.0, 2015-12-27 16:52:30, 0.0, None 
 48.455, -123.92, 20.0, 2015-12-27 16:55:00, 0.0, None 
 48.4, -123.905, 60.0, 2015-12-27 16:57:30, 0.0, None 
 48.75, -123.97, 47.0, 2015-12-27 17:12:30, 0.0, None 
 48.55, -123.9, 20.0, 2015-12-27 17:17:30, 0.0, None 
 48.49, -123.68, 20.0, 2015-12-27 17:20:00, 0.0, None 
 48.435, -123.9, 32.5, 2015-12-27 17:30:00, 0.0, None 
 48.59, -123.89200000000001, 20.0, 2015-12-27 17:35:00, 0.0, None 
 48.532, -123.84700000000001, 20.0, 2015-12-27 17:37:30, 0.0, None 
 48.528, -123.84, 23.0, 2015-12-27 17:40:00, 0.0, None 
 48.58, -123.84, 20.0, 2015-12-27 17:47:30, 0.0, None 
 48.593, -123.835, 20.0, 2015-12-27 17:50:00, 0.0, None 
 48.3, -123.99, 60.0, 2015-12-27 17:52:30, 0.0, None 
 48.565, -123.99, 26.5, 2015-12-27 17:55:00, 0.0, None 
 48.64, -123.635, 34.0, 2015-12-27 17:57:30, 0.0, None 
 48.62, -123.6, 20.0, 2015-12-27 18:00:00, 0.0, None 
 48.88, -123.81, 49.0, 2015-12-27 18:02:30, 0.0, None 
 48.74, -123.93, 60.0, 2015-12-27 18:12:30, 0.0, None 
 48.58, -123.61, 20.0, 2015-12-27 18:30:00, 0.0, None 
 48.78, -124.065, 60.0, 2015-12-27 18:37:30, 0.0, None 
 48.5, -123.92, 49.5, 2015-12-27 18:37:30, 0.0, None 
 48.468, -123.84, 20.0, 2015-12-27 18:40:00, 0.0, None 
 48.485, -123.845, 20.0, 2015-12-27 18:42:30, 0.0, None 
 48.498000000000005, -123.9, 41.5, 2015-12-27 18:45:00, 0.0, None 
 48.46, -123.775, 60.0, 2015-12-27 18:47:30, 0.0, None 
 48.455, -123.92, 34.5, 2015-12-27 18:50:00, 0.0, None 
 48.438, -123.92, 26.0, 2015-12-27 18:52:30, 0.0, None 
 48.58, -123.81, 34.0, 2015-12-27 18:57:30, 0.0, None 
 48.69, -123.91, 31.0, 2015-12-27 19:17:30, 0.0, None 
 48.57, -123.92, 20.0, 2015-12-27 19:22:30, 0.0, None 
 48.08, -124.21, 20.0, 2015-12-27 19:42:30, 0.0, None 
 48.575, -123.835, 20.0, 2015-12-27 19:47:30, 0.0, None 
 48.72, -123.78, 60.0, 2015-12-27 19:50:00, 0.0, None 
 48.26, -124.01, 30.0, 2015-12-27 20:20:00, 0.0, None 
 48.86, -123.78, 47.0, 2015-12-27 20:22:30, 0.0, None 
 48.545, -123.95299999999999, 31.5, 2015-12-27 20:25:00, 0.0, None 
 48.51, -123.935, 30.0, 2015-12-27 20:27:30, 0.0, None 
 48.53, -123.885, 25.5, 2015-12-27 20:30:00, 0.0, None 
 48.486999999999995, -123.81200000000001, 40.0, 2015-12-27 20:32:30, 0.0, None 
 48.455, -123.86, 26.0, 2015-12-27 20:35:00, 0.0, None 
 48.455, -123.86, 34.2, 2015-12-27 20:37:30, 0.0, None 
 48.53, -123.84, 50.0, 2015-12-27 20:40:00, 0.0, None 
 48.575, -123.81, 24.8, 2015-12-27 20:42:30, 0.0, None 
 48.595, -123.805, 23.5, 2015-12-27 20:45:00, 0.0, None 
 48.53, -123.81, 20.0, 2015-12-27 20:47:30, 0.0, None 
 48.668, -123.855, 34.2, 2015-12-27 20:50:00, 0.0, None 
 48.68, -123.87700000000001, 22.0, 2015-12-27 20:52:30, 0.0, None 
 48.6, -124.16, 20.0, 2015-12-27 21:25:00, 0.0, None 
 48.528, -123.98, 20.0, 2015-12-27 21:27:30, 0.0, None 
 48.49, -123.88, 60.0, 2015-12-27 21:32:30, 0.0, None 
 48.54, -123.97, 33.0, 2015-12-27 21:35:00, 0.0, None 
 48.65, -124.09, 32.0, 2015-12-27 21:40:00, 0.0, None 
 48.5, -123.98, 20.0, 2015-12-27 21:47:30, 0.0, None 
 48.41, -123.89, 20.0, 2015-12-27 21:50:00, 0.0, None 
 48.47, -123.88, 30.0, 2015-12-27 21:52:30, 0.0, None 
 48.611999999999995, -123.995, 43.8, 2015-12-27 21:55:00, 0.0, None 
 48.472, -123.895, 45.2, 2015-12-27 21:57:30, 0.0, None 
 48.515, -123.757, 37.2, 2015-12-27 22:00:00, 0.0, None 
 48.45, -123.915, 20.0, 2015-12-27 22:02:30, 0.0, None 
 48.41, -123.9, 20.0, 2015-12-27 22:05:00, 0.0, None 
 48.33, -123.91, 25.0, 2015-12-27 22:07:30, 0.0, None 
 48.67, -123.9, 60.0, 2015-12-27 22:10:00, 0.0, None 
 48.7, -123.67, 39.0, 2015-12-27 22:12:30, 0.0, None 
 48.5, -123.78, 25.0, 2015-12-27 22:17:30, 0.0, None 
 48.735, -123.77, 49.0, 2015-12-27 22:32:30, 0.0, None 
 48.61, -123.72, 20.0, 2015-12-27 22:35:00, 0.0, None 
 48.685, -123.695, 26.0, 2015-12-27 22:37:30, 0.0, None 
 48.595, -123.59, 45.0, 2015-12-27 22:42:30, 0.0, None 
 48.6, -123.79, 20.0, 2015-12-27 22:45:00, 0.0, None 
 48.49, -123.82, 24.0, 2015-12-27 23:02:30, 0.0, None 
 48.525, -123.852, 32.8, 2015-12-27 23:05:00, 0.0, None 
 48.525, -123.88799999999999, 31.0, 2015-12-27 23:07:30, 0.0, None 
 48.495, -123.887, 29.0, 2015-12-27 23:10:00, 0.0, None 
 48.515, -123.86, 20.0, 2015-12-27 23:12:30, 0.0, None 
 48.535, -123.845, 20.0, 2015-12-27 23:15:00, 0.0, None 
 48.45, -123.87, 23.5, 2015-12-27 23:17:30, 0.0, None 
 48.45, -123.9, 31.0, 2015-12-27 23:20:00, 0.0, None 
 48.457, -123.87700000000001, 49.5, 2015-12-27 23:22:30, 0.0, None 
 48.445, -123.85, 25.5, 2015-12-27 23:25:00, 0.0, None 
 48.492, -123.875, 20.0, 2015-12-27 23:27:30, 0.0, None 
 48.532, -123.84700000000001, 20.0, 2015-12-27 23:30:00, 0.0, None 
 48.23, -123.97, 40.0, 2015-12-27 23:32:30, 0.0, None 
 48.475, -123.875, 43.5, 2015-12-27 23:35:00, 0.0, None 
 48.485, -123.87700000000001, 20.0, 2015-12-27 23:37:30, 0.0, None 
 48.485, -123.885, 20.0, 2015-12-27 23:40:00, 0.0, None 
 48.505, -123.89, 20.0, 2015-12-27 23:42:30, 0.0, None 
 48.528, -123.93799999999999, 28.8, 2015-12-27 23:45:00, 0.0, None 
 48.575, -123.88799999999999, 20.0, 2015-12-27 23:47:30, 0.0, None 
 48.62, -123.822, 20.0, 2015-12-27 23:50:00, 0.0, None 
 48.65, -123.71, 20.0, 2015-12-27 23:52:30, 0.0, None 
 48.615, -123.875, 24.8, 2015-12-27 23:55:00, 0.0, None 
 48.615, -123.94, 20.0, 2015-12-28 00:00:00, 0.0, None 
 48.54, -123.82, 20.0, 2015-12-28 00:02:30, 0.0, None 
 48.535, -123.845, 28.5, 2015-12-28 00:05:00, 0.0, None 
 48.608000000000004, -124.11200000000001, 51.2, 2015-12-28 00:12:30, 0.0, None 
 48.72, -124.02, 37.0, 2015-12-28 00:20:00, 0.0, None 
 48.5, -123.85, 20.0, 2015-12-28 00:27:30, 0.0, None 
 48.52, -123.815, 20.0, 2015-12-28 00:30:00, 0.0, None 
 48.525, -123.882, 20.0, 2015-12-28 00:32:30, 0.0, None 
 48.51, -123.865, 20.0, 2015-12-28 00:35:00, 0.0, None 
 48.51, -123.81, 20.0, 2015-12-28 00:37:30, 0.0, None 
 48.98, -124.8, 60.0, 2015-12-28 00:40:00, 0.0, None 
 48.415, -123.87, 20.0, 2015-12-28 00:40:00, 0.0, None 
 48.52, -123.905, 20.0, 2015-12-28 00:42:30, 0.0, None 
 48.52, -123.885, 28.2, 2015-12-28 00:45:00, 0.0, None 
 48.48, -123.87, 25.0, 2015-12-28 00:47:30, 0.0, None 
 48.9, -124.86, 20.0, 2015-12-28 01:05:00, 0.0, None 
 48.995, -124.99, 33.5, 2015-12-28 01:10:00, 0.0, None 
 48.635, -123.715, 29.0, 2015-12-28 01:15:00, 0.0, None 
 48.555, -123.7, 20.2, 2015-12-28 01:17:30, 0.0, None 
 48.505, -123.82, 20.0, 2015-12-28 01:20:00, 0.0, None 
 48.535, -123.9, 20.0, 2015-12-28 01:22:30, 0.0, None 
 48.7, -124.07, 38.0, 2015-12-28 01:45:00, 0.0, None 
 48.905, -124.395, 20.0, 2015-12-28 01:45:00, 0.0, None 
 48.495, -123.85, 38.0, 2015-12-28 01:47:30, 0.0, None 
 48.565, -123.99, 59.0, 2015-12-28 01:57:30, 0.0, None 
 48.655, -124.12, 60.0, 2015-12-28 02:00:00, 0.0, None 
 48.61, -123.89, 52.0, 2015-12-28 02:02:30, 0.0, None 
 48.42, -123.92, 20.0, 2015-12-28 02:07:30, 0.0, None 
 48.41, -123.93, 20.0, 2015-12-28 02:10:00, 0.0, None 
 48.995, -124.92, 20.0, 2015-12-28 02:27:30, 0.0, None 
 48.7, -123.86, 20.0, 2015-12-28 02:32:30, 0.0, None 
 48.912, -124.822, 30.0, 2015-12-28 02:40:00, 0.0, None 
 48.71, -124.21, 51.5, 2015-12-28 02:40:00, 0.0, None 
 48.94, -124.83, 29.0, 2015-12-28 02:42:30, 0.0, None 
 48.91, -124.42, 20.0, 2015-12-28 02:42:30, 0.0, None 
 48.63, -123.91, 20.0, 2015-12-28 02:47:30, 0.0, None 
 48.575, -123.81, 29.5, 2015-12-28 02:50:00, 0.0, None 
 48.578, -123.91, 20.0, 2015-12-28 02:52:30, 0.0, None 
 48.625, -124.005, 31.5, 2015-12-28 02:55:00, 0.0, None 
 48.85, -124.265, 60.0, 2015-12-28 03:00:00, 0.0, None 
 48.66, -123.8, 48.0, 2015-12-28 03:02:30, 0.0, None 
 48.49, -123.69, 48.0, 2015-12-28 03:05:00, 0.0, None 
 48.59, -123.8, 20.0, 2015-12-28 03:10:00, 0.0, None 
 48.545, -123.815, 34.0, 2015-12-28 03:12:30, 0.0, None 
 48.73, -124.102, 30.8, 2015-12-28 03:15:00, 0.0, None 
 48.785, -124.09299999999999, 36.0, 2015-12-28 03:17:30, 0.0, None 
 48.76, -123.91, 60.0, 2015-12-28 03:20:00, 0.0, None 
 48.265, -123.89, 57.0, 2015-12-28 03:20:00, 0.0, None 
 48.57, -123.845, 20.0, 2015-12-28 03:35:00, 0.0, None 
 48.505, -123.713, 24.2, 2015-12-28 03:37:30, 0.0, None 
 48.5, -123.91, 32.0, 2015-12-28 04:00:00, 0.0, None 
 48.57, -123.82, 20.0, 2015-12-28 04:02:30, 0.0, None 
 48.51, -123.78, 31.0, 2015-12-28 04:05:00, 0.0, None 
 48.485, -123.835, 25.0, 2015-12-28 04:12:30, 0.0, None 
 48.6, -124.08, 40.5, 2015-12-28 04:17:30, 0.0, None 
 48.65, -124.065, 52.0, 2015-12-28 04:20:00, 0.0, None 
 48.61, -123.82, 20.0, 2015-12-28 04:22:30, 0.0, None 
 48.725, -123.945, 59.5, 2015-12-28 04:30:00, 0.0, None 
 48.65, -124.04, 60.0, 2015-12-28 04:32:30, 0.0, None 
 48.62, -123.69, 20.0, 2015-12-28 04:45:00, 0.0, None 
 48.675, -123.785, 22.5, 2015-12-28 04:47:30, 0.0, None 
 48.983000000000004, -125.07, 31.5, 2015-12-28 04:50:00, 0.0, None 
 48.675, -124.09700000000001, 30.0, 2015-12-28 05:02:30, 0.0, None 
 48.663000000000004, -123.925, 20.0, 2015-12-28 05:05:00, 0.0, None 
 48.53, -123.89, 20.0, 2015-12-28 05:07:30, 0.0, None 
 48.47, -123.89, 26.5, 2015-12-28 05:10:00, 0.0, None 
 48.33, -123.93, 20.0, 2015-12-28 05:12:30, 0.0, None 
 48.505, -123.92, 28.0, 2015-12-28 05:15:00, 0.0, None 
 48.45, -123.9, 20.0, 2015-12-28 05:17:30, 0.0, None 
 48.54, -123.9, 20.0, 2015-12-28 05:20:00, 0.0, None 
 48.547, -123.81700000000001, 24.2, 2015-12-28 05:22:30, 0.0, None 
 48.545, -123.79, 20.0, 2015-12-28 05:25:00, 0.0, None 
 48.6, -123.76, 22.0, 2015-12-28 05:27:30, 0.0, None 
 48.575, -124.095, 31.2, 2015-12-28 05:37:30, 0.0, None 
 48.52, -124.1, 20.0, 2015-12-28 05:40:00, 0.0, None 
 48.51, -123.885, 31.0, 2015-12-28 05:42:30, 0.0, None 
 48.52, -123.7, 20.0, 2015-12-28 05:47:30, 0.0, None 
 48.7, -123.96, 20.0, 2015-12-28 05:47:30, 0.0, None 
 48.63, -123.95700000000001, 38.5, 2015-12-28 06:00:00, 0.0, None 
 48.6, -124.055, 37.5, 2015-12-28 06:02:30, 0.0, None 
 48.53, -124.11, 40.0, 2015-12-28 06:05:00, 0.0, None 
 48.605, -123.915, 20.0, 2015-12-28 06:07:30, 0.0, None 
 48.62, -124.09, 27.0, 2015-12-28 06:10:00, 0.0, None 
 48.67, -124.275, 48.0, 2015-12-28 06:12:30, 0.0, None 
 48.595, -124.075, 20.5, 2015-12-28 06:20:00, 0.0, None 
 48.61, -123.98, 24.0, 2015-12-28 06:22:30, 0.0, None 
 48.61, -124.01, 20.0, 2015-12-28 06:25:00, 0.0, None 
 48.525, -123.7, 26.5, 2015-12-28 06:27:30, 0.0, None 
 48.48, -123.785, 30.0, 2015-12-28 06:32:30, 0.0, None 
 48.415, -123.81, 22.5, 2015-12-28 06:35:00, 0.0, None 
 48.44, -123.65, 40.0, 2015-12-28 06:42:30, 0.0, None 
 48.72, -123.94, 24.0, 2015-12-28 06:45:00, 0.0, None 
 48.59, -123.695, 20.0, 2015-12-28 06:47:30, 0.0, None 
 48.73, -124.0, 29.0, 2015-12-28 06:50:00, 0.0, None 
 48.555, -123.945, 20.0, 2015-12-28 06:55:00, 0.0, None 
 48.532, -123.81, 50.0, 2015-12-28 06:57:30, 0.0, None 
 48.61, -123.84, 32.0, 2015-12-28 07:00:00, 0.0, None 
 48.725, -123.87, 60.0, 2015-12-28 07:02:30, 0.0, None 
 48.516999999999996, -123.85, 40.0, 2015-12-28 07:07:30, 0.0, None 
 48.55, -123.87, 20.0, 2015-12-28 07:10:00, 0.0, None 
 48.505, -123.882, 20.0, 2015-12-28 07:17:30, 0.0, None 
 48.501999999999995, -123.815, 56.5, 2015-12-28 07:20:00, 0.0, None 
 48.545, -123.852, 20.0, 2015-12-28 07:22:30, 0.0, None 
 48.53, -123.86, 20.0, 2015-12-28 07:25:00, 0.0, None 
 48.555, -123.87, 20.0, 2015-12-28 07:27:30, 0.0, None 
 48.55, -123.92200000000001, 20.0, 2015-12-28 07:30:00, 0.0, None 
 48.532, -123.912, 20.0, 2015-12-28 07:32:30, 0.0, None 
 48.485, -123.83, 20.0, 2015-12-28 07:35:00, 0.0, None 
 48.475, -123.875, 25.5, 2015-12-28 07:37:30, 0.0, None 
 48.545, -123.825, 22.0, 2015-12-28 07:40:00, 0.0, None 
 48.515, -123.75, 25.2, 2015-12-28 07:42:30, 0.0, None 
 48.52, -123.73200000000001, 46.0, 2015-12-28 07:45:00, 0.0, None 
 48.49, -123.75, 20.0, 2015-12-28 07:47:30, 0.0, None 
 48.505, -123.755, 20.0, 2015-12-28 07:50:00, 0.0, None 
 48.53, -123.765, 23.2, 2015-12-28 07:52:30, 0.0, None 
 48.535, -123.8, 38.5, 2015-12-28 07:55:00, 0.0, None 
 48.49, -124.05, 60.0, 2015-12-28 07:57:30, 0.0, None 
 48.3, -123.94, 60.0, 2015-12-28 08:00:00, 0.0, None 
 48.33, -123.9, 47.0, 2015-12-28 08:02:30, 0.0, None 
 48.75, -124.11, 60.0, 2015-12-28 08:05:00, 0.0, None 
 48.49, -123.8, 20.0, 2015-12-28 08:05:00, 0.0, None 
 48.677, -124.045, 33.0, 2015-12-28 08:07:30, 0.0, None 
 48.635, -124.175, 33.0, 2015-12-28 08:12:30, 0.0, None 
 48.65, -124.13, 29.5, 2015-12-28 08:15:00, 0.0, None 
 48.75, -124.195, 25.0, 2015-12-28 08:17:30, 0.0, None 
 48.6, -123.8, 20.0, 2015-12-28 08:25:00, 0.0, None 
 48.99, -125.095, 52.0, 2015-12-28 08:27:30, 0.0, None 
 48.58, -123.79, 28.5, 2015-12-28 08:27:30, 0.0, None 
 48.65, -123.97, 54.0, 2015-12-28 08:30:00, 0.0, None 
 48.705, -124.135, 30.0, 2015-12-28 08:32:30, 0.0, None 
 48.663000000000004, -124.105, 31.0, 2015-12-28 08:35:00, 0.0, None 
 48.67, -123.77, 53.0, 2015-12-28 08:37:30, 0.0, None 
 48.62, -124.07, 40.0, 2015-12-28 08:42:30, 0.0, None 
 48.555, -123.935, 20.0, 2015-12-28 08:45:00, 0.0, None 
 48.665, -124.185, 27.5, 2015-12-28 08:47:30, 0.0, None 
 48.713, -124.227, 29.0, 2015-12-28 08:50:00, 0.0, None 
 48.75, -124.205, 46.8, 2015-12-28 08:52:30, 0.0, None 
 48.699, -124.12, 40.0, 2015-12-28 08:55:00, 0.0, None 
 48.47, -124.0, 51.5, 2015-12-28 08:57:30, 0.0, None 
 48.545, -123.965, 41.0, 2015-12-28 09:00:00, 0.0, None 
 48.75, -124.227, 55.8, 2015-12-28 09:05:00, 0.0, None 
 48.565, -123.73200000000001, 20.0, 2015-12-28 09:07:30, 0.0, None 
 48.513000000000005, -123.795, 20.0, 2015-12-28 09:10:00, 0.0, None 
 48.5, -123.81, 20.0, 2015-12-28 09:12:30, 0.0, None 
 48.492, -123.825, 24.0, 2015-12-28 09:15:00, 0.0, None 
 48.46, -123.85700000000001, 25.2, 2015-12-28 09:17:30, 0.0, None 
 48.453, -123.905, 50.0, 2015-12-28 09:20:00, 0.0, None 
 48.72, -124.2, 20.0, 2015-12-28 09:22:30, 0.0, None 
 48.61, -123.8, 26.0, 2015-12-28 09:22:30, 0.0, None 
 48.65, -124.32, 48.5, 2015-12-28 09:25:00, 0.0, None 
 48.585, -123.915, 40.0, 2015-12-28 09:27:30, 0.0, None 
 48.5, -123.775, 20.0, 2015-12-28 09:30:00, 0.0, None 
 48.59, -123.88, 60.0, 2015-12-28 09:32:30, 0.0, None 
 48.578, -123.955, 32.5, 2015-12-28 09:35:00, 0.0, None 
 48.68, -124.235, 45.0, 2015-12-28 09:37:30, 0.0, None 
 48.5, -123.85, 60.0, 2015-12-28 09:37:30, 0.0, None 
 48.65, -123.99, 35.5, 2015-12-28 09:40:00, 0.0, None 
 48.53, -123.79, 20.0, 2015-12-28 09:42:30, 0.0, None 
 48.46, -123.99, 20.0, 2015-12-28 09:45:00, 0.0, None 
 48.59, -124.18, 57.5, 2015-12-28 09:47:30, 0.0, None 
 48.4, -123.93, 32.0, 2015-12-28 09:47:30, 0.0, None 
 48.64, -124.15, 36.0, 2015-12-28 09:50:00, 0.0, None 
 48.67, -124.12, 36.0, 2015-12-28 09:52:30, 0.0, None 
 48.6, -123.9, 36.5, 2015-12-28 09:55:00, 0.0, None 
 48.555, -123.86, 60.0, 2015-12-28 09:57:30, 0.0, None 
 48.98, -124.96, 20.0, 2015-12-28 10:12:30, 0.0, None 
 48.73, -123.9, 20.0, 2015-12-28 10:22:30, 0.0, None 
 48.72, -124.26, 40.0, 2015-12-28 10:25:00, 0.0, None 
 48.62, -124.125, 60.0, 2015-12-28 10:27:30, 0.0, None 
 48.615, -123.92, 40.0, 2015-12-28 10:30:00, 0.0, None 
 48.68, -123.96, 60.0, 2015-12-28 10:32:30, 0.0, None 
 48.7, -124.08, 33.0, 2015-12-28 10:37:30, 0.0, None 
 48.69, -124.18, 42.0, 2015-12-28 10:40:00, 0.0, None 
 48.895, -124.365, 20.0, 2015-12-28 10:40:00, 0.0, None 
 48.67, -124.2, 46.5, 2015-12-28 10:42:30, 0.0, None 
 48.605, -124.305, 60.0, 2015-12-28 10:45:00, 0.0, None 
 48.49, -123.945, 60.0, 2015-12-28 10:45:00, 0.0, None 
 48.66, -124.0, 50.2, 2015-12-28 10:47:30, 0.0, None 
 48.44, -123.9, 20.0, 2015-12-28 10:50:00, 0.0, None 
 48.43, -123.835, 20.0, 2015-12-28 10:52:30, 0.0, None 
 48.457, -123.76, 55.0, 2015-12-28 10:55:00, 0.0, None 
 48.472, -123.78, 35.8, 2015-12-28 10:57:30, 0.0, None 
 48.52, -123.958, 25.0, 2015-12-28 11:00:00, 0.0, None 
 48.535, -123.955, 28.0, 2015-12-28 11:02:30, 0.0, None 
 48.465, -123.98, 38.8, 2015-12-28 11:05:00, 0.0, None 
 48.6, -123.905, 24.0, 2015-12-28 11:07:30, 0.0, None 
 48.57, -123.95, 31.0, 2015-12-28 11:10:00, 0.0, None 
 48.6, -123.775, 42.5, 2015-12-28 11:12:30, 0.0, None 
 48.665, -123.93, 23.5, 2015-12-28 11:15:00, 0.0, None 
 48.41, -123.85, 60.0, 2015-12-28 11:17:30, 0.0, None 
 48.52, -123.89200000000001, 28.0, 2015-12-28 11:20:00, 0.0, None 
 48.6, -123.838, 23.5, 2015-12-28 11:22:30, 0.0, None 
 48.575, -123.94200000000001, 20.0, 2015-12-28 11:25:00, 0.0, None 
 48.57, -123.985, 20.0, 2015-12-28 11:27:30, 0.0, None 
 48.61, -124.025, 30.5, 2015-12-28 11:30:00, 0.0, None 
 48.715, -123.805, 60.0, 2015-12-28 11:32:30, 0.0, None 
 48.595, -123.89, 20.0, 2015-12-28 11:35:00, 0.0, None 
 48.805, -124.155, 20.0, 2015-12-28 11:40:00, 0.0, None 
 48.703, -124.165, 25.0, 2015-12-28 11:42:30, 0.0, None 
 48.728, -124.18799999999999, 33.2, 2015-12-28 11:45:00, 0.0, None 
 48.615, -124.0, 33.0, 2015-12-28 11:50:00, 0.0, None 
 48.66, -124.19, 38.8, 2015-12-28 11:52:30, 0.0, None 
 48.615, -124.045, 32.0, 2015-12-28 11:55:00, 0.0, None 
 48.62, -123.928, 60.0, 2015-12-28 11:57:30, 0.0, None 
 48.698, -124.015, 55.8, 2015-12-28 12:00:00, 0.0, None 
 48.578, -123.85, 29.2, 2015-12-28 12:02:30, 0.0, None 
 48.62, -123.852, 23.5, 2015-12-28 12:05:00, 0.0, None 
 48.4, -123.91, 20.0, 2015-12-28 12:07:30, 0.0, None 
 48.63, -124.04, 40.0, 2015-12-28 12:27:30, 0.0, None 
 48.47, -123.84, 39.0, 2015-12-28 12:30:00, 0.0, None 
 48.53, -123.925, 31.0, 2015-12-28 12:35:00, 0.0, None 
 48.52, -123.91, 30.0, 2015-12-28 12:37:30, 0.0, None 
 48.515, -123.68299999999999, 40.0, 2015-12-28 12:40:00, 0.0, None 
 48.63, -123.93, 20.0, 2015-12-28 12:47:30, 0.0, None 
 48.562, -123.895, 20.0, 2015-12-28 12:50:00, 0.0, None 
 48.58, -123.79299999999999, 20.0, 2015-12-28 12:52:30, 0.0, None 
 48.603, -123.773, 24.8, 2015-12-28 12:55:00, 0.0, None 
 48.58, -123.86, 60.0, 2015-12-28 12:57:30, 0.0, None 
 48.98, -125.09, 33.0, 2015-12-28 13:00:00, 0.0, None 
 48.75, -124.15, 60.0, 2015-12-28 13:05:00, 0.0, None 
 48.54, -123.8, 37.5, 2015-12-28 13:05:00, 0.0, None 
 48.76, -124.15, 23.0, 2015-12-28 13:10:00, 0.0, None 
 48.38, -123.7, 36.0, 2015-12-28 13:10:00, 0.0, None 
 48.7, -124.165, 22.0, 2015-12-28 13:12:30, 0.0, None 
 48.695, -124.06700000000001, 23.8, 2015-12-28 13:25:00, 0.0, None 
 48.65, -123.97, 40.0, 2015-12-28 13:27:30, 0.0, None 
 48.665, -124.1, 45.5, 2015-12-28 13:30:00, 0.0, None 
 48.92, -124.365, 20.0, 2015-12-28 13:30:00, 0.0, None 
 48.72, -124.2, 43.5, 2015-12-28 13:32:30, 0.0, None 
 48.66, -123.95, 42.0, 2015-12-28 13:35:00, 0.0, None 
 48.718, -124.005, 40.8, 2015-12-28 13:37:30, 0.0, None 
 48.65, -124.06, 58.0, 2015-12-28 13:40:00, 0.0, None 
 48.71, -124.09, 25.0, 2015-12-28 13:42:30, 0.0, None 
 48.633, -124.06200000000001, 27.2, 2015-12-28 13:45:00, 0.0, None 
 48.795, -124.19, 26.5, 2015-12-28 13:55:00, 0.0, None 
 48.625, -123.88, 60.0, 2015-12-28 13:57:30, 0.0, None 
 48.715, -123.94, 35.0, 2015-12-28 14:00:00, 0.0, None 
 48.675, -124.08, 36.0, 2015-12-28 14:02:30, 0.0, None 
 48.675, -124.06, 32.0, 2015-12-28 14:05:00, 0.0, None 
 48.6, -123.81700000000001, 40.0, 2015-12-28 14:07:30, 0.0, None 
 48.555, -123.955, 36.5, 2015-12-28 14:10:00, 0.0, None 
 48.545, -123.89200000000001, 35.2, 2015-12-28 14:12:30, 0.0, None 
 48.523, -123.895, 20.5, 2015-12-28 14:15:00, 0.0, None 
 48.545, -123.945, 21.5, 2015-12-28 14:17:30, 0.0, None 
 48.54, -123.84700000000001, 26.5, 2015-12-28 14:20:00, 0.0, None 
 48.54, -123.82, 24.2, 2015-12-28 14:22:30, 0.0, None 
 48.552, -123.855, 56.0, 2015-12-28 14:25:00, 0.0, None 
 48.555, -123.87299999999999, 24.2, 2015-12-28 14:27:30, 0.0, None 
 48.585, -123.792, 24.5, 2015-12-28 14:30:00, 0.0, None 
 48.68, -123.855, 45.5, 2015-12-28 14:32:30, 0.0, None 
 48.59, -123.81, 20.0, 2015-12-28 14:37:30, 0.0, None 
 48.675, -123.65, 60.0, 2015-12-28 14:42:30, 0.0, None 
 48.785, -124.05, 42.0, 2015-12-28 14:52:30, 0.0, None 
 48.82, -124.09, 41.0, 2015-12-28 14:55:00, 0.0, None 
 48.64, -124.26, 53.0, 2015-12-28 14:57:30, 0.0, None 
 48.665, -124.23, 50.0, 2015-12-28 15:00:00, 0.0, None 
 48.73, -124.32, 46.0, 2015-12-28 15:05:00, 0.0, None 
 48.68, -124.355, 37.5, 2015-12-28 15:07:30, 0.0, None 
 48.83, -123.83, 20.0, 2015-12-28 15:10:00, 0.0, None 
 48.475, -123.775, 40.0, 2015-12-28 15:12:30, 0.0, None 
 48.49, -123.58, 48.0, 2015-12-28 15:15:00, 0.0, None 
 48.51, -123.82, 20.0, 2015-12-28 15:20:00, 0.0, None 
 48.568000000000005, -123.77799999999999, 40.0, 2015-12-28 15:22:30, 0.0, None 
 48.81, -124.15, 42.0, 2015-12-28 15:27:30, 0.0, None 
 48.52, -123.92, 41.5, 2015-12-28 15:27:30, 0.0, None 
 48.87, -124.11, 35.0, 2015-12-28 15:30:00, 0.0, None 
 48.69, -124.16, 48.5, 2015-12-28 15:32:30, 0.0, None 
 48.415, -123.94, 39.5, 2015-12-28 15:35:00, 0.0, None 
 48.4, -123.845, 20.0, 2015-12-28 15:37:30, 0.0, None 
 48.72, -124.19, 34.0, 2015-12-28 15:40:00, 0.0, None 
 48.495, -123.71, 20.0, 2015-12-28 15:40:00, 0.0, None 
 48.69, -124.118, 26.0, 2015-12-28 15:42:30, 0.0, None 
 48.7, -123.71, 48.0, 2015-12-28 15:47:30, 0.0, None 
 48.683, -123.93299999999999, 38.0, 2015-12-28 15:50:00, 0.0, None 
 48.68, -123.925, 49.5, 2015-12-28 15:52:30, 0.0, None 
 48.9, -124.49, 60.0, 2015-12-28 15:55:00, 0.0, None 
 48.73, -124.1, 39.0, 2015-12-28 16:05:00, 0.0, None 
 48.79, -124.03, 28.0, 2015-12-28 16:07:30, 0.0, None 
 48.41, -123.79, 20.0, 2015-12-28 16:07:30, 0.0, None 
 48.41, -123.915, 60.0, 2015-12-28 16:10:00, 0.0, None 
 48.76, -124.26, 40.0, 2015-12-28 16:17:30, 0.0, None 
 48.77, -124.3, 41.0, 2015-12-28 16:20:00, 0.0, None 
 48.605, -124.04, 20.0, 2015-12-28 16:20:00, 0.0, None 
 48.66, -124.21, 55.5, 2015-12-28 16:22:30, 0.0, None 
 48.52, -123.705, 27.0, 2015-12-28 16:22:30, 0.0, None 
 48.79, -124.29, 28.0, 2015-12-28 16:25:00, 0.0, None 
 48.78, -124.145, 33.0, 2015-12-28 16:32:30, 0.0, None 
 48.61, -124.215, 60.0, 2015-12-28 16:35:00, 0.0, None 
 48.5, -123.87, 24.0, 2015-12-28 16:47:30, 0.0, None 
 48.58, -123.868, 30.0, 2015-12-28 16:50:00, 0.0, None 
 48.6, -123.8, 20.0, 2015-12-28 17:00:00, 0.0, None 
 48.543, -123.835, 24.2, 2015-12-28 17:02:30, 0.0, None 
 48.53, -123.92, 20.0, 2015-12-28 17:05:00, 0.0, None 
 48.605, -123.81, 20.0, 2015-12-28 17:10:00, 0.0, None 
 48.27, -123.9, 36.0, 2015-12-28 17:12:30, 0.0, None 
 48.9, -123.79, 20.0, 2015-12-28 17:15:00, 0.0, None 
 48.638000000000005, -123.77, 37.0, 2015-12-28 17:42:30, 0.0, None 
 48.77, -124.03, 49.0, 2015-12-28 17:55:00, 0.0, None 
 48.75, -123.82, 60.0, 2015-12-28 17:57:30, 0.0, None 
 48.62, -123.725, 20.0, 2015-12-28 18:05:00, 0.0, None 
 48.44, -123.88, 50.5, 2015-12-28 18:07:30, 0.0, None 
 48.713, -123.915, 28.8, 2015-12-28 18:10:00, 0.0, None 
 48.76, -123.83, 35.0, 2015-12-28 18:17:30, 0.0, None 
 48.78, -123.82, 27.0, 2015-12-28 18:20:00, 0.0, None 
 48.74, -123.84, 20.0, 2015-12-28 18:25:00, 0.0, None 
 48.52, -123.61, 20.0, 2015-12-28 18:25:00, 0.0, None 
 48.81, -123.9, 29.0, 2015-12-28 18:35:00, 0.0, None 
 48.86, -123.79, 60.0, 2015-12-28 18:42:30, 0.0, None 
 48.59, -124.21, 60.0, 2015-12-28 18:45:00, 0.0, None 
 48.635, -124.24, 20.0, 2015-12-28 18:50:00, 0.0, None 
 48.4, -123.745, 20.0, 2015-12-28 18:50:00, 0.0, None 
 48.446999999999996, -123.725, 54.0, 2015-12-28 18:52:30, 0.0, None 
 48.51, -123.735, 49.8, 2015-12-28 18:55:00, 0.0, None 
 48.65, -123.81, 60.0, 2015-12-28 19:00:00, 0.0, None 
 48.385, -123.62, 60.0, 2015-12-28 19:05:00, 0.0, None 
 48.52, -123.81, 20.0, 2015-12-28 19:07:30, 0.0, None 
 48.82, -124.265, 37.0, 2015-12-28 19:10:00, 0.0, None 
 48.89, -124.28, 22.0, 2015-12-28 19:12:30, 0.0, None 
 48.56, -123.735, 20.0, 2015-12-28 19:17:30, 0.0, None 
 48.745, -123.77, 44.5, 2015-12-28 19:20:00, 0.0, None 
 48.75, -123.815, 20.0, 2015-12-28 19:30:00, 0.0, None 
 48.82, -124.19, 20.0, 2015-12-28 19:52:30, 0.0, None 
 48.77, -124.35, 40.0, 2015-12-28 20:15:00, 0.0, None 
 48.9, -123.61, 28.0, 2015-12-28 20:32:30, 0.0, None 
 48.695, -124.045, 34.5, 2015-12-28 20:40:00, 0.0, None 
 48.49, -123.84, 33.5, 2015-12-28 20:40:00, 0.0, None 
 48.41, -123.85, 20.0, 2015-12-28 20:42:30, 0.0, None 
 48.42, -123.88, 60.0, 2015-12-28 20:45:00, 0.0, None 
 48.373000000000005, -123.85, 52.0, 2015-12-28 20:47:30, 0.0, None 
 48.8, -124.31, 43.0, 2015-12-28 20:50:00, 0.0, None 
 48.215, -123.83, 60.0, 2015-12-28 20:50:00, 0.0, None 
 48.635, -124.215, 20.0, 2015-12-28 20:55:00, 0.0, None 
 48.81, -124.245, 32.0, 2015-12-28 21:00:00, 0.0, None 
 48.82, -124.27, 43.5, 2015-12-28 21:02:30, 0.0, None 
 48.75, -124.015, 42.0, 2015-12-28 21:05:00, 0.0, None 
 48.86, -124.3, 39.0, 2015-12-28 21:12:30, 0.0, None 
 48.81, -124.4, 43.0, 2015-12-28 21:15:00, 0.0, None 
 48.81, -124.36, 52.0, 2015-12-28 21:17:30, 0.0, None 
 48.77, -124.15, 28.0, 2015-12-28 21:30:00, 0.0, None 
 48.79, -124.34, 51.5, 2015-12-28 21:35:00, 0.0, None 
 48.782, -124.245, 32.5, 2015-12-28 21:37:30, 0.0, None 
 48.6, -123.71, 42.0, 2015-12-28 21:37:30, 0.0, None 
 48.755, -124.295, 42.5, 2015-12-28 21:40:00, 0.0, None 
 48.805, -124.09, 60.0, 2015-12-28 21:47:30, 0.0, None 
 48.62, -123.745, 20.0, 2015-12-28 21:50:00, 0.0, None 
 48.77, -124.445, 60.0, 2015-12-28 21:55:00, 0.0, None 
 48.62, -123.97, 20.0, 2015-12-28 21:55:00, 0.0, None 
 48.76, -124.33, 60.0, 2015-12-28 21:57:30, 0.0, None 
 48.48, -123.89, 60.0, 2015-12-28 21:57:30, 0.0, None 
 48.79, -124.34, 45.0, 2015-12-28 22:02:30, 0.0, None 
 48.405, -123.825, 22.0, 2015-12-28 22:05:00, 0.0, None 
 48.81, -124.43, 60.0, 2015-12-28 22:10:00, 0.0, None 
 48.59, -123.96, 50.0, 2015-12-28 22:12:30, 0.0, None 
 48.795, -124.47, 60.0, 2015-12-28 22:15:00, 0.0, None 
 48.51, -123.86, 20.0, 2015-12-28 22:15:00, 0.0, None 
 48.87, -124.4, 36.0, 2015-12-28 22:17:30, 0.0, None 
 48.485, -123.835, 30.0, 2015-12-28 22:17:30, 0.0, None 
 48.735, -124.205, 60.0, 2015-12-28 22:20:00, 0.0, None 
 48.67, -123.845, 20.0, 2015-12-28 22:20:00, 0.0, None 
 48.52, -123.88, 20.0, 2015-12-28 22:22:30, 0.0, None 
 48.515, -123.895, 23.8, 2015-12-28 22:25:00, 0.0, None 
 48.463, -123.845, 49.0, 2015-12-28 22:27:30, 0.0, None 
 48.8, -124.115, 20.0, 2015-12-28 22:35:00, 0.0, None 
 48.73, -124.29, 50.5, 2015-12-28 22:37:30, 0.0, None 
 48.51, -123.72, 60.0, 2015-12-28 22:37:30, 0.0, None 
 48.78, -124.21, 60.0, 2015-12-28 22:40:00, 0.0, None 
 48.465, -123.725, 60.0, 2015-12-28 22:40:00, 0.0, None 
 48.795, -124.18, 39.0, 2015-12-28 22:42:30, 0.0, None 
 48.82, -124.18, 42.0, 2015-12-28 22:47:30, 0.0, None 
 48.88, -124.3, 32.0, 2015-12-28 22:52:30, 0.0, None 
 48.635, -124.175, 28.5, 2015-12-28 22:55:00, 0.0, None 
 48.69, -123.86, 20.0, 2015-12-28 23:07:30, 0.0, None 
 48.735, -124.22, 33.0, 2015-12-28 23:15:00, 0.0, None 
 48.64, -124.345, 46.0, 2015-12-28 23:17:30, 0.0, None 
 48.81, -124.46, 23.0, 2015-12-28 23:20:00, 0.0, None 
 48.62, -124.29, 49.0, 2015-12-28 23:25:00, 0.0, None 
 48.74, -124.255, 25.0, 2015-12-28 23:27:30, 0.0, None 
 48.72, -124.23, 31.0, 2015-12-28 23:30:00, 0.0, None 
 48.5, -123.93, 20.0, 2015-12-28 23:30:00, 0.0, None 
 48.88, -124.42, 40.0, 2015-12-28 23:32:30, 0.0, None 
 48.605, -124.11, 20.0, 2015-12-28 23:32:30, 0.0, None 
 48.795, -124.16, 28.0, 2015-12-28 23:35:00, 0.0, None 
 48.83, -124.445, 45.0, 2015-12-28 23:37:30, 0.0, None 
 48.85, -124.23, 42.0, 2015-12-28 23:42:30, 0.0, None 
 48.835, -124.29, 57.0, 2015-12-28 23:45:00, 0.0, None 
 48.71, -124.44, 41.0, 2015-12-29 00:17:30, 0.0, None 
 48.49, -123.79, 20.0, 2015-12-29 00:17:30, 0.0, None 
 48.74, -124.41, 34.0, 2015-12-29 00:20:00, 0.0, None 
 48.67, -124.05, 45.0, 2015-12-29 00:25:00, 0.0, None 
 48.75, -124.28, 40.0, 2015-12-29 00:27:30, 0.0, None 
 48.38, -123.78, 20.0, 2015-12-29 00:27:30, 0.0, None 
 48.73, -124.28, 47.5, 2015-12-29 00:30:00, 0.0, None 
 48.845, -124.345, 47.8, 2015-12-29 00:32:30, 0.0, None 
 48.73, -124.245, 41.0, 2015-12-29 00:35:00, 0.0, None 
 48.59, -123.885, 44.5, 2015-12-29 00:40:00, 0.0, None 
 48.47, -123.41, 60.0, 2015-12-29 00:40:00, 0.0, None 
 48.59, -123.94200000000001, 40.0, 2015-12-29 00:42:30, 0.0, None 
 48.513000000000005, -123.885, 50.0, 2015-12-29 00:45:00, 0.0, None 
 48.516999999999996, -123.845, 32.2, 2015-12-29 00:47:30, 0.0, None 
 48.528, -123.86, 24.5, 2015-12-29 00:50:00, 0.0, None 
 48.668, -123.975, 36.8, 2015-12-29 00:52:30, 0.0, None 
 48.56, -124.03, 20.0, 2015-12-29 00:55:00, 0.0, None 
 48.325, -123.86, 60.0, 2015-12-29 00:57:30, 0.0, None 
 48.57, -123.94, 20.0, 2015-12-29 01:02:30, 0.0, None 
 48.67, -124.118, 31.2, 2015-12-29 01:05:00, 0.0, None 
 48.688, -124.18, 25.0, 2015-12-29 01:07:30, 0.0, None 
 48.655, -124.09700000000001, 35.5, 2015-12-29 01:10:00, 0.0, None 
 48.675, -124.345, 46.5, 2015-12-29 01:12:30, 0.0, None 
 48.715, -124.115, 20.5, 2015-12-29 01:15:00, 0.0, None 
 48.62, -124.072, 40.8, 2015-12-29 01:22:30, 0.0, None 
 48.62, -123.995, 23.2, 2015-12-29 01:25:00, 0.0, None 
 48.795, -124.24, 60.0, 2015-12-29 01:32:30, 0.0, None 
 48.77, -124.3, 20.0, 2015-12-29 01:35:00, 0.0, None 
 48.74, -124.34, 20.0, 2015-12-29 01:37:30, 0.0, None 
 48.766999999999996, -124.397, 47.5, 2015-12-29 01:40:00, 0.0, None 
 48.8, -124.385, 28.5, 2015-12-29 01:42:30, 0.0, None 
 48.803000000000004, -124.13, 35.0, 2015-12-29 01:45:00, 0.0, None 
 48.75, -124.21, 36.0, 2015-12-29 01:47:30, 0.0, None 
 48.725, -124.18799999999999, 57.5, 2015-12-29 01:50:00, 0.0, None 
 48.815, -124.325, 37.0, 2015-12-29 01:52:30, 0.0, None 
 48.75, -124.22, 40.5, 2015-12-29 01:55:00, 0.0, None 
 48.68, -124.065, 41.5, 2015-12-29 02:07:30, 0.0, None 
 48.81, -124.19, 33.5, 2015-12-29 02:20:00, 0.0, None 
 48.76, -124.295, 51.0, 2015-12-29 02:22:30, 0.0, None 
 48.79, -124.12, 60.0, 2015-12-29 02:25:00, 0.0, None 
 48.72, -124.15, 52.2, 2015-12-29 02:27:30, 0.0, None 
 48.82, -124.34700000000001, 41.5, 2015-12-29 02:30:00, 0.0, None 
 48.975, -124.58, 60.0, 2015-12-29 02:35:00, 0.0, None 
 48.588, -123.845, 20.8, 2015-12-29 02:37:30, 0.0, None 
 48.66, -123.895, 20.0, 2015-12-29 02:40:00, 0.0, None 
 48.4, -123.56, 27.0, 2015-12-29 02:42:30, 0.0, None 
 48.67, -124.6, 60.0, 2015-12-29 02:45:00, 0.0, None 
 48.67, -124.01, 30.0, 2015-12-29 02:45:00, 0.0, None 
 48.87, -124.77, 60.0, 2015-12-29 02:47:30, 0.0, None 
 48.875, -124.7, 44.0, 2015-12-29 02:50:00, 0.0, None 
 48.9, -124.78, 45.5, 2015-12-29 02:52:30, 0.0, None 
 48.93, -124.58, 60.0, 2015-12-29 03:00:00, 0.0, None 
 48.53, -124.0, 20.0, 2015-12-29 03:00:00, 0.0, None 
 48.555, -123.86, 20.0, 2015-12-29 03:02:30, 0.0, None 
 48.513000000000005, -123.84700000000001, 20.5, 2015-12-29 03:05:00, 0.0, None 
 48.73, -123.975, 60.0, 2015-12-29 03:07:30, 0.0, None 
 48.635, -123.925, 33.0, 2015-12-29 03:10:00, 0.0, None 
 48.797, -124.3, 48.2, 2015-12-29 03:12:30, 0.0, None 
 48.79, -124.39, 38.0, 2015-12-29 03:15:00, 0.0, None 
 48.7, -123.97, 31.0, 2015-12-29 03:15:00, 0.0, None 
 48.71, -124.215, 60.0, 2015-12-29 03:17:30, 0.0, None 
 49.0, -124.53, 20.0, 2015-12-29 03:22:30, 0.0, None 
 48.975, -124.405, 20.0, 2015-12-29 03:25:00, 0.0, None 
 48.545, -123.81, 20.0, 2015-12-29 03:25:00, 0.0, None 
 48.995, -124.458, 28.2, 2015-12-29 03:27:30, 0.0, None 
 48.635, -123.92, 20.0, 2015-12-29 03:27:30, 0.0, None 
 48.54, -123.99, 26.5, 2015-12-29 03:30:00, 0.0, None 
 48.8, -124.48, 60.0, 2015-12-29 03:32:30, 0.0, None 
 48.915, -124.64, 49.0, 2015-12-29 03:40:00, 0.0, None 
 48.9, -124.26, 20.0, 2015-12-29 03:40:00, 0.0, None 
 48.91, -124.68, 34.0, 2015-12-29 03:42:30, 0.0, None 
 48.91, -124.825, 43.0, 2015-12-29 03:45:00, 0.0, None 
 48.92, -124.795, 32.5, 2015-12-29 03:50:00, 0.0, None 
 48.95, -124.7, 20.0, 2015-12-29 03:52:30, 0.0, None 
 48.83, -124.455, 20.5, 2015-12-29 03:55:00, 0.0, None 
 48.895, -124.39, 60.0, 2015-12-29 03:57:30, 0.0, None 
 48.986999999999995, -124.507, 22.0, 2015-12-29 04:00:00, 0.0, None 
 48.983000000000004, -124.695, 37.0, 2015-12-29 04:05:00, 0.0, None 
 48.98, -124.715, 20.0, 2015-12-29 04:15:00, 0.0, None 
 48.977, -124.625, 31.0, 2015-12-29 04:22:30, 0.0, None 
 48.83, -124.3, 20.0, 2015-12-29 04:30:00, 0.0, None 
 48.951, -124.525, 26.0, 2015-12-29 04:32:30, 0.0, None 
 48.68, -124.273, 27.8, 2015-12-29 04:40:00, 0.0, None 
 48.69, -124.275, 29.0, 2015-12-29 04:42:30, 0.0, None 
 48.695, -124.17200000000001, 53.0, 2015-12-29 04:45:00, 0.0, None 
 48.835, -124.27799999999999, 35.8, 2015-12-29 04:47:30, 0.0, None 
 48.816, -124.405, 55.1, 2015-12-29 04:52:30, 0.0, None 
 48.7, -124.22200000000001, 45.5, 2015-12-29 04:55:00, 0.0, None 
 48.97, -124.41, 40.0, 2015-12-29 04:57:30, 0.0, None 
 48.71, -124.275, 60.0, 2015-12-29 04:57:30, 0.0, None 
 48.5, -124.03, 60.0, 2015-12-29 04:57:30, 0.0, None 
 48.61, -124.13, 27.0, 2015-12-29 05:00:00, 0.0, None 
 48.867, -124.55799999999999, 40.8, 2015-12-29 05:05:00, 0.0, None 
 48.46, -124.03, 20.0, 2015-12-29 05:10:00, 0.0, None 
 48.8, -124.49, 31.0, 2015-12-29 05:30:00, 0.0, None 
 48.93, -124.39, 60.0, 2015-12-29 05:32:30, 0.0, None 
 48.76, -124.21, 20.0, 2015-12-29 05:35:00, 0.0, None 
 48.59, -124.14, 32.0, 2015-12-29 05:37:30, 0.0, None 
 48.6, -123.8, 20.0, 2015-12-29 05:40:00, 0.0, None 
 48.585, -123.75, 32.5, 2015-12-29 05:42:30, 0.0, None 
 48.6, -124.375, 44.0, 2015-12-29 05:47:30, 0.0, None 
 48.455, -123.855, 20.0, 2015-12-29 05:47:30, 0.0, None 
 48.39, -123.81, 20.0, 2015-12-29 05:50:00, 0.0, None 
 48.81, -124.455, 23.0, 2015-12-29 05:52:30, 0.0, None 
 48.46, -123.825, 22.0, 2015-12-29 05:52:30, 0.0, None 
 48.82, -124.46, 20.0, 2015-12-29 05:55:00, 0.0, None 
 48.35, -123.8, 60.0, 2015-12-29 05:57:30, 0.0, None 
 48.725, -124.39, 46.5, 2015-12-29 06:02:30, 0.0, None 
 48.71, -124.04, 31.0, 2015-12-29 06:02:30, 0.0, None 
 48.81399999999999, -124.4, 38.9, 2015-12-29 06:05:00, 0.0, None 
 48.765, -124.368, 21.8, 2015-12-29 06:07:30, 0.0, None 
 48.898, -124.404, 20.8, 2015-12-29 06:10:00, 0.0, None 
 48.78, -124.4, 21.0, 2015-12-29 06:12:30, 0.0, None 
 48.62, -124.01, 20.0, 2015-12-29 06:12:30, 0.0, None 
 48.77, -124.6, 20.0, 2015-12-29 06:15:00, 0.0, None 
 48.73, -124.59, 26.5, 2015-12-29 06:17:30, 0.0, None 
 48.74, -124.51, 20.0, 2015-12-29 06:20:00, 0.0, None 
 48.685, -124.428, 20.0, 2015-12-29 06:22:30, 0.0, None 
 48.705, -124.44, 20.0, 2015-12-29 06:25:00, 0.0, None 
 48.69, -124.49, 20.0, 2015-12-29 06:27:30, 0.0, None 
 48.63, -124.48700000000001, 40.0, 2015-12-29 06:30:00, 0.0, None 
 48.69, -124.5, 20.0, 2015-12-29 06:35:00, 0.0, None 
 48.7, -124.425, 20.5, 2015-12-29 06:37:30, 0.0, None 
 48.688, -124.41, 38.5, 2015-12-29 06:40:00, 0.0, None 
 48.64, -124.015, 26.0, 2015-12-29 06:40:00, 0.0, None 
 48.76, -124.405, 28.5, 2015-12-29 06:42:30, 0.0, None 
 48.63, -124.04, 28.0, 2015-12-29 06:42:30, 0.0, None 
 48.48, -123.79, 28.0, 2015-12-29 06:45:00, 0.0, None 
 48.43, -123.83, 20.0, 2015-12-29 06:47:30, 0.0, None 
 48.885, -124.47200000000001, 32.0, 2015-12-29 06:50:00, 0.0, None 
 48.5, -123.885, 20.0, 2015-12-29 06:50:00, 0.0, None 
 48.525, -123.72, 20.5, 2015-12-29 06:52:30, 0.0, None 
 48.53, -123.7, 27.0, 2015-12-29 06:55:00, 0.0, None 
 48.92, -124.49, 60.0, 2015-12-29 06:57:30, 0.0, None 
 48.545, -124.0, 60.0, 2015-12-29 06:57:30, 0.0, None 
 48.72, -123.92, 48.5, 2015-12-29 07:00:00, 0.0, None 
 48.75, -124.52, 27.5, 2015-12-29 07:02:30, 0.0, None 
 48.685, -124.115, 45.0, 2015-12-29 07:02:30, 0.0, None 
 48.731, -124.436, 22.2, 2015-12-29 07:05:00, 0.0, None 
 48.695, -124.62, 37.0, 2015-12-29 07:07:30, 0.0, None 
 48.81, -124.485, 23.5, 2015-12-29 07:12:30, 0.0, None 
 48.785, -124.36, 32.0, 2015-12-29 07:15:00, 0.0, None 
 48.79, -124.38, 32.0, 2015-12-29 07:17:30, 0.0, None 
 48.71, -124.53, 41.5, 2015-12-29 07:20:00, 0.0, None 
 48.49, -123.4, 34.0, 2015-12-29 07:20:00, 0.0, None 
 48.735, -124.46799999999999, 28.0, 2015-12-29 07:22:30, 0.0, None 
 48.785, -124.5, 25.0, 2015-12-29 07:25:00, 0.0, None 
 48.83, -124.44, 25.0, 2015-12-29 07:27:30, 0.0, None 
 48.715, -123.97, 42.5, 2015-12-29 07:27:30, 0.0, None 
 48.62, -123.83, 34.0, 2015-12-29 07:30:00, 0.0, None 
 48.71, -124.42, 32.0, 2015-12-29 07:37:30, 0.0, None 
 48.8, -124.36, 20.0, 2015-12-29 07:42:30, 0.0, None 
 48.867, -124.425, 40.0, 2015-12-29 07:45:00, 0.0, None 
 48.79, -124.46, 25.0, 2015-12-29 07:47:30, 0.0, None 
 48.52, -123.69, 26.0, 2015-12-29 07:50:00, 0.0, None 
 48.96, -124.51, 21.0, 2015-12-29 07:52:30, 0.0, None 
 48.505, -123.573, 31.2, 2015-12-29 07:52:30, 0.0, None 
 48.48, -123.6, 27.2, 2015-12-29 07:55:00, 0.0, None 
 48.68, -123.99, 60.0, 2015-12-29 07:57:30, 0.0, None 
 48.61, -123.77, 35.0, 2015-12-29 08:00:00, 0.0, None 
 48.61, -123.78, 36.5, 2015-12-29 08:02:30, 0.0, None 
 48.78, -124.53, 20.0, 2015-12-29 08:05:00, 0.0, None 
 48.85, -124.615, 60.0, 2015-12-29 08:10:00, 0.0, None 
 48.83, -124.54, 20.0, 2015-12-29 08:12:30, 0.0, None 
 48.74, -124.56, 30.0, 2015-12-29 08:15:00, 0.0, None 
 48.63, -124.505, 57.0, 2015-12-29 08:17:30, 0.0, None 
 48.91, -124.43, 37.0, 2015-12-29 08:20:00, 0.0, None 
 48.875, -124.375, 49.5, 2015-12-29 08:22:30, 0.0, None 
 48.805, -124.415, 32.0, 2015-12-29 08:25:00, 0.0, None 
 48.74, -124.37, 28.5, 2015-12-29 08:27:30, 0.0, None 
 48.766999999999996, -124.25, 38.8, 2015-12-29 08:30:00, 0.0, None 
 48.8, -124.4, 24.0, 2015-12-29 08:32:30, 0.0, None 
 48.78, -124.31, 41.0, 2015-12-29 08:35:00, 0.0, None 
 48.81, -124.36, 20.0, 2015-12-29 08:37:30, 0.0, None 
 48.82, -124.42, 20.0, 2015-12-29 08:40:00, 0.0, None 
 48.49, -123.555, 39.0, 2015-12-29 08:50:00, 0.0, None 
 48.48, -123.615, 39.0, 2015-12-29 08:52:30, 0.0, None 
 48.72, -123.85, 42.0, 2015-12-29 08:52:30, 0.0, None 
 48.58, -123.605, 28.5, 2015-12-29 08:55:00, 0.0, None 
 48.6, -123.63, 29.2, 2015-12-29 08:57:30, 0.0, None 
 48.5, -123.775, 32.0, 2015-12-29 09:00:00, 0.0, None 
 48.785, -124.5, 20.0, 2015-12-29 09:05:00, 0.0, None 
 48.44, -123.84, 30.0, 2015-12-29 09:05:00, 0.0, None 
 48.8, -124.51, 20.0, 2015-12-29 09:07:30, 0.0, None 
 48.82, -124.5, 20.0, 2015-12-29 09:10:00, 0.0, None 
 48.6, -124.43, 47.0, 2015-12-29 09:15:00, 0.0, None 
 48.69, -124.085, 20.0, 2015-12-29 09:17:30, 0.0, None 
 48.59, -123.5, 56.0, 2015-12-29 09:27:30, 0.0, None 
 48.515, -123.605, 42.5, 2015-12-29 09:30:00, 0.0, None 
 48.508, -123.48299999999999, 40.2, 2015-12-29 09:32:30, 0.0, None 
 48.58, -123.53, 54.0, 2015-12-29 09:45:00, 0.0, None 
 48.535, -123.57, 29.0, 2015-12-29 09:47:30, 0.0, None 
 48.7, -123.95, 34.0, 2015-12-29 09:47:30, 0.0, None 
 48.55, -123.48, 20.0, 2015-12-29 09:50:00, 0.0, None 
 48.69, -124.59, 27.0, 2015-12-29 10:05:00, 0.0, None 
 48.795, -124.40700000000001, 20.0, 2015-12-29 10:12:30, 0.0, None 
 48.745, -124.49, 21.5, 2015-12-29 10:15:00, 0.0, None 
 48.6, -123.745, 35.5, 2015-12-29 10:15:00, 0.0, None 
 48.49, -123.625, 20.0, 2015-12-29 10:17:30, 0.0, None 
 48.71, -124.6, 22.0, 2015-12-29 10:20:00, 0.0, None 
 48.72, -124.45, 20.0, 2015-12-29 10:22:30, 0.0, None 
 48.74, -124.495, 27.5, 2015-12-29 10:25:00, 0.0, None 
 48.79, -124.4, 29.0, 2015-12-29 10:27:30, 0.0, None 
 48.78, -124.415, 27.0, 2015-12-29 10:30:00, 0.0, None 
 48.82, -124.38, 30.0, 2015-12-29 10:32:30, 0.0, None 
 48.71, -123.92, 49.0, 2015-12-29 10:32:30, 0.0, None 
 48.78, -124.52, 35.0, 2015-12-29 10:40:00, 0.0, None 
 48.83, -124.22, 40.0, 2015-12-29 10:42:30, 0.0, None 
 48.55, -123.74, 20.0, 2015-12-29 10:45:00, 0.0, None 
 48.6, -124.49, 60.0, 2015-12-29 10:47:30, 0.0, None 
 48.79, -124.28, 42.0, 2015-12-29 10:47:30, 0.0, None 
 48.515, -123.71, 51.5, 2015-12-29 10:47:30, 0.0, None 
 48.68, -124.29, 20.0, 2015-12-29 10:50:00, 0.0, None 
 48.51, -123.76, 20.0, 2015-12-29 10:50:00, 0.0, None 
 48.508, -123.675, 42.8, 2015-12-29 10:52:30, 0.0, None 
 48.457, -123.69, 46.0, 2015-12-29 10:55:00, 0.0, None 
 48.46, -123.715, 40.0, 2015-12-29 10:57:30, 0.0, None 
 48.501999999999995, -123.84299999999999, 20.0, 2015-12-29 11:00:00, 0.0, None 
 48.625, -124.368, 30.2, 2015-12-29 11:02:30, 0.0, None 
 48.68, -124.385, 37.0, 2015-12-29 11:05:00, 0.0, None 
 48.41, -123.835, 29.0, 2015-12-29 11:05:00, 0.0, None 
 48.655, -124.39, 41.8, 2015-12-29 11:07:30, 0.0, None 
 48.78, -124.43, 30.0, 2015-12-29 11:10:00, 0.0, None 
 48.51, -123.935, 20.0, 2015-12-29 11:10:00, 0.0, None 
 48.75, -124.58, 44.5, 2015-12-29 11:12:30, 0.0, None 
 48.77, -124.52, 60.0, 2015-12-29 11:15:00, 0.0, None 
 48.38, -123.74, 20.0, 2015-12-29 11:15:00, 0.0, None 
 48.448, -123.84, 29.5, 2015-12-29 11:17:30, 0.0, None 
 48.435, -123.8, 26.8, 2015-12-29 11:20:00, 0.0, None 
 48.39, -123.81, 20.0, 2015-12-29 11:22:30, 0.0, None 
 48.82, -124.08, 42.0, 2015-12-29 11:25:00, 0.0, None 
 48.72, -123.99, 27.0, 2015-12-29 11:27:30, 0.0, None 
 48.605, -123.79, 31.0, 2015-12-29 11:30:00, 0.0, None 
 48.528, -123.71, 25.5, 2015-12-29 11:32:30, 0.0, None 
 48.55, -123.715, 26.8, 2015-12-29 11:35:00, 0.0, None 
 48.45, -123.73700000000001, 27.5, 2015-12-29 11:37:30, 0.0, None 
 48.457, -123.72200000000001, 26.0, 2015-12-29 11:40:00, 0.0, None 
 48.475, -123.635, 20.0, 2015-12-29 11:42:30, 0.0, None 
 48.418, -123.7, 42.2, 2015-12-29 11:45:00, 0.0, None 
 48.41, -123.803, 41.8, 2015-12-29 11:47:30, 0.0, None 
 48.418, -123.735, 20.0, 2015-12-29 11:50:00, 0.0, None 
 48.41, -123.72, 20.0, 2015-12-29 11:52:30, 0.0, None 
 48.34, -123.91, 50.0, 2015-12-29 11:55:00, 0.0, None 
 48.45, -123.815, 30.5, 2015-12-29 11:57:30, 0.0, None 
 48.438, -123.845, 24.5, 2015-12-29 12:00:00, 0.0, None 
 48.46, -123.84, 21.0, 2015-12-29 12:02:30, 0.0, None 
 48.442, -123.83, 20.8, 2015-12-29 12:05:00, 0.0, None 
 48.492, -123.865, 20.0, 2015-12-29 12:07:30, 0.0, None 
 48.508, -123.865, 20.0, 2015-12-29 12:10:00, 0.0, None 
 48.5, -123.6, 20.0, 2015-12-29 12:17:30, 0.0, None 
 48.505, -123.565, 20.0, 2015-12-29 12:20:00, 0.0, None 
 48.51, -123.61, 20.0, 2015-12-29 12:45:00, 0.0, None 
 48.62, -123.78, 39.0, 2015-12-29 12:47:30, 0.0, None 
 48.78, -124.1, 31.0, 2015-12-29 12:55:00, 0.0, None 
 48.455, -123.59700000000001, 20.0, 2015-12-29 13:25:00, 0.0, None 
 48.492, -123.66, 20.0, 2015-12-29 13:27:30, 0.0, None 
 48.605, -123.855, 56.0, 2015-12-29 13:32:30, 0.0, None 
 48.42, -123.91, 47.0, 2015-12-29 13:37:30, 0.0, None 
 48.41, -123.99, 20.0, 2015-12-29 13:40:00, 0.0, None 
 48.44, -123.88, 28.0, 2015-12-29 13:42:30, 0.0, None 
 48.84, -124.48, 20.5, 2015-12-29 13:47:30, 0.0, None 
 48.58, -123.93, 20.0, 2015-12-29 13:47:30, 0.0, None 
 48.84, -124.45, 20.0, 2015-12-29 13:50:00, 0.0, None 
 48.78, -124.09, 20.0, 2015-12-29 13:50:00, 0.0, None 
 48.528, -123.935, 30.5, 2015-12-29 13:52:30, 0.0, None 
 48.91, -124.72, 60.0, 2015-12-29 13:55:00, 0.0, None 
 48.46, -123.93, 20.0, 2015-12-29 13:55:00, 0.0, None 
 48.475, -123.85, 60.0, 2015-12-29 13:57:30, 0.0, None 
 48.582, -123.80799999999999, 28.0, 2015-12-29 14:00:00, 0.0, None 
 48.58, -123.855, 24.5, 2015-12-29 14:02:30, 0.0, None 
 48.515, -123.97, 20.0, 2015-12-29 14:05:00, 0.0, None 
 48.79, -124.19, 20.0, 2015-12-29 14:05:00, 0.0, None 
 48.555, -123.82, 56.0, 2015-12-29 14:10:00, 0.0, None 
 48.602, -123.773, 26.0, 2015-12-29 14:12:30, 0.0, None 
 48.51, -123.65, 20.0, 2015-12-29 14:15:00, 0.0, None 
 48.49, -123.775, 34.5, 2015-12-29 14:17:30, 0.0, None 
 48.5, -124.015, 25.0, 2015-12-29 14:20:00, 0.0, None 
 48.54, -123.87299999999999, 30.0, 2015-12-29 14:22:30, 0.0, None 
 48.49, -123.89, 60.0, 2015-12-29 14:25:00, 0.0, None 
 48.547, -124.075, 51.0, 2015-12-29 14:27:30, 0.0, None 
 48.495, -123.985, 33.0, 2015-12-29 14:30:00, 0.0, None 
 48.49, -123.98, 20.0, 2015-12-29 14:32:30, 0.0, None 
 48.78, -124.3, 30.0, 2015-12-29 14:35:00, 0.0, None 
 48.91, -124.63, 27.0, 2015-12-29 14:40:00, 0.0, None 
 48.875, -124.40700000000001, 41.0, 2015-12-29 14:42:30, 0.0, None 
 48.7, -123.93, 20.0, 2015-12-29 14:45:00, 0.0, None 
 48.69, -124.28, 44.0, 2015-12-29 14:47:30, 0.0, None 
 48.68, -123.79, 25.0, 2015-12-29 14:47:30, 0.0, None 
 48.68, -123.73, 46.5, 2015-12-29 14:50:00, 0.0, None 
 48.65, -123.7, 44.0, 2015-12-29 14:52:30, 0.0, None 
 48.69, -124.235, 32.0, 2015-12-29 14:55:00, 0.0, None 
 48.635, -124.147, 40.0, 2015-12-29 14:57:30, 0.0, None 
 48.797, -124.505, 20.5, 2015-12-29 15:00:00, 0.0, None 
 48.52, -124.04, 50.0, 2015-12-29 15:00:00, 0.0, None 
 48.645, -124.12, 60.0, 2015-12-29 15:02:30, 0.0, None 
 48.775, -124.51, 58.0, 2015-12-29 15:07:30, 0.0, None 
 48.61, -123.955, 20.0, 2015-12-29 15:10:00, 0.0, None 
 48.59, -123.81, 39.0, 2015-12-29 15:12:30, 0.0, None 
 48.81, -124.11, 49.0, 2015-12-29 15:12:30, 0.0, None 
 48.5, -123.49, 31.0, 2015-12-29 15:15:00, 0.0, None 
 48.615, -124.09, 43.2, 2015-12-29 15:17:30, 0.0, None 
 48.685, -124.102, 35.8, 2015-12-29 15:20:00, 0.0, None 
 48.675, -124.065, 34.8, 2015-12-29 15:22:30, 0.0, None 
 48.751999999999995, -124.04700000000001, 45.2, 2015-12-29 15:25:00, 0.0, None 
 48.693000000000005, -123.96799999999999, 45.0, 2015-12-29 15:27:30, 0.0, None 
 48.59, -123.965, 23.0, 2015-12-29 15:30:00, 0.0, None 
 48.57, -123.97, 29.5, 2015-12-29 15:32:30, 0.0, None 
 48.61, -123.85, 60.0, 2015-12-29 15:35:00, 0.0, None 
 48.635, -123.875, 37.5, 2015-12-29 15:37:30, 0.0, None 
 48.59, -123.56, 60.0, 2015-12-29 15:42:30, 0.0, None 
 48.6, -123.76, 27.5, 2015-12-29 15:45:00, 0.0, None 
 48.625, -123.825, 24.0, 2015-12-29 15:47:30, 0.0, None 
 48.595, -123.855, 21.5, 2015-12-29 15:50:00, 0.0, None 
 48.55, -123.915, 28.0, 2015-12-29 15:52:30, 0.0, None 
 48.52, -123.83, 31.5, 2015-12-29 15:55:00, 0.0, None 
 48.49, -123.78, 42.0, 2015-12-29 15:57:30, 0.0, None 
 48.43, -124.015, 51.0, 2015-12-29 16:00:00, 0.0, None 
 48.641999999999996, -123.87700000000001, 40.2, 2015-12-29 16:02:30, 0.0, None 
 48.54, -124.02, 53.5, 2015-12-29 16:05:00, 0.0, None 
 48.475, -123.90700000000001, 30.0, 2015-12-29 16:07:30, 0.0, None 
 48.605, -123.835, 25.0, 2015-12-29 16:10:00, 0.0, None 
 48.39, -123.69, 60.0, 2015-12-29 16:17:30, 0.0, None 
 48.52, -124.0, 60.0, 2015-12-29 16:20:00, 0.0, None 
 48.49, -123.94, 24.5, 2015-12-29 16:22:30, 0.0, None 
 48.515, -123.96, 29.0, 2015-12-29 16:25:00, 0.0, None 
 48.52, -123.90700000000001, 20.0, 2015-12-29 16:27:30, 0.0, None 
 48.535, -123.757, 20.0, 2015-12-29 16:30:00, 0.0, None 
 48.52, -123.59, 39.5, 2015-12-29 16:52:30, 0.0, None 
 48.528, -123.59, 38.5, 2015-12-29 16:55:00, 0.0, None 
 48.49, -123.915, 53.0, 2015-12-29 17:00:00, 0.0, None 
 48.431999999999995, -123.852, 25.5, 2015-12-29 17:02:30, 0.0, None 
 48.433, -123.855, 25.8, 2015-12-29 17:05:00, 0.0, None 
 48.403, -123.81, 21.5, 2015-12-29 17:07:30, 0.0, None 
 48.56, -123.61, 56.0, 2015-12-29 17:17:30, 0.0, None 
 48.63, -123.7, 56.0, 2015-12-29 17:25:00, 0.0, None 
 48.38, -123.825, 20.0, 2015-12-29 17:30:00, 0.0, None 
 48.505, -123.51, 23.0, 2015-12-29 17:37:30, 0.0, None 
 48.485, -123.535, 20.0, 2015-12-29 17:40:00, 0.0, None 
 48.55, -123.59, 39.0, 2015-12-29 17:42:30, 0.0, None 
 48.46, -123.445, 39.0, 2015-12-29 17:45:00, 0.0, None 
 48.68, -123.89, 46.0, 2015-12-29 17:45:00, 0.0, None 
 48.38, -123.78, 28.0, 2015-12-29 17:55:00, 0.0, None 
 48.37, -123.83, 60.0, 2015-12-29 17:57:30, 0.0, None 
 48.465, -123.79, 20.0, 2015-12-29 18:00:00, 0.0, None 
 48.41, -123.79, 20.0, 2015-12-29 18:02:30, 0.0, None 
 48.485, -123.95, 20.0, 2015-12-29 18:05:00, 0.0, None 
 48.55, -123.595, 21.5, 2015-12-29 18:47:30, 0.0, None 
 48.495, -123.63, 36.5, 2015-12-29 18:50:00, 0.0, None 
 48.82, -124.54, 20.0, 2015-12-29 19:10:00, 0.0, None 
 48.66, -124.4, 58.0, 2015-12-29 19:37:30, 0.0, None 
 48.7, -124.69, 28.0, 2015-12-29 19:52:30, 0.0, None 
 48.62, -124.02, 20.0, 2015-12-29 20:05:00, 0.0, None 
 48.53, -123.48, 32.0, 2015-12-29 20:12:30, 0.0, None 
 48.71, -123.935, 60.0, 2015-12-29 20:12:30, 0.0, None 
 48.5, -123.48, 60.0, 2015-12-29 20:17:30, 0.0, None 
 48.61, -123.7, 28.5, 2015-12-29 20:40:00, 0.0, None 
 48.63, -123.565, 60.0, 2015-12-29 21:45:00, 0.0, None 
 48.54, -123.51, 34.0, 2015-12-29 21:47:30, 0.0, None 
 48.48, -123.68, 33.0, 2015-12-29 21:50:00, 0.0, None 
 48.5, -123.572, 25.0, 2015-12-29 21:55:00, 0.0, None 
 48.69, -124.16, 60.0, 2015-12-29 21:57:30, 0.0, None 
 48.51, -123.64, 60.0, 2015-12-29 22:15:00, 0.0, None 
 48.66, -123.57, 20.0, 2015-12-29 22:20:00, 0.0, None 
 48.376999999999995, -123.678, 24.5, 2015-12-29 22:25:00, 0.0, None 
 48.615, -123.6, 20.0, 2015-12-29 22:55:00, 0.0, None 
 48.56, -123.6, 31.0, 2015-12-29 22:57:30, 0.0, None 
 48.7, -124.52, 22.0, 2015-12-29 23:10:00, 0.0, None 
 48.51, -123.57, 20.0, 2015-12-29 23:37:30, 0.0, None 
 48.51, -123.59, 20.0, 2015-12-29 23:40:00, 0.0, None 
 48.505, -123.63, 20.0, 2015-12-30 00:00:00, 0.0, None 
 48.608000000000004, -123.725, 26.8, 2015-12-30 00:02:30, 0.0, None 
 48.08, -123.88, 20.0, 2015-12-30 00:10:00, 0.0, None 
 48.72, -124.42, 20.0, 2015-12-30 00:12:30, 0.0, None 
 48.69, -124.38, 41.0, 2015-12-30 00:15:00, 0.0, None 
 48.685, -124.46, 26.0, 2015-12-30 00:17:30, 0.0, None 
 48.59, -123.925, 55.0, 2015-12-30 00:17:30, 0.0, None 
 48.63, -123.55, 60.0, 2015-12-30 00:25:00, 0.0, None 
 48.735, -124.33, 40.0, 2015-12-30 00:27:30, 0.0, None 
 48.485, -123.505, 60.0, 2015-12-30 00:27:30, 0.0, None 
 48.32, -123.9, 20.0, 2015-12-30 00:30:00, 0.0, None 
 48.77, -124.41, 20.0, 2015-12-30 00:32:30, 0.0, None 
 48.76, -124.43, 24.5, 2015-12-30 00:35:00, 0.0, None 
 48.53, -123.71, 29.0, 2015-12-30 00:37:30, 0.0, None 
 48.66, -123.7, 26.0, 2015-12-30 00:40:00, 0.0, None 
 48.8, -124.31, 22.0, 2015-12-30 00:42:30, 0.0, None 
 48.79, -124.32, 20.0, 2015-12-30 00:45:00, 0.0, None 
 48.73, -124.41, 32.0, 2015-12-30 00:47:30, 0.0, None 
 48.79, -124.47, 20.0, 2015-12-30 00:55:00, 0.0, None 
 48.815, -124.37, 60.0, 2015-12-30 01:00:00, 0.0, None 
 48.55, -123.52, 30.0, 2015-12-30 01:05:00, 0.0, None 
 48.52, -123.48, 52.0, 2015-12-30 01:07:30, 0.0, None 
 48.58, -123.48, 41.0, 2015-12-30 01:10:00, 0.0, None 
 48.49, -123.57, 39.0, 2015-12-30 01:12:30, 0.0, None 
 48.425, -123.70299999999999, 54.2, 2015-12-30 01:15:00, 0.0, None 
 48.49, -123.545, 20.0, 2015-12-30 01:17:30, 0.0, None 
 48.35, -123.805, 20.0, 2015-12-30 01:20:00, 0.0, None 
 48.55, -123.675, 36.0, 2015-12-30 01:22:30, 0.0, None 
 48.57, -123.54, 20.0, 2015-12-30 01:27:30, 0.0, None 
 48.495, -123.765, 20.0, 2015-12-30 01:32:30, 0.0, None 
 48.457, -123.81200000000001, 20.0, 2015-12-30 01:35:00, 0.0, None 
 48.435, -123.91, 29.8, 2015-12-30 01:37:30, 0.0, None 
 48.69, -123.445, 40.0, 2015-12-30 01:40:00, 0.0, None 
 48.17, -123.9, 20.0, 2015-12-30 01:40:00, 0.0, None 
 48.535, -123.64200000000001, 25.2, 2015-12-30 01:42:30, 0.0, None 
 48.492, -123.68799999999999, 20.0, 2015-12-30 01:45:00, 0.0, None 
 48.56, -123.895, 28.2, 2015-12-30 01:50:00, 0.0, None 
 48.39, -123.69, 32.5, 2015-12-30 01:52:30, 0.0, None 
 48.595, -123.59299999999999, 34.2, 2015-12-30 01:55:00, 0.0, None 
 48.47, -123.59, 58.8, 2015-12-30 01:57:30, 0.0, None 
 48.57, -123.77799999999999, 30.5, 2015-12-30 02:00:00, 0.0, None 
 48.56, -123.72, 30.2, 2015-12-30 02:02:30, 0.0, None 
 48.585, -123.705, 20.0, 2015-12-30 02:05:00, 0.0, None 
 48.475, -123.76, 60.0, 2015-12-30 02:10:00, 0.0, None 
 48.59, -123.74, 30.0, 2015-12-30 02:12:30, 0.0, None 
 48.57, -123.775, 25.5, 2015-12-30 02:15:00, 0.0, None 
 48.528, -123.823, 23.5, 2015-12-30 02:17:30, 0.0, None 
 48.545, -123.89200000000001, 40.0, 2015-12-30 02:20:00, 0.0, None 
 48.558, -123.875, 20.2, 2015-12-30 02:22:30, 0.0, None 
 48.446999999999996, -123.905, 40.0, 2015-12-30 02:25:00, 0.0, None 
 48.515, -123.99, 33.5, 2015-12-30 02:27:30, 0.0, None 
 48.52, -123.91, 20.0, 2015-12-30 02:30:00, 0.0, None 
 48.62, -124.135, 24.0, 2015-12-30 02:32:30, 0.0, None 
 48.48, -123.98, 24.8, 2015-12-30 02:35:00, 0.0, None 
 48.49, -123.95299999999999, 23.2, 2015-12-30 02:37:30, 0.0, None 
 48.54, -123.82799999999999, 21.0, 2015-12-30 02:40:00, 0.0, None 
 48.472, -123.9, 20.0, 2015-12-30 02:42:30, 0.0, None 
 48.5, -123.92, 20.0, 2015-12-30 02:45:00, 0.0, None 
 48.63, -123.62, 20.0, 2015-12-30 02:47:30, 0.0, None 
 48.31, -123.82, 20.0, 2015-12-30 02:52:30, 0.0, None 
 48.545, -123.93, 20.0, 2015-12-30 02:55:00, 0.0, None 
 48.543, -123.915, 55.0, 2015-12-30 02:57:30, 0.0, None 
 48.58, -123.96, 45.0, 2015-12-30 03:00:00, 0.0, None 
 48.56, -123.91, 60.0, 2015-12-30 03:07:30, 0.0, None 
 48.31, -123.685, 60.0, 2015-12-30 03:07:30, 0.0, None 
 48.505, -123.9, 34.0, 2015-12-30 03:10:00, 0.0, None 
 48.64, -124.1, 52.0, 2015-12-30 03:12:30, 0.0, None 
 48.4, -123.88, 20.0, 2015-12-30 03:15:00, 0.0, None 
 48.16, -123.92, 20.0, 2015-12-30 03:15:00, 0.0, None 
 48.61, -124.09, 50.0, 2015-12-30 03:35:00, 0.0, None 
 48.765, -124.345, 21.0, 2015-12-30 03:42:30, 0.0, None 
 48.6, -124.29, 20.0, 2015-12-30 03:45:00, 0.0, None 
 48.35, -123.6, 21.5, 2015-12-30 03:45:00, 0.0, None 
 48.58, -124.03, 60.0, 2015-12-30 03:52:30, 0.0, None 
 48.83, -124.3, 52.0, 2015-12-30 03:57:30, 0.0, None 
 48.82, -124.37, 23.5, 2015-12-30 04:00:00, 0.0, None 
 48.83, -124.4, 38.0, 2015-12-30 04:02:30, 0.0, None 
 48.79, -124.4, 34.0, 2015-12-30 04:05:00, 0.0, None 
 48.805, -124.39, 35.0, 2015-12-30 04:07:30, 0.0, None 
 48.8, -124.47, 20.0, 2015-12-30 04:10:00, 0.0, None 
 48.6, -123.81, 32.0, 2015-12-30 04:10:00, 0.0, None 
 48.71, -124.28, 56.5, 2015-12-30 04:17:30, 0.0, None 
 48.84, -124.39, 20.0, 2015-12-30 04:22:30, 0.0, None 
 48.74, -124.29, 56.0, 2015-12-30 04:27:30, 0.0, None 
 48.72, -124.23, 27.5, 2015-12-30 04:30:00, 0.0, None 
 48.63, -124.18799999999999, 39.0, 2015-12-30 04:32:30, 0.0, None 
 48.74, -124.405, 29.0, 2015-12-30 04:37:30, 0.0, None 
 48.8, -124.41, 20.0, 2015-12-30 04:42:30, 0.0, None 
 48.43, -123.89, 60.0, 2015-12-30 04:45:00, 0.0, None 
 48.5, -123.61, 26.0, 2015-12-30 04:47:30, 0.0, None 
 48.495, -123.705, 50.0, 2015-12-30 04:50:00, 0.0, None 
 48.37, -123.738, 39.5, 2015-12-30 04:52:30, 0.0, None 
 48.6, -123.44, 36.0, 2015-12-30 05:05:00, 0.0, None 
 48.685, -124.28, 30.0, 2015-12-30 05:22:30, 0.0, None 
 48.293, -123.75, 40.0, 2015-12-30 05:32:30, 0.0, None 
 48.33, -123.86, 20.0, 2015-12-30 05:35:00, 0.0, None 
 48.22, -123.75, 60.0, 2015-12-30 05:37:30, 0.0, None 
 48.54, -123.455, 20.0, 2015-12-30 05:40:00, 0.0, None 
 48.575, -123.36, 29.8, 2015-12-30 05:42:30, 0.0, None 
 48.5, -123.41, 20.0, 2015-12-30 05:45:00, 0.0, None 
 48.62, -123.58, 39.0, 2015-12-30 05:47:30, 0.0, None 
 48.565, -123.493, 36.5, 2015-12-30 05:50:00, 0.0, None 
 48.62, -123.295, 60.0, 2015-12-30 05:52:30, 0.0, None 
 48.63, -124.1, 20.0, 2015-12-30 06:02:30, 0.0, None 
 48.508, -123.6, 31.0, 2015-12-30 06:05:00, 0.0, None 
 48.515, -123.588, 34.5, 2015-12-30 06:07:30, 0.0, None 
 48.55, -123.645, 40.0, 2015-12-30 06:10:00, 0.0, None 
 48.5, -123.76, 28.0, 2015-12-30 06:12:30, 0.0, None 
 48.585, -123.79, 25.5, 2015-12-30 06:15:00, 0.0, None 
 48.49, -123.615, 20.0, 2015-12-30 06:17:30, 0.0, None 
 48.44, -123.51, 20.0, 2015-12-30 06:27:30, 0.0, None 
 48.45, -123.52, 20.0, 2015-12-30 06:30:00, 0.0, None 
 48.27, -123.81, 20.0, 2015-12-30 06:32:30, 0.0, None 
 48.29, -123.815, 20.0, 2015-12-30 06:35:00, 0.0, None 
 48.3, -123.82, 27.0, 2015-12-30 06:37:30, 0.0, None 
 48.365, -123.74, 22.0, 2015-12-30 06:40:00, 0.0, None 
 48.305, -123.83, 26.2, 2015-12-30 06:42:30, 0.0, None 
 48.305, -123.83, 40.0, 2015-12-30 06:45:00, 0.0, None 
 48.258, -123.81700000000001, 20.0, 2015-12-30 06:47:30, 0.0, None 
 48.01, -123.98, 60.0, 2015-12-30 07:12:30, 0.0, None 
 48.5, -123.645, 30.0, 2015-12-30 07:20:00, 0.0, None 
 48.25, -123.67, 20.0, 2015-12-30 07:47:30, 0.0, None 
 48.29, -123.825, 23.0, 2015-12-30 07:52:30, 0.0, None 
 48.285, -123.83200000000001, 40.0, 2015-12-30 07:55:00, 0.0, None 
 48.175, -124.0, 20.0, 2015-12-30 08:20:00, 0.0, None 
 48.61, -123.49, 42.0, 2015-12-30 08:45:00, 0.0, None 
 48.582, -123.435, 37.0, 2015-12-30 08:47:30, 0.0, None 
 48.52, -123.51, 33.0, 2015-12-30 08:50:00, 0.0, None 
 48.58, -123.575, 36.5, 2015-12-30 08:52:30, 0.0, None 
 48.442, -123.618, 44.0, 2015-12-30 08:55:00, 0.0, None 
 48.49, -123.38, 26.0, 2015-12-30 09:00:00, 0.0, None 
 48.495, -123.47, 34.0, 2015-12-30 09:05:00, 0.0, None 
 48.39, -123.56200000000001, 27.5, 2015-12-30 09:07:30, 0.0, None 
 48.51, -123.5, 33.0, 2015-12-30 09:10:00, 0.0, None 
 48.555, -123.40700000000001, 29.2, 2015-12-30 09:17:30, 0.0, None 
 48.555, -123.395, 29.0, 2015-12-30 09:20:00, 0.0, None 
 48.42, -123.65, 29.0, 2015-12-30 09:22:30, 0.0, None 
 48.43, -123.65, 20.0, 2015-12-30 10:02:30, 0.0, None 
 48.615, -123.62, 47.5, 2015-12-30 10:05:00, 0.0, None 
 48.4, -123.73, 57.5, 2015-12-30 10:07:30, 0.0, None 
 48.248000000000005, -123.71, 33.5, 2015-12-30 10:10:00, 0.0, None 
 48.27, -123.9, 29.0, 2015-12-30 10:17:30, 0.0, None 
 48.41, -123.8, 60.0, 2015-12-30 10:45:00, 0.0, None 
 48.44, -123.665, 46.0, 2015-12-30 10:50:00, 0.0, None 
 48.465, -123.632, 31.2, 2015-12-30 10:52:30, 0.0, None 
 48.49, -123.705, 39.0, 2015-12-30 10:55:00, 0.0, None 
 48.575, -123.575, 36.5, 2015-12-30 10:57:30, 0.0, None 
 48.55, -123.5, 33.0, 2015-12-30 11:00:00, 0.0, None 
 48.46, -123.65, 52.0, 2015-12-30 11:02:30, 0.0, None 
 48.22, -123.665, 52.0, 2015-12-30 11:02:30, 0.0, None 
 48.501999999999995, -123.575, 30.5, 2015-12-30 11:05:00, 0.0, None 
 48.425, -123.655, 55.8, 2015-12-30 11:07:30, 0.0, None 
 48.343, -123.70299999999999, 32.5, 2015-12-30 11:10:00, 0.0, None 
 48.37, -123.62, 31.0, 2015-12-30 11:12:30, 0.0, None 
 48.58, -123.39, 56.5, 2015-12-30 11:12:30, 0.0, None 
 48.455, -123.415, 32.5, 2015-12-30 11:15:00, 0.0, None 
 48.295, -123.74, 26.0, 2015-12-30 11:17:30, 0.0, None 
 48.215, -123.805, 25.5, 2015-12-30 11:20:00, 0.0, None 
 48.27, -123.795, 20.0, 2015-12-30 11:22:30, 0.0, None 
 48.225, -123.8, 21.0, 2015-12-30 11:25:00, 0.0, None 
 48.312, -123.77, 32.0, 2015-12-30 11:27:30, 0.0, None 
 48.355, -123.87700000000001, 30.5, 2015-12-30 11:30:00, 0.0, None 
 48.25, -123.77, 20.0, 2015-12-30 11:40:00, 0.0, None 
 48.22, -123.79, 20.0, 2015-12-30 11:42:30, 0.0, None 
 48.61, -123.565, 25.0, 2015-12-30 11:47:30, 0.0, None 
 48.558, -123.46, 33.2, 2015-12-30 11:50:00, 0.0, None 
 48.32, -123.55, 41.0, 2015-12-30 11:57:30, 0.0, None 
 48.205, -123.78, 20.0, 2015-12-30 12:02:30, 0.0, None 
 48.255, -123.84, 20.0, 2015-12-30 12:05:00, 0.0, None 
 48.24, -123.855, 20.0, 2015-12-30 12:07:30, 0.0, None 
 48.46, -123.78, 33.8, 2015-12-30 12:10:00, 0.0, None 
 48.455, -123.395, 20.0, 2015-12-30 12:15:00, 0.0, None 
 48.505, -123.37, 20.0, 2015-12-30 12:17:30, 0.0, None 
 48.63, -123.435, 31.0, 2015-12-30 12:20:00, 0.0, None 
 48.61, -123.41, 31.0, 2015-12-30 12:22:30, 0.0, None 
 48.63, -123.39, 33.0, 2015-12-30 12:25:00, 0.0, None 
 48.558, -123.382, 30.5, 2015-12-30 12:27:30, 0.0, None 
 48.52, -123.47, 20.0, 2015-12-30 12:30:00, 0.0, None 
 48.63, -123.51, 28.0, 2015-12-30 12:32:30, 0.0, None 
 48.49, -123.51, 20.0, 2015-12-30 12:40:00, 0.0, None 
 48.47, -123.57799999999999, 42.0, 2015-12-30 12:42:30, 0.0, None 
 48.505, -123.61, 39.8, 2015-12-30 12:45:00, 0.0, None 
 48.5, -123.595, 36.5, 2015-12-30 12:47:30, 0.0, None 
 48.465, -123.555, 28.5, 2015-12-30 12:50:00, 0.0, None 
 48.17, -123.91, 20.0, 2015-12-30 12:55:00, 0.0, None 
 48.48, -123.9, 60.0, 2015-12-30 12:57:30, 0.0, None 
 48.075, -123.95, 60.0, 2015-12-30 12:57:30, 0.0, None 
 48.41, -123.79, 40.0, 2015-12-30 13:05:00, 0.0, None 
 48.383, -123.77, 40.0, 2015-12-30 13:07:30, 0.0, None 
 48.602, -123.713, 38.5, 2015-12-30 13:12:30, 0.0, None 
 48.556999999999995, -123.665, 60.0, 2015-12-30 13:15:00, 0.0, None 
 48.41, -123.76, 20.0, 2015-12-30 13:17:30, 0.0, None 
 48.3, -123.79, 35.0, 2015-12-30 13:20:00, 0.0, None 
 48.255, -123.83200000000001, 22.5, 2015-12-30 13:22:30, 0.0, None 
 48.273, -123.72, 28.5, 2015-12-30 13:25:00, 0.0, None 
 48.54, -123.59700000000001, 37.0, 2015-12-30 13:32:30, 0.0, None 
 48.59, -123.57799999999999, 37.5, 2015-12-30 13:35:00, 0.0, None 
 48.58, -123.88, 20.0, 2015-12-30 13:40:00, 0.0, None 
 48.54, -123.725, 33.5, 2015-12-30 13:42:30, 0.0, None 
 48.498000000000005, -123.68799999999999, 32.8, 2015-12-30 13:45:00, 0.0, None 
 48.383, -123.835, 24.0, 2015-12-30 13:47:30, 0.0, None 
 48.31, -123.875, 31.0, 2015-12-30 13:50:00, 0.0, None 
 48.42, -123.77, 53.5, 2015-12-30 13:52:30, 0.0, None 
 48.48, -123.85, 33.5, 2015-12-30 13:55:00, 0.0, None 
 48.413000000000004, -123.91799999999999, 40.0, 2015-12-30 14:00:00, 0.0, None 
 48.385, -123.81200000000001, 34.0, 2015-12-30 14:02:30, 0.0, None 
 48.33, -123.86, 60.0, 2015-12-30 14:05:00, 0.0, None 
 48.3, -123.83, 20.0, 2015-12-30 14:07:30, 0.0, None 
 48.45, -123.72, 20.0, 2015-12-30 14:10:00, 0.0, None 
 48.44, -123.7, 20.0, 2015-12-30 14:12:30, 0.0, None 
 48.375, -123.78, 20.0, 2015-12-30 14:20:00, 0.0, None 
 48.35, -123.79, 24.0, 2015-12-30 14:22:30, 0.0, None 
 48.365, -123.745, 27.8, 2015-12-30 14:27:30, 0.0, None 
 48.365, -123.69, 40.0, 2015-12-30 14:30:00, 0.0, None 
 48.2, -123.79, 20.0, 2015-12-30 14:35:00, 0.0, None 
 48.31, -123.74, 20.0, 2015-12-30 14:40:00, 0.0, None 
 48.51, -123.96, 53.0, 2015-12-30 14:40:00, 0.0, None 
 48.29, -123.86, 30.0, 2015-12-30 14:45:00, 0.0, None 
 48.353, -123.555, 36.5, 2015-12-30 15:07:30, 0.0, None 
 48.295, -123.64, 32.0, 2015-12-30 15:10:00, 0.0, None 
 48.47, -123.45, 33.0, 2015-12-30 15:20:00, 0.0, None 
 48.472, -123.515, 20.0, 2015-12-30 15:22:30, 0.0, None 
 48.51, -123.735, 35.5, 2015-12-30 15:25:00, 0.0, None 
 48.48, -123.72, 33.0, 2015-12-30 15:27:30, 0.0, None 
 48.65, -123.6, 60.0, 2015-12-30 15:50:00, 0.0, None 
 48.0, -123.93, 20.0, 2015-12-30 16:15:00, 0.0, None 
 48.23, -123.7, 20.0, 2015-12-30 16:25:00, 0.0, None 
 48.15, -123.7, 20.0, 2015-12-30 16:27:30, 0.0, None 
 48.7, -124.265, 60.0, 2015-12-30 16:30:00, 0.0, None 
 48.33, -123.73, 29.0, 2015-12-30 16:32:30, 0.0, None 
 48.3, -123.715, 20.0, 2015-12-30 16:35:00, 0.0, None 
 48.285, -123.805, 29.5, 2015-12-30 16:37:30, 0.0, None 
 48.29, -123.71, 35.5, 2015-12-30 17:15:00, 0.0, None 
 48.47, -123.83, 49.0, 2015-12-30 17:22:30, 0.0, None 
 48.418, -123.70299999999999, 35.8, 2015-12-30 17:25:00, 0.0, None 
 48.515, -123.63, 43.0, 2015-12-30 17:30:00, 0.0, None 
 48.49, -123.61, 32.0, 2015-12-30 17:32:30, 0.0, None 
 48.46, -123.64, 60.0, 2015-12-30 17:35:00, 0.0, None 
 48.535, -123.553, 52.5, 2015-12-30 17:37:30, 0.0, None 
 48.22, -123.755, 38.5, 2015-12-30 17:40:00, 0.0, None 
 48.285, -123.705, 20.0, 2015-12-30 17:42:30, 0.0, None 
 48.32, -123.75, 20.0, 2015-12-30 17:45:00, 0.0, None 
 48.19, -123.81, 20.0, 2015-12-30 17:47:30, 0.0, None 
 48.195, -123.88, 20.0, 2015-12-30 17:50:00, 0.0, None 
 48.28, -123.84, 20.0, 2015-12-30 17:52:30, 0.0, None 
 48.4, -123.81, 20.0, 2015-12-30 17:55:00, 0.0, None 
 48.54, -123.48, 28.5, 2015-12-30 18:15:00, 0.0, None 
 48.63, -123.5, 41.0, 2015-12-30 18:17:30, 0.0, None 
 48.69, -123.44, 58.0, 2015-12-30 18:20:00, 0.0, None 
 48.52, -124.02, 28.5, 2015-12-30 18:42:30, 0.0, None 
 48.425, -123.785, 27.0, 2015-12-30 18:47:30, 0.0, None 
 48.498000000000005, -123.795, 21.0, 2015-12-30 18:50:00, 0.0, None 
 48.486999999999995, -123.79299999999999, 27.8, 2015-12-30 18:52:30, 0.0, None 
 48.42, -123.9, 51.0, 2015-12-30 18:57:30, 0.0, None 
 48.21, -123.79, 33.0, 2015-12-30 19:07:30, 0.0, None 
 48.27, -123.71, 20.0, 2015-12-30 19:10:00, 0.0, None 
 48.5, -123.91, 20.0, 2015-12-30 19:15:00, 0.0, None 
 48.44, -123.84, 29.0, 2015-12-30 19:17:30, 0.0, None 
 48.345, -123.865, 40.0, 2015-12-30 19:20:00, 0.0, None 
 48.343, -123.825, 47.2, 2015-12-30 19:22:30, 0.0, None 
 48.48, -123.83, 30.0, 2015-12-30 19:25:00, 0.0, None 
 48.5, -123.92, 35.5, 2015-12-30 19:27:30, 0.0, None 
 48.625, -123.84, 30.0, 2015-12-30 19:30:00, 0.0, None 
 48.45, -123.94, 33.5, 2015-12-30 19:32:30, 0.0, None 
 48.485, -123.96, 20.0, 2015-12-30 19:35:00, 0.0, None 
 48.5, -123.95, 20.0, 2015-12-30 19:37:30, 0.0, None 
 48.53, -123.99, 30.0, 2015-12-30 19:40:00, 0.0, None 
 48.39, -123.96, 20.0, 2015-12-30 19:50:00, 0.0, None 
 48.54, -124.0, 20.0, 2015-12-30 19:55:00, 0.0, None 
 48.48, -123.93, 40.0, 2015-12-30 19:57:30, 0.0, None 
 48.27, -123.73, 60.0, 2015-12-30 19:57:30, 0.0, None 
 48.538000000000004, -123.93, 20.0, 2015-12-30 20:00:00, 0.0, None 
 48.492, -123.91799999999999, 20.0, 2015-12-30 20:02:30, 0.0, None 
 48.53, -123.865, 20.0, 2015-12-30 20:05:00, 0.0, None 
 48.565, -123.51, 60.0, 2015-12-30 20:05:00, 0.0, None 
 48.562, -123.855, 20.0, 2015-12-30 20:07:30, 0.0, None 
 48.555, -123.8, 20.0, 2015-12-30 20:10:00, 0.0, None 
 48.56, -123.77, 20.0, 2015-12-30 20:17:30, 0.0, None 
 48.44, -123.68, 40.5, 2015-12-30 20:30:00, 0.0, None 
 48.465, -123.68, 41.0, 2015-12-30 20:32:30, 0.0, None 
 48.28, -123.745, 20.0, 2015-12-30 21:17:30, 0.0, None 
 48.27, -123.79, 20.0, 2015-12-30 21:32:30, 0.0, None 
 48.32, -123.635, 20.0, 2015-12-30 21:35:00, 0.0, None 
 48.03, -123.915, 55.0, 2015-12-30 22:32:30, 0.0, None 
 48.01, -123.92, 45.0, 2015-12-30 22:45:00, 0.0, None 
 48.575, -123.645, 60.0, 2015-12-30 22:57:30, 0.0, None 
 48.218, -123.60700000000001, 29.0, 2015-12-30 23:00:00, 0.0, None 
 48.335, -123.72, 44.0, 2015-12-30 23:02:30, 0.0, None 
 48.245, -123.69, 34.0, 2015-12-30 23:05:00, 0.0, None 
 48.5, -123.35, 60.0, 2015-12-30 23:22:30, 0.0, None 
 48.18, -123.77, 20.0, 2015-12-30 23:40:00, 0.0, None 
 48.141999999999996, -123.852, 25.0, 2015-12-30 23:42:30, 0.0, None 
 48.59, -123.39, 20.0, 2015-12-30 23:45:00, 0.0, None 
 48.5, -123.37, 41.0, 2015-12-30 23:47:30, 0.0, None 
 48.5, -123.4, 43.5, 2015-12-30 23:50:00, 0.0, None 
 48.62, -124.09, 60.0, 2015-12-30 23:50:00, 0.0, None 
 48.68, -123.395, 20.0, 2015-12-31 00:12:30, 0.0, None 
 48.32, -123.62, 32.0, 2015-12-31 00:15:00, 0.0, None 
 48.195, -123.855, 20.0, 2015-12-31 00:17:30, 0.0, None 
 48.49, -123.58, 28.0, 2015-12-31 00:22:30, 0.0, None 
 48.305, -123.53200000000001, 30.5, 2015-12-31 00:27:30, 0.0, None 
 48.317, -123.48, 23.0, 2015-12-31 00:30:00, 0.0, None 
 48.15, -123.79, 40.0, 2015-12-31 00:32:30, 0.0, None 
 48.1, -123.87, 20.0, 2015-12-31 00:37:30, 0.0, None 
 48.38, -123.87, 20.0, 2015-12-31 00:42:30, 0.0, None 
 48.28, -123.73, 45.0, 2015-12-31 00:45:00, 0.0, None 
 48.4, -123.35, 40.0, 2015-12-31 00:47:30, 0.0, None 
 48.185, -123.48, 60.0, 2015-12-31 01:00:00, 0.0, None 
 48.19, -123.66, 29.0, 2015-12-31 01:02:30, 0.0, None 
 48.17, -123.64, 26.8, 2015-12-31 01:05:00, 0.0, None 
 48.62, -124.11, 35.0, 2015-12-31 01:07:30, 0.0, None 
 48.62, -124.12, 33.0, 2015-12-31 01:10:00, 0.0, None 
 48.18, -123.69, 25.0, 2015-12-31 01:17:30, 0.0, None 
 48.26, -123.7, 20.0, 2015-12-31 01:22:30, 0.0, None 
 48.21, -123.71, 20.0, 2015-12-31 01:25:00, 0.0, None 
 48.27, -123.66, 29.0, 2015-12-31 01:27:30, 0.0, None 
 48.275, -123.71799999999999, 23.2, 2015-12-31 01:30:00, 0.0, None 
 48.45, -123.745, 60.0, 2015-12-31 01:32:30, 0.0, None 
 48.21, -123.72, 36.0, 2015-12-31 01:32:30, 0.0, None 
 48.15, -123.695, 40.0, 2015-12-31 01:35:00, 0.0, None 
 48.195, -123.7, 21.0, 2015-12-31 01:37:30, 0.0, None 
 48.18, -123.71, 20.0, 2015-12-31 01:40:00, 0.0, None 
 48.17, -123.7, 23.5, 2015-12-31 01:42:30, 0.0, None 
 48.19, -123.7, 22.0, 2015-12-31 01:50:00, 0.0, None 
 48.11, -123.7, 60.0, 2015-12-31 01:52:30, 0.0, None 
 48.3, -123.585, 24.8, 2015-12-31 01:55:00, 0.0, None 
 48.235, -123.655, 36.2, 2015-12-31 01:57:30, 0.0, None 
 48.178000000000004, -123.655, 24.0, 2015-12-31 02:00:00, 0.0, None 
 48.185, -123.725, 40.0, 2015-12-31 02:02:30, 0.0, None 
 48.285, -123.76, 20.0, 2015-12-31 02:05:00, 0.0, None 
 48.235, -123.75, 35.8, 2015-12-31 02:07:30, 0.0, None 
 48.16, -123.675, 42.5, 2015-12-31 02:10:00, 0.0, None 
 48.285, -123.585, 30.0, 2015-12-31 02:12:30, 0.0, None 
 48.55, -123.79, 20.0, 2015-12-31 02:12:30, 0.0, None 
 48.32, -123.48, 20.0, 2015-12-31 02:15:00, 0.0, None 
 48.32, -123.94, 48.0, 2015-12-31 02:15:00, 0.0, None 
 48.305, -123.79, 37.0, 2015-12-31 02:17:30, 0.0, None 
 48.285, -123.715, 25.2, 2015-12-31 02:20:00, 0.0, None 
 48.245, -123.74, 26.0, 2015-12-31 02:22:30, 0.0, None 
 48.315, -123.69200000000001, 26.2, 2015-12-31 02:25:00, 0.0, None 
 48.35, -123.69, 37.0, 2015-12-31 02:27:30, 0.0, None 
 48.41, -123.59, 20.0, 2015-12-31 02:30:00, 0.0, None 
 48.37, -123.68, 20.0, 2015-12-31 02:32:30, 0.0, None 
 48.145, -123.81, 40.0, 2015-12-31 02:32:30, 0.0, None 
 48.365, -123.7, 20.0, 2015-12-31 02:35:00, 0.0, None 
 48.345, -123.757, 46.8, 2015-12-31 02:40:00, 0.0, None 
 48.405, -123.77, 40.0, 2015-12-31 02:42:30, 0.0, None 
 48.4, -123.8, 27.0, 2015-12-31 02:45:00, 0.0, None 
 48.31, -123.7, 34.0, 2015-12-31 02:47:30, 0.0, None 
 48.28, -123.82, 43.0, 2015-12-31 02:50:00, 0.0, None 
 48.385, -123.83, 20.0, 2015-12-31 02:52:30, 0.0, None 
 48.33, -123.90700000000001, 26.8, 2015-12-31 02:55:00, 0.0, None 
 48.345, -123.75, 60.0, 2015-12-31 02:57:30, 0.0, None 
 48.34, -123.59, 20.0, 2015-12-31 03:02:30, 0.0, None 
 48.431999999999995, -123.685, 27.5, 2015-12-31 03:05:00, 0.0, None 
 48.395, -123.7, 20.0, 2015-12-31 03:07:30, 0.0, None 
 48.48, -123.51799999999999, 26.8, 2015-12-31 03:10:00, 0.0, None 
 48.5, -123.585, 31.5, 2015-12-31 03:12:30, 0.0, None 
 48.538000000000004, -123.495, 31.8, 2015-12-31 03:17:30, 0.0, None 
 48.54, -123.62700000000001, 22.5, 2015-12-31 03:20:00, 0.0, None 
 48.465, -123.75200000000001, 31.8, 2015-12-31 03:22:30, 0.0, None 
 48.2, -123.755, 20.0, 2015-12-31 03:25:00, 0.0, None 
 48.245, -123.735, 28.8, 2015-12-31 03:27:30, 0.0, None 
 48.1, -123.685, 40.0, 2015-12-31 03:30:00, 0.0, None 
 48.12, -123.79, 20.0, 2015-12-31 03:32:30, 0.0, None 
 48.255, -123.71, 20.0, 2015-12-31 03:35:00, 0.0, None 
 48.397, -123.525, 20.0, 2015-12-31 03:37:30, 0.0, None 
 48.258, -123.52, 41.8, 2015-12-31 03:40:00, 0.0, None 
 48.11, -123.895, 20.0, 2015-12-31 03:42:30, 0.0, None 
 48.383, -123.59, 60.0, 2015-12-31 03:45:00, 0.0, None 
 48.4, -123.56200000000001, 24.2, 2015-12-31 03:47:30, 0.0, None 
 48.37, -123.57, 40.0, 2015-12-31 03:50:00, 0.0, None 
 48.391999999999996, -123.585, 27.5, 2015-12-31 03:52:30, 0.0, None 
 48.345, -123.56200000000001, 48.5, 2015-12-31 03:55:00, 0.0, None 
 48.317, -123.62, 60.0, 2015-12-31 03:57:30, 0.0, None 
 48.31, -123.605, 48.5, 2015-12-31 04:00:00, 0.0, None 
 48.06, -123.77, 20.0, 2015-12-31 04:02:30, 0.0, None 
 48.2, -123.67, 29.0, 2015-12-31 04:05:00, 0.0, None 
 48.29, -123.678, 27.5, 2015-12-31 04:07:30, 0.0, None 
 48.285, -123.68799999999999, 27.5, 2015-12-31 04:10:00, 0.0, None 
 48.24, -123.68, 20.0, 2015-12-31 04:12:30, 0.0, None 
 48.345, -123.613, 37.5, 2015-12-31 04:15:00, 0.0, None 
 48.21, -123.81, 20.0, 2015-12-31 04:20:00, 0.0, None 
 48.17, -123.71799999999999, 30.5, 2015-12-31 04:22:30, 0.0, None 
 48.3, -123.755, 55.0, 2015-12-31 04:25:00, 0.0, None 
 48.23, -123.81, 20.0, 2015-12-31 04:27:30, 0.0, None 
 48.23, -123.785, 25.0, 2015-12-31 04:30:00, 0.0, None 
 48.63, -123.5, 60.0, 2015-12-31 04:40:00, 0.0, None 
 48.5, -123.37, 34.0, 2015-12-31 04:42:30, 0.0, None 
 48.6, -124.1, 60.0, 2015-12-31 04:57:30, 0.0, None 
 48.468, -123.765, 53.8, 2015-12-31 05:15:00, 0.0, None 
 48.69, -124.47, 20.0, 2015-12-31 05:25:00, 0.0, None 
 48.75, -124.44, 20.0, 2015-12-31 05:27:30, 0.0, None 
 48.77, -124.43, 20.0, 2015-12-31 05:30:00, 0.0, None 
 48.765, -124.44, 20.0, 2015-12-31 05:32:30, 0.0, None 
 48.72, -124.43, 24.8, 2015-12-31 05:35:00, 0.0, None 
 48.71, -124.43, 31.0, 2015-12-31 05:37:30, 0.0, None 
 48.28, -123.875, 60.0, 2015-12-31 05:37:30, 0.0, None 
 48.175, -123.615, 35.0, 2015-12-31 05:40:00, 0.0, None 
 48.15, -123.705, 20.0, 2015-12-31 05:42:30, 0.0, None 
 48.14, -123.73, 26.0, 2015-12-31 05:45:00, 0.0, None 
 48.69, -124.51, 20.0, 2015-12-31 05:47:30, 0.0, None 
 48.19, -123.51, 36.5, 2015-12-31 05:50:00, 0.0, None 
 48.27, -123.61, 20.0, 2015-12-31 05:52:30, 0.0, None 
 48.23, -123.62, 20.0, 2015-12-31 05:55:00, 0.0, None 
 48.7, -124.51, 26.5, 2015-12-31 06:00:00, 0.0, None 
 48.72, -124.49, 20.0, 2015-12-31 06:02:30, 0.0, None 
 48.71, -124.495, 20.0, 2015-12-31 06:05:00, 0.0, None 
 48.69, -124.41, 49.5, 2015-12-31 06:07:30, 0.0, None 
 48.78, -124.43, 23.0, 2015-12-31 06:10:00, 0.0, None 
 48.78, -124.49, 20.0, 2015-12-31 06:12:30, 0.0, None 
 48.34, -123.785, 20.0, 2015-12-31 06:12:30, 0.0, None 
 48.285, -123.665, 21.0, 2015-12-31 06:15:00, 0.0, None 
 48.22, -123.68299999999999, 34.5, 2015-12-31 06:17:30, 0.0, None 
 48.725, -124.45, 29.0, 2015-12-31 06:20:00, 0.0, None 
 48.2, -123.49, 26.0, 2015-12-31 06:22:30, 0.0, None 
 48.82, -124.45, 43.0, 2015-12-31 06:25:00, 0.0, None 
 48.25, -123.73, 20.5, 2015-12-31 06:25:00, 0.0, None 
 48.22, -123.76, 20.0, 2015-12-31 06:27:30, 0.0, None 
 48.72, -124.52, 20.0, 2015-12-31 06:30:00, 0.0, None 
 48.73, -124.53, 20.0, 2015-12-31 06:32:30, 0.0, None 
 48.72, -124.5, 32.5, 2015-12-31 06:37:30, 0.0, None 
 48.72, -124.58, 20.0, 2015-12-31 06:40:00, 0.0, None 
 48.74, -124.51, 30.0, 2015-12-31 06:42:30, 0.0, None 
 48.71, -124.32, 29.0, 2015-12-31 06:47:30, 0.0, None 
 48.745, -124.465, 20.0, 2015-12-31 06:50:00, 0.0, None 
 48.735, -124.49, 20.0, 2015-12-31 06:52:30, 0.0, None 
 48.75, -124.505, 29.5, 2015-12-31 06:55:00, 0.0, None 
 48.73, -124.46, 20.0, 2015-12-31 07:00:00, 0.0, None 
 48.71, -124.57, 20.0, 2015-12-31 07:02:30, 0.0, None 
 48.7, -124.345, 34.5, 2015-12-31 07:05:00, 0.0, None 
 48.705, -124.345, 20.0, 2015-12-31 07:07:30, 0.0, None 
 48.7, -124.365, 34.5, 2015-12-31 07:10:00, 0.0, None 
 48.78, -124.49, 28.0, 2015-12-31 07:22:30, 0.0, None 
 48.71, -124.415, 37.0, 2015-12-31 07:25:00, 0.0, None 
 48.68, -124.62, 26.0, 2015-12-31 07:30:00, 0.0, None 
 48.72, -124.55, 20.0, 2015-12-31 07:32:30, 0.0, None 
 48.73, -124.56, 20.0, 2015-12-31 07:35:00, 0.0, None 
 48.68, -124.65, 25.0, 2015-12-31 07:37:30, 0.0, None 
 48.28, -123.66, 40.0, 2015-12-31 07:47:30, 0.0, None 
 48.64, -123.71, 39.0, 2015-12-31 07:55:00, 0.0, None 
 48.54, -123.305, 33.0, 2015-12-31 08:05:00, 0.0, None 
 48.58, -123.395, 39.5, 2015-12-31 08:07:30, 0.0, None 
 48.525, -123.33, 27.0, 2015-12-31 08:10:00, 0.0, None 
 48.505, -123.31, 30.5, 2015-12-31 08:22:30, 0.0, None 
 48.52, -123.38, 38.0, 2015-12-31 08:35:00, 0.0, None 
 48.33, -123.57, 37.8, 2015-12-31 08:50:00, 0.0, None 
 48.33, -123.665, 39.0, 2015-12-31 08:52:30, 0.0, None 
 48.16, -123.68299999999999, 26.2, 2015-12-31 09:20:00, 0.0, None 
 48.2, -123.705, 20.5, 2015-12-31 09:22:30, 0.0, None 
 48.125, -123.71799999999999, 44.0, 2015-12-31 09:25:00, 0.0, None 
 48.12, -123.64, 22.0, 2015-12-31 09:27:30, 0.0, None 
 48.38, -122.99, 26.0, 2015-12-31 09:37:30, 0.0, None 
 48.4, -122.875, 37.0, 2015-12-31 09:40:00, 0.0, None 
 48.39, -122.87, 46.5, 2015-12-31 09:42:30, 0.0, None 
 48.225, -123.725, 40.0, 2015-12-31 09:45:00, 0.0, None 
 48.2, -123.635, 35.2, 2015-12-31 09:47:30, 0.0, None 
 48.21, -123.63799999999999, 30.0, 2015-12-31 09:50:00, 0.0, None 
 48.13, -123.74799999999999, 40.2, 2015-12-31 09:55:00, 0.0, None 
 48.285, -123.62, 60.0, 2015-12-31 09:57:30, 0.0, None 
 48.25, -123.523, 28.8, 2015-12-31 10:02:30, 0.0, None 
 48.295, -123.575, 26.2, 2015-12-31 10:05:00, 0.0, None 
 48.29, -123.59700000000001, 25.0, 2015-12-31 10:07:30, 0.0, None 
 48.28, -123.63, 20.0, 2015-12-31 10:10:00, 0.0, None 
 48.37, -123.535, 23.0, 2015-12-31 10:15:00, 0.0, None 
 48.321999999999996, -123.618, 22.5, 2015-12-31 10:17:30, 0.0, None 
 48.282, -123.66, 24.0, 2015-12-31 10:20:00, 0.0, None 
 48.3, -123.61, 33.0, 2015-12-31 10:22:30, 0.0, None 
 48.11, -123.58, 27.0, 2015-12-31 10:27:30, 0.0, None 
 48.1, -123.71, 20.0, 2015-12-31 10:30:00, 0.0, None 
 48.32, -123.59, 45.0, 2015-12-31 10:45:00, 0.0, None 
 48.07, -123.73, 54.0, 2015-12-31 10:47:30, 0.0, None 
 48.11, -123.77, 35.5, 2015-12-31 10:52:30, 0.0, None 
 48.17, -123.72200000000001, 29.0, 2015-12-31 10:55:00, 0.0, None 
 48.36, -123.71, 47.0, 2015-12-31 10:57:30, 0.0, None 
 48.04, -123.72, 57.0, 2015-12-31 11:00:00, 0.0, None 
 48.28, -123.69, 36.0, 2015-12-31 11:00:00, 0.0, None 
 48.44, -123.8, 60.0, 2015-12-31 11:02:30, 0.0, None 
 48.45, -123.815, 60.0, 2015-12-31 11:05:00, 0.0, None 
 48.21, -123.695, 20.0, 2015-12-31 11:07:30, 0.0, None 
 48.19, -123.65, 20.0, 2015-12-31 11:10:00, 0.0, None 
 48.165, -123.65, 31.5, 2015-12-31 11:12:30, 0.0, None 
 48.205, -123.678, 29.0, 2015-12-31 11:15:00, 0.0, None 
 48.22, -123.7, 20.0, 2015-12-31 11:17:30, 0.0, None 
 48.205, -123.68, 20.0, 2015-12-31 11:20:00, 0.0, None 
 48.89, -124.16, 60.0, 2015-12-31 11:22:30, 0.0, None 
 48.263000000000005, -123.645, 31.0, 2015-12-31 11:22:30, 0.0, None 
 48.29, -123.625, 20.0, 2015-12-31 11:25:00, 0.0, None 
 48.25, -123.44, 27.0, 2015-12-31 11:27:30, 0.0, None 
 48.347, -123.82799999999999, 33.5, 2015-12-31 11:35:00, 0.0, None 
 48.33, -123.57, 20.0, 2015-12-31 11:37:30, 0.0, None 
 48.34, -123.715, 20.0, 2015-12-31 11:40:00, 0.0, None 
 48.74, -124.41, 20.0, 2015-12-31 11:42:30, 0.0, None 
 48.335, -123.675, 25.0, 2015-12-31 11:42:30, 0.0, None 
 48.4, -123.18, 43.0, 2015-12-31 11:47:30, 0.0, None 
 48.14, -123.64200000000001, 20.0, 2015-12-31 11:50:00, 0.0, None 
 48.17, -123.77, 60.0, 2015-12-31 11:55:00, 0.0, None 
 48.29, -123.77, 47.5, 2015-12-31 11:57:30, 0.0, None 
 48.287, -123.74, 25.5, 2015-12-31 12:00:00, 0.0, None 
 48.38, -122.92, 28.5, 2015-12-31 12:02:30, 0.0, None 
 48.38, -122.86, 20.0, 2015-12-31 12:05:00, 0.0, None 
 48.55, -123.33, 29.0, 2015-12-31 12:20:00, 0.0, None 
 48.31, -123.59, 26.0, 2015-12-31 12:37:30, 0.0, None 
 48.335, -123.56, 45.0, 2015-12-31 12:47:30, 0.0, None 
 48.305, -123.59, 39.5, 2015-12-31 12:50:00, 0.0, None 
 48.37, -123.5, 28.0, 2015-12-31 12:52:30, 0.0, None 
 48.37, -123.46, 20.0, 2015-12-31 12:55:00, 0.0, None 
 48.42, -123.66, 52.5, 2015-12-31 12:57:30, 0.0, None 
 48.42, -123.55, 31.0, 2015-12-31 13:00:00, 0.0, None 
 48.385, -122.905, 35.0, 2015-12-31 13:02:30, 0.0, None 
 48.39, -122.79, 20.0, 2015-12-31 13:05:00, 0.0, None 
 48.315, -123.51299999999999, 20.0, 2015-12-31 13:10:00, 0.0, None 
 48.31, -123.515, 45.5, 2015-12-31 13:12:30, 0.0, None 
 48.61, -123.42, 33.0, 2015-12-31 13:20:00, 0.0, None 
 48.405, -123.31, 36.5, 2015-12-31 13:27:30, 0.0, None 
 48.2, -123.53, 39.0, 2015-12-31 13:35:00, 0.0, None 
 48.11, -123.7, 20.0, 2015-12-31 13:37:30, 0.0, None 
 48.265, -123.59700000000001, 38.8, 2015-12-31 13:40:00, 0.0, None 
 48.266999999999996, -123.65299999999999, 20.0, 2015-12-31 13:42:30, 0.0, None 
 48.21, -123.59, 28.0, 2015-12-31 13:47:30, 0.0, None 
 48.25, -123.82, 20.0, 2015-12-31 13:50:00, 0.0, None 
 48.185, -123.697, 21.5, 2015-12-31 13:52:30, 0.0, None 
 48.2, -123.695, 22.5, 2015-12-31 13:55:00, 0.0, None 
 48.31, -123.52, 55.0, 2015-12-31 13:57:30, 0.0, None 
 48.38, -122.83, 32.0, 2015-12-31 14:00:00, 0.0, None 
 48.36, -122.81, 27.0, 2015-12-31 14:02:30, 0.0, None 
 48.37, -122.81, 20.0, 2015-12-31 14:05:00, 0.0, None 
 48.38, -122.775, 20.0, 2015-12-31 14:07:30, 0.0, None 
 48.36, -122.795, 23.0, 2015-12-31 14:10:00, 0.0, None 
 48.36, -122.79, 20.0, 2015-12-31 14:12:30, 0.0, None 
 48.36, -122.825, 20.0, 2015-12-31 14:15:00, 0.0, None 
 48.38, -123.68, 25.0, 2015-12-31 14:57:30, 0.0, None 
 48.09, -123.87, 60.0, 2015-12-31 14:57:30, 0.0, None 
 48.205, -123.5, 48.5, 2015-12-31 15:02:30, 0.0, None 
 48.251999999999995, -123.475, 28.0, 2015-12-31 15:05:00, 0.0, None 
 48.32, -122.81, 42.0, 2015-12-31 15:22:30, 0.0, None 
 48.33, -123.64, 40.0, 2015-12-31 15:27:30, 0.0, None 
 48.29, -123.63, 20.0, 2015-12-31 15:30:00, 0.0, None 
 48.29, -123.57, 30.0, 2015-12-31 15:35:00, 0.0, None 
 48.19, -123.83, 28.0, 2015-12-31 15:52:30, 0.0, None 
 48.15, -123.81, 48.8, 2015-12-31 15:55:00, 0.0, None 
 48.625, -123.43, 20.0, 2015-12-31 16:12:30, 0.0, None 
 48.415, -123.5, 29.5, 2015-12-31 16:15:00, 0.0, None 
 48.48, -123.5, 35.0, 2015-12-31 16:17:30, 0.0, None 
 48.47, -123.465, 38.0, 2015-12-31 16:20:00, 0.0, None 
 48.37, -123.51, 50.5, 2015-12-31 16:22:30, 0.0, None 
 48.445, -123.495, 33.0, 2015-12-31 16:30:00, 0.0, None 
 48.44, -123.435, 36.0, 2015-12-31 16:32:30, 0.0, None 
 48.49, -123.315, 44.0, 2015-12-31 16:37:30, 0.0, None 
 48.36, -123.55799999999999, 40.2, 2015-12-31 16:45:00, 0.0, None 
 48.29, -123.572, 35.2, 2015-12-31 16:47:30, 0.0, None 
 48.2, -123.6, 46.0, 2015-12-31 16:50:00, 0.0, None 
 48.375, -123.78200000000001, 40.0, 2015-12-31 16:52:30, 0.0, None 
 48.391999999999996, -123.762, 31.5, 2015-12-31 16:55:00, 0.0, None 
 48.32, -123.62, 60.0, 2015-12-31 16:57:30, 0.0, None 
 48.455, -123.65, 27.0, 2015-12-31 17:00:00, 0.0, None 
 48.495, -123.65, 28.0, 2015-12-31 17:02:30, 0.0, None 
 48.365, -123.625, 20.0, 2015-12-31 17:05:00, 0.0, None 
 48.22, -123.83, 20.0, 2015-12-31 17:12:30, 0.0, None 
 48.42, -123.74, 20.0, 2015-12-31 17:15:00, 0.0, None 
 48.3, -123.8, 60.0, 2015-12-31 17:32:30, 0.0, None 
 48.5, -123.59, 29.0, 2015-12-31 17:32:30, 0.0, None 
 48.29, -123.8, 60.0, 2015-12-31 17:35:00, 0.0, None 
 48.4, -123.865, 20.0, 2015-12-31 17:40:00, 0.0, None 
 48.407, -123.785, 20.0, 2015-12-31 17:42:30, 0.0, None 
 48.385, -123.75, 20.0, 2015-12-31 17:47:30, 0.0, None 
 48.405, -123.74, 20.0, 2015-12-31 17:50:00, 0.0, None 
 48.32, -123.69, 20.0, 2015-12-31 17:55:00, 0.0, None 
 48.312, -123.755, 51.5, 2015-12-31 17:57:30, 0.0, None 
 48.375, -123.775, 35.2, 2015-12-31 18:00:00, 0.0, None 
 48.435, -123.805, 28.8, 2015-12-31 18:02:30, 0.0, None 
 48.492, -123.63, 22.0, 2015-12-31 18:05:00, 0.0, None 
 48.415, -123.855, 37.5, 2015-12-31 18:07:30, 0.0, None 
 48.575, -123.75, 30.5, 2015-12-31 18:10:00, 0.0, None 
 48.48, -123.63, 20.0, 2015-12-31 18:12:30, 0.0, None 
 48.425, -123.79, 38.2, 2015-12-31 18:17:30, 0.0, None 
 48.405, -123.82, 26.0, 2015-12-31 18:20:00, 0.0, None 
 48.47, -123.58, 33.5, 2015-12-31 18:27:30, 0.0, None 
 48.5, -123.89, 48.5, 2015-12-31 18:30:00, 0.0, None 
 48.4, -123.85, 20.0, 2015-12-31 18:32:30, 0.0, None 
 48.28, -123.42, 60.0, 2015-12-31 18:32:30, 0.0, None 
 48.38, -123.835, 29.0, 2015-12-31 18:35:00, 0.0, None 
 48.4, -123.875, 20.0, 2015-12-31 18:37:30, 0.0, None 
 48.486999999999995, -123.84700000000001, 22.8, 2015-12-31 18:42:30, 0.0, None 
 48.465, -123.78, 43.8, 2015-12-31 18:45:00, 0.0, None 
 48.388000000000005, -123.76, 30.0, 2015-12-31 18:47:30, 0.0, None 
 48.435, -123.845, 20.0, 2015-12-31 18:50:00, 0.0, None 
 48.485, -123.8, 30.0, 2015-12-31 18:52:30, 0.0, None 
 48.375, -123.51799999999999, 20.0, 2015-12-31 18:55:00, 0.0, None 
 48.321999999999996, -123.81, 60.0, 2015-12-31 18:57:30, 0.0, None 
 48.23, -123.725, 35.8, 2015-12-31 19:00:00, 0.0, None 
 48.14, -123.67, 20.0, 2015-12-31 19:02:30, 0.0, None 
 48.33, -123.63, 48.0, 2015-12-31 19:05:00, 0.0, None 
 48.49, -123.82, 20.0, 2015-12-31 19:07:30, 0.0, None 
 48.27, -123.795, 23.0, 2015-12-31 19:20:00, 0.0, None 
 48.51, -123.75, 48.0, 2015-12-31 19:22:30, 0.0, None 
 48.44, -124.01, 31.0, 2015-12-31 19:25:00, 0.0, None 
 48.63, -123.73, 27.5, 2015-12-31 19:25:00, 0.0, None 
 48.86, -124.17, 20.0, 2015-12-31 19:27:30, 0.0, None 
 48.446999999999996, -123.9, 24.5, 2015-12-31 19:27:30, 0.0, None 
 48.46, -123.995, 35.2, 2015-12-31 19:30:00, 0.0, None 
 48.49, -123.46, 20.0, 2015-12-31 19:32:30, 0.0, None 
 48.435, -123.875, 59.8, 2015-12-31 19:35:00, 0.0, None 
 48.44, -123.84, 20.0, 2015-12-31 19:37:30, 0.0, None 
 48.475, -123.9, 39.5, 2015-12-31 19:40:00, 0.0, None 
 48.501999999999995, -123.905, 25.5, 2015-12-31 19:42:30, 0.0, None 
 48.66, -124.12, 20.0, 2015-12-31 19:45:00, 0.0, None 
 48.46, -123.84700000000001, 28.5, 2015-12-31 19:45:00, 0.0, None 
 48.44, -123.84700000000001, 27.8, 2015-12-31 19:47:30, 0.0, None 
 48.43, -123.97, 31.0, 2015-12-31 19:50:00, 0.0, None 
 48.44, -124.035, 28.5, 2015-12-31 19:52:30, 0.0, None 
 48.47, -123.93, 20.0, 2015-12-31 19:55:00, 0.0, None 
 48.425, -123.75, 60.0, 2015-12-31 19:57:30, 0.0, None 
 48.445, -123.995, 30.0, 2015-12-31 20:00:00, 0.0, None 
 48.485, -123.8, 25.0, 2015-12-31 20:15:00, 0.0, None 
 48.3, -123.49, 52.5, 2015-12-31 20:17:30, 0.0, None 
 48.67, -124.11, 20.0, 2015-12-31 20:20:00, 0.0, None 
 48.47, -123.91, 30.0, 2015-12-31 20:20:00, 0.0, None 
 48.37, -123.565, 60.0, 2015-12-31 20:20:00, 0.0, None 
 48.448, -123.93299999999999, 50.0, 2015-12-31 20:22:30, 0.0, None 
 48.315, -123.637, 26.5, 2015-12-31 20:25:00, 0.0, None 
 48.37, -123.7, 20.0, 2015-12-31 20:27:30, 0.0, None 
 48.52, -123.69, 35.0, 2015-12-31 20:40:00, 0.0, None 
 48.68, -124.39, 29.0, 2015-12-31 21:02:30, 0.0, None 
 48.54, -123.945, 20.0, 2015-12-31 21:02:30, 0.0, None 
 48.525, -123.99, 20.0, 2015-12-31 21:05:00, 0.0, None 
 48.16, -123.8, 41.0, 2015-12-31 21:05:00, 0.0, None 
 48.172, -123.81, 29.0, 2015-12-31 21:07:30, 0.0, None 
 48.5, -123.925, 20.0, 2015-12-31 21:10:00, 0.0, None 
 48.535, -124.04, 20.0, 2015-12-31 21:12:30, 0.0, None 
 48.21, -123.48, 20.0, 2015-12-31 21:12:30, 0.0, None 
 48.05, -123.77, 29.0, 2015-12-31 21:30:00, 0.0, None 
 48.42, -123.92, 57.0, 2015-12-31 21:32:30, 0.0, None 
 48.22, -123.495, 40.0, 2015-12-31 21:32:30, 0.0, None 
 48.195, -123.49, 31.0, 2015-12-31 21:35:00, 0.0, None 
 47.99, -123.56, 60.0, 2015-12-31 21:42:30, 0.0, None 
 48.2, -123.7, 20.0, 2015-12-31 21:42:30, 0.0, None 
 48.105, -123.665, 31.5, 2015-12-31 21:45:00, 0.0, None 
 48.222, -123.505, 45.0, 2015-12-31 21:57:30, 0.0, None 
 48.49, -124.05, 27.0, 2015-12-31 22:12:30, 0.0, None 
 48.53, -123.62, 30.0, 2015-12-31 23:30:00, 0.0, None 
 48.0, -123.59, 31.0, 2015-12-31 23:50:00, 0.0, None 
 48.07, -123.525, 43.0, 2016-01-01 00:00:00, 0.0, None 
 48.115, -123.72, 30.0, 2016-01-01 00:12:30, 0.0, None 
 48.17, -123.63, 29.5, 2016-01-01 00:17:30, 0.0, None 
 48.165, -123.62, 29.0, 2016-01-01 00:20:00, 0.0, None 
 48.185, -123.58200000000001, 22.8, 2016-01-01 00:22:30, 0.0, None 
 48.195, -123.572, 22.8, 2016-01-01 00:25:00, 0.0, None 
 48.185, -123.678, 20.0, 2016-01-01 00:27:30, 0.0, None 
 48.19, -123.65, 25.0, 2016-01-01 00:30:00, 0.0, None 
 48.285, -123.6, 20.2, 2016-01-01 00:35:00, 0.0, None 
 48.275, -123.595, 25.2, 2016-01-01 00:37:30, 0.0, None 
 48.225, -123.72, 20.0, 2016-01-01 00:40:00, 0.0, None 
 48.96, -124.07, 28.0, 2016-01-01 00:42:30, 0.0, None 
 48.273, -123.477, 37.0, 2016-01-01 00:42:30, 0.0, None 
 48.295, -123.575, 22.5, 2016-01-01 00:45:00, 0.0, None 
 48.3, -123.54700000000001, 20.0, 2016-01-01 00:47:30, 0.0, None 
 48.3, -123.5, 28.0, 2016-01-01 00:50:00, 0.0, None 
 48.26, -123.675, 33.5, 2016-01-01 00:52:30, 0.0, None 
 48.23, -123.695, 23.8, 2016-01-01 00:55:00, 0.0, None 
 48.225, -123.67, 40.8, 2016-01-01 00:57:30, 0.0, None 
 48.15, -123.37, 36.0, 2016-01-01 01:00:00, 0.0, None 
 48.14, -123.62, 44.0, 2016-01-01 01:25:00, 0.0, None 
 48.325, -123.105, 28.5, 2016-01-01 01:32:30, 0.0, None 
 48.335, -122.9, 46.0, 2016-01-01 01:35:00, 0.0, None 
 48.5, -123.62, 20.0, 2016-01-01 01:37:30, 0.0, None 
 48.395, -123.35, 35.0, 2016-01-01 01:40:00, 0.0, None 
 48.347, -123.385, 20.0, 2016-01-01 01:42:30, 0.0, None 
 48.205, -123.3, 20.0, 2016-01-01 01:45:00, 0.0, None 
 48.19, -123.67, 23.0, 2016-01-01 02:05:00, 0.0, None 
 48.38, -123.25, 20.0, 2016-01-01 02:07:30, 0.0, None 
 48.13, -123.65, 23.0, 2016-01-01 02:20:00, 0.0, None 
 48.21, -123.59, 31.0, 2016-01-01 02:22:30, 0.0, None 
 48.275, -123.455, 20.0, 2016-01-01 02:25:00, 0.0, None 
 48.26, -123.425, 20.0, 2016-01-01 02:27:30, 0.0, None 
 48.18, -123.64, 29.0, 2016-01-01 02:30:00, 0.0, None 
 48.111999999999995, -123.63, 37.0, 2016-01-01 02:32:30, 0.0, None 
 48.19, -123.74, 43.0, 2016-01-01 02:35:00, 0.0, None 
 48.41, -123.32, 41.0, 2016-01-01 02:37:30, 0.0, None 
 48.2, -123.49, 20.0, 2016-01-01 02:40:00, 0.0, None 
 48.25, -123.35, 39.5, 2016-01-01 02:42:30, 0.0, None 
 48.295, -122.955, 30.5, 2016-01-01 02:45:00, 0.0, None 
 48.305, -122.915, 26.2, 2016-01-01 02:47:30, 0.0, None 
 48.282, -122.94, 42.2, 2016-01-01 02:50:00, 0.0, None 
 48.355, -123.07, 51.0, 2016-01-01 02:52:30, 0.0, None 
 48.59, -124.03, 25.0, 2016-01-01 03:20:00, 0.0, None 
 48.38, -123.34, 51.0, 2016-01-01 03:20:00, 0.0, None 
 48.23, -123.4, 20.0, 2016-01-01 03:22:30, 0.0, None 
 48.21, -123.333, 40.0, 2016-01-01 03:25:00, 0.0, None 
 48.167, -123.30799999999999, 40.0, 2016-01-01 03:27:30, 0.0, None 
 48.157, -123.31, 33.5, 2016-01-01 03:30:00, 0.0, None 
 48.21, -123.417, 26.2, 2016-01-01 03:32:30, 0.0, None 
 48.255, -123.493, 23.2, 2016-01-01 03:35:00, 0.0, None 
 48.325, -123.745, 60.0, 2016-01-01 03:37:30, 0.0, None 
 48.24, -123.325, 28.5, 2016-01-01 03:42:30, 0.0, None 
 48.275, -123.475, 20.0, 2016-01-01 03:45:00, 0.0, None 
 48.255, -123.455, 48.0, 2016-01-01 03:47:30, 0.0, None 
 48.94, -124.81, 20.0, 2016-01-01 03:55:00, 0.0, None 
 48.46, -123.22, 60.0, 2016-01-01 03:55:00, 0.0, None 
 48.38, -123.44, 60.0, 2016-01-01 03:57:30, 0.0, None 
 48.85, -124.91, 24.0, 2016-01-01 04:00:00, 0.0, None 
 48.88, -124.92, 22.0, 2016-01-01 04:02:30, 0.0, None 
 48.87, -124.96, 20.0, 2016-01-01 04:05:00, 0.0, None 
 48.205, -123.68, 21.0, 2016-01-01 04:10:00, 0.0, None 
 48.88, -124.885, 20.0, 2016-01-01 04:17:30, 0.0, None 
 48.3, -123.185, 26.5, 2016-01-01 04:27:30, 0.0, None 
 48.25, -123.495, 28.0, 2016-01-01 04:32:30, 0.0, None 
 48.27, -123.478, 26.0, 2016-01-01 04:35:00, 0.0, None 
 48.192, -123.45299999999999, 37.0, 2016-01-01 04:37:30, 0.0, None 
 48.07, -123.5, 40.0, 2016-01-01 04:42:30, 0.0, None 
 48.825, -124.85, 29.5, 2016-01-01 04:45:00, 0.0, None 
 48.87, -124.86, 20.5, 2016-01-01 04:47:30, 0.0, None 
 48.18, -123.7, 53.0, 2016-01-01 04:47:30, 0.0, None 
 48.86, -124.855, 20.0, 2016-01-01 04:50:00, 0.0, None 
 48.13, -123.73, 39.0, 2016-01-01 04:50:00, 0.0, None 
 48.85, -124.745, 22.5, 2016-01-01 04:52:30, 0.0, None 
 48.805, -124.72, 22.8, 2016-01-01 04:55:00, 0.0, None 
 48.145, -123.07, 51.0, 2016-01-01 04:57:30, 0.0, None 
 48.14, -123.095, 47.0, 2016-01-01 05:00:00, 0.0, None 
 48.793, -124.86, 30.5, 2016-01-01 05:02:30, 0.0, None 
 48.19, -123.59, 31.0, 2016-01-01 05:02:30, 0.0, None 
 48.8, -124.89, 33.0, 2016-01-01 05:05:00, 0.0, None 
 48.2, -123.71, 31.0, 2016-01-01 05:05:00, 0.0, None 
 48.855, -124.82, 23.5, 2016-01-01 05:07:30, 0.0, None 
 48.205, -123.71, 31.0, 2016-01-01 05:07:30, 0.0, None 
 48.86, -124.82, 23.8, 2016-01-01 05:10:00, 0.0, None 
 48.915, -124.81, 20.0, 2016-01-01 05:12:30, 0.0, None 
 48.27, -123.53, 26.0, 2016-01-01 05:12:30, 0.0, None 
 48.24, -123.632, 40.0, 2016-01-01 05:15:00, 0.0, None 
 48.92, -124.83, 27.5, 2016-01-01 05:17:30, 0.0, None 
 48.19, -123.64, 29.0, 2016-01-01 05:17:30, 0.0, None 
 48.865, -124.815, 24.0, 2016-01-01 05:20:00, 0.0, None 
 48.13, -123.63, 20.0, 2016-01-01 05:20:00, 0.0, None 
 48.775, -124.79, 40.5, 2016-01-01 05:22:30, 0.0, None 
 48.18, -123.507, 40.0, 2016-01-01 05:22:30, 0.0, None 
 48.38, -123.495, 34.0, 2016-01-01 05:25:00, 0.0, None 
 48.89, -124.82, 20.0, 2016-01-01 05:30:00, 0.0, None 
 48.26, -123.79, 20.5, 2016-01-01 05:30:00, 0.0, None 
 48.891999999999996, -124.815, 24.0, 2016-01-01 05:32:30, 0.0, None 
 48.29, -123.775, 25.0, 2016-01-01 05:32:30, 0.0, None 
 48.9, -124.87, 31.5, 2016-01-01 05:35:00, 0.0, None 
 48.3, -123.645, 52.0, 2016-01-01 05:35:00, 0.0, None 
 48.865, -124.785, 20.0, 2016-01-01 05:55:00, 0.0, None 
 48.3, -123.69, 41.0, 2016-01-01 05:55:00, 0.0, None 
 48.87, -124.77, 22.8, 2016-01-01 05:57:30, 0.0, None 
 48.32, -123.58, 60.0, 2016-01-01 05:57:30, 0.0, None 
 48.84, -124.75, 28.0, 2016-01-01 06:00:00, 0.0, None 
 48.77, -124.77, 20.0, 2016-01-01 06:05:00, 0.0, None 
 48.26, -123.37, 20.0, 2016-01-01 06:05:00, 0.0, None 
 48.755, -124.755, 22.5, 2016-01-01 06:07:30, 0.0, None 
 48.26, -123.34, 20.0, 2016-01-01 06:07:30, 0.0, None 
 48.82, -124.805, 21.5, 2016-01-01 06:10:00, 0.0, None 
 48.852, -124.81700000000001, 21.8, 2016-01-01 06:12:30, 0.0, None 
 48.83, -124.73, 22.5, 2016-01-01 06:15:00, 0.0, None 
 48.86, -124.73, 60.0, 2016-01-01 06:17:30, 0.0, None 
 48.93, -124.845, 30.0, 2016-01-01 06:20:00, 0.0, None 
 48.7, -124.72, 20.0, 2016-01-01 06:22:30, 0.0, None 
 48.93, -124.81, 22.0, 2016-01-01 06:22:30, 0.0, None 
 48.9, -124.74, 20.0, 2016-01-01 06:25:00, 0.0, None 
 48.84, -124.84, 31.0, 2016-01-01 06:27:30, 0.0, None 
 48.836999999999996, -124.80799999999999, 40.5, 2016-01-01 06:30:00, 0.0, None 
 48.84, -124.81700000000001, 44.8, 2016-01-01 06:32:30, 0.0, None 
 48.23, -123.165, 60.0, 2016-01-01 06:35:00, 0.0, None 
 48.891999999999996, -124.787, 24.2, 2016-01-01 06:40:00, 0.0, None 
 48.33, -123.545, 60.0, 2016-01-01 06:42:30, 0.0, None 
 48.45, -123.68, 60.0, 2016-01-01 06:45:00, 0.0, None 
 48.89, -124.71, 27.0, 2016-01-01 06:47:30, 0.0, None 
 48.89, -124.695, 20.0, 2016-01-01 06:50:00, 0.0, None 
 48.12, -123.255, 32.0, 2016-01-01 06:50:00, 0.0, None 
 48.81, -124.75, 27.0, 2016-01-01 06:52:30, 0.0, None 
 48.28, -123.21, 20.0, 2016-01-01 06:52:30, 0.0, None 
 48.736999999999995, -124.84299999999999, 20.0, 2016-01-01 06:55:00, 0.0, None 
 48.26, -122.92, 20.0, 2016-01-01 06:55:00, 0.0, None 
 48.27, -123.44, 49.0, 2016-01-01 07:00:00, 0.0, None 
 48.05, -123.69, 20.0, 2016-01-01 07:05:00, 0.0, None 
 48.225, -123.43, 20.0, 2016-01-01 07:07:30, 0.0, None 
 48.233000000000004, -123.61200000000001, 26.0, 2016-01-01 07:10:00, 0.0, None 
 48.45, -123.90299999999999, 40.0, 2016-01-01 07:12:30, 0.0, None 
 48.485, -123.92, 40.0, 2016-01-01 07:15:00, 0.0, None 
 48.308, -123.48200000000001, 24.8, 2016-01-01 07:17:30, 0.0, None 
 48.78, -124.11, 20.0, 2016-01-01 07:20:00, 0.0, None 
 48.31, -123.51700000000001, 23.8, 2016-01-01 07:20:00, 0.0, None 
 48.495, -123.925, 30.5, 2016-01-01 07:22:30, 0.0, None 
 48.31, -123.595, 29.0, 2016-01-01 07:22:30, 0.0, None 
 48.49, -123.78, 20.5, 2016-01-01 07:25:00, 0.0, None 
 48.36, -123.5, 49.0, 2016-01-01 07:25:00, 0.0, None 
 48.52, -123.88, 20.0, 2016-01-01 07:27:30, 0.0, None 
 48.475, -123.505, 60.0, 2016-01-01 07:27:30, 0.0, None 
 48.33, -123.39, 35.0, 2016-01-01 07:30:00, 0.0, None 
 48.3, -123.08, 45.0, 2016-01-01 07:37:30, 0.0, None 
 48.5, -123.79, 20.0, 2016-01-01 07:40:00, 0.0, None 
 48.17, -123.65, 20.0, 2016-01-01 07:42:30, 0.0, None 
 48.13, -123.635, 26.5, 2016-01-01 07:45:00, 0.0, None 
 48.21, -123.6, 28.0, 2016-01-01 07:47:30, 0.0, None 
 48.2, -123.295, 25.0, 2016-01-01 07:50:00, 0.0, None 
 48.61, -123.9, 20.0, 2016-01-01 07:55:00, 0.0, None 
 48.422, -123.43, 58.0, 2016-01-01 07:57:30, 0.0, None 
 48.32, -123.245, 52.0, 2016-01-01 08:00:00, 0.0, None 
 48.605, -123.825, 30.8, 2016-01-01 08:02:30, 0.0, None 
 48.61, -123.86, 27.5, 2016-01-01 08:05:00, 0.0, None 
 48.4, -123.59, 60.0, 2016-01-01 08:07:30, 0.0, None 
 48.48, -123.82, 20.0, 2016-01-01 08:10:00, 0.0, None 
 48.55, -123.82, 20.0, 2016-01-01 08:12:30, 0.0, None 
 48.21, -123.58, 20.5, 2016-01-01 08:12:30, 0.0, None 
 48.52, -123.785, 29.0, 2016-01-01 08:15:00, 0.0, None 
 48.235, -123.675, 33.0, 2016-01-01 08:15:00, 0.0, None 
 48.75, -124.14, 60.0, 2016-01-01 08:17:30, 0.0, None 
 48.207, -123.61, 27.8, 2016-01-01 08:17:30, 0.0, None 
 48.19, -123.618, 33.5, 2016-01-01 08:20:00, 0.0, None 
 48.56, -124.11, 60.0, 2016-01-01 08:22:30, 0.0, None 
 48.15, -123.565, 55.5, 2016-01-01 08:22:30, 0.0, None 
 48.425, -123.89, 31.0, 2016-01-01 08:25:00, 0.0, None 
 48.625, -123.845, 48.0, 2016-01-01 08:27:30, 0.0, None 
 48.28, -123.595, 60.0, 2016-01-01 08:27:30, 0.0, None 
 48.18, -123.64, 24.5, 2016-01-01 08:32:30, 0.0, None 
 48.14, -123.68, 30.0, 2016-01-01 08:35:00, 0.0, None 
 48.12, -123.68, 20.0, 2016-01-01 08:37:30, 0.0, None 
 48.27, -123.38, 42.0, 2016-01-01 08:40:00, 0.0, None 
 48.37, -123.43, 54.0, 2016-01-01 08:42:30, 0.0, None 
 48.235, -123.385, 39.0, 2016-01-01 08:45:00, 0.0, None 
 48.275, -123.28, 27.5, 2016-01-01 08:47:30, 0.0, None 
 48.295, -123.32799999999999, 23.8, 2016-01-01 08:50:00, 0.0, None 
 48.31, -123.03, 50.0, 2016-01-01 08:52:30, 0.0, None 
 48.2, -123.48, 34.5, 2016-01-01 08:55:00, 0.0, None 
 48.41, -123.39, 60.0, 2016-01-01 08:57:30, 0.0, None 
 48.38, -123.16, 20.0, 2016-01-01 09:00:00, 0.0, None 
 48.21, -123.555, 60.0, 2016-01-01 09:05:00, 0.0, None 
 48.22, -123.115, 35.0, 2016-01-01 09:10:00, 0.0, None 
 48.24, -123.045, 31.0, 2016-01-01 09:12:30, 0.0, None 
 48.86, -124.91, 43.0, 2016-01-01 09:15:00, 0.0, None 
 48.295, -123.06, 60.0, 2016-01-01 09:15:00, 0.0, None 
 48.87, -124.9, 38.0, 2016-01-01 09:17:30, 0.0, None 
 48.34, -123.04, 28.5, 2016-01-01 09:17:30, 0.0, None 
 48.32, -123.01, 20.0, 2016-01-01 09:20:00, 0.0, None 
 48.32, -123.095, 33.0, 2016-01-01 09:22:30, 0.0, None 
 48.37, -123.18, 49.0, 2016-01-01 09:25:00, 0.0, None 
 48.32, -123.125, 34.5, 2016-01-01 09:27:30, 0.0, None 
 48.172, -123.435, 33.8, 2016-01-01 09:30:00, 0.0, None 
 48.213, -123.475, 30.2, 2016-01-01 09:32:30, 0.0, None 
 48.38, -123.39, 60.0, 2016-01-01 09:35:00, 0.0, None 
 48.42, -123.29, 60.0, 2016-01-01 09:40:00, 0.0, None 
 48.325, -123.73, 31.5, 2016-01-01 09:42:30, 0.0, None 
 48.19, -123.47, 35.0, 2016-01-01 09:45:00, 0.0, None 
 48.2, -123.07, 49.5, 2016-01-01 09:50:00, 0.0, None 
 48.22, -123.1, 50.0, 2016-01-01 09:52:30, 0.0, None 
 48.21, -123.118, 49.0, 2016-01-01 09:55:00, 0.0, None 
 48.37, -123.61, 60.0, 2016-01-01 09:57:30, 0.0, None 
 48.34, -122.935, 60.0, 2016-01-01 09:57:30, 0.0, None 
 48.4, -123.135, 57.0, 2016-01-01 10:00:00, 0.0, None 
 48.35, -123.28, 44.5, 2016-01-01 10:02:30, 0.0, None 
 48.315, -123.41, 33.5, 2016-01-01 10:05:00, 0.0, None 
 48.2, -123.05, 20.0, 2016-01-01 10:10:00, 0.0, None 
 48.115, -123.55, 26.5, 2016-01-01 10:12:30, 0.0, None 
 48.49, -123.23, 60.0, 2016-01-01 10:17:30, 0.0, None 
 48.37, -122.82, 51.0, 2016-01-01 10:22:30, 0.0, None 
 48.3, -123.24, 20.0, 2016-01-01 10:25:00, 0.0, None 
 48.26, -122.85, 60.0, 2016-01-01 10:25:00, 0.0, None 
 48.293, -123.385, 20.0, 2016-01-01 10:27:30, 0.0, None 
 48.275, -123.445, 20.0, 2016-01-01 10:30:00, 0.0, None 
 48.29, -123.43, 20.0, 2016-01-01 10:32:30, 0.0, None 
 48.275, -123.46, 23.8, 2016-01-01 10:35:00, 0.0, None 
 48.258, -123.435, 20.0, 2016-01-01 10:37:30, 0.0, None 
 48.39, -123.31, 60.0, 2016-01-01 10:45:00, 0.0, None 
 48.46, -123.19, 60.0, 2016-01-01 10:52:30, 0.0, None 
 48.28, -122.8, 60.0, 2016-01-01 10:57:30, 0.0, None 
 48.28, -123.035, 26.5, 2016-01-01 11:00:00, 0.0, None 
 48.25, -123.04, 20.0, 2016-01-01 11:02:30, 0.0, None 
 48.4, -123.25, 24.0, 2016-01-01 11:12:30, 0.0, None 
 48.44, -123.41, 35.5, 2016-01-01 11:15:00, 0.0, None 
 48.43, -123.417, 33.5, 2016-01-01 11:17:30, 0.0, None 
 48.27, -123.205, 60.0, 2016-01-01 11:35:00, 0.0, None 
 48.47, -123.125, 60.0, 2016-01-01 11:37:30, 0.0, None 
 48.32, -123.39, 33.8, 2016-01-01 11:40:00, 0.0, None 
 48.27, -123.62, 60.0, 2016-01-01 11:42:30, 0.0, None 
 48.29, -123.82, 20.0, 2016-01-01 11:45:00, 0.0, None 
 48.22, -123.48700000000001, 35.5, 2016-01-01 11:47:30, 0.0, None 
 48.236999999999995, -123.51, 26.5, 2016-01-01 11:50:00, 0.0, None 
 48.305, -123.67, 26.5, 2016-01-01 11:52:30, 0.0, None 
 48.315, -123.67, 26.8, 2016-01-01 11:55:00, 0.0, None 
 48.295, -123.68799999999999, 44.0, 2016-01-01 11:57:30, 0.0, None 
 48.305, -123.6, 33.0, 2016-01-01 12:00:00, 0.0, None 
 48.18, -123.48, 44.5, 2016-01-01 12:02:30, 0.0, None 
 48.37, -123.445, 41.8, 2016-01-01 12:15:00, 0.0, None 
 48.25, -123.2, 31.0, 2016-01-01 12:20:00, 0.0, None 
 48.21, -123.02, 49.0, 2016-01-01 12:22:30, 0.0, None 
 48.21, -122.905, 60.0, 2016-01-01 12:25:00, 0.0, None 
 48.16, -123.595, 30.2, 2016-01-01 12:27:30, 0.0, None 
 48.47, -123.19, 20.0, 2016-01-01 12:35:00, 0.0, None 
 48.39, -123.25, 40.0, 2016-01-01 12:37:30, 0.0, None 
 48.305, -123.26700000000001, 21.5, 2016-01-01 12:40:00, 0.0, None 
 48.97, -124.05, 31.0, 2016-01-01 12:42:30, 0.0, None 
 48.29, -123.395, 20.0, 2016-01-01 12:42:30, 0.0, None 
 48.285, -123.412, 22.0, 2016-01-01 12:45:00, 0.0, None 
 48.28, -123.43299999999999, 26.5, 2016-01-01 12:47:30, 0.0, None 
 48.96, -124.05, 20.0, 2016-01-01 12:50:00, 0.0, None 
 48.29, -123.475, 22.2, 2016-01-01 12:50:00, 0.0, None 
 48.29, -123.448, 21.2, 2016-01-01 12:52:30, 0.0, None 
 48.42, -123.45, 46.0, 2016-01-01 12:55:00, 0.0, None 
 48.422, -123.43, 42.5, 2016-01-01 12:57:30, 0.0, None 
 48.255, -123.34, 49.0, 2016-01-01 13:00:00, 0.0, None 
 48.18, -123.6, 20.0, 2016-01-01 13:02:30, 0.0, None 
 48.21, -123.24, 51.5, 2016-01-01 13:02:30, 0.0, None 
 48.11, -123.61, 39.0, 2016-01-01 13:05:00, 0.0, None 
 48.23, -123.305, 60.0, 2016-01-01 13:05:00, 0.0, None 
 48.51, -123.415, 60.0, 2016-01-01 13:10:00, 0.0, None 
 48.2, -123.565, 60.0, 2016-01-01 13:12:30, 0.0, None 
 48.21, -123.6, 43.0, 2016-01-01 13:15:00, 0.0, None 
 48.095, -123.645, 28.2, 2016-01-01 13:17:30, 0.0, None 
 48.11, -123.675, 33.8, 2016-01-01 13:20:00, 0.0, None 
 48.123000000000005, -123.667, 50.5, 2016-01-01 13:22:30, 0.0, None 
 48.273, -123.615, 35.8, 2016-01-01 13:25:00, 0.0, None 
 48.26, -123.602, 28.5, 2016-01-01 13:27:30, 0.0, None 
 48.23, -123.63, 34.0, 2016-01-01 13:30:00, 0.0, None 
 48.275, -123.55, 26.0, 2016-01-01 13:32:30, 0.0, None 
 48.265, -123.555, 28.0, 2016-01-01 13:35:00, 0.0, None 
 48.28, -123.67, 20.0, 2016-01-01 13:37:30, 0.0, None 
 48.233000000000004, -123.67, 20.0, 2016-01-01 13:40:00, 0.0, None 
 48.195, -123.637, 23.0, 2016-01-01 13:42:30, 0.0, None 
 48.258, -123.625, 34.5, 2016-01-01 13:45:00, 0.0, None 
 48.2, -123.73, 20.2, 2016-01-01 13:47:30, 0.0, None 
 48.265, -123.475, 20.0, 2016-01-01 13:50:00, 0.0, None 
 48.295, -123.382, 38.5, 2016-01-01 13:52:30, 0.0, None 
 48.317, -123.34700000000001, 59.2, 2016-01-01 13:55:00, 0.0, None 
 48.285, -123.71, 20.0, 2016-01-01 13:57:30, 0.0, None 
 48.015, -123.71, 60.0, 2016-01-01 14:02:30, 0.0, None 
 48.07, -123.74, 21.0, 2016-01-01 14:07:30, 0.0, None 
 48.183, -123.70299999999999, 24.2, 2016-01-01 14:10:00, 0.0, None 
 48.33, -123.59, 29.5, 2016-01-01 14:12:30, 0.0, None 
 48.36, -123.583, 20.0, 2016-01-01 14:15:00, 0.0, None 
 48.3, -123.55, 20.0, 2016-01-01 14:25:00, 0.0, None 
 48.35, -123.295, 28.8, 2016-01-01 14:27:30, 0.0, None 
 48.385, -123.27799999999999, 29.8, 2016-01-01 14:30:00, 0.0, None 
 48.35, -123.22, 20.0, 2016-01-01 14:32:30, 0.0, None 
 48.425, -123.38, 26.0, 2016-01-01 14:35:00, 0.0, None 
 48.39, -123.485, 28.0, 2016-01-01 14:37:30, 0.0, None 
 48.395, -123.48, 44.8, 2016-01-01 14:40:00, 0.0, None 
 48.215, -123.1, 49.0, 2016-01-01 14:50:00, 0.0, None 
 48.2, -123.12, 51.0, 2016-01-01 14:52:30, 0.0, None 
 48.15, -123.495, 60.0, 2016-01-01 14:57:30, 0.0, None 
 48.25, -123.33, 37.0, 2016-01-01 15:00:00, 0.0, None 
 48.31, -122.93, 26.5, 2016-01-01 15:02:30, 0.0, None 
 48.297, -123.19200000000001, 31.0, 2016-01-01 15:05:00, 0.0, None 
 48.3, -123.0, 32.5, 2016-01-01 15:07:30, 0.0, None 
 48.315, -123.105, 46.0, 2016-01-01 15:10:00, 0.0, None 
 48.23, -123.57, 60.0, 2016-01-01 15:15:00, 0.0, None 
 48.22, -123.34, 20.0, 2016-01-01 15:17:30, 0.0, None 
 48.4, -123.21, 33.0, 2016-01-01 15:25:00, 0.0, None 
 48.278, -123.475, 20.0, 2016-01-01 15:27:30, 0.0, None 
 48.278, -123.42, 20.0, 2016-01-01 15:30:00, 0.0, None 
 48.265, -123.445, 27.0, 2016-01-01 15:32:30, 0.0, None 
 48.275, -123.46, 30.2, 2016-01-01 15:35:00, 0.0, None 
 48.287, -123.43799999999999, 43.2, 2016-01-01 15:37:30, 0.0, None 
 48.22, -123.67, 40.0, 2016-01-01 15:42:30, 0.0, None 
 48.29, -123.57, 20.0, 2016-01-01 15:45:00, 0.0, None 
 48.29, -123.54, 20.0, 2016-01-01 15:47:30, 0.0, None 
 48.21, -123.315, 54.0, 2016-01-01 15:50:00, 0.0, None 
 48.21, -123.675, 48.0, 2016-01-01 15:50:00, 0.0, None 
 48.32, -123.705, 36.0, 2016-01-01 15:55:00, 0.0, None 
 48.42, -123.72, 51.0, 2016-01-01 15:57:30, 0.0, None 
 48.19, -123.64, 41.0, 2016-01-01 16:00:00, 0.0, None 
 48.09, -123.78, 20.0, 2016-01-01 16:02:30, 0.0, None 
 48.205, -123.69200000000001, 21.8, 2016-01-01 16:05:00, 0.0, None 
 48.17, -123.68, 34.8, 2016-01-01 16:07:30, 0.0, None 
 48.12, -123.63, 25.0, 2016-01-01 16:10:00, 0.0, None 
 48.03, -123.61, 20.0, 2016-01-01 16:12:30, 0.0, None 
 48.11, -123.66, 20.0, 2016-01-01 16:15:00, 0.0, None 
 48.19, -123.64, 20.0, 2016-01-01 16:17:30, 0.0, None 
 48.12, -123.56, 46.0, 2016-01-01 16:20:00, 0.0, None 
 48.315, -123.26, 35.5, 2016-01-01 16:27:30, 0.0, None 
 48.29, -123.39200000000001, 27.5, 2016-01-01 16:30:00, 0.0, None 
 48.315, -123.495, 20.0, 2016-01-01 16:32:30, 0.0, None 
 48.16, -123.15, 31.0, 2016-01-01 16:35:00, 0.0, None 
 48.2, -123.43, 20.0, 2016-01-01 16:47:30, 0.0, None 
 48.19, -123.352, 25.0, 2016-01-01 16:50:00, 0.0, None 
 48.2, -123.665, 29.5, 2016-01-01 16:52:30, 0.0, None 
 48.188, -123.55, 36.8, 2016-01-01 16:55:00, 0.0, None 
 48.438, -123.79, 60.0, 2016-01-01 16:57:30, 0.0, None 
 48.39, -123.19, 55.0, 2016-01-01 17:00:00, 0.0, None 
 48.278, -123.375, 20.0, 2016-01-01 17:10:00, 0.0, None 
 48.29, -123.352, 25.2, 2016-01-01 17:12:30, 0.0, None 
 48.245, -123.525, 56.0, 2016-01-01 17:15:00, 0.0, None 
 48.285, -123.315, 34.2, 2016-01-01 17:17:30, 0.0, None 
 48.24, -123.32, 29.0, 2016-01-01 17:20:00, 0.0, None 
 48.21, -123.34, 33.0, 2016-01-01 17:22:30, 0.0, None 
 48.21, -123.35, 20.0, 2016-01-01 17:25:00, 0.0, None 
 48.94, -124.06, 27.0, 2016-01-01 17:27:30, 0.0, None 
 48.22, -123.38, 20.0, 2016-01-01 17:27:30, 0.0, None 
 48.57, -123.61, 20.0, 2016-01-01 17:30:00, 0.0, None 
 48.04, -123.5, 20.0, 2016-01-01 17:32:30, 0.0, None 
 48.38, -123.22, 51.0, 2016-01-01 17:35:00, 0.0, None 
 48.45, -123.43, 25.0, 2016-01-01 17:37:30, 0.0, None 
 48.461999999999996, -123.458, 23.5, 2016-01-01 17:40:00, 0.0, None 
 48.59, -123.74, 60.0, 2016-01-01 17:42:30, 0.0, None 
 48.4, -123.42, 60.0, 2016-01-01 17:42:30, 0.0, None 
 48.205, -123.095, 37.0, 2016-01-01 17:45:00, 0.0, None 
 48.525, -123.545, 20.0, 2016-01-01 17:47:30, 0.0, None 
 48.96, -124.02, 29.0, 2016-01-01 17:50:00, 0.0, None 
 48.51, -123.475, 49.2, 2016-01-01 17:50:00, 0.0, None 
 48.46, -123.49799999999999, 27.5, 2016-01-01 17:52:30, 0.0, None 
 48.26, -123.39, 20.0, 2016-01-01 17:55:00, 0.0, None 
 48.48, -123.98, 60.0, 2016-01-01 17:57:30, 0.0, None 
 48.11, -123.765, 60.0, 2016-01-01 17:57:30, 0.0, None 
 48.375, -123.455, 40.8, 2016-01-01 18:02:30, 0.0, None 
 48.41, -123.32, 20.0, 2016-01-01 18:07:30, 0.0, None 
 48.355, -123.61, 26.0, 2016-01-01 18:12:30, 0.0, None 
 48.84, -124.14, 44.0, 2016-01-01 18:15:00, 0.0, None 
 48.28, -123.33, 49.5, 2016-01-01 18:15:00, 0.0, None 
 48.395, -123.17, 49.0, 2016-01-01 18:25:00, 0.0, None 
 48.39, -123.77, 28.0, 2016-01-01 18:30:00, 0.0, None 
 48.28, -123.44200000000001, 43.5, 2016-01-01 18:32:30, 0.0, None 
 48.31, -123.16, 55.5, 2016-01-01 18:35:00, 0.0, None 
 48.31, -123.0, 20.0, 2016-01-01 18:37:30, 0.0, None 
 48.31, -123.07, 40.0, 2016-01-01 18:40:00, 0.0, None 
 48.3, -123.53, 60.0, 2016-01-01 18:42:30, 0.0, None 
 48.98, -124.16, 20.0, 2016-01-01 18:45:00, 0.0, None 
 48.255, -123.435, 24.0, 2016-01-01 18:45:00, 0.0, None 
 48.265, -123.39, 20.0, 2016-01-01 18:47:30, 0.0, None 
 48.24, -123.5, 20.0, 2016-01-01 18:50:00, 0.0, None 
 48.525, -123.685, 27.0, 2016-01-01 18:55:00, 0.0, None 
 48.23, -123.805, 20.0, 2016-01-01 18:55:00, 0.0, None 
 48.335, -123.735, 56.0, 2016-01-01 18:57:30, 0.0, None 
 48.251999999999995, -123.685, 20.5, 2016-01-01 19:00:00, 0.0, None 
 48.32, -123.77, 20.0, 2016-01-01 19:02:30, 0.0, None 
 48.29, -123.655, 20.0, 2016-01-01 19:05:00, 0.0, None 
 48.31, -123.4, 47.0, 2016-01-01 19:10:00, 0.0, None 
 48.4, -123.35, 54.0, 2016-01-01 19:15:00, 0.0, None 
 48.14, -123.61, 20.0, 2016-01-01 19:17:30, 0.0, None 
 47.78, -123.21, 20.0, 2016-01-01 19:20:00, 0.0, None 
 48.125, -123.64, 20.0, 2016-01-01 19:20:00, 0.0, None 
 48.43, -123.7, 20.0, 2016-01-01 19:25:00, 0.0, None 
 48.47, -123.72, 20.0, 2016-01-01 19:27:30, 0.0, None 
 48.19, -123.71, 50.0, 2016-01-01 19:32:30, 0.0, None 
 48.28, -123.525, 60.0, 2016-01-01 19:35:00, 0.0, None 
 48.97, -124.15, 27.0, 2016-01-01 19:37:30, 0.0, None 
 48.375, -123.625, 23.5, 2016-01-01 19:37:30, 0.0, None 
 48.32, -123.54, 20.0, 2016-01-01 19:42:30, 0.0, None 
 48.5, -123.645, 20.0, 2016-01-01 19:45:00, 0.0, None 
 48.48, -123.535, 20.0, 2016-01-01 19:47:30, 0.0, None 
 48.48, -123.63, 20.0, 2016-01-01 19:50:00, 0.0, None 
 48.306999999999995, -123.505, 34.2, 2016-01-01 19:52:30, 0.0, None 
 48.24, -123.585, 20.0, 2016-01-01 19:55:00, 0.0, None 
 48.4, -123.23, 26.0, 2016-01-01 20:17:30, 0.0, None 
 48.39, -123.51, 20.0, 2016-01-01 20:20:00, 0.0, None 
 48.13, -123.04, 31.5, 2016-01-01 20:20:00, 0.0, None 
 48.12, -123.0, 37.0, 2016-01-01 20:22:30, 0.0, None 
 48.398, -123.74799999999999, 23.5, 2016-01-01 20:40:00, 0.0, None 
 48.455, -123.72, 25.0, 2016-01-01 20:42:30, 0.0, None 
 48.57, -123.63, 47.5, 2016-01-01 20:45:00, 0.0, None 
 48.41, -123.78, 42.5, 2016-01-01 20:47:30, 0.0, None 
 48.47, -123.7, 47.0, 2016-01-01 20:50:00, 0.0, None 
 48.13, -123.67, 60.0, 2016-01-01 20:55:00, 0.0, None 
 48.03, -123.59, 57.0, 2016-01-01 20:57:30, 0.0, None 
 48.23, -123.045, 45.0, 2016-01-01 20:57:30, 0.0, None 
 48.23, -123.01, 32.0, 2016-01-01 21:00:00, 0.0, None 
 48.82, -124.08, 37.5, 2016-01-01 21:02:30, 0.0, None 
 48.58, -124.025, 60.0, 2016-01-01 21:02:30, 0.0, None 
 48.98, -124.16, 20.0, 2016-01-01 21:07:30, 0.0, None 
 48.2, -123.6, 60.0, 2016-01-01 21:07:30, 0.0, None 
 48.365, -123.505, 30.0, 2016-01-01 21:12:30, 0.0, None 
 48.41, -123.71, 20.0, 2016-01-01 21:15:00, 0.0, None 
 48.29, -123.29, 20.0, 2016-01-01 21:15:00, 0.0, None 
 48.353, -123.49799999999999, 29.8, 2016-01-01 21:17:30, 0.0, None 
 48.278, -123.375, 20.0, 2016-01-01 21:20:00, 0.0, None 
 48.76, -124.07, 20.0, 2016-01-01 21:22:30, 0.0, None 
 48.27, -123.4, 20.0, 2016-01-01 21:22:30, 0.0, None 
 48.275, -123.415, 20.0, 2016-01-01 21:25:00, 0.0, None 
 48.275, -123.43, 20.2, 2016-01-01 21:27:30, 0.0, None 
 48.278, -123.485, 26.0, 2016-01-01 21:30:00, 0.0, None 
 48.27, -123.57, 33.5, 2016-01-01 21:32:30, 0.0, None 
 48.8, -124.16, 20.0, 2016-01-01 21:35:00, 0.0, None 
 48.505, -123.86, 35.2, 2016-01-01 21:35:00, 0.0, None 
 48.56, -123.845, 20.0, 2016-01-01 21:37:30, 0.0, None 
 48.78, -124.2, 20.0, 2016-01-01 21:40:00, 0.0, None 
 48.54, -123.85, 20.2, 2016-01-01 21:40:00, 0.0, None 
 48.56, -123.84, 22.0, 2016-01-01 21:42:30, 0.0, None 
 48.5, -123.845, 29.0, 2016-01-01 21:45:00, 0.0, None 
 48.51, -123.9, 20.0, 2016-01-01 21:47:30, 0.0, None 
 48.25, -123.71, 38.0, 2016-01-01 21:50:00, 0.0, None 
 48.46, -123.8, 20.0, 2016-01-01 21:52:30, 0.0, None 
 48.501999999999995, -123.83, 20.0, 2016-01-01 21:55:00, 0.0, None 
 48.495, -123.84, 40.0, 2016-01-01 21:57:30, 0.0, None 
 48.475, -123.88, 20.0, 2016-01-01 22:00:00, 0.0, None 
 48.21, -123.63, 60.0, 2016-01-01 22:00:00, 0.0, None 
 48.51, -123.89, 20.0, 2016-01-01 22:02:30, 0.0, None 
 48.21, -123.58, 60.0, 2016-01-01 22:02:30, 0.0, None 
 48.57, -123.995, 30.0, 2016-01-01 22:07:30, 0.0, None 
 48.567, -124.015, 20.0, 2016-01-01 22:10:00, 0.0, None 
 48.508, -123.895, 20.0, 2016-01-01 22:12:30, 0.0, None 
 48.515, -123.93, 20.0, 2016-01-01 22:15:00, 0.0, None 
 48.56, -123.898, 20.0, 2016-01-01 22:17:30, 0.0, None 
 48.5, -123.84, 20.0, 2016-01-01 22:20:00, 0.0, None 
 48.5, -123.88, 20.0, 2016-01-01 22:22:30, 0.0, None 
 48.552, -123.81, 24.0, 2016-01-01 22:25:00, 0.0, None 
 48.5, -124.01, 27.0, 2016-01-01 22:27:30, 0.0, None 
 48.415, -123.22, 31.0, 2016-01-01 22:30:00, 0.0, None 
 48.335, -122.975, 20.0, 2016-01-01 22:32:30, 0.0, None 
 48.34, -122.845, 33.5, 2016-01-01 22:35:00, 0.0, None 
 48.35, -122.945, 35.2, 2016-01-01 22:37:30, 0.0, None 
 48.95, -124.14, 27.0, 2016-01-01 22:40:00, 0.0, None 
 48.32, -122.91, 60.0, 2016-01-01 22:40:00, 0.0, None 
 48.33, -122.915, 60.0, 2016-01-01 22:42:30, 0.0, None 
 48.258, -123.178, 23.0, 2016-01-01 22:45:00, 0.0, None 
 48.84, -124.1, 20.0, 2016-01-01 22:47:30, 0.0, None 
 48.11, -123.35, 20.0, 2016-01-01 22:50:00, 0.0, None 
 48.87, -124.16, 47.0, 2016-01-01 22:52:30, 0.0, None 
 48.48, -123.555, 60.0, 2016-01-01 22:55:00, 0.0, None 
 48.33, -122.945, 60.0, 2016-01-01 22:55:00, 0.0, None 
 48.375, -122.82, 60.0, 2016-01-01 22:57:30, 0.0, None 
 48.4, -122.82, 50.0, 2016-01-01 23:00:00, 0.0, None 
 48.41, -123.77, 25.0, 2016-01-01 23:02:30, 0.0, None 
 48.02, -123.52, 60.0, 2016-01-01 23:02:30, 0.0, None 
 48.57, -123.81, 20.0, 2016-01-01 23:05:00, 0.0, None 
 48.585, -123.84, 20.0, 2016-01-01 23:07:30, 0.0, None 
 48.555, -123.865, 21.0, 2016-01-01 23:10:00, 0.0, None 
 48.635, -123.81, 24.0, 2016-01-01 23:12:30, 0.0, None 
 48.68, -123.85, 23.0, 2016-01-01 23:15:00, 0.0, None 
 48.37, -123.835, 60.0, 2016-01-01 23:20:00, 0.0, None 
 48.63, -124.08, 20.0, 2016-01-01 23:22:30, 0.0, None 
 48.43, -123.87, 20.0, 2016-01-01 23:22:30, 0.0, None 
 48.58, -124.02, 32.0, 2016-01-01 23:25:00, 0.0, None 
 48.53, -124.05, 40.0, 2016-01-01 23:27:30, 0.0, None 
 48.53, -124.03, 39.0, 2016-01-01 23:30:00, 0.0, None 
 48.49, -123.98, 26.0, 2016-01-01 23:32:30, 0.0, None 
 48.31, -122.81, 38.0, 2016-01-01 23:32:30, 0.0, None 
 48.34, -122.79, 37.0, 2016-01-01 23:35:00, 0.0, None 
 48.235, -123.11, 42.0, 2016-01-01 23:37:30, 0.0, None 
 48.64, -123.86, 20.0, 2016-01-01 23:42:30, 0.0, None 
 48.79, -124.12, 60.0, 2016-01-01 23:47:30, 0.0, None 
 48.7, -123.77, 34.0, 2016-01-01 23:50:00, 0.0, None 
 49.0, -124.06, 20.0, 2016-01-01 23:52:30, 0.0, None 
 48.3, -123.21, 60.0, 2016-01-01 23:55:00, 0.0, None 
 48.19, -122.88, 20.0, 2016-01-02 00:02:30, 0.0, None 
 48.285, -122.97, 20.0, 2016-01-02 00:05:00, 0.0, None 
 48.69, -123.74, 34.0, 2016-01-02 00:07:30, 0.0, None 
 48.16, -122.9, 31.0, 2016-01-02 00:07:30, 0.0, None 
 48.27, -123.035, 60.0, 2016-01-02 00:10:00, 0.0, None 
 48.39, -123.6, 20.0, 2016-01-02 00:12:30, 0.0, None 
 48.29, -123.05, 38.5, 2016-01-02 00:12:30, 0.0, None 
 48.22, -123.33, 60.0, 2016-01-02 00:15:00, 0.0, None 
 48.22, -123.05, 20.0, 2016-01-02 00:17:30, 0.0, None 
 48.21, -123.55, 20.0, 2016-01-02 00:22:30, 0.0, None 
 48.08, -123.51, 38.0, 2016-01-02 00:27:30, 0.0, None 
 48.36, -123.4, 60.0, 2016-01-02 00:30:00, 0.0, None 
 48.43, -123.43, 35.0, 2016-01-02 00:40:00, 0.0, None 
 48.57, -123.62, 20.0, 2016-01-02 00:42:30, 0.0, None 
 48.61, -123.72, 40.0, 2016-01-02 00:50:00, 0.0, None 
 48.97, -124.08, 20.0, 2016-01-02 00:52:30, 0.0, None 
 48.63, -123.71, 20.0, 2016-01-02 00:52:30, 0.0, None 
 48.2, -123.45, 20.0, 2016-01-02 01:02:30, 0.0, None 
 48.97, -124.03, 20.0, 2016-01-02 01:07:30, 0.0, None 
 48.64, -123.675, 20.0, 2016-01-02 01:10:00, 0.0, None 
 48.215, -123.07, 60.0, 2016-01-02 01:10:00, 0.0, None 
 48.62, -123.67, 20.0, 2016-01-02 01:12:30, 0.0, None 
 48.11, -123.8, 53.5, 2016-01-02 01:17:30, 0.0, None 
 48.66, -123.79, 20.0, 2016-01-02 01:25:00, 0.0, None 
 48.03, -123.79, 20.0, 2016-01-02 01:27:30, 0.0, None 
 48.305, -123.41, 20.0, 2016-01-02 01:32:30, 0.0, None 
 48.97, -124.06, 20.0, 2016-01-02 01:35:00, 0.0, None 
 48.293, -123.43, 21.2, 2016-01-02 01:35:00, 0.0, None 
 48.28, -123.40700000000001, 20.0, 2016-01-02 01:37:30, 0.0, None 
 48.275, -123.415, 20.0, 2016-01-02 01:40:00, 0.0, None 
 48.278, -123.428, 29.0, 2016-01-02 01:42:30, 0.0, None 
 48.265, -123.45299999999999, 52.0, 2016-01-02 01:45:00, 0.0, None 
 48.11, -123.71, 29.0, 2016-01-02 01:47:30, 0.0, None 
 48.125, -123.65, 22.0, 2016-01-02 01:50:00, 0.0, None 
 48.11, -123.765, 49.5, 2016-01-02 01:52:30, 0.0, None 
 48.85, -124.06, 20.0, 2016-01-02 02:02:30, 0.0, None 
 48.09, -123.47, 37.0, 2016-01-02 02:02:30, 0.0, None 
 48.135, -123.765, 60.0, 2016-01-02 02:05:00, 0.0, None 
 48.19, -123.5, 25.8, 2016-01-02 02:07:30, 0.0, None 
 48.19, -123.44200000000001, 36.5, 2016-01-02 02:10:00, 0.0, None 
 48.26, -123.475, 20.0, 2016-01-02 02:12:30, 0.0, None 
 48.258, -123.47, 20.0, 2016-01-02 02:15:00, 0.0, None 
 48.21, -123.5, 20.0, 2016-01-02 02:17:30, 0.0, None 
 48.175, -123.565, 20.0, 2016-01-02 02:20:00, 0.0, None 
 48.095, -123.60700000000001, 26.0, 2016-01-02 02:22:30, 0.0, None 
 48.18, -123.47, 51.0, 2016-01-02 02:25:00, 0.0, None 
 48.088, -123.63, 28.5, 2016-01-02 02:27:30, 0.0, None 
 48.08, -123.67, 20.0, 2016-01-02 02:30:00, 0.0, None 
 48.21, -123.45, 39.5, 2016-01-02 02:35:00, 0.0, None 
 48.29, -123.29, 24.5, 2016-01-02 02:37:30, 0.0, None 
 48.28, -123.22, 31.0, 2016-01-02 02:40:00, 0.0, None 
 48.31, -123.11, 47.0, 2016-01-02 02:42:30, 0.0, None 
 48.155, -123.51, 41.5, 2016-01-02 02:45:00, 0.0, None 
 48.085, -123.65, 40.0, 2016-01-02 02:47:30, 0.0, None 
 48.2, -123.69, 28.0, 2016-01-02 02:50:00, 0.0, None 
 48.103, -123.665, 44.0, 2016-01-02 02:52:30, 0.0, None 
 48.2, -123.62, 53.0, 2016-01-02 02:57:30, 0.0, None 
 48.19, -123.6, 36.0, 2016-01-02 03:00:00, 0.0, None 
 48.19, -123.31, 60.0, 2016-01-02 03:02:30, 0.0, None 
 48.305, -123.555, 28.0, 2016-01-02 03:05:00, 0.0, None 
 48.29, -123.575, 32.0, 2016-01-02 03:07:30, 0.0, None 
 48.3, -123.59, 41.0, 2016-01-02 03:10:00, 0.0, None 
 48.498000000000005, -123.573, 29.0, 2016-01-02 03:12:30, 0.0, None 
 48.605, -123.595, 60.0, 2016-01-02 03:15:00, 0.0, None 
 48.325, -123.68, 60.0, 2016-01-02 03:15:00, 0.0, None 
 48.195, -123.495, 51.5, 2016-01-02 03:17:30, 0.0, None 
 48.198, -123.21799999999999, 36.0, 2016-01-02 03:20:00, 0.0, None 
 48.39, -123.39, 37.0, 2016-01-02 03:22:30, 0.0, None 
 48.3, -123.325, 35.0, 2016-01-02 03:25:00, 0.0, None 
 48.305, -123.385, 27.5, 2016-01-02 03:27:30, 0.0, None 
 48.3, -123.17, 20.0, 2016-01-02 03:35:00, 0.0, None 
 48.29, -123.455, 34.0, 2016-01-02 03:40:00, 0.0, None 
 48.24, -123.36, 42.8, 2016-01-02 03:42:30, 0.0, None 
 48.29, -123.2, 29.0, 2016-01-02 03:45:00, 0.0, None 
 48.05, -123.3, 33.0, 2016-01-02 03:47:30, 0.0, None 
 48.29, -123.48299999999999, 20.8, 2016-01-02 03:50:00, 0.0, None 
 48.295, -123.5, 22.5, 2016-01-02 03:52:30, 0.0, None 
 48.145, -123.625, 38.0, 2016-01-02 03:55:00, 0.0, None 
 48.6, -124.04, 60.0, 2016-01-02 03:57:30, 0.0, None 
 48.145, -123.475, 60.0, 2016-01-02 03:57:30, 0.0, None 
 48.315, -123.243, 20.0, 2016-01-02 04:02:30, 0.0, None 
 48.14, -123.5, 60.0, 2016-01-02 04:10:00, 0.0, None 
 48.34, -123.225, 34.5, 2016-01-02 04:17:30, 0.0, None 
 48.34, -123.24, 31.8, 2016-01-02 04:20:00, 0.0, None 
 48.015, -123.66, 20.0, 2016-01-02 04:25:00, 0.0, None 
 48.34, -123.22, 29.0, 2016-01-02 04:30:00, 0.0, None 
 48.21, -123.215, 40.5, 2016-01-02 04:35:00, 0.0, None 
 47.99, -123.625, 20.0, 2016-01-02 04:35:00, 0.0, None 
 48.95, -124.05, 26.0, 2016-01-02 04:37:30, 0.0, None 
 48.207, -123.44, 28.2, 2016-01-02 04:37:30, 0.0, None 
 48.235, -123.43, 35.0, 2016-01-02 04:40:00, 0.0, None 
 48.088, -123.40700000000001, 20.0, 2016-01-02 04:45:00, 0.0, None 
 48.15, -123.19, 41.5, 2016-01-02 04:47:30, 0.0, None 
 48.16, -123.15, 37.0, 2016-01-02 04:50:00, 0.0, None 
 48.26, -123.382, 20.0, 2016-01-02 04:52:30, 0.0, None 
 48.285, -123.435, 23.2, 2016-01-02 04:55:00, 0.0, None 
 48.273, -123.385, 44.0, 2016-01-02 04:57:30, 0.0, None 
 48.18, -122.92, 37.5, 2016-01-02 05:00:00, 0.0, None 
 48.28, -123.16, 60.0, 2016-01-02 05:02:30, 0.0, None 
 48.17, -123.08, 31.0, 2016-01-02 05:05:00, 0.0, None 
 48.42, -123.52, 60.0, 2016-01-02 05:07:30, 0.0, None 
 48.16, -123.57, 43.0, 2016-01-02 05:07:30, 0.0, None 
 48.205, -122.98, 42.0, 2016-01-02 05:17:30, 0.0, None 
 48.205, -123.27, 26.5, 2016-01-02 05:20:00, 0.0, None 
 48.255, -123.14, 36.8, 2016-01-02 05:22:30, 0.0, None 
 48.28, -123.03200000000001, 20.5, 2016-01-02 05:25:00, 0.0, None 
 48.26, -123.135, 21.5, 2016-01-02 05:27:30, 0.0, None 
 48.18, -123.125, 52.5, 2016-01-02 05:30:00, 0.0, None 
 48.27, -123.035, 27.0, 2016-01-02 05:32:30, 0.0, None 
 48.23, -122.985, 48.5, 2016-01-02 05:35:00, 0.0, None 
 48.285, -123.13, 36.0, 2016-01-02 05:37:30, 0.0, None 
 48.295, -123.145, 40.5, 2016-01-02 05:40:00, 0.0, None 
 48.18, -123.37, 60.0, 2016-01-02 05:42:30, 0.0, None 
 48.01, -122.84, 32.0, 2016-01-02 05:47:30, 0.0, None 
 48.12, -123.005, 38.0, 2016-01-02 05:50:00, 0.0, None 
 48.17, -122.99, 60.0, 2016-01-02 05:57:30, 0.0, None 
 47.98, -122.96, 60.0, 2016-01-02 06:00:00, 0.0, None 
 48.09, -122.8, 47.0, 2016-01-02 06:05:00, 0.0, None 
 48.3, -123.61, 60.0, 2016-01-02 06:07:30, 0.0, None 
 48.06, -123.68, 33.0, 2016-01-02 06:10:00, 0.0, None 
 48.02, -123.67, 41.0, 2016-01-02 06:12:30, 0.0, None 
 48.38, -123.665, 52.5, 2016-01-02 06:15:00, 0.0, None 
 48.69, -123.73, 41.0, 2016-01-02 06:20:00, 0.0, None 
 48.305, -123.19, 41.0, 2016-01-02 06:25:00, 0.0, None 
 48.195, -123.21, 30.0, 2016-01-02 06:27:30, 0.0, None 
 48.6, -123.77, 60.0, 2016-01-02 06:30:00, 0.0, None 
 48.59, -123.54, 38.0, 2016-01-02 06:32:30, 0.0, None 
 48.61, -123.585, 35.5, 2016-01-02 06:35:00, 0.0, None 
 48.6, -123.595, 41.0, 2016-01-02 06:37:30, 0.0, None 
 48.61, -123.57, 40.0, 2016-01-02 06:40:00, 0.0, None 
 48.23, -123.11, 27.5, 2016-01-02 06:40:00, 0.0, None 
 48.6, -123.6, 41.0, 2016-01-02 06:42:30, 0.0, None 
 48.61, -123.5, 50.5, 2016-01-02 06:47:30, 0.0, None 
 48.5, -123.555, 34.8, 2016-01-02 06:50:00, 0.0, None 
 48.32, -123.41, 37.0, 2016-01-02 06:52:30, 0.0, None 
 48.14, -123.2, 60.0, 2016-01-02 06:52:30, 0.0, None 
 48.09, -123.69, 20.0, 2016-01-02 06:55:00, 0.0, None 
 48.33, -123.49, 20.0, 2016-01-02 06:55:00, 0.0, None 
 48.23, -123.43, 22.0, 2016-01-02 07:00:00, 0.0, None 
 48.2, -123.29, 47.5, 2016-01-02 07:02:30, 0.0, None 
 48.72, -123.67, 20.0, 2016-01-02 07:05:00, 0.0, None 
 48.655, -123.59, 35.5, 2016-01-02 07:07:30, 0.0, None 
 48.17, -123.48, 26.5, 2016-01-02 07:07:30, 0.0, None 
 48.28, -123.365, 20.2, 2016-01-02 07:10:00, 0.0, None 
 48.99, -124.08, 20.0, 2016-01-02 07:12:30, 0.0, None 
 48.275, -123.405, 20.0, 2016-01-02 07:12:30, 0.0, None 
 48.26, -123.435, 20.0, 2016-01-02 07:15:00, 0.0, None 
 48.05, -122.96, 26.0, 2016-01-02 07:15:00, 0.0, None 
 48.36, -123.445, 60.0, 2016-01-02 07:20:00, 0.0, None 
 48.28, -123.495, 46.5, 2016-01-02 07:22:30, 0.0, None 
 48.58, -123.58, 20.0, 2016-01-02 07:25:00, 0.0, None 
 48.47, -123.44, 33.0, 2016-01-02 07:27:30, 0.0, None 
 48.24, -123.213, 26.5, 2016-01-02 07:30:00, 0.0, None 
 48.185, -123.2, 32.5, 2016-01-02 07:32:30, 0.0, None 
 48.13, -123.48, 35.0, 2016-01-02 07:35:00, 0.0, None 
 48.78, -124.1, 20.0, 2016-01-02 07:37:30, 0.0, None 
 48.23, -123.35, 20.0, 2016-01-02 07:37:30, 0.0, None 
 48.58, -123.73, 20.0, 2016-01-02 07:40:00, 0.0, None 
 48.315, -123.395, 28.0, 2016-01-02 07:40:00, 0.0, None 
 48.61, -123.735, 20.0, 2016-01-02 07:42:30, 0.0, None 
 48.39, -123.615, 20.0, 2016-01-02 07:50:00, 0.0, None 
 48.78, -124.07, 20.0, 2016-01-02 07:52:30, 0.0, None 
 48.35, -123.52, 48.5, 2016-01-02 07:52:30, 0.0, None 
 48.11, -123.41, 54.5, 2016-01-02 07:52:30, 0.0, None 
 48.62, -123.715, 26.0, 2016-01-02 07:55:00, 0.0, None 
 48.17, -123.505, 60.0, 2016-01-02 07:55:00, 0.0, None 
 48.56, -123.7, 60.0, 2016-01-02 07:57:30, 0.0, None 
 48.99, -124.09, 20.0, 2016-01-02 08:00:00, 0.0, None 
 48.225, -123.59700000000001, 20.2, 2016-01-02 08:00:00, 0.0, None 
 48.7, -123.77, 60.0, 2016-01-02 08:02:30, 0.0, None 
 48.68, -123.88, 25.0, 2016-01-02 08:05:00, 0.0, None 
 48.1, -123.64, 27.0, 2016-01-02 08:07:30, 0.0, None 
 48.13, -123.5, 20.0, 2016-01-02 08:10:00, 0.0, None 
 48.14, -123.57, 25.0, 2016-01-02 08:12:30, 0.0, None 
 48.297, -123.595, 41.5, 2016-01-02 08:15:00, 0.0, None 
 48.37, -123.52, 51.0, 2016-01-02 08:17:30, 0.0, None 
 48.88, -124.08, 20.0, 2016-01-02 08:20:00, 0.0, None 
 48.65, -123.835, 23.5, 2016-01-02 08:20:00, 0.0, None 
 48.65, -123.82, 28.0, 2016-01-02 08:22:30, 0.0, None 
 48.66, -123.835, 23.5, 2016-01-02 08:25:00, 0.0, None 
 48.585, -123.785, 20.0, 2016-01-02 08:27:30, 0.0, None 
 48.1, -123.675, 26.5, 2016-01-02 08:27:30, 0.0, None 
 48.12, -123.7, 29.0, 2016-01-02 08:30:00, 0.0, None 
 48.59, -123.87, 30.0, 2016-01-02 08:32:30, 0.0, None 
 48.2, -123.745, 21.0, 2016-01-02 08:32:30, 0.0, None 
 48.86, -124.06, 26.0, 2016-01-02 08:35:00, 0.0, None 
 48.61, -123.84, 29.5, 2016-01-02 08:35:00, 0.0, None 
 48.655, -123.87, 21.0, 2016-01-02 08:37:30, 0.0, None 
 48.645, -123.88, 21.5, 2016-01-02 08:40:00, 0.0, None 
 48.11, -122.98, 48.5, 2016-01-02 08:40:00, 0.0, None 
 48.57, -123.725, 25.5, 2016-01-02 08:42:30, 0.0, None 
 48.09, -123.08, 40.0, 2016-01-02 08:42:30, 0.0, None 
 48.61, -123.86, 29.0, 2016-01-02 08:45:00, 0.0, None 
 48.66, -123.81, 20.0, 2016-01-02 08:47:30, 0.0, None 
 48.57, -123.72, 26.2, 2016-01-02 08:50:00, 0.0, None 
 48.495, -123.69, 48.5, 2016-01-02 08:52:30, 0.0, None 
 48.87, -124.1, 45.0, 2016-01-02 08:55:00, 0.0, None 
 48.5, -123.52, 55.0, 2016-01-02 08:55:00, 0.0, None 
 48.59, -123.74, 20.0, 2016-01-02 09:00:00, 0.0, None 
 48.14, -122.91, 20.0, 2016-01-02 09:00:00, 0.0, None 
 48.78, -124.08, 20.0, 2016-01-02 09:02:30, 0.0, None 
 48.59, -123.73, 20.0, 2016-01-02 09:02:30, 0.0, None 
 48.1, -122.89, 24.0, 2016-01-02 09:02:30, 0.0, None 
 48.32, -123.32, 41.0, 2016-01-02 09:05:00, 0.0, None 
 48.0, -122.81, 60.0, 2016-01-02 09:07:30, 0.0, None 
 48.04, -122.8, 33.5, 2016-01-02 09:10:00, 0.0, None 
 48.58, -123.6, 44.0, 2016-01-02 09:12:30, 0.0, None 
 48.85, -124.13, 44.0, 2016-01-02 09:15:00, 0.0, None 
 48.9, -124.16, 46.0, 2016-01-02 09:17:30, 0.0, None 
 48.58, -123.845, 38.0, 2016-01-02 09:17:30, 0.0, None 
 48.87, -124.18, 41.0, 2016-01-02 09:20:00, 0.0, None 
 48.53, -123.91, 60.0, 2016-01-02 09:20:00, 0.0, None 
 48.6, -123.9, 20.0, 2016-01-02 09:22:30, 0.0, None 
 48.6, -123.91, 26.0, 2016-01-02 09:25:00, 0.0, None 
 48.57, -123.9, 20.0, 2016-01-02 09:27:30, 0.0, None 
 48.605, -123.93, 20.0, 2016-01-02 09:30:00, 0.0, None 
 48.6, -123.8, 40.5, 2016-01-02 09:35:00, 0.0, None 
 48.57, -123.795, 28.5, 2016-01-02 09:37:30, 0.0, None 
 48.8, -124.08, 20.0, 2016-01-02 09:40:00, 0.0, None 
 48.18, -123.42, 20.0, 2016-01-02 09:40:00, 0.0, None 
 48.07, -122.905, 48.0, 2016-01-02 09:40:00, 0.0, None 
 48.59, -123.85, 31.5, 2016-01-02 09:42:30, 0.0, None 
 48.03, -122.77, 20.0, 2016-01-02 09:42:30, 0.0, None 
 48.76, -124.0, 29.0, 2016-01-02 09:45:00, 0.0, None 
 48.49, -123.61, 20.0, 2016-01-02 09:45:00, 0.0, None 
 48.87, -124.09, 20.0, 2016-01-02 09:47:30, 0.0, None 
 48.66, -123.72, 28.0, 2016-01-02 09:47:30, 0.0, None 
 48.7, -123.87, 55.0, 2016-01-02 09:50:00, 0.0, None 
 48.63, -123.97, 35.0, 2016-01-02 09:52:30, 0.0, None 
 48.71, -124.04700000000001, 20.5, 2016-01-02 09:55:00, 0.0, None 
 48.0, -122.98, 31.0, 2016-01-02 10:00:00, 0.0, None 
 48.3, -123.21, 28.0, 2016-01-02 10:02:30, 0.0, None 
 48.25, -123.455, 34.0, 2016-01-02 10:05:00, 0.0, None 
 48.325, -123.382, 40.0, 2016-01-02 10:07:30, 0.0, None 
 48.95, -124.1, 30.0, 2016-01-02 10:10:00, 0.0, None 
 48.435, -123.585, 20.0, 2016-01-02 10:10:00, 0.0, None 
 48.6, -123.95, 35.0, 2016-01-02 10:12:30, 0.0, None 
 48.31, -123.2, 20.0, 2016-01-02 10:17:30, 0.0, None 
 48.2, -123.20700000000001, 30.8, 2016-01-02 10:20:00, 0.0, None 
 48.3, -123.09, 28.0, 2016-01-02 10:22:30, 0.0, None 
 48.255, -123.17, 20.0, 2016-01-02 10:27:30, 0.0, None 
 48.29, -123.285, 28.5, 2016-01-02 10:47:30, 0.0, None 
 48.245, -123.40299999999999, 26.5, 2016-01-02 10:50:00, 0.0, None 
 48.28, -123.405, 20.5, 2016-01-02 10:52:30, 0.0, None 
 48.28, -123.405, 26.8, 2016-01-02 10:55:00, 0.0, None 
 48.27, -123.51, 60.0, 2016-01-02 10:57:30, 0.0, None 
 48.17, -123.415, 39.5, 2016-01-02 11:00:00, 0.0, None 
 48.135, -123.31, 44.8, 2016-01-02 11:02:30, 0.0, None 
 48.1, -123.09, 36.5, 2016-01-02 11:10:00, 0.0, None 
 48.17, -123.13, 51.0, 2016-01-02 11:12:30, 0.0, None 
 48.465, -123.53, 60.0, 2016-01-02 11:20:00, 0.0, None 
 48.0, -122.83, 60.0, 2016-01-02 11:22:30, 0.0, None 
 48.05, -122.97, 60.0, 2016-01-02 11:25:00, 0.0, None 
 47.97, -123.69, 20.0, 2016-01-02 11:27:30, 0.0, None 
 48.03, -123.7, 34.0, 2016-01-02 11:30:00, 0.0, None 
 48.27, -123.0, 38.0, 2016-01-02 11:32:30, 0.0, None 
 48.03, -123.61, 60.0, 2016-01-02 11:35:00, 0.0, None 
 48.05, -123.33, 44.5, 2016-01-02 11:37:30, 0.0, None 
 48.1, -123.07, 28.0, 2016-01-02 11:40:00, 0.0, None 
 48.24, -123.18, 50.0, 2016-01-02 11:45:00, 0.0, None 
 48.19, -123.33, 57.0, 2016-01-02 11:47:30, 0.0, None 
 48.16, -123.35, 60.0, 2016-01-02 11:50:00, 0.0, None 
 48.42, -123.59, 24.0, 2016-01-02 11:52:30, 0.0, None 
 48.075, -123.38, 60.0, 2016-01-02 11:57:30, 0.0, None 
 48.25, -123.18, 20.0, 2016-01-02 12:00:00, 0.0, None 
 48.155, -123.0, 51.0, 2016-01-02 12:02:30, 0.0, None 
 47.965, -122.98, 20.0, 2016-01-02 12:05:00, 0.0, None 
 48.045, -123.055, 60.0, 2016-01-02 12:07:30, 0.0, None 
 48.055, -123.08, 60.0, 2016-01-02 12:10:00, 0.0, None 
 48.32, -123.2, 20.0, 2016-01-02 12:15:00, 0.0, None 
 47.97, -122.79, 23.0, 2016-01-02 12:17:30, 0.0, None 
 47.98, -123.11, 60.0, 2016-01-02 12:25:00, 0.0, None 
 48.04, -122.98, 57.5, 2016-01-02 12:27:30, 0.0, None 
 48.11, -122.905, 60.0, 2016-01-02 12:30:00, 0.0, None 
 47.98, -123.49, 43.0, 2016-01-02 12:32:30, 0.0, None 
 47.98, -123.0, 56.5, 2016-01-02 12:32:30, 0.0, None 
 48.02, -123.47, 52.0, 2016-01-02 12:35:00, 0.0, None 
 47.945, -122.795, 40.0, 2016-01-02 12:37:30, 0.0, None 
 48.32, -123.41, 30.0, 2016-01-02 12:42:30, 0.0, None 
 48.2, -123.12, 48.0, 2016-01-02 12:45:00, 0.0, None 
 48.18, -123.12, 35.0, 2016-01-02 12:47:30, 0.0, None 
 48.09, -123.07, 60.0, 2016-01-02 12:57:30, 0.0, None 
 48.245, -123.315, 20.0, 2016-01-02 13:05:00, 0.0, None 
 48.085, -122.93, 29.0, 2016-01-02 13:27:30, 0.0, None 
 48.08, -123.28, 54.0, 2016-01-02 13:40:00, 0.0, None 
 47.99, -123.365, 58.0, 2016-01-02 13:42:30, 0.0, None 
 48.17, -123.185, 45.5, 2016-01-02 13:45:00, 0.0, None 
 48.195, -123.13, 34.0, 2016-01-02 13:47:30, 0.0, None 
 48.21, -123.17, 33.0, 2016-01-02 13:50:00, 0.0, None 
 48.23, -123.09, 43.0, 2016-01-02 13:52:30, 0.0, None 
 48.0, -123.59, 51.0, 2016-01-02 13:55:00, 0.0, None 
 48.38, -123.295, 51.5, 2016-01-02 13:55:00, 0.0, None 
 48.345, -123.31700000000001, 60.0, 2016-01-02 13:57:30, 0.0, None 
 48.1, -123.405, 60.0, 2016-01-02 14:00:00, 0.0, None 
 48.18, -123.015, 43.0, 2016-01-02 14:02:30, 0.0, None 
 48.185, -123.12299999999999, 40.0, 2016-01-02 14:05:00, 0.0, None 
 48.086999999999996, -123.40299999999999, 60.0, 2016-01-02 14:07:30, 0.0, None 
 48.24, -123.04, 20.0, 2016-01-02 14:10:00, 0.0, None 
 48.255, -123.05799999999999, 20.0, 2016-01-02 14:12:30, 0.0, None 
 48.272, -123.12, 28.5, 2016-01-02 14:15:00, 0.0, None 
 48.2, -123.03200000000001, 40.8, 2016-01-02 14:17:30, 0.0, None 
 48.175, -123.07, 39.0, 2016-01-02 14:20:00, 0.0, None 
 48.185, -123.085, 39.5, 2016-01-02 14:22:30, 0.0, None 
 48.165, -122.975, 20.2, 2016-01-02 14:25:00, 0.0, None 
 48.18, -122.96, 20.0, 2016-01-02 14:27:30, 0.0, None 
 48.17, -123.03, 40.0, 2016-01-02 14:30:00, 0.0, None 
 48.17, -123.01, 34.0, 2016-01-02 14:32:30, 0.0, None 
 48.28, -123.41, 50.0, 2016-01-02 14:35:00, 0.0, None 
 48.27, -123.08, 24.0, 2016-01-02 14:42:30, 0.0, None 
 48.26, -123.14, 25.5, 2016-01-02 14:45:00, 0.0, None 
 48.195, -123.12, 50.5, 2016-01-02 14:47:30, 0.0, None 
 48.213, -123.18, 40.0, 2016-01-02 14:50:00, 0.0, None 
 48.19, -123.665, 25.0, 2016-01-02 14:52:30, 0.0, None 
 48.21, -123.195, 60.0, 2016-01-02 14:57:30, 0.0, None 
 48.205, -123.15, 45.0, 2016-01-02 15:00:00, 0.0, None 
 48.21, -123.09, 20.0, 2016-01-02 15:02:30, 0.0, None 
 48.19, -123.15, 33.5, 2016-01-02 15:05:00, 0.0, None 
 48.185, -123.17, 29.0, 2016-01-02 15:07:30, 0.0, None 
 48.16, -123.22, 47.5, 2016-01-02 15:10:00, 0.0, None 
 48.282, -123.333, 33.0, 2016-01-02 15:12:30, 0.0, None 
 48.263000000000005, -123.33, 35.5, 2016-01-02 15:15:00, 0.0, None 
 48.28, -123.39, 20.0, 2016-01-02 15:17:30, 0.0, None 
 48.26, -123.42, 20.0, 2016-01-02 15:20:00, 0.0, None 
 48.215, -123.5, 30.0, 2016-01-02 15:22:30, 0.0, None 
 48.19, -123.385, 21.2, 2016-01-02 15:25:00, 0.0, None 
 48.93, -124.04, 26.0, 2016-01-02 15:27:30, 0.0, None 
 48.23, -123.4, 20.0, 2016-01-02 15:27:30, 0.0, None 
 48.16, -123.412, 35.5, 2016-01-02 15:30:00, 0.0, None 
 48.195, -123.41, 28.0, 2016-01-02 15:32:30, 0.0, None 
 48.193000000000005, -123.395, 44.8, 2016-01-02 15:35:00, 0.0, None 
 48.18, -123.31, 32.5, 2016-01-02 15:37:30, 0.0, None 
 48.195, -123.215, 34.5, 2016-01-02 15:40:00, 0.0, None 
 48.2, -123.162, 34.0, 2016-01-02 15:42:30, 0.0, None 
 48.29, -123.475, 24.5, 2016-01-02 15:45:00, 0.0, None 
 48.275, -123.415, 22.0, 2016-01-02 15:47:30, 0.0, None 
 48.27, -123.435, 22.8, 2016-01-02 15:50:00, 0.0, None 
 48.29, -123.475, 35.0, 2016-01-02 15:52:30, 0.0, None 
 48.275, -123.43, 20.0, 2016-01-02 15:55:00, 0.0, None 
 48.28, -123.485, 20.0, 2016-01-02 15:57:30, 0.0, None 
 48.235, -123.475, 27.0, 2016-01-02 16:00:00, 0.0, None 
 48.27, -123.512, 20.0, 2016-01-02 16:02:30, 0.0, None 
 48.19, -123.43, 60.0, 2016-01-02 16:05:00, 0.0, None 
 48.255, -123.28, 48.2, 2016-01-02 16:07:30, 0.0, None 
 48.295, -123.493, 26.0, 2016-01-02 16:10:00, 0.0, None 
 48.16, -123.465, 20.0, 2016-01-02 16:15:00, 0.0, None 
 48.29, -123.43, 20.0, 2016-01-02 16:17:30, 0.0, None 
 48.175, -123.42200000000001, 35.5, 2016-01-02 16:22:30, 0.0, None 
 48.085, -123.655, 45.0, 2016-01-02 16:25:00, 0.0, None 
 48.23, -123.36, 60.0, 2016-01-02 16:35:00, 0.0, None 
 48.38, -123.22, 39.0, 2016-01-02 16:37:30, 0.0, None 
 48.065, -123.48, 45.0, 2016-01-02 16:40:00, 0.0, None 
 48.02, -123.65, 20.0, 2016-01-02 16:42:30, 0.0, None 
 48.4, -123.535, 30.0, 2016-01-02 16:45:00, 0.0, None 
 48.09, -123.69, 50.0, 2016-01-02 16:47:30, 0.0, None 
 48.16, -123.745, 40.5, 2016-01-02 16:50:00, 0.0, None 
 48.04, -123.77, 27.0, 2016-01-02 16:52:30, 0.0, None 
 48.1, -123.305, 60.0, 2016-01-02 16:57:30, 0.0, None 
 48.073, -123.59, 34.5, 2016-01-02 17:00:00, 0.0, None 
 48.082, -123.62, 33.2, 2016-01-02 17:02:30, 0.0, None 
 48.11, -123.63, 35.5, 2016-01-02 17:10:00, 0.0, None 
 48.89, -124.16, 20.0, 2016-01-02 17:12:30, 0.0, None 
 48.125, -123.65, 33.0, 2016-01-02 17:12:30, 0.0, None 
 48.2, -123.67, 22.0, 2016-01-02 17:15:00, 0.0, None 
 48.2, -123.63, 33.2, 2016-01-02 17:17:30, 0.0, None 
 48.205, -123.63, 32.8, 2016-01-02 17:20:00, 0.0, None 
 48.77, -124.08, 28.0, 2016-01-02 17:22:30, 0.0, None 
 48.215, -123.66, 26.8, 2016-01-02 17:22:30, 0.0, None 
 48.21, -123.69, 30.8, 2016-01-02 17:25:00, 0.0, None 
 48.255, -123.655, 34.5, 2016-01-02 17:27:30, 0.0, None 
 48.89, -124.09, 21.0, 2016-01-02 17:30:00, 0.0, None 
 48.255, -123.61, 25.0, 2016-01-02 17:30:00, 0.0, None 
 48.245, -123.705, 24.5, 2016-01-02 17:32:30, 0.0, None 
 48.25, -123.7, 24.5, 2016-01-02 17:35:00, 0.0, None 
 48.227, -123.69200000000001, 28.0, 2016-01-02 17:37:30, 0.0, None 
 48.215, -123.725, 25.0, 2016-01-02 17:40:00, 0.0, None 
 48.275, -123.405, 25.0, 2016-01-02 17:42:30, 0.0, None 
 48.27, -123.477, 27.2, 2016-01-02 17:45:00, 0.0, None 
 48.83, -124.11, 20.0, 2016-01-02 17:47:30, 0.0, None 
 48.205, -123.65, 24.8, 2016-01-02 17:47:30, 0.0, None 
 48.34, -123.495, 48.0, 2016-01-02 17:50:00, 0.0, None 
 48.12, -123.7, 60.0, 2016-01-02 17:50:00, 0.0, None 
 48.292, -123.52, 20.0, 2016-01-02 17:52:30, 0.0, None 
 48.275, -123.67, 21.5, 2016-01-02 17:55:00, 0.0, None 
 48.275, -123.6, 28.0, 2016-01-02 18:00:00, 0.0, None 
 48.265, -123.51299999999999, 25.5, 2016-01-02 18:02:30, 0.0, None 
 48.225, -123.58, 47.8, 2016-01-02 18:07:30, 0.0, None 
 48.198, -123.56700000000001, 41.0, 2016-01-02 18:10:00, 0.0, None 
 48.19, -123.54, 29.0, 2016-01-02 18:12:30, 0.0, None 
 48.2, -123.6, 37.0, 2016-01-02 18:15:00, 0.0, None 
 48.225, -123.5, 20.0, 2016-01-02 18:17:30, 0.0, None 
 48.222, -123.465, 20.0, 2016-01-02 18:20:00, 0.0, None 
 48.22, -123.46, 20.0, 2016-01-02 18:22:30, 0.0, None 
 48.23, -123.51, 40.0, 2016-01-02 18:25:00, 0.0, None 
 48.01, -123.7, 30.5, 2016-01-02 18:35:00, 0.0, None 
 48.18, -123.535, 60.0, 2016-01-02 18:37:30, 0.0, None 
 48.23, -123.213, 20.0, 2016-01-02 18:40:00, 0.0, None 
 48.17, -123.06, 29.0, 2016-01-02 18:45:00, 0.0, None 
 48.01, -123.76, 20.0, 2016-01-02 18:50:00, 0.0, None 
 47.86, -123.33, 38.0, 2016-01-02 18:52:30, 0.0, None 
 48.067, -123.62, 34.5, 2016-01-02 18:55:00, 0.0, None 
 48.23, -123.5, 50.0, 2016-01-02 19:02:30, 0.0, None 
 48.1, -123.62, 60.0, 2016-01-02 19:22:30, 0.0, None 
 48.358000000000004, -123.37700000000001, 28.2, 2016-01-02 19:37:30, 0.0, None 
 48.3, -123.37700000000001, 25.8, 2016-01-02 19:40:00, 0.0, None 
 48.09, -123.37, 57.0, 2016-01-02 19:57:30, 0.0, None 
 48.315, -123.56, 49.5, 2016-01-02 20:05:00, 0.0, None 
 48.19, -123.6, 60.0, 2016-01-02 20:07:30, 0.0, None 
 47.995, -123.1, 45.0, 2016-01-02 20:15:00, 0.0, None 
 48.45, -123.48, 20.0, 2016-01-02 20:20:00, 0.0, None 
 48.36, -123.285, 40.0, 2016-01-02 20:32:30, 0.0, None 
 47.985, -123.68, 60.0, 2016-01-02 20:42:30, 0.0, None 
 47.99, -123.12, 38.0, 2016-01-02 20:50:00, 0.0, None 
 47.93, -122.8, 35.0, 2016-01-02 20:52:30, 0.0, None 
 48.23, -123.42, 20.0, 2016-01-02 21:02:30, 0.0, None 
 48.01, -122.9, 37.5, 2016-01-02 21:05:00, 0.0, None 
 48.0, -123.035, 60.0, 2016-01-02 21:07:30, 0.0, None 
 48.08, -123.03, 60.0, 2016-01-02 21:15:00, 0.0, None 
 48.0, -123.67, 20.0, 2016-01-02 21:22:30, 0.0, None 
 48.1, -123.19, 25.0, 2016-01-02 21:25:00, 0.0, None 
 48.06, -123.57, 26.0, 2016-01-02 21:30:00, 0.0, None 
 48.01, -123.575, 22.0, 2016-01-02 21:32:30, 0.0, None 
 48.0, -123.58, 20.0, 2016-01-02 21:35:00, 0.0, None 
 47.99, -123.6, 20.0, 2016-01-02 21:37:30, 0.0, None 
 48.1, -123.585, 31.0, 2016-01-02 21:40:00, 0.0, None 
 48.18, -123.435, 25.5, 2016-01-02 22:00:00, 0.0, None 
 48.19, -123.445, 60.0, 2016-01-02 22:02:30, 0.0, None 
 48.94, -124.14, 20.0, 2016-01-02 22:05:00, 0.0, None 
 48.195, -123.368, 36.5, 2016-01-02 22:05:00, 0.0, None 
 48.19, -123.365, 36.8, 2016-01-02 22:07:30, 0.0, None 
 48.17, -123.37, 44.0, 2016-01-02 22:10:00, 0.0, None 
 48.195, -123.475, 32.0, 2016-01-02 22:12:30, 0.0, None 
 48.135, -123.465, 33.5, 2016-01-02 22:15:00, 0.0, None 
 48.63, -124.39, 20.0, 2016-01-02 22:25:00, 0.0, None 
 48.03, -123.16, 25.0, 2016-01-02 22:25:00, 0.0, None 
 48.59, -124.37, 20.0, 2016-01-02 22:27:30, 0.0, None 
 48.03, -123.695, 49.0, 2016-01-02 22:32:30, 0.0, None 
 48.59, -124.4, 33.5, 2016-01-02 22:35:00, 0.0, None 
 48.03, -123.71, 20.0, 2016-01-02 22:37:30, 0.0, None 
 48.12, -123.3, 36.0, 2016-01-02 22:47:30, 0.0, None 
 48.01, -123.68, 20.0, 2016-01-02 22:50:00, 0.0, None 
 48.02, -123.69, 20.0, 2016-01-02 22:52:30, 0.0, None 
 47.99, -123.74, 20.0, 2016-01-02 22:55:00, 0.0, None 
 48.04, -123.435, 40.0, 2016-01-02 23:00:00, 0.0, None 
 48.03, -123.65, 20.0, 2016-01-02 23:02:30, 0.0, None 
 48.05, -123.66, 20.0, 2016-01-02 23:05:00, 0.0, None 
 48.19, -123.445, 42.5, 2016-01-02 23:07:30, 0.0, None 
 48.095, -123.515, 20.0, 2016-01-02 23:10:00, 0.0, None 
 48.05, -123.48, 20.0, 2016-01-02 23:25:00, 0.0, None 
 48.05, -122.8, 20.0, 2016-01-02 23:30:00, 0.0, None 
 48.205, -123.335, 55.5, 2016-01-02 23:35:00, 0.0, None 
 48.08, -123.005, 60.0, 2016-01-02 23:42:30, 0.0, None 
 48.06, -123.255, 38.0, 2016-01-02 23:55:00, 0.0, None 
 48.05, -123.58, 20.0, 2016-01-03 00:02:30, 0.0, None 
 47.95, -123.37, 20.0, 2016-01-03 00:05:00, 0.0, None 
 48.16, -123.42, 60.0, 2016-01-03 00:15:00, 0.0, None 
 48.5, -123.6, 35.0, 2016-01-03 00:22:30, 0.0, None 
 48.06, -123.1, 50.0, 2016-01-03 00:25:00, 0.0, None 
 48.29, -123.11, 26.0, 2016-01-03 00:35:00, 0.0, None 
 48.075, -123.03, 37.5, 2016-01-03 00:52:30, 0.0, None 
 48.056999999999995, -123.05, 43.0, 2016-01-03 00:55:00, 0.0, None 
 48.37, -123.27, 60.0, 2016-01-03 00:57:30, 0.0, None 
 47.98, -122.93, 60.0, 2016-01-03 01:00:00, 0.0, None 
 47.98, -122.945, 60.0, 2016-01-03 01:02:30, 0.0, None 
 48.117, -123.18299999999999, 37.0, 2016-01-03 01:05:00, 0.0, None 
 48.18, -122.86, 30.0, 2016-01-03 01:07:30, 0.0, None 
 48.21, -123.215, 20.0, 2016-01-03 01:10:00, 0.0, None 
 48.08, -122.915, 40.0, 2016-01-03 01:10:00, 0.0, None 
 48.275, -123.3, 26.8, 2016-01-03 01:12:30, 0.0, None 
 48.28, -123.345, 33.2, 2016-01-03 01:15:00, 0.0, None 
 48.205, -123.525, 50.0, 2016-01-03 01:17:30, 0.0, None 
 48.285, -123.44, 46.5, 2016-01-03 01:20:00, 0.0, None 
 48.245, -123.34, 36.0, 2016-01-03 01:22:30, 0.0, None 
 48.165, -123.4, 56.0, 2016-01-03 01:25:00, 0.0, None 
 47.96, -122.91, 33.0, 2016-01-03 01:32:30, 0.0, None 
 48.09, -123.34, 31.0, 2016-01-03 01:37:30, 0.0, None 
 48.135, -123.23299999999999, 46.2, 2016-01-03 01:42:30, 0.0, None 
 48.23, -123.36, 35.0, 2016-01-03 01:45:00, 0.0, None 
 48.73, -124.205, 55.5, 2016-01-03 01:47:30, 0.0, None 
 48.235, -123.382, 20.0, 2016-01-03 01:47:30, 0.0, None 
 48.19, -123.2, 31.0, 2016-01-03 01:50:00, 0.0, None 
 48.17, -123.11, 35.0, 2016-01-03 01:52:30, 0.0, None 
 48.36, -123.22, 60.0, 2016-01-03 01:57:30, 0.0, None 
 48.11, -123.09, 36.0, 2016-01-03 02:00:00, 0.0, None 
 48.0, -122.9, 60.0, 2016-01-03 02:02:30, 0.0, None 
 48.17, -123.19, 20.0, 2016-01-03 02:05:00, 0.0, None 
 48.095, -123.16, 30.0, 2016-01-03 02:07:30, 0.0, None 
 48.03, -123.09, 37.5, 2016-01-03 02:10:00, 0.0, None 
 48.005, -123.28, 60.0, 2016-01-03 02:12:30, 0.0, None 
 48.03, -123.14, 51.0, 2016-01-03 02:15:00, 0.0, None 
 48.09, -123.39, 58.0, 2016-01-03 02:20:00, 0.0, None 
 47.95, -123.56, 52.0, 2016-01-03 02:25:00, 0.0, None 
 48.07, -123.12700000000001, 37.5, 2016-01-03 02:27:30, 0.0, None 
 48.04, -123.075, 41.0, 2016-01-03 02:30:00, 0.0, None 
 48.06, -122.9, 37.0, 2016-01-03 02:32:30, 0.0, None 
 48.03, -123.085, 39.0, 2016-01-03 02:35:00, 0.0, None 
 48.01, -123.09, 41.0, 2016-01-03 02:37:30, 0.0, None 
 48.2, -123.21, 47.0, 2016-01-03 02:42:30, 0.0, None 
 48.14, -123.16, 33.0, 2016-01-03 02:47:30, 0.0, None 
 48.18, -123.12, 50.0, 2016-01-03 02:50:00, 0.0, None 
 48.195, -123.09, 38.5, 2016-01-03 02:52:30, 0.0, None 
 48.16, -123.26, 58.8, 2016-01-03 02:55:00, 0.0, None 
 48.19, -123.125, 60.0, 2016-01-03 02:57:30, 0.0, None 
 48.2, -123.09, 28.5, 2016-01-03 03:00:00, 0.0, None 
 48.175, -123.215, 60.0, 2016-01-03 03:02:30, 0.0, None 
 48.27, -123.13, 42.0, 2016-01-03 03:05:00, 0.0, None 
 48.22, -123.18, 49.0, 2016-01-03 03:07:30, 0.0, None 
 48.255, -123.05, 29.0, 2016-01-03 03:10:00, 0.0, None 
 48.25, -123.08, 39.0, 2016-01-03 03:12:30, 0.0, None 
 48.26, -123.15, 35.2, 2016-01-03 03:15:00, 0.0, None 
 48.03, -123.44, 20.0, 2016-01-03 03:25:00, 0.0, None 
 48.07, -123.47, 20.0, 2016-01-03 03:27:30, 0.0, None 
 48.31, -123.205, 20.0, 2016-01-03 03:27:30, 0.0, None 
 48.3, -123.11, 20.0, 2016-01-03 03:32:30, 0.0, None 
 48.153, -123.27, 20.0, 2016-01-03 03:37:30, 0.0, None 
 48.7, -124.16, 40.0, 2016-01-03 03:40:00, 0.0, None 
 48.245, -123.30799999999999, 22.0, 2016-01-03 03:40:00, 0.0, None 
 48.285, -123.01, 20.0, 2016-01-03 03:45:00, 0.0, None 
 48.265, -123.035, 25.8, 2016-01-03 03:47:30, 0.0, None 
 48.245, -122.965, 36.0, 2016-01-03 03:50:00, 0.0, None 
 48.25, -123.13, 30.5, 2016-01-03 03:52:30, 0.0, None 
 48.22, -123.09, 29.0, 2016-01-03 03:55:00, 0.0, None 
 48.21, -123.195, 60.0, 2016-01-03 03:57:30, 0.0, None 
 48.23, -123.15, 60.0, 2016-01-03 04:00:00, 0.0, None 
 48.24, -123.23, 60.0, 2016-01-03 04:02:30, 0.0, None 
 48.22, -122.98, 20.0, 2016-01-03 04:05:00, 0.0, None 
 48.108000000000004, -123.56200000000001, 20.0, 2016-01-03 04:07:30, 0.0, None 
 48.2, -123.25, 35.0, 2016-01-03 04:10:00, 0.0, None 
 48.21, -123.28, 60.0, 2016-01-03 04:15:00, 0.0, None 
 48.22, -123.315, 56.5, 2016-01-03 04:17:30, 0.0, None 
 48.37, -123.03, 24.5, 2016-01-03 04:20:00, 0.0, None 
 48.325, -123.07, 46.0, 2016-01-03 04:22:30, 0.0, None 
 48.285, -123.16, 45.5, 2016-01-03 04:25:00, 0.0, None 
 48.09, -123.6, 39.0, 2016-01-03 04:37:30, 0.0, None 
 48.11, -123.68, 33.0, 2016-01-03 04:40:00, 0.0, None 
 48.135, -123.53, 27.0, 2016-01-03 04:42:30, 0.0, None 
 48.183, -123.35, 34.5, 2016-01-03 04:45:00, 0.0, None 
 48.188, -123.4, 42.8, 2016-01-03 04:47:30, 0.0, None 
 48.25, -123.47, 20.0, 2016-01-03 04:50:00, 0.0, None 
 48.28, -123.45, 20.0, 2016-01-03 04:52:30, 0.0, None 
 48.3, -123.47, 45.0, 2016-01-03 04:55:00, 0.0, None 
 48.28, -123.40700000000001, 53.2, 2016-01-03 04:57:30, 0.0, None 
 48.27, -123.48, 21.2, 2016-01-03 05:00:00, 0.0, None 
 48.265, -123.48200000000001, 20.0, 2016-01-03 05:02:30, 0.0, None 
 48.31, -123.385, 60.0, 2016-01-03 05:12:30, 0.0, None 
 48.28, -123.48, 27.0, 2016-01-03 05:15:00, 0.0, None 
 48.22, -123.23, 60.0, 2016-01-03 05:20:00, 0.0, None 
 48.28, -123.65, 60.0, 2016-01-03 05:22:30, 0.0, None 
 48.251999999999995, -123.14, 44.0, 2016-01-03 05:25:00, 0.0, None 
 48.312, -123.125, 57.0, 2016-01-03 05:27:30, 0.0, None 
 48.25, -123.19, 60.0, 2016-01-03 05:30:00, 0.0, None 
 48.13, -123.61, 45.0, 2016-01-03 05:37:30, 0.0, None 
 48.04, -123.49, 49.0, 2016-01-03 05:40:00, 0.0, None 
 48.222, -123.055, 37.5, 2016-01-03 05:42:30, 0.0, None 
 48.25, -123.18, 46.2, 2016-01-03 05:45:00, 0.0, None 
 48.005, -123.42, 30.5, 2016-01-03 05:50:00, 0.0, None 
 48.31, -123.41, 60.0, 2016-01-03 06:02:30, 0.0, None 
 47.925, -123.425, 55.5, 2016-01-03 06:05:00, 0.0, None 
 48.29, -123.105, 20.0, 2016-01-03 06:05:00, 0.0, None 
 48.325, -123.02, 27.0, 2016-01-03 06:07:30, 0.0, None 
 48.305, -123.0, 29.2, 2016-01-03 06:10:00, 0.0, None 
 48.1, -123.71, 39.0, 2016-01-03 06:15:00, 0.0, None 
 48.04, -123.75, 40.0, 2016-01-03 06:17:30, 0.0, None 
 48.126999999999995, -123.345, 34.5, 2016-01-03 06:20:00, 0.0, None 
 48.04, -123.255, 45.5, 2016-01-03 06:22:30, 0.0, None 
 48.1, -123.285, 30.0, 2016-01-03 06:25:00, 0.0, None 
 48.59, -124.26, 39.0, 2016-01-03 06:30:00, 0.0, None 
 48.26, -123.13, 28.5, 2016-01-03 06:30:00, 0.0, None 
 48.59, -124.23, 39.0, 2016-01-03 06:32:30, 0.0, None 
 48.13, -123.64, 41.0, 2016-01-03 06:32:30, 0.0, None 
 48.1, -123.31, 26.0, 2016-01-03 06:37:30, 0.0, None 
 48.84, -124.27, 31.0, 2016-01-03 06:40:00, 0.0, None 
 48.1, -123.66, 20.0, 2016-01-03 06:40:00, 0.0, None 
 48.56, -124.08, 35.0, 2016-01-03 06:42:30, 0.0, None 
 48.11, -123.67, 20.0, 2016-01-03 06:42:30, 0.0, None 
 48.29, -123.63, 44.0, 2016-01-03 06:45:00, 0.0, None 
 48.198, -123.655, 43.0, 2016-01-03 06:47:30, 0.0, None 
 48.75, -124.16, 20.0, 2016-01-03 06:50:00, 0.0, None 
 48.305, -123.477, 47.5, 2016-01-03 06:50:00, 0.0, None 
 48.79, -124.21, 29.0, 2016-01-03 06:52:30, 0.0, None 
 48.37, -123.395, 49.5, 2016-01-03 06:52:30, 0.0, None 
 48.785, -124.23, 29.0, 2016-01-03 06:55:00, 0.0, None 
 48.24, -123.015, 60.0, 2016-01-03 06:57:30, 0.0, None 
 48.165, -123.245, 37.5, 2016-01-03 07:00:00, 0.0, None 
 48.61, -124.13, 46.0, 2016-01-03 07:02:30, 0.0, None 
 48.585, -124.09, 42.5, 2016-01-03 07:05:00, 0.0, None 
 48.02, -123.31, 20.0, 2016-01-03 07:05:00, 0.0, None 
 48.58, -124.025, 35.0, 2016-01-03 07:07:30, 0.0, None 
 48.08, -123.09, 38.0, 2016-01-03 07:07:30, 0.0, None 
 48.64, -124.09, 26.0, 2016-01-03 07:10:00, 0.0, None 
 48.615, -124.088, 27.5, 2016-01-03 07:12:30, 0.0, None 
 48.73, -124.1, 40.0, 2016-01-03 07:15:00, 0.0, None 
 48.42, -123.95, 60.0, 2016-01-03 07:15:00, 0.0, None 
 48.33, -123.19, 60.0, 2016-01-03 07:15:00, 0.0, None 
 48.62, -124.12, 41.5, 2016-01-03 07:17:30, 0.0, None 
 48.26, -123.47, 54.5, 2016-01-03 07:20:00, 0.0, None 
 48.425, -123.885, 49.0, 2016-01-03 07:22:30, 0.0, None 
 48.26, -123.49, 44.5, 2016-01-03 07:22:30, 0.0, None 
 48.77, -124.1, 28.0, 2016-01-03 07:37:30, 0.0, None 
 48.205, -123.435, 39.8, 2016-01-03 07:37:30, 0.0, None 
 48.585, -124.23, 41.0, 2016-01-03 07:40:00, 0.0, None 
 48.2, -123.34, 53.0, 2016-01-03 07:40:00, 0.0, None 
 48.82, -124.29, 20.0, 2016-01-03 07:42:30, 0.0, None 
 48.255, -123.435, 28.8, 2016-01-03 07:42:30, 0.0, None 
 48.215, -123.397, 30.8, 2016-01-03 07:45:00, 0.0, None 
 48.19, -123.46, 20.0, 2016-01-03 07:47:30, 0.0, None 
 48.17, -123.445, 50.8, 2016-01-03 07:50:00, 0.0, None 
 48.8, -124.27, 60.0, 2016-01-03 07:52:30, 0.0, None 
 48.24, -123.455, 46.8, 2016-01-03 07:52:30, 0.0, None 
 48.6, -124.11, 31.5, 2016-01-03 07:55:00, 0.0, None 
 48.6, -124.11, 35.0, 2016-01-03 08:00:00, 0.0, None 
 48.1, -123.115, 50.0, 2016-01-03 08:00:00, 0.0, None 
 48.635, -124.205, 22.5, 2016-01-03 08:02:30, 0.0, None 
 48.638000000000005, -124.177, 26.5, 2016-01-03 08:05:00, 0.0, None 
 48.625, -124.165, 22.5, 2016-01-03 08:07:30, 0.0, None 
 48.7, -124.14, 20.0, 2016-01-03 08:10:00, 0.0, None 
 48.87, -124.18, 20.0, 2016-01-03 08:12:30, 0.0, None 
 48.57, -123.985, 35.0, 2016-01-03 08:12:30, 0.0, None 
 48.66, -124.03, 56.0, 2016-01-03 08:15:00, 0.0, None 
 48.12, -123.51, 60.0, 2016-01-03 08:17:30, 0.0, None 
 48.13, -123.365, 32.0, 2016-01-03 08:20:00, 0.0, None 
 48.6, -124.13, 20.0, 2016-01-03 08:25:00, 0.0, None 
 48.64, -124.28, 40.0, 2016-01-03 08:27:30, 0.0, None 
 48.67, -124.07, 31.0, 2016-01-03 08:32:30, 0.0, None 
 48.08, -123.26, 59.5, 2016-01-03 08:32:30, 0.0, None 
 48.8, -124.17, 20.0, 2016-01-03 08:35:00, 0.0, None 
 48.635, -124.17, 30.0, 2016-01-03 08:37:30, 0.0, None 
 48.155, -123.255, 44.0, 2016-01-03 08:37:30, 0.0, None 
 48.69, -124.1, 20.0, 2016-01-03 08:40:00, 0.0, None 
 48.13, -123.18, 50.0, 2016-01-03 08:40:00, 0.0, None 
 48.13, -123.07, 51.5, 2016-01-03 08:42:30, 0.0, None 
 48.01, -122.92, 60.0, 2016-01-03 08:45:00, 0.0, None 
 48.195, -122.91, 45.0, 2016-01-03 08:47:30, 0.0, None 
 48.24, -123.055, 46.2, 2016-01-03 08:50:00, 0.0, None 
 48.263000000000005, -123.01700000000001, 39.5, 2016-01-03 08:52:30, 0.0, None 
 48.178000000000004, -123.04700000000001, 54.5, 2016-01-03 08:55:00, 0.0, None 
 48.15, -123.465, 60.0, 2016-01-03 08:57:30, 0.0, None 
 48.11, -123.29700000000001, 54.0, 2016-01-03 09:00:00, 0.0, None 
 48.27, -123.115, 47.0, 2016-01-03 09:02:30, 0.0, None 
 47.8, -123.79, 60.0, 2016-01-03 09:05:00, 0.0, None 
 48.08, -123.3, 41.0, 2016-01-03 09:05:00, 0.0, None 
 48.215, -123.12, 37.0, 2016-01-03 09:07:30, 0.0, None 
 48.17, -122.895, 46.0, 2016-01-03 09:10:00, 0.0, None 
 48.89, -124.16, 22.0, 2016-01-03 09:15:00, 0.0, None 
 48.51, -123.91, 39.0, 2016-01-03 09:15:00, 0.0, None 
 48.87, -124.11, 20.0, 2016-01-03 09:17:30, 0.0, None 
 48.76, -124.18, 49.0, 2016-01-03 09:20:00, 0.0, None 
 48.13, -123.315, 57.0, 2016-01-03 09:22:30, 0.0, None 
 48.16, -123.4, 44.0, 2016-01-03 09:25:00, 0.0, None 
 47.82, -123.6, 20.0, 2016-01-03 09:27:30, 0.0, None 
 48.28, -123.53, 20.0, 2016-01-03 09:30:00, 0.0, None 
 48.075, -123.34, 57.5, 2016-01-03 09:30:00, 0.0, None 
 48.228, -123.52, 28.2, 2016-01-03 09:32:30, 0.0, None 
 48.15, -122.9, 29.0, 2016-01-03 09:35:00, 0.0, None 
 47.9, -123.6, 56.0, 2016-01-03 09:42:30, 0.0, None 
 48.28, -122.92, 21.0, 2016-01-03 09:45:00, 0.0, None 
 48.093, -123.365, 46.2, 2016-01-03 09:47:30, 0.0, None 
 48.18, -123.665, 20.0, 2016-01-03 09:50:00, 0.0, None 
 48.0, -123.31, 60.0, 2016-01-03 09:52:30, 0.0, None 
 48.04, -123.535, 44.5, 2016-01-03 09:55:00, 0.0, None 
 48.095, -123.58, 60.0, 2016-01-03 09:57:30, 0.0, None 
 48.188, -123.65299999999999, 25.5, 2016-01-03 10:00:00, 0.0, None 
 48.108000000000004, -123.575, 38.5, 2016-01-03 10:02:30, 0.0, None 
 48.065, -123.65299999999999, 33.0, 2016-01-03 10:05:00, 0.0, None 
 48.14, -123.61, 26.0, 2016-01-03 10:07:30, 0.0, None 
 48.13, -123.57, 31.5, 2016-01-03 10:10:00, 0.0, None 
 48.08, -123.56700000000001, 43.0, 2016-01-03 10:12:30, 0.0, None 
 48.088, -123.553, 36.5, 2016-01-03 10:15:00, 0.0, None 
 48.1, -123.545, 35.5, 2016-01-03 10:17:30, 0.0, None 
 48.18, -123.46, 50.0, 2016-01-03 10:20:00, 0.0, None 
 48.0, -122.955, 40.0, 2016-01-03 10:22:30, 0.0, None 
 48.07, -123.18, 47.0, 2016-01-03 10:25:00, 0.0, None 
 48.126999999999995, -123.325, 50.5, 2016-01-03 10:27:30, 0.0, None 
 48.17, -123.38, 30.5, 2016-01-03 10:30:00, 0.0, None 
 48.21, -123.405, 20.0, 2016-01-03 10:32:30, 0.0, None 
 48.18, -123.35, 25.2, 2016-01-03 10:35:00, 0.0, None 
 48.3, -123.39, 49.0, 2016-01-03 10:37:30, 0.0, None 
 48.005, -123.7, 56.5, 2016-01-03 10:40:00, 0.0, None 
 48.185, -123.485, 47.0, 2016-01-03 10:42:30, 0.0, None 
 48.2, -123.515, 33.5, 2016-01-03 10:45:00, 0.0, None 
 48.115, -123.493, 32.0, 2016-01-03 10:47:30, 0.0, None 
 48.177, -123.368, 35.5, 2016-01-03 10:50:00, 0.0, None 
 48.225, -123.39, 30.0, 2016-01-03 10:52:30, 0.0, None 
 48.15, -123.54, 29.0, 2016-01-03 10:55:00, 0.0, None 
 48.06, -123.59, 60.0, 2016-01-03 10:57:30, 0.0, None 
 48.04, -123.63, 43.0, 2016-01-03 11:00:00, 0.0, None 
 48.095, -123.677, 41.0, 2016-01-03 11:02:30, 0.0, None 
 47.92, -123.61, 31.0, 2016-01-03 11:05:00, 0.0, None 
 48.09, -123.515, 33.2, 2016-01-03 11:07:30, 0.0, None 
 48.088, -123.655, 37.2, 2016-01-03 11:10:00, 0.0, None 
 48.13, -123.73, 20.0, 2016-01-03 11:12:30, 0.0, None 
 48.11, -123.71, 25.0, 2016-01-03 11:15:00, 0.0, None 
 48.22, -123.72, 44.5, 2016-01-03 11:17:30, 0.0, None 
 48.01, -123.47, 36.0, 2016-01-03 11:22:30, 0.0, None 
 48.085, -123.4, 36.0, 2016-01-03 11:25:00, 0.0, None 
 47.99, -123.7, 47.0, 2016-01-03 11:27:30, 0.0, None 
 48.405, -123.9, 34.0, 2016-01-03 11:30:00, 0.0, None 
 48.23, -123.35, 20.0, 2016-01-03 11:37:30, 0.0, None 
 48.125, -122.84, 48.0, 2016-01-03 11:40:00, 0.0, None 
 48.49, -124.12, 60.0, 2016-01-03 11:42:30, 0.0, None 
 48.18, -123.47, 60.0, 2016-01-03 11:45:00, 0.0, None 
 48.16, -123.6, 60.0, 2016-01-03 11:47:30, 0.0, None 
 48.575, -124.08, 31.0, 2016-01-03 11:50:00, 0.0, None 
 48.02, -123.7, 60.0, 2016-01-03 11:50:00, 0.0, None 
 48.51, -124.03, 24.5, 2016-01-03 11:52:30, 0.0, None 
 48.5, -124.01, 26.0, 2016-01-03 11:55:00, 0.0, None 
 48.586999999999996, -124.125, 40.0, 2016-01-03 11:57:30, 0.0, None 
 47.98, -123.36, 60.0, 2016-01-03 11:57:30, 0.0, None 
 48.64, -124.14, 29.0, 2016-01-03 12:00:00, 0.0, None 
 48.7, -124.26, 29.0, 2016-01-03 12:02:30, 0.0, None 
 48.625, -124.185, 33.2, 2016-01-03 12:05:00, 0.0, None 
 48.48, -124.085, 60.0, 2016-01-03 12:07:30, 0.0, None 
 48.065, -123.305, 50.5, 2016-01-03 12:07:30, 0.0, None 
 47.97, -122.985, 23.0, 2016-01-03 12:10:00, 0.0, None 
 48.66, -124.08, 20.0, 2016-01-03 12:12:30, 0.0, None 
 48.48, -123.81, 20.0, 2016-01-03 12:12:30, 0.0, None 
 48.165, -123.4, 27.5, 2016-01-03 12:12:30, 0.0, None 
 48.47, -123.83, 20.0, 2016-01-03 12:15:00, 0.0, None 
 48.47, -123.87, 20.0, 2016-01-03 12:17:30, 0.0, None 
 48.1, -123.29, 20.0, 2016-01-03 12:17:30, 0.0, None 
 48.51, -124.11, 31.0, 2016-01-03 12:20:00, 0.0, None 
 48.03, -123.5, 27.0, 2016-01-03 12:20:00, 0.0, None 
 48.09, -123.485, 28.0, 2016-01-03 12:22:30, 0.0, None 
 48.7, -124.16, 40.0, 2016-01-03 12:25:00, 0.0, None 
 48.51, -123.9, 20.0, 2016-01-03 12:25:00, 0.0, None 
 48.3, -123.6, 20.0, 2016-01-03 12:25:00, 0.0, None 
 48.52, -123.845, 20.0, 2016-01-03 12:27:30, 0.0, None 
 48.51, -123.88, 24.5, 2016-01-03 12:30:00, 0.0, None 
 48.12, -123.335, 60.0, 2016-01-03 12:30:00, 0.0, None 
 48.5, -123.92, 20.0, 2016-01-03 12:32:30, 0.0, None 
 48.12, -123.48, 60.0, 2016-01-03 12:32:30, 0.0, None 
 48.6, -123.99, 20.0, 2016-01-03 12:35:00, 0.0, None 
 48.01, -123.04, 46.0, 2016-01-03 12:35:00, 0.0, None 
 48.6, -123.98, 20.0, 2016-01-03 12:37:30, 0.0, None 
 47.99, -123.08, 60.0, 2016-01-03 12:37:30, 0.0, None 
 48.0, -123.08, 60.0, 2016-01-03 12:40:00, 0.0, None 
 48.635, -124.06, 36.0, 2016-01-03 12:42:30, 0.0, None 
 48.01, -122.92, 24.0, 2016-01-03 12:42:30, 0.0, None 
 48.82, -124.15, 45.0, 2016-01-03 12:45:00, 0.0, None 
 48.24, -123.59, 60.0, 2016-01-03 12:45:00, 0.0, None 
 48.67, -124.14, 40.0, 2016-01-03 12:47:30, 0.0, None 
 48.63, -124.205, 24.5, 2016-01-03 12:52:30, 0.0, None 
 48.6, -124.13, 20.0, 2016-01-03 12:55:00, 0.0, None 
 48.05, -123.54, 20.0, 2016-01-03 12:55:00, 0.0, None 
 48.037, -123.56, 42.8, 2016-01-03 12:57:30, 0.0, None 
 48.015, -123.59, 25.5, 2016-01-03 13:02:30, 0.0, None 
 47.86, -123.15, 30.0, 2016-01-03 13:05:00, 0.0, None 
 48.12, -123.38, 55.0, 2016-01-03 13:07:30, 0.0, None 
 48.2, -123.295, 57.5, 2016-01-03 13:10:00, 0.0, None 
 48.105, -123.66, 60.0, 2016-01-03 13:12:30, 0.0, None 
 48.02, -123.71, 60.0, 2016-01-03 13:15:00, 0.0, None 
 48.14, -123.24, 30.0, 2016-01-03 13:17:30, 0.0, None 
 48.225, -123.375, 25.0, 2016-01-03 13:27:30, 0.0, None 
 48.29, -123.32, 22.0, 2016-01-03 13:30:00, 0.0, None 
 47.96, -123.525, 60.0, 2016-01-03 13:30:00, 0.0, None 
 48.01, -122.92, 20.0, 2016-01-03 13:32:30, 0.0, None 
 47.98, -123.315, 49.0, 2016-01-03 13:35:00, 0.0, None 
 48.0, -123.17, 43.0, 2016-01-03 13:37:30, 0.0, None 
 48.095, -123.37299999999999, 42.0, 2016-01-03 13:42:30, 0.0, None 
 47.995, -123.17, 45.0, 2016-01-03 13:45:00, 0.0, None 
 48.04, -123.295, 22.5, 2016-01-03 13:47:30, 0.0, None 
 48.111999999999995, -123.16, 43.0, 2016-01-03 13:50:00, 0.0, None 
 48.16, -123.37, 29.0, 2016-01-03 13:52:30, 0.0, None 
 48.12, -123.265, 46.2, 2016-01-03 13:55:00, 0.0, None 
 48.12, -123.32, 60.0, 2016-01-03 13:57:30, 0.0, None 
 48.172, -123.22, 34.2, 2016-01-03 14:00:00, 0.0, None 
 48.07, -123.18, 60.0, 2016-01-03 14:02:30, 0.0, None 
 48.2, -123.4, 35.0, 2016-01-03 14:05:00, 0.0, None 
 48.29, -123.42, 20.0, 2016-01-03 14:10:00, 0.0, None 
 48.045, -123.445, 34.0, 2016-01-03 14:12:30, 0.0, None 
 48.21, -123.42, 48.0, 2016-01-03 14:15:00, 0.0, None 
 48.07, -123.25, 34.5, 2016-01-03 14:17:30, 0.0, None 
 48.015, -123.36, 20.0, 2016-01-03 14:20:00, 0.0, None 
 48.025, -123.39, 20.0, 2016-01-03 14:22:30, 0.0, None 
 48.06, -123.56, 33.0, 2016-01-03 14:40:00, 0.0, None 
 48.13, -123.6, 20.0, 2016-01-03 14:42:30, 0.0, None 
 48.165, -123.45, 20.0, 2016-01-03 14:50:00, 0.0, None 
 47.905, -123.045, 47.0, 2016-01-03 14:52:30, 0.0, None 
 48.13, -123.185, 60.0, 2016-01-03 14:57:30, 0.0, None 
 47.97, -123.38, 53.0, 2016-01-03 15:00:00, 0.0, None 
 48.065, -123.41, 43.2, 2016-01-03 15:02:30, 0.0, None 
 48.195, -123.45700000000001, 30.0, 2016-01-03 15:05:00, 0.0, None 
 48.09, -123.605, 28.5, 2016-01-03 15:07:30, 0.0, None 
 48.105, -123.55, 20.0, 2016-01-03 15:10:00, 0.0, None 
 48.16, -123.035, 60.0, 2016-01-03 15:12:30, 0.0, None 
 48.22, -123.35, 42.5, 2016-01-03 15:15:00, 0.0, None 
 48.23, -123.34299999999999, 33.5, 2016-01-03 15:17:30, 0.0, None 
 48.13, -123.22, 20.0, 2016-01-03 15:20:00, 0.0, None 
 48.13, -123.32, 46.5, 2016-01-03 15:22:30, 0.0, None 
 48.01, -123.53, 33.0, 2016-01-03 15:27:30, 0.0, None 
 48.105, -123.415, 47.0, 2016-01-03 15:30:00, 0.0, None 
 48.195, -123.315, 27.0, 2016-01-03 15:35:00, 0.0, None 
 48.125, -123.305, 25.5, 2016-01-03 15:37:30, 0.0, None 
 48.111999999999995, -123.25200000000001, 48.5, 2016-01-03 15:40:00, 0.0, None 
 48.175, -123.39, 32.5, 2016-01-03 15:42:30, 0.0, None 
 48.21, -123.435, 20.0, 2016-01-03 15:45:00, 0.0, None 
 48.235, -123.485, 20.0, 2016-01-03 15:47:30, 0.0, None 
 48.18, -123.64, 20.0, 2016-01-03 15:50:00, 0.0, None 
 48.645, -124.03, 55.5, 2016-01-03 15:52:30, 0.0, None 
 47.88, -123.635, 20.0, 2016-01-03 16:02:30, 0.0, None 
 48.12, -123.5, 43.0, 2016-01-03 16:05:00, 0.0, None 
 48.09, -123.365, 39.5, 2016-01-03 16:07:30, 0.0, None 
 48.005, -123.525, 20.0, 2016-01-03 16:10:00, 0.0, None 
 47.96, -123.345, 33.0, 2016-01-03 16:12:30, 0.0, None 
 48.03, -123.49, 37.0, 2016-01-03 16:15:00, 0.0, None 
 48.03, -123.56, 49.5, 2016-01-03 16:22:30, 0.0, None 
 48.05, -123.53, 45.5, 2016-01-03 16:25:00, 0.0, None 
 47.915, -123.58, 26.0, 2016-01-03 16:40:00, 0.0, None 
 47.91, -123.57, 20.0, 2016-01-03 16:42:30, 0.0, None 
 48.53, -124.17, 20.0, 2016-01-03 16:47:30, 0.0, None 
 48.55, -124.065, 20.0, 2016-01-03 16:50:00, 0.0, None 
 48.47, -123.965, 35.5, 2016-01-03 16:52:30, 0.0, None 
 48.457, -123.965, 48.8, 2016-01-03 16:55:00, 0.0, None 
 48.51, -123.95, 60.0, 2016-01-03 16:57:30, 0.0, None 
 47.89, -123.64, 60.0, 2016-01-03 16:57:30, 0.0, None 
 47.98, -123.535, 20.0, 2016-01-03 17:07:30, 0.0, None 
 48.11, -123.42, 43.0, 2016-01-03 17:12:30, 0.0, None 
 48.17, -123.41, 20.0, 2016-01-03 17:15:00, 0.0, None 
 48.065, -123.315, 29.5, 2016-01-03 17:17:30, 0.0, None 
 47.97, -123.28, 43.0, 2016-01-03 17:20:00, 0.0, None 
 48.185, -123.72, 20.0, 2016-01-03 17:27:30, 0.0, None 
 48.0, -123.39, 38.0, 2016-01-03 17:35:00, 0.0, None 
 48.01, -123.51, 39.0, 2016-01-03 17:37:30, 0.0, None 
 47.98, -123.555, 32.0, 2016-01-03 17:40:00, 0.0, None 
 47.98, -123.58, 27.0, 2016-01-03 17:42:30, 0.0, None 
 48.465, -123.9, 30.0, 2016-01-03 17:45:00, 0.0, None 
 48.472, -123.91, 31.0, 2016-01-03 17:47:30, 0.0, None 
 48.07, -123.3, 60.0, 2016-01-03 17:50:00, 0.0, None 
 48.12, -123.03, 60.0, 2016-01-03 17:52:30, 0.0, None 
 48.53, -123.98, 30.0, 2016-01-03 18:05:00, 0.0, None 
 48.705, -124.195, 33.0, 2016-01-03 18:07:30, 0.0, None 
 48.485, -123.885, 23.0, 2016-01-03 18:07:30, 0.0, None 
 48.76, -124.22, 30.0, 2016-01-03 18:10:00, 0.0, None 
 48.486999999999995, -123.9, 28.2, 2016-01-03 18:10:00, 0.0, None 
 48.06, -123.615, 60.0, 2016-01-03 18:12:30, 0.0, None 
 47.9, -123.64, 28.0, 2016-01-03 18:15:00, 0.0, None 
 47.99, -123.265, 60.0, 2016-01-03 18:17:30, 0.0, None 
 48.185, -123.37, 51.5, 2016-01-03 18:20:00, 0.0, None 
 48.16, -123.455, 52.5, 2016-01-03 18:22:30, 0.0, None 
 48.0, -123.225, 59.0, 2016-01-03 18:25:00, 0.0, None 
 48.505, -123.98200000000001, 40.0, 2016-01-03 18:27:30, 0.0, None 
 48.525, -123.96, 20.0, 2016-01-03 18:30:00, 0.0, None 
 48.52, -123.83, 20.0, 2016-01-03 18:32:30, 0.0, None 
 48.51, -123.92, 20.0, 2016-01-03 18:35:00, 0.0, None 
 48.52, -123.99, 23.0, 2016-01-03 18:37:30, 0.0, None 
 48.562, -123.985, 32.5, 2016-01-03 18:40:00, 0.0, None 
 48.602, -124.00200000000001, 20.0, 2016-01-03 18:42:30, 0.0, None 
 48.69, -124.09, 20.0, 2016-01-03 18:45:00, 0.0, None 
 48.48, -123.93, 20.0, 2016-01-03 18:45:00, 0.0, None 
 48.48, -123.94, 20.0, 2016-01-03 18:47:30, 0.0, None 
 48.49, -124.03, 30.0, 2016-01-03 18:50:00, 0.0, None 
 48.535, -124.01, 20.0, 2016-01-03 18:52:30, 0.0, None 
 48.445, -123.87, 20.0, 2016-01-03 18:55:00, 0.0, None 
 48.46, -123.82, 20.0, 2016-01-03 18:57:30, 0.0, None 
 48.125, -123.545, 44.5, 2016-01-03 19:00:00, 0.0, None 
 48.065, -123.355, 41.8, 2016-01-03 19:02:30, 0.0, None 
 48.145, -123.43, 36.2, 2016-01-03 19:05:00, 0.0, None 
 48.095, -123.27, 34.0, 2016-01-03 19:07:30, 0.0, None 
 48.095, -123.26, 43.0, 2016-01-03 19:10:00, 0.0, None 
 48.19, -123.38, 33.0, 2016-01-03 19:12:30, 0.0, None 
 48.57, -124.19, 20.0, 2016-01-03 19:15:00, 0.0, None 
 48.4, -123.83, 20.0, 2016-01-03 19:15:00, 0.0, None 
 48.41, -123.875, 20.0, 2016-01-03 19:17:30, 0.0, None 
 48.453, -123.905, 23.0, 2016-01-03 19:20:00, 0.0, None 
 48.76, -124.1, 21.0, 2016-01-03 19:22:30, 0.0, None 
 48.45, -123.89, 25.0, 2016-01-03 19:22:30, 0.0, None 
 48.5, -123.99, 28.0, 2016-01-03 19:25:00, 0.0, None 
 48.015, -123.13, 44.5, 2016-01-03 19:25:00, 0.0, None 
 48.2, -123.185, 54.5, 2016-01-03 19:40:00, 0.0, None 
 48.02, -123.305, 26.5, 2016-01-03 19:42:30, 0.0, None 
 48.53, -123.99, 26.0, 2016-01-03 19:50:00, 0.0, None 
 48.21, -123.555, 20.0, 2016-01-03 19:52:30, 0.0, None 
 48.19, -123.59, 20.0, 2016-01-03 19:55:00, 0.0, None 
 48.24, -122.94, 60.0, 2016-01-03 19:57:30, 0.0, None 
 47.94, -123.48, 42.0, 2016-01-03 20:00:00, 0.0, None 
 48.03, -123.62, 45.0, 2016-01-03 20:07:30, 0.0, None 
 48.14, -123.09, 60.0, 2016-01-03 20:12:30, 0.0, None 
 48.25, -123.14, 49.5, 2016-01-03 20:15:00, 0.0, None 
 48.05, -123.4, 33.0, 2016-01-03 20:20:00, 0.0, None 
 48.11, -123.23, 38.0, 2016-01-03 20:27:30, 0.0, None 
 48.14, -123.3, 38.5, 2016-01-03 20:30:00, 0.0, None 
 47.96, -123.19, 31.5, 2016-01-03 20:32:30, 0.0, None 
 48.04, -123.225, 25.0, 2016-01-03 20:35:00, 0.0, None 
 48.06, -123.28, 20.0, 2016-01-03 20:37:30, 0.0, None 
 48.125, -123.285, 20.0, 2016-01-03 20:42:30, 0.0, None 
 48.02, -123.59, 48.0, 2016-01-03 20:42:30, 0.0, None 
 48.12, -123.25, 29.0, 2016-01-03 20:45:00, 0.0, None 
 48.03, -123.11, 37.5, 2016-01-03 20:47:30, 0.0, None 
 48.005, -123.25, 20.0, 2016-01-03 20:50:00, 0.0, None 
 47.92, -123.07, 23.0, 2016-01-03 21:02:30, 0.0, None 
 48.05, -123.36, 33.5, 2016-01-03 21:12:30, 0.0, None 
 48.13, -123.155, 60.0, 2016-01-03 21:15:00, 0.0, None 
 47.99, -123.68, 28.5, 2016-01-03 21:22:30, 0.0, None 
 48.355, -123.165, 32.5, 2016-01-03 21:25:00, 0.0, None 
 48.25, -123.49, 20.0, 2016-01-03 21:35:00, 0.0, None 
 47.93, -123.208, 26.0, 2016-01-03 21:42:30, 0.0, None 
 48.04, -123.28, 25.0, 2016-01-03 21:45:00, 0.0, None 
 48.0, -123.405, 60.0, 2016-01-03 21:47:30, 0.0, None 
 48.01, -123.3, 60.0, 2016-01-03 21:50:00, 0.0, None 
 47.97, -123.4, 29.0, 2016-01-03 21:52:30, 0.0, None 
 47.95, -123.38, 20.0, 2016-01-03 21:55:00, 0.0, None 
 48.09, -123.43, 58.0, 2016-01-03 22:07:30, 0.0, None 
 47.98, -123.58, 32.0, 2016-01-03 22:17:30, 0.0, None 
 47.96, -123.59, 30.0, 2016-01-03 22:20:00, 0.0, None 
 47.98, -123.52, 20.0, 2016-01-03 22:22:30, 0.0, None 
 47.97, -123.57, 20.0, 2016-01-03 22:25:00, 0.0, None 
 47.93, -123.485, 32.5, 2016-01-03 22:27:30, 0.0, None 
 47.97, -123.58, 32.0, 2016-01-03 22:30:00, 0.0, None 
 48.005, -123.715, 51.0, 2016-01-03 22:32:30, 0.0, None 
 47.905, -123.47, 20.0, 2016-01-03 22:35:00, 0.0, None 
 48.0, -123.47, 20.0, 2016-01-03 22:37:30, 0.0, None 
 47.96, -123.49, 20.0, 2016-01-03 22:40:00, 0.0, None 
 47.915, -123.735, 41.0, 2016-01-03 22:42:30, 0.0, None 
 48.24, -123.5, 20.0, 2016-01-03 22:47:30, 0.0, None 
 48.01, -123.37, 20.0, 2016-01-03 22:57:30, 0.0, None 
 48.016999999999996, -123.37, 20.0, 2016-01-03 23:00:00, 0.0, None 
 48.05, -123.09, 56.0, 2016-01-03 23:10:00, 0.0, None 
 47.91, -123.6, 54.0, 2016-01-03 23:12:30, 0.0, None 
 48.12, -123.46, 60.0, 2016-01-03 23:15:00, 0.0, None 
 48.255, -123.37, 60.0, 2016-01-03 23:17:30, 0.0, None 
 48.02, -123.45, 60.0, 2016-01-03 23:20:00, 0.0, None 
 48.02, -123.315, 60.0, 2016-01-03 23:22:30, 0.0, None 
 48.01, -123.14, 43.0, 2016-01-03 23:25:00, 0.0, None 
 47.942, -123.243, 51.2, 2016-01-03 23:27:30, 0.0, None 
 48.023, -123.5, 40.0, 2016-01-03 23:30:00, 0.0, None 
 48.05, -123.38, 48.0, 2016-01-03 23:32:30, 0.0, None 
 48.3, -123.25, 60.0, 2016-01-03 23:35:00, 0.0, None 
 48.065, -123.38, 57.5, 2016-01-03 23:37:30, 0.0, None 
 48.05, -123.485, 38.0, 2016-01-03 23:40:00, 0.0, None 
 48.29, -123.51, 52.0, 2016-01-03 23:52:30, 0.0, None 
 48.04, -123.45, 20.0, 2016-01-04 00:15:00, 0.0, None 
 48.025, -123.303, 31.0, 2016-01-04 00:20:00, 0.0, None 
 48.02, -123.325, 30.5, 2016-01-04 00:22:30, 0.0, None 
 47.95, -123.34, 29.0, 2016-01-04 00:25:00, 0.0, None 
 48.08, -123.27, 21.0, 2016-01-04 00:27:30, 0.0, None 
 48.015, -123.24, 30.0, 2016-01-04 00:30:00, 0.0, None 
 47.82, -123.43, 53.5, 2016-01-04 00:37:30, 0.0, None 
 47.89, -123.28, 20.0, 2016-01-04 01:15:00, 0.0, None 
 48.05, -123.38, 20.0, 2016-01-04 01:17:30, 0.0, None 
 48.015, -123.375, 20.0, 2016-01-04 01:20:00, 0.0, None 
 48.075, -123.22, 20.0, 2016-01-04 01:22:30, 0.0, None 
 47.92, -123.0, 45.0, 2016-01-04 01:25:00, 0.0, None 
 47.92, -123.09, 50.0, 2016-01-04 01:27:30, 0.0, None 
 48.105, -123.21, 29.0, 2016-01-04 01:32:30, 0.0, None 
 48.06, -123.48, 41.5, 2016-01-04 01:35:00, 0.0, None 
 48.015, -123.45, 32.0, 2016-01-04 01:40:00, 0.0, None 
 48.0, -123.51, 20.0, 2016-01-04 01:42:30, 0.0, None 
 47.895, -123.61, 42.0, 2016-01-04 01:45:00, 0.0, None 
 48.065, -123.285, 60.0, 2016-01-04 01:47:30, 0.0, None 
 47.99, -123.625, 53.0, 2016-01-04 01:47:30, 0.0, None 
 48.07, -123.35, 33.2, 2016-01-04 01:50:00, 0.0, None 
 48.105, -123.335, 40.0, 2016-01-04 01:52:30, 0.0, None 
 48.095, -123.34, 21.8, 2016-01-04 01:55:00, 0.0, None 
 48.062, -123.353, 45.0, 2016-01-04 01:57:30, 0.0, None 
 48.015, -123.265, 32.0, 2016-01-04 02:00:00, 0.0, None 
 48.0, -123.57, 33.0, 2016-01-04 02:05:00, 0.0, None 
 48.086999999999996, -123.588, 32.5, 2016-01-04 02:07:30, 0.0, None 
 48.04, -123.51, 43.0, 2016-01-04 02:10:00, 0.0, None 
 48.14, -123.45, 40.0, 2016-01-04 02:12:30, 0.0, None 
 47.93, -123.39, 38.0, 2016-01-04 02:15:00, 0.0, None 
 48.005, -123.48, 60.0, 2016-01-04 02:17:30, 0.0, None 
 48.007, -123.21, 33.2, 2016-01-04 02:20:00, 0.0, None 
 48.08, -123.27, 35.0, 2016-01-04 02:22:30, 0.0, None 
 48.12, -123.305, 51.0, 2016-01-04 02:27:30, 0.0, None 
 47.915, -123.785, 59.0, 2016-01-04 02:30:00, 0.0, None 
 48.14, -123.30799999999999, 49.0, 2016-01-04 02:32:30, 0.0, None 
 48.097, -123.33, 29.2, 2016-01-04 02:35:00, 0.0, None 
 48.02, -123.63, 20.0, 2016-01-04 02:42:30, 0.0, None 
 48.04, -123.6, 40.0, 2016-01-04 02:45:00, 0.0, None 
 48.1, -123.45, 60.0, 2016-01-04 03:02:30, 0.0, None 
 48.06, -123.39, 20.0, 2016-01-04 03:05:00, 0.0, None 
 47.83, -122.99, 23.0, 2016-01-04 03:12:30, 0.0, None 
 48.81, -123.81, 60.0, 2016-01-04 03:17:30, 0.0, None 
 48.79, -123.81, 31.0, 2016-01-04 03:20:00, 0.0, None 
 48.07, -123.66, 40.0, 2016-01-04 03:47:30, 0.0, None 
 47.98, -123.37, 42.0, 2016-01-04 04:02:30, 0.0, None 
 48.05, -123.27, 30.5, 2016-01-04 04:05:00, 0.0, None 
 48.045, -123.3, 25.0, 2016-01-04 04:07:30, 0.0, None 
 47.78, -123.4, 20.0, 2016-01-04 04:12:30, 0.0, None 
 47.95, -123.22, 33.5, 2016-01-04 04:20:00, 0.0, None 
 47.99, -123.14, 30.0, 2016-01-04 04:30:00, 0.0, None 
 48.07, -123.5, 28.0, 2016-01-04 04:55:00, 0.0, None 
 48.01, -123.41, 56.0, 2016-01-04 04:57:30, 0.0, None 
 48.04, -123.43, 20.0, 2016-01-04 05:00:00, 0.0, None 
 48.14, -123.1, 60.0, 2016-01-04 05:02:30, 0.0, None 
 48.01, -123.15, 20.0, 2016-01-04 05:05:00, 0.0, None 
 48.16, -123.13, 60.0, 2016-01-04 05:07:30, 0.0, None 
 48.0, -123.48, 28.0, 2016-01-04 05:10:00, 0.0, None 
 48.12, -123.73, 27.5, 2016-01-04 05:22:30, 0.0, None 
 48.035, -123.275, 52.0, 2016-01-04 05:27:30, 0.0, None 
 48.123000000000005, -123.295, 29.0, 2016-01-04 05:30:00, 0.0, None 
 48.05, -123.32799999999999, 28.5, 2016-01-04 05:37:30, 0.0, None 
 47.88, -123.25, 60.0, 2016-01-04 05:40:00, 0.0, None 
 47.8, -123.09, 60.0, 2016-01-04 05:50:00, 0.0, None 
 47.89, -123.505, 60.0, 2016-01-04 05:50:00, 0.0, None 
 47.94, -123.665, 56.5, 2016-01-04 05:52:30, 0.0, None 
 47.92, -123.56, 30.0, 2016-01-04 05:55:00, 0.0, None 
 47.98, -123.475, 60.0, 2016-01-04 05:57:30, 0.0, None 
 47.975, -123.275, 29.5, 2016-01-04 06:00:00, 0.0, None 
 48.04, -123.295, 28.0, 2016-01-04 06:02:30, 0.0, None 
 48.065, -123.27, 32.0, 2016-01-04 06:05:00, 0.0, None 
 48.02, -123.18, 43.0, 2016-01-04 06:07:30, 0.0, None 
 48.0, -123.09, 36.0, 2016-01-04 06:10:00, 0.0, None 
 47.99, -123.19, 40.5, 2016-01-04 06:12:30, 0.0, None 
 48.02, -123.25, 42.0, 2016-01-04 06:15:00, 0.0, None 
 48.02, -123.15, 30.0, 2016-01-04 06:17:30, 0.0, None 
 47.98, -123.03, 32.0, 2016-01-04 06:20:00, 0.0, None 
 48.016999999999996, -123.125, 38.2, 2016-01-04 06:25:00, 0.0, None 
 48.13, -123.47, 37.5, 2016-01-04 06:30:00, 0.0, None 
 48.02, -123.47, 34.5, 2016-01-04 06:32:30, 0.0, None 
 47.96, -123.52, 60.0, 2016-01-04 06:35:00, 0.0, None 
 48.032, -123.405, 20.0, 2016-01-04 06:37:30, 0.0, None 
 47.97, -123.64, 60.0, 2016-01-04 06:40:00, 0.0, None 
 47.96, -123.53, 30.0, 2016-01-04 06:42:30, 0.0, None 
 47.955, -123.45, 27.0, 2016-01-04 06:45:00, 0.0, None 
 48.0, -123.515, 20.0, 2016-01-04 06:47:30, 0.0, None 
 48.03, -123.27, 33.0, 2016-01-04 06:52:30, 0.0, None 
 48.025, -123.33, 38.0, 2016-01-04 06:55:00, 0.0, None 
 48.04, -123.59, 60.0, 2016-01-04 06:57:30, 0.0, None 
 48.07, -123.67, 20.0, 2016-01-04 07:00:00, 0.0, None 
 48.02, -123.54, 20.0, 2016-01-04 07:02:30, 0.0, None 
 47.975, -123.61, 25.0, 2016-01-04 07:07:30, 0.0, None 
 48.005, -123.555, 21.0, 2016-01-04 07:10:00, 0.0, None 
 47.84, -123.1, 41.0, 2016-01-04 07:17:30, 0.0, None 
 48.0, -123.485, 39.0, 2016-01-04 07:17:30, 0.0, None 
 47.98, -123.595, 25.0, 2016-01-04 07:20:00, 0.0, None 
 47.975, -123.52, 21.2, 2016-01-04 07:22:30, 0.0, None 
 47.91, -123.35, 31.0, 2016-01-04 07:27:30, 0.0, None 
 48.0, -123.57, 38.5, 2016-01-04 07:30:00, 0.0, None 
 48.31, -123.765, 41.0, 2016-01-04 07:52:30, 0.0, None 
 48.12, -123.11, 60.0, 2016-01-04 07:55:00, 0.0, None 
 48.015, -123.398, 26.0, 2016-01-04 08:05:00, 0.0, None 
 48.025, -123.415, 23.0, 2016-01-04 08:07:30, 0.0, None 
 48.03, -123.37700000000001, 20.0, 2016-01-04 08:10:00, 0.0, None 
 48.082, -123.3, 20.0, 2016-01-04 08:12:30, 0.0, None 
 48.01, -123.18, 35.5, 2016-01-04 08:20:00, 0.0, None 
 47.99, -123.19, 39.0, 2016-01-04 08:22:30, 0.0, None 
 47.91, -123.39, 48.5, 2016-01-04 08:25:00, 0.0, None 
 47.965, -123.295, 32.0, 2016-01-04 08:27:30, 0.0, None 
 47.99, -123.27, 41.0, 2016-01-04 08:30:00, 0.0, None 
 48.02, -123.21, 40.5, 2016-01-04 08:32:30, 0.0, None 
 48.02, -123.15, 43.0, 2016-01-04 08:35:00, 0.0, None 
 48.01, -123.11, 34.0, 2016-01-04 08:37:30, 0.0, None 
 48.0, -123.11, 34.0, 2016-01-04 08:40:00, 0.0, None 
 48.08, -123.14, 44.0, 2016-01-04 08:42:30, 0.0, None 
 48.1, -123.6, 46.0, 2016-01-04 08:45:00, 0.0, None 
 47.94, -123.28, 44.0, 2016-01-04 08:47:30, 0.0, None 
 47.93, -123.51, 20.0, 2016-01-04 08:50:00, 0.0, None 
 48.0, -123.53, 35.0, 2016-01-04 08:52:30, 0.0, None 
 48.09, -123.33, 60.0, 2016-01-04 08:55:00, 0.0, None 
 47.91, -123.48, 60.0, 2016-01-04 08:57:30, 0.0, None 
 48.07, -123.32, 47.5, 2016-01-04 09:05:00, 0.0, None 
 47.955, -123.575, 60.0, 2016-01-04 09:07:30, 0.0, None 
 48.07, -123.31, 20.0, 2016-01-04 09:10:00, 0.0, None 
 48.04, -123.31, 33.0, 2016-01-04 09:12:30, 0.0, None 
 48.05, -123.315, 30.0, 2016-01-04 09:15:00, 0.0, None 
 48.1, -123.385, 40.0, 2016-01-04 09:30:00, 0.0, None 
 48.062, -123.32799999999999, 37.5, 2016-01-04 09:32:30, 0.0, None 
 48.043, -123.30799999999999, 30.2, 2016-01-04 09:35:00, 0.0, None 
 48.04, -123.28200000000001, 44.5, 2016-01-04 09:37:30, 0.0, None 
 48.1, -123.17, 45.0, 2016-01-04 09:40:00, 0.0, None 
 47.93, -123.56, 28.0, 2016-01-04 09:40:00, 0.0, None 
 47.96, -123.35, 20.0, 2016-01-04 09:42:30, 0.0, None 
 47.92, -123.1, 41.8, 2016-01-04 09:47:30, 0.0, None 
 48.045, -123.12, 37.5, 2016-01-04 09:50:00, 0.0, None 
 48.055, -123.11, 36.0, 2016-01-04 09:52:30, 0.0, None 
 48.06, -123.505, 28.0, 2016-01-04 09:57:30, 0.0, None 
 47.9, -123.21, 34.0, 2016-01-04 10:00:00, 0.0, None 
 48.07, -123.47, 20.0, 2016-01-04 10:00:00, 0.0, None 
 48.09, -123.40700000000001, 20.0, 2016-01-04 10:02:30, 0.0, None 
 48.14, -123.53, 32.8, 2016-01-04 10:05:00, 0.0, None 
 48.016999999999996, -123.36, 52.0, 2016-01-04 10:17:30, 0.0, None 
 48.065, -123.493, 29.5, 2016-01-04 10:20:00, 0.0, None 
 48.14, -123.275, 23.0, 2016-01-04 10:25:00, 0.0, None 
 48.08, -123.18, 40.0, 2016-01-04 10:27:30, 0.0, None 
 48.0, -123.26, 50.0, 2016-01-04 10:30:00, 0.0, None 
 48.062, -123.55, 40.0, 2016-01-04 10:32:30, 0.0, None 
 48.0, -123.56, 28.5, 2016-01-04 10:35:00, 0.0, None 
 48.1, -123.3, 55.0, 2016-01-04 10:40:00, 0.0, None 
 48.055, -123.37299999999999, 40.0, 2016-01-04 10:42:30, 0.0, None 
 47.99, -123.6, 60.0, 2016-01-04 10:45:00, 0.0, None 
 48.175, -123.505, 48.0, 2016-01-04 10:47:30, 0.0, None 
 47.89, -123.48, 60.0, 2016-01-04 10:47:30, 0.0, None 
 48.02, -123.165, 43.0, 2016-01-04 10:52:30, 0.0, None 
 47.8, -123.12, 47.0, 2016-01-04 10:55:00, 0.0, None 
 48.03, -123.68, 50.0, 2016-01-04 10:55:00, 0.0, None 
 47.91, -123.59, 60.0, 2016-01-04 10:57:30, 0.0, None 
 47.9, -123.4, 50.0, 2016-01-04 11:00:00, 0.0, None 
 47.99, -123.055, 40.0, 2016-01-04 11:00:00, 0.0, None 
 47.98, -123.12, 37.0, 2016-01-04 11:02:30, 0.0, None 
 48.045, -123.088, 47.5, 2016-01-04 11:05:00, 0.0, None 
 48.14, -123.24, 41.5, 2016-01-04 11:07:30, 0.0, None 
 48.27, -123.63, 20.0, 2016-01-04 11:12:30, 0.0, None 
 47.98, -123.16, 60.0, 2016-01-04 11:12:30, 0.0, None 
 48.01, -123.225, 34.0, 2016-01-04 11:15:00, 0.0, None 
 48.08, -123.53, 30.5, 2016-01-04 11:17:30, 0.0, None 
 48.005, -123.51, 55.0, 2016-01-04 11:20:00, 0.0, None 
 48.28, -123.47, 20.0, 2016-01-04 11:22:30, 0.0, None 
 48.36, -123.21, 60.0, 2016-01-04 11:25:00, 0.0, None 
 48.405, -123.19, 20.0, 2016-01-04 11:27:30, 0.0, None 
 48.29, -123.5, 31.0, 2016-01-04 11:30:00, 0.0, None 
 47.97, -123.2, 47.0, 2016-01-04 11:32:30, 0.0, None 
 48.31, -123.41, 31.0, 2016-01-04 11:35:00, 0.0, None 
 47.99, -123.0, 50.0, 2016-01-04 11:35:00, 0.0, None 
 48.3, -123.41, 30.0, 2016-01-04 11:37:30, 0.0, None 
 48.225, -123.45, 20.0, 2016-01-04 11:40:00, 0.0, None 
 48.27, -123.47, 20.0, 2016-01-04 11:42:30, 0.0, None 
 47.975, -123.005, 47.5, 2016-01-04 11:42:30, 0.0, None 
 48.26, -123.493, 21.8, 2016-01-04 11:45:00, 0.0, None 
 48.058, -123.323, 26.8, 2016-01-04 11:47:30, 0.0, None 
 47.905, -123.365, 31.0, 2016-01-04 11:50:00, 0.0, None 
 47.89, -123.53, 60.0, 2016-01-04 11:57:30, 0.0, None 
 48.1, -123.16, 20.0, 2016-01-04 12:05:00, 0.0, None 
 47.99, -123.505, 60.0, 2016-01-04 12:05:00, 0.0, None 
 47.995, -123.495, 42.0, 2016-01-04 12:07:30, 0.0, None 
 48.08, -123.27, 38.0, 2016-01-04 12:12:30, 0.0, None 
 48.1, -123.3, 60.0, 2016-01-04 12:15:00, 0.0, None 
 48.12, -123.425, 40.0, 2016-01-04 12:17:30, 0.0, None 
 48.09, -123.49, 38.0, 2016-01-04 12:22:30, 0.0, None 
 48.2, -123.6, 22.0, 2016-01-04 12:25:00, 0.0, None 
 48.185, -123.238, 20.0, 2016-01-04 12:30:00, 0.0, None 
 48.32, -123.43, 20.0, 2016-01-04 12:32:30, 0.0, None 
 48.32, -123.44, 20.0, 2016-01-04 12:35:00, 0.0, None 
 48.32, -123.48, 20.0, 2016-01-04 12:37:30, 0.0, None 
 48.02, -123.34, 60.0, 2016-01-04 12:40:00, 0.0, None 
 48.102, -123.665, 26.0, 2016-01-04 12:42:30, 0.0, None 
 47.94, -123.4, 60.0, 2016-01-04 12:50:00, 0.0, None 
 48.15, -123.63, 30.0, 2016-01-04 12:52:30, 0.0, None 
 48.195, -123.7, 57.5, 2016-01-04 12:55:00, 0.0, None 
 48.203, -123.56200000000001, 36.2, 2016-01-04 13:12:30, 0.0, None 
 48.205, -123.53, 33.5, 2016-01-04 13:15:00, 0.0, None 
 48.24, -123.6, 52.0, 2016-01-04 13:22:30, 0.0, None 
 48.2, -123.695, 20.0, 2016-01-04 13:25:00, 0.0, None 
 48.225, -123.665, 31.5, 2016-01-04 13:27:30, 0.0, None 
 48.235, -123.555, 27.5, 2016-01-04 13:30:00, 0.0, None 
 48.16, -123.49, 20.0, 2016-01-04 13:32:30, 0.0, None 
 48.24, -123.66, 31.8, 2016-01-04 13:37:30, 0.0, None 
 48.27, -123.66799999999999, 25.0, 2016-01-04 13:40:00, 0.0, None 
 48.255, -123.67200000000001, 26.2, 2016-01-04 13:47:30, 0.0, None 
 48.28, -123.55, 20.0, 2016-01-04 13:50:00, 0.0, None 
 48.27, -123.58, 20.0, 2016-01-04 13:52:30, 0.0, None 
 48.285, -123.64, 26.0, 2016-01-04 13:57:30, 0.0, None 
 48.26, -123.575, 29.0, 2016-01-04 14:00:00, 0.0, None 
 48.29, -123.68, 20.0, 2016-01-04 14:05:00, 0.0, None 
 47.9, -123.243, 22.8, 2016-01-04 14:15:00, 0.0, None 
 47.995, -123.24, 32.0, 2016-01-04 14:17:30, 0.0, None 
 48.025, -123.18, 33.0, 2016-01-04 14:20:00, 0.0, None 
 48.03, -123.27, 20.0, 2016-01-04 14:32:30, 0.0, None 
 48.015, -123.105, 41.0, 2016-01-04 14:35:00, 0.0, None 
 48.03, -123.125, 29.0, 2016-01-04 14:40:00, 0.0, None 
 48.067, -123.238, 24.0, 2016-01-04 14:42:30, 0.0, None 
 48.06, -123.42, 20.0, 2016-01-04 14:52:30, 0.0, None 
 48.095, -123.425, 20.0, 2016-01-04 14:55:00, 0.0, None 
 48.01, -123.07, 60.0, 2016-01-04 14:55:00, 0.0, None 
 48.02, -123.56, 20.0, 2016-01-04 15:05:00, 0.0, None 
 47.99, -123.295, 20.0, 2016-01-04 15:07:30, 0.0, None 
 48.0, -123.29, 20.0, 2016-01-04 15:10:00, 0.0, None 
 47.995, -123.01, 20.0, 2016-01-04 15:15:00, 0.0, None 
 47.9, -123.59, 34.0, 2016-01-04 15:22:30, 0.0, None 
 48.01, -123.33, 60.0, 2016-01-04 16:45:00, 0.0, None 
 47.93, -122.92, 40.0, 2016-01-04 16:57:30, 0.0, None 
 47.92, -122.95, 34.0, 2016-01-04 17:02:30, 0.0, None 
 48.04, -123.01, 20.0, 2016-01-04 17:10:00, 0.0, None 
 48.045, -123.03, 20.0, 2016-01-04 17:12:30, 0.0, None 
 48.18, -122.89, 20.0, 2016-01-04 17:15:00, 0.0, None 
 48.11, -123.11, 20.0, 2016-01-04 17:22:30, 0.0, None 
 47.935, -123.41, 54.0, 2016-01-04 17:22:30, 0.0, None 
 47.98, -123.395, 34.0, 2016-01-04 17:47:30, 0.0, None 
 48.04, -123.39, 50.5, 2016-01-04 17:50:00, 0.0, None 
 48.06, -123.1, 36.0, 2016-01-04 17:52:30, 0.0, None 
 47.88, -123.6, 20.0, 2016-01-04 18:22:30, 0.0, None 
 48.24, -123.51, 60.0, 2016-01-04 18:35:00, 0.0, None 
 48.04, -123.7, 20.0, 2016-01-04 18:40:00, 0.0, None 
 47.91, -123.37, 20.0, 2016-01-04 18:50:00, 0.0, None 
 47.89, -123.29, 35.0, 2016-01-04 18:52:30, 0.0, None 
 48.02, -123.58, 40.0, 2016-01-04 19:02:30, 0.0, None 
 47.98, -122.985, 39.5, 2016-01-04 19:25:00, 0.0, None 
 48.2, -123.2, 20.0, 2016-01-04 19:40:00, 0.0, None 
 48.1, -123.21, 60.0, 2016-01-04 19:42:30, 0.0, None 
 48.17, -122.905, 30.0, 2016-01-04 19:47:30, 0.0, None 
 48.0, -122.92, 20.0, 2016-01-04 19:52:30, 0.0, None 
 48.01, -122.94, 20.0, 2016-01-04 20:00:00, 0.0, None 
 47.98, -122.905, 20.0, 2016-01-04 20:02:30, 0.0, None 
 47.84, -122.81, 48.0, 2016-01-04 20:05:00, 0.0, None 
 47.98, -122.94, 33.5, 2016-01-04 20:10:00, 0.0, None 
 48.01, -122.97, 20.0, 2016-01-04 20:12:30, 0.0, None 
 48.065, -123.335, 60.0, 2016-01-04 20:17:30, 0.0, None 
 47.855, -123.115, 29.0, 2016-01-04 20:22:30, 0.0, None 
 47.97, -123.18, 44.0, 2016-01-04 20:25:00, 0.0, None 
 47.92, -123.19, 47.0, 2016-01-04 20:30:00, 0.0, None 
 48.02, -122.985, 31.0, 2016-01-04 20:35:00, 0.0, None 
 48.11, -123.09, 60.0, 2016-01-04 20:57:30, 0.0, None 
 47.93, -123.38, 60.0, 2016-01-04 21:00:00, 0.0, None 
 47.985, -122.955, 24.0, 2016-01-04 21:02:30, 0.0, None 
 47.93, -123.03, 47.0, 2016-01-04 21:05:00, 0.0, None 
 47.92, -123.01, 48.0, 2016-01-04 21:12:30, 0.0, None 
 47.85, -123.02, 51.0, 2016-01-04 21:37:30, 0.0, None 
 47.905, -123.66, 60.0, 2016-01-04 21:45:00, 0.0, None 
 47.97, -123.18, 43.0, 2016-01-04 22:17:30, 0.0, None 
 47.9, -122.93, 20.0, 2016-01-04 22:30:00, 0.0, None 
 48.1, -123.64, 20.0, 2016-01-04 22:55:00, 0.0, None 
 47.99, -123.665, 60.0, 2016-01-04 22:57:30, 0.0, None 
 47.91, -123.42, 34.0, 2016-01-04 23:27:30, 0.0, None 
 47.9, -123.06, 40.5, 2016-01-04 23:55:00, 0.0, None 
 47.965, -123.08, 32.5, 2016-01-05 00:00:00, 0.0, None 
 47.98, -123.09, 20.0, 2016-01-05 00:02:30, 0.0, None 
 47.76, -122.955, 49.0, 2016-01-05 00:05:00, 0.0, None 
 47.72, -123.15, 49.0, 2016-01-05 00:07:30, 0.0, None 
 47.8, -123.12, 47.5, 2016-01-05 00:17:30, 0.0, None 
 47.9, -123.025, 31.5, 2016-01-05 00:30:00, 0.0, None 
 47.805, -122.925, 33.5, 2016-01-05 00:40:00, 0.0, None 
 47.9, -123.03, 42.5, 2016-01-05 00:45:00, 0.0, None 
 47.99, -122.84, 30.0, 2016-01-05 00:47:30, 0.0, None 
 47.76, -123.33, 60.0, 2016-01-05 00:57:30, 0.0, None 
 47.92, -123.2, 20.0, 2016-01-05 01:00:00, 0.0, None 
 47.975, -123.19, 27.0, 2016-01-05 01:02:30, 0.0, None 
 48.1, -123.255, 20.0, 2016-01-05 01:05:00, 0.0, None 
 47.89, -123.095, 36.0, 2016-01-05 01:05:00, 0.0, None 
 47.965, -123.365, 20.0, 2016-01-05 01:12:30, 0.0, None 
 47.89, -123.4, 38.0, 2016-01-05 01:15:00, 0.0, None 
 47.82, -123.06, 43.0, 2016-01-05 01:17:30, 0.0, None 
 47.73, -123.13, 20.0, 2016-01-05 01:20:00, 0.0, None 
 47.88, -123.1, 32.5, 2016-01-05 01:22:30, 0.0, None 
 47.7, -123.05, 20.0, 2016-01-05 01:25:00, 0.0, None 
 48.0, -122.96, 36.0, 2016-01-05 01:30:00, 0.0, None 
 47.9, -123.03, 36.0, 2016-01-05 01:32:30, 0.0, None 
 47.98, -123.12, 36.0, 2016-01-05 01:35:00, 0.0, None 
 47.93, -123.19, 60.0, 2016-01-05 01:37:30, 0.0, None 
 48.03, -122.95, 20.0, 2016-01-05 01:42:30, 0.0, None 
 47.825, -123.0, 29.0, 2016-01-05 01:47:30, 0.0, None 
 47.88, -123.04, 25.0, 2016-01-05 01:50:00, 0.0, None 
 47.89, -123.02, 27.0, 2016-01-05 01:52:30, 0.0, None 
 48.71, -124.59, 20.0, 2016-01-05 01:55:00, 0.0, None 
 47.83, -123.04, 41.5, 2016-01-05 01:55:00, 0.0, None 
 47.78, -122.94, 58.5, 2016-01-05 01:57:30, 0.0, None 
 47.86, -123.01, 34.0, 2016-01-05 02:05:00, 0.0, None 
 47.895, -123.05, 54.5, 2016-01-05 02:07:30, 0.0, None 
 47.945, -122.915, 31.5, 2016-01-05 02:12:30, 0.0, None 
 47.99, -123.07, 39.0, 2016-01-05 02:17:30, 0.0, None 
 47.94, -123.1, 33.0, 2016-01-05 02:20:00, 0.0, None 
 47.93, -123.02, 28.0, 2016-01-05 02:22:30, 0.0, None 
 47.87, -123.0, 25.0, 2016-01-05 02:25:00, 0.0, None 
 47.83, -122.96, 31.5, 2016-01-05 02:27:30, 0.0, None 
 47.86, -123.29, 60.0, 2016-01-05 02:30:00, 0.0, None 
 47.9, -123.275, 60.0, 2016-01-05 02:32:30, 0.0, None 
 47.835, -123.1, 29.0, 2016-01-05 02:35:00, 0.0, None 
 47.83, -123.1, 30.0, 2016-01-05 02:47:30, 0.0, None 
 47.8, -123.09, 32.0, 2016-01-05 02:50:00, 0.0, None 
 47.81, -123.06, 31.0, 2016-01-05 02:52:30, 0.0, None 
 47.86, -122.99, 20.0, 2016-01-05 02:55:00, 0.0, None 
 47.87, -123.115, 41.5, 2016-01-05 02:57:30, 0.0, None 
 47.83, -122.93, 40.0, 2016-01-05 03:00:00, 0.0, None 
 47.79, -123.48, 60.0, 2016-01-05 03:05:00, 0.0, None 
 47.92, -123.12, 29.0, 2016-01-05 03:12:30, 0.0, None 
 47.9, -123.13, 20.0, 2016-01-05 03:15:00, 0.0, None 
 47.91, -123.09, 44.5, 2016-01-05 03:20:00, 0.0, None 
 47.75, -123.44, 60.0, 2016-01-05 03:27:30, 0.0, None 
 47.71, -123.235, 60.0, 2016-01-05 03:30:00, 0.0, None 
 47.815, -122.98, 38.5, 2016-01-05 03:32:30, 0.0, None 
 47.9, -122.97, 27.0, 2016-01-05 03:35:00, 0.0, None 
 47.855, -122.92, 42.0, 2016-01-05 03:37:30, 0.0, None 
 47.87, -123.025, 32.5, 2016-01-05 03:42:30, 0.0, None 
 47.81, -123.025, 32.0, 2016-01-05 03:45:00, 0.0, None 
 47.93, -123.01, 28.0, 2016-01-05 03:50:00, 0.0, None 
 47.83, -122.97, 60.0, 2016-01-05 03:57:30, 0.0, None 
 47.79, -123.09, 20.0, 2016-01-05 04:17:30, 0.0, None 
 47.8, -123.05, 39.0, 2016-01-05 04:20:00, 0.0, None 
 47.79, -122.955, 34.5, 2016-01-05 04:22:30, 0.0, None 
 47.84, -122.96, 31.0, 2016-01-05 04:35:00, 0.0, None 
 47.85, -122.97, 29.0, 2016-01-05 04:37:30, 0.0, None 
 47.86, -122.92, 29.0, 2016-01-05 04:40:00, 0.0, None 
 47.97, -122.93, 60.0, 2016-01-05 04:42:30, 0.0, None 
 47.85, -122.84, 38.0, 2016-01-05 04:45:00, 0.0, None 
 47.84, -123.02, 31.5, 2016-01-05 04:47:30, 0.0, None 
 47.81, -123.2, 20.0, 2016-01-05 05:00:00, 0.0, None 
 47.86, -123.04, 22.5, 2016-01-05 05:02:30, 0.0, None 
 47.86, -123.075, 31.5, 2016-01-05 05:05:00, 0.0, None 
 47.91, -123.2, 45.0, 2016-01-05 05:10:00, 0.0, None 
 47.95, -123.04, 60.0, 2016-01-05 05:12:30, 0.0, None 
 47.8, -123.005, 26.0, 2016-01-05 05:15:00, 0.0, None 
 48.1, -123.08, 22.0, 2016-01-05 05:17:30, 0.0, None 
 47.81, -122.98, 26.5, 2016-01-05 05:17:30, 0.0, None 
 47.89, -123.0, 27.5, 2016-01-05 05:20:00, 0.0, None 
 47.99, -123.045, 24.5, 2016-01-05 05:22:30, 0.0, None 
 47.91, -122.99, 27.5, 2016-01-05 05:25:00, 0.0, None 
 47.96, -123.04, 46.0, 2016-01-05 05:30:00, 0.0, None 
 47.87, -122.92, 20.0, 2016-01-05 05:32:30, 0.0, None 
 48.05, -123.08, 20.0, 2016-01-05 05:35:00, 0.0, None 
 47.89, -123.125, 23.0, 2016-01-05 05:37:30, 0.0, None 
 47.88, -123.14, 26.0, 2016-01-05 05:40:00, 0.0, None 
 47.77, -123.19, 60.0, 2016-01-05 05:42:30, 0.0, None 
 47.79, -123.31, 28.5, 2016-01-05 05:45:00, 0.0, None 
 47.78, -123.12, 20.0, 2016-01-05 05:50:00, 0.0, None 
 47.79, -123.025, 32.5, 2016-01-05 05:52:30, 0.0, None 
 47.72, -123.485, 60.0, 2016-01-05 05:57:30, 0.0, None 
 47.9, -123.105, 35.5, 2016-01-05 06:00:00, 0.0, None 
 47.92, -122.92, 60.0, 2016-01-05 06:05:00, 0.0, None 
 47.845, -123.06700000000001, 51.0, 2016-01-05 06:07:30, 0.0, None 
 47.82, -123.08, 29.0, 2016-01-05 06:10:00, 0.0, None 
 47.82, -123.06, 39.0, 2016-01-05 06:12:30, 0.0, None 
 47.98, -123.1, 22.0, 2016-01-05 06:17:30, 0.0, None 
 47.89, -123.12, 29.0, 2016-01-05 06:20:00, 0.0, None 
 47.91, -123.23, 56.0, 2016-01-05 06:22:30, 0.0, None 
 48.08, -123.07, 20.0, 2016-01-05 06:25:00, 0.0, None 
 47.955, -123.115, 31.0, 2016-01-05 06:27:30, 0.0, None 
 47.89, -123.35, 60.0, 2016-01-05 06:30:00, 0.0, None 
 47.845, -123.015, 60.0, 2016-01-05 06:32:30, 0.0, None 
 47.89, -123.17, 20.0, 2016-01-05 06:35:00, 0.0, None 
 47.945, -123.105, 30.0, 2016-01-05 06:37:30, 0.0, None 
 48.0, -122.99, 31.0, 2016-01-05 06:40:00, 0.0, None 
 47.98, -122.98, 32.0, 2016-01-05 06:42:30, 0.0, None 
 48.02, -122.985, 42.0, 2016-01-05 06:45:00, 0.0, None 
 47.92, -123.01, 50.0, 2016-01-05 06:50:00, 0.0, None 
 47.97, -123.02, 43.0, 2016-01-05 06:52:30, 0.0, None 
 47.85, -123.11, 25.0, 2016-01-05 07:00:00, 0.0, None 
 47.89, -123.2, 47.0, 2016-01-05 07:02:30, 0.0, None 
 47.68, -122.995, 30.0, 2016-01-05 07:12:30, 0.0, None 
 47.82, -122.88, 42.0, 2016-01-05 07:15:00, 0.0, None 
 47.83, -122.91, 47.0, 2016-01-05 07:17:30, 0.0, None 
 47.79, -123.085, 38.5, 2016-01-05 07:20:00, 0.0, None 
 47.72, -123.425, 60.0, 2016-01-05 07:22:30, 0.0, None 
 47.95, -123.21, 24.0, 2016-01-05 07:27:30, 0.0, None 
 47.79, -122.975, 37.0, 2016-01-05 07:27:30, 0.0, None 
 47.83, -123.01, 37.0, 2016-01-05 07:30:00, 0.0, None 
 47.79, -123.17, 50.0, 2016-01-05 07:32:30, 0.0, None 
 48.0, -123.45, 33.0, 2016-01-05 07:35:00, 0.0, None 
 47.705, -123.05, 60.0, 2016-01-05 07:35:00, 0.0, None 
 47.795, -123.11, 22.5, 2016-01-05 07:40:00, 0.0, None 
 47.89, -123.145, 42.0, 2016-01-05 07:42:30, 0.0, None 
 47.73, -122.94, 41.0, 2016-01-05 07:47:30, 0.0, None 
 47.76, -123.025, 34.0, 2016-01-05 07:50:00, 0.0, None 
 47.7, -123.46, 54.5, 2016-01-05 07:57:30, 0.0, None 
 47.805, -123.065, 22.0, 2016-01-05 08:02:30, 0.0, None 
 48.04, -123.335, 26.5, 2016-01-05 08:10:00, 0.0, None 
 47.72, -123.08, 54.0, 2016-01-05 08:12:30, 0.0, None 
 47.795, -123.41, 51.0, 2016-01-05 08:17:30, 0.0, None 
 47.942, -123.235, 24.5, 2016-01-05 08:30:00, 0.0, None 
 47.93, -123.2, 53.0, 2016-01-05 08:32:30, 0.0, None 
 47.83, -123.33, 54.0, 2016-01-05 08:35:00, 0.0, None 
 47.895, -123.135, 28.0, 2016-01-05 08:37:30, 0.0, None 
 47.91, -123.13, 33.0, 2016-01-05 08:40:00, 0.0, None 
 47.91, -123.455, 37.0, 2016-01-05 08:45:00, 0.0, None 
 47.95, -123.415, 40.0, 2016-01-05 08:47:30, 0.0, None 
 47.93, -123.42, 49.0, 2016-01-05 08:52:30, 0.0, None 
 47.99, -123.4, 42.0, 2016-01-05 08:55:00, 0.0, None 
 48.055, -123.215, 60.0, 2016-01-05 08:57:30, 0.0, None 
 48.07, -123.22, 52.0, 2016-01-05 09:00:00, 0.0, None 
 47.955, -123.585, 60.0, 2016-01-05 09:02:30, 0.0, None 
 47.89, -123.17, 33.0, 2016-01-05 09:05:00, 0.0, None 
 48.03, -123.20299999999999, 36.5, 2016-01-05 09:07:30, 0.0, None 
 48.075, -123.385, 26.2, 2016-01-05 09:10:00, 0.0, None 
 47.97, -123.185, 41.0, 2016-01-05 09:12:30, 0.0, None 
 47.93, -123.17, 24.5, 2016-01-05 09:15:00, 0.0, None 
 48.04, -123.395, 25.8, 2016-01-05 09:17:30, 0.0, None 
 48.02, -123.34, 60.0, 2016-01-05 09:20:00, 0.0, None 
 48.005, -123.17, 44.0, 2016-01-05 09:22:30, 0.0, None 
 48.0, -123.475, 60.0, 2016-01-05 09:25:00, 0.0, None 
 48.045, -123.3, 22.5, 2016-01-05 09:30:00, 0.0, None 
 47.925, -123.315, 24.5, 2016-01-05 09:32:30, 0.0, None 
 47.865, -123.075, 32.0, 2016-01-05 09:35:00, 0.0, None 
 47.885, -123.045, 24.0, 2016-01-05 09:37:30, 0.0, None 
 48.01, -123.3, 41.5, 2016-01-05 09:42:30, 0.0, None 
 47.9, -123.02, 25.0, 2016-01-05 09:50:00, 0.0, None 
 47.92, -123.19, 33.0, 2016-01-05 09:52:30, 0.0, None 
 47.895, -123.27, 20.0, 2016-01-05 09:55:00, 0.0, None 
 47.855, -123.17, 60.0, 2016-01-05 09:57:30, 0.0, None 
 47.98, -123.18, 32.5, 2016-01-05 10:00:00, 0.0, None 
 48.03, -123.415, 60.0, 2016-01-05 10:10:00, 0.0, None 
 48.02, -123.47, 31.0, 2016-01-05 10:12:30, 0.0, None 
 47.89, -123.22, 38.0, 2016-01-05 10:22:30, 0.0, None 
 47.93, -123.23, 30.0, 2016-01-05 10:25:00, 0.0, None 
 48.0, -123.37, 32.0, 2016-01-05 10:27:30, 0.0, None 
 47.945, -123.28, 20.0, 2016-01-05 10:35:00, 0.0, None 
 47.96, -123.19, 20.0, 2016-01-05 10:37:30, 0.0, None 
 47.88, -123.35, 31.0, 2016-01-05 10:40:00, 0.0, None 
 47.91, -123.13, 20.0, 2016-01-05 10:42:30, 0.0, None 
 48.01, -123.18, 29.5, 2016-01-05 10:45:00, 0.0, None 
 48.02, -123.18, 30.0, 2016-01-05 10:47:30, 0.0, None 
 47.75, -123.08, 20.0, 2016-01-05 10:52:30, 0.0, None 
 47.96, -123.3, 20.0, 2016-01-05 10:55:00, 0.0, None 
 47.81, -122.905, 37.0, 2016-01-05 10:55:00, 0.0, None 
 48.001999999999995, -123.275, 30.5, 2016-01-05 10:57:30, 0.0, None 
 47.82, -123.37, 48.0, 2016-01-05 11:00:00, 0.0, None 
 47.985, -123.255, 45.0, 2016-01-05 11:02:30, 0.0, None 
 47.66, -123.11, 29.0, 2016-01-05 11:02:30, 0.0, None 
 47.95, -123.35, 56.5, 2016-01-05 11:05:00, 0.0, None 
 47.7, -123.31, 20.0, 2016-01-05 11:07:30, 0.0, None 
 47.98, -123.405, 46.5, 2016-01-05 11:10:00, 0.0, None 
 47.89, -123.48, 60.0, 2016-01-05 11:15:00, 0.0, None 
 47.95, -123.43, 40.0, 2016-01-05 11:17:30, 0.0, None 
 47.94, -123.475, 32.0, 2016-01-05 11:20:00, 0.0, None 
 47.89, -123.24, 22.0, 2016-01-05 11:30:00, 0.0, None 
 48.05, -123.25, 35.0, 2016-01-05 11:35:00, 0.0, None 
 47.99, -123.38, 49.0, 2016-01-05 11:37:30, 0.0, None 
 47.86, -123.1, 32.5, 2016-01-05 11:40:00, 0.0, None 
 47.88, -123.19, 20.0, 2016-01-05 11:42:30, 0.0, None 
 47.97, -123.23700000000001, 20.0, 2016-01-05 11:45:00, 0.0, None 
 48.12, -123.23, 20.0, 2016-01-05 11:55:00, 0.0, None 
 47.94, -123.28, 20.0, 2016-01-05 12:00:00, 0.0, None 
 47.91, -123.545, 60.0, 2016-01-05 12:07:30, 0.0, None 
 47.975, -123.395, 40.0, 2016-01-05 12:10:00, 0.0, None 
 48.3, -123.21, 20.0, 2016-01-05 12:12:30, 0.0, None 
 47.94, -123.405, 20.0, 2016-01-05 12:12:30, 0.0, None 
 48.05, -123.3, 20.0, 2016-01-05 12:15:00, 0.0, None 
 47.93, -123.42, 20.0, 2016-01-05 12:17:30, 0.0, None 
 48.31, -123.21, 20.0, 2016-01-05 12:20:00, 0.0, None 
 47.925, -123.37, 20.0, 2016-01-05 12:20:00, 0.0, None 
 47.86, -123.11, 23.5, 2016-01-05 12:30:00, 0.0, None 
 47.77, -123.095, 45.0, 2016-01-05 12:32:30, 0.0, None 
 47.8, -122.87, 33.0, 2016-01-05 12:35:00, 0.0, None 
 47.9, -123.24, 42.0, 2016-01-05 12:40:00, 0.0, None 
 47.94, -123.2, 38.0, 2016-01-05 12:42:30, 0.0, None 
 48.05, -123.12, 60.0, 2016-01-05 12:45:00, 0.0, None 
 47.97, -123.03, 53.5, 2016-01-05 12:52:30, 0.0, None 
 47.87, -123.22, 41.0, 2016-01-05 12:55:00, 0.0, None 
 47.88, -123.47, 60.0, 2016-01-05 12:57:30, 0.0, None 
 47.85, -123.01, 60.0, 2016-01-05 13:00:00, 0.0, None 
 47.765, -123.175, 20.0, 2016-01-05 13:15:00, 0.0, None 
 47.858000000000004, -122.995, 26.0, 2016-01-05 13:17:30, 0.0, None 
 47.845, -122.95, 28.2, 2016-01-05 13:20:00, 0.0, None 
 47.87, -123.05, 33.5, 2016-01-05 13:22:30, 0.0, None 
 47.805, -123.16, 50.0, 2016-01-05 13:25:00, 0.0, None 
 47.81, -123.08, 32.5, 2016-01-05 13:27:30, 0.0, None 
 47.83, -123.08, 27.0, 2016-01-05 13:30:00, 0.0, None 
 47.97, -123.3, 53.0, 2016-01-05 13:32:30, 0.0, None 
 47.87, -123.315, 29.0, 2016-01-05 13:35:00, 0.0, None 
 48.005, -123.13, 20.5, 2016-01-05 13:37:30, 0.0, None 
 48.11, -123.11, 20.0, 2016-01-05 13:40:00, 0.0, None 
 47.81, -122.975, 55.0, 2016-01-05 13:40:00, 0.0, None 
 47.87, -122.995, 44.0, 2016-01-05 13:42:30, 0.0, None 
 47.89, -123.11, 28.5, 2016-01-05 13:45:00, 0.0, None 
 47.84, -123.39, 53.0, 2016-01-05 13:47:30, 0.0, None 
 47.78, -123.4, 20.0, 2016-01-05 14:05:00, 0.0, None 
 47.92, -123.205, 32.8, 2016-01-05 14:07:30, 0.0, None 
 47.93, -123.24, 45.5, 2016-01-05 14:10:00, 0.0, None 
 48.13, -123.175, 34.0, 2016-01-05 14:12:30, 0.0, None 
 47.92, -123.31, 31.0, 2016-01-05 14:15:00, 0.0, None 
 47.955, -123.43799999999999, 40.0, 2016-01-05 14:17:30, 0.0, None 
 47.94, -123.29, 20.0, 2016-01-05 14:20:00, 0.0, None 
 47.92, -123.32, 22.0, 2016-01-05 14:25:00, 0.0, None 
 48.0, -123.27, 20.0, 2016-01-05 14:27:30, 0.0, None 
 47.655, -123.14, 20.0, 2016-01-05 14:27:30, 0.0, None 
 47.9, -123.21, 36.0, 2016-01-05 14:50:00, 0.0, None 
 47.82, -123.37, 60.0, 2016-01-05 14:57:30, 0.0, None 
 47.89, -123.265, 24.0, 2016-01-05 15:00:00, 0.0, None 
 47.71, -122.99, 55.0, 2016-01-05 15:05:00, 0.0, None 
 48.05, -123.27, 25.0, 2016-01-05 15:07:30, 0.0, None 
 47.835, -123.495, 60.0, 2016-01-05 15:10:00, 0.0, None 
 47.915, -123.405, 26.0, 2016-01-05 15:15:00, 0.0, None 
 47.725, -123.38, 47.0, 2016-01-05 15:20:00, 0.0, None 
 47.72, -123.44, 37.5, 2016-01-05 15:22:30, 0.0, None 
 47.92, -123.43, 20.0, 2016-01-05 15:25:00, 0.0, None 
 47.895, -123.27, 30.5, 2016-01-05 15:30:00, 0.0, None 
 47.89, -123.265, 21.0, 2016-01-05 15:32:30, 0.0, None 
 47.79, -123.12, 32.0, 2016-01-05 15:37:30, 0.0, None 
 47.81, -123.13, 31.0, 2016-01-05 15:40:00, 0.0, None 
 47.83, -123.235, 20.0, 2016-01-05 15:42:30, 0.0, None 
 47.82, -123.26, 29.0, 2016-01-05 15:50:00, 0.0, None 
 47.925, -123.12, 25.5, 2016-01-05 16:05:00, 0.0, None 
 47.79, -122.98, 39.5, 2016-01-05 16:15:00, 0.0, None 
 47.8, -123.08, 39.0, 2016-01-05 16:17:30, 0.0, None 
 47.79, -123.13, 33.0, 2016-01-05 16:20:00, 0.0, None 
 47.78, -123.125, 21.5, 2016-01-05 16:22:30, 0.0, None 
 47.765, -123.09, 48.0, 2016-01-05 16:25:00, 0.0, None 
 47.895, -123.15, 24.0, 2016-01-05 16:32:30, 0.0, None 
 47.885, -123.21, 20.0, 2016-01-05 16:35:00, 0.0, None 
 47.88, -123.51, 60.0, 2016-01-05 16:37:30, 0.0, None 
 47.83, -123.48, 35.0, 2016-01-05 16:42:30, 0.0, None 
 47.82, -123.09, 44.0, 2016-01-05 16:45:00, 0.0, None 
 47.81, -123.32, 35.5, 2016-01-05 16:47:30, 0.0, None 
 47.96, -123.165, 55.0, 2016-01-05 16:50:00, 0.0, None 
 47.99, -123.13, 20.0, 2016-01-05 16:55:00, 0.0, None 
 47.93, -123.16, 56.0, 2016-01-05 16:57:30, 0.0, None 
 47.81, -123.09, 45.0, 2016-01-05 17:35:00, 0.0, None 
 47.77, -123.07, 23.0, 2016-01-05 17:42:30, 0.0, None 
 48.1, -123.295, 20.0, 2016-01-05 18:22:30, 0.0, None 
 47.815, -123.13, 53.5, 2016-01-05 18:25:00, 0.0, None 
 47.8, -122.98, 29.5, 2016-01-05 18:47:30, 0.0, None 
 47.79, -123.015, 20.5, 2016-01-05 18:50:00, 0.0, None 
 47.7, -123.35, 59.0, 2016-01-05 18:57:30, 0.0, None 
 47.83, -123.29, 24.0, 2016-01-05 19:27:30, 0.0, None 
 47.81, -123.28, 23.5, 2016-01-05 19:30:00, 0.0, None 
 48.01, -123.07, 40.0, 2016-01-05 19:32:30, 0.0, None 
 47.87, -123.32, 51.5, 2016-01-05 19:52:30, 0.0, None 
 47.685, -123.185, 20.0, 2016-01-05 21:02:30, 0.0, None 
 47.805, -123.18, 44.0, 2016-01-05 21:05:00, 0.0, None 
 47.84, -123.38, 20.0, 2016-01-05 21:12:30, 0.0, None 
 47.935, -123.27, 20.0, 2016-01-05 21:32:30, 0.0, None 
 47.85, -123.23, 20.0, 2016-01-05 21:35:00, 0.0, None 
 47.67, -123.215, 41.0, 2016-01-05 21:37:30, 0.0, None 
 47.78, -123.11, 29.0, 2016-01-05 21:42:30, 0.0, None 
 47.78, -123.41, 57.0, 2016-01-05 22:25:00, 0.0, None 
 48.01, -122.88, 60.0, 2016-01-05 22:27:30, 0.0, None 
 47.89, -123.21, 20.0, 2016-01-05 22:52:30, 0.0, None 
 47.8, -123.07, 31.0, 2016-01-05 23:20:00, 0.0, None 
 47.875, -123.085, 34.2, 2016-01-05 23:52:30, 0.0, None 
 47.895, -123.17, 20.0, 2016-01-05 23:55:00, 0.0, None 
 47.82, -123.09, 42.0, 2016-01-06 00:02:30, 0.0, None 
 47.83, -123.06, 35.0, 2016-01-06 00:05:00, 0.0, None 
 47.82, -123.02, 38.0, 2016-01-06 00:07:30, 0.0, None 
 47.77, -123.09, 35.5, 2016-01-06 00:10:00, 0.0, None 
 47.855, -123.17, 53.0, 2016-01-06 00:12:30, 0.0, None 
 47.67, -122.88, 60.0, 2016-01-06 00:15:00, 0.0, None 
 47.91, -123.275, 21.0, 2016-01-06 00:20:00, 0.0, None 
 47.78, -123.01, 32.0, 2016-01-06 00:22:30, 0.0, None 
 47.795, -122.98, 33.0, 2016-01-06 00:25:00, 0.0, None 
 47.89, -123.16, 59.0, 2016-01-06 00:40:00, 0.0, None 
 47.92, -123.14, 60.0, 2016-01-06 00:42:30, 0.0, None 
 47.8, -123.25, 20.0, 2016-01-06 00:47:30, 0.0, None 
 47.83, -122.88, 33.0, 2016-01-06 00:55:00, 0.0, None 
 47.68, -122.9, 53.0, 2016-01-06 01:00:00, 0.0, None 
 47.735, -122.795, 38.0, 2016-01-06 01:02:30, 0.0, None 
 47.9, -122.9, 33.0, 2016-01-06 01:05:00, 0.0, None 
 47.92, -122.88, 35.0, 2016-01-06 01:07:30, 0.0, None 
 47.91, -122.92, 42.0, 2016-01-06 01:10:00, 0.0, None 
 47.94, -122.92, 40.0, 2016-01-06 01:12:30, 0.0, None 
 48.02, -123.17, 60.0, 2016-01-06 01:15:00, 0.0, None 
 47.94, -123.045, 33.5, 2016-01-06 01:17:30, 0.0, None 
 47.92, -123.065, 31.5, 2016-01-06 01:20:00, 0.0, None 
 47.84, -123.19, 31.5, 2016-01-06 01:27:30, 0.0, None 
 47.93, -123.41, 60.0, 2016-01-06 01:40:00, 0.0, None 
 47.77, -123.31, 60.0, 2016-01-06 01:42:30, 0.0, None 
 47.95, -122.925, 36.5, 2016-01-06 01:47:30, 0.0, None 
 47.9, -123.38, 60.0, 2016-01-06 01:50:00, 0.0, None 
 47.7, -123.32, 60.0, 2016-01-06 01:57:30, 0.0, None 
 47.755, -122.88, 60.0, 2016-01-06 02:10:00, 0.0, None 
 47.91, -122.98, 38.0, 2016-01-06 02:12:30, 0.0, None 
 47.92, -122.99, 46.0, 2016-01-06 02:15:00, 0.0, None 
 47.74, -123.36, 60.0, 2016-01-06 02:17:30, 0.0, None 
 47.79, -123.095, 46.0, 2016-01-06 02:22:30, 0.0, None 
 47.85, -123.06, 41.0, 2016-01-06 02:25:00, 0.0, None 
 47.85, -122.95, 60.0, 2016-01-06 02:47:30, 0.0, None 
 47.89, -123.23, 35.0, 2016-01-06 02:52:30, 0.0, None 
 47.89, -123.28, 60.0, 2016-01-06 02:55:00, 0.0, None 
 47.97, -123.34, 60.0, 2016-01-06 02:57:30, 0.0, None 
 47.8, -123.3, 26.0, 2016-01-06 03:00:00, 0.0, None 
 47.81, -123.2, 27.0, 2016-01-06 03:10:00, 0.0, None 
 47.8, -123.08, 35.5, 2016-01-06 03:15:00, 0.0, None 
 47.81, -123.12, 31.0, 2016-01-06 03:17:30, 0.0, None 
 47.795, -123.135, 24.0, 2016-01-06 03:20:00, 0.0, None 
 47.745, -123.01, 34.0, 2016-01-06 03:22:30, 0.0, None 
 48.0, -123.19, 51.5, 2016-01-06 03:27:30, 0.0, None 
 47.75, -122.9, 29.0, 2016-01-06 03:37:30, 0.0, None 
 47.59, -122.9, 57.0, 2016-01-06 03:42:30, 0.0, None 
 47.64, -122.88, 57.0, 2016-01-06 03:45:00, 0.0, None 
 47.67, -122.97, 60.0, 2016-01-06 03:47:30, 0.0, None 
 47.58, -122.925, 50.0, 2016-01-06 03:50:00, 0.0, None 
 47.8, -123.36, 30.5, 2016-01-06 03:55:00, 0.0, None 
 47.82, -123.535, 60.0, 2016-01-06 03:57:30, 0.0, None 
 47.795, -123.43, 40.0, 2016-01-06 04:00:00, 0.0, None 
 47.845, -123.52, 60.0, 2016-01-06 04:02:30, 0.0, None 
 47.66, -123.19, 60.0, 2016-01-06 04:27:30, 0.0, None 
 47.68, -123.09, 42.0, 2016-01-06 04:30:00, 0.0, None 
 47.6, -122.5, 20.0, 2016-01-06 04:45:00, 0.0, None 
 47.73, -122.88, 44.0, 2016-01-06 04:50:00, 0.0, None 
 47.7, -123.3, 55.0, 2016-01-06 04:55:00, 0.0, None 
 47.84, -123.19, 39.5, 2016-01-06 05:10:00, 0.0, None 
 47.89, -123.23, 36.0, 2016-01-06 05:17:30, 0.0, None 
 47.93, -123.02, 60.0, 2016-01-06 05:20:00, 0.0, None 
 47.85, -123.3, 20.0, 2016-01-06 05:22:30, 0.0, None 
 47.885, -123.455, 60.0, 2016-01-06 05:25:00, 0.0, None 
 48.04, -123.31, 20.0, 2016-01-06 05:27:30, 0.0, None 
 47.79, -123.39, 20.0, 2016-01-06 05:27:30, 0.0, None 
 48.1, -123.29, 27.0, 2016-01-06 05:30:00, 0.0, None 
 47.8, -123.365, 20.0, 2016-01-06 05:30:00, 0.0, None 
 47.86, -123.55, 45.5, 2016-01-06 05:32:30, 0.0, None 
 47.71, -123.1, 55.0, 2016-01-06 05:40:00, 0.0, None 
 47.61, -123.22, 59.0, 2016-01-06 05:45:00, 0.0, None 
 47.685, -123.0, 35.0, 2016-01-06 05:47:30, 0.0, None 
 47.695, -123.22, 60.0, 2016-01-06 05:50:00, 0.0, None 
 47.89, -123.46, 20.0, 2016-01-06 05:52:30, 0.0, None 
 47.66, -123.1, 40.0, 2016-01-06 06:00:00, 0.0, None 
 47.81, -123.18, 52.0, 2016-01-06 06:05:00, 0.0, None 
 47.86, -123.23, 26.0, 2016-01-06 06:07:30, 0.0, None 
 47.86, -123.25, 20.0, 2016-01-06 06:10:00, 0.0, None 
 47.84, -123.27, 52.0, 2016-01-06 06:15:00, 0.0, None 
 47.91, -123.33, 60.0, 2016-01-06 06:17:30, 0.0, None 
 47.74, -123.105, 54.0, 2016-01-06 06:20:00, 0.0, None 
 47.74, -123.09, 59.0, 2016-01-06 06:22:30, 0.0, None 
 47.725, -123.35, 60.0, 2016-01-06 06:25:00, 0.0, None 
 47.685, -122.865, 60.0, 2016-01-06 06:27:30, 0.0, None 
 47.705, -123.07, 49.5, 2016-01-06 06:30:00, 0.0, None 
 47.715, -122.945, 34.0, 2016-01-06 06:35:00, 0.0, None 
 47.69, -122.95, 34.5, 2016-01-06 06:37:30, 0.0, None 
 47.79, -123.32, 49.0, 2016-01-06 06:42:30, 0.0, None 
 47.89, -123.25, 20.0, 2016-01-06 06:45:00, 0.0, None 
 47.82, -123.19, 21.5, 2016-01-06 06:47:30, 0.0, None 
 47.78, -123.28, 20.0, 2016-01-06 06:50:00, 0.0, None 
 47.805, -123.3, 25.5, 2016-01-06 06:52:30, 0.0, None 
 47.83, -123.34, 31.0, 2016-01-06 06:55:00, 0.0, None 
 48.25, -123.3, 25.0, 2016-01-06 06:57:30, 0.0, None 
 47.82, -123.32, 31.0, 2016-01-06 06:57:30, 0.0, None 
 48.1, -123.25, 20.0, 2016-01-06 07:00:00, 0.0, None 
 47.79, -123.48, 25.5, 2016-01-06 07:05:00, 0.0, None 
 47.86, -123.25, 49.0, 2016-01-06 07:07:30, 0.0, None 
 47.89, -123.28, 34.0, 2016-01-06 07:10:00, 0.0, None 
 47.81, -123.31, 20.0, 2016-01-06 07:12:30, 0.0, None 
 47.845, -123.235, 34.0, 2016-01-06 07:15:00, 0.0, None 
 47.84, -123.19, 26.0, 2016-01-06 07:17:30, 0.0, None 
 47.81, -123.12, 29.0, 2016-01-06 07:20:00, 0.0, None 
 47.8, -123.1, 29.0, 2016-01-06 07:22:30, 0.0, None 
 47.81, -123.09, 28.0, 2016-01-06 07:25:00, 0.0, None 
 47.83, -123.09, 28.0, 2016-01-06 07:27:30, 0.0, None 
 47.755, -122.925, 20.0, 2016-01-06 07:30:00, 0.0, None 
 47.82, -122.99, 20.0, 2016-01-06 07:35:00, 0.0, None 
 47.85, -122.95, 20.0, 2016-01-06 07:37:30, 0.0, None 
 47.77, -122.91, 34.0, 2016-01-06 07:45:00, 0.0, None 
 47.88, -123.1, 20.0, 2016-01-06 07:47:30, 0.0, None 
 47.83, -123.19, 22.5, 2016-01-06 07:50:00, 0.0, None 
 47.73, -123.06, 34.0, 2016-01-06 08:07:30, 0.0, None 
 48.05, -123.34, 47.0, 2016-01-06 08:12:30, 0.0, None 
 47.9, -122.93, 46.0, 2016-01-06 08:15:00, 0.0, None 
 47.82, -123.02, 35.0, 2016-01-06 08:20:00, 0.0, None 
 47.6, -123.225, 60.0, 2016-01-06 08:25:00, 0.0, None 
 47.72, -122.92, 60.0, 2016-01-06 08:35:00, 0.0, None 
 47.77, -123.12, 55.0, 2016-01-06 08:37:30, 0.0, None 
 47.76, -123.17, 48.5, 2016-01-06 08:40:00, 0.0, None 
 47.73, -123.095, 50.5, 2016-01-06 08:42:30, 0.0, None 
 47.82, -122.915, 40.0, 2016-01-06 08:47:30, 0.0, None 
 47.81, -122.97, 28.0, 2016-01-06 08:50:00, 0.0, None 
 47.8, -123.12, 37.0, 2016-01-06 08:52:30, 0.0, None 
 47.775, -123.12, 30.0, 2016-01-06 08:55:00, 0.0, None 
 47.8, -123.13, 29.0, 2016-01-06 08:57:30, 0.0, None 
 47.81, -123.12, 20.0, 2016-01-06 09:00:00, 0.0, None 
 47.79, -123.09, 25.0, 2016-01-06 09:02:30, 0.0, None 
 47.79, -123.12, 28.0, 2016-01-06 09:07:30, 0.0, None 
 47.77, -123.08, 29.0, 2016-01-06 09:10:00, 0.0, None 
 47.805, -123.08, 23.0, 2016-01-06 09:12:30, 0.0, None 
 47.875, -123.18, 25.0, 2016-01-06 09:15:00, 0.0, None 
 47.87, -123.22, 20.0, 2016-01-06 09:17:30, 0.0, None 
 47.805, -123.17, 20.0, 2016-01-06 09:25:00, 0.0, None 
 47.72, -122.955, 33.0, 2016-01-06 09:32:30, 0.0, None 
 47.73, -122.985, 24.5, 2016-01-06 09:37:30, 0.0, None 
 47.715, -122.99, 56.0, 2016-01-06 09:45:00, 0.0, None 
 47.695, -123.32, 60.0, 2016-01-06 09:47:30, 0.0, None 
 47.73, -123.45, 20.0, 2016-01-06 09:55:00, 0.0, None 
 47.77, -123.04, 60.0, 2016-01-06 09:57:30, 0.0, None 
 47.69, -123.24, 60.0, 2016-01-06 10:00:00, 0.0, None 
 47.79, -123.43, 42.5, 2016-01-06 10:10:00, 0.0, None 
 47.8, -123.16, 60.0, 2016-01-06 10:12:30, 0.0, None 
 47.825, -123.37, 32.5, 2016-01-06 10:20:00, 0.0, None 
 47.84, -123.365, 46.0, 2016-01-06 10:22:30, 0.0, None 
 47.88, -123.545, 20.0, 2016-01-06 10:25:00, 0.0, None 
 47.93, -123.5, 60.0, 2016-01-06 10:27:30, 0.0, None 
 47.71, -122.855, 35.5, 2016-01-06 10:32:30, 0.0, None 
 47.86, -123.26, 20.0, 2016-01-06 10:37:30, 0.0, None 
 47.84, -123.25, 24.5, 2016-01-06 10:40:00, 0.0, None 
 47.81, -123.475, 60.0, 2016-01-06 10:42:30, 0.0, None 
 47.985, -123.29, 34.5, 2016-01-06 10:45:00, 0.0, None 
 48.07, -123.23, 20.0, 2016-01-06 10:47:30, 0.0, None 
 47.79, -123.105, 44.5, 2016-01-06 10:47:30, 0.0, None 
 47.725, -122.805, 24.5, 2016-01-06 10:50:00, 0.0, None 
 47.79, -123.17, 20.0, 2016-01-06 11:02:30, 0.0, None 
 47.69, -123.26, 20.0, 2016-01-06 11:05:00, 0.0, None 
 47.86, -123.14, 20.0, 2016-01-06 11:07:30, 0.0, None 
 47.81, -123.11, 32.0, 2016-01-06 11:10:00, 0.0, None 
 47.81, -123.16, 20.0, 2016-01-06 11:12:30, 0.0, None 
 47.855, -123.145, 33.5, 2016-01-06 11:15:00, 0.0, None 
 47.805, -123.15, 20.0, 2016-01-06 11:17:30, 0.0, None 
 47.81, -123.1, 29.5, 2016-01-06 11:20:00, 0.0, None 
 47.79, -123.09, 28.0, 2016-01-06 11:22:30, 0.0, None 
 47.9, -123.1, 33.0, 2016-01-06 11:25:00, 0.0, None 
 47.87, -123.015, 28.0, 2016-01-06 11:27:30, 0.0, None 
 48.0, -123.105, 29.0, 2016-01-06 11:30:00, 0.0, None 
 47.78, -122.93, 32.0, 2016-01-06 11:37:30, 0.0, None 
 47.785, -122.92, 26.0, 2016-01-06 11:40:00, 0.0, None 
 47.8, -123.02, 29.0, 2016-01-06 11:42:30, 0.0, None 
 47.82, -123.01, 34.0, 2016-01-06 11:52:30, 0.0, None 
 47.805, -122.935, 42.5, 2016-01-06 11:57:30, 0.0, None 
 47.875, -123.16, 30.0, 2016-01-06 12:00:00, 0.0, None 
 47.885, -123.15, 24.5, 2016-01-06 12:02:30, 0.0, None 
 47.83, -122.97, 60.0, 2016-01-06 12:25:00, 0.0, None 
 47.96, -123.13, 29.0, 2016-01-06 12:35:00, 0.0, None 
 47.87, -123.04, 43.0, 2016-01-06 12:37:30, 0.0, None 
 47.915, -123.24, 20.0, 2016-01-06 12:42:30, 0.0, None 
 47.92, -123.265, 52.5, 2016-01-06 12:45:00, 0.0, None 
 47.9, -123.505, 60.0, 2016-01-06 12:47:30, 0.0, None 
 48.06, -123.27, 20.0, 2016-01-06 12:50:00, 0.0, None 
 47.77, -123.32, 26.5, 2016-01-06 12:52:30, 0.0, None 
 47.7, -123.04, 56.0, 2016-01-06 13:00:00, 0.0, None 
 47.825, -123.43, 42.5, 2016-01-06 13:07:30, 0.0, None 
 48.06, -122.91, 60.0, 2016-01-06 13:10:00, 0.0, None 
 47.87, -123.25, 27.0, 2016-01-06 13:15:00, 0.0, None 
 47.935, -123.257, 22.5, 2016-01-06 13:17:30, 0.0, None 
 47.9, -123.125, 41.0, 2016-01-06 13:22:30, 0.0, None 
 47.87, -123.09, 33.0, 2016-01-06 13:25:00, 0.0, None 
 47.915, -123.14, 38.0, 2016-01-06 13:27:30, 0.0, None 
 48.31, -123.27, 20.0, 2016-01-06 13:35:00, 0.0, None 
 47.87, -123.31, 20.0, 2016-01-06 13:35:00, 0.0, None 
 48.05, -123.3, 20.0, 2016-01-06 13:37:30, 0.0, None 
 47.88, -123.2, 60.0, 2016-01-06 13:42:30, 0.0, None 
 48.005, -123.21, 34.0, 2016-01-06 13:45:00, 0.0, None 
 48.045, -123.18, 20.0, 2016-01-06 13:47:30, 0.0, None 
 47.975, -123.338, 20.0, 2016-01-06 13:52:30, 0.0, None 
 47.95, -123.31, 20.0, 2016-01-06 13:55:00, 0.0, None 
 48.28, -123.31, 60.0, 2016-01-06 13:57:30, 0.0, None 
 47.91, -123.29, 60.0, 2016-01-06 13:57:30, 0.0, None 
 48.1, -123.35, 20.0, 2016-01-06 14:00:00, 0.0, None 
 47.92, -123.0, 53.0, 2016-01-06 14:20:00, 0.0, None 
 47.91, -123.165, 60.0, 2016-01-06 14:22:30, 0.0, None 
 47.825, -123.425, 60.0, 2016-01-06 14:30:00, 0.0, None 
 47.905, -123.415, 60.0, 2016-01-06 14:42:30, 0.0, None 
 48.001999999999995, -123.302, 21.8, 2016-01-06 14:45:00, 0.0, None 
 48.0, -123.305, 20.0, 2016-01-06 14:47:30, 0.0, None 
 48.09, -123.38, 20.0, 2016-01-06 14:52:30, 0.0, None 
 48.06, -123.39, 20.0, 2016-01-06 14:55:00, 0.0, None 
 47.94, -123.5, 60.0, 2016-01-06 14:57:30, 0.0, None 
 47.72, -123.22, 36.0, 2016-01-06 15:00:00, 0.0, None 
 47.83, -123.21, 20.0, 2016-01-06 15:05:00, 0.0, None 
 47.8, -123.2, 28.5, 2016-01-06 15:10:00, 0.0, None 
 48.04, -123.19, 60.0, 2016-01-06 15:20:00, 0.0, None 
 48.1, -123.46, 40.0, 2016-01-06 15:30:00, 0.0, None 
 48.06, -123.46, 39.0, 2016-01-06 15:37:30, 0.0, None 
 47.942, -123.16799999999999, 52.0, 2016-01-06 15:40:00, 0.0, None 
 48.06, -123.26, 20.0, 2016-01-06 15:50:00, 0.0, None 
 47.93, -123.33, 60.0, 2016-01-06 16:00:00, 0.0, None 
 47.73, -122.87, 20.0, 2016-01-06 16:02:30, 0.0, None 
 47.8, -123.15, 32.5, 2016-01-06 16:05:00, 0.0, None 
 48.1, -123.41, 60.0, 2016-01-06 16:20:00, 0.0, None 
 47.735, -122.885, 31.5, 2016-01-06 16:22:30, 0.0, None 
 47.79, -123.05, 30.0, 2016-01-06 17:10:00, 0.0, None 
 47.815, -123.06, 25.0, 2016-01-06 17:12:30, 0.0, None 
 47.83, -123.045, 30.5, 2016-01-06 17:20:00, 0.0, None 
 47.87, -123.065, 26.0, 2016-01-06 17:22:30, 0.0, None 
 47.79, -122.91, 35.0, 2016-01-06 17:42:30, 0.0, None 
 47.98, -123.48, 60.0, 2016-01-06 17:47:30, 0.0, None 
 47.68, -122.83, 34.0, 2016-01-06 17:52:30, 0.0, None 
 47.79, -122.87, 60.0, 2016-01-06 17:55:00, 0.0, None 
 47.69, -123.04, 34.0, 2016-01-06 18:45:00, 0.0, None 
 47.73, -123.17, 43.0, 2016-01-06 18:50:00, 0.0, None 
 47.86, -123.34, 20.0, 2016-01-06 19:12:30, 0.0, None 
 47.84, -123.31, 20.0, 2016-01-06 19:15:00, 0.0, None 
 47.87, -123.48, 60.0, 2016-01-06 19:25:00, 0.0, None 
 47.78, -123.1, 36.0, 2016-01-06 19:35:00, 0.0, None 
 48.1, -123.41, 52.0, 2016-01-06 19:40:00, 0.0, None 
 47.69, -122.97, 42.0, 2016-01-06 19:47:30, 0.0, None 
 47.605, -122.9, 60.0, 2016-01-06 21:05:00, 0.0, None 
 47.86, -123.29, 40.0, 2016-01-06 21:10:00, 0.0, None 
 47.95, -123.46, 27.0, 2016-01-06 21:22:30, 0.0, None 
 47.86, -123.22, 20.0, 2016-01-06 21:57:30, 0.0, None 
 47.695, -123.115, 38.5, 2016-01-06 22:00:00, 0.0, None 
 47.6, -123.16, 60.0, 2016-01-06 22:07:30, 0.0, None 
 47.79, -123.32, 30.0, 2016-01-06 22:10:00, 0.0, None 
 47.89, -123.28, 20.0, 2016-01-06 22:17:30, 0.0, None 
 47.86, -123.275, 20.0, 2016-01-06 22:20:00, 0.0, None 
 47.77, -123.425, 60.0, 2016-01-06 22:25:00, 0.0, None 
 47.85, -123.145, 34.5, 2016-01-06 22:27:30, 0.0, None 
 47.99, -122.925, 26.5, 2016-01-06 22:45:00, 0.0, None 
 47.93, -123.13, 32.0, 2016-01-06 22:50:00, 0.0, None 
 47.68, -122.815, 20.0, 2016-01-06 23:02:30, 0.0, None 
 47.66, -122.915, 34.0, 2016-01-06 23:05:00, 0.0, None 
 47.92, -123.045, 44.5, 2016-01-06 23:07:30, 0.0, None 
 47.99, -123.47, 60.0, 2016-01-06 23:17:30, 0.0, None 
 47.66, -123.17, 25.0, 2016-01-06 23:35:00, 0.0, None 
 47.63, -123.16, 20.0, 2016-01-06 23:37:30, 0.0, None 
 47.92, -123.4, 44.0, 2016-01-07 00:00:00, 0.0, None 
 47.96, -123.08, 41.0, 2016-01-07 00:10:00, 0.0, None 
 47.625, -123.21, 40.0, 2016-01-07 00:12:30, 0.0, None 
 47.8, -123.31, 40.0, 2016-01-07 00:15:00, 0.0, None 
 47.81, -123.315, 37.5, 2016-01-07 00:17:30, 0.0, None 
 47.8, -123.44, 26.5, 2016-01-07 00:20:00, 0.0, None 
 47.58, -123.06, 59.0, 2016-01-07 00:50:00, 0.0, None 
 47.62, -123.59, 60.0, 2016-01-07 01:02:30, 0.0, None 
 47.78, -123.57, 60.0, 2016-01-07 01:15:00, 0.0, None 
 47.705, -122.885, 60.0, 2016-01-07 01:20:00, 0.0, None 
 47.6, -122.825, 31.0, 2016-01-07 01:32:30, 0.0, None 
 47.55, -122.8, 34.0, 2016-01-07 01:35:00, 0.0, None 
 47.665, -123.245, 20.0, 2016-01-07 01:55:00, 0.0, None 
 47.635, -123.065, 60.0, 2016-01-07 01:57:30, 0.0, None 
 46.73, -123.0, 60.0, 2016-01-07 01:57:30, 0.0, None 
 47.76, -123.13, 32.0, 2016-01-07 02:02:30, 0.0, None 
 47.74, -123.18, 50.0, 2016-01-07 02:05:00, 0.0, None 
 47.82, -123.105, 60.0, 2016-01-07 02:10:00, 0.0, None 
 47.8, -123.155, 48.0, 2016-01-07 02:12:30, 0.0, None 
 47.58, -122.83, 40.0, 2016-01-07 02:20:00, 0.0, None 
 48.2, -123.38, 33.0, 2016-01-07 02:22:30, 0.0, None 
 47.69, -123.07, 39.0, 2016-01-07 02:22:30, 0.0, None 
 47.59, -122.655, 32.5, 2016-01-07 02:27:30, 0.0, None 
 47.648, -122.678, 24.5, 2016-01-07 02:30:00, 0.0, None 
 47.67, -122.74, 20.0, 2016-01-07 02:35:00, 0.0, None 
 47.77, -123.225, 20.0, 2016-01-07 02:47:30, 0.0, None 
 47.76, -123.1, 42.0, 2016-01-07 02:50:00, 0.0, None 
 47.8, -123.255, 37.0, 2016-01-07 02:52:30, 0.0, None 
 47.65, -122.7, 26.5, 2016-01-07 03:02:30, 0.0, None 
 47.71, -123.02, 29.0, 2016-01-07 03:15:00, 0.0, None 
 47.72, -123.01, 28.0, 2016-01-07 03:17:30, 0.0, None 
 47.6, -123.225, 48.0, 2016-01-07 03:20:00, 0.0, None 
 47.63, -123.095, 49.0, 2016-01-07 03:22:30, 0.0, None 
 47.69, -123.08, 20.0, 2016-01-07 03:27:30, 0.0, None 
 47.68, -123.11, 28.0, 2016-01-07 03:30:00, 0.0, None 
 47.68, -123.16, 42.5, 2016-01-07 03:32:30, 0.0, None 
 47.585, -122.92, 53.5, 2016-01-07 03:37:30, 0.0, None 
 47.68, -122.89, 37.0, 2016-01-07 03:40:00, 0.0, None 
 47.8, -123.12, 28.0, 2016-01-07 03:42:30, 0.0, None 
 47.88, -123.32, 60.0, 2016-01-07 03:52:30, 0.0, None 
 47.87, -123.06, 20.0, 2016-01-07 03:55:00, 0.0, None 
 47.88, -123.37, 60.0, 2016-01-07 03:57:30, 0.0, None 
 47.72, -122.69, 25.0, 2016-01-07 04:00:00, 0.0, None 
 47.63, -123.34, 30.0, 2016-01-07 04:05:00, 0.0, None 
 47.7, -123.36, 58.0, 2016-01-07 04:07:30, 0.0, None 
 47.725, -123.0, 31.0, 2016-01-07 04:20:00, 0.0, None 
 47.77, -123.335, 38.0, 2016-01-07 04:22:30, 0.0, None 
 47.78, -123.42, 20.0, 2016-01-07 04:25:00, 0.0, None 
 47.72, -123.41, 20.0, 2016-01-07 04:27:30, 0.0, None 
 47.72, -123.17, 30.0, 2016-01-07 04:35:00, 0.0, None 
 47.71, -123.1, 20.0, 2016-01-07 04:37:30, 0.0, None 
 47.73, -122.69, 20.0, 2016-01-07 04:47:30, 0.0, None 
 48.01, -123.25, 48.0, 2016-01-07 04:52:30, 0.0, None 
 47.68, -122.75, 60.0, 2016-01-07 05:07:30, 0.0, None 
 47.545, -122.835, 47.0, 2016-01-07 05:10:00, 0.0, None 
 47.63, -122.82, 33.0, 2016-01-07 05:12:30, 0.0, None 
 47.915, -123.42, 45.0, 2016-01-07 05:15:00, 0.0, None 
 47.88, -123.34, 49.0, 2016-01-07 05:17:30, 0.0, None 
 47.903, -123.31200000000001, 20.0, 2016-01-07 05:20:00, 0.0, None 
 47.82, -123.4, 20.0, 2016-01-07 05:22:30, 0.0, None 
 47.79, -123.27, 32.5, 2016-01-07 05:32:30, 0.0, None 
 47.8, -123.37, 20.0, 2016-01-07 05:35:00, 0.0, None 
 47.81, -123.33, 23.0, 2016-01-07 05:37:30, 0.0, None 
 47.73, -123.11, 36.0, 2016-01-07 05:40:00, 0.0, None 
 47.89, -123.275, 58.0, 2016-01-07 05:42:30, 0.0, None 
 47.58, -122.91, 33.0, 2016-01-07 05:42:30, 0.0, None 
 47.715, -123.235, 25.0, 2016-01-07 05:45:00, 0.0, None 
 47.72, -122.9, 20.0, 2016-01-07 06:00:00, 0.0, None 
 47.79, -123.15, 59.0, 2016-01-07 06:05:00, 0.0, None 
 47.69, -122.92, 38.5, 2016-01-07 06:10:00, 0.0, None 
 47.67, -122.93, 39.5, 2016-01-07 06:12:30, 0.0, None 
 47.77, -123.13, 37.0, 2016-01-07 06:15:00, 0.0, None 
 47.31, -122.73, 40.0, 2016-01-07 06:15:00, 0.0, None 
 47.53, -122.82, 40.0, 2016-01-07 06:17:30, 0.0, None 
 47.645, -122.72, 20.0, 2016-01-07 06:20:00, 0.0, None 
 47.67, -122.755, 28.0, 2016-01-07 06:22:30, 0.0, None 
 47.57, -122.822, 25.5, 2016-01-07 06:25:00, 0.0, None 
 47.555, -122.845, 34.8, 2016-01-07 06:27:30, 0.0, None 
 47.55, -122.89, 42.0, 2016-01-07 06:30:00, 0.0, None 
 47.59, -122.73, 30.0, 2016-01-07 06:32:30, 0.0, None 
 47.64, -122.69, 20.0, 2016-01-07 06:35:00, 0.0, None 
 47.61, -122.72, 29.0, 2016-01-07 06:37:30, 0.0, None 
 47.552, -122.965, 22.0, 2016-01-07 06:40:00, 0.0, None 
 47.63, -122.75, 60.0, 2016-01-07 06:45:00, 0.0, None 
 47.64, -122.87, 60.0, 2016-01-07 06:47:30, 0.0, None 
 47.62, -122.87, 45.0, 2016-01-07 06:50:00, 0.0, None 
 47.683, -122.697, 25.2, 2016-01-07 06:52:30, 0.0, None 
 47.703, -122.71, 23.8, 2016-01-07 06:55:00, 0.0, None 
 47.69, -123.37, 40.0, 2016-01-07 06:57:30, 0.0, None 
 47.7, -122.695, 25.8, 2016-01-07 07:02:30, 0.0, None 
 47.695, -122.83, 31.5, 2016-01-07 07:05:00, 0.0, None 
 47.76, -123.27, 30.0, 2016-01-07 07:10:00, 0.0, None 
 47.81, -123.14, 52.0, 2016-01-07 07:12:30, 0.0, None 
 47.775, -123.2, 20.0, 2016-01-07 07:15:00, 0.0, None 
 47.775, -123.22, 25.0, 2016-01-07 07:17:30, 0.0, None 
 47.78, -123.14, 24.0, 2016-01-07 07:20:00, 0.0, None 
 47.8, -123.115, 53.0, 2016-01-07 07:22:30, 0.0, None 
 47.733000000000004, -123.227, 20.0, 2016-01-07 07:27:30, 0.0, None 
 47.75, -123.11200000000001, 26.5, 2016-01-07 07:30:00, 0.0, None 
 47.665, -123.12, 60.0, 2016-01-07 07:37:30, 0.0, None 
 47.805, -123.05799999999999, 20.0, 2016-01-07 07:40:00, 0.0, None 
 47.79, -122.9, 20.0, 2016-01-07 07:42:30, 0.0, None 
 47.87, -123.25, 20.0, 2016-01-07 07:42:30, 0.0, None 
 47.9, -123.24, 20.0, 2016-01-07 07:47:30, 0.0, None 
 47.87, -123.34, 40.0, 2016-01-07 07:52:30, 0.0, None 
 47.885, -123.1, 20.0, 2016-01-07 07:55:00, 0.0, None 
 47.6, -122.89, 60.0, 2016-01-07 07:55:00, 0.0, None 
 47.87, -123.21, 50.5, 2016-01-07 07:57:30, 0.0, None 
 47.86, -123.24, 46.5, 2016-01-07 08:00:00, 0.0, None 
 48.0, -123.29, 20.0, 2016-01-07 08:02:30, 0.0, None 
 47.91, -123.365, 30.0, 2016-01-07 08:05:00, 0.0, None 
 47.87, -123.33, 28.0, 2016-01-07 08:07:30, 0.0, None 
 47.77, -123.2, 20.0, 2016-01-07 08:10:00, 0.0, None 
 47.74, -123.2, 45.0, 2016-01-07 08:12:30, 0.0, None 
 47.83, -123.4, 51.5, 2016-01-07 08:15:00, 0.0, None 
 47.935, -123.26, 60.0, 2016-01-07 08:20:00, 0.0, None 
 48.01, -123.14, 53.0, 2016-01-07 08:30:00, 0.0, None 
 47.7, -122.63, 20.0, 2016-01-07 08:32:30, 0.0, None 
 47.64, -122.8, 32.0, 2016-01-07 08:37:30, 0.0, None 
 47.66, -122.79, 26.0, 2016-01-07 08:40:00, 0.0, None 
 47.67, -122.78, 23.0, 2016-01-07 08:42:30, 0.0, None 
 47.58, -122.67, 20.0, 2016-01-07 08:45:00, 0.0, None 
 47.61, -123.075, 42.0, 2016-01-07 08:47:30, 0.0, None 
 47.29, -122.7, 60.0, 2016-01-07 08:47:30, 0.0, None 
 47.75, -123.16, 49.0, 2016-01-07 08:50:00, 0.0, None 
 47.68, -122.89, 40.0, 2016-01-07 08:52:30, 0.0, None 
 47.56, -122.86, 58.5, 2016-01-07 09:00:00, 0.0, None 
 47.68, -122.84, 20.0, 2016-01-07 09:10:00, 0.0, None 
 47.705, -122.95, 41.0, 2016-01-07 09:12:30, 0.0, None 
 47.48, -122.795, 33.0, 2016-01-07 09:12:30, 0.0, None 
 47.59, -122.898, 25.5, 2016-01-07 09:15:00, 0.0, None 
 47.655, -122.95, 23.2, 2016-01-07 09:17:30, 0.0, None 
 47.61, -122.78, 20.0, 2016-01-07 09:20:00, 0.0, None 
 47.61, -122.74, 20.0, 2016-01-07 09:22:30, 0.0, None 
 47.64, -122.81, 27.0, 2016-01-07 09:25:00, 0.0, None 
 47.68, -123.01, 32.0, 2016-01-07 09:27:30, 0.0, None 
 47.7, -123.09, 52.5, 2016-01-07 09:30:00, 0.0, None 
 48.06, -123.29, 20.0, 2016-01-07 09:35:00, 0.0, None 
 47.75, -123.17, 20.0, 2016-01-07 09:37:30, 0.0, None 
 47.785, -123.2, 20.0, 2016-01-07 09:40:00, 0.0, None 
 47.73, -123.04, 28.5, 2016-01-07 09:45:00, 0.0, None 
 47.495, -122.87, 60.0, 2016-01-07 09:45:00, 0.0, None 
 47.765, -123.055, 28.5, 2016-01-07 09:47:30, 0.0, None 
 47.5, -122.79, 50.0, 2016-01-07 09:47:30, 0.0, None 
 47.72, -123.45, 51.0, 2016-01-07 10:02:30, 0.0, None 
 47.85, -123.0, 41.0, 2016-01-07 10:05:00, 0.0, None 
 47.82, -123.035, 32.0, 2016-01-07 10:07:30, 0.0, None 
 47.79, -123.13, 20.0, 2016-01-07 10:10:00, 0.0, None 
 47.7, -122.63, 46.0, 2016-01-07 10:12:30, 0.0, None 
 47.8, -123.005, 34.0, 2016-01-07 10:12:30, 0.0, None 
 48.08, -123.09, 20.0, 2016-01-07 10:15:00, 0.0, None 
 47.79, -123.055, 29.0, 2016-01-07 10:15:00, 0.0, None 
 47.835, -123.24, 28.0, 2016-01-07 10:27:30, 0.0, None 
 47.83, -123.023, 27.5, 2016-01-07 10:30:00, 0.0, None 
 47.895, -123.12, 20.0, 2016-01-07 10:32:30, 0.0, None 
 47.895, -123.13, 20.0, 2016-01-07 10:35:00, 0.0, None 
 48.035, -123.21, 36.0, 2016-01-07 10:40:00, 0.0, None 
 47.78, -122.84, 39.0, 2016-01-07 10:40:00, 0.0, None 
 47.93, -123.15299999999999, 30.0, 2016-01-07 10:42:30, 0.0, None 
 47.95, -123.135, 25.5, 2016-01-07 10:45:00, 0.0, None 
 47.625, -122.95, 51.0, 2016-01-07 10:45:00, 0.0, None 
 47.98, -123.15, 20.0, 2016-01-07 10:47:30, 0.0, None 
 47.81, -123.245, 20.0, 2016-01-07 10:50:00, 0.0, None 
 47.79, -123.03, 20.0, 2016-01-07 10:52:30, 0.0, None 
 47.805, -123.05, 60.0, 2016-01-07 10:57:30, 0.0, None 
 47.79, -123.105, 28.0, 2016-01-07 11:00:00, 0.0, None 
 47.8, -123.37, 27.0, 2016-01-07 11:12:30, 0.0, None 
 47.82, -123.24, 43.0, 2016-01-07 11:15:00, 0.0, None 
 47.83, -123.2, 40.0, 2016-01-07 11:17:30, 0.0, None 
 47.88, -123.3, 37.0, 2016-01-07 11:32:30, 0.0, None 
 47.927, -123.34700000000001, 44.5, 2016-01-07 11:35:00, 0.0, None 
 48.1, -123.15, 20.0, 2016-01-07 11:40:00, 0.0, None 
 47.985, -123.245, 26.5, 2016-01-07 11:42:30, 0.0, None 
 47.933, -123.295, 20.0, 2016-01-07 11:45:00, 0.0, None 
 47.78, -123.045, 43.0, 2016-01-07 11:47:30, 0.0, None 
 48.0, -123.34, 30.0, 2016-01-07 11:55:00, 0.0, None 
 47.76, -123.295, 20.0, 2016-01-07 12:02:30, 0.0, None 
 47.725, -123.33, 29.0, 2016-01-07 12:05:00, 0.0, None 
 48.02, -123.22, 20.0, 2016-01-07 12:12:30, 0.0, None 
 47.655, -122.815, 20.0, 2016-01-07 12:12:30, 0.0, None 
 48.01, -123.17, 20.0, 2016-01-07 12:15:00, 0.0, None 
 47.78, -122.88, 39.0, 2016-01-07 12:20:00, 0.0, None 
 48.023, -123.345, 20.0, 2016-01-07 12:22:30, 0.0, None 
 48.0, -123.38, 20.0, 2016-01-07 12:25:00, 0.0, None 
 47.86, -123.28, 20.0, 2016-01-07 12:37:30, 0.0, None 
 47.795, -123.11, 34.0, 2016-01-07 12:40:00, 0.0, None 
 48.035, -123.36, 33.0, 2016-01-07 12:45:00, 0.0, None 
 47.92, -123.325, 28.0, 2016-01-07 13:00:00, 0.0, None 
 47.97, -123.225, 27.5, 2016-01-07 13:02:30, 0.0, None 
 47.983000000000004, -123.23299999999999, 25.5, 2016-01-07 13:05:00, 0.0, None 
 48.01, -123.27, 20.0, 2016-01-07 13:07:30, 0.0, None 
 47.72, -123.11, 30.0, 2016-01-07 13:07:30, 0.0, None 
 47.71, -123.09, 57.0, 2016-01-07 13:22:30, 0.0, None 
 47.6, -122.82, 33.5, 2016-01-07 13:25:00, 0.0, None 
 47.68, -122.715, 20.0, 2016-01-07 13:27:30, 0.0, None 
 47.97, -123.48, 22.0, 2016-01-07 13:30:00, 0.0, None 
 47.625, -122.635, 20.0, 2016-01-07 13:32:30, 0.0, None 
 47.67, -122.7, 20.0, 2016-01-07 13:35:00, 0.0, None 
 47.665, -122.78, 30.0, 2016-01-07 13:37:30, 0.0, None 
 47.845, -123.39, 24.5, 2016-01-07 13:42:30, 0.0, None 
 48.013000000000005, -123.257, 23.5, 2016-01-07 13:47:30, 0.0, None 
 47.81, -123.2, 49.0, 2016-01-07 13:50:00, 0.0, None 
 47.78, -123.47, 60.0, 2016-01-07 13:57:30, 0.0, None 
 47.925, -123.095, 20.0, 2016-01-07 14:17:30, 0.0, None 
 47.74, -123.22, 50.0, 2016-01-07 14:20:00, 0.0, None 
 47.705, -123.3, 53.5, 2016-01-07 14:22:30, 0.0, None 
 47.81, -123.28, 30.0, 2016-01-07 14:27:30, 0.0, None 
 47.79, -123.44, 41.0, 2016-01-07 14:30:00, 0.0, None 
 47.83, -123.23, 36.0, 2016-01-07 14:40:00, 0.0, None 
 47.873000000000005, -123.17, 25.0, 2016-01-07 14:42:30, 0.0, None 
 47.67, -123.08, 35.0, 2016-01-07 15:02:30, 0.0, None 
 47.61, -122.9, 32.0, 2016-01-07 15:17:30, 0.0, None 
 47.53, -122.78, 26.0, 2016-01-07 15:45:00, 0.0, None 
 47.55, -122.875, 37.0, 2016-01-07 15:50:00, 0.0, None 
 47.99, -123.165, 30.0, 2016-01-07 16:07:30, 0.0, None 
 47.9, -123.27, 60.0, 2016-01-07 16:20:00, 0.0, None 
 47.7, -123.27, 31.0, 2016-01-07 16:42:30, 0.0, None 
 47.855, -123.33, 25.0, 2016-01-07 16:50:00, 0.0, None 
 47.62, -123.11, 30.0, 2016-01-07 16:52:30, 0.0, None 
 47.69, -123.23, 29.0, 2016-01-07 17:25:00, 0.0, None 
 47.75, -123.2, 20.0, 2016-01-07 17:27:30, 0.0, None 
 47.645, -123.475, 29.5, 2016-01-07 17:30:00, 0.0, None 
 47.97, -123.39, 60.0, 2016-01-07 17:35:00, 0.0, None 
 47.64, -123.28, 32.0, 2016-01-07 17:37:30, 0.0, None 
 47.67, -122.78, 60.0, 2016-01-07 18:00:00, 0.0, None 
 47.59, -123.1, 31.0, 2016-01-07 18:15:00, 0.0, None 
 47.68, -123.3, 20.0, 2016-01-07 18:17:30, 0.0, None 
 47.64, -123.23, 60.0, 2016-01-07 18:20:00, 0.0, None 
 47.69, -123.32, 26.0, 2016-01-07 18:22:30, 0.0, None 
 47.74, -123.22, 28.5, 2016-01-07 18:25:00, 0.0, None 
 47.72, -123.38, 22.0, 2016-01-07 18:32:30, 0.0, None 
 47.71, -123.33, 30.0, 2016-01-07 18:35:00, 0.0, None 
 47.7, -123.31, 30.0, 2016-01-07 18:37:30, 0.0, None 
 47.62, -123.33, 31.0, 2016-01-07 18:40:00, 0.0, None 
 47.68, -123.595, 28.0, 2016-01-07 18:55:00, 0.0, None 
 47.715, -123.18799999999999, 31.5, 2016-01-07 19:00:00, 0.0, None 
 47.69, -123.19, 20.0, 2016-01-07 19:05:00, 0.0, None 
 47.61, -123.14, 23.5, 2016-01-07 19:07:30, 0.0, None 
 47.76, -123.07, 32.0, 2016-01-07 19:22:30, 0.0, None 
 47.58, -122.95, 48.5, 2016-01-07 19:25:00, 0.0, None 
 47.71, -123.19, 24.0, 2016-01-07 19:27:30, 0.0, None 
 47.63, -123.23, 20.0, 2016-01-07 19:30:00, 0.0, None 
 47.68, -123.22, 20.0, 2016-01-07 19:45:00, 0.0, None 
 46.69, -122.98, 60.0, 2016-01-07 19:57:30, 0.0, None 
 47.69, -123.22, 60.0, 2016-01-07 20:25:00, 0.0, None 
 47.595, -123.11, 36.0, 2016-01-07 21:07:30, 0.0, None 
 47.85, -123.29, 20.0, 2016-01-07 21:10:00, 0.0, None 
 47.61, -123.21, 41.0, 2016-01-07 21:20:00, 0.0, None 
 47.81, -123.33, 20.0, 2016-01-07 21:32:30, 0.0, None 
 47.7, -123.31, 41.0, 2016-01-07 21:35:00, 0.0, None 
 47.63, -123.56, 42.0, 2016-01-07 21:37:30, 0.0, None 
 47.77, -123.2, 28.0, 2016-01-07 21:40:00, 0.0, None 
 47.68, -123.29, 20.0, 2016-01-07 22:17:30, 0.0, None 
 47.66, -123.29, 20.0, 2016-01-07 22:20:00, 0.0, None 
 47.62, -123.275, 20.0, 2016-01-07 23:25:00, 0.0, None 
 47.67, -122.905, 60.0, 2016-01-07 23:27:30, 0.0, None 
 47.67, -122.91, 60.0, 2016-01-07 23:30:00, 0.0, None 
 47.76, -123.13, 28.0, 2016-01-07 23:47:30, 0.0, None 
 47.78, -123.28, 53.5, 2016-01-07 23:50:00, 0.0, None 
 47.64, -123.39, 44.0, 2016-01-07 23:55:00, 0.0, None 
 47.58, -123.07, 34.0, 2016-01-08 01:22:30, 0.0, None 
 47.605, -123.09, 41.0, 2016-01-08 01:25:00, 0.0, None 
 47.625, -123.22, 31.8, 2016-01-08 01:27:30, 0.0, None 
 47.68, -123.28, 20.0, 2016-01-08 01:35:00, 0.0, None 
 47.69, -123.27, 29.0, 2016-01-08 01:37:30, 0.0, None 
 47.66, -123.2, 27.0, 2016-01-08 01:40:00, 0.0, None 
 47.85, -123.13, 60.0, 2016-01-08 01:45:00, 0.0, None 
 47.48, -123.19, 26.0, 2016-01-08 02:12:30, 0.0, None 
 47.61, -123.3, 20.0, 2016-01-08 02:15:00, 0.0, None 
 47.71, -122.72, 20.0, 2016-01-08 02:25:00, 0.0, None 
 47.795, -123.315, 44.0, 2016-01-08 02:30:00, 0.0, None 
 47.74, -123.3, 22.0, 2016-01-08 02:32:30, 0.0, None 
 47.54, -122.76, 20.0, 2016-01-08 02:37:30, 0.0, None 
 47.59, -123.3, 60.0, 2016-01-08 03:32:30, 0.0, None 
 47.71, -123.2, 20.0, 2016-01-08 03:37:30, 0.0, None 
 47.7, -123.25, 30.0, 2016-01-08 03:40:00, 0.0, None 
 47.64, -123.285, 20.0, 2016-01-08 03:42:30, 0.0, None 
 47.65, -123.28, 26.0, 2016-01-08 03:45:00, 0.0, None 
 47.6, -123.16, 31.0, 2016-01-08 03:47:30, 0.0, None 
 47.59, -123.22, 20.0, 2016-01-08 03:50:00, 0.0, None 
 47.64, -123.34, 30.0, 2016-01-08 04:15:00, 0.0, None 
 47.52, -123.22, 20.0, 2016-01-08 04:17:30, 0.0, None 
 47.61, -123.29, 20.0, 2016-01-08 04:30:00, 0.0, None 
 47.58, -123.27, 20.0, 2016-01-08 04:32:30, 0.0, None 
 47.58, -123.28, 20.0, 2016-01-08 04:35:00, 0.0, None 
 47.5, -123.23, 30.0, 2016-01-08 04:45:00, 0.0, None 
 47.715, -123.42, 60.0, 2016-01-08 04:57:30, 0.0, None 
 47.6, -123.24, 52.5, 2016-01-08 05:00:00, 0.0, None 
 47.54, -123.22, 31.5, 2016-01-08 05:02:30, 0.0, None 
 47.23, -123.08, 20.0, 2016-01-08 05:02:30, 0.0, None 
 47.52, -123.2, 60.0, 2016-01-08 05:05:00, 0.0, None 
 47.6, -123.25, 42.0, 2016-01-08 05:10:00, 0.0, None 
 47.58, -123.23, 41.0, 2016-01-08 05:12:30, 0.0, None 
 47.71, -123.28, 36.0, 2016-01-08 05:15:00, 0.0, None 
 47.63, -123.29, 20.0, 2016-01-08 05:17:30, 0.0, None 
 47.47, -123.19, 20.0, 2016-01-08 05:22:30, 0.0, None 
 47.49, -123.26, 60.0, 2016-01-08 05:57:30, 0.0, None 
 47.68, -123.52, 51.0, 2016-01-08 06:05:00, 0.0, None 
 47.73, -123.01, 29.0, 2016-01-08 06:20:00, 0.0, None 
 47.59, -123.2, 40.0, 2016-01-08 06:40:00, 0.0, None 
 47.61, -123.31, 20.5, 2016-01-08 06:42:30, 0.0, None 
 47.7, -123.38, 31.5, 2016-01-08 06:45:00, 0.0, None 
 47.7, -123.47, 38.0, 2016-01-08 06:47:30, 0.0, None 
 47.62, -122.96, 54.0, 2016-01-08 06:47:30, 0.0, None 
 47.685, -123.39, 48.5, 2016-01-08 06:55:00, 0.0, None 
 47.675, -123.425, 60.0, 2016-01-08 06:57:30, 0.0, None 
 47.63, -123.26, 42.0, 2016-01-08 07:05:00, 0.0, None 
 47.67, -123.36, 34.0, 2016-01-08 07:07:30, 0.0, None 
 47.655, -123.37, 39.0, 2016-01-08 07:10:00, 0.0, None 
 47.62, -123.14, 20.0, 2016-01-08 07:12:30, 0.0, None 
 47.67, -123.18, 20.0, 2016-01-08 07:15:00, 0.0, None 
 47.69, -123.24, 28.0, 2016-01-08 07:20:00, 0.0, None 
 47.81, -123.25, 20.0, 2016-01-08 07:22:30, 0.0, None 
 47.72, -123.26, 20.0, 2016-01-08 07:25:00, 0.0, None 
 47.73, -123.375, 20.0, 2016-01-08 07:27:30, 0.0, None 
 47.74, -123.3, 20.0, 2016-01-08 07:30:00, 0.0, None 
 47.74, -123.22, 28.0, 2016-01-08 07:32:30, 0.0, None 
 47.71, -123.22, 28.0, 2016-01-08 07:35:00, 0.0, None 
 47.675, -123.21, 27.0, 2016-01-08 07:37:30, 0.0, None 
 47.61, -123.21, 20.0, 2016-01-08 07:40:00, 0.0, None 
 47.61, -123.25, 52.0, 2016-01-08 07:42:30, 0.0, None 
 47.68, -123.215, 33.0, 2016-01-08 07:45:00, 0.0, None 
 47.28, -123.095, 20.0, 2016-01-08 07:45:00, 0.0, None 
 47.59, -123.27, 20.0, 2016-01-08 07:47:30, 0.0, None 
 47.69, -123.31, 23.0, 2016-01-08 07:50:00, 0.0, None 
 47.73, -123.27, 28.0, 2016-01-08 07:52:30, 0.0, None 
 47.72, -123.235, 26.5, 2016-01-08 07:55:00, 0.0, None 
 47.69, -123.23, 38.0, 2016-01-08 07:57:30, 0.0, None 
 47.675, -123.08, 29.0, 2016-01-08 08:00:00, 0.0, None 
 47.67, -123.05, 36.0, 2016-01-08 08:02:30, 0.0, None 
 47.695, -123.145, 23.5, 2016-01-08 08:05:00, 0.0, None 
 47.7, -123.16, 29.0, 2016-01-08 08:07:30, 0.0, None 
 47.77, -123.21, 20.0, 2016-01-08 08:10:00, 0.0, None 
 47.675, -123.07, 21.5, 2016-01-08 08:12:30, 0.0, None 
 47.635, -123.14, 20.0, 2016-01-08 08:15:00, 0.0, None 
 47.68, -123.15, 31.5, 2016-01-08 08:20:00, 0.0, None 
 47.6, -123.145, 33.0, 2016-01-08 08:22:30, 0.0, None 
 47.68, -123.2, 27.0, 2016-01-08 08:25:00, 0.0, None 
 47.725, -123.225, 21.0, 2016-01-08 08:27:30, 0.0, None 
 47.67, -123.32, 44.0, 2016-01-08 08:32:30, 0.0, None 
 47.51, -123.19, 46.0, 2016-01-08 08:35:00, 0.0, None 
 47.56, -123.0, 32.0, 2016-01-08 08:37:30, 0.0, None 
 47.73, -122.97, 34.0, 2016-01-08 08:40:00, 0.0, None 
 47.63, -123.0, 37.0, 2016-01-08 08:42:30, 0.0, None 
 47.69, -122.81, 60.0, 2016-01-08 08:45:00, 0.0, None 
 47.68, -123.115, 54.0, 2016-01-08 08:50:00, 0.0, None 
 47.81, -122.965, 60.0, 2016-01-08 08:55:00, 0.0, None 
 47.6, -123.36, 34.0, 2016-01-08 09:07:30, 0.0, None 
 47.64, -123.32, 45.0, 2016-01-08 09:10:00, 0.0, None 
 47.74, -122.95, 40.0, 2016-01-08 09:15:00, 0.0, None 
 47.7, -122.87, 30.5, 2016-01-08 09:20:00, 0.0, None 
 47.28, -123.13, 30.0, 2016-01-08 09:30:00, 0.0, None 
 47.67, -123.18, 60.0, 2016-01-08 09:32:30, 0.0, None 
 47.68, -123.23, 40.0, 2016-01-08 09:35:00, 0.0, None 
 47.59, -123.05, 60.0, 2016-01-08 09:37:30, 0.0, None 
 47.62, -123.21, 45.5, 2016-01-08 09:40:00, 0.0, None 
 47.575, -123.11, 40.5, 2016-01-08 09:42:30, 0.0, None 
 47.45, -123.215, 55.0, 2016-01-08 09:45:00, 0.0, None 
 47.6, -123.21, 54.0, 2016-01-08 09:47:30, 0.0, None 
 47.64, -122.965, 43.0, 2016-01-08 09:50:00, 0.0, None 
 47.69, -123.08, 42.0, 2016-01-08 09:55:00, 0.0, None 
 47.575, -123.4, 54.0, 2016-01-08 09:57:30, 0.0, None 
 47.58, -123.03, 50.0, 2016-01-08 10:07:30, 0.0, None 
 47.68, -122.97, 20.0, 2016-01-08 10:12:30, 0.0, None 
 47.66, -123.02, 20.0, 2016-01-08 10:15:00, 0.0, None 
 47.57, -123.11, 51.0, 2016-01-08 10:22:30, 0.0, None 
 47.67, -122.86, 60.0, 2016-01-08 10:27:30, 0.0, None 
 47.57, -122.92, 20.0, 2016-01-08 10:30:00, 0.0, None 
 47.61, -123.19, 20.0, 2016-01-08 10:37:30, 0.0, None 
 47.72, -122.83, 31.0, 2016-01-08 10:40:00, 0.0, None 
 47.22, -123.08, 60.0, 2016-01-08 10:42:30, 0.0, None 
 47.61, -122.85, 35.0, 2016-01-08 10:45:00, 0.0, None 
 47.72, -122.91, 44.0, 2016-01-08 10:47:30, 0.0, None 
 47.72, -122.97, 39.0, 2016-01-08 10:50:00, 0.0, None 
 47.65, -123.15, 60.0, 2016-01-08 10:52:30, 0.0, None 
 47.7, -123.18, 60.0, 2016-01-08 10:55:00, 0.0, None 
 47.57, -122.77, 35.0, 2016-01-08 10:57:30, 0.0, None 
 47.6, -122.985, 39.5, 2016-01-08 11:00:00, 0.0, None 
 47.565, -123.02, 34.5, 2016-01-08 11:05:00, 0.0, None 
 47.6, -122.97, 27.0, 2016-01-08 11:20:00, 0.0, None 
 47.63, -122.98, 20.0, 2016-01-08 11:22:30, 0.0, None 
 47.64, -122.98700000000001, 27.5, 2016-01-08 11:25:00, 0.0, None 
 47.62, -122.93, 31.0, 2016-01-08 11:30:00, 0.0, None 
 47.75, -123.145, 44.0, 2016-01-08 11:40:00, 0.0, None 
 47.582, -122.96, 36.5, 2016-01-08 11:45:00, 0.0, None 
 47.53, -122.915, 35.5, 2016-01-08 11:47:30, 0.0, None 
 47.58, -122.83, 34.0, 2016-01-08 11:55:00, 0.0, None 
 47.59, -122.77, 31.0, 2016-01-08 11:57:30, 0.0, None 
 47.62, -122.82, 25.0, 2016-01-08 12:00:00, 0.0, None 
 47.65, -122.81, 37.0, 2016-01-08 12:02:30, 0.0, None 
 47.605, -123.1, 50.0, 2016-01-08 12:05:00, 0.0, None 
 47.63, -122.75, 40.0, 2016-01-08 12:07:30, 0.0, None 
 47.75, -123.3, 35.0, 2016-01-08 12:15:00, 0.0, None 
 47.75, -123.08, 60.0, 2016-01-08 12:17:30, 0.0, None 
 47.71, -123.39, 44.5, 2016-01-08 12:20:00, 0.0, None 
 47.68, -123.38, 43.5, 2016-01-08 12:22:30, 0.0, None 
 47.67, -123.28, 38.0, 2016-01-08 12:25:00, 0.0, None 
 47.725, -123.4, 20.0, 2016-01-08 12:27:30, 0.0, None 
 47.6, -123.0, 31.0, 2016-01-08 12:32:30, 0.0, None 
 47.57, -122.96, 30.0, 2016-01-08 12:35:00, 0.0, None 
 47.69, -122.895, 38.0, 2016-01-08 12:45:00, 0.0, None 
 47.71, -122.82, 33.0, 2016-01-08 12:47:30, 0.0, None 
 47.665, -122.84, 20.0, 2016-01-08 12:50:00, 0.0, None 
 47.715, -122.81, 20.0, 2016-01-08 12:52:30, 0.0, None 
 47.67, -123.405, 25.0, 2016-01-08 12:55:00, 0.0, None 
 47.595, -123.39, 60.0, 2016-01-08 12:57:30, 0.0, None 
 47.66, -123.33, 29.0, 2016-01-08 13:00:00, 0.0, None 
 47.795, -123.21, 31.0, 2016-01-08 13:02:30, 0.0, None 
 47.735, -123.19, 29.5, 2016-01-08 13:05:00, 0.0, None 
 47.785, -123.465, 20.0, 2016-01-08 13:10:00, 0.0, None 
 47.69, -123.07, 29.0, 2016-01-08 13:17:30, 0.0, None 
 47.75, -123.095, 31.0, 2016-01-08 13:27:30, 0.0, None 
 47.76, -123.01799999999999, 31.0, 2016-01-08 13:30:00, 0.0, None 
 47.7, -122.89, 42.0, 2016-01-08 13:35:00, 0.0, None 
 47.78, -123.01, 28.0, 2016-01-08 13:40:00, 0.0, None 
 47.7, -122.83, 20.0, 2016-01-08 13:42:30, 0.0, None 
 47.73, -122.98, 28.0, 2016-01-08 13:45:00, 0.0, None 
 47.78, -123.28, 20.0, 2016-01-08 13:50:00, 0.0, None 
 47.79, -123.225, 20.0, 2016-01-08 13:52:30, 0.0, None 
 47.74, -123.32, 60.0, 2016-01-08 13:57:30, 0.0, None 
 47.78, -123.185, 30.5, 2016-01-08 14:02:30, 0.0, None 
 47.71, -123.185, 42.0, 2016-01-08 14:05:00, 0.0, None 
 47.81, -123.09, 33.0, 2016-01-08 14:10:00, 0.0, None 
 47.82, -123.04, 35.0, 2016-01-08 14:12:30, 0.0, None 
 47.83, -123.08, 36.0, 2016-01-08 14:17:30, 0.0, None 
 47.8, -123.275, 60.0, 2016-01-08 14:20:00, 0.0, None 
 47.73, -123.27, 50.0, 2016-01-08 14:25:00, 0.0, None 
 47.77, -122.88, 20.0, 2016-01-08 14:30:00, 0.0, None 
 47.82, -123.205, 29.0, 2016-01-08 14:40:00, 0.0, None 
 47.84, -123.23, 28.0, 2016-01-08 14:52:30, 0.0, None 
 47.575, -122.91, 31.0, 2016-01-08 15:12:30, 0.0, None 
 47.69, -122.89, 33.0, 2016-01-08 15:42:30, 0.0, None 
 47.59, -123.28, 60.0, 2016-01-08 16:00:00, 0.0, None 
 47.71, -122.79, 45.0, 2016-01-08 16:12:30, 0.0, None 
 47.595, -122.83, 39.0, 2016-01-08 16:17:30, 0.0, None 
 47.63, -122.82, 28.0, 2016-01-08 16:20:00, 0.0, None 
 47.74, -122.803, 22.5, 2016-01-08 16:22:30, 0.0, None 
 47.665, -122.82, 31.0, 2016-01-08 16:25:00, 0.0, None 
 47.69, -122.83, 30.0, 2016-01-08 16:27:30, 0.0, None 
 47.58, -122.83, 60.0, 2016-01-08 16:45:00, 0.0, None 
 47.77, -123.3, 60.0, 2016-01-08 17:10:00, 0.0, None 
 47.62, -122.86, 20.0, 2016-01-08 17:20:00, 0.0, None 
 47.74, -123.0, 20.0, 2016-01-08 17:35:00, 0.0, None 
 47.57, -122.99, 45.0, 2016-01-08 19:10:00, 0.0, None 
 47.575, -123.31, 51.0, 2016-01-08 19:25:00, 0.0, None 
 47.51, -122.95, 49.0, 2016-01-08 19:30:00, 0.0, None 
 47.68, -123.08, 53.0, 2016-01-08 20:05:00, 0.0, None 
 47.7, -123.53, 60.0, 2016-01-08 20:10:00, 0.0, None 
 47.54, -122.96, 32.0, 2016-01-08 20:35:00, 0.0, None 
 47.8, -122.8, 39.5, 2016-01-08 22:00:00, 0.0, None 
 47.8, -122.82, 30.0, 2016-01-08 22:10:00, 0.0, None 
 47.54, -122.96, 31.5, 2016-01-08 22:45:00, 0.0, None 
 47.6, -123.05, 39.0, 2016-01-08 23:05:00, 0.0, None 
 47.69, -122.77, 20.0, 2016-01-09 00:20:00, 0.0, None 
 47.6, -123.12, 32.0, 2016-01-09 00:30:00, 0.0, None 
 47.465, -123.1, 20.0, 2016-01-09 00:32:30, 0.0, None 
 47.71, -123.2, 31.0, 2016-01-09 00:35:00, 0.0, None 
 47.67, -123.165, 30.0, 2016-01-09 00:45:00, 0.0, None 
 47.655, -123.21, 26.0, 2016-01-09 00:47:30, 0.0, None 
 47.64, -123.34, 60.0, 2016-01-09 00:57:30, 0.0, None 
 47.635, -123.38, 31.0, 2016-01-09 01:00:00, 0.0, None 
 47.64, -123.07, 32.0, 2016-01-09 01:10:00, 0.0, None 
 47.81, -123.12, 60.0, 2016-01-09 01:12:30, 0.0, None 
 47.68, -123.12, 28.0, 2016-01-09 01:27:30, 0.0, None 
 47.71, -123.1, 36.0, 2016-01-09 01:30:00, 0.0, None 
 47.715, -123.2, 21.0, 2016-01-09 01:32:30, 0.0, None 
 47.65, -123.19, 20.0, 2016-01-09 01:35:00, 0.0, None 
 47.65, -123.1, 38.5, 2016-01-09 01:42:30, 0.0, None 
 47.79, -123.205, 45.0, 2016-01-09 01:45:00, 0.0, None 
 47.69, -123.22, 30.0, 2016-01-09 01:52:30, 0.0, None 
 47.68, -123.18, 60.0, 2016-01-09 01:55:00, 0.0, None 
 47.54, -123.18, 60.0, 2016-01-09 02:00:00, 0.0, None 
 47.56, -123.1, 41.0, 2016-01-09 02:05:00, 0.0, None 
 47.61, -122.95, 29.0, 2016-01-09 02:07:30, 0.0, None 
 47.78, -123.04, 26.0, 2016-01-09 02:10:00, 0.0, None 
 47.17, -122.79, 53.0, 2016-01-09 02:10:00, 0.0, None 
 47.74, -123.09, 21.5, 2016-01-09 02:12:30, 0.0, None 
 47.81, -123.13, 51.0, 2016-01-09 02:15:00, 0.0, None 
 47.6, -123.01, 28.0, 2016-01-09 02:22:30, 0.0, None 
 47.87, -122.96, 41.0, 2016-01-09 02:22:30, 0.0, None 
 47.59, -122.95, 49.0, 2016-01-09 02:35:00, 0.0, None 
 47.685, -122.98, 40.0, 2016-01-09 02:37:30, 0.0, None 
 47.6, -122.88, 30.0, 2016-01-09 02:40:00, 0.0, None 
 47.56, -123.21, 57.0, 2016-01-09 03:07:30, 0.0, None 
 47.61, -123.38, 52.0, 2016-01-09 03:10:00, 0.0, None 
 47.58, -123.37, 60.0, 2016-01-09 03:12:30, 0.0, None 
 47.65, -122.88, 33.0, 2016-01-09 03:50:00, 0.0, None 
 47.39, -123.21, 26.0, 2016-01-09 03:55:00, 0.0, None 
 47.49, -122.68, 20.0, 2016-01-09 04:35:00, 0.0, None 
 47.65, -123.26, 40.0, 2016-01-09 04:45:00, 0.0, None 
 47.59, -123.07, 54.0, 2016-01-09 04:47:30, 0.0, None 
 47.41, -123.31, 20.0, 2016-01-09 04:55:00, 0.0, None 
 47.51, -123.275, 33.0, 2016-01-09 04:57:30, 0.0, None 
 47.5, -123.09, 31.0, 2016-01-09 05:02:30, 0.0, None 
 47.22, -123.21, 31.0, 2016-01-09 05:25:00, 0.0, None 
 47.605, -122.985, 47.0, 2016-01-09 05:27:30, 0.0, None 
 47.61, -122.87299999999999, 28.0, 2016-01-09 05:30:00, 0.0, None 
 47.665, -122.83, 60.0, 2016-01-09 05:32:30, 0.0, None 
 47.55, -123.0, 32.0, 2016-01-09 05:35:00, 0.0, None 
 47.595, -122.9, 29.5, 2016-01-09 05:37:30, 0.0, None 
 47.44, -123.1, 27.0, 2016-01-09 05:40:00, 0.0, None 
 47.565, -123.16, 20.0, 2016-01-09 06:07:30, 0.0, None 
 47.6, -123.16, 20.0, 2016-01-09 06:10:00, 0.0, None 
 47.51, -123.24, 60.0, 2016-01-09 06:12:30, 0.0, None 
 47.6, -123.27, 42.0, 2016-01-09 06:15:00, 0.0, None 
 47.6, -123.09, 28.0, 2016-01-09 06:17:30, 0.0, None 
 47.6, -122.9, 31.0, 2016-01-09 06:42:30, 0.0, None 
 47.615, -122.99, 30.0, 2016-01-09 06:50:00, 0.0, None 
 47.57, -123.22, 30.0, 2016-01-09 06:52:30, 0.0, None 
 47.59, -123.03, 60.0, 2016-01-09 07:00:00, 0.0, None 
 47.66, -123.0, 40.0, 2016-01-09 07:02:30, 0.0, None 
 47.51, -123.22, 32.0, 2016-01-09 07:10:00, 0.0, None 
 47.68, -123.21, 20.0, 2016-01-09 07:12:30, 0.0, None 
 47.58, -122.995, 30.0, 2016-01-09 07:15:00, 0.0, None 
 47.45, -122.9, 40.0, 2016-01-09 07:17:30, 0.0, None 
 47.58, -122.97, 31.0, 2016-01-09 07:22:30, 0.0, None 
 47.58, -122.98, 38.0, 2016-01-09 07:25:00, 0.0, None 
 47.535, -123.27, 56.5, 2016-01-09 07:27:30, 0.0, None 
 47.75, -123.0, 33.0, 2016-01-09 07:27:30, 0.0, None 
 47.59, -122.905, 50.5, 2016-01-09 07:40:00, 0.0, None 
 47.61, -122.845, 60.0, 2016-01-09 07:42:30, 0.0, None 
 47.64, -123.07, 20.0, 2016-01-09 07:52:30, 0.0, None 
 47.59, -123.08, 30.0, 2016-01-09 07:55:00, 0.0, None 
 47.695, -123.21, 60.0, 2016-01-09 08:02:30, 0.0, None 
 47.715, -123.025, 37.8, 2016-01-09 08:05:00, 0.0, None 
 47.6, -123.005, 32.0, 2016-01-09 08:07:30, 0.0, None 
 47.655, -123.19, 24.5, 2016-01-09 08:10:00, 0.0, None 
 47.515, -123.105, 60.0, 2016-01-09 08:17:30, 0.0, None 
 47.9, -123.14, 20.0, 2016-01-09 08:17:30, 0.0, None 
 47.19, -122.82, 35.0, 2016-01-09 08:20:00, 0.0, None 
 47.58, -123.02, 24.0, 2016-01-09 08:22:30, 0.0, None 
 47.63, -123.0, 21.5, 2016-01-09 08:25:00, 0.0, None 
 47.615, -122.92200000000001, 30.2, 2016-01-09 08:27:30, 0.0, None 
 47.605, -122.785, 30.0, 2016-01-09 08:30:00, 0.0, None 
 47.52, -123.1, 20.0, 2016-01-09 08:40:00, 0.0, None 
 47.77, -123.22, 20.0, 2016-01-09 08:52:30, 0.0, None 
 47.59, -122.85, 30.5, 2016-01-09 09:10:00, 0.0, None 
 47.62, -123.29, 20.0, 2016-01-09 09:12:30, 0.0, None 
 47.41, -123.31, 49.0, 2016-01-09 09:27:30, 0.0, None 
 47.54, -123.17, 43.0, 2016-01-09 09:30:00, 0.0, None 
 47.47, -122.89, 60.0, 2016-01-09 09:35:00, 0.0, None 
 47.36, -123.2, 24.0, 2016-01-09 09:37:30, 0.0, None 
 47.68, -122.99, 20.0, 2016-01-09 09:42:30, 0.0, None 
 47.68, -123.16, 20.0, 2016-01-09 09:47:30, 0.0, None 
 47.535, -123.095, 50.0, 2016-01-09 09:50:00, 0.0, None 
 47.58, -123.12, 48.0, 2016-01-09 09:52:30, 0.0, None 
 47.78, -123.08, 41.0, 2016-01-09 09:57:30, 0.0, None 
 47.68, -123.165, 31.0, 2016-01-09 10:07:30, 0.0, None 
 47.76, -123.005, 38.2, 2016-01-09 10:17:30, 0.0, None 
 47.74, -123.06200000000001, 40.5, 2016-01-09 10:20:00, 0.0, None 
 47.63, -122.92, 20.0, 2016-01-09 10:27:30, 0.0, None 
 47.69, -122.93, 41.5, 2016-01-09 10:30:00, 0.0, None 
 47.68, -123.18, 28.5, 2016-01-09 10:42:30, 0.0, None 
 47.755, -122.965, 43.0, 2016-01-09 10:45:00, 0.0, None 
 47.795, -123.05, 49.5, 2016-01-09 10:47:30, 0.0, None 
 47.6, -122.9, 20.0, 2016-01-09 10:50:00, 0.0, None 
 47.6, -122.94, 22.0, 2016-01-09 10:52:30, 0.0, None 
 47.535, -123.2, 20.0, 2016-01-09 10:55:00, 0.0, None 
 47.68, -123.26, 20.0, 2016-01-09 11:05:00, 0.0, None 
 47.78, -123.32, 20.0, 2016-01-09 11:07:30, 0.0, None 
 47.71, -123.4, 22.0, 2016-01-09 11:12:30, 0.0, None 
 47.73, -123.1, 33.0, 2016-01-09 11:17:30, 0.0, None 
 47.785, -123.0, 43.0, 2016-01-09 11:25:00, 0.0, None 
 47.735, -123.13, 29.5, 2016-01-09 11:27:30, 0.0, None 
 47.18, -122.81, 40.0, 2016-01-09 11:30:00, 0.0, None 
 47.49, -122.7, 20.0, 2016-01-09 11:32:30, 0.0, None 
 47.51, -123.01, 37.0, 2016-01-09 11:35:00, 0.0, None 
 47.565, -122.895, 33.0, 2016-01-09 11:37:30, 0.0, None 
 47.52, -123.015, 20.0, 2016-01-09 11:40:00, 0.0, None 
 47.657, -122.963, 20.0, 2016-01-09 11:42:30, 0.0, None 
 47.72, -123.04, 31.0, 2016-01-09 11:45:00, 0.0, None 
 47.69, -123.04, 26.0, 2016-01-09 11:47:30, 0.0, None 
 47.785, -123.1, 60.0, 2016-01-09 11:57:30, 0.0, None 
 47.59, -123.395, 60.0, 2016-01-09 12:00:00, 0.0, None 
 47.78, -123.12, 31.0, 2016-01-09 12:02:30, 0.0, None 
 47.71, -123.12, 24.0, 2016-01-09 12:05:00, 0.0, None 
 47.715, -123.125, 22.0, 2016-01-09 12:07:30, 0.0, None 
 47.755, -123.13, 20.0, 2016-01-09 12:10:00, 0.0, None 
 47.83, -123.075, 20.0, 2016-01-09 12:12:30, 0.0, None 
 47.785, -123.1, 31.0, 2016-01-09 12:15:00, 0.0, None 
 47.805, -123.09, 26.0, 2016-01-09 12:17:30, 0.0, None 
 47.72, -123.07, 39.0, 2016-01-09 12:20:00, 0.0, None 
 47.79, -123.11, 25.0, 2016-01-09 12:22:30, 0.0, None 
 47.81, -123.12, 21.0, 2016-01-09 12:25:00, 0.0, None 
 47.8, -123.06, 35.5, 2016-01-09 12:27:30, 0.0, None 
 47.73, -123.01, 42.0, 2016-01-09 12:30:00, 0.0, None 
 47.705, -123.01, 51.0, 2016-01-09 12:32:30, 0.0, None 
 47.69, -123.0, 51.0, 2016-01-09 12:35:00, 0.0, None 
 47.62, -123.07, 43.0, 2016-01-09 12:37:30, 0.0, None 
 47.71, -123.31, 20.0, 2016-01-09 12:42:30, 0.0, None 
 47.85, -123.045, 60.0, 2016-01-09 12:47:30, 0.0, None 
 47.87, -122.99, 48.5, 2016-01-09 12:50:00, 0.0, None 
 47.748000000000005, -123.07799999999999, 37.0, 2016-01-09 12:52:30, 0.0, None 
 47.77, -123.1, 28.0, 2016-01-09 12:55:00, 0.0, None 
 47.8, -123.1, 32.0, 2016-01-09 12:57:30, 0.0, None 
 47.805, -123.01, 52.0, 2016-01-09 13:02:30, 0.0, None 
 47.42, -122.925, 51.5, 2016-01-09 13:15:00, 0.0, None 
 47.58, -123.0, 52.0, 2016-01-09 13:17:30, 0.0, None 
 47.67, -123.37, 45.0, 2016-01-09 13:22:30, 0.0, None 
 47.58, -123.24, 20.0, 2016-01-09 13:40:00, 0.0, None 
 47.58, -123.175, 37.0, 2016-01-09 13:42:30, 0.0, None 
 47.6, -123.105, 28.0, 2016-01-09 13:45:00, 0.0, None 
 47.62, -123.135, 40.0, 2016-01-09 13:52:30, 0.0, None 
 47.55, -123.11, 20.0, 2016-01-09 13:55:00, 0.0, None 
 47.92, -123.17, 50.0, 2016-01-09 13:55:00, 0.0, None 
 47.59, -123.38, 60.0, 2016-01-09 13:57:30, 0.0, None 
 47.635, -123.03, 30.0, 2016-01-09 14:02:30, 0.0, None 
 47.54, -123.28, 29.0, 2016-01-09 14:05:00, 0.0, None 
 47.61, -122.95, 30.0, 2016-01-09 14:07:30, 0.0, None 
 47.435, -123.3, 60.0, 2016-01-09 14:12:30, 0.0, None 
 47.53, -123.06, 30.0, 2016-01-09 14:15:00, 0.0, None 
 47.59, -122.93, 26.0, 2016-01-09 14:32:30, 0.0, None 
 47.62, -122.85, 20.0, 2016-01-09 14:35:00, 0.0, None 
 47.49, -122.81, 31.0, 2016-01-09 14:37:30, 0.0, None 
 47.61, -123.165, 33.0, 2016-01-09 14:40:00, 0.0, None 
 47.59, -122.985, 41.0, 2016-01-09 14:42:30, 0.0, None 
 47.62, -123.14200000000001, 40.0, 2016-01-09 15:20:00, 0.0, None 
 47.595, -123.155, 38.5, 2016-01-09 15:22:30, 0.0, None 
 47.555, -123.03, 60.0, 2016-01-09 15:32:30, 0.0, None 
 47.69, -123.38, 43.0, 2016-01-09 15:57:30, 0.0, None 
 47.51, -123.26, 35.0, 2016-01-09 16:10:00, 0.0, None 
 47.69, -122.82, 32.0, 2016-01-09 16:32:30, 0.0, None 
 47.58, -123.125, 47.0, 2016-01-09 17:32:30, 0.0, None 
 47.35, -123.23, 60.0, 2016-01-09 17:35:00, 0.0, None 
 47.6, -122.83, 60.0, 2016-01-09 18:37:30, 0.0, None 
 47.51, -123.19, 20.0, 2016-01-09 19:02:30, 0.0, None 
 47.525, -123.165, 20.0, 2016-01-09 19:05:00, 0.0, None 
 47.625, -122.845, 60.0, 2016-01-09 19:05:00, 0.0, None 
 47.58, -122.87, 27.5, 2016-01-09 19:17:30, 0.0, None 
 47.61, -122.83, 20.0, 2016-01-09 19:20:00, 0.0, None 
 47.4, -123.17, 51.0, 2016-01-09 19:30:00, 0.0, None 
 47.3, -123.25, 60.0, 2016-01-09 19:32:30, 0.0, None 
 47.37, -123.2, 60.0, 2016-01-09 19:35:00, 0.0, None 
 47.58, -122.945, 32.0, 2016-01-09 19:52:30, 0.0, None 
 47.605, -123.355, 60.0, 2016-01-09 19:57:30, 0.0, None 
 47.65, -123.13, 20.0, 2016-01-09 20:00:00, 0.0, None 
 47.49, -123.09, 55.0, 2016-01-09 20:47:30, 0.0, None 
 47.42, -123.27, 52.0, 2016-01-09 20:50:00, 0.0, None 
 47.625, -123.045, 29.0, 2016-01-09 20:52:30, 0.0, None 
 47.605, -123.225, 36.5, 2016-01-09 20:55:00, 0.0, None 
 47.48, -123.03, 20.0, 2016-01-09 21:30:00, 0.0, None 
 47.53, -123.08, 20.0, 2016-01-09 21:32:30, 0.0, None 
 47.62, -123.1, 20.0, 2016-01-09 21:35:00, 0.0, None 
 47.71, -123.13, 20.0, 2016-01-09 21:37:30, 0.0, None 
 47.68, -123.11, 29.0, 2016-01-09 21:40:00, 0.0, None 
 47.495, -123.27, 27.0, 2016-01-09 21:42:30, 0.0, None 
 47.48, -123.115, 44.0, 2016-01-09 21:50:00, 0.0, None 
 47.535, -122.99, 34.5, 2016-01-09 21:52:30, 0.0, None 
 47.52, -122.925, 21.5, 2016-01-09 21:55:00, 0.0, None 
 47.35, -123.2, 29.0, 2016-01-09 22:12:30, 0.0, None 
 47.575, -122.91, 40.5, 2016-01-09 22:15:00, 0.0, None 
 47.62, -122.89, 50.0, 2016-01-09 22:17:30, 0.0, None 
 47.58, -122.97, 34.5, 2016-01-09 22:20:00, 0.0, None 
 47.53, -122.99, 26.5, 2016-01-09 22:22:30, 0.0, None 
 47.61, -123.11, 38.0, 2016-01-09 22:27:30, 0.0, None 
 47.665, -123.12, 26.5, 2016-01-09 22:32:30, 0.0, None 
 47.94, -123.0, 21.0, 2016-01-09 22:32:30, 0.0, None 
 47.64, -123.13, 29.0, 2016-01-09 22:35:00, 0.0, None 
 47.66, -123.3, 20.0, 2016-01-09 22:37:30, 0.0, None 
 47.58, -123.28, 32.0, 2016-01-09 22:40:00, 0.0, None 
 47.6, -123.28, 31.5, 2016-01-09 22:42:30, 0.0, None 
 47.63, -123.14, 31.0, 2016-01-09 22:45:00, 0.0, None 
 47.685, -123.22, 20.0, 2016-01-09 22:47:30, 0.0, None 
 47.92, -123.17, 20.0, 2016-01-09 22:47:30, 0.0, None 
 47.68, -123.22, 20.0, 2016-01-09 22:50:00, 0.0, None 
 47.683, -123.28, 50.5, 2016-01-09 22:52:30, 0.0, None 
 47.66, -123.245, 29.0, 2016-01-09 22:55:00, 0.0, None 
 47.64, -123.03, 60.0, 2016-01-09 22:57:30, 0.0, None 
 47.57, -123.1, 54.0, 2016-01-09 23:00:00, 0.0, None 
 47.565, -123.29, 50.0, 2016-01-09 23:02:30, 0.0, None 
 47.65, -123.03, 32.0, 2016-01-09 23:05:00, 0.0, None 
 47.56, -123.4, 60.0, 2016-01-09 23:07:30, 0.0, None 
 47.53, -123.31, 60.0, 2016-01-09 23:10:00, 0.0, None 
 47.59, -122.955, 39.0, 2016-01-09 23:15:00, 0.0, None 
 47.78, -123.32, 60.0, 2016-01-09 23:17:30, 0.0, None 
 47.6, -123.32, 60.0, 2016-01-09 23:32:30, 0.0, None 
 47.5, -123.2, 20.0, 2016-01-10 00:07:30, 0.0, None 
 47.565, -122.79, 30.0, 2016-01-10 00:57:30, 0.0, None 
 47.345, -122.92, 55.5, 2016-01-10 01:00:00, 0.0, None 
 47.25, -123.15, 40.0, 2016-01-10 01:20:00, 0.0, None 
 47.5, -123.02, 60.0, 2016-01-10 01:32:30, 0.0, None 
 47.585, -122.71, 20.0, 2016-01-10 01:35:00, 0.0, None 
 47.64, -122.76, 24.5, 2016-01-10 01:37:30, 0.0, None 
 47.56, -122.69, 33.0, 2016-01-10 01:47:30, 0.0, None 
 47.59, -122.62, 39.5, 2016-01-10 01:52:30, 0.0, None 
 47.57, -122.69, 33.0, 2016-01-10 01:55:00, 0.0, None 
 47.56, -122.87, 20.0, 2016-01-10 02:25:00, 0.0, None 
 47.48, -123.11, 20.0, 2016-01-10 02:35:00, 0.0, None 
 47.58, -123.0, 31.0, 2016-01-10 02:37:30, 0.0, None 
 47.61, -123.31, 51.0, 2016-01-10 05:30:00, 0.0, None 
 47.45, -123.37, 20.0, 2016-01-10 06:00:00, 0.0, None 
 47.58, -123.41, 20.0, 2016-01-10 06:50:00, 0.0, None 
 47.57, -123.5, 53.0, 2016-01-10 06:55:00, 0.0, None 
 47.21, -123.24, 50.0, 2016-01-10 07:37:30, 0.0, None 
 47.62, -123.26, 42.0, 2016-01-10 13:27:30, 0.0, None 
 47.705, -123.42, 25.0, 2016-01-10 13:45:00, 0.0, None 
 47.595, -123.33, 60.0, 2016-01-10 13:47:30, 0.0, None 
 47.35, -123.29, 34.0, 2016-01-10 13:50:00, 0.0, None 
 47.56, -123.41, 20.0, 2016-01-10 14:00:00, 0.0, None 
 47.24, -123.21, 34.0, 2016-01-10 14:05:00, 0.0, None 
 47.57, -122.995, 29.0, 2016-01-10 14:15:00, 0.0, None 
 47.36, -123.23, 52.0, 2016-01-10 14:22:30, 0.0, None 
 47.265, -123.18, 53.0, 2016-01-10 14:25:00, 0.0, None 
 47.28, -123.31, 60.0, 2016-01-10 14:35:00, 0.0, None 
 47.29, -123.32, 60.0, 2016-01-10 14:37:30, 0.0, None 
 47.53, -122.835, 20.0, 2016-01-10 14:40:00, 0.0, None 
 47.31, -123.09, 46.0, 2016-01-10 14:42:30, 0.0, None 
 47.385, -123.21, 56.0, 2016-01-10 14:57:30, 0.0, None 
 47.4, -123.12, 52.0, 2016-01-10 15:00:00, 0.0, None 
 47.56, -123.15, 33.0, 2016-01-10 15:02:30, 0.0, None 
 47.375, -123.055, 20.0, 2016-01-10 15:05:00, 0.0, None 
 47.29, -123.16, 30.0, 2016-01-10 15:07:30, 0.0, None 
 47.51, -123.16, 40.5, 2016-01-10 15:10:00, 0.0, None 
 47.43, -123.08, 46.0, 2016-01-10 15:12:30, 0.0, None 
 47.41, -122.9, 42.0, 2016-01-10 15:17:30, 0.0, None 
 47.455, -122.95, 41.5, 2016-01-10 15:20:00, 0.0, None 
 47.375, -123.0, 52.0, 2016-01-10 15:22:30, 0.0, None 
 47.4, -123.2, 20.0, 2016-01-10 15:30:00, 0.0, None 
 47.5, -123.02, 35.0, 2016-01-10 15:32:30, 0.0, None 
 47.67, -123.18, 33.0, 2016-01-10 15:42:30, 0.0, None 
 47.6, -123.16, 31.5, 2016-01-10 15:45:00, 0.0, None 
 47.485, -123.09, 33.0, 2016-01-10 15:47:30, 0.0, None 
 47.61, -123.15, 52.0, 2016-01-10 15:50:00, 0.0, None 
 47.38, -123.2, 38.0, 2016-01-10 16:00:00, 0.0, None 
 47.36, -123.27, 20.0, 2016-01-10 16:05:00, 0.0, None 
 47.64, -123.09, 33.0, 2016-01-10 16:10:00, 0.0, None 
 47.575, -123.1, 32.0, 2016-01-10 16:20:00, 0.0, None 
 47.53, -123.07, 35.0, 2016-01-10 16:22:30, 0.0, None 
 47.45, -123.3, 50.0, 2016-01-10 16:30:00, 0.0, None 
 47.51, -123.48, 55.0, 2016-01-10 17:20:00, 0.0, None 
 47.72, -123.41, 20.0, 2016-01-10 17:35:00, 0.0, None 
 47.35, -123.3, 33.0, 2016-01-10 18:02:30, 0.0, None 
 47.32, -123.275, 43.0, 2016-01-10 18:05:00, 0.0, None 
 47.48, -123.38, 26.0, 2016-01-10 19:05:00, 0.0, None 
 47.38, -123.03, 20.0, 2016-01-10 19:35:00, 0.0, None 
 47.645, -123.19, 60.0, 2016-01-10 20:50:00, 0.0, None 
 47.39, -123.19, 20.0, 2016-01-10 20:55:00, 0.0, None 
 47.64, -123.29, 20.0, 2016-01-10 21:02:30, 0.0, None 
 47.5, -123.31, 35.0, 2016-01-10 21:10:00, 0.0, None 
 47.685, -123.22, 20.0, 2016-01-10 21:40:00, 0.0, None 
 47.705, -123.33, 20.0, 2016-01-10 21:42:30, 0.0, None 
 47.69, -123.27, 33.0, 2016-01-10 21:45:00, 0.0, None 
 47.65, -123.28, 20.0, 2016-01-10 21:47:30, 0.0, None 
 47.54, -123.205, 55.5, 2016-01-10 21:57:30, 0.0, None 
 47.675, -123.295, 20.0, 2016-01-10 22:07:30, 0.0, None 
 47.58, -123.27, 20.0, 2016-01-10 22:10:00, 0.0, None 
 47.57, -123.265, 49.5, 2016-01-10 22:12:30, 0.0, None 
 47.42, -123.065, 55.0, 2016-01-10 22:15:00, 0.0, None 
 47.6, -123.465, 60.0, 2016-01-10 22:20:00, 0.0, None 
 47.4, -123.22, 56.0, 2016-01-10 22:22:30, 0.0, None 
 47.54, -123.3, 60.0, 2016-01-10 22:30:00, 0.0, None 
 47.51, -122.95, 34.0, 2016-01-10 22:40:00, 0.0, None 
 47.53, -123.0, 33.0, 2016-01-10 22:42:30, 0.0, None 
 47.27, -123.29, 51.0, 2016-01-10 22:45:00, 0.0, None 
 47.66, -123.48, 60.0, 2016-01-10 22:57:30, 0.0, None 
 47.47, -122.91, 29.0, 2016-01-10 23:15:00, 0.0, None 
 47.46, -122.9, 31.0, 2016-01-10 23:17:30, 0.0, None 
 47.57, -123.25, 45.0, 2016-01-10 23:32:30, 0.0, None 
 47.4, -123.2, 48.0, 2016-01-10 23:35:00, 0.0, None 
 47.39, -123.01, 32.0, 2016-01-10 23:37:30, 0.0, None 
 47.455, -122.96, 30.0, 2016-01-10 23:40:00, 0.0, None 
 47.615, -123.49, 58.0, 2016-01-10 23:42:30, 0.0, None 
 47.555, -122.935, 32.0, 2016-01-10 23:52:30, 0.0, None 
 47.58, -123.175, 32.0, 2016-01-11 00:12:30, 0.0, None 
 47.57, -123.04, 29.5, 2016-01-11 00:15:00, 0.0, None 
 47.59, -123.065, 39.0, 2016-01-11 00:32:30, 0.0, None 
 47.57, -123.105, 42.5, 2016-01-11 01:20:00, 0.0, None 
 47.71, -123.52, 20.0, 2016-01-11 01:22:30, 0.0, None 
 47.51, -123.08, 43.0, 2016-01-11 01:25:00, 0.0, None 
 47.65, -123.38, 51.0, 2016-01-11 03:17:30, 0.0, None 
 47.45, -123.185, 60.0, 2016-01-11 03:20:00, 0.0, None 
 47.59, -123.28, 43.0, 2016-01-11 03:25:00, 0.0, None 
 47.62, -123.115, 45.0, 2016-01-11 03:32:30, 0.0, None 
 47.6, -123.12, 58.5, 2016-01-11 04:02:30, 0.0, None 
 47.49, -123.04, 34.0, 2016-01-11 04:05:00, 0.0, None 
 47.7, -123.42, 20.0, 2016-01-11 04:25:00, 0.0, None 
 47.63, -123.38, 51.0, 2016-01-11 05:35:00, 0.0, None 
 47.685, -123.4, 26.0, 2016-01-11 06:50:00, 0.0, None 
 47.53, -123.31, 49.0, 2016-01-11 07:12:30, 0.0, None 
 47.59, -123.37, 20.0, 2016-01-11 07:15:00, 0.0, None 
 47.54, -123.43, 50.0, 2016-01-11 07:17:30, 0.0, None 
 47.67, -123.51, 56.0, 2016-01-11 07:57:30, 0.0, None 
 47.53, -123.02, 20.0, 2016-01-11 08:17:30, 0.0, None 
 47.6, -123.36, 40.0, 2016-01-11 11:30:00, 0.0, None 
 47.71, -123.45, 42.0, 2016-01-11 11:45:00, 0.0, None 
 47.62, -123.4, 35.0, 2016-01-11 12:00:00, 0.0, None 
 47.65, -123.41, 39.0, 2016-01-11 12:02:30, 0.0, None 
 47.7, -123.41, 24.0, 2016-01-11 12:05:00, 0.0, None 
 47.62, -123.3, 29.5, 2016-01-11 12:17:30, 0.0, None 
 47.72, -123.41, 20.0, 2016-01-11 12:27:30, 0.0, None 
 47.76, -123.38, 39.5, 2016-01-11 12:37:30, 0.0, None 
 47.52, -123.25, 30.0, 2016-01-11 12:40:00, 0.0, None 
 47.46, -123.13, 20.0, 2016-01-11 13:00:00, 0.0, None 
 47.66, -123.31, 27.0, 2016-01-11 13:02:30, 0.0, None 
 47.71, -123.16, 52.0, 2016-01-11 13:07:30, 0.0, None 
 47.57, -123.26, 20.0, 2016-01-11 13:10:00, 0.0, None 
 47.485, -123.19, 20.0, 2016-01-11 13:32:30, 0.0, None 
 47.65, -123.21, 20.0, 2016-01-11 13:50:00, 0.0, None 
 47.665, -123.24, 20.0, 2016-01-11 13:52:30, 0.0, None 
 47.69, -123.24, 30.5, 2016-01-11 13:57:30, 0.0, None 
 47.68, -123.19, 37.0, 2016-01-11 14:00:00, 0.0, None 
 47.485, -123.39, 47.5, 2016-01-11 14:07:30, 0.0, None 
 47.64, -123.33, 42.0, 2016-01-11 14:10:00, 0.0, None 
 47.73, -123.445, 41.0, 2016-01-11 14:12:30, 0.0, None 
 47.72, -123.425, 26.0, 2016-01-11 14:15:00, 0.0, None 
 47.525, -123.18, 26.0, 2016-01-11 14:17:30, 0.0, None 
 47.69, -123.24, 20.0, 2016-01-11 14:52:30, 0.0, None 
 47.5, -123.39, 48.0, 2016-01-11 14:55:00, 0.0, None 
 47.59, -123.26, 51.0, 2016-01-11 14:57:30, 0.0, None 
 47.57, -123.205, 33.5, 2016-01-11 15:00:00, 0.0, None 
 47.69, -123.28, 20.0, 2016-01-11 15:02:30, 0.0, None 
 47.68, -123.2, 39.0, 2016-01-11 15:05:00, 0.0, None 
 47.77, -123.36, 20.0, 2016-01-11 15:07:30, 0.0, None 
 47.63, -123.06, 34.0, 2016-01-11 15:20:00, 0.0, None 
 47.69, -123.24, 38.0, 2016-01-11 15:25:00, 0.0, None 
 47.59, -123.36, 60.0, 2016-01-11 16:05:00, 0.0, None 
 47.405, -123.08, 22.0, 2016-01-11 18:17:30, 0.0, None 
 47.59, -123.42, 26.0, 2016-01-11 18:22:30, 0.0, None 
 48.08, -123.48, 24.0, 2016-01-11 18:37:30, 0.0, None 
 47.38, -123.08, 47.0, 2016-01-11 22:20:00, 0.0, None 
 47.5, -123.02, 39.0, 2016-01-11 22:37:30, 0.0, None 
 47.47, -123.39, 60.0, 2016-01-11 23:30:00, 0.0, None 
 47.635, -123.1, 60.0, 2016-01-11 23:55:00, 0.0, None 
 47.8, -123.32, 29.0, 2016-01-12 00:05:00, 0.0, None 
 47.5, -123.28, 36.0, 2016-01-12 00:25:00, 0.0, None 
 47.47, -123.26, 29.0, 2016-01-12 00:27:30, 0.0, None 
 47.505, -123.21, 40.0, 2016-01-12 00:35:00, 0.0, None 
 47.59, -123.04, 23.5, 2016-01-12 00:55:00, 0.0, None 
 47.62, -122.97, 48.0, 2016-01-12 01:30:00, 0.0, None 
 47.41, -123.29, 30.0, 2016-01-12 01:45:00, 0.0, None 
 47.59, -122.96, 40.0, 2016-01-12 02:25:00, 0.0, None 
 47.48, -123.22, 32.0, 2016-01-12 02:30:00, 0.0, None 
 47.59, -123.04, 20.0, 2016-01-12 02:32:30, 0.0, None 
 47.41, -123.13, 54.0, 2016-01-12 02:52:30, 0.0, None 
 47.55, -122.98, 20.0, 2016-01-12 02:55:00, 0.0, None 
 47.49, -123.07, 58.0, 2016-01-12 02:57:30, 0.0, None 
 47.525, -123.115, 56.0, 2016-01-12 03:00:00, 0.0, None 
 47.59, -123.2, 20.0, 2016-01-12 03:25:00, 0.0, None 
 47.6, -122.91, 20.0, 2016-01-12 03:35:00, 0.0, None 
 47.53, -123.17, 60.0, 2016-01-12 03:37:30, 0.0, None 
 47.4, -123.35, 60.0, 2016-01-12 03:47:30, 0.0, None 
 47.59, -122.94, 20.0, 2016-01-12 04:00:00, 0.0, None 
 47.57, -123.0, 30.0, 2016-01-12 04:02:30, 0.0, None 
 47.585, -123.29, 60.0, 2016-01-12 04:57:30, 0.0, None 
 47.74, -123.41, 60.0, 2016-01-12 05:57:30, 0.0, None 
 47.445, -123.09, 31.0, 2016-01-12 06:17:30, 0.0, None 
 47.515, -123.16, 60.0, 2016-01-12 06:20:00, 0.0, None 
 47.66, -123.28, 22.5, 2016-01-12 06:22:30, 0.0, None 
 47.61, -123.185, 20.0, 2016-01-12 06:25:00, 0.0, None 
 47.53, -123.18, 20.0, 2016-01-12 06:27:30, 0.0, None 
 47.83, -123.4, 20.0, 2016-01-12 06:30:00, 0.0, None 
 47.7, -123.48, 20.0, 2016-01-12 06:42:30, 0.0, None 
 47.72, -123.39, 20.0, 2016-01-12 06:50:00, 0.0, None 
 47.79, -123.38, 60.0, 2016-01-12 07:37:30, 0.0, None 
 47.79, -123.41, 60.0, 2016-01-12 07:40:00, 0.0, None 
 47.705, -123.21, 25.0, 2016-01-12 07:42:30, 0.0, None 
 47.64, -122.96, 31.0, 2016-01-12 07:45:00, 0.0, None 
 47.6, -123.28, 35.5, 2016-01-12 07:50:00, 0.0, None 
 47.53, -123.19, 44.0, 2016-01-12 07:57:30, 0.0, None 
 47.495, -123.165, 23.5, 2016-01-12 08:00:00, 0.0, None 
 47.53, -123.24, 20.0, 2016-01-12 08:40:00, 0.0, None 
 47.48, -123.175, 20.0, 2016-01-12 09:10:00, 0.0, None 
 47.505, -123.31, 26.5, 2016-01-12 09:17:30, 0.0, None 
 47.4, -123.33, 52.0, 2016-01-12 09:20:00, 0.0, None 
 47.58, -123.18, 20.0, 2016-01-12 10:12:30, 0.0, None 
 47.6, -123.055, 56.5, 2016-01-12 12:40:00, 0.0, None 
 47.57, -123.2, 26.5, 2016-01-12 12:47:30, 0.0, None 
 47.75, -123.29, 60.0, 2016-01-12 12:57:30, 0.0, None 
 47.73, -123.23, 21.0, 2016-01-12 13:02:30, 0.0, None 
 47.49, -123.18, 42.0, 2016-01-12 13:10:00, 0.0, None 
 47.505, -123.075, 60.0, 2016-01-12 13:12:30, 0.0, None 
 47.49, -123.12, 60.0, 2016-01-12 13:15:00, 0.0, None 
 47.55, -123.07, 60.0, 2016-01-12 13:17:30, 0.0, None 
 47.515, -123.18, 20.0, 2016-01-12 13:25:00, 0.0, None 
 47.64, -123.195, 60.0, 2016-01-12 13:27:30, 0.0, None 
 47.59, -123.075, 20.0, 2016-01-12 13:30:00, 0.0, None 
 47.55, -123.08, 33.5, 2016-01-12 13:32:30, 0.0, None 
 47.55, -123.135, 30.0, 2016-01-12 13:35:00, 0.0, None 
 47.575, -123.17, 29.5, 2016-01-12 13:40:00, 0.0, None 
 47.61, -123.435, 20.0, 2016-01-12 14:00:00, 0.0, None 
 47.66, -123.31, 20.0, 2016-01-12 14:30:00, 0.0, None 
 47.53, -123.41, 20.0, 2016-01-12 14:37:30, 0.0, None 
 47.71, -123.27, 20.0, 2016-01-12 14:57:30, 0.0, None 
 47.7, -123.46, 28.0, 2016-01-12 17:45:00, 0.0, None 
 47.57, -123.23, 20.0, 2016-01-12 19:32:30, 0.0, None 
 47.68, -123.49, 49.0, 2016-01-12 20:55:00, 0.0, None 
 47.58, -123.4, 20.0, 2016-01-12 21:27:30, 0.0, None 
 47.47, -123.055, 60.0, 2016-01-14 00:20:00, 0.0, None 
 47.7, -122.81, 24.0, 2016-01-14 00:22:30, 0.0, None 
 47.62, -122.81, 33.0, 2016-01-14 00:25:00, 0.0, None 
 47.565, -122.83, 37.0, 2016-01-14 00:40:00, 0.0, None 
 47.54, -123.16, 43.5, 2016-01-14 00:42:30, 0.0, None 
 47.59, -123.02, 42.5, 2016-01-14 00:45:00, 0.0, None 
 47.67, -122.84, 33.0, 2016-01-14 01:42:30, 0.0, None 
 47.7, -123.05, 60.0, 2016-01-14 02:07:30, 0.0, None 
 47.53, -123.2, 31.0, 2016-01-14 02:37:30, 0.0, None 
 47.8, -123.43, 20.0, 2016-01-14 03:10:00, 0.0, None 
 47.61, -123.15, 22.0, 2016-01-14 03:12:30, 0.0, None 
 47.675, -122.955, 29.5, 2016-01-14 03:30:00, 0.0, None 
 47.54, -122.955, 29.0, 2016-01-14 03:42:30, 0.0, None 
 47.62, -123.045, 23.0, 2016-01-14 03:52:30, 0.0, None 
 47.52, -123.08, 60.0, 2016-01-14 03:55:00, 0.0, None 
 47.56, -123.06, 20.0, 2016-01-14 04:15:00, 0.0, None 
 47.56, -123.075, 20.0, 2016-01-14 04:17:30, 0.0, None 
 47.63, -123.1, 29.5, 2016-01-14 04:20:00, 0.0, None 
 47.575, -122.875, 23.5, 2016-01-14 04:22:30, 0.0, None 
 47.63, -122.82, 31.0, 2016-01-14 04:25:00, 0.0, None 
 47.56, -123.035, 30.0, 2016-01-14 04:30:00, 0.0, None 
 47.52, -122.78, 60.0, 2016-01-14 04:32:30, 0.0, None 
 47.795, -123.5, 51.0, 2016-01-14 05:02:30, 0.0, None 
 47.61, -123.135, 50.0, 2016-01-14 05:17:30, 0.0, None 
 47.55, -123.1, 60.0, 2016-01-14 05:22:30, 0.0, None 
 47.66, -122.81, 20.0, 2016-01-14 05:27:30, 0.0, None 
 47.66, -122.9, 39.5, 2016-01-14 05:30:00, 0.0, None 
 47.57, -123.08, 43.5, 2016-01-14 05:32:30, 0.0, None 
 47.62, -123.105, 32.5, 2016-01-14 05:35:00, 0.0, None 
 47.62, -122.87, 31.5, 2016-01-14 05:42:30, 0.0, None 
 47.68, -123.0, 27.5, 2016-01-14 05:55:00, 0.0, None 
 47.72, -123.03, 32.0, 2016-01-14 05:57:30, 0.0, None 
 47.42, -123.03, 55.5, 2016-01-14 06:00:00, 0.0, None 
 47.64, -122.895, 40.0, 2016-01-14 06:02:30, 0.0, None 
 47.79, -123.39, 20.0, 2016-01-14 06:05:00, 0.0, None 
 47.57, -123.0, 20.0, 2016-01-14 06:50:00, 0.0, None 
 47.585, -122.735, 20.0, 2016-01-14 07:30:00, 0.0, None 
 47.58, -122.93, 25.0, 2016-01-14 07:32:30, 0.0, None 
 47.5, -123.15, 20.0, 2016-01-14 07:50:00, 0.0, None 
 47.68, -122.83, 26.0, 2016-01-14 08:10:00, 0.0, None 
 47.6, -123.06, 33.0, 2016-01-14 08:15:00, 0.0, None 
 47.56, -122.79, 51.0, 2016-01-14 08:22:30, 0.0, None 
 47.61, -122.8, 46.5, 2016-01-14 08:25:00, 0.0, None 
 47.57, -122.84, 20.0, 2016-01-14 09:50:00, 0.0, None 
 47.54, -123.18, 20.0, 2016-01-14 09:55:00, 0.0, None 
 47.78, -123.4, 20.0, 2016-01-14 13:22:30, 0.0, None 
 47.79, -123.38, 20.0, 2016-01-14 15:12:30, 0.0, None 
 47.67, -123.03, 56.0, 2016-01-14 16:20:00, 0.0, None 
 47.79, -123.5, 20.0, 2016-01-14 16:25:00, 0.0, None 
 47.695, -122.95, 60.0, 2016-01-14 16:57:30, 0.0, None 
 47.7, -123.0, 41.5, 2016-01-14 17:00:00, 0.0, None 
 47.88, -123.49, 60.0, 2016-01-14 21:25:00, 0.0, None 
 47.65, -122.8, 35.0, 2016-01-14 23:47:30, 0.0, None 
 47.77, -123.37, 60.0, 2016-01-14 23:55:00, 0.0, None 
 47.59, -122.74, 50.0, 2016-01-15 00:02:30, 0.0, None 
 47.62, -122.86, 60.0, 2016-01-15 00:05:00, 0.0, None 
 47.72, -122.925, 47.5, 2016-01-15 00:12:30, 0.0, None 
 47.495, -122.94, 60.0, 2016-01-15 00:17:30, 0.0, None 
 47.57, -123.1, 48.0, 2016-01-15 00:47:30, 0.0, None 
 47.69, -123.12, 20.0, 2016-01-15 00:52:30, 0.0, None 
 47.715, -122.7, 24.0, 2016-01-15 01:00:00, 0.0, None 
 47.56, -122.88, 60.0, 2016-01-15 01:02:30, 0.0, None 
 47.7, -122.62, 20.0, 2016-01-15 01:17:30, 0.0, None 
 47.67, -122.78, 53.0, 2016-01-15 01:27:30, 0.0, None 
 47.725, -123.0, 31.5, 2016-01-15 03:27:30, 0.0, None 
 47.71, -123.005, 50.0, 2016-01-15 03:37:30, 0.0, None 
 47.65, -122.8, 30.0, 2016-01-15 03:50:00, 0.0, None 
 47.8, -123.2, 34.0, 2016-01-15 04:10:00, 0.0, None 
 47.53, -122.88, 31.0, 2016-01-15 05:50:00, 0.0, None 
 47.48, -123.08, 20.0, 2016-01-15 05:52:30, 0.0, None 
 47.51, -123.09, 20.0, 2016-01-15 05:55:00, 0.0, None 
 47.53, -123.17, 20.0, 2016-01-15 06:00:00, 0.0, None 
 47.54, -123.12, 20.0, 2016-01-15 06:02:30, 0.0, None 
 47.59, -123.06, 55.0, 2016-01-15 06:20:00, 0.0, None 
 47.61, -123.05, 60.0, 2016-01-15 06:22:30, 0.0, None 
 47.71, -122.96, 49.0, 2016-01-15 06:57:30, 0.0, None 
 47.68, -122.73, 36.0, 2016-01-15 09:55:00, 0.0, None 
 47.7, -122.79, 44.0, 2016-01-15 09:57:30, 0.0, None 
 47.72, -122.65, 20.0, 2016-01-15 10:00:00, 0.0, None 
 47.7, -122.77, 22.0, 2016-01-15 10:05:00, 0.0, None 
 47.73, -122.765, 46.0, 2016-01-15 10:07:30, 0.0, None 
 47.7, -122.76, 20.0, 2016-01-15 10:10:00, 0.0, None 
 47.69, -122.75, 34.0, 2016-01-15 10:15:00, 0.0, None 
 47.46, -123.19, 20.0, 2016-01-15 10:17:30, 0.0, None 
 47.69, -122.58, 20.0, 2016-01-15 10:25:00, 0.0, None 
 47.58, -123.03, 20.0, 2016-01-15 10:32:30, 0.0, None 
 47.495, -123.17, 20.0, 2016-01-15 10:35:00, 0.0, None 
 47.61, -122.81, 22.5, 2016-01-15 10:47:30, 0.0, None 
 47.6, -122.81, 32.0, 2016-01-15 10:50:00, 0.0, None 
 47.65, -122.77, 35.0, 2016-01-15 11:00:00, 0.0, None 
 47.61, -122.97, 54.5, 2016-01-15 11:02:30, 0.0, None 
 47.58, -122.88, 43.0, 2016-01-15 11:05:00, 0.0, None 
 47.655, -122.885, 23.0, 2016-01-15 11:12:30, 0.0, None 
 47.71, -122.925, 20.0, 2016-01-15 11:15:00, 0.0, None 
 47.73, -122.81, 24.0, 2016-01-15 11:17:30, 0.0, None 
 47.705, -122.91, 29.5, 2016-01-15 11:27:30, 0.0, None 
 47.68, -122.75, 32.0, 2016-01-15 11:30:00, 0.0, None 
 47.59, -122.74, 46.5, 2016-01-15 11:32:30, 0.0, None 
 47.625, -122.835, 50.5, 2016-01-15 11:35:00, 0.0, None 
 47.71, -122.74, 33.0, 2016-01-15 11:37:30, 0.0, None 
 47.55, -122.75, 52.0, 2016-01-15 11:47:30, 0.0, None 
 47.61, -122.68, 42.0, 2016-01-15 11:50:00, 0.0, None 
 47.6, -122.79, 50.5, 2016-01-15 11:52:30, 0.0, None 
 47.675, -122.735, 60.0, 2016-01-15 11:57:30, 0.0, None 
 47.63, -122.62, 60.0, 2016-01-15 12:00:00, 0.0, None 
 47.615, -122.93, 57.0, 2016-01-15 12:05:00, 0.0, None 
 47.695, -122.79, 31.5, 2016-01-15 12:07:30, 0.0, None 
 47.51, -122.865, 60.0, 2016-01-15 12:20:00, 0.0, None 
 47.52, -122.81, 60.0, 2016-01-15 14:05:00, 0.0, None 
 47.56, -123.16, 22.0, 2016-01-15 14:17:30, 0.0, None 
 47.64, -123.11, 23.0, 2016-01-15 14:22:30, 0.0, None 
 47.74, -122.91, 31.5, 2016-01-15 14:45:00, 0.0, None 
 47.53, -123.2, 60.0, 2016-01-15 16:55:00, 0.0, None 
 47.54, -123.095, 28.0, 2016-01-15 17:10:00, 0.0, None 
 47.64, -123.01, 43.0, 2016-01-15 17:12:30, 0.0, None 
 47.63, -122.995, 33.0, 2016-01-15 17:15:00, 0.0, None 
 47.75, -123.6, 20.0, 2016-01-15 19:47:30, 0.0, None 
 47.74, -123.6, 20.0, 2016-01-15 19:50:00, 0.0, None 
 47.58, -123.2, 21.0, 2016-01-15 20:35:00, 0.0, None 
 47.1, -122.95, 26.0, 2016-01-16 02:07:30, 0.0, None 
 47.12, -122.88, 20.0, 2016-01-16 03:25:00, 0.0, None 
 47.45, -122.8, 28.0, 2016-01-16 04:02:30, 0.0, None 
 47.39, -122.83, 40.5, 2016-01-16 04:15:00, 0.0, None 
 47.47, -123.1, 22.0, 2016-01-16 04:25:00, 0.0, None 
 47.38, -122.96, 50.0, 2016-01-16 08:05:00, 0.0, None 
 47.415, -123.015, 20.5, 2016-01-16 08:12:30, 0.0, None 
 47.36, -123.015, 25.0, 2016-01-16 08:15:00, 0.0, None 
 47.4, -123.08, 20.0, 2016-01-16 08:17:30, 0.0, None 
 47.58, -123.08, 41.0, 2016-01-16 08:20:00, 0.0, None 
 47.6, -123.07, 44.0, 2016-01-16 10:20:00, 0.0, None 
 47.63, -123.1, 60.0, 2016-01-16 11:52:30, 0.0, None 
 47.51, -123.19, 35.0, 2016-01-16 11:55:00, 0.0, None 
 47.41, -123.11, 35.0, 2016-01-16 16:32:30, 0.0, None 
 47.385, -122.955, 45.5, 2016-01-16 16:57:30, 0.0, None 
 47.4, -123.02, 20.0, 2016-01-16 17:00:00, 0.0, None 
 47.49, -123.13, 20.0, 2016-01-16 17:12:30, 0.0, None 
 47.49, -123.11, 20.0, 2016-01-16 17:30:00, 0.0, None 
 47.22, -122.845, 57.0, 2016-01-20 00:52:30, 0.0, None 
 47.37, -122.98299999999999, 27.2, 2016-01-20 01:00:00, 0.0, None 
 47.33, -122.93, 20.0, 2016-01-20 01:02:30, 0.0, None 
 47.6, -122.81, 47.0, 2016-01-20 01:30:00, 0.0, None 
 47.29, -123.08, 20.0, 2016-01-20 05:10:00, 0.0, None 
 47.28, -122.9, 40.0, 2016-01-20 05:12:30, 0.0, None 
 47.27, -123.09, 40.0, 2016-01-20 05:27:30, 0.0, None 
 47.33, -123.015, 55.0, 2016-01-20 05:30:00, 0.0, None 
 47.305, -122.92, 36.5, 2016-01-20 05:32:30, 0.0, None 
 47.365, -123.135, 36.8, 2016-01-20 05:37:30, 0.0, None 
 47.28, -123.13, 31.0, 2016-01-20 05:52:30, 0.0, None 
 47.33, -122.99, 20.0, 2016-01-20 05:55:00, 0.0, None 
 47.315, -123.07, 47.5, 2016-01-20 05:57:30, 0.0, None 
 47.325, -123.0, 28.5, 2016-01-20 06:00:00, 0.0, None 
 47.33, -123.17, 45.0, 2016-01-20 06:02:30, 0.0, None 
 47.27, -122.8, 53.0, 2016-01-20 06:20:00, 0.0, None 
 47.35, -123.06, 20.0, 2016-01-20 06:27:30, 0.0, None 
 47.373000000000005, -122.97, 35.0, 2016-01-20 06:30:00, 0.0, None 
 47.25, -122.7, 40.0, 2016-01-20 06:35:00, 0.0, None 
 47.29, -122.96, 21.0, 2016-01-20 06:40:00, 0.0, None 
 47.28, -122.98, 21.0, 2016-01-20 06:42:30, 0.0, None 
 47.3, -123.08, 27.0, 2016-01-20 07:37:30, 0.0, None 
 47.28, -122.9, 40.0, 2016-01-20 07:40:00, 0.0, None 
 47.28, -122.9, 40.0, 2016-01-20 07:45:00, 0.0, None 
 47.32, -123.09, 39.0, 2016-01-20 07:47:30, 0.0, None 
 47.31, -123.0, 20.0, 2016-01-20 09:00:00, 0.0, None 
 47.31, -122.9, 31.0, 2016-01-20 09:02:30, 0.0, None 
 47.21, -122.49, 20.0, 2016-01-20 09:05:00, 0.0, None 
 47.34, -123.04, 29.0, 2016-01-20 09:10:00, 0.0, None 
 47.33, -122.67, 44.0, 2016-01-20 11:15:00, 0.0, None 
 47.36, -123.17, 50.0, 2016-01-20 12:52:30, 0.0, None 
 47.33, -123.07, 20.0, 2016-01-20 12:55:00, 0.0, None 
 47.34, -123.17, 53.0, 2016-01-20 12:57:30, 0.0, None 
 47.33, -123.0, 20.0, 2016-01-20 13:00:00, 0.0, None 
 47.3, -123.025, 20.0, 2016-01-20 13:12:30, 0.0, None 
 47.29, -122.58, 60.0, 2016-01-20 13:17:30, 0.0, None 
 47.29, -123.12, 26.0, 2016-01-20 13:25:00, 0.0, None 
 47.29, -122.87, 20.0, 2016-01-20 13:27:30, 0.0, None 
 47.28, -122.5, 60.0, 2016-01-20 13:30:00, 0.0, None 
 47.34, -123.04, 20.0, 2016-01-20 14:17:30, 0.0, None 
 47.41, -123.18, 20.0, 2016-01-20 14:57:30, 0.0, None 
 47.31, -123.22, 44.0, 2016-01-20 19:57:30, 0.0, None 
 47.34, -122.79, 25.5, 2016-01-20 20:05:00, 0.0, None 
 47.34, -122.79, 33.0, 2016-01-20 20:07:30, 0.0, None 
 47.4, -122.85, 50.0, 2016-01-20 20:20:00, 0.0, None 
 47.2, -122.9, 60.0, 2016-01-20 20:22:30, 0.0, None 
 47.293, -122.85, 26.5, 2016-01-20 20:27:30, 0.0, None 
 47.293, -122.868, 30.0, 2016-01-20 20:30:00, 0.0, None 
 47.51, -123.01700000000001, 45.0, 2016-01-20 20:32:30, 0.0, None 
 47.355, -123.10700000000001, 34.8, 2016-01-20 20:50:00, 0.0, None 
 47.29, -123.16, 40.0, 2016-01-20 20:52:30, 0.0, None 
 47.4, -122.96, 49.0, 2016-01-20 20:55:00, 0.0, None 
 47.285, -123.18, 60.0, 2016-01-20 20:57:30, 0.0, None 
 47.365, -122.79, 20.0, 2016-01-20 21:00:00, 0.0, None 
 47.38, -122.98, 22.0, 2016-01-20 21:05:00, 0.0, None 
 47.38, -123.1, 31.5, 2016-01-20 21:07:30, 0.0, None 
 47.585, -122.79, 60.0, 2016-01-20 21:12:30, 0.0, None 
 47.32, -123.12, 20.0, 2016-01-20 21:20:00, 0.0, None 
 47.36, -122.9, 50.0, 2016-01-20 21:52:30, 0.0, None 
 47.39, -122.79, 38.0, 2016-01-20 21:55:00, 0.0, None 
 47.385, -122.95, 42.5, 2016-01-20 21:57:30, 0.0, None 
 47.29, -123.17, 46.0, 2016-01-20 22:15:00, 0.0, None 
 47.32, -123.21, 22.0, 2016-01-20 22:40:00, 0.0, None 
 47.41, -123.08, 25.0, 2016-01-20 22:47:30, 0.0, None 
 47.39, -122.9, 20.0, 2016-01-20 22:50:00, 0.0, None 
 47.44, -122.875, 40.0, 2016-01-21 00:00:00, 0.0, None 
 47.36, -122.69, 20.0, 2016-01-21 00:02:30, 0.0, None 
 47.305, -123.055, 60.0, 2016-01-21 00:12:30, 0.0, None 
 47.34, -122.85, 44.5, 2016-01-21 00:15:00, 0.0, None 
 47.08, -122.87, 20.0, 2016-01-21 00:20:00, 0.0, None 
 47.295, -122.79, 60.0, 2016-01-21 00:30:00, 0.0, None 
 47.29, -123.11, 41.0, 2016-01-21 00:42:30, 0.0, None 
 47.29, -123.07, 42.5, 2016-01-21 00:45:00, 0.0, None 
 47.28, -123.02, 29.0, 2016-01-21 00:47:30, 0.0, None 
 47.28, -122.92, 50.0, 2016-01-21 01:12:30, 0.0, None 
 47.29, -122.765, 60.0, 2016-01-21 01:15:00, 0.0, None 
 47.25, -122.81, 36.8, 2016-01-21 01:17:30, 0.0, None 
 47.23, -122.83, 54.0, 2016-01-21 03:10:00, 0.0, None 
 47.22, -122.89, 60.0, 2016-01-21 03:22:30, 0.0, None 
 47.23, -122.79, 60.0, 2016-01-21 03:27:30, 0.0, None 
 47.23, -122.79, 60.0, 2016-01-21 03:30:00, 0.0, None 
 47.38, -122.87, 56.0, 2016-01-21 03:55:00, 0.0, None 
 47.18, -122.62, 60.0, 2016-01-21 04:32:30, 0.0, None 
 47.32, -122.71, 28.0, 2016-01-21 04:35:00, 0.0, None 
 47.14, -122.82, 38.0, 2016-01-21 04:40:00, 0.0, None 
 47.32, -122.7, 60.0, 2016-01-21 04:42:30, 0.0, None 
 47.29, -122.66, 55.0, 2016-01-21 04:57:30, 0.0, None 
 47.29, -122.85, 30.0, 2016-01-21 05:55:00, 0.0, None 
 47.42, -122.59, 20.0, 2016-01-21 06:42:30, 0.0, None 
 47.45, -122.69, 20.0, 2016-01-21 06:47:30, 0.0, None 
 47.22, -122.62, 41.0, 2016-01-21 07:22:30, 0.0, None 
 47.34, -122.885, 36.2, 2016-01-21 07:25:00, 0.0, None 
 47.29, -122.815, 52.0, 2016-01-21 07:27:30, 0.0, None 
 47.32, -123.13, 40.0, 2016-01-21 07:30:00, 0.0, None 
 47.295, -122.895, 20.0, 2016-01-21 07:32:30, 0.0, None 
 47.27, -122.82, 30.0, 2016-01-21 07:35:00, 0.0, None 
 47.34, -122.9, 60.0, 2016-01-21 07:37:30, 0.0, None 
 47.36, -122.72, 30.0, 2016-01-21 07:47:30, 0.0, None 
 47.31, -122.99, 20.0, 2016-01-21 08:00:00, 0.0, None 
 47.27, -123.16, 36.0, 2016-01-21 08:02:30, 0.0, None 
 47.3, -122.63, 38.0, 2016-01-21 08:07:30, 0.0, None 
 47.36, -122.99, 48.0, 2016-01-21 08:17:30, 0.0, None 
 47.336999999999996, -122.93, 33.2, 2016-01-21 08:20:00, 0.0, None 
 47.32, -122.985, 20.0, 2016-01-21 08:22:30, 0.0, None 
 47.297, -123.01, 21.0, 2016-01-21 08:25:00, 0.0, None 
 47.415, -123.065, 20.0, 2016-01-21 08:27:30, 0.0, None 
 47.353, -122.83, 26.0, 2016-01-21 08:30:00, 0.0, None 
 47.27, -123.04, 20.0, 2016-01-21 08:35:00, 0.0, None 
 47.28, -123.08, 20.0, 2016-01-21 08:37:30, 0.0, None 
 47.22, -122.76, 20.0, 2016-01-21 10:17:30, 0.0, None 
 47.265, -122.74, 20.0, 2016-01-21 10:20:00, 0.0, None 
 47.32, -122.99, 40.0, 2016-01-21 10:22:30, 0.0, None 
 47.33, -122.855, 43.2, 2016-01-21 10:25:00, 0.0, None 
 47.34, -122.78, 40.2, 2016-01-21 10:27:30, 0.0, None 
 47.155, -122.615, 20.0, 2016-01-21 10:30:00, 0.0, None 
 47.4, -123.035, 41.5, 2016-01-21 10:30:00, 0.0, None 
 47.355, -122.745, 20.0, 2016-01-21 10:32:30, 0.0, None 
 47.35, -122.7, 31.0, 2016-01-21 10:35:00, 0.0, None 
 47.385, -122.715, 20.0, 2016-01-21 10:40:00, 0.0, None 
 47.31, -122.68, 26.0, 2016-01-21 10:42:30, 0.0, None 
 47.34, -122.815, 40.0, 2016-01-21 10:50:00, 0.0, None 
 47.31, -122.64, 36.0, 2016-01-21 10:52:30, 0.0, None 
 47.37, -122.8, 37.0, 2016-01-21 10:55:00, 0.0, None 
 47.31, -123.07, 37.0, 2016-01-21 11:05:00, 0.0, None 
 47.2, -122.98, 27.0, 2016-01-21 11:17:30, 0.0, None 
 47.36, -122.91, 31.0, 2016-01-21 11:20:00, 0.0, None 
 47.3, -122.93, 20.0, 2016-01-21 11:32:30, 0.0, None 
 47.32, -122.79, 24.5, 2016-01-21 12:02:30, 0.0, None 
 47.25, -122.76, 20.0, 2016-01-21 12:17:30, 0.0, None 
 47.33, -122.78, 20.0, 2016-01-21 12:22:30, 0.0, None 
 47.31, -123.03, 55.0, 2016-01-21 12:40:00, 0.0, None 
 47.43, -122.78, 47.8, 2016-01-21 12:47:30, 0.0, None 
 47.37, -122.868, 34.5, 2016-01-21 12:50:00, 0.0, None 
 47.4, -122.92, 38.5, 2016-01-21 12:52:30, 0.0, None 
 47.37, -122.71, 20.0, 2016-01-21 12:55:00, 0.0, None 
 47.365, -123.055, 50.5, 2016-01-21 13:02:30, 0.0, None 
 47.425, -122.61, 20.0, 2016-01-21 13:02:30, 0.0, None 
 47.323, -123.04700000000001, 55.2, 2016-01-21 13:05:00, 0.0, None 
 47.375, -122.9, 41.5, 2016-01-21 13:07:30, 0.0, None 
 47.28, -123.1, 20.0, 2016-01-21 13:22:30, 0.0, None 
 47.19, -122.77, 30.0, 2016-01-21 13:32:30, 0.0, None 
 47.39, -122.81200000000001, 43.2, 2016-01-21 13:35:00, 0.0, None 
 47.32, -122.87, 48.0, 2016-01-21 13:50:00, 0.0, None 
 47.31, -122.845, 40.5, 2016-01-21 13:52:30, 0.0, None 
 47.43, -123.12, 29.0, 2016-01-21 14:00:00, 0.0, None 
 47.4, -123.05, 20.0, 2016-01-21 14:02:30, 0.0, None 
 47.41, -123.11, 26.0, 2016-01-21 14:10:00, 0.0, None 
 47.34, -122.92, 60.0, 2016-01-21 14:30:00, 0.0, None 
 47.42, -122.81, 20.0, 2016-01-21 14:32:30, 0.0, None 
 47.35, -122.7, 60.0, 2016-01-21 15:32:30, 0.0, None 
 47.41, -122.94, 20.0, 2016-01-21 16:37:30, 0.0, None 
 47.39, -122.94, 20.0, 2016-01-21 16:40:00, 0.0, None 
 47.41, -122.85, 40.0, 2016-01-21 17:32:30, 0.0, None 
 47.321999999999996, -123.025, 20.0, 2016-01-21 17:52:30, 0.0, None 
 47.455, -122.82, 39.0, 2016-01-21 18:32:30, 0.0, None 
 47.33, -122.83, 43.0, 2016-01-21 18:35:00, 0.0, None 
 47.3, -122.96, 50.0, 2016-01-21 19:05:00, 0.0, None 
 47.3, -122.88, 20.0, 2016-01-21 19:47:30, 0.0, None 
 47.29, -122.91, 20.0, 2016-01-21 19:50:00, 0.0, None 
 46.31, -122.0, 20.0, 2016-01-21 20:12:30, 0.0, None 
 47.27, -122.84, 34.0, 2016-01-21 21:05:00, 0.0, None 
 47.29, -122.9, 40.0, 2016-01-21 21:07:30, 0.0, None 
 47.305, -123.02, 20.0, 2016-01-21 21:10:00, 0.0, None 
 47.285, -123.08, 45.5, 2016-01-21 22:42:30, 0.0, None 
 47.39, -122.61, 20.0, 2016-01-21 23:07:30, 0.0, None 
 47.28, -122.8, 60.0, 2016-01-22 03:55:00, 0.0, None 
 47.37, -123.1, 41.0, 2016-01-22 04:00:00, 0.0, None 
 47.1, -122.83, 20.0, 2016-01-22 04:17:30, 0.0, None 
 47.11, -122.84, 20.0, 2016-01-22 04:22:30, 0.0, None 
 47.36, -123.1, 40.0, 2016-01-22 05:22:30, 0.0, None 
 47.4, -122.67, 20.0, 2016-01-22 06:05:00, 0.0, None 
 47.09, -122.79, 20.0, 2016-01-22 06:32:30, 0.0, None 
 47.4, -123.0, 27.0, 2016-01-22 06:37:30, 0.0, None 
 47.28, -122.78, 20.0, 2016-01-22 08:10:00, 0.0, None 
 47.29, -122.81, 24.0, 2016-01-22 08:12:30, 0.0, None 
 47.15, -122.82, 20.0, 2016-01-22 08:35:00, 0.0, None 
 47.32, -122.98, 35.0, 2016-01-22 08:50:00, 0.0, None 
 47.3, -122.99, 20.0, 2016-01-22 08:52:30, 0.0, None 
 47.38, -122.72, 57.5, 2016-01-22 09:32:30, 0.0, None 
 47.41, -122.68, 60.0, 2016-01-22 09:35:00, 0.0, None 
 47.29, -123.07, 20.0, 2016-01-22 11:55:00, 0.0, None 
 47.24, -122.81, 20.0, 2016-01-22 13:22:30, 0.0, None 
 47.29, -123.08, 40.5, 2016-01-22 13:25:00, 0.0, None 
 46.9, -123.39, 60.0, 2016-01-22 16:02:30, 0.0, None 
 47.35, -123.16, 31.0, 2016-01-23 00:07:30, 0.0, None 
 47.31, -123.08200000000001, 20.0, 2016-01-23 00:10:00, 0.0, None 
 47.3, -123.16, 27.0, 2016-01-23 00:12:30, 0.0, None 
 47.33, -123.118, 38.0, 2016-01-23 00:20:00, 0.0, None 
 47.3, -123.05799999999999, 20.0, 2016-01-23 00:22:30, 0.0, None 
 47.233000000000004, -122.912, 25.8, 2016-01-23 00:25:00, 0.0, None 
 47.3, -122.92, 27.0, 2016-01-23 00:30:00, 0.0, None 
 47.22, -122.7, 43.5, 2016-01-23 00:37:30, 0.0, None 
 47.295, -122.985, 20.0, 2016-01-23 00:40:00, 0.0, None 
 47.345, -122.88, 20.0, 2016-01-23 00:42:30, 0.0, None 
 47.3, -123.11, 20.0, 2016-01-23 00:47:30, 0.0, None 
 47.315, -122.955, 26.8, 2016-01-23 00:50:00, 0.0, None 
 47.305, -122.89200000000001, 30.0, 2016-01-23 00:52:30, 0.0, None 
 47.31, -123.01, 53.0, 2016-01-23 00:55:00, 0.0, None 
 47.33, -123.18, 60.0, 2016-01-23 00:57:30, 0.0, None 
 47.3, -123.16, 53.0, 2016-01-23 01:00:00, 0.0, None 
 46.89, -122.73, 20.0, 2016-01-23 03:10:00, 0.0, None 
 47.07, -122.64, 41.0, 2016-01-23 03:37:30, 0.0, None 
 46.785, -122.825, 60.0, 2016-01-23 03:45:00, 0.0, None 
 46.91, -122.69, 20.0, 2016-01-23 03:47:30, 0.0, None 
 47.08, -122.68, 54.5, 2016-01-23 04:07:30, 0.0, None 
 47.15, -122.62, 60.0, 2016-01-23 04:20:00, 0.0, None 
 47.18, -123.02, 46.0, 2016-01-23 05:27:30, 0.0, None 
 47.21, -122.89, 46.0, 2016-01-23 05:52:30, 0.0, None 
 47.18, -122.84, 40.0, 2016-01-23 06:00:00, 0.0, None 
 47.03, -122.79, 33.0, 2016-01-23 06:12:30, 0.0, None 
 47.06, -122.64, 29.0, 2016-01-23 06:20:00, 0.0, None 
 47.12, -122.82, 20.0, 2016-01-23 06:27:30, 0.0, None 
 47.13, -122.63, 60.0, 2016-01-23 06:30:00, 0.0, None 
 47.28, -122.73, 22.0, 2016-01-23 06:40:00, 0.0, None 
 46.68, -122.11, 20.0, 2016-01-23 06:55:00, 0.0, None 
 47.11, -122.635, 55.0, 2016-01-23 07:25:00, 0.0, None 
 47.14, -122.85, 20.0, 2016-01-23 07:35:00, 0.0, None 
 47.18, -122.72, 50.0, 2016-01-23 07:37:30, 0.0, None 
 47.05, -122.79, 20.0, 2016-01-23 07:40:00, 0.0, None 
 47.38, -122.89, 20.0, 2016-01-23 07:50:00, 0.0, None 
 47.37, -123.04, 39.0, 2016-01-23 07:55:00, 0.0, None 
 46.99, -122.82, 20.0, 2016-01-23 09:25:00, 0.0, None 
 47.19, -122.61, 42.0, 2016-01-23 09:50:00, 0.0, None 
 47.0, -122.6, 60.0, 2016-01-23 10:02:30, 0.0, None 
 46.68, -122.08, 60.0, 2016-01-23 10:10:00, 0.0, None 
 46.7, -122.09, 60.0, 2016-01-23 10:12:30, 0.0, None 
 47.0, -122.68, 32.0, 2016-01-23 10:20:00, 0.0, None 
 47.05, -122.58, 40.0, 2016-01-23 10:25:00, 0.0, None 
 47.185, -122.94, 60.0, 2016-01-23 10:35:00, 0.0, None 
 47.27, -122.66, 30.0, 2016-01-23 10:37:30, 0.0, None 
 47.22, -122.55, 46.0, 2016-01-23 10:40:00, 0.0, None 
 47.23, -123.055, 33.0, 2016-01-23 10:47:30, 0.0, None 
 47.29, -122.96, 33.0, 2016-01-23 10:50:00, 0.0, None 
 46.98, -122.66, 60.0, 2016-01-23 10:57:30, 0.0, None 
 47.305, -123.07, 20.0, 2016-01-23 11:15:00, 0.0, None 
 47.39, -122.81, 20.0, 2016-01-23 11:20:00, 0.0, None 
 47.325, -122.887, 40.5, 2016-01-23 11:22:30, 0.0, None 
 47.33, -122.9, 60.0, 2016-01-23 11:25:00, 0.0, None 
 47.01, -122.68, 60.0, 2016-01-23 11:40:00, 0.0, None 
 47.33, -122.72, 60.0, 2016-01-23 11:57:30, 0.0, None 
 47.35, -122.88, 52.0, 2016-01-23 12:05:00, 0.0, None 
 47.24, -122.9, 20.0, 2016-01-23 12:25:00, 0.0, None 
 47.3, -122.88, 20.0, 2016-01-23 12:27:30, 0.0, None 
 47.305, -123.195, 44.0, 2016-01-23 12:32:30, 0.0, None 
 47.3, -122.64, 27.0, 2016-01-23 12:55:00, 0.0, None 
 47.28, -122.66, 43.0, 2016-01-23 12:57:30, 0.0, None 
 47.08, -122.83, 34.5, 2016-01-23 13:00:00, 0.0, None 
 47.37, -123.08, 42.0, 2016-01-23 13:02:30, 0.0, None 
 47.29, -123.05, 26.0, 2016-01-23 13:07:30, 0.0, None 
 47.5, -122.515, 20.0, 2016-01-23 13:07:30, 0.0, None 
 47.325, -122.805, 20.0, 2016-01-23 13:12:30, 0.0, None 
 47.317, -122.82, 20.0, 2016-01-23 13:15:00, 0.0, None 
 47.185, -122.73, 29.0, 2016-01-23 13:17:30, 0.0, None 
 47.18, -122.89, 31.0, 2016-01-23 13:20:00, 0.0, None 
 47.51, -122.49, 48.0, 2016-01-23 13:37:30, 0.0, None 
 47.34, -123.19, 60.0, 2016-01-23 13:55:00, 0.0, None 
 46.97, -122.84, 60.0, 2016-01-23 13:57:30, 0.0, None 
 47.03, -122.76, 41.0, 2016-01-23 14:00:00, 0.0, None 
 47.255, -122.74, 50.0, 2016-01-23 14:02:30, 0.0, None 
 47.06, -122.67, 60.0, 2016-01-23 14:17:30, 0.0, None 
 47.4, -122.69, 20.0, 2016-01-23 14:22:30, 0.0, None 
 47.233000000000004, -122.725, 20.5, 2016-01-23 14:25:00, 0.0, None 
 47.34, -123.0, 23.0, 2016-01-23 14:30:00, 0.0, None 
 47.19, -122.91, 31.0, 2016-01-23 14:35:00, 0.0, None 
 47.41, -122.82, 20.0, 2016-01-23 14:40:00, 0.0, None 
 47.266999999999996, -122.635, 20.0, 2016-01-23 14:45:00, 0.0, None 
 47.373000000000005, -122.68, 46.0, 2016-01-23 14:47:30, 0.0, None 
 47.37, -122.99, 49.0, 2016-01-23 14:52:30, 0.0, None 
 47.255, -122.8, 45.0, 2016-01-23 14:55:00, 0.0, None 
 47.175, -123.04, 60.0, 2016-01-23 14:57:30, 0.0, None 
 47.29, -123.11, 26.0, 2016-01-23 15:02:30, 0.0, None 
 47.33, -123.21, 20.0, 2016-01-23 15:10:00, 0.0, None 
 47.25, -122.815, 50.0, 2016-01-23 15:15:00, 0.0, None 
 47.29, -123.11, 34.0, 2016-01-23 15:17:30, 0.0, None 
 47.24, -122.81, 57.0, 2016-01-23 15:27:30, 0.0, None 
 47.3, -122.69, 20.0, 2016-01-23 15:32:30, 0.0, None 
 47.355, -122.89, 20.0, 2016-01-23 15:37:30, 0.0, None 
 47.49, -122.48, 28.0, 2016-01-23 15:37:30, 0.0, None 
 47.3, -122.79, 20.0, 2016-01-23 15:40:00, 0.0, None 
 47.3, -122.765, 20.0, 2016-01-23 15:45:00, 0.0, None 
 47.34, -123.2, 44.0, 2016-01-23 15:45:00, 0.0, None 
 47.325, -122.738, 23.2, 2016-01-23 15:47:30, 0.0, None 
 47.415, -122.85, 60.0, 2016-01-23 15:52:30, 0.0, None 
 47.36, -122.9, 60.0, 2016-01-23 16:00:00, 0.0, None 
 47.31, -123.037, 47.5, 2016-01-23 16:02:30, 0.0, None 
 47.295, -122.82, 25.0, 2016-01-23 16:05:00, 0.0, None 
 47.365, -122.705, 38.5, 2016-01-23 16:07:30, 0.0, None 
 47.31, -123.08, 30.5, 2016-01-23 16:12:30, 0.0, None 
 47.385, -122.95, 20.0, 2016-01-23 16:15:00, 0.0, None 
 47.32, -122.68, 20.0, 2016-01-23 16:22:30, 0.0, None 
 47.38, -122.79, 32.0, 2016-01-23 16:50:00, 0.0, None 
 47.31, -122.74, 32.0, 2016-01-23 16:52:30, 0.0, None 
 47.2, -122.7, 52.0, 2016-01-23 16:55:00, 0.0, None 
 47.266999999999996, -122.755, 56.8, 2016-01-23 17:02:30, 0.0, None 
 46.74, -122.88, 56.0, 2016-01-23 18:37:30, 0.0, None 
 47.31, -122.87, 26.0, 2016-01-23 18:40:00, 0.0, None 
 47.23, -122.62, 20.0, 2016-01-23 18:45:00, 0.0, None 
 47.2, -123.08, 20.0, 2016-01-23 20:27:30, 0.0, None 
 47.16, -123.08, 40.0, 2016-01-23 20:30:00, 0.0, None 
 47.5, -123.2, 20.0, 2016-01-23 20:35:00, 0.0, None 
 47.23, -123.072, 41.0, 2016-01-23 20:40:00, 0.0, None 
 47.22, -122.965, 48.5, 2016-01-23 20:42:30, 0.0, None 
 47.28, -123.09, 20.0, 2016-01-23 20:45:00, 0.0, None 
 46.71, -122.91, 20.0, 2016-01-23 21:07:30, 0.0, None 
 47.18, -122.8, 40.0, 2016-01-23 21:10:00, 0.0, None 
 47.31, -123.13, 20.0, 2016-01-23 21:12:30, 0.0, None 
 47.23, -123.03, 20.0, 2016-01-23 21:37:30, 0.0, None 
 47.32, -122.72, 20.0, 2016-01-23 22:10:00, 0.0, None 
 47.12, -122.58, 20.0, 2016-01-23 23:30:00, 0.0, None 
 47.18, -122.9, 38.0, 2016-01-24 00:07:30, 0.0, None 
 47.23, -122.99, 20.0, 2016-01-24 00:17:30, 0.0, None 
 47.23, -122.98, 23.0, 2016-01-24 00:20:00, 0.0, None 
 47.04, -122.86, 60.0, 2016-01-24 00:22:30, 0.0, None 
 47.185, -122.99, 20.0, 2016-01-24 00:25:00, 0.0, None 
 47.11, -122.82, 20.0, 2016-01-24 00:37:30, 0.0, None 
 47.203, -122.845, 34.0, 2016-01-24 01:22:30, 0.0, None 
 47.065, -122.61, 60.0, 2016-01-24 01:25:00, 0.0, None 
 47.21, -122.92, 20.0, 2016-01-24 01:25:00, 0.0, None 
 47.27, -122.84, 20.0, 2016-01-24 01:30:00, 0.0, None 
 47.26, -122.88, 20.0, 2016-01-24 01:32:30, 0.0, None 
 47.2, -122.98, 20.0, 2016-01-24 01:42:30, 0.0, None 
 47.203, -122.995, 27.0, 2016-01-24 01:45:00, 0.0, None 
 47.215, -123.03200000000001, 53.8, 2016-01-24 01:47:30, 0.0, None 
 47.22, -123.04, 29.0, 2016-01-24 01:50:00, 0.0, None 
 47.31, -123.03, 60.0, 2016-01-24 01:52:30, 0.0, None 
 47.24, -122.79, 60.0, 2016-01-24 01:55:00, 0.0, None 
 47.19, -122.9, 36.0, 2016-01-24 02:00:00, 0.0, None 
 47.27, -123.04, 20.0, 2016-01-24 02:02:30, 0.0, None 
 47.29, -122.87, 46.0, 2016-01-24 02:05:00, 0.0, None 
 47.11, -123.1, 60.0, 2016-01-24 02:57:30, 0.0, None 
 47.06, -122.67, 51.0, 2016-01-24 03:15:00, 0.0, None 
 46.9, -122.85, 48.0, 2016-01-24 03:47:30, 0.0, None 
 47.08, -122.71, 49.0, 2016-01-24 03:50:00, 0.0, None 
 47.07, -122.7, 55.0, 2016-01-24 03:52:30, 0.0, None 
 47.18, -123.01, 32.0, 2016-01-24 04:37:30, 0.0, None 
 47.13, -123.04, 40.0, 2016-01-24 05:27:30, 0.0, None 
 47.19, -123.05, 20.0, 2016-01-24 05:52:30, 0.0, None 
 47.22, -123.11, 20.0, 2016-01-24 06:27:30, 0.0, None 
 48.3, -123.2, 20.0, 2016-01-24 06:30:00, 0.0, None 
 47.21, -123.07, 43.0, 2016-01-24 06:35:00, 0.0, None 
 47.19, -123.08, 43.0, 2016-01-24 06:37:30, 0.0, None 
 47.07, -122.6, 40.0, 2016-01-24 07:45:00, 0.0, None 
 46.92, -122.86, 20.0, 2016-01-24 07:55:00, 0.0, None 
 47.21, -122.76, 20.0, 2016-01-24 08:45:00, 0.0, None 
 47.19, -122.86, 43.0, 2016-01-24 08:52:30, 0.0, None 
 47.12, -123.065, 20.0, 2016-01-24 09:07:30, 0.0, None 
 47.1, -122.68, 48.0, 2016-01-24 09:10:00, 0.0, None 
 47.15, -122.91, 42.0, 2016-01-24 09:12:30, 0.0, None 
 47.23, -122.8, 60.0, 2016-01-24 09:20:00, 0.0, None 
 47.23, -122.8, 57.0, 2016-01-24 09:22:30, 0.0, None 
 47.1, -122.5, 35.0, 2016-01-24 09:25:00, 0.0, None 
 47.185, -122.885, 30.0, 2016-01-24 09:27:30, 0.0, None 
 47.17, -122.76, 40.0, 2016-01-24 09:30:00, 0.0, None 
 47.175, -122.815, 49.5, 2016-01-24 09:35:00, 0.0, None 
 47.19, -122.95700000000001, 20.0, 2016-01-24 09:37:30, 0.0, None 
 47.29, -123.08, 27.0, 2016-01-24 09:47:30, 0.0, None 
 47.24, -122.72, 20.0, 2016-01-24 10:15:00, 0.0, None 
 47.215, -122.81, 60.0, 2016-01-24 10:17:30, 0.0, None 
 47.05, -123.0, 60.0, 2016-01-24 10:37:30, 0.0, None 
 47.11, -123.08, 20.0, 2016-01-24 10:45:00, 0.0, None 
 47.16, -122.74, 39.0, 2016-01-24 10:47:30, 0.0, None 
 47.13, -123.055, 40.0, 2016-01-24 10:57:30, 0.0, None 
 47.24, -123.09, 33.0, 2016-01-24 11:15:00, 0.0, None 
 47.06, -123.13, 37.0, 2016-01-24 11:55:00, 0.0, None 
 47.06, -123.1, 60.0, 2016-01-24 11:57:30, 0.0, None 
 47.155, -122.955, 40.0, 2016-01-24 12:10:00, 0.0, None 
 47.2, -122.8, 20.0, 2016-01-24 12:15:00, 0.0, None 
 47.07, -122.97, 46.5, 2016-01-24 12:20:00, 0.0, None 
 47.172, -123.025, 37.8, 2016-01-24 12:22:30, 0.0, None 
 47.24, -123.04, 30.5, 2016-01-24 12:27:30, 0.0, None 
 47.245, -122.995, 50.5, 2016-01-24 12:30:00, 0.0, None 
 47.275, -122.977, 35.0, 2016-01-24 12:35:00, 0.0, None 
 47.24, -123.073, 20.0, 2016-01-24 12:37:30, 0.0, None 
 47.258, -122.882, 52.8, 2016-01-24 12:40:00, 0.0, None 
 47.21, -122.93, 35.0, 2016-01-24 12:42:30, 0.0, None 
 47.21, -123.03, 51.0, 2016-01-24 12:45:00, 0.0, None 
 47.25, -123.0, 60.0, 2016-01-24 13:00:00, 0.0, None 
 46.83, -122.81, 20.0, 2016-01-24 13:35:00, 0.0, None 
 47.24, -122.84, 49.0, 2016-01-24 13:42:30, 0.0, None 
 47.185, -123.09700000000001, 28.2, 2016-01-24 13:50:00, 0.0, None 
 47.18, -123.045, 32.0, 2016-01-24 13:52:30, 0.0, None 
 46.895, -122.925, 29.0, 2016-01-24 14:05:00, 0.0, None 
 47.14, -122.98, 20.0, 2016-01-24 14:27:30, 0.0, None 
 47.22, -122.89, 20.0, 2016-01-24 14:30:00, 0.0, None 
 47.06, -123.02, 20.0, 2016-01-24 14:37:30, 0.0, None 
 47.3, -123.025, 20.0, 2016-01-24 14:50:00, 0.0, None 
 47.185, -122.97, 30.5, 2016-01-24 14:52:30, 0.0, None 
 47.2, -122.852, 37.5, 2016-01-24 14:55:00, 0.0, None 
 47.24, -123.05, 60.0, 2016-01-24 15:02:30, 0.0, None 
 47.2, -123.075, 47.0, 2016-01-24 15:05:00, 0.0, None 
 47.22, -123.0, 26.5, 2016-01-24 15:07:30, 0.0, None 
 47.12, -122.65, 60.0, 2016-01-24 15:10:00, 0.0, None 
 47.31, -122.88, 20.0, 2016-01-24 15:12:30, 0.0, None 
 47.31, -123.02, 20.0, 2016-01-24 15:20:00, 0.0, None 
 47.11, -122.76, 20.0, 2016-01-24 15:32:30, 0.0, None 
 47.1, -123.115, 34.0, 2016-01-24 15:32:30, 0.0, None 
 47.02, -122.73, 43.0, 2016-01-24 15:35:00, 0.0, None 
 47.13, -122.805, 25.0, 2016-01-24 15:40:00, 0.0, None 
 47.13, -122.76, 20.0, 2016-01-24 15:42:30, 0.0, None 
 47.15, -122.8, 60.0, 2016-01-24 15:55:00, 0.0, None 
 47.01, -122.81, 39.0, 2016-01-24 16:00:00, 0.0, None 
 47.03, -122.8, 20.0, 2016-01-24 16:10:00, 0.0, None 
 47.02, -122.82, 30.0, 2016-01-24 16:25:00, 0.0, None 
 47.01, -122.77, 26.0, 2016-01-24 16:27:30, 0.0, None 
 46.89, -122.84, 60.0, 2016-01-24 19:57:30, 0.0, None 
 47.138000000000005, -122.88, 32.0, 2016-01-24 21:02:30, 0.0, None 
 47.18, -122.92200000000001, 29.8, 2016-01-24 21:05:00, 0.0, None 
 47.19, -123.0, 49.0, 2016-01-24 21:15:00, 0.0, None 
 47.205, -122.91, 60.0, 2016-01-24 21:32:30, 0.0, None 
 47.22, -123.005, 37.5, 2016-01-24 21:35:00, 0.0, None 
 47.2, -123.03, 20.0, 2016-01-24 21:37:30, 0.0, None 
 47.05, -122.8, 60.0, 2016-01-24 21:40:00, 0.0, None 
 47.05, -122.7, 50.0, 2016-01-24 21:42:30, 0.0, None 
 47.17, -122.97, 28.0, 2016-01-24 21:45:00, 0.0, None 
 46.9, -122.89, 38.0, 2016-01-24 22:57:30, 0.0, None 
 46.93, -122.9, 20.0, 2016-01-24 23:20:00, 0.0, None 
 47.275, -122.905, 20.5, 2016-01-24 23:22:30, 0.0, None 
 47.15, -122.88, 23.0, 2016-01-24 23:47:30, 0.0, None 
 47.15, -123.11, 20.0, 2016-01-24 23:52:30, 0.0, None 
 47.01, -122.82, 27.0, 2016-01-25 00:02:30, 0.0, None 
 47.06, -123.0, 35.0, 2016-01-25 00:30:00, 0.0, None 
 47.24, -123.13, 34.0, 2016-01-25 01:40:00, 0.0, None 
 47.02, -123.01, 20.0, 2016-01-25 01:50:00, 0.0, None 
 47.2, -123.01, 60.0, 2016-01-25 02:17:30, 0.0, None 
 47.248000000000005, -123.015, 34.2, 2016-01-25 02:22:30, 0.0, None 
 47.185, -122.98200000000001, 35.0, 2016-01-25 02:25:00, 0.0, None 
 46.95, -122.95, 20.0, 2016-01-25 02:27:30, 0.0, None 
 47.1, -122.73, 52.0, 2016-01-25 03:12:30, 0.0, None 
 47.1, -122.81, 20.0, 2016-01-25 03:35:00, 0.0, None 
 47.1, -123.01, 25.0, 2016-01-25 03:50:00, 0.0, None 
 47.215, -122.905, 42.0, 2016-01-25 03:52:30, 0.0, None 
 47.19, -122.82, 41.0, 2016-01-25 03:55:00, 0.0, None 
 47.09, -122.78, 48.0, 2016-01-25 04:00:00, 0.0, None 
 47.19, -123.19, 20.0, 2016-01-25 04:00:00, 0.0, None 
 47.225, -123.0, 55.0, 2016-01-25 04:02:30, 0.0, None 
 47.22, -122.96, 45.0, 2016-01-25 04:05:00, 0.0, None 
 47.26, -123.045, 20.0, 2016-01-25 04:07:30, 0.0, None 
 47.185, -122.98, 47.0, 2016-01-25 04:12:30, 0.0, None 
 47.21, -123.06, 40.0, 2016-01-25 04:20:00, 0.0, None 
 47.195, -123.18, 25.5, 2016-01-25 04:25:00, 0.0, None 
 47.195, -122.925, 60.0, 2016-01-25 04:35:00, 0.0, None 
 47.233000000000004, -122.995, 40.2, 2016-01-25 04:37:30, 0.0, None 
 47.31, -123.05, 20.0, 2016-01-25 04:47:30, 0.0, None 
 47.282, -123.045, 20.0, 2016-01-25 04:50:00, 0.0, None 
 47.24, -123.11, 60.0, 2016-01-25 04:52:30, 0.0, None 
 47.29, -123.12, 20.0, 2016-01-25 04:55:00, 0.0, None 
 47.37, -123.075, 60.0, 2016-01-25 04:57:30, 0.0, None 
 47.3, -123.05, 20.0, 2016-01-25 05:00:00, 0.0, None 
 47.265, -122.995, 46.8, 2016-01-25 05:02:30, 0.0, None 
 47.2, -122.95, 57.5, 2016-01-25 05:05:00, 0.0, None 
 47.14, -122.81, 41.0, 2016-01-25 05:55:00, 0.0, None 
 47.15, -122.97, 32.0, 2016-01-25 06:17:30, 0.0, None 
 47.15, -122.845, 45.0, 2016-01-25 06:25:00, 0.0, None 
 47.12, -122.92, 20.0, 2016-01-25 06:35:00, 0.0, None 
 46.98, -122.81, 41.0, 2016-01-25 06:55:00, 0.0, None 
 46.9, -123.04, 57.0, 2016-01-25 06:57:30, 0.0, None 
 47.09, -122.98, 31.0, 2016-01-25 07:05:00, 0.0, None 
 47.4, -123.09, 20.0, 2016-01-25 07:10:00, 0.0, None 
 47.05, -122.9, 20.0, 2016-01-25 08:35:00, 0.0, None 
 46.89, -122.92, 30.0, 2016-01-25 08:40:00, 0.0, None 
 46.9, -122.88, 20.0, 2016-01-25 08:42:30, 0.0, None 
 46.86, -122.92, 20.0, 2016-01-25 08:45:00, 0.0, None 
 46.88, -122.97, 43.0, 2016-01-25 08:52:30, 0.0, None 
 46.85, -123.02, 29.0, 2016-01-25 08:55:00, 0.0, None 
 47.17, -123.07, 60.0, 2016-01-25 08:57:30, 0.0, None 
 46.94, -123.0, 20.0, 2016-01-25 09:22:30, 0.0, None 
 46.96, -122.91, 57.0, 2016-01-25 09:35:00, 0.0, None 
 47.2, -123.08, 20.0, 2016-01-25 10:05:00, 0.0, None 
 47.315, -123.165, 23.0, 2016-01-25 11:37:30, 0.0, None 
 47.175, -122.93, 50.5, 2016-01-25 12:10:00, 0.0, None 
 47.19, -123.005, 35.0, 2016-01-25 12:12:30, 0.0, None 
 47.13, -122.83, 47.8, 2016-01-25 12:15:00, 0.0, None 
 47.19, -123.05, 20.0, 2016-01-25 12:17:30, 0.0, None 
 47.19, -122.925, 56.0, 2016-01-25 12:20:00, 0.0, None 
 47.065, -122.91, 28.8, 2016-01-25 12:35:00, 0.0, None 
 47.245, -122.995, 41.2, 2016-01-25 12:50:00, 0.0, None 
 47.33, -123.08, 45.5, 2016-01-25 12:55:00, 0.0, None 
 47.11, -122.81, 50.0, 2016-01-25 14:27:30, 0.0, None 
 47.08, -122.86, 20.0, 2016-01-25 16:25:00, 0.0, None 
 46.955, -122.9, 20.0, 2016-01-25 16:27:30, 0.0, None 
 46.91, -122.925, 31.5, 2016-01-25 17:22:30, 0.0, None 
 46.83, -122.96, 60.0, 2016-01-25 17:25:00, 0.0, None 
 47.27, -122.97, 32.0, 2016-01-25 19:25:00, 0.0, None 
 47.37, -123.1, 44.0, 2016-01-25 22:25:00, 0.0, None 
 47.3, -122.59, 20.0, 2016-01-25 22:37:30, 0.0, None 
 46.9, -122.59, 60.0, 2016-01-26 00:12:30, 0.0, None 
 46.82, -122.82, 20.0, 2016-01-26 00:42:30, 0.0, None 
 46.91, -123.03, 20.0, 2016-01-26 01:22:30, 0.0, None 
 46.96, -122.83, 58.0, 2016-01-26 03:20:00, 0.0, None 
 46.83, -122.98, 20.0, 2016-01-26 03:30:00, 0.0, None 
 46.8, -122.915, 60.0, 2016-01-26 03:55:00, 0.0, None 
 46.81, -122.96, 60.0, 2016-01-26 03:57:30, 0.0, None 
 46.78, -122.8, 60.0, 2016-01-26 04:57:30, 0.0, None 
 46.93, -122.81, 60.0, 2016-01-26 06:57:30, 0.0, None 
 46.88, -123.03, 39.0, 2016-01-26 09:00:00, 0.0, None 
 46.8, -122.92, 20.0, 2016-01-26 09:10:00, 0.0, None 
 46.805, -122.885, 20.0, 2016-01-26 09:12:30, 0.0, None 
 46.88, -122.58, 20.0, 2016-01-26 11:15:00, 0.0, None 
 47.235, -123.155, 21.0, 2016-01-26 11:30:00, 0.0, None 
 47.23, -123.14, 22.0, 2016-01-26 11:32:30, 0.0, None 
 47.27, -123.1, 25.0, 2016-01-26 12:55:00, 0.0, None 
 47.26, -123.2, 60.0, 2016-01-26 19:12:30, 0.0, None 
 47.5, -122.72, 20.0, 2016-01-27 00:20:00, 0.0, None 
 47.1, -123.3, 60.0, 2016-01-27 01:02:30, 0.0, None 
 47.14, -122.79, 39.0, 2016-01-27 01:27:30, 0.0, None 
 47.095, -123.24, 40.0, 2016-01-27 01:35:00, 0.0, None 
 47.06, -123.01, 60.0, 2016-01-27 01:57:30, 0.0, None 
 47.3, -122.6, 39.0, 2016-01-27 02:02:30, 0.0, None 
 46.92, -122.9, 20.0, 2016-01-27 02:05:00, 0.0, None 
 47.03, -123.07, 60.0, 2016-01-27 02:25:00, 0.0, None 
 46.89, -123.06, 40.0, 2016-01-27 02:57:30, 0.0, None 
 46.835, -123.085, 20.0, 2016-01-27 04:12:30, 0.0, None 
 47.03, -122.93, 20.0, 2016-01-27 04:25:00, 0.0, None 
 47.09, -123.17, 55.5, 2016-01-27 04:35:00, 0.0, None 
 46.9, -123.135, 31.0, 2016-01-27 04:40:00, 0.0, None 
 47.13, -122.84, 39.0, 2016-01-27 05:15:00, 0.0, None 
 47.14, -122.88, 38.5, 2016-01-27 05:17:30, 0.0, None 
 47.06, -122.975, 20.0, 2016-01-27 05:20:00, 0.0, None 
 47.06, -122.8, 60.0, 2016-01-27 05:25:00, 0.0, None 
 47.095, -122.805, 41.5, 2016-01-27 05:27:30, 0.0, None 
 47.02, -123.005, 45.0, 2016-01-27 06:05:00, 0.0, None 
 47.01, -122.82, 48.0, 2016-01-27 07:42:30, 0.0, None 
 47.005, -122.84, 56.5, 2016-01-27 07:45:00, 0.0, None 
 47.51, -122.72, 60.0, 2016-01-27 07:55:00, 0.0, None 
 47.17, -122.74, 60.0, 2016-01-27 08:15:00, 0.0, None 
 46.98, -123.08, 60.0, 2016-01-27 08:25:00, 0.0, None 
 46.93, -123.09, 40.0, 2016-01-27 08:27:30, 0.0, None 
 46.9, -122.93, 20.0, 2016-01-27 08:55:00, 0.0, None 
 47.0, -122.73, 60.0, 2016-01-27 08:57:30, 0.0, None 
 46.91, -122.79, 20.0, 2016-01-27 09:05:00, 0.0, None 
 46.99, -122.83, 42.0, 2016-01-27 09:25:00, 0.0, None 
 46.91, -122.92, 32.5, 2016-01-27 10:05:00, 0.0, None 
 46.78, -123.09, 31.0, 2016-01-27 10:10:00, 0.0, None 
 46.89, -122.89, 20.0, 2016-01-27 10:32:30, 0.0, None 
 46.95, -122.83, 60.0, 2016-01-27 10:37:30, 0.0, None 
 47.07, -123.0, 60.0, 2016-01-27 11:25:00, 0.0, None 
 46.9, -122.98, 31.0, 2016-01-27 11:35:00, 0.0, None 
 46.87, -122.87, 50.0, 2016-01-27 11:40:00, 0.0, None 
 47.02, -122.88, 22.0, 2016-01-27 11:50:00, 0.0, None 
 47.005, -122.81, 20.0, 2016-01-27 11:52:30, 0.0, None 
 47.035, -122.785, 60.0, 2016-01-27 12:20:00, 0.0, None 
 46.97, -122.905, 20.0, 2016-01-27 12:22:30, 0.0, None 
 46.7, -122.8, 55.0, 2016-01-27 12:35:00, 0.0, None 
 46.955, -122.89, 20.0, 2016-01-27 14:07:30, 0.0, None 
 47.0, -122.685, 32.5, 2016-01-27 14:17:30, 0.0, None 
 47.09, -122.79, 31.0, 2016-01-27 14:20:00, 0.0, None 
 46.99, -122.89, 20.0, 2016-01-27 14:35:00, 0.0, None 
 46.79, -123.09, 57.5, 2016-01-27 15:50:00, 0.0, None 
 47.11, -122.89, 60.0, 2016-01-27 16:42:30, 0.0, None 
 47.02, -123.06, 27.0, 2016-01-27 18:05:00, 0.0, None 
 47.0, -122.74, 30.0, 2016-01-27 18:25:00, 0.0, None 
 47.095, -122.745, 27.0, 2016-01-27 18:50:00, 0.0, None 
 47.145, -122.795, 32.0, 2016-01-27 19:15:00, 0.0, None 
 47.13, -123.27, 41.0, 2016-01-27 19:17:30, 0.0, None 
 47.1, -122.8, 55.0, 2016-01-27 19:25:00, 0.0, None 
 46.975, -122.7, 45.5, 2016-01-27 19:52:30, 0.0, None 
 46.9, -123.09, 53.0, 2016-01-27 23:05:00, 0.0, None 
 47.02, -123.13, 34.5, 2016-01-27 23:27:30, 0.0, None 
 47.1, -122.86, 20.0, 2016-01-27 23:37:30, 0.0, None 
 46.93, -123.02, 22.5, 2016-01-28 00:30:00, 0.0, None 
 47.355, -123.01, 20.0, 2016-01-28 00:52:30, 0.0, None 
 47.295, -123.02, 20.0, 2016-01-28 01:22:30, 0.0, None 
 47.21, -122.9, 35.0, 2016-01-28 01:35:00, 0.0, None 
 47.3, -123.0, 20.0, 2016-01-28 01:45:00, 0.0, None 
 47.3, -123.26, 60.0, 2016-01-28 01:57:30, 0.0, None 
 47.125, -122.94, 60.0, 2016-01-28 01:57:30, 0.0, None 
 46.89, -122.99, 29.0, 2016-01-28 02:00:00, 0.0, None 
 46.93, -123.01, 49.0, 2016-01-28 02:02:30, 0.0, None 
 46.99, -123.01, 20.0, 2016-01-28 02:07:30, 0.0, None 
 47.32, -123.02, 36.0, 2016-01-28 02:12:30, 0.0, None 
 46.89, -122.68, 20.0, 2016-01-28 02:37:30, 0.0, None 
 46.8, -122.92, 20.0, 2016-01-28 02:40:00, 0.0, None 
 46.83, -123.01, 60.0, 2016-01-28 02:50:00, 0.0, None 
 46.8, -123.01, 32.0, 2016-01-28 02:52:30, 0.0, None 
 46.84, -123.06, 20.0, 2016-01-28 03:02:30, 0.0, None 
 46.92, -122.98, 34.0, 2016-01-28 03:07:30, 0.0, None 
 46.99, -122.91, 41.0, 2016-01-28 03:10:00, 0.0, None 
 47.06, -123.16, 20.5, 2016-01-28 03:27:30, 0.0, None 
 47.16, -122.96, 60.0, 2016-01-28 03:30:00, 0.0, None 
 47.28, -123.3, 38.0, 2016-01-28 03:40:00, 0.0, None 
 47.025, -122.87, 29.5, 2016-01-28 03:42:30, 0.0, None 
 46.96, -123.03, 27.0, 2016-01-28 04:05:00, 0.0, None 
 46.87, -122.48, 29.0, 2016-01-28 04:10:00, 0.0, None 
 47.03, -122.82, 42.5, 2016-01-28 04:12:30, 0.0, None 
 46.915, -123.07, 20.0, 2016-01-28 04:37:30, 0.0, None 
 46.85, -122.5, 26.0, 2016-01-28 04:52:30, 0.0, None 
 47.02, -122.9, 24.5, 2016-01-28 04:52:30, 0.0, None 
 46.9, -122.985, 60.0, 2016-01-28 04:57:30, 0.0, None 
 47.035, -122.94, 38.5, 2016-01-28 05:00:00, 0.0, None 
 46.87, -123.03, 20.0, 2016-01-28 05:02:30, 0.0, None 
 46.9, -122.96, 36.0, 2016-01-28 05:47:30, 0.0, None 
 46.6, -122.3, 40.0, 2016-01-28 06:02:30, 0.0, None 
 46.78, -122.98, 60.0, 2016-01-28 06:15:00, 0.0, None 
 46.88, -123.005, 52.0, 2016-01-28 06:17:30, 0.0, None 
 47.1, -123.05, 33.0, 2016-01-28 06:35:00, 0.0, None 
 47.155, -122.96, 32.0, 2016-01-28 06:45:00, 0.0, None 
 47.01, -122.885, 53.0, 2016-01-28 06:47:30, 0.0, None 
 46.9, -122.45, 20.0, 2016-01-28 07:10:00, 0.0, None 
 47.02, -123.12, 37.0, 2016-01-28 07:22:30, 0.0, None 
 47.05, -123.06, 23.0, 2016-01-28 07:25:00, 0.0, None 
 47.09, -123.0, 34.0, 2016-01-28 07:27:30, 0.0, None 
 47.115, -123.04, 32.0, 2016-01-28 08:45:00, 0.0, None 
 46.96, -122.6, 52.0, 2016-01-28 11:20:00, 0.0, None 
 46.8, -123.18, 20.0, 2016-01-28 11:22:30, 0.0, None 
 47.2, -122.92, 45.0, 2016-01-28 11:35:00, 0.0, None 
 46.88, -122.715, 60.0, 2016-01-28 11:45:00, 0.0, None 
 47.1, -122.97, 39.5, 2016-01-28 11:45:00, 0.0, None 
 47.09, -122.98, 35.5, 2016-01-28 11:47:30, 0.0, None 
 46.88, -122.995, 38.0, 2016-01-28 12:42:30, 0.0, None 
 46.93, -122.99, 60.0, 2016-01-28 12:45:00, 0.0, None 
 47.02, -123.07, 20.0, 2016-01-28 13:22:30, 0.0, None 
 47.03, -123.075, 41.0, 2016-01-28 13:25:00, 0.0, None 
 47.13, -122.865, 20.0, 2016-01-28 13:55:00, 0.0, None 
 46.9, -123.08, 20.0, 2016-01-28 14:02:30, 0.0, None 
 46.845, -122.91, 60.0, 2016-01-28 14:22:30, 0.0, None 
 46.755, -123.01, 20.0, 2016-01-28 14:52:30, 0.0, None 
 46.98, -123.07, 20.0, 2016-01-28 16:02:30, 0.0, None 
 46.99, -122.57, 20.0, 2016-01-28 16:20:00, 0.0, None 
 47.12, -122.87, 20.0, 2016-01-28 17:00:00, 0.0, None 
 46.8, -122.87, 46.0, 2016-01-28 19:17:30, 0.0, None 
 47.0, -122.62, 20.0, 2016-01-28 19:20:00, 0.0, None 
 46.99, -123.03, 52.0, 2016-01-28 19:37:30, 0.0, None 
 46.6, -123.11, 60.0, 2016-01-28 20:12:30, 0.0, None 
 47.01, -123.06, 20.0, 2016-01-28 21:12:30, 0.0, None 
 47.1, -123.17, 20.0, 2016-01-28 21:15:00, 0.0, None 
 46.81, -122.87, 20.0, 2016-01-28 21:35:00, 0.0, None 
 46.975, -122.78, 20.0, 2016-01-28 21:50:00, 0.0, None 
 46.975, -122.81, 23.0, 2016-01-28 21:52:30, 0.0, None 
 46.99, -122.6, 20.0, 2016-01-28 23:02:30, 0.0, None 
 46.98, -122.62, 20.0, 2016-01-28 23:05:00, 0.0, None 
 46.99, -122.97, 20.0, 2016-01-29 00:12:30, 0.0, None 
 46.98, -123.1, 20.0, 2016-01-29 00:15:00, 0.0, None 
 47.005, -122.94, 60.0, 2016-01-29 00:25:00, 0.0, None 
 46.79, -123.19, 20.0, 2016-01-29 02:40:00, 0.0, None 
 46.755, -123.2, 30.0, 2016-01-29 02:42:30, 0.0, None 
 46.73, -123.21, 20.0, 2016-01-29 02:45:00, 0.0, None 
 47.03, -122.96, 60.0, 2016-01-29 02:57:30, 0.0, None 
 46.8, -122.91, 20.0, 2016-01-29 03:02:30, 0.0, None 
 46.79, -122.89, 20.0, 2016-01-29 03:05:00, 0.0, None 
 46.79, -122.97, 20.0, 2016-01-29 03:15:00, 0.0, None 
 46.89, -122.88, 20.0, 2016-01-29 03:47:30, 0.0, None 
 46.73, -123.14, 40.0, 2016-01-29 05:25:00, 0.0, None 
 47.01, -123.15, 20.0, 2016-01-29 05:35:00, 0.0, None 
 46.985, -123.14, 20.0, 2016-01-29 06:00:00, 0.0, None 
 46.94, -123.0, 20.0, 2016-01-29 06:02:30, 0.0, None 
 46.74, -123.14, 40.0, 2016-01-29 06:32:30, 0.0, None 
 46.83, -122.89, 60.0, 2016-01-29 06:37:30, 0.0, None 
 46.79, -123.01, 20.0, 2016-01-29 08:10:00, 0.0, None 
 46.85, -123.03, 29.0, 2016-01-29 08:12:30, 0.0, None 
 46.66, -122.9, 32.0, 2016-01-29 08:55:00, 0.0, None 
 46.7, -122.86, 60.0, 2016-01-29 08:57:30, 0.0, None 
 46.94, -122.93, 60.0, 2016-01-29 09:15:00, 0.0, None 
 46.85, -123.0, 40.0, 2016-01-29 09:17:30, 0.0, None 
 46.885, -122.935, 60.0, 2016-01-29 09:42:30, 0.0, None 
 46.815, -122.96, 20.0, 2016-01-29 09:47:30, 0.0, None 
 46.78, -123.215, 34.0, 2016-01-29 09:50:00, 0.0, None 
 46.7, -122.88, 29.0, 2016-01-29 10:40:00, 0.0, None 
 47.08, -122.93, 60.0, 2016-01-29 11:02:30, 0.0, None 
 46.81, -122.96, 54.0, 2016-01-29 11:17:30, 0.0, None 
 46.805, -122.975, 38.0, 2016-01-29 11:20:00, 0.0, None 
 46.82, -122.925, 45.0, 2016-01-29 11:37:30, 0.0, None 
 46.91, -122.89, 60.0, 2016-01-29 12:00:00, 0.0, None 
 46.92, -122.87, 39.0, 2016-01-29 12:22:30, 0.0, None 
 46.84, -123.07, 42.0, 2016-01-29 12:45:00, 0.0, None 
 47.1, -122.93, 59.5, 2016-01-29 13:40:00, 0.0, None 
 47.005, -123.14, 36.5, 2016-01-29 13:42:30, 0.0, None 
 47.01, -123.14, 37.0, 2016-01-29 13:45:00, 0.0, None 
 47.1, -122.87, 20.0, 2016-01-29 14:45:00, 0.0, None 
 46.915, -123.1, 55.0, 2016-01-29 14:52:30, 0.0, None 
 47.105, -122.865, 27.0, 2016-01-29 16:15:00, 0.0, None 
 46.87, -122.925, 60.0, 2016-01-29 18:40:00, 0.0, None 
 46.81, -123.195, 60.0, 2016-01-30 00:32:30, 0.0, None 
 47.11, -123.07, 20.0, 2016-01-30 00:55:00, 0.0, None 
 47.0, -122.78, 60.0, 2016-01-30 01:57:30, 0.0, None 
 46.68, -122.81, 20.0, 2016-01-30 02:10:00, 0.0, None 
 46.78, -123.175, 28.0, 2016-01-30 02:15:00, 0.0, None 
 46.71, -122.94, 40.0, 2016-01-30 02:25:00, 0.0, None 
 46.67, -123.0, 60.0, 2016-01-30 02:27:30, 0.0, None 
 46.7, -123.05, 20.0, 2016-01-30 02:30:00, 0.0, None 
 46.7, -123.05, 20.0, 2016-01-30 02:32:30, 0.0, None 
 46.755, -123.03, 30.0, 2016-01-30 02:35:00, 0.0, None 
 46.77, -123.07, 30.0, 2016-01-30 02:37:30, 0.0, None 
 46.8, -123.105, 20.0, 2016-01-30 02:40:00, 0.0, None 
 46.8, -123.13, 20.0, 2016-01-30 02:42:30, 0.0, None 
 46.63, -122.92, 20.0, 2016-01-30 02:47:30, 0.0, None 
 46.74, -123.0, 20.0, 2016-01-30 02:52:30, 0.0, None 
 46.79, -123.09, 31.0, 2016-01-30 02:55:00, 0.0, None 
 47.085, -122.98, 60.0, 2016-01-30 03:35:00, 0.0, None 
 46.7, -121.99, 60.0, 2016-01-30 03:57:30, 0.0, None 
 47.73, -123.5, 20.0, 2016-01-30 04:05:00, 0.0, None 
 47.72, -123.49, 20.0, 2016-01-30 04:07:30, 0.0, None 
 46.76, -122.95, 40.0, 2016-01-30 07:25:00, 0.0, None 
 46.8, -122.71, 27.0, 2016-01-30 07:50:00, 0.0, None 
 46.76, -123.2, 20.0, 2016-01-30 08:12:30, 0.0, None 
 47.03, -122.815, 48.5, 2016-01-30 08:22:30, 0.0, None 
 46.8, -122.94, 40.0, 2016-01-30 09:20:00, 0.0, None 
 46.71, -123.03, 30.0, 2016-01-30 09:50:00, 0.0, None 
 47.71, -123.49, 20.0, 2016-01-30 11:00:00, 0.0, None 
 46.79, -122.75, 20.0, 2016-01-30 11:12:30, 0.0, None 
 46.76, -122.985, 53.0, 2016-01-30 11:35:00, 0.0, None 
 46.75, -122.97, 42.0, 2016-01-30 11:37:30, 0.0, None 
 46.84, -122.97, 42.0, 2016-01-30 11:47:30, 0.0, None 
 46.685, -122.93, 39.0, 2016-01-30 12:12:30, 0.0, None 
 46.7, -122.97, 37.5, 2016-01-30 12:15:00, 0.0, None 
 46.705, -122.975, 60.0, 2016-01-30 12:17:30, 0.0, None 
 46.645, -123.02, 60.0, 2016-01-30 12:20:00, 0.0, None 
 46.715, -123.035, 20.0, 2016-01-30 13:12:30, 0.0, None 
 46.82, -123.09, 20.0, 2016-01-30 13:15:00, 0.0, None 
 46.81, -123.16, 26.0, 2016-01-30 13:17:30, 0.0, None 
 46.765, -123.09, 20.0, 2016-01-30 13:20:00, 0.0, None 
 46.83, -123.08, 34.0, 2016-01-30 13:22:30, 0.0, None 
 46.73, -123.1, 20.0, 2016-01-30 13:27:30, 0.0, None 
 46.91, -123.08, 55.0, 2016-01-30 13:30:00, 0.0, None 
 46.86, -123.095, 40.0, 2016-01-30 13:32:30, 0.0, None 
 46.81, -122.96, 20.0, 2016-01-30 13:55:00, 0.0, None 
 46.68, -123.07, 60.0, 2016-01-30 14:05:00, 0.0, None 
 46.64, -123.02, 51.0, 2016-01-30 14:20:00, 0.0, None 
 46.8, -123.08, 20.0, 2016-01-30 14:22:30, 0.0, None 
 46.8, -123.08, 20.0, 2016-01-30 14:25:00, 0.0, None 
 46.695, -123.075, 52.0, 2016-01-30 14:27:30, 0.0, None 
 46.87, -123.2, 52.0, 2016-01-30 15:57:30, 0.0, None 
 47.02, -123.13, 29.0, 2016-01-30 16:15:00, 0.0, None 
 47.11, -123.08, 42.0, 2016-01-30 16:17:30, 0.0, None 
 46.985, -123.025, 40.5, 2016-01-30 16:20:00, 0.0, None 
 46.89, -123.09, 20.0, 2016-01-30 16:30:00, 0.0, None 
 46.915, -123.1, 37.0, 2016-01-30 16:32:30, 0.0, None 
 47.01, -123.13, 48.0, 2016-01-30 16:40:00, 0.0, None 
 46.87, -123.11, 20.0, 2016-01-30 16:50:00, 0.0, None 
 46.93, -123.04, 44.0, 2016-01-30 16:57:30, 0.0, None 
 46.96, -123.135, 60.0, 2016-01-30 17:07:30, 0.0, None 
 46.985, -123.04, 60.0, 2016-01-30 17:10:00, 0.0, None 
 46.82, -123.025, 20.0, 2016-01-30 17:22:30, 0.0, None 
 46.72, -123.0, 20.0, 2016-01-30 17:25:00, 0.0, None 
 47.08, -122.99, 20.0, 2016-01-30 17:27:30, 0.0, None 
 46.7, -122.04, 60.0, 2016-01-30 17:45:00, 0.0, None 
 46.68, -122.0, 20.0, 2016-01-30 17:47:30, 0.0, None 
 46.97, -123.02, 20.0, 2016-01-30 17:52:30, 0.0, None 
 46.84, -123.04, 20.0, 2016-01-30 17:55:00, 0.0, None 
 46.74, -123.03, 60.0, 2016-01-30 17:57:30, 0.0, None 
 46.89, -123.19, 31.0, 2016-01-30 18:02:30, 0.0, None 
 47.02, -122.8, 49.5, 2016-01-30 18:47:30, 0.0, None 
 46.91, -122.96, 49.0, 2016-01-30 18:50:00, 0.0, None 
 46.83, -122.85, 60.0, 2016-01-30 18:52:30, 0.0, None 
 46.87, -122.9, 34.0, 2016-01-30 18:55:00, 0.0, None 
 46.785, -122.83, 60.0, 2016-01-30 18:57:30, 0.0, None 
 46.59, -122.89, 35.0, 2016-01-30 19:15:00, 0.0, None 
 46.81, -123.2, 20.0, 2016-01-30 21:02:30, 0.0, None 
 46.62, -123.09, 60.0, 2016-01-31 04:57:30, 0.0, None 
 46.67, -123.0, 38.0, 2016-01-31 05:15:00, 0.0, None 
 46.71, -122.985, 26.5, 2016-01-31 05:17:30, 0.0, None 
 46.83, -123.17, 40.5, 2016-01-31 05:20:00, 0.0, None 
 46.875, -123.09, 51.0, 2016-01-31 05:22:30, 0.0, None 
 46.885, -123.175, 37.0, 2016-01-31 05:30:00, 0.0, None 
 46.615, -122.94, 28.5, 2016-01-31 05:40:00, 0.0, None 
 46.8, -123.09, 39.0, 2016-01-31 05:55:00, 0.0, None 
 46.84, -123.17, 60.0, 2016-01-31 05:57:30, 0.0, None 
 46.79, -123.17, 30.0, 2016-01-31 06:05:00, 0.0, None 
 46.67, -122.94, 20.0, 2016-01-31 06:12:30, 0.0, None 
 46.69, -122.96, 20.0, 2016-01-31 06:15:00, 0.0, None 
 46.6, -123.02, 49.0, 2016-01-31 06:27:30, 0.0, None 
 46.635, -123.09, 41.0, 2016-01-31 07:05:00, 0.0, None 
 46.75, -122.94, 20.0, 2016-01-31 07:12:30, 0.0, None 
 46.8, -123.19, 60.0, 2016-01-31 07:15:00, 0.0, None 
 46.78, -123.15, 40.0, 2016-01-31 07:17:30, 0.0, None 
 46.745, -123.005, 20.0, 2016-01-31 07:27:30, 0.0, None 
 46.75, -123.125, 20.0, 2016-01-31 07:30:00, 0.0, None 
 46.695, -123.055, 20.0, 2016-01-31 07:32:30, 0.0, None 
 46.67, -122.92, 20.0, 2016-01-31 07:35:00, 0.0, None 
 46.765, -123.095, 51.0, 2016-01-31 07:37:30, 0.0, None 
 46.72, -123.11, 30.0, 2016-01-31 07:40:00, 0.0, None 
 46.72, -123.05, 20.0, 2016-01-31 07:47:30, 0.0, None 
 46.745, -122.775, 51.5, 2016-01-31 07:50:00, 0.0, None 
 46.69, -123.11, 20.0, 2016-01-31 07:55:00, 0.0, None 
 46.86, -123.085, 58.0, 2016-01-31 08:40:00, 0.0, None 
 46.69, -123.09, 20.0, 2016-01-31 08:45:00, 0.0, None 
 46.69, -122.89, 60.0, 2016-01-31 09:35:00, 0.0, None 
 46.64, -122.89, 60.0, 2016-01-31 09:37:30, 0.0, None 
 46.6, -123.025, 60.0, 2016-01-31 10:57:30, 0.0, None 
 46.76, -122.78, 20.0, 2016-01-31 11:05:00, 0.0, None 
 46.52, -123.11, 20.0, 2016-01-31 15:45:00, 0.0, None 
 46.6, -123.1, 20.0, 2016-01-31 19:15:00, 0.0, None 
 46.82, -123.06, 20.0, 2016-01-31 19:30:00, 0.0, None 
 46.79, -123.12, 25.0, 2016-01-31 19:32:30, 0.0, None 
 46.62, -123.12, 32.0, 2016-01-31 20:40:00, 0.0, None 
 46.72, -123.02, 28.0, 2016-01-31 22:20:00, 0.0, None 
 46.62, -122.91, 38.0, 2016-01-31 22:25:00, 0.0, None 
 46.61, -122.91, 46.0, 2016-01-31 22:27:30, 0.0, None 
 46.73, -122.98, 38.5, 2016-01-31 22:45:00, 0.0, None 
 46.78, -122.72, 60.0, 2016-01-31 22:57:30, 0.0, None 
 46.64, -122.99, 20.0, 2016-01-31 23:00:00, 0.0, None 
 46.9, -123.11, 20.0, 2016-01-31 23:25:00, 0.0, None 
 46.5, -122.82, 45.0, 2016-02-01 02:00:00, 0.0, None 
 46.33, -122.6, 30.0, 2016-02-01 02:47:30, 0.0, None 
 46.54, -122.99, 60.0, 2016-02-01 02:57:30, 0.0, None 
 46.68, -123.15, 40.0, 2016-02-01 03:00:00, 0.0, None 
 46.4, -122.7, 20.0, 2016-02-01 03:02:30, 0.0, None 
 46.64, -122.98, 30.0, 2016-02-01 03:07:30, 0.0, None 
 46.68, -122.88, 25.0, 2016-02-01 03:12:30, 0.0, None 
 46.67, -123.17, 60.0, 2016-02-01 03:20:00, 0.0, None 
 46.49, -123.15, 45.0, 2016-02-01 03:50:00, 0.0, None 
 46.58, -123.03, 27.0, 2016-02-01 04:40:00, 0.0, None 
 46.7, -123.095, 20.0, 2016-02-01 04:42:30, 0.0, None 
 46.61, -123.1, 60.0, 2016-02-01 04:50:00, 0.0, None 
 46.63, -123.1, 20.0, 2016-02-01 05:00:00, 0.0, None 
 46.685, -123.32, 36.0, 2016-02-01 05:07:30, 0.0, None 
 46.22, -122.58, 40.0, 2016-02-01 06:30:00, 0.0, None 
 46.57, -123.11, 20.0, 2016-02-01 06:37:30, 0.0, None 
 46.45, -123.06, 47.5, 2016-02-01 06:47:30, 0.0, None 
 47.0, -123.02, 25.0, 2016-02-01 06:57:30, 0.0, None 
 46.57, -123.01, 44.0, 2016-02-01 07:17:30, 0.0, None 
 46.56, -122.96, 20.0, 2016-02-01 07:20:00, 0.0, None 
 46.51, -123.07, 40.0, 2016-02-01 07:45:00, 0.0, None 
 46.58, -123.06, 30.0, 2016-02-01 07:50:00, 0.0, None 
 46.41, -123.04, 40.0, 2016-02-01 08:07:30, 0.0, None 
 46.345, -123.0, 26.0, 2016-02-01 08:17:30, 0.0, None 
 46.58, -123.08, 20.0, 2016-02-01 08:20:00, 0.0, None 
 46.35, -123.0, 20.0, 2016-02-01 08:37:30, 0.0, None 
 46.295, -122.58, 31.0, 2016-02-01 09:00:00, 0.0, None 
 46.22, -122.53, 60.0, 2016-02-01 09:12:30, 0.0, None 
 46.455, -123.17, 60.0, 2016-02-01 09:22:30, 0.0, None 
 46.48, -123.09, 48.5, 2016-02-01 09:25:00, 0.0, None 
 46.56, -123.2, 40.0, 2016-02-01 09:32:30, 0.0, None 
 46.71, -123.115, 20.0, 2016-02-01 09:35:00, 0.0, None 
 46.5, -123.125, 20.0, 2016-02-01 09:40:00, 0.0, None 
 46.78, -122.73, 40.0, 2016-02-01 09:45:00, 0.0, None 
 46.76, -122.7, 60.0, 2016-02-01 09:47:30, 0.0, None 
 46.44, -123.1, 29.0, 2016-02-01 09:55:00, 0.0, None 
 46.71, -123.42, 60.0, 2016-02-01 10:00:00, 0.0, None 
 46.385, -122.675, 22.5, 2016-02-01 10:10:00, 0.0, None 
 46.1, -122.4, 20.0, 2016-02-01 10:12:30, 0.0, None 
 46.565, -123.1, 53.0, 2016-02-01 10:22:30, 0.0, None 
 46.44, -123.09, 35.0, 2016-02-01 10:25:00, 0.0, None 
 46.61, -123.045, 49.0, 2016-02-01 10:32:30, 0.0, None 
 46.54, -122.98, 49.0, 2016-02-01 10:40:00, 0.0, None 
 46.585, -123.0, 52.0, 2016-02-01 10:42:30, 0.0, None 
 46.47, -123.07, 60.0, 2016-02-01 10:47:30, 0.0, None 
 46.625, -123.0, 32.0, 2016-02-01 10:50:00, 0.0, None 
 46.69, -122.93, 60.0, 2016-02-01 10:52:30, 0.0, None 
 46.56, -123.135, 46.5, 2016-02-01 11:05:00, 0.0, None 
 46.82, -122.73, 60.0, 2016-02-01 11:15:00, 0.0, None 
 46.71, -123.01, 39.0, 2016-02-01 11:32:30, 0.0, None 
 46.61, -122.73, 60.0, 2016-02-01 11:37:30, 0.0, None 
 46.595, -123.07, 60.0, 2016-02-01 11:52:30, 0.0, None 
 46.215, -122.67, 60.0, 2016-02-01 12:10:00, 0.0, None 
 46.61, -122.825, 59.0, 2016-02-01 13:12:30, 0.0, None 
 46.58, -122.8, 52.5, 2016-02-01 13:15:00, 0.0, None 
 46.51, -123.2, 36.5, 2016-02-01 13:20:00, 0.0, None 
 46.495, -122.81, 60.0, 2016-02-01 13:40:00, 0.0, None 
 46.66, -123.01, 34.0, 2016-02-01 13:42:30, 0.0, None 
 46.41, -122.71, 60.0, 2016-02-01 13:55:00, 0.0, None 
 46.695, -123.09, 20.0, 2016-02-01 14:25:00, 0.0, None 
 46.73, -123.02, 28.5, 2016-02-01 14:27:30, 0.0, None 
 46.705, -123.07, 60.0, 2016-02-01 14:37:30, 0.0, None 
 46.52, -123.21, 60.0, 2016-02-01 14:42:30, 0.0, None 
 46.56, -123.255, 56.5, 2016-02-01 14:45:00, 0.0, None 
 46.49, -122.81, 60.0, 2016-02-01 14:47:30, 0.0, None 
 46.775, -122.975, 30.5, 2016-02-01 15:35:00, 0.0, None 
 46.7, -123.19, 60.0, 2016-02-01 15:57:30, 0.0, None 
 46.71, -123.39, 20.0, 2016-02-01 19:00:00, 0.0, None 
 46.565, -123.195, 20.0, 2016-02-01 19:05:00, 0.0, None 
 46.47, -123.02, 47.0, 2016-02-01 19:07:30, 0.0, None 
 46.62, -123.24, 21.0, 2016-02-01 20:07:30, 0.0, None 
 46.99, -123.09, 29.5, 2016-02-01 20:40:00, 0.0, None 
 46.98, -123.05, 45.0, 2016-02-01 20:42:30, 0.0, None 
 46.58, -123.14, 20.0, 2016-02-01 23:55:00, 0.0, None 
 46.66, -122.83, 60.0, 2016-02-02 00:22:30, 0.0, None 
 46.51, -123.14, 20.0, 2016-02-02 00:37:30, 0.0, None 
 46.57, -123.12, 20.0, 2016-02-02 01:00:00, 0.0, None 
 46.9, -122.79, 26.0, 2016-02-02 02:10:00, 0.0, None 
 46.675, -123.035, 35.0, 2016-02-02 03:35:00, 0.0, None 
 46.85, -122.76, 30.0, 2016-02-02 03:42:30, 0.0, None 
 46.57, -123.115, 20.0, 2016-02-02 03:45:00, 0.0, None 
 46.58, -122.79, 60.0, 2016-02-02 03:47:30, 0.0, None 
 46.605, -123.16, 20.0, 2016-02-02 03:52:30, 0.0, None 
 46.58, -123.1, 48.0, 2016-02-02 04:37:30, 0.0, None 
 46.93, -122.76, 40.0, 2016-02-02 04:45:00, 0.0, None 
 46.885, -122.755, 38.0, 2016-02-02 04:47:30, 0.0, None 
 46.86, -122.795, 60.0, 2016-02-02 04:57:30, 0.0, None 
 46.68, -123.245, 20.0, 2016-02-02 05:02:30, 0.0, None 
 46.6, -123.2, 28.0, 2016-02-02 05:05:00, 0.0, None 
 46.71, -122.81, 35.0, 2016-02-02 05:12:30, 0.0, None 
 46.4, -123.3, 20.0, 2016-02-02 05:20:00, 0.0, None 
 46.65, -123.095, 20.0, 2016-02-02 05:27:30, 0.0, None 
 46.505, -123.14, 20.0, 2016-02-02 05:37:30, 0.0, None 
 46.785, -122.905, 39.0, 2016-02-02 06:05:00, 0.0, None 
 46.71, -123.035, 53.0, 2016-02-02 06:07:30, 0.0, None 
 46.745, -122.785, 60.0, 2016-02-02 06:47:30, 0.0, None 
 46.685, -122.86, 60.0, 2016-02-02 06:50:00, 0.0, None 
 46.81, -122.88, 31.0, 2016-02-02 06:52:30, 0.0, None 
 46.78, -122.81, 60.0, 2016-02-02 06:55:00, 0.0, None 
 46.635, -122.81, 60.0, 2016-02-02 06:57:30, 0.0, None 
 46.72, -123.095, 54.0, 2016-02-02 07:17:30, 0.0, None 
 46.65, -123.08, 28.0, 2016-02-02 07:20:00, 0.0, None 
 46.75, -122.71, 49.0, 2016-02-02 07:30:00, 0.0, None 
 46.5, -123.04, 46.0, 2016-02-02 08:32:30, 0.0, None 
 46.81, -122.8, 20.0, 2016-02-02 08:35:00, 0.0, None 
 46.82, -122.79, 43.5, 2016-02-02 10:12:30, 0.0, None 
 46.835, -122.7, 20.0, 2016-02-02 10:15:00, 0.0, None 
 46.84, -122.9, 20.0, 2016-02-02 10:20:00, 0.0, None 
 46.555, -122.87, 34.0, 2016-02-02 13:35:00, 0.0, None 
 46.48, -122.79, 44.0, 2016-02-02 13:42:30, 0.0, None 
 46.46, -122.815, 49.0, 2016-02-02 13:45:00, 0.0, None 
 46.49, -122.83, 35.0, 2016-02-02 13:47:30, 0.0, None 
 46.67, -122.805, 27.5, 2016-02-02 13:52:30, 0.0, None 
 46.545, -122.78, 29.0, 2016-02-02 13:55:00, 0.0, None 
 46.46, -122.81, 60.0, 2016-02-02 13:57:30, 0.0, None 
 46.6, -122.9, 48.0, 2016-02-02 14:12:30, 0.0, None 
 46.58, -122.86, 45.0, 2016-02-02 14:15:00, 0.0, None 
 46.51, -122.63, 60.0, 2016-02-02 14:25:00, 0.0, None 
 46.91, -122.84, 60.0, 2016-02-02 14:32:30, 0.0, None 
 46.54, -122.8, 43.0, 2016-02-02 14:37:30, 0.0, None 
 46.505, -122.61, 40.0, 2016-02-02 14:40:00, 0.0, None 
 46.68, -123.09, 40.0, 2016-02-02 14:50:00, 0.0, None 
 46.6, -122.78, 37.0, 2016-02-02 15:00:00, 0.0, None 
 46.575, -122.69, 42.5, 2016-02-02 15:22:30, 0.0, None 
 46.59, -122.73, 46.0, 2016-02-02 15:25:00, 0.0, None 
 46.875, -122.73, 60.0, 2016-02-02 15:27:30, 0.0, None 
 46.59, -122.82, 47.0, 2016-02-02 15:30:00, 0.0, None 
 46.51, -122.76, 44.0, 2016-02-02 15:32:30, 0.0, None 
 46.52, -122.78, 43.0, 2016-02-02 15:35:00, 0.0, None 
 46.57, -122.67, 39.0, 2016-02-02 15:47:30, 0.0, None 
 46.53, -122.68, 44.0, 2016-02-02 16:20:00, 0.0, None 
 46.54, -123.11, 20.0, 2016-02-02 20:17:30, 0.0, None 
 46.69, -123.085, 20.0, 2016-02-02 20:22:30, 0.0, None 
 46.79, -123.09, 22.0, 2016-02-02 23:50:00, 0.0, None 
 46.53, -123.19, 20.0, 2016-02-03 01:17:30, 0.0, None 
 46.535, -123.12, 53.5, 2016-02-03 03:07:30, 0.0, None 
 46.49, -123.1, 20.0, 2016-02-03 03:10:00, 0.0, None 
 46.43, -123.2, 26.5, 2016-02-03 03:15:00, 0.0, None 
 46.38, -123.165, 22.5, 2016-02-03 05:10:00, 0.0, None 
 46.39, -123.09, 20.0, 2016-02-03 07:10:00, 0.0, None 
 46.48, -123.11, 20.0, 2016-02-03 07:12:30, 0.0, None 
 46.48, -123.17, 32.0, 2016-02-03 07:15:00, 0.0, None 
 46.39, -123.22, 28.0, 2016-02-03 07:20:00, 0.0, None 
 46.49, -123.2, 44.0, 2016-02-03 07:22:30, 0.0, None 
 46.67, -122.87, 28.0, 2016-02-03 07:30:00, 0.0, None 
 46.375, -123.14, 31.0, 2016-02-03 07:37:30, 0.0, None 
 46.4, -123.1, 32.0, 2016-02-03 07:40:00, 0.0, None 
 46.57, -123.05, 33.5, 2016-02-03 07:42:30, 0.0, None 
 46.46, -123.05, 60.0, 2016-02-03 07:57:30, 0.0, None 
 46.67, -122.87, 26.0, 2016-02-03 08:00:00, 0.0, None 
 46.53, -123.19, 39.0, 2016-02-03 08:20:00, 0.0, None 
 46.54, -123.15, 25.0, 2016-02-03 08:45:00, 0.0, None 
 46.53, -123.07, 27.0, 2016-02-03 08:47:30, 0.0, None 
 46.64, -123.0, 31.0, 2016-02-03 09:27:30, 0.0, None 
 47.02, -123.025, 60.0, 2016-02-03 10:05:00, 0.0, None 
 46.405, -123.135, 27.5, 2016-02-03 10:12:30, 0.0, None 
 46.415, -123.195, 20.5, 2016-02-03 10:15:00, 0.0, None 
 46.43, -123.26, 32.5, 2016-02-03 10:17:30, 0.0, None 
 46.435, -123.225, 60.0, 2016-02-03 10:22:30, 0.0, None 
 46.475, -123.185, 46.5, 2016-02-03 10:25:00, 0.0, None 
 47.035, -123.09, 20.0, 2016-02-03 10:40:00, 0.0, None 
 47.09, -122.99, 20.0, 2016-02-03 10:52:30, 0.0, None 
 46.97, -123.03, 60.0, 2016-02-03 11:00:00, 0.0, None 
 46.98, -123.075, 60.0, 2016-02-03 11:02:30, 0.0, None 
 47.04, -123.02, 60.0, 2016-02-03 11:35:00, 0.0, None 
 47.02, -123.11, 20.0, 2016-02-03 11:42:30, 0.0, None 
 46.99, -123.1, 30.5, 2016-02-03 11:47:30, 0.0, None 
 47.0, -123.02, 40.0, 2016-02-03 12:27:30, 0.0, None 
 47.02, -123.06, 24.5, 2016-02-03 13:27:30, 0.0, None 
 47.05, -123.07, 40.0, 2016-02-03 13:30:00, 0.0, None 
 47.1, -122.985, 30.0, 2016-02-03 14:17:30, 0.0, None 
 46.48, -123.185, 20.0, 2016-02-03 15:35:00, 0.0, None 
 46.71, -122.94, 20.0, 2016-02-03 16:57:30, 0.0, None 
 46.48, -123.15, 20.0, 2016-02-03 20:45:00, 0.0, None 
 47.1, -122.89, 53.0, 2016-02-03 20:57:30, 0.0, None 
 46.36, -123.18, 20.0, 2016-02-03 21:20:00, 0.0, None 
 46.49, -123.08, 20.0, 2016-02-03 21:22:30, 0.0, None 
 47.81, -122.84, 48.0, 2016-02-04 00:12:30, 0.0, None 
 47.76, -122.86, 20.0, 2016-02-04 00:50:00, 0.0, None 
 47.94, -122.99, 20.0, 2016-02-04 01:30:00, 0.0, None 
 47.93, -122.98, 20.0, 2016-02-04 01:32:30, 0.0, None 
 47.8, -122.78, 60.0, 2016-02-04 02:12:30, 0.0, None 
 47.93, -123.0, 60.0, 2016-02-04 02:17:30, 0.0, None 
 47.83, -122.98, 54.0, 2016-02-04 03:07:30, 0.0, None 
 47.8, -122.82, 20.0, 2016-02-04 04:12:30, 0.0, None 
 47.71, -122.73, 34.0, 2016-02-04 04:15:00, 0.0, None 
 47.73, -122.745, 35.0, 2016-02-04 04:55:00, 0.0, None 
 47.84, -122.92, 50.0, 2016-02-04 08:37:30, 0.0, None 
 47.71, -122.86, 20.0, 2016-02-04 08:42:30, 0.0, None 
 47.69, -122.9, 35.0, 2016-02-04 09:50:00, 0.0, None 
 47.69, -122.9, 35.0, 2016-02-04 09:52:30, 0.0, None 
 47.86, -123.1, 60.0, 2016-02-04 10:22:30, 0.0, None 
 47.82, -122.99, 60.0, 2016-02-04 16:57:30, 0.0, None 
 47.8, -122.8, 30.0, 2016-02-04 19:30:00, 0.0, None 
 48.1, -121.3, 20.0, 2016-02-04 22:02:30, 0.0, None 
 46.5, -122.77, 26.0, 2016-02-05 00:15:00, 0.0, None 
 47.095, -123.15, 45.0, 2016-02-05 00:30:00, 0.0, None 
 47.12, -123.085, 38.0, 2016-02-05 00:50:00, 0.0, None 
 47.09, -122.82, 60.0, 2016-02-05 00:52:30, 0.0, None 
 47.14, -123.0, 30.0, 2016-02-05 01:10:00, 0.0, None 
 47.135, -122.95700000000001, 58.2, 2016-02-05 01:12:30, 0.0, None 
 47.27, -123.11, 57.0, 2016-02-05 01:22:30, 0.0, None 
 47.14, -123.085, 40.0, 2016-02-05 01:25:00, 0.0, None 
 47.14, -122.98, 30.0, 2016-02-05 01:37:30, 0.0, None 
 47.09, -123.09, 37.0, 2016-02-05 01:42:30, 0.0, None 
 47.183, -122.92, 43.2, 2016-02-05 01:45:00, 0.0, None 
 47.21, -122.97, 42.0, 2016-02-05 01:47:30, 0.0, None 
 47.165, -123.037, 37.8, 2016-02-05 02:15:00, 0.0, None 
 47.165, -123.04, 34.5, 2016-02-05 02:17:30, 0.0, None 
 47.125, -123.04, 48.0, 2016-02-05 02:25:00, 0.0, None 
 47.125, -123.06, 54.0, 2016-02-05 02:27:30, 0.0, None 
 47.11, -122.86, 52.0, 2016-02-05 02:47:30, 0.0, None 
 47.22, -122.95, 20.0, 2016-02-05 02:50:00, 0.0, None 
 47.1, -123.06, 56.0, 2016-02-05 03:10:00, 0.0, None 
 47.2, -123.0, 20.0, 2016-02-05 03:12:30, 0.0, None 
 47.2, -122.99, 20.0, 2016-02-05 03:25:00, 0.0, None 
 47.195, -123.19, 20.0, 2016-02-05 03:30:00, 0.0, None 
 47.185, -123.17, 20.0, 2016-02-05 03:32:30, 0.0, None 
 47.108000000000004, -122.98, 44.0, 2016-02-05 03:35:00, 0.0, None 
 47.14, -123.04, 43.0, 2016-02-05 03:40:00, 0.0, None 
 47.21, -123.005, 22.5, 2016-02-05 03:42:30, 0.0, None 
 47.205, -122.975, 49.0, 2016-02-05 03:50:00, 0.0, None 
 47.03, -123.2, 60.0, 2016-02-05 03:57:30, 0.0, None 
 47.22, -123.005, 27.5, 2016-02-05 04:02:30, 0.0, None 
 47.273, -123.16, 27.0, 2016-02-05 04:05:00, 0.0, None 
 47.295, -123.125, 40.0, 2016-02-05 04:07:30, 0.0, None 
 47.2, -122.99, 30.0, 2016-02-05 04:17:30, 0.0, None 
 47.21, -123.09, 20.0, 2016-02-05 04:20:00, 0.0, None 
 47.205, -123.09, 20.0, 2016-02-05 04:22:30, 0.0, None 
 47.19, -122.98, 28.5, 2016-02-05 04:35:00, 0.0, None 
 47.198, -123.037, 35.5, 2016-02-05 04:37:30, 0.0, None 
 46.375, -123.28, 45.0, 2016-02-05 04:45:00, 0.0, None 
 46.31, -123.295, 20.0, 2016-02-05 04:47:30, 0.0, None 
 47.21, -123.06, 41.5, 2016-02-05 05:45:00, 0.0, None 
 47.215, -122.977, 48.0, 2016-02-05 05:47:30, 0.0, None 
 47.255, -123.14200000000001, 20.0, 2016-02-05 06:07:30, 0.0, None 
 47.263000000000005, -123.13, 20.0, 2016-02-05 06:10:00, 0.0, None 
 47.2, -122.95, 60.0, 2016-02-05 06:12:30, 0.0, None 
 47.05, -123.15, 60.0, 2016-02-05 07:05:00, 0.0, None 
 46.39, -123.21, 20.0, 2016-02-05 07:22:30, 0.0, None 
 46.42, -123.17, 20.0, 2016-02-05 07:25:00, 0.0, None 
 46.36, -123.28, 22.0, 2016-02-05 07:52:30, 0.0, None 
 46.5, -123.08, 20.0, 2016-02-05 07:55:00, 0.0, None 
 46.38, -123.0, 60.0, 2016-02-05 08:07:30, 0.0, None 
 46.39, -123.24, 27.0, 2016-02-05 08:10:00, 0.0, None 
 46.32, -123.295, 60.0, 2016-02-05 08:12:30, 0.0, None 
 46.74, -123.05, 51.0, 2016-02-05 08:55:00, 0.0, None 
 46.7, -122.94, 20.0, 2016-02-05 09:02:30, 0.0, None 
 46.47, -123.18, 60.0, 2016-02-05 09:22:30, 0.0, None 
 46.4, -123.2, 20.0, 2016-02-05 09:30:00, 0.0, None 
 46.41, -123.2, 20.0, 2016-02-05 09:32:30, 0.0, None 
 46.44, -123.18, 39.5, 2016-02-05 09:35:00, 0.0, None 
 46.71, -123.08, 20.0, 2016-02-05 09:40:00, 0.0, None 
 46.9, -123.24, 43.0, 2016-02-05 09:50:00, 0.0, None 
 46.67, -122.93, 31.0, 2016-02-05 10:12:30, 0.0, None 
 46.99, -123.09, 20.0, 2016-02-05 10:15:00, 0.0, None 
 46.7, -122.95, 35.0, 2016-02-05 10:32:30, 0.0, None 
 47.13, -123.19, 48.0, 2016-02-05 11:00:00, 0.0, None 
 46.5, -122.82, 60.0, 2016-02-05 11:17:30, 0.0, None 
 46.7, -122.86, 51.0, 2016-02-05 11:27:30, 0.0, None 
 46.8, -122.39, 44.0, 2016-02-05 12:15:00, 0.0, None 
 46.79, -122.4, 41.0, 2016-02-05 12:17:30, 0.0, None 
 46.79, -122.55, 43.0, 2016-02-05 12:20:00, 0.0, None 
 46.92, -123.19, 33.0, 2016-02-05 12:37:30, 0.0, None 
 46.75, -123.05, 20.0, 2016-02-05 14:00:00, 0.0, None 
 47.27, -123.2, 60.0, 2016-02-05 14:52:30, 0.0, None 
 47.07, -123.01, 20.0, 2016-02-05 15:05:00, 0.0, None 
 46.39, -123.16, 55.0, 2016-02-05 16:05:00, 0.0, None 
 46.92, -123.16, 37.0, 2016-02-05 16:27:30, 0.0, None 
 46.96, -123.185, 33.0, 2016-02-05 16:30:00, 0.0, None 
 47.16, -123.22, 20.0, 2016-02-05 17:10:00, 0.0, None 
 46.935, -123.015, 60.0, 2016-02-05 17:45:00, 0.0, None 
 47.05, -123.03, 60.0, 2016-02-05 18:05:00, 0.0, None 
 47.19, -123.095, 33.5, 2016-02-05 18:27:30, 0.0, None 
 47.115, -123.16, 20.0, 2016-02-05 18:32:30, 0.0, None 
 47.1, -122.97, 21.0, 2016-02-05 18:37:30, 0.0, None 
 46.8, -122.47, 48.0, 2016-02-05 18:37:30, 0.0, None 
 46.92, -123.0, 60.0, 2016-02-05 19:15:00, 0.0, None 
 47.1, -123.005, 20.0, 2016-02-05 19:37:30, 0.0, None 
 47.13, -123.02, 20.0, 2016-02-05 19:40:00, 0.0, None 
 47.105, -122.865, 60.0, 2016-02-05 20:07:30, 0.0, None 
 46.93, -123.22, 60.0, 2016-02-05 20:37:30, 0.0, None 
 46.92, -123.18, 52.0, 2016-02-05 20:42:30, 0.0, None 
 47.065, -123.09, 20.0, 2016-02-05 20:45:00, 0.0, None 
 47.27, -122.9, 36.0, 2016-02-05 20:52:30, 0.0, None 
 47.3, -123.0, 31.0, 2016-02-05 21:10:00, 0.0, None 
 47.09, -123.14, 53.5, 2016-02-05 21:42:30, 0.0, None 
 47.043, -122.98, 22.2, 2016-02-05 21:45:00, 0.0, None 
 46.71, -122.51, 34.0, 2016-02-05 22:10:00, 0.0, None 
 46.7, -122.5, 35.0, 2016-02-05 22:12:30, 0.0, None 
 47.09, -123.03, 20.0, 2016-02-05 22:15:00, 0.0, None 
 46.7, -122.5, 37.0, 2016-02-05 22:37:30, 0.0, None 
 46.78, -122.47, 20.0, 2016-02-05 23:07:30, 0.0, None 
 46.37, -123.29, 20.0, 2016-02-05 23:10:00, 0.0, None 
 46.09, -123.285, 20.0, 2016-02-06 00:45:00, 0.0, None 
 46.08, -123.32, 32.0, 2016-02-06 02:12:30, 0.0, None 
 46.45, -123.1, 20.0, 2016-02-06 03:27:30, 0.0, None 
 46.29, -122.93, 49.5, 2016-02-06 06:15:00, 0.0, None 
 46.295, -122.95, 29.0, 2016-02-06 06:17:30, 0.0, None 
 46.26, -123.095, 20.0, 2016-02-06 06:20:00, 0.0, None 
 46.295, -123.075, 20.0, 2016-02-06 06:22:30, 0.0, None 
 46.31, -123.22, 36.5, 2016-02-06 07:42:30, 0.0, None 
 46.18, -123.07, 27.0, 2016-02-06 07:50:00, 0.0, None 
 46.38, -123.145, 20.0, 2016-02-06 08:40:00, 0.0, None 
 46.39, -123.105, 22.0, 2016-02-06 08:42:30, 0.0, None 
 46.335, -123.01, 20.0, 2016-02-06 08:45:00, 0.0, None 
 46.31, -123.145, 57.5, 2016-02-06 08:50:00, 0.0, None 
 46.38, -123.17, 20.0, 2016-02-06 08:52:30, 0.0, None 
 46.115, -123.115, 48.0, 2016-02-06 09:07:30, 0.0, None 
 46.312, -123.042, 50.5, 2016-02-06 09:20:00, 0.0, None 
 46.32, -122.99, 23.5, 2016-02-06 09:22:30, 0.0, None 
 46.215, -123.045, 25.5, 2016-02-06 09:25:00, 0.0, None 
 46.3, -122.99, 20.0, 2016-02-06 09:27:30, 0.0, None 
 46.36, -123.17, 26.0, 2016-02-06 09:30:00, 0.0, None 
 46.15, -123.15, 60.0, 2016-02-06 11:32:30, 0.0, None 
 46.21, -123.16, 45.0, 2016-02-06 11:35:00, 0.0, None 
 46.3, -123.16, 60.0, 2016-02-06 11:55:00, 0.0, None 
 46.19, -123.11, 60.0, 2016-02-06 11:57:30, 0.0, None 
 46.2, -123.088, 30.0, 2016-02-06 12:00:00, 0.0, None 
 46.23, -123.06, 20.5, 2016-02-06 12:02:30, 0.0, None 
 46.248000000000005, -123.065, 38.5, 2016-02-06 12:05:00, 0.0, None 
 46.24, -123.015, 25.2, 2016-02-06 12:07:30, 0.0, None 
 46.251999999999995, -122.98299999999999, 20.5, 2016-02-06 12:10:00, 0.0, None 
 46.2, -123.165, 27.0, 2016-02-06 13:02:30, 0.0, None 
 46.28, -122.88, 37.5, 2016-02-06 13:17:30, 0.0, None 
 46.32, -123.14, 40.0, 2016-02-06 18:00:00, 0.0, None 
 46.44, -123.11, 32.0, 2016-02-06 19:52:30, 0.0, None 
 46.175, -123.1, 20.0, 2016-02-06 21:05:00, 0.0, None 
 46.37, -123.28, 20.0, 2016-02-06 22:15:00, 0.0, None 
 46.2, -123.15, 49.0, 2016-02-06 22:37:30, 0.0, None 
 46.205, -123.1, 23.0, 2016-02-06 22:45:00, 0.0, None 
 46.28, -123.02, 24.0, 2016-02-06 22:47:30, 0.0, None 
 46.29, -123.03, 34.0, 2016-02-06 22:50:00, 0.0, None 
 46.23, -123.11, 29.0, 2016-02-06 23:27:30, 0.0, None 
 46.31, -123.08, 20.0, 2016-02-06 23:40:00, 0.0, None 
 46.455, -123.215, 25.0, 2016-02-07 00:00:00, 0.0, None 
 46.315, -123.22, 32.0, 2016-02-07 00:02:30, 0.0, None 
 46.31, -123.21, 27.0, 2016-02-07 00:05:00, 0.0, None 
 46.31, -123.165, 20.0, 2016-02-07 00:07:30, 0.0, None 
 46.325, -123.26, 35.0, 2016-02-07 00:10:00, 0.0, None 
 46.36, -123.275, 27.0, 2016-02-07 00:12:30, 0.0, None 
 46.28, -123.06, 24.0, 2016-02-07 00:20:00, 0.0, None 
 46.38, -123.18, 22.5, 2016-02-07 00:25:00, 0.0, None 
 46.31, -122.83, 60.0, 2016-02-07 00:40:00, 0.0, None 
 46.3, -122.83, 56.0, 2016-02-07 00:42:30, 0.0, None 
 46.365, -123.08, 41.5, 2016-02-07 00:47:30, 0.0, None 
 46.18, -123.11, 60.0, 2016-02-07 00:50:00, 0.0, None 
 46.22, -123.06, 25.0, 2016-02-07 00:57:30, 0.0, None 
 46.19, -122.963, 23.5, 2016-02-07 01:20:00, 0.0, None 
 46.18, -122.94, 20.0, 2016-02-07 01:22:30, 0.0, None 
 46.225, -123.01, 22.8, 2016-02-07 01:30:00, 0.0, None 
 46.27, -123.0, 20.0, 2016-02-07 01:32:30, 0.0, None 
 47.0, -123.4, 60.0, 2016-02-07 01:52:30, 0.0, None 
 46.49, -123.18, 34.0, 2016-02-07 02:47:30, 0.0, None 
 46.29, -123.27, 20.0, 2016-02-07 03:00:00, 0.0, None 
 46.31, -123.21, 20.0, 2016-02-07 03:02:30, 0.0, None 
 46.28, -123.23, 34.0, 2016-02-07 03:22:30, 0.0, None 
 46.26, -123.3, 28.5, 2016-02-07 03:27:30, 0.0, None 
 46.285, -123.22, 20.0, 2016-02-07 04:00:00, 0.0, None 
 46.215, -123.19, 41.0, 2016-02-07 04:05:00, 0.0, None 
 46.2, -123.235, 42.0, 2016-02-07 04:07:30, 0.0, None 
 46.09, -123.22, 32.0, 2016-02-07 05:27:30, 0.0, None 
 46.36, -123.29, 37.0, 2016-02-07 05:37:30, 0.0, None 
 46.52, -123.21, 52.0, 2016-02-07 05:47:30, 0.0, None 
 46.21, -122.927, 27.5, 2016-02-07 06:12:30, 0.0, None 
 46.22, -123.27, 20.0, 2016-02-07 06:17:30, 0.0, None 
 46.248000000000005, -123.2, 20.0, 2016-02-07 06:20:00, 0.0, None 
 46.2, -123.18, 26.0, 2016-02-07 09:17:30, 0.0, None 
 46.278, -123.215, 33.5, 2016-02-07 09:22:30, 0.0, None 
 46.37, -123.19, 20.0, 2016-02-07 09:25:00, 0.0, None 
 46.38, -123.18, 20.0, 2016-02-07 09:27:30, 0.0, None 
 46.365, -123.22, 30.0, 2016-02-07 09:32:30, 0.0, None 
 46.4, -123.21, 25.0, 2016-02-07 09:35:00, 0.0, None 
 46.43, -123.21, 20.0, 2016-02-07 09:40:00, 0.0, None 
 46.15, -123.08, 38.0, 2016-02-07 09:42:30, 0.0, None 
 46.33, -123.18, 41.5, 2016-02-07 09:57:30, 0.0, None 
 46.355, -123.24, 45.0, 2016-02-07 10:27:30, 0.0, None 
 46.21, -123.23, 20.0, 2016-02-07 10:32:30, 0.0, None 
 46.4, -122.8, 34.0, 2016-02-07 10:37:30, 0.0, None 
 46.178000000000004, -123.07700000000001, 27.5, 2016-02-07 10:42:30, 0.0, None 
 46.235, -123.14, 20.0, 2016-02-07 10:45:00, 0.0, None 
 46.185, -122.935, 31.0, 2016-02-07 10:50:00, 0.0, None 
 46.285, -122.93, 20.0, 2016-02-07 10:52:30, 0.0, None 
 46.21, -123.16, 20.0, 2016-02-07 10:55:00, 0.0, None 
 46.285, -122.985, 40.0, 2016-02-07 10:57:30, 0.0, None 
 46.245, -123.02, 25.0, 2016-02-07 11:00:00, 0.0, None 
 46.285, -123.007, 26.5, 2016-02-07 11:02:30, 0.0, None 
 46.195, -123.22, 20.0, 2016-02-07 11:25:00, 0.0, None 
 46.27, -123.095, 39.5, 2016-02-07 11:30:00, 0.0, None 
 46.29, -123.14, 20.0, 2016-02-07 11:32:30, 0.0, None 
 46.1, -123.23, 60.0, 2016-02-07 11:35:00, 0.0, None 
 46.19, -122.92, 53.0, 2016-02-07 11:37:30, 0.0, None 
 46.27, -123.22, 31.0, 2016-02-07 11:40:00, 0.0, None 
 46.26, -123.19200000000001, 20.5, 2016-02-07 11:42:30, 0.0, None 
 46.3, -123.11, 20.0, 2016-02-07 11:55:00, 0.0, None 
 46.26, -123.23, 20.0, 2016-02-07 13:07:30, 0.0, None 
 46.25, -123.08, 45.0, 2016-02-07 13:12:30, 0.0, None 
 46.21, -123.16, 38.5, 2016-02-07 13:15:00, 0.0, None 
 46.78, -123.28, 25.0, 2016-02-07 13:42:30, 0.0, None 
 46.245, -123.005, 20.0, 2016-02-07 13:50:00, 0.0, None 
 46.24, -123.065, 32.5, 2016-02-07 13:52:30, 0.0, None 
 46.27, -123.005, 39.0, 2016-02-07 14:02:30, 0.0, None 
 46.3, -122.98, 20.0, 2016-02-07 14:05:00, 0.0, None 
 46.245, -123.11, 30.0, 2016-02-07 14:07:30, 0.0, None 
 46.57, -123.265, 26.0, 2016-02-07 15:00:00, 0.0, None 
 46.475, -123.19, 25.0, 2016-02-07 15:27:30, 0.0, None 
 46.23, -123.12, 60.0, 2016-02-07 15:57:30, 0.0, None 
 46.328, -123.025, 30.0, 2016-02-07 16:00:00, 0.0, None 
 46.218, -123.025, 44.5, 2016-02-07 16:02:30, 0.0, None 
 46.5, -123.28, 20.0, 2016-02-07 16:40:00, 0.0, None 
 46.635, -123.18, 20.0, 2016-02-07 16:42:30, 0.0, None 
 46.28, -123.04, 20.0, 2016-02-07 16:45:00, 0.0, None 
 46.21, -123.13, 40.0, 2016-02-07 16:47:30, 0.0, None 
 46.465, -123.26, 40.0, 2016-02-07 17:02:30, 0.0, None 
 46.7, -123.0, 33.0, 2016-02-07 17:32:30, 0.0, None 
 46.6, -123.15, 23.0, 2016-02-07 18:17:30, 0.0, None 
 46.59, -123.13, 28.0, 2016-02-07 18:20:00, 0.0, None 
 46.5, -123.29, 35.0, 2016-02-07 18:22:30, 0.0, None 
 46.61, -123.23, 36.0, 2016-02-07 18:25:00, 0.0, None 
 46.605, -123.13, 20.0, 2016-02-07 18:30:00, 0.0, None 
 46.595, -123.16, 20.0, 2016-02-07 18:55:00, 0.0, None 
 46.44, -123.3, 20.0, 2016-02-07 19:02:30, 0.0, None 
 46.6, -123.18, 20.0, 2016-02-07 19:10:00, 0.0, None 
 46.39, -123.36, 20.0, 2016-02-07 19:10:00, 0.0, None 
 46.51, -123.23, 20.0, 2016-02-07 19:12:30, 0.0, None 
 46.4, -123.25, 26.0, 2016-02-07 19:45:00, 0.0, None 
 46.57, -123.25, 38.0, 2016-02-07 19:52:30, 0.0, None 
 46.56, -123.12, 20.0, 2016-02-07 19:55:00, 0.0, None 
 46.26, -123.1, 20.0, 2016-02-07 20:02:30, 0.0, None 
 46.77, -123.2, 20.0, 2016-02-07 20:05:00, 0.0, None 
 46.605, -123.215, 20.0, 2016-02-07 20:42:30, 0.0, None 
 46.56, -123.17, 20.0, 2016-02-07 21:17:30, 0.0, None 
 46.52, -123.21, 20.0, 2016-02-07 21:35:00, 0.0, None 
 46.13, -123.1, 54.0, 2016-02-07 22:15:00, 0.0, None 
 46.23, -123.27, 41.5, 2016-02-07 22:17:30, 0.0, None 
 46.2, -123.12, 52.0, 2016-02-07 22:20:00, 0.0, None 
 46.19, -123.24, 40.0, 2016-02-07 22:22:30, 0.0, None 
 46.175, -123.15, 45.5, 2016-02-07 22:25:00, 0.0, None 
 46.19, -123.08, 28.0, 2016-02-07 22:27:30, 0.0, None 
 46.27, -122.99, 24.5, 2016-02-07 23:05:00, 0.0, None 
 46.31, -123.07, 20.0, 2016-02-08 01:10:00, 0.0, None 
 46.52, -123.09, 50.0, 2016-02-08 01:55:00, 0.0, None 
 46.505, -123.115, 36.0, 2016-02-08 02:00:00, 0.0, None 
 46.59, -123.23, 20.0, 2016-02-08 02:02:30, 0.0, None 
 46.71, -123.18, 43.0, 2016-02-08 02:07:30, 0.0, None 
 46.48, -123.07, 30.5, 2016-02-08 02:27:30, 0.0, None 
 46.625, -123.23, 20.0, 2016-02-08 02:32:30, 0.0, None 
 46.6, -123.15, 20.0, 2016-02-08 02:55:00, 0.0, None 
 46.82, -123.02, 60.0, 2016-02-08 02:57:30, 0.0, None 
 46.66, -123.13, 20.0, 2016-02-08 03:22:30, 0.0, None 
 46.68, -123.07, 20.0, 2016-02-08 03:25:00, 0.0, None 
 46.54, -123.13, 20.0, 2016-02-08 03:40:00, 0.0, None 
 46.66, -123.22, 37.0, 2016-02-08 04:17:30, 0.0, None 
 46.68, -123.13, 38.0, 2016-02-08 04:20:00, 0.0, None 
 46.885, -122.71, 24.0, 2016-02-08 06:05:00, 0.0, None 
 46.695, -123.01, 20.0, 2016-02-08 06:50:00, 0.0, None 
 46.8, -123.04, 60.0, 2016-02-08 06:52:30, 0.0, None 
 46.68, -123.145, 20.0, 2016-02-08 06:57:30, 0.0, None 
 46.9, -122.67, 53.0, 2016-02-08 07:10:00, 0.0, None 
 46.8, -123.16, 22.0, 2016-02-08 07:47:30, 0.0, None 
 46.685, -122.935, 60.0, 2016-02-08 07:57:30, 0.0, None 
 46.7, -123.08, 45.0, 2016-02-08 08:05:00, 0.0, None 
 46.68, -123.06, 53.0, 2016-02-08 08:10:00, 0.0, None 
 46.8, -123.0, 60.0, 2016-02-08 09:00:00, 0.0, None 
 46.5, -123.15, 29.0, 2016-02-08 09:25:00, 0.0, None 
 46.81, -123.06, 37.0, 2016-02-08 09:37:30, 0.0, None 
 46.75, -123.09, 48.0, 2016-02-08 09:47:30, 0.0, None 
 46.76, -123.08, 29.0, 2016-02-08 09:50:00, 0.0, None 
 46.3, -123.01, 20.0, 2016-02-08 09:52:30, 0.0, None 
 46.39, -123.01, 60.0, 2016-02-08 09:57:30, 0.0, None 
 46.61, -122.89, 20.0, 2016-02-08 10:00:00, 0.0, None 
 46.51, -122.82, 31.0, 2016-02-08 10:02:30, 0.0, None 
 46.53, -122.895, 51.0, 2016-02-08 10:05:00, 0.0, None 
 46.56, -122.93, 60.0, 2016-02-08 10:10:00, 0.0, None 
 46.58, -122.95, 60.0, 2016-02-08 10:12:30, 0.0, None 
 46.595, -122.87, 45.5, 2016-02-08 10:20:00, 0.0, None 
 46.62, -122.89, 45.0, 2016-02-08 10:22:30, 0.0, None 
 46.55, -123.05, 20.0, 2016-02-08 10:45:00, 0.0, None 
 46.495, -123.04, 20.0, 2016-02-08 10:47:30, 0.0, None 
 46.61, -122.92, 40.0, 2016-02-08 10:52:30, 0.0, None 
 46.81, -122.93, 29.0, 2016-02-08 10:55:00, 0.0, None 
 46.63, -123.235, 39.0, 2016-02-08 11:02:30, 0.0, None 
 46.58, -123.225, 27.5, 2016-02-08 11:07:30, 0.0, None 
 46.81, -122.9, 40.5, 2016-02-08 11:32:30, 0.0, None 
 46.7, -123.02, 60.0, 2016-02-08 11:40:00, 0.0, None 
 46.66, -122.9, 43.0, 2016-02-08 11:42:30, 0.0, None 
 46.75, -122.89, 60.0, 2016-02-08 11:57:30, 0.0, None 
 46.6, -122.93, 41.0, 2016-02-08 12:02:30, 0.0, None 
 46.795, -122.88, 60.0, 2016-02-08 12:30:00, 0.0, None 
 46.7, -123.01, 60.0, 2016-02-08 12:57:30, 0.0, None 
 46.76, -122.99, 50.0, 2016-02-08 21:57:30, 0.0, None 
 48.81, -124.11, 50.0, 2016-02-15 05:40:00, 0.0, None 
 48.8, -124.13, 35.0, 2016-02-15 05:42:30, 0.0, None 
 48.8, -124.12, 40.0, 2016-02-15 05:45:00, 0.0, None 
 46.02, -124.81, 35.0, 2016-02-18 12:07:30, 0.0, None 
 47.0, -122.83, 20.0, 2016-02-20 04:40:00, 0.0, None 
 47.485, -122.705, 20.0, 2016-02-20 17:42:30, 0.0, None 
 47.5, -122.735, 20.0, 2016-02-20 17:45:00, 0.0, None 
 47.51, -122.69, 31.5, 2016-02-20 18:30:00, 0.0, None 
 47.555, -122.69, 25.5, 2016-02-20 18:32:30, 0.0, None 
 46.96, -122.8, 60.0, 2016-02-20 20:17:30, 0.0, None 
 46.16, -123.1, 20.0, 2016-02-21 01:57:30, 0.0, None 
 46.1, -122.97, 40.0, 2016-02-21 02:05:00, 0.0, None 
 46.0, -123.125, 60.0, 2016-02-21 03:20:00, 0.0, None 
 46.2, -122.5, 60.0, 2016-02-21 07:45:00, 0.0, None 
 46.23, -122.51, 20.0, 2016-02-21 08:10:00, 0.0, None 
 46.23, -122.51, 20.0, 2016-02-21 08:12:30, 0.0, None 
 46.225, -123.09, 60.0, 2016-02-21 11:57:30, 0.0, None 
 46.1, -123.05, 28.0, 2016-02-21 17:17:30, 0.0, None 
 46.17, -123.1, 40.0, 2016-02-21 17:32:30, 0.0, None 
 46.16, -123.13, 60.0, 2016-02-21 17:37:30, 0.0, None 
 46.185, -123.155, 31.0, 2016-02-21 18:45:00, 0.0, None 
 46.07, -123.1, 33.0, 2016-02-21 18:57:30, 0.0, None 
 46.06, -123.095, 60.0, 2016-02-21 19:02:30, 0.0, None 
 46.025, -123.035, 36.0, 2016-02-22 00:55:00, 0.0, None 
 46.13, -123.01, 44.5, 2016-02-22 01:07:30, 0.0, None 
 46.03, -123.2, 20.0, 2016-02-22 07:40:00, 0.0, None 
 46.0, -123.39, 27.0, 2016-02-22 07:52:30, 0.0, None 
 46.085, -123.19, 55.5, 2016-02-22 10:22:30, 0.0, None 
 47.15, -123.3, 30.0, 2016-02-22 10:32:30, 0.0, None 
 46.05, -123.0, 20.0, 2016-02-22 11:30:00, 0.0, None 
 46.0, -123.43, 39.5, 2016-02-22 14:30:00, 0.0, None 
 46.01, -123.47, 60.0, 2016-02-22 23:10:00, 0.0, None 
 46.05, -123.025, 20.0, 2016-02-22 23:17:30, 0.0, None 
 46.815, -122.595, 60.0, 2016-02-23 01:17:30, 0.0, None 
 47.81, -122.48, 20.0, 2016-02-23 02:10:00, 0.0, None 
 47.79, -122.5, 60.0, 2016-02-23 02:30:00, 0.0, None 
 46.1, -122.99, 27.5, 2016-02-24 01:00:00, 0.0, None 
 46.11, -123.09, 20.0, 2016-02-24 01:17:30, 0.0, None 
 46.5, -123.05, 60.0, 2016-02-24 02:05:00, 0.0, None 
 46.085, -123.04, 60.0, 2016-02-24 03:35:00, 0.0, None 
 46.12, -123.02, 20.0, 2016-02-24 04:45:00, 0.0, None 
 46.1, -123.4, 27.0, 2016-02-24 05:15:00, 0.0, None 
 46.065, -122.99, 20.0, 2016-02-24 05:32:30, 0.0, None 
 46.09, -122.97, 60.0, 2016-02-24 06:42:30, 0.0, None 
 46.12, -123.045, 36.0, 2016-02-24 07:22:30, 0.0, None 
 46.078, -122.99799999999999, 24.2, 2016-02-24 07:25:00, 0.0, None 
 46.08, -123.06, 20.0, 2016-02-24 07:27:30, 0.0, None 
 46.0, -122.77, 33.0, 2016-02-24 08:10:00, 0.0, None 
 46.155, -122.99, 20.0, 2016-02-24 09:25:00, 0.0, None 
 46.03, -123.262, 20.0, 2016-02-24 09:32:30, 0.0, None 
 46.045, -123.13, 36.5, 2016-02-24 09:50:00, 0.0, None 
 46.01, -122.8, 60.0, 2016-02-24 13:42:30, 0.0, None 
 46.08, -123.12, 20.0, 2016-02-24 14:10:00, 0.0, None 
 46.125, -122.92, 20.0, 2016-02-24 14:35:00, 0.0, None 
 46.51, -123.07, 60.0, 2016-02-24 18:57:30, 0.0, None 
 46.52, -123.12, 29.0, 2016-02-24 20:27:30, 0.0, None 
 46.15, -123.01, 20.0, 2016-02-24 21:27:30, 0.0, None 
 46.1, -123.06, 49.0, 2016-02-24 21:30:00, 0.0, None 
 46.0, -123.35, 28.0, 2016-02-24 22:45:00, 0.0, None 
 46.1, -123.0, 20.0, 2016-02-24 22:55:00, 0.0, None 
 46.15, -123.21, 20.0, 2016-02-25 00:07:30, 0.0, None 
 46.115, -123.13, 60.0, 2016-02-25 00:37:30, 0.0, None 
 46.08, -123.12, 60.0, 2016-02-25 00:40:00, 0.0, None 
 46.01, -123.32, 34.0, 2016-02-25 00:45:00, 0.0, None 
 46.0, -123.16, 26.5, 2016-02-25 00:50:00, 0.0, None 
 46.19, -123.4, 34.0, 2016-02-25 00:52:30, 0.0, None 
 46.19, -123.39, 50.0, 2016-02-25 01:25:00, 0.0, None 
 46.045, -123.1, 47.5, 2016-02-25 02:35:00, 0.0, None 
 46.086999999999996, -123.035, 20.5, 2016-02-25 02:37:30, 0.0, None 
 46.16, -123.4, 52.5, 2016-02-25 02:40:00, 0.0, None 
 46.03, -123.11, 54.0, 2016-02-25 02:45:00, 0.0, None 
 46.06, -123.16, 29.0, 2016-02-25 02:47:30, 0.0, None 
 46.2, -122.93, 39.0, 2016-02-25 02:50:00, 0.0, None 
 46.135, -123.095, 60.0, 2016-02-25 02:57:30, 0.0, None 
 46.08, -123.17, 60.0, 2016-02-25 03:57:30, 0.0, None 
 46.0, -123.34, 29.0, 2016-02-25 04:35:00, 0.0, None 
 46.18, -123.0, 60.0, 2016-02-25 04:37:30, 0.0, None 
 46.0, -123.27, 35.5, 2016-02-25 04:40:00, 0.0, None 
 46.0, -123.26, 29.0, 2016-02-25 05:12:30, 0.0, None 
 46.19, -123.19, 23.0, 2016-02-25 05:47:30, 0.0, None 
 46.07, -123.22, 20.0, 2016-02-25 05:55:00, 0.0, None 
 46.09, -123.18, 50.0, 2016-02-25 05:57:30, 0.0, None 
 46.04, -123.14, 60.0, 2016-02-25 07:57:30, 0.0, None 
 46.005, -123.205, 28.5, 2016-02-25 09:30:00, 0.0, None 
 46.17, -123.23, 20.0, 2016-02-25 09:47:30, 0.0, None 
 46.12, -123.11, 37.0, 2016-02-25 09:57:30, 0.0, None 
 46.067, -123.185, 26.5, 2016-02-25 10:05:00, 0.0, None 
 46.01, -123.195, 20.0, 2016-02-25 10:07:30, 0.0, None 
 46.02, -123.07, 60.0, 2016-02-25 10:12:30, 0.0, None 
 46.17, -123.05, 40.0, 2016-02-25 11:02:30, 0.0, None 
 46.07, -123.02, 60.0, 2016-02-25 11:32:30, 0.0, None 
 46.2, -122.86, 20.0, 2016-02-25 11:35:00, 0.0, None 
 46.21, -122.98, 20.0, 2016-02-25 11:42:30, 0.0, None 
 46.23, -122.98, 20.0, 2016-02-25 12:00:00, 0.0, None 
 46.23, -122.985, 20.0, 2016-02-25 12:10:00, 0.0, None 
 46.23, -123.1, 60.0, 2016-02-25 12:12:30, 0.0, None 
 46.13, -123.015, 31.5, 2016-02-25 12:17:30, 0.0, None 
 46.22, -122.8, 55.0, 2016-02-25 12:52:30, 0.0, None 
 46.01, -123.34, 60.0, 2016-02-25 13:27:30, 0.0, None 
 46.05, -123.17, 32.0, 2016-02-25 13:47:30, 0.0, None 
 46.082, -123.12, 45.0, 2016-02-25 15:20:00, 0.0, None 
 46.15, -123.11, 33.0, 2016-02-25 15:25:00, 0.0, None 
 46.07, -123.2, 29.5, 2016-02-25 15:27:30, 0.0, None 
 46.105, -123.05, 30.2, 2016-02-25 15:30:00, 0.0, None 
 46.18, -122.79, 40.0, 2016-02-25 15:35:00, 0.0, None 
 46.126999999999995, -122.985, 60.0, 2016-02-25 15:37:30, 0.0, None 
 46.145, -123.02, 22.8, 2016-02-25 15:40:00, 0.0, None 
 46.22, -122.98, 20.0, 2016-02-25 18:07:30, 0.0, None 
 46.08, -123.24, 23.0, 2016-02-25 18:35:00, 0.0, None 
 46.08, -123.2, 20.0, 2016-02-25 18:37:30, 0.0, None 
 46.0, -123.2, 20.0, 2016-02-25 19:55:00, 0.0, None 
 46.27, -122.99, 44.0, 2016-02-25 23:15:00, 0.0, None 
 46.09, -123.213, 26.8, 2016-02-25 23:22:30, 0.0, None 
 46.01, -123.28, 45.0, 2016-02-26 01:55:00, 0.0, None 
 46.0, -123.32, 35.0, 2016-02-26 02:15:00, 0.0, None 
 46.075, -123.225, 25.2, 2016-02-26 02:17:30, 0.0, None 
 46.15, -123.12, 60.0, 2016-02-26 02:20:00, 0.0, None 
 46.2, -123.215, 20.0, 2016-02-26 02:40:00, 0.0, None 
 46.18, -123.24, 20.0, 2016-02-26 02:42:30, 0.0, None 
 46.21, -123.15, 24.0, 2016-02-26 02:45:00, 0.0, None 
 46.08, -123.18, 38.0, 2016-02-26 02:57:30, 0.0, None 
 46.19, -123.08, 28.0, 2016-02-26 03:07:30, 0.0, None 
 46.285, -122.93, 25.0, 2016-02-26 03:10:00, 0.0, None 
 46.185, -123.085, 20.0, 2016-02-26 03:55:00, 0.0, None 
 46.11, -123.08, 20.0, 2016-02-26 04:10:00, 0.0, None 
 46.21, -123.19, 20.0, 2016-02-26 04:32:30, 0.0, None 
 46.215, -123.18, 22.0, 2016-02-26 04:35:00, 0.0, None 
 46.16, -123.1, 41.0, 2016-02-26 04:45:00, 0.0, None 
 46.19, -123.1, 60.0, 2016-02-26 04:47:30, 0.0, None 
 46.17, -123.25, 40.0, 2016-02-26 07:02:30, 0.0, None 
 46.21, -123.155, 26.0, 2016-02-26 07:12:30, 0.0, None 
 46.255, -123.115, 23.5, 2016-02-26 07:15:00, 0.0, None 
 46.09, -123.17, 28.0, 2016-02-26 08:50:00, 0.0, None 
 46.375, -123.01, 60.0, 2016-02-26 09:32:30, 0.0, None 
 46.11, -123.18, 60.0, 2016-02-26 09:32:30, 0.0, None 
 46.135, -123.335, 47.5, 2016-02-26 09:35:00, 0.0, None 
 46.175, -123.06700000000001, 30.5, 2016-02-26 09:37:30, 0.0, None 
 46.21, -123.073, 25.2, 2016-02-26 09:40:00, 0.0, None 
 46.2, -123.13, 60.0, 2016-02-26 09:42:30, 0.0, None 
 46.1, -123.195, 40.5, 2016-02-26 09:45:00, 0.0, None 
 46.265, -123.11, 25.5, 2016-02-26 09:47:30, 0.0, None 
 46.285, -123.125, 21.5, 2016-02-26 09:50:00, 0.0, None 
 46.11, -123.17, 20.0, 2016-02-26 09:55:00, 0.0, None 
 46.28, -122.92, 20.0, 2016-02-26 10:02:30, 0.0, None 
 46.03, -123.35, 20.0, 2016-02-26 10:52:30, 0.0, None 
 46.2, -123.01, 39.0, 2016-02-26 12:45:00, 0.0, None 
 46.23, -123.1, 20.0, 2016-02-26 12:50:00, 0.0, None 
 46.3, -123.595, 20.0, 2016-02-26 13:10:00, 0.0, None 
 47.16, -123.01, 34.0, 2016-02-26 13:27:30, 0.0, None 
 46.0, -123.36, 32.0, 2016-02-26 13:45:00, 0.0, None 
 46.14, -123.24, 20.0, 2016-02-26 14:00:00, 0.0, None 
 46.0, -123.24, 56.0, 2016-02-26 14:22:30, 0.0, None 
 46.0, -123.275, 20.0, 2016-02-26 14:52:30, 0.0, None 
 46.03, -123.22, 20.0, 2016-02-26 15:50:00, 0.0, None 
 46.105, -123.105, 20.0, 2016-02-26 16:00:00, 0.0, None 
 46.18, -123.21, 53.0, 2016-02-26 16:12:30, 0.0, None 
 46.11, -123.21, 20.0, 2016-02-26 16:25:00, 0.0, None 
 46.335, -123.065, 20.0, 2016-02-26 16:32:30, 0.0, None 
 46.207, -123.015, 39.5, 2016-02-26 16:47:30, 0.0, None 
 46.23, -123.023, 34.2, 2016-02-26 16:50:00, 0.0, None 
 46.055, -123.18, 51.5, 2016-02-26 16:52:30, 0.0, None 
 46.09, -123.1, 20.0, 2016-02-26 16:55:00, 0.0, None 
 46.195, -122.98, 50.0, 2016-02-26 17:15:00, 0.0, None 
 46.395, -123.1, 31.5, 2016-02-26 18:15:00, 0.0, None 
 46.07, -123.19, 31.0, 2016-02-26 20:05:00, 0.0, None 
 46.17, -123.12, 60.0, 2016-02-26 20:07:30, 0.0, None 
 47.17, -123.02, 60.0, 2016-02-26 20:42:30, 0.0, None 
 46.29, -123.62, 20.0, 2016-02-26 20:50:00, 0.0, None 
 46.32, -123.09, 43.0, 2016-02-26 21:05:00, 0.0, None 
 46.145, -123.12, 45.0, 2016-02-27 00:00:00, 0.0, None 
 46.21, -123.305, 29.0, 2016-02-27 00:17:30, 0.0, None 
 46.21, -123.43, 20.0, 2016-02-27 00:20:00, 0.0, None 
 46.3, -123.42, 52.0, 2016-02-27 00:27:30, 0.0, None 
 46.31, -123.3, 23.0, 2016-02-27 00:30:00, 0.0, None 
 46.18, -123.03, 44.0, 2016-02-27 00:57:30, 0.0, None 
 46.17, -123.13, 48.0, 2016-02-27 01:05:00, 0.0, None 
 46.245, -123.115, 23.0, 2016-02-27 01:07:30, 0.0, None 
 46.25, -123.1, 20.0, 2016-02-27 01:10:00, 0.0, None 
 46.12, -123.02, 52.0, 2016-02-27 01:20:00, 0.0, None 
 46.19, -123.26, 20.0, 2016-02-27 01:22:30, 0.0, None 
 46.175, -123.075, 40.5, 2016-02-27 01:25:00, 0.0, None 
 46.22, -123.225, 22.5, 2016-02-27 01:27:30, 0.0, None 
 46.18, -123.28, 20.0, 2016-02-27 01:30:00, 0.0, None 
 46.12, -123.07, 60.0, 2016-02-27 01:35:00, 0.0, None 
 46.21, -123.39, 60.0, 2016-02-27 01:37:30, 0.0, None 
 46.235, -123.3, 30.5, 2016-02-27 01:42:30, 0.0, None 
 46.23, -123.08, 20.0, 2016-02-27 01:45:00, 0.0, None 
 46.4, -122.89, 60.0, 2016-02-27 02:10:00, 0.0, None 
 46.07, -123.135, 28.0, 2016-02-27 02:37:30, 0.0, None 
 46.0, -123.23, 31.5, 2016-02-27 02:40:00, 0.0, None 
 46.3, -123.21, 20.0, 2016-02-27 03:15:00, 0.0, None 
 46.085, -123.17, 21.0, 2016-02-27 03:20:00, 0.0, None 
 46.11, -123.18, 23.0, 2016-02-27 03:22:30, 0.0, None 
 46.46, -123.08, 60.0, 2016-02-27 03:37:30, 0.0, None 
 46.21, -123.28, 20.0, 2016-02-27 04:25:00, 0.0, None 
 46.305, -123.27, 28.0, 2016-02-27 04:27:30, 0.0, None 
 46.445, -123.045, 20.0, 2016-02-27 04:30:00, 0.0, None 
 46.2, -123.34, 20.0, 2016-02-27 05:50:00, 0.0, None 
 46.38, -123.265, 33.0, 2016-02-27 06:07:30, 0.0, None 
 46.18, -123.26, 20.0, 2016-02-27 06:10:00, 0.0, None 
 46.29, -123.375, 43.5, 2016-02-27 06:17:30, 0.0, None 
 46.21, -123.285, 21.5, 2016-02-27 06:22:30, 0.0, None 
 46.36, -123.29, 20.0, 2016-02-27 06:27:30, 0.0, None 
 46.3, -123.165, 40.2, 2016-02-27 06:30:00, 0.0, None 
 46.218, -123.24, 33.5, 2016-02-27 06:32:30, 0.0, None 
 46.325, -123.18, 32.0, 2016-02-27 06:37:30, 0.0, None 
 46.218, -123.315, 26.5, 2016-02-27 06:40:00, 0.0, None 
 46.248000000000005, -123.165, 38.0, 2016-02-27 06:42:30, 0.0, None 
 46.24, -123.1, 34.0, 2016-02-27 06:45:00, 0.0, None 
 46.32, -123.2, 30.0, 2016-02-27 06:47:30, 0.0, None 
 46.21, -123.21, 27.0, 2016-02-27 06:52:30, 0.0, None 
 46.21, -123.08, 60.0, 2016-02-27 06:55:00, 0.0, None 
 46.44, -123.21, 60.0, 2016-02-27 06:57:30, 0.0, None 
 46.2, -123.0, 37.5, 2016-02-27 07:00:00, 0.0, None 
 46.21, -123.42, 20.0, 2016-02-27 07:10:00, 0.0, None 
 46.21, -123.38, 20.0, 2016-02-27 07:15:00, 0.0, None 
 46.4, -123.25, 27.0, 2016-02-27 07:17:30, 0.0, None 
 46.18, -123.0, 20.0, 2016-02-27 07:30:00, 0.0, None 
 46.37, -123.11, 26.0, 2016-02-27 07:35:00, 0.0, None 
 46.39, -122.99, 20.0, 2016-02-27 07:37:30, 0.0, None 
 46.39, -123.1, 29.0, 2016-02-27 07:42:30, 0.0, None 
 46.395, -123.185, 28.5, 2016-02-27 07:45:00, 0.0, None 
 46.39, -123.125, 42.0, 2016-02-27 07:55:00, 0.0, None 
 46.25, -123.295, 37.0, 2016-02-27 08:17:30, 0.0, None 
 46.29, -123.32, 33.0, 2016-02-27 08:20:00, 0.0, None 
 46.17, -123.15, 53.0, 2016-02-27 08:22:30, 0.0, None 
 46.26, -123.07, 44.5, 2016-02-27 08:25:00, 0.0, None 
 46.235, -123.385, 31.0, 2016-02-27 08:35:00, 0.0, None 
 46.278, -123.29700000000001, 28.0, 2016-02-27 08:37:30, 0.0, None 
 46.37, -123.215, 29.5, 2016-02-27 08:40:00, 0.0, None 
 46.236999999999995, -123.3, 30.0, 2016-02-27 08:45:00, 0.0, None 
 46.305, -123.205, 29.0, 2016-02-27 08:47:30, 0.0, None 
 46.3, -123.26, 22.0, 2016-02-27 08:50:00, 0.0, None 
 46.305, -123.227, 31.2, 2016-02-27 08:52:30, 0.0, None 
 46.4, -123.22, 33.0, 2016-02-27 09:05:00, 0.0, None 
 46.37, -123.225, 32.0, 2016-02-27 09:07:30, 0.0, None 
 46.39, -123.22, 29.0, 2016-02-27 09:10:00, 0.0, None 
 46.19, -122.95, 47.0, 2016-02-27 09:15:00, 0.0, None 
 46.27, -123.43, 20.0, 2016-02-27 09:17:30, 0.0, None 
 46.22, -122.96, 23.0, 2016-02-27 09:40:00, 0.0, None 
 46.26, -123.02, 60.0, 2016-02-27 09:52:30, 0.0, None 
 46.17, -123.16, 60.0, 2016-02-27 09:57:30, 0.0, None 
 46.36, -123.19200000000001, 24.8, 2016-02-27 10:02:30, 0.0, None 
 46.3, -123.04, 30.0, 2016-02-27 10:05:00, 0.0, None 
 46.18, -122.99, 20.0, 2016-02-27 10:12:30, 0.0, None 
 46.33, -123.0, 20.0, 2016-02-27 11:35:00, 0.0, None 
 46.41, -122.99, 20.0, 2016-02-27 12:02:30, 0.0, None 
 46.29, -122.995, 20.0, 2016-02-27 13:17:30, 0.0, None 
 46.282, -122.98, 22.5, 2016-02-27 13:42:30, 0.0, None 
 46.297, -122.90700000000001, 23.5, 2016-02-27 13:45:00, 0.0, None 
 46.25, -122.94, 20.0, 2016-02-27 13:47:30, 0.0, None 
 46.25, -122.965, 23.0, 2016-02-27 13:50:00, 0.0, None 
 46.52, -123.085, 20.0, 2016-02-27 14:12:30, 0.0, None 
 46.37, -122.99, 20.0, 2016-02-27 14:22:30, 0.0, None 
 46.365, -122.935, 20.0, 2016-02-27 14:25:00, 0.0, None 
 46.29, -123.4, 26.0, 2016-02-27 14:30:00, 0.0, None 
 46.3, -122.99, 20.0, 2016-02-27 14:32:30, 0.0, None 
 46.195, -123.06, 50.5, 2016-02-27 14:37:30, 0.0, None 
 46.203, -123.075, 60.0, 2016-02-27 14:40:00, 0.0, None 
 46.38, -122.89, 20.0, 2016-02-27 14:42:30, 0.0, None 
 46.18, -123.105, 32.0, 2016-02-27 14:45:00, 0.0, None 
 46.28, -123.085, 28.5, 2016-02-27 14:47:30, 0.0, None 
 46.32, -123.1, 31.0, 2016-02-27 14:50:00, 0.0, None 
 46.39, -123.04, 60.0, 2016-02-27 14:57:30, 0.0, None 
 46.2, -123.23, 60.0, 2016-02-27 14:57:30, 0.0, None 
 46.37, -123.2, 35.2, 2016-02-27 15:00:00, 0.0, None 
 46.222, -122.92, 60.0, 2016-02-27 15:02:30, 0.0, None 
 46.24, -122.97, 40.5, 2016-02-27 15:05:00, 0.0, None 
 46.25, -122.98, 42.5, 2016-02-27 15:07:30, 0.0, None 
 46.33, -123.005, 30.5, 2016-02-27 15:12:30, 0.0, None 
 46.3, -123.02, 30.0, 2016-02-27 15:15:00, 0.0, None 
 46.26, -123.1, 50.0, 2016-02-27 15:17:30, 0.0, None 
 46.515, -123.09, 20.0, 2016-02-27 15:25:00, 0.0, None 
 46.3, -123.395, 42.0, 2016-02-27 15:27:30, 0.0, None 
 46.18, -123.125, 47.5, 2016-02-27 15:30:00, 0.0, None 
 46.155, -123.1, 40.0, 2016-02-27 15:32:30, 0.0, None 
 46.34, -123.08, 20.0, 2016-02-27 15:37:30, 0.0, None 
 46.225, -123.29, 33.0, 2016-02-27 15:40:00, 0.0, None 
 46.117, -123.155, 44.5, 2016-02-27 15:42:30, 0.0, None 
 46.22, -123.19, 26.5, 2016-02-27 15:45:00, 0.0, None 
 46.18, -123.06, 60.0, 2016-02-27 16:10:00, 0.0, None 
 46.345, -123.245, 29.2, 2016-02-27 16:15:00, 0.0, None 
 46.35, -123.2, 35.0, 2016-02-27 16:17:30, 0.0, None 
 46.3, -123.375, 48.0, 2016-02-27 16:20:00, 0.0, None 
 46.31, -123.06, 27.5, 2016-02-27 16:25:00, 0.0, None 
 46.172, -123.225, 28.5, 2016-02-27 16:27:30, 0.0, None 
 46.385, -123.0, 20.0, 2016-02-27 16:52:30, 0.0, None 
 46.35, -123.1, 20.2, 2016-02-27 16:55:00, 0.0, None 
 46.27, -123.18, 24.0, 2016-02-27 17:05:00, 0.0, None 
 46.305, -123.275, 24.0, 2016-02-27 17:12:30, 0.0, None 
 46.36, -123.175, 28.0, 2016-02-27 17:15:00, 0.0, None 
 46.376999999999995, -123.167, 25.5, 2016-02-27 17:17:30, 0.0, None 
 46.425, -123.19, 31.0, 2016-02-27 17:20:00, 0.0, None 
 46.305, -123.2, 22.5, 2016-02-27 17:32:30, 0.0, None 
 46.25, -123.34, 20.0, 2016-02-27 17:40:00, 0.0, None 
 46.18, -123.28, 20.0, 2016-02-27 17:42:30, 0.0, None 
 46.168, -123.285, 40.5, 2016-02-27 17:45:00, 0.0, None 
 46.3, -123.41, 60.0, 2016-02-27 17:47:30, 0.0, None 
 46.2, -123.14, 60.0, 2016-02-27 17:57:30, 0.0, None 
 46.207, -123.42200000000001, 28.8, 2016-02-27 18:00:00, 0.0, None 
 46.245, -123.4, 32.0, 2016-02-27 18:02:30, 0.0, None 
 46.13, -123.15, 35.5, 2016-02-27 18:17:30, 0.0, None 
 46.28, -123.28, 31.0, 2016-02-27 18:22:30, 0.0, None 
 46.293, -123.3, 46.2, 2016-02-27 18:25:00, 0.0, None 
 46.39, -122.88, 20.0, 2016-02-27 18:45:00, 0.0, None 
 46.365, -123.11, 32.0, 2016-02-27 19:05:00, 0.0, None 
 46.4, -123.18, 34.5, 2016-02-27 19:27:30, 0.0, None 
 46.442, -123.175, 44.5, 2016-02-27 19:30:00, 0.0, None 
 46.41, -123.04, 37.0, 2016-02-27 22:05:00, 0.0, None 
 46.34, -123.2, 29.0, 2016-02-27 22:37:30, 0.0, None 
 46.4, -123.15, 27.0, 2016-02-27 23:00:00, 0.0, None 
 46.325, -123.13, 45.0, 2016-02-28 00:30:00, 0.0, None 
 46.53, -122.89, 33.0, 2016-02-28 00:32:30, 0.0, None 
 46.5, -122.5, 58.0, 2016-02-28 01:52:30, 0.0, None 
 46.31, -123.075, 39.5, 2016-02-28 03:47:30, 0.0, None 
 46.395, -123.15, 47.0, 2016-02-28 07:05:00, 0.0, None 
 46.37, -123.11, 22.0, 2016-02-28 07:10:00, 0.0, None 
 46.38, -123.113, 21.0, 2016-02-28 07:12:30, 0.0, None 
 46.42, -123.19, 25.0, 2016-02-28 07:15:00, 0.0, None 
 46.41, -123.08, 23.0, 2016-02-28 07:17:30, 0.0, None 
 46.39, -123.09, 30.0, 2016-02-28 07:20:00, 0.0, None 
 46.28, -123.12, 20.0, 2016-02-28 07:22:30, 0.0, None 
 46.345, -123.15, 37.0, 2016-02-28 07:25:00, 0.0, None 
 46.425, -123.22, 38.0, 2016-02-28 07:27:30, 0.0, None 
 46.375, -123.245, 21.5, 2016-02-28 07:30:00, 0.0, None 
 46.32, -123.12, 38.0, 2016-02-28 07:37:30, 0.0, None 
 46.32, -123.125, 37.0, 2016-02-28 07:40:00, 0.0, None 
 46.29, -123.21, 60.0, 2016-02-28 07:47:30, 0.0, None 
 46.275, -123.118, 34.0, 2016-02-28 08:02:30, 0.0, None 
 46.31, -123.08, 20.0, 2016-02-28 08:05:00, 0.0, None 
 46.33, -122.905, 20.0, 2016-02-28 14:20:00, 0.0, None 
 46.425, -123.13, 40.0, 2016-02-28 14:32:30, 0.0, None 
 46.42, -123.1, 20.0, 2016-02-28 14:35:00, 0.0, None 
 46.385, -123.05, 29.0, 2016-02-28 14:47:30, 0.0, None 
 46.47, -122.97, 20.0, 2016-02-28 16:20:00, 0.0, None 
 46.5, -123.08, 20.0, 2016-02-28 17:20:00, 0.0, None 
 46.3, -122.88, 32.0, 2016-02-28 17:35:00, 0.0, None 
 46.365, -123.18, 20.0, 2016-02-28 21:12:30, 0.0, None 
 46.35, -123.18, 26.5, 2016-02-28 21:15:00, 0.0, None 
 46.45, -123.13, 44.0, 2016-02-28 21:17:30, 0.0, None 
 46.43, -123.17, 42.5, 2016-02-28 21:20:00, 0.0, None 
 46.35, -123.02, 48.0, 2016-02-28 21:40:00, 0.0, None 
 46.47, -122.99, 46.0, 2016-02-28 23:17:30, 0.0, None 
 46.46, -123.16, 21.5, 2016-02-29 08:32:30, 0.0, None 
 46.51, -123.125, 21.5, 2016-02-29 08:35:00, 0.0, None 
 46.695, -123.015, 29.5, 2016-02-29 08:37:30, 0.0, None 
 46.48, -123.17, 28.0, 2016-02-29 08:52:30, 0.0, None 
 46.57, -123.2, 20.0, 2016-02-29 08:55:00, 0.0, None 
 46.515, -123.12, 60.0, 2016-02-29 08:57:30, 0.0, None 
 46.485, -123.125, 60.0, 2016-02-29 09:00:00, 0.0, None 
 46.56, -123.17, 20.0, 2016-02-29 09:02:30, 0.0, None 
 46.45, -123.13, 20.0, 2016-02-29 09:07:30, 0.0, None 
 46.49, -123.14, 27.0, 2016-02-29 09:20:00, 0.0, None 
 46.47, -123.145, 28.5, 2016-02-29 09:22:30, 0.0, None 
 46.5, -123.2, 32.0, 2016-02-29 09:27:30, 0.0, None 
 46.5, -123.195, 43.0, 2016-02-29 09:30:00, 0.0, None 
 46.53, -123.21, 20.0, 2016-02-29 11:52:30, 0.0, None 
 46.56, -123.1, 20.0, 2016-02-29 11:55:00, 0.0, None 
 46.78, -122.69, 60.0, 2016-02-29 17:25:00, 0.0, None 
 46.79, -122.72, 60.0, 2016-02-29 17:27:30, 0.0, None 
 46.79, -122.69, 20.0, 2016-02-29 19:57:30, 0.0, None 
 46.0, -123.15, 53.0, 2016-03-01 03:50:00, 0.0, None 
 46.015, -123.2, 50.5, 2016-03-01 03:55:00, 0.0, None 
 46.42, -123.21, 20.0, 2016-03-01 05:20:00, 0.0, None 
 46.17, -122.67, 50.0, 2016-03-01 07:40:00, 0.0, None 
 46.565, -123.17, 60.0, 2016-03-01 07:57:30, 0.0, None 
 46.01, -123.19, 48.5, 2016-03-01 08:00:00, 0.0, None 
 46.11, -122.61, 54.0, 2016-03-01 08:50:00, 0.0, None 
 46.41, -123.18, 27.0, 2016-03-01 09:20:00, 0.0, None 
 46.405, -123.2, 25.0, 2016-03-01 09:22:30, 0.0, None 
 46.02, -123.62, 60.0, 2016-03-01 09:25:00, 0.0, None 
 46.1, -122.65, 35.0, 2016-03-01 09:47:30, 0.0, None 
 46.56, -123.19, 37.5, 2016-03-01 09:50:00, 0.0, None 
 46.55, -123.11, 20.0, 2016-03-01 09:52:30, 0.0, None 
 46.62, -123.14, 60.0, 2016-03-01 10:37:30, 0.0, None 
 46.57, -123.08, 57.5, 2016-03-01 10:40:00, 0.0, None 
 46.16, -122.68, 42.0, 2016-03-01 16:05:00, 0.0, None 
 