lat,lon,depth,starttime,energy,duration 
 47.5, -123.18, 20.0, 2010-08-08 00:52:30, 0.0, None 
 47.49, -122.58, 20.0, 2010-08-08 01:50:00, 0.0, None 
 47.47, -122.72, 20.0, 2010-08-08 02:25:00, 0.0, None 
 47.42, -122.49, 20.0, 2010-08-08 03:00:00, 0.0, None 
 47.495, -122.685, 21.0, 2010-08-08 03:47:30, 0.0, None 
 47.38, -122.72, 50.0, 2010-08-08 03:57:30, 0.0, None 
 47.417, -122.66, 20.0, 2010-08-08 04:00:00, 0.0, None 
 47.475, -122.82, 43.5, 2010-08-08 04:30:00, 0.0, None 
 47.453, -122.72, 28.8, 2010-08-08 04:32:30, 0.0, None 
 47.21, -122.69, 20.0, 2010-08-08 04:50:00, 0.0, None 
 47.52, -122.61, 31.5, 2010-08-08 05:00:00, 0.0, None 
 47.38, -122.52, 30.0, 2010-08-08 05:02:30, 0.0, None 
 47.468, -122.54, 20.2, 2010-08-08 05:05:00, 0.0, None 
 47.37, -122.85, 20.0, 2010-08-08 05:25:00, 0.0, None 
 47.48, -122.875, 20.0, 2010-08-08 05:45:00, 0.0, None 
 47.51, -122.89, 20.0, 2010-08-08 05:47:30, 0.0, None 
 47.42, -122.79, 20.0, 2010-08-08 06:10:00, 0.0, None 
 47.47, -122.7, 55.5, 2010-08-08 06:12:30, 0.0, None 
 47.5, -122.76, 20.0, 2010-08-08 06:30:00, 0.0, None 
 47.52, -122.755, 40.0, 2010-08-08 06:32:30, 0.0, None 
 47.505, -122.75, 32.0, 2010-08-08 06:35:00, 0.0, None 
 47.43, -122.8, 55.0, 2010-08-08 07:00:00, 0.0, None 
 47.55, -122.88, 20.0, 2010-08-08 07:20:00, 0.0, None 
 47.32, -122.63, 20.0, 2010-08-08 07:22:30, 0.0, None 
 47.5, -122.765, 29.5, 2010-08-08 07:25:00, 0.0, None 
 47.51, -122.87, 20.0, 2010-08-08 07:27:30, 0.0, None 
 47.48, -122.68, 20.0, 2010-08-08 07:35:00, 0.0, None 
 47.44, -122.42, 53.0, 2010-08-08 07:40:00, 0.0, None 
 47.45, -122.665, 20.0, 2010-08-08 07:42:30, 0.0, None 
 47.45, -122.635, 20.0, 2010-08-08 07:45:00, 0.0, None 
 47.44, -122.7, 20.0, 2010-08-08 08:00:00, 0.0, None 
 47.49, -122.662, 30.5, 2010-08-08 08:02:30, 0.0, None 
 47.56, -122.6, 20.0, 2010-08-08 08:05:00, 0.0, None 
 47.555, -122.62, 44.5, 2010-08-08 08:07:30, 0.0, None 
 47.5, -122.58, 43.0, 2010-08-08 08:10:00, 0.0, None 
 47.5, -122.42, 60.0, 2010-08-08 08:15:00, 0.0, None 
 47.5, -122.39, 20.0, 2010-08-08 08:25:00, 0.0, None 
 47.49, -122.545, 20.0, 2010-08-08 08:27:30, 0.0, None 
 47.58, -122.61, 20.0, 2010-08-08 08:45:00, 0.0, None 
 47.49, -122.825, 20.0, 2010-08-08 08:52:30, 0.0, None 
 47.457, -122.625, 29.8, 2010-08-08 08:55:00, 0.0, None 
 47.415, -122.64, 49.0, 2010-08-08 08:57:30, 0.0, None 
 47.515, -122.9, 20.0, 2010-08-08 09:10:00, 0.0, None 
 47.51, -122.77, 23.0, 2010-08-08 09:25:00, 0.0, None 
 47.45, -122.9, 20.0, 2010-08-08 09:27:30, 0.0, None 
 47.475, -122.84, 60.0, 2010-08-08 09:57:30, 0.0, None 
 47.425, -122.765, 22.0, 2010-08-08 10:00:00, 0.0, None 
 47.42, -122.565, 27.0, 2010-08-08 10:05:00, 0.0, None 
 47.62, -122.78, 60.0, 2010-08-08 10:05:00, 0.0, None 
 47.39, -122.67, 42.0, 2010-08-08 10:07:30, 0.0, None 
 47.45, -122.4, 52.0, 2010-08-08 10:17:30, 0.0, None 
 47.43, -122.97, 20.0, 2010-08-08 10:20:00, 0.0, None 
 47.51, -122.805, 33.0, 2010-08-08 10:22:30, 0.0, None 
 47.515, -122.83, 40.0, 2010-08-08 10:37:30, 0.0, None 
 47.38, -123.0, 49.0, 2010-08-08 10:40:00, 0.0, None 
 47.5, -122.87, 20.0, 2010-08-08 11:27:30, 0.0, None 
 47.4, -123.1, 35.0, 2010-08-08 11:30:00, 0.0, None 
 47.47, -122.81, 27.0, 2010-08-08 11:55:00, 0.0, None 
 47.39, -122.685, 60.0, 2010-08-08 11:57:30, 0.0, None 
 47.48, -122.73, 27.0, 2010-08-08 12:00:00, 0.0, None 
 47.42, -122.79, 34.0, 2010-08-08 12:02:30, 0.0, None 
 47.475, -122.74, 25.5, 2010-08-08 12:05:00, 0.0, None 
 47.49, -122.88, 20.0, 2010-08-08 12:20:00, 0.0, None 
 47.41, -122.81, 35.0, 2010-08-08 12:22:30, 0.0, None 
 47.47, -122.89, 46.0, 2010-08-08 12:25:00, 0.0, None 
 47.5, -122.87, 26.0, 2010-08-08 12:27:30, 0.0, None 
 47.51, -122.9, 20.0, 2010-08-08 12:50:00, 0.0, None 
 47.52, -122.72, 29.0, 2010-08-08 13:00:00, 0.0, None 
 47.39, -122.64, 20.0, 2010-08-08 13:12:30, 0.0, None 
 47.37, -122.69, 22.0, 2010-08-08 13:15:00, 0.0, None 
 47.42, -122.88, 24.0, 2010-08-08 13:17:30, 0.0, None 
 47.508, -122.825, 41.5, 2010-08-08 13:20:00, 0.0, None 
 47.52, -122.745, 28.0, 2010-08-08 13:22:30, 0.0, None 
 47.52, -122.73, 30.5, 2010-08-08 13:30:00, 0.0, None 
 47.46, -122.88, 20.0, 2010-08-08 13:45:00, 0.0, None 
 47.41, -122.365, 20.0, 2010-08-08 14:05:00, 0.0, None 
 47.54, -122.8, 42.0, 2010-08-08 14:10:00, 0.0, None 
 47.56, -122.69200000000001, 41.0, 2010-08-08 14:12:30, 0.0, None 
 47.31, -123.085, 60.0, 2010-08-08 14:17:30, 0.0, None 
 47.345, -122.835, 42.5, 2010-08-08 15:32:30, 0.0, None 
 47.51, -122.85, 60.0, 2010-08-08 15:57:30, 0.0, None 
 47.46, -122.82, 44.0, 2010-08-08 16:02:30, 0.0, None 
 47.315, -122.985, 45.0, 2010-08-08 16:05:00, 0.0, None 
 47.65, -122.77, 48.5, 2010-08-08 16:05:00, 0.0, None 
 47.37, -122.84, 20.0, 2010-08-08 16:10:00, 0.0, None 
 47.5, -122.77799999999999, 20.2, 2010-08-08 16:37:30, 0.0, None 
 47.48, -122.73, 20.0, 2010-08-08 16:40:00, 0.0, None 
 47.6, -122.93, 24.0, 2010-08-08 17:00:00, 0.0, None 
 47.52, -122.79, 50.0, 2010-08-08 17:02:30, 0.0, None 
 47.47, -122.68, 20.0, 2010-08-08 17:05:00, 0.0, None 
 47.46, -122.7, 60.0, 2010-08-08 17:07:30, 0.0, None 
 47.44, -122.81, 32.0, 2010-08-08 17:17:30, 0.0, None 
 47.43, -122.78, 20.5, 2010-08-08 17:20:00, 0.0, None 
 47.47, -122.72, 31.0, 2010-08-08 19:27:30, 0.0, None 
 47.41, -122.685, 34.5, 2010-08-08 19:30:00, 0.0, None 
 47.42, -122.805, 35.0, 2010-08-08 19:32:30, 0.0, None 
 47.58, -122.75, 29.0, 2010-08-08 19:47:30, 0.0, None 
 47.59, -122.77, 42.5, 2010-08-08 20:12:30, 0.0, None 
 47.47, -122.89, 30.0, 2010-08-08 20:17:30, 0.0, None 
 47.49, -122.86, 20.0, 2010-08-08 20:20:00, 0.0, None 
 47.535, -122.88, 26.5, 2010-08-08 20:25:00, 0.0, None 
 47.55, -122.91, 27.0, 2010-08-08 20:27:30, 0.0, None 
 47.51, -122.81, 40.5, 2010-08-08 20:30:00, 0.0, None 
 47.46, -122.85, 41.0, 2010-08-08 20:32:30, 0.0, None 
 47.48, -122.74, 20.5, 2010-08-08 20:42:30, 0.0, None 
 47.4, -122.73, 37.5, 2010-08-08 21:22:30, 0.0, None 
 47.33, -122.7, 20.0, 2010-08-08 21:25:00, 0.0, None 
 47.49, -122.83, 27.0, 2010-08-08 21:30:00, 0.0, None 
 47.43, -122.42, 60.0, 2010-08-08 23:45:00, 0.0, None 
 47.37, -122.91, 29.0, 2010-08-09 01:05:00, 0.0, None 
 47.46, -122.75, 51.5, 2010-08-09 01:30:00, 0.0, None 
 47.49, -122.74, 31.0, 2010-08-09 01:32:30, 0.0, None 
 47.457, -122.805, 26.5, 2010-08-09 01:35:00, 0.0, None 
 47.435, -122.715, 20.0, 2010-08-09 01:37:30, 0.0, None 
 47.43, -122.72, 20.0, 2010-08-09 01:40:00, 0.0, None 
 47.5, -122.71, 27.0, 2010-08-09 01:42:30, 0.0, None 
 47.36, -122.89, 31.0, 2010-08-09 01:47:30, 0.0, None 
 47.55, -123.03, 50.0, 2010-08-09 01:50:00, 0.0, None 
 47.58, -122.78, 50.5, 2010-08-09 01:55:00, 0.0, None 
 47.47, -122.725, 31.0, 2010-08-09 02:22:30, 0.0, None 
 47.42, -122.73, 20.0, 2010-08-09 02:25:00, 0.0, None 
 47.545, -122.85700000000001, 49.0, 2010-08-09 02:27:30, 0.0, None 
 47.475, -122.792, 47.8, 2010-08-09 02:30:00, 0.0, None 
 47.486999999999995, -122.755, 36.5, 2010-08-09 02:32:30, 0.0, None 
 47.505, -122.84, 21.0, 2010-08-09 02:35:00, 0.0, None 
 47.43, -122.77, 38.0, 2010-08-09 02:40:00, 0.0, None 
 47.49, -122.89, 20.0, 2010-08-09 02:42:30, 0.0, None 
 47.48, -122.9, 20.0, 2010-08-09 02:45:00, 0.0, None 
 47.545, -122.8, 33.0, 2010-08-09 02:47:30, 0.0, None 
 47.55, -122.82, 45.2, 2010-08-09 02:50:00, 0.0, None 
 47.39, -122.63, 20.0, 2010-08-09 02:52:30, 0.0, None 
 47.44, -122.75200000000001, 24.5, 2010-08-09 02:55:00, 0.0, None 
 47.38, -122.75, 20.0, 2010-08-09 03:27:30, 0.0, None 
 47.39, -122.8, 20.0, 2010-08-09 03:42:30, 0.0, None 
 47.4, -122.9, 32.5, 2010-08-09 03:45:00, 0.0, None 
 47.38, -122.8, 37.0, 2010-08-09 04:15:00, 0.0, None 
 47.398, -122.708, 40.0, 2010-08-09 04:17:30, 0.0, None 
 47.405, -122.74, 20.0, 2010-08-09 04:20:00, 0.0, None 
 47.445, -122.695, 34.5, 2010-08-09 04:22:30, 0.0, None 
 47.36, -122.935, 20.0, 2010-08-09 04:55:00, 0.0, None 
 47.52, -122.79, 26.0, 2010-08-09 05:25:00, 0.0, None 
 47.45, -123.0, 60.0, 2010-08-09 05:47:30, 0.0, None 
 47.37, -122.99, 46.0, 2010-08-09 05:50:00, 0.0, None 
 47.39, -123.04, 33.5, 2010-08-09 05:52:30, 0.0, None 
 47.48, -122.96, 43.0, 2010-08-09 05:55:00, 0.0, None 
 47.53, -122.685, 34.5, 2010-08-09 06:02:30, 0.0, None 
 47.47, -122.79, 40.0, 2010-08-09 06:05:00, 0.0, None 
 47.51, -122.96, 60.0, 2010-08-09 06:07:30, 0.0, None 
 47.41, -122.89, 20.0, 2010-08-09 06:17:30, 0.0, None 
 47.376999999999995, -122.985, 24.0, 2010-08-09 06:20:00, 0.0, None 
 47.45, -122.977, 32.2, 2010-08-09 06:22:30, 0.0, None 
 47.4, -122.77, 49.5, 2010-08-09 06:25:00, 0.0, None 
 47.505, -122.755, 38.5, 2010-08-09 06:27:30, 0.0, None 
 47.51, -122.765, 35.8, 2010-08-09 06:30:00, 0.0, None 
 47.42, -122.73299999999999, 55.2, 2010-08-09 06:32:30, 0.0, None 
 47.48, -122.77, 30.0, 2010-08-09 06:35:00, 0.0, None 
 47.44, -122.64, 26.0, 2010-08-09 06:37:30, 0.0, None 
 47.475, -122.63, 30.0, 2010-08-09 06:40:00, 0.0, None 
 47.525, -122.795, 53.5, 2010-08-09 06:42:30, 0.0, None 
 47.33, -122.97, 41.0, 2010-08-09 06:55:00, 0.0, None 
 47.43, -122.71, 20.0, 2010-08-09 07:02:30, 0.0, None 
 47.405, -122.82, 41.0, 2010-08-09 07:07:30, 0.0, None 
 47.455, -122.88, 51.0, 2010-08-09 07:10:00, 0.0, None 
 47.51, -123.0, 20.0, 2010-08-09 07:12:30, 0.0, None 
 47.49, -122.75200000000001, 29.2, 2010-08-09 07:30:00, 0.0, None 
 47.27, -122.72, 60.0, 2010-08-09 07:32:30, 0.0, None 
 47.575, -122.62, 45.0, 2010-08-09 08:30:00, 0.0, None 
 47.5, -122.88, 35.0, 2010-08-09 08:37:30, 0.0, None 
 47.395, -122.78, 36.5, 2010-08-09 08:47:30, 0.0, None 
 47.51, -122.81, 57.0, 2010-08-09 08:50:00, 0.0, None 
 47.37, -122.7, 38.0, 2010-08-09 09:07:30, 0.0, None 
 47.53, -122.83, 55.0, 2010-08-09 09:12:30, 0.0, None 
 47.39, -122.75, 39.0, 2010-08-09 09:17:30, 0.0, None 
 47.405, -122.83, 37.8, 2010-08-09 09:20:00, 0.0, None 
 47.44, -122.775, 20.0, 2010-08-09 09:22:30, 0.0, None 
 47.385, -122.68, 29.0, 2010-08-09 09:25:00, 0.0, None 
 47.49, -122.9, 40.0, 2010-08-09 09:30:00, 0.0, None 
 47.44, -122.81, 40.0, 2010-08-09 09:32:30, 0.0, None 
 47.505, -122.915, 34.5, 2010-08-09 09:35:00, 0.0, None 
 47.385, -122.84, 29.2, 2010-08-09 09:37:30, 0.0, None 
 47.465, -122.78, 26.0, 2010-08-09 09:40:00, 0.0, None 
 47.43, -122.76, 37.0, 2010-08-09 09:42:30, 0.0, None 
 47.48, -123.04, 20.0, 2010-08-09 09:45:00, 0.0, None 
 47.47, -122.89, 29.0, 2010-08-09 09:47:30, 0.0, None 
 47.453, -122.79299999999999, 34.8, 2010-08-09 09:50:00, 0.0, None 
 47.445, -122.833, 25.8, 2010-08-09 09:52:30, 0.0, None 
 47.43, -122.85799999999999, 20.0, 2010-08-09 09:55:00, 0.0, None 
 47.515, -122.77, 56.5, 2010-08-09 09:57:30, 0.0, None 
 47.49, -122.885, 28.2, 2010-08-09 10:00:00, 0.0, None 
 47.45, -122.87, 55.0, 2010-08-09 10:40:00, 0.0, None 
 47.46, -122.78, 39.0, 2010-08-09 10:47:30, 0.0, None 
 47.38, -122.79, 20.0, 2010-08-09 10:50:00, 0.0, None 
 47.4, -122.78, 26.0, 2010-08-09 10:52:30, 0.0, None 
 47.41, -122.775, 20.0, 2010-08-09 11:22:30, 0.0, None 
 47.35, -122.8, 37.0, 2010-08-09 11:35:00, 0.0, None 
 47.325, -122.73, 20.0, 2010-08-09 11:47:30, 0.0, None 
 47.355, -122.765, 35.8, 2010-08-09 11:50:00, 0.0, None 
 47.325, -122.725, 60.0, 2010-08-09 11:57:30, 0.0, None 
 47.398, -122.803, 25.8, 2010-08-09 12:22:30, 0.0, None 
 47.405, -122.905, 43.0, 2010-08-09 12:25:00, 0.0, None 
 47.43, -122.6, 60.0, 2010-08-09 12:52:30, 0.0, None 
 47.5, -122.64, 49.0, 2010-08-09 12:55:00, 0.0, None 
 47.38, -122.805, 20.0, 2010-08-09 13:00:00, 0.0, None 
 47.44, -122.86, 28.5, 2010-08-09 13:02:30, 0.0, None 
 47.407, -122.73299999999999, 20.0, 2010-08-09 13:05:00, 0.0, None 
 47.45, -122.68, 20.0, 2010-08-09 13:07:30, 0.0, None 
 47.43, -122.79, 20.0, 2010-08-09 13:10:00, 0.0, None 
 47.45, -122.77, 20.0, 2010-08-09 13:30:00, 0.0, None 
 47.37, -122.97, 20.0, 2010-08-09 13:32:30, 0.0, None 
 47.36, -122.81, 48.0, 2010-08-09 13:50:00, 0.0, None 
 47.44, -122.9, 60.0, 2010-08-09 15:22:30, 0.0, None 
 47.38, -122.82, 52.0, 2010-08-09 15:25:00, 0.0, None 
 47.4, -122.755, 40.5, 2010-08-09 15:35:00, 0.0, None 
 48.12, -122.94, 50.0, 2010-08-09 15:40:00, 0.0, None 
 47.395, -122.87, 33.5, 2010-08-09 16:00:00, 0.0, None 
 47.39, -122.79, 31.5, 2010-08-09 16:02:30, 0.0, None 
 47.385, -122.76700000000001, 36.0, 2010-08-09 16:05:00, 0.0, None 
 48.14, -122.89, 20.0, 2010-08-09 16:52:30, 0.0, None 
 48.09, -122.87, 21.5, 2010-08-09 17:25:00, 0.0, None 
 47.31, -122.69, 48.0, 2010-08-09 17:57:30, 0.0, None 
 48.11, -122.94, 20.0, 2010-08-09 18:42:30, 0.0, None 
 47.385, -122.78, 26.5, 2010-08-09 19:45:00, 0.0, None 
 47.415, -122.78200000000001, 47.5, 2010-08-09 19:47:30, 0.0, None 
 47.33, -123.0, 48.0, 2010-08-09 20:17:30, 0.0, None 
 47.31, -122.82, 28.0, 2010-08-09 20:20:00, 0.0, None 
 47.41, -122.95700000000001, 49.0, 2010-08-09 20:32:30, 0.0, None 
 47.52, -122.91, 60.0, 2010-08-09 20:35:00, 0.0, None 
 47.405, -122.89, 35.5, 2010-08-09 20:37:30, 0.0, None 
 47.385, -122.9, 29.0, 2010-08-09 20:40:00, 0.0, None 
 47.315, -122.635, 20.0, 2010-08-09 20:42:30, 0.0, None 
 47.39, -122.82, 20.0, 2010-08-09 20:45:00, 0.0, None 
 47.403, -122.87, 32.0, 2010-08-09 20:50:00, 0.0, None 
 47.39, -122.85, 33.0, 2010-08-09 20:52:30, 0.0, None 
 47.37, -122.735, 20.0, 2010-08-09 20:55:00, 0.0, None 
 47.46, -122.82, 60.0, 2010-08-09 21:05:00, 0.0, None 
 47.46, -122.95, 40.0, 2010-08-09 21:10:00, 0.0, None 
 47.33, -122.675, 31.0, 2010-08-09 21:15:00, 0.0, None 
 47.485, -122.84, 45.0, 2010-08-09 21:17:30, 0.0, None 
 47.505, -122.805, 20.0, 2010-08-09 21:27:30, 0.0, None 
 47.415, -122.99, 20.0, 2010-08-09 22:05:00, 0.0, None 
 47.47, -122.955, 42.0, 2010-08-09 22:07:30, 0.0, None 
 47.49, -122.61, 60.0, 2010-08-09 22:07:30, 0.0, None 
 47.39, -122.995, 54.0, 2010-08-09 22:12:30, 0.0, None 
 47.46, -122.92, 60.0, 2010-08-09 23:10:00, 0.0, None 
 47.545, -122.815, 20.0, 2010-08-09 23:25:00, 0.0, None 
 48.11, -122.92, 47.0, 2010-08-10 00:00:00, 0.0, None 
 48.12, -122.89, 27.0, 2010-08-10 00:02:30, 0.0, None 
 48.11, -122.82, 20.0, 2010-08-10 00:05:00, 0.0, None 
 47.32, -122.95, 60.0, 2010-08-10 00:07:30, 0.0, None 
 48.18, -122.9, 47.0, 2010-08-10 00:12:30, 0.0, None 
 48.14, -122.9, 29.0, 2010-08-10 00:15:00, 0.0, None 
 47.48, -122.7, 60.0, 2010-08-10 00:27:30, 0.0, None 
 48.17, -122.87, 44.5, 2010-08-10 00:35:00, 0.0, None 
 48.1, -122.87, 30.0, 2010-08-10 00:37:30, 0.0, None 
 48.04, -122.9, 49.0, 2010-08-10 00:40:00, 0.0, None 
 48.06, -122.86, 27.5, 2010-08-10 00:42:30, 0.0, None 
 47.675, -122.76, 20.0, 2010-08-10 00:50:00, 0.0, None 
 48.07, -122.91, 39.0, 2010-08-10 00:55:00, 0.0, None 
 48.1, -122.84, 20.0, 2010-08-10 01:00:00, 0.0, None 
 47.39, -122.765, 20.0, 2010-08-10 01:10:00, 0.0, None 
 47.48, -122.765, 26.0, 2010-08-10 01:17:30, 0.0, None 
 47.44, -122.765, 22.5, 2010-08-10 01:20:00, 0.0, None 
 47.39, -122.785, 20.0, 2010-08-10 01:22:30, 0.0, None 
 47.4, -122.9, 22.5, 2010-08-10 01:27:30, 0.0, None 
 47.42, -122.795, 44.8, 2010-08-10 01:30:00, 0.0, None 
 47.465, -122.735, 44.0, 2010-08-10 01:32:30, 0.0, None 
 47.39, -122.87700000000001, 50.5, 2010-08-10 01:35:00, 0.0, None 
 47.37, -122.83200000000001, 41.0, 2010-08-10 01:37:30, 0.0, None 
 47.51, -122.9, 31.0, 2010-08-10 01:40:00, 0.0, None 
 47.68, -122.71, 20.0, 2010-08-10 01:42:30, 0.0, None 
 47.37, -123.17, 60.0, 2010-08-10 01:45:00, 0.0, None 
 47.625, -122.79700000000001, 45.8, 2010-08-10 02:05:00, 0.0, None 
 47.41, -122.83, 26.0, 2010-08-10 02:07:30, 0.0, None 
 47.49, -122.97, 26.0, 2010-08-10 02:12:30, 0.0, None 
 47.435, -122.89299999999999, 34.8, 2010-08-10 02:15:00, 0.0, None 
 47.48, -122.975, 51.0, 2010-08-10 02:17:30, 0.0, None 
 47.4, -122.82, 42.0, 2010-08-10 02:20:00, 0.0, None 
 47.49, -122.905, 35.0, 2010-08-10 02:22:30, 0.0, None 
 47.5, -122.85, 31.5, 2010-08-10 02:25:00, 0.0, None 
 47.59, -122.74, 31.5, 2010-08-10 02:27:30, 0.0, None 
 47.457, -122.89, 22.8, 2010-08-10 02:45:00, 0.0, None 
 48.065, -122.905, 35.0, 2010-08-10 02:50:00, 0.0, None 
 48.12, -122.945, 36.5, 2010-08-10 02:52:30, 0.0, None 
 47.31, -122.715, 60.0, 2010-08-10 02:57:30, 0.0, None 
 47.383, -122.90700000000001, 35.8, 2010-08-10 03:00:00, 0.0, None 
 47.655, -122.93, 37.5, 2010-08-10 03:15:00, 0.0, None 
 47.565, -122.73700000000001, 26.5, 2010-08-10 03:17:30, 0.0, None 
 47.485, -122.805, 26.0, 2010-08-10 03:20:00, 0.0, None 
 48.13, -122.91, 25.0, 2010-08-10 03:42:30, 0.0, None 
 48.1, -122.88, 26.0, 2010-08-10 03:50:00, 0.0, None 
 48.08, -122.845, 20.0, 2010-08-10 03:52:30, 0.0, None 
 47.34, -123.13, 40.0, 2010-08-10 04:02:30, 0.0, None 
 47.305, -123.17, 51.0, 2010-08-10 04:05:00, 0.0, None 
 47.56, -122.775, 30.5, 2010-08-10 04:17:30, 0.0, None 
 47.81, -122.8, 60.0, 2010-08-10 04:17:30, 0.0, None 
 47.641999999999996, -122.77799999999999, 36.5, 2010-08-10 04:20:00, 0.0, None 
 47.61, -122.94, 60.0, 2010-08-10 04:37:30, 0.0, None 
 47.5, -122.955, 29.0, 2010-08-10 04:45:00, 0.0, None 
 47.46, -123.04, 20.0, 2010-08-10 04:47:30, 0.0, None 
 47.7, -122.63, 20.0, 2010-08-10 04:47:30, 0.0, None 
 47.32, -122.79, 49.0, 2010-08-10 04:50:00, 0.0, None 
 47.718, -122.665, 47.5, 2010-08-10 05:07:30, 0.0, None 
 47.505, -122.85, 39.0, 2010-08-10 05:12:30, 0.0, None 
 47.7, -122.86, 56.0, 2010-08-10 05:15:00, 0.0, None 
 47.56, -122.87, 20.0, 2010-08-10 05:20:00, 0.0, None 
 47.57, -122.865, 20.0, 2010-08-10 05:22:30, 0.0, None 
 47.62, -122.67, 31.5, 2010-08-10 05:25:00, 0.0, None 
 47.865, -122.83, 44.0, 2010-08-10 05:25:00, 0.0, None 
 47.62, -122.77, 32.0, 2010-08-10 05:27:30, 0.0, None 
 47.9, -122.82, 60.0, 2010-08-10 05:27:30, 0.0, None 
 47.59, -122.595, 51.5, 2010-08-10 05:30:00, 0.0, None 
 47.505, -122.925, 34.0, 2010-08-10 05:30:00, 0.0, None 
 47.79, -123.1, 60.0, 2010-08-10 05:32:30, 0.0, None 
 47.785, -123.105, 60.0, 2010-08-10 05:35:00, 0.0, None 
 47.485, -123.015, 60.0, 2010-08-10 05:42:30, 0.0, None 
 47.55, -123.005, 31.0, 2010-08-10 05:45:00, 0.0, None 
 47.775, -122.87, 35.0, 2010-08-10 05:45:00, 0.0, None 
 47.42, -122.965, 58.0, 2010-08-10 06:02:30, 0.0, None 
 47.51, -122.74, 28.5, 2010-08-10 06:05:00, 0.0, None 
 47.525, -122.78, 25.0, 2010-08-10 06:07:30, 0.0, None 
 47.638000000000005, -122.84299999999999, 31.8, 2010-08-10 06:10:00, 0.0, None 
 47.641999999999996, -122.81, 25.5, 2010-08-10 06:12:30, 0.0, None 
 47.31, -122.76, 20.0, 2010-08-10 06:17:30, 0.0, None 
 47.34, -122.69, 20.0, 2010-08-10 06:20:00, 0.0, None 
 47.47, -122.825, 35.0, 2010-08-10 06:22:30, 0.0, None 
 47.49, -122.795, 20.0, 2010-08-10 06:25:00, 0.0, None 
 47.385, -122.855, 20.0, 2010-08-10 06:27:30, 0.0, None 
 47.405, -122.92, 27.0, 2010-08-10 06:30:00, 0.0, None 
 47.415, -122.835, 39.8, 2010-08-10 06:37:30, 0.0, None 
 47.375, -122.75, 30.0, 2010-08-10 06:40:00, 0.0, None 
 47.552, -122.948, 33.0, 2010-08-10 06:42:30, 0.0, None 
 47.33, -122.95, 35.0, 2010-08-10 06:45:00, 0.0, None 
 47.48, -123.0, 52.0, 2010-08-10 06:47:30, 0.0, None 
 47.53, -122.82, 32.0, 2010-08-10 06:52:30, 0.0, None 
 47.58, -122.795, 26.0, 2010-08-10 07:00:00, 0.0, None 
 47.505, -122.985, 60.0, 2010-08-10 07:02:30, 0.0, None 
 47.625, -122.61, 60.0, 2010-08-10 07:02:30, 0.0, None 
 47.501999999999995, -122.78, 23.5, 2010-08-10 07:05:00, 0.0, None 
 47.51, -122.68, 24.5, 2010-08-10 07:07:30, 0.0, None 
 47.49, -122.74, 32.5, 2010-08-10 07:10:00, 0.0, None 
 47.62, -122.89, 43.0, 2010-08-10 07:15:00, 0.0, None 
 47.54, -122.89, 28.0, 2010-08-10 07:17:30, 0.0, None 
 47.47, -122.81, 32.0, 2010-08-10 07:20:00, 0.0, None 
 47.39, -122.88, 22.0, 2010-08-10 07:22:30, 0.0, None 
 47.49, -122.73, 20.0, 2010-08-10 07:25:00, 0.0, None 
 47.51, -122.65, 34.0, 2010-08-10 07:32:30, 0.0, None 
 47.4, -122.64, 41.0, 2010-08-10 07:45:00, 0.0, None 
 47.532, -122.978, 34.2, 2010-08-10 07:52:30, 0.0, None 
 47.58, -122.89, 20.0, 2010-08-10 07:55:00, 0.0, None 
 47.52, -122.75, 60.0, 2010-08-10 08:05:00, 0.0, None 
 47.59, -122.73, 32.0, 2010-08-10 08:07:30, 0.0, None 
 47.6, -122.82, 40.0, 2010-08-10 08:10:00, 0.0, None 
 47.64, -122.825, 32.0, 2010-08-10 08:12:30, 0.0, None 
 47.63, -122.84, 38.0, 2010-08-10 08:15:00, 0.0, None 
 47.59, -122.81, 28.5, 2010-08-10 08:17:30, 0.0, None 
 47.58, -122.757, 27.0, 2010-08-10 08:25:00, 0.0, None 
 47.535, -122.773, 23.0, 2010-08-10 08:27:30, 0.0, None 
 47.53, -122.85, 60.0, 2010-08-10 08:30:00, 0.0, None 
 47.57, -122.79, 51.0, 2010-08-10 08:35:00, 0.0, None 
 47.765, -122.83, 31.5, 2010-08-10 08:37:30, 0.0, None 
 47.61, -122.745, 34.5, 2010-08-10 08:40:00, 0.0, None 
 47.3, -123.11, 60.0, 2010-08-10 08:42:30, 0.0, None 
 47.295, -123.13, 60.0, 2010-08-10 08:45:00, 0.0, None 
 47.76, -122.855, 40.0, 2010-08-10 08:45:00, 0.0, None 
 47.48, -122.69, 60.0, 2010-08-10 08:47:30, 0.0, None 
 47.59, -122.8, 20.0, 2010-08-10 08:50:00, 0.0, None 
 47.39, -122.8, 60.0, 2010-08-10 08:55:00, 0.0, None 
 47.51, -123.04, 59.0, 2010-08-10 08:57:30, 0.0, None 
 47.47, -122.92, 38.0, 2010-08-10 09:05:00, 0.0, None 
 47.48, -122.93, 37.0, 2010-08-10 09:07:30, 0.0, None 
 47.71, -122.81, 60.0, 2010-08-10 09:10:00, 0.0, None 
 47.595, -122.875, 25.0, 2010-08-10 09:12:30, 0.0, None 
 47.44, -122.865, 29.5, 2010-08-10 09:15:00, 0.0, None 
 47.4, -123.01, 20.0, 2010-08-10 09:17:30, 0.0, None 
 47.4, -123.05, 20.0, 2010-08-10 09:20:00, 0.0, None 
 47.315, -122.73, 60.0, 2010-08-10 09:22:30, 0.0, None 
 47.31, -122.72, 56.0, 2010-08-10 09:25:00, 0.0, None 
 47.4, -122.93, 45.0, 2010-08-10 09:30:00, 0.0, None 
 47.36, -122.88, 43.0, 2010-08-10 09:35:00, 0.0, None 
 47.3, -123.07, 60.0, 2010-08-10 09:37:30, 0.0, None 
 47.36, -122.85, 28.0, 2010-08-10 09:42:30, 0.0, None 
 47.35, -122.84700000000001, 23.8, 2010-08-10 09:45:00, 0.0, None 
 47.35, -122.895, 39.8, 2010-08-10 09:47:30, 0.0, None 
 47.79, -123.105, 60.0, 2010-08-10 09:52:30, 0.0, None 
 47.552, -122.948, 26.0, 2010-08-10 09:55:00, 0.0, None 
 47.5, -123.16, 60.0, 2010-08-10 09:57:30, 0.0, None 
 47.415, -122.62, 43.0, 2010-08-10 10:00:00, 0.0, None 
 47.37, -122.88, 50.0, 2010-08-10 10:05:00, 0.0, None 
 47.3, -122.78, 43.0, 2010-08-10 10:07:30, 0.0, None 
 47.385, -122.81200000000001, 47.8, 2010-08-10 10:12:30, 0.0, None 
 47.37, -122.725, 27.0, 2010-08-10 10:15:00, 0.0, None 
 47.37, -122.76, 29.0, 2010-08-10 10:17:30, 0.0, None 
 47.43, -122.745, 37.0, 2010-08-10 10:20:00, 0.0, None 
 47.385, -122.75200000000001, 29.2, 2010-08-10 10:22:30, 0.0, None 
 47.39, -122.78200000000001, 30.0, 2010-08-10 10:25:00, 0.0, None 
 47.407, -122.863, 27.2, 2010-08-10 10:30:00, 0.0, None 
 47.365, -122.887, 32.5, 2010-08-10 10:32:30, 0.0, None 
 47.49, -122.78, 41.0, 2010-08-10 10:35:00, 0.0, None 
 47.415, -122.887, 39.0, 2010-08-10 10:37:30, 0.0, None 
 47.495, -122.925, 20.0, 2010-08-10 10:40:00, 0.0, None 
 48.09, -122.9, 20.0, 2010-08-10 10:42:30, 0.0, None 
 48.08, -122.9, 27.5, 2010-08-10 10:45:00, 0.0, None 
 47.51, -122.91, 28.0, 2010-08-10 10:45:00, 0.0, None 
 47.26, -123.01, 60.0, 2010-08-10 10:57:30, 0.0, None 
 47.61, -122.73, 33.0, 2010-08-10 11:00:00, 0.0, None 
 47.61, -122.77, 33.0, 2010-08-10 11:02:30, 0.0, None 
 47.53, -122.7, 47.0, 2010-08-10 11:05:00, 0.0, None 
 47.8, -122.78, 32.0, 2010-08-10 11:07:30, 0.0, None 
 47.595, -122.72, 36.2, 2010-08-10 11:10:00, 0.0, None 
 47.62, -122.745, 25.0, 2010-08-10 11:12:30, 0.0, None 
 47.608000000000004, -122.81, 29.5, 2010-08-10 11:15:00, 0.0, None 
 47.575, -122.875, 30.0, 2010-08-10 11:17:30, 0.0, None 
 47.573, -122.73, 24.2, 2010-08-10 11:22:30, 0.0, None 
 47.57, -122.955, 37.5, 2010-08-10 11:25:00, 0.0, None 
 47.685, -122.695, 35.2, 2010-08-10 11:37:30, 0.0, None 
 47.605, -122.75, 33.5, 2010-08-10 11:40:00, 0.0, None 
 47.61, -122.67, 33.0, 2010-08-10 11:42:30, 0.0, None 
 47.69, -122.665, 33.5, 2010-08-10 11:45:00, 0.0, None 
 47.69, -122.81, 24.5, 2010-08-10 11:47:30, 0.0, None 
 47.3, -122.77, 60.0, 2010-08-10 12:07:30, 0.0, None 
 47.5, -122.85, 32.0, 2010-08-10 12:10:00, 0.0, None 
 47.575, -122.85, 33.5, 2010-08-10 12:12:30, 0.0, None 
 47.32, -122.91, 60.0, 2010-08-10 12:15:00, 0.0, None 
 47.6, -122.92, 34.0, 2010-08-10 12:15:00, 0.0, None 
 47.615, -122.825, 31.5, 2010-08-10 12:17:30, 0.0, None 
 47.65, -122.80799999999999, 29.5, 2010-08-10 12:20:00, 0.0, None 
 47.528, -122.84299999999999, 26.8, 2010-08-10 12:22:30, 0.0, None 
 47.535, -122.85799999999999, 31.5, 2010-08-10 12:25:00, 0.0, None 
 47.39, -122.96, 30.0, 2010-08-10 12:30:00, 0.0, None 
 47.33, -122.88, 32.5, 2010-08-10 12:32:30, 0.0, None 
 47.56, -122.88, 60.0, 2010-08-10 12:35:00, 0.0, None 
 47.74, -122.83, 41.0, 2010-08-10 12:40:00, 0.0, None 
 47.56, -122.84, 20.0, 2010-08-10 12:42:30, 0.0, None 
 47.33, -122.9, 60.0, 2010-08-10 12:47:30, 0.0, None 
 47.51, -122.725, 42.0, 2010-08-10 12:50:00, 0.0, None 
 47.55, -122.905, 46.5, 2010-08-10 12:52:30, 0.0, None 
 47.85, -122.7, 44.0, 2010-08-10 12:52:30, 0.0, None 
 47.71, -122.765, 30.5, 2010-08-10 13:00:00, 0.0, None 
 47.635, -122.86, 32.5, 2010-08-10 13:02:30, 0.0, None 
 47.32, -122.92, 60.0, 2010-08-10 13:05:00, 0.0, None 
 47.51, -122.875, 20.0, 2010-08-10 13:07:30, 0.0, None 
 47.72, -122.72, 20.0, 2010-08-10 13:07:30, 0.0, None 
 47.49, -122.88, 20.0, 2010-08-10 13:10:00, 0.0, None 
 47.52, -122.93, 35.5, 2010-08-10 13:27:30, 0.0, None 
 47.47, -122.84, 53.5, 2010-08-10 13:30:00, 0.0, None 
 47.64, -122.87, 33.0, 2010-08-10 13:32:30, 0.0, None 
 47.51, -122.95, 40.0, 2010-08-10 13:42:30, 0.0, None 
 47.64, -122.58, 60.0, 2010-08-10 13:45:00, 0.0, None 
 47.81, -122.68, 20.0, 2010-08-10 13:47:30, 0.0, None 
 47.605, -122.605, 60.0, 2010-08-10 13:50:00, 0.0, None 
 47.59, -122.795, 36.0, 2010-08-10 13:52:30, 0.0, None 
 47.675, -122.605, 25.0, 2010-08-10 14:02:30, 0.0, None 
 47.695, -122.61, 20.0, 2010-08-10 14:05:00, 0.0, None 
 47.64, -122.81, 32.0, 2010-08-10 14:07:30, 0.0, None 
 47.722, -122.79, 36.0, 2010-08-10 14:10:00, 0.0, None 
 47.688, -122.84, 41.5, 2010-08-10 14:12:30, 0.0, None 
 47.608000000000004, -122.81200000000001, 36.0, 2010-08-10 14:15:00, 0.0, None 
 47.611999999999995, -122.85, 41.2, 2010-08-10 14:17:30, 0.0, None 
 47.71, -122.7, 20.0, 2010-08-10 14:20:00, 0.0, None 
 47.51, -122.9, 33.0, 2010-08-10 14:22:30, 0.0, None 
 47.56, -123.19, 60.0, 2010-08-10 14:25:00, 0.0, None 
 47.61, -122.93, 34.5, 2010-08-10 14:27:30, 0.0, None 
 47.707, -122.868, 35.2, 2010-08-10 14:30:00, 0.0, None 
 47.69, -122.735, 35.0, 2010-08-10 14:35:00, 0.0, None 
 47.72, -122.745, 20.0, 2010-08-10 14:37:30, 0.0, None 
 47.68, -122.685, 31.5, 2010-08-10 14:42:30, 0.0, None 
 47.61, -122.835, 28.0, 2010-08-10 14:45:00, 0.0, None 
 47.58, -122.8, 20.0, 2010-08-10 14:47:30, 0.0, None 
 47.58, -122.72200000000001, 27.0, 2010-08-10 14:55:00, 0.0, None 
 47.573, -122.735, 26.5, 2010-08-10 14:57:30, 0.0, None 
 47.68, -122.865, 39.0, 2010-08-10 15:05:00, 0.0, None 
 47.645, -122.91, 37.0, 2010-08-10 15:17:30, 0.0, None 
 47.6, -122.89, 34.0, 2010-08-10 15:20:00, 0.0, None 
 47.63, -122.89, 40.0, 2010-08-10 15:30:00, 0.0, None 
 47.635, -122.9, 38.0, 2010-08-10 15:32:30, 0.0, None 
 47.8, -122.7, 44.0, 2010-08-10 15:35:00, 0.0, None 
 47.62, -122.88, 20.0, 2010-08-10 15:50:00, 0.0, None 
 47.61, -122.8, 39.5, 2010-08-10 16:07:30, 0.0, None 
 47.58, -122.83, 34.0, 2010-08-10 16:10:00, 0.0, None 
 47.675, -122.87700000000001, 34.2, 2010-08-10 16:20:00, 0.0, None 
 47.78, -122.82, 28.5, 2010-08-10 16:35:00, 0.0, None 
 47.695, -122.83, 32.0, 2010-08-10 16:37:30, 0.0, None 
 47.69, -122.805, 38.0, 2010-08-10 16:47:30, 0.0, None 
 47.705, -122.727, 25.2, 2010-08-10 16:50:00, 0.0, None 
 47.695, -122.7, 23.5, 2010-08-10 16:52:30, 0.0, None 
 47.765, -122.705, 27.8, 2010-08-10 16:55:00, 0.0, None 
 47.76, -122.735, 34.2, 2010-08-10 16:57:30, 0.0, None 
 47.715, -122.785, 31.8, 2010-08-10 17:00:00, 0.0, None 
 47.733000000000004, -122.868, 30.8, 2010-08-10 17:02:30, 0.0, None 
 47.73, -122.868, 30.5, 2010-08-10 17:05:00, 0.0, None 
 47.57, -122.87, 22.0, 2010-08-10 17:15:00, 0.0, None 
 47.655, -122.845, 28.8, 2010-08-10 17:17:30, 0.0, None 
 47.67, -122.785, 29.0, 2010-08-10 17:20:00, 0.0, None 
 47.39, -123.205, 60.0, 2010-08-10 17:37:30, 0.0, None 
 47.59, -122.915, 20.0, 2010-08-10 17:40:00, 0.0, None 
 47.67, -122.87, 34.0, 2010-08-10 17:42:30, 0.0, None 
 47.615, -122.81, 35.0, 2010-08-10 17:45:00, 0.0, None 
 47.54, -123.205, 53.0, 2010-08-10 17:55:00, 0.0, None 
 47.7, -122.82, 31.0, 2010-08-10 17:55:00, 0.0, None 
 47.435, -123.275, 60.0, 2010-08-10 17:57:30, 0.0, None 
 47.6, -122.83, 20.0, 2010-08-10 18:00:00, 0.0, None 
 47.52, -122.87700000000001, 34.8, 2010-08-10 18:02:30, 0.0, None 
 47.64, -122.87, 35.5, 2010-08-10 18:05:00, 0.0, None 
 47.7, -122.815, 27.5, 2010-08-10 18:07:30, 0.0, None 
 47.635, -122.795, 31.5, 2010-08-10 18:10:00, 0.0, None 
 47.67, -122.835, 35.0, 2010-08-10 18:12:30, 0.0, None 
 47.51, -123.22, 60.0, 2010-08-10 19:37:30, 0.0, None 
 47.695, -122.70700000000001, 20.0, 2010-08-10 19:40:00, 0.0, None 
 47.47, -123.27, 44.0, 2010-08-10 19:42:30, 0.0, None 
 47.61, -122.91, 20.0, 2010-08-10 19:45:00, 0.0, None 
 47.66, -122.915, 20.0, 2010-08-10 19:47:30, 0.0, None 
 47.44, -122.895, 40.0, 2010-08-10 20:10:00, 0.0, None 
 47.4, -122.78, 40.0, 2010-08-10 20:17:30, 0.0, None 
 47.4, -123.02, 20.0, 2010-08-10 20:20:00, 0.0, None 
 47.4, -123.03, 20.0, 2010-08-10 20:32:30, 0.0, None 
 47.475, -122.93, 22.0, 2010-08-10 20:35:00, 0.0, None 
 47.46, -122.92, 38.0, 2010-08-10 20:37:30, 0.0, None 
 47.63, -122.8, 30.0, 2010-08-10 20:52:30, 0.0, None 
 47.4, -122.99, 26.5, 2010-08-10 21:20:00, 0.0, None 
 47.3, -122.82, 23.0, 2010-08-10 21:27:30, 0.0, None 
 47.36, -122.95700000000001, 43.2, 2010-08-10 21:30:00, 0.0, None 
 47.38, -122.915, 28.5, 2010-08-10 21:40:00, 0.0, None 
 47.42, -122.88, 29.0, 2010-08-10 21:47:30, 0.0, None 
 47.53, -122.735, 55.0, 2010-08-10 21:52:30, 0.0, None 
 47.43, -122.87, 60.0, 2010-08-10 21:57:30, 0.0, None 
 47.53, -122.81, 21.0, 2010-08-10 22:00:00, 0.0, None 
 47.5, -123.29, 20.0, 2010-08-10 22:02:30, 0.0, None 
 47.53, -122.78, 47.0, 2010-08-10 22:05:00, 0.0, None 
 47.47, -122.755, 27.0, 2010-08-10 22:07:30, 0.0, None 
 47.53, -122.82, 20.0, 2010-08-10 22:10:00, 0.0, None 
 47.63, -122.83, 30.0, 2010-08-10 22:12:30, 0.0, None 
 47.66, -122.825, 34.0, 2010-08-10 22:15:00, 0.0, None 
 47.43, -123.19, 60.0, 2010-08-10 22:17:30, 0.0, None 
 47.553000000000004, -122.815, 38.5, 2010-08-10 22:20:00, 0.0, None 
 47.67, -122.88, 39.5, 2010-08-10 22:22:30, 0.0, None 
 47.65, -122.9, 38.5, 2010-08-10 22:25:00, 0.0, None 
 47.6, -122.865, 33.0, 2010-08-10 22:27:30, 0.0, None 
 47.43, -123.165, 54.0, 2010-08-10 22:30:00, 0.0, None 
 47.4, -122.84, 20.0, 2010-08-10 22:45:00, 0.0, None 
 47.455, -122.74, 26.0, 2010-08-10 22:50:00, 0.0, None 
 47.472, -122.75200000000001, 39.0, 2010-08-10 22:52:30, 0.0, None 
 47.275, -123.03, 60.0, 2010-08-10 22:55:00, 0.0, None 
 47.44, -122.9, 51.0, 2010-08-10 23:02:30, 0.0, None 
 47.595, -122.75200000000001, 29.0, 2010-08-10 23:05:00, 0.0, None 
 47.418, -122.845, 39.5, 2010-08-10 23:10:00, 0.0, None 
 47.385, -122.803, 27.2, 2010-08-10 23:12:30, 0.0, None 
 47.407, -122.785, 20.0, 2010-08-10 23:15:00, 0.0, None 
 47.46, -122.875, 60.0, 2010-08-10 23:17:30, 0.0, None 
 47.535, -122.675, 20.0, 2010-08-10 23:20:00, 0.0, None 
 47.515, -122.86, 32.0, 2010-08-10 23:22:30, 0.0, None 
 47.595, -122.88, 33.5, 2010-08-10 23:25:00, 0.0, None 
 47.575, -122.75200000000001, 26.0, 2010-08-10 23:27:30, 0.0, None 
 47.67, -122.88, 36.0, 2010-08-10 23:32:30, 0.0, None 
 47.68, -122.73299999999999, 35.5, 2010-08-10 23:35:00, 0.0, None 
 47.72, -122.78, 32.5, 2010-08-10 23:37:30, 0.0, None 
 47.61, -122.77, 33.5, 2010-08-10 23:40:00, 0.0, None 
 47.675, -122.85, 60.0, 2010-08-10 23:42:30, 0.0, None 
 47.63, -122.83, 28.0, 2010-08-10 23:45:00, 0.0, None 
 47.68, -122.725, 20.0, 2010-08-10 23:47:30, 0.0, None 
 47.48, -122.91, 36.0, 2010-08-10 23:52:30, 0.0, None 
 47.415, -122.93, 40.0, 2010-08-10 23:55:00, 0.0, None 
 47.66, -122.78, 20.0, 2010-08-11 00:00:00, 0.0, None 
 47.6, -122.99, 32.0, 2010-08-11 00:07:30, 0.0, None 
 47.62, -122.98, 20.0, 2010-08-11 00:22:30, 0.0, None 
 47.31, -122.92, 32.5, 2010-08-11 00:25:00, 0.0, None 
 47.3, -122.84, 39.0, 2010-08-11 00:27:30, 0.0, None 
 47.54, -122.905, 29.5, 2010-08-11 00:30:00, 0.0, None 
 47.285, -122.75, 26.0, 2010-08-11 00:37:30, 0.0, None 
 47.58, -122.92, 34.5, 2010-08-11 00:40:00, 0.0, None 
 47.29, -123.53, 20.0, 2010-08-11 00:40:00, 0.0, None 
 47.54, -123.075, 47.0, 2010-08-11 00:42:30, 0.0, None 
 47.27, -123.51, 20.0, 2010-08-11 00:42:30, 0.0, None 
 47.525, -122.98, 45.0, 2010-08-11 00:45:00, 0.0, None 
 47.435, -123.03, 29.0, 2010-08-11 00:47:30, 0.0, None 
 47.5, -123.0, 20.0, 2010-08-11 00:50:00, 0.0, None 
 47.29, -122.73, 60.0, 2010-08-11 00:52:30, 0.0, None 
 47.3, -122.845, 20.0, 2010-08-11 01:12:30, 0.0, None 
 47.31, -122.905, 20.0, 2010-08-11 01:15:00, 0.0, None 
 47.365, -122.87, 20.0, 2010-08-11 01:17:30, 0.0, None 
 47.535, -123.135, 38.5, 2010-08-11 01:37:30, 0.0, None 
 47.31, -122.73, 31.0, 2010-08-11 01:47:30, 0.0, None 
 47.575, -122.78, 48.0, 2010-08-11 01:52:30, 0.0, None 
 47.605, -122.93, 53.0, 2010-08-11 01:55:00, 0.0, None 
 47.29, -123.21, 60.0, 2010-08-11 01:57:30, 0.0, None 
 47.53, -122.77, 50.0, 2010-08-11 02:00:00, 0.0, None 
 47.495, -122.875, 43.0, 2010-08-11 02:02:30, 0.0, None 
 47.41, -122.91, 27.0, 2010-08-11 02:05:00, 0.0, None 
 47.26, -123.12, 42.0, 2010-08-11 02:07:30, 0.0, None 
 47.465, -122.915, 27.2, 2010-08-11 02:10:00, 0.0, None 
 47.435, -122.89, 39.0, 2010-08-11 02:12:30, 0.0, None 
 47.48, -122.7, 20.0, 2010-08-11 02:15:00, 0.0, None 
 47.475, -122.8, 23.5, 2010-08-11 02:17:30, 0.0, None 
 47.285, -122.99, 32.0, 2010-08-11 02:20:00, 0.0, None 
 47.48, -122.81, 27.0, 2010-08-11 02:22:30, 0.0, None 
 47.61, -123.1, 45.0, 2010-08-11 02:22:30, 0.0, None 
 47.495, -122.9, 20.0, 2010-08-11 02:25:00, 0.0, None 
 47.71, -122.995, 50.0, 2010-08-11 02:27:30, 0.0, None 
 47.477, -122.868, 24.2, 2010-08-11 02:35:00, 0.0, None 
 47.475, -123.015, 50.0, 2010-08-11 02:37:30, 0.0, None 
 47.57, -123.075, 41.5, 2010-08-11 02:42:30, 0.0, None 
 47.32, -122.87, 36.0, 2010-08-11 02:52:30, 0.0, None 
 47.33, -122.89, 38.0, 2010-08-11 02:55:00, 0.0, None 
 47.66, -122.75, 29.0, 2010-08-11 03:00:00, 0.0, None 
 47.61, -122.82, 37.0, 2010-08-11 03:02:30, 0.0, None 
 47.376999999999995, -123.105, 60.0, 2010-08-11 03:05:00, 0.0, None 
 47.575, -123.11, 38.5, 2010-08-11 03:07:30, 0.0, None 
 47.465, -122.94200000000001, 26.0, 2010-08-11 03:17:30, 0.0, None 
 47.54, -123.08, 52.0, 2010-08-11 03:20:00, 0.0, None 
 47.38, -122.96, 20.0, 2010-08-11 03:22:30, 0.0, None 
 47.34, -122.88, 34.0, 2010-08-11 03:25:00, 0.0, None 
 47.44, -122.71, 60.0, 2010-08-11 03:27:30, 0.0, None 
 47.46, -123.05, 32.0, 2010-08-11 03:35:00, 0.0, None 
 47.565, -123.175, 60.0, 2010-08-11 03:45:00, 0.0, None 
 47.55, -123.105, 60.0, 2010-08-11 03:47:30, 0.0, None 
 47.585, -122.67, 60.0, 2010-08-11 03:52:30, 0.0, None 
 47.61, -123.26, 60.0, 2010-08-11 03:55:00, 0.0, None 
 47.611999999999995, -122.87299999999999, 23.2, 2010-08-11 04:02:30, 0.0, None 
 47.62, -122.98, 31.0, 2010-08-11 04:05:00, 0.0, None 
 47.515, -122.92, 20.0, 2010-08-11 04:07:30, 0.0, None 
 47.485, -122.958, 25.5, 2010-08-11 04:15:00, 0.0, None 
 47.44, -122.985, 20.0, 2010-08-11 04:17:30, 0.0, None 
 47.47, -123.1, 55.0, 2010-08-11 04:20:00, 0.0, None 
 47.62, -122.95, 20.0, 2010-08-11 04:25:00, 0.0, None 
 47.605, -123.02, 29.0, 2010-08-11 04:27:30, 0.0, None 
 47.54, -123.305, 57.5, 2010-08-11 04:35:00, 0.0, None 
 47.39, -123.17, 20.0, 2010-08-11 04:50:00, 0.0, None 
 47.605, -122.875, 28.5, 2010-08-11 04:52:30, 0.0, None 
 47.608000000000004, -122.82, 20.0, 2010-08-11 04:55:00, 0.0, None 
 47.41, -122.92, 20.0, 2010-08-11 05:05:00, 0.0, None 
 47.385, -122.92, 20.0, 2010-08-11 05:07:30, 0.0, None 
 47.37, -122.92, 20.0, 2010-08-11 05:10:00, 0.0, None 
 47.33, -122.815, 20.0, 2010-08-11 05:12:30, 0.0, None 
 47.325, -122.912, 20.0, 2010-08-11 05:15:00, 0.0, None 
 47.31, -122.93, 20.0, 2010-08-11 05:17:30, 0.0, None 
 47.3, -123.17, 46.0, 2010-08-11 05:22:30, 0.0, None 
 47.58, -122.77, 60.0, 2010-08-11 05:25:00, 0.0, None 
 47.51, -122.9, 22.5, 2010-08-11 05:27:30, 0.0, None 
 47.445, -122.977, 24.0, 2010-08-11 05:30:00, 0.0, None 
 47.513000000000005, -123.065, 42.0, 2010-08-11 05:32:30, 0.0, None 
 47.455, -123.02799999999999, 35.2, 2010-08-11 05:35:00, 0.0, None 
 47.515, -122.885, 32.2, 2010-08-11 05:42:30, 0.0, None 
 47.501999999999995, -122.898, 34.2, 2010-08-11 05:45:00, 0.0, None 
 47.58, -122.86, 41.0, 2010-08-11 05:52:30, 0.0, None 
 47.67, -122.785, 31.5, 2010-08-11 05:55:00, 0.0, None 
 47.695, -123.0, 60.0, 2010-08-11 05:57:30, 0.0, None 
 47.72, -122.757, 25.5, 2010-08-11 06:00:00, 0.0, None 
 47.72, -122.835, 40.5, 2010-08-11 06:02:30, 0.0, None 
 47.69, -122.91, 39.0, 2010-08-11 06:05:00, 0.0, None 
 47.71, -122.75, 30.0, 2010-08-11 06:07:30, 0.0, None 
 47.7, -122.78, 30.0, 2010-08-11 06:10:00, 0.0, None 
 47.74, -122.865, 38.8, 2010-08-11 06:12:30, 0.0, None 
 47.71, -122.71, 32.5, 2010-08-11 06:15:00, 0.0, None 
 47.72, -122.945, 36.0, 2010-08-11 06:17:30, 0.0, None 
 47.73, -122.86, 26.0, 2010-08-11 06:20:00, 0.0, None 
 47.71, -122.79, 24.5, 2010-08-11 06:22:30, 0.0, None 
 47.72, -122.775, 59.0, 2010-08-11 06:25:00, 0.0, None 
 47.69, -122.8, 27.8, 2010-08-11 06:30:00, 0.0, None 
 47.69, -122.77, 26.0, 2010-08-11 06:32:30, 0.0, None 
 47.7, -122.665, 31.0, 2010-08-11 06:37:30, 0.0, None 
 47.72, -122.75, 29.0, 2010-08-11 06:40:00, 0.0, None 
 47.766999999999996, -122.802, 23.5, 2010-08-11 06:42:30, 0.0, None 
 47.66, -122.78, 21.0, 2010-08-11 06:45:00, 0.0, None 
 47.66, -122.8, 28.0, 2010-08-11 06:47:30, 0.0, None 
 47.75, -122.7, 20.0, 2010-08-11 06:52:30, 0.0, None 
 47.75, -122.745, 22.5, 2010-08-11 06:55:00, 0.0, None 
 47.505, -123.155, 43.5, 2010-08-11 07:00:00, 0.0, None 
 47.21, -123.19, 60.0, 2010-08-11 07:02:30, 0.0, None 
 47.53, -122.8, 55.0, 2010-08-11 07:05:00, 0.0, None 
 47.51, -122.9, 42.0, 2010-08-11 07:07:30, 0.0, None 
 47.41, -123.09, 35.0, 2010-08-11 07:10:00, 0.0, None 
 47.63, -122.895, 50.2, 2010-08-11 07:15:00, 0.0, None 
 47.633, -122.83, 33.0, 2010-08-11 07:17:30, 0.0, None 
 47.615, -122.84700000000001, 29.8, 2010-08-11 07:20:00, 0.0, None 
 47.64, -122.88, 35.0, 2010-08-11 07:22:30, 0.0, None 
 47.62, -122.85, 24.0, 2010-08-11 07:25:00, 0.0, None 
 47.64, -122.803, 20.0, 2010-08-11 07:27:30, 0.0, None 
 47.645, -122.815, 20.0, 2010-08-11 07:30:00, 0.0, None 
 47.513000000000005, -122.977, 44.5, 2010-08-11 07:32:30, 0.0, None 
 47.695, -122.82, 52.0, 2010-08-11 07:37:30, 0.0, None 
 47.62, -122.98200000000001, 39.8, 2010-08-11 07:40:00, 0.0, None 
 47.575, -122.995, 48.5, 2010-08-11 07:42:30, 0.0, None 
 47.52, -122.91, 33.2, 2010-08-11 07:45:00, 0.0, None 
 47.58, -122.9, 32.5, 2010-08-11 07:47:30, 0.0, None 
 47.57, -122.915, 26.0, 2010-08-11 07:50:00, 0.0, None 
 47.595, -122.885, 33.5, 2010-08-11 07:52:30, 0.0, None 
 47.605, -122.868, 32.8, 2010-08-11 07:55:00, 0.0, None 
 47.61, -122.8, 32.5, 2010-08-11 07:57:30, 0.0, None 
 47.645, -122.80799999999999, 29.8, 2010-08-11 08:00:00, 0.0, None 
 47.585, -122.76799999999999, 40.5, 2010-08-11 08:02:30, 0.0, None 
 47.585, -122.855, 31.0, 2010-08-11 08:05:00, 0.0, None 
 47.58, -122.80799999999999, 26.5, 2010-08-11 08:07:30, 0.0, None 
 47.57, -122.875, 32.2, 2010-08-11 08:10:00, 0.0, None 
 47.56, -122.875, 33.2, 2010-08-11 08:12:30, 0.0, None 
 47.46, -123.11, 46.5, 2010-08-11 08:15:00, 0.0, None 
 47.455, -123.05, 60.0, 2010-08-11 08:17:30, 0.0, None 
 47.445, -122.955, 60.0, 2010-08-11 08:20:00, 0.0, None 
 47.62, -122.865, 42.0, 2010-08-11 08:27:30, 0.0, None 
 47.49, -122.76, 51.0, 2010-08-11 08:30:00, 0.0, None 
 47.6, -123.285, 60.0, 2010-08-11 08:32:30, 0.0, None 
 47.51, -122.81, 20.0, 2010-08-11 08:42:30, 0.0, None 
 47.45, -123.03, 20.0, 2010-08-11 08:45:00, 0.0, None 
 47.465, -122.99799999999999, 31.2, 2010-08-11 08:47:30, 0.0, None 
 47.43, -122.91, 60.0, 2010-08-11 08:50:00, 0.0, None 
 47.665, -122.9, 50.0, 2010-08-11 08:55:00, 0.0, None 
 47.72, -122.76, 31.0, 2010-08-11 08:57:30, 0.0, None 
 47.74, -122.77, 27.0, 2010-08-11 09:00:00, 0.0, None 
 47.75, -122.75, 32.0, 2010-08-11 09:02:30, 0.0, None 
 47.403, -122.93, 28.0, 2010-08-11 09:15:00, 0.0, None 
 47.405, -122.98700000000001, 24.5, 2010-08-11 09:17:30, 0.0, None 
 47.41, -123.05, 23.0, 2010-08-11 09:20:00, 0.0, None 
 47.44, -123.052, 43.0, 2010-08-11 09:22:30, 0.0, None 
 47.385, -123.0, 28.5, 2010-08-11 09:25:00, 0.0, None 
 47.345, -122.955, 29.2, 2010-08-11 09:27:30, 0.0, None 
 47.405, -122.93799999999999, 36.0, 2010-08-11 09:30:00, 0.0, None 
 47.45, -122.99, 30.8, 2010-08-11 09:32:30, 0.0, None 
 47.555, -122.68, 60.0, 2010-08-11 09:35:00, 0.0, None 
 47.5, -122.84700000000001, 35.0, 2010-08-11 09:37:30, 0.0, None 
 47.495, -122.925, 36.0, 2010-08-11 09:40:00, 0.0, None 
 47.42, -122.912, 55.8, 2010-08-11 09:42:30, 0.0, None 
 47.47, -122.835, 40.0, 2010-08-11 09:45:00, 0.0, None 
 47.475, -122.83, 37.0, 2010-08-11 09:47:30, 0.0, None 
 47.48, -122.845, 32.0, 2010-08-11 09:50:00, 0.0, None 
 47.41, -122.78, 20.0, 2010-08-11 09:52:30, 0.0, None 
 47.7, -123.005, 60.0, 2010-08-11 09:57:30, 0.0, None 
 47.388000000000005, -122.91, 28.0, 2010-08-11 10:00:00, 0.0, None 
 47.33, -123.08, 43.5, 2010-08-11 10:02:30, 0.0, None 
 47.59, -122.965, 24.0, 2010-08-11 10:05:00, 0.0, None 
 47.465, -123.088, 38.5, 2010-08-11 10:07:30, 0.0, None 
 47.62, -123.13, 60.0, 2010-08-11 10:10:00, 0.0, None 
 47.545, -122.96, 34.0, 2010-08-11 10:12:30, 0.0, None 
 47.52, -122.98, 60.0, 2010-08-11 10:15:00, 0.0, None 
 47.61, -122.81, 28.0, 2010-08-11 10:22:30, 0.0, None 
 47.49, -122.915, 35.0, 2010-08-11 10:30:00, 0.0, None 
 47.445, -122.955, 37.0, 2010-08-11 10:32:30, 0.0, None 
 47.38, -123.02, 45.0, 2010-08-11 10:47:30, 0.0, None 
 47.395, -122.925, 60.0, 2010-08-11 10:57:30, 0.0, None 
 47.42, -122.875, 43.0, 2010-08-11 11:00:00, 0.0, None 
 47.52, -123.04, 60.0, 2010-08-11 11:17:30, 0.0, None 
 47.51, -122.96, 60.0, 2010-08-11 11:20:00, 0.0, None 
 47.52, -122.93, 33.5, 2010-08-11 11:22:30, 0.0, None 
 47.63, -123.3, 46.0, 2010-08-11 11:32:30, 0.0, None 
 47.29, -123.15, 40.0, 2010-08-11 11:45:00, 0.0, None 
 47.293, -123.115, 20.0, 2010-08-11 11:55:00, 0.0, None 
 47.315, -123.13799999999999, 60.0, 2010-08-11 11:57:30, 0.0, None 
 47.29, -122.935, 30.0, 2010-08-11 12:00:00, 0.0, None 
 47.315, -122.91, 20.0, 2010-08-11 12:02:30, 0.0, None 
 47.3, -122.91, 20.0, 2010-08-11 12:05:00, 0.0, None 
 47.34, -122.915, 20.0, 2010-08-11 12:07:30, 0.0, None 
 47.355, -122.94, 20.8, 2010-08-11 12:10:00, 0.0, None 
 47.46, -122.945, 42.0, 2010-08-11 12:20:00, 0.0, None 
 47.445, -122.995, 60.0, 2010-08-11 12:22:30, 0.0, None 
 47.617, -123.055, 53.5, 2010-08-11 12:27:30, 0.0, None 
 47.655, -122.958, 35.0, 2010-08-11 12:30:00, 0.0, None 
 47.56, -122.965, 49.0, 2010-08-11 12:32:30, 0.0, None 
 47.59, -122.66, 39.0, 2010-08-11 12:50:00, 0.0, None 
 47.7, -122.78, 31.0, 2010-08-11 12:52:30, 0.0, None 
 47.7, -122.76, 31.0, 2010-08-11 12:55:00, 0.0, None 
 47.7, -122.82, 55.5, 2010-08-11 12:57:30, 0.0, None 
 47.725, -122.84, 53.5, 2010-08-11 13:00:00, 0.0, None 
 47.61, -122.9, 22.0, 2010-08-11 13:15:00, 0.0, None 
 47.42, -123.04, 40.0, 2010-08-11 13:17:30, 0.0, None 
 47.53, -122.61, 20.0, 2010-08-11 13:25:00, 0.0, None 
 47.595, -122.84, 28.0, 2010-08-11 13:37:30, 0.0, None 
 47.59, -122.84, 28.5, 2010-08-11 13:40:00, 0.0, None 
 47.54, -122.95, 29.5, 2010-08-11 13:42:30, 0.0, None 
 47.56, -122.96, 20.0, 2010-08-11 13:45:00, 0.0, None 
 47.6, -122.82, 20.0, 2010-08-11 13:47:30, 0.0, None 
 47.53, -122.92, 40.5, 2010-08-11 13:50:00, 0.0, None 
 47.6, -122.89, 33.2, 2010-08-11 13:52:30, 0.0, None 
 47.605, -122.89, 33.5, 2010-08-11 13:55:00, 0.0, None 
 47.495, -123.18, 60.0, 2010-08-11 13:57:30, 0.0, None 
 47.605, -122.835, 30.0, 2010-08-11 14:00:00, 0.0, None 
 47.52, -122.94, 31.0, 2010-08-11 14:02:30, 0.0, None 
 47.745, -122.71, 60.0, 2010-08-11 14:12:30, 0.0, None 
 47.44, -123.09, 49.0, 2010-08-11 14:17:30, 0.0, None 
 48.2, -122.87, 60.0, 2010-08-11 14:57:30, 0.0, None 
 47.38, -123.09, 20.0, 2010-08-11 15:32:30, 0.0, None 
 47.61, -123.04, 20.0, 2010-08-11 15:37:30, 0.0, None 
 47.53, -122.71, 60.0, 2010-08-11 15:45:00, 0.0, None 
 47.38, -123.23, 39.0, 2010-08-11 15:52:30, 0.0, None 
 47.6, -122.91, 20.0, 2010-08-11 16:07:30, 0.0, None 
 47.64, -122.9, 20.0, 2010-08-11 16:37:30, 0.0, None 
 47.59, -122.99, 30.0, 2010-08-11 17:20:00, 0.0, None 
 47.565, -123.025, 31.5, 2010-08-11 17:22:30, 0.0, None 
 47.68, -123.04, 34.0, 2010-08-11 17:52:30, 0.0, None 
 47.41, -123.27, 40.0, 2010-08-11 18:30:00, 0.0, None 
 47.63, -123.01, 32.5, 2010-08-11 18:37:30, 0.0, None 
 47.62, -122.89, 31.0, 2010-08-11 18:45:00, 0.0, None 
 47.61, -122.91, 20.0, 2010-08-11 19:02:30, 0.0, None 
 47.51, -122.73, 53.0, 2010-08-11 19:12:30, 0.0, None 
 47.41, -123.02, 20.0, 2010-08-11 19:17:30, 0.0, None 
 48.2, -122.87, 60.0, 2010-08-11 19:27:30, 0.0, None 
 47.41, -122.97, 20.0, 2010-08-11 19:37:30, 0.0, None 
 47.475, -123.19, 60.0, 2010-08-11 19:57:30, 0.0, None 
 47.67, -122.905, 59.0, 2010-08-11 20:00:00, 0.0, None 
 47.535, -123.05, 36.5, 2010-08-11 20:02:30, 0.0, None 
 47.345, -122.975, 20.0, 2010-08-11 20:12:30, 0.0, None 
 47.335, -123.065, 21.5, 2010-08-11 20:17:30, 0.0, None 
 47.302, -123.012, 37.2, 2010-08-11 20:20:00, 0.0, None 
 47.64, -123.01, 32.0, 2010-08-11 20:27:30, 0.0, None 
 47.54, -123.03, 31.0, 2010-08-11 20:37:30, 0.0, None 
 47.41, -123.23, 60.0, 2010-08-11 20:57:30, 0.0, None 
 47.48, -123.06, 41.0, 2010-08-11 21:00:00, 0.0, None 
 47.54, -122.99, 20.0, 2010-08-11 21:05:00, 0.0, None 
 47.51, -122.965, 49.5, 2010-08-11 21:10:00, 0.0, None 
 47.5, -123.025, 43.5, 2010-08-11 21:12:30, 0.0, None 
 47.412, -122.98299999999999, 20.0, 2010-08-11 21:15:00, 0.0, None 
 47.472, -122.95299999999999, 22.8, 2010-08-11 21:17:30, 0.0, None 
 47.547, -122.965, 45.8, 2010-08-11 21:20:00, 0.0, None 
 47.59, -123.02, 55.5, 2010-08-11 21:22:30, 0.0, None 
 47.78, -122.79, 33.0, 2010-08-11 21:32:30, 0.0, None 
 47.29, -123.49, 20.0, 2010-08-11 21:35:00, 0.0, None 
 47.64, -122.88, 24.0, 2010-08-11 22:40:00, 0.0, None 
 47.62, -122.935, 30.5, 2010-08-11 23:52:30, 0.0, None 
 47.645, -122.91, 30.0, 2010-08-11 23:55:00, 0.0, None 
 47.51, -123.3, 60.0, 2010-08-12 00:12:30, 0.0, None 
 47.52, -123.13799999999999, 35.5, 2010-08-12 01:15:00, 0.0, None 
 47.57, -123.02, 30.0, 2010-08-12 01:17:30, 0.0, None 
 47.5, -123.06, 60.0, 2010-08-12 01:22:30, 0.0, None 
 47.615, -123.05, 32.5, 2010-08-12 01:25:00, 0.0, None 
 47.575, -122.96799999999999, 26.0, 2010-08-12 01:32:30, 0.0, None 
 47.571999999999996, -122.84700000000001, 25.0, 2010-08-12 01:37:30, 0.0, None 
 47.615, -122.977, 35.0, 2010-08-12 01:45:00, 0.0, None 
 47.64, -122.93, 28.0, 2010-08-12 02:02:30, 0.0, None 
 47.66, -122.89, 28.8, 2010-08-12 02:05:00, 0.0, None 
 47.6, -123.1, 42.0, 2010-08-12 02:07:30, 0.0, None 
 47.43, -122.71, 40.0, 2010-08-12 02:07:30, 0.0, None 
 47.58, -122.81, 41.5, 2010-08-12 02:12:30, 0.0, None 
 47.46, -122.94, 37.5, 2010-08-12 02:15:00, 0.0, None 
 47.74, -122.775, 27.5, 2010-08-12 02:20:00, 0.0, None 
 47.735, -122.79299999999999, 32.0, 2010-08-12 02:22:30, 0.0, None 
 47.68, -122.79700000000001, 35.0, 2010-08-12 02:25:00, 0.0, None 
 47.61, -122.88, 34.5, 2010-08-12 02:27:30, 0.0, None 
 47.69, -122.82, 27.0, 2010-08-12 02:35:00, 0.0, None 
 47.745, -122.825, 25.0, 2010-08-12 02:37:30, 0.0, None 
 47.65, -122.88, 39.5, 2010-08-12 02:40:00, 0.0, None 
 47.63, -122.9, 20.0, 2010-08-12 02:42:30, 0.0, None 
 47.395, -122.935, 22.0, 2010-08-12 03:00:00, 0.0, None 
 47.55, -122.9, 48.0, 2010-08-12 03:02:30, 0.0, None 
 47.72, -122.87, 51.0, 2010-08-12 03:05:00, 0.0, None 
 47.48, -122.915, 35.5, 2010-08-12 03:10:00, 0.0, None 
 47.625, -122.885, 39.0, 2010-08-12 03:22:30, 0.0, None 
 47.67, -122.81, 30.5, 2010-08-12 03:25:00, 0.0, None 
 47.51, -122.83, 60.0, 2010-08-12 03:27:30, 0.0, None 
 47.66, -122.88, 40.0, 2010-08-12 03:32:30, 0.0, None 
 47.655, -123.0, 54.0, 2010-08-12 03:35:00, 0.0, None 
 47.34, -122.94, 20.0, 2010-08-12 03:37:30, 0.0, None 
 47.315, -122.98200000000001, 40.0, 2010-08-12 03:40:00, 0.0, None 
 47.31, -122.935, 20.0, 2010-08-12 03:42:30, 0.0, None 
 47.475, -122.935, 60.0, 2010-08-12 03:45:00, 0.0, None 
 47.22, -122.93, 60.0, 2010-08-12 03:45:00, 0.0, None 
 47.438, -122.84299999999999, 40.0, 2010-08-12 03:47:30, 0.0, None 
 47.615, -123.115, 55.0, 2010-08-12 03:50:00, 0.0, None 
 47.63, -122.88, 45.5, 2010-08-12 03:52:30, 0.0, None 
 47.62, -122.79, 42.5, 2010-08-12 03:55:00, 0.0, None 
 47.59, -123.19, 60.0, 2010-08-12 03:57:30, 0.0, None 
 47.66, -122.88, 45.0, 2010-08-12 04:00:00, 0.0, None 
 47.675, -122.9, 43.0, 2010-08-12 04:02:30, 0.0, None 
 47.35, -122.925, 33.5, 2010-08-12 04:07:30, 0.0, None 
 47.325, -122.838, 20.0, 2010-08-12 04:10:00, 0.0, None 
 47.31, -122.865, 24.0, 2010-08-12 04:12:30, 0.0, None 
 47.582, -122.78200000000001, 32.2, 2010-08-12 04:17:30, 0.0, None 
 47.46, -122.88, 28.5, 2010-08-12 04:20:00, 0.0, None 
 47.4, -122.73, 46.0, 2010-08-12 04:22:30, 0.0, None 
 47.4, -122.905, 60.0, 2010-08-12 04:25:00, 0.0, None 
 47.56, -123.02, 31.0, 2010-08-12 04:32:30, 0.0, None 
 47.58, -123.2, 20.0, 2010-08-12 04:35:00, 0.0, None 
 47.5, -122.735, 48.0, 2010-08-12 04:37:30, 0.0, None 
 47.59, -122.94, 35.5, 2010-08-12 04:40:00, 0.0, None 
 47.535, -122.985, 20.0, 2010-08-12 04:42:30, 0.0, None 
 47.615, -122.88799999999999, 20.5, 2010-08-12 04:45:00, 0.0, None 
 47.43, -122.975, 49.5, 2010-08-12 04:47:30, 0.0, None 
 47.67, -122.815, 29.0, 2010-08-12 04:50:00, 0.0, None 
 47.475, -122.8, 40.0, 2010-08-12 04:55:00, 0.0, None 
 47.18, -122.76, 60.0, 2010-08-12 04:57:30, 0.0, None 
 47.347, -122.82799999999999, 24.8, 2010-08-12 05:02:30, 0.0, None 
 47.25, -122.895, 40.8, 2010-08-12 05:05:00, 0.0, None 
 47.3, -122.68, 20.0, 2010-08-12 05:07:30, 0.0, None 
 47.38, -122.73, 28.0, 2010-08-12 05:10:00, 0.0, None 
 47.34, -122.765, 28.2, 2010-08-12 05:12:30, 0.0, None 
 47.367, -122.915, 36.8, 2010-08-12 05:15:00, 0.0, None 
 47.285, -122.88, 34.8, 2010-08-12 05:17:30, 0.0, None 
 47.315, -122.85, 26.5, 2010-08-12 05:20:00, 0.0, None 
 47.37, -122.84700000000001, 25.5, 2010-08-12 05:22:30, 0.0, None 
 47.532, -122.757, 40.0, 2010-08-12 05:25:00, 0.0, None 
 47.39, -122.76700000000001, 33.5, 2010-08-12 05:27:30, 0.0, None 
 47.36, -122.84, 35.0, 2010-08-12 05:30:00, 0.0, None 
 47.265, -122.95, 22.5, 2010-08-12 05:32:30, 0.0, None 
 47.27, -122.925, 20.0, 2010-08-12 05:35:00, 0.0, None 
 47.39, -122.825, 20.0, 2010-08-12 05:37:30, 0.0, None 
 47.36, -122.835, 53.8, 2010-08-12 05:40:00, 0.0, None 
 47.617, -122.795, 49.5, 2010-08-12 05:42:30, 0.0, None 
 47.586999999999996, -122.882, 31.2, 2010-08-12 05:45:00, 0.0, None 
 47.59, -122.823, 32.2, 2010-08-12 05:47:30, 0.0, None 
 47.625, -122.76, 26.5, 2010-08-12 05:50:00, 0.0, None 
 47.61, -122.84700000000001, 32.8, 2010-08-12 05:55:00, 0.0, None 
 47.6, -122.81, 32.0, 2010-08-12 05:57:30, 0.0, None 
 47.49, -122.6, 55.5, 2010-08-12 06:00:00, 0.0, None 
 47.56, -122.925, 60.0, 2010-08-12 06:05:00, 0.0, None 
 47.59, -122.855, 25.0, 2010-08-12 06:07:30, 0.0, None 
 47.615, -122.815, 29.5, 2010-08-12 06:10:00, 0.0, None 
 47.63, -122.81200000000001, 29.0, 2010-08-12 06:12:30, 0.0, None 
 47.58, -122.735, 34.0, 2010-08-12 06:15:00, 0.0, None 
 47.615, -122.705, 25.0, 2010-08-12 06:17:30, 0.0, None 
 47.57, -122.79, 24.2, 2010-08-12 06:20:00, 0.0, None 
 47.6, -122.68, 27.0, 2010-08-12 06:22:30, 0.0, None 
 47.64, -122.74799999999999, 29.5, 2010-08-12 06:25:00, 0.0, None 
 47.68, -122.82, 40.0, 2010-08-12 06:27:30, 0.0, None 
 47.64, -122.67, 35.5, 2010-08-12 06:30:00, 0.0, None 
 47.635, -122.743, 41.2, 2010-08-12 06:32:30, 0.0, None 
 47.72, -122.92, 29.0, 2010-08-12 06:42:30, 0.0, None 
 47.61, -123.105, 60.0, 2010-08-12 06:45:00, 0.0, None 
 47.61, -122.97, 20.0, 2010-08-12 06:50:00, 0.0, None 
 47.38, -122.8, 20.0, 2010-08-12 06:52:30, 0.0, None 
 47.45, -122.8, 30.0, 2010-08-12 06:55:00, 0.0, None 
 47.41, -122.67, 51.5, 2010-08-12 06:57:30, 0.0, None 
 47.49, -122.64, 43.5, 2010-08-12 07:00:00, 0.0, None 
 47.285, -122.82, 55.0, 2010-08-12 07:00:00, 0.0, None 
 47.37, -122.82, 31.5, 2010-08-12 07:02:30, 0.0, None 
 47.505, -122.755, 25.0, 2010-08-12 07:07:30, 0.0, None 
 47.475, -123.0, 20.0, 2010-08-12 07:12:30, 0.0, None 
 47.53, -123.0, 39.0, 2010-08-12 07:15:00, 0.0, None 
 47.47, -122.92, 41.0, 2010-08-12 07:17:30, 0.0, None 
 47.505, -122.935, 34.2, 2010-08-12 07:20:00, 0.0, None 
 47.48, -122.92, 20.0, 2010-08-12 07:22:30, 0.0, None 
 48.22, -122.29, 38.0, 2010-08-12 07:27:30, 0.0, None 
 47.52, -122.822, 36.5, 2010-08-12 07:35:00, 0.0, None 
 47.49, -122.73, 60.0, 2010-08-12 07:42:30, 0.0, None 
 47.435, -122.995, 60.0, 2010-08-12 07:45:00, 0.0, None 
 47.485, -122.912, 29.5, 2010-08-12 07:47:30, 0.0, None 
 47.47, -122.92200000000001, 26.2, 2010-08-12 07:50:00, 0.0, None 
 47.54, -123.05, 60.0, 2010-08-12 07:52:30, 0.0, None 
 47.32, -122.78, 39.5, 2010-08-12 07:52:30, 0.0, None 
 47.595, -122.935, 32.5, 2010-08-12 07:55:00, 0.0, None 
 47.515, -123.115, 57.0, 2010-08-12 07:57:30, 0.0, None 
 47.495, -122.95, 20.0, 2010-08-12 08:00:00, 0.0, None 
 47.55, -122.92, 23.8, 2010-08-12 08:02:30, 0.0, None 
 47.555, -122.852, 22.5, 2010-08-12 08:05:00, 0.0, None 
 47.535, -122.99, 34.5, 2010-08-12 08:12:30, 0.0, None 
 47.49, -123.14, 20.0, 2010-08-12 08:15:00, 0.0, None 
 47.77, -122.93, 28.0, 2010-08-12 08:20:00, 0.0, None 
 47.77, -122.91, 20.0, 2010-08-12 08:22:30, 0.0, None 
 47.33, -122.94, 48.5, 2010-08-12 08:30:00, 0.0, None 
 47.295, -122.715, 20.0, 2010-08-12 08:40:00, 0.0, None 
 47.565, -122.88, 60.0, 2010-08-12 08:45:00, 0.0, None 
 47.68, -122.75, 36.5, 2010-08-12 08:47:30, 0.0, None 
 47.31, -122.96, 25.0, 2010-08-12 08:47:30, 0.0, None 
 47.308, -122.84299999999999, 20.0, 2010-08-12 08:50:00, 0.0, None 
 47.37, -122.84, 20.0, 2010-08-12 08:55:00, 0.0, None 
 47.31, -122.81, 60.0, 2010-08-12 08:57:30, 0.0, None 
 47.26, -122.99, 20.0, 2010-08-12 09:00:00, 0.0, None 
 47.515, -122.85799999999999, 27.8, 2010-08-12 09:02:30, 0.0, None 
 47.495, -122.9, 31.0, 2010-08-12 09:05:00, 0.0, None 
 47.565, -123.17, 20.5, 2010-08-12 09:07:30, 0.0, None 
 47.72, -123.11, 50.0, 2010-08-12 09:20:00, 0.0, None 
 47.67, -123.015, 44.5, 2010-08-12 09:22:30, 0.0, None 
 47.385, -122.835, 44.2, 2010-08-12 09:25:00, 0.0, None 
 47.38, -122.77799999999999, 40.8, 2010-08-12 09:27:30, 0.0, None 
 47.376999999999995, -122.735, 50.0, 2010-08-12 09:30:00, 0.0, None 
 47.332, -122.765, 33.5, 2010-08-12 09:32:30, 0.0, None 
 47.325, -122.83200000000001, 40.0, 2010-08-12 09:35:00, 0.0, None 
 47.355, -122.90299999999999, 27.2, 2010-08-12 09:37:30, 0.0, None 
 47.282, -122.81700000000001, 43.8, 2010-08-12 09:40:00, 0.0, None 
 47.25, -122.845, 39.0, 2010-08-12 09:42:30, 0.0, None 
 47.335, -122.915, 20.0, 2010-08-12 09:45:00, 0.0, None 
 47.38, -122.76, 20.0, 2010-08-12 09:47:30, 0.0, None 
 47.31, -123.12, 37.0, 2010-08-12 09:50:00, 0.0, None 
 47.28, -123.035, 39.5, 2010-08-12 09:52:30, 0.0, None 
 47.29, -122.83, 60.0, 2010-08-12 09:55:00, 0.0, None 
 47.61, -122.95, 20.0, 2010-08-12 10:00:00, 0.0, None 
 47.36, -122.92, 20.0, 2010-08-12 10:02:30, 0.0, None 
 47.36, -122.81, 28.0, 2010-08-12 10:05:00, 0.0, None 
 47.4, -122.82, 20.0, 2010-08-12 10:07:30, 0.0, None 
 47.415, -122.83, 20.0, 2010-08-12 10:10:00, 0.0, None 
 47.225, -122.9, 20.0, 2010-08-12 10:12:30, 0.0, None 
 47.325, -122.865, 20.0, 2010-08-12 10:15:00, 0.0, None 
 47.31, -122.885, 20.0, 2010-08-12 10:17:30, 0.0, None 
 47.297, -122.92299999999999, 20.0, 2010-08-12 10:20:00, 0.0, None 
 47.265, -122.765, 50.0, 2010-08-12 10:25:00, 0.0, None 
 47.395, -122.81, 36.8, 2010-08-12 10:27:30, 0.0, None 
 47.32, -123.09, 20.0, 2010-08-12 10:30:00, 0.0, None 
 47.383, -123.053, 40.8, 2010-08-12 10:32:30, 0.0, None 
 47.395, -122.975, 21.2, 2010-08-12 10:35:00, 0.0, None 
 47.37, -122.91, 20.0, 2010-08-12 10:37:30, 0.0, None 
 47.365, -122.87700000000001, 20.0, 2010-08-12 10:40:00, 0.0, None 
 47.37, -122.85, 20.0, 2010-08-12 10:42:30, 0.0, None 
 47.385, -122.82799999999999, 25.0, 2010-08-12 10:45:00, 0.0, None 
 47.375, -122.855, 29.0, 2010-08-12 10:47:30, 0.0, None 
 47.31, -122.72200000000001, 20.0, 2010-08-12 10:50:00, 0.0, None 
 47.358000000000004, -122.825, 29.5, 2010-08-12 10:52:30, 0.0, None 
 47.39, -122.805, 47.8, 2010-08-12 10:55:00, 0.0, None 
 47.361999999999995, -122.822, 38.8, 2010-08-12 10:57:30, 0.0, None 
 47.35, -122.775, 20.5, 2010-08-12 11:00:00, 0.0, None 
 47.265, -122.81, 36.8, 2010-08-12 11:02:30, 0.0, None 
 47.595, -122.93, 36.0, 2010-08-12 11:05:00, 0.0, None 
 47.68, -122.97, 31.0, 2010-08-12 11:07:30, 0.0, None 
 47.395, -122.865, 20.0, 2010-08-12 11:12:30, 0.0, None 
 47.37, -122.82, 46.5, 2010-08-12 11:22:30, 0.0, None 
 47.585, -123.02, 31.0, 2010-08-12 11:30:00, 0.0, None 
 47.545, -123.02, 31.0, 2010-08-12 11:32:30, 0.0, None 
 47.825, -122.92, 60.0, 2010-08-12 11:37:30, 0.0, None 
 47.55, -122.895, 50.5, 2010-08-12 11:57:30, 0.0, None 
 47.468, -123.042, 29.5, 2010-08-12 12:07:30, 0.0, None 
 47.486999999999995, -123.06700000000001, 33.2, 2010-08-12 12:10:00, 0.0, None 
 47.41, -122.92, 20.0, 2010-08-12 12:17:30, 0.0, None 
 47.425, -123.015, 24.8, 2010-08-12 12:20:00, 0.0, None 
 47.37, -122.955, 20.0, 2010-08-12 12:22:30, 0.0, None 
 47.39, -122.98, 20.0, 2010-08-12 12:25:00, 0.0, None 
 47.39, -122.93, 20.0, 2010-08-12 12:27:30, 0.0, None 
 47.42, -122.905, 28.0, 2010-08-12 12:30:00, 0.0, None 
 47.39, -122.86, 26.0, 2010-08-12 12:37:30, 0.0, None 
 47.39, -122.76, 50.0, 2010-08-12 12:45:00, 0.0, None 
 47.32, -122.89, 22.2, 2010-08-12 12:47:30, 0.0, None 
 47.35, -122.83, 20.0, 2010-08-12 12:50:00, 0.0, None 
 47.24, -122.97, 20.0, 2010-08-12 12:52:30, 0.0, None 
 47.302, -122.86, 20.0, 2010-08-12 12:55:00, 0.0, None 
 47.5, -123.17, 60.0, 2010-08-12 12:57:30, 0.0, None 
 47.205, -122.815, 60.0, 2010-08-12 12:57:30, 0.0, None 
 46.6, -121.19, 26.0, 2010-08-12 13:02:30, 0.0, None 
 47.76, -123.04, 31.0, 2010-08-12 13:10:00, 0.0, None 
 47.44, -123.28, 53.0, 2010-08-12 13:17:30, 0.0, None 
 47.47, -122.97, 60.0, 2010-08-12 13:20:00, 0.0, None 
 47.545, -123.22, 60.0, 2010-08-12 13:22:30, 0.0, None 
 47.51, -122.99, 30.5, 2010-08-12 13:47:30, 0.0, None 
 47.46, -122.97, 20.0, 2010-08-12 14:02:30, 0.0, None 
 48.21, -122.31, 60.0, 2010-08-12 14:30:00, 0.0, None 
 47.52, -123.3, 60.0, 2010-08-12 14:55:00, 0.0, None 
 47.67, -122.9, 31.0, 2010-08-12 15:32:30, 0.0, None 
 47.48, -122.94, 20.0, 2010-08-12 15:35:00, 0.0, None 
 46.57, -121.21, 20.0, 2010-08-12 16:02:30, 0.0, None 
 46.56, -121.19, 20.0, 2010-08-12 16:30:00, 0.0, None 
 47.615, -123.11, 60.0, 2010-08-12 16:50:00, 0.0, None 
 47.5, -123.3, 60.0, 2010-08-12 17:05:00, 0.0, None 
 47.525, -122.87, 32.0, 2010-08-12 17:07:30, 0.0, None 
 47.7, -123.325, 20.0, 2010-08-12 17:17:30, 0.0, None 
 47.385, -123.0, 32.8, 2010-08-12 17:32:30, 0.0, None 
 47.388000000000005, -123.01, 20.0, 2010-08-12 17:35:00, 0.0, None 
 47.38, -123.06200000000001, 20.0, 2010-08-12 17:37:30, 0.0, None 
 47.34, -123.10799999999999, 20.0, 2010-08-12 17:40:00, 0.0, None 
 47.36, -123.05, 25.0, 2010-08-12 17:42:30, 0.0, None 
 47.5, -123.1, 42.5, 2010-08-12 17:47:30, 0.0, None 
 47.4, -122.81, 20.0, 2010-08-12 17:50:00, 0.0, None 
 47.41, -123.135, 53.0, 2010-08-12 17:52:30, 0.0, None 
 47.5, -123.35, 60.0, 2010-08-12 18:05:00, 0.0, None 
 47.72, -122.83, 43.5, 2010-08-12 18:07:30, 0.0, None 
 47.72, -123.05, 26.0, 2010-08-12 18:55:00, 0.0, None 
 46.6, -121.19, 31.0, 2010-08-12 19:30:00, 0.0, None 
 47.398, -123.132, 53.0, 2010-08-12 19:47:30, 0.0, None 
 47.332, -122.95, 23.2, 2010-08-12 19:50:00, 0.0, None 
 47.725, -122.97, 53.0, 2010-08-12 19:57:30, 0.0, None 
 47.235, -122.775, 32.0, 2010-08-12 19:57:30, 0.0, None 
 47.265, -122.885, 38.0, 2010-08-12 20:22:30, 0.0, None 
 47.33, -122.91, 60.0, 2010-08-12 20:25:00, 0.0, None 
 47.63, -123.11, 30.5, 2010-08-12 20:30:00, 0.0, None 
 47.635, -122.985, 43.0, 2010-08-12 20:32:30, 0.0, None 
 47.42, -122.79, 36.5, 2010-08-12 20:35:00, 0.0, None 
 47.62, -122.92, 32.5, 2010-08-12 20:40:00, 0.0, None 
 47.74, -123.05, 24.0, 2010-08-12 20:42:30, 0.0, None 
 47.49, -123.18, 28.0, 2010-08-12 20:47:30, 0.0, None 
 47.52, -123.19, 60.0, 2010-08-12 20:57:30, 0.0, None 
 47.56, -122.97, 30.5, 2010-08-12 21:07:30, 0.0, None 
 47.47, -123.15, 55.0, 2010-08-12 21:17:30, 0.0, None 
 47.711999999999996, -122.87700000000001, 36.5, 2010-08-12 21:27:30, 0.0, None 
 47.63, -122.95, 32.0, 2010-08-12 21:30:00, 0.0, None 
 47.21, -123.1, 32.0, 2010-08-12 21:32:30, 0.0, None 
 47.32, -122.98, 20.0, 2010-08-12 21:50:00, 0.0, None 
 47.32, -122.91, 60.0, 2010-08-12 21:52:30, 0.0, None 
 47.37, -123.105, 60.0, 2010-08-12 21:57:30, 0.0, None 
 47.34, -123.045, 20.0, 2010-08-12 22:05:00, 0.0, None 
 47.335, -123.09, 21.5, 2010-08-12 22:07:30, 0.0, None 
 47.347, -123.06200000000001, 20.0, 2010-08-12 22:10:00, 0.0, None 
 47.55, -123.005, 57.0, 2010-08-12 22:20:00, 0.0, None 
 47.43, -123.075, 20.0, 2010-08-12 22:22:30, 0.0, None 
 47.485, -123.12700000000001, 20.0, 2010-08-12 22:25:00, 0.0, None 
 47.31, -123.2, 60.0, 2010-08-12 22:32:30, 0.0, None 
 47.28, -122.91, 20.0, 2010-08-12 22:37:30, 0.0, None 
 47.6, -123.21, 29.0, 2010-08-12 22:40:00, 0.0, None 
 47.52, -122.59, 60.0, 2010-08-12 22:52:30, 0.0, None 
 47.66, -123.09, 60.0, 2010-08-12 22:55:00, 0.0, None 
 47.76, -123.01, 60.0, 2010-08-12 22:57:30, 0.0, None 
 47.53, -123.07, 49.5, 2010-08-12 23:15:00, 0.0, None 
 47.615, -123.06, 29.0, 2010-08-12 23:17:30, 0.0, None 
 47.57, -123.02, 34.0, 2010-08-12 23:20:00, 0.0, None 
 47.6, -123.05, 31.0, 2010-08-12 23:22:30, 0.0, None 
 47.57, -123.26, 34.0, 2010-08-12 23:27:30, 0.0, None 
 47.62, -122.82, 20.0, 2010-08-12 23:27:30, 0.0, None 
 47.57, -123.05, 20.0, 2010-08-12 23:30:00, 0.0, None 
 48.2, -122.28, 60.0, 2010-08-12 23:32:30, 0.0, None 
 47.47, -122.91, 20.0, 2010-08-12 23:32:30, 0.0, None 
 47.555, -122.92, 35.8, 2010-08-12 23:35:00, 0.0, None 
 47.68, -122.99, 30.0, 2010-08-12 23:37:30, 0.0, None 
 47.52, -122.97, 33.0, 2010-08-13 00:00:00, 0.0, None 
 47.44, -122.96799999999999, 47.0, 2010-08-13 00:02:30, 0.0, None 
 47.51, -122.96, 46.5, 2010-08-13 00:05:00, 0.0, None 
 47.25, -122.91, 20.0, 2010-08-13 00:07:30, 0.0, None 
 47.395, -123.05, 32.8, 2010-08-13 00:12:30, 0.0, None 
 47.398, -123.05799999999999, 32.5, 2010-08-13 00:15:00, 0.0, None 
 47.365, -122.83, 22.8, 2010-08-13 00:17:30, 0.0, None 
 47.345, -122.825, 20.0, 2010-08-13 00:20:00, 0.0, None 
 47.35, -122.765, 22.0, 2010-08-13 00:22:30, 0.0, None 
 47.34, -122.785, 20.0, 2010-08-13 00:25:00, 0.0, None 
 47.44, -123.06, 48.0, 2010-08-13 00:27:30, 0.0, None 
 47.63, -122.8, 20.0, 2010-08-13 00:30:00, 0.0, None 
 47.32, -123.17, 60.0, 2010-08-13 00:37:30, 0.0, None 
 47.29, -122.885, 29.0, 2010-08-13 00:40:00, 0.0, None 
 47.315, -122.93, 20.0, 2010-08-13 00:42:30, 0.0, None 
 47.2, -122.9, 26.0, 2010-08-13 00:47:30, 0.0, None 
 47.538000000000004, -122.99799999999999, 38.0, 2010-08-13 00:55:00, 0.0, None 
 47.38, -122.9, 60.0, 2010-08-13 00:57:30, 0.0, None 
 47.365, -122.86200000000001, 30.0, 2010-08-13 01:00:00, 0.0, None 
 47.36, -122.96799999999999, 34.0, 2010-08-13 01:02:30, 0.0, None 
 47.41, -122.87, 20.0, 2010-08-13 01:05:00, 0.0, None 
 47.535, -122.97, 20.0, 2010-08-13 01:10:00, 0.0, None 
 47.445, -122.995, 20.0, 2010-08-13 01:12:30, 0.0, None 
 47.42, -122.9, 24.5, 2010-08-13 01:15:00, 0.0, None 
 47.3, -123.28, 46.0, 2010-08-13 01:17:30, 0.0, None 
 47.59, -122.99, 39.0, 2010-08-13 01:22:30, 0.0, None 
 47.57, -122.98, 47.0, 2010-08-13 01:25:00, 0.0, None 
 47.405, -122.83, 52.5, 2010-08-13 01:27:30, 0.0, None 
 47.605, -123.01, 50.5, 2010-08-13 01:32:30, 0.0, None 
 47.29, -122.68, 23.5, 2010-08-13 01:37:30, 0.0, None 
 47.69, -123.005, 28.0, 2010-08-13 01:45:00, 0.0, None 
 47.71, -123.06, 20.0, 2010-08-13 01:47:30, 0.0, None 
 47.34, -123.04, 60.0, 2010-08-13 01:47:30, 0.0, None 
 47.78, -123.3, 44.0, 2010-08-13 01:52:30, 0.0, None 
 47.4, -122.53, 60.0, 2010-08-13 02:00:00, 0.0, None 
 47.77, -123.19, 45.0, 2010-08-13 02:20:00, 0.0, None 
 47.29, -123.08, 20.0, 2010-08-13 02:47:30, 0.0, None 
 47.67, -123.095, 20.0, 2010-08-13 02:55:00, 0.0, None 
 47.61, -123.08, 35.0, 2010-08-13 03:00:00, 0.0, None 
 47.58, -123.07, 39.5, 2010-08-13 03:02:30, 0.0, None 
 47.26, -123.11, 38.0, 2010-08-13 03:07:30, 0.0, None 
 47.4, -122.75, 20.0, 2010-08-13 03:10:00, 0.0, None 
 47.4, -123.2, 60.0, 2010-08-13 03:12:30, 0.0, None 
 47.28, -123.042, 23.8, 2010-08-13 03:20:00, 0.0, None 
 47.79, -123.13, 20.0, 2010-08-13 03:25:00, 0.0, None 
 47.74, -123.29, 48.5, 2010-08-13 03:30:00, 0.0, None 
 47.695, -122.99, 27.0, 2010-08-13 03:35:00, 0.0, None 
 47.76, -123.0, 26.0, 2010-08-13 03:37:30, 0.0, None 
 47.58, -123.21, 60.0, 2010-08-13 03:40:00, 0.0, None 
 47.562, -123.012, 32.8, 2010-08-13 03:42:30, 0.0, None 
 47.53, -123.25, 60.0, 2010-08-13 03:45:00, 0.0, None 
 47.41, -123.38, 56.0, 2010-08-13 03:50:00, 0.0, None 
 47.293, -123.145, 23.8, 2010-08-13 03:52:30, 0.0, None 
 47.395, -123.16, 49.0, 2010-08-13 03:55:00, 0.0, None 
 47.5, -123.39, 30.0, 2010-08-13 03:57:30, 0.0, None 
 47.61, -123.0, 20.0, 2010-08-13 04:00:00, 0.0, None 
 47.58, -123.21, 60.0, 2010-08-13 04:05:00, 0.0, None 
 47.57, -123.17, 60.0, 2010-08-13 04:07:30, 0.0, None 
 47.4, -122.92, 20.0, 2010-08-13 04:07:30, 0.0, None 
 47.51, -123.02, 27.0, 2010-08-13 04:10:00, 0.0, None 
 47.545, -123.03, 33.5, 2010-08-13 04:12:30, 0.0, None 
 47.385, -123.04, 26.0, 2010-08-13 04:17:30, 0.0, None 
 47.11, -123.1, 20.0, 2010-08-13 04:27:30, 0.0, None 
 47.405, -123.05, 20.0, 2010-08-13 04:32:30, 0.0, None 
 47.41, -123.0, 20.0, 2010-08-13 04:47:30, 0.0, None 
 47.92, -122.78, 32.0, 2010-08-13 04:52:30, 0.0, None 
 47.78, -123.16, 24.5, 2010-08-13 05:05:00, 0.0, None 
 47.71, -123.11, 38.0, 2010-08-13 05:07:30, 0.0, None 
 47.69, -123.08, 36.0, 2010-08-13 05:10:00, 0.0, None 
 47.675, -123.17, 20.0, 2010-08-13 05:17:30, 0.0, None 
 47.78, -123.045, 43.5, 2010-08-13 05:20:00, 0.0, None 
 47.64, -123.3, 47.5, 2010-08-13 05:22:30, 0.0, None 
 47.68, -123.14, 39.5, 2010-08-13 05:25:00, 0.0, None 
 47.68, -123.19, 47.5, 2010-08-13 05:27:30, 0.0, None 
 47.47, -123.19, 60.0, 2010-08-13 05:35:00, 0.0, None 
 47.52, -123.33, 20.0, 2010-08-13 05:42:30, 0.0, None 
 47.28, -123.01, 20.0, 2010-08-13 05:45:00, 0.0, None 
 47.3, -122.977, 20.0, 2010-08-13 05:47:30, 0.0, None 
 47.415, -123.09, 60.0, 2010-08-13 05:50:00, 0.0, None 
 47.3, -123.04, 20.0, 2010-08-13 05:52:30, 0.0, None 
 47.31, -123.11, 20.0, 2010-08-13 05:55:00, 0.0, None 
 47.265, -123.155, 60.0, 2010-08-13 05:57:30, 0.0, None 
 47.55, -123.16, 60.0, 2010-08-13 06:10:00, 0.0, None 
 47.48, -123.46, 60.0, 2010-08-13 06:15:00, 0.0, None 
 47.51, -123.39, 60.0, 2010-08-13 06:17:30, 0.0, None 
 47.465, -123.47, 60.0, 2010-08-13 06:25:00, 0.0, None 
 47.385, -123.18, 60.0, 2010-08-13 06:27:30, 0.0, None 
 47.815, -123.1, 26.0, 2010-08-13 06:30:00, 0.0, None 
 47.6, -123.03, 59.0, 2010-08-13 06:32:30, 0.0, None 
 47.38, -122.53, 31.0, 2010-08-13 06:42:30, 0.0, None 
 47.76, -123.165, 60.0, 2010-08-13 06:47:30, 0.0, None 
 47.31, -122.84, 60.0, 2010-08-13 06:47:30, 0.0, None 
 47.39, -122.77, 60.0, 2010-08-13 06:50:00, 0.0, None 
 47.32, -123.0, 55.0, 2010-08-13 06:55:00, 0.0, None 
 47.265, -123.0, 60.0, 2010-08-13 06:57:30, 0.0, None 
 47.251999999999995, -122.94, 20.0, 2010-08-13 07:00:00, 0.0, None 
 47.7, -123.23, 38.0, 2010-08-13 07:05:00, 0.0, None 
 47.865, -123.145, 60.0, 2010-08-13 07:07:30, 0.0, None 
 47.79, -122.96, 60.0, 2010-08-13 07:10:00, 0.0, None 
 47.58, -123.2, 33.0, 2010-08-13 07:15:00, 0.0, None 
 47.8, -123.115, 39.5, 2010-08-13 07:17:30, 0.0, None 
 47.58, -123.1, 38.0, 2010-08-13 07:25:00, 0.0, None 
 47.68, -122.99, 55.0, 2010-08-13 07:30:00, 0.0, None 
 47.42, -123.095, 33.5, 2010-08-13 07:37:30, 0.0, None 
 47.53, -122.995, 44.0, 2010-08-13 07:40:00, 0.0, None 
 47.49, -123.23, 57.0, 2010-08-13 07:45:00, 0.0, None 
 47.37, -123.1, 38.0, 2010-08-13 07:52:30, 0.0, None 
 47.33, -122.95, 60.0, 2010-08-13 07:55:00, 0.0, None 
 47.66, -123.18, 60.0, 2010-08-13 07:57:30, 0.0, None 
 47.26, -122.845, 60.0, 2010-08-13 07:57:30, 0.0, None 
 47.37, -123.21, 38.0, 2010-08-13 08:00:00, 0.0, None 
 47.72, -122.97, 44.0, 2010-08-13 08:02:30, 0.0, None 
 47.71, -123.1, 26.5, 2010-08-13 08:05:00, 0.0, None 
 47.39, -122.48, 49.0, 2010-08-13 08:05:00, 0.0, None 
 47.74, -123.1, 30.0, 2010-08-13 08:07:30, 0.0, None 
 47.68, -122.985, 47.5, 2010-08-13 08:12:30, 0.0, None 
 47.48, -123.01, 20.0, 2010-08-13 08:15:00, 0.0, None 
 47.51, -123.14, 33.5, 2010-08-13 08:17:30, 0.0, None 
 47.43, -123.01, 55.0, 2010-08-13 08:20:00, 0.0, None 
 47.71, -123.325, 60.0, 2010-08-13 08:22:30, 0.0, None 
 47.57, -123.045, 60.0, 2010-08-13 08:22:30, 0.0, None 
 47.575, -123.135, 56.5, 2010-08-13 08:25:00, 0.0, None 
 47.5, -122.82, 34.0, 2010-08-13 08:25:00, 0.0, None 
 47.69, -123.01, 20.0, 2010-08-13 08:35:00, 0.0, None 
 47.345, -123.155, 20.0, 2010-08-13 08:42:30, 0.0, None 
 47.33, -123.08, 20.0, 2010-08-13 08:45:00, 0.0, None 
 47.275, -122.835, 20.0, 2010-08-13 08:50:00, 0.0, None 
 47.53, -123.125, 60.0, 2010-08-13 08:52:30, 0.0, None 
 47.355, -122.88, 28.8, 2010-08-13 09:05:00, 0.0, None 
 47.31, -122.995, 20.0, 2010-08-13 09:07:30, 0.0, None 
 47.295, -122.988, 20.0, 2010-08-13 09:10:00, 0.0, None 
 47.285, -123.005, 20.0, 2010-08-13 09:12:30, 0.0, None 
 47.282, -123.1, 34.0, 2010-08-13 09:15:00, 0.0, None 
 47.4, -122.9, 31.0, 2010-08-13 09:17:30, 0.0, None 
 47.375, -123.0, 29.5, 2010-08-13 09:20:00, 0.0, None 
 47.34, -122.89, 20.0, 2010-08-13 09:22:30, 0.0, None 
 47.34, -123.0, 20.0, 2010-08-13 09:27:30, 0.0, None 
 47.335, -123.175, 47.0, 2010-08-13 09:35:00, 0.0, None 
 47.255, -122.9, 20.0, 2010-08-13 09:37:30, 0.0, None 
 47.315, -122.865, 20.0, 2010-08-13 09:40:00, 0.0, None 
 47.5, -123.14, 20.0, 2010-08-13 09:42:30, 0.0, None 
 47.4, -123.175, 47.0, 2010-08-13 09:45:00, 0.0, None 
 47.59, -123.01, 20.0, 2010-08-13 09:50:00, 0.0, None 
 47.47, -123.17, 58.5, 2010-08-13 09:52:30, 0.0, None 
 47.52, -123.17, 60.0, 2010-08-13 09:57:30, 0.0, None 
 47.61, -123.19, 60.0, 2010-08-13 10:15:00, 0.0, None 
 47.695, -122.9, 60.0, 2010-08-13 10:17:30, 0.0, None 
 47.69, -122.9, 60.0, 2010-08-13 10:20:00, 0.0, None 
 47.48, -123.205, 20.0, 2010-08-13 10:30:00, 0.0, None 
 47.415, -123.2, 20.0, 2010-08-13 10:32:30, 0.0, None 
 47.5, -123.11, 60.0, 2010-08-13 10:40:00, 0.0, None 
 47.32, -123.23, 60.0, 2010-08-13 10:42:30, 0.0, None 
 47.315, -123.165, 20.0, 2010-08-13 10:45:00, 0.0, None 
 47.45, -123.29, 34.5, 2010-08-13 10:47:30, 0.0, None 
 47.52, -123.11, 45.0, 2010-08-13 10:50:00, 0.0, None 
 47.36, -123.1, 40.0, 2010-08-13 10:57:30, 0.0, None 
 47.315, -123.02, 46.5, 2010-08-13 11:00:00, 0.0, None 
 47.67, -123.13, 37.5, 2010-08-13 11:05:00, 0.0, None 
 47.575, -123.185, 50.5, 2010-08-13 11:07:30, 0.0, None 
 47.71, -123.33, 46.0, 2010-08-13 11:27:30, 0.0, None 
 47.345, -122.75, 60.0, 2010-08-13 11:30:00, 0.0, None 
 47.32, -122.92, 47.0, 2010-08-13 11:32:30, 0.0, None 
 47.53, -123.035, 42.0, 2010-08-13 11:35:00, 0.0, None 
 47.7, -123.01, 33.0, 2010-08-13 11:37:30, 0.0, None 
 47.7, -123.32, 40.5, 2010-08-13 11:45:00, 0.0, None 
 47.745, -123.0, 29.0, 2010-08-13 11:50:00, 0.0, None 
 47.59, -123.08, 60.0, 2010-08-13 11:55:00, 0.0, None 
 47.66, -123.24, 44.0, 2010-08-13 12:05:00, 0.0, None 
 47.58, -122.915, 33.0, 2010-08-13 12:10:00, 0.0, None 
 47.48, -123.31, 60.0, 2010-08-13 12:12:30, 0.0, None 
 47.73, -123.1, 32.0, 2010-08-13 12:15:00, 0.0, None 
 47.51, -122.94, 47.0, 2010-08-13 12:22:30, 0.0, None 
 47.765, -122.96, 33.0, 2010-08-13 12:25:00, 0.0, None 
 47.248000000000005, -122.89, 34.2, 2010-08-13 12:42:30, 0.0, None 
 47.3, -122.855, 39.0, 2010-08-13 12:45:00, 0.0, None 
 47.26, -122.87299999999999, 43.2, 2010-08-13 12:47:30, 0.0, None 
 47.325, -123.185, 60.0, 2010-08-13 12:55:00, 0.0, None 
 47.21, -122.92, 60.0, 2010-08-13 12:57:30, 0.0, None 
 47.295, -122.97200000000001, 20.2, 2010-08-13 13:00:00, 0.0, None 
 47.32, -122.977, 46.2, 2010-08-13 13:02:30, 0.0, None 
 47.4, -123.04, 20.0, 2010-08-13 13:12:30, 0.0, None 
 47.44, -123.09700000000001, 29.5, 2010-08-13 13:15:00, 0.0, None 
 47.39, -123.13, 34.0, 2010-08-13 13:17:30, 0.0, None 
 47.345, -123.06700000000001, 30.0, 2010-08-13 13:22:30, 0.0, None 
 47.358000000000004, -123.04, 27.8, 2010-08-13 13:25:00, 0.0, None 
 47.63, -123.23, 60.0, 2010-08-13 13:32:30, 0.0, None 
 47.6, -123.01, 56.0, 2010-08-13 13:35:00, 0.0, None 
 47.41, -122.88, 20.0, 2010-08-13 13:40:00, 0.0, None 
 47.39, -122.86, 20.0, 2010-08-13 13:47:30, 0.0, None 
 47.62, -123.19, 60.0, 2010-08-13 13:57:30, 0.0, None 
 47.81, -123.19, 20.0, 2010-08-13 14:02:30, 0.0, None 
 47.71, -122.92, 31.0, 2010-08-13 14:12:30, 0.0, None 
 47.67, -123.0, 20.0, 2010-08-13 14:15:00, 0.0, None 
 47.71, -123.04, 25.0, 2010-08-13 14:20:00, 0.0, None 
 47.73, -123.2, 30.0, 2010-08-13 14:22:30, 0.0, None 
 47.78, -123.22, 20.0, 2010-08-13 15:22:30, 0.0, None 
 47.785, -123.2, 20.0, 2010-08-13 15:35:00, 0.0, None 
 47.63, -123.02, 33.0, 2010-08-13 15:37:30, 0.0, None 
 47.7, -123.18, 20.0, 2010-08-13 15:52:30, 0.0, None 
 47.28, -123.1, 42.0, 2010-08-13 16:35:00, 0.0, None 
 47.755, -123.27, 20.0, 2010-08-13 16:37:30, 0.0, None 
 47.35, -123.1, 40.0, 2010-08-13 17:12:30, 0.0, None 
 47.4, -123.375, 41.0, 2010-08-13 17:15:00, 0.0, None 
 47.505, -123.01, 22.5, 2010-08-13 17:15:00, 0.0, None 
 47.26, -123.03, 40.0, 2010-08-13 17:45:00, 0.0, None 
 47.64, -123.08, 49.0, 2010-08-13 17:47:30, 0.0, None 
 47.67, -122.96, 60.0, 2010-08-13 17:50:00, 0.0, None 
 47.82, -123.175, 60.0, 2010-08-13 18:25:00, 0.0, None 
 47.68, -123.24, 60.0, 2010-08-13 18:52:30, 0.0, None 
 47.78, -123.24, 21.0, 2010-08-13 19:10:00, 0.0, None 
 47.67, -123.19, 29.0, 2010-08-13 19:12:30, 0.0, None 
 47.675, -122.99, 34.0, 2010-08-13 19:30:00, 0.0, None 
 47.68, -122.99, 31.0, 2010-08-13 19:32:30, 0.0, None 
 47.73, -123.065, 35.0, 2010-08-13 19:42:30, 0.0, None 
 47.53, -123.43, 47.0, 2010-08-13 19:57:30, 0.0, None 
 47.61, -123.22, 34.0, 2010-08-13 20:30:00, 0.0, None 
 47.72, -123.09, 30.0, 2010-08-13 20:45:00, 0.0, None 
 47.65, -123.28, 20.0, 2010-08-13 21:22:30, 0.0, None 
 47.905, -122.83, 60.0, 2010-08-13 21:27:30, 0.0, None 
 47.34, -122.74, 46.0, 2010-08-13 22:00:00, 0.0, None 
 47.3, -122.95, 56.0, 2010-08-13 22:02:30, 0.0, None 
 47.22, -123.13, 20.0, 2010-08-13 22:05:00, 0.0, None 
 47.815, -123.1, 33.0, 2010-08-13 22:27:30, 0.0, None 
 47.81, -123.18, 33.0, 2010-08-13 22:30:00, 0.0, None 
 47.97, -123.4, 20.0, 2010-08-13 22:40:00, 0.0, None 
 47.5, -122.985, 23.5, 2010-08-13 22:55:00, 0.0, None 
 47.84, -123.005, 23.0, 2010-08-13 23:07:30, 0.0, None 
 47.7, -122.985, 34.0, 2010-08-13 23:17:30, 0.0, None 
 47.745, -122.97, 30.5, 2010-08-13 23:20:00, 0.0, None 
 47.66, -123.19, 29.0, 2010-08-13 23:22:30, 0.0, None 
 47.43, -123.4, 60.0, 2010-08-13 23:25:00, 0.0, None 
 47.355, -123.06, 51.0, 2010-08-13 23:32:30, 0.0, None 
 47.33, -123.025, 20.0, 2010-08-13 23:35:00, 0.0, None 
 47.3, -123.09, 20.0, 2010-08-13 23:37:30, 0.0, None 
 47.67, -123.015, 48.0, 2010-08-13 23:42:30, 0.0, None 
 47.3, -123.02, 20.0, 2010-08-13 23:42:30, 0.0, None 
 47.32, -122.98, 24.5, 2010-08-13 23:45:00, 0.0, None 
 47.275, -122.975, 20.0, 2010-08-13 23:47:30, 0.0, None 
 47.59, -122.775, 60.0, 2010-08-13 23:55:00, 0.0, None 
 47.25, -122.985, 28.0, 2010-08-13 23:55:00, 0.0, None 
 47.255, -122.98, 23.0, 2010-08-14 00:12:30, 0.0, None 
 47.258, -122.863, 20.0, 2010-08-14 00:15:00, 0.0, None 
 47.36, -123.03, 60.0, 2010-08-14 00:22:30, 0.0, None 
 47.4, -122.915, 20.0, 2010-08-14 00:27:30, 0.0, None 
 47.36, -123.16, 31.0, 2010-08-14 00:30:00, 0.0, None 
 47.645, -123.17, 39.5, 2010-08-14 00:32:30, 0.0, None 
 47.63, -123.26, 47.0, 2010-08-14 00:35:00, 0.0, None 
 47.58, -123.21, 59.0, 2010-08-14 00:37:30, 0.0, None 
 47.645, -123.02, 32.0, 2010-08-14 00:40:00, 0.0, None 
 47.73, -123.03, 27.0, 2010-08-14 00:45:00, 0.0, None 
 47.605, -123.145, 38.0, 2010-08-14 00:47:30, 0.0, None 
 47.57, -123.37, 38.0, 2010-08-14 00:50:00, 0.0, None 
 47.61, -123.16, 45.5, 2010-08-14 00:55:00, 0.0, None 
 47.53, -123.27, 60.0, 2010-08-14 00:57:30, 0.0, None 
 47.59, -123.0, 30.5, 2010-08-14 01:00:00, 0.0, None 
 47.58, -122.995, 30.0, 2010-08-14 01:02:30, 0.0, None 
 47.645, -123.015, 26.0, 2010-08-14 01:05:00, 0.0, None 
 47.64, -122.91, 37.0, 2010-08-14 01:22:30, 0.0, None 
 47.63, -122.935, 38.0, 2010-08-14 01:25:00, 0.0, None 
 47.66, -122.81, 37.0, 2010-08-14 01:32:30, 0.0, None 
 47.66, -122.82, 31.0, 2010-08-14 01:35:00, 0.0, None 
 47.75, -123.12, 33.0, 2010-08-14 01:40:00, 0.0, None 
 47.78, -123.22, 60.0, 2010-08-14 01:42:30, 0.0, None 
 46.995, -123.035, 60.0, 2010-08-14 01:42:30, 0.0, None 
 47.71, -123.0, 45.0, 2010-08-14 01:47:30, 0.0, None 
 47.66, -123.16, 51.0, 2010-08-14 01:50:00, 0.0, None 
 47.65, -123.17, 20.0, 2010-08-14 01:55:00, 0.0, None 
 47.5, -123.02, 60.0, 2010-08-14 02:00:00, 0.0, None 
 47.69, -123.18, 23.0, 2010-08-14 02:02:30, 0.0, None 
 47.7, -123.15, 22.5, 2010-08-14 02:05:00, 0.0, None 
 47.69, -122.76, 20.0, 2010-08-14 02:10:00, 0.0, None 
 47.71, -122.72, 27.0, 2010-08-14 02:12:30, 0.0, None 
 47.51, -123.48, 60.0, 2010-08-14 02:20:00, 0.0, None 
 47.79, -123.01, 33.0, 2010-08-14 02:22:30, 0.0, None 
 47.655, -122.845, 28.5, 2010-08-14 02:30:00, 0.0, None 
 47.65, -122.89, 30.0, 2010-08-14 02:32:30, 0.0, None 
 47.4, -123.11, 20.0, 2010-08-14 02:35:00, 0.0, None 
 47.3, -123.085, 27.8, 2010-08-14 02:40:00, 0.0, None 
 47.29, -122.985, 33.2, 2010-08-14 02:42:30, 0.0, None 
 47.35, -123.0, 40.0, 2010-08-14 02:45:00, 0.0, None 
 47.295, -123.04700000000001, 25.2, 2010-08-14 02:47:30, 0.0, None 
 47.38, -123.39, 60.0, 2010-08-14 02:55:00, 0.0, None 
 47.39, -123.3, 60.0, 2010-08-14 02:57:30, 0.0, None 
 47.77, -123.29, 32.0, 2010-08-14 03:00:00, 0.0, None 
 47.655, -123.27, 29.0, 2010-08-14 03:02:30, 0.0, None 
 47.343, -123.065, 20.0, 2010-08-14 03:05:00, 0.0, None 
 47.8, -123.27, 39.5, 2010-08-14 03:25:00, 0.0, None 
 47.81, -123.12, 33.0, 2010-08-14 03:27:30, 0.0, None 
 47.78, -123.11, 34.0, 2010-08-14 03:32:30, 0.0, None 
 47.51, -122.79, 44.0, 2010-08-14 03:37:30, 0.0, None 
 47.595, -122.91, 51.0, 2010-08-14 03:42:30, 0.0, None 
 47.56, -122.96, 50.0, 2010-08-14 03:45:00, 0.0, None 
 47.74, -123.095, 30.0, 2010-08-14 04:10:00, 0.0, None 
 47.86, -123.27, 20.0, 2010-08-14 04:12:30, 0.0, None 
 47.77, -123.045, 25.0, 2010-08-14 04:20:00, 0.0, None 
 47.46, -122.875, 55.5, 2010-08-14 04:27:30, 0.0, None 
 47.27, -123.0, 20.0, 2010-08-14 04:47:30, 0.0, None 
 47.26, -122.95299999999999, 45.0, 2010-08-14 04:50:00, 0.0, None 
 47.6, -122.98, 60.0, 2010-08-14 05:05:00, 0.0, None 
 47.59, -123.04, 60.0, 2010-08-14 05:17:30, 0.0, None 
 47.6, -123.27, 20.0, 2010-08-14 05:20:00, 0.0, None 
 47.775, -123.21, 29.5, 2010-08-14 05:22:30, 0.0, None 
 47.51, -123.51, 46.0, 2010-08-14 05:27:30, 0.0, None 
 47.495, -123.125, 58.0, 2010-08-14 05:30:00, 0.0, None 
 47.49, -123.18, 45.5, 2010-08-14 05:32:30, 0.0, None 
 47.76, -123.27, 24.0, 2010-08-14 05:42:30, 0.0, None 
 47.68, -123.21, 40.0, 2010-08-14 05:45:00, 0.0, None 
 47.67, -122.925, 60.0, 2010-08-14 05:47:30, 0.0, None 
 47.69, -122.9, 60.0, 2010-08-14 05:55:00, 0.0, None 
 47.485, -123.26, 34.5, 2010-08-14 06:10:00, 0.0, None 
 47.225, -123.118, 43.2, 2010-08-14 06:12:30, 0.0, None 
 47.76, -123.16, 20.0, 2010-08-14 06:22:30, 0.0, None 
 47.76, -123.17, 20.0, 2010-08-14 06:25:00, 0.0, None 
 47.8, -123.07, 30.0, 2010-08-14 06:27:30, 0.0, None 
 47.81, -123.17, 38.0, 2010-08-14 06:30:00, 0.0, None 
 47.78, -123.11, 32.0, 2010-08-14 06:32:30, 0.0, None 
 47.7, -123.06, 39.0, 2010-08-14 06:35:00, 0.0, None 
 47.285, -123.005, 54.0, 2010-08-14 06:42:30, 0.0, None 
 47.79, -123.12, 29.5, 2010-08-14 08:05:00, 0.0, None 
 47.8, -123.255, 20.0, 2010-08-14 08:07:30, 0.0, None 
 47.64, -123.01, 56.0, 2010-08-14 08:22:30, 0.0, None 
 47.78, -123.2, 20.0, 2010-08-14 08:30:00, 0.0, None 
 47.79, -123.22, 20.0, 2010-08-14 08:32:30, 0.0, None 
 47.67, -123.11, 30.0, 2010-08-14 08:35:00, 0.0, None 
 47.77, -123.165, 23.0, 2010-08-14 08:37:30, 0.0, None 
 47.81, -123.22, 20.0, 2010-08-14 08:42:30, 0.0, None 
 47.81, -123.14, 52.0, 2010-08-14 08:45:00, 0.0, None 
 47.58, -123.135, 35.0, 2010-08-14 08:52:30, 0.0, None 
 47.67, -123.21, 20.0, 2010-08-14 08:55:00, 0.0, None 
 47.51, -122.93, 60.0, 2010-08-14 09:02:30, 0.0, None 
 47.735, -123.11, 41.5, 2010-08-14 09:12:30, 0.0, None 
 47.82, -123.1, 58.0, 2010-08-14 09:15:00, 0.0, None 
 47.83, -123.12, 37.0, 2010-08-14 09:17:30, 0.0, None 
 47.8, -123.12, 44.0, 2010-08-14 09:20:00, 0.0, None 
 47.52, -122.97, 60.0, 2010-08-14 09:22:30, 0.0, None 
 47.8, -123.14, 37.0, 2010-08-14 09:25:00, 0.0, None 
 47.81, -123.27, 20.0, 2010-08-14 09:32:30, 0.0, None 
 47.82, -123.12, 20.0, 2010-08-14 09:35:00, 0.0, None 
 47.815, -123.19, 30.5, 2010-08-14 09:37:30, 0.0, None 
 47.58, -122.995, 54.0, 2010-08-14 09:42:30, 0.0, None 
 47.625, -123.17, 36.5, 2010-08-14 09:45:00, 0.0, None 
 47.795, -123.3, 20.0, 2010-08-14 09:47:30, 0.0, None 
 47.236999999999995, -122.975, 50.0, 2010-08-14 09:57:30, 0.0, None 
 47.29, -122.90700000000001, 54.5, 2010-08-14 10:00:00, 0.0, None 
 47.6, -123.13, 49.0, 2010-08-14 10:05:00, 0.0, None 
 47.29, -123.11, 20.0, 2010-08-14 10:07:30, 0.0, None 
 47.275, -123.037, 20.0, 2010-08-14 10:10:00, 0.0, None 
 47.275, -123.042, 20.0, 2010-08-14 10:12:30, 0.0, None 
 47.255, -123.053, 20.0, 2010-08-14 10:15:00, 0.0, None 
 47.233000000000004, -123.072, 20.0, 2010-08-14 10:17:30, 0.0, None 
 47.27, -123.095, 23.0, 2010-08-14 10:20:00, 0.0, None 
 47.26, -122.955, 29.0, 2010-08-14 10:22:30, 0.0, None 
 47.27, -123.162, 40.5, 2010-08-14 10:25:00, 0.0, None 
 47.303000000000004, -123.13, 40.0, 2010-08-14 10:27:30, 0.0, None 
 47.875, -123.17, 26.0, 2010-08-14 10:37:30, 0.0, None 
 47.28, -123.145, 60.0, 2010-08-14 10:37:30, 0.0, None 
 47.21, -123.16, 42.0, 2010-08-14 10:40:00, 0.0, None 
 47.84, -123.25, 29.0, 2010-08-14 10:50:00, 0.0, None 
 47.8, -123.13, 28.0, 2010-08-14 10:52:30, 0.0, None 
 47.8, -123.15, 32.5, 2010-08-14 10:55:00, 0.0, None 
 47.82, -123.12, 36.5, 2010-08-14 10:57:30, 0.0, None 
 47.67, -123.43, 20.0, 2010-08-14 11:05:00, 0.0, None 
 47.69, -123.41, 20.0, 2010-08-14 11:07:30, 0.0, None 
 47.59, -123.01, 60.0, 2010-08-14 11:12:30, 0.0, None 
 47.2, -122.82, 60.0, 2010-08-14 11:17:30, 0.0, None 
 47.32, -123.12299999999999, 20.0, 2010-08-14 11:22:30, 0.0, None 
 47.52, -123.21, 35.5, 2010-08-14 11:30:00, 0.0, None 
 47.405, -123.205, 60.0, 2010-08-14 11:35:00, 0.0, None 
 47.615, -123.165, 41.0, 2010-08-14 11:37:30, 0.0, None 
 47.615, -123.23, 24.5, 2010-08-14 11:40:00, 0.0, None 
 47.67, -123.255, 27.0, 2010-08-14 11:42:30, 0.0, None 
 47.66, -123.2, 26.5, 2010-08-14 11:45:00, 0.0, None 
 47.61, -123.145, 40.0, 2010-08-14 11:47:30, 0.0, None 
 47.6, -123.19, 32.0, 2010-08-14 11:50:00, 0.0, None 
 47.76, -123.41, 60.0, 2010-08-14 11:57:30, 0.0, None 
 47.66, -123.17, 30.0, 2010-08-14 12:00:00, 0.0, None 
 47.67, -123.21, 35.0, 2010-08-14 12:02:30, 0.0, None 
 47.695, -123.26, 27.5, 2010-08-14 12:05:00, 0.0, None 
 47.73, -123.145, 25.0, 2010-08-14 12:07:30, 0.0, None 
 47.875, -123.03, 20.0, 2010-08-14 12:10:00, 0.0, None 
 47.395, -123.18, 20.0, 2010-08-14 12:17:30, 0.0, None 
 47.685, -123.01, 57.0, 2010-08-14 12:20:00, 0.0, None 
 47.77, -123.03, 31.5, 2010-08-14 12:22:30, 0.0, None 
 47.755, -123.02, 28.0, 2010-08-14 12:25:00, 0.0, None 
 47.78, -123.07, 25.0, 2010-08-14 12:27:30, 0.0, None 
 47.79, -123.07, 35.0, 2010-08-14 12:30:00, 0.0, None 
 47.79, -123.01, 37.0, 2010-08-14 12:35:00, 0.0, None 
 47.82, -123.005, 37.0, 2010-08-14 12:40:00, 0.0, None 
 47.82, -122.99, 40.0, 2010-08-14 12:42:30, 0.0, None 
 47.575, -123.5, 20.0, 2010-08-14 12:55:00, 0.0, None 
 47.875, -123.25, 60.0, 2010-08-14 12:57:30, 0.0, None 
 47.69, -122.905, 41.0, 2010-08-14 13:10:00, 0.0, None 
 47.68, -122.795, 60.0, 2010-08-14 13:12:30, 0.0, None 
 47.69, -123.005, 31.0, 2010-08-14 13:15:00, 0.0, None 
 47.785, -123.12, 31.5, 2010-08-14 13:17:30, 0.0, None 
 47.77, -123.08, 43.0, 2010-08-14 13:20:00, 0.0, None 
 47.655, -123.1, 60.0, 2010-08-14 13:22:30, 0.0, None 
 47.48, -123.28, 60.0, 2010-08-14 13:30:00, 0.0, None 
 47.43, -123.37, 20.0, 2010-08-14 13:32:30, 0.0, None 
 47.86, -123.17, 30.0, 2010-08-14 13:45:00, 0.0, None 
 47.85, -123.165, 30.0, 2010-08-14 13:47:30, 0.0, None 
 47.81, -123.14, 29.0, 2010-08-14 13:50:00, 0.0, None 
 47.82, -123.07, 25.5, 2010-08-14 13:55:00, 0.0, None 
 47.88, -122.965, 43.0, 2010-08-14 13:57:30, 0.0, None 
 47.25, -123.105, 43.5, 2010-08-14 14:05:00, 0.0, None 
 47.23, -122.95, 30.0, 2010-08-14 14:15:00, 0.0, None 
 47.27, -123.065, 20.0, 2010-08-14 14:17:30, 0.0, None 
 47.24, -123.095, 20.0, 2010-08-14 14:20:00, 0.0, None 
 47.25, -122.98, 20.0, 2010-08-14 14:25:00, 0.0, None 
 47.255, -123.04, 27.5, 2010-08-14 14:27:30, 0.0, None 
 47.29, -123.08, 20.0, 2010-08-14 14:30:00, 0.0, None 
 47.213, -123.05, 32.5, 2010-08-14 14:42:30, 0.0, None 
 47.28, -123.04299999999999, 37.2, 2010-08-14 14:50:00, 0.0, None 
 47.27, -123.01, 33.0, 2010-08-14 14:52:30, 0.0, None 
 47.3, -123.035, 20.0, 2010-08-14 15:07:30, 0.0, None 
 47.24, -122.935, 40.0, 2010-08-14 15:10:00, 0.0, None 
 47.275, -122.965, 20.0, 2010-08-14 15:12:30, 0.0, None 
 47.31, -123.05, 60.0, 2010-08-14 15:20:00, 0.0, None 
 47.3, -122.945, 28.5, 2010-08-14 15:32:30, 0.0, None 
 47.35, -122.89, 58.0, 2010-08-14 15:35:00, 0.0, None 
 47.31, -123.08, 40.0, 2010-08-14 15:37:30, 0.0, None 
 47.31, -123.005, 20.0, 2010-08-14 15:47:30, 0.0, None 
 47.33, -122.98, 20.0, 2010-08-14 15:50:00, 0.0, None 
 47.33, -123.0, 20.0, 2010-08-14 15:52:30, 0.0, None 
 47.34, -122.993, 31.0, 2010-08-14 15:55:00, 0.0, None 
 47.338, -122.97200000000001, 57.2, 2010-08-14 15:57:30, 0.0, None 
 47.59, -123.105, 40.5, 2010-08-14 16:10:00, 0.0, None 
 47.635, -123.18, 25.0, 2010-08-14 16:12:30, 0.0, None 
 47.33, -123.1, 24.0, 2010-08-14 16:15:00, 0.0, None 
 47.47, -123.0, 35.0, 2010-08-14 16:17:30, 0.0, None 
 47.27, -122.97, 31.0, 2010-08-14 16:20:00, 0.0, None 
 47.63, -123.285, 35.0, 2010-08-14 16:27:30, 0.0, None 
 47.63, -123.395, 29.0, 2010-08-14 16:30:00, 0.0, None 
 47.36, -122.898, 45.2, 2010-08-14 16:32:30, 0.0, None 
 47.77, -123.08, 30.0, 2010-08-14 16:40:00, 0.0, None 
 47.77, -123.06, 22.5, 2010-08-14 16:42:30, 0.0, None 
 47.79, -123.275, 40.5, 2010-08-14 16:47:30, 0.0, None 
 47.7, -123.19, 34.0, 2010-08-14 16:52:30, 0.0, None 
 47.685, -123.33, 41.0, 2010-08-14 16:57:30, 0.0, None 
 47.79, -123.24, 20.0, 2010-08-14 17:00:00, 0.0, None 
 47.88, -123.27, 20.0, 2010-08-14 17:05:00, 0.0, None 
 47.88, -123.29, 20.0, 2010-08-14 17:07:30, 0.0, None 
 47.58, -123.305, 60.0, 2010-08-14 17:12:30, 0.0, None 
 47.77, -123.065, 49.0, 2010-08-14 17:15:00, 0.0, None 
 47.58, -123.2, 32.0, 2010-08-14 17:47:30, 0.0, None 
 47.66, -123.19, 29.0, 2010-08-14 17:50:00, 0.0, None 
 47.61, -123.19, 33.0, 2010-08-14 17:52:30, 0.0, None 
 47.59, -123.18, 33.0, 2010-08-14 17:55:00, 0.0, None 
 47.515, -123.305, 43.0, 2010-08-14 17:57:30, 0.0, None 
 47.68, -123.265, 22.0, 2010-08-14 18:00:00, 0.0, None 
 47.595, -123.33, 48.0, 2010-08-14 18:02:30, 0.0, None 
 47.245, -122.93, 30.0, 2010-08-14 18:05:00, 0.0, None 
 47.66, -123.28, 41.0, 2010-08-14 18:20:00, 0.0, None 
 47.66, -123.25, 29.0, 2010-08-14 18:32:30, 0.0, None 
 47.43, -123.3, 20.0, 2010-08-14 18:35:00, 0.0, None 
 47.62, -123.27, 20.0, 2010-08-14 19:00:00, 0.0, None 
 47.635, -123.3, 24.0, 2010-08-14 19:02:30, 0.0, None 
 47.605, -123.29, 50.5, 2010-08-14 19:05:00, 0.0, None 
 47.64, -123.2, 20.0, 2010-08-14 19:07:30, 0.0, None 
 47.61, -123.22, 32.0, 2010-08-14 19:10:00, 0.0, None 
 47.57, -123.165, 35.0, 2010-08-14 19:12:30, 0.0, None 
 47.61, -123.17, 41.5, 2010-08-14 19:15:00, 0.0, None 
 47.59, -123.38, 31.0, 2010-08-14 19:20:00, 0.0, None 
 47.57, -123.29, 29.0, 2010-08-14 19:27:30, 0.0, None 
 47.79, -123.39, 60.0, 2010-08-14 19:40:00, 0.0, None 
 47.56, -123.025, 25.0, 2010-08-14 19:55:00, 0.0, None 
 47.4, -123.04, 60.0, 2010-08-14 19:57:30, 0.0, None 
 47.52, -123.23, 46.0, 2010-08-14 20:07:30, 0.0, None 
 47.71, -123.1, 35.0, 2010-08-14 20:10:00, 0.0, None 
 47.7, -123.12, 29.0, 2010-08-14 20:12:30, 0.0, None 
 47.67, -123.13, 30.0, 2010-08-14 20:15:00, 0.0, None 
 47.61, -123.115, 35.0, 2010-08-14 20:22:30, 0.0, None 
 47.66, -123.38, 60.0, 2010-08-14 20:47:30, 0.0, None 
 47.58, -123.47, 60.0, 2010-08-14 20:50:00, 0.0, None 
 47.29, -123.075, 29.0, 2010-08-14 21:00:00, 0.0, None 
 47.255, -123.18, 35.0, 2010-08-14 21:02:30, 0.0, None 
 47.23, -123.05, 20.0, 2010-08-14 21:05:00, 0.0, None 
 47.24, -123.085, 47.2, 2010-08-14 21:07:30, 0.0, None 
 47.345, -123.053, 39.0, 2010-08-14 21:10:00, 0.0, None 
 47.275, -122.995, 60.0, 2010-08-14 21:12:30, 0.0, None 
 47.233000000000004, -122.98700000000001, 24.0, 2010-08-14 21:17:30, 0.0, None 
 47.28, -122.86, 40.5, 2010-08-14 21:20:00, 0.0, None 
 47.21, -123.07, 30.0, 2010-08-14 21:25:00, 0.0, None 
 47.28, -123.1, 56.0, 2010-08-14 21:27:30, 0.0, None 
 47.19, -122.7, 20.0, 2010-08-14 21:40:00, 0.0, None 
 47.225, -122.97, 22.5, 2010-08-14 21:52:30, 0.0, None 
 47.4, -123.28, 60.0, 2010-08-14 21:57:30, 0.0, None 
 47.21, -122.97, 32.5, 2010-08-14 22:05:00, 0.0, None 
 47.77, -123.24, 20.0, 2010-08-14 22:25:00, 0.0, None 
 47.745, -123.24, 20.0, 2010-08-14 22:27:30, 0.0, None 
 47.17, -123.02, 32.0, 2010-08-14 22:30:00, 0.0, None 
 47.68, -123.0, 43.0, 2010-08-14 22:35:00, 0.0, None 
 47.83, -123.34, 47.0, 2010-08-14 22:47:30, 0.0, None 
 47.625, -123.08, 37.0, 2010-08-14 22:50:00, 0.0, None 
 47.76, -123.175, 29.5, 2010-08-14 22:52:30, 0.0, None 
 47.8, -123.24, 20.0, 2010-08-14 22:55:00, 0.0, None 
 47.74, -123.09, 35.0, 2010-08-14 22:57:30, 0.0, None 
 47.79, -123.1, 29.0, 2010-08-14 23:05:00, 0.0, None 
 47.81, -123.15, 29.0, 2010-08-14 23:07:30, 0.0, None 
 47.87, -122.965, 60.0, 2010-08-14 23:10:00, 0.0, None 
 47.85, -123.13, 60.0, 2010-08-14 23:12:30, 0.0, None 
 47.645, -122.97, 60.0, 2010-08-14 23:15:00, 0.0, None 
 47.815, -123.12, 32.0, 2010-08-14 23:22:30, 0.0, None 
 47.76, -123.3, 20.0, 2010-08-14 23:30:00, 0.0, None 
 47.75, -123.22, 20.0, 2010-08-14 23:32:30, 0.0, None 
 47.28, -123.08, 29.0, 2010-08-14 23:40:00, 0.0, None 
 47.275, -123.11200000000001, 26.8, 2010-08-14 23:45:00, 0.0, None 
 47.28, -123.095, 27.0, 2010-08-14 23:47:30, 0.0, None 
 47.81, -123.41, 20.0, 2010-08-15 00:02:30, 0.0, None 
 47.85, -123.2, 31.0, 2010-08-15 00:05:00, 0.0, None 
 47.85, -123.16, 50.0, 2010-08-15 00:07:30, 0.0, None 
 47.81, -123.06, 24.0, 2010-08-15 00:25:00, 0.0, None 
 47.715, -123.3, 39.0, 2010-08-15 00:52:30, 0.0, None 
 47.11, -122.92, 60.0, 2010-08-15 00:52:30, 0.0, None 
 48.01, -122.92, 20.0, 2010-08-15 00:55:00, 0.0, None 
 47.65, -123.4, 20.0, 2010-08-15 00:57:30, 0.0, None 
 47.675, -123.39, 20.0, 2010-08-15 01:00:00, 0.0, None 
 47.72, -123.305, 29.5, 2010-08-15 01:10:00, 0.0, None 
 47.66, -123.335, 20.0, 2010-08-15 01:12:30, 0.0, None 
 47.5, -122.83, 45.0, 2010-08-15 01:12:30, 0.0, None 
 47.59, -123.28, 42.0, 2010-08-15 01:15:00, 0.0, None 
 47.62, -123.23, 20.0, 2010-08-15 01:20:00, 0.0, None 
 47.57, -123.09, 44.5, 2010-08-15 01:22:30, 0.0, None 
 47.5, -123.17, 40.0, 2010-08-15 01:25:00, 0.0, None 
 47.7, -123.04, 21.0, 2010-08-15 01:27:30, 0.0, None 
 47.395, -123.12, 20.0, 2010-08-15 01:30:00, 0.0, None 
 47.395, -123.21, 25.8, 2010-08-15 01:32:30, 0.0, None 
 47.29, -123.09, 20.0, 2010-08-15 01:35:00, 0.0, None 
 47.205, -123.09, 27.2, 2010-08-15 01:37:30, 0.0, None 
 47.295, -123.175, 29.5, 2010-08-15 01:40:00, 0.0, None 
 47.36, -123.13, 51.5, 2010-08-15 01:42:30, 0.0, None 
 47.266999999999996, -122.84, 45.8, 2010-08-15 01:50:00, 0.0, None 
 47.24, -122.9, 60.0, 2010-08-15 01:52:30, 0.0, None 
 47.215, -123.005, 60.0, 2010-08-15 01:55:00, 0.0, None 
 47.21, -123.04, 59.2, 2010-08-15 01:57:30, 0.0, None 
 47.275, -123.075, 32.0, 2010-08-15 02:00:00, 0.0, None 
 47.282, -123.005, 36.8, 2010-08-15 02:02:30, 0.0, None 
 47.33, -122.90299999999999, 47.0, 2010-08-15 02:05:00, 0.0, None 
 47.295, -123.045, 20.0, 2010-08-15 02:07:30, 0.0, None 
 47.29, -123.06, 20.0, 2010-08-15 02:10:00, 0.0, None 
 47.295, -122.965, 29.2, 2010-08-15 02:12:30, 0.0, None 
 47.45, -122.99, 60.0, 2010-08-15 02:15:00, 0.0, None 
 47.19, -122.905, 20.0, 2010-08-15 02:15:00, 0.0, None 
 47.89, -123.03, 56.5, 2010-08-15 02:17:30, 0.0, None 
 47.77, -123.13, 60.0, 2010-08-15 02:20:00, 0.0, None 
 47.8, -123.1, 31.0, 2010-08-15 02:22:30, 0.0, None 
 48.17, -123.18, 35.0, 2010-08-15 02:25:00, 0.0, None 
 47.87, -123.09, 60.0, 2010-08-15 02:25:00, 0.0, None 
 47.79, -123.1, 25.0, 2010-08-15 02:27:30, 0.0, None 
 47.675, -122.885, 60.0, 2010-08-15 02:30:00, 0.0, None 
 47.32, -122.95, 50.0, 2010-08-15 02:30:00, 0.0, None 
 47.79, -122.925, 43.5, 2010-08-15 02:32:30, 0.0, None 
 47.32, -122.93, 45.5, 2010-08-15 02:32:30, 0.0, None 
 47.27, -122.955, 31.0, 2010-08-15 02:35:00, 0.0, None 
 47.27, -123.07, 51.0, 2010-08-15 02:37:30, 0.0, None 
 47.12, -122.83, 30.0, 2010-08-15 02:50:00, 0.0, None 
 47.605, -123.07, 60.0, 2010-08-15 02:52:30, 0.0, None 
 48.08, -122.9, 20.0, 2010-08-15 02:55:00, 0.0, None 
 47.82, -123.02, 41.0, 2010-08-15 02:55:00, 0.0, None 
 47.875, -123.035, 33.0, 2010-08-15 02:57:30, 0.0, None 
 47.815, -123.01299999999999, 29.0, 2010-08-15 03:00:00, 0.0, None 
 47.14, -122.725, 20.0, 2010-08-15 03:00:00, 0.0, None 
 47.8, -123.07, 33.5, 2010-08-15 03:02:30, 0.0, None 
 47.24, -122.90299999999999, 30.8, 2010-08-15 03:10:00, 0.0, None 
 47.235, -122.8, 20.0, 2010-08-15 03:12:30, 0.0, None 
 47.76, -122.89, 20.0, 2010-08-15 03:20:00, 0.0, None 
 47.9, -123.36, 20.0, 2010-08-15 03:22:30, 0.0, None 
 47.68, -123.26, 26.5, 2010-08-15 03:22:30, 0.0, None 
 47.92, -123.295, 51.0, 2010-08-15 03:25:00, 0.0, None 
 47.495, -123.16, 60.0, 2010-08-15 03:25:00, 0.0, None 
 47.205, -122.93, 28.0, 2010-08-15 03:27:30, 0.0, None 
 47.315, -123.085, 60.0, 2010-08-15 03:30:00, 0.0, None 
 47.345, -122.958, 35.5, 2010-08-15 03:32:30, 0.0, None 
 47.28, -122.9, 28.0, 2010-08-15 03:35:00, 0.0, None 
 47.41, -123.17, 56.0, 2010-08-15 03:40:00, 0.0, None 
 47.645, -123.15, 30.0, 2010-08-15 03:45:00, 0.0, None 
 47.52, -122.875, 20.0, 2010-08-15 03:47:30, 0.0, None 
 47.218, -123.025, 49.2, 2010-08-15 03:50:00, 0.0, None 
 47.37, -122.9, 26.5, 2010-08-15 03:52:30, 0.0, None 
 47.38, -122.98700000000001, 29.2, 2010-08-15 03:55:00, 0.0, None 
 47.32, -122.82, 20.0, 2010-08-15 04:00:00, 0.0, None 
 47.3, -123.15, 45.0, 2010-08-15 04:12:30, 0.0, None 
 47.765, -123.19, 42.0, 2010-08-15 04:17:30, 0.0, None 
 47.4, -123.0, 47.5, 2010-08-15 04:32:30, 0.0, None 
 47.7, -123.005, 60.0, 2010-08-15 04:37:30, 0.0, None 
 47.415, -123.31, 38.5, 2010-08-15 04:40:00, 0.0, None 
 47.207, -122.93299999999999, 47.5, 2010-08-15 04:42:30, 0.0, None 
 47.345, -122.955, 47.5, 2010-08-15 04:45:00, 0.0, None 
 47.79, -122.93, 20.0, 2010-08-15 04:47:30, 0.0, None 
 47.287, -122.895, 31.8, 2010-08-15 04:47:30, 0.0, None 
 47.32, -122.95, 24.0, 2010-08-15 04:50:00, 0.0, None 
 47.36, -122.927, 23.0, 2010-08-15 04:52:30, 0.0, None 
 47.9, -123.1, 35.0, 2010-08-15 04:55:00, 0.0, None 
 47.373000000000005, -122.86, 34.0, 2010-08-15 04:55:00, 0.0, None 
 47.355, -122.935, 21.2, 2010-08-15 05:00:00, 0.0, None 
 47.37, -122.88, 20.0, 2010-08-15 05:02:30, 0.0, None 
 47.82, -122.97, 28.0, 2010-08-15 05:05:00, 0.0, None 
 47.403, -122.822, 25.5, 2010-08-15 05:05:00, 0.0, None 
 47.55, -123.01700000000001, 43.5, 2010-08-15 05:20:00, 0.0, None 
 47.347, -122.84299999999999, 60.0, 2010-08-15 05:22:30, 0.0, None 
 47.39, -122.825, 28.2, 2010-08-15 05:25:00, 0.0, None 
 47.32, -123.08, 38.5, 2010-08-15 05:35:00, 0.0, None 
 47.39, -122.89, 20.0, 2010-08-15 05:37:30, 0.0, None 
 47.375, -122.89, 20.8, 2010-08-15 05:45:00, 0.0, None 
 47.405, -122.945, 27.0, 2010-08-15 05:47:30, 0.0, None 
 47.477, -122.97, 20.0, 2010-08-15 05:50:00, 0.0, None 
 47.44, -122.84, 20.0, 2010-08-15 05:52:30, 0.0, None 
 47.86, -123.16, 29.0, 2010-08-15 05:55:00, 0.0, None 
 47.425, -122.885, 40.0, 2010-08-15 05:55:00, 0.0, None 
 47.52, -123.072, 37.8, 2010-08-15 06:00:00, 0.0, None 
 47.438, -122.945, 20.0, 2010-08-15 06:02:30, 0.0, None 
 47.52, -122.925, 54.0, 2010-08-15 06:07:30, 0.0, None 
 47.38, -122.98, 60.0, 2010-08-15 06:17:30, 0.0, None 
 47.4, -122.63, 27.5, 2010-08-15 06:20:00, 0.0, None 
 47.43, -122.995, 20.0, 2010-08-15 06:22:30, 0.0, None 
 47.61, -123.03, 36.5, 2010-08-15 06:25:00, 0.0, None 
 47.463, -123.053, 34.0, 2010-08-15 06:35:00, 0.0, None 
 47.75, -123.24, 39.0, 2010-08-15 06:40:00, 0.0, None 
 47.9, -123.12, 33.0, 2010-08-15 06:42:30, 0.0, None 
 47.6, -123.195, 60.0, 2010-08-15 06:45:00, 0.0, None 
 47.35, -123.11, 58.0, 2010-08-15 06:55:00, 0.0, None 
 47.41, -123.27, 45.0, 2010-08-15 06:57:30, 0.0, None 
 47.865, -123.1, 27.0, 2010-08-15 07:00:00, 0.0, None 
 47.1, -122.72, 43.0, 2010-08-15 07:00:00, 0.0, None 
 47.898, -123.262, 28.5, 2010-08-15 07:02:30, 0.0, None 
 47.83, -123.22, 33.0, 2010-08-15 07:05:00, 0.0, None 
 47.84, -123.05, 41.5, 2010-08-15 07:07:30, 0.0, None 
 47.7, -122.92, 60.0, 2010-08-15 07:10:00, 0.0, None 
 47.215, -123.04, 42.0, 2010-08-15 07:17:30, 0.0, None 
 47.2, -123.07, 51.0, 2010-08-15 07:20:00, 0.0, None 
 47.3, -123.103, 60.0, 2010-08-15 07:22:30, 0.0, None 
 47.46, -122.875, 25.5, 2010-08-15 07:32:30, 0.0, None 
 47.43, -122.88799999999999, 21.0, 2010-08-15 07:35:00, 0.0, None 
 47.56, -123.27, 50.0, 2010-08-15 07:40:00, 0.0, None 
 47.225, -122.835, 60.0, 2010-08-15 07:57:30, 0.0, None 
 47.12, -122.98, 53.0, 2010-08-15 08:00:00, 0.0, None 
 47.2, -122.9, 20.0, 2010-08-15 08:22:30, 0.0, None 
 47.87, -123.39, 30.0, 2010-08-15 08:47:30, 0.0, None 
 47.815, -123.32, 49.0, 2010-08-15 08:50:00, 0.0, None 
 47.82, -122.92, 54.0, 2010-08-15 08:57:30, 0.0, None 
 47.775, -123.385, 41.0, 2010-08-15 09:07:30, 0.0, None 
 47.26, -122.765, 20.0, 2010-08-15 09:15:00, 0.0, None 
 47.21, -122.885, 20.0, 2010-08-15 09:17:30, 0.0, None 
 47.71, -123.475, 39.5, 2010-08-15 09:20:00, 0.0, None 
 47.25, -123.03, 31.5, 2010-08-15 09:20:00, 0.0, None 
 47.69, -123.5, 25.5, 2010-08-15 09:22:30, 0.0, None 
 47.315, -123.02, 33.0, 2010-08-15 09:22:30, 0.0, None 
 47.22, -123.07, 20.0, 2010-08-15 09:37:30, 0.0, None 
 47.195, -123.005, 20.0, 2010-08-15 09:40:00, 0.0, None 
 47.25, -123.055, 22.8, 2010-08-15 09:42:30, 0.0, None 
 47.28, -123.05, 24.0, 2010-08-15 09:45:00, 0.0, None 
 47.175, -123.05, 60.0, 2010-08-15 09:47:30, 0.0, None 
 47.18, -123.005, 60.0, 2010-08-15 09:50:00, 0.0, None 
 47.575, -123.3, 32.0, 2010-08-15 09:52:30, 0.0, None 
 47.7, -123.24, 20.0, 2010-08-15 09:55:00, 0.0, None 
 47.7, -123.4, 60.0, 2010-08-15 09:57:30, 0.0, None 
 47.77, -123.2, 60.0, 2010-08-15 10:00:00, 0.0, None 
 47.69, -123.14, 60.0, 2010-08-15 10:02:30, 0.0, None 
 47.645, -123.28, 39.5, 2010-08-15 10:05:00, 0.0, None 
 47.3, -123.01799999999999, 23.0, 2010-08-15 10:10:00, 0.0, None 
 47.33, -122.9, 22.0, 2010-08-15 10:12:30, 0.0, None 
 47.52, -123.3, 20.0, 2010-08-15 10:15:00, 0.0, None 
 47.42, -123.32, 60.0, 2010-08-15 10:20:00, 0.0, None 
 47.81, -123.34, 60.0, 2010-08-15 10:22:30, 0.0, None 
 47.66, -122.97, 47.0, 2010-08-15 10:25:00, 0.0, None 
 47.86, -123.2, 37.0, 2010-08-15 10:25:00, 0.0, None 
 47.77, -123.11, 38.5, 2010-08-15 10:27:30, 0.0, None 
 47.915, -122.98, 58.0, 2010-08-15 10:50:00, 0.0, None 
 47.295, -123.095, 20.0, 2010-08-15 10:55:00, 0.0, None 
 47.305, -123.105, 59.8, 2010-08-15 10:57:30, 0.0, None 
 47.07, -122.875, 20.0, 2010-08-15 11:05:00, 0.0, None 
 47.12, -122.905, 30.0, 2010-08-15 11:07:30, 0.0, None 
 48.07, -122.95, 46.0, 2010-08-15 11:12:30, 0.0, None 
 47.78, -123.28, 60.0, 2010-08-15 11:12:30, 0.0, None 
 47.21, -123.07, 20.0, 2010-08-15 11:35:00, 0.0, None 
 47.295, -122.985, 20.0, 2010-08-15 11:42:30, 0.0, None 
 47.325, -122.93299999999999, 20.0, 2010-08-15 11:45:00, 0.0, None 
 48.18, -123.21, 42.0, 2010-08-15 11:47:30, 0.0, None 
 47.72, -123.0, 45.5, 2010-08-15 11:47:30, 0.0, None 
 47.7, -122.97, 60.0, 2010-08-15 11:50:00, 0.0, None 
 47.665, -123.09, 60.0, 2010-08-15 11:52:30, 0.0, None 
 47.24, -123.155, 20.0, 2010-08-15 11:55:00, 0.0, None 
 47.99, -123.33, 20.0, 2010-08-15 12:00:00, 0.0, None 
 47.23, -123.07, 20.0, 2010-08-15 12:00:00, 0.0, None 
 47.23, -123.14, 20.0, 2010-08-15 12:02:30, 0.0, None 
 47.86, -123.21, 60.0, 2010-08-15 12:07:30, 0.0, None 
 47.605, -123.06, 41.0, 2010-08-15 12:07:30, 0.0, None 
 47.6, -123.09, 41.0, 2010-08-15 12:10:00, 0.0, None 
 47.425, -123.2, 54.5, 2010-08-15 12:12:30, 0.0, None 
 47.66, -123.185, 35.0, 2010-08-15 12:15:00, 0.0, None 
 47.91, -123.36, 20.0, 2010-08-15 12:17:30, 0.0, None 
 47.65, -123.23, 45.0, 2010-08-15 12:17:30, 0.0, None 
 47.71, -123.2, 39.0, 2010-08-15 12:20:00, 0.0, None 
 47.27, -122.77, 20.0, 2010-08-15 12:22:30, 0.0, None 
 47.328, -123.08, 20.0, 2010-08-15 12:25:00, 0.0, None 
 47.31, -123.12, 20.0, 2010-08-15 12:27:30, 0.0, None 
 48.09, -122.91, 26.0, 2010-08-15 12:32:30, 0.0, None 
 47.89, -123.05, 60.0, 2010-08-15 12:35:00, 0.0, None 
 47.99, -122.905, 31.0, 2010-08-15 12:37:30, 0.0, None 
 48.01, -122.905, 20.0, 2010-08-15 12:40:00, 0.0, None 
 48.0, -123.3, 20.0, 2010-08-15 12:47:30, 0.0, None 
 47.885, -122.98, 39.0, 2010-08-15 12:47:30, 0.0, None 
 47.82, -123.13, 53.0, 2010-08-15 12:50:00, 0.0, None 
 47.86, -123.105, 50.0, 2010-08-15 12:52:30, 0.0, None 
 47.73, -123.02, 55.5, 2010-08-15 12:55:00, 0.0, None 
 47.87, -123.13, 60.0, 2010-08-15 12:57:30, 0.0, None 
 47.47, -123.25, 56.0, 2010-08-15 13:12:30, 0.0, None 
 47.95, -123.1, 45.0, 2010-08-15 13:15:00, 0.0, None 
 47.95, -122.96, 30.0, 2010-08-15 13:17:30, 0.0, None 
 47.85, -123.09, 50.0, 2010-08-15 13:20:00, 0.0, None 
 47.736999999999995, -123.125, 28.8, 2010-08-15 13:22:30, 0.0, None 
 47.75, -123.49, 60.0, 2010-08-15 13:25:00, 0.0, None 
 47.71, -123.23, 20.0, 2010-08-15 13:27:30, 0.0, None 
 47.685, -123.28, 48.0, 2010-08-15 13:30:00, 0.0, None 
 47.14, -122.98, 20.0, 2010-08-15 13:30:00, 0.0, None 
 47.78, -123.13, 28.5, 2010-08-15 13:32:30, 0.0, None 
 47.84, -123.065, 24.5, 2010-08-15 13:35:00, 0.0, None 
 48.0, -123.33, 22.0, 2010-08-15 13:37:30, 0.0, None 
 47.315, -123.025, 29.0, 2010-08-15 13:37:30, 0.0, None 
 47.88, -123.1, 20.0, 2010-08-15 13:40:00, 0.0, None 
 47.87, -123.105, 20.0, 2010-08-15 13:42:30, 0.0, None 
 47.82, -122.885, 20.0, 2010-08-15 13:45:00, 0.0, None 
 47.68, -123.175, 31.0, 2010-08-15 13:45:00, 0.0, None 
 47.65, -123.29, 27.0, 2010-08-15 13:47:30, 0.0, None 
 47.63, -123.3, 43.5, 2010-08-15 13:50:00, 0.0, None 
 47.78, -123.09, 48.5, 2010-08-15 13:52:30, 0.0, None 
 47.795, -123.13, 37.0, 2010-08-15 13:55:00, 0.0, None 
 47.86, -122.93, 60.0, 2010-08-15 13:57:30, 0.0, None 
 47.7, -122.88, 48.0, 2010-08-15 14:00:00, 0.0, None 
 48.085, -123.055, 20.0, 2010-08-15 14:02:30, 0.0, None 
 47.82, -123.19, 42.0, 2010-08-15 14:02:30, 0.0, None 
 48.1, -123.1, 20.0, 2010-08-15 14:05:00, 0.0, None 
 47.77, -123.44, 40.5, 2010-08-15 14:05:00, 0.0, None 
 47.9, -122.99, 51.0, 2010-08-15 14:07:30, 0.0, None 
 48.09, -123.175, 26.0, 2010-08-15 14:10:00, 0.0, None 
 47.8, -122.98, 51.5, 2010-08-15 14:10:00, 0.0, None 
 48.06, -123.18, 32.0, 2010-08-15 14:12:30, 0.0, None 
 47.69, -123.17, 35.0, 2010-08-15 14:12:30, 0.0, None 
 47.685, -123.22, 23.5, 2010-08-15 14:15:00, 0.0, None 
 47.725, -123.19, 22.0, 2010-08-15 14:17:30, 0.0, None 
 47.71, -123.045, 33.0, 2010-08-15 14:20:00, 0.0, None 
 47.905, -123.39, 44.5, 2010-08-15 14:22:30, 0.0, None 
 47.66, -123.19, 47.5, 2010-08-15 14:22:30, 0.0, None 
 47.67, -123.18, 45.0, 2010-08-15 14:25:00, 0.0, None 
 47.65, -123.21, 32.0, 2010-08-15 14:27:30, 0.0, None 
 47.68, -123.18, 33.0, 2010-08-15 14:30:00, 0.0, None 
 47.68, -123.2, 31.0, 2010-08-15 14:32:30, 0.0, None 
 48.0, -123.02, 20.0, 2010-08-15 14:42:30, 0.0, None 
 47.79, -123.17, 46.0, 2010-08-15 14:42:30, 0.0, None 
 47.933, -123.10799999999999, 20.0, 2010-08-15 14:45:00, 0.0, None 
 47.92, -123.17, 50.0, 2010-08-15 14:47:30, 0.0, None 
 48.015, -122.94, 29.0, 2010-08-15 14:50:00, 0.0, None 
 47.91, -123.025, 40.0, 2010-08-15 14:52:30, 0.0, None 
 48.17, -123.12, 35.0, 2010-08-15 14:55:00, 0.0, None 
 47.78, -123.195, 60.0, 2010-08-15 14:55:00, 0.0, None 
 47.93, -123.0, 56.0, 2010-08-15 14:57:30, 0.0, None 
 48.02, -122.9, 26.0, 2010-08-15 15:00:00, 0.0, None 
 47.93, -122.99, 54.5, 2010-08-15 15:02:30, 0.0, None 
 47.885, -123.21799999999999, 32.5, 2010-08-15 15:05:00, 0.0, None 
 47.89, -123.177, 32.8, 2010-08-15 15:07:30, 0.0, None 
 47.935, -123.115, 20.0, 2010-08-15 15:10:00, 0.0, None 
 47.925, -123.1, 29.5, 2010-08-15 15:12:30, 0.0, None 
 48.14, -123.19, 20.0, 2010-08-15 15:15:00, 0.0, None 
 47.935, -122.97, 42.0, 2010-08-15 15:15:00, 0.0, None 
 47.88, -123.15, 34.0, 2010-08-15 15:20:00, 0.0, None 
 47.855, -123.08200000000001, 21.2, 2010-08-15 15:22:30, 0.0, None 
 47.79, -123.285, 29.0, 2010-08-15 15:30:00, 0.0, None 
 47.97, -122.93, 60.0, 2010-08-15 15:35:00, 0.0, None 
 47.58, -123.4, 50.5, 2010-08-15 15:42:30, 0.0, None 
 47.62, -123.36, 43.0, 2010-08-15 15:45:00, 0.0, None 
 47.8, -123.265, 20.0, 2010-08-15 15:47:30, 0.0, None 
 47.67, -123.3, 20.0, 2010-08-15 15:50:00, 0.0, None 
 47.66, -123.325, 20.0, 2010-08-15 15:52:30, 0.0, None 
 47.625, -123.345, 60.0, 2010-08-15 15:55:00, 0.0, None 
 47.89, -123.09, 60.0, 2010-08-15 15:57:30, 0.0, None 
 47.9, -123.06, 43.5, 2010-08-15 16:00:00, 0.0, None 
 47.905, -123.03, 52.0, 2010-08-15 16:02:30, 0.0, None 
 47.9, -123.11, 33.0, 2010-08-15 16:07:30, 0.0, None 
 47.92, -123.13, 20.0, 2010-08-15 16:10:00, 0.0, None 
 47.88, -123.29, 20.0, 2010-08-15 16:12:30, 0.0, None 
 47.97, -123.065, 53.0, 2010-08-15 16:15:00, 0.0, None 
 47.28, -123.22, 20.0, 2010-08-15 16:20:00, 0.0, None 
 47.85, -123.05, 60.0, 2010-08-15 16:25:00, 0.0, None 
 47.285, -123.12, 20.0, 2010-08-15 16:25:00, 0.0, None 
 47.27, -123.13, 20.0, 2010-08-15 16:30:00, 0.0, None 
 47.91, -122.96, 40.0, 2010-08-15 16:35:00, 0.0, None 
 47.22, -122.81, 24.0, 2010-08-15 16:35:00, 0.0, None 
 47.28, -123.205, 30.5, 2010-08-15 16:37:30, 0.0, None 
 47.29, -123.125, 25.2, 2010-08-15 16:40:00, 0.0, None 
 47.275, -123.1, 26.8, 2010-08-15 16:42:30, 0.0, None 
 47.2, -123.065, 20.0, 2010-08-15 16:45:00, 0.0, None 
 47.8, -123.0, 60.0, 2010-08-15 16:50:00, 0.0, None 
 47.23, -123.015, 20.0, 2010-08-15 16:52:30, 0.0, None 
 48.11, -122.945, 20.0, 2010-08-15 16:55:00, 0.0, None 
 47.207, -123.075, 24.2, 2010-08-15 16:55:00, 0.0, None 
 47.95, -122.94, 60.0, 2010-08-15 16:57:30, 0.0, None 
 48.023, -122.975, 25.0, 2010-08-15 17:00:00, 0.0, None 
 47.23, -123.035, 60.0, 2010-08-15 17:00:00, 0.0, None 
 47.91, -122.88, 31.5, 2010-08-15 17:02:30, 0.0, None 
 48.18, -123.18, 20.0, 2010-08-15 17:05:00, 0.0, None 
 47.855, -122.86, 58.5, 2010-08-15 17:05:00, 0.0, None 
 47.242, -123.06, 37.5, 2010-08-15 17:07:30, 0.0, None 
 48.26, -123.2, 60.0, 2010-08-15 17:10:00, 0.0, None 
 47.195, -123.08, 38.2, 2010-08-15 17:10:00, 0.0, None 
 48.055, -122.935, 20.0, 2010-08-15 17:12:30, 0.0, None 
 47.9, -122.9, 27.0, 2010-08-15 17:15:00, 0.0, None 
 47.83, -123.04, 24.5, 2010-08-15 17:17:30, 0.0, None 
 47.82, -123.065, 30.0, 2010-08-15 17:20:00, 0.0, None 
 47.82, -123.2, 20.0, 2010-08-15 17:22:30, 0.0, None 
 47.77, -123.23, 20.0, 2010-08-15 17:25:00, 0.0, None 
 47.79, -123.13, 39.0, 2010-08-15 17:27:30, 0.0, None 
 47.83, -122.89, 50.0, 2010-08-15 17:32:30, 0.0, None 
 47.847, -122.885, 44.5, 2010-08-15 17:37:30, 0.0, None 
 47.91, -122.89, 39.0, 2010-08-15 17:40:00, 0.0, None 
 47.995, -122.905, 36.0, 2010-08-15 17:42:30, 0.0, None 
 47.99, -123.088, 44.5, 2010-08-15 17:45:00, 0.0, None 
 47.972, -122.977, 31.0, 2010-08-15 17:47:30, 0.0, None 
 47.995, -122.905, 38.5, 2010-08-15 17:50:00, 0.0, None 
 47.975, -122.99, 41.5, 2010-08-15 17:52:30, 0.0, None 
 47.92, -122.92, 48.0, 2010-08-15 17:55:00, 0.0, None 
 47.62, -123.36, 60.0, 2010-08-15 17:57:30, 0.0, None 
 48.025, -122.93, 38.5, 2010-08-15 18:00:00, 0.0, None 
 47.695, -123.315, 27.0, 2010-08-15 18:07:30, 0.0, None 
 47.82, -122.86, 57.0, 2010-08-15 18:27:30, 0.0, None 
 47.81, -123.005, 29.2, 2010-08-15 18:30:00, 0.0, None 
 47.957, -123.053, 53.5, 2010-08-15 18:32:30, 0.0, None 
 47.6, -123.02, 24.0, 2010-08-15 18:35:00, 0.0, None 
 47.88, -123.07, 29.0, 2010-08-15 18:35:00, 0.0, None 
 47.835, -123.2, 27.5, 2010-08-15 18:37:30, 0.0, None 
 47.82, -123.145, 32.5, 2010-08-15 18:40:00, 0.0, None 
 47.885, -123.12299999999999, 20.0, 2010-08-15 18:42:30, 0.0, None 
 47.905, -123.09, 25.0, 2010-08-15 18:45:00, 0.0, None 
 47.927, -123.095, 27.5, 2010-08-15 18:47:30, 0.0, None 
 47.09, -122.8, 49.5, 2010-08-15 18:47:30, 0.0, None 
 47.68, -123.24, 44.0, 2010-08-15 18:50:00, 0.0, None 
 47.06, -122.73, 36.0, 2010-08-15 18:50:00, 0.0, None 
 47.95, -122.95, 20.0, 2010-08-15 18:52:30, 0.0, None 
 47.68, -123.23, 37.0, 2010-08-15 18:52:30, 0.0, None 
 47.97, -123.09, 20.0, 2010-08-15 18:55:00, 0.0, None 
 47.585, -123.34, 46.5, 2010-08-15 18:55:00, 0.0, None 
 48.49, -123.09, 30.0, 2010-08-15 18:57:30, 0.0, None 
 47.52, -123.38, 57.5, 2010-08-15 18:57:30, 0.0, None 
 47.72, -123.11, 37.0, 2010-08-15 19:02:30, 0.0, None 
 47.7, -123.05, 40.5, 2010-08-15 19:05:00, 0.0, None 
 47.72, -123.04, 53.5, 2010-08-15 19:10:00, 0.0, None 
 47.835, -123.105, 60.0, 2010-08-15 19:12:30, 0.0, None 
 47.51, -123.37, 60.0, 2010-08-15 19:17:30, 0.0, None 
 47.575, -123.2, 30.0, 2010-08-15 19:20:00, 0.0, None 
 47.88, -123.13, 60.0, 2010-08-15 19:40:00, 0.0, None 
 47.99, -122.92, 48.0, 2010-08-15 19:45:00, 0.0, None 
 47.32, -123.0, 33.0, 2010-08-15 19:45:00, 0.0, None 
 48.025, -122.845, 27.5, 2010-08-15 19:47:30, 0.0, None 
 48.03, -122.928, 21.5, 2010-08-15 19:50:00, 0.0, None 
 47.97, -122.9, 60.0, 2010-08-15 19:52:30, 0.0, None 
 47.23, -122.995, 20.0, 2010-08-15 19:52:30, 0.0, None 
 48.11, -122.99, 20.0, 2010-08-15 19:55:00, 0.0, None 
 47.18, -122.91, 36.0, 2010-08-15 19:55:00, 0.0, None 
 48.01, -122.85, 60.0, 2010-08-15 19:57:30, 0.0, None 
 47.78, -123.12, 41.0, 2010-08-15 20:10:00, 0.0, None 
 47.59, -123.11, 20.0, 2010-08-15 20:12:30, 0.0, None 
 47.93, -122.825, 39.5, 2010-08-15 20:20:00, 0.0, None 
 47.69, -123.04, 20.0, 2010-08-15 20:22:30, 0.0, None 
 47.73, -123.21, 60.0, 2010-08-15 20:25:00, 0.0, None 
 47.485, -123.32, 60.0, 2010-08-15 20:30:00, 0.0, None 
 47.52, -123.27, 60.0, 2010-08-15 20:32:30, 0.0, None 
 47.63, -123.18, 47.0, 2010-08-15 20:35:00, 0.0, None 
 47.69, -123.12, 30.0, 2010-08-15 20:37:30, 0.0, None 
 47.99, -123.29, 40.0, 2010-08-15 20:40:00, 0.0, None 
 47.69, -123.14, 28.0, 2010-08-15 20:40:00, 0.0, None 
 47.795, -123.23, 29.5, 2010-08-15 20:50:00, 0.0, None 
 47.58, -123.205, 54.5, 2010-08-15 20:55:00, 0.0, None 
 47.72, -123.39, 60.0, 2010-08-15 20:57:30, 0.0, None 
 48.18, -123.06, 35.0, 2010-08-15 21:02:30, 0.0, None 
 47.76, -123.05, 20.0, 2010-08-15 21:05:00, 0.0, None 
 47.3, -123.25, 56.0, 2010-08-15 21:05:00, 0.0, None 
 47.645, -122.96, 50.0, 2010-08-15 21:07:30, 0.0, None 
 47.96, -123.41, 21.0, 2010-08-15 21:12:30, 0.0, None 
 47.62, -123.395, 47.0, 2010-08-15 21:12:30, 0.0, None 
 47.86, -123.353, 22.5, 2010-08-15 21:15:00, 0.0, None 
 47.83, -123.335, 21.5, 2010-08-15 21:17:30, 0.0, None 
 47.92, -123.025, 52.0, 2010-08-15 21:20:00, 0.0, None 
 47.92, -123.02, 48.0, 2010-08-15 21:22:30, 0.0, None 
 47.86, -123.205, 20.0, 2010-08-15 21:25:00, 0.0, None 
 47.86, -123.19, 24.0, 2010-08-15 21:27:30, 0.0, None 
 47.185, -123.035, 60.0, 2010-08-15 21:27:30, 0.0, None 
 47.84, -123.31, 20.0, 2010-08-15 21:30:00, 0.0, None 
 47.075, -122.93, 41.0, 2010-08-15 21:30:00, 0.0, None 
 47.73, -123.29, 39.0, 2010-08-15 21:32:30, 0.0, None 
 47.895, -123.15, 32.2, 2010-08-15 21:35:00, 0.0, None 
 47.93, -123.05, 23.5, 2010-08-15 21:37:30, 0.0, None 
 48.028, -122.94, 36.2, 2010-08-15 21:40:00, 0.0, None 
 48.047, -122.975, 31.5, 2010-08-15 21:42:30, 0.0, None 
 48.016999999999996, -122.98, 32.2, 2010-08-15 21:45:00, 0.0, None 
 48.016999999999996, -122.99, 37.0, 2010-08-15 21:47:30, 0.0, None 
 47.95, -122.89, 30.5, 2010-08-15 21:50:00, 0.0, None 
 47.98, -122.91, 37.0, 2010-08-15 21:52:30, 0.0, None 
 47.9, -123.065, 53.0, 2010-08-15 21:55:00, 0.0, None 
 47.56, -123.08, 34.0, 2010-08-15 22:00:00, 0.0, None 
 47.64, -123.215, 45.0, 2010-08-15 22:02:30, 0.0, None 
 47.735, -123.21, 48.0, 2010-08-15 22:05:00, 0.0, None 
 47.75, -123.11, 40.0, 2010-08-15 22:07:30, 0.0, None 
 47.67, -123.225, 49.5, 2010-08-15 22:10:00, 0.0, None 
 48.5, -123.08, 27.0, 2010-08-15 22:15:00, 0.0, None 
 47.8, -123.07, 33.5, 2010-08-15 22:15:00, 0.0, None 
 47.86, -123.11, 20.0, 2010-08-15 22:17:30, 0.0, None 
 47.82, -123.12, 38.5, 2010-08-15 22:20:00, 0.0, None 
 47.72, -123.05, 49.5, 2010-08-15 22:22:30, 0.0, None 
 47.86, -122.91, 41.0, 2010-08-15 22:25:00, 0.0, None 
 47.89, -122.905, 39.5, 2010-08-15 22:27:30, 0.0, None 
 47.87, -123.29, 60.0, 2010-08-15 22:30:00, 0.0, None 
 48.07, -122.815, 60.0, 2010-08-15 22:32:30, 0.0, None 
 47.81, -123.19, 20.0, 2010-08-15 22:37:30, 0.0, None 
 47.805, -123.24, 20.0, 2010-08-15 22:40:00, 0.0, None 
 47.845, -123.225, 20.0, 2010-08-15 22:42:30, 0.0, None 
 47.935, -122.975, 55.0, 2010-08-15 22:47:30, 0.0, None 
 48.13, -123.21, 20.0, 2010-08-15 22:52:30, 0.0, None 
 47.9, -123.06, 31.0, 2010-08-15 22:52:30, 0.0, None 
 48.09, -123.18, 20.0, 2010-08-15 22:55:00, 0.0, None 
 47.88, -123.04, 42.0, 2010-08-15 22:55:00, 0.0, None 
 47.3, -123.01, 38.0, 2010-08-15 22:57:30, 0.0, None 
 47.92, -123.19, 30.0, 2010-08-15 23:00:00, 0.0, None 
 47.825, -123.16, 31.0, 2010-08-15 23:02:30, 0.0, None 
 47.815, -123.09, 33.5, 2010-08-15 23:05:00, 0.0, None 
 47.13, -122.8, 60.0, 2010-08-15 23:05:00, 0.0, None 
 47.87, -123.2, 51.0, 2010-08-15 23:07:30, 0.0, None 
 47.835, -123.26, 27.2, 2010-08-15 23:10:00, 0.0, None 
 47.96, -123.29, 34.5, 2010-08-15 23:12:30, 0.0, None 
 47.78, -123.31, 38.0, 2010-08-15 23:17:30, 0.0, None 
 47.835, -123.385, 37.2, 2010-08-15 23:20:00, 0.0, None 
 47.865, -123.27, 42.0, 2010-08-15 23:27:30, 0.0, None 
 47.92, -123.08, 42.0, 2010-08-15 23:30:00, 0.0, None 
 48.0, -123.055, 34.0, 2010-08-15 23:32:30, 0.0, None 
 47.92, -123.05, 47.0, 2010-08-15 23:35:00, 0.0, None 
 48.005, -122.975, 35.0, 2010-08-15 23:42:30, 0.0, None 
 48.06, -122.82, 25.0, 2010-08-15 23:47:30, 0.0, None 
 47.97, -122.91, 56.0, 2010-08-15 23:50:00, 0.0, None 
 47.17, -123.02, 20.0, 2010-08-15 23:55:00, 0.0, None 
 47.66, -123.28, 48.0, 2010-08-16 00:02:30, 0.0, None 
 47.79, -123.075, 30.0, 2010-08-16 00:07:30, 0.0, None 
 47.915, -122.945, 45.2, 2010-08-16 00:10:00, 0.0, None 
 48.01, -122.985, 44.0, 2010-08-16 00:12:30, 0.0, None 
 47.91, -123.0, 39.0, 2010-08-16 00:15:00, 0.0, None 
 47.91, -123.12, 20.0, 2010-08-16 00:27:30, 0.0, None 
 47.92, -123.16, 20.0, 2010-08-16 00:30:00, 0.0, None 
 47.89, -123.145, 30.5, 2010-08-16 00:32:30, 0.0, None 
 47.885, -123.11, 20.0, 2010-08-16 00:35:00, 0.0, None 
 47.71, -123.045, 60.0, 2010-08-16 00:42:30, 0.0, None 
 47.765, -123.07, 48.0, 2010-08-16 00:45:00, 0.0, None 
 47.82, -123.08, 38.0, 2010-08-16 00:47:30, 0.0, None 
 47.58, -123.0, 60.0, 2010-08-16 00:52:30, 0.0, None 
 48.17, -123.22, 20.0, 2010-08-16 00:55:00, 0.0, None 
 47.57, -123.053, 35.0, 2010-08-16 00:55:00, 0.0, None 
 47.43, -123.185, 20.0, 2010-08-16 01:00:00, 0.0, None 
 47.17, -123.02, 56.0, 2010-08-16 01:00:00, 0.0, None 
 48.04, -123.08, 20.0, 2010-08-16 01:05:00, 0.0, None 
 47.69, -123.28, 36.5, 2010-08-16 01:05:00, 0.0, None 
 47.67, -123.3, 39.0, 2010-08-16 01:07:30, 0.0, None 
 47.48, -123.125, 60.0, 2010-08-16 01:10:00, 0.0, None 
 47.47, -123.29, 40.0, 2010-08-16 01:12:30, 0.0, None 
 47.515, -123.025, 38.5, 2010-08-16 01:15:00, 0.0, None 
 47.84, -123.19, 31.0, 2010-08-16 01:17:30, 0.0, None 
 47.49, -122.865, 21.5, 2010-08-16 01:17:30, 0.0, None 
 47.965, -123.06, 23.8, 2010-08-16 01:20:00, 0.0, None 
 47.59, -123.13, 33.0, 2010-08-16 01:22:30, 0.0, None 
 47.91, -123.03, 25.5, 2010-08-16 01:30:00, 0.0, None 
 47.885, -123.06, 29.0, 2010-08-16 01:32:30, 0.0, None 
 47.76, -123.06, 60.0, 2010-08-16 01:35:00, 0.0, None 
 47.86, -123.015, 54.5, 2010-08-16 01:37:30, 0.0, None 
 47.82, -122.99, 58.0, 2010-08-16 01:40:00, 0.0, None 
 47.98, -123.35, 20.0, 2010-08-16 01:42:30, 0.0, None 
 47.66, -122.99, 20.0, 2010-08-16 01:42:30, 0.0, None 
 47.975, -123.215, 60.0, 2010-08-16 01:47:30, 0.0, None 
 47.32, -123.09, 20.0, 2010-08-16 01:47:30, 0.0, None 
 47.99, -123.16, 20.0, 2010-08-16 01:50:00, 0.0, None 
 47.22, -122.81, 20.0, 2010-08-16 01:50:00, 0.0, None 
 47.735, -123.132, 30.8, 2010-08-16 01:52:30, 0.0, None 
 47.7, -123.24, 56.5, 2010-08-16 01:55:00, 0.0, None 
 47.36, -122.93, 20.0, 2010-08-16 01:55:00, 0.0, None 
 47.31, -122.635, 60.0, 2010-08-16 01:57:30, 0.0, None 
 47.59, -122.9, 60.0, 2010-08-16 02:00:00, 0.0, None 
 47.5, -123.02, 40.0, 2010-08-16 02:02:30, 0.0, None 
 47.46, -122.835, 20.0, 2010-08-16 02:07:30, 0.0, None 
 47.537, -122.899, 22.2, 2010-08-16 02:10:00, 0.0, None 
 47.795, -123.18, 60.0, 2010-08-16 02:15:00, 0.0, None 
 47.765, -123.125, 20.0, 2010-08-16 02:17:30, 0.0, None 
 47.79, -123.4, 31.0, 2010-08-16 02:25:00, 0.0, None 
 47.62, -122.97, 28.0, 2010-08-16 02:27:30, 0.0, None 
 47.41, -123.225, 20.0, 2010-08-16 02:35:00, 0.0, None 
 47.99, -123.12, 45.0, 2010-08-16 02:40:00, 0.0, None 
 47.94, -123.125, 26.0, 2010-08-16 02:42:30, 0.0, None 
 47.87, -123.235, 20.0, 2010-08-16 02:45:00, 0.0, None 
 47.22, -122.95, 20.0, 2010-08-16 02:45:00, 0.0, None 
 47.92, -123.26, 20.0, 2010-08-16 02:47:30, 0.0, None 
 47.3, -122.83, 60.0, 2010-08-16 02:57:30, 0.0, None 
 47.82, -122.97, 52.5, 2010-08-16 03:00:00, 0.0, None 
 47.14, -123.0, 20.0, 2010-08-16 03:02:30, 0.0, None 
 47.39, -122.87, 20.0, 2010-08-16 03:05:00, 0.0, None 
 47.34, -122.82, 20.0, 2010-08-16 03:07:30, 0.0, None 
 47.6, -122.82, 20.0, 2010-08-16 03:10:00, 0.0, None 
 47.42, -122.795, 20.0, 2010-08-16 03:15:00, 0.0, None 
 47.31, -123.007, 20.0, 2010-08-16 03:17:30, 0.0, None 
 47.312, -123.01799999999999, 23.0, 2010-08-16 03:20:00, 0.0, None 
 47.51, -122.69, 48.0, 2010-08-16 03:22:30, 0.0, None 
 47.525, -123.01, 35.5, 2010-08-16 03:32:30, 0.0, None 
 47.415, -122.84, 29.8, 2010-08-16 03:35:00, 0.0, None 
 47.495, -122.79, 60.0, 2010-08-16 03:37:30, 0.0, None 
 47.445, -122.775, 60.0, 2010-08-16 03:40:00, 0.0, None 
 47.403, -122.99, 35.5, 2010-08-16 03:42:30, 0.0, None 
 47.427, -123.02799999999999, 60.0, 2010-08-16 03:45:00, 0.0, None 
 47.71, -122.88, 60.0, 2010-08-16 03:47:30, 0.0, None 
 47.29, -123.07, 40.0, 2010-08-16 03:47:30, 0.0, None 
 47.71, -122.91, 60.0, 2010-08-16 03:50:00, 0.0, None 
 47.665, -123.19, 41.0, 2010-08-16 03:52:30, 0.0, None 
 47.48, -122.92, 20.0, 2010-08-16 03:52:30, 0.0, None 
 47.96, -123.07, 30.5, 2010-08-16 03:55:00, 0.0, None 
 48.09, -122.99, 50.0, 2010-08-16 03:57:30, 0.0, None 
 48.01, -122.88, 20.0, 2010-08-16 04:00:00, 0.0, None 
 47.355, -123.11, 40.5, 2010-08-16 04:00:00, 0.0, None 
 48.01, -122.95, 20.0, 2010-08-16 04:02:30, 0.0, None 
 48.1, -123.16, 20.0, 2010-08-16 04:05:00, 0.0, None 
 47.91, -123.05, 47.0, 2010-08-16 04:07:30, 0.0, None 
 47.87, -123.41, 40.0, 2010-08-16 04:07:30, 0.0, None 
 47.88, -123.21, 26.0, 2010-08-16 04:10:00, 0.0, None 
 47.95, -123.11, 27.0, 2010-08-16 04:12:30, 0.0, None 
 47.93, -123.075, 28.8, 2010-08-16 04:15:00, 0.0, None 
 47.895, -123.08, 25.5, 2010-08-16 04:22:30, 0.0, None 
 47.88, -123.125, 33.0, 2010-08-16 04:25:00, 0.0, None 
 47.55, -122.9, 48.0, 2010-08-16 04:25:00, 0.0, None 
 47.88, -123.12, 34.0, 2010-08-16 04:27:30, 0.0, None 
 47.24, -122.825, 20.0, 2010-08-16 04:35:00, 0.0, None 
 47.98, -122.895, 35.0, 2010-08-16 04:37:30, 0.0, None 
 48.015, -122.917, 36.8, 2010-08-16 04:40:00, 0.0, None 
 47.165, -123.02, 20.0, 2010-08-16 04:40:00, 0.0, None 
 47.96, -122.88, 52.0, 2010-08-16 04:42:30, 0.0, None 
 47.37, -122.9, 27.0, 2010-08-16 04:42:30, 0.0, None 
 47.543, -122.88799999999999, 60.0, 2010-08-16 04:45:00, 0.0, None 
 47.34, -122.92, 20.0, 2010-08-16 04:47:30, 0.0, None 
 47.49, -122.84, 32.5, 2010-08-16 04:52:30, 0.0, None 
 47.45, -122.803, 36.8, 2010-08-16 04:55:00, 0.0, None 
 47.26, -122.76, 60.0, 2010-08-16 04:57:30, 0.0, None 
 47.63, -123.05, 60.0, 2010-08-16 05:00:00, 0.0, None 
 47.94, -123.06, 50.0, 2010-08-16 05:02:30, 0.0, None 
 47.7, -122.865, 60.0, 2010-08-16 05:02:30, 0.0, None 
 47.25, -122.985, 20.0, 2010-08-16 05:05:00, 0.0, None 
 47.33, -122.79, 60.0, 2010-08-16 05:10:00, 0.0, None 
 47.4, -122.71, 37.0, 2010-08-16 05:12:30, 0.0, None 
 47.86, -122.9, 35.0, 2010-08-16 05:17:30, 0.0, None 
 47.4, -122.915, 20.0, 2010-08-16 05:20:00, 0.0, None 
 47.32, -122.81, 60.0, 2010-08-16 05:22:30, 0.0, None 
 47.42, -122.755, 29.8, 2010-08-16 05:25:00, 0.0, None 
 47.355, -122.71, 25.0, 2010-08-16 05:27:30, 0.0, None 
 47.71, -123.135, 40.0, 2010-08-16 05:30:00, 0.0, None 
 47.985, -123.32, 20.0, 2010-08-16 05:32:30, 0.0, None 
 47.755, -123.21, 60.0, 2010-08-16 05:32:30, 0.0, None 
 47.19, -122.74, 22.0, 2010-08-16 05:32:30, 0.0, None 
 47.975, -123.2, 24.2, 2010-08-16 05:35:00, 0.0, None 
 47.385, -122.83, 40.0, 2010-08-16 05:35:00, 0.0, None 
 48.005, -123.27799999999999, 60.0, 2010-08-16 05:37:30, 0.0, None 
 47.49, -122.855, 20.0, 2010-08-16 05:37:30, 0.0, None 
 47.92, -123.23, 20.0, 2010-08-16 05:40:00, 0.0, None 
 47.67, -122.98, 45.5, 2010-08-16 05:50:00, 0.0, None 
 47.45, -123.07, 29.0, 2010-08-16 05:50:00, 0.0, None 
 47.685, -122.92, 37.0, 2010-08-16 05:52:30, 0.0, None 
 47.42, -122.88, 20.0, 2010-08-16 05:52:30, 0.0, None 
 47.585, -122.89, 60.0, 2010-08-16 05:55:00, 0.0, None 
 47.36, -122.975, 46.8, 2010-08-16 06:00:00, 0.0, None 
 47.31, -122.71, 20.0, 2010-08-16 06:02:30, 0.0, None 
 47.345, -122.81, 29.0, 2010-08-16 06:05:00, 0.0, None 
 47.4, -122.78, 36.2, 2010-08-16 06:07:30, 0.0, None 
 47.385, -122.76799999999999, 35.0, 2010-08-16 06:10:00, 0.0, None 
 47.38, -122.85, 20.0, 2010-08-16 06:12:30, 0.0, None 
 47.975, -123.155, 33.0, 2010-08-16 06:15:00, 0.0, None 
 47.58, -123.41, 49.0, 2010-08-16 06:22:30, 0.0, None 
 47.365, -122.757, 39.5, 2010-08-16 06:25:00, 0.0, None 
 47.361999999999995, -122.79799999999999, 36.8, 2010-08-16 06:27:30, 0.0, None 
 47.43, -123.19, 56.0, 2010-08-16 06:30:00, 0.0, None 
 47.12, -122.79, 20.0, 2010-08-16 06:30:00, 0.0, None 
 47.358000000000004, -122.77799999999999, 29.2, 2010-08-16 06:32:30, 0.0, None 
 47.31, -122.825, 25.0, 2010-08-16 06:35:00, 0.0, None 
 47.035, -122.78, 22.0, 2010-08-16 06:37:30, 0.0, None 
 48.2, -122.96, 47.0, 2010-08-16 06:42:30, 0.0, None 
 47.59, -122.995, 47.0, 2010-08-16 06:42:30, 0.0, None 
 47.78, -123.46, 50.0, 2010-08-16 06:50:00, 0.0, None 
 47.6, -123.2, 54.0, 2010-08-16 06:50:00, 0.0, None 
 46.99, -122.78, 20.0, 2010-08-16 06:50:00, 0.0, None 
 47.665, -123.115, 46.5, 2010-08-16 06:52:30, 0.0, None 
 47.23, -122.8, 60.0, 2010-08-16 06:52:30, 0.0, None 
 47.915, -123.075, 21.5, 2010-08-16 06:55:00, 0.0, None 
 47.67, -123.08, 41.0, 2010-08-16 06:55:00, 0.0, None 
 47.96, -123.29, 25.0, 2010-08-16 06:57:30, 0.0, None 
 47.73, -123.145, 42.0, 2010-08-16 06:57:30, 0.0, None 
 47.69, -123.18, 41.0, 2010-08-16 07:00:00, 0.0, None 
 47.315, -122.815, 60.0, 2010-08-16 07:00:00, 0.0, None 
 48.025, -123.2, 20.0, 2010-08-16 07:02:30, 0.0, None 
 47.695, -123.18, 38.0, 2010-08-16 07:02:30, 0.0, None 
 47.3, -122.945, 20.0, 2010-08-16 07:02:30, 0.0, None 
 47.33, -122.915, 56.5, 2010-08-16 07:05:00, 0.0, None 
 47.7, -123.075, 40.5, 2010-08-16 07:10:00, 0.0, None 
 48.028, -123.2, 26.2, 2010-08-16 07:12:30, 0.0, None 
 48.09, -123.23, 20.0, 2010-08-16 07:15:00, 0.0, None 
 47.37, -122.71, 60.0, 2010-08-16 07:15:00, 0.0, None 
 47.29, -122.6, 55.0, 2010-08-16 07:17:30, 0.0, None 
 48.035, -123.215, 26.5, 2010-08-16 07:20:00, 0.0, None 
 47.78, -123.3, 29.5, 2010-08-16 07:22:30, 0.0, None 
 47.77, -123.11, 40.0, 2010-08-16 07:25:00, 0.0, None 
 47.395, -122.785, 23.5, 2010-08-16 07:25:00, 0.0, None 
 48.2, -122.96, 28.0, 2010-08-16 07:30:00, 0.0, None 
 47.94, -123.303, 22.5, 2010-08-16 07:32:30, 0.0, None 
 47.935, -123.302, 24.8, 2010-08-16 07:35:00, 0.0, None 
 47.4, -122.715, 45.5, 2010-08-16 07:35:00, 0.0, None 
 47.9, -123.208, 28.2, 2010-08-16 07:37:30, 0.0, None 
 47.415, -122.74, 60.0, 2010-08-16 07:37:30, 0.0, None 
 47.89, -123.22200000000001, 31.5, 2010-08-16 07:40:00, 0.0, None 
 47.765, -123.24799999999999, 20.0, 2010-08-16 07:42:30, 0.0, None 
 47.815, -123.325, 20.0, 2010-08-16 07:45:00, 0.0, None 
 47.66, -123.23, 20.0, 2010-08-16 07:50:00, 0.0, None 
 47.85, -123.18, 20.0, 2010-08-16 07:55:00, 0.0, None 
 47.86, -123.165, 60.0, 2010-08-16 07:57:30, 0.0, None 
 47.88, -123.19, 20.0, 2010-08-16 08:00:00, 0.0, None 
 47.25, -122.62, 38.0, 2010-08-16 08:00:00, 0.0, None 
 47.81, -123.12, 26.0, 2010-08-16 08:02:30, 0.0, None 
 47.71, -123.14, 32.0, 2010-08-16 08:05:00, 0.0, None 
 47.95, -123.18, 37.0, 2010-08-16 08:10:00, 0.0, None 
 47.91, -123.51, 60.0, 2010-08-16 08:10:00, 0.0, None 
 47.895, -123.235, 54.0, 2010-08-16 08:12:30, 0.0, None 
 47.955, -123.14200000000001, 59.5, 2010-08-16 08:15:00, 0.0, None 
 47.91, -123.1, 20.0, 2010-08-16 08:20:00, 0.0, None 
 47.51, -123.225, 53.0, 2010-08-16 08:20:00, 0.0, None 
 47.978, -123.213, 24.0, 2010-08-16 08:22:30, 0.0, None 
 47.965, -123.162, 30.5, 2010-08-16 08:25:00, 0.0, None 
 47.755, -123.0, 20.0, 2010-08-16 08:25:00, 0.0, None 
 48.01, -123.26, 22.8, 2010-08-16 08:27:30, 0.0, None 
 47.97, -123.27, 23.0, 2010-08-16 08:30:00, 0.0, None 
 47.9, -123.2, 34.0, 2010-08-16 08:32:30, 0.0, None 
 47.47, -123.22, 44.5, 2010-08-16 08:35:00, 0.0, None 
 47.985, -123.145, 20.0, 2010-08-16 08:42:30, 0.0, None 
 47.943000000000005, -123.178, 40.8, 2010-08-16 08:45:00, 0.0, None 
 47.98, -123.295, 45.5, 2010-08-16 08:47:30, 0.0, None 
 47.89, -123.21, 51.0, 2010-08-16 08:50:00, 0.0, None 
 47.88, -123.26, 33.0, 2010-08-16 08:52:30, 0.0, None 
 47.92, -123.2, 28.5, 2010-08-16 08:55:00, 0.0, None 
 47.345, -122.68, 20.0, 2010-08-16 08:55:00, 0.0, None 
 47.84, -123.27, 60.0, 2010-08-16 08:57:30, 0.0, None 
 47.8, -123.4, 44.0, 2010-08-16 09:00:00, 0.0, None 
 47.63, -123.03, 29.0, 2010-08-16 09:02:30, 0.0, None 
 47.79, -123.35, 20.0, 2010-08-16 09:02:30, 0.0, None 
 47.74, -123.41, 60.0, 2010-08-16 09:05:00, 0.0, None 
 47.672, -123.165, 52.0, 2010-08-16 09:07:30, 0.0, None 
 47.52, -123.225, 20.0, 2010-08-16 09:15:00, 0.0, None 
 47.51, -123.255, 24.0, 2010-08-16 09:17:30, 0.0, None 
 47.81, -123.095, 60.0, 2010-08-16 09:27:30, 0.0, None 
 47.67, -122.95, 60.0, 2010-08-16 09:30:00, 0.0, None 
 47.4, -123.11, 48.0, 2010-08-16 09:32:30, 0.0, None 
 47.375, -122.65, 44.0, 2010-08-16 09:32:30, 0.0, None 
 47.59, -123.26, 20.0, 2010-08-16 09:35:00, 0.0, None 
 47.53, -123.07, 41.5, 2010-08-16 09:37:30, 0.0, None 
 47.532, -123.13, 21.0, 2010-08-16 09:40:00, 0.0, None 
 47.62, -123.01, 20.0, 2010-08-16 09:42:30, 0.0, None 
 47.42, -122.7, 47.0, 2010-08-16 09:52:30, 0.0, None 
 47.59, -123.0, 20.0, 2010-08-16 09:52:30, 0.0, None 
 47.995, -123.32799999999999, 43.0, 2010-08-16 09:55:00, 0.0, None 
 48.1, -123.2, 20.0, 2010-08-16 09:57:30, 0.0, None 
 47.91, -123.185, 39.8, 2010-08-16 10:00:00, 0.0, None 
 47.96, -123.21, 41.0, 2010-08-16 10:02:30, 0.0, None 
 47.65, -123.41, 60.0, 2010-08-16 10:02:30, 0.0, None 
 47.33, -122.82, 20.0, 2010-08-16 10:07:30, 0.0, None 
 47.795, -123.405, 39.5, 2010-08-16 10:10:00, 0.0, None 
 47.895, -123.345, 39.2, 2010-08-16 10:12:30, 0.0, None 
 47.78, -123.46, 52.5, 2010-08-16 10:15:00, 0.0, None 
 47.98, -123.225, 24.5, 2010-08-16 10:22:30, 0.0, None 
 47.961999999999996, -123.22, 20.0, 2010-08-16 10:25:00, 0.0, None 
 47.88, -123.2, 20.0, 2010-08-16 10:27:30, 0.0, None 
 47.505, -123.165, 45.0, 2010-08-16 10:27:30, 0.0, None 
 47.955, -123.0, 47.5, 2010-08-16 10:30:00, 0.0, None 
 48.095, -123.28, 20.0, 2010-08-16 10:32:30, 0.0, None 
 48.025, -123.33, 20.0, 2010-08-16 10:35:00, 0.0, None 
 47.54, -123.19, 48.0, 2010-08-16 10:35:00, 0.0, None 
 47.59, -123.25, 20.0, 2010-08-16 10:37:30, 0.0, None 
 48.06, -122.95, 40.0, 2010-08-16 10:40:00, 0.0, None 
 47.867, -123.2, 55.2, 2010-08-16 10:42:30, 0.0, None 
 47.9, -123.17, 54.0, 2010-08-16 10:45:00, 0.0, None 
 47.75, -123.3, 30.0, 2010-08-16 10:50:00, 0.0, None 
 46.91, -122.66, 60.0, 2010-08-16 10:50:00, 0.0, None 
 47.71, -123.41, 57.0, 2010-08-16 10:52:30, 0.0, None 
 47.903, -123.235, 25.5, 2010-08-16 10:55:00, 0.0, None 
 47.86, -123.19, 51.0, 2010-08-16 10:57:30, 0.0, None 
 47.876999999999995, -123.26, 20.0, 2010-08-16 11:00:00, 0.0, None 
 47.89, -123.295, 20.0, 2010-08-16 11:02:30, 0.0, None 
 47.7, -123.13, 23.5, 2010-08-16 11:05:00, 0.0, None 
 48.093, -123.23299999999999, 52.2, 2010-08-16 11:07:30, 0.0, None 
 47.84, -123.195, 50.0, 2010-08-16 11:10:00, 0.0, None 
 47.75, -123.475, 60.0, 2010-08-16 11:17:30, 0.0, None 
 47.98, -123.36, 20.0, 2010-08-16 11:20:00, 0.0, None 
 47.745, -123.315, 40.0, 2010-08-16 11:20:00, 0.0, None 
 47.64, -123.2, 25.0, 2010-08-16 11:22:30, 0.0, None 
 47.5, -123.1, 49.0, 2010-08-16 11:25:00, 0.0, None 
 47.51, -123.2, 25.0, 2010-08-16 11:27:30, 0.0, None 
 47.77, -123.44, 20.0, 2010-08-16 11:30:00, 0.0, None 
 47.51, -123.235, 20.0, 2010-08-16 11:30:00, 0.0, None 
 48.08, -123.21, 20.0, 2010-08-16 11:35:00, 0.0, None 
 47.73, -123.42, 53.0, 2010-08-16 11:37:30, 0.0, None 
 47.41, -123.11, 20.0, 2010-08-16 11:37:30, 0.0, None 
 48.07, -123.25, 23.0, 2010-08-16 11:40:00, 0.0, None 
 47.565, -123.185, 33.5, 2010-08-16 11:42:30, 0.0, None 
 47.547, -123.06700000000001, 25.5, 2010-08-16 11:45:00, 0.0, None 
 47.56, -123.083, 25.5, 2010-08-16 11:47:30, 0.0, None 
 47.885, -123.28, 20.0, 2010-08-16 11:52:30, 0.0, None 
 47.645, -123.24, 32.8, 2010-08-16 11:55:00, 0.0, None 
 48.08, -123.25, 20.0, 2010-08-16 12:00:00, 0.0, None 
 47.595, -123.09, 37.0, 2010-08-16 12:00:00, 0.0, None 
 47.95, -123.095, 37.5, 2010-08-16 12:10:00, 0.0, None 
 47.78, -123.32, 60.0, 2010-08-16 12:10:00, 0.0, None 
 48.04, -123.31, 21.0, 2010-08-16 12:15:00, 0.0, None 
 48.1, -123.31, 24.0, 2010-08-16 12:17:30, 0.0, None 
 47.785, -123.235, 54.5, 2010-08-16 12:27:30, 0.0, None 
 48.17, -123.35, 45.0, 2010-08-16 12:30:00, 0.0, None 
 47.745, -123.36, 40.0, 2010-08-16 12:30:00, 0.0, None 
 48.18, -123.35, 20.0, 2010-08-16 12:32:30, 0.0, None 
 47.91, -123.295, 53.0, 2010-08-16 12:32:30, 0.0, None 
 47.562, -123.275, 20.0, 2010-08-16 12:35:00, 0.0, None 
 47.53, -123.23, 20.0, 2010-08-16 12:37:30, 0.0, None 
 47.88, -123.32, 20.0, 2010-08-16 12:40:00, 0.0, None 
 47.625, -123.29, 20.0, 2010-08-16 12:40:00, 0.0, None 
 47.705, -123.035, 47.8, 2010-08-16 12:45:00, 0.0, None 
 47.63, -123.25, 20.0, 2010-08-16 12:47:30, 0.0, None 
 47.6, -123.19, 40.0, 2010-08-16 12:50:00, 0.0, None 
 47.571999999999996, -123.19200000000001, 27.5, 2010-08-16 12:52:30, 0.0, None 
 47.61, -123.28, 20.0, 2010-08-16 12:55:00, 0.0, None 
 47.695, -123.425, 60.0, 2010-08-16 12:57:30, 0.0, None 
 48.008, -123.09700000000001, 35.5, 2010-08-16 13:02:30, 0.0, None 
 47.71, -123.33, 48.0, 2010-08-16 13:05:00, 0.0, None 
 47.8, -123.11, 60.0, 2010-08-16 13:07:30, 0.0, None 
 47.81, -123.305, 60.0, 2010-08-16 13:10:00, 0.0, None 
 47.855, -123.4, 60.0, 2010-08-16 13:17:30, 0.0, None 
 47.6, -123.01, 20.0, 2010-08-16 13:20:00, 0.0, None 
 47.9, -123.21, 33.0, 2010-08-16 13:20:00, 0.0, None 
 47.95, -123.1, 32.5, 2010-08-16 13:25:00, 0.0, None 
 47.885, -123.056, 25.9, 2010-08-16 13:27:30, 0.0, None 
 47.98, -123.18299999999999, 26.5, 2010-08-16 13:30:00, 0.0, None 
 47.955, -123.213, 20.8, 2010-08-16 13:32:30, 0.0, None 
 47.9, -123.17, 26.0, 2010-08-16 13:37:30, 0.0, None 
 47.885, -123.18, 30.0, 2010-08-16 13:40:00, 0.0, None 
 47.88, -123.15, 24.5, 2010-08-16 13:42:30, 0.0, None 
 47.885, -123.2, 23.0, 2010-08-16 13:45:00, 0.0, None 
 47.867, -123.23, 24.2, 2010-08-16 13:47:30, 0.0, None 
 47.82, -123.25, 33.0, 2010-08-16 13:52:30, 0.0, None 
 47.79, -123.265, 40.5, 2010-08-16 13:55:00, 0.0, None 
 47.785, -123.33, 52.0, 2010-08-16 13:57:30, 0.0, None 
 47.77, -123.28, 20.0, 2010-08-16 14:00:00, 0.0, None 
 47.79, -123.26, 20.0, 2010-08-16 14:02:30, 0.0, None 
 47.81, -123.31, 20.0, 2010-08-16 14:05:00, 0.0, None 
 47.73, -123.21, 23.5, 2010-08-16 14:07:30, 0.0, None 
 47.64, -123.3, 34.5, 2010-08-16 14:12:30, 0.0, None 
 47.49, -123.13, 41.0, 2010-08-16 14:15:00, 0.0, None 
 47.805, -122.965, 55.0, 2010-08-16 14:17:30, 0.0, None 
 47.76, -123.055, 29.5, 2010-08-16 14:20:00, 0.0, None 
 47.8, -123.17, 30.0, 2010-08-16 14:22:30, 0.0, None 
 47.68, -122.93, 28.5, 2010-08-16 14:27:30, 0.0, None 
 47.93, -122.98, 29.0, 2010-08-16 14:42:30, 0.0, None 
 47.95, -122.89, 20.0, 2010-08-16 14:45:00, 0.0, None 
 47.95, -123.14, 28.0, 2010-08-16 14:47:30, 0.0, None 
 47.52, -122.71, 20.0, 2010-08-16 14:47:30, 0.0, None 
 47.97, -123.14200000000001, 25.0, 2010-08-16 14:50:00, 0.0, None 
 48.045, -123.135, 20.0, 2010-08-16 14:52:30, 0.0, None 
 48.03, -123.125, 23.8, 2010-08-16 14:55:00, 0.0, None 
 47.907, -123.11200000000001, 45.5, 2010-08-16 14:57:30, 0.0, None 
 47.915, -123.23, 44.0, 2010-08-16 15:00:00, 0.0, None 
 48.023, -122.99, 26.2, 2010-08-16 15:02:30, 0.0, None 
 48.032, -123.005, 20.8, 2010-08-16 15:05:00, 0.0, None 
 47.93, -123.1, 31.0, 2010-08-16 15:07:30, 0.0, None 
 48.0, -122.8, 60.0, 2010-08-16 15:12:30, 0.0, None 
 48.0, -122.98, 42.5, 2010-08-16 15:15:00, 0.0, None 
 47.98, -122.93, 48.0, 2010-08-16 15:22:30, 0.0, None 
 47.6, -122.88, 60.0, 2010-08-16 15:22:30, 0.0, None 
 48.11, -122.91, 20.0, 2010-08-16 15:25:00, 0.0, None 
 47.41, -122.93, 29.0, 2010-08-16 15:40:00, 0.0, None 
 48.1, -123.115, 45.0, 2010-08-16 15:42:30, 0.0, None 
 47.19, -122.71, 30.0, 2010-08-16 15:47:30, 0.0, None 
 47.4, -123.09, 29.0, 2010-08-16 15:50:00, 0.0, None 
 46.99, -122.74, 60.0, 2010-08-16 16:00:00, 0.0, None 
 47.31, -122.99, 20.0, 2010-08-16 16:07:30, 0.0, None 
 47.29, -123.09, 28.5, 2010-08-16 16:10:00, 0.0, None 
 47.39, -122.79, 20.0, 2010-08-16 16:15:00, 0.0, None 
 47.47, -123.21, 20.0, 2010-08-16 16:27:30, 0.0, None 
 47.48, -123.32, 50.0, 2010-08-16 16:57:30, 0.0, None 
 47.41, -122.97, 53.5, 2010-08-16 17:15:00, 0.0, None 
 47.37, -122.86, 60.0, 2010-08-16 17:22:30, 0.0, None 
 47.93, -123.49, 60.0, 2010-08-16 17:30:00, 0.0, None 
 46.3, -123.4, 39.0, 2010-08-16 17:30:00, 0.0, None 
 48.055, -123.20200000000001, 34.5, 2010-08-16 17:35:00, 0.0, None 
 48.2, -123.34, 50.0, 2010-08-16 17:37:30, 0.0, None 
 47.91, -123.485, 60.0, 2010-08-16 17:37:30, 0.0, None 
 48.01, -123.18, 42.0, 2010-08-16 17:40:00, 0.0, None 
 48.03, -123.1, 50.5, 2010-08-16 17:42:30, 0.0, None 
 48.08, -123.27, 47.0, 2010-08-16 18:00:00, 0.0, None 
 48.01, -123.15, 44.0, 2010-08-16 18:02:30, 0.0, None 
 48.01, -123.04, 50.0, 2010-08-16 18:10:00, 0.0, None 
 47.985, -123.235, 60.0, 2010-08-16 18:30:00, 0.0, None 
 48.04, -122.845, 49.0, 2010-08-16 18:35:00, 0.0, None 
 47.98, -123.005, 48.0, 2010-08-16 18:37:30, 0.0, None 
 47.995, -122.995, 29.5, 2010-08-16 18:47:30, 0.0, None 
 47.98, -122.92, 20.0, 2010-08-16 18:50:00, 0.0, None 
 48.135, -123.045, 42.5, 2010-08-16 18:55:00, 0.0, None 
 47.99, -122.94, 20.0, 2010-08-16 18:57:30, 0.0, None 
 47.99, -122.89, 20.0, 2010-08-16 19:00:00, 0.0, None 
 47.47, -123.205, 30.0, 2010-08-16 19:02:30, 0.0, None 
 47.78, -123.23, 52.0, 2010-08-16 19:05:00, 0.0, None 
 48.0, -123.26, 36.0, 2010-08-16 19:07:30, 0.0, None 
 47.2, -123.08, 35.0, 2010-08-16 19:15:00, 0.0, None 
 47.21, -123.11, 20.0, 2010-08-16 19:17:30, 0.0, None 
 47.2, -123.12, 20.0, 2010-08-16 19:20:00, 0.0, None 
 47.93, -122.93, 20.0, 2010-08-16 19:22:30, 0.0, None 
 47.69, -123.38, 20.0, 2010-08-16 19:25:00, 0.0, None 
 47.47, -123.19, 31.0, 2010-08-16 19:55:00, 0.0, None 
 47.45, -122.61, 40.0, 2010-08-16 20:10:00, 0.0, None 
 47.98, -123.28, 60.0, 2010-08-16 20:32:30, 0.0, None 
 47.99, -123.2, 29.0, 2010-08-16 20:35:00, 0.0, None 
 48.02, -123.085, 44.0, 2010-08-16 20:42:30, 0.0, None 
 47.32, -122.88, 20.0, 2010-08-16 20:50:00, 0.0, None 
 47.36, -123.09, 60.0, 2010-08-16 20:55:00, 0.0, None 
 47.48, -123.24, 60.0, 2010-08-16 20:57:30, 0.0, None 
 47.49, -123.3, 20.0, 2010-08-16 21:05:00, 0.0, None 
 47.53, -123.205, 20.0, 2010-08-16 21:07:30, 0.0, None 
 47.595, -123.2, 20.0, 2010-08-16 21:10:00, 0.0, None 
 47.52, -123.0, 21.0, 2010-08-16 21:12:30, 0.0, None 
 47.57, -123.215, 28.5, 2010-08-16 21:17:30, 0.0, None 
 47.4, -123.14, 20.0, 2010-08-16 21:20:00, 0.0, None 
 47.84, -123.4, 45.0, 2010-08-16 21:27:30, 0.0, None 
 48.025, -123.18, 39.0, 2010-08-16 21:30:00, 0.0, None 
 48.001999999999995, -123.12700000000001, 41.5, 2010-08-16 21:32:30, 0.0, None 
 47.735, -123.03, 60.0, 2010-08-16 21:35:00, 0.0, None 
 48.09, -123.08, 20.0, 2010-08-16 21:37:30, 0.0, None 
 47.38, -122.9, 42.0, 2010-08-16 21:40:00, 0.0, None 
 47.69, -123.06, 20.0, 2010-08-16 21:52:30, 0.0, None 
 47.7, -123.33, 20.0, 2010-08-16 21:57:30, 0.0, None 
 46.9, -122.8, 57.0, 2010-08-16 22:00:00, 0.0, None 
 47.8, -123.33, 20.0, 2010-08-16 22:25:00, 0.0, None 
 47.735, -123.425, 20.0, 2010-08-16 22:30:00, 0.0, None 
 47.79, -123.295, 20.0, 2010-08-16 22:32:30, 0.0, None 
 47.98, -123.15, 28.0, 2010-08-16 22:37:30, 0.0, None 
 48.09, -123.07, 20.0, 2010-08-16 22:40:00, 0.0, None 
 47.7, -123.21, 26.0, 2010-08-16 22:40:00, 0.0, None 
 47.875, -123.3, 25.0, 2010-08-16 22:52:30, 0.0, None 
 47.71, -123.365, 20.0, 2010-08-16 22:55:00, 0.0, None 
 46.905, -122.745, 57.5, 2010-08-16 22:57:30, 0.0, None 
 47.72, -123.07, 32.0, 2010-08-16 23:00:00, 0.0, None 
 47.0, -122.73, 49.0, 2010-08-16 23:07:30, 0.0, None 
 47.77, -123.11, 55.0, 2010-08-16 23:12:30, 0.0, None 
 48.12, -123.08, 40.0, 2010-08-16 23:30:00, 0.0, None 
 48.06, -123.19, 50.0, 2010-08-16 23:45:00, 0.0, None 
 48.065, -123.22200000000001, 32.5, 2010-08-16 23:47:30, 0.0, None 
 47.78, -123.16, 60.0, 2010-08-16 23:50:00, 0.0, None 
 47.51, -123.11, 20.0, 2010-08-16 23:52:30, 0.0, None 
 47.52, -123.19, 20.0, 2010-08-17 00:00:00, 0.0, None 
 47.92, -123.08, 60.0, 2010-08-17 00:07:30, 0.0, None 
 47.59, -123.03, 20.0, 2010-08-17 00:10:00, 0.0, None 
 47.97, -123.3, 20.0, 2010-08-17 00:17:30, 0.0, None 
 47.58, -122.91, 34.0, 2010-08-17 00:17:30, 0.0, None 
 47.36, -123.075, 60.0, 2010-08-17 00:20:00, 0.0, None 
 48.02, -122.93, 40.0, 2010-08-17 00:27:30, 0.0, None 
 47.52, -123.235, 29.5, 2010-08-17 00:30:00, 0.0, None 
 47.95, -123.19, 46.0, 2010-08-17 00:40:00, 0.0, None 
 48.07, -123.0, 52.5, 2010-08-17 00:45:00, 0.0, None 
 47.565, -123.115, 60.0, 2010-08-17 00:45:00, 0.0, None 
 47.4, -122.81, 20.0, 2010-08-17 00:50:00, 0.0, None 
 47.51, -123.04, 20.0, 2010-08-17 01:00:00, 0.0, None 
 47.7, -122.9, 20.0, 2010-08-17 01:02:30, 0.0, None 
 47.29, -122.93, 20.0, 2010-08-17 01:15:00, 0.0, None 
 48.165, -122.898, 20.0, 2010-08-17 01:17:30, 0.0, None 
 48.155, -122.98299999999999, 36.0, 2010-08-17 01:20:00, 0.0, None 
 47.175, -123.02, 30.0, 2010-08-17 01:27:30, 0.0, None 
 47.07, -123.23, 28.0, 2010-08-17 01:30:00, 0.0, None 
 47.44, -122.94200000000001, 20.0, 2010-08-17 01:32:30, 0.0, None 
 47.431999999999995, -122.95, 23.8, 2010-08-17 01:35:00, 0.0, None 
 47.41, -122.925, 42.0, 2010-08-17 01:40:00, 0.0, None 
 47.46, -122.995, 20.0, 2010-08-17 01:42:30, 0.0, None 
 47.32, -122.955, 20.5, 2010-08-17 01:47:30, 0.0, None 
 47.285, -123.053, 20.0, 2010-08-17 01:50:00, 0.0, None 
 48.26, -122.995, 36.5, 2010-08-17 01:52:30, 0.0, None 
 47.585, -122.99, 60.0, 2010-08-17 01:57:30, 0.0, None 
 47.1, -122.97, 27.0, 2010-08-17 02:00:00, 0.0, None 
 47.315, -123.04299999999999, 20.0, 2010-08-17 02:07:30, 0.0, None 
 47.3, -123.1, 20.0, 2010-08-17 02:10:00, 0.0, None 
 48.04, -123.25, 26.5, 2010-08-17 02:17:30, 0.0, None 
 47.375, -123.175, 38.0, 2010-08-17 02:17:30, 0.0, None 
 48.04, -123.25, 26.5, 2010-08-17 02:20:00, 0.0, None 
 47.31, -123.06, 31.5, 2010-08-17 02:20:00, 0.0, None 
 47.995, -123.18299999999999, 21.2, 2010-08-17 02:22:30, 0.0, None 
 48.09, -123.2, 20.0, 2010-08-17 02:27:30, 0.0, None 
 48.16, -123.17, 20.0, 2010-08-17 02:30:00, 0.0, None 
 47.39, -123.1, 40.0, 2010-08-17 02:30:00, 0.0, None 
 47.305, -123.00200000000001, 22.0, 2010-08-17 02:32:30, 0.0, None 
 47.86, -123.17, 22.0, 2010-08-17 02:37:30, 0.0, None 
 47.3, -123.16, 60.0, 2010-08-17 02:37:30, 0.0, None 
 47.87, -123.19, 24.0, 2010-08-17 02:40:00, 0.0, None 
 47.485, -123.34, 48.5, 2010-08-17 02:45:00, 0.0, None 
 47.875, -123.1, 60.0, 2010-08-17 02:57:30, 0.0, None 
 47.963, -123.12, 24.8, 2010-08-17 03:00:00, 0.0, None 
 47.59, -123.09, 35.0, 2010-08-17 03:02:30, 0.0, None 
 47.6, -123.03, 32.0, 2010-08-17 03:05:00, 0.0, None 
 47.495, -123.195, 39.0, 2010-08-17 03:12:30, 0.0, None 
 47.405, -123.08, 41.0, 2010-08-17 03:15:00, 0.0, None 
 47.07, -122.92, 60.0, 2010-08-17 03:22:30, 0.0, None 
 47.2, -123.12, 37.0, 2010-08-17 03:27:30, 0.0, None 
 47.095, -123.015, 48.0, 2010-08-17 03:40:00, 0.0, None 
 47.42, -123.11200000000001, 20.0, 2010-08-17 03:52:30, 0.0, None 
 47.51, -123.28, 20.0, 2010-08-17 03:55:00, 0.0, None 
 47.365, -123.20200000000001, 20.0, 2010-08-17 04:00:00, 0.0, None 
 47.412, -123.15, 20.0, 2010-08-17 04:02:30, 0.0, None 
 47.42, -123.07799999999999, 20.0, 2010-08-17 04:05:00, 0.0, None 
 47.32, -122.93, 20.0, 2010-08-17 04:07:30, 0.0, None 
 47.22, -123.12, 20.0, 2010-08-17 04:10:00, 0.0, None 
 47.4, -123.025, 25.5, 2010-08-17 04:15:00, 0.0, None 
 47.425, -123.12, 29.0, 2010-08-17 04:17:30, 0.0, None 
 47.415, -122.975, 20.0, 2010-08-17 04:22:30, 0.0, None 
 47.415, -122.96, 20.0, 2010-08-17 04:25:00, 0.0, None 
 47.42, -123.02799999999999, 27.5, 2010-08-17 04:32:30, 0.0, None 
 47.41, -123.005, 26.8, 2010-08-17 04:35:00, 0.0, None 
 47.43, -123.01799999999999, 34.2, 2010-08-17 04:37:30, 0.0, None 
 47.407, -122.98299999999999, 20.0, 2010-08-17 04:40:00, 0.0, None 
 47.47, -122.94200000000001, 35.8, 2010-08-17 04:42:30, 0.0, None 
 47.472, -122.945, 28.0, 2010-08-17 04:45:00, 0.0, None 
 48.06, -123.07, 54.0, 2010-08-17 04:50:00, 0.0, None 
 48.01, -123.2, 42.0, 2010-08-17 04:52:30, 0.0, None 
 47.99, -123.21, 45.0, 2010-08-17 04:55:00, 0.0, None 
 47.38, -122.915, 20.0, 2010-08-17 04:55:00, 0.0, None 
 47.4, -122.995, 20.0, 2010-08-17 04:57:30, 0.0, None 
 47.4, -123.135, 20.0, 2010-08-17 05:00:00, 0.0, None 
 47.97, -123.27, 25.0, 2010-08-17 05:02:30, 0.0, None 
 47.95, -123.28, 25.0, 2010-08-17 05:05:00, 0.0, None 
 47.945, -123.34, 33.0, 2010-08-17 05:07:30, 0.0, None 
 47.96, -123.28, 28.0, 2010-08-17 05:10:00, 0.0, None 
 47.986999999999995, -123.23299999999999, 29.0, 2010-08-17 05:12:30, 0.0, None 
 47.915, -123.24, 20.0, 2010-08-17 05:15:00, 0.0, None 
 47.9, -123.32, 40.0, 2010-08-17 05:22:30, 0.0, None 
 47.49, -123.23, 20.0, 2010-08-17 05:27:30, 0.0, None 
 47.735, -123.31, 20.0, 2010-08-17 05:30:00, 0.0, None 
 47.85, -123.36, 20.0, 2010-08-17 05:40:00, 0.0, None 
 47.82, -123.35, 35.0, 2010-08-17 05:42:30, 0.0, None 
 47.84, -123.32, 31.5, 2010-08-17 05:45:00, 0.0, None 
 47.87, -123.35, 27.5, 2010-08-17 05:47:30, 0.0, None 
 47.875, -123.30799999999999, 26.8, 2010-08-17 05:50:00, 0.0, None 
 47.85, -123.29, 40.5, 2010-08-17 05:52:30, 0.0, None 
 47.87, -123.3, 34.0, 2010-08-17 05:55:00, 0.0, None 
 47.84, -123.29, 60.0, 2010-08-17 05:57:30, 0.0, None 
 47.84, -123.3, 20.0, 2010-08-17 06:00:00, 0.0, None 
 47.95, -123.255, 20.2, 2010-08-17 06:02:30, 0.0, None 
 47.9, -123.25, 51.0, 2010-08-17 06:05:00, 0.0, None 
 47.895, -123.19, 20.0, 2010-08-17 06:12:30, 0.0, None 
 47.91, -123.25, 44.2, 2010-08-17 06:15:00, 0.0, None 
 47.89, -123.31200000000001, 60.0, 2010-08-17 06:17:30, 0.0, None 
 47.92, -123.2, 46.0, 2010-08-17 06:20:00, 0.0, None 
 47.91, -123.23, 25.0, 2010-08-17 06:22:30, 0.0, None 
 47.965, -123.21, 37.5, 2010-08-17 06:25:00, 0.0, None 
 47.9, -123.21, 27.0, 2010-08-17 06:27:30, 0.0, None 
 47.89, -123.23, 34.5, 2010-08-17 06:30:00, 0.0, None 
 47.89, -123.3, 30.0, 2010-08-17 06:32:30, 0.0, None 
 48.08, -123.125, 20.5, 2010-08-17 06:40:00, 0.0, None 
 48.065, -123.22, 30.5, 2010-08-17 06:42:30, 0.0, None 
 47.02, -122.51, 23.0, 2010-08-17 06:50:00, 0.0, None 
 48.12, -123.12, 60.0, 2010-08-17 06:52:30, 0.0, None 
 47.1, -122.72, 20.0, 2010-08-17 06:52:30, 0.0, None 
 47.1, -122.79, 37.0, 2010-08-17 06:55:00, 0.0, None 
 47.15, -122.97, 60.0, 2010-08-17 06:57:30, 0.0, None 
 47.98, -123.435, 60.0, 2010-08-17 07:00:00, 0.0, None 
 48.115, -123.1, 60.0, 2010-08-17 07:02:30, 0.0, None 
 47.925, -123.445, 60.0, 2010-08-17 07:02:30, 0.0, None 
 48.088, -123.04700000000001, 30.0, 2010-08-17 07:05:00, 0.0, None 
 48.133, -123.11200000000001, 35.2, 2010-08-17 07:07:30, 0.0, None 
 48.065, -123.15700000000001, 56.5, 2010-08-17 07:10:00, 0.0, None 
 48.028, -123.23, 34.5, 2010-08-17 07:12:30, 0.0, None 
 48.03, -123.238, 38.0, 2010-08-17 07:15:00, 0.0, None 
 48.043, -123.24, 30.0, 2010-08-17 07:17:30, 0.0, None 
 48.06, -123.167, 30.5, 2010-08-17 07:20:00, 0.0, None 
 48.053000000000004, -123.17, 28.0, 2010-08-17 07:22:30, 0.0, None 
 48.03, -123.29, 20.0, 2010-08-17 07:25:00, 0.0, None 
 48.05, -123.3, 20.0, 2010-08-17 07:27:30, 0.0, None 
 47.815, -123.335, 60.0, 2010-08-17 07:27:30, 0.0, None 
 48.037, -123.25, 30.0, 2010-08-17 07:30:00, 0.0, None 
 47.985, -123.305, 20.0, 2010-08-17 07:32:30, 0.0, None 
 47.82, -123.425, 60.0, 2010-08-17 07:37:30, 0.0, None 
 47.98, -123.27, 32.0, 2010-08-17 07:40:00, 0.0, None 
 48.03, -123.26, 36.5, 2010-08-17 07:42:30, 0.0, None 
 48.075, -123.265, 38.5, 2010-08-17 07:45:00, 0.0, None 
 47.86, -123.43, 30.0, 2010-08-17 07:47:30, 0.0, None 
 48.145, -123.0, 51.0, 2010-08-17 07:50:00, 0.0, None 
 48.11, -123.195, 60.0, 2010-08-17 07:52:30, 0.0, None 
 48.17, -122.935, 60.0, 2010-08-17 07:57:30, 0.0, None 
 47.95, -123.085, 48.5, 2010-08-17 08:00:00, 0.0, None 
 47.87, -123.12, 20.0, 2010-08-17 08:02:30, 0.0, None 
 47.51, -123.42, 31.5, 2010-08-17 08:02:30, 0.0, None 
 48.013000000000005, -123.28, 22.2, 2010-08-17 08:07:30, 0.0, None 
 47.85, -123.205, 60.0, 2010-08-17 08:10:00, 0.0, None 
 47.11, -122.69, 53.5, 2010-08-17 08:15:00, 0.0, None 
 47.135, -122.695, 57.5, 2010-08-17 08:17:30, 0.0, None 
 48.02, -123.18, 20.0, 2010-08-17 08:30:00, 0.0, None 
 48.015, -123.13, 33.5, 2010-08-17 08:32:30, 0.0, None 
 48.0, -123.04, 43.0, 2010-08-17 08:35:00, 0.0, None 
 48.09, -123.09, 20.8, 2010-08-17 08:37:30, 0.0, None 
 48.06, -123.135, 37.5, 2010-08-17 08:40:00, 0.0, None 
 48.0, -123.16, 49.0, 2010-08-17 08:42:30, 0.0, None 
 48.1, -123.11, 25.0, 2010-08-17 08:45:00, 0.0, None 
 48.09, -123.075, 60.0, 2010-08-17 09:15:00, 0.0, None 
 47.93, -123.255, 56.5, 2010-08-17 09:17:30, 0.0, None 
 48.0, -123.31, 60.0, 2010-08-17 09:22:30, 0.0, None 
 48.02, -123.265, 50.5, 2010-08-17 09:25:00, 0.0, None 
 48.04, -123.115, 36.8, 2010-08-17 09:27:30, 0.0, None 
 48.06, -123.095, 34.0, 2010-08-17 09:30:00, 0.0, None 
 48.1, -123.29, 43.0, 2010-08-17 09:32:30, 0.0, None 
 47.99, -123.23, 48.0, 2010-08-17 09:35:00, 0.0, None 
 48.215, -123.22, 25.0, 2010-08-17 09:40:00, 0.0, None 
 47.98, -123.11, 44.0, 2010-08-17 09:40:00, 0.0, None 
 48.2, -123.29, 20.0, 2010-08-17 09:42:30, 0.0, None 
 47.995, -123.09, 40.0, 2010-08-17 09:42:30, 0.0, None 
 47.01, -122.52, 20.0, 2010-08-17 10:37:30, 0.0, None 
 47.69, -122.79, 20.0, 2010-08-17 10:45:00, 0.0, None 
 47.69, -122.8, 20.0, 2010-08-17 10:47:30, 0.0, None 
 47.92, -123.4, 51.0, 2010-08-17 11:07:30, 0.0, None 
 48.18, -123.02, 38.5, 2010-08-17 11:30:00, 0.0, None 
 48.17, -123.03, 53.0, 2010-08-17 11:32:30, 0.0, None 
 47.24, -123.09, 60.0, 2010-08-17 11:37:30, 0.0, None 
 48.255, -122.995, 26.5, 2010-08-17 12:12:30, 0.0, None 
 47.1, -123.28, 42.0, 2010-08-17 12:52:30, 0.0, None 
 47.91, -123.35, 60.0, 2010-08-17 13:42:30, 0.0, None 
 48.19, -122.89, 33.0, 2010-08-17 13:47:30, 0.0, None 
 48.24, -123.06, 52.0, 2010-08-17 13:50:00, 0.0, None 
 47.22, -123.015, 20.0, 2010-08-17 13:57:30, 0.0, None 
 47.095, -123.25, 46.5, 2010-08-17 14:02:30, 0.0, None 
 47.2, -123.11, 20.0, 2010-08-17 14:15:00, 0.0, None 
 48.01, -123.25, 23.0, 2010-08-17 14:22:30, 0.0, None 
 48.06, -123.3, 60.0, 2010-08-17 14:27:30, 0.0, None 
 47.2, -123.12, 22.0, 2010-08-17 14:30:00, 0.0, None 
 47.97, -123.1, 20.0, 2010-08-17 14:32:30, 0.0, None 
 47.11, -123.21, 55.0, 2010-08-17 15:07:30, 0.0, None 
 47.05, -122.99, 42.0, 2010-08-17 15:20:00, 0.0, None 
 47.58, -122.9, 60.0, 2010-08-17 15:55:00, 0.0, None 
 47.445, -123.215, 27.0, 2010-08-17 16:12:30, 0.0, None 
 47.51, -123.23, 24.0, 2010-08-17 16:30:00, 0.0, None 
 48.22, -123.01, 60.0, 2010-08-17 16:35:00, 0.0, None 
 47.52, -123.1, 34.0, 2010-08-17 16:40:00, 0.0, None 
 48.22, -122.99, 35.0, 2010-08-17 17:20:00, 0.0, None 
 47.985, -123.31200000000001, 53.8, 2010-08-17 17:22:30, 0.0, None 
 48.06, -123.37, 50.0, 2010-08-17 17:25:00, 0.0, None 
 47.505, -122.92, 60.0, 2010-08-17 17:27:30, 0.0, None 
 48.195, -123.08, 40.0, 2010-08-17 17:32:30, 0.0, None 
 47.74, -122.85, 33.0, 2010-08-17 18:02:30, 0.0, None 
 48.1, -123.235, 27.5, 2010-08-17 18:17:30, 0.0, None 
 48.082, -123.19200000000001, 25.0, 2010-08-17 18:20:00, 0.0, None 
 48.095, -123.18, 27.8, 2010-08-17 18:22:30, 0.0, None 
 47.91, -123.23, 60.0, 2010-08-17 18:25:00, 0.0, None 
 47.99, -123.215, 36.0, 2010-08-17 18:30:00, 0.0, None 
 47.98, -123.19, 20.0, 2010-08-17 18:32:30, 0.0, None 
 48.01, -123.2, 45.0, 2010-08-17 18:35:00, 0.0, None 
 47.97, -123.195, 42.0, 2010-08-17 18:37:30, 0.0, None 
 48.015, -123.19, 28.2, 2010-08-17 18:40:00, 0.0, None 
 47.995, -123.055, 60.0, 2010-08-17 18:42:30, 0.0, None 
 48.31, -123.05, 40.0, 2010-08-17 18:47:30, 0.0, None 
 47.99, -123.23, 29.0, 2010-08-17 18:50:00, 0.0, None 
 48.01, -123.13, 20.0, 2010-08-17 18:52:30, 0.0, None 
 48.21, -122.96, 20.0, 2010-08-17 19:00:00, 0.0, None 
 47.81, -123.32, 50.0, 2010-08-17 19:07:30, 0.0, None 
 48.1, -123.18, 20.0, 2010-08-17 19:10:00, 0.0, None 
 47.86, -123.195, 60.0, 2010-08-17 19:25:00, 0.0, None 
 47.07, -122.85, 60.0, 2010-08-17 19:45:00, 0.0, None 
 47.79, -122.81, 43.0, 2010-08-17 19:52:30, 0.0, None 
 47.99, -123.11, 34.0, 2010-08-17 19:52:30, 0.0, None 
 47.99, -123.1, 29.0, 2010-08-17 19:55:00, 0.0, None 
 48.07, -123.11, 60.0, 2010-08-17 19:57:30, 0.0, None 
 48.0, -123.4, 20.0, 2010-08-17 20:22:30, 0.0, None 
 47.82, -123.325, 60.0, 2010-08-17 20:25:00, 0.0, None 
 48.126999999999995, -122.99, 27.5, 2010-08-17 20:42:30, 0.0, None 
 48.27, -123.09, 20.0, 2010-08-17 20:45:00, 0.0, None 
 48.085, -123.275, 60.0, 2010-08-17 21:02:30, 0.0, None 
 47.82, -123.41, 25.0, 2010-08-17 21:15:00, 0.0, None 
 47.78, -123.355, 59.5, 2010-08-17 21:20:00, 0.0, None 
 47.78, -123.275, 48.0, 2010-08-17 21:22:30, 0.0, None 
 47.885, -123.29, 20.0, 2010-08-17 21:25:00, 0.0, None 
 47.81, -123.38, 49.0, 2010-08-17 21:27:30, 0.0, None 
 47.861999999999995, -123.26, 25.5, 2010-08-17 21:30:00, 0.0, None 
 47.9, -123.15, 20.0, 2010-08-17 21:32:30, 0.0, None 
 47.82, -123.33, 30.0, 2010-08-17 21:40:00, 0.0, None 
 47.125, -123.03, 57.0, 2010-08-17 21:45:00, 0.0, None 
 48.16, -123.02, 60.0, 2010-08-17 21:50:00, 0.0, None 
 47.16, -123.01, 26.0, 2010-08-17 22:12:30, 0.0, None 
 47.11, -122.97, 43.0, 2010-08-17 22:22:30, 0.0, None 
 47.16, -123.05, 42.5, 2010-08-17 22:25:00, 0.0, None 
 47.295, -123.015, 38.8, 2010-08-17 22:27:30, 0.0, None 
 47.22, -123.09, 20.0, 2010-08-17 22:37:30, 0.0, None 
 47.48, -122.855, 23.5, 2010-08-17 22:42:30, 0.0, None 
 48.165, -123.15, 38.0, 2010-08-17 22:47:30, 0.0, None 
 47.3, -123.16, 20.0, 2010-08-17 22:50:00, 0.0, None 
 48.185, -123.04, 34.5, 2010-08-17 22:52:30, 0.0, None 
 47.87, -123.13, 20.0, 2010-08-17 22:55:00, 0.0, None 
 48.195, -123.09, 38.0, 2010-08-17 22:55:00, 0.0, None 
 47.07, -122.98, 20.0, 2010-08-17 22:55:00, 0.0, None 
 48.285, -123.025, 47.0, 2010-08-17 22:57:30, 0.0, None 
 48.275, -123.06200000000001, 24.2, 2010-08-17 23:00:00, 0.0, None 
 47.13, -122.91, 20.0, 2010-08-17 23:00:00, 0.0, None 
 48.24, -123.03, 28.0, 2010-08-17 23:02:30, 0.0, None 
 48.24, -123.0, 26.2, 2010-08-17 23:07:30, 0.0, None 
 48.25, -123.02, 25.0, 2010-08-17 23:10:00, 0.0, None 
 47.27, -123.1, 25.0, 2010-08-17 23:15:00, 0.0, None 
 47.282, -123.065, 20.0, 2010-08-17 23:17:30, 0.0, None 
 47.22, -122.9, 20.0, 2010-08-17 23:20:00, 0.0, None 
 47.16, -122.97, 20.0, 2010-08-17 23:32:30, 0.0, None 
 47.12, -123.1, 20.0, 2010-08-18 00:12:30, 0.0, None 
 47.11, -122.995, 20.0, 2010-08-18 00:37:30, 0.0, None 
 47.28, -122.875, 51.0, 2010-08-18 00:40:00, 0.0, None 
 47.2, -123.1, 33.0, 2010-08-18 01:02:30, 0.0, None 
 48.3, -123.23, 20.0, 2010-08-18 01:05:00, 0.0, None 
 48.25, -123.095, 29.5, 2010-08-18 01:12:30, 0.0, None 
 48.26, -123.09299999999999, 30.2, 2010-08-18 01:15:00, 0.0, None 
 47.13, -123.01, 20.0, 2010-08-18 01:15:00, 0.0, None 
 48.28, -123.03, 20.0, 2010-08-18 01:17:30, 0.0, None 
 47.19, -123.11, 60.0, 2010-08-18 01:20:00, 0.0, None 
 48.21, -123.17, 25.0, 2010-08-18 01:27:30, 0.0, None 
 48.08, -123.05, 35.0, 2010-08-18 02:00:00, 0.0, None 
 48.19, -122.99, 43.0, 2010-08-18 02:27:30, 0.0, None 
 48.17, -122.96, 29.0, 2010-08-18 02:30:00, 0.0, None 
 47.85, -123.585, 53.0, 2010-08-18 02:37:30, 0.0, None 
 47.895, -123.44, 31.0, 2010-08-18 02:40:00, 0.0, None 
 47.95, -123.27, 60.0, 2010-08-18 02:42:30, 0.0, None 
 47.968, -123.255, 38.0, 2010-08-18 02:45:00, 0.0, None 
 48.118, -123.322, 40.0, 2010-08-18 02:47:30, 0.0, None 
 48.01, -123.275, 55.5, 2010-08-18 02:50:00, 0.0, None 
 47.94, -123.3, 27.5, 2010-08-18 02:52:30, 0.0, None 
 47.97, -123.19, 20.0, 2010-08-18 02:55:00, 0.0, None 
 48.055, -123.4, 60.0, 2010-08-18 02:57:30, 0.0, None 
 47.92, -123.59, 60.0, 2010-08-18 03:00:00, 0.0, None 
 48.01, -123.18, 20.0, 2010-08-18 03:02:30, 0.0, None 
 48.015, -123.305, 34.5, 2010-08-18 03:05:00, 0.0, None 
 48.088, -123.177, 56.2, 2010-08-18 03:07:30, 0.0, None 
 48.04, -123.265, 24.0, 2010-08-18 03:10:00, 0.0, None 
 48.05, -123.25, 29.0, 2010-08-18 03:12:30, 0.0, None 
 48.04, -123.24, 40.0, 2010-08-18 03:15:00, 0.0, None 
 47.965, -123.43, 60.0, 2010-08-18 03:17:30, 0.0, None 
 48.12, -123.02, 20.0, 2010-08-18 03:20:00, 0.0, None 
 47.98, -123.56, 60.0, 2010-08-18 03:20:00, 0.0, None 
 48.075, -123.045, 40.8, 2010-08-18 03:22:30, 0.0, None 
 47.27, -122.91, 60.0, 2010-08-18 03:22:30, 0.0, None 
 47.095, -123.085, 60.0, 2010-08-18 03:25:00, 0.0, None 
 48.06, -123.105, 60.0, 2010-08-18 03:32:30, 0.0, None 
 48.065, -123.345, 60.0, 2010-08-18 03:35:00, 0.0, None 
 48.21, -123.08, 48.0, 2010-08-18 03:37:30, 0.0, None 
 48.07, -123.245, 60.0, 2010-08-18 03:40:00, 0.0, None 
 48.188, -122.98700000000001, 48.0, 2010-08-18 03:47:30, 0.0, None 
 48.21, -122.9, 60.0, 2010-08-18 03:50:00, 0.0, None 
 47.04, -123.13, 20.0, 2010-08-18 03:55:00, 0.0, None 
 47.09, -123.11, 29.0, 2010-08-18 03:57:30, 0.0, None 
 47.82, -123.6, 55.0, 2010-08-18 04:57:30, 0.0, None 
 47.995, -123.2, 60.0, 2010-08-18 05:02:30, 0.0, None 
 47.905, -123.255, 31.5, 2010-08-18 05:05:00, 0.0, None 
 48.06, -123.27, 20.0, 2010-08-18 05:07:30, 0.0, None 
 48.0, -123.345, 30.0, 2010-08-18 05:10:00, 0.0, None 
 47.935, -123.505, 24.5, 2010-08-18 05:12:30, 0.0, None 
 48.08, -123.45, 38.5, 2010-08-18 05:15:00, 0.0, None 
 48.11, -123.28, 37.5, 2010-08-18 05:17:30, 0.0, None 
 48.045, -123.335, 25.5, 2010-08-18 05:20:00, 0.0, None 
 48.016999999999996, -123.35, 28.8, 2010-08-18 05:22:30, 0.0, None 
 47.96, -123.19, 60.0, 2010-08-18 05:27:30, 0.0, None 
 47.01, -123.03, 32.0, 2010-08-18 05:27:30, 0.0, None 
 48.28, -122.93, 21.0, 2010-08-18 05:30:00, 0.0, None 
 47.0, -122.97, 37.0, 2010-08-18 05:30:00, 0.0, None 
 48.015, -123.31200000000001, 25.2, 2010-08-18 05:35:00, 0.0, None 
 48.01, -123.3, 20.0, 2010-08-18 05:37:30, 0.0, None 
 47.885, -123.48, 60.0, 2010-08-18 05:40:00, 0.0, None 
 48.06, -123.16, 32.0, 2010-08-18 05:52:30, 0.0, None 
 48.31, -123.11200000000001, 34.2, 2010-08-18 05:55:00, 0.0, None 
 48.26, -123.125, 35.0, 2010-08-18 05:57:30, 0.0, None 
 48.222, -123.08, 29.0, 2010-08-18 06:00:00, 0.0, None 
 48.245, -123.072, 20.0, 2010-08-18 06:02:30, 0.0, None 
 48.22, -123.09, 20.0, 2010-08-18 06:05:00, 0.0, None 
 48.222, -122.99799999999999, 22.8, 2010-08-18 06:07:30, 0.0, None 
 48.27, -123.185, 20.0, 2010-08-18 06:10:00, 0.0, None 
 48.0, -123.395, 56.0, 2010-08-18 06:10:00, 0.0, None 
 48.26, -123.21, 20.0, 2010-08-18 06:12:30, 0.0, None 
 48.02, -123.385, 60.0, 2010-08-18 06:12:30, 0.0, None 
 48.222, -123.14, 46.0, 2010-08-18 06:15:00, 0.0, None 
 48.242, -123.12700000000001, 32.5, 2010-08-18 06:17:30, 0.0, None 
 48.218, -123.15299999999999, 40.0, 2010-08-18 06:20:00, 0.0, None 
 48.2, -123.095, 44.0, 2010-08-18 06:22:30, 0.0, None 
 48.117, -123.17, 55.0, 2010-08-18 06:30:00, 0.0, None 
 47.94, -123.3, 60.0, 2010-08-18 06:32:30, 0.0, None 
 47.895, -123.255, 54.0, 2010-08-18 06:35:00, 0.0, None 
 48.025, -123.265, 29.2, 2010-08-18 06:37:30, 0.0, None 
 47.925, -123.31, 20.0, 2010-08-18 06:40:00, 0.0, None 
 48.008, -123.26, 26.0, 2010-08-18 06:42:30, 0.0, None 
 47.945, -123.262, 24.2, 2010-08-18 06:45:00, 0.0, None 
 48.06, -123.28, 20.0, 2010-08-18 06:47:30, 0.0, None 
 47.99, -123.14, 60.0, 2010-08-18 06:57:30, 0.0, None 
 47.03, -122.97, 40.0, 2010-08-18 06:57:30, 0.0, None 
 48.285, -123.12299999999999, 28.5, 2010-08-18 07:00:00, 0.0, None 
 47.035, -122.97, 29.0, 2010-08-18 07:00:00, 0.0, None 
 48.038000000000004, -123.145, 43.2, 2010-08-18 07:02:30, 0.0, None 
 47.975, -123.18, 44.5, 2010-08-18 07:05:00, 0.0, None 
 47.99, -123.245, 41.0, 2010-08-18 07:07:30, 0.0, None 
 47.97, -123.15, 60.0, 2010-08-18 07:10:00, 0.0, None 
 47.03, -123.005, 20.0, 2010-08-18 07:10:00, 0.0, None 
 47.01, -123.07, 20.0, 2010-08-18 07:12:30, 0.0, None 
 47.983000000000004, -123.287, 55.0, 2010-08-18 07:15:00, 0.0, None 
 48.095, -123.227, 30.2, 2010-08-18 07:17:30, 0.0, None 
 48.11, -123.23, 28.0, 2010-08-18 07:20:00, 0.0, None 
 48.095, -123.44, 53.0, 2010-08-18 07:27:30, 0.0, None 
 48.21, -123.25, 60.0, 2010-08-18 07:35:00, 0.0, None 
 48.2, -122.945, 45.0, 2010-08-18 07:37:30, 0.0, None 
 48.17, -123.28, 60.0, 2010-08-18 07:37:30, 0.0, None 
 48.0, -123.49, 50.0, 2010-08-18 07:52:30, 0.0, None 
 47.905, -123.69, 27.0, 2010-08-18 07:55:00, 0.0, None 
 48.155, -123.303, 40.5, 2010-08-18 07:57:30, 0.0, None 
 48.095, -123.28200000000001, 26.0, 2010-08-18 08:00:00, 0.0, None 
 48.02, -123.338, 20.0, 2010-08-18 08:17:30, 0.0, None 
 48.04, -123.42, 20.0, 2010-08-18 08:20:00, 0.0, None 
 48.023, -123.295, 28.0, 2010-08-18 08:27:30, 0.0, None 
 48.045, -123.315, 28.5, 2010-08-18 08:30:00, 0.0, None 
 48.085, -123.175, 57.5, 2010-08-18 08:32:30, 0.0, None 
 48.105, -123.147, 48.8, 2010-08-18 08:35:00, 0.0, None 
 48.215, -123.315, 40.0, 2010-08-18 08:37:30, 0.0, None 
 48.16, -123.365, 60.0, 2010-08-18 08:40:00, 0.0, None 
 48.17, -123.12, 34.0, 2010-08-18 08:42:30, 0.0, None 
 48.175, -123.09, 60.0, 2010-08-18 08:45:00, 0.0, None 
 48.185, -123.11, 20.0, 2010-08-18 08:47:30, 0.0, None 
 48.24, -123.095, 33.5, 2010-08-18 08:50:00, 0.0, None 
 48.263000000000005, -123.09, 26.5, 2010-08-18 08:52:30, 0.0, None 
 47.02, -123.0, 42.0, 2010-08-18 09:07:30, 0.0, None 
 48.1, -123.26, 20.5, 2010-08-18 09:32:30, 0.0, None 
 48.14, -123.25200000000001, 31.5, 2010-08-18 09:37:30, 0.0, None 
 48.09, -123.21799999999999, 40.0, 2010-08-18 09:40:00, 0.0, None 
 48.24, -123.49, 20.0, 2010-08-18 10:12:30, 0.0, None 
 47.96, -123.48, 23.0, 2010-08-18 10:30:00, 0.0, None 
 48.07, -123.02, 37.0, 2010-08-18 10:45:00, 0.0, None 
 48.111999999999995, -123.12700000000001, 25.0, 2010-08-18 10:47:30, 0.0, None 
 48.14, -123.02, 29.0, 2010-08-18 10:50:00, 0.0, None 
 47.83, -123.39, 48.0, 2010-08-18 11:00:00, 0.0, None 
 48.25, -123.04299999999999, 45.8, 2010-08-18 11:02:30, 0.0, None 
 48.245, -123.007, 28.5, 2010-08-18 11:05:00, 0.0, None 
 48.2, -122.92, 35.0, 2010-08-18 11:12:30, 0.0, None 
 48.24, -123.09, 29.5, 2010-08-18 11:15:00, 0.0, None 
 48.25, -123.175, 44.0, 2010-08-18 11:17:30, 0.0, None 
 48.2, -123.175, 52.0, 2010-08-18 11:20:00, 0.0, None 
 48.195, -123.1, 47.5, 2010-08-18 11:22:30, 0.0, None 
 48.23, -123.155, 28.5, 2010-08-18 11:27:30, 0.0, None 
 48.29, -123.14, 34.0, 2010-08-18 11:30:00, 0.0, None 
 48.17, -123.185, 39.0, 2010-08-18 11:32:30, 0.0, None 
 48.18, -123.25, 30.0, 2010-08-18 11:35:00, 0.0, None 
 48.2, -123.06, 27.5, 2010-08-18 11:37:30, 0.0, None 
 48.145, -123.037, 41.2, 2010-08-18 11:40:00, 0.0, None 
 48.175, -123.065, 27.5, 2010-08-18 11:42:30, 0.0, None 
 48.21, -123.22, 48.0, 2010-08-18 11:45:00, 0.0, None 
 48.305, -123.15, 45.5, 2010-08-18 11:55:00, 0.0, None 
 48.0, -123.57, 43.0, 2010-08-18 13:57:30, 0.0, None 
 47.89, -123.32, 42.0, 2010-08-18 15:37:30, 0.0, None 
 48.11, -123.095, 22.0, 2010-08-18 15:40:00, 0.0, None 
 48.17, -123.04, 40.0, 2010-08-18 15:42:30, 0.0, None 
 47.86, -123.42, 20.0, 2010-08-18 15:52:30, 0.0, None 
 48.14, -123.3, 32.0, 2010-08-18 16:07:30, 0.0, None 
 47.885, -123.28, 33.5, 2010-08-18 16:07:30, 0.0, None 
 48.34, -123.04, 21.0, 2010-08-18 16:30:00, 0.0, None 
 47.775, -123.38, 23.5, 2010-08-18 17:32:30, 0.0, None 
 47.78, -123.4, 30.5, 2010-08-18 17:35:00, 0.0, None 
 47.805, -123.44, 20.0, 2010-08-18 17:37:30, 0.0, None 
 48.25, -123.05, 58.0, 2010-08-18 17:45:00, 0.0, None 
 47.01, -122.98, 60.0, 2010-08-18 17:50:00, 0.0, None 
 46.98, -123.055, 25.0, 2010-08-18 18:15:00, 0.0, None 
 48.17, -123.06, 60.0, 2010-08-18 18:30:00, 0.0, None 
 46.985, -122.93, 20.0, 2010-08-18 18:32:30, 0.0, None 
 47.11, -123.02, 40.0, 2010-08-18 18:40:00, 0.0, None 
 47.035, -123.01, 47.0, 2010-08-18 18:42:30, 0.0, None 
 47.08, -123.035, 32.0, 2010-08-18 18:45:00, 0.0, None 
 47.22, -123.095, 20.0, 2010-08-18 20:30:00, 0.0, None 
 47.28, -123.1, 20.0, 2010-08-18 20:42:30, 0.0, None 
 48.0, -123.29, 46.5, 2010-08-18 21:12:30, 0.0, None 
 48.0, -123.29, 60.0, 2010-08-18 21:15:00, 0.0, None 
 48.03, -123.34, 60.0, 2010-08-18 21:27:30, 0.0, None 
 48.17, -123.31, 44.0, 2010-08-18 21:30:00, 0.0, None 
 48.17, -123.4, 33.0, 2010-08-18 21:32:30, 0.0, None 
 48.29, -122.9, 20.0, 2010-08-18 21:37:30, 0.0, None 
 47.97, -123.32, 20.0, 2010-08-18 21:40:00, 0.0, None 
 47.91, -123.58, 60.0, 2010-08-18 21:42:30, 0.0, None 
 46.59, -122.93, 20.0, 2010-08-18 21:42:30, 0.0, None 
 47.82, -123.375, 60.0, 2010-08-18 21:45:00, 0.0, None 
 48.115, -123.4, 60.0, 2010-08-18 21:57:30, 0.0, None 
 48.34, -123.08, 23.5, 2010-08-18 22:07:30, 0.0, None 
 47.98, -123.615, 60.0, 2010-08-18 22:07:30, 0.0, None 
 47.87, -123.28, 25.5, 2010-08-18 22:17:30, 0.0, None 
 47.986999999999995, -123.275, 20.0, 2010-08-18 22:20:00, 0.0, None 
 47.9, -123.34, 20.0, 2010-08-18 22:40:00, 0.0, None 
 47.99, -123.33, 60.0, 2010-08-18 22:42:30, 0.0, None 
 47.86, -123.29, 20.0, 2010-08-18 22:45:00, 0.0, None 
 47.785, -123.1, 20.0, 2010-08-18 23:12:30, 0.0, None 
 47.82, -123.3, 20.0, 2010-08-18 23:17:30, 0.0, None 
 48.11, -123.13, 20.0, 2010-08-18 23:27:30, 0.0, None 
 48.18, -123.09, 39.5, 2010-08-18 23:30:00, 0.0, None 
 48.11, -123.38, 60.0, 2010-08-18 23:37:30, 0.0, None 
 48.03, -123.275, 60.0, 2010-08-18 23:40:00, 0.0, None 
 48.03, -123.27, 60.0, 2010-08-18 23:42:30, 0.0, None 
 47.88, -123.62, 60.0, 2010-08-18 23:45:00, 0.0, None 
 47.86, -123.6, 60.0, 2010-08-18 23:47:30, 0.0, None 
 48.218, -123.083, 29.2, 2010-08-18 23:50:00, 0.0, None 
 48.285, -123.11, 20.0, 2010-08-19 00:02:30, 0.0, None 
 48.23, -123.21, 20.0, 2010-08-19 00:05:00, 0.0, None 
 48.285, -123.14, 20.0, 2010-08-19 00:07:30, 0.0, None 
 47.81, -123.23, 41.0, 2010-08-19 00:10:00, 0.0, None 
 48.218, -123.065, 48.0, 2010-08-19 00:15:00, 0.0, None 
 48.275, -123.07799999999999, 22.2, 2010-08-19 00:17:30, 0.0, None 
 48.19, -123.17, 39.5, 2010-08-19 00:20:00, 0.0, None 
 48.27, -123.095, 20.0, 2010-08-19 00:22:30, 0.0, None 
 47.95, -123.21, 37.0, 2010-08-19 00:25:00, 0.0, None 
 48.08, -123.065, 38.0, 2010-08-19 00:27:30, 0.0, None 
 48.14, -123.26, 30.0, 2010-08-19 00:30:00, 0.0, None 
 48.065, -123.16, 40.0, 2010-08-19 00:32:30, 0.0, None 
 47.91, -123.195, 38.0, 2010-08-19 00:35:00, 0.0, None 
 47.91, -123.27, 20.0, 2010-08-19 00:37:30, 0.0, None 
 48.275, -123.13799999999999, 51.5, 2010-08-19 00:40:00, 0.0, None 
 48.22, -123.195, 22.2, 2010-08-19 00:42:30, 0.0, None 
 48.235, -123.22, 22.2, 2010-08-19 00:45:00, 0.0, None 
 47.9, -123.23, 28.0, 2010-08-19 00:47:30, 0.0, None 
 47.82, -123.265, 20.0, 2010-08-19 00:50:00, 0.0, None 
 47.915, -123.305, 37.8, 2010-08-19 00:52:30, 0.0, None 
 47.87, -123.27, 35.0, 2010-08-19 00:55:00, 0.0, None 
 47.82, -123.46, 57.0, 2010-08-19 00:57:30, 0.0, None 
 48.19, -123.02, 20.0, 2010-08-19 01:00:00, 0.0, None 
 48.29, -122.9, 20.0, 2010-08-19 01:02:30, 0.0, None 
 47.905, -123.1, 32.0, 2010-08-19 01:05:00, 0.0, None 
 47.9, -123.26, 39.0, 2010-08-19 01:10:00, 0.0, None 
 47.88, -123.11, 35.0, 2010-08-19 01:12:30, 0.0, None 
 47.86, -123.085, 32.0, 2010-08-19 01:15:00, 0.0, None 
 47.93, -122.93, 53.0, 2010-08-19 01:17:30, 0.0, None 
 48.41, -122.87, 31.0, 2010-08-19 01:20:00, 0.0, None 
 47.985, -123.295, 60.0, 2010-08-19 01:20:00, 0.0, None 
 47.8, -123.2, 20.0, 2010-08-19 01:22:30, 0.0, None 
 47.9, -123.165, 33.0, 2010-08-19 01:25:00, 0.0, None 
 47.895, -123.22, 40.0, 2010-08-19 01:35:00, 0.0, None 
 47.91, -123.27, 52.0, 2010-08-19 01:37:30, 0.0, None 
 47.915, -123.06, 32.5, 2010-08-19 01:40:00, 0.0, None 
 47.92, -123.115, 30.5, 2010-08-19 01:42:30, 0.0, None 
 47.875, -123.15, 48.0, 2010-08-19 01:45:00, 0.0, None 
 48.29, -122.92, 20.0, 2010-08-19 01:47:30, 0.0, None 
 47.91, -123.17, 60.0, 2010-08-19 01:47:30, 0.0, None 
 48.41, -123.11, 20.0, 2010-08-19 01:50:00, 0.0, None 
 47.99, -123.295, 60.0, 2010-08-19 01:50:00, 0.0, None 
 47.955, -123.525, 60.0, 2010-08-19 01:57:30, 0.0, None 
 47.9, -123.66, 28.0, 2010-08-19 02:07:30, 0.0, None 
 48.058, -123.32, 20.2, 2010-08-19 02:12:30, 0.0, None 
 47.96, -123.48, 20.0, 2010-08-19 02:17:30, 0.0, None 
 48.33, -123.085, 60.0, 2010-08-19 02:20:00, 0.0, None 
 48.28, -123.0, 39.0, 2010-08-19 02:22:30, 0.0, None 
 48.05, -123.315, 31.0, 2010-08-19 02:25:00, 0.0, None 
 48.01, -123.35, 33.0, 2010-08-19 02:27:30, 0.0, None 
 48.15, -123.265, 28.0, 2010-08-19 02:32:30, 0.0, None 
 48.065, -123.29299999999999, 26.5, 2010-08-19 02:35:00, 0.0, None 
 48.155, -123.24, 32.8, 2010-08-19 02:37:30, 0.0, None 
 48.19, -123.22, 32.0, 2010-08-19 02:40:00, 0.0, None 
 48.1, -123.32, 31.5, 2010-08-19 02:42:30, 0.0, None 
 47.9, -123.51, 20.0, 2010-08-19 02:47:30, 0.0, None 
 48.1, -123.32, 20.0, 2010-08-19 02:50:00, 0.0, None 
 48.03, -123.42, 42.5, 2010-08-19 02:55:00, 0.0, None 
 48.17, -123.39, 49.0, 2010-08-19 02:57:30, 0.0, None 
 48.078, -123.29, 25.5, 2010-08-19 03:00:00, 0.0, None 
 48.1, -123.565, 20.0, 2010-08-19 03:15:00, 0.0, None 
 47.99, -123.24, 43.0, 2010-08-19 03:17:30, 0.0, None 
 47.945, -123.34, 23.0, 2010-08-19 03:22:30, 0.0, None 
 47.955, -123.34, 28.5, 2010-08-19 03:25:00, 0.0, None 
 48.0, -123.15, 48.0, 2010-08-19 03:35:00, 0.0, None 
 48.205, -123.19, 29.0, 2010-08-19 03:40:00, 0.0, None 
 48.22, -122.975, 60.0, 2010-08-19 03:45:00, 0.0, None 
 48.29, -123.095, 34.2, 2010-08-19 03:47:30, 0.0, None 
 48.293, -123.105, 22.0, 2010-08-19 03:50:00, 0.0, None 
 48.343, -123.07799999999999, 30.0, 2010-08-19 03:52:30, 0.0, None 
 48.258, -123.195, 40.0, 2010-08-19 03:55:00, 0.0, None 
 47.885, -123.55, 60.0, 2010-08-19 03:57:30, 0.0, None 
 48.36, -123.095, 24.5, 2010-08-19 04:00:00, 0.0, None 
 48.21, -123.17, 38.0, 2010-08-19 04:02:30, 0.0, None 
 48.215, -122.825, 60.0, 2010-08-19 04:05:00, 0.0, None 
 48.23, -123.12, 41.0, 2010-08-19 04:07:30, 0.0, None 
 48.306999999999995, -123.05, 46.0, 2010-08-19 04:10:00, 0.0, None 
 48.196999999999996, -123.06200000000001, 40.0, 2010-08-19 04:12:30, 0.0, None 
 48.222, -123.07, 20.0, 2010-08-19 04:15:00, 0.0, None 
 48.27, -123.045, 20.0, 2010-08-19 04:17:30, 0.0, None 
 48.225, -122.99799999999999, 43.5, 2010-08-19 04:20:00, 0.0, None 
 48.235, -123.175, 24.8, 2010-08-19 04:22:30, 0.0, None 
 48.21, -122.99, 29.2, 2010-08-19 04:25:00, 0.0, None 
 48.263000000000005, -123.06, 27.8, 2010-08-19 04:27:30, 0.0, None 
 48.27, -123.015, 23.5, 2010-08-19 04:30:00, 0.0, None 
 48.23, -123.01, 33.0, 2010-08-19 04:32:30, 0.0, None 
 48.288000000000004, -123.022, 32.0, 2010-08-19 04:35:00, 0.0, None 
 48.195, -123.22, 60.0, 2010-08-19 04:37:30, 0.0, None 
 48.21, -122.89, 24.5, 2010-08-19 04:45:00, 0.0, None 
 48.45, -122.98, 60.0, 2010-08-19 04:50:00, 0.0, None 
 48.215, -123.02, 60.0, 2010-08-19 04:55:00, 0.0, None 
 48.035, -123.375, 60.0, 2010-08-19 04:57:30, 0.0, None 
 47.055, -123.01, 58.5, 2010-08-19 04:57:30, 0.0, None 
 47.95, -123.44, 20.0, 2010-08-19 05:00:00, 0.0, None 
 48.4, -123.02, 60.0, 2010-08-19 05:02:30, 0.0, None 
 48.275, -123.08, 36.8, 2010-08-19 05:05:00, 0.0, None 
 47.07, -123.24, 33.0, 2010-08-19 05:05:00, 0.0, None 
 48.255, -123.01, 33.5, 2010-08-19 05:07:30, 0.0, None 
 48.055, -122.97, 49.5, 2010-08-19 05:12:30, 0.0, None 
 47.975, -123.365, 45.0, 2010-08-19 05:15:00, 0.0, None 
 48.07, -123.295, 34.0, 2010-08-19 05:17:30, 0.0, None 
 48.195, -123.585, 20.0, 2010-08-19 05:20:00, 0.0, None 
 48.31, -122.86, 37.0, 2010-08-19 05:27:30, 0.0, None 
 47.09, -123.145, 35.0, 2010-08-19 05:27:30, 0.0, None 
 47.08, -123.21, 30.0, 2010-08-19 05:30:00, 0.0, None 
 48.42, -123.0, 60.0, 2010-08-19 05:32:30, 0.0, None 
 48.08, -123.48, 60.0, 2010-08-19 05:32:30, 0.0, None 
 48.305, -122.955, 27.2, 2010-08-19 05:37:30, 0.0, None 
 48.28, -123.095, 32.0, 2010-08-19 05:40:00, 0.0, None 
 48.24, -123.095, 40.0, 2010-08-19 05:42:30, 0.0, None 
 48.24, -123.11, 30.2, 2010-08-19 05:45:00, 0.0, None 
 48.365, -123.0, 35.0, 2010-08-19 05:47:30, 0.0, None 
 48.35, -123.04, 28.2, 2010-08-19 05:50:00, 0.0, None 
 48.315, -123.03, 20.0, 2010-08-19 05:52:30, 0.0, None 
 48.22, -123.12, 45.0, 2010-08-19 05:55:00, 0.0, None 
 48.38, -123.12, 42.2, 2010-08-19 05:57:30, 0.0, None 
 48.35, -123.075, 24.0, 2010-08-19 06:00:00, 0.0, None 
 47.93, -123.48, 20.0, 2010-08-19 06:02:30, 0.0, None 
 48.04, -123.27, 29.0, 2010-08-19 06:05:00, 0.0, None 
 48.37, -123.085, 20.0, 2010-08-19 06:07:30, 0.0, None 
 47.06, -123.09, 40.5, 2010-08-19 06:10:00, 0.0, None 
 47.94, -123.515, 56.0, 2010-08-19 06:12:30, 0.0, None 
 47.13, -123.01, 48.5, 2010-08-19 06:12:30, 0.0, None 
 48.195, -123.07799999999999, 33.8, 2010-08-19 06:15:00, 0.0, None 
 47.08, -122.995, 56.0, 2010-08-19 06:15:00, 0.0, None 
 48.315, -122.977, 30.2, 2010-08-19 06:17:30, 0.0, None 
 47.09, -123.085, 45.0, 2010-08-19 06:17:30, 0.0, None 
 47.92, -123.07, 20.0, 2010-08-19 06:20:00, 0.0, None 
 48.195, -123.305, 20.0, 2010-08-19 06:20:00, 0.0, None 
 47.11, -123.04, 35.0, 2010-08-19 06:20:00, 0.0, None 
 48.058, -123.28, 20.0, 2010-08-19 06:22:30, 0.0, None 
 47.15, -123.07, 41.0, 2010-08-19 06:22:30, 0.0, None 
 48.18, -123.28, 24.2, 2010-08-19 06:25:00, 0.0, None 
 47.075, -122.98, 42.0, 2010-08-19 06:25:00, 0.0, None 
 48.155, -123.315, 26.2, 2010-08-19 06:27:30, 0.0, None 
 47.1, -123.09, 26.0, 2010-08-19 06:27:30, 0.0, None 
 47.1, -123.17, 27.5, 2010-08-19 06:30:00, 0.0, None 
 47.99, -123.395, 29.0, 2010-08-19 06:32:30, 0.0, None 
 48.055, -123.385, 31.5, 2010-08-19 06:35:00, 0.0, None 
 47.92, -123.37, 60.0, 2010-08-19 06:40:00, 0.0, None 
 48.03, -123.44, 20.0, 2010-08-19 06:42:30, 0.0, None 
 47.195, -123.04, 56.0, 2010-08-19 06:42:30, 0.0, None 
 47.185, -122.97, 43.0, 2010-08-19 06:45:00, 0.0, None 
 47.03, -123.2, 29.0, 2010-08-19 06:47:30, 0.0, None 
 48.13, -123.395, 49.0, 2010-08-19 06:50:00, 0.0, None 
 48.005, -123.315, 24.8, 2010-08-19 06:52:30, 0.0, None 
 47.98, -123.5, 20.0, 2010-08-19 06:55:00, 0.0, None 
 48.06, -123.52, 60.0, 2010-08-19 06:57:30, 0.0, None 
 47.07, -123.0, 47.5, 2010-08-19 07:00:00, 0.0, None 
 47.95, -123.3, 30.0, 2010-08-19 07:05:00, 0.0, None 
 47.992, -123.255, 30.0, 2010-08-19 07:07:30, 0.0, None 
 48.12, -123.47, 60.0, 2010-08-19 07:10:00, 0.0, None 
 48.37, -123.17, 21.0, 2010-08-19 07:12:30, 0.0, None 
 47.995, -123.44, 60.0, 2010-08-19 07:12:30, 0.0, None 
 47.09, -123.2, 49.0, 2010-08-19 07:15:00, 0.0, None 
 47.09, -123.22, 39.0, 2010-08-19 07:17:30, 0.0, None 
 48.01, -123.385, 47.5, 2010-08-19 07:20:00, 0.0, None 
 48.0, -123.46, 30.0, 2010-08-19 07:22:30, 0.0, None 
 47.92, -123.56, 20.0, 2010-08-19 07:25:00, 0.0, None 
 47.88, -123.25, 20.0, 2010-08-19 07:27:30, 0.0, None 
 47.935, -122.92, 26.0, 2010-08-19 07:27:30, 0.0, None 
 47.1, -123.18, 20.0, 2010-08-19 07:27:30, 0.0, None 
 48.015, -122.995, 21.5, 2010-08-19 07:30:00, 0.0, None 
 47.1, -123.205, 29.0, 2010-08-19 07:30:00, 0.0, None 
 47.98, -123.177, 40.0, 2010-08-19 07:32:30, 0.0, None 
 47.09, -123.195, 33.0, 2010-08-19 07:32:30, 0.0, None 
 47.945, -123.34700000000001, 24.8, 2010-08-19 07:37:30, 0.0, None 
 48.013000000000005, -123.405, 20.0, 2010-08-19 07:40:00, 0.0, None 
 48.055, -123.44, 30.0, 2010-08-19 07:42:30, 0.0, None 
 47.14, -123.11, 20.0, 2010-08-19 07:45:00, 0.0, None 
 47.14, -123.1, 20.0, 2010-08-19 07:47:30, 0.0, None 
 48.275, -123.245, 20.0, 2010-08-19 07:50:00, 0.0, None 
 48.28, -123.18799999999999, 20.0, 2010-08-19 07:52:30, 0.0, None 
 48.2, -122.8, 50.0, 2010-08-19 07:55:00, 0.0, None 
 48.34, -123.20200000000001, 60.0, 2010-08-19 07:57:30, 0.0, None 
 48.255, -123.132, 21.0, 2010-08-19 08:00:00, 0.0, None 
 48.295, -123.09299999999999, 20.0, 2010-08-19 08:05:00, 0.0, None 
 47.2, -123.005, 23.0, 2010-08-19 08:05:00, 0.0, None 
 48.4, -123.09, 33.0, 2010-08-19 08:07:30, 0.0, None 
 47.19, -123.0, 24.0, 2010-08-19 08:07:30, 0.0, None 
 48.383, -123.05, 34.0, 2010-08-19 08:12:30, 0.0, None 
 48.35, -123.07, 25.0, 2010-08-19 08:15:00, 0.0, None 
 48.317, -123.05799999999999, 20.0, 2010-08-19 08:17:30, 0.0, None 
 48.37, -122.98, 36.0, 2010-08-19 08:20:00, 0.0, None 
 48.325, -122.977, 28.5, 2010-08-19 08:22:30, 0.0, None 
 47.08, -123.135, 57.5, 2010-08-19 08:22:30, 0.0, None 
 48.365, -123.09700000000001, 46.0, 2010-08-19 08:25:00, 0.0, None 
 47.1, -123.15, 41.0, 2010-08-19 08:25:00, 0.0, None 
 47.11, -123.17, 39.0, 2010-08-19 08:27:30, 0.0, None 
 48.34, -123.0, 20.0, 2010-08-19 08:35:00, 0.0, None 
 48.1, -122.995, 42.5, 2010-08-19 08:35:00, 0.0, None 
 48.145, -123.32, 44.0, 2010-08-19 08:37:30, 0.0, None 
 48.16, -123.095, 39.0, 2010-08-19 08:40:00, 0.0, None 
 48.22, -123.21, 30.0, 2010-08-19 08:42:30, 0.0, None 
 47.97, -123.19, 60.0, 2010-08-19 08:45:00, 0.0, None 
 47.96, -123.51, 32.0, 2010-08-19 08:47:30, 0.0, None 
 47.95, -123.19, 50.5, 2010-08-19 08:50:00, 0.0, None 
 47.915, -123.04, 57.0, 2010-08-19 08:52:30, 0.0, None 
 47.96, -122.9, 32.0, 2010-08-19 08:55:00, 0.0, None 
 47.99, -123.005, 44.0, 2010-08-19 08:57:30, 0.0, None 
 48.01, -123.035, 38.0, 2010-08-19 09:00:00, 0.0, None 
 47.935, -123.16799999999999, 48.2, 2010-08-19 09:02:30, 0.0, None 
 47.975, -123.155, 46.5, 2010-08-19 09:05:00, 0.0, None 
 47.92, -123.14, 52.2, 2010-08-19 09:07:30, 0.0, None 
 47.895, -123.115, 56.0, 2010-08-19 09:10:00, 0.0, None 
 48.016999999999996, -122.935, 33.5, 2010-08-19 09:12:30, 0.0, None 
 48.025, -122.945, 30.0, 2010-08-19 09:15:00, 0.0, None 
 47.87, -122.93, 31.0, 2010-08-19 09:17:30, 0.0, None 
 47.89, -123.05, 42.0, 2010-08-19 09:20:00, 0.0, None 
 48.02, -123.48, 33.0, 2010-08-19 09:25:00, 0.0, None 
 47.98, -123.45, 40.0, 2010-08-19 09:27:30, 0.0, None 
 47.99, -123.295, 38.5, 2010-08-19 09:30:00, 0.0, None 
 47.891999999999996, -123.375, 44.0, 2010-08-19 09:32:30, 0.0, None 
 48.055, -123.485, 20.0, 2010-08-19 09:35:00, 0.0, None 
 48.08, -123.428, 20.0, 2010-08-19 09:37:30, 0.0, None 
 47.985, -122.985, 60.0, 2010-08-19 09:40:00, 0.0, None 
 47.891999999999996, -123.1, 53.5, 2010-08-19 09:42:30, 0.0, None 
 48.21, -123.28, 20.0, 2010-08-19 09:47:30, 0.0, None 
 47.97, -123.1, 48.5, 2010-08-19 09:47:30, 0.0, None 
 48.05, -123.1, 45.2, 2010-08-19 09:50:00, 0.0, None 
 47.99, -123.04, 44.0, 2010-08-19 09:52:30, 0.0, None 
 47.955, -123.2, 60.0, 2010-08-19 09:55:00, 0.0, None 
 47.9, -123.23, 60.0, 2010-08-19 09:57:30, 0.0, None 
 47.99, -123.08, 47.0, 2010-08-19 10:00:00, 0.0, None 
 47.95, -123.0, 57.5, 2010-08-19 10:02:30, 0.0, None 
 48.03, -123.48, 20.0, 2010-08-19 10:12:30, 0.0, None 
 47.98, -123.47, 34.0, 2010-08-19 10:15:00, 0.0, None 
 47.99, -123.44, 53.5, 2010-08-19 10:17:30, 0.0, None 
 48.08, -123.275, 47.0, 2010-08-19 10:20:00, 0.0, None 
 48.005, -123.515, 32.0, 2010-08-19 10:22:30, 0.0, None 
 47.98, -123.53, 27.0, 2010-08-19 10:25:00, 0.0, None 
 47.86, -123.16, 37.0, 2010-08-19 10:32:30, 0.0, None 
 48.0, -123.44, 20.0, 2010-08-19 10:32:30, 0.0, None 
 47.99, -123.47, 20.0, 2010-08-19 10:35:00, 0.0, None 
 48.28, -123.2, 60.0, 2010-08-19 10:40:00, 0.0, None 
 47.99, -123.43, 41.0, 2010-08-19 10:42:30, 0.0, None 
 48.0, -123.49, 20.0, 2010-08-19 10:45:00, 0.0, None 
 48.03, -123.415, 32.0, 2010-08-19 10:47:30, 0.0, None 
 47.955, -123.52, 20.0, 2010-08-19 10:50:00, 0.0, None 
 48.17, -123.515, 60.0, 2010-08-19 10:52:30, 0.0, None 
 48.035, -123.41, 20.0, 2010-08-19 10:55:00, 0.0, None 
 48.25, -123.32, 60.0, 2010-08-19 10:57:30, 0.0, None 
 47.925, -123.485, 60.0, 2010-08-19 10:57:30, 0.0, None 
 48.22, -123.065, 50.0, 2010-08-19 11:00:00, 0.0, None 
 48.332, -122.928, 40.0, 2010-08-19 11:02:30, 0.0, None 
 48.39, -122.915, 40.0, 2010-08-19 11:05:00, 0.0, None 
 48.0, -123.325, 44.5, 2010-08-19 11:07:30, 0.0, None 
 47.93, -122.9, 20.0, 2010-08-19 11:10:00, 0.0, None 
 48.34, -122.92, 40.0, 2010-08-19 11:15:00, 0.0, None 
 48.315, -122.865, 37.5, 2010-08-19 11:17:30, 0.0, None 
 48.31, -122.915, 44.5, 2010-08-19 11:20:00, 0.0, None 
 48.29, -122.89, 33.5, 2010-08-19 11:22:30, 0.0, None 
 48.4, -122.85, 20.0, 2010-08-19 11:25:00, 0.0, None 
 48.305, -122.88, 48.0, 2010-08-19 11:27:30, 0.0, None 
 48.117, -122.91799999999999, 47.0, 2010-08-19 11:30:00, 0.0, None 
 48.29, -122.9, 60.0, 2010-08-19 11:32:30, 0.0, None 
 48.04, -122.93, 52.5, 2010-08-19 11:32:30, 0.0, None 
 48.365, -122.87700000000001, 35.2, 2010-08-19 11:35:00, 0.0, None 
 47.98, -123.375, 20.0, 2010-08-19 11:37:30, 0.0, None 
 48.1, -122.95, 44.0, 2010-08-19 11:40:00, 0.0, None 
 47.87, -123.73, 37.0, 2010-08-19 11:45:00, 0.0, None 
 47.895, -123.33, 20.0, 2010-08-19 11:47:30, 0.0, None 
 47.93, -123.365, 20.0, 2010-08-19 11:50:00, 0.0, None 
 48.11, -123.39, 60.0, 2010-08-19 11:52:30, 0.0, None 
 47.885, -123.49, 60.0, 2010-08-19 11:57:30, 0.0, None 
 48.0, -123.19, 50.0, 2010-08-19 12:00:00, 0.0, None 
 48.04, -122.93, 46.5, 2010-08-19 12:02:30, 0.0, None 
 48.155, -122.977, 26.0, 2010-08-19 12:05:00, 0.0, None 
 48.02, -123.32, 20.0, 2010-08-19 12:10:00, 0.0, None 
 48.008, -123.335, 31.0, 2010-08-19 12:12:30, 0.0, None 
 48.2, -123.42, 60.0, 2010-08-19 12:15:00, 0.0, None 
 48.01, -123.0, 60.0, 2010-08-19 12:15:00, 0.0, None 
 47.98, -123.09, 60.0, 2010-08-19 12:17:30, 0.0, None 
 48.08, -123.185, 40.0, 2010-08-19 12:20:00, 0.0, None 
 48.04, -122.93, 57.5, 2010-08-19 12:22:30, 0.0, None 
 48.07, -122.93, 40.0, 2010-08-19 12:25:00, 0.0, None 
 47.96, -123.575, 50.0, 2010-08-19 12:27:30, 0.0, None 
 48.0, -123.5, 48.0, 2010-08-19 12:30:00, 0.0, None 
 48.01, -123.42, 20.0, 2010-08-19 12:37:30, 0.0, None 
 47.93, -123.51, 30.0, 2010-08-19 12:40:00, 0.0, None 
 47.94, -123.51, 34.0, 2010-08-19 12:42:30, 0.0, None 
 47.965, -123.495, 53.0, 2010-08-19 12:45:00, 0.0, None 
 48.09, -123.4, 60.0, 2010-08-19 12:47:30, 0.0, None 
 48.0, -123.3, 20.0, 2010-08-19 12:50:00, 0.0, None 
 48.12, -122.92, 20.0, 2010-08-19 12:52:30, 0.0, None 
 47.97, -123.16, 38.0, 2010-08-19 12:55:00, 0.0, None 
 48.24, -122.905, 55.0, 2010-08-19 12:55:00, 0.0, None 
 48.05, -123.0, 31.0, 2010-08-19 13:05:00, 0.0, None 
 48.24, -123.05, 20.0, 2010-08-19 13:07:30, 0.0, None 
 48.15, -123.385, 22.8, 2010-08-19 13:10:00, 0.0, None 
 48.1, -123.405, 27.0, 2010-08-19 13:12:30, 0.0, None 
 48.115, -123.325, 42.0, 2010-08-19 13:15:00, 0.0, None 
 48.36, -122.835, 60.0, 2010-08-19 13:22:30, 0.0, None 
 48.29, -123.01, 60.0, 2010-08-19 13:25:00, 0.0, None 
 48.225, -122.94, 60.0, 2010-08-19 13:27:30, 0.0, None 
 48.17, -123.17, 44.5, 2010-08-19 13:30:00, 0.0, None 
 48.09, -123.205, 42.0, 2010-08-19 13:37:30, 0.0, None 
 48.11, -123.15, 60.0, 2010-08-19 13:40:00, 0.0, None 
 48.295, -123.115, 20.0, 2010-08-19 13:42:30, 0.0, None 
 48.32, -123.0, 30.0, 2010-08-19 13:45:00, 0.0, None 
 47.91, -123.56, 20.0, 2010-08-19 13:52:30, 0.0, None 
 48.01, -123.51, 39.0, 2010-08-19 13:55:00, 0.0, None 
 47.99, -123.42, 32.0, 2010-08-19 14:05:00, 0.0, None 
 47.92, -123.54, 20.0, 2010-08-19 14:30:00, 0.0, None 
 48.09, -123.59, 35.0, 2010-08-19 14:32:30, 0.0, None 
 48.03, -123.43, 34.0, 2010-08-19 14:37:30, 0.0, None 
 48.045, -123.38, 60.0, 2010-08-19 14:40:00, 0.0, None 
 48.12, -123.34, 60.0, 2010-08-19 14:42:30, 0.0, None 
 47.99, -123.495, 23.0, 2010-08-19 15:00:00, 0.0, None 
 47.99, -123.5, 26.0, 2010-08-19 15:02:30, 0.0, None 
 47.99, -123.425, 40.5, 2010-08-19 15:12:30, 0.0, None 
 48.005, -123.01, 60.0, 2010-08-19 15:57:30, 0.0, None 
 47.92, -123.72, 50.0, 2010-08-19 16:02:30, 0.0, None 
 47.945, -123.49799999999999, 27.5, 2010-08-19 16:05:00, 0.0, None 
 47.93, -123.53, 20.0, 2010-08-19 16:07:30, 0.0, None 
 48.02, -123.48, 34.0, 2010-08-19 16:42:30, 0.0, None 
 48.01, -123.39, 31.0, 2010-08-19 16:47:30, 0.0, None 
 48.02, -123.49, 25.0, 2010-08-19 17:05:00, 0.0, None 
 48.005, -123.625, 25.5, 2010-08-19 17:30:00, 0.0, None 
 48.135, -123.55, 41.0, 2010-08-19 17:32:30, 0.0, None 
 47.98, -123.22, 60.0, 2010-08-19 17:40:00, 0.0, None 
 48.27, -123.25, 55.0, 2010-08-19 18:22:30, 0.0, None 
 48.1, -122.92, 20.0, 2010-08-19 18:22:30, 0.0, None 
 48.0, -123.43, 60.0, 2010-08-19 18:25:00, 0.0, None 
 48.0, -123.4, 20.0, 2010-08-19 18:27:30, 0.0, None 
 47.98, -123.475, 37.0, 2010-08-19 18:45:00, 0.0, None 
 48.015, -123.42, 23.0, 2010-08-19 18:47:30, 0.0, None 
 47.99, -123.38, 60.0, 2010-08-19 18:50:00, 0.0, None 
 48.1, -123.29, 38.0, 2010-08-19 18:52:30, 0.0, None 
 47.985, -123.325, 60.0, 2010-08-19 18:55:00, 0.0, None 
 48.19, -123.32, 60.0, 2010-08-19 18:57:30, 0.0, None 
 48.11, -123.22, 20.0, 2010-08-19 19:00:00, 0.0, None 
 48.08, -123.22, 20.0, 2010-08-19 19:02:30, 0.0, None 
 48.1, -123.38, 41.0, 2010-08-19 19:22:30, 0.0, None 
 48.075, -123.37, 33.0, 2010-08-19 19:30:00, 0.0, None 
 48.1, -123.38, 46.0, 2010-08-19 19:32:30, 0.0, None 
 48.01, -122.855, 60.0, 2010-08-19 19:40:00, 0.0, None 
 48.235, -122.93799999999999, 29.0, 2010-08-19 19:47:30, 0.0, None 
 48.18, -123.355, 60.0, 2010-08-19 19:57:30, 0.0, None 
 48.11, -122.995, 45.0, 2010-08-19 20:02:30, 0.0, None 
 48.06, -123.32, 26.0, 2010-08-19 20:05:00, 0.0, None 
 48.067, -123.255, 37.0, 2010-08-19 20:07:30, 0.0, None 
 47.89, -123.69, 20.0, 2010-08-19 20:10:00, 0.0, None 
 48.245, -123.34, 34.5, 2010-08-19 20:12:30, 0.0, None 
 48.12, -123.26299999999999, 42.5, 2010-08-19 20:15:00, 0.0, None 
 48.06, -122.97, 60.0, 2010-08-19 20:20:00, 0.0, None 
 47.89, -123.33, 20.0, 2010-08-19 20:42:30, 0.0, None 
 48.16, -123.3, 45.0, 2010-08-19 20:55:00, 0.0, None 
 48.18, -123.275, 60.0, 2010-08-19 20:57:30, 0.0, None 
 48.055, -122.945, 39.0, 2010-08-19 21:00:00, 0.0, None 
 48.09, -123.47, 20.0, 2010-08-19 21:00:00, 0.0, None 
 47.99, -123.31, 43.0, 2010-08-19 21:02:30, 0.0, None 
 48.0, -123.36, 60.0, 2010-08-19 21:05:00, 0.0, None 
 47.93, -123.2, 48.0, 2010-08-19 21:12:30, 0.0, None 
 47.97, -123.3, 34.0, 2010-08-19 21:15:00, 0.0, None 
 47.97, -123.185, 47.0, 2010-08-19 21:17:30, 0.0, None 
 47.96, -123.17, 42.0, 2010-08-19 21:20:00, 0.0, None 
 48.115, -123.025, 60.0, 2010-08-19 21:22:30, 0.0, None 
 48.03, -123.015, 32.0, 2010-08-19 21:25:00, 0.0, None 
 47.91, -123.28, 37.0, 2010-08-19 21:30:00, 0.0, None 
 48.08, -123.315, 40.5, 2010-08-19 21:32:30, 0.0, None 
 47.83, -123.44, 20.0, 2010-08-19 21:37:30, 0.0, None 
 47.97, -123.46, 32.0, 2010-08-19 21:40:00, 0.0, None 
 48.0, -123.6, 41.5, 2010-08-19 21:42:30, 0.0, None 
 48.07, -123.59, 60.0, 2010-08-19 21:45:00, 0.0, None 
 47.94, -123.38, 60.0, 2010-08-19 21:47:30, 0.0, None 
 48.305, -123.09, 26.0, 2010-08-19 21:50:00, 0.0, None 
 48.315, -123.07, 20.8, 2010-08-19 21:52:30, 0.0, None 
 48.225, -123.04700000000001, 23.5, 2010-08-19 21:55:00, 0.0, None 
 48.04, -123.5, 60.0, 2010-08-19 21:57:30, 0.0, None 
 48.01, -123.015, 60.0, 2010-08-19 22:20:00, 0.0, None 
 47.975, -123.245, 38.0, 2010-08-19 22:27:30, 0.0, None 
 48.01, -123.135, 25.0, 2010-08-19 22:30:00, 0.0, None 
 47.9, -123.34, 40.0, 2010-08-19 22:37:30, 0.0, None 
 47.94, -123.69, 60.0, 2010-08-19 22:42:30, 0.0, None 
 48.3, -123.12, 20.0, 2010-08-19 22:45:00, 0.0, None 
 48.255, -123.12, 28.5, 2010-08-19 22:47:30, 0.0, None 
 48.123000000000005, -123.273, 40.0, 2010-08-19 22:50:00, 0.0, None 
 48.185, -123.085, 36.0, 2010-08-19 22:52:30, 0.0, None 
 48.31, -123.03, 47.0, 2010-08-19 22:55:00, 0.0, None 
 48.185, -123.037, 50.5, 2010-08-19 22:57:30, 0.0, None 
 48.09, -122.91, 20.0, 2010-08-19 23:00:00, 0.0, None 
 48.265, -123.18, 46.0, 2010-08-19 23:00:00, 0.0, None 
 48.24, -123.102, 20.0, 2010-08-19 23:02:30, 0.0, None 
 48.23, -123.11, 20.0, 2010-08-19 23:05:00, 0.0, None 
 48.22, -123.08, 26.5, 2010-08-19 23:12:30, 0.0, None 
 48.3, -123.088, 20.0, 2010-08-19 23:15:00, 0.0, None 
 48.288000000000004, -123.07799999999999, 31.2, 2010-08-19 23:17:30, 0.0, None 
 48.347, -123.07799999999999, 30.0, 2010-08-19 23:22:30, 0.0, None 
 48.335, -122.98700000000001, 27.8, 2010-08-19 23:25:00, 0.0, None 
 48.38, -123.115, 24.0, 2010-08-19 23:27:30, 0.0, None 
 48.34, -123.072, 40.0, 2010-08-19 23:30:00, 0.0, None 
 48.29, -122.935, 23.0, 2010-08-19 23:32:30, 0.0, None 
 48.2, -123.0, 20.0, 2010-08-19 23:35:00, 0.0, None 
 48.2, -122.97, 60.0, 2010-08-19 23:42:30, 0.0, None 
 48.07, -123.105, 60.0, 2010-08-19 23:45:00, 0.0, None 
 48.055, -123.39, 20.0, 2010-08-19 23:52:30, 0.0, None 
 48.02, -123.42, 20.0, 2010-08-19 23:55:00, 0.0, None 
 48.235, -123.295, 60.0, 2010-08-20 00:07:30, 0.0, None 
 48.25, -123.53, 40.0, 2010-08-20 00:10:00, 0.0, None 
 48.11, -123.49, 51.0, 2010-08-20 00:12:30, 0.0, None 
 47.09, -122.81, 60.0, 2010-08-20 00:15:00, 0.0, None 
 47.92, -123.51, 23.5, 2010-08-20 00:17:30, 0.0, None 
 47.98, -123.35700000000001, 20.0, 2010-08-20 00:22:30, 0.0, None 
 47.975, -123.495, 20.0, 2010-08-20 00:25:00, 0.0, None 
 48.21, -123.12, 49.0, 2010-08-20 00:32:30, 0.0, None 
 48.12, -123.38, 20.0, 2010-08-20 00:55:00, 0.0, None 
 47.91, -123.57, 60.0, 2010-08-20 00:55:00, 0.0, None 
 47.9, -123.56, 60.0, 2010-08-20 00:57:30, 0.0, None 
 47.02, -123.21, 29.0, 2010-08-20 01:02:30, 0.0, None 
 48.22, -123.59, 20.0, 2010-08-20 01:07:30, 0.0, None 
 47.09, -123.25, 42.0, 2010-08-20 01:12:30, 0.0, None 
 47.095, -122.8, 60.0, 2010-08-20 01:17:30, 0.0, None 
 47.12, -123.055, 30.0, 2010-08-20 01:20:00, 0.0, None 
 47.09, -122.65, 60.0, 2010-08-20 01:32:30, 0.0, None 
 48.135, -122.99, 41.0, 2010-08-20 01:35:00, 0.0, None 
 48.09, -123.385, 60.0, 2010-08-20 01:37:30, 0.0, None 
 48.055, -123.43, 54.5, 2010-08-20 01:40:00, 0.0, None 
 47.965, -123.51, 21.0, 2010-08-20 01:42:30, 0.0, None 
 47.98, -123.49, 20.0, 2010-08-20 01:45:00, 0.0, None 
 48.04, -123.205, 50.0, 2010-08-20 01:50:00, 0.0, None 
 48.082, -123.3, 48.0, 2010-08-20 01:52:30, 0.0, None 
 48.065, -123.32799999999999, 56.0, 2010-08-20 01:57:30, 0.0, None 
 48.11, -123.39, 60.0, 2010-08-20 02:02:30, 0.0, None 
 48.09, -123.36, 60.0, 2010-08-20 02:05:00, 0.0, None 
 48.18, -123.27, 48.0, 2010-08-20 02:07:30, 0.0, None 
 47.07, -123.06, 47.0, 2010-08-20 02:07:30, 0.0, None 
 48.16, -123.335, 26.0, 2010-08-20 02:10:00, 0.0, None 
 47.06, -123.08, 40.0, 2010-08-20 02:10:00, 0.0, None 
 48.17, -123.31, 24.5, 2010-08-20 02:12:30, 0.0, None 
 48.035, -123.363, 28.5, 2010-08-20 02:17:30, 0.0, None 
 47.18, -123.07, 50.0, 2010-08-20 02:17:30, 0.0, None 
 48.06, -123.45, 32.5, 2010-08-20 02:20:00, 0.0, None 
 47.13, -123.18, 20.0, 2010-08-20 02:27:30, 0.0, None 
 47.17, -123.21, 20.0, 2010-08-20 02:30:00, 0.0, None 
 48.32, -123.46, 22.5, 2010-08-20 02:37:30, 0.0, None 
 48.315, -123.32, 39.0, 2010-08-20 02:40:00, 0.0, None 
 47.07, -123.0, 26.0, 2010-08-20 02:52:30, 0.0, None 
 47.06, -123.07, 60.0, 2010-08-20 02:57:30, 0.0, None 
 48.18, -123.43, 20.0, 2010-08-20 03:00:00, 0.0, None 
 47.17, -122.795, 20.0, 2010-08-20 03:00:00, 0.0, None 
 48.12, -123.35, 40.0, 2010-08-20 03:02:30, 0.0, None 
 46.985, -122.71, 60.0, 2010-08-20 03:20:00, 0.0, None 
 48.305, -123.41, 23.0, 2010-08-20 03:22:30, 0.0, None 
 47.15, -123.18, 20.0, 2010-08-20 03:37:30, 0.0, None 
 47.09, -123.22, 30.0, 2010-08-20 03:52:30, 0.0, None 
 48.05, -123.39, 20.0, 2010-08-20 04:10:00, 0.0, None 
 48.04, -123.44, 36.0, 2010-08-20 04:12:30, 0.0, None 
 47.0, -122.68, 41.0, 2010-08-20 04:12:30, 0.0, None 
 48.23, -123.235, 60.0, 2010-08-20 04:15:00, 0.0, None 
 47.09, -122.85, 20.0, 2010-08-20 04:15:00, 0.0, None 
 48.29, -123.19, 25.0, 2010-08-20 04:17:30, 0.0, None 
 48.085, -123.78, 60.0, 2010-08-20 04:17:30, 0.0, None 
 48.215, -123.25, 60.0, 2010-08-20 04:20:00, 0.0, None 
 47.12, -123.23, 40.0, 2010-08-20 04:22:30, 0.0, None 
 48.1, -123.725, 43.0, 2010-08-20 04:27:30, 0.0, None 
 48.192, -123.45, 23.5, 2010-08-20 04:30:00, 0.0, None 
 48.06, -123.51, 60.0, 2010-08-20 04:35:00, 0.0, None 
 48.2, -123.6, 59.0, 2010-08-20 04:40:00, 0.0, None 
 48.07, -123.52, 31.0, 2010-08-20 04:42:30, 0.0, None 
 48.25, -123.21, 25.0, 2010-08-20 04:45:00, 0.0, None 
 48.27, -123.195, 24.2, 2010-08-20 04:47:30, 0.0, None 
 47.92, -123.27, 31.0, 2010-08-20 04:50:00, 0.0, None 
 48.27, -123.41, 47.0, 2010-08-20 04:50:00, 0.0, None 
 47.985, -123.54, 20.0, 2010-08-20 04:52:30, 0.0, None 
 48.09, -123.53, 47.0, 2010-08-20 04:55:00, 0.0, None 
 48.055, -123.37, 56.5, 2010-08-20 04:57:30, 0.0, None 
 48.005, -123.40700000000001, 30.8, 2010-08-20 05:00:00, 0.0, None 
 48.12, -123.4, 28.0, 2010-08-20 05:02:30, 0.0, None 
 47.06, -123.0, 35.0, 2010-08-20 05:05:00, 0.0, None 
 48.073, -123.542, 28.0, 2010-08-20 05:07:30, 0.0, None 
 48.2, -123.24, 29.0, 2010-08-20 05:10:00, 0.0, None 
 48.16, -123.3, 21.0, 2010-08-20 05:12:30, 0.0, None 
 48.13, -123.29700000000001, 26.2, 2010-08-20 05:17:30, 0.0, None 
 48.25, -123.3, 20.0, 2010-08-20 05:20:00, 0.0, None 
 48.1, -123.105, 49.0, 2010-08-20 05:22:30, 0.0, None 
 48.17, -123.55, 49.0, 2010-08-20 05:22:30, 0.0, None 
 48.07, -123.22, 44.0, 2010-08-20 05:30:00, 0.0, None 
 48.09, -123.3, 36.0, 2010-08-20 05:32:30, 0.0, None 
 47.99, -123.385, 25.0, 2010-08-20 05:35:00, 0.0, None 
 48.03, -123.4, 23.0, 2010-08-20 05:37:30, 0.0, None 
 48.105, -123.51, 27.0, 2010-08-20 05:40:00, 0.0, None 
 47.93, -123.68, 54.5, 2010-08-20 05:42:30, 0.0, None 
 48.07, -123.285, 26.5, 2010-08-20 05:45:00, 0.0, None 
 48.045, -123.355, 22.5, 2010-08-20 05:47:30, 0.0, None 
 48.02, -123.32, 33.0, 2010-08-20 05:50:00, 0.0, None 
 48.07, -123.398, 32.8, 2010-08-20 05:52:30, 0.0, None 
 48.055, -123.415, 25.5, 2010-08-20 05:55:00, 0.0, None 
 48.055, -123.535, 60.0, 2010-08-20 05:57:30, 0.0, None 
 48.11, -123.55, 50.0, 2010-08-20 06:02:30, 0.0, None 
 48.0, -123.56, 29.0, 2010-08-20 06:05:00, 0.0, None 
 47.09, -123.23, 34.0, 2010-08-20 06:07:30, 0.0, None 
 48.11, -123.27, 60.0, 2010-08-20 06:12:30, 0.0, None 
 47.12, -123.22, 20.0, 2010-08-20 06:12:30, 0.0, None 
 47.105, -123.185, 20.2, 2010-08-20 06:15:00, 0.0, None 
 48.09, -123.28, 60.0, 2010-08-20 06:17:30, 0.0, None 
 47.085, -123.175, 20.0, 2010-08-20 06:17:30, 0.0, None 
 48.16, -123.265, 33.5, 2010-08-20 06:20:00, 0.0, None 
 48.19, -123.29, 20.0, 2010-08-20 06:22:30, 0.0, None 
 47.93, -123.63, 60.0, 2010-08-20 06:30:00, 0.0, None 
 47.02, -123.15, 20.0, 2010-08-20 06:32:30, 0.0, None 
 47.025, -123.07, 20.0, 2010-08-20 06:35:00, 0.0, None 
 47.06, -123.2, 59.5, 2010-08-20 06:37:30, 0.0, None 
 47.95, -123.41, 35.8, 2010-08-20 06:40:00, 0.0, None 
 48.28, -123.435, 37.5, 2010-08-20 06:42:30, 0.0, None 
 48.06, -123.16, 51.0, 2010-08-20 06:47:30, 0.0, None 
 48.11, -123.49, 20.0, 2010-08-20 06:47:30, 0.0, None 
 46.96, -122.79, 60.0, 2010-08-20 06:47:30, 0.0, None 
 48.13, -123.51, 36.0, 2010-08-20 06:50:00, 0.0, None 
 48.14, -123.29, 60.0, 2010-08-20 06:57:30, 0.0, None 
 48.065, -123.76, 55.0, 2010-08-20 07:00:00, 0.0, None 
 48.06, -123.6, 34.0, 2010-08-20 07:02:30, 0.0, None 
 48.023, -123.39, 30.5, 2010-08-20 07:05:00, 0.0, None 
 48.06, -123.49, 30.0, 2010-08-20 07:07:30, 0.0, None 
 48.04, -123.48, 35.0, 2010-08-20 07:10:00, 0.0, None 
 48.06, -123.605, 32.0, 2010-08-20 07:12:30, 0.0, None 
 48.06, -123.63, 29.0, 2010-08-20 07:15:00, 0.0, None 
 48.065, -123.42, 20.0, 2010-08-20 07:22:30, 0.0, None 
 46.96, -123.1, 60.0, 2010-08-20 07:22:30, 0.0, None 
 48.09, -123.565, 24.0, 2010-08-20 07:25:00, 0.0, None 
 47.0, -123.01, 31.0, 2010-08-20 07:27:30, 0.0, None 
 48.16, -123.47, 28.0, 2010-08-20 07:30:00, 0.0, None 
 48.005, -123.525, 20.0, 2010-08-20 07:32:30, 0.0, None 
 47.99, -123.51, 60.0, 2010-08-20 07:35:00, 0.0, None 
 48.097, -123.325, 24.5, 2010-08-20 07:37:30, 0.0, None 
 47.96, -123.18, 29.0, 2010-08-20 07:40:00, 0.0, None 
 47.035, -122.745, 50.5, 2010-08-20 07:40:00, 0.0, None 
 48.065, -123.31, 24.5, 2010-08-20 07:42:30, 0.0, None 
 47.085, -122.74, 41.5, 2010-08-20 07:42:30, 0.0, None 
 48.12, -123.41, 20.0, 2010-08-20 07:45:00, 0.0, None 
 47.0, -123.06, 60.0, 2010-08-20 07:45:00, 0.0, None 
 48.073, -123.40299999999999, 20.0, 2010-08-20 07:47:30, 0.0, None 
 48.17, -123.33, 20.0, 2010-08-20 07:50:00, 0.0, None 
 47.08, -123.01, 31.5, 2010-08-20 07:50:00, 0.0, None 
 48.25, -123.47, 60.0, 2010-08-20 07:55:00, 0.0, None 
 48.165, -123.595, 60.0, 2010-08-20 07:57:30, 0.0, None 
 48.16, -123.365, 56.5, 2010-08-20 08:00:00, 0.0, None 
 48.07, -123.595, 32.0, 2010-08-20 08:02:30, 0.0, None 
 48.125, -123.33200000000001, 35.0, 2010-08-20 08:10:00, 0.0, None 
 47.04, -123.14, 32.0, 2010-08-20 08:17:30, 0.0, None 
 47.115, -123.1, 22.8, 2010-08-20 08:25:00, 0.0, None 
 47.09, -123.2, 48.0, 2010-08-20 08:27:30, 0.0, None 
 47.06, -123.1, 33.0, 2010-08-20 08:30:00, 0.0, None 
 47.06, -123.145, 31.5, 2010-08-20 08:32:30, 0.0, None 
 47.08, -123.15, 26.0, 2010-08-20 08:35:00, 0.0, None 
 48.0, -123.19, 27.0, 2010-08-20 08:37:30, 0.0, None 
 47.085, -123.15, 26.5, 2010-08-20 08:37:30, 0.0, None 
 48.08, -123.39, 23.0, 2010-08-20 08:40:00, 0.0, None 
 48.148, -123.46, 43.8, 2010-08-20 08:42:30, 0.0, None 
 47.07, -123.14, 26.5, 2010-08-20 08:47:30, 0.0, None 
 48.15, -123.27, 20.0, 2010-08-20 08:50:00, 0.0, None 
 47.075, -123.12, 29.2, 2010-08-20 08:50:00, 0.0, None 
 47.08, -123.215, 42.5, 2010-08-20 08:52:30, 0.0, None 
 48.225, -123.28, 31.5, 2010-08-20 09:00:00, 0.0, None 
 48.215, -123.26700000000001, 34.2, 2010-08-20 09:02:30, 0.0, None 
 47.03, -123.0, 20.0, 2010-08-20 09:12:30, 0.0, None 
 48.18, -123.22, 33.5, 2010-08-20 09:17:30, 0.0, None 
 48.215, -123.27, 33.2, 2010-08-20 09:35:00, 0.0, None 
 48.215, -123.27799999999999, 31.2, 2010-08-20 09:37:30, 0.0, None 
 48.115, -123.305, 20.0, 2010-08-20 09:40:00, 0.0, None 
 48.13, -123.325, 20.0, 2010-08-20 09:42:30, 0.0, None 
 48.135, -123.335, 23.5, 2010-08-20 09:45:00, 0.0, None 
 48.145, -123.33, 31.8, 2010-08-20 09:47:30, 0.0, None 
 48.24, -123.29, 31.5, 2010-08-20 09:50:00, 0.0, None 
 48.14, -123.29, 31.0, 2010-08-20 09:55:00, 0.0, None 
 48.22, -123.28, 60.0, 2010-08-20 09:57:30, 0.0, None 
 48.17, -123.245, 45.0, 2010-08-20 10:02:30, 0.0, None 
 48.125, -123.23, 41.5, 2010-08-20 10:05:00, 0.0, None 
 47.06, -122.97, 38.0, 2010-08-20 10:07:30, 0.0, None 
 48.31, -123.49, 50.0, 2010-08-20 10:10:00, 0.0, None 
 47.18, -122.76, 30.0, 2010-08-20 10:10:00, 0.0, None 
 48.235, -123.417, 43.0, 2010-08-20 10:12:30, 0.0, None 
 48.14, -123.29, 50.0, 2010-08-20 10:15:00, 0.0, None 
 48.0, -123.14, 60.0, 2010-08-20 10:17:30, 0.0, None 
 48.2, -123.34, 38.0, 2010-08-20 10:17:30, 0.0, None 
 47.11, -122.75, 45.5, 2010-08-20 10:17:30, 0.0, None 
 48.28, -123.22, 24.5, 2010-08-20 10:20:00, 0.0, None 
 47.08, -122.7, 41.0, 2010-08-20 10:20:00, 0.0, None 
 46.99, -123.2, 23.0, 2010-08-20 10:22:30, 0.0, None 
 48.065, -123.32, 20.0, 2010-08-20 10:27:30, 0.0, None 
 46.99, -123.23, 20.0, 2010-08-20 10:27:30, 0.0, None 
 48.105, -123.54, 27.0, 2010-08-20 10:32:30, 0.0, None 
 47.04, -123.03, 40.0, 2010-08-20 10:32:30, 0.0, None 
 48.04, -123.61, 24.0, 2010-08-20 10:35:00, 0.0, None 
 48.08, -123.59, 28.5, 2010-08-20 10:37:30, 0.0, None 
 48.055, -123.49, 28.5, 2010-08-20 10:40:00, 0.0, None 
 47.977, -123.448, 41.0, 2010-08-20 10:42:30, 0.0, None 
 48.0, -123.57, 30.0, 2010-08-20 10:45:00, 0.0, None 
 47.08, -122.925, 20.0, 2010-08-20 10:45:00, 0.0, None 
 47.105, -122.71, 41.5, 2010-08-20 10:47:30, 0.0, None 
 48.03, -123.47, 42.0, 2010-08-20 10:50:00, 0.0, None 
 48.035, -123.545, 39.5, 2010-08-20 10:55:00, 0.0, None 
 48.135, -123.47, 20.0, 2010-08-20 10:57:30, 0.0, None 
 47.89, -123.585, 60.0, 2010-08-20 10:57:30, 0.0, None 
 47.985, -123.48, 37.5, 2010-08-20 11:00:00, 0.0, None 
 47.95, -123.515, 40.0, 2010-08-20 11:02:30, 0.0, None 
 46.91, -122.71, 20.0, 2010-08-20 11:07:30, 0.0, None 
 46.93, -122.71, 32.0, 2010-08-20 11:10:00, 0.0, None 
 48.01, -123.435, 35.2, 2010-08-20 11:12:30, 0.0, None 
 48.155, -123.58, 43.0, 2010-08-20 11:15:00, 0.0, None 
 47.98, -123.32, 20.0, 2010-08-20 11:25:00, 0.0, None 
 47.06, -123.17, 26.5, 2010-08-20 11:25:00, 0.0, None 
 48.27, -123.35, 21.0, 2010-08-20 11:32:30, 0.0, None 
 48.293, -123.43799999999999, 41.0, 2010-08-20 11:35:00, 0.0, None 
 48.19, -123.215, 32.0, 2010-08-20 11:45:00, 0.0, None 
 48.27, -123.34, 36.0, 2010-08-20 11:47:30, 0.0, None 
 48.138000000000005, -123.295, 50.0, 2010-08-20 11:50:00, 0.0, None 
 48.22, -123.34, 48.0, 2010-08-20 11:52:30, 0.0, None 
 48.28, -123.22, 31.0, 2010-08-20 11:55:00, 0.0, None 
 48.25, -123.315, 50.5, 2010-08-20 11:57:30, 0.0, None 
 48.28, -123.31, 34.5, 2010-08-20 12:00:00, 0.0, None 
 48.24, -123.12, 20.0, 2010-08-20 12:02:30, 0.0, None 
 48.21, -123.28, 32.0, 2010-08-20 12:05:00, 0.0, None 
 48.21, -123.265, 20.0, 2010-08-20 12:15:00, 0.0, None 
 48.26, -123.28, 20.0, 2010-08-20 12:17:30, 0.0, None 
 48.215, -123.405, 45.0, 2010-08-20 12:20:00, 0.0, None 
 48.205, -123.405, 22.2, 2010-08-20 12:22:30, 0.0, None 
 48.26, -123.22, 20.0, 2010-08-20 12:25:00, 0.0, None 
 48.19, -123.4, 20.0, 2010-08-20 12:27:30, 0.0, None 
 46.99, -123.045, 41.5, 2010-08-20 12:52:30, 0.0, None 
 48.295, -123.41, 40.0, 2010-08-20 13:17:30, 0.0, None 
 48.25, -123.405, 23.8, 2010-08-20 13:20:00, 0.0, None 
 48.203, -123.49, 39.0, 2010-08-20 13:22:30, 0.0, None 
 47.11, -123.28, 20.0, 2010-08-20 13:35:00, 0.0, None 
 48.21, -123.33, 28.0, 2010-08-20 13:37:30, 0.0, None 
 48.266999999999996, -123.257, 42.2, 2010-08-20 13:45:00, 0.0, None 
 48.248000000000005, -123.325, 36.5, 2010-08-20 13:47:30, 0.0, None 
 48.21, -123.395, 28.5, 2010-08-20 13:50:00, 0.0, None 
 48.125, -123.485, 34.0, 2010-08-20 13:52:30, 0.0, None 
 48.19, -123.23, 37.0, 2010-08-20 14:10:00, 0.0, None 
 48.175, -123.175, 36.2, 2010-08-20 14:12:30, 0.0, None 
 48.11, -123.54, 20.0, 2010-08-20 14:15:00, 0.0, None 
 47.99, -123.56, 20.0, 2010-08-20 14:40:00, 0.0, None 
 47.99, -123.58, 31.0, 2010-08-20 14:42:30, 0.0, None 
 48.23, -123.32, 22.5, 2010-08-20 14:55:00, 0.0, None 
 48.275, -123.38, 55.5, 2010-08-20 14:57:30, 0.0, None 
 48.22, -123.22, 41.0, 2010-08-20 15:07:30, 0.0, None 
 48.32, -123.48, 20.0, 2010-08-20 15:10:00, 0.0, None 
 48.345, -123.335, 40.0, 2010-08-20 15:12:30, 0.0, None 
 47.95, -123.655, 60.0, 2010-08-20 15:20:00, 0.0, None 
 48.02, -123.62, 34.0, 2010-08-20 15:22:30, 0.0, None 
 48.21, -123.38, 60.0, 2010-08-20 15:52:30, 0.0, None 
 48.095, -123.695, 49.0, 2010-08-20 16:05:00, 0.0, None 
 48.235, -123.417, 48.5, 2010-08-20 16:10:00, 0.0, None 
 48.207, -123.43799999999999, 46.8, 2010-08-20 16:12:30, 0.0, None 
 48.06, -123.565, 41.0, 2010-08-20 16:22:30, 0.0, None 
 48.04, -123.65, 20.0, 2010-08-20 16:25:00, 0.0, None 
 48.27, -123.382, 24.0, 2010-08-20 16:35:00, 0.0, None 
 48.19, -123.41, 40.0, 2010-08-20 16:37:30, 0.0, None 
 48.1, -123.49, 20.0, 2010-08-20 16:55:00, 0.0, None 
 48.175, -123.465, 57.8, 2010-08-20 17:07:30, 0.0, None 
 48.18, -123.36, 43.0, 2010-08-20 17:10:00, 0.0, None 
 48.01, -123.61, 34.0, 2010-08-20 17:25:00, 0.0, None 
 48.06, -123.695, 33.5, 2010-08-20 17:27:30, 0.0, None 
 48.06, -123.15, 29.0, 2010-08-20 17:30:00, 0.0, None 
 48.1, -123.3, 47.0, 2010-08-20 17:40:00, 0.0, None 
 48.125, -123.32, 56.2, 2010-08-20 17:42:30, 0.0, None 
 48.365, -123.34, 20.0, 2010-08-20 17:45:00, 0.0, None 
 48.17, -123.6, 44.0, 2010-08-20 17:57:30, 0.0, None 
 48.26, -123.36, 20.0, 2010-08-20 18:05:00, 0.0, None 
 48.285, -123.375, 21.8, 2010-08-20 18:07:30, 0.0, None 
 48.155, -123.488, 52.5, 2010-08-20 18:20:00, 0.0, None 
 48.075, -123.475, 46.0, 2010-08-20 18:22:30, 0.0, None 
 48.09, -123.69, 60.0, 2010-08-20 18:25:00, 0.0, None 
 48.0, -123.5, 28.0, 2010-08-20 18:30:00, 0.0, None 
 48.055, -123.43, 49.0, 2010-08-20 18:35:00, 0.0, None 
 48.29, -123.59, 40.0, 2010-08-20 18:37:30, 0.0, None 
 48.1, -123.4, 30.5, 2010-08-20 18:37:30, 0.0, None 
 48.08, -123.43, 60.0, 2010-08-20 18:40:00, 0.0, None 
 48.06, -123.54, 60.0, 2010-08-20 18:42:30, 0.0, None 
 48.045, -123.19, 20.0, 2010-08-20 18:47:30, 0.0, None 
 48.215, -123.32, 53.0, 2010-08-20 18:50:00, 0.0, None 
 48.24, -123.385, 60.0, 2010-08-20 18:55:00, 0.0, None 
 47.04, -123.06, 20.0, 2010-08-20 18:55:00, 0.0, None 
 48.248000000000005, -123.445, 60.0, 2010-08-20 18:57:30, 0.0, None 
 47.07, -123.03, 55.0, 2010-08-20 18:57:30, 0.0, None 
 48.185, -123.275, 20.0, 2010-08-20 19:00:00, 0.0, None 
 48.17, -123.48, 20.0, 2010-08-20 19:02:30, 0.0, None 
 48.07, -123.42, 27.0, 2010-08-20 19:05:00, 0.0, None 
 47.1, -123.19, 44.0, 2010-08-20 19:07:30, 0.0, None 
 47.08, -123.2, 45.0, 2010-08-20 19:10:00, 0.0, None 
 48.185, -123.315, 40.5, 2010-08-20 19:12:30, 0.0, None 
 48.0, -123.58, 29.0, 2010-08-20 19:15:00, 0.0, None 
 47.9, -123.53, 20.0, 2010-08-20 19:17:30, 0.0, None 
 47.025, -123.2, 29.0, 2010-08-20 19:25:00, 0.0, None 
 48.218, -123.37299999999999, 21.0, 2010-08-20 19:30:00, 0.0, None 
 48.255, -123.38799999999999, 43.5, 2010-08-20 19:32:30, 0.0, None 
 48.26, -123.44, 30.2, 2010-08-20 19:35:00, 0.0, None 
 48.2, -123.58, 47.5, 2010-08-20 19:40:00, 0.0, None 
 48.16, -123.385, 26.5, 2010-08-20 19:42:30, 0.0, None 
 46.99, -123.0, 35.0, 2010-08-20 19:42:30, 0.0, None 
 48.18, -123.39, 29.0, 2010-08-20 19:45:00, 0.0, None 
 48.255, -123.31, 36.5, 2010-08-20 19:47:30, 0.0, None 
 48.07, -123.235, 60.0, 2010-08-20 19:57:30, 0.0, None 
 48.1, -123.49, 54.5, 2010-08-20 20:00:00, 0.0, None 
 48.13, -123.32, 26.0, 2010-08-20 20:02:30, 0.0, None 
 48.12, -123.28, 20.0, 2010-08-20 20:05:00, 0.0, None 
 48.078, -123.37, 54.8, 2010-08-20 20:07:30, 0.0, None 
 48.19, -123.24, 31.0, 2010-08-20 20:15:00, 0.0, None 
 47.99, -123.21, 20.0, 2010-08-20 20:17:30, 0.0, None 
 47.19, -122.6, 60.0, 2010-08-20 20:20:00, 0.0, None 
 48.315, -123.415, 24.5, 2010-08-20 20:22:30, 0.0, None 
 48.325, -123.41, 33.5, 2010-08-20 20:25:00, 0.0, None 
 48.09, -123.13, 20.0, 2010-08-20 20:30:00, 0.0, None 
 48.31, -123.15, 36.0, 2010-08-20 20:32:30, 0.0, None 
 47.93, -123.63, 20.0, 2010-08-20 20:32:30, 0.0, None 
 48.21, -123.225, 29.5, 2010-08-20 20:35:00, 0.0, None 
 47.005, -123.04, 29.0, 2010-08-20 20:40:00, 0.0, None 
 48.23, -123.355, 49.5, 2010-08-20 20:42:30, 0.0, None 
 48.21, -123.14, 31.0, 2010-08-20 20:45:00, 0.0, None 
 48.138000000000005, -123.13, 20.0, 2010-08-20 20:47:30, 0.0, None 
 48.215, -123.4, 60.0, 2010-08-20 20:57:30, 0.0, None 
 48.18, -123.48, 25.5, 2010-08-20 21:00:00, 0.0, None 
 47.06, -123.11, 37.0, 2010-08-20 21:00:00, 0.0, None 
 48.195, -123.505, 22.0, 2010-08-20 21:02:30, 0.0, None 
 47.1, -123.02, 42.0, 2010-08-20 21:02:30, 0.0, None 
 48.16, -123.42, 20.0, 2010-08-20 21:05:00, 0.0, None 
 47.18, -122.82, 22.0, 2010-08-20 21:05:00, 0.0, None 
 48.1, -123.34, 49.0, 2010-08-20 21:07:30, 0.0, None 
 48.16, -123.29, 48.8, 2010-08-20 21:10:00, 0.0, None 
 48.31, -123.09, 35.5, 2010-08-20 21:12:30, 0.0, None 
 48.306999999999995, -123.105, 53.0, 2010-08-20 21:15:00, 0.0, None 
 48.31, -123.1, 60.0, 2010-08-20 21:17:30, 0.0, None 
 48.31, -123.01, 29.0, 2010-08-20 21:20:00, 0.0, None 
 48.016999999999996, -123.155, 35.0, 2010-08-20 21:22:30, 0.0, None 
 48.015, -123.23, 35.0, 2010-08-20 21:30:00, 0.0, None 
 48.15, -123.6, 58.0, 2010-08-20 21:32:30, 0.0, None 
 48.11, -123.25, 20.0, 2010-08-20 21:35:00, 0.0, None 
 47.115, -122.955, 21.0, 2010-08-20 21:40:00, 0.0, None 
 48.18, -123.465, 24.5, 2010-08-20 21:52:30, 0.0, None 
 48.11, -123.38, 52.0, 2010-08-20 21:55:00, 0.0, None 
 48.31, -123.47, 60.0, 2010-08-20 21:57:30, 0.0, None 
 47.08, -123.05, 60.0, 2010-08-20 21:57:30, 0.0, None 
 48.375, -123.105, 60.0, 2010-08-20 22:00:00, 0.0, None 
 48.41, -123.41, 20.0, 2010-08-20 22:07:30, 0.0, None 
 48.34, -123.41, 40.0, 2010-08-20 22:12:30, 0.0, None 
 47.01, -122.76, 50.0, 2010-08-20 22:17:30, 0.0, None 
 47.08, -123.07, 41.0, 2010-08-20 22:20:00, 0.0, None 
 48.22, -123.49, 20.0, 2010-08-20 22:40:00, 0.0, None 
 46.99, -123.15, 41.5, 2010-08-20 22:40:00, 0.0, None 
 48.235, -123.49, 40.0, 2010-08-20 22:42:30, 0.0, None 
 47.09, -122.99, 27.0, 2010-08-20 22:42:30, 0.0, None 
 48.22, -123.50200000000001, 27.8, 2010-08-20 22:45:00, 0.0, None 
 48.3, -123.5, 20.0, 2010-08-20 22:47:30, 0.0, None 
 48.23, -123.4, 20.0, 2010-08-20 22:50:00, 0.0, None 
 48.36, -123.43, 60.0, 2010-08-20 22:57:30, 0.0, None 
 47.105, -123.07, 60.0, 2010-08-20 22:57:30, 0.0, None 
 47.075, -123.09299999999999, 38.0, 2010-08-20 23:00:00, 0.0, None 
 47.01, -123.2, 60.0, 2010-08-20 23:02:30, 0.0, None 
 47.1, -123.15, 28.0, 2010-08-20 23:10:00, 0.0, None 
 47.89, -123.32, 22.0, 2010-08-20 23:15:00, 0.0, None 
 48.025, -123.255, 43.0, 2010-08-20 23:17:30, 0.0, None 
 47.97, -123.43, 30.0, 2010-08-20 23:20:00, 0.0, None 
 46.9, -122.68, 45.0, 2010-08-20 23:25:00, 0.0, None 
 48.17, -123.315, 20.0, 2010-08-20 23:32:30, 0.0, None 
 47.02, -123.13, 39.0, 2010-08-20 23:35:00, 0.0, None 
 47.88, -123.26, 20.0, 2010-08-20 23:40:00, 0.0, None 
 47.89, -123.25, 60.0, 2010-08-20 23:47:30, 0.0, None 
 48.17, -123.37, 28.0, 2010-08-20 23:55:00, 0.0, None 
 48.26, -123.325, 55.5, 2010-08-21 00:00:00, 0.0, None 
 48.54, -123.19, 34.0, 2010-08-21 00:02:30, 0.0, None 
 48.28, -123.33, 20.0, 2010-08-21 00:07:30, 0.0, None 
 48.335, -123.40299999999999, 35.8, 2010-08-21 00:10:00, 0.0, None 
 48.5, -123.24, 20.0, 2010-08-21 00:15:00, 0.0, None 
 48.24, -123.4, 20.0, 2010-08-21 00:22:30, 0.0, None 
 48.205, -123.35, 37.5, 2010-08-21 00:25:00, 0.0, None 
 48.2, -123.31, 20.0, 2010-08-21 00:27:30, 0.0, None 
 48.34, -123.41, 20.0, 2010-08-21 00:35:00, 0.0, None 
 47.2, -123.065, 23.0, 2010-08-21 00:40:00, 0.0, None 
 48.2, -123.37, 20.0, 2010-08-21 00:45:00, 0.0, None 
 47.215, -123.09, 26.0, 2010-08-21 00:47:30, 0.0, None 
 47.885, -123.11, 33.0, 2010-08-21 00:55:00, 0.0, None 
 47.06, -123.025, 60.0, 2010-08-21 00:57:30, 0.0, None 
 47.03, -123.21, 20.0, 2010-08-21 01:00:00, 0.0, None 
 46.995, -123.17, 30.0, 2010-08-21 01:02:30, 0.0, None 
 48.06, -123.7, 60.0, 2010-08-21 01:07:30, 0.0, None 
 48.138000000000005, -123.45, 35.2, 2010-08-21 01:12:30, 0.0, None 
 48.51, -123.2, 27.0, 2010-08-21 01:22:30, 0.0, None 
 47.105, -123.0, 33.0, 2010-08-21 01:22:30, 0.0, None 
 47.19, -123.06, 60.0, 2010-08-21 01:25:00, 0.0, None 
 47.99, -123.6, 41.0, 2010-08-21 01:30:00, 0.0, None 
 47.08, -123.01, 26.0, 2010-08-21 01:32:30, 0.0, None 
 47.09, -123.04, 28.0, 2010-08-21 01:35:00, 0.0, None 
 48.251999999999995, -123.40299999999999, 32.5, 2010-08-21 01:37:30, 0.0, None 
 48.266999999999996, -123.485, 29.5, 2010-08-21 01:40:00, 0.0, None 
 48.203, -123.595, 43.2, 2010-08-21 01:42:30, 0.0, None 
 47.06, -122.9, 30.5, 2010-08-21 01:45:00, 0.0, None 
 48.303000000000004, -123.38, 33.0, 2010-08-21 01:50:00, 0.0, None 
 47.13, -122.4, 60.0, 2010-08-21 01:50:00, 0.0, None 
 48.293, -123.34, 42.0, 2010-08-21 01:52:30, 0.0, None 
 46.8, -122.92, 60.0, 2010-08-21 01:57:30, 0.0, None 
 48.11, -123.595, 20.0, 2010-08-21 02:05:00, 0.0, None 
 48.198, -123.315, 27.0, 2010-08-21 02:10:00, 0.0, None 
 48.23, -123.35, 29.5, 2010-08-21 02:12:30, 0.0, None 
 48.215, -123.405, 21.2, 2010-08-21 02:15:00, 0.0, None 
 48.115, -123.287, 20.0, 2010-08-21 02:20:00, 0.0, None 
 48.235, -123.425, 20.0, 2010-08-21 02:22:30, 0.0, None 
 48.073, -123.41, 28.2, 2010-08-21 02:25:00, 0.0, None 
 48.21, -123.49, 20.0, 2010-08-21 02:32:30, 0.0, None 
 48.163000000000004, -123.52799999999999, 26.2, 2010-08-21 02:35:00, 0.0, None 
 48.42, -123.68, 60.0, 2010-08-21 02:37:30, 0.0, None 
 48.225, -123.465, 28.5, 2010-08-21 02:40:00, 0.0, None 
 47.185, -123.09700000000001, 23.5, 2010-08-21 02:45:00, 0.0, None 
 47.215, -123.11, 22.5, 2010-08-21 02:47:30, 0.0, None 
 47.3, -123.16, 20.0, 2010-08-21 02:50:00, 0.0, None 
 48.54, -123.31, 20.0, 2010-08-21 02:55:00, 0.0, None 
 48.01, -123.42, 45.0, 2010-08-21 02:55:00, 0.0, None 
 47.23, -123.17, 60.0, 2010-08-21 02:57:30, 0.0, None 
 48.425, -123.335, 20.0, 2010-08-21 03:00:00, 0.0, None 
 47.24, -123.0, 60.0, 2010-08-21 03:00:00, 0.0, None 
 48.215, -123.465, 29.2, 2010-08-21 03:02:30, 0.0, None 
 48.097, -123.325, 40.2, 2010-08-21 03:05:00, 0.0, None 
 47.21, -123.14, 33.0, 2010-08-21 03:05:00, 0.0, None 
 48.57, -123.305, 34.5, 2010-08-21 03:07:30, 0.0, None 
 48.465, -123.345, 20.0, 2010-08-21 03:10:00, 0.0, None 
 48.28, -123.5, 21.5, 2010-08-21 03:12:30, 0.0, None 
 48.27, -123.52, 22.0, 2010-08-21 03:15:00, 0.0, None 
 48.215, -123.585, 48.8, 2010-08-21 03:17:30, 0.0, None 
 48.25, -123.5, 40.0, 2010-08-21 03:20:00, 0.0, None 
 48.275, -123.38, 20.0, 2010-08-21 03:22:30, 0.0, None 
 48.275, -123.37, 20.0, 2010-08-21 03:25:00, 0.0, None 
 48.275, -123.41799999999999, 20.0, 2010-08-21 03:27:30, 0.0, None 
 47.135, -123.105, 20.0, 2010-08-21 03:27:30, 0.0, None 
 48.17, -123.53, 40.5, 2010-08-21 03:30:00, 0.0, None 
 47.3, -123.03, 48.0, 2010-08-21 03:30:00, 0.0, None 
 48.163000000000004, -123.355, 38.2, 2010-08-21 03:32:30, 0.0, None 
 47.32, -123.14, 60.0, 2010-08-21 03:32:30, 0.0, None 
 48.21, -123.435, 32.0, 2010-08-21 03:35:00, 0.0, None 
 48.25, -123.525, 20.0, 2010-08-21 03:37:30, 0.0, None 
 48.222, -123.485, 30.0, 2010-08-21 03:40:00, 0.0, None 
 48.183, -123.445, 38.8, 2010-08-21 03:42:30, 0.0, None 
 48.255, -123.495, 20.0, 2010-08-21 03:45:00, 0.0, None 
 48.245, -123.625, 20.0, 2010-08-21 03:52:30, 0.0, None 
 48.25, -123.637, 28.5, 2010-08-21 03:55:00, 0.0, None 
 47.985, -123.39, 48.0, 2010-08-21 03:57:30, 0.0, None 
 48.17, -123.6, 41.0, 2010-08-21 04:00:00, 0.0, None 
 48.08, -123.61, 26.5, 2010-08-21 04:02:30, 0.0, None 
 48.08, -123.605, 25.0, 2010-08-21 04:05:00, 0.0, None 
 48.09, -123.545, 22.0, 2010-08-21 04:07:30, 0.0, None 
 47.21, -123.125, 20.0, 2010-08-21 04:07:30, 0.0, None 
 48.165, -123.55, 50.0, 2010-08-21 04:10:00, 0.0, None 
 47.24, -123.06200000000001, 20.0, 2010-08-21 04:10:00, 0.0, None 
 47.23, -123.14, 20.0, 2010-08-21 04:12:30, 0.0, None 
 47.2, -123.145, 20.0, 2010-08-21 04:15:00, 0.0, None 
 47.28, -123.05, 32.0, 2010-08-21 04:20:00, 0.0, None 
 47.255, -123.13, 27.0, 2010-08-21 04:22:30, 0.0, None 
 48.111999999999995, -123.42, 42.8, 2010-08-21 04:25:00, 0.0, None 
 48.222, -123.515, 20.0, 2010-08-21 04:27:30, 0.0, None 
 48.2, -123.565, 22.0, 2010-08-21 04:30:00, 0.0, None 
 48.103, -123.66, 22.0, 2010-08-21 04:32:30, 0.0, None 
 48.13, -123.61, 20.0, 2010-08-21 04:35:00, 0.0, None 
 47.0, -123.19, 32.0, 2010-08-21 04:37:30, 0.0, None 
 48.25, -123.58, 41.0, 2010-08-21 04:40:00, 0.0, None 
 46.99, -123.04, 60.0, 2010-08-21 04:40:00, 0.0, None 
 48.235, -123.382, 60.0, 2010-08-21 04:42:30, 0.0, None 
 48.265, -123.412, 24.5, 2010-08-21 04:45:00, 0.0, None 
 48.29, -123.41, 20.0, 2010-08-21 04:47:30, 0.0, None 
 48.195, -123.52, 42.0, 2010-08-21 04:50:00, 0.0, None 
 48.14, -123.43, 20.0, 2010-08-21 04:52:30, 0.0, None 
 47.05, -123.0, 30.0, 2010-08-21 04:52:30, 0.0, None 
 48.13, -123.39, 20.0, 2010-08-21 04:55:00, 0.0, None 
 48.235, -123.565, 60.0, 2010-08-21 04:57:30, 0.0, None 
 48.19, -123.63, 20.0, 2010-08-21 05:00:00, 0.0, None 
 48.135, -123.65, 43.0, 2010-08-21 05:02:30, 0.0, None 
 47.095, -122.93, 25.0, 2010-08-21 05:02:30, 0.0, None 
 48.4, -123.26, 40.0, 2010-08-21 05:10:00, 0.0, None 
 47.085, -123.1, 30.0, 2010-08-21 05:20:00, 0.0, None 
 48.255, -123.5, 23.0, 2010-08-21 05:22:30, 0.0, None 
 48.215, -123.56200000000001, 20.0, 2010-08-21 05:25:00, 0.0, None 
 48.097, -123.61, 33.8, 2010-08-21 05:27:30, 0.0, None 
 48.4, -123.695, 60.0, 2010-08-21 05:30:00, 0.0, None 
 48.11, -123.59, 29.0, 2010-08-21 05:32:30, 0.0, None 
 48.07, -123.56, 29.0, 2010-08-21 05:35:00, 0.0, None 
 48.08, -123.56, 32.0, 2010-08-21 05:37:30, 0.0, None 
 47.17, -123.1, 20.0, 2010-08-21 05:37:30, 0.0, None 
 47.21, -123.08, 59.0, 2010-08-21 05:42:30, 0.0, None 
 48.11, -123.49, 36.0, 2010-08-21 05:45:00, 0.0, None 
 48.14, -123.53, 36.8, 2010-08-21 05:47:30, 0.0, None 
 48.23, -123.49, 20.0, 2010-08-21 05:50:00, 0.0, None 
 48.275, -123.465, 20.0, 2010-08-21 05:55:00, 0.0, None 
 48.39, -123.69, 60.0, 2010-08-21 05:57:30, 0.0, None 
 48.2, -123.59299999999999, 20.0, 2010-08-21 06:00:00, 0.0, None 
 48.155, -123.6, 20.0, 2010-08-21 06:02:30, 0.0, None 
 47.09, -122.77, 60.0, 2010-08-21 06:02:30, 0.0, None 
 48.35, -123.61, 51.0, 2010-08-21 06:05:00, 0.0, None 
 46.92, -122.92, 34.0, 2010-08-21 06:05:00, 0.0, None 
 48.275, -123.59, 21.5, 2010-08-21 06:07:30, 0.0, None 
 47.0, -122.84, 38.0, 2010-08-21 06:07:30, 0.0, None 
 48.215, -123.49799999999999, 23.8, 2010-08-21 06:10:00, 0.0, None 
 48.23, -123.48, 20.0, 2010-08-21 06:12:30, 0.0, None 
 48.26, -123.51, 20.0, 2010-08-21 06:15:00, 0.0, None 
 47.11, -123.0, 46.0, 2010-08-21 06:15:00, 0.0, None 
 48.275, -123.505, 25.0, 2010-08-21 06:17:30, 0.0, None 
 48.225, -123.49, 29.8, 2010-08-21 06:20:00, 0.0, None 
 48.18, -123.535, 24.5, 2010-08-21 06:22:30, 0.0, None 
 48.172, -123.505, 24.5, 2010-08-21 06:25:00, 0.0, None 
 48.27, -123.42, 20.0, 2010-08-21 06:27:30, 0.0, None 
 48.24, -123.28, 20.0, 2010-08-21 06:30:00, 0.0, None 
 48.265, -123.395, 20.0, 2010-08-21 06:32:30, 0.0, None 
 48.285, -123.42, 20.0, 2010-08-21 06:35:00, 0.0, None 
 48.285, -123.445, 31.8, 2010-08-21 06:37:30, 0.0, None 
 48.24, -123.46, 33.5, 2010-08-21 06:40:00, 0.0, None 
 48.215, -123.412, 23.2, 2010-08-21 06:42:30, 0.0, None 
 48.27, -123.32, 39.0, 2010-08-21 06:45:00, 0.0, None 
 48.2, -123.39, 43.8, 2010-08-21 06:47:30, 0.0, None 
 48.227, -123.44, 40.0, 2010-08-21 06:50:00, 0.0, None 
 48.11, -123.6, 27.0, 2010-08-21 06:52:30, 0.0, None 
 46.955, -122.71, 60.0, 2010-08-21 06:52:30, 0.0, None 
 48.11, -123.635, 24.0, 2010-08-21 06:55:00, 0.0, None 
 46.93, -123.06, 60.0, 2010-08-21 06:57:30, 0.0, None 
 48.56, -123.18, 29.0, 2010-08-21 07:00:00, 0.0, None 
 47.22, -123.01, 32.0, 2010-08-21 07:00:00, 0.0, None 
 48.27, -123.34, 20.0, 2010-08-21 07:02:30, 0.0, None 
 48.38, -123.07, 20.0, 2010-08-21 07:05:00, 0.0, None 
 48.37, -123.14, 60.0, 2010-08-21 07:07:30, 0.0, None 
 48.275, -123.5, 60.0, 2010-08-21 07:10:00, 0.0, None 
 48.39, -123.165, 39.0, 2010-08-21 07:15:00, 0.0, None 
 48.365, -123.04, 20.0, 2010-08-21 07:17:30, 0.0, None 
 48.08, -123.72, 60.0, 2010-08-21 07:22:30, 0.0, None 
 48.18, -123.415, 59.0, 2010-08-21 07:22:30, 0.0, None 
 48.21, -123.27, 41.0, 2010-08-21 07:25:00, 0.0, None 
 48.49, -123.305, 28.0, 2010-08-21 07:27:30, 0.0, None 
 48.19, -123.3, 60.0, 2010-08-21 07:27:30, 0.0, None 
 48.24, -123.65, 40.0, 2010-08-21 07:30:00, 0.0, None 
 48.141999999999996, -123.515, 31.8, 2010-08-21 07:32:30, 0.0, None 
 48.125, -123.5, 29.0, 2010-08-21 07:35:00, 0.0, None 
 48.37, -123.81, 60.0, 2010-08-21 07:37:30, 0.0, None 
 48.15, -123.645, 38.2, 2010-08-21 07:40:00, 0.0, None 
 48.18, -123.68, 20.0, 2010-08-21 07:42:30, 0.0, None 
 48.14, -123.602, 32.0, 2010-08-21 07:45:00, 0.0, None 
 48.08, -123.64, 30.2, 2010-08-21 07:47:30, 0.0, None 
 48.1, -123.635, 26.5, 2010-08-21 07:50:00, 0.0, None 
 48.097, -123.615, 27.0, 2010-08-21 07:52:30, 0.0, None 
 48.085, -123.613, 29.5, 2010-08-21 07:55:00, 0.0, None 
 48.148, -123.615, 40.0, 2010-08-21 07:57:30, 0.0, None 
 48.088, -123.64, 33.8, 2010-08-21 08:00:00, 0.0, None 
 48.06, -123.56, 55.5, 2010-08-21 08:02:30, 0.0, None 
 47.3, -123.12, 60.0, 2010-08-21 08:02:30, 0.0, None 
 48.155, -123.615, 40.0, 2010-08-21 08:07:30, 0.0, None 
 47.315, -123.06, 20.0, 2010-08-21 08:07:30, 0.0, None 
 48.155, -123.64200000000001, 40.0, 2010-08-21 08:10:00, 0.0, None 
 47.33, -123.08, 20.0, 2010-08-21 08:10:00, 0.0, None 
 48.111999999999995, -123.53200000000001, 35.8, 2010-08-21 08:12:30, 0.0, None 
 47.09, -123.15, 20.0, 2010-08-21 08:12:30, 0.0, None 
 48.195, -123.6, 21.2, 2010-08-21 08:15:00, 0.0, None 
 46.925, -123.035, 20.0, 2010-08-21 08:15:00, 0.0, None 
 48.2, -123.493, 24.5, 2010-08-21 08:17:30, 0.0, None 
 48.195, -123.455, 25.2, 2010-08-21 08:20:00, 0.0, None 
 48.23, -123.47, 20.0, 2010-08-21 08:22:30, 0.0, None 
 47.25, -123.05, 20.0, 2010-08-21 08:22:30, 0.0, None 
 48.222, -123.49, 25.8, 2010-08-21 08:25:00, 0.0, None 
 47.28, -123.07, 20.0, 2010-08-21 08:25:00, 0.0, None 
 48.22, -123.485, 23.2, 2010-08-21 08:27:30, 0.0, None 
 48.23, -123.49, 20.0, 2010-08-21 08:30:00, 0.0, None 
 48.06, -123.525, 41.0, 2010-08-21 08:32:30, 0.0, None 
 48.2, -123.35, 41.0, 2010-08-21 08:35:00, 0.0, None 
 47.03, -123.07, 34.0, 2010-08-21 08:35:00, 0.0, None 
 48.18, -123.34, 31.0, 2010-08-21 08:37:30, 0.0, None 
 47.32, -123.04, 22.5, 2010-08-21 08:37:30, 0.0, None 
 48.12, -123.45, 48.5, 2010-08-21 08:40:00, 0.0, None 
 47.325, -123.085, 20.0, 2010-08-21 08:40:00, 0.0, None 
 47.995, -123.44, 60.0, 2010-08-21 08:42:30, 0.0, None 
 47.25, -123.02, 20.0, 2010-08-21 08:42:30, 0.0, None 
 47.27, -123.135, 39.8, 2010-08-21 08:45:00, 0.0, None 
 48.43, -123.31, 42.0, 2010-08-21 08:47:30, 0.0, None 
 47.125, -123.125, 28.0, 2010-08-21 08:47:30, 0.0, None 
 48.51, -123.25, 20.0, 2010-08-21 08:50:00, 0.0, None 
 47.27, -123.09700000000001, 31.5, 2010-08-21 08:50:00, 0.0, None 
 47.25, -123.035, 28.0, 2010-08-21 08:52:30, 0.0, None 
 48.23, -123.34, 40.0, 2010-08-21 08:55:00, 0.0, None 
 47.04, -122.985, 57.5, 2010-08-21 08:55:00, 0.0, None 
 48.12, -123.55, 30.0, 2010-08-21 08:57:30, 0.0, None 
 47.0, -122.73, 56.5, 2010-08-21 08:57:30, 0.0, None 
 48.28, -123.515, 20.0, 2010-08-21 09:00:00, 0.0, None 
 47.265, -123.09299999999999, 29.5, 2010-08-21 09:00:00, 0.0, None 
 48.34, -123.4, 40.5, 2010-08-21 09:02:30, 0.0, None 
 47.225, -122.995, 20.0, 2010-08-21 09:02:30, 0.0, None 
 48.34, -123.335, 30.8, 2010-08-21 09:05:00, 0.0, None 
 47.32, -122.97, 38.0, 2010-08-21 09:05:00, 0.0, None 
 48.317, -123.385, 20.0, 2010-08-21 09:07:30, 0.0, None 
 48.105, -123.6, 48.0, 2010-08-21 09:12:30, 0.0, None 
 47.25, -123.005, 42.0, 2010-08-21 09:12:30, 0.0, None 
 48.26, -123.5, 29.5, 2010-08-21 09:15:00, 0.0, None 
 47.3, -122.96, 20.0, 2010-08-21 09:15:00, 0.0, None 
 48.26, -123.495, 20.0, 2010-08-21 09:17:30, 0.0, None 
 47.235, -123.07799999999999, 31.8, 2010-08-21 09:17:30, 0.0, None 
 48.075, -123.57, 47.5, 2010-08-21 09:20:00, 0.0, None 
 47.275, -123.1, 37.0, 2010-08-21 09:20:00, 0.0, None 
 48.08, -123.51, 34.0, 2010-08-21 09:22:30, 0.0, None 
 47.315, -123.14, 20.0, 2010-08-21 09:22:30, 0.0, None 
 48.59, -123.32, 60.0, 2010-08-21 09:25:00, 0.0, None 
 47.312, -123.12, 24.5, 2010-08-21 09:25:00, 0.0, None 
 48.195, -123.56, 45.0, 2010-08-21 09:27:30, 0.0, None 
 47.275, -123.037, 22.0, 2010-08-21 09:27:30, 0.0, None 
 48.38, -123.53, 45.0, 2010-08-21 09:30:00, 0.0, None 
 47.22, -122.995, 29.0, 2010-08-21 09:30:00, 0.0, None 
 48.19, -123.33, 48.0, 2010-08-21 09:32:30, 0.0, None 
 47.32, -123.075, 22.5, 2010-08-21 09:32:30, 0.0, None 
 48.295, -123.43, 21.0, 2010-08-21 09:35:00, 0.0, None 
 47.38, -123.005, 60.0, 2010-08-21 09:35:00, 0.0, None 
 48.28, -123.26, 29.0, 2010-08-21 09:40:00, 0.0, None 
 48.317, -123.415, 20.0, 2010-08-21 09:42:30, 0.0, None 
 48.263000000000005, -123.385, 44.0, 2010-08-21 09:45:00, 0.0, None 
 48.285, -123.405, 22.0, 2010-08-21 09:47:30, 0.0, None 
 48.275, -123.412, 24.8, 2010-08-21 09:50:00, 0.0, None 
 47.205, -123.1, 20.0, 2010-08-21 09:50:00, 0.0, None 
 48.263000000000005, -123.515, 27.0, 2010-08-21 09:52:30, 0.0, None 
 48.215, -123.53, 27.8, 2010-08-21 09:55:00, 0.0, None 
 48.248000000000005, -123.57, 59.8, 2010-08-21 09:57:30, 0.0, None 
 48.19, -123.59299999999999, 39.0, 2010-08-21 10:00:00, 0.0, None 
 47.055, -123.06, 20.0, 2010-08-21 10:00:00, 0.0, None 
 48.14, -123.61, 22.8, 2010-08-21 10:02:30, 0.0, None 
 48.082, -123.63, 29.0, 2010-08-21 10:05:00, 0.0, None 
 48.03, -123.613, 21.0, 2010-08-21 10:07:30, 0.0, None 
 48.11, -123.58, 40.0, 2010-08-21 10:10:00, 0.0, None 
 48.075, -123.61, 25.0, 2010-08-21 10:12:30, 0.0, None 
 48.073, -123.59, 27.0, 2010-08-21 10:15:00, 0.0, None 
 48.108000000000004, -123.455, 30.8, 2010-08-21 10:17:30, 0.0, None 
 48.14, -123.635, 32.0, 2010-08-21 10:20:00, 0.0, None 
 48.153, -123.6, 30.5, 2010-08-21 10:22:30, 0.0, None 
 48.293, -123.325, 20.0, 2010-08-21 10:25:00, 0.0, None 
 48.19, -123.375, 20.0, 2010-08-21 10:27:30, 0.0, None 
 48.155, -123.43299999999999, 27.5, 2010-08-21 10:30:00, 0.0, None 
 48.19, -123.295, 47.0, 2010-08-21 10:32:30, 0.0, None 
 48.23, -123.405, 40.5, 2010-08-21 10:35:00, 0.0, None 
 48.125, -123.405, 52.5, 2010-08-21 10:37:30, 0.0, None 
 48.28, -123.46799999999999, 36.0, 2010-08-21 10:40:00, 0.0, None 
 48.282, -123.43299999999999, 30.0, 2010-08-21 10:42:30, 0.0, None 
 47.01, -123.02, 34.0, 2010-08-21 10:42:30, 0.0, None 
 48.338, -123.273, 50.0, 2010-08-21 10:45:00, 0.0, None 
 47.02, -123.1, 33.0, 2010-08-21 10:45:00, 0.0, None 
 48.23, -123.46, 53.0, 2010-08-21 10:47:30, 0.0, None 
 47.005, -123.005, 26.0, 2010-08-21 10:47:30, 0.0, None 
 48.07, -123.58, 38.0, 2010-08-21 10:50:00, 0.0, None 
 47.93, -123.48, 53.0, 2010-08-21 10:52:30, 0.0, None 
 47.01, -122.88, 47.0, 2010-08-21 10:52:30, 0.0, None 
 46.99, -123.125, 22.0, 2010-08-21 10:55:00, 0.0, None 
 48.34, -123.69, 60.0, 2010-08-21 10:57:30, 0.0, None 
 47.98, -123.51, 60.0, 2010-08-21 10:57:30, 0.0, None 
 48.24, -123.37, 20.0, 2010-08-21 11:00:00, 0.0, None 
 47.06, -123.0, 60.0, 2010-08-21 11:00:00, 0.0, None 
 48.24, -123.335, 20.0, 2010-08-21 11:02:30, 0.0, None 
 47.03, -123.03, 30.0, 2010-08-21 11:05:00, 0.0, None 
 48.17, -123.38, 35.0, 2010-08-21 11:07:30, 0.0, None 
 47.02, -123.05, 29.0, 2010-08-21 11:07:30, 0.0, None 
 48.28, -123.375, 40.5, 2010-08-21 11:10:00, 0.0, None 
 47.01, -123.13, 24.5, 2010-08-21 11:10:00, 0.0, None 
 48.165, -123.29700000000001, 40.8, 2010-08-21 11:12:30, 0.0, None 
 48.207, -123.4, 32.5, 2010-08-21 11:15:00, 0.0, None 
 48.17, -123.36, 40.0, 2010-08-21 11:17:30, 0.0, None 
 48.235, -123.535, 30.0, 2010-08-21 11:20:00, 0.0, None 
 48.11, -123.43, 20.0, 2010-08-21 11:22:30, 0.0, None 
 47.12, -123.06, 39.0, 2010-08-21 11:22:30, 0.0, None 
 47.06, -123.105, 39.5, 2010-08-21 11:25:00, 0.0, None 
 48.205, -123.315, 28.2, 2010-08-21 11:27:30, 0.0, None 
 48.235, -123.38, 20.0, 2010-08-21 11:30:00, 0.0, None 
 48.1, -123.2, 38.0, 2010-08-21 11:32:30, 0.0, None 
 48.045, -123.175, 20.0, 2010-08-21 11:35:00, 0.0, None 
 46.995, -123.09, 28.0, 2010-08-21 11:37:30, 0.0, None 
 48.035, -123.43, 60.0, 2010-08-21 11:40:00, 0.0, None 
 46.98, -122.98, 36.0, 2010-08-21 11:40:00, 0.0, None 
 48.205, -123.475, 33.5, 2010-08-21 11:42:30, 0.0, None 
 46.995, -123.08, 34.0, 2010-08-21 11:42:30, 0.0, None 
 48.25, -123.455, 26.8, 2010-08-21 11:45:00, 0.0, None 
 48.17, -123.39, 40.0, 2010-08-21 11:47:30, 0.0, None 
 48.05, -123.49, 49.0, 2010-08-21 12:00:00, 0.0, None 
 48.5, -123.225, 27.0, 2010-08-21 12:02:30, 0.0, None 
 48.12, -123.66, 60.0, 2010-08-21 12:05:00, 0.0, None 
 48.05, -123.63, 50.8, 2010-08-21 12:07:30, 0.0, None 
 48.415, -123.215, 48.5, 2010-08-21 12:10:00, 0.0, None 
 48.3, -123.815, 60.0, 2010-08-21 12:10:00, 0.0, None 
 48.59, -123.19, 31.0, 2010-08-21 12:12:30, 0.0, None 
 47.03, -123.13, 36.0, 2010-08-21 12:17:30, 0.0, None 
 47.05, -123.11, 29.5, 2010-08-21 12:20:00, 0.0, None 
 47.13, -122.79, 20.0, 2010-08-21 12:22:30, 0.0, None 
 48.07, -123.2, 25.0, 2010-08-21 12:25:00, 0.0, None 
 47.1, -122.99, 41.0, 2010-08-21 12:27:30, 0.0, None 
 48.18, -123.6, 20.0, 2010-08-21 12:30:00, 0.0, None 
 47.7, -123.23, 30.0, 2010-08-21 12:32:30, 0.0, None 
 48.31, -123.505, 20.5, 2010-08-21 12:37:30, 0.0, None 
 48.275, -123.445, 20.0, 2010-08-21 12:40:00, 0.0, None 
 48.265, -123.43799999999999, 20.0, 2010-08-21 12:42:30, 0.0, None 
 48.6, -123.29, 37.5, 2010-08-21 12:50:00, 0.0, None 
 47.81, -123.11, 31.0, 2010-08-21 12:50:00, 0.0, None 
 48.55, -123.33, 20.0, 2010-08-21 12:52:30, 0.0, None 
 47.115, -122.89, 30.0, 2010-08-21 12:52:30, 0.0, None 
 47.19, -123.01, 33.0, 2010-08-21 12:55:00, 0.0, None 
 48.07, -123.3, 49.0, 2010-08-21 13:00:00, 0.0, None 
 47.02, -123.185, 24.0, 2010-08-21 13:00:00, 0.0, None 
 48.073, -123.35, 60.0, 2010-08-21 13:02:30, 0.0, None 
 48.07, -123.415, 50.0, 2010-08-21 13:05:00, 0.0, None 
 48.23, -123.105, 50.0, 2010-08-21 13:05:00, 0.0, None 
 47.02, -123.165, 42.5, 2010-08-21 13:05:00, 0.0, None 
 46.925, -123.17, 20.0, 2010-08-21 13:22:30, 0.0, None 
 47.81, -123.12, 36.0, 2010-08-21 13:25:00, 0.0, None 
 47.08, -122.935, 60.0, 2010-08-21 13:25:00, 0.0, None 
 47.32, -123.15, 20.0, 2010-08-21 13:30:00, 0.0, None 
 48.03, -123.515, 59.0, 2010-08-21 13:32:30, 0.0, None 
 48.15, -123.53, 44.0, 2010-08-21 13:35:00, 0.0, None 
 48.005, -123.34, 60.0, 2010-08-21 13:37:30, 0.0, None 
 47.99, -123.66, 55.0, 2010-08-21 13:40:00, 0.0, None 
 48.155, -123.365, 60.0, 2010-08-21 13:40:00, 0.0, None 
 48.2, -123.31, 46.0, 2010-08-21 13:42:30, 0.0, None 
 47.71, -123.18, 20.0, 2010-08-21 13:45:00, 0.0, None 
 47.75, -123.2, 20.0, 2010-08-21 13:47:30, 0.0, None 
 48.118, -123.59299999999999, 34.5, 2010-08-21 13:50:00, 0.0, None 
 48.145, -123.625, 30.2, 2010-08-21 13:52:30, 0.0, None 
 48.163000000000004, -123.6, 32.8, 2010-08-21 13:55:00, 0.0, None 
 46.9, -122.98, 60.0, 2010-08-21 13:55:00, 0.0, None 
 48.31, -123.765, 60.0, 2010-08-21 13:57:30, 0.0, None 
 48.51, -123.225, 32.5, 2010-08-21 14:05:00, 0.0, None 
 48.57, -123.2, 31.0, 2010-08-21 14:07:30, 0.0, None 
 48.213, -123.46799999999999, 27.5, 2010-08-21 14:10:00, 0.0, None 
 48.215, -123.37299999999999, 32.2, 2010-08-21 14:12:30, 0.0, None 
 48.43, -123.295, 25.0, 2010-08-21 14:15:00, 0.0, None 
 48.31, -123.36, 20.0, 2010-08-21 14:17:30, 0.0, None 
 48.39, -123.8, 60.0, 2010-08-21 14:20:00, 0.0, None 
 48.22, -123.27, 26.0, 2010-08-21 14:27:30, 0.0, None 
 48.18, -123.50200000000001, 36.5, 2010-08-21 14:30:00, 0.0, None 
 48.295, -123.4, 20.0, 2010-08-21 14:32:30, 0.0, None 
 48.305, -123.395, 20.0, 2010-08-21 14:35:00, 0.0, None 
 48.27, -123.345, 48.5, 2010-08-21 14:37:30, 0.0, None 
 48.31, -123.275, 30.8, 2010-08-21 14:40:00, 0.0, None 
 46.995, -122.8, 60.0, 2010-08-21 14:40:00, 0.0, None 
 48.17, -123.62, 20.0, 2010-08-21 14:42:30, 0.0, None 
 48.205, -123.65, 20.0, 2010-08-21 14:45:00, 0.0, None 
 48.22, -123.28, 31.0, 2010-08-21 14:55:00, 0.0, None 
 48.21, -123.065, 32.0, 2010-08-21 15:07:30, 0.0, None 
 48.21, -123.06, 30.0, 2010-08-21 15:10:00, 0.0, None 
 48.215, -123.025, 36.8, 2010-08-21 15:12:30, 0.0, None 
 48.19, -123.12, 49.0, 2010-08-21 15:15:00, 0.0, None 
 47.005, -122.78, 30.0, 2010-08-21 15:17:30, 0.0, None 
 48.09, -123.69, 32.0, 2010-08-21 15:22:30, 0.0, None 
 48.09, -123.2, 20.0, 2010-08-21 15:30:00, 0.0, None 
 46.97, -123.1, 20.0, 2010-08-21 15:35:00, 0.0, None 
 46.98, -122.705, 57.0, 2010-08-21 15:42:30, 0.0, None 
 46.905, -122.787, 37.2, 2010-08-21 15:45:00, 0.0, None 
 46.91, -122.8, 39.5, 2010-08-21 15:47:30, 0.0, None 
 48.3, -123.6, 24.0, 2010-08-21 15:52:30, 0.0, None 
 46.93, -122.77, 57.0, 2010-08-21 15:52:30, 0.0, None 
 46.95, -122.72, 30.5, 2010-08-21 15:55:00, 0.0, None 
 46.94, -122.73, 31.0, 2010-08-21 15:57:30, 0.0, None 
 46.97, -122.79, 50.0, 2010-08-21 16:00:00, 0.0, None 
 46.85, -122.92, 60.0, 2010-08-21 16:02:30, 0.0, None 
 46.94, -122.81, 60.0, 2010-08-21 16:05:00, 0.0, None 
 46.95, -122.71, 20.0, 2010-08-21 16:07:30, 0.0, None 
 46.92, -122.78, 24.0, 2010-08-21 16:10:00, 0.0, None 
 48.185, -123.678, 22.5, 2010-08-21 16:12:30, 0.0, None 
 48.165, -123.64, 29.5, 2010-08-21 16:15:00, 0.0, None 
 46.94, -122.79, 39.5, 2010-08-21 16:15:00, 0.0, None 
 48.095, -123.595, 30.0, 2010-08-21 16:17:30, 0.0, None 
 46.94, -122.8, 45.5, 2010-08-21 16:17:30, 0.0, None 
 48.185, -123.65, 34.2, 2010-08-21 16:20:00, 0.0, None 
 46.91, -122.81, 40.0, 2010-08-21 16:20:00, 0.0, None 
 48.078, -123.648, 37.0, 2010-08-21 16:22:30, 0.0, None 
 48.195, -123.618, 22.8, 2010-08-21 16:25:00, 0.0, None 
 48.27, -123.57, 20.0, 2010-08-21 16:27:30, 0.0, None 
 46.9, -122.84, 60.0, 2010-08-21 16:27:30, 0.0, None 
 48.28, -123.5, 20.0, 2010-08-21 16:30:00, 0.0, None 
 46.9, -122.79, 49.5, 2010-08-21 16:30:00, 0.0, None 
 48.38, -123.705, 20.0, 2010-08-21 16:32:30, 0.0, None 
 47.005, -122.745, 60.0, 2010-08-21 16:32:30, 0.0, None 
 48.205, -123.48, 24.5, 2010-08-21 16:35:00, 0.0, None 
 48.266999999999996, -123.49, 20.0, 2010-08-21 16:37:30, 0.0, None 
 48.27, -123.49799999999999, 21.2, 2010-08-21 16:40:00, 0.0, None 
 48.29, -123.45200000000001, 20.0, 2010-08-21 16:42:30, 0.0, None 
 47.09, -122.975, 60.0, 2010-08-21 16:42:30, 0.0, None 
 48.295, -123.455, 20.0, 2010-08-21 16:45:00, 0.0, None 
 48.28, -123.51, 20.0, 2010-08-21 16:47:30, 0.0, None 
 46.97, -122.67, 43.0, 2010-08-21 16:47:30, 0.0, None 
 48.183, -123.64, 30.5, 2010-08-21 16:55:00, 0.0, None 
 46.89, -122.875, 39.0, 2010-08-21 16:55:00, 0.0, None 
 48.192, -123.62, 48.0, 2010-08-21 16:57:30, 0.0, None 
 46.89, -122.89, 60.0, 2010-08-21 16:57:30, 0.0, None 
 48.207, -123.523, 36.2, 2010-08-21 17:00:00, 0.0, None 
 48.085, -123.635, 60.0, 2010-08-21 17:02:30, 0.0, None 
 47.055, -123.07, 20.0, 2010-08-21 17:02:30, 0.0, None 
 48.32, -123.56, 20.0, 2010-08-21 17:05:00, 0.0, None 
 48.23, -123.47, 20.0, 2010-08-21 17:07:30, 0.0, None 
 47.01, -122.71, 50.0, 2010-08-21 17:07:30, 0.0, None 
 48.29, -123.38, 20.0, 2010-08-21 17:20:00, 0.0, None 
 46.9, -122.78, 38.0, 2010-08-21 17:42:30, 0.0, None 
 48.235, -123.505, 60.0, 2010-08-21 17:50:00, 0.0, None 
 48.24, -123.56, 48.2, 2010-08-21 17:52:30, 0.0, None 
 48.25, -123.695, 20.0, 2010-08-21 17:55:00, 0.0, None 
 48.41, -123.685, 60.0, 2010-08-21 17:57:30, 0.0, None 
 47.72, -123.17, 50.0, 2010-08-21 18:05:00, 0.0, None 
 48.278, -123.46799999999999, 20.0, 2010-08-21 18:10:00, 0.0, None 
 48.36, -123.52, 40.0, 2010-08-21 18:12:30, 0.0, None 
 48.255, -123.59, 22.5, 2010-08-21 18:15:00, 0.0, None 
 48.24, -123.69, 35.0, 2010-08-21 18:17:30, 0.0, None 
 47.95, -123.475, 26.8, 2010-08-21 18:22:30, 0.0, None 
 47.85, -123.42, 44.5, 2010-08-21 18:25:00, 0.0, None 
 48.205, -123.60799999999999, 37.8, 2010-08-21 18:30:00, 0.0, None 
 47.1, -123.48, 20.0, 2010-08-21 18:30:00, 0.0, None 
 48.2, -123.665, 22.8, 2010-08-21 18:32:30, 0.0, None 
 48.18, -123.665, 20.0, 2010-08-21 18:35:00, 0.0, None 
 48.18, -123.675, 32.5, 2010-08-21 18:37:30, 0.0, None 
 48.105, -123.58, 38.8, 2010-08-21 18:45:00, 0.0, None 
 48.09, -123.613, 37.0, 2010-08-21 18:47:30, 0.0, None 
 48.085, -123.667, 44.0, 2010-08-21 18:50:00, 0.0, None 
 48.18, -123.58, 28.0, 2010-08-21 18:52:30, 0.0, None 
 48.13, -123.575, 23.0, 2010-08-21 18:55:00, 0.0, None 
 48.185, -123.60799999999999, 54.2, 2010-08-21 18:57:30, 0.0, None 
 48.195, -123.63, 28.5, 2010-08-21 19:00:00, 0.0, None 
 48.233000000000004, -123.662, 27.5, 2010-08-21 19:02:30, 0.0, None 
 46.98, -122.88, 52.0, 2010-08-21 19:02:30, 0.0, None 
 48.23, -123.56, 25.8, 2010-08-21 19:07:30, 0.0, None 
 48.225, -123.648, 28.2, 2010-08-21 19:10:00, 0.0, None 
 48.25, -123.62, 22.0, 2010-08-21 19:12:30, 0.0, None 
 48.25, -123.43, 60.0, 2010-08-21 19:15:00, 0.0, None 
 47.0, -123.58, 46.0, 2010-08-21 19:15:00, 0.0, None 
 48.26, -123.46, 28.2, 2010-08-21 19:17:30, 0.0, None 
 46.97, -122.725, 42.5, 2010-08-21 19:17:30, 0.0, None 
 48.258, -123.525, 24.5, 2010-08-21 19:20:00, 0.0, None 
 48.27, -123.515, 25.0, 2010-08-21 19:22:30, 0.0, None 
 48.25, -123.47, 49.8, 2010-08-21 19:25:00, 0.0, None 
 48.205, -123.46799999999999, 25.5, 2010-08-21 19:27:30, 0.0, None 
 48.175, -123.45, 23.5, 2010-08-21 19:30:00, 0.0, None 
 48.138000000000005, -123.405, 20.0, 2010-08-21 19:32:30, 0.0, None 
 48.185, -123.41, 33.5, 2010-08-21 19:35:00, 0.0, None 
 48.24, -123.43799999999999, 31.5, 2010-08-21 19:37:30, 0.0, None 
 48.19, -123.66, 20.0, 2010-08-21 19:40:00, 0.0, None 
 48.19, -123.595, 20.0, 2010-08-21 19:42:30, 0.0, None 
 47.89, -123.44, 60.0, 2010-08-21 19:47:30, 0.0, None 
 48.11, -123.605, 31.5, 2010-08-21 19:47:30, 0.0, None 
 48.15, -123.62, 33.5, 2010-08-21 19:52:30, 0.0, None 
 48.07, -123.667, 35.0, 2010-08-21 19:55:00, 0.0, None 
 47.1, -123.16, 60.0, 2010-08-21 19:55:00, 0.0, None 
 47.01, -123.235, 56.0, 2010-08-21 19:57:30, 0.0, None 
 48.28, -123.44, 20.0, 2010-08-21 20:00:00, 0.0, None 
 46.99, -123.12, 40.0, 2010-08-21 20:00:00, 0.0, None 
 48.2, -123.605, 55.8, 2010-08-21 20:02:30, 0.0, None 
 48.198, -123.605, 27.0, 2010-08-21 20:05:00, 0.0, None 
 48.192, -123.61200000000001, 24.0, 2010-08-21 20:07:30, 0.0, None 
 48.2, -123.47, 42.0, 2010-08-21 20:12:30, 0.0, None 
 47.04, -123.125, 20.0, 2010-08-21 20:12:30, 0.0, None 
 47.01, -123.2, 26.5, 2010-08-21 20:15:00, 0.0, None 
 46.855, -122.855, 60.0, 2010-08-21 20:17:30, 0.0, None 
 47.11, -123.5, 46.0, 2010-08-21 20:25:00, 0.0, None 
 48.242, -123.68799999999999, 20.5, 2010-08-21 20:32:30, 0.0, None 
 47.01, -123.24, 49.0, 2010-08-21 20:32:30, 0.0, None 
 48.218, -123.73, 20.0, 2010-08-21 20:35:00, 0.0, None 
 48.09, -123.71, 20.0, 2010-08-21 20:37:30, 0.0, None 
 48.287, -123.56700000000001, 31.0, 2010-08-21 20:52:30, 0.0, None 
 48.23, -123.64, 48.0, 2010-08-21 20:57:30, 0.0, None 
 48.275, -123.665, 40.0, 2010-08-21 21:00:00, 0.0, None 
 48.29, -123.635, 29.0, 2010-08-21 21:02:30, 0.0, None 
 48.02, -123.7, 20.0, 2010-08-21 21:05:00, 0.0, None 
 47.94, -123.7, 23.0, 2010-08-21 21:07:30, 0.0, None 
 47.992, -123.68, 25.5, 2010-08-21 21:10:00, 0.0, None 
 48.06, -123.71, 20.0, 2010-08-21 21:12:30, 0.0, None 
 48.01, -123.72, 20.0, 2010-08-21 21:15:00, 0.0, None 
 48.01, -123.71, 20.0, 2010-08-21 21:17:30, 0.0, None 
 48.36, -123.47, 54.5, 2010-08-21 21:22:30, 0.0, None 
 48.102, -123.48, 39.2, 2010-08-21 21:25:00, 0.0, None 
 48.265, -123.69, 39.5, 2010-08-21 21:27:30, 0.0, None 
 48.215, -123.63, 23.8, 2010-08-21 21:30:00, 0.0, None 
 48.23, -123.66, 20.5, 2010-08-21 21:32:30, 0.0, None 
 48.22, -123.68299999999999, 29.0, 2010-08-21 21:35:00, 0.0, None 
 48.22, -123.7, 28.0, 2010-08-21 21:37:30, 0.0, None 
 48.205, -123.68, 27.5, 2010-08-21 21:40:00, 0.0, None 
 46.98, -123.62, 60.0, 2010-08-21 21:40:00, 0.0, None 
 48.215, -123.645, 23.5, 2010-08-21 21:42:30, 0.0, None 
 48.26, -123.51, 30.5, 2010-08-21 21:45:00, 0.0, None 
 48.27, -123.46, 20.0, 2010-08-21 21:47:30, 0.0, None 
 48.21, -123.39, 31.0, 2010-08-21 21:50:00, 0.0, None 
 48.205, -123.53200000000001, 21.5, 2010-08-21 21:52:30, 0.0, None 
 48.196999999999996, -123.537, 25.0, 2010-08-21 21:55:00, 0.0, None 
 48.23, -123.56200000000001, 60.0, 2010-08-21 21:57:30, 0.0, None 
 48.28, -123.59, 26.0, 2010-08-21 22:00:00, 0.0, None 
 48.133, -123.645, 40.0, 2010-08-21 22:05:00, 0.0, None 
 46.84, -122.9, 44.0, 2010-08-21 22:05:00, 0.0, None 
 48.31, -123.315, 60.0, 2010-08-21 22:07:30, 0.0, None 
 48.251999999999995, -123.53, 36.0, 2010-08-21 22:10:00, 0.0, None 
 48.225, -123.57, 24.0, 2010-08-21 22:12:30, 0.0, None 
 48.36, -123.5, 33.5, 2010-08-21 22:22:30, 0.0, None 
 48.3, -123.53, 31.0, 2010-08-21 22:37:30, 0.0, None 
 48.22, -123.6, 20.0, 2010-08-21 22:42:30, 0.0, None 
 48.41, -123.705, 31.0, 2010-08-21 22:45:00, 0.0, None 
 48.065, -123.51, 30.0, 2010-08-21 22:47:30, 0.0, None 
 47.1, -123.05, 30.0, 2010-08-21 22:47:30, 0.0, None 
 48.16, -123.303, 33.5, 2010-08-21 22:50:00, 0.0, None 
 46.82, -123.06, 47.0, 2010-08-21 22:50:00, 0.0, None 
 48.188, -123.42, 23.5, 2010-08-21 22:52:30, 0.0, None 
 46.89, -122.89, 31.5, 2010-08-21 22:52:30, 0.0, None 
 48.245, -123.40299999999999, 27.5, 2010-08-21 22:55:00, 0.0, None 
 46.92, -122.805, 52.0, 2010-08-21 22:55:00, 0.0, None 
 48.17, -123.51, 60.0, 2010-08-21 22:57:30, 0.0, None 
 46.87, -122.81, 60.0, 2010-08-21 22:57:30, 0.0, None 
 46.87, -123.1, 27.0, 2010-08-21 23:00:00, 0.0, None 
 48.34, -123.34, 20.0, 2010-08-21 23:02:30, 0.0, None 
 46.895, -123.005, 20.0, 2010-08-21 23:02:30, 0.0, None 
 48.27, -123.58, 20.0, 2010-08-21 23:05:00, 0.0, None 
 47.918, -123.49, 32.5, 2010-08-21 23:07:30, 0.0, None 
 48.05, -123.495, 30.0, 2010-08-21 23:10:00, 0.0, None 
 48.0, -123.51, 20.0, 2010-08-21 23:15:00, 0.0, None 
 48.01, -123.46, 20.0, 2010-08-21 23:17:30, 0.0, None 
 48.14, -123.535, 24.2, 2010-08-21 23:32:30, 0.0, None 
 48.195, -123.47, 20.0, 2010-08-21 23:35:00, 0.0, None 
 48.24, -123.415, 20.0, 2010-08-21 23:40:00, 0.0, None 
 48.218, -123.48299999999999, 25.8, 2010-08-21 23:42:30, 0.0, None 
 48.2, -123.485, 32.8, 2010-08-21 23:45:00, 0.0, None 
 48.242, -123.735, 60.0, 2010-08-21 23:47:30, 0.0, None 
 48.225, -123.465, 37.8, 2010-08-21 23:50:00, 0.0, None 
 48.265, -123.555, 23.8, 2010-08-21 23:52:30, 0.0, None 
 48.29, -123.605, 25.0, 2010-08-21 23:55:00, 0.0, None 
 47.025, -123.01, 60.0, 2010-08-21 23:55:00, 0.0, None 
 48.215, -123.395, 60.0, 2010-08-22 00:00:00, 0.0, None 
 46.83, -123.08, 21.5, 2010-08-22 00:00:00, 0.0, None 
 48.195, -123.555, 36.2, 2010-08-22 00:02:30, 0.0, None 
 48.07, -123.7, 21.5, 2010-08-22 00:05:00, 0.0, None 
 46.9, -123.08, 40.0, 2010-08-22 00:07:30, 0.0, None 
 46.92, -123.03, 29.0, 2010-08-22 00:12:30, 0.0, None 
 46.93, -123.11, 37.0, 2010-08-22 00:15:00, 0.0, None 
 48.18, -123.4, 51.0, 2010-08-22 00:25:00, 0.0, None 
 48.16, -123.68, 49.0, 2010-08-22 00:27:30, 0.0, None 
 48.08, -123.78, 50.0, 2010-08-22 00:30:00, 0.0, None 
 46.82, -122.84, 34.5, 2010-08-22 00:30:00, 0.0, None 
 46.86, -122.75, 49.0, 2010-08-22 00:32:30, 0.0, None 
 48.29, -123.42, 34.0, 2010-08-22 00:50:00, 0.0, None 
 48.29, -123.64, 20.0, 2010-08-22 00:52:30, 0.0, None 
 46.88, -123.12, 20.0, 2010-08-22 00:55:00, 0.0, None 
 48.43, -123.69, 60.0, 2010-08-22 00:57:30, 0.0, None 
 48.11, -123.425, 54.0, 2010-08-22 01:00:00, 0.0, None 
 48.48, -123.23, 41.0, 2010-08-22 01:02:30, 0.0, None 
 48.27, -123.53, 20.0, 2010-08-22 01:07:30, 0.0, None 
 48.27, -123.59, 20.0, 2010-08-22 01:10:00, 0.0, None 
 48.242, -123.64, 20.0, 2010-08-22 01:12:30, 0.0, None 
 48.228, -123.67, 24.5, 2010-08-22 01:15:00, 0.0, None 
 48.236999999999995, -123.645, 23.5, 2010-08-22 01:17:30, 0.0, None 
 48.22, -123.515, 33.2, 2010-08-22 01:20:00, 0.0, None 
 48.18, -123.435, 40.0, 2010-08-22 01:22:30, 0.0, None 
 48.255, -123.5, 23.0, 2010-08-22 01:25:00, 0.0, None 
 48.39, -123.54, 47.0, 2010-08-22 01:27:30, 0.0, None 
 48.4, -123.46, 20.0, 2010-08-22 01:47:30, 0.0, None 
 48.28, -123.59, 20.0, 2010-08-22 01:50:00, 0.0, None 
 48.565, -123.17, 20.0, 2010-08-22 02:00:00, 0.0, None 
 48.335, -123.58, 42.0, 2010-08-22 02:02:30, 0.0, None 
 48.236999999999995, -123.67200000000001, 22.5, 2010-08-22 02:05:00, 0.0, None 
 48.21, -123.76, 26.0, 2010-08-22 02:07:30, 0.0, None 
 48.195, -123.735, 34.5, 2010-08-22 02:10:00, 0.0, None 
 48.188, -123.757, 31.0, 2010-08-22 02:12:30, 0.0, None 
 46.873000000000005, -122.905, 23.0, 2010-08-22 02:20:00, 0.0, None 
 48.22, -123.49, 37.0, 2010-08-22 02:30:00, 0.0, None 
 46.905, -122.94, 44.5, 2010-08-22 02:35:00, 0.0, None 
 48.21, -123.69, 20.0, 2010-08-22 02:37:30, 0.0, None 
 46.93, -122.71, 54.0, 2010-08-22 02:37:30, 0.0, None 
 48.41, -123.415, 20.0, 2010-08-22 02:40:00, 0.0, None 
 46.895, -122.88, 38.0, 2010-08-22 02:40:00, 0.0, None 
 48.315, -123.385, 36.0, 2010-08-22 02:52:30, 0.0, None 
 46.98, -123.22, 26.0, 2010-08-22 02:52:30, 0.0, None 
 48.34, -123.33, 60.0, 2010-08-22 02:57:30, 0.0, None 
 48.345, -123.7, 46.5, 2010-08-22 03:00:00, 0.0, None 
 48.2, -123.68, 28.0, 2010-08-22 03:02:30, 0.0, None 
 46.82, -123.1, 38.0, 2010-08-22 03:17:30, 0.0, None 
 46.875, -123.05, 37.0, 2010-08-22 03:20:00, 0.0, None 
 46.885, -122.9, 60.0, 2010-08-22 03:22:30, 0.0, None 
 46.88, -122.82, 45.0, 2010-08-22 03:32:30, 0.0, None 
 46.93, -122.82, 60.0, 2010-08-22 03:35:00, 0.0, None 
 48.4, -123.37, 20.0, 2010-08-22 03:37:30, 0.0, None 
 46.8, -122.91, 42.0, 2010-08-22 03:37:30, 0.0, None 
 48.305, -123.583, 20.0, 2010-08-22 03:42:30, 0.0, None 
 48.3, -123.63, 23.5, 2010-08-22 03:45:00, 0.0, None 
 48.335, -123.625, 20.0, 2010-08-22 03:47:30, 0.0, None 
 48.317, -123.65, 29.0, 2010-08-22 03:50:00, 0.0, None 
 48.29, -123.62700000000001, 20.0, 2010-08-22 03:52:30, 0.0, None 
 48.235, -123.713, 33.0, 2010-08-22 03:55:00, 0.0, None 
 48.17, -123.68, 45.5, 2010-08-22 03:57:30, 0.0, None 
 48.125, -123.71, 26.0, 2010-08-22 04:00:00, 0.0, None 
 48.1, -123.71, 20.0, 2010-08-22 04:02:30, 0.0, None 
 48.185, -123.6, 20.0, 2010-08-22 04:15:00, 0.0, None 
 46.89, -122.9, 40.0, 2010-08-22 04:17:30, 0.0, None 
 46.86, -122.885, 20.5, 2010-08-22 04:20:00, 0.0, None 
 46.88, -122.74, 60.0, 2010-08-22 04:22:30, 0.0, None 
 48.27, -123.76, 60.0, 2010-08-22 04:27:30, 0.0, None 
 48.315, -123.485, 28.5, 2010-08-22 04:32:30, 0.0, None 
 48.273, -123.825, 44.0, 2010-08-22 04:35:00, 0.0, None 
 48.22, -123.785, 28.5, 2010-08-22 04:37:30, 0.0, None 
 46.88, -122.91, 45.0, 2010-08-22 04:40:00, 0.0, None 
 46.9, -122.88, 20.0, 2010-08-22 04:47:30, 0.0, None 
 48.4, -123.6, 20.0, 2010-08-22 04:50:00, 0.0, None 
 46.92, -122.87, 20.0, 2010-08-22 04:50:00, 0.0, None 
 48.29, -123.59, 30.0, 2010-08-22 05:00:00, 0.0, None 
 46.96, -123.0, 40.0, 2010-08-22 05:00:00, 0.0, None 
 46.98, -123.03, 36.0, 2010-08-22 05:02:30, 0.0, None 
 48.52, -123.42, 41.0, 2010-08-22 05:05:00, 0.0, None 
 48.525, -123.29, 34.0, 2010-08-22 05:07:30, 0.0, None 
 46.97, -123.21, 20.0, 2010-08-22 05:07:30, 0.0, None 
 48.54, -123.1, 60.0, 2010-08-22 05:10:00, 0.0, None 
 48.63, -123.4, 20.0, 2010-08-22 05:12:30, 0.0, None 
 48.56, -123.395, 35.5, 2010-08-22 05:15:00, 0.0, None 
 48.28, -123.66, 20.0, 2010-08-22 05:17:30, 0.0, None 
 46.895, -122.83, 47.0, 2010-08-22 05:17:30, 0.0, None 
 48.63, -123.32, 43.0, 2010-08-22 05:20:00, 0.0, None 
 46.89, -122.83, 52.5, 2010-08-22 05:20:00, 0.0, None 
 48.61, -123.355, 20.0, 2010-08-22 05:22:30, 0.0, None 
 46.91, -122.955, 29.0, 2010-08-22 05:22:30, 0.0, None 
 48.575, -123.36, 20.0, 2010-08-22 05:25:00, 0.0, None 
 46.9, -122.96, 32.0, 2010-08-22 05:25:00, 0.0, None 
 46.89, -122.97, 30.0, 2010-08-22 05:27:30, 0.0, None 
 48.57, -123.22, 30.0, 2010-08-22 05:32:30, 0.0, None 
 46.87, -122.81, 43.0, 2010-08-22 05:32:30, 0.0, None 
 48.418, -123.43, 26.0, 2010-08-22 05:35:00, 0.0, None 
 48.45, -123.39, 20.0, 2010-08-22 05:37:30, 0.0, None 
 48.33, -123.65, 20.0, 2010-08-22 05:40:00, 0.0, None 
 46.85, -123.1, 34.0, 2010-08-22 05:40:00, 0.0, None 
 48.305, -123.62, 21.5, 2010-08-22 05:42:30, 0.0, None 
 48.305, -123.58, 25.8, 2010-08-22 05:45:00, 0.0, None 
 48.4, -123.5, 20.0, 2010-08-22 05:47:30, 0.0, None 
 46.895, -122.94, 47.0, 2010-08-22 05:47:30, 0.0, None 
 48.233000000000004, -123.665, 36.5, 2010-08-22 05:52:30, 0.0, None 
 48.155, -123.675, 29.8, 2010-08-22 05:55:00, 0.0, None 
 48.165, -123.523, 40.5, 2010-08-22 05:57:30, 0.0, None 
 48.5, -123.37, 32.0, 2010-08-22 06:00:00, 0.0, None 
 48.14, -123.64, 30.0, 2010-08-22 06:05:00, 0.0, None 
 48.35, -123.8, 60.0, 2010-08-22 06:07:30, 0.0, None 
 48.12, -123.75, 29.0, 2010-08-22 06:07:30, 0.0, None 
 48.13, -123.73, 27.0, 2010-08-22 06:10:00, 0.0, None 
 48.3, -123.61, 30.0, 2010-08-22 06:12:30, 0.0, None 
 48.222, -123.595, 34.2, 2010-08-22 06:15:00, 0.0, None 
 48.52, -123.375, 26.0, 2010-08-22 06:17:30, 0.0, None 
 48.195, -123.63, 20.0, 2010-08-22 06:17:30, 0.0, None 
 48.61, -123.32, 29.0, 2010-08-22 06:20:00, 0.0, None 
 48.555, -123.275, 33.5, 2010-08-22 06:22:30, 0.0, None 
 46.99, -123.0, 58.0, 2010-08-22 06:22:30, 0.0, None 
 48.21, -123.845, 60.0, 2010-08-22 06:25:00, 0.0, None 
 47.01, -123.03, 28.0, 2010-08-22 06:25:00, 0.0, None 
 48.225, -123.445, 29.5, 2010-08-22 06:27:30, 0.0, None 
 46.875, -122.89, 34.5, 2010-08-22 06:27:30, 0.0, None 
 48.2, -123.38, 46.0, 2010-08-22 06:30:00, 0.0, None 
 46.86, -122.795, 50.0, 2010-08-22 06:30:00, 0.0, None 
 48.24, -123.765, 30.5, 2010-08-22 06:32:30, 0.0, None 
 48.211999999999996, -123.725, 32.8, 2010-08-22 06:35:00, 0.0, None 
 48.196999999999996, -123.695, 31.8, 2010-08-22 06:37:30, 0.0, None 
 48.3, -123.48, 38.5, 2010-08-22 06:40:00, 0.0, None 
 46.88, -122.92, 31.0, 2010-08-22 06:40:00, 0.0, None 
 48.242, -123.60799999999999, 34.5, 2010-08-22 06:42:30, 0.0, None 
 46.92, -122.99, 52.0, 2010-08-22 06:42:30, 0.0, None 
 48.233000000000004, -123.64, 20.0, 2010-08-22 06:45:00, 0.0, None 
 48.263000000000005, -123.65700000000001, 29.0, 2010-08-22 06:47:30, 0.0, None 
 48.295, -123.65700000000001, 20.0, 2010-08-22 06:50:00, 0.0, None 
 48.28, -123.665, 20.0, 2010-08-22 06:52:30, 0.0, None 
 46.92, -122.84, 20.0, 2010-08-22 06:52:30, 0.0, None 
 48.17, -123.615, 41.5, 2010-08-22 06:55:00, 0.0, None 
 46.83, -122.7, 51.5, 2010-08-22 06:55:00, 0.0, None 
 48.196999999999996, -123.64200000000001, 60.0, 2010-08-22 06:57:30, 0.0, None 
 46.835, -122.805, 60.0, 2010-08-22 06:57:30, 0.0, None 
 48.21, -123.66, 24.2, 2010-08-22 07:00:00, 0.0, None 
 46.905, -122.73, 54.0, 2010-08-22 07:00:00, 0.0, None 
 48.31, -123.74, 20.0, 2010-08-22 07:02:30, 0.0, None 
 46.85, -122.7, 25.0, 2010-08-22 07:02:30, 0.0, None 
 48.27, -123.7, 46.0, 2010-08-22 07:05:00, 0.0, None 
 48.09, -123.65, 35.0, 2010-08-22 07:07:30, 0.0, None 
 48.175, -123.66, 20.0, 2010-08-22 07:12:30, 0.0, None 
 48.205, -123.595, 20.0, 2010-08-22 07:15:00, 0.0, None 
 48.275, -123.495, 23.5, 2010-08-22 07:17:30, 0.0, None 
 48.285, -123.41799999999999, 24.5, 2010-08-22 07:20:00, 0.0, None 
 48.295, -123.385, 28.8, 2010-08-22 07:22:30, 0.0, None 
 48.25, -123.415, 20.0, 2010-08-22 07:25:00, 0.0, None 
 47.0, -122.755, 60.0, 2010-08-22 07:25:00, 0.0, None 
 48.195, -123.455, 20.0, 2010-08-22 07:27:30, 0.0, None 
 46.9, -122.93, 29.5, 2010-08-22 07:27:30, 0.0, None 
 48.185, -123.495, 22.0, 2010-08-22 07:30:00, 0.0, None 
 48.192, -123.54, 26.2, 2010-08-22 07:32:30, 0.0, None 
 48.18, -123.56, 27.5, 2010-08-22 07:35:00, 0.0, None 
 48.365, -123.44200000000001, 22.5, 2010-08-22 07:45:00, 0.0, None 
 48.355, -123.458, 27.8, 2010-08-22 07:47:30, 0.0, None 
 48.23, -123.38, 24.0, 2010-08-22 07:50:00, 0.0, None 
 48.28, -123.25, 26.0, 2010-08-22 07:52:30, 0.0, None 
 48.24, -123.61, 60.0, 2010-08-22 07:52:30, 0.0, None 
 48.32, -123.51, 20.0, 2010-08-22 07:55:00, 0.0, None 
 48.215, -123.47, 57.0, 2010-08-22 07:57:30, 0.0, None 
 48.275, -123.315, 28.5, 2010-08-22 08:00:00, 0.0, None 
 48.33, -123.53, 20.0, 2010-08-22 08:05:00, 0.0, None 
 48.195, -123.745, 24.0, 2010-08-22 08:20:00, 0.0, None 
 48.48, -123.275, 24.0, 2010-08-22 08:42:30, 0.0, None 
 48.245, -123.64200000000001, 33.5, 2010-08-22 08:45:00, 0.0, None 
 48.22, -123.67, 20.0, 2010-08-22 08:47:30, 0.0, None 
 48.251999999999995, -123.655, 30.0, 2010-08-22 08:50:00, 0.0, None 
 48.195, -123.67, 26.8, 2010-08-22 08:52:30, 0.0, None 
 48.205, -123.665, 28.5, 2010-08-22 08:55:00, 0.0, None 
 48.251999999999995, -123.54700000000001, 43.5, 2010-08-22 08:57:30, 0.0, None 
 48.32, -123.44, 40.0, 2010-08-22 09:00:00, 0.0, None 
 48.295, -123.61, 20.0, 2010-08-22 09:02:30, 0.0, None 
 48.53, -123.18, 35.5, 2010-08-22 09:05:00, 0.0, None 
 48.53, -123.185, 36.5, 2010-08-22 09:07:30, 0.0, None 
 46.93, -122.73, 60.0, 2010-08-22 09:07:30, 0.0, None 
 48.13, -123.645, 44.5, 2010-08-22 09:10:00, 0.0, None 
 46.895, -122.68, 60.0, 2010-08-22 09:10:00, 0.0, None 
 48.17, -123.645, 22.5, 2010-08-22 09:12:30, 0.0, None 
 48.16, -123.65, 60.0, 2010-08-22 09:15:00, 0.0, None 
 46.89, -122.73, 50.0, 2010-08-22 09:17:30, 0.0, None 
 48.312, -123.43, 30.8, 2010-08-22 09:20:00, 0.0, None 
 46.885, -122.93, 41.5, 2010-08-22 09:20:00, 0.0, None 
 48.31, -123.445, 32.8, 2010-08-22 09:22:30, 0.0, None 
 48.3, -123.755, 21.5, 2010-08-22 09:25:00, 0.0, None 
 48.3, -123.757, 40.5, 2010-08-22 09:27:30, 0.0, None 
 46.95, -123.025, 60.0, 2010-08-22 09:40:00, 0.0, None 
 48.12, -123.4, 60.0, 2010-08-22 09:42:30, 0.0, None 
 46.91, -123.01, 60.0, 2010-08-22 09:42:30, 0.0, None 
 48.218, -123.61, 40.0, 2010-08-22 09:50:00, 0.0, None 
 48.47, -123.23, 50.0, 2010-08-22 09:52:30, 0.0, None 
 48.51, -123.21, 20.0, 2010-08-22 09:55:00, 0.0, None 
 48.59, -123.34, 39.5, 2010-08-22 10:12:30, 0.0, None 
 48.58, -123.365, 39.0, 2010-08-22 10:15:00, 0.0, None 
 48.57, -123.38, 36.0, 2010-08-22 10:17:30, 0.0, None 
 48.665, -123.39, 27.0, 2010-08-22 10:22:30, 0.0, None 
 48.315, -123.28, 60.0, 2010-08-22 10:35:00, 0.0, None 
 48.33, -123.46, 31.0, 2010-08-22 10:37:30, 0.0, None 
 48.345, -123.71, 27.2, 2010-08-22 10:40:00, 0.0, None 
 48.29, -123.6, 60.0, 2010-08-22 10:42:30, 0.0, None 
 48.325, -123.685, 20.0, 2010-08-22 10:45:00, 0.0, None 
 48.312, -123.675, 20.0, 2010-08-22 10:47:30, 0.0, None 
 48.3, -123.62, 25.5, 2010-08-22 10:50:00, 0.0, None 
 48.285, -123.7, 21.0, 2010-08-22 10:52:30, 0.0, None 
 48.282, -123.75, 25.0, 2010-08-22 10:55:00, 0.0, None 
 48.24, -123.8, 54.2, 2010-08-22 10:57:30, 0.0, None 
 48.255, -123.68299999999999, 26.5, 2010-08-22 11:00:00, 0.0, None 
 48.13, -123.73, 48.0, 2010-08-22 11:05:00, 0.0, None 
 48.141999999999996, -123.647, 27.0, 2010-08-22 11:07:30, 0.0, None 
 46.875, -122.97, 28.5, 2010-08-22 11:07:30, 0.0, None 
 48.35, -123.72, 20.0, 2010-08-22 11:10:00, 0.0, None 
 46.88, -122.97, 33.0, 2010-08-22 11:10:00, 0.0, None 
 48.285, -123.775, 25.0, 2010-08-22 11:15:00, 0.0, None 
 48.235, -123.7, 27.8, 2010-08-22 11:17:30, 0.0, None 
 48.236999999999995, -123.78, 35.2, 2010-08-22 11:20:00, 0.0, None 
 48.28, -123.785, 23.8, 2010-08-22 11:22:30, 0.0, None 
 48.275, -123.775, 20.0, 2010-08-22 11:25:00, 0.0, None 
 48.43, -123.39, 29.0, 2010-08-22 11:35:00, 0.0, None 
 46.88, -122.81, 54.0, 2010-08-22 11:35:00, 0.0, None 
 48.31, -123.41, 34.0, 2010-08-22 11:37:30, 0.0, None 
 48.325, -123.435, 22.0, 2010-08-22 11:40:00, 0.0, None 
 48.315, -123.43799999999999, 24.5, 2010-08-22 11:42:30, 0.0, None 
 46.85, -122.93, 20.0, 2010-08-22 11:42:30, 0.0, None 
 48.345, -123.405, 29.5, 2010-08-22 11:45:00, 0.0, None 
 46.84, -122.91, 20.0, 2010-08-22 11:45:00, 0.0, None 
 48.383, -123.417, 24.0, 2010-08-22 11:47:30, 0.0, None 
 48.29, -123.697, 34.0, 2010-08-22 11:50:00, 0.0, None 
 48.347, -123.63, 27.0, 2010-08-22 11:52:30, 0.0, None 
 48.31, -123.58, 28.0, 2010-08-22 11:55:00, 0.0, None 
 48.27, -123.64, 60.0, 2010-08-22 11:57:30, 0.0, None 
 48.29, -123.68, 33.2, 2010-08-22 12:00:00, 0.0, None 
 48.343, -123.493, 55.5, 2010-08-22 12:02:30, 0.0, None 
 48.35, -123.49, 29.5, 2010-08-22 12:05:00, 0.0, None 
 48.335, -123.74799999999999, 60.0, 2010-08-22 12:07:30, 0.0, None 
 48.352, -123.68, 41.0, 2010-08-22 12:10:00, 0.0, None 
 48.418, -123.43299999999999, 28.8, 2010-08-22 12:12:30, 0.0, None 
 48.315, -123.69, 54.2, 2010-08-22 12:15:00, 0.0, None 
 48.28, -123.795, 40.0, 2010-08-22 12:17:30, 0.0, None 
 48.225, -123.81, 55.0, 2010-08-22 12:20:00, 0.0, None 
 48.18, -123.68, 23.2, 2010-08-22 12:22:30, 0.0, None 
 48.36, -123.42, 20.0, 2010-08-22 12:25:00, 0.0, None 
 48.38, -123.53200000000001, 33.0, 2010-08-22 12:27:30, 0.0, None 
 48.335, -123.365, 30.8, 2010-08-22 12:30:00, 0.0, None 
 48.29, -123.43, 31.0, 2010-08-22 12:32:30, 0.0, None 
 48.285, -123.463, 20.0, 2010-08-22 12:35:00, 0.0, None 
 48.317, -123.51, 60.0, 2010-08-22 12:37:30, 0.0, None 
 48.265, -123.495, 25.2, 2010-08-22 12:40:00, 0.0, None 
 46.77, -122.885, 49.0, 2010-08-22 12:40:00, 0.0, None 
 48.26, -123.45299999999999, 20.0, 2010-08-22 12:42:30, 0.0, None 
 46.99, -122.785, 57.0, 2010-08-22 12:42:30, 0.0, None 
 48.251999999999995, -123.42, 20.0, 2010-08-22 12:45:00, 0.0, None 
 46.87, -122.87, 60.0, 2010-08-22 12:45:00, 0.0, None 
 48.3, -123.615, 29.5, 2010-08-22 12:50:00, 0.0, None 
 47.045, -122.8, 60.0, 2010-08-22 12:50:00, 0.0, None 
 48.31, -123.615, 22.5, 2010-08-22 12:52:30, 0.0, None 
 48.343, -123.595, 45.8, 2010-08-22 12:55:00, 0.0, None 
 48.328, -123.535, 60.0, 2010-08-22 12:57:30, 0.0, None 
 48.31, -123.715, 40.0, 2010-08-22 13:00:00, 0.0, None 
 48.3, -123.727, 21.2, 2010-08-22 13:02:30, 0.0, None 
 46.865, -122.905, 20.0, 2010-08-22 13:02:30, 0.0, None 
 48.275, -123.583, 20.0, 2010-08-22 13:05:00, 0.0, None 
 48.295, -123.6, 31.5, 2010-08-22 13:07:30, 0.0, None 
 48.245, -123.75200000000001, 25.5, 2010-08-22 13:10:00, 0.0, None 
 48.23, -123.60799999999999, 23.0, 2010-08-22 13:12:30, 0.0, None 
 46.81, -122.98, 20.0, 2010-08-22 13:12:30, 0.0, None 
 48.24, -123.62700000000001, 24.5, 2010-08-22 13:15:00, 0.0, None 
 46.815, -122.99, 22.0, 2010-08-22 13:15:00, 0.0, None 
 48.302, -123.54, 25.5, 2010-08-22 13:17:30, 0.0, None 
 48.315, -123.463, 45.8, 2010-08-22 13:20:00, 0.0, None 
 48.278, -123.463, 22.0, 2010-08-22 13:22:30, 0.0, None 
 48.245, -123.7, 51.2, 2010-08-22 13:25:00, 0.0, None 
 48.25, -123.727, 32.0, 2010-08-22 13:27:30, 0.0, None 
 48.235, -123.79799999999999, 33.0, 2010-08-22 13:30:00, 0.0, None 
 48.31, -123.8, 31.0, 2010-08-22 13:32:30, 0.0, None 
 48.29, -123.765, 22.0, 2010-08-22 13:40:00, 0.0, None 
 48.285, -123.765, 21.2, 2010-08-22 13:42:30, 0.0, None 
 48.29, -123.79, 20.0, 2010-08-22 13:45:00, 0.0, None 
 48.266999999999996, -123.79700000000001, 33.8, 2010-08-22 13:47:30, 0.0, None 
 46.3, -122.9, 20.0, 2010-08-22 13:47:30, 0.0, None 
 48.225, -123.4, 27.0, 2010-08-22 13:50:00, 0.0, None 
 48.22, -123.49, 20.0, 2010-08-22 13:52:30, 0.0, None 
 46.87, -123.05, 41.0, 2010-08-22 13:55:00, 0.0, None 
 46.87, -123.1, 47.0, 2010-08-22 13:57:30, 0.0, None 
 48.09, -123.67, 25.0, 2010-08-22 14:02:30, 0.0, None 
 48.11, -123.7, 28.0, 2010-08-22 14:05:00, 0.0, None 
 48.29, -123.59, 20.0, 2010-08-22 14:07:30, 0.0, None 
 48.32, -123.68, 20.0, 2010-08-22 14:10:00, 0.0, None 
 48.215, -123.515, 25.0, 2010-08-22 14:17:30, 0.0, None 
 48.31, -123.83, 29.5, 2010-08-22 14:32:30, 0.0, None 
 48.265, -123.825, 49.5, 2010-08-22 14:35:00, 0.0, None 
 48.24, -123.81, 41.0, 2010-08-22 14:37:30, 0.0, None 
 48.28, -123.8, 25.0, 2010-08-22 14:40:00, 0.0, None 
 48.325, -123.74, 31.8, 2010-08-22 14:42:30, 0.0, None 
 48.305, -123.73, 41.0, 2010-08-22 14:45:00, 0.0, None 
 48.26, -123.71, 27.0, 2010-08-22 14:47:30, 0.0, None 
 48.29, -123.67, 20.0, 2010-08-22 14:55:00, 0.0, None 
 48.2, -123.69, 51.0, 2010-08-22 15:25:00, 0.0, None 
 48.31, -123.4, 20.0, 2010-08-22 15:27:30, 0.0, None 
 48.21, -123.37, 46.0, 2010-08-22 15:30:00, 0.0, None 
 48.335, -123.493, 47.5, 2010-08-22 15:35:00, 0.0, None 
 48.328, -123.475, 40.8, 2010-08-22 15:37:30, 0.0, None 
 48.41, -123.51, 20.0, 2010-08-22 15:40:00, 0.0, None 
 48.355, -123.48299999999999, 49.5, 2010-08-22 15:45:00, 0.0, None 
 48.328, -123.56200000000001, 20.0, 2010-08-22 15:47:30, 0.0, None 
 48.297, -123.458, 47.5, 2010-08-22 15:50:00, 0.0, None 
 48.34, -123.65, 54.0, 2010-08-22 15:52:30, 0.0, None 
 48.33, -123.71, 34.0, 2010-08-22 16:10:00, 0.0, None 
 48.295, -123.725, 20.0, 2010-08-22 16:12:30, 0.0, None 
 48.245, -123.76, 33.0, 2010-08-22 16:15:00, 0.0, None 
 48.236999999999995, -123.8, 33.5, 2010-08-22 16:17:30, 0.0, None 
 48.285, -123.775, 27.5, 2010-08-22 16:20:00, 0.0, None 
 48.315, -123.775, 31.5, 2010-08-22 16:22:30, 0.0, None 
 48.28, -123.72, 26.0, 2010-08-22 16:25:00, 0.0, None 
 48.29, -123.635, 20.0, 2010-08-22 16:27:30, 0.0, None 
 48.285, -123.615, 20.0, 2010-08-22 16:30:00, 0.0, None 
 46.91, -123.15, 29.0, 2010-08-22 16:37:30, 0.0, None 
 48.14, -123.6, 40.5, 2010-08-22 16:40:00, 0.0, None 
 48.315, -123.865, 46.0, 2010-08-22 16:52:30, 0.0, None 
 48.305, -123.855, 29.0, 2010-08-22 16:55:00, 0.0, None 
 48.315, -123.713, 39.8, 2010-08-22 17:00:00, 0.0, None 
 48.3, -123.632, 47.2, 2010-08-22 17:02:30, 0.0, None 
 48.35, -123.695, 24.0, 2010-08-22 17:05:00, 0.0, None 
 48.24, -123.9, 35.0, 2010-08-22 17:27:30, 0.0, None 
 48.1, -123.65, 30.0, 2010-08-22 17:32:30, 0.0, None 
 48.06, -123.615, 36.0, 2010-08-22 17:35:00, 0.0, None 
 48.22, -123.695, 26.5, 2010-08-22 17:37:30, 0.0, None 
 48.125, -123.66799999999999, 39.8, 2010-08-22 17:40:00, 0.0, None 
 48.145, -123.625, 35.2, 2010-08-22 17:42:30, 0.0, None 
 48.19, -123.67, 20.0, 2010-08-22 17:45:00, 0.0, None 
 48.24, -123.67, 20.0, 2010-08-22 18:20:00, 0.0, None 
 48.2, -123.76, 60.0, 2010-08-22 18:22:30, 0.0, None 
 48.183, -123.787, 36.0, 2010-08-22 18:25:00, 0.0, None 
 48.295, -123.785, 32.5, 2010-08-22 18:27:30, 0.0, None 
 48.34, -123.72, 60.0, 2010-08-22 19:45:00, 0.0, None 
 48.328, -123.71, 20.5, 2010-08-22 19:47:30, 0.0, None 
 48.295, -123.773, 23.5, 2010-08-22 19:50:00, 0.0, None 
 48.265, -123.775, 47.8, 2010-08-22 19:52:30, 0.0, None 
 48.29, -123.72, 26.5, 2010-08-22 19:55:00, 0.0, None 
 48.273, -123.678, 60.0, 2010-08-22 19:57:30, 0.0, None 
 48.285, -123.72, 27.2, 2010-08-22 20:00:00, 0.0, None 
 48.295, -123.745, 20.0, 2010-08-22 20:02:30, 0.0, None 
 48.315, -123.765, 20.0, 2010-08-22 20:05:00, 0.0, None 
 48.315, -123.735, 25.2, 2010-08-22 20:07:30, 0.0, None 
 48.266999999999996, -123.7, 31.0, 2010-08-22 20:10:00, 0.0, None 
 48.295, -123.715, 28.0, 2010-08-22 20:12:30, 0.0, None 
 48.29, -123.77, 23.8, 2010-08-22 20:15:00, 0.0, None 
 48.26, -123.74, 27.5, 2010-08-22 20:17:30, 0.0, None 
 48.265, -123.665, 36.0, 2010-08-22 20:25:00, 0.0, None 
 48.302, -123.68299999999999, 20.0, 2010-08-22 20:27:30, 0.0, None 
 48.305, -123.715, 20.0, 2010-08-22 20:30:00, 0.0, None 
 48.282, -123.65299999999999, 36.5, 2010-08-22 20:32:30, 0.0, None 
 48.33, -123.675, 39.5, 2010-08-22 20:35:00, 0.0, None 
 48.295, -123.705, 25.0, 2010-08-22 20:37:30, 0.0, None 
 48.285, -123.765, 21.8, 2010-08-22 20:40:00, 0.0, None 
 48.211999999999996, -123.755, 29.2, 2010-08-22 20:42:30, 0.0, None 
 48.265, -123.58, 30.0, 2010-08-22 20:45:00, 0.0, None 
 48.345, -123.45, 20.0, 2010-08-22 20:47:30, 0.0, None 
 48.345, -123.5, 31.0, 2010-08-22 20:50:00, 0.0, None 
 48.3, -123.72, 20.0, 2010-08-22 20:52:30, 0.0, None 
 48.33, -123.33, 40.0, 2010-08-22 21:00:00, 0.0, None 
 48.22, -123.56, 20.0, 2010-08-22 21:02:30, 0.0, None 
 48.4, -123.27, 20.0, 2010-08-22 21:05:00, 0.0, None 
 48.375, -123.542, 60.0, 2010-08-22 21:17:30, 0.0, None 
 48.34, -123.44, 29.2, 2010-08-22 21:20:00, 0.0, None 
 48.29, -123.595, 20.8, 2010-08-22 21:22:30, 0.0, None 
 48.29, -123.59299999999999, 21.5, 2010-08-22 21:25:00, 0.0, None 
 48.29, -123.59, 20.0, 2010-08-22 21:27:30, 0.0, None 
 48.295, -123.585, 22.2, 2010-08-22 21:30:00, 0.0, None 
 48.358000000000004, -123.463, 38.0, 2010-08-22 21:35:00, 0.0, None 
 48.38, -123.45, 44.0, 2010-08-22 21:37:30, 0.0, None 
 48.358000000000004, -123.535, 20.0, 2010-08-22 21:40:00, 0.0, None 
 48.263000000000005, -123.65, 23.2, 2010-08-22 21:42:30, 0.0, None 
 48.24, -123.665, 26.0, 2010-08-22 21:45:00, 0.0, None 
 48.315, -123.7, 28.5, 2010-08-22 21:47:30, 0.0, None 
 48.31, -123.72, 25.0, 2010-08-22 21:50:00, 0.0, None 
 48.41, -123.3, 20.0, 2010-08-22 21:52:30, 0.0, None 
 48.3, -123.75, 28.0, 2010-08-22 21:52:30, 0.0, None 
 48.31, -123.49, 51.0, 2010-08-22 21:55:00, 0.0, None 
 48.325, -123.68, 38.5, 2010-08-22 21:57:30, 0.0, None 
 46.825, -122.76, 60.0, 2010-08-22 21:57:30, 0.0, None 
 48.31, -123.65, 20.0, 2010-08-22 22:00:00, 0.0, None 
 48.293, -123.645, 27.0, 2010-08-22 22:02:30, 0.0, None 
 48.285, -123.65, 25.5, 2010-08-22 22:05:00, 0.0, None 
 48.251999999999995, -123.705, 29.0, 2010-08-22 22:07:30, 0.0, None 
 48.28, -123.785, 23.5, 2010-08-22 22:10:00, 0.0, None 
 48.343, -123.41, 47.5, 2010-08-22 22:12:30, 0.0, None 
 48.165, -123.632, 35.2, 2010-08-22 22:15:00, 0.0, None 
 48.22, -123.715, 26.5, 2010-08-22 22:17:30, 0.0, None 
 48.07, -123.56, 50.0, 2010-08-22 22:20:00, 0.0, None 
 48.27, -123.76, 20.0, 2010-08-22 22:20:00, 0.0, None 
 48.33, -123.59, 40.0, 2010-08-22 22:32:30, 0.0, None 
 46.84, -123.08, 38.0, 2010-08-22 22:35:00, 0.0, None 
 46.89, -123.02, 34.0, 2010-08-22 22:37:30, 0.0, None 
 48.405, -123.74, 43.0, 2010-08-22 22:40:00, 0.0, None 
 46.92, -122.98, 37.5, 2010-08-22 22:40:00, 0.0, None 
 48.58, -123.135, 20.0, 2010-08-22 22:42:30, 0.0, None 
 48.36, -123.69, 60.0, 2010-08-22 22:42:30, 0.0, None 
 48.181999999999995, -123.55, 24.5, 2010-08-22 22:52:30, 0.0, None 
 48.23, -123.637, 29.0, 2010-08-22 22:55:00, 0.0, None 
 48.235, -123.537, 40.0, 2010-08-22 22:57:30, 0.0, None 
 48.27, -123.74, 32.0, 2010-08-22 23:00:00, 0.0, None 
 48.205, -123.458, 38.2, 2010-08-22 23:02:30, 0.0, None 
 48.205, -123.463, 31.2, 2010-08-22 23:05:00, 0.0, None 
 48.251999999999995, -123.5, 24.5, 2010-08-22 23:07:30, 0.0, None 
 48.21, -123.69, 39.2, 2010-08-22 23:10:00, 0.0, None 
 48.175, -123.635, 35.0, 2010-08-22 23:12:30, 0.0, None 
 48.215, -123.665, 20.0, 2010-08-22 23:15:00, 0.0, None 
 48.218, -123.675, 25.0, 2010-08-22 23:17:30, 0.0, None 
 48.225, -123.66, 20.0, 2010-08-22 23:20:00, 0.0, None 
 48.205, -123.655, 27.5, 2010-08-22 23:22:30, 0.0, None 
 48.26, -123.695, 20.0, 2010-08-22 23:25:00, 0.0, None 
 48.29, -123.78, 30.0, 2010-08-22 23:27:30, 0.0, None 
 48.22, -123.655, 29.0, 2010-08-22 23:30:00, 0.0, None 
 48.26, -123.605, 31.2, 2010-08-22 23:32:30, 0.0, None 
 48.275, -123.595, 21.2, 2010-08-22 23:35:00, 0.0, None 
 48.305, -123.695, 20.0, 2010-08-22 23:37:30, 0.0, None 
 48.29, -123.31, 38.0, 2010-08-22 23:40:00, 0.0, None 
 48.2, -123.67, 49.0, 2010-08-22 23:40:00, 0.0, None 
 48.35, -123.375, 31.0, 2010-08-22 23:42:30, 0.0, None 
 48.39, -123.26, 24.0, 2010-08-22 23:45:00, 0.0, None 
 48.325, -123.65, 60.0, 2010-08-22 23:45:00, 0.0, None 
 48.21, -123.67, 20.0, 2010-08-22 23:47:30, 0.0, None 
 46.85, -122.985, 32.0, 2010-08-22 23:47:30, 0.0, None 
 46.96, -123.015, 46.5, 2010-08-22 23:50:00, 0.0, None 
 48.47, -123.58, 30.0, 2010-08-23 00:07:30, 0.0, None 
 48.415, -123.38, 33.5, 2010-08-23 00:12:30, 0.0, None 
 48.43, -123.7, 44.5, 2010-08-23 00:15:00, 0.0, None 
 48.05, -123.71, 54.0, 2010-08-23 00:17:30, 0.0, None 
 48.135, -123.675, 30.0, 2010-08-23 00:20:00, 0.0, None 
 48.365, -123.41, 41.5, 2010-08-23 00:22:30, 0.0, None 
 48.385, -123.352, 53.5, 2010-08-23 00:25:00, 0.0, None 
 48.08, -123.68, 38.0, 2010-08-23 00:27:30, 0.0, None 
 48.03, -123.72, 20.0, 2010-08-23 00:30:00, 0.0, None 
 48.025, -123.72, 20.0, 2010-08-23 00:32:30, 0.0, None 
 48.0, -123.77, 20.0, 2010-08-23 00:35:00, 0.0, None 
 48.31, -123.27, 20.0, 2010-08-23 00:37:30, 0.0, None 
 48.62, -123.39, 20.0, 2010-08-23 00:45:00, 0.0, None 
 48.085, -123.69, 20.0, 2010-08-23 00:47:30, 0.0, None 
 48.11, -123.65700000000001, 21.0, 2010-08-23 00:52:30, 0.0, None 
 48.065, -123.62, 24.0, 2010-08-23 00:55:00, 0.0, None 
 48.31, -123.62, 20.0, 2010-08-23 00:57:30, 0.0, None 
 48.075, -123.595, 25.0, 2010-08-23 00:57:30, 0.0, None 
 48.251999999999995, -123.60799999999999, 34.0, 2010-08-23 01:00:00, 0.0, None 
 48.245, -123.765, 31.2, 2010-08-23 01:02:30, 0.0, None 
 48.4, -123.66, 40.0, 2010-08-23 01:05:00, 0.0, None 
 48.21, -123.435, 41.5, 2010-08-23 01:07:30, 0.0, None 
 48.17, -123.4, 47.5, 2010-08-23 01:10:00, 0.0, None 
 48.4, -123.43, 39.0, 2010-08-23 01:10:00, 0.0, None 
 48.31, -123.52, 47.0, 2010-08-23 01:12:30, 0.0, None 
 48.36, -123.71, 41.0, 2010-08-23 01:15:00, 0.0, None 
 48.075, -123.575, 57.5, 2010-08-23 01:20:00, 0.0, None 
 46.785, -123.615, 60.0, 2010-08-23 01:20:00, 0.0, None 
 48.295, -123.57700000000001, 21.8, 2010-08-23 01:22:30, 0.0, None 
 48.31, -123.58, 20.2, 2010-08-23 01:25:00, 0.0, None 
 48.19, -123.41, 60.0, 2010-08-23 01:27:30, 0.0, None 
 48.345, -123.52799999999999, 28.8, 2010-08-23 01:30:00, 0.0, None 
 48.32, -123.59700000000001, 30.0, 2010-08-23 01:32:30, 0.0, None 
 46.84, -122.99, 29.0, 2010-08-23 01:32:30, 0.0, None 
 48.347, -123.67, 31.2, 2010-08-23 01:35:00, 0.0, None 
 46.89, -122.985, 42.0, 2010-08-23 01:35:00, 0.0, None 
 48.23, -123.43, 49.5, 2010-08-23 01:40:00, 0.0, None 
 46.81, -122.85, 60.0, 2010-08-23 01:40:00, 0.0, None 
 48.265, -123.62700000000001, 60.0, 2010-08-23 01:42:30, 0.0, None 
 46.955, -122.84, 60.0, 2010-08-23 01:42:30, 0.0, None 
 48.335, -123.81, 32.0, 2010-08-23 01:45:00, 0.0, None 
 46.905, -122.83, 46.5, 2010-08-23 01:45:00, 0.0, None 
 48.32, -123.77, 35.0, 2010-08-23 01:47:30, 0.0, None 
 46.86, -122.95, 20.0, 2010-08-23 01:50:00, 0.0, None 
 48.63, -123.4, 20.0, 2010-08-23 01:52:30, 0.0, None 
 48.155, -123.615, 60.0, 2010-08-23 01:52:30, 0.0, None 
 46.91, -122.9, 40.0, 2010-08-23 01:52:30, 0.0, None 
 48.615, -123.32, 26.5, 2010-08-23 01:55:00, 0.0, None 
 48.28, -123.87, 22.5, 2010-08-23 01:55:00, 0.0, None 
 46.925, -123.0, 43.0, 2010-08-23 01:55:00, 0.0, None 
 48.68, -123.35, 20.0, 2010-08-23 01:57:30, 0.0, None 
 46.82, -122.925, 60.0, 2010-08-23 01:57:30, 0.0, None 
 48.66, -123.345, 20.0, 2010-08-23 02:00:00, 0.0, None 
 48.597, -123.417, 30.8, 2010-08-23 02:02:30, 0.0, None 
 46.905, -123.095, 25.5, 2010-08-23 02:05:00, 0.0, None 
 46.9, -123.1, 31.0, 2010-08-23 02:07:30, 0.0, None 
 48.02, -123.585, 20.0, 2010-08-23 02:10:00, 0.0, None 
 48.325, -123.40700000000001, 52.2, 2010-08-23 02:15:00, 0.0, None 
 48.275, -123.345, 20.0, 2010-08-23 02:20:00, 0.0, None 
 48.08, -123.553, 23.5, 2010-08-23 02:22:30, 0.0, None 
 48.5, -123.65, 20.0, 2010-08-23 02:25:00, 0.0, None 
 48.0, -123.63, 20.0, 2010-08-23 02:25:00, 0.0, None 
 48.05, -123.59, 32.0, 2010-08-23 02:27:30, 0.0, None 
 46.87, -122.91, 49.0, 2010-08-23 02:42:30, 0.0, None 
 46.895, -122.815, 60.0, 2010-08-23 02:57:30, 0.0, None 
 46.95, -123.01, 41.0, 2010-08-23 03:00:00, 0.0, None 
 48.19, -123.51, 55.0, 2010-08-23 03:02:30, 0.0, None 
 46.97, -122.99, 48.0, 2010-08-23 03:02:30, 0.0, None 
 46.91, -123.02, 33.0, 2010-08-23 03:05:00, 0.0, None 
 48.38, -123.85, 20.0, 2010-08-23 03:07:30, 0.0, None 
 46.92, -123.13, 54.0, 2010-08-23 03:07:30, 0.0, None 
 48.325, -123.795, 20.0, 2010-08-23 03:10:00, 0.0, None 
 46.92, -123.135, 37.0, 2010-08-23 03:10:00, 0.0, None 
 48.297, -123.72, 30.0, 2010-08-23 03:12:30, 0.0, None 
 48.32, -123.5, 53.5, 2010-08-23 03:15:00, 0.0, None 
 48.36, -123.59299999999999, 41.8, 2010-08-23 03:17:30, 0.0, None 
 46.99, -123.14, 20.0, 2010-08-23 03:20:00, 0.0, None 
 47.0, -123.1, 29.0, 2010-08-23 03:22:30, 0.0, None 
 46.9, -122.93, 60.0, 2010-08-23 03:25:00, 0.0, None 
 46.97, -123.01, 60.0, 2010-08-23 03:32:30, 0.0, None 
 47.96, -123.6, 50.0, 2010-08-23 03:35:00, 0.0, None 
 48.42, -123.5, 33.0, 2010-08-23 03:47:30, 0.0, None 
 48.39, -123.575, 27.0, 2010-08-23 03:50:00, 0.0, None 
 47.01, -123.1, 36.5, 2010-08-23 03:50:00, 0.0, None 
 48.33, -123.65, 37.0, 2010-08-23 03:52:30, 0.0, None 
 47.03, -122.98, 28.0, 2010-08-23 03:52:30, 0.0, None 
 46.91, -123.05, 60.0, 2010-08-23 03:55:00, 0.0, None 
 47.01, -123.05, 34.0, 2010-08-23 04:02:30, 0.0, None 
 46.995, -123.015, 31.5, 2010-08-23 04:05:00, 0.0, None 
 46.985, -122.99, 34.0, 2010-08-23 04:07:30, 0.0, None 
 47.02, -123.07, 28.8, 2010-08-23 04:15:00, 0.0, None 
 46.98, -123.03, 30.0, 2010-08-23 04:17:30, 0.0, None 
 47.0, -123.0, 29.0, 2010-08-23 04:20:00, 0.0, None 
 47.04, -122.96, 28.0, 2010-08-23 04:25:00, 0.0, None 
 46.972, -122.898, 48.0, 2010-08-23 04:27:30, 0.0, None 
 46.895, -123.19, 33.5, 2010-08-23 04:30:00, 0.0, None 
 48.29, -123.26, 41.0, 2010-08-23 04:35:00, 0.0, None 
 47.05, -123.05, 32.2, 2010-08-23 04:35:00, 0.0, None 
 47.04, -122.8, 54.5, 2010-08-23 04:37:30, 0.0, None 
 46.98, -122.93, 36.0, 2010-08-23 04:40:00, 0.0, None 
 46.97, -122.95, 33.0, 2010-08-23 04:42:30, 0.0, None 
 46.99, -123.015, 21.5, 2010-08-23 04:45:00, 0.0, None 
 47.0, -123.04700000000001, 24.8, 2010-08-23 04:47:30, 0.0, None 
 47.0, -123.01700000000001, 26.2, 2010-08-23 04:50:00, 0.0, None 
 46.86, -122.99, 60.0, 2010-08-23 04:52:30, 0.0, None 
 46.885, -122.9, 47.5, 2010-08-23 04:55:00, 0.0, None 
 48.41, -123.48, 28.0, 2010-08-23 05:00:00, 0.0, None 
 48.495, -123.61, 60.0, 2010-08-23 05:02:30, 0.0, None 
 48.375, -123.605, 41.8, 2010-08-23 05:05:00, 0.0, None 
 48.328, -123.59299999999999, 40.0, 2010-08-23 05:07:30, 0.0, None 
 48.29, -123.61, 25.5, 2010-08-23 05:10:00, 0.0, None 
 48.297, -123.61200000000001, 46.2, 2010-08-23 05:12:30, 0.0, None 
 48.315, -123.678, 41.0, 2010-08-23 05:15:00, 0.0, None 
 48.365, -123.68799999999999, 20.0, 2010-08-23 05:17:30, 0.0, None 
 48.385, -123.66799999999999, 31.0, 2010-08-23 05:20:00, 0.0, None 
 48.23, -123.44, 60.0, 2010-08-23 05:22:30, 0.0, None 
 48.31, -123.81, 26.0, 2010-08-23 05:27:30, 0.0, None 
 48.305, -123.773, 33.5, 2010-08-23 05:30:00, 0.0, None 
 48.28, -123.6, 34.0, 2010-08-23 05:32:30, 0.0, None 
 46.98, -122.9, 20.0, 2010-08-23 05:37:30, 0.0, None 
 47.0, -122.825, 23.8, 2010-08-23 05:40:00, 0.0, None 
 46.985, -122.815, 27.0, 2010-08-23 05:42:30, 0.0, None 
 48.39, -123.67, 40.0, 2010-08-23 05:45:00, 0.0, None 
 48.53, -123.46, 20.0, 2010-08-23 05:52:30, 0.0, None 
 48.68, -123.35, 55.0, 2010-08-23 06:00:00, 0.0, None 
 48.6, -123.355, 36.0, 2010-08-23 06:02:30, 0.0, None 
 48.24, -123.73, 30.0, 2010-08-23 06:15:00, 0.0, None 
 48.29, -123.81, 20.0, 2010-08-23 06:17:30, 0.0, None 
 48.235, -123.825, 30.5, 2010-08-23 06:20:00, 0.0, None 
 48.35, -123.89299999999999, 60.0, 2010-08-23 06:22:30, 0.0, None 
 48.4, -123.55, 20.0, 2010-08-23 06:42:30, 0.0, None 
 48.425, -123.55, 38.8, 2010-08-23 06:45:00, 0.0, None 
 48.38, -123.615, 50.0, 2010-08-23 06:47:30, 0.0, None 
 48.54, -123.51, 47.0, 2010-08-23 06:50:00, 0.0, None 
 48.27, -123.59, 32.0, 2010-08-23 06:52:30, 0.0, None 
 48.29, -123.585, 46.2, 2010-08-23 06:55:00, 0.0, None 
 48.315, -123.648, 35.5, 2010-08-23 06:57:30, 0.0, None 
 48.352, -123.705, 40.0, 2010-08-23 07:00:00, 0.0, None 
 48.365, -123.72, 21.2, 2010-08-23 07:02:30, 0.0, None 
 48.343, -123.74, 24.5, 2010-08-23 07:05:00, 0.0, None 
 48.3, -123.71, 22.0, 2010-08-23 07:07:30, 0.0, None 
 48.285, -123.725, 22.5, 2010-08-23 07:10:00, 0.0, None 
 48.295, -123.775, 23.5, 2010-08-23 07:12:30, 0.0, None 
 48.28, -123.795, 24.5, 2010-08-23 07:15:00, 0.0, None 
 48.275, -123.775, 20.0, 2010-08-23 07:17:30, 0.0, None 
 48.285, -123.755, 20.0, 2010-08-23 07:20:00, 0.0, None 
 48.31, -123.75, 21.0, 2010-08-23 07:22:30, 0.0, None 
 48.258, -123.743, 27.8, 2010-08-23 07:25:00, 0.0, None 
 48.285, -123.785, 20.0, 2010-08-23 07:27:30, 0.0, None 
 48.15, -123.79, 43.0, 2010-08-23 07:30:00, 0.0, None 
 48.211999999999996, -123.745, 37.8, 2010-08-23 07:32:30, 0.0, None 
 48.302, -123.815, 37.5, 2010-08-23 07:35:00, 0.0, None 
 48.24, -123.685, 20.0, 2010-08-23 07:40:00, 0.0, None 
 48.17, -123.66, 45.0, 2010-08-23 07:42:30, 0.0, None 
 48.205, -123.785, 33.5, 2010-08-23 07:45:00, 0.0, None 
 46.89, -123.05, 40.0, 2010-08-23 07:45:00, 0.0, None 
 48.27, -123.8, 20.0, 2010-08-23 07:50:00, 0.0, None 
 48.29, -123.82, 20.0, 2010-08-23 07:52:30, 0.0, None 
 48.22, -123.24, 44.0, 2010-08-23 08:00:00, 0.0, None 
 48.361999999999995, -123.50200000000001, 27.0, 2010-08-23 08:05:00, 0.0, None 
 48.41, -123.555, 20.0, 2010-08-23 08:07:30, 0.0, None 
 48.375, -123.465, 23.5, 2010-08-23 08:12:30, 0.0, None 
 48.385, -123.435, 32.0, 2010-08-23 08:15:00, 0.0, None 
 47.19, -122.84, 48.0, 2010-08-23 08:20:00, 0.0, None 
 47.18, -122.83, 47.0, 2010-08-23 08:22:30, 0.0, None 
 48.33, -123.62299999999999, 60.0, 2010-08-23 08:25:00, 0.0, None 
 48.38, -123.675, 29.5, 2010-08-23 08:27:30, 0.0, None 
 48.4, -123.69, 26.0, 2010-08-23 08:30:00, 0.0, None 
 47.17, -122.79, 20.0, 2010-08-23 08:30:00, 0.0, None 
 48.35, -123.69, 40.0, 2010-08-23 08:32:30, 0.0, None 
 48.278, -123.69, 54.5, 2010-08-23 08:35:00, 0.0, None 
 48.57, -123.48, 30.5, 2010-08-23 08:37:30, 0.0, None 
 46.875, -122.8, 46.0, 2010-08-23 08:37:30, 0.0, None 
 48.585, -123.42, 45.2, 2010-08-23 08:40:00, 0.0, None 
 46.9, -122.715, 57.0, 2010-08-23 08:40:00, 0.0, None 
 48.58, -123.43, 49.8, 2010-08-23 08:42:30, 0.0, None 
 48.32, -123.755, 29.5, 2010-08-23 08:45:00, 0.0, None 
 46.88, -123.02, 33.0, 2010-08-23 08:45:00, 0.0, None 
 48.3, -123.5, 38.0, 2010-08-23 08:47:30, 0.0, None 
 46.89, -122.925, 31.0, 2010-08-23 08:47:30, 0.0, None 
 46.86, -123.01, 42.0, 2010-08-23 08:50:00, 0.0, None 
 48.36, -123.61, 60.0, 2010-08-23 08:52:30, 0.0, None 
 46.88, -122.99, 37.0, 2010-08-23 08:52:30, 0.0, None 
 48.35, -123.57, 60.0, 2010-08-23 08:55:00, 0.0, None 
 46.945, -122.825, 20.0, 2010-08-23 08:55:00, 0.0, None 
 48.36, -123.48, 59.5, 2010-08-23 08:57:30, 0.0, None 
 46.87, -122.76, 60.0, 2010-08-23 08:57:30, 0.0, None 
 48.345, -123.475, 35.8, 2010-08-23 09:00:00, 0.0, None 
 46.88, -122.92, 37.5, 2010-08-23 09:00:00, 0.0, None 
 48.345, -123.51, 33.0, 2010-08-23 09:02:30, 0.0, None 
 48.332, -123.57799999999999, 30.5, 2010-08-23 09:05:00, 0.0, None 
 48.44, -123.635, 20.0, 2010-08-23 09:07:30, 0.0, None 
 48.343, -123.415, 25.5, 2010-08-23 09:10:00, 0.0, None 
 48.35, -123.425, 25.0, 2010-08-23 09:12:30, 0.0, None 
 48.376999999999995, -123.45, 26.5, 2010-08-23 09:15:00, 0.0, None 
 48.37, -123.47, 26.0, 2010-08-23 09:17:30, 0.0, None 
 48.365, -123.555, 36.5, 2010-08-23 09:20:00, 0.0, None 
 48.38, -123.81, 39.0, 2010-08-23 09:22:30, 0.0, None 
 46.88, -122.78, 40.0, 2010-08-23 09:22:30, 0.0, None 
 48.37, -123.72, 20.0, 2010-08-23 09:25:00, 0.0, None 
 48.31, -123.73, 42.0, 2010-08-23 09:27:30, 0.0, None 
 48.4, -123.35, 20.0, 2010-08-23 09:32:30, 0.0, None 
 48.32, -123.588, 20.0, 2010-08-23 09:35:00, 0.0, None 
 48.35, -123.73299999999999, 33.5, 2010-08-23 09:37:30, 0.0, None 
 47.03, -122.925, 60.0, 2010-08-23 09:37:30, 0.0, None 
 48.28, -123.57, 21.5, 2010-08-23 09:40:00, 0.0, None 
 48.305, -123.60700000000001, 26.0, 2010-08-23 09:42:30, 0.0, None 
 48.295, -123.59299999999999, 22.5, 2010-08-23 09:45:00, 0.0, None 
 48.305, -123.545, 27.2, 2010-08-23 09:47:30, 0.0, None 
 47.19, -122.77, 38.0, 2010-08-23 09:47:30, 0.0, None 
 48.25, -123.6, 24.5, 2010-08-23 09:50:00, 0.0, None 
 48.27, -123.62, 24.2, 2010-08-23 09:52:30, 0.0, None 
 48.32, -123.625, 34.0, 2010-08-23 09:55:00, 0.0, None 
 48.266999999999996, -123.572, 40.0, 2010-08-23 09:57:30, 0.0, None 
 48.323, -123.50200000000001, 34.0, 2010-08-23 10:00:00, 0.0, None 
 48.318000000000005, -123.475, 40.0, 2010-08-23 10:02:30, 0.0, None 
 46.87, -123.03, 29.5, 2010-08-23 10:02:30, 0.0, None 
 48.3, -123.575, 32.5, 2010-08-23 10:05:00, 0.0, None 
 48.38, -123.22, 40.0, 2010-08-23 10:07:30, 0.0, None 
 48.37, -123.62, 60.0, 2010-08-23 10:07:30, 0.0, None 
 46.78, -123.01, 33.0, 2010-08-23 10:12:30, 0.0, None 
 48.31, -123.5, 21.0, 2010-08-23 10:15:00, 0.0, None 
 48.35, -123.51, 60.0, 2010-08-23 10:17:30, 0.0, None 
 46.92, -122.98, 25.5, 2010-08-23 10:17:30, 0.0, None 
 48.25, -123.515, 20.0, 2010-08-23 10:20:00, 0.0, None 
 48.255, -123.505, 20.0, 2010-08-23 10:22:30, 0.0, None 
 48.28, -123.5, 20.0, 2010-08-23 10:25:00, 0.0, None 
 46.93, -122.925, 25.0, 2010-08-23 10:25:00, 0.0, None 
 48.272, -123.41799999999999, 40.0, 2010-08-23 10:27:30, 0.0, None 
 46.875, -122.975, 26.0, 2010-08-23 10:27:30, 0.0, None 
 48.31, -123.47200000000001, 28.0, 2010-08-23 10:30:00, 0.0, None 
 46.925, -122.83, 46.0, 2010-08-23 10:30:00, 0.0, None 
 48.26, -123.63799999999999, 27.0, 2010-08-23 10:32:30, 0.0, None 
 48.22, -123.67, 20.0, 2010-08-23 10:35:00, 0.0, None 
 48.37, -123.3, 31.0, 2010-08-23 10:40:00, 0.0, None 
 48.373000000000005, -123.69, 48.2, 2010-08-23 10:42:30, 0.0, None 
 48.375, -123.675, 29.5, 2010-08-23 10:45:00, 0.0, None 
 48.34, -123.697, 25.2, 2010-08-23 10:47:30, 0.0, None 
 48.33, -123.70299999999999, 55.5, 2010-08-23 10:50:00, 0.0, None 
 48.3, -123.6, 20.0, 2010-08-23 10:52:30, 0.0, None 
 46.89, -122.89, 40.0, 2010-08-23 10:52:30, 0.0, None 
 48.282, -123.79700000000001, 40.0, 2010-08-23 10:55:00, 0.0, None 
 46.83, -122.96, 40.0, 2010-08-23 10:55:00, 0.0, None 
 48.275, -123.69, 60.0, 2010-08-23 10:57:30, 0.0, None 
 48.155, -123.697, 38.0, 2010-08-23 11:00:00, 0.0, None 
 48.218, -123.713, 34.5, 2010-08-23 11:02:30, 0.0, None 
 48.275, -123.73, 20.0, 2010-08-23 11:05:00, 0.0, None 
 48.22, -123.73299999999999, 31.0, 2010-08-23 11:07:30, 0.0, None 
 48.2, -123.755, 20.0, 2010-08-23 11:10:00, 0.0, None 
 48.19, -123.67299999999999, 23.2, 2010-08-23 11:12:30, 0.0, None 
 48.135, -123.63, 32.8, 2010-08-23 11:15:00, 0.0, None 
 48.18, -123.71, 22.5, 2010-08-23 11:17:30, 0.0, None 
 48.185, -123.755, 25.5, 2010-08-23 11:20:00, 0.0, None 
 48.155, -123.685, 40.0, 2010-08-23 11:22:30, 0.0, None 
 48.2, -123.55, 20.8, 2010-08-23 11:27:30, 0.0, None 
 48.2, -123.54700000000001, 20.0, 2010-08-23 11:30:00, 0.0, None 
 48.23, -123.455, 20.0, 2010-08-23 11:32:30, 0.0, None 
 48.27, -123.58, 25.0, 2010-08-23 11:35:00, 0.0, None 
 48.53, -123.53, 33.0, 2010-08-23 11:45:00, 0.0, None 
 48.405, -123.34, 50.0, 2010-08-23 11:47:30, 0.0, None 
 48.37, -123.31200000000001, 34.8, 2010-08-23 11:50:00, 0.0, None 
 48.175, -123.6, 27.5, 2010-08-23 11:55:00, 0.0, None 
 48.3, -123.62, 38.0, 2010-08-23 11:57:30, 0.0, None 
 48.36, -123.68, 20.0, 2010-08-23 12:05:00, 0.0, None 
 48.39, -123.67, 24.0, 2010-08-23 12:07:30, 0.0, None 
 48.38, -123.895, 27.5, 2010-08-23 12:12:30, 0.0, None 
 48.29, -123.80799999999999, 46.5, 2010-08-23 12:15:00, 0.0, None 
 48.32, -123.7, 25.5, 2010-08-23 12:17:30, 0.0, None 
 48.31, -123.63, 27.0, 2010-08-23 12:20:00, 0.0, None 
 48.19, -123.65, 52.5, 2010-08-23 12:22:30, 0.0, None 
 48.145, -123.637, 51.2, 2010-08-23 12:25:00, 0.0, None 
 48.275, -123.662, 29.2, 2010-08-23 12:27:30, 0.0, None 
 48.335, -123.705, 20.0, 2010-08-23 12:30:00, 0.0, None 
 48.352, -123.59700000000001, 40.0, 2010-08-23 12:32:30, 0.0, None 
 48.32, -123.615, 50.5, 2010-08-23 12:35:00, 0.0, None 
 48.25, -123.51, 20.0, 2010-08-23 12:37:30, 0.0, None 
 48.27, -123.50200000000001, 25.5, 2010-08-23 12:40:00, 0.0, None 
 48.265, -123.5, 21.8, 2010-08-23 12:42:30, 0.0, None 
 48.255, -123.455, 26.0, 2010-08-23 12:45:00, 0.0, None 
 48.3, -123.38, 32.5, 2010-08-23 12:47:30, 0.0, None 
 48.3, -123.39, 26.5, 2010-08-23 12:50:00, 0.0, None 
 48.25, -123.38, 60.0, 2010-08-23 12:52:30, 0.0, None 
 48.245, -123.385, 27.8, 2010-08-23 12:55:00, 0.0, None 
 48.24, -123.43, 52.0, 2010-08-23 12:57:30, 0.0, None 
 48.195, -123.69, 35.8, 2010-08-23 13:00:00, 0.0, None 
 48.248000000000005, -123.66, 40.0, 2010-08-23 13:02:30, 0.0, None 
 48.375, -123.64200000000001, 44.5, 2010-08-23 13:05:00, 0.0, None 
 48.265, -123.602, 37.0, 2010-08-23 13:07:30, 0.0, None 
 48.345, -123.713, 27.0, 2010-08-23 13:10:00, 0.0, None 
 48.37, -123.68299999999999, 24.8, 2010-08-23 13:12:30, 0.0, None 
 48.361999999999995, -123.73299999999999, 27.2, 2010-08-23 13:15:00, 0.0, None 
 48.32, -123.68799999999999, 29.8, 2010-08-23 13:17:30, 0.0, None 
 48.315, -123.66, 27.0, 2010-08-23 13:20:00, 0.0, None 
 48.18, -123.3, 24.0, 2010-08-23 13:27:30, 0.0, None 
 48.195, -123.333, 29.8, 2010-08-23 13:30:00, 0.0, None 
 48.361999999999995, -123.648, 34.0, 2010-08-23 13:35:00, 0.0, None 
 48.265, -123.37700000000001, 40.0, 2010-08-23 13:37:30, 0.0, None 
 48.21, -123.31, 37.0, 2010-08-23 13:40:00, 0.0, None 
 48.17, -123.305, 41.0, 2010-08-23 13:42:30, 0.0, None 
 48.19, -123.32, 30.0, 2010-08-23 13:45:00, 0.0, None 
 48.22, -123.38, 20.0, 2010-08-23 13:47:30, 0.0, None 
 48.39, -122.9, 20.0, 2010-08-23 13:52:30, 0.0, None 
 48.23, -123.26, 20.0, 2010-08-23 13:55:00, 0.0, None 
 48.196999999999996, -123.23, 51.5, 2010-08-23 13:57:30, 0.0, None 
 48.28, -123.62, 60.0, 2010-08-23 14:05:00, 0.0, None 
 48.29, -123.565, 49.0, 2010-08-23 14:07:30, 0.0, None 
 48.21, -123.33, 46.0, 2010-08-23 14:10:00, 0.0, None 
 48.195, -123.32, 60.0, 2010-08-23 14:25:00, 0.0, None 
 48.24, -123.29, 20.0, 2010-08-23 14:37:30, 0.0, None 
 48.3, -123.33, 30.0, 2010-08-23 14:40:00, 0.0, None 
 48.49, -123.35, 29.0, 2010-08-23 14:52:30, 0.0, None 
 48.64, -123.4, 40.0, 2010-08-23 15:25:00, 0.0, None 
 48.595, -123.36, 48.0, 2010-08-23 15:27:30, 0.0, None 
 48.39, -122.89, 60.0, 2010-08-23 15:30:00, 0.0, None 
 48.54, -123.33, 60.0, 2010-08-23 15:42:30, 0.0, None 
 48.32, -123.61, 33.0, 2010-08-23 15:45:00, 0.0, None 
 48.41, -123.645, 57.0, 2010-08-23 15:57:30, 0.0, None 
 48.43, -123.59, 41.0, 2010-08-23 16:02:30, 0.0, None 
 48.33, -123.72, 43.0, 2010-08-23 16:12:30, 0.0, None 
 48.52, -123.4, 20.0, 2010-08-23 16:17:30, 0.0, None 
 48.31, -123.47, 60.0, 2010-08-23 16:20:00, 0.0, None 
 48.285, -123.64, 60.0, 2010-08-23 16:22:30, 0.0, None 
 47.07, -123.0, 20.0, 2010-08-23 16:22:30, 0.0, None 
 48.3, -123.72, 24.0, 2010-08-23 16:27:30, 0.0, None 
 48.515, -123.93, 46.0, 2010-08-23 16:30:00, 0.0, None 
 48.49, -123.58, 30.0, 2010-08-23 16:32:30, 0.0, None 
 48.35, -123.4, 40.0, 2010-08-23 16:37:30, 0.0, None 
 48.39, -123.51, 29.0, 2010-08-23 16:40:00, 0.0, None 
 46.08, -123.88, 38.0, 2010-08-23 16:47:30, 0.0, None 
 48.1, -123.65, 20.0, 2010-08-23 17:12:30, 0.0, None 
 46.94, -123.06, 20.0, 2010-08-23 17:15:00, 0.0, None 
 48.42, -123.69, 20.0, 2010-08-23 17:25:00, 0.0, None 
 48.37, -123.69, 34.0, 2010-08-23 17:27:30, 0.0, None 
 48.475, -123.77, 49.0, 2010-08-23 17:30:00, 0.0, None 
 48.6, -123.34, 27.0, 2010-08-23 17:55:00, 0.0, None 
 48.38, -123.53, 60.0, 2010-08-23 17:57:30, 0.0, None 
 48.32, -123.53, 23.0, 2010-08-23 18:00:00, 0.0, None 
 48.47, -123.86, 42.0, 2010-08-23 18:02:30, 0.0, None 
 48.41, -123.79, 20.0, 2010-08-23 18:05:00, 0.0, None 
 48.38, -123.57, 20.0, 2010-08-23 18:07:30, 0.0, None 
 48.62, -123.4, 28.0, 2010-08-23 18:07:30, 0.0, None 
 48.71, -123.27, 45.5, 2010-08-23 18:10:00, 0.0, None 
 48.54, -123.31, 28.0, 2010-08-23 18:17:30, 0.0, None 
 47.49, -121.62, 20.0, 2010-08-23 18:27:30, 0.0, None 
 48.365, -123.77, 20.0, 2010-08-23 19:12:30, 0.0, None 
 48.36, -123.79, 26.0, 2010-08-23 19:15:00, 0.0, None 
 48.38, -123.77, 20.0, 2010-08-23 19:17:30, 0.0, None 
 48.39, -123.79, 26.5, 2010-08-23 19:20:00, 0.0, None 
 48.35, -123.82, 20.0, 2010-08-23 19:22:30, 0.0, None 
 48.28, -123.68, 45.0, 2010-08-23 19:25:00, 0.0, None 
 48.4, -123.71, 60.0, 2010-08-23 19:32:30, 0.0, None 
 48.43, -123.72200000000001, 41.8, 2010-08-23 19:35:00, 0.0, None 
 48.407, -123.62, 30.5, 2010-08-23 19:37:30, 0.0, None 
 48.41, -123.57, 48.0, 2010-08-23 19:40:00, 0.0, None 
 48.28, -123.41, 20.0, 2010-08-23 19:45:00, 0.0, None 
 48.51, -123.41, 20.0, 2010-08-23 19:47:30, 0.0, None 
 48.29, -123.83, 29.0, 2010-08-23 19:52:30, 0.0, None 
 46.87, -122.93, 24.0, 2010-08-23 20:32:30, 0.0, None 
 47.49, -121.59, 36.0, 2010-08-23 20:35:00, 0.0, None 
 48.45, -123.87, 20.0, 2010-08-23 20:45:00, 0.0, None 
 46.83, -122.85, 60.0, 2010-08-23 20:57:30, 0.0, None 
 48.29, -123.41, 29.0, 2010-08-23 21:12:30, 0.0, None 
 48.19, -123.16, 46.0, 2010-08-23 21:17:30, 0.0, None 
 46.86, -122.9, 20.0, 2010-08-23 21:22:30, 0.0, None 
 48.36, -123.3, 20.0, 2010-08-23 21:52:30, 0.0, None 
 48.485, -123.69, 60.0, 2010-08-23 21:52:30, 0.0, None 
 48.32, -123.5, 60.0, 2010-08-23 21:57:30, 0.0, None 
 48.48, -123.47, 54.0, 2010-08-23 22:05:00, 0.0, None 
 48.32, -123.81, 24.5, 2010-08-23 22:15:00, 0.0, None 
 48.37, -123.73, 20.0, 2010-08-23 22:17:30, 0.0, None 
 48.41, -123.66, 20.0, 2010-08-23 22:25:00, 0.0, None 
 48.4, -123.6, 20.0, 2010-08-23 22:27:30, 0.0, None 
 48.41, -123.76299999999999, 55.0, 2010-08-23 22:30:00, 0.0, None 
 48.43, -123.69, 47.0, 2010-08-23 22:32:30, 0.0, None 
 48.4, -123.602, 24.0, 2010-08-23 22:35:00, 0.0, None 
 48.405, -123.69200000000001, 40.0, 2010-08-23 22:37:30, 0.0, None 
 48.282, -123.625, 25.0, 2010-08-23 22:42:30, 0.0, None 
 48.332, -123.635, 22.5, 2010-08-23 22:45:00, 0.0, None 
 48.347, -123.7, 34.0, 2010-08-23 22:47:30, 0.0, None 
 48.28, -123.7, 20.0, 2010-08-23 22:50:00, 0.0, None 
 48.375, -123.575, 47.0, 2010-08-23 22:52:30, 0.0, None 
 48.345, -123.525, 33.0, 2010-08-23 22:55:00, 0.0, None 
 48.34, -123.66, 45.5, 2010-08-23 22:57:30, 0.0, None 
 48.38, -123.667, 20.0, 2010-08-23 23:00:00, 0.0, None 
 48.418, -123.69, 20.0, 2010-08-23 23:02:30, 0.0, None 
 48.385, -123.74799999999999, 20.0, 2010-08-23 23:05:00, 0.0, None 
 48.355, -123.76799999999999, 25.5, 2010-08-23 23:07:30, 0.0, None 
 48.29, -123.73, 27.0, 2010-08-23 23:10:00, 0.0, None 
 48.305, -123.675, 20.0, 2010-08-23 23:15:00, 0.0, None 
 48.23, -123.68, 37.0, 2010-08-23 23:17:30, 0.0, None 
 48.22, -123.67, 20.0, 2010-08-23 23:20:00, 0.0, None 
 48.233000000000004, -123.73, 30.5, 2010-08-23 23:22:30, 0.0, None 
 48.29, -123.79, 20.0, 2010-08-23 23:25:00, 0.0, None 
 48.29, -123.8, 20.0, 2010-08-23 23:27:30, 0.0, None 
 48.29, -123.8, 20.0, 2010-08-23 23:30:00, 0.0, None 
 48.165, -123.74, 40.0, 2010-08-23 23:32:30, 0.0, None 
 48.22, -123.76, 30.0, 2010-08-23 23:35:00, 0.0, None 
 48.28, -123.69, 20.0, 2010-08-23 23:42:30, 0.0, None 
 48.17, -123.79, 31.0, 2010-08-23 23:45:00, 0.0, None 
 48.47, -123.45, 20.0, 2010-08-23 23:50:00, 0.0, None 
 48.49, -123.46, 20.0, 2010-08-23 23:52:30, 0.0, None 
 48.29, -123.58, 60.0, 2010-08-23 23:55:00, 0.0, None 
 48.39, -123.8, 20.0, 2010-08-24 00:00:00, 0.0, None 
 48.39, -123.85, 20.0, 2010-08-24 00:02:30, 0.0, None 
 48.388000000000005, -123.37299999999999, 44.0, 2010-08-24 00:20:00, 0.0, None 
 48.29, -123.28, 56.0, 2010-08-24 00:22:30, 0.0, None 
 48.53, -123.51, 60.0, 2010-08-24 00:22:30, 0.0, None 
 48.49, -123.55799999999999, 32.2, 2010-08-24 00:25:00, 0.0, None 
 48.495, -123.705, 30.8, 2010-08-24 00:27:30, 0.0, None 
 48.41, -123.72, 20.0, 2010-08-24 00:30:00, 0.0, None 
 48.525, -123.42, 60.0, 2010-08-24 00:40:00, 0.0, None 
 48.312, -123.79, 55.2, 2010-08-24 00:45:00, 0.0, None 
 48.44, -123.64, 42.0, 2010-08-24 00:47:30, 0.0, None 
 48.41, -123.695, 20.0, 2010-08-24 00:50:00, 0.0, None 
 48.38, -123.8, 20.0, 2010-08-24 00:52:30, 0.0, None 
 48.425, -123.69, 20.0, 2010-08-24 00:55:00, 0.0, None 
 48.41, -123.79, 42.5, 2010-08-24 00:57:30, 0.0, None 
 48.4, -123.81, 25.0, 2010-08-24 01:00:00, 0.0, None 
 48.47, -123.49, 36.0, 2010-08-24 01:05:00, 0.0, None 
 48.47, -123.85, 40.0, 2010-08-24 01:22:30, 0.0, None 
 48.37, -123.395, 27.8, 2010-08-24 01:27:30, 0.0, None 
 48.39, -123.31, 20.0, 2010-08-24 01:30:00, 0.0, None 
 48.34, -123.32700000000001, 27.8, 2010-08-24 01:32:30, 0.0, None 
 48.4, -123.45, 30.0, 2010-08-24 01:35:00, 0.0, None 
 48.4, -123.38, 28.5, 2010-08-24 01:37:30, 0.0, None 
 48.39, -123.395, 20.0, 2010-08-24 01:40:00, 0.0, None 
 48.345, -123.315, 50.5, 2010-08-24 01:42:30, 0.0, None 
 48.39, -123.315, 35.0, 2010-08-24 01:45:00, 0.0, None 
 48.395, -123.295, 28.0, 2010-08-24 01:47:30, 0.0, None 
 48.35, -123.405, 20.0, 2010-08-24 01:50:00, 0.0, None 
 48.415, -123.525, 20.0, 2010-08-24 01:52:30, 0.0, None 
 48.47, -123.602, 37.5, 2010-08-24 01:55:00, 0.0, None 
 48.425, -123.635, 55.8, 2010-08-24 01:57:30, 0.0, None 
 48.42, -123.53, 20.0, 2010-08-24 02:02:30, 0.0, None 
 48.42, -123.59, 40.0, 2010-08-24 02:05:00, 0.0, None 
 48.35, -123.632, 24.0, 2010-08-24 02:07:30, 0.0, None 
 48.403, -123.72, 21.2, 2010-08-24 02:10:00, 0.0, None 
 48.405, -123.74, 25.5, 2010-08-24 02:12:30, 0.0, None 
 48.465, -123.81700000000001, 40.0, 2010-08-24 02:15:00, 0.0, None 
 48.33, -123.785, 40.0, 2010-08-24 02:17:30, 0.0, None 
 48.34, -123.73, 26.2, 2010-08-24 02:20:00, 0.0, None 
 48.31, -123.565, 20.0, 2010-08-24 02:25:00, 0.0, None 
 48.305, -123.678, 20.0, 2010-08-24 02:27:30, 0.0, None 
 48.26, -123.58, 20.0, 2010-08-24 02:30:00, 0.0, None 
 48.3, -123.595, 21.0, 2010-08-24 02:32:30, 0.0, None 
 48.395, -123.565, 45.0, 2010-08-24 02:37:30, 0.0, None 
 48.335, -123.54, 22.5, 2010-08-24 02:40:00, 0.0, None 
 48.287, -123.493, 22.5, 2010-08-24 02:42:30, 0.0, None 
 46.8, -122.49, 20.0, 2010-08-24 02:42:30, 0.0, None 
 48.285, -123.565, 26.5, 2010-08-24 02:45:00, 0.0, None 
 48.27, -123.64200000000001, 22.8, 2010-08-24 02:47:30, 0.0, None 
 48.33, -123.8, 40.0, 2010-08-24 02:50:00, 0.0, None 
 48.33, -123.713, 20.0, 2010-08-24 02:52:30, 0.0, None 
 48.302, -123.665, 51.8, 2010-08-24 02:57:30, 0.0, None 
 48.352, -123.655, 46.0, 2010-08-24 03:00:00, 0.0, None 
 48.35, -123.8, 20.0, 2010-08-24 03:02:30, 0.0, None 
 48.4, -123.815, 20.0, 2010-08-24 03:05:00, 0.0, None 
 48.3, -123.322, 29.5, 2010-08-24 03:07:30, 0.0, None 
 48.32, -123.355, 24.5, 2010-08-24 03:10:00, 0.0, None 
 48.38, -123.635, 36.5, 2010-08-24 03:12:30, 0.0, None 
 48.39, -123.27, 36.0, 2010-08-24 03:15:00, 0.0, None 
 48.242, -123.665, 21.0, 2010-08-24 03:17:30, 0.0, None 
 48.285, -123.77, 20.0, 2010-08-24 03:20:00, 0.0, None 
 48.242, -123.727, 22.8, 2010-08-24 03:22:30, 0.0, None 
 48.198, -123.68799999999999, 20.0, 2010-08-24 03:25:00, 0.0, None 
 48.22, -123.73, 20.0, 2010-08-24 03:27:30, 0.0, None 
 48.213, -123.745, 35.5, 2010-08-24 03:30:00, 0.0, None 
 48.3, -123.58, 60.0, 2010-08-24 03:32:30, 0.0, None 
 46.79, -122.98, 20.0, 2010-08-24 03:42:30, 0.0, None 
 48.52, -123.785, 53.0, 2010-08-24 03:45:00, 0.0, None 
 48.3, -123.64, 60.0, 2010-08-24 03:45:00, 0.0, None 
 46.76, -122.95, 20.0, 2010-08-24 03:45:00, 0.0, None 
 48.44, -123.665, 20.0, 2010-08-24 03:47:30, 0.0, None 
 48.58, -123.375, 33.0, 2010-08-24 03:52:30, 0.0, None 
 46.9, -123.13, 30.0, 2010-08-24 03:52:30, 0.0, None 
 48.57, -123.3, 45.0, 2010-08-24 03:55:00, 0.0, None 
 46.87, -123.09, 33.0, 2010-08-24 03:55:00, 0.0, None 
 48.48, -123.205, 60.0, 2010-08-24 03:57:30, 0.0, None 
 46.76, -122.98, 50.5, 2010-08-24 03:57:30, 0.0, None 
 48.505, -123.27, 34.0, 2010-08-24 04:02:30, 0.0, None 
 46.9, -123.11, 23.0, 2010-08-24 04:05:00, 0.0, None 
 48.46, -123.4, 29.0, 2010-08-24 04:12:30, 0.0, None 
 46.88, -123.01, 26.0, 2010-08-24 04:12:30, 0.0, None 
 48.495, -123.39, 31.0, 2010-08-24 04:15:00, 0.0, None 
 46.875, -122.99, 29.0, 2010-08-24 04:15:00, 0.0, None 
 46.87, -122.91, 30.0, 2010-08-24 04:20:00, 0.0, None 
 48.565, -123.385, 37.5, 2010-08-24 04:22:30, 0.0, None 
 46.88, -122.895, 30.0, 2010-08-24 04:22:30, 0.0, None 
 48.4, -123.49, 39.0, 2010-08-24 04:25:00, 0.0, None 
 48.41, -123.775, 52.0, 2010-08-24 04:50:00, 0.0, None 
 48.45, -123.79, 43.0, 2010-08-24 04:52:30, 0.0, None 
 48.475, -123.773, 32.0, 2010-08-24 04:55:00, 0.0, None 
 48.475, -123.765, 49.5, 2010-08-24 04:57:30, 0.0, None 
 48.4, -123.743, 20.0, 2010-08-24 05:00:00, 0.0, None 
 48.418, -123.75, 21.0, 2010-08-24 05:02:30, 0.0, None 
 48.46, -123.75, 34.5, 2010-08-24 05:05:00, 0.0, None 
 48.53, -123.63, 54.0, 2010-08-24 05:15:00, 0.0, None 
 46.81, -123.02, 24.0, 2010-08-24 05:17:30, 0.0, None 
 46.81, -123.015, 55.0, 2010-08-24 05:20:00, 0.0, None 
 46.76, -122.9, 38.0, 2010-08-24 05:22:30, 0.0, None 
 48.57, -123.53, 34.0, 2010-08-24 05:25:00, 0.0, None 
 46.715, -122.95, 42.0, 2010-08-24 05:25:00, 0.0, None 
 48.62, -123.46, 32.0, 2010-08-24 05:27:30, 0.0, None 
 48.41, -123.395, 48.0, 2010-08-24 05:30:00, 0.0, None 
 48.39, -123.605, 20.0, 2010-08-24 05:40:00, 0.0, None 
 48.455, -123.91, 32.0, 2010-08-24 05:42:30, 0.0, None 
 48.42, -123.45, 20.0, 2010-08-24 05:47:30, 0.0, None 
 48.415, -123.73700000000001, 45.0, 2010-08-24 05:50:00, 0.0, None 
 46.94, -122.59, 20.0, 2010-08-24 05:55:00, 0.0, None 
 48.468, -123.632, 51.8, 2010-08-24 05:57:30, 0.0, None 
 46.92, -122.765, 60.0, 2010-08-24 05:57:30, 0.0, None 
 48.48, -123.63799999999999, 34.8, 2010-08-24 06:00:00, 0.0, None 
 48.415, -123.57, 39.5, 2010-08-24 06:02:30, 0.0, None 
 48.41, -123.59299999999999, 36.2, 2010-08-24 06:05:00, 0.0, None 
 46.91, -122.75, 60.0, 2010-08-24 06:05:00, 0.0, None 
 48.455, -123.63, 37.5, 2010-08-24 06:07:30, 0.0, None 
 46.755, -122.65, 26.5, 2010-08-24 06:07:30, 0.0, None 
 48.425, -123.62700000000001, 36.0, 2010-08-24 06:10:00, 0.0, None 
 46.83, -122.665, 20.0, 2010-08-24 06:10:00, 0.0, None 
 48.445, -123.635, 33.0, 2010-08-24 06:12:30, 0.0, None 
 48.41, -123.68, 42.5, 2010-08-24 06:15:00, 0.0, None 
 48.46, -123.72, 52.0, 2010-08-24 06:17:30, 0.0, None 
 48.361999999999995, -123.705, 39.2, 2010-08-24 06:20:00, 0.0, None 
 48.405, -123.72, 20.0, 2010-08-24 06:22:30, 0.0, None 
 48.422, -123.78200000000001, 25.8, 2010-08-24 06:25:00, 0.0, None 
 48.415, -123.8, 28.0, 2010-08-24 06:27:30, 0.0, None 
 47.02, -122.71, 46.0, 2010-08-24 06:30:00, 0.0, None 
 48.57, -123.325, 49.0, 2010-08-24 06:35:00, 0.0, None 
 46.82, -122.86, 20.0, 2010-08-24 06:35:00, 0.0, None 
 48.69, -123.49, 28.0, 2010-08-24 06:37:30, 0.0, None 
 46.78, -122.905, 27.5, 2010-08-24 06:37:30, 0.0, None 
 46.89, -123.05, 59.0, 2010-08-24 06:40:00, 0.0, None 
 46.7, -122.7, 26.0, 2010-08-24 06:42:30, 0.0, None 
 48.46, -123.505, 32.5, 2010-08-24 06:45:00, 0.0, None 
 48.69, -123.48, 54.0, 2010-08-24 06:47:30, 0.0, None 
 46.79, -122.75, 47.0, 2010-08-24 06:52:30, 0.0, None 
 48.398, -123.775, 24.5, 2010-08-24 06:55:00, 0.0, None 
 48.425, -123.79, 45.0, 2010-08-24 06:57:30, 0.0, None 
 46.88, -122.8, 35.0, 2010-08-24 06:57:30, 0.0, None 
 48.47, -123.632, 21.5, 2010-08-24 07:00:00, 0.0, None 
 48.435, -123.87299999999999, 42.2, 2010-08-24 07:02:30, 0.0, None 
 48.425, -123.75200000000001, 35.8, 2010-08-24 07:05:00, 0.0, None 
 48.418, -123.7, 40.0, 2010-08-24 07:07:30, 0.0, None 
 46.865, -122.945, 36.0, 2010-08-24 07:07:30, 0.0, None 
 48.425, -123.68299999999999, 20.0, 2010-08-24 07:10:00, 0.0, None 
 46.9, -122.81, 39.0, 2010-08-24 07:10:00, 0.0, None 
 48.448, -123.802, 34.5, 2010-08-24 07:12:30, 0.0, None 
 48.41, -123.735, 20.0, 2010-08-24 07:15:00, 0.0, None 
 48.59, -123.38, 20.0, 2010-08-24 07:15:00, 0.0, None 
 48.39, -123.74, 20.0, 2010-08-24 07:17:30, 0.0, None 
 46.96, -122.89, 20.0, 2010-08-24 07:17:30, 0.0, None 
 48.405, -123.87, 22.8, 2010-08-24 07:20:00, 0.0, None 
 48.376999999999995, -123.803, 24.5, 2010-08-24 07:22:30, 0.0, None 
 48.44, -123.76, 25.0, 2010-08-24 07:25:00, 0.0, None 
 48.445, -123.795, 32.0, 2010-08-24 07:27:30, 0.0, None 
 48.42, -123.715, 20.0, 2010-08-24 07:30:00, 0.0, None 
 46.98, -122.87, 20.0, 2010-08-24 07:30:00, 0.0, None 
 48.388000000000005, -123.705, 35.8, 2010-08-24 07:32:30, 0.0, None 
 46.87, -122.98, 37.5, 2010-08-24 07:32:30, 0.0, None 
 48.42, -123.52, 41.0, 2010-08-24 07:35:00, 0.0, None 
 46.89, -122.84, 30.0, 2010-08-24 07:35:00, 0.0, None 
 48.43, -123.55, 44.5, 2010-08-24 07:37:30, 0.0, None 
 46.89, -122.88, 34.5, 2010-08-24 07:37:30, 0.0, None 
 48.49, -123.6, 20.0, 2010-08-24 07:40:00, 0.0, None 
 48.55, -123.6, 25.0, 2010-08-24 07:50:00, 0.0, None 
 48.53, -123.51, 20.0, 2010-08-24 07:52:30, 0.0, None 
 48.68, -123.5, 26.0, 2010-08-24 07:55:00, 0.0, None 
 48.59, -123.53, 60.0, 2010-08-24 07:57:30, 0.0, None 
 48.39, -123.28, 24.0, 2010-08-24 08:00:00, 0.0, None 
 48.43, -123.91, 34.0, 2010-08-24 08:30:00, 0.0, None 
 46.895, -122.75, 60.0, 2010-08-24 08:30:00, 0.0, None 
 46.9, -122.815, 50.5, 2010-08-24 08:32:30, 0.0, None 
 48.5, -123.59, 27.0, 2010-08-24 08:45:00, 0.0, None 
 48.5, -123.59, 24.0, 2010-08-24 08:47:30, 0.0, None 
 48.365, -123.54, 60.0, 2010-08-24 08:50:00, 0.0, None 
 48.445, -123.477, 46.0, 2010-08-24 08:52:30, 0.0, None 
 48.39, -123.46, 21.5, 2010-08-24 08:55:00, 0.0, None 
 48.49, -123.43, 60.0, 2010-08-24 08:57:30, 0.0, None 
 48.3, -123.56, 20.0, 2010-08-24 09:00:00, 0.0, None 
 46.975, -122.88, 49.0, 2010-08-24 09:00:00, 0.0, None 
 48.33, -123.53, 40.0, 2010-08-24 09:02:30, 0.0, None 
 46.76, -122.805, 32.0, 2010-08-24 09:05:00, 0.0, None 
 48.5, -123.3, 36.0, 2010-08-24 09:07:30, 0.0, None 
 46.79, -122.93, 43.0, 2010-08-24 09:07:30, 0.0, None 
 48.485, -123.87, 43.5, 2010-08-24 09:10:00, 0.0, None 
 48.41, -123.80799999999999, 20.0, 2010-08-24 09:12:30, 0.0, None 
 46.87, -123.01, 31.0, 2010-08-24 09:12:30, 0.0, None 
 48.41, -123.825, 20.0, 2010-08-24 09:15:00, 0.0, None 
 46.75, -122.72, 60.0, 2010-08-24 09:15:00, 0.0, None 
 48.415, -123.87, 22.5, 2010-08-24 09:17:30, 0.0, None 
 46.79, -122.7, 60.0, 2010-08-24 09:17:30, 0.0, None 
 48.4, -123.79, 20.0, 2010-08-24 09:20:00, 0.0, None 
 46.875, -122.675, 53.0, 2010-08-24 09:20:00, 0.0, None 
 48.405, -123.82, 20.0, 2010-08-24 09:22:30, 0.0, None 
 46.83, -122.985, 32.0, 2010-08-24 09:22:30, 0.0, None 
 47.05, -122.71, 60.0, 2010-08-24 09:25:00, 0.0, None 
 48.48, -123.67, 20.0, 2010-08-24 09:27:30, 0.0, None 
 48.5, -123.68, 20.0, 2010-08-24 09:30:00, 0.0, None 
 48.475, -123.76799999999999, 20.0, 2010-08-24 09:32:30, 0.0, None 
 48.445, -123.71, 20.0, 2010-08-24 09:35:00, 0.0, None 
 48.45, -123.79299999999999, 32.0, 2010-08-24 09:37:30, 0.0, None 
 46.98, -122.865, 60.0, 2010-08-24 09:37:30, 0.0, None 
 48.455, -123.805, 29.5, 2010-08-24 09:40:00, 0.0, None 
 46.9, -122.86, 41.0, 2010-08-24 09:40:00, 0.0, None 
 48.41, -123.76, 23.0, 2010-08-24 09:42:30, 0.0, None 
 46.82, -123.0, 24.0, 2010-08-24 09:42:30, 0.0, None 
 48.403, -123.70700000000001, 20.0, 2010-08-24 09:45:00, 0.0, None 
 46.8, -122.9, 26.0, 2010-08-24 09:45:00, 0.0, None 
 48.41, -123.745, 20.0, 2010-08-24 09:47:30, 0.0, None 
 46.73, -123.0, 24.0, 2010-08-24 09:47:30, 0.0, None 
 48.385, -123.805, 26.2, 2010-08-24 09:50:00, 0.0, None 
 46.79, -123.09, 29.5, 2010-08-24 09:50:00, 0.0, None 
 48.458, -123.89200000000001, 40.0, 2010-08-24 09:52:30, 0.0, None 
 48.403, -123.795, 26.5, 2010-08-24 09:55:00, 0.0, None 
 46.76, -122.87, 60.0, 2010-08-24 09:55:00, 0.0, None 
 48.395, -123.685, 43.0, 2010-08-24 09:57:30, 0.0, None 
 46.82, -122.89, 60.0, 2010-08-24 09:57:30, 0.0, None 
 48.385, -123.645, 23.0, 2010-08-24 10:00:00, 0.0, None 
 48.415, -123.605, 23.8, 2010-08-24 10:02:30, 0.0, None 
 48.385, -123.61200000000001, 22.0, 2010-08-24 10:05:00, 0.0, None 
 48.438, -123.57, 39.5, 2010-08-24 10:07:30, 0.0, None 
 48.435, -123.51, 36.0, 2010-08-24 10:10:00, 0.0, None 
 46.84, -122.59, 60.0, 2010-08-24 10:12:30, 0.0, None 
 48.42, -123.735, 20.0, 2010-08-24 10:15:00, 0.0, None 
 48.43, -123.69, 20.0, 2010-08-24 10:17:30, 0.0, None 
 48.47, -123.77, 40.0, 2010-08-24 10:20:00, 0.0, None 
 48.453, -123.852, 38.5, 2010-08-24 10:22:30, 0.0, None 
 48.417, -123.79, 44.0, 2010-08-24 10:25:00, 0.0, None 
 48.42, -123.685, 30.0, 2010-08-24 10:27:30, 0.0, None 
 48.44, -123.72, 32.0, 2010-08-24 10:30:00, 0.0, None 
 46.79, -122.765, 34.5, 2010-08-24 10:32:30, 0.0, None 
 48.24, -123.53, 50.0, 2010-08-24 10:35:00, 0.0, None 
 46.9, -122.655, 51.0, 2010-08-24 10:35:00, 0.0, None 
 48.4, -123.5, 51.0, 2010-08-24 10:37:30, 0.0, None 
 46.9, -122.75, 36.0, 2010-08-24 10:37:30, 0.0, None 
 48.33, -123.47, 53.5, 2010-08-24 10:40:00, 0.0, None 
 46.87, -122.7, 32.5, 2010-08-24 10:40:00, 0.0, None 
 48.4, -123.46, 40.0, 2010-08-24 10:42:30, 0.0, None 
 46.91, -123.01, 34.0, 2010-08-24 10:42:30, 0.0, None 
 48.3, -123.27, 39.0, 2010-08-24 10:45:00, 0.0, None 
 46.79, -122.9, 44.0, 2010-08-24 10:45:00, 0.0, None 
 46.72, -122.93, 40.0, 2010-08-24 10:47:30, 0.0, None 
 48.46, -123.83, 20.0, 2010-08-24 10:52:30, 0.0, None 
 48.468, -123.755, 20.0, 2010-08-24 10:55:00, 0.0, None 
 48.445, -123.6, 52.5, 2010-08-24 10:57:30, 0.0, None 
 46.93, -122.605, 60.0, 2010-08-24 10:57:30, 0.0, None 
 48.39, -123.515, 58.5, 2010-08-24 11:00:00, 0.0, None 
 48.405, -123.488, 20.0, 2010-08-24 11:02:30, 0.0, None 
 48.395, -123.51, 20.0, 2010-08-24 11:05:00, 0.0, None 
 48.44, -123.3, 46.5, 2010-08-24 11:07:30, 0.0, None 
 48.47, -123.53, 20.0, 2010-08-24 11:10:00, 0.0, None 
 48.483000000000004, -123.535, 43.2, 2010-08-24 11:12:30, 0.0, None 
 48.425, -123.425, 20.0, 2010-08-24 11:15:00, 0.0, None 
 48.422, -123.463, 56.0, 2010-08-24 11:17:30, 0.0, None 
 48.425, -123.57, 31.2, 2010-08-24 11:20:00, 0.0, None 
 46.97, -122.66, 20.0, 2010-08-24 11:20:00, 0.0, None 
 48.315, -123.54, 20.0, 2010-08-24 11:22:30, 0.0, None 
 48.353, -123.54700000000001, 20.5, 2010-08-24 11:25:00, 0.0, None 
 48.4, -123.595, 46.0, 2010-08-24 11:27:30, 0.0, None 
 48.405, -123.572, 28.0, 2010-08-24 11:30:00, 0.0, None 
 48.431999999999995, -123.57, 20.0, 2010-08-24 11:32:30, 0.0, None 
 48.46, -123.59, 20.0, 2010-08-24 11:35:00, 0.0, None 
 46.89, -122.96, 29.0, 2010-08-24 11:35:00, 0.0, None 
 48.47, -123.44, 60.0, 2010-08-24 11:40:00, 0.0, None 
 46.93, -122.72, 60.0, 2010-08-24 11:40:00, 0.0, None 
 48.41, -123.51, 53.0, 2010-08-24 11:42:30, 0.0, None 
 46.765, -122.825, 30.0, 2010-08-24 11:42:30, 0.0, None 
 48.457, -123.735, 26.5, 2010-08-24 11:45:00, 0.0, None 
 46.85, -122.9, 42.0, 2010-08-24 11:45:00, 0.0, None 
 48.435, -123.8, 20.0, 2010-08-24 11:47:30, 0.0, None 
 46.89, -122.91, 35.0, 2010-08-24 11:47:30, 0.0, None 
 48.43, -123.765, 20.0, 2010-08-24 11:50:00, 0.0, None 
 48.425, -123.76, 20.8, 2010-08-24 11:52:30, 0.0, None 
 48.472, -123.86, 29.5, 2010-08-24 11:55:00, 0.0, None 
 48.332, -123.54, 57.8, 2010-08-24 11:57:30, 0.0, None 
 46.975, -122.63, 20.0, 2010-08-24 12:05:00, 0.0, None 
 46.96, -122.66, 20.0, 2010-08-24 12:07:30, 0.0, None 
 46.98, -122.615, 20.0, 2010-08-24 12:10:00, 0.0, None 
 46.93, -122.75, 20.0, 2010-08-24 12:17:30, 0.0, None 
 48.32, -123.34, 54.0, 2010-08-24 12:22:30, 0.0, None 
 46.91, -122.738, 25.5, 2010-08-24 12:22:30, 0.0, None 
 46.9, -122.64, 32.0, 2010-08-24 12:32:30, 0.0, None 
 48.295, -123.78, 39.0, 2010-08-24 12:50:00, 0.0, None 
 46.885, -122.755, 30.5, 2010-08-24 12:50:00, 0.0, None 
 48.42, -123.83, 26.0, 2010-08-24 12:52:30, 0.0, None 
 46.925, -122.84, 43.5, 2010-08-24 12:52:30, 0.0, None 
 48.41, -123.455, 60.0, 2010-08-24 12:57:30, 0.0, None 
 48.45, -123.30799999999999, 31.8, 2010-08-24 13:00:00, 0.0, None 
 48.39, -123.66, 33.0, 2010-08-24 13:05:00, 0.0, None 
 48.43, -123.75, 20.0, 2010-08-24 13:07:30, 0.0, None 
 48.27, -123.42, 46.0, 2010-08-24 13:15:00, 0.0, None 
 48.55, -123.44, 20.0, 2010-08-24 13:15:00, 0.0, None 
 48.65, -123.5, 60.0, 2010-08-24 13:22:30, 0.0, None 
 48.53, -123.37, 29.5, 2010-08-24 13:27:30, 0.0, None 
 48.501999999999995, -123.37299999999999, 60.0, 2010-08-24 13:30:00, 0.0, None 
 48.44, -123.29, 34.0, 2010-08-24 13:32:30, 0.0, None 
 48.39, -123.3, 41.0, 2010-08-24 13:35:00, 0.0, None 
 48.56, -123.6, 45.0, 2010-08-24 13:40:00, 0.0, None 
 48.535, -123.555, 40.0, 2010-08-24 13:42:30, 0.0, None 
 48.51, -123.31, 38.0, 2010-08-24 13:55:00, 0.0, None 
 46.85, -122.895, 60.0, 2010-08-24 13:57:30, 0.0, None 
 48.325, -123.88, 52.0, 2010-08-24 14:12:30, 0.0, None 
 48.44, -123.7, 45.0, 2010-08-24 14:15:00, 0.0, None 
 48.42, -123.99, 20.0, 2010-08-24 14:17:30, 0.0, None 
 48.42, -124.01, 20.0, 2010-08-24 14:20:00, 0.0, None 
 46.94, -122.78, 20.0, 2010-08-24 14:27:30, 0.0, None 
 46.96, -122.8, 20.0, 2010-08-24 14:30:00, 0.0, None 
 48.385, -123.855, 37.0, 2010-08-24 14:32:30, 0.0, None 
 48.42, -123.8, 20.0, 2010-08-24 14:37:30, 0.0, None 
 48.425, -123.815, 21.0, 2010-08-24 14:40:00, 0.0, None 
 48.41, -123.84, 20.0, 2010-08-24 14:42:30, 0.0, None 
 48.185, -123.685, 60.0, 2010-08-24 14:42:30, 0.0, None 
 48.42, -123.81, 20.0, 2010-08-24 14:45:00, 0.0, None 
 48.48, -123.85, 23.0, 2010-08-24 14:47:30, 0.0, None 
 48.43, -123.75, 20.0, 2010-08-24 14:50:00, 0.0, None 
 48.42, -123.765, 22.8, 2010-08-24 14:52:30, 0.0, None 
 48.465, -123.72, 20.0, 2010-08-24 14:55:00, 0.0, None 
 48.52, -123.745, 43.0, 2010-08-24 14:57:30, 0.0, None 
 48.43, -123.85, 20.0, 2010-08-24 15:00:00, 0.0, None 
 48.52, -123.6, 28.0, 2010-08-24 15:07:30, 0.0, None 
 46.8, -122.81, 48.0, 2010-08-24 15:07:30, 0.0, None 
 46.87, -123.0, 60.0, 2010-08-24 15:10:00, 0.0, None 
 48.395, -123.71, 20.0, 2010-08-24 15:15:00, 0.0, None 
 48.42, -123.72, 26.0, 2010-08-24 15:17:30, 0.0, None 
 48.4, -123.8, 27.5, 2010-08-24 15:20:00, 0.0, None 
 48.44, -123.59, 60.0, 2010-08-24 15:27:30, 0.0, None 
 48.49, -123.6, 46.0, 2010-08-24 15:32:30, 0.0, None 
 48.53, -123.6, 44.0, 2010-08-24 15:35:00, 0.0, None 
 48.415, -123.525, 38.8, 2010-08-24 15:37:30, 0.0, None 
 48.405, -123.52, 52.0, 2010-08-24 15:40:00, 0.0, None 
 48.42, -123.602, 44.5, 2010-08-24 15:42:30, 0.0, None 
 48.22, -123.73, 60.0, 2010-08-24 15:47:30, 0.0, None 
 48.41, -123.87, 20.0, 2010-08-24 15:50:00, 0.0, None 
 48.407, -123.697, 38.8, 2010-08-24 15:52:30, 0.0, None 
 48.42, -123.64, 60.0, 2010-08-24 15:57:30, 0.0, None 
 48.4, -123.63, 49.0, 2010-08-24 16:00:00, 0.0, None 
 48.31, -123.59, 39.0, 2010-08-24 16:37:30, 0.0, None 
 48.3, -123.57, 20.0, 2010-08-24 16:40:00, 0.0, None 
 48.315, -123.615, 23.5, 2010-08-24 16:42:30, 0.0, None 
 48.23, -123.645, 31.0, 2010-08-24 16:45:00, 0.0, None 
 48.395, -123.57, 30.0, 2010-08-24 17:02:30, 0.0, None 
 48.5, -123.32, 20.0, 2010-08-24 17:40:00, 0.0, None 
 46.79, -122.8, 20.0, 2010-08-24 17:45:00, 0.0, None 
 48.52, -123.6, 40.0, 2010-08-24 17:50:00, 0.0, None 
 46.75, -122.9, 40.0, 2010-08-24 18:05:00, 0.0, None 
 46.72, -122.77, 51.0, 2010-08-24 18:20:00, 0.0, None 
 46.71, -122.88, 47.0, 2010-08-24 18:32:30, 0.0, None 
 48.34, -123.355, 60.0, 2010-08-24 18:35:00, 0.0, None 
 48.36, -123.38, 60.0, 2010-08-24 18:37:30, 0.0, None 
 48.495, -123.48, 44.0, 2010-08-24 18:52:30, 0.0, None 
 46.825, -122.51, 60.0, 2010-08-24 19:10:00, 0.0, None 
 46.8, -123.09, 33.0, 2010-08-24 19:25:00, 0.0, None 
 48.5, -123.57, 24.0, 2010-08-24 19:35:00, 0.0, None 
 46.755, -122.825, 48.0, 2010-08-24 19:40:00, 0.0, None 
 46.75, -122.87, 53.0, 2010-08-24 19:42:30, 0.0, None 
 46.8, -122.82, 50.0, 2010-08-24 19:45:00, 0.0, None 
 46.832, -122.83200000000001, 44.5, 2010-08-24 19:47:30, 0.0, None 
 46.84, -122.8, 40.0, 2010-08-24 19:55:00, 0.0, None 
 48.22, -123.64, 60.0, 2010-08-24 20:15:00, 0.0, None 
 48.38, -123.83, 20.0, 2010-08-24 20:17:30, 0.0, None 
 48.47, -123.67, 32.0, 2010-08-24 20:22:30, 0.0, None 
 48.49, -123.51, 33.5, 2010-08-24 21:00:00, 0.0, None 
 48.39, -123.545, 41.2, 2010-08-24 21:02:30, 0.0, None 
 48.405, -123.56, 60.0, 2010-08-24 21:05:00, 0.0, None 
 48.595, -123.88, 60.0, 2010-08-24 21:05:00, 0.0, None 
 46.705, -123.075, 20.0, 2010-08-24 21:17:30, 0.0, None 
 48.4, -123.7, 41.0, 2010-08-24 21:25:00, 0.0, None 
 48.5, -123.64, 20.0, 2010-08-24 21:50:00, 0.0, None 
 48.49, -123.71, 20.0, 2010-08-24 21:52:30, 0.0, None 
 48.522, -123.725, 58.2, 2010-08-24 21:57:30, 0.0, None 
 48.42, -123.6, 40.0, 2010-08-24 22:00:00, 0.0, None 
 48.45, -123.725, 60.0, 2010-08-24 22:02:30, 0.0, None 
 48.49, -123.805, 39.0, 2010-08-24 22:05:00, 0.0, None 
 48.4, -123.838, 43.0, 2010-08-24 22:07:30, 0.0, None 
 48.505, -123.815, 20.0, 2010-08-24 22:12:30, 0.0, None 
 48.475, -123.82, 20.0, 2010-08-24 22:15:00, 0.0, None 
 48.42, -123.855, 32.5, 2010-08-24 22:17:30, 0.0, None 
 48.492, -123.865, 25.8, 2010-08-24 22:20:00, 0.0, None 
 48.472, -123.76, 20.0, 2010-08-24 22:22:30, 0.0, None 
 48.415, -123.705, 23.8, 2010-08-24 22:25:00, 0.0, None 
 48.435, -123.8, 29.0, 2010-08-24 22:27:30, 0.0, None 
 48.4, -123.8, 20.0, 2010-08-24 22:30:00, 0.0, None 
 48.405, -123.757, 35.2, 2010-08-24 22:32:30, 0.0, None 
 48.45, -123.73, 20.0, 2010-08-24 22:35:00, 0.0, None 
 48.43, -123.67, 20.0, 2010-08-24 22:37:30, 0.0, None 
 48.385, -123.795, 28.0, 2010-08-24 22:40:00, 0.0, None 
 48.38, -123.78, 20.0, 2010-08-24 22:42:30, 0.0, None 
 48.43, -123.785, 45.0, 2010-08-24 22:45:00, 0.0, None 
 48.486999999999995, -123.79299999999999, 20.0, 2010-08-24 22:47:30, 0.0, None 
 48.403, -123.757, 22.5, 2010-08-24 22:50:00, 0.0, None 
 48.35, -123.713, 37.5, 2010-08-24 22:57:30, 0.0, None 
 48.33, -123.77799999999999, 32.0, 2010-08-24 23:02:30, 0.0, None 
 48.39, -123.743, 23.5, 2010-08-24 23:05:00, 0.0, None 
 48.36, -123.72, 20.0, 2010-08-24 23:07:30, 0.0, None 
 48.37, -123.725, 30.0, 2010-08-24 23:10:00, 0.0, None 
 48.38, -123.713, 21.0, 2010-08-24 23:12:30, 0.0, None 
 46.78, -123.015, 32.5, 2010-08-24 23:27:30, 0.0, None 
 46.8, -123.08, 26.0, 2010-08-24 23:30:00, 0.0, None 
 48.42, -123.59, 60.0, 2010-08-24 23:32:30, 0.0, None 
 46.88, -123.01, 35.0, 2010-08-24 23:32:30, 0.0, None 
 48.48, -123.7, 52.0, 2010-08-24 23:35:00, 0.0, None 
 46.81, -122.925, 60.0, 2010-08-24 23:35:00, 0.0, None 
 48.315, -123.785, 20.0, 2010-08-24 23:37:30, 0.0, None 
 46.81, -123.11, 28.0, 2010-08-24 23:37:30, 0.0, None 
 48.332, -123.765, 29.0, 2010-08-24 23:40:00, 0.0, None 
 48.42, -123.73700000000001, 40.0, 2010-08-24 23:42:30, 0.0, None 
 46.84, -122.915, 41.0, 2010-08-24 23:42:30, 0.0, None 
 48.305, -123.685, 32.8, 2010-08-24 23:45:00, 0.0, None 
 46.91, -122.755, 37.0, 2010-08-24 23:45:00, 0.0, None 
 48.323, -123.715, 27.8, 2010-08-24 23:47:30, 0.0, None 
 46.93, -122.83, 60.0, 2010-08-24 23:47:30, 0.0, None 
 48.315, -123.81, 52.0, 2010-08-24 23:50:00, 0.0, None 
 46.81, -122.69, 26.0, 2010-08-24 23:50:00, 0.0, None 
 48.345, -123.75200000000001, 23.2, 2010-08-24 23:52:30, 0.0, None 
 48.48, -123.75200000000001, 33.2, 2010-08-24 23:55:00, 0.0, None 
 46.79, -123.085, 20.0, 2010-08-24 23:55:00, 0.0, None 
 48.305, -123.71, 39.5, 2010-08-25 00:00:00, 0.0, None 
 46.94, -122.92, 48.0, 2010-08-25 00:00:00, 0.0, None 
 48.478, -123.79, 60.0, 2010-08-25 00:02:30, 0.0, None 
 48.391999999999996, -123.775, 31.0, 2010-08-25 00:05:00, 0.0, None 
 48.367, -123.865, 31.5, 2010-08-25 00:07:30, 0.0, None 
 46.62, -123.19, 28.0, 2010-08-25 00:07:30, 0.0, None 
 48.32, -123.88, 24.0, 2010-08-25 00:10:00, 0.0, None 
 48.175, -123.43, 33.0, 2010-08-25 00:15:00, 0.0, None 
 48.34, -123.69, 20.0, 2010-08-25 00:15:00, 0.0, None 
 48.328, -123.725, 20.2, 2010-08-25 00:17:30, 0.0, None 
 48.305, -123.6, 60.0, 2010-08-25 00:20:00, 0.0, None 
 48.29, -123.83, 20.0, 2010-08-25 00:22:30, 0.0, None 
 48.295, -123.82, 20.0, 2010-08-25 00:25:00, 0.0, None 
 48.235, -123.743, 33.2, 2010-08-25 00:27:30, 0.0, None 
 48.29, -123.62299999999999, 20.0, 2010-08-25 00:30:00, 0.0, None 
 48.375, -123.515, 40.0, 2010-08-25 00:32:30, 0.0, None 
 48.195, -123.5, 60.0, 2010-08-25 00:35:00, 0.0, None 
 46.86, -123.115, 31.0, 2010-08-25 00:35:00, 0.0, None 
 48.37, -123.575, 33.0, 2010-08-25 00:37:30, 0.0, None 
 48.375, -123.525, 37.2, 2010-08-25 00:40:00, 0.0, None 
 46.7, -122.9, 32.0, 2010-08-25 00:40:00, 0.0, None 
 48.325, -123.545, 38.2, 2010-08-25 00:42:30, 0.0, None 
 46.85, -122.87, 29.0, 2010-08-25 00:42:30, 0.0, None 
 48.251999999999995, -123.63, 22.5, 2010-08-25 00:45:00, 0.0, None 
 46.86, -122.96, 31.5, 2010-08-25 00:45:00, 0.0, None 
 48.27, -123.6, 20.0, 2010-08-25 00:47:30, 0.0, None 
 46.87, -123.11, 28.0, 2010-08-25 00:47:30, 0.0, None 
 48.365, -123.588, 46.2, 2010-08-25 00:50:00, 0.0, None 
 46.88, -123.06, 53.0, 2010-08-25 00:50:00, 0.0, None 
 48.3, -123.54299999999999, 46.5, 2010-08-25 00:52:30, 0.0, None 
 46.87, -123.14, 20.0, 2010-08-25 00:52:30, 0.0, None 
 48.315, -123.632, 20.5, 2010-08-25 00:55:00, 0.0, None 
 46.83, -122.95, 33.0, 2010-08-25 00:55:00, 0.0, None 
 48.282, -123.632, 52.0, 2010-08-25 00:57:30, 0.0, None 
 48.245, -123.588, 42.0, 2010-08-25 01:00:00, 0.0, None 
 48.19, -123.65700000000001, 33.0, 2010-08-25 01:02:30, 0.0, None 
 48.205, -123.678, 20.0, 2010-08-25 01:05:00, 0.0, None 
 48.21, -123.63, 25.0, 2010-08-25 01:07:30, 0.0, None 
 48.347, -123.618, 34.5, 2010-08-25 01:10:00, 0.0, None 
 48.36, -123.595, 20.0, 2010-08-25 01:12:30, 0.0, None 
 46.79, -123.05, 29.0, 2010-08-25 01:15:00, 0.0, None 
 48.21, -123.7, 20.0, 2010-08-25 01:17:30, 0.0, None 
 46.75, -123.06, 23.5, 2010-08-25 01:17:30, 0.0, None 
 48.18, -123.69, 20.0, 2010-08-25 01:20:00, 0.0, None 
 46.83, -123.05, 20.0, 2010-08-25 01:20:00, 0.0, None 
 48.18, -123.65, 20.0, 2010-08-25 01:22:30, 0.0, None 
 46.87, -122.92, 60.0, 2010-08-25 01:22:30, 0.0, None 
 48.355, -123.655, 28.2, 2010-08-25 01:25:00, 0.0, None 
 48.23, -123.63799999999999, 23.5, 2010-08-25 01:27:30, 0.0, None 
 48.26, -123.625, 28.2, 2010-08-25 01:30:00, 0.0, None 
 46.81, -123.19, 20.0, 2010-08-25 01:30:00, 0.0, None 
 48.22, -123.602, 20.0, 2010-08-25 01:32:30, 0.0, None 
 48.278, -123.59299999999999, 29.8, 2010-08-25 01:35:00, 0.0, None 
 48.36, -123.4, 20.0, 2010-08-25 01:37:30, 0.0, None 
 48.14, -123.68, 20.0, 2010-08-25 01:37:30, 0.0, None 
 48.18, -123.61, 33.5, 2010-08-25 01:40:00, 0.0, None 
 46.97, -122.71, 27.0, 2010-08-25 01:40:00, 0.0, None 
 48.21, -123.44, 30.0, 2010-08-25 01:42:30, 0.0, None 
 46.93, -123.03, 32.0, 2010-08-25 01:42:30, 0.0, None 
 48.227, -123.55, 23.2, 2010-08-25 01:45:00, 0.0, None 
 48.235, -123.545, 22.0, 2010-08-25 01:47:30, 0.0, None 
 46.885, -122.83, 52.5, 2010-08-25 01:47:30, 0.0, None 
 48.545, -123.315, 48.0, 2010-08-25 01:50:00, 0.0, None 
 48.19, -123.52, 50.0, 2010-08-25 01:55:00, 0.0, None 
 46.89, -122.87, 38.0, 2010-08-25 02:00:00, 0.0, None 
 48.62, -123.61, 20.0, 2010-08-25 02:02:30, 0.0, None 
 46.89, -122.79, 42.0, 2010-08-25 02:02:30, 0.0, None 
 48.41, -123.645, 60.0, 2010-08-25 02:05:00, 0.0, None 
 48.505, -123.58, 25.5, 2010-08-25 02:07:30, 0.0, None 
 48.5, -123.53, 21.5, 2010-08-25 02:10:00, 0.0, None 
 48.52, -123.975, 60.0, 2010-08-25 02:15:00, 0.0, None 
 48.4, -123.42, 28.5, 2010-08-25 02:17:30, 0.0, None 
 48.44, -123.495, 47.0, 2010-08-25 02:20:00, 0.0, None 
 48.19, -123.595, 20.0, 2010-08-25 02:22:30, 0.0, None 
 48.213, -123.52, 31.8, 2010-08-25 02:25:00, 0.0, None 
 48.29, -123.475, 20.0, 2010-08-25 02:27:30, 0.0, None 
 48.3, -123.455, 20.0, 2010-08-25 02:30:00, 0.0, None 
 48.376999999999995, -123.48700000000001, 34.0, 2010-08-25 02:32:30, 0.0, None 
 48.388000000000005, -123.488, 39.8, 2010-08-25 02:35:00, 0.0, None 
 48.175, -123.54, 20.0, 2010-08-25 02:42:30, 0.0, None 
 48.245, -123.42, 30.5, 2010-08-25 02:45:00, 0.0, None 
 48.24, -123.415, 29.0, 2010-08-25 02:47:30, 0.0, None 
 48.133, -123.605, 25.2, 2010-08-25 02:50:00, 0.0, None 
 48.38, -123.68, 20.0, 2010-08-25 02:52:30, 0.0, None 
 48.415, -123.76299999999999, 36.2, 2010-08-25 02:55:00, 0.0, None 
 48.445, -123.79, 60.0, 2010-08-25 02:57:30, 0.0, None 
 48.32, -123.74, 41.0, 2010-08-25 03:00:00, 0.0, None 
 48.455, -123.8, 52.2, 2010-08-25 03:02:30, 0.0, None 
 48.49, -123.76, 20.0, 2010-08-25 03:07:30, 0.0, None 
 48.61, -124.05, 20.0, 2010-08-25 03:07:30, 0.0, None 
 48.455, -123.74, 20.0, 2010-08-25 03:10:00, 0.0, None 
 48.308, -123.572, 23.0, 2010-08-25 03:12:30, 0.0, None 
 48.23, -123.41, 20.0, 2010-08-25 03:15:00, 0.0, None 
 48.225, -123.685, 20.0, 2010-08-25 03:17:30, 0.0, None 
 48.26, -123.655, 39.5, 2010-08-25 03:20:00, 0.0, None 
 48.56, -123.61, 20.0, 2010-08-25 03:22:30, 0.0, None 
 48.21, -123.66, 20.0, 2010-08-25 03:22:30, 0.0, None 
 48.455, -123.757, 56.5, 2010-08-25 03:25:00, 0.0, None 
 48.163000000000004, -123.71, 20.0, 2010-08-25 03:27:30, 0.0, None 
 48.195, -123.68, 46.5, 2010-08-25 03:30:00, 0.0, None 
 47.99, -123.73, 20.0, 2010-08-25 03:32:30, 0.0, None 
 48.54, -123.385, 30.5, 2010-08-25 03:35:00, 0.0, None 
 48.65, -123.42200000000001, 28.8, 2010-08-25 03:37:30, 0.0, None 
 48.03, -123.69, 20.0, 2010-08-25 03:42:30, 0.0, None 
 48.09, -123.64, 38.0, 2010-08-25 03:50:00, 0.0, None 
 48.15, -123.615, 36.2, 2010-08-25 03:52:30, 0.0, None 
 48.2, -123.69, 30.5, 2010-08-25 03:55:00, 0.0, None 
 48.41, -123.92, 60.0, 2010-08-25 03:57:30, 0.0, None 
 46.86, -122.7, 60.0, 2010-08-25 03:57:30, 0.0, None 
 48.26, -123.44, 20.0, 2010-08-25 04:02:30, 0.0, None 
 48.27, -123.35, 20.0, 2010-08-25 04:05:00, 0.0, None 
 48.505, -123.315, 26.5, 2010-08-25 04:07:30, 0.0, None 
 48.498000000000005, -123.38, 42.2, 2010-08-25 04:10:00, 0.0, None 
 48.38, -123.72, 38.8, 2010-08-25 04:12:30, 0.0, None 
 48.29, -123.44, 48.0, 2010-08-25 04:15:00, 0.0, None 
 46.91, -122.93, 30.0, 2010-08-25 04:15:00, 0.0, None 
 48.535, -123.39, 34.0, 2010-08-25 04:17:30, 0.0, None 
 48.457, -123.43299999999999, 47.5, 2010-08-25 04:20:00, 0.0, None 
 48.29, -123.315, 60.0, 2010-08-25 04:22:30, 0.0, None 
 48.08, -123.63, 20.0, 2010-08-25 04:22:30, 0.0, None 
 48.12, -123.64, 20.0, 2010-08-25 04:25:00, 0.0, None 
 48.13, -123.64, 21.0, 2010-08-25 04:27:30, 0.0, None 
 46.93, -122.93, 36.0, 2010-08-25 04:27:30, 0.0, None 
 48.145, -123.65, 31.5, 2010-08-25 04:32:30, 0.0, None 
 48.123000000000005, -123.632, 27.8, 2010-08-25 04:35:00, 0.0, None 
 48.58, -123.465, 28.0, 2010-08-25 04:37:30, 0.0, None 
 48.48, -123.36, 28.0, 2010-08-25 04:40:00, 0.0, None 
 48.12, -123.71, 23.0, 2010-08-25 04:40:00, 0.0, None 
 48.07, -123.59, 35.5, 2010-08-25 04:42:30, 0.0, None 
 48.25, -123.4, 60.0, 2010-08-25 04:45:00, 0.0, None 
 48.085, -123.68, 20.0, 2010-08-25 04:45:00, 0.0, None 
 48.653, -123.33, 44.0, 2010-08-25 04:47:30, 0.0, None 
 48.645, -123.315, 33.5, 2010-08-25 04:50:00, 0.0, None 
 48.58, -123.36, 20.0, 2010-08-25 04:52:30, 0.0, None 
 48.22, -123.67, 42.0, 2010-08-25 04:52:30, 0.0, None 
 48.57, -123.385, 20.0, 2010-08-25 04:55:00, 0.0, None 
 48.19, -123.695, 39.0, 2010-08-25 04:55:00, 0.0, None 
 48.562, -123.4, 31.2, 2010-08-25 04:57:30, 0.0, None 
 48.61, -123.35, 20.0, 2010-08-25 05:00:00, 0.0, None 
 48.57, -123.2, 33.0, 2010-08-25 05:02:30, 0.0, None 
 48.04, -123.72, 20.0, 2010-08-25 05:02:30, 0.0, None 
 48.445, -123.39, 20.0, 2010-08-25 05:05:00, 0.0, None 
 48.015, -123.73, 20.0, 2010-08-25 05:05:00, 0.0, None 
 48.465, -123.38, 20.0, 2010-08-25 05:07:30, 0.0, None 
 48.27, -123.71, 20.0, 2010-08-25 05:07:30, 0.0, None 
 48.045, -123.655, 37.5, 2010-08-25 05:10:00, 0.0, None 
 46.62, -122.865, 20.0, 2010-08-25 05:12:30, 0.0, None 
 48.095, -123.66, 20.0, 2010-08-25 05:15:00, 0.0, None 
 46.97, -122.805, 20.0, 2010-08-25 05:15:00, 0.0, None 
 47.99, -123.715, 20.0, 2010-08-25 05:17:30, 0.0, None 
 48.61, -123.43, 20.0, 2010-08-25 05:20:00, 0.0, None 
 46.89, -122.87, 53.0, 2010-08-25 05:20:00, 0.0, None 
 46.9, -122.89, 47.5, 2010-08-25 05:22:30, 0.0, None 
 48.51, -123.32, 31.0, 2010-08-25 05:25:00, 0.0, None 
 46.89, -122.89, 33.0, 2010-08-25 05:25:00, 0.0, None 
 46.89, -122.88, 27.0, 2010-08-25 05:27:30, 0.0, None 
 47.0, -122.62, 20.0, 2010-08-25 05:30:00, 0.0, None 
 48.42, -123.485, 32.0, 2010-08-25 05:32:30, 0.0, None 
 48.51, -123.24, 21.0, 2010-08-25 05:35:00, 0.0, None 
 48.605, -123.31200000000001, 37.2, 2010-08-25 05:37:30, 0.0, None 
 46.9, -122.81, 60.0, 2010-08-25 05:37:30, 0.0, None 
 48.595, -123.34299999999999, 25.8, 2010-08-25 05:40:00, 0.0, None 
 48.525, -123.35, 30.0, 2010-08-25 05:42:30, 0.0, None 
 48.13, -123.67, 20.0, 2010-08-25 05:42:30, 0.0, None 
 46.3, -123.0, 20.0, 2010-08-25 05:42:30, 0.0, None 
 48.15, -123.68, 29.0, 2010-08-25 05:45:00, 0.0, None 
 48.595, -123.36, 26.0, 2010-08-25 05:52:30, 0.0, None 
 46.68, -122.83, 60.0, 2010-08-25 05:52:30, 0.0, None 
 48.545, -123.415, 33.0, 2010-08-25 05:55:00, 0.0, None 
 46.75, -122.9, 60.0, 2010-08-25 05:55:00, 0.0, None 
 48.47, -123.7, 60.0, 2010-08-25 05:57:30, 0.0, None 
 46.84, -123.12, 60.0, 2010-08-25 05:57:30, 0.0, None 
 48.44, -123.9, 35.5, 2010-08-25 06:00:00, 0.0, None 
 46.72, -122.89, 60.0, 2010-08-25 06:00:00, 0.0, None 
 48.47, -123.815, 28.0, 2010-08-25 06:02:30, 0.0, None 
 48.5, -123.86, 20.0, 2010-08-25 06:05:00, 0.0, None 
 48.51, -123.84, 53.5, 2010-08-25 06:07:30, 0.0, None 
 46.83, -123.06, 45.0, 2010-08-25 06:07:30, 0.0, None 
 46.805, -123.11, 45.0, 2010-08-25 06:10:00, 0.0, None 
 48.57, -123.257, 43.0, 2010-08-25 06:17:30, 0.0, None 
 48.62, -123.24, 50.0, 2010-08-25 06:20:00, 0.0, None 
 48.605, -123.27, 59.5, 2010-08-25 06:22:30, 0.0, None 
 48.645, -123.48, 36.8, 2010-08-25 06:25:00, 0.0, None 
 46.27, -122.99, 35.0, 2010-08-25 06:25:00, 0.0, None 
 48.58, -123.5, 28.0, 2010-08-25 06:30:00, 0.0, None 
 48.498000000000005, -123.46799999999999, 39.5, 2010-08-25 06:32:30, 0.0, None 
 48.51, -123.59299999999999, 28.5, 2010-08-25 06:37:30, 0.0, None 
 48.5, -123.605, 27.5, 2010-08-25 06:40:00, 0.0, None 
 48.53, -123.552, 47.5, 2010-08-25 06:42:30, 0.0, None 
 48.523, -123.515, 49.8, 2010-08-25 06:45:00, 0.0, None 
 48.495, -123.613, 30.0, 2010-08-25 06:47:30, 0.0, None 
 48.43, -123.345, 39.0, 2010-08-25 06:50:00, 0.0, None 
 48.55, -123.33200000000001, 43.0, 2010-08-25 06:52:30, 0.0, None 
 48.61, -123.175, 20.0, 2010-08-25 06:55:00, 0.0, None 
 48.565, -123.305, 60.0, 2010-08-25 06:57:30, 0.0, None 
 48.53, -123.167, 31.5, 2010-08-25 07:00:00, 0.0, None 
 48.558, -123.132, 43.8, 2010-08-25 07:02:30, 0.0, None 
 48.59, -123.287, 37.0, 2010-08-25 07:05:00, 0.0, None 
 48.61, -123.23, 33.5, 2010-08-25 07:07:30, 0.0, None 
 48.615, -123.17, 40.5, 2010-08-25 07:10:00, 0.0, None 
 48.558, -123.227, 60.0, 2010-08-25 07:12:30, 0.0, None 
 48.505, -123.512, 33.2, 2010-08-25 07:15:00, 0.0, None 
 48.501999999999995, -123.447, 38.0, 2010-08-25 07:17:30, 0.0, None 
 48.575, -123.52799999999999, 49.0, 2010-08-25 07:20:00, 0.0, None 
 48.515, -123.56, 25.0, 2010-08-25 07:22:30, 0.0, None 
 48.51, -123.365, 60.0, 2010-08-25 07:25:00, 0.0, None 
 48.585, -123.36, 36.8, 2010-08-25 07:27:30, 0.0, None 
 48.57, -123.27, 45.0, 2010-08-25 07:30:00, 0.0, None 
 48.48, -123.495, 55.0, 2010-08-25 07:32:30, 0.0, None 
 48.4, -123.55, 44.0, 2010-08-25 07:35:00, 0.0, None 
 48.47, -123.69, 44.0, 2010-08-25 07:37:30, 0.0, None 
 48.43, -123.72, 60.0, 2010-08-25 07:40:00, 0.0, None 
 48.4, -123.69, 37.0, 2010-08-25 07:42:30, 0.0, None 
 48.505, -123.36200000000001, 49.5, 2010-08-25 07:45:00, 0.0, None 
 46.7, -122.84, 60.0, 2010-08-25 07:45:00, 0.0, None 
 48.59, -123.368, 32.2, 2010-08-25 07:47:30, 0.0, None 
 46.695, -123.165, 31.2, 2010-08-25 07:47:30, 0.0, None 
 48.545, -123.34, 26.8, 2010-08-25 07:50:00, 0.0, None 
 48.578, -123.27799999999999, 20.0, 2010-08-25 07:52:30, 0.0, None 
 48.6, -123.285, 36.5, 2010-08-25 07:55:00, 0.0, None 
 48.59, -123.19, 33.0, 2010-08-25 07:57:30, 0.0, None 
 48.57, -123.23, 28.0, 2010-08-25 08:00:00, 0.0, None 
 48.4, -123.89, 20.0, 2010-08-25 08:00:00, 0.0, None 
 48.538000000000004, -123.28200000000001, 35.0, 2010-08-25 08:07:30, 0.0, None 
 48.54, -123.315, 51.0, 2010-08-25 08:10:00, 0.0, None 
 48.51, -123.445, 28.8, 2010-08-25 08:12:30, 0.0, None 
 48.505, -123.58, 20.0, 2010-08-25 08:30:00, 0.0, None 
 48.475, -123.595, 26.0, 2010-08-25 08:32:30, 0.0, None 
 48.571999999999996, -123.63799999999999, 42.0, 2010-08-25 08:35:00, 0.0, None 
 48.492, -123.573, 31.5, 2010-08-25 08:37:30, 0.0, None 
 48.55, -123.395, 32.5, 2010-08-25 08:40:00, 0.0, None 
 48.21, -123.76, 42.0, 2010-08-25 08:40:00, 0.0, None 
 48.57, -123.31700000000001, 22.5, 2010-08-25 08:42:30, 0.0, None 
 48.58, -123.32, 20.0, 2010-08-25 08:45:00, 0.0, None 
 48.595, -123.38, 26.5, 2010-08-25 08:47:30, 0.0, None 
 48.611999999999995, -123.385, 32.2, 2010-08-25 08:50:00, 0.0, None 
 48.58, -123.42, 41.0, 2010-08-25 08:52:30, 0.0, None 
 48.535, -123.455, 33.5, 2010-08-25 08:55:00, 0.0, None 
 46.87, -122.82, 60.0, 2010-08-25 08:55:00, 0.0, None 
 48.61, -123.54, 60.0, 2010-08-25 08:57:30, 0.0, None 
 46.915, -122.715, 60.0, 2010-08-25 08:57:30, 0.0, None 
 48.575, -123.85, 24.0, 2010-08-25 09:02:30, 0.0, None 
 48.515, -123.615, 41.0, 2010-08-25 09:05:00, 0.0, None 
 48.5, -123.635, 39.5, 2010-08-25 09:07:30, 0.0, None 
 48.516999999999996, -123.477, 41.8, 2010-08-25 09:22:30, 0.0, None 
 48.525, -123.57, 39.0, 2010-08-25 09:25:00, 0.0, None 
 46.43, -122.94, 20.0, 2010-08-25 09:25:00, 0.0, None 
 48.51, -123.595, 23.5, 2010-08-25 09:27:30, 0.0, None 
 48.505, -123.62, 20.0, 2010-08-25 09:30:00, 0.0, None 
 48.49, -123.69, 24.0, 2010-08-25 09:32:30, 0.0, None 
 48.5, -123.63, 30.0, 2010-08-25 09:35:00, 0.0, None 
 46.495, -122.96, 38.5, 2010-08-25 09:35:00, 0.0, None 
 48.5, -123.6, 37.0, 2010-08-25 09:37:30, 0.0, None 
 48.58, -123.99, 60.0, 2010-08-25 09:37:30, 0.0, None 
 48.51, -123.648, 42.2, 2010-08-25 09:40:00, 0.0, None 
 48.52, -123.55, 34.8, 2010-08-25 09:42:30, 0.0, None 
 48.51, -123.64, 31.5, 2010-08-25 09:45:00, 0.0, None 
 48.485, -123.705, 23.5, 2010-08-25 09:47:30, 0.0, None 
 48.508, -123.84, 60.0, 2010-08-25 09:50:00, 0.0, None 
 48.53, -123.71799999999999, 40.0, 2010-08-25 09:52:30, 0.0, None 
 48.49, -123.56, 40.0, 2010-08-25 09:55:00, 0.0, None 
 48.347, -123.68299999999999, 60.0, 2010-08-25 09:57:30, 0.0, None 
 46.835, -122.69, 60.0, 2010-08-25 09:57:30, 0.0, None 
 48.445, -123.74, 20.0, 2010-08-25 10:00:00, 0.0, None 
 48.54, -123.86200000000001, 20.2, 2010-08-25 10:02:30, 0.0, None 
 48.49, -123.875, 40.0, 2010-08-25 10:05:00, 0.0, None 
 46.8, -123.04, 22.0, 2010-08-25 10:05:00, 0.0, None 
 48.5, -123.95, 40.0, 2010-08-25 10:07:30, 0.0, None 
 48.45, -123.745, 28.8, 2010-08-25 10:10:00, 0.0, None 
 46.64, -122.9, 60.0, 2010-08-25 10:10:00, 0.0, None 
 48.472, -123.655, 33.5, 2010-08-25 10:12:30, 0.0, None 
 48.215, -123.39, 60.0, 2010-08-25 10:15:00, 0.0, None 
 48.5, -123.58, 40.0, 2010-08-25 10:17:30, 0.0, None 
 48.485, -123.515, 30.5, 2010-08-25 10:25:00, 0.0, None 
 48.5, -123.588, 26.2, 2010-08-25 10:27:30, 0.0, None 
 48.5, -123.825, 20.0, 2010-08-25 10:30:00, 0.0, None 
 48.355, -123.495, 33.0, 2010-08-25 10:35:00, 0.0, None 
 48.472, -123.77, 46.5, 2010-08-25 10:37:30, 0.0, None 
 48.505, -123.855, 38.5, 2010-08-25 10:40:00, 0.0, None 
 48.492, -123.83200000000001, 47.2, 2010-08-25 10:42:30, 0.0, None 
 48.48, -123.76299999999999, 37.8, 2010-08-25 10:45:00, 0.0, None 
 46.8, -123.13, 27.0, 2010-08-25 10:45:00, 0.0, None 
 48.445, -123.81, 20.0, 2010-08-25 10:47:30, 0.0, None 
 46.758, -123.12700000000001, 26.5, 2010-08-25 10:50:00, 0.0, None 
 48.39, -123.55, 33.0, 2010-08-25 10:52:30, 0.0, None 
 46.88, -123.0, 45.0, 2010-08-25 10:52:30, 0.0, None 
 48.425, -123.595, 20.0, 2010-08-25 10:55:00, 0.0, None 
 46.73, -122.91, 58.0, 2010-08-25 10:55:00, 0.0, None 
 48.42, -123.605, 36.0, 2010-08-25 10:57:30, 0.0, None 
 46.8, -122.885, 60.0, 2010-08-25 10:57:30, 0.0, None 
 48.475, -123.655, 30.0, 2010-08-25 11:00:00, 0.0, None 
 46.84, -123.18, 29.0, 2010-08-25 11:00:00, 0.0, None 
 48.43, -123.66, 20.0, 2010-08-25 11:02:30, 0.0, None 
 48.33, -123.77, 25.0, 2010-08-25 11:05:00, 0.0, None 
 48.29, -123.7, 33.0, 2010-08-25 11:07:30, 0.0, None 
 48.48, -123.57, 20.0, 2010-08-25 11:10:00, 0.0, None 
 48.485, -123.67200000000001, 27.8, 2010-08-25 11:12:30, 0.0, None 
 48.46, -123.542, 27.8, 2010-08-25 11:15:00, 0.0, None 
 48.47, -123.53, 25.8, 2010-08-25 11:17:30, 0.0, None 
 48.445, -123.97200000000001, 31.8, 2010-08-25 11:20:00, 0.0, None 
 48.43, -123.91, 20.0, 2010-08-25 11:22:30, 0.0, None 
 48.38, -123.92, 20.0, 2010-08-25 11:25:00, 0.0, None 
 48.33, -123.87, 20.0, 2010-08-25 11:27:30, 0.0, None 
 48.425, -123.56, 55.5, 2010-08-25 11:32:30, 0.0, None 
 48.263000000000005, -123.71799999999999, 48.8, 2010-08-25 11:35:00, 0.0, None 
 48.361999999999995, -123.77799999999999, 24.5, 2010-08-25 11:37:30, 0.0, None 
 48.5, -123.46, 20.0, 2010-08-25 11:40:00, 0.0, None 
 48.33, -123.78, 26.0, 2010-08-25 11:40:00, 0.0, None 
 48.335, -123.79, 29.5, 2010-08-25 11:42:30, 0.0, None 
 48.305, -123.535, 45.5, 2010-08-25 11:45:00, 0.0, None 
 48.295, -123.72, 45.5, 2010-08-25 11:47:30, 0.0, None 
 48.41, -123.55, 20.0, 2010-08-25 11:50:00, 0.0, None 
 48.38, -123.455, 37.0, 2010-08-25 11:52:30, 0.0, None 
 48.51, -123.765, 26.0, 2010-08-25 11:52:30, 0.0, None 
 48.37, -123.7, 20.0, 2010-08-25 11:55:00, 0.0, None 
 48.375, -123.54, 55.2, 2010-08-25 11:57:30, 0.0, None 
 48.358000000000004, -123.523, 28.0, 2010-08-25 12:00:00, 0.0, None 
 48.385, -123.71, 30.8, 2010-08-25 12:02:30, 0.0, None 
 48.285, -123.805, 60.0, 2010-08-25 12:05:00, 0.0, None 
 48.545, -123.85, 60.0, 2010-08-25 12:05:00, 0.0, None 
 48.315, -123.64299999999999, 24.0, 2010-08-25 12:07:30, 0.0, None 
 48.33, -123.7, 21.0, 2010-08-25 12:10:00, 0.0, None 
 48.332, -123.805, 20.0, 2010-08-25 12:12:30, 0.0, None 
 48.29, -123.9, 38.0, 2010-08-25 12:15:00, 0.0, None 
 48.4, -123.73, 20.0, 2010-08-25 12:17:30, 0.0, None 
 48.29, -123.55799999999999, 25.0, 2010-08-25 12:20:00, 0.0, None 
 48.445, -123.56, 31.0, 2010-08-25 12:22:30, 0.0, None 
 48.54, -123.49, 37.0, 2010-08-25 12:25:00, 0.0, None 
 48.685, -123.53, 20.0, 2010-08-25 12:27:30, 0.0, None 
 48.315, -123.62, 20.0, 2010-08-25 12:30:00, 0.0, None 
 48.41, -123.96, 20.0, 2010-08-25 12:30:00, 0.0, None 
 48.505, -123.3, 54.0, 2010-08-25 12:35:00, 0.0, None 
 48.245, -123.615, 20.0, 2010-08-25 12:37:30, 0.0, None 
 48.317, -123.605, 27.2, 2010-08-25 12:40:00, 0.0, None 
 48.42, -123.51, 20.0, 2010-08-25 12:47:30, 0.0, None 
 48.461999999999996, -123.56200000000001, 40.8, 2010-08-25 12:50:00, 0.0, None 
 48.445, -123.74799999999999, 21.5, 2010-08-25 12:52:30, 0.0, None 
 48.46, -123.805, 20.0, 2010-08-25 12:55:00, 0.0, None 
 48.43, -123.765, 60.0, 2010-08-25 12:57:30, 0.0, None 
 48.453, -123.8, 20.0, 2010-08-25 13:00:00, 0.0, None 
 48.445, -123.87299999999999, 24.0, 2010-08-25 13:02:30, 0.0, None 
 48.39, -123.84, 20.0, 2010-08-25 13:05:00, 0.0, None 
 48.355, -123.85, 23.5, 2010-08-25 13:07:30, 0.0, None 
 48.345, -123.94, 40.0, 2010-08-25 13:10:00, 0.0, None 
 48.41, -123.94, 20.0, 2010-08-25 13:12:30, 0.0, None 
 48.26, -123.815, 22.5, 2010-08-25 13:15:00, 0.0, None 
 48.31, -123.91, 60.0, 2010-08-25 13:20:00, 0.0, None 
 48.27, -123.445, 20.0, 2010-08-25 13:22:30, 0.0, None 
 48.265, -123.42, 20.0, 2010-08-25 13:25:00, 0.0, None 
 48.435, -123.62700000000001, 21.5, 2010-08-25 13:27:30, 0.0, None 
 48.31, -123.7, 24.0, 2010-08-25 13:32:30, 0.0, None 
 48.21, -123.37, 28.0, 2010-08-25 13:40:00, 0.0, None 
 48.3, -123.5, 46.0, 2010-08-25 13:42:30, 0.0, None 
 48.39, -123.635, 26.5, 2010-08-25 13:45:00, 0.0, None 
 48.431999999999995, -123.595, 31.0, 2010-08-25 13:47:30, 0.0, None 
 48.415, -123.75, 28.0, 2010-08-25 13:50:00, 0.0, None 
 48.415, -123.705, 53.5, 2010-08-25 13:52:30, 0.0, None 
 48.355, -123.59, 21.0, 2010-08-25 13:55:00, 0.0, None 
 48.242, -123.618, 50.5, 2010-08-25 13:57:30, 0.0, None 
 48.215, -123.65700000000001, 27.0, 2010-08-25 14:00:00, 0.0, None 
 48.29, -123.62, 20.0, 2010-08-25 14:02:30, 0.0, None 
 48.27, -123.65, 24.0, 2010-08-25 14:10:00, 0.0, None 
 48.375, -123.78, 35.0, 2010-08-25 14:12:30, 0.0, None 
 48.43, -123.82, 40.0, 2010-08-25 14:15:00, 0.0, None 
 48.475, -123.815, 33.2, 2010-08-25 14:17:30, 0.0, None 
 48.153, -123.64, 32.0, 2010-08-25 14:20:00, 0.0, None 
 48.195, -123.675, 20.0, 2010-08-25 14:22:30, 0.0, None 
 48.16, -123.58, 30.5, 2010-08-25 14:37:30, 0.0, None 
 46.99, -123.02, 20.0, 2010-08-25 14:40:00, 0.0, None 
 48.52, -123.875, 60.0, 2010-08-25 14:50:00, 0.0, None 
 48.55, -123.83, 60.0, 2010-08-25 14:57:30, 0.0, None 
 48.48, -123.9, 42.0, 2010-08-25 15:00:00, 0.0, None 
 48.52, -123.92, 20.0, 2010-08-25 15:02:30, 0.0, None 
 48.495, -123.86, 20.0, 2010-08-25 15:05:00, 0.0, None 
 48.5, -123.61, 25.0, 2010-08-25 15:15:00, 0.0, None 
 48.38, -123.70700000000001, 55.5, 2010-08-25 15:17:30, 0.0, None 
 48.42, -123.96, 20.0, 2010-08-25 15:20:00, 0.0, None 
 48.49, -123.89, 20.0, 2010-08-25 15:22:30, 0.0, None 
 48.528, -123.898, 25.0, 2010-08-25 15:25:00, 0.0, None 
 48.5, -123.91, 20.0, 2010-08-25 15:27:30, 0.0, None 
 46.98, -122.995, 29.0, 2010-08-25 15:32:30, 0.0, None 
 48.46, -123.85, 20.0, 2010-08-25 15:35:00, 0.0, None 
 48.45, -123.85, 20.0, 2010-08-25 15:37:30, 0.0, None 
 48.5, -123.61, 46.5, 2010-08-25 15:40:00, 0.0, None 
 48.49, -123.73, 34.5, 2010-08-25 15:42:30, 0.0, None 
 48.41, -123.76700000000001, 54.2, 2010-08-25 15:45:00, 0.0, None 
 48.36, -123.71799999999999, 40.0, 2010-08-25 15:47:30, 0.0, None 
 48.418, -123.715, 43.8, 2010-08-25 15:50:00, 0.0, None 
 48.355, -123.77, 35.5, 2010-08-25 15:52:30, 0.0, None 
 48.405, -123.77799999999999, 26.5, 2010-08-25 15:55:00, 0.0, None 
 48.49, -123.765, 60.0, 2010-08-25 15:57:30, 0.0, None 
 48.475, -123.935, 31.8, 2010-08-25 16:00:00, 0.0, None 
 48.475, -123.94, 60.0, 2010-08-25 16:02:30, 0.0, None 
 48.54, -123.59, 20.0, 2010-08-25 16:05:00, 0.0, None 
 48.53, -123.94200000000001, 24.5, 2010-08-25 16:07:30, 0.0, None 
 48.465, -123.9, 20.0, 2010-08-25 16:10:00, 0.0, None 
 48.5, -123.93, 20.0, 2010-08-25 16:12:30, 0.0, None 
 48.41, -124.07, 32.0, 2010-08-25 16:17:30, 0.0, None 
 48.43, -123.925, 20.0, 2010-08-25 16:20:00, 0.0, None 
 48.5, -123.81, 31.0, 2010-08-25 16:22:30, 0.0, None 
 48.49, -123.80799999999999, 20.0, 2010-08-25 16:25:00, 0.0, None 
 48.47, -123.835, 20.0, 2010-08-25 16:27:30, 0.0, None 
 48.6, -123.34, 36.0, 2010-08-25 16:32:30, 0.0, None 
 48.595, -123.445, 23.5, 2010-08-25 16:35:00, 0.0, None 
 48.545, -123.395, 29.5, 2010-08-25 16:37:30, 0.0, None 
 46.86, -123.12, 20.0, 2010-08-25 16:40:00, 0.0, None 
 46.88, -122.77, 20.0, 2010-08-25 16:45:00, 0.0, None 
 48.51, -123.91, 20.0, 2010-08-25 16:52:30, 0.0, None 
 48.51, -123.94, 22.0, 2010-08-25 16:55:00, 0.0, None 
 48.47, -123.985, 31.0, 2010-08-25 17:10:00, 0.0, None 
 47.97, -123.66, 60.0, 2010-08-25 17:10:00, 0.0, None 
 48.61, -123.43, 50.0, 2010-08-25 17:12:30, 0.0, None 
 48.665, -123.76, 60.0, 2010-08-25 17:12:30, 0.0, None 
 48.425, -123.905, 21.5, 2010-08-25 17:15:00, 0.0, None 
 48.48, -123.91, 20.0, 2010-08-25 17:17:30, 0.0, None 
 48.45, -123.755, 31.0, 2010-08-25 17:20:00, 0.0, None 
 48.48, -123.875, 50.5, 2010-08-25 17:22:30, 0.0, None 
 48.52, -124.06, 20.0, 2010-08-25 17:45:00, 0.0, None 
 46.83, -123.13, 42.0, 2010-08-25 17:55:00, 0.0, None 
 48.51, -123.79, 31.5, 2010-08-25 18:02:30, 0.0, None 
 48.495, -123.84, 26.0, 2010-08-25 18:05:00, 0.0, None 
 48.5, -123.875, 20.0, 2010-08-25 18:12:30, 0.0, None 
 48.415, -123.97, 31.0, 2010-08-25 18:15:00, 0.0, None 
 48.445, -123.775, 20.0, 2010-08-25 18:20:00, 0.0, None 
 48.5, -123.78, 20.0, 2010-08-25 18:22:30, 0.0, None 
 48.44, -123.88, 60.0, 2010-08-25 18:30:00, 0.0, None 
 46.5, -123.2, 60.0, 2010-08-25 18:30:00, 0.0, None 
 48.523, -123.88799999999999, 24.2, 2010-08-25 18:32:30, 0.0, None 
 48.485, -123.82, 60.0, 2010-08-25 18:35:00, 0.0, None 
 48.24, -123.49, 60.0, 2010-08-25 18:35:00, 0.0, None 
 48.385, -123.905, 20.0, 2010-08-25 18:42:30, 0.0, None 
 48.475, -123.88, 40.5, 2010-08-25 18:45:00, 0.0, None 
 48.48, -123.882, 20.0, 2010-08-25 18:47:30, 0.0, None 
 48.428000000000004, -123.825, 40.0, 2010-08-25 18:50:00, 0.0, None 
 48.59, -123.58, 29.0, 2010-08-25 19:12:30, 0.0, None 
 48.43, -123.8, 39.0, 2010-08-25 19:17:30, 0.0, None 
 48.47, -123.88, 50.0, 2010-08-25 19:22:30, 0.0, None 
 48.49, -123.86, 48.5, 2010-08-25 19:35:00, 0.0, None 
 48.48, -123.9, 46.5, 2010-08-25 19:37:30, 0.0, None 
 48.51, -123.7, 20.0, 2010-08-25 19:47:30, 0.0, None 
 48.36, -123.75, 47.2, 2010-08-25 20:05:00, 0.0, None 
 48.498000000000005, -123.83200000000001, 20.0, 2010-08-25 20:07:30, 0.0, None 
 48.47, -123.785, 20.0, 2010-08-25 20:10:00, 0.0, None 
 48.5, -123.52, 40.0, 2010-08-25 20:15:00, 0.0, None 
 48.525, -123.495, 30.8, 2010-08-25 20:17:30, 0.0, None 
 48.49, -123.63, 35.0, 2010-08-25 20:20:00, 0.0, None 
 48.5, -123.63, 60.0, 2010-08-25 20:22:30, 0.0, None 
 48.58, -123.42, 20.0, 2010-08-25 20:42:30, 0.0, None 
 48.595, -123.31, 32.0, 2010-08-25 20:45:00, 0.0, None 
 48.5, -123.46, 20.0, 2010-08-25 20:50:00, 0.0, None 
 48.595, -123.45, 32.0, 2010-08-25 20:52:30, 0.0, None 
 48.59, -123.495, 37.5, 2010-08-25 20:55:00, 0.0, None 
 48.43, -123.9, 40.0, 2010-08-25 20:57:30, 0.0, None 
 48.41, -123.92, 45.0, 2010-08-25 21:00:00, 0.0, None 
 46.91, -122.99, 60.0, 2010-08-25 21:05:00, 0.0, None 
 48.18, -123.455, 60.0, 2010-08-25 21:07:30, 0.0, None 
 48.453, -123.705, 40.0, 2010-08-25 21:10:00, 0.0, None 
 48.5, -123.868, 20.0, 2010-08-25 21:12:30, 0.0, None 
 48.485, -123.925, 25.5, 2010-08-25 21:15:00, 0.0, None 
 48.586999999999996, -123.82, 60.0, 2010-08-25 21:22:30, 0.0, None 
 48.49, -123.77, 20.0, 2010-08-25 21:25:00, 0.0, None 
 48.495, -123.727, 47.2, 2010-08-25 21:27:30, 0.0, None 
 48.51, -123.77, 50.0, 2010-08-25 21:32:30, 0.0, None 
 48.505, -123.77, 38.0, 2010-08-25 21:35:00, 0.0, None 
 48.51, -123.67, 48.0, 2010-08-25 21:45:00, 0.0, None 
 48.51, -123.83, 22.5, 2010-08-25 22:02:30, 0.0, None 
 48.51, -123.82, 20.0, 2010-08-25 22:05:00, 0.0, None 
 48.513000000000005, -123.65299999999999, 54.0, 2010-08-25 22:07:30, 0.0, None 
 48.51, -123.73, 20.0, 2010-08-25 22:10:00, 0.0, None 
 48.545, -123.845, 20.0, 2010-08-25 22:12:30, 0.0, None 
 48.485, -123.82, 20.0, 2010-08-25 22:15:00, 0.0, None 
 48.49, -123.87, 21.5, 2010-08-25 22:17:30, 0.0, None 
 48.495, -123.852, 37.8, 2010-08-25 22:20:00, 0.0, None 
 48.47, -123.81, 20.0, 2010-08-25 22:22:30, 0.0, None 
 48.535, -123.71, 29.0, 2010-08-25 22:25:00, 0.0, None 
 48.435, -123.48, 30.0, 2010-08-25 22:27:30, 0.0, None 
 48.47, -123.545, 51.0, 2010-08-25 22:30:00, 0.0, None 
 48.475, -123.65, 34.0, 2010-08-25 22:32:30, 0.0, None 
 48.547, -123.865, 29.0, 2010-08-25 22:35:00, 0.0, None 
 48.538000000000004, -123.81700000000001, 23.0, 2010-08-25 22:37:30, 0.0, None 
 48.495, -123.595, 34.5, 2010-08-25 22:40:00, 0.0, None 
 48.501999999999995, -123.62299999999999, 40.2, 2010-08-25 22:42:30, 0.0, None 
 48.555, -123.67200000000001, 33.5, 2010-08-25 22:45:00, 0.0, None 
 48.49, -123.825, 33.0, 2010-08-25 22:47:30, 0.0, None 
 48.5, -123.792, 28.0, 2010-08-25 22:50:00, 0.0, None 
 48.59, -123.595, 24.0, 2010-08-25 22:55:00, 0.0, None 
 48.41, -123.81, 60.0, 2010-08-25 22:57:30, 0.0, None 
 48.39, -123.792, 30.8, 2010-08-25 23:00:00, 0.0, None 
 48.395, -123.74, 34.8, 2010-08-25 23:02:30, 0.0, None 
 48.495, -123.743, 54.2, 2010-08-25 23:05:00, 0.0, None 
 48.4, -123.78, 39.5, 2010-08-25 23:07:30, 0.0, None 
 46.73, -122.89, 34.5, 2010-08-25 23:07:30, 0.0, None 
 48.44, -123.83, 33.8, 2010-08-25 23:10:00, 0.0, None 
 48.45, -123.925, 20.0, 2010-08-25 23:12:30, 0.0, None 
 48.44, -123.91, 20.0, 2010-08-25 23:15:00, 0.0, None 
 48.395, -124.005, 51.0, 2010-08-25 23:17:30, 0.0, None 
 48.52, -123.82, 31.0, 2010-08-25 23:20:00, 0.0, None 
 48.52, -123.915, 20.0, 2010-08-25 23:22:30, 0.0, None 
 48.492, -123.95700000000001, 31.2, 2010-08-25 23:25:00, 0.0, None 
 48.69, -123.53, 60.0, 2010-08-25 23:27:30, 0.0, None 
 48.6, -123.985, 60.0, 2010-08-25 23:30:00, 0.0, None 
 48.398, -123.665, 45.5, 2010-08-25 23:32:30, 0.0, None 
 48.43, -123.74, 60.0, 2010-08-25 23:35:00, 0.0, None 
 46.94, -122.87, 43.0, 2010-08-25 23:40:00, 0.0, None 
 46.9, -123.04, 41.0, 2010-08-25 23:47:30, 0.0, None 
 48.57, -123.86, 20.5, 2010-08-25 23:50:00, 0.0, None 
 48.1, -123.615, 60.0, 2010-08-25 23:50:00, 0.0, None 
 48.51, -123.89, 20.0, 2010-08-25 23:52:30, 0.0, None 
 48.27, -123.77, 60.0, 2010-08-25 23:52:30, 0.0, None 
 46.625, -122.85, 40.0, 2010-08-25 23:52:30, 0.0, None 
 48.66, -123.4, 60.0, 2010-08-26 00:00:00, 0.0, None 
 48.528, -123.755, 20.0, 2010-08-26 00:02:30, 0.0, None 
 48.505, -123.88, 27.8, 2010-08-26 00:05:00, 0.0, None 
 46.57, -122.78, 60.0, 2010-08-26 00:05:00, 0.0, None 
 48.552, -123.898, 20.0, 2010-08-26 00:07:30, 0.0, None 
 48.555, -123.93, 25.5, 2010-08-26 00:10:00, 0.0, None 
 48.435, -123.90700000000001, 46.0, 2010-08-26 00:12:30, 0.0, None 
 48.48, -123.91, 30.0, 2010-08-26 00:15:00, 0.0, None 
 48.51, -123.865, 20.0, 2010-08-26 00:17:30, 0.0, None 
 48.51, -123.825, 20.0, 2010-08-26 00:20:00, 0.0, None 
 48.52, -123.915, 20.0, 2010-08-26 00:22:30, 0.0, None 
 48.515, -123.865, 20.0, 2010-08-26 00:25:00, 0.0, None 
 48.53, -123.82, 21.2, 2010-08-26 00:27:30, 0.0, None 
 48.54, -123.743, 22.8, 2010-08-26 00:30:00, 0.0, None 
 48.535, -123.73700000000001, 23.5, 2010-08-26 00:32:30, 0.0, None 
 48.51, -123.80799999999999, 20.0, 2010-08-26 00:35:00, 0.0, None 
 48.495, -123.86, 26.0, 2010-08-26 00:37:30, 0.0, None 
 46.61, -122.68, 20.0, 2010-08-26 00:37:30, 0.0, None 
 48.41, -123.81, 47.0, 2010-08-26 00:45:00, 0.0, None 
 48.48, -123.86, 22.8, 2010-08-26 00:47:30, 0.0, None 
 48.53, -123.915, 20.0, 2010-08-26 00:50:00, 0.0, None 
 48.545, -123.803, 20.0, 2010-08-26 00:52:30, 0.0, None 
 48.56, -123.84, 20.0, 2010-08-26 00:55:00, 0.0, None 
 48.52, -123.792, 23.2, 2010-08-26 00:57:30, 0.0, None 
 48.495, -123.845, 21.0, 2010-08-26 01:00:00, 0.0, None 
 48.498000000000005, -123.895, 24.2, 2010-08-26 01:02:30, 0.0, None 
 48.49, -123.92, 24.0, 2010-08-26 01:05:00, 0.0, None 
 48.6, -123.875, 20.0, 2010-08-26 01:27:30, 0.0, None 
 48.59, -123.59, 35.0, 2010-08-26 01:30:00, 0.0, None 
 48.515, -123.78, 20.0, 2010-08-26 01:32:30, 0.0, None 
 48.485, -123.83, 56.2, 2010-08-26 01:35:00, 0.0, None 
 48.46, -123.87, 20.0, 2010-08-26 01:37:30, 0.0, None 
 48.461999999999996, -123.875, 27.2, 2010-08-26 01:40:00, 0.0, None 
 48.47, -123.85, 27.0, 2010-08-26 01:55:00, 0.0, None 
 48.516999999999996, -123.805, 60.0, 2010-08-26 01:57:30, 0.0, None 
 48.57, -123.66799999999999, 39.0, 2010-08-26 02:12:30, 0.0, None 
 48.516999999999996, -123.667, 31.0, 2010-08-26 02:15:00, 0.0, None 
 48.515, -123.8, 27.5, 2010-08-26 02:17:30, 0.0, None 
 48.603, -123.755, 25.5, 2010-08-26 02:20:00, 0.0, None 
 48.58, -123.74, 20.0, 2010-08-26 02:22:30, 0.0, None 
 48.53, -123.82, 20.0, 2010-08-26 02:25:00, 0.0, None 
 48.535, -123.90700000000001, 20.0, 2010-08-26 02:27:30, 0.0, None 
 48.525, -123.9, 20.8, 2010-08-26 02:30:00, 0.0, None 
 48.522, -123.905, 20.0, 2010-08-26 02:32:30, 0.0, None 
 48.522, -123.917, 20.0, 2010-08-26 02:35:00, 0.0, None 
 48.525, -123.92, 20.0, 2010-08-26 02:37:30, 0.0, None 
 48.515, -123.90299999999999, 20.0, 2010-08-26 02:40:00, 0.0, None 
 48.495, -123.895, 20.0, 2010-08-26 02:42:30, 0.0, None 
 48.49, -123.89, 20.0, 2010-08-26 02:45:00, 0.0, None 
 48.485, -123.84, 20.0, 2010-08-26 02:47:30, 0.0, None 
 48.48, -123.825, 20.0, 2010-08-26 02:50:00, 0.0, None 
 48.59, -123.78, 28.2, 2010-08-26 02:52:30, 0.0, None 
 48.553000000000004, -123.845, 20.0, 2010-08-26 02:55:00, 0.0, None 
 48.525, -123.838, 42.0, 2010-08-26 02:57:30, 0.0, None 
 48.47, -123.905, 31.2, 2010-08-26 03:00:00, 0.0, None 
 48.641999999999996, -123.97, 46.8, 2010-08-26 03:02:30, 0.0, None 
 48.485, -123.87, 20.0, 2010-08-26 03:05:00, 0.0, None 
 48.45, -123.773, 20.0, 2010-08-26 03:07:30, 0.0, None 
 48.483000000000004, -123.81700000000001, 20.0, 2010-08-26 03:10:00, 0.0, None 
 48.47, -123.82, 20.0, 2010-08-26 03:12:30, 0.0, None 
 48.455, -123.84700000000001, 37.5, 2010-08-26 03:15:00, 0.0, None 
 48.445, -123.825, 29.5, 2010-08-26 03:17:30, 0.0, None 
 48.455, -123.86, 26.5, 2010-08-26 03:20:00, 0.0, None 
 48.455, -123.63799999999999, 46.0, 2010-08-26 03:22:30, 0.0, None 
 48.5, -123.595, 22.0, 2010-08-26 03:25:00, 0.0, None 
 48.475, -123.62700000000001, 20.0, 2010-08-26 03:27:30, 0.0, None 
 48.435, -123.79299999999999, 30.5, 2010-08-26 03:30:00, 0.0, None 
 48.405, -123.645, 35.0, 2010-08-26 03:32:30, 0.0, None 
 48.375, -123.865, 20.0, 2010-08-26 03:35:00, 0.0, None 
 48.375, -123.79299999999999, 20.0, 2010-08-26 03:37:30, 0.0, None 
 48.495, -123.61, 24.5, 2010-08-26 03:40:00, 0.0, None 
 48.485, -123.65, 30.8, 2010-08-26 03:42:30, 0.0, None 
 48.485, -123.715, 42.8, 2010-08-26 03:45:00, 0.0, None 
 48.46, -123.775, 40.8, 2010-08-26 03:47:30, 0.0, None 
 48.47, -123.75, 47.2, 2010-08-26 03:50:00, 0.0, None 
 48.407, -123.655, 46.8, 2010-08-26 03:55:00, 0.0, None 
 48.442, -123.62700000000001, 60.0, 2010-08-26 03:57:30, 0.0, None 
 48.532, -123.75, 20.0, 2010-08-26 04:00:00, 0.0, None 
 48.495, -123.755, 25.5, 2010-08-26 04:02:30, 0.0, None 
 48.72, -123.39, 41.0, 2010-08-26 04:05:00, 0.0, None 
 48.49, -123.76, 60.0, 2010-08-26 04:12:30, 0.0, None 
 48.6, -123.71, 20.0, 2010-08-26 04:20:00, 0.0, None 
 48.59, -123.82, 53.0, 2010-08-26 04:22:30, 0.0, None 
 48.445, -123.588, 25.5, 2010-08-26 04:25:00, 0.0, None 
 48.48, -123.61, 23.5, 2010-08-26 04:27:30, 0.0, None 
 48.43, -123.49, 42.0, 2010-08-26 04:30:00, 0.0, None 
 48.47, -123.49, 43.0, 2010-08-26 04:32:30, 0.0, None 
 48.38, -123.61, 42.0, 2010-08-26 04:35:00, 0.0, None 
 48.6, -123.73, 30.0, 2010-08-26 04:50:00, 0.0, None 
 48.65, -123.9, 39.0, 2010-08-26 04:52:30, 0.0, None 
 48.49, -123.8, 20.0, 2010-08-26 05:05:00, 0.0, None 
 48.58, -123.61, 38.0, 2010-08-26 05:42:30, 0.0, None 
 48.6, -123.75, 20.0, 2010-08-26 05:45:00, 0.0, None 
 48.58, -123.77, 20.0, 2010-08-26 05:47:30, 0.0, None 
 48.78, -123.95, 26.0, 2010-08-26 05:47:30, 0.0, None 
 48.585, -123.795, 23.0, 2010-08-26 05:50:00, 0.0, None 
 46.69, -122.57, 20.0, 2010-08-26 05:50:00, 0.0, None 
 48.54, -123.805, 20.0, 2010-08-26 05:52:30, 0.0, None 
 48.525, -123.825, 20.0, 2010-08-26 05:55:00, 0.0, None 
 48.545, -123.81700000000001, 27.0, 2010-08-26 05:57:30, 0.0, None 
 48.575, -123.85, 36.0, 2010-08-26 06:00:00, 0.0, None 
 48.545, -123.87299999999999, 23.0, 2010-08-26 06:02:30, 0.0, None 
 48.515, -123.845, 20.0, 2010-08-26 06:05:00, 0.0, None 
 48.513000000000005, -123.898, 20.0, 2010-08-26 06:07:30, 0.0, None 
 48.508, -123.915, 34.0, 2010-08-26 06:10:00, 0.0, None 
 48.535, -123.845, 21.2, 2010-08-26 06:12:30, 0.0, None 
 48.585, -123.77799999999999, 40.0, 2010-08-26 06:15:00, 0.0, None 
 48.42, -123.88, 33.0, 2010-08-26 06:17:30, 0.0, None 
 48.49, -123.8, 40.0, 2010-08-26 06:25:00, 0.0, None 
 48.58, -123.75, 25.0, 2010-08-26 06:37:30, 0.0, None 
 48.52, -123.91, 20.0, 2010-08-26 06:40:00, 0.0, None 
 48.501999999999995, -123.93, 30.0, 2010-08-26 06:42:30, 0.0, None 
 48.63, -123.8, 60.0, 2010-08-26 06:57:30, 0.0, None 
 46.68, -122.67, 59.0, 2010-08-26 06:57:30, 0.0, None 
 48.585, -123.765, 31.0, 2010-08-26 07:00:00, 0.0, None 
 48.465, -123.71, 44.0, 2010-08-26 07:02:30, 0.0, None 
 48.58, -123.82799999999999, 32.0, 2010-08-26 07:05:00, 0.0, None 
 48.55, -123.795, 20.0, 2010-08-26 07:07:30, 0.0, None 
 48.52, -123.825, 23.0, 2010-08-26 07:10:00, 0.0, None 
 48.5, -123.66, 35.0, 2010-08-26 07:17:30, 0.0, None 
 48.505, -123.85, 30.0, 2010-08-26 07:37:30, 0.0, None 
 48.54, -123.855, 28.8, 2010-08-26 07:40:00, 0.0, None 
 48.53, -123.87, 28.5, 2010-08-26 07:42:30, 0.0, None 
 48.535, -123.85, 22.5, 2010-08-26 07:45:00, 0.0, None 
 48.74, -124.0, 60.0, 2010-08-26 07:45:00, 0.0, None 
 48.49, -123.83, 42.0, 2010-08-26 07:47:30, 0.0, None 
 48.35, -123.7, 20.0, 2010-08-26 07:50:00, 0.0, None 
 48.578, -123.853, 20.0, 2010-08-26 07:52:30, 0.0, None 
 48.6, -123.795, 21.0, 2010-08-26 07:55:00, 0.0, None 
 48.54, -123.85, 52.0, 2010-08-26 07:57:30, 0.0, None 
 48.573, -123.84, 26.2, 2010-08-26 08:00:00, 0.0, None 
 48.48, -123.69, 25.0, 2010-08-26 08:02:30, 0.0, None 
 48.71, -123.62, 20.0, 2010-08-26 08:05:00, 0.0, None 
 48.62, -123.74, 20.0, 2010-08-26 08:07:30, 0.0, None 
 48.61, -123.74, 27.0, 2010-08-26 08:10:00, 0.0, None 
 48.61, -123.7, 23.0, 2010-08-26 08:12:30, 0.0, None 
 48.6, -123.81, 20.0, 2010-08-26 08:15:00, 0.0, None 
 48.54, -123.735, 51.0, 2010-08-26 08:17:30, 0.0, None 
 48.54, -123.78, 40.0, 2010-08-26 08:20:00, 0.0, None 
 48.558, -123.805, 50.0, 2010-08-26 08:22:30, 0.0, None 
 46.65, -122.635, 59.0, 2010-08-26 08:22:30, 0.0, None 
 48.63, -123.73, 20.0, 2010-08-26 08:25:00, 0.0, None 
 48.585, -123.71799999999999, 60.0, 2010-08-26 08:27:30, 0.0, None 
 48.545, -123.745, 20.0, 2010-08-26 08:30:00, 0.0, None 
 48.555, -123.755, 20.0, 2010-08-26 08:32:30, 0.0, None 
 48.605, -123.845, 20.0, 2010-08-26 08:35:00, 0.0, None 
 48.535, -123.82, 20.0, 2010-08-26 08:37:30, 0.0, None 
 48.53, -123.865, 20.0, 2010-08-26 08:40:00, 0.0, None 
 48.55, -123.90299999999999, 20.0, 2010-08-26 08:42:30, 0.0, None 
 48.56, -123.92, 20.0, 2010-08-26 08:45:00, 0.0, None 
 46.59, -122.69, 54.0, 2010-08-26 08:45:00, 0.0, None 
 48.495, -123.88, 47.2, 2010-08-26 08:47:30, 0.0, None 
 46.59, -122.7, 53.0, 2010-08-26 08:47:30, 0.0, None 
 48.495, -123.93299999999999, 25.8, 2010-08-26 08:50:00, 0.0, None 
 46.64, -122.7, 60.0, 2010-08-26 08:57:30, 0.0, None 
 46.59, -122.7, 48.0, 2010-08-26 09:00:00, 0.0, None 
 46.515, -122.675, 60.0, 2010-08-26 09:02:30, 0.0, None 
 48.45, -123.905, 20.0, 2010-08-26 09:05:00, 0.0, None 
 48.53, -123.882, 20.0, 2010-08-26 09:07:30, 0.0, None 
 48.51, -124.035, 25.0, 2010-08-26 09:10:00, 0.0, None 
 48.5, -123.98, 20.0, 2010-08-26 09:12:30, 0.0, None 
 48.7, -123.76, 20.0, 2010-08-26 09:15:00, 0.0, None 
 48.65, -123.9, 20.0, 2010-08-26 09:17:30, 0.0, None 
 48.56, -123.81, 35.0, 2010-08-26 09:22:30, 0.0, None 
 46.58, -122.68, 33.5, 2010-08-26 09:32:30, 0.0, None 
 48.64, -123.76, 23.5, 2010-08-26 09:35:00, 0.0, None 
 46.61, -122.72, 31.0, 2010-08-26 09:35:00, 0.0, None 
 48.605, -123.74, 20.0, 2010-08-26 09:37:30, 0.0, None 
 48.56, -123.76, 20.0, 2010-08-26 09:40:00, 0.0, None 
 48.565, -123.85799999999999, 25.0, 2010-08-26 09:42:30, 0.0, None 
 48.58, -123.8, 24.0, 2010-08-26 09:45:00, 0.0, None 
 46.61, -122.675, 38.5, 2010-08-26 09:45:00, 0.0, None 
 48.62, -123.77, 24.0, 2010-08-26 09:47:30, 0.0, None 
 48.6, -123.82, 34.0, 2010-08-26 09:50:00, 0.0, None 
 48.605, -123.83, 22.0, 2010-08-26 09:52:30, 0.0, None 
 48.595, -123.822, 21.0, 2010-08-26 09:55:00, 0.0, None 
 46.81, -122.79, 35.0, 2010-08-26 09:57:30, 0.0, None 
 46.585, -122.71, 33.0, 2010-08-26 10:00:00, 0.0, None 
 46.59, -122.57, 40.0, 2010-08-26 10:02:30, 0.0, None 
 48.605, -123.895, 28.0, 2010-08-26 10:10:00, 0.0, None 
 48.586999999999996, -123.905, 41.2, 2010-08-26 10:12:30, 0.0, None 
 48.5, -123.89, 20.0, 2010-08-26 10:17:30, 0.0, None 
 48.71, -124.19, 28.0, 2010-08-26 10:17:30, 0.0, None 
 46.56, -122.815, 60.0, 2010-08-26 10:17:30, 0.0, None 
 48.7, -123.68, 41.0, 2010-08-26 10:20:00, 0.0, None 
 46.62, -122.755, 37.0, 2010-08-26 10:20:00, 0.0, None 
 48.58, -123.74, 28.0, 2010-08-26 10:22:30, 0.0, None 
 46.52, -122.76, 43.0, 2010-08-26 10:22:30, 0.0, None 
 48.57, -123.7, 24.0, 2010-08-26 10:25:00, 0.0, None 
 46.48, -122.735, 60.0, 2010-08-26 10:25:00, 0.0, None 
 48.67, -123.64, 46.0, 2010-08-26 10:27:30, 0.0, None 
 46.685, -122.6, 20.5, 2010-08-26 10:27:30, 0.0, None 
 48.67, -123.66, 48.0, 2010-08-26 10:30:00, 0.0, None 
 48.59, -123.73, 20.0, 2010-08-26 10:32:30, 0.0, None 
 48.69, -123.81, 21.0, 2010-08-26 10:35:00, 0.0, None 
 48.7, -123.72, 20.0, 2010-08-26 10:45:00, 0.0, None 
 48.54, -123.77, 20.0, 2010-08-26 11:00:00, 0.0, None 
 48.66, -123.7, 20.0, 2010-08-26 11:02:30, 0.0, None 
 46.575, -122.58, 52.0, 2010-08-26 11:02:30, 0.0, None 
 48.61, -123.84, 25.5, 2010-08-26 11:05:00, 0.0, None 
 48.595, -123.825, 34.0, 2010-08-26 11:07:30, 0.0, None 
 48.57, -123.58, 44.0, 2010-08-26 11:12:30, 0.0, None 
 48.395, -123.57, 45.0, 2010-08-26 11:15:00, 0.0, None 
 46.61, -122.7, 30.5, 2010-08-26 11:15:00, 0.0, None 
 48.585, -123.94, 20.0, 2010-08-26 11:17:30, 0.0, None 
 48.66, -123.89, 32.0, 2010-08-26 11:20:00, 0.0, None 
 48.57, -123.92, 20.0, 2010-08-26 11:22:30, 0.0, None 
 48.66, -123.81, 20.0, 2010-08-26 11:25:00, 0.0, None 
 48.57, -123.77, 36.0, 2010-08-26 11:27:30, 0.0, None 
 48.638000000000005, -123.87299999999999, 40.0, 2010-08-26 11:35:00, 0.0, None 
 48.59, -123.882, 22.0, 2010-08-26 11:37:30, 0.0, None 
 48.45, -123.92, 40.0, 2010-08-26 11:40:00, 0.0, None 
 48.705, -124.17, 22.5, 2010-08-26 11:40:00, 0.0, None 
 48.505, -123.825, 48.2, 2010-08-26 11:42:30, 0.0, None 
 48.55, -123.89, 20.5, 2010-08-26 11:45:00, 0.0, None 
 46.54, -122.69, 60.0, 2010-08-26 11:45:00, 0.0, None 
 48.575, -123.895, 20.0, 2010-08-26 11:47:30, 0.0, None 
 48.605, -123.865, 20.0, 2010-08-26 11:50:00, 0.0, None 
 48.53, -123.805, 20.0, 2010-08-26 11:52:30, 0.0, None 
 48.513000000000005, -123.865, 29.0, 2010-08-26 11:55:00, 0.0, None 
 48.535, -123.80799999999999, 55.2, 2010-08-26 11:57:30, 0.0, None 
 48.49, -123.83, 20.0, 2010-08-26 12:00:00, 0.0, None 
 48.51, -123.805, 22.5, 2010-08-26 12:02:30, 0.0, None 
 48.438, -123.85, 20.0, 2010-08-26 12:05:00, 0.0, None 
 48.475, -123.885, 24.8, 2010-08-26 12:07:30, 0.0, None 
 48.5, -123.82799999999999, 20.0, 2010-08-26 12:10:00, 0.0, None 
 48.49, -123.92, 21.0, 2010-08-26 12:12:30, 0.0, None 
 48.505, -123.875, 21.5, 2010-08-26 12:15:00, 0.0, None 
 48.501999999999995, -123.825, 20.0, 2010-08-26 12:17:30, 0.0, None 
 46.59, -122.71, 29.0, 2010-08-26 12:17:30, 0.0, None 
 48.44, -123.78, 40.0, 2010-08-26 12:20:00, 0.0, None 
 46.81, -122.76, 60.0, 2010-08-26 12:20:00, 0.0, None 
 48.498000000000005, -123.855, 27.2, 2010-08-26 12:22:30, 0.0, None 
 48.46, -123.70299999999999, 59.8, 2010-08-26 12:25:00, 0.0, None 
 48.515, -123.85799999999999, 20.0, 2010-08-26 12:27:30, 0.0, None 
 48.47, -123.898, 23.5, 2010-08-26 12:30:00, 0.0, None 
 48.4, -123.92, 33.0, 2010-08-26 12:32:30, 0.0, None 
 48.415, -123.9, 31.0, 2010-08-26 12:35:00, 0.0, None 
 48.448, -123.87, 34.8, 2010-08-26 12:37:30, 0.0, None 
 48.42, -123.845, 20.0, 2010-08-26 12:40:00, 0.0, None 
 48.37, -123.895, 40.0, 2010-08-26 12:42:30, 0.0, None 
 48.495, -123.77, 25.0, 2010-08-26 12:45:00, 0.0, None 
 48.468, -123.772, 25.0, 2010-08-26 12:47:30, 0.0, None 
 48.475, -123.77, 20.0, 2010-08-26 12:50:00, 0.0, None 
 48.477, -123.76299999999999, 20.0, 2010-08-26 12:52:30, 0.0, None 
 48.425, -123.75, 40.0, 2010-08-26 12:55:00, 0.0, None 
 48.43, -123.81, 44.0, 2010-08-26 12:57:30, 0.0, None 
 48.39, -123.715, 20.0, 2010-08-26 13:00:00, 0.0, None 
 48.465, -123.79700000000001, 25.0, 2010-08-26 13:02:30, 0.0, None 
 48.47, -123.815, 20.0, 2010-08-26 13:05:00, 0.0, None 
 48.415, -123.8, 33.5, 2010-08-26 13:07:30, 0.0, None 
 48.57, -123.83, 20.0, 2010-08-26 13:17:30, 0.0, None 
 48.57, -123.87700000000001, 20.0, 2010-08-26 13:20:00, 0.0, None 
 48.48, -123.85, 49.0, 2010-08-26 13:22:30, 0.0, None 
 48.495, -123.885, 21.5, 2010-08-26 13:25:00, 0.0, None 
 48.53, -123.89, 20.0, 2010-08-26 13:27:30, 0.0, None 
 48.59, -123.92, 20.0, 2010-08-26 13:30:00, 0.0, None 
 46.6, -122.6, 37.5, 2010-08-26 13:35:00, 0.0, None 
 48.52, -123.915, 40.0, 2010-08-26 13:37:30, 0.0, None 
 48.483000000000004, -123.835, 49.0, 2010-08-26 13:40:00, 0.0, None 
 48.6, -123.755, 26.5, 2010-08-26 13:52:30, 0.0, None 
 48.67, -123.75, 43.5, 2010-08-26 13:55:00, 0.0, None 
 48.48, -123.88, 31.0, 2010-08-26 14:00:00, 0.0, None 
 46.6, -122.66, 60.0, 2010-08-26 14:07:30, 0.0, None 
 48.71, -123.525, 20.0, 2010-08-26 14:22:30, 0.0, None 
 48.61, -123.79700000000001, 60.0, 2010-08-26 14:32:30, 0.0, None 
 48.61, -123.70700000000001, 23.2, 2010-08-26 14:35:00, 0.0, None 
 48.63, -123.77, 60.0, 2010-08-26 14:37:30, 0.0, None 
 48.59, -123.875, 27.0, 2010-08-26 14:40:00, 0.0, None 
 48.57, -123.93, 40.0, 2010-08-26 14:42:30, 0.0, None 
 48.68, -123.95, 60.0, 2010-08-26 14:57:30, 0.0, None 
 48.65, -123.69, 33.0, 2010-08-26 15:00:00, 0.0, None 
 48.73, -123.6, 27.0, 2010-08-26 15:02:30, 0.0, None 
 48.64, -123.675, 20.0, 2010-08-26 15:07:30, 0.0, None 
 48.6, -123.72, 35.0, 2010-08-26 15:10:00, 0.0, None 
 48.5, -123.68, 43.0, 2010-08-26 15:12:30, 0.0, None 
 48.51, -123.745, 34.0, 2010-08-26 15:20:00, 0.0, None 
 48.54, -124.0, 41.0, 2010-08-26 15:22:30, 0.0, None 
 48.62, -123.59, 60.0, 2010-08-26 15:35:00, 0.0, None 
 48.62, -123.595, 60.0, 2010-08-26 15:37:30, 0.0, None 
 48.59, -123.86, 28.0, 2010-08-26 15:47:30, 0.0, None 
 48.58, -123.94, 21.5, 2010-08-26 16:05:00, 0.0, None 
 48.58, -123.91, 20.0, 2010-08-26 16:07:30, 0.0, None 
 48.575, -123.695, 27.5, 2010-08-26 16:12:30, 0.0, None 
 48.63, -123.8, 20.0, 2010-08-26 16:15:00, 0.0, None 
 48.625, -123.82, 37.5, 2010-08-26 16:55:00, 0.0, None 
 48.615, -123.805, 40.0, 2010-08-26 16:57:30, 0.0, None 
 48.71, -123.45, 60.0, 2010-08-26 17:47:30, 0.0, None 
 48.69, -123.9, 45.0, 2010-08-26 18:00:00, 0.0, None 
 48.57, -123.77, 20.0, 2010-08-26 19:17:30, 0.0, None 
 48.585, -123.73, 20.0, 2010-08-26 19:20:00, 0.0, None 
 48.53, -123.73, 54.0, 2010-08-26 19:32:30, 0.0, None 
 48.565, -123.77, 60.0, 2010-08-26 20:05:00, 0.0, None 
 48.6, -123.71, 56.5, 2010-08-26 20:07:30, 0.0, None 
 48.77, -123.46, 60.0, 2010-08-26 20:22:30, 0.0, None 
 48.65, -123.71799999999999, 20.0, 2010-08-26 21:05:00, 0.0, None 
 48.623000000000005, -123.74, 21.0, 2010-08-26 21:07:30, 0.0, None 
 48.61, -123.7, 55.0, 2010-08-26 21:12:30, 0.0, None 
 48.51, -123.69, 60.0, 2010-08-26 21:15:00, 0.0, None 
 48.41, -123.58, 35.0, 2010-08-26 21:57:30, 0.0, None 
 46.78, -122.84, 60.0, 2010-08-26 21:57:30, 0.0, None 
 48.64, -123.92, 20.0, 2010-08-26 22:02:30, 0.0, None 
 48.48, -123.52, 20.0, 2010-08-26 22:07:30, 0.0, None 
 48.49, -123.545, 20.0, 2010-08-26 22:10:00, 0.0, None 
 48.46, -123.83, 60.0, 2010-08-26 22:17:30, 0.0, None 
 48.545, -123.632, 34.5, 2010-08-26 22:20:00, 0.0, None 
 48.535, -123.64, 29.5, 2010-08-26 22:22:30, 0.0, None 
 48.68, -123.45, 30.0, 2010-08-26 22:45:00, 0.0, None 
 48.695, -123.525, 35.0, 2010-08-26 23:07:30, 0.0, None 
 48.735, -123.925, 25.0, 2010-08-26 23:10:00, 0.0, None 
 48.65, -123.755, 20.0, 2010-08-26 23:15:00, 0.0, None 
 48.61, -123.695, 20.0, 2010-08-26 23:17:30, 0.0, None 
 48.8, -124.0, 42.0, 2010-08-26 23:17:30, 0.0, None 
 48.61, -123.67, 39.0, 2010-08-26 23:20:00, 0.0, None 
 48.565, -123.745, 24.2, 2010-08-26 23:22:30, 0.0, None 
 48.56, -123.89, 20.0, 2010-08-26 23:25:00, 0.0, None 
 48.6, -123.845, 26.8, 2010-08-26 23:27:30, 0.0, None 
 48.585, -123.775, 20.0, 2010-08-26 23:30:00, 0.0, None 
 48.59, -123.76299999999999, 20.0, 2010-08-26 23:32:30, 0.0, None 
 48.62, -123.88, 28.5, 2010-08-26 23:35:00, 0.0, None 
 48.61, -123.84, 34.0, 2010-08-26 23:37:30, 0.0, None 
 48.585, -123.775, 20.0, 2010-08-26 23:40:00, 0.0, None 
 48.59, -123.81, 20.0, 2010-08-26 23:42:30, 0.0, None 
 48.54, -123.838, 21.0, 2010-08-26 23:45:00, 0.0, None 
 48.545, -123.76700000000001, 21.5, 2010-08-26 23:47:30, 0.0, None 
 48.53, -123.787, 21.8, 2010-08-26 23:50:00, 0.0, None 
 48.555, -123.83, 26.0, 2010-08-26 23:52:30, 0.0, None 
 48.545, -123.82, 25.2, 2010-08-26 23:55:00, 0.0, None 
 48.565, -123.885, 20.0, 2010-08-27 00:00:00, 0.0, None 
 48.55, -123.89, 20.0, 2010-08-27 00:02:30, 0.0, None 
 48.54, -123.865, 24.5, 2010-08-27 00:05:00, 0.0, None 
 48.552, -123.917, 20.0, 2010-08-27 00:07:30, 0.0, None 
 48.51, -123.875, 21.2, 2010-08-27 00:10:00, 0.0, None 
 48.51, -123.95299999999999, 20.0, 2010-08-27 00:12:30, 0.0, None 
 48.505, -123.955, 20.5, 2010-08-27 00:15:00, 0.0, None 
 48.455, -123.9, 20.0, 2010-08-27 00:17:30, 0.0, None 
 48.45, -123.885, 20.0, 2010-08-27 00:20:00, 0.0, None 
 48.486999999999995, -123.89200000000001, 20.0, 2010-08-27 00:22:30, 0.0, None 
 48.495, -123.96, 27.0, 2010-08-27 00:25:00, 0.0, None 
 48.425, -123.947, 40.0, 2010-08-27 00:27:30, 0.0, None 
 48.485, -123.865, 20.0, 2010-08-27 00:30:00, 0.0, None 
 48.49, -123.875, 20.0, 2010-08-27 00:32:30, 0.0, None 
 48.495, -123.88, 21.2, 2010-08-27 00:35:00, 0.0, None 
 48.525, -123.905, 29.0, 2010-08-27 00:37:30, 0.0, None 
 48.513000000000005, -123.882, 26.0, 2010-08-27 00:40:00, 0.0, None 
 48.47, -123.81, 40.0, 2010-08-27 00:42:30, 0.0, None 
 48.445, -123.9, 23.8, 2010-08-27 00:45:00, 0.0, None 
 48.453, -123.927, 24.5, 2010-08-27 00:47:30, 0.0, None 
 48.53, -124.03, 26.0, 2010-08-27 00:50:00, 0.0, None 
 48.516999999999996, -123.773, 30.0, 2010-08-27 00:52:30, 0.0, None 
 48.468, -123.69, 38.2, 2010-08-27 00:55:00, 0.0, None 
 48.5, -123.66, 60.0, 2010-08-27 00:57:30, 0.0, None 
 48.46, -123.65700000000001, 33.0, 2010-08-27 01:02:30, 0.0, None 
 48.486999999999995, -123.64, 30.5, 2010-08-27 01:05:00, 0.0, None 
 48.475, -123.522, 33.5, 2010-08-27 01:07:30, 0.0, None 
 48.51, -123.715, 52.5, 2010-08-27 01:10:00, 0.0, None 
 48.505, -123.64299999999999, 20.0, 2010-08-27 01:12:30, 0.0, None 
 48.405, -123.67, 39.0, 2010-08-27 01:15:00, 0.0, None 
 48.52, -123.62700000000001, 20.0, 2010-08-27 01:17:30, 0.0, None 
 48.505, -123.665, 20.0, 2010-08-27 01:20:00, 0.0, None 
 48.575, -123.68, 26.2, 2010-08-27 01:22:30, 0.0, None 
 48.51, -123.575, 27.0, 2010-08-27 01:25:00, 0.0, None 
 48.525, -123.565, 46.2, 2010-08-27 01:30:00, 0.0, None 
 48.46, -123.545, 35.2, 2010-08-27 01:32:30, 0.0, None 
 48.485, -123.455, 39.0, 2010-08-27 01:35:00, 0.0, None 
 48.55, -123.51, 32.0, 2010-08-27 01:37:30, 0.0, None 
 48.575, -123.575, 29.5, 2010-08-27 01:42:30, 0.0, None 
 48.611999999999995, -123.493, 27.5, 2010-08-27 01:45:00, 0.0, None 
 48.66, -123.495, 31.0, 2010-08-27 01:47:30, 0.0, None 
 48.4, -123.70700000000001, 49.2, 2010-08-27 01:50:00, 0.0, None 
 48.47, -123.69, 28.0, 2010-08-27 01:52:30, 0.0, None 
 48.45, -123.725, 20.0, 2010-08-27 01:55:00, 0.0, None 
 48.525, -123.83, 51.2, 2010-08-27 01:57:30, 0.0, None 
 48.41, -123.7, 50.2, 2010-08-27 02:00:00, 0.0, None 
 48.515, -123.637, 32.5, 2010-08-27 02:02:30, 0.0, None 
 48.486999999999995, -123.565, 31.0, 2010-08-27 02:05:00, 0.0, None 
 48.525, -123.55799999999999, 33.5, 2010-08-27 02:07:30, 0.0, None 
 48.568000000000005, -123.588, 37.0, 2010-08-27 02:10:00, 0.0, None 
 48.633, -123.515, 35.0, 2010-08-27 02:12:30, 0.0, None 
 48.61, -123.455, 35.5, 2010-08-27 02:15:00, 0.0, None 
 48.6, -123.495, 34.5, 2010-08-27 02:17:30, 0.0, None 
 48.633, -123.553, 43.5, 2010-08-27 02:20:00, 0.0, None 
 48.6, -123.61, 20.0, 2010-08-27 02:25:00, 0.0, None 
 48.52, -123.61, 60.0, 2010-08-27 02:27:30, 0.0, None 
 48.53, -123.98, 20.0, 2010-08-27 02:30:00, 0.0, None 
 48.495, -123.895, 46.8, 2010-08-27 02:37:30, 0.0, None 
 48.508, -123.915, 21.0, 2010-08-27 02:40:00, 0.0, None 
 48.5, -123.915, 20.0, 2010-08-27 02:42:30, 0.0, None 
 48.538000000000004, -123.92, 24.0, 2010-08-27 02:45:00, 0.0, None 
 48.64, -123.77, 60.0, 2010-08-27 02:47:30, 0.0, None 
 48.513000000000005, -123.855, 30.2, 2010-08-27 02:50:00, 0.0, None 
 48.532, -123.87700000000001, 23.8, 2010-08-27 02:52:30, 0.0, None 
 48.455, -123.875, 49.5, 2010-08-27 02:55:00, 0.0, None 
 48.483000000000004, -123.9, 55.8, 2010-08-27 02:57:30, 0.0, None 
 48.5, -123.882, 22.0, 2010-08-27 03:00:00, 0.0, None 
 48.453, -123.815, 20.0, 2010-08-27 03:02:30, 0.0, None 
 48.5, -123.93, 35.2, 2010-08-27 03:05:00, 0.0, None 
 48.495, -123.89, 20.0, 2010-08-27 03:07:30, 0.0, None 
 48.49, -123.88, 20.0, 2010-08-27 03:10:00, 0.0, None 
 48.45, -123.905, 20.0, 2010-08-27 03:12:30, 0.0, None 
 48.405, -123.875, 20.0, 2010-08-27 03:15:00, 0.0, None 
 48.44, -123.78, 40.0, 2010-08-27 03:17:30, 0.0, None 
 48.47, -123.785, 20.0, 2010-08-27 03:20:00, 0.0, None 
 48.485, -123.83, 22.5, 2010-08-27 03:22:30, 0.0, None 
 48.465, -123.825, 25.0, 2010-08-27 03:25:00, 0.0, None 
 48.4, -123.845, 39.0, 2010-08-27 03:27:30, 0.0, None 
 48.405, -123.77, 32.5, 2010-08-27 03:30:00, 0.0, None 
 48.438, -123.775, 29.5, 2010-08-27 03:32:30, 0.0, None 
 48.61, -123.775, 23.2, 2010-08-27 03:35:00, 0.0, None 
 48.59, -123.705, 28.5, 2010-08-27 03:37:30, 0.0, None 
 48.72, -123.72, 20.0, 2010-08-27 03:40:00, 0.0, None 
 48.565, -123.755, 34.2, 2010-08-27 03:42:30, 0.0, None 
 48.57, -123.78, 21.0, 2010-08-27 03:45:00, 0.0, None 
 46.64, -123.09, 52.0, 2010-08-27 03:45:00, 0.0, None 
 48.54, -123.81, 20.0, 2010-08-27 03:47:30, 0.0, None 
 46.55, -123.1, 20.0, 2010-08-27 03:47:30, 0.0, None 
 48.552, -123.815, 40.8, 2010-08-27 03:50:00, 0.0, None 
 48.552, -123.84, 35.2, 2010-08-27 03:52:30, 0.0, None 
 48.547, -123.833, 26.8, 2010-08-27 03:55:00, 0.0, None 
 46.58, -123.13, 21.5, 2010-08-27 03:55:00, 0.0, None 
 48.485, -123.855, 60.0, 2010-08-27 03:57:30, 0.0, None 
 48.48, -123.72, 25.0, 2010-08-27 04:00:00, 0.0, None 
 48.405, -123.78, 40.0, 2010-08-27 04:02:30, 0.0, None 
 48.415, -123.65700000000001, 20.0, 2010-08-27 04:05:00, 0.0, None 
 48.41, -123.678, 21.8, 2010-08-27 04:07:30, 0.0, None 
 48.415, -123.70200000000001, 20.0, 2010-08-27 04:10:00, 0.0, None 
 48.46, -123.72, 20.0, 2010-08-27 04:12:30, 0.0, None 
 48.435, -123.725, 20.0, 2010-08-27 04:15:00, 0.0, None 
 48.41, -123.75200000000001, 21.2, 2010-08-27 04:17:30, 0.0, None 
 48.465, -123.775, 20.0, 2010-08-27 04:20:00, 0.0, None 
 48.405, -123.865, 20.0, 2010-08-27 04:22:30, 0.0, None 
 48.375, -123.88799999999999, 20.0, 2010-08-27 04:25:00, 0.0, None 
 48.385, -123.855, 20.0, 2010-08-27 04:27:30, 0.0, None 
 48.38, -123.8, 28.0, 2010-08-27 04:30:00, 0.0, None 
 48.455, -123.7, 60.0, 2010-08-27 04:47:30, 0.0, None 
 48.585, -123.6, 60.0, 2010-08-27 04:50:00, 0.0, None 
 48.515, -123.5, 60.0, 2010-08-27 04:52:30, 0.0, None 
 48.38, -123.66, 32.0, 2010-08-27 04:55:00, 0.0, None 
 48.04, -123.525, 60.0, 2010-08-27 04:57:30, 0.0, None 
 48.38, -123.77, 52.0, 2010-08-27 05:12:30, 0.0, None 
 48.338, -123.715, 34.5, 2010-08-27 05:15:00, 0.0, None 
 48.32, -123.72, 27.0, 2010-08-27 05:17:30, 0.0, None 
 48.415, -123.77799999999999, 39.8, 2010-08-27 05:35:00, 0.0, None 
 48.43, -123.83, 37.0, 2010-08-27 05:37:30, 0.0, None 
 48.555, -123.96, 20.0, 2010-08-27 05:40:00, 0.0, None 
 48.5, -123.92, 20.0, 2010-08-27 05:42:30, 0.0, None 
 48.498000000000005, -123.89, 20.0, 2010-08-27 05:45:00, 0.0, None 
 48.485, -123.868, 27.8, 2010-08-27 05:47:30, 0.0, None 
 48.315, -123.895, 27.0, 2010-08-27 05:50:00, 0.0, None 
 48.315, -123.83, 30.2, 2010-08-27 05:52:30, 0.0, None 
 48.41, -123.91, 20.0, 2010-08-27 05:55:00, 0.0, None 
 48.385, -123.83, 60.0, 2010-08-27 05:57:30, 0.0, None 
 48.312, -123.785, 23.5, 2010-08-27 06:00:00, 0.0, None 
 48.325, -123.8, 20.0, 2010-08-27 06:02:30, 0.0, None 
 48.335, -123.8, 20.0, 2010-08-27 06:05:00, 0.0, None 
 48.28, -123.775, 20.0, 2010-08-27 06:07:30, 0.0, None 
 48.245, -123.76, 37.5, 2010-08-27 06:10:00, 0.0, None 
 48.235, -123.77, 25.5, 2010-08-27 06:12:30, 0.0, None 
 48.285, -123.785, 20.0, 2010-08-27 06:17:30, 0.0, None 
 48.3, -123.78, 20.0, 2010-08-27 06:20:00, 0.0, None 
 48.25, -123.715, 60.0, 2010-08-27 06:22:30, 0.0, None 
 48.215, -123.75200000000001, 44.5, 2010-08-27 06:25:00, 0.0, None 
 48.183, -123.83, 30.0, 2010-08-27 06:32:30, 0.0, None 
 48.195, -123.825, 28.5, 2010-08-27 06:35:00, 0.0, None 
 46.675, -122.98, 20.0, 2010-08-27 06:35:00, 0.0, None 
 48.25, -123.8, 20.5, 2010-08-27 06:37:30, 0.0, None 
 46.85, -122.92, 45.5, 2010-08-27 06:37:30, 0.0, None 
 46.82, -122.92, 50.0, 2010-08-27 06:40:00, 0.0, None 
 48.285, -123.835, 43.5, 2010-08-27 06:45:00, 0.0, None 
 48.245, -123.82, 31.0, 2010-08-27 06:47:30, 0.0, None 
 46.73, -123.07, 20.0, 2010-08-27 06:47:30, 0.0, None 
 48.45, -123.83, 59.0, 2010-08-27 06:50:00, 0.0, None 
 46.665, -123.035, 20.0, 2010-08-27 06:50:00, 0.0, None 
 48.44, -123.86, 60.0, 2010-08-27 06:57:30, 0.0, None 
 46.77, -122.98, 60.0, 2010-08-27 06:57:30, 0.0, None 
 46.72, -123.01, 43.5, 2010-08-27 07:05:00, 0.0, None 
 46.6, -123.07, 33.0, 2010-08-27 07:17:30, 0.0, None 
 46.605, -123.105, 40.0, 2010-08-27 07:20:00, 0.0, None 
 46.78, -123.11, 28.0, 2010-08-27 07:25:00, 0.0, None 
 46.73, -123.065, 38.5, 2010-08-27 07:27:30, 0.0, None 
 46.83, -123.07, 20.0, 2010-08-27 07:30:00, 0.0, None 
 48.58, -123.92, 20.0, 2010-08-27 07:32:30, 0.0, None 
 46.79, -122.92, 32.0, 2010-08-27 07:32:30, 0.0, None 
 48.58, -123.875, 29.8, 2010-08-27 07:35:00, 0.0, None 
 46.79, -123.03, 20.0, 2010-08-27 07:35:00, 0.0, None 
 48.575, -123.85, 20.0, 2010-08-27 07:37:30, 0.0, None 
 46.77, -123.1, 31.0, 2010-08-27 07:37:30, 0.0, None 
 48.59, -123.79, 20.0, 2010-08-27 07:40:00, 0.0, None 
 46.77, -123.03, 38.0, 2010-08-27 07:40:00, 0.0, None 
 48.51, -124.04, 32.5, 2010-08-27 07:42:30, 0.0, None 
 46.72, -122.98, 36.0, 2010-08-27 07:42:30, 0.0, None 
 48.5, -124.01, 23.0, 2010-08-27 07:45:00, 0.0, None 
 48.4, -123.95, 60.0, 2010-08-27 07:57:30, 0.0, None 
 46.815, -122.95, 60.0, 2010-08-27 07:57:30, 0.0, None 
 48.68, -123.84, 42.0, 2010-08-27 08:00:00, 0.0, None 
 48.67, -123.7, 20.0, 2010-08-27 08:02:30, 0.0, None 
 48.66, -123.7, 31.0, 2010-08-27 08:05:00, 0.0, None 
 46.68, -123.12, 20.0, 2010-08-27 08:05:00, 0.0, None 
 48.648, -123.755, 45.5, 2010-08-27 08:07:30, 0.0, None 
 48.63, -123.805, 30.5, 2010-08-27 08:10:00, 0.0, None 
 48.625, -123.94, 40.0, 2010-08-27 08:12:30, 0.0, None 
 48.565, -123.805, 30.0, 2010-08-27 08:15:00, 0.0, None 
 48.61, -124.02, 60.0, 2010-08-27 08:17:30, 0.0, None 
 48.505, -123.89, 42.8, 2010-08-27 08:25:00, 0.0, None 
 48.53, -124.02, 32.0, 2010-08-27 08:27:30, 0.0, None 
 48.72, -123.5, 60.0, 2010-08-27 08:27:30, 0.0, None 
 48.495, -123.87, 20.0, 2010-08-27 08:30:00, 0.0, None 
 48.595, -123.96, 20.0, 2010-08-27 08:32:30, 0.0, None 
 46.66, -123.12, 20.0, 2010-08-27 08:32:30, 0.0, None 
 48.545, -123.917, 30.0, 2010-08-27 08:35:00, 0.0, None 
 48.585, -123.948, 20.0, 2010-08-27 08:37:30, 0.0, None 
 48.545, -123.91, 20.0, 2010-08-27 08:40:00, 0.0, None 
 48.515, -123.90700000000001, 24.5, 2010-08-27 08:42:30, 0.0, None 
 48.516999999999996, -123.895, 20.0, 2010-08-27 08:45:00, 0.0, None 
 48.57, -123.725, 20.0, 2010-08-27 08:47:30, 0.0, None 
 48.57, -123.852, 22.2, 2010-08-27 08:50:00, 0.0, None 
 48.6, -123.805, 20.0, 2010-08-27 08:52:30, 0.0, None 
 48.66, -124.0, 60.0, 2010-08-27 08:57:30, 0.0, None 
 48.61, -123.92, 36.5, 2010-08-27 09:00:00, 0.0, None 
 48.495, -123.92200000000001, 40.0, 2010-08-27 09:27:30, 0.0, None 
 48.51, -123.915, 45.0, 2010-08-27 09:30:00, 0.0, None 
 48.51, -123.99, 34.0, 2010-08-27 09:32:30, 0.0, None 
 48.585, -123.965, 49.0, 2010-08-27 09:35:00, 0.0, None 
 48.58, -123.93, 57.0, 2010-08-27 09:37:30, 0.0, None 
 48.51, -124.0, 20.0, 2010-08-27 09:42:30, 0.0, None 
 48.53, -123.885, 20.0, 2010-08-27 09:45:00, 0.0, None 
 48.615, -123.785, 54.0, 2010-08-27 09:47:30, 0.0, None 
 48.605, -123.82, 22.0, 2010-08-27 09:50:00, 0.0, None 
 48.545, -123.825, 46.0, 2010-08-27 09:52:30, 0.0, None 
 48.545, -123.655, 42.5, 2010-08-27 09:55:00, 0.0, None 
 48.58, -123.88, 20.0, 2010-08-27 10:15:00, 0.0, None 
 48.58, -123.915, 20.0, 2010-08-27 10:17:30, 0.0, None 
 48.553000000000004, -123.955, 25.8, 2010-08-27 10:20:00, 0.0, None 
 48.6, -123.78, 22.0, 2010-08-27 10:32:30, 0.0, None 
 48.7, -123.49, 35.0, 2010-08-27 10:42:30, 0.0, None 
 47.9, -123.58, 20.0, 2010-08-27 10:42:30, 0.0, None 
 48.01, -123.6, 30.0, 2010-08-27 10:45:00, 0.0, None 
 48.0, -123.62, 42.0, 2010-08-27 10:47:30, 0.0, None 
 48.49, -124.0, 30.5, 2010-08-27 10:50:00, 0.0, None 
 48.435, -123.93, 20.0, 2010-08-27 10:52:30, 0.0, None 
 48.525, -123.905, 23.0, 2010-08-27 10:55:00, 0.0, None 
 48.54, -123.90700000000001, 40.0, 2010-08-27 10:57:30, 0.0, None 
 48.54, -124.01, 37.0, 2010-08-27 11:00:00, 0.0, None 
 48.51, -123.92, 20.0, 2010-08-27 11:02:30, 0.0, None 
 48.51, -123.93, 20.0, 2010-08-27 11:05:00, 0.0, None 
 48.54, -123.928, 20.0, 2010-08-27 11:07:30, 0.0, None 
 48.565, -123.945, 20.0, 2010-08-27 11:10:00, 0.0, None 
 48.57, -123.925, 20.0, 2010-08-27 11:12:30, 0.0, None 
 48.61, -123.898, 20.0, 2010-08-27 11:15:00, 0.0, None 
 48.6, -123.885, 20.0, 2010-08-27 11:17:30, 0.0, None 
 48.558, -123.868, 41.5, 2010-08-27 11:20:00, 0.0, None 
 48.61, -123.81, 20.0, 2010-08-27 11:22:30, 0.0, None 
 48.0, -123.65, 34.5, 2010-08-27 11:22:30, 0.0, None 
 47.94, -123.6, 25.0, 2010-08-27 11:25:00, 0.0, None 
 47.94, -123.58, 23.0, 2010-08-27 11:27:30, 0.0, None 
 47.91, -123.59, 22.0, 2010-08-27 11:30:00, 0.0, None 
 47.915, -123.6, 26.5, 2010-08-27 11:32:30, 0.0, None 
 48.5, -123.74, 30.0, 2010-08-27 11:35:00, 0.0, None 
 47.99, -123.65, 60.0, 2010-08-27 11:35:00, 0.0, None 
 48.0, -123.61, 31.0, 2010-08-27 11:37:30, 0.0, None 
 46.77, -123.05, 20.0, 2010-08-27 11:37:30, 0.0, None 
 47.99, -123.53, 34.0, 2010-08-27 11:40:00, 0.0, None 
 47.948, -123.463, 28.0, 2010-08-27 11:42:30, 0.0, None 
 48.58, -123.775, 25.0, 2010-08-27 11:45:00, 0.0, None 
 48.6, -123.815, 48.5, 2010-08-27 11:47:30, 0.0, None 
 47.92, -123.61, 20.0, 2010-08-27 11:47:30, 0.0, None 
 48.66, -123.68, 49.0, 2010-08-27 11:50:00, 0.0, None 
 47.89, -123.56, 20.0, 2010-08-27 11:50:00, 0.0, None 
 46.66, -122.99, 34.5, 2010-08-27 11:50:00, 0.0, None 
 46.69, -122.985, 37.5, 2010-08-27 11:52:30, 0.0, None 
 46.82, -122.995, 60.0, 2010-08-27 11:57:30, 0.0, None 
 46.67, -122.96, 45.5, 2010-08-27 12:02:30, 0.0, None 
 46.635, -123.02, 35.5, 2010-08-27 12:05:00, 0.0, None 
 48.5, -123.995, 42.5, 2010-08-27 12:07:30, 0.0, None 
 48.595, -123.963, 41.2, 2010-08-27 12:10:00, 0.0, None 
 48.63, -123.78, 20.0, 2010-08-27 12:12:30, 0.0, None 
 48.61, -123.72, 30.0, 2010-08-27 12:15:00, 0.0, None 
 48.553000000000004, -123.645, 44.5, 2010-08-27 12:17:30, 0.0, None 
 48.623000000000005, -123.75, 22.5, 2010-08-27 12:20:00, 0.0, None 
 48.62, -123.71, 20.0, 2010-08-27 12:22:30, 0.0, None 
 48.61, -123.62, 37.0, 2010-08-27 12:25:00, 0.0, None 
 48.58, -123.655, 41.0, 2010-08-27 12:27:30, 0.0, None 
 48.605, -123.71, 51.5, 2010-08-27 12:30:00, 0.0, None 
 48.615, -123.78, 36.5, 2010-08-27 12:32:30, 0.0, None 
 48.65, -123.77, 20.0, 2010-08-27 12:35:00, 0.0, None 
 48.75, -123.71, 39.5, 2010-08-27 12:37:30, 0.0, None 
 48.62, -123.865, 32.0, 2010-08-27 12:40:00, 0.0, None 
 48.535, -123.89, 60.0, 2010-08-27 12:42:30, 0.0, None 
 47.96, -123.5, 30.0, 2010-08-27 12:50:00, 0.0, None 
 47.94, -123.52, 30.0, 2010-08-27 12:52:30, 0.0, None 
 47.89, -123.58, 28.0, 2010-08-27 12:55:00, 0.0, None 
 48.71, -123.57, 42.0, 2010-08-27 12:57:30, 0.0, None 
 47.9, -123.58, 60.0, 2010-08-27 12:57:30, 0.0, None 
 48.58, -123.59, 41.0, 2010-08-27 13:00:00, 0.0, None 
 47.98, -123.55, 30.0, 2010-08-27 13:07:30, 0.0, None 
 47.96, -123.52, 26.0, 2010-08-27 13:10:00, 0.0, None 
 48.49, -123.57, 20.0, 2010-08-27 13:12:30, 0.0, None 
 48.51, -123.99, 35.0, 2010-08-27 13:15:00, 0.0, None 
 47.99, -123.5, 50.0, 2010-08-27 13:15:00, 0.0, None 
 48.535, -123.81200000000001, 21.0, 2010-08-27 13:17:30, 0.0, None 
 48.57, -123.895, 43.8, 2010-08-27 13:20:00, 0.0, None 
 48.625, -123.90299999999999, 20.0, 2010-08-27 13:22:30, 0.0, None 
 48.615, -123.89, 20.0, 2010-08-27 13:25:00, 0.0, None 
 48.605, -123.92, 20.0, 2010-08-27 13:27:30, 0.0, None 
 48.567, -123.92, 23.0, 2010-08-27 13:30:00, 0.0, None 
 48.498000000000005, -123.93299999999999, 30.0, 2010-08-27 13:32:30, 0.0, None 
 48.508, -123.935, 40.0, 2010-08-27 13:35:00, 0.0, None 
 48.53, -123.88, 30.0, 2010-08-27 13:37:30, 0.0, None 
 48.57, -123.88, 28.0, 2010-08-27 13:45:00, 0.0, None 
 48.635, -123.89, 20.0, 2010-08-27 13:47:30, 0.0, None 
 48.567, -123.895, 20.0, 2010-08-27 13:50:00, 0.0, None 
 48.575, -123.905, 20.0, 2010-08-27 13:52:30, 0.0, None 
 48.525, -123.915, 20.0, 2010-08-27 13:55:00, 0.0, None 
 48.516999999999996, -123.885, 36.5, 2010-08-27 13:57:30, 0.0, None 
 48.52, -123.92, 20.0, 2010-08-27 14:00:00, 0.0, None 
 48.485, -123.882, 24.5, 2010-08-27 14:05:00, 0.0, None 
 48.48, -123.965, 20.0, 2010-08-27 14:07:30, 0.0, None 
 47.97, -123.43, 37.0, 2010-08-27 14:12:30, 0.0, None 
 47.92, -123.59, 20.0, 2010-08-27 14:15:00, 0.0, None 
 48.495, -123.9, 26.0, 2010-08-27 14:20:00, 0.0, None 
 48.49, -123.92, 25.5, 2010-08-27 14:22:30, 0.0, None 
 48.513000000000005, -123.98299999999999, 33.0, 2010-08-27 14:25:00, 0.0, None 
 48.5, -123.99, 20.0, 2010-08-27 14:27:30, 0.0, None 
 48.442, -123.963, 33.2, 2010-08-27 14:30:00, 0.0, None 
 48.53, -123.985, 41.8, 2010-08-27 14:32:30, 0.0, None 
 48.46, -123.92, 20.0, 2010-08-27 14:35:00, 0.0, None 
 48.51, -123.875, 23.5, 2010-08-27 14:37:30, 0.0, None 
 48.516999999999996, -123.87, 20.0, 2010-08-27 14:40:00, 0.0, None 
 48.47, -123.895, 22.2, 2010-08-27 14:42:30, 0.0, None 
 48.425, -123.885, 41.0, 2010-08-27 14:45:00, 0.0, None 
 47.915, -123.52, 60.0, 2010-08-27 15:00:00, 0.0, None 
 48.07, -123.49, 33.5, 2010-08-27 15:05:00, 0.0, None 
 48.425, -123.91, 20.0, 2010-08-27 15:07:30, 0.0, None 
 48.06, -123.47, 60.0, 2010-08-27 15:07:30, 0.0, None 
 48.045, -123.52, 20.0, 2010-08-27 15:17:30, 0.0, None 
 48.02, -123.49, 20.0, 2010-08-27 15:20:00, 0.0, None 
 48.115, -123.495, 58.0, 2010-08-27 15:22:30, 0.0, None 
 48.01, -123.52, 20.0, 2010-08-27 15:25:00, 0.0, None 
 48.01, -123.52, 20.0, 2010-08-27 15:27:30, 0.0, None 
 48.01, -123.44, 20.0, 2010-08-27 15:37:30, 0.0, None 
 48.1, -123.505, 42.0, 2010-08-27 15:40:00, 0.0, None 
 48.56, -124.02, 20.0, 2010-08-27 15:52:30, 0.0, None 
 48.49, -124.06, 29.0, 2010-08-27 15:55:00, 0.0, None 
 48.12, -123.48, 32.0, 2010-08-27 15:55:00, 0.0, None 
 48.0, -123.49, 20.0, 2010-08-27 16:12:30, 0.0, None 
 47.97, -123.53, 60.0, 2010-08-27 16:15:00, 0.0, None 
 47.92, -123.56, 40.0, 2010-08-27 16:17:30, 0.0, None 
 48.625, -123.9, 20.0, 2010-08-27 16:40:00, 0.0, None 
 48.62, -123.94, 20.0, 2010-08-27 16:42:30, 0.0, None 
 48.615, -123.92, 25.8, 2010-08-27 16:45:00, 0.0, None 
 48.61, -123.885, 20.0, 2010-08-27 16:47:30, 0.0, None 
 48.648, -123.917, 40.0, 2010-08-27 16:50:00, 0.0, None 
 48.56, -123.9, 20.0, 2010-08-27 16:52:30, 0.0, None 
 48.59, -123.885, 20.0, 2010-08-27 16:55:00, 0.0, None 
 48.525, -123.91, 50.0, 2010-08-27 16:57:30, 0.0, None 
 48.555, -123.93299999999999, 40.0, 2010-08-27 17:00:00, 0.0, None 
 48.575, -123.948, 20.0, 2010-08-27 17:02:30, 0.0, None 
 48.547, -123.917, 20.0, 2010-08-27 17:05:00, 0.0, None 
 48.59, -123.71, 20.0, 2010-08-27 17:30:00, 0.0, None 
 48.57, -123.92, 20.0, 2010-08-27 17:40:00, 0.0, None 
 48.72, -123.825, 40.0, 2010-08-27 17:42:30, 0.0, None 
 48.68, -123.71, 27.0, 2010-08-27 17:55:00, 0.0, None 
 48.6, -123.65, 60.0, 2010-08-27 17:57:30, 0.0, None 
 48.675, -123.56, 20.0, 2010-08-27 18:00:00, 0.0, None 
 48.67, -123.775, 20.0, 2010-08-27 18:05:00, 0.0, None 
 48.68, -123.78, 20.0, 2010-08-27 18:07:30, 0.0, None 
 48.67, -123.54, 22.5, 2010-08-27 18:10:00, 0.0, None 
 48.69, -123.52, 20.0, 2010-08-27 18:12:30, 0.0, None 
 48.62, -123.6, 30.5, 2010-08-27 18:17:30, 0.0, None 
 48.685, -123.555, 20.0, 2010-08-27 18:20:00, 0.0, None 
 48.69, -123.54, 25.0, 2010-08-27 18:22:30, 0.0, None 
 48.71, -123.49, 26.0, 2010-08-27 18:25:00, 0.0, None 
 48.57, -123.58, 20.0, 2010-08-27 18:27:30, 0.0, None 
 48.64, -123.58, 26.0, 2010-08-27 18:30:00, 0.0, None 
 48.71, -123.585, 20.0, 2010-08-27 18:32:30, 0.0, None 
 48.67, -123.4, 47.0, 2010-08-27 18:35:00, 0.0, None 
 48.61, -123.79, 20.0, 2010-08-27 18:37:30, 0.0, None 
 48.72, -123.54, 33.5, 2010-08-27 18:42:30, 0.0, None 
 48.7, -123.55, 40.0, 2010-08-27 18:50:00, 0.0, None 
 48.6, -123.68, 20.0, 2010-08-27 18:52:30, 0.0, None 
 48.62, -123.6, 20.0, 2010-08-27 18:55:00, 0.0, None 
 48.62, -123.52, 20.0, 2010-08-27 19:22:30, 0.0, None 
 48.63, -123.51, 20.0, 2010-08-27 19:25:00, 0.0, None 
 48.69, -123.52, 20.0, 2010-08-27 19:45:00, 0.0, None 
 48.7, -123.53, 20.0, 2010-08-27 19:47:30, 0.0, None 
 48.71, -123.575, 20.0, 2010-08-27 19:50:00, 0.0, None 
 48.63, -123.68, 48.0, 2010-08-27 20:02:30, 0.0, None 
 48.685, -123.7, 32.0, 2010-08-27 20:05:00, 0.0, None 
 48.68, -123.54, 20.0, 2010-08-27 20:15:00, 0.0, None 
 48.65, -123.525, 20.0, 2010-08-27 20:17:30, 0.0, None 
 48.58, -123.42, 29.0, 2010-08-27 20:20:00, 0.0, None 
 48.71, -123.56, 20.0, 2010-08-27 20:22:30, 0.0, None 
 48.71, -123.57, 20.0, 2010-08-27 20:25:00, 0.0, None 
 48.67, -123.57, 20.0, 2010-08-27 20:30:00, 0.0, None 
 48.64, -123.59, 29.5, 2010-08-27 20:32:30, 0.0, None 
 48.67, -123.625, 24.0, 2010-08-27 20:52:30, 0.0, None 
 48.653, -123.54, 20.0, 2010-08-27 20:55:00, 0.0, None 
 48.7, -123.44, 20.0, 2010-08-27 21:17:30, 0.0, None 
 48.71, -123.5, 20.0, 2010-08-27 21:20:00, 0.0, None 
 48.66, -123.59, 20.0, 2010-08-27 21:37:30, 0.0, None 
 48.68, -123.575, 20.0, 2010-08-27 21:40:00, 0.0, None 
 48.69, -123.47, 20.0, 2010-08-27 22:07:30, 0.0, None 
 48.72, -123.49, 20.0, 2010-08-27 22:10:00, 0.0, None 
 48.69, -123.5, 20.0, 2010-08-27 22:12:30, 0.0, None 
 48.72, -123.465, 47.0, 2010-08-27 22:50:00, 0.0, None 
 48.745, -123.53, 38.0, 2010-08-27 22:52:30, 0.0, None 
 48.75, -123.585, 30.0, 2010-08-27 22:55:00, 0.0, None 
 48.59, -123.685, 60.0, 2010-08-27 22:57:30, 0.0, None 
 48.49, -124.015, 44.2, 2010-08-27 23:00:00, 0.0, None 
 48.53, -123.95, 20.0, 2010-08-27 23:12:30, 0.0, None 
 48.468, -123.95, 33.2, 2010-08-27 23:15:00, 0.0, None 
 48.665, -123.76799999999999, 20.0, 2010-08-27 23:17:30, 0.0, None 
 48.6, -123.74, 20.0, 2010-08-27 23:20:00, 0.0, None 
 48.56, -123.9, 20.0, 2010-08-27 23:22:30, 0.0, None 
 48.605, -123.86, 60.0, 2010-08-27 23:25:00, 0.0, None 
 48.59, -123.96799999999999, 27.5, 2010-08-27 23:27:30, 0.0, None 
 48.588, -123.825, 38.8, 2010-08-27 23:30:00, 0.0, None 
 48.64, -123.52, 50.0, 2010-08-27 23:32:30, 0.0, None 
 48.66, -123.7, 44.0, 2010-08-27 23:35:00, 0.0, None 
 48.695, -123.787, 40.0, 2010-08-27 23:37:30, 0.0, None 
 48.61, -123.715, 20.0, 2010-08-27 23:40:00, 0.0, None 
 48.61, -123.59, 33.0, 2010-08-27 23:42:30, 0.0, None 
 48.65, -123.68, 20.0, 2010-08-27 23:45:00, 0.0, None 
 48.711999999999996, -123.7, 32.0, 2010-08-27 23:47:30, 0.0, None 
 48.67, -123.66799999999999, 36.8, 2010-08-27 23:50:00, 0.0, None 
 48.625, -123.72, 20.0, 2010-08-27 23:52:30, 0.0, None 
 48.65, -123.735, 54.0, 2010-08-27 23:55:00, 0.0, None 
 48.62, -123.77, 24.0, 2010-08-28 00:00:00, 0.0, None 
 48.668, -123.68299999999999, 46.5, 2010-08-28 00:02:30, 0.0, None 
 48.53, -123.725, 44.2, 2010-08-28 00:05:00, 0.0, None 
 48.547, -123.815, 42.0, 2010-08-28 00:07:30, 0.0, None 
 48.575, -123.80799999999999, 23.8, 2010-08-28 00:10:00, 0.0, None 
 48.58, -123.785, 25.5, 2010-08-28 00:12:30, 0.0, None 
 48.52, -123.67, 40.0, 2010-08-28 00:15:00, 0.0, None 
 48.62, -123.82, 20.0, 2010-08-28 00:17:30, 0.0, None 
 48.595, -123.735, 30.2, 2010-08-28 00:20:00, 0.0, None 
 48.575, -123.833, 59.0, 2010-08-28 00:22:30, 0.0, None 
 48.582, -123.912, 32.0, 2010-08-28 00:25:00, 0.0, None 
 48.58, -123.855, 20.0, 2010-08-28 00:27:30, 0.0, None 
 48.555, -123.83, 24.2, 2010-08-28 00:30:00, 0.0, None 
 48.63, -123.955, 26.0, 2010-08-28 00:32:30, 0.0, None 
 48.59, -123.9, 20.0, 2010-08-28 00:35:00, 0.0, None 
 48.57, -123.93, 21.0, 2010-08-28 00:37:30, 0.0, None 
 48.59, -123.96799999999999, 23.5, 2010-08-28 00:40:00, 0.0, None 
 48.51, -123.89, 38.2, 2010-08-28 00:42:30, 0.0, None 
 48.51, -123.95, 20.0, 2010-08-28 00:45:00, 0.0, None 
 48.49, -123.945, 20.0, 2010-08-28 00:47:30, 0.0, None 
 48.567, -123.905, 20.0, 2010-08-28 00:50:00, 0.0, None 
 48.582, -123.835, 23.0, 2010-08-28 00:52:30, 0.0, None 
 48.525, -123.9, 20.0, 2010-08-28 00:55:00, 0.0, None 
 48.475, -123.92, 60.0, 2010-08-28 00:57:30, 0.0, None 
 48.515, -123.87, 22.5, 2010-08-28 01:00:00, 0.0, None 
 48.495, -123.92299999999999, 30.0, 2010-08-28 01:02:30, 0.0, None 
 48.665, -123.37, 43.0, 2010-08-28 01:35:00, 0.0, None 
 48.66, -123.47, 27.5, 2010-08-28 01:37:30, 0.0, None 
 48.765, -123.51799999999999, 30.8, 2010-08-28 01:40:00, 0.0, None 
 48.59, -124.0, 50.5, 2010-08-28 01:50:00, 0.0, None 
 48.74, -123.78, 23.0, 2010-08-28 02:17:30, 0.0, None 
 48.73, -123.41, 28.0, 2010-08-28 02:22:30, 0.0, None 
 48.733000000000004, -123.54, 33.5, 2010-08-28 02:25:00, 0.0, None 
 48.675, -123.523, 32.0, 2010-08-28 02:27:30, 0.0, None 
 48.715, -123.535, 29.0, 2010-08-28 02:30:00, 0.0, None 
 48.93, -123.7, 20.0, 2010-08-28 02:30:00, 0.0, None 
 48.71, -123.525, 28.0, 2010-08-28 02:32:30, 0.0, None 
 48.94, -123.71, 20.0, 2010-08-28 02:32:30, 0.0, None 
 48.6, -123.51, 47.0, 2010-08-28 02:45:00, 0.0, None 
 48.66, -123.49, 55.0, 2010-08-28 03:02:30, 0.0, None 
 48.695, -123.4, 40.0, 2010-08-28 03:05:00, 0.0, None 
 48.695, -123.625, 35.0, 2010-08-28 03:07:30, 0.0, None 
 48.905, -123.44, 20.0, 2010-08-28 03:17:30, 0.0, None 
 48.81, -123.41, 46.0, 2010-08-28 03:20:00, 0.0, None 
 48.78, -123.655, 36.0, 2010-08-28 03:22:30, 0.0, None 
 48.665, -123.69, 39.5, 2010-08-28 03:25:00, 0.0, None 
 48.655, -123.7, 36.5, 2010-08-28 03:27:30, 0.0, None 
 48.665, -123.64, 30.8, 2010-08-28 03:30:00, 0.0, None 
 48.69, -123.565, 39.8, 2010-08-28 03:32:30, 0.0, None 
 48.7, -123.565, 36.8, 2010-08-28 03:35:00, 0.0, None 
 48.59, -124.04, 25.0, 2010-08-28 03:37:30, 0.0, None 
 48.57, -124.06, 20.0, 2010-08-28 03:40:00, 0.0, None 
 48.611999999999995, -123.795, 49.5, 2010-08-28 03:47:30, 0.0, None 
 48.605, -123.67, 37.2, 2010-08-28 03:50:00, 0.0, None 
 48.7, -123.635, 24.5, 2010-08-28 03:52:30, 0.0, None 
 48.696999999999996, -123.63, 20.0, 2010-08-28 03:55:00, 0.0, None 
 48.65, -123.66, 49.0, 2010-08-28 03:57:30, 0.0, None 
 48.615, -123.615, 29.8, 2010-08-28 04:00:00, 0.0, None 
 48.635, -123.62, 33.2, 2010-08-28 04:02:30, 0.0, None 
 48.69, -123.64, 32.5, 2010-08-28 04:05:00, 0.0, None 
 48.573, -123.677, 29.0, 2010-08-28 04:07:30, 0.0, None 
 48.595, -123.62, 35.0, 2010-08-28 04:10:00, 0.0, None 
 48.68, -123.78, 20.0, 2010-08-28 04:12:30, 0.0, None 
 46.675, -123.16, 34.5, 2010-08-28 04:12:30, 0.0, None 
 46.67, -123.07, 38.5, 2010-08-28 04:15:00, 0.0, None 
 48.56, -123.87, 60.0, 2010-08-28 04:20:00, 0.0, None 
 48.645, -123.685, 24.0, 2010-08-28 04:22:30, 0.0, None 
 46.58, -122.95, 52.0, 2010-08-28 04:22:30, 0.0, None 
 48.66, -123.655, 35.8, 2010-08-28 04:25:00, 0.0, None 
 48.635, -123.68799999999999, 49.5, 2010-08-28 04:27:30, 0.0, None 
 48.655, -123.695, 34.5, 2010-08-28 04:30:00, 0.0, None 
 48.645, -123.635, 51.0, 2010-08-28 04:32:30, 0.0, None 
 48.63, -123.8, 56.5, 2010-08-28 04:35:00, 0.0, None 
 46.61, -123.2, 20.0, 2010-08-28 04:35:00, 0.0, None 
 48.67, -123.73, 20.0, 2010-08-28 04:37:30, 0.0, None 
 48.61, -123.775, 26.0, 2010-08-28 04:40:00, 0.0, None 
 48.595, -123.79, 34.2, 2010-08-28 04:42:30, 0.0, None 
 46.62, -123.2, 20.0, 2010-08-28 04:42:30, 0.0, None 
 48.555, -123.605, 25.2, 2010-08-28 04:45:00, 0.0, None 
 48.555, -123.575, 23.5, 2010-08-28 04:47:30, 0.0, None 
 48.56, -123.61, 29.0, 2010-08-28 04:50:00, 0.0, None 
 46.7, -122.95, 40.0, 2010-08-28 04:50:00, 0.0, None 
 48.59, -123.74, 20.0, 2010-08-28 04:52:30, 0.0, None 
 48.58, -123.755, 20.0, 2010-08-28 04:55:00, 0.0, None 
 48.53, -123.78, 53.0, 2010-08-28 04:57:30, 0.0, None 
 46.7, -123.19, 31.5, 2010-08-28 04:57:30, 0.0, None 
 48.535, -123.743, 20.0, 2010-08-28 05:00:00, 0.0, None 
 46.635, -123.19, 31.0, 2010-08-28 05:00:00, 0.0, None 
 48.56, -123.715, 20.5, 2010-08-28 05:02:30, 0.0, None 
 48.57, -123.74, 23.0, 2010-08-28 05:05:00, 0.0, None 
 48.55, -123.675, 31.8, 2010-08-28 05:10:00, 0.0, None 
 48.585, -123.745, 49.0, 2010-08-28 05:12:30, 0.0, None 
 48.74, -123.58, 20.0, 2010-08-28 05:15:00, 0.0, None 
 48.77, -123.65299999999999, 20.0, 2010-08-28 05:17:30, 0.0, None 
 48.71, -123.55, 31.0, 2010-08-28 05:20:00, 0.0, None 
 46.68, -123.06, 21.0, 2010-08-28 05:27:30, 0.0, None 
 48.71, -123.87, 31.0, 2010-08-28 05:50:00, 0.0, None 
 48.72, -123.82, 32.0, 2010-08-28 05:52:30, 0.0, None 
 46.71, -123.04, 20.0, 2010-08-28 06:15:00, 0.0, None 
 48.74, -123.55, 23.5, 2010-08-28 06:40:00, 0.0, None 
 48.71, -123.585, 30.0, 2010-08-28 06:42:30, 0.0, None 
 48.63, -123.60799999999999, 25.8, 2010-08-28 06:45:00, 0.0, None 
 48.665, -123.6, 27.5, 2010-08-28 06:47:30, 0.0, None 
 48.703, -123.61, 37.5, 2010-08-28 06:50:00, 0.0, None 
 48.59, -123.91, 20.0, 2010-08-28 07:32:30, 0.0, None 
 48.58, -123.94, 20.0, 2010-08-28 07:35:00, 0.0, None 
 48.745, -123.82, 24.5, 2010-08-28 07:40:00, 0.0, None 
 48.7, -123.83, 20.0, 2010-08-28 07:42:30, 0.0, None 
 46.6, -123.16, 60.0, 2010-08-28 08:50:00, 0.0, None 
 48.79, -123.47, 20.0, 2010-08-28 09:12:30, 0.0, None 
 46.63, -122.96, 20.0, 2010-08-28 09:17:30, 0.0, None 
 46.62, -123.01, 37.0, 2010-08-28 09:20:00, 0.0, None 
 48.7, -123.58, 20.0, 2010-08-28 09:25:00, 0.0, None 
 48.66, -123.46, 26.0, 2010-08-28 09:27:30, 0.0, None 
 48.71, -123.66, 40.5, 2010-08-28 09:40:00, 0.0, None 
 48.73, -123.6, 20.0, 2010-08-28 09:42:30, 0.0, None 
 48.79, -123.35, 25.0, 2010-08-28 09:45:00, 0.0, None 
 48.78, -123.595, 23.0, 2010-08-28 09:47:30, 0.0, None 
 48.75, -123.88, 35.0, 2010-08-28 09:50:00, 0.0, None 
 48.77, -123.4, 29.0, 2010-08-28 09:52:30, 0.0, None 
 48.89, -123.415, 50.0, 2010-08-28 10:15:00, 0.0, None 
 48.93, -123.39, 47.0, 2010-08-28 10:17:30, 0.0, None 
 48.82, -123.45, 48.5, 2010-08-28 10:22:30, 0.0, None 
 48.875, -123.5, 45.0, 2010-08-28 10:25:00, 0.0, None 
 48.83, -123.57, 24.0, 2010-08-28 10:27:30, 0.0, None 
 48.685, -123.625, 60.0, 2010-08-28 10:40:00, 0.0, None 
 48.66, -123.6, 60.0, 2010-08-28 10:42:30, 0.0, None 
 48.69, -123.618, 42.2, 2010-08-28 10:52:30, 0.0, None 
 48.763000000000005, -123.615, 55.0, 2010-08-28 10:55:00, 0.0, None 
 48.72, -123.56200000000001, 58.0, 2010-08-28 10:57:30, 0.0, None 
 48.71, -123.47, 20.0, 2010-08-28 11:02:30, 0.0, None 
 48.65, -123.68, 51.0, 2010-08-28 11:05:00, 0.0, None 
 48.667, -123.618, 31.2, 2010-08-28 11:07:30, 0.0, None 
 48.69, -123.595, 31.0, 2010-08-28 11:10:00, 0.0, None 
 48.51, -123.86, 35.0, 2010-08-28 11:15:00, 0.0, None 
 48.71, -123.86, 60.0, 2010-08-28 11:17:30, 0.0, None 
 48.88, -123.59, 20.0, 2010-08-28 11:20:00, 0.0, None 
 48.89, -123.59, 20.0, 2010-08-28 11:22:30, 0.0, None 
 48.85, -123.5, 20.0, 2010-08-28 11:25:00, 0.0, None 
 48.81, -123.59, 26.5, 2010-08-28 11:52:30, 0.0, None 
 48.705, -123.51, 60.0, 2010-08-28 11:57:30, 0.0, None 
 48.62, -123.62, 20.0, 2010-08-28 12:00:00, 0.0, None 
 48.695, -123.78, 29.0, 2010-08-28 12:02:30, 0.0, None 
 48.63, -123.7, 31.5, 2010-08-28 12:05:00, 0.0, None 
 48.608000000000004, -123.705, 35.5, 2010-08-28 12:07:30, 0.0, None 
 48.8, -123.645, 30.0, 2010-08-28 12:10:00, 0.0, None 
 48.89, -123.64, 41.5, 2010-08-28 12:30:00, 0.0, None 
 48.835, -123.68, 45.5, 2010-08-28 12:32:30, 0.0, None 
 48.66, -123.875, 20.0, 2010-08-28 12:35:00, 0.0, None 
 48.71, -123.99, 36.5, 2010-08-28 12:37:30, 0.0, None 
 48.71, -123.615, 35.0, 2010-08-28 12:42:30, 0.0, None 
 48.648, -123.595, 32.8, 2010-08-28 12:45:00, 0.0, None 
 48.64, -123.603, 23.5, 2010-08-28 12:47:30, 0.0, None 
 48.715, -123.59700000000001, 26.8, 2010-08-28 12:50:00, 0.0, None 
 48.79, -123.67, 20.0, 2010-08-28 12:52:30, 0.0, None 
 48.59, -123.88, 20.0, 2010-08-28 13:07:30, 0.0, None 
 48.65, -123.8, 20.0, 2010-08-28 13:10:00, 0.0, None 
 48.79, -123.67, 30.0, 2010-08-28 13:25:00, 0.0, None 
 48.49, -123.73, 48.0, 2010-08-28 13:30:00, 0.0, None 
 48.8, -123.53, 49.0, 2010-08-28 13:32:30, 0.0, None 
 48.88, -123.56, 20.0, 2010-08-28 13:35:00, 0.0, None 
 48.785, -123.61, 32.5, 2010-08-28 13:45:00, 0.0, None 
 48.71, -123.625, 36.0, 2010-08-28 13:47:30, 0.0, None 
 48.94, -123.8, 25.0, 2010-08-28 13:52:30, 0.0, None 
 48.89, -123.785, 39.0, 2010-08-28 13:55:00, 0.0, None 
 48.87, -123.46, 52.5, 2010-08-28 13:57:30, 0.0, None 
 48.87, -123.57, 23.0, 2010-08-28 14:00:00, 0.0, None 
 48.825, -123.43, 40.5, 2010-08-28 14:07:30, 0.0, None 
 48.81, -123.4, 43.0, 2010-08-28 14:10:00, 0.0, None 
 48.69, -123.91, 47.0, 2010-08-28 14:15:00, 0.0, None 
 48.81, -123.66, 60.0, 2010-08-28 14:17:30, 0.0, None 
 48.69, -123.82, 29.0, 2010-08-28 14:20:00, 0.0, None 
 48.64, -123.905, 35.5, 2010-08-28 14:22:30, 0.0, None 
 48.595, -123.825, 20.0, 2010-08-28 14:32:30, 0.0, None 
 48.615, -123.88, 34.5, 2010-08-28 14:35:00, 0.0, None 
 48.6, -123.84, 20.0, 2010-08-28 14:37:30, 0.0, None 
 48.608000000000004, -123.815, 20.0, 2010-08-28 14:40:00, 0.0, None 
 48.59, -123.835, 20.0, 2010-08-28 14:42:30, 0.0, None 
 48.538000000000004, -123.91, 24.0, 2010-08-28 14:45:00, 0.0, None 
 48.59, -123.82, 22.0, 2010-08-28 14:47:30, 0.0, None 
 48.69, -123.75, 20.0, 2010-08-28 14:52:30, 0.0, None 
 48.8, -123.815, 60.0, 2010-08-28 14:57:30, 0.0, None 
 48.595, -124.01, 23.5, 2010-08-28 15:00:00, 0.0, None 
 48.59, -123.97, 20.0, 2010-08-28 15:02:30, 0.0, None 
 46.66, -123.05, 20.0, 2010-08-28 15:02:30, 0.0, None 
 48.58, -123.845, 25.0, 2010-08-28 15:05:00, 0.0, None 
 48.53, -123.84, 20.0, 2010-08-28 15:07:30, 0.0, None 
 48.655, -123.89200000000001, 20.0, 2010-08-28 15:10:00, 0.0, None 
 48.63, -124.005, 29.5, 2010-08-28 15:12:30, 0.0, None 
 48.573, -123.96, 22.0, 2010-08-28 15:15:00, 0.0, None 
 46.61, -122.98, 51.0, 2010-08-28 15:17:30, 0.0, None 
 46.61, -122.93, 20.0, 2010-08-28 15:20:00, 0.0, None 
 48.578, -123.96799999999999, 26.8, 2010-08-28 15:22:30, 0.0, None 
 48.588, -123.94200000000001, 30.0, 2010-08-28 15:25:00, 0.0, None 
 48.725, -123.715, 44.0, 2010-08-28 15:27:30, 0.0, None 
 48.602, -123.898, 20.0, 2010-08-28 15:30:00, 0.0, None 
 48.545, -123.88, 20.0, 2010-08-28 15:32:30, 0.0, None 
 48.525, -123.93, 20.0, 2010-08-28 15:35:00, 0.0, None 
 48.8, -123.5, 46.0, 2010-08-28 15:37:30, 0.0, None 
 48.62, -123.81, 40.0, 2010-08-28 15:40:00, 0.0, None 
 48.795, -123.53, 52.0, 2010-08-28 15:45:00, 0.0, None 
 48.415, -123.88, 35.5, 2010-08-28 15:55:00, 0.0, None 
 48.675, -123.89, 60.0, 2010-08-28 15:57:30, 0.0, None 
 48.65, -123.82, 20.0, 2010-08-28 16:00:00, 0.0, None 
 48.72, -123.83, 21.0, 2010-08-28 16:02:30, 0.0, None 
 48.7, -123.87, 23.0, 2010-08-28 16:05:00, 0.0, None 
 48.51, -123.79, 20.0, 2010-08-28 16:10:00, 0.0, None 
 48.62, -123.743, 40.0, 2010-08-28 16:12:30, 0.0, None 
 48.605, -123.84700000000001, 20.0, 2010-08-28 16:15:00, 0.0, None 
 48.6, -123.83, 20.0, 2010-08-28 16:17:30, 0.0, None 
 48.6, -123.87, 20.0, 2010-08-28 16:20:00, 0.0, None 
 48.567, -123.825, 20.0, 2010-08-28 16:22:30, 0.0, None 
 48.56, -123.84, 20.0, 2010-08-28 16:25:00, 0.0, None 
 48.565, -123.885, 20.0, 2010-08-28 16:27:30, 0.0, None 
 48.54, -123.9, 20.0, 2010-08-28 16:30:00, 0.0, None 
 48.562, -123.88, 20.0, 2010-08-28 16:32:30, 0.0, None 
 48.623000000000005, -123.885, 20.0, 2010-08-28 16:35:00, 0.0, None 
 48.575, -123.882, 20.0, 2010-08-28 16:37:30, 0.0, None 
 48.565, -123.83, 20.0, 2010-08-28 16:40:00, 0.0, None 
 48.52, -123.87, 20.0, 2010-08-28 16:42:30, 0.0, None 
 48.53, -123.91, 23.0, 2010-08-28 16:45:00, 0.0, None 
 48.515, -123.88, 20.0, 2010-08-28 16:47:30, 0.0, None 
 48.523, -123.89200000000001, 21.5, 2010-08-28 16:50:00, 0.0, None 
 48.59, -123.82799999999999, 20.0, 2010-08-28 16:52:30, 0.0, None 
 48.575, -123.79, 20.0, 2010-08-28 16:55:00, 0.0, None 
 48.51, -123.8, 33.0, 2010-08-28 16:57:30, 0.0, None 
 48.53, -123.695, 20.0, 2010-08-28 17:00:00, 0.0, None 
 48.555, -123.795, 23.8, 2010-08-28 17:02:30, 0.0, None 
 48.46, -123.915, 30.0, 2010-08-28 17:05:00, 0.0, None 
 48.57, -123.89, 46.0, 2010-08-28 17:07:30, 0.0, None 
 48.51, -123.87, 20.0, 2010-08-28 17:10:00, 0.0, None 
 48.74, -123.6, 26.0, 2010-08-28 17:15:00, 0.0, None 
 48.61, -123.78, 26.0, 2010-08-28 17:22:30, 0.0, None 
 48.461999999999996, -123.89, 20.0, 2010-08-28 17:25:00, 0.0, None 
 48.505, -123.845, 20.0, 2010-08-28 17:27:30, 0.0, None 
 48.492, -123.815, 20.0, 2010-08-28 17:30:00, 0.0, None 
 48.81, -123.56, 37.5, 2010-08-28 17:37:30, 0.0, None 
 48.805, -123.585, 20.0, 2010-08-28 17:40:00, 0.0, None 
 48.5, -123.775, 20.0, 2010-08-28 17:45:00, 0.0, None 
 48.53, -123.725, 52.0, 2010-08-28 17:47:30, 0.0, None 
 48.76, -123.61, 29.0, 2010-08-28 17:55:00, 0.0, None 
 48.66, -123.68, 47.0, 2010-08-28 17:57:30, 0.0, None 
 48.62, -123.99, 60.0, 2010-08-28 18:10:00, 0.0, None 
 48.705, -123.68299999999999, 30.5, 2010-08-28 18:12:30, 0.0, None 
 48.91, -123.63, 20.0, 2010-08-28 18:20:00, 0.0, None 
 48.7, -123.69, 36.0, 2010-08-28 18:22:30, 0.0, None 
 48.7, -123.97, 24.0, 2010-08-28 18:40:00, 0.0, None 
 48.68, -123.97, 31.0, 2010-08-28 18:42:30, 0.0, None 
 48.65, -123.905, 20.0, 2010-08-28 18:45:00, 0.0, None 
 48.82, -123.66, 53.0, 2010-08-28 18:57:30, 0.0, None 
 48.74, -123.59, 41.0, 2010-08-28 19:05:00, 0.0, None 
 48.785, -123.76, 31.0, 2010-08-28 19:10:00, 0.0, None 
 48.79, -123.53, 59.0, 2010-08-28 19:12:30, 0.0, None 
 48.75, -123.64, 43.0, 2010-08-28 19:22:30, 0.0, None 
 48.84, -123.61, 20.0, 2010-08-28 19:25:00, 0.0, None 
 48.68, -123.985, 60.0, 2010-08-28 19:37:30, 0.0, None 
 48.78, -123.81, 34.0, 2010-08-28 19:40:00, 0.0, None 
 48.8, -123.69, 20.0, 2010-08-28 19:42:30, 0.0, None 
 48.785, -123.69, 22.5, 2010-08-28 19:45:00, 0.0, None 
 48.708, -123.73, 40.0, 2010-08-28 19:47:30, 0.0, None 
 48.71, -123.94, 22.0, 2010-08-28 19:50:00, 0.0, None 
 48.78, -123.93, 24.5, 2010-08-28 19:52:30, 0.0, None 
 48.648, -123.84700000000001, 44.2, 2010-08-28 19:55:00, 0.0, None 
 48.655, -123.825, 53.0, 2010-08-28 19:57:30, 0.0, None 
 48.69, -123.8, 29.0, 2010-08-28 20:00:00, 0.0, None 
 48.71, -123.76, 26.0, 2010-08-28 20:02:30, 0.0, None 
 48.89, -123.67, 20.0, 2010-08-28 20:10:00, 0.0, None 
 48.905, -123.695, 20.0, 2010-08-28 20:15:00, 0.0, None 
 48.65, -123.98, 37.0, 2010-08-28 20:32:30, 0.0, None 
 48.655, -124.06, 36.0, 2010-08-28 20:35:00, 0.0, None 
 48.7, -123.66, 50.0, 2010-08-28 20:47:30, 0.0, None 
 48.91, -123.57, 44.5, 2010-08-28 21:12:30, 0.0, None 
 48.865, -123.64, 20.0, 2010-08-28 21:15:00, 0.0, None 
 48.835, -123.71, 20.0, 2010-08-28 21:17:30, 0.0, None 
 48.86, -123.77, 20.0, 2010-08-28 21:45:00, 0.0, None 
 48.75, -123.83, 57.0, 2010-08-28 21:57:30, 0.0, None 
 48.89, -123.5, 42.5, 2010-08-28 22:17:30, 0.0, None 
 48.69, -123.83, 23.5, 2010-08-28 22:20:00, 0.0, None 
 48.72, -123.855, 26.2, 2010-08-28 22:22:30, 0.0, None 
 48.675, -123.855, 28.5, 2010-08-28 22:25:00, 0.0, None 
 48.73, -123.865, 35.5, 2010-08-28 22:27:30, 0.0, None 
 46.61, -123.21, 60.0, 2010-08-28 22:27:30, 0.0, None 
 48.78, -123.78, 26.5, 2010-08-28 22:30:00, 0.0, None 
 48.832, -123.65700000000001, 20.0, 2010-08-28 22:32:30, 0.0, None 
 48.78, -123.87, 21.0, 2010-08-28 22:35:00, 0.0, None 
 48.79, -123.76, 30.0, 2010-08-28 22:37:30, 0.0, None 
 48.6, -123.955, 33.5, 2010-08-28 22:50:00, 0.0, None 
 48.59, -124.0, 32.0, 2010-08-28 22:52:30, 0.0, None 
 48.795, -123.7, 31.5, 2010-08-28 22:57:30, 0.0, None 
 48.76, -123.695, 27.0, 2010-08-28 23:00:00, 0.0, None 
 48.67, -123.8, 20.0, 2010-08-28 23:02:30, 0.0, None 
 48.77, -123.77, 29.0, 2010-08-28 23:07:30, 0.0, None 
 46.58, -123.04, 40.0, 2010-08-28 23:07:30, 0.0, None 
 48.81, -123.71, 23.0, 2010-08-28 23:10:00, 0.0, None 
 48.81, -123.63, 24.0, 2010-08-28 23:12:30, 0.0, None 
 48.76, -123.665, 20.5, 2010-08-28 23:17:30, 0.0, None 
 48.79, -123.64, 20.0, 2010-08-28 23:20:00, 0.0, None 
 48.74, -123.825, 20.0, 2010-08-28 23:22:30, 0.0, None 
 48.742, -123.71, 20.0, 2010-08-28 23:25:00, 0.0, None 
 48.75, -123.65700000000001, 24.5, 2010-08-28 23:27:30, 0.0, None 
 48.79, -123.63, 25.0, 2010-08-28 23:30:00, 0.0, None 
 48.821999999999996, -123.648, 23.5, 2010-08-28 23:32:30, 0.0, None 
 48.78, -123.70299999999999, 34.2, 2010-08-28 23:35:00, 0.0, None 
 48.72, -123.74, 34.2, 2010-08-28 23:37:30, 0.0, None 
 48.675, -123.75, 26.5, 2010-08-28 23:40:00, 0.0, None 
 48.71, -123.87, 30.0, 2010-08-28 23:42:30, 0.0, None 
 48.75, -123.87, 32.0, 2010-08-28 23:50:00, 0.0, None 
 48.703, -123.88, 31.5, 2010-08-28 23:52:30, 0.0, None 
 48.678000000000004, -123.825, 54.2, 2010-08-28 23:55:00, 0.0, None 
 48.605, -123.865, 31.2, 2010-08-29 00:00:00, 0.0, None 
 48.7, -123.815, 20.0, 2010-08-29 00:02:30, 0.0, None 
 48.67, -123.89, 20.0, 2010-08-29 00:05:00, 0.0, None 
 48.64, -123.895, 24.5, 2010-08-29 00:07:30, 0.0, None 
 48.83, -124.11, 51.5, 2010-08-29 00:07:30, 0.0, None 
 48.655, -123.875, 22.5, 2010-08-29 00:10:00, 0.0, None 
 48.76, -123.735, 40.5, 2010-08-29 00:12:30, 0.0, None 
 48.75, -123.93799999999999, 20.0, 2010-08-29 00:15:00, 0.0, None 
 48.695, -123.805, 24.0, 2010-08-29 00:17:30, 0.0, None 
 48.72, -123.805, 33.0, 2010-08-29 00:20:00, 0.0, None 
 48.843, -123.787, 49.0, 2010-08-29 00:22:30, 0.0, None 
 48.71, -123.67, 42.0, 2010-08-29 00:25:00, 0.0, None 
 48.69, -123.78, 45.5, 2010-08-29 00:27:30, 0.0, None 
 48.64, -124.055, 44.5, 2010-08-29 00:30:00, 0.0, None 
 48.62, -123.92, 32.5, 2010-08-29 00:32:30, 0.0, None 
 48.75, -123.785, 33.5, 2010-08-29 00:35:00, 0.0, None 
 48.69, -123.83, 59.0, 2010-08-29 00:37:30, 0.0, None 
 48.635, -123.765, 26.0, 2010-08-29 00:40:00, 0.0, None 
 48.77, -123.61, 20.5, 2010-08-29 00:42:30, 0.0, None 
 46.725, -123.1, 20.0, 2010-08-29 00:55:00, 0.0, None 
 46.83, -122.92, 60.0, 2010-08-29 00:57:30, 0.0, None 
 48.7, -123.66, 35.0, 2010-08-29 01:05:00, 0.0, None 
 48.71, -123.89, 50.0, 2010-08-29 01:12:30, 0.0, None 
 48.63, -123.86, 24.0, 2010-08-29 01:22:30, 0.0, None 
 48.6, -123.93, 37.0, 2010-08-29 01:25:00, 0.0, None 
 48.582, -123.915, 27.8, 2010-08-29 01:27:30, 0.0, None 
 48.65, -123.975, 20.0, 2010-08-29 01:30:00, 0.0, None 
 48.67, -123.99, 22.0, 2010-08-29 01:32:30, 0.0, None 
 48.83, -123.6, 20.0, 2010-08-29 01:35:00, 0.0, None 
 46.68, -123.01, 20.0, 2010-08-29 01:42:30, 0.0, None 
 46.83, -122.865, 60.0, 2010-08-29 01:45:00, 0.0, None 
 48.71, -123.82, 20.0, 2010-08-29 01:52:30, 0.0, None 
 46.61, -123.0, 60.0, 2010-08-29 01:52:30, 0.0, None 
 48.58, -123.91, 60.0, 2010-08-29 01:57:30, 0.0, None 
 48.727, -123.97, 40.0, 2010-08-29 02:07:30, 0.0, None 
 48.74, -123.87, 41.0, 2010-08-29 02:17:30, 0.0, None 
 48.71, -123.84, 54.0, 2010-08-29 02:20:00, 0.0, None 
 46.57, -123.225, 37.0, 2010-08-29 02:20:00, 0.0, None 
 48.68, -123.9, 24.0, 2010-08-29 02:22:30, 0.0, None 
 46.58, -123.23, 34.0, 2010-08-29 02:22:30, 0.0, None 
 48.69, -123.91, 32.0, 2010-08-29 02:25:00, 0.0, None 
 48.69, -123.81, 26.0, 2010-08-29 02:27:30, 0.0, None 
 48.7, -123.833, 26.8, 2010-08-29 02:30:00, 0.0, None 
 48.67, -124.03, 36.0, 2010-08-29 02:32:30, 0.0, None 
 48.6, -123.94, 29.0, 2010-08-29 02:35:00, 0.0, None 
 48.56, -123.85, 25.5, 2010-08-29 02:37:30, 0.0, None 
 48.83, -124.1, 51.0, 2010-08-29 02:37:30, 0.0, None 
 48.698, -123.98, 37.0, 2010-08-29 02:40:00, 0.0, None 
 48.61, -123.99, 28.0, 2010-08-29 02:42:30, 0.0, None 
 48.62, -124.0, 30.0, 2010-08-29 02:45:00, 0.0, None 
 46.62, -122.98, 35.5, 2010-08-29 02:45:00, 0.0, None 
 46.61, -123.0, 40.0, 2010-08-29 02:47:30, 0.0, None 
 48.89, -123.69, 20.0, 2010-08-29 02:50:00, 0.0, None 
 48.85, -123.655, 22.5, 2010-08-29 02:52:30, 0.0, None 
 48.88, -123.73, 27.0, 2010-08-29 02:55:00, 0.0, None 
 48.78, -123.8, 60.0, 2010-08-29 02:57:30, 0.0, None 
 48.84, -123.71, 20.0, 2010-08-29 03:05:00, 0.0, None 
 48.83, -123.65, 25.5, 2010-08-29 03:07:30, 0.0, None 
 48.87, -123.68, 20.0, 2010-08-29 03:10:00, 0.0, None 
 48.91, -123.73, 20.0, 2010-08-29 03:12:30, 0.0, None 
 48.86, -123.95, 36.0, 2010-08-29 03:15:00, 0.0, None 
 48.91, -123.77, 23.0, 2010-08-29 03:17:30, 0.0, None 
 48.795, -123.852, 20.0, 2010-08-29 03:20:00, 0.0, None 
 48.81, -123.77, 20.0, 2010-08-29 03:22:30, 0.0, None 
 48.6, -123.84, 29.0, 2010-08-29 03:25:00, 0.0, None 
 48.55, -123.94, 29.0, 2010-08-29 03:27:30, 0.0, None 
 48.815, -123.8, 49.0, 2010-08-29 03:30:00, 0.0, None 
 48.71, -123.87, 46.0, 2010-08-29 03:32:30, 0.0, None 
 46.59, -122.72, 20.0, 2010-08-29 03:37:30, 0.0, None 
 48.875, -123.67, 40.0, 2010-08-29 03:45:00, 0.0, None 
 48.88, -123.71, 20.0, 2010-08-29 03:47:30, 0.0, None 
 48.795, -123.665, 22.5, 2010-08-29 03:50:00, 0.0, None 
 48.63, -123.93299999999999, 56.0, 2010-08-29 03:57:30, 0.0, None 
 48.795, -123.65, 20.0, 2010-08-29 04:00:00, 0.0, None 
 48.78, -123.86, 44.0, 2010-08-29 04:02:30, 0.0, None 
 48.615, -123.98, 20.0, 2010-08-29 04:05:00, 0.0, None 
 48.53, -123.91, 54.0, 2010-08-29 04:07:30, 0.0, None 
 46.49, -123.135, 44.0, 2010-08-29 04:07:30, 0.0, None 
 48.54, -123.898, 56.0, 2010-08-29 04:10:00, 0.0, None 
 46.69, -123.007, 39.2, 2010-08-29 04:12:30, 0.0, None 
 48.61, -123.78, 60.0, 2010-08-29 04:15:00, 0.0, None 
 46.71, -122.97, 41.0, 2010-08-29 04:15:00, 0.0, None 
 48.92, -123.7, 30.0, 2010-08-29 04:17:30, 0.0, None 
 48.905, -123.69, 23.5, 2010-08-29 04:20:00, 0.0, None 
 48.8, -123.72, 48.0, 2010-08-29 04:22:30, 0.0, None 
 48.88, -123.72, 20.0, 2010-08-29 04:25:00, 0.0, None 
 48.85, -123.745, 20.5, 2010-08-29 04:27:30, 0.0, None 
 48.87, -123.74, 22.5, 2010-08-29 04:30:00, 0.0, None 
 46.54, -123.0, 28.0, 2010-08-29 04:30:00, 0.0, None 
 48.9, -123.73, 20.0, 2010-08-29 04:32:30, 0.0, None 
 48.91, -123.72, 20.5, 2010-08-29 04:35:00, 0.0, None 
 48.8, -123.84, 20.0, 2010-08-29 04:42:30, 0.0, None 
 46.71, -122.97, 35.0, 2010-08-29 04:45:00, 0.0, None 
 48.87, -123.755, 29.0, 2010-08-29 04:47:30, 0.0, None 
 46.69, -122.98, 34.0, 2010-08-29 04:47:30, 0.0, None 
 48.78, -123.83, 30.0, 2010-08-29 04:50:00, 0.0, None 
 48.67, -123.96, 29.5, 2010-08-29 04:52:30, 0.0, None 
 46.48, -123.18, 20.0, 2010-08-29 04:52:30, 0.0, None 
 48.67, -123.99, 33.0, 2010-08-29 04:55:00, 0.0, None 
 46.736999999999995, -122.995, 34.2, 2010-08-29 04:55:00, 0.0, None 
 48.635, -123.775, 60.0, 2010-08-29 04:57:30, 0.0, None 
 48.715, -123.78, 50.0, 2010-08-29 05:00:00, 0.0, None 
 48.83, -123.775, 47.5, 2010-08-29 05:02:30, 0.0, None 
 48.81, -123.93, 47.5, 2010-08-29 05:05:00, 0.0, None 
 48.605, -123.94, 22.0, 2010-08-29 05:07:30, 0.0, None 
 48.59, -123.85, 26.0, 2010-08-29 05:10:00, 0.0, None 
 48.8, -124.035, 60.0, 2010-08-29 05:10:00, 0.0, None 
 48.89, -123.715, 20.0, 2010-08-29 05:15:00, 0.0, None 
 46.7, -122.83, 60.0, 2010-08-29 05:17:30, 0.0, None 
 48.84, -123.72, 50.0, 2010-08-29 05:20:00, 0.0, None 
 46.71, -122.93, 42.0, 2010-08-29 05:20:00, 0.0, None 
 48.74, -123.725, 55.5, 2010-08-29 05:22:30, 0.0, None 
 48.99, -123.71, 20.0, 2010-08-29 05:25:00, 0.0, None 
 48.71, -123.63, 52.0, 2010-08-29 05:35:00, 0.0, None 
 46.62, -122.97, 29.0, 2010-08-29 05:35:00, 0.0, None 
 48.81, -123.685, 47.0, 2010-08-29 05:37:30, 0.0, None 
 46.61, -122.96, 20.0, 2010-08-29 05:37:30, 0.0, None 
 48.85, -123.71, 24.0, 2010-08-29 05:40:00, 0.0, None 
 46.675, -122.9, 52.0, 2010-08-29 05:40:00, 0.0, None 
 48.495, -123.78, 52.0, 2010-08-29 05:45:00, 0.0, None 
 46.79, -122.86, 54.0, 2010-08-29 05:45:00, 0.0, None 
 48.69, -123.885, 37.0, 2010-08-29 05:47:30, 0.0, None 
 48.705, -123.89, 20.0, 2010-08-29 05:50:00, 0.0, None 
 48.71, -123.925, 29.5, 2010-08-29 05:52:30, 0.0, None 
 46.71, -123.08, 37.0, 2010-08-29 05:52:30, 0.0, None 
 48.62, -123.99, 20.0, 2010-08-29 05:55:00, 0.0, None 
 46.61, -122.73, 27.0, 2010-08-29 05:55:00, 0.0, None 
 48.72, -124.05, 33.5, 2010-08-29 05:57:30, 0.0, None 
 46.57, -122.82, 60.0, 2010-08-29 05:57:30, 0.0, None 
 48.69, -123.82, 20.0, 2010-08-29 06:00:00, 0.0, None 
 48.61, -124.03, 20.0, 2010-08-29 06:02:30, 0.0, None 
 48.62, -124.0, 22.8, 2010-08-29 06:05:00, 0.0, None 
 46.63, -122.9, 50.0, 2010-08-29 06:05:00, 0.0, None 
 48.722, -123.8, 46.5, 2010-08-29 06:07:30, 0.0, None 
 46.586999999999996, -122.94200000000001, 45.5, 2010-08-29 06:07:30, 0.0, None 
 48.71, -123.82, 32.0, 2010-08-29 06:10:00, 0.0, None 
 46.7, -122.91, 60.0, 2010-08-29 06:10:00, 0.0, None 
 48.91, -123.73, 30.5, 2010-08-29 06:15:00, 0.0, None 
 48.795, -123.67, 22.5, 2010-08-29 06:17:30, 0.0, None 
 48.86, -123.78, 20.0, 2010-08-29 06:20:00, 0.0, None 
 48.65, -123.53, 31.0, 2010-08-29 06:20:00, 0.0, None 
 46.745, -123.07, 20.0, 2010-08-29 06:20:00, 0.0, None 
 48.805, -123.695, 24.5, 2010-08-29 06:22:30, 0.0, None 
 46.67, -123.05, 45.0, 2010-08-29 06:22:30, 0.0, None 
 48.91, -123.79700000000001, 29.0, 2010-08-29 06:25:00, 0.0, None 
 48.96, -123.84, 20.0, 2010-08-29 06:27:30, 0.0, None 
 48.83, -123.82, 23.0, 2010-08-29 06:30:00, 0.0, None 
 46.7, -123.105, 20.0, 2010-08-29 06:30:00, 0.0, None 
 48.84, -123.78, 25.0, 2010-08-29 06:32:30, 0.0, None 
 48.85, -123.79, 28.0, 2010-08-29 06:35:00, 0.0, None 
 48.86, -123.785, 40.0, 2010-08-29 06:37:30, 0.0, None 
 46.635, -123.025, 35.8, 2010-08-29 06:40:00, 0.0, None 
 48.67, -123.62, 60.0, 2010-08-29 06:42:30, 0.0, None 
 46.61, -123.18, 60.0, 2010-08-29 06:52:30, 0.0, None 
 48.695, -124.13, 60.0, 2010-08-29 06:55:00, 0.0, None 
 46.625, -123.03, 60.0, 2010-08-29 06:55:00, 0.0, None 
 48.625, -123.85, 60.0, 2010-08-29 06:57:30, 0.0, None 
 46.54, -122.825, 60.0, 2010-08-29 06:57:30, 0.0, None 
 48.685, -123.875, 60.0, 2010-08-29 07:00:00, 0.0, None 
 46.66, -122.9, 42.0, 2010-08-29 07:00:00, 0.0, None 
 48.71, -123.955, 48.0, 2010-08-29 07:02:30, 0.0, None 
 48.685, -123.99799999999999, 39.8, 2010-08-29 07:05:00, 0.0, None 
 46.523, -123.243, 20.0, 2010-08-29 07:07:30, 0.0, None 
 48.69, -123.875, 29.0, 2010-08-29 07:10:00, 0.0, None 
 46.588, -123.235, 20.0, 2010-08-29 07:10:00, 0.0, None 
 46.69, -123.23, 28.0, 2010-08-29 07:12:30, 0.0, None 
 48.735, -123.795, 20.0, 2010-08-29 07:15:00, 0.0, None 
 46.65, -123.215, 30.0, 2010-08-29 07:15:00, 0.0, None 
 46.575, -123.205, 35.0, 2010-08-29 07:17:30, 0.0, None 
 46.7, -123.06, 39.0, 2010-08-29 07:20:00, 0.0, None 
 46.56, -122.98, 20.0, 2010-08-29 07:27:30, 0.0, None 
 46.53, -123.075, 20.0, 2010-08-29 07:32:30, 0.0, None 
 46.54, -123.0, 40.5, 2010-08-29 07:40:00, 0.0, None 
 48.975, -123.7, 46.0, 2010-08-29 07:42:30, 0.0, None 
 46.44, -123.05, 60.0, 2010-08-29 07:42:30, 0.0, None 
 48.89, -123.715, 20.0, 2010-08-29 07:45:00, 0.0, None 
 48.93, -123.75, 27.0, 2010-08-29 07:47:30, 0.0, None 
 46.62, -123.11, 30.0, 2010-08-29 07:47:30, 0.0, None 
 48.785, -123.825, 25.5, 2010-08-29 07:50:00, 0.0, None 
 46.63, -123.02, 20.0, 2010-08-29 07:50:00, 0.0, None 
 48.95, -123.695, 27.0, 2010-08-29 07:52:30, 0.0, None 
 48.935, -123.66, 40.0, 2010-08-29 07:55:00, 0.0, None 
 46.54, -123.31, 40.0, 2010-08-29 07:57:30, 0.0, None 
 48.94, -123.9, 26.0, 2010-08-29 08:02:30, 0.0, None 
 48.84, -123.83, 20.0, 2010-08-29 08:05:00, 0.0, None 
 46.6, -122.8, 60.0, 2010-08-29 08:20:00, 0.0, None 
 48.9, -123.73, 25.0, 2010-08-29 08:25:00, 0.0, None 
 46.49, -123.18, 31.0, 2010-08-29 08:25:00, 0.0, None 
 46.543, -123.18299999999999, 20.5, 2010-08-29 08:27:30, 0.0, None 
 48.8, -123.57, 50.0, 2010-08-29 08:30:00, 0.0, None 
 46.53, -123.22, 20.0, 2010-08-29 08:30:00, 0.0, None 
 48.87, -123.74799999999999, 20.0, 2010-08-29 08:32:30, 0.0, None 
 48.82, -123.72, 20.0, 2010-08-29 08:35:00, 0.0, None 
 48.835, -123.77, 20.0, 2010-08-29 08:37:30, 0.0, None 
 48.81, -123.755, 20.0, 2010-08-29 08:40:00, 0.0, None 
 48.82, -123.73, 20.5, 2010-08-29 08:45:00, 0.0, None 
 48.845, -123.72, 20.0, 2010-08-29 08:47:30, 0.0, None 
 48.79, -123.89, 20.0, 2010-08-29 08:52:30, 0.0, None 
 46.31, -123.23, 60.0, 2010-08-29 09:02:30, 0.0, None 
 46.57, -123.09, 22.0, 2010-08-29 09:07:30, 0.0, None 
 46.46, -123.28, 20.0, 2010-08-29 09:10:00, 0.0, None 
 48.735, -123.75, 36.0, 2010-08-29 09:12:30, 0.0, None 
 48.785, -123.55, 50.0, 2010-08-29 09:15:00, 0.0, None 
 46.51, -123.18, 20.0, 2010-08-29 09:30:00, 0.0, None 
 49.0, -123.73, 20.0, 2010-08-29 09:32:30, 0.0, None 
 46.51, -123.14, 20.0, 2010-08-29 09:32:30, 0.0, None 
 48.93, -123.86, 20.0, 2010-08-29 09:35:00, 0.0, None 
 46.485, -123.185, 20.0, 2010-08-29 09:35:00, 0.0, None 
 46.59, -123.14, 23.0, 2010-08-29 09:37:30, 0.0, None 
 46.61, -123.125, 24.0, 2010-08-29 09:40:00, 0.0, None 
 48.72, -124.0, 45.0, 2010-08-29 09:47:30, 0.0, None 
 46.505, -123.025, 20.0, 2010-08-29 09:47:30, 0.0, None 
 48.69, -123.85, 45.0, 2010-08-29 09:50:00, 0.0, None 
 46.5, -123.15, 30.0, 2010-08-29 09:50:00, 0.0, None 
 46.785, -123.095, 57.5, 2010-08-29 09:55:00, 0.0, None 
 48.715, -124.08, 39.0, 2010-08-29 10:00:00, 0.0, None 
 48.73, -124.07, 41.0, 2010-08-29 10:02:30, 0.0, None 
 46.58, -123.15, 20.0, 2010-08-29 10:02:30, 0.0, None 
 46.44, -123.105, 20.0, 2010-08-29 10:27:30, 0.0, None 
 48.94, -123.725, 25.0, 2010-08-29 10:40:00, 0.0, None 
 48.925, -123.71, 26.0, 2010-08-29 10:42:30, 0.0, None 
 46.765, -122.975, 20.0, 2010-08-29 10:47:30, 0.0, None 
 48.715, -123.965, 47.2, 2010-08-29 10:52:30, 0.0, None 
 48.69, -123.97, 31.0, 2010-08-29 10:55:00, 0.0, None 
 48.797, -123.825, 60.0, 2010-08-29 10:57:30, 0.0, None 
 48.72, -123.977, 39.5, 2010-08-29 11:00:00, 0.0, None 
 48.655, -123.825, 31.5, 2010-08-29 11:02:30, 0.0, None 
 48.71, -123.88, 25.0, 2010-08-29 11:05:00, 0.0, None 
 48.703, -123.915, 24.2, 2010-08-29 11:07:30, 0.0, None 
 48.71, -123.9, 26.5, 2010-08-29 11:10:00, 0.0, None 
 48.68, -123.87, 53.0, 2010-08-29 11:12:30, 0.0, None 
 48.635, -123.912, 30.0, 2010-08-29 11:15:00, 0.0, None 
 48.69, -123.85, 30.0, 2010-08-29 11:17:30, 0.0, None 
 48.645, -123.82799999999999, 26.0, 2010-08-29 11:20:00, 0.0, None 
 48.67, -123.7, 51.0, 2010-08-29 11:22:30, 0.0, None 
 46.68, -123.03, 60.0, 2010-08-29 11:27:30, 0.0, None 
 46.35, -123.15, 20.0, 2010-08-29 11:27:30, 0.0, None 
 48.855, -123.735, 28.0, 2010-08-29 11:30:00, 0.0, None 
 46.53, -122.96, 28.0, 2010-08-29 11:30:00, 0.0, None 
 48.87, -123.81, 20.0, 2010-08-29 11:32:30, 0.0, None 
 46.465, -123.145, 22.0, 2010-08-29 11:32:30, 0.0, None 
 48.8, -123.81, 20.0, 2010-08-29 11:35:00, 0.0, None 
 46.523, -123.155, 23.0, 2010-08-29 11:35:00, 0.0, None 
 48.8, -123.87, 20.0, 2010-08-29 11:37:30, 0.0, None 
 46.49, -123.17, 25.0, 2010-08-29 11:37:30, 0.0, None 
 48.73, -123.78, 20.0, 2010-08-29 11:40:00, 0.0, None 
 48.79, -123.74, 20.0, 2010-08-29 11:42:30, 0.0, None 
 46.405, -123.06, 30.5, 2010-08-29 11:45:00, 0.0, None 
 46.53, -123.12, 34.0, 2010-08-29 11:47:30, 0.0, None 
 48.65, -123.89, 31.0, 2010-08-29 11:50:00, 0.0, None 
 46.55, -123.145, 29.2, 2010-08-29 11:50:00, 0.0, None 
 48.71, -123.84, 32.0, 2010-08-29 11:52:30, 0.0, None 
 46.57, -123.14, 28.5, 2010-08-29 11:52:30, 0.0, None 
 48.75, -123.6, 53.0, 2010-08-29 11:55:00, 0.0, None 
 48.68, -124.09, 20.0, 2010-08-29 11:55:00, 0.0, None 
 46.53, -123.255, 25.0, 2010-08-29 11:55:00, 0.0, None 
 48.85, -123.64, 60.0, 2010-08-29 11:57:30, 0.0, None 
 48.77, -123.7, 34.0, 2010-08-29 12:00:00, 0.0, None 
 48.83, -123.63, 53.0, 2010-08-29 12:02:30, 0.0, None 
 46.39, -122.99, 38.0, 2010-08-29 12:02:30, 0.0, None 
 48.835, -123.64, 52.5, 2010-08-29 12:05:00, 0.0, None 
 46.76, -123.08, 29.0, 2010-08-29 12:05:00, 0.0, None 
 46.51, -123.14, 20.0, 2010-08-29 12:05:00, 0.0, None 
 48.8, -123.71, 24.0, 2010-08-29 12:07:30, 0.0, None 
 46.55, -123.10799999999999, 25.8, 2010-08-29 12:07:30, 0.0, None 
 48.803000000000004, -123.713, 25.2, 2010-08-29 12:10:00, 0.0, None 
 48.733000000000004, -123.68, 45.0, 2010-08-29 12:12:30, 0.0, None 
 46.43, -123.17, 27.0, 2010-08-29 12:12:30, 0.0, None 
 48.773, -123.678, 24.2, 2010-08-29 12:15:00, 0.0, None 
 48.795, -123.665, 20.0, 2010-08-29 12:17:30, 0.0, None 
 48.8, -123.51, 43.0, 2010-08-29 12:20:00, 0.0, None 
 46.545, -123.09, 47.0, 2010-08-29 12:20:00, 0.0, None 
 48.785, -123.785, 60.0, 2010-08-29 12:22:30, 0.0, None 
 48.7, -123.43, 60.0, 2010-08-29 12:22:30, 0.0, None 
 46.52, -123.10700000000001, 53.5, 2010-08-29 12:22:30, 0.0, None 
 48.81, -123.755, 34.0, 2010-08-29 12:25:00, 0.0, None 
 46.39, -123.0, 26.0, 2010-08-29 12:25:00, 0.0, None 
 48.785, -123.7, 29.8, 2010-08-29 12:27:30, 0.0, None 
 48.76, -123.67, 26.0, 2010-08-29 12:30:00, 0.0, None 
 48.735, -123.685, 27.5, 2010-08-29 12:35:00, 0.0, None 
 48.78, -123.81, 27.0, 2010-08-29 12:37:30, 0.0, None 
 48.72, -123.72, 32.0, 2010-08-29 12:40:00, 0.0, None 
 48.705, -123.805, 31.5, 2010-08-29 12:42:30, 0.0, None 
 48.71, -123.8, 33.0, 2010-08-29 12:45:00, 0.0, None 
 48.742, -123.912, 20.5, 2010-08-29 12:47:30, 0.0, None 
 48.705, -123.88, 20.0, 2010-08-29 12:50:00, 0.0, None 
 48.72, -123.917, 20.0, 2010-08-29 12:52:30, 0.0, None 
 48.69, -123.91, 33.0, 2010-08-29 12:55:00, 0.0, None 
 46.685, -123.17, 20.0, 2010-08-29 12:55:00, 0.0, None 
 48.715, -123.945, 40.0, 2010-08-29 12:57:30, 0.0, None 
 48.705, -123.822, 20.0, 2010-08-29 13:00:00, 0.0, None 
 48.69, -123.86, 20.0, 2010-08-29 13:02:30, 0.0, None 
 48.61, -123.83, 28.5, 2010-08-29 13:05:00, 0.0, None 
 48.69, -123.89, 34.5, 2010-08-29 13:07:30, 0.0, None 
 48.72, -124.14, 20.0, 2010-08-29 13:10:00, 0.0, None 
 48.65, -123.985, 20.0, 2010-08-29 13:12:30, 0.0, None 
 48.64, -123.928, 23.5, 2010-08-29 13:15:00, 0.0, None 
 48.645, -123.97, 28.8, 2010-08-29 13:17:30, 0.0, None 
 46.36, -123.09, 60.0, 2010-08-29 13:17:30, 0.0, None 
 48.7, -123.97, 36.0, 2010-08-29 13:20:00, 0.0, None 
 46.64, -123.1, 34.0, 2010-08-29 13:20:00, 0.0, None 
 48.61, -123.885, 20.0, 2010-08-29 13:22:30, 0.0, None 
 48.79, -124.13, 41.0, 2010-08-29 13:22:30, 0.0, None 
 48.59, -124.05, 51.0, 2010-08-29 13:30:00, 0.0, None 
 48.62, -124.03, 38.5, 2010-08-29 13:32:30, 0.0, None 
 48.672, -123.96, 28.5, 2010-08-29 13:35:00, 0.0, None 
 48.608000000000004, -123.84700000000001, 33.0, 2010-08-29 13:37:30, 0.0, None 
 48.653, -124.045, 20.8, 2010-08-29 13:40:00, 0.0, None 
 48.665, -124.095, 36.0, 2010-08-29 13:42:30, 0.0, None 
 48.75, -123.695, 31.0, 2010-08-29 13:47:30, 0.0, None 
 48.74, -123.71, 20.0, 2010-08-29 13:50:00, 0.0, None 
 48.815, -123.73299999999999, 30.0, 2010-08-29 13:52:30, 0.0, None 
 48.815, -123.64, 33.5, 2010-08-29 13:55:00, 0.0, None 
 48.64, -123.81, 40.0, 2010-08-29 13:57:30, 0.0, None 
 48.588, -123.885, 24.5, 2010-08-29 14:00:00, 0.0, None 
 46.59, -123.18, 60.0, 2010-08-29 14:00:00, 0.0, None 
 48.605, -123.89, 21.2, 2010-08-29 14:02:30, 0.0, None 
 48.735, -123.86, 49.2, 2010-08-29 14:05:00, 0.0, None 
 48.62, -123.89, 41.0, 2010-08-29 14:07:30, 0.0, None 
 48.6, -123.85, 38.0, 2010-08-29 14:10:00, 0.0, None 
 48.7, -123.81200000000001, 40.5, 2010-08-29 14:12:30, 0.0, None 
 48.63, -123.845, 20.0, 2010-08-29 14:15:00, 0.0, None 
 48.775, -123.805, 41.0, 2010-08-29 14:17:30, 0.0, None 
 48.685, -123.88, 20.0, 2010-08-29 14:20:00, 0.0, None 
 48.718, -123.81700000000001, 21.0, 2010-08-29 14:22:30, 0.0, None 
 48.605, -123.802, 36.5, 2010-08-29 14:25:00, 0.0, None 
 46.47, -123.3, 20.0, 2010-08-29 14:25:00, 0.0, None 
 48.665, -123.94200000000001, 24.5, 2010-08-29 14:27:30, 0.0, None 
 48.633, -123.87299999999999, 30.0, 2010-08-29 14:30:00, 0.0, None 
 48.63, -123.85, 21.2, 2010-08-29 14:32:30, 0.0, None 
 48.675, -123.935, 22.2, 2010-08-29 14:35:00, 0.0, None 
 48.69, -123.82, 20.0, 2010-08-29 14:37:30, 0.0, None 
 48.672, -123.91, 24.2, 2010-08-29 14:40:00, 0.0, None 
 48.653, -123.95, 29.8, 2010-08-29 14:42:30, 0.0, None 
 46.43, -123.18, 60.0, 2010-08-29 14:42:30, 0.0, None 
 48.812, -123.728, 41.5, 2010-08-29 14:45:00, 0.0, None 
 48.87, -123.8, 28.0, 2010-08-29 14:47:30, 0.0, None 
 48.84, -123.6, 44.0, 2010-08-29 14:50:00, 0.0, None 
 46.63, -123.21799999999999, 20.0, 2010-08-29 14:50:00, 0.0, None 
 48.615, -123.898, 22.0, 2010-08-29 14:52:30, 0.0, None 
 46.565, -123.13799999999999, 20.0, 2010-08-29 14:52:30, 0.0, None 
 48.575, -123.91, 20.0, 2010-08-29 14:55:00, 0.0, None 
 48.555, -123.88, 20.0, 2010-08-29 14:57:30, 0.0, None 
 48.545, -123.882, 21.5, 2010-08-29 15:00:00, 0.0, None 
 48.59, -123.875, 20.0, 2010-08-29 15:02:30, 0.0, None 
 48.615, -123.85700000000001, 20.0, 2010-08-29 15:05:00, 0.0, None 
 48.755, -123.72, 48.0, 2010-08-29 15:07:30, 0.0, None 
 48.52, -123.882, 25.5, 2010-08-29 15:10:00, 0.0, None 
 48.545, -123.912, 25.2, 2010-08-29 15:12:30, 0.0, None 
 46.69, -123.17, 20.0, 2010-08-29 15:12:30, 0.0, None 
 48.6, -123.76, 60.0, 2010-08-29 15:15:00, 0.0, None 
 46.69, -123.17, 20.0, 2010-08-29 15:15:00, 0.0, None 
 48.57, -123.905, 20.0, 2010-08-29 15:17:30, 0.0, None 
 48.585, -123.882, 20.0, 2010-08-29 15:20:00, 0.0, None 
 48.56, -123.855, 45.0, 2010-08-29 15:22:30, 0.0, None 
 48.71, -123.765, 31.5, 2010-08-29 15:25:00, 0.0, None 
 48.817, -123.792, 37.8, 2010-08-29 15:27:30, 0.0, None 
 48.758, -123.75, 30.5, 2010-08-29 15:30:00, 0.0, None 
 48.69, -123.74, 35.8, 2010-08-29 15:32:30, 0.0, None 
 48.64, -123.74, 49.0, 2010-08-29 15:35:00, 0.0, None 
 48.92, -123.745, 29.0, 2010-08-29 15:40:00, 0.0, None 
 48.87, -123.78, 20.0, 2010-08-29 15:42:30, 0.0, None 
 48.685, -123.525, 20.0, 2010-08-29 15:42:30, 0.0, None 
 46.9, -122.9, 51.0, 2010-08-29 15:42:30, 0.0, None 
 48.81, -123.64, 45.0, 2010-08-29 15:45:00, 0.0, None 
 48.82, -123.77, 20.0, 2010-08-29 15:47:30, 0.0, None 
 48.61, -123.92, 20.0, 2010-08-29 15:50:00, 0.0, None 
 48.93, -123.8, 48.5, 2010-08-29 15:55:00, 0.0, None 
 48.805, -123.91, 60.0, 2010-08-29 15:57:30, 0.0, None 
 48.65, -123.72, 30.0, 2010-08-29 16:07:30, 0.0, None 
 48.69, -123.65, 26.0, 2010-08-29 16:10:00, 0.0, None 
 48.705, -123.6, 31.5, 2010-08-29 16:12:30, 0.0, None 
 48.7, -123.6, 26.2, 2010-08-29 16:15:00, 0.0, None 
 48.72, -123.59, 29.5, 2010-08-29 16:17:30, 0.0, None 
 48.858000000000004, -123.715, 33.5, 2010-08-29 16:20:00, 0.0, None 
 48.815, -123.72, 24.8, 2010-08-29 16:22:30, 0.0, None 
 48.873000000000005, -123.69, 41.2, 2010-08-29 16:25:00, 0.0, None 
 48.653, -123.62, 28.0, 2010-08-29 16:27:30, 0.0, None 
 48.68, -123.635, 30.0, 2010-08-29 16:30:00, 0.0, None 
 46.535, -123.14200000000001, 20.0, 2010-08-29 16:30:00, 0.0, None 
 48.75, -123.78, 20.0, 2010-08-29 16:32:30, 0.0, None 
 46.53, -123.12, 20.0, 2010-08-29 16:32:30, 0.0, None 
 48.64, -123.662, 24.5, 2010-08-29 16:35:00, 0.0, None 
 48.69, -123.675, 47.5, 2010-08-29 16:37:30, 0.0, None 
 48.85, -123.56, 40.0, 2010-08-29 16:42:30, 0.0, None 
 48.87, -123.62, 20.0, 2010-08-29 16:45:00, 0.0, None 
 48.808, -123.65, 34.5, 2010-08-29 16:47:30, 0.0, None 
 48.87, -123.75, 51.0, 2010-08-29 16:50:00, 0.0, None 
 48.775, -123.62, 60.0, 2010-08-29 16:52:30, 0.0, None 
 48.71, -123.59, 52.0, 2010-08-29 16:55:00, 0.0, None 
 48.67, -123.8, 60.0, 2010-08-29 16:57:30, 0.0, None 
 48.855, -123.79700000000001, 20.0, 2010-08-29 17:00:00, 0.0, None 
 48.845, -123.775, 23.5, 2010-08-29 17:02:30, 0.0, None 
 48.81, -123.745, 28.5, 2010-08-29 17:05:00, 0.0, None 
 48.6, -123.62, 20.0, 2010-08-29 17:05:00, 0.0, None 
 48.65, -123.65, 27.0, 2010-08-29 17:10:00, 0.0, None 
 48.635, -123.655, 20.0, 2010-08-29 17:12:30, 0.0, None 
 46.45, -123.185, 20.0, 2010-08-29 17:12:30, 0.0, None 
 48.98, -123.88, 20.0, 2010-08-29 17:15:00, 0.0, None 
 48.72, -123.585, 26.0, 2010-08-29 17:22:30, 0.0, None 
 48.79, -123.71, 34.0, 2010-08-29 17:25:00, 0.0, None 
 48.85, -123.75, 31.0, 2010-08-29 17:27:30, 0.0, None 
 48.793, -123.695, 36.8, 2010-08-29 17:32:30, 0.0, None 
 48.95, -123.78, 20.0, 2010-08-29 17:35:00, 0.0, None 
 48.735, -123.59, 20.0, 2010-08-29 17:35:00, 0.0, None 
 49.0, -123.845, 20.0, 2010-08-29 17:37:30, 0.0, None 
 48.72, -123.575, 20.0, 2010-08-29 17:37:30, 0.0, None 
 48.85, -123.645, 57.5, 2010-08-29 17:40:00, 0.0, None 
 48.91, -123.81, 35.0, 2010-08-29 17:42:30, 0.0, None 
 48.71, -123.54, 20.0, 2010-08-29 17:42:30, 0.0, None 
 48.9, -123.78, 27.0, 2010-08-29 17:45:00, 0.0, None 
 48.73, -123.54, 21.0, 2010-08-29 17:45:00, 0.0, None 
 48.88, -123.82, 20.0, 2010-08-29 17:47:30, 0.0, None 
 48.8, -123.55, 60.0, 2010-08-29 17:57:30, 0.0, None 
 48.9, -123.96, 20.0, 2010-08-29 18:00:00, 0.0, None 
 48.875, -123.97, 20.0, 2010-08-29 18:02:30, 0.0, None 
 48.84, -123.83, 20.0, 2010-08-29 18:05:00, 0.0, None 
 48.78, -123.59, 20.0, 2010-08-29 18:07:30, 0.0, None 
 48.86, -123.92, 20.0, 2010-08-29 18:10:00, 0.0, None 
 48.93, -123.94, 48.0, 2010-08-29 18:15:00, 0.0, None 
 48.84, -123.8, 20.0, 2010-08-29 18:17:30, 0.0, None 
 48.79, -123.53, 50.0, 2010-08-29 18:25:00, 0.0, None 
 48.755, -123.725, 34.5, 2010-08-29 18:27:30, 0.0, None 
 48.696999999999996, -123.63, 23.0, 2010-08-29 18:30:00, 0.0, None 
 48.715, -123.7, 22.5, 2010-08-29 18:32:30, 0.0, None 
 48.79, -123.72, 20.0, 2010-08-29 18:35:00, 0.0, None 
 48.72, -123.54, 39.0, 2010-08-29 18:42:30, 0.0, None 
 46.69, -122.71, 28.5, 2010-08-29 18:42:30, 0.0, None 
 48.705, -123.91, 41.0, 2010-08-29 18:45:00, 0.0, None 
 48.7, -123.695, 33.0, 2010-08-29 18:47:30, 0.0, None 
 48.66, -123.615, 36.0, 2010-08-29 18:50:00, 0.0, None 
 48.64, -123.7, 26.0, 2010-08-29 18:52:30, 0.0, None 
 48.645, -123.685, 52.0, 2010-08-29 18:55:00, 0.0, None 
 48.94, -123.72, 60.0, 2010-08-29 18:57:30, 0.0, None 
 46.6, -122.99, 20.0, 2010-08-29 18:57:30, 0.0, None 
 48.93, -123.88, 29.0, 2010-08-29 19:00:00, 0.0, None 
 48.91, -123.82, 60.0, 2010-08-29 19:02:30, 0.0, None 
 48.78, -123.74, 27.0, 2010-08-29 19:07:30, 0.0, None 
 48.85, -123.82, 20.0, 2010-08-29 19:10:00, 0.0, None 
 48.91, -123.82, 26.5, 2010-08-29 19:12:30, 0.0, None 
 48.9, -123.82, 23.0, 2010-08-29 19:15:00, 0.0, None 
 48.76, -123.75, 40.0, 2010-08-29 19:17:30, 0.0, None 
 48.755, -123.77, 25.0, 2010-08-29 19:20:00, 0.0, None 
 48.745, -123.685, 25.5, 2010-08-29 19:22:30, 0.0, None 
 48.782, -123.705, 25.5, 2010-08-29 19:25:00, 0.0, None 
 48.69, -123.82, 30.0, 2010-08-29 19:37:30, 0.0, None 
 48.778, -123.75, 40.0, 2010-08-29 19:40:00, 0.0, None 
 46.68, -122.9, 60.0, 2010-08-29 19:40:00, 0.0, None 
 48.72, -123.68, 32.0, 2010-08-29 19:42:30, 0.0, None 
 48.72, -123.645, 30.2, 2010-08-29 19:45:00, 0.0, None 
 48.75, -123.645, 30.0, 2010-08-29 19:47:30, 0.0, None 
 46.74, -123.16, 20.0, 2010-08-29 19:47:30, 0.0, None 
 48.79, -123.7, 20.0, 2010-08-29 19:50:00, 0.0, None 
 48.82, -123.81, 20.0, 2010-08-29 19:52:30, 0.0, None 
 48.79, -123.88, 26.0, 2010-08-29 19:55:00, 0.0, None 
 48.705, -124.16, 60.0, 2010-08-29 19:57:30, 0.0, None 
 46.72, -122.935, 59.0, 2010-08-29 20:00:00, 0.0, None 
 48.905, -123.83, 21.5, 2010-08-29 20:02:30, 0.0, None 
 46.615, -123.175, 25.0, 2010-08-29 20:02:30, 0.0, None 
 48.925, -123.89, 28.0, 2010-08-29 20:05:00, 0.0, None 
 46.58, -123.13, 20.0, 2010-08-29 20:07:30, 0.0, None 
 48.76, -123.67, 40.0, 2010-08-29 20:10:00, 0.0, None 
 48.7, -124.11, 41.0, 2010-08-29 20:20:00, 0.0, None 
 48.68, -124.0, 50.0, 2010-08-29 20:22:30, 0.0, None 
 48.85, -123.77, 40.0, 2010-08-29 20:32:30, 0.0, None 
 48.85, -123.84, 20.0, 2010-08-29 20:35:00, 0.0, None 
 48.77, -123.76, 20.0, 2010-08-29 20:37:30, 0.0, None 
 48.87, -123.8, 20.0, 2010-08-29 20:40:00, 0.0, None 
 48.9, -123.81, 20.0, 2010-08-29 20:42:30, 0.0, None 
 48.795, -123.79, 20.0, 2010-08-29 20:45:00, 0.0, None 
 48.79, -123.83, 30.0, 2010-08-29 20:47:30, 0.0, None 
 48.91, -123.93, 46.0, 2010-08-29 20:50:00, 0.0, None 
 48.76, -123.6, 40.0, 2010-08-29 21:02:30, 0.0, None 
 48.76, -123.96, 20.0, 2010-08-29 21:05:00, 0.0, None 
 46.63, -123.09, 32.0, 2010-08-29 21:05:00, 0.0, None 
 46.485, -123.19, 27.5, 2010-08-29 21:07:30, 0.0, None 
 48.84, -123.8, 23.0, 2010-08-29 21:10:00, 0.0, None 
 46.53, -123.25, 20.0, 2010-08-29 21:10:00, 0.0, None 
 48.81, -123.82, 28.0, 2010-08-29 21:12:30, 0.0, None 
 48.82, -123.81, 25.0, 2010-08-29 21:15:00, 0.0, None 
 46.49, -123.17, 20.0, 2010-08-29 21:15:00, 0.0, None 
 48.82, -123.8, 24.0, 2010-08-29 21:17:30, 0.0, None 
 48.81, -123.86, 20.0, 2010-08-29 21:20:00, 0.0, None 
 48.8, -123.83, 20.0, 2010-08-29 21:22:30, 0.0, None 
 46.46, -123.11, 34.0, 2010-08-29 21:25:00, 0.0, None 
 46.52, -122.825, 60.0, 2010-08-29 21:30:00, 0.0, None 
 46.515, -123.19, 24.0, 2010-08-29 21:30:00, 0.0, None 
 46.525, -123.19, 30.5, 2010-08-29 21:32:30, 0.0, None 
 48.83, -123.74, 25.0, 2010-08-29 21:40:00, 0.0, None 
 48.84, -123.77, 23.0, 2010-08-29 21:42:30, 0.0, None 
 48.63, -123.58, 25.0, 2010-08-29 21:47:30, 0.0, None 
 46.46, -123.095, 40.0, 2010-08-29 21:50:00, 0.0, None 
 48.77, -124.01, 28.0, 2010-08-29 21:55:00, 0.0, None 
 46.1, -123.3, 20.0, 2010-08-29 21:57:30, 0.0, None 
 48.71, -123.81, 20.0, 2010-08-29 22:00:00, 0.0, None 
 48.733000000000004, -123.852, 26.2, 2010-08-29 22:02:30, 0.0, None 
 48.73, -123.8, 57.0, 2010-08-29 22:10:00, 0.0, None 
 46.6, -122.94, 60.0, 2010-08-29 22:17:30, 0.0, None 
 48.63, -123.88, 20.0, 2010-08-29 22:20:00, 0.0, None 
 48.7, -123.84, 20.0, 2010-08-29 22:22:30, 0.0, None 
 46.6, -122.74, 40.0, 2010-08-29 22:22:30, 0.0, None 
 48.81, -123.98, 20.0, 2010-08-29 22:30:00, 0.0, None 
 48.51, -123.835, 46.5, 2010-08-29 22:35:00, 0.0, None 
 48.88, -123.66, 52.0, 2010-08-29 22:45:00, 0.0, None 
 48.93, -123.69, 31.0, 2010-08-29 23:00:00, 0.0, None 
 46.7, -123.035, 40.5, 2010-08-29 23:00:00, 0.0, None 
 48.7, -123.94, 30.0, 2010-08-29 23:02:30, 0.0, None 
 48.82, -123.81, 34.0, 2010-08-29 23:07:30, 0.0, None 
 48.76, -123.8, 23.8, 2010-08-29 23:10:00, 0.0, None 
 48.823, -123.80799999999999, 20.0, 2010-08-29 23:12:30, 0.0, None 
 48.818000000000005, -123.79, 20.0, 2010-08-29 23:15:00, 0.0, None 
 46.68, -123.08, 20.0, 2010-08-29 23:15:00, 0.0, None 
 48.87, -123.74, 27.5, 2010-08-29 23:17:30, 0.0, None 
 48.79, -123.74, 30.0, 2010-08-29 23:22:30, 0.0, None 
 48.765, -123.62, 22.5, 2010-08-29 23:25:00, 0.0, None 
 48.772, -123.602, 20.0, 2010-08-29 23:27:30, 0.0, None 
 48.9, -123.75, 20.0, 2010-08-29 23:30:00, 0.0, None 
 48.94, -123.76, 26.0, 2010-08-29 23:32:30, 0.0, None 
 48.82, -123.78, 20.0, 2010-08-29 23:35:00, 0.0, None 
 48.865, -123.705, 30.5, 2010-08-29 23:37:30, 0.0, None 
 48.86, -123.77, 20.0, 2010-08-29 23:40:00, 0.0, None 
 48.94, -124.005, 20.0, 2010-08-29 23:45:00, 0.0, None 
 49.0, -123.61, 46.0, 2010-08-29 23:52:30, 0.0, None 
 48.94, -123.77, 26.0, 2010-08-29 23:55:00, 0.0, None 
 48.875, -123.785, 20.0, 2010-08-30 00:02:30, 0.0, None 
 48.88, -123.865, 20.0, 2010-08-30 00:05:00, 0.0, None 
 48.93, -123.91, 20.0, 2010-08-30 00:07:30, 0.0, None 
 48.915, -124.165, 25.5, 2010-08-30 00:10:00, 0.0, None 
 48.67, -124.1, 34.0, 2010-08-30 00:12:30, 0.0, None 
 48.71, -123.91, 20.0, 2010-08-30 00:15:00, 0.0, None 
 48.96, -123.89, 27.0, 2010-08-30 00:17:30, 0.0, None 
 48.92, -123.92, 27.0, 2010-08-30 00:20:00, 0.0, None 
 48.9, -123.89, 24.0, 2010-08-30 00:22:30, 0.0, None 
 48.86, -123.855, 20.0, 2010-08-30 00:25:00, 0.0, None 
 48.85, -123.85, 20.5, 2010-08-30 00:27:30, 0.0, None 
 48.9, -123.87, 22.0, 2010-08-30 00:30:00, 0.0, None 
 48.73, -123.63, 36.0, 2010-08-30 00:30:00, 0.0, None 
 48.92, -123.86, 23.0, 2010-08-30 00:32:30, 0.0, None 
 48.73, -123.63, 47.0, 2010-08-30 00:32:30, 0.0, None 
 48.96, -124.1, 47.0, 2010-08-30 00:35:00, 0.0, None 
 48.99, -123.85, 47.0, 2010-08-30 00:37:30, 0.0, None 
 48.98, -123.94, 20.0, 2010-08-30 00:40:00, 0.0, None 
 48.92, -123.85, 29.0, 2010-08-30 00:42:30, 0.0, None 
 48.94, -123.84, 28.0, 2010-08-30 00:45:00, 0.0, None 
 48.94, -123.86, 25.0, 2010-08-30 00:47:30, 0.0, None 
 48.92, -123.86, 20.0, 2010-08-30 00:50:00, 0.0, None 
 48.861999999999995, -123.85, 23.0, 2010-08-30 00:52:30, 0.0, None 
 48.92, -123.83, 20.0, 2010-08-30 00:55:00, 0.0, None 
 48.9, -123.79, 44.0, 2010-08-30 00:57:30, 0.0, None 
 48.79, -123.71, 20.0, 2010-08-30 01:05:00, 0.0, None 
 48.91, -123.7, 20.0, 2010-08-30 01:20:00, 0.0, None 
 48.85, -123.775, 20.8, 2010-08-30 01:22:30, 0.0, None 
 48.91, -123.825, 20.0, 2010-08-30 01:25:00, 0.0, None 
 48.705, -123.645, 27.5, 2010-08-30 01:25:00, 0.0, None 
 48.815, -123.74799999999999, 29.5, 2010-08-30 01:27:30, 0.0, None 
 48.875, -123.76, 24.8, 2010-08-30 01:30:00, 0.0, None 
 48.96, -123.81, 34.0, 2010-08-30 01:32:30, 0.0, None 
 48.73, -123.68, 22.0, 2010-08-30 01:32:30, 0.0, None 
 48.955, -123.81, 23.5, 2010-08-30 01:35:00, 0.0, None 
 48.7, -123.63, 20.0, 2010-08-30 01:35:00, 0.0, None 
 48.92, -123.81, 20.0, 2010-08-30 01:37:30, 0.0, None 
 48.7, -123.62, 20.0, 2010-08-30 01:37:30, 0.0, None 
 48.785, -124.07, 20.0, 2010-08-30 01:42:30, 0.0, None 
 48.73, -123.77, 20.0, 2010-08-30 01:45:00, 0.0, None 
 48.83, -123.79, 20.0, 2010-08-30 01:52:30, 0.0, None 
 48.8, -123.73299999999999, 20.0, 2010-08-30 01:55:00, 0.0, None 
 48.81, -123.77, 20.0, 2010-08-30 01:57:30, 0.0, None 
 48.855, -123.85799999999999, 21.8, 2010-08-30 02:00:00, 0.0, None 
 48.92, -123.74, 38.5, 2010-08-30 02:02:30, 0.0, None 
 48.92, -123.72, 36.0, 2010-08-30 02:05:00, 0.0, None 
 48.98, -123.91, 42.5, 2010-08-30 02:07:30, 0.0, None 
 48.98, -123.89, 41.0, 2010-08-30 02:10:00, 0.0, None 
 48.95, -123.88, 40.0, 2010-08-30 02:12:30, 0.0, None 
 48.845, -124.0, 20.0, 2010-08-30 02:15:00, 0.0, None 
 48.72, -123.84, 50.0, 2010-08-30 02:17:30, 0.0, None 
 48.58, -123.81, 51.0, 2010-08-30 02:27:30, 0.0, None 
 48.8, -123.87, 27.0, 2010-08-30 02:30:00, 0.0, None 
 48.9, -123.63, 59.5, 2010-08-30 02:32:30, 0.0, None 
 48.6, -123.7, 20.0, 2010-08-30 02:35:00, 0.0, None 
 48.91, -123.625, 29.0, 2010-08-30 02:37:30, 0.0, None 
 48.83, -123.83, 42.0, 2010-08-30 02:40:00, 0.0, None 
 48.5, -123.915, 20.0, 2010-08-30 02:42:30, 0.0, None 
 48.495, -123.895, 20.0, 2010-08-30 02:45:00, 0.0, None 
 48.468, -123.917, 22.0, 2010-08-30 02:47:30, 0.0, None 
 48.475, -123.865, 20.0, 2010-08-30 02:50:00, 0.0, None 
 48.49, -123.91799999999999, 30.5, 2010-08-30 02:52:30, 0.0, None 
 48.47, -123.89, 30.0, 2010-08-30 02:55:00, 0.0, None 
 48.68, -123.7, 60.0, 2010-08-30 03:00:00, 0.0, None 
 48.69, -123.8, 41.0, 2010-08-30 03:02:30, 0.0, None 
 48.48, -123.85, 60.0, 2010-08-30 03:05:00, 0.0, None 
 48.735, -123.89, 39.5, 2010-08-30 03:07:30, 0.0, None 
 48.477, -123.875, 22.0, 2010-08-30 03:10:00, 0.0, None 
 48.5, -123.885, 22.0, 2010-08-30 03:12:30, 0.0, None 
 48.5, -123.9, 20.0, 2010-08-30 03:15:00, 0.0, None 
 48.435, -123.912, 27.2, 2010-08-30 03:17:30, 0.0, None 
 48.57, -123.882, 45.5, 2010-08-30 03:20:00, 0.0, None 
 48.51, -123.94, 20.0, 2010-08-30 03:22:30, 0.0, None 
 48.45, -123.97, 20.0, 2010-08-30 03:25:00, 0.0, None 
 48.905, -123.99, 20.0, 2010-08-30 03:27:30, 0.0, None 
 48.9, -123.91, 26.5, 2010-08-30 03:30:00, 0.0, None 
 48.525, -123.875, 28.0, 2010-08-30 03:30:00, 0.0, None 
 48.495, -123.865, 26.0, 2010-08-30 03:32:30, 0.0, None 
 48.46, -123.91, 41.0, 2010-08-30 03:35:00, 0.0, None 
 48.455, -123.90299999999999, 36.5, 2010-08-30 03:37:30, 0.0, None 
 48.545, -123.89, 32.5, 2010-08-30 03:42:30, 0.0, None 
 48.87, -124.02, 60.0, 2010-08-30 03:42:30, 0.0, None 
 48.532, -123.88, 20.0, 2010-08-30 03:45:00, 0.0, None 
 48.555, -123.9, 20.0, 2010-08-30 03:47:30, 0.0, None 
 48.545, -123.92, 20.0, 2010-08-30 03:50:00, 0.0, None 
 48.52, -123.90299999999999, 20.0, 2010-08-30 03:52:30, 0.0, None 
 48.48, -123.91, 40.0, 2010-08-30 03:55:00, 0.0, None 
 48.47, -123.89, 32.5, 2010-08-30 03:57:30, 0.0, None 
 48.505, -123.915, 22.5, 2010-08-30 04:00:00, 0.0, None 
 48.5, -123.89, 24.5, 2010-08-30 04:02:30, 0.0, None 
 48.52, -123.85700000000001, 26.2, 2010-08-30 04:05:00, 0.0, None 
 48.56, -123.91, 20.0, 2010-08-30 04:07:30, 0.0, None 
 48.59, -123.92, 20.0, 2010-08-30 04:10:00, 0.0, None 
 48.54, -123.855, 32.0, 2010-08-30 04:15:00, 0.0, None 
 48.44, -123.83, 40.0, 2010-08-30 04:17:30, 0.0, None 
 48.54, -123.92200000000001, 21.5, 2010-08-30 04:20:00, 0.0, None 
 48.555, -123.945, 24.2, 2010-08-30 04:22:30, 0.0, None 
 48.69, -123.88, 23.5, 2010-08-30 04:25:00, 0.0, None 
 48.653, -123.838, 25.5, 2010-08-30 04:27:30, 0.0, None 
 48.758, -123.96, 30.5, 2010-08-30 04:30:00, 0.0, None 
 48.63, -123.98, 42.5, 2010-08-30 04:32:30, 0.0, None 
 48.5, -123.88, 46.0, 2010-08-30 04:35:00, 0.0, None 
 48.525, -123.87, 36.5, 2010-08-30 04:37:30, 0.0, None 
 48.685, -123.94, 23.5, 2010-08-30 04:40:00, 0.0, None 
 48.65, -123.97, 40.0, 2010-08-30 04:42:30, 0.0, None 
 48.66, -123.96, 20.0, 2010-08-30 04:45:00, 0.0, None 
 48.648, -123.875, 35.5, 2010-08-30 04:47:30, 0.0, None 
 48.75, -123.93, 43.0, 2010-08-30 04:50:00, 0.0, None 
 48.64, -123.9, 20.0, 2010-08-30 04:55:00, 0.0, None 
 48.64, -123.87700000000001, 40.0, 2010-08-30 04:57:30, 0.0, None 
 48.7, -123.868, 38.2, 2010-08-30 05:00:00, 0.0, None 
 48.685, -123.91, 23.0, 2010-08-30 05:02:30, 0.0, None 
 48.66, -123.915, 20.0, 2010-08-30 05:05:00, 0.0, None 
 48.625, -123.99, 23.0, 2010-08-30 05:07:30, 0.0, None 
 48.615, -124.007, 29.5, 2010-08-30 05:10:00, 0.0, None 
 48.69, -123.82, 20.0, 2010-08-30 05:12:30, 0.0, None 
 48.895, -123.98, 60.0, 2010-08-30 05:12:30, 0.0, None 
 48.64, -123.83, 21.0, 2010-08-30 05:15:00, 0.0, None 
 48.665, -123.79700000000001, 20.0, 2010-08-30 05:17:30, 0.0, None 
 48.69, -123.825, 30.5, 2010-08-30 05:20:00, 0.0, None 
 48.705, -123.88, 20.0, 2010-08-30 05:25:00, 0.0, None 
 48.73, -123.85, 56.5, 2010-08-30 05:27:30, 0.0, None 
 48.435, -123.815, 56.5, 2010-08-30 05:27:30, 0.0, None 
 48.55, -123.86, 24.0, 2010-08-30 05:30:00, 0.0, None 
 48.751999999999995, -123.89, 33.2, 2010-08-30 05:32:30, 0.0, None 
 48.72, -123.852, 23.8, 2010-08-30 05:35:00, 0.0, None 
 48.69, -123.88, 20.0, 2010-08-30 05:37:30, 0.0, None 
 48.62, -123.95, 20.0, 2010-08-30 05:40:00, 0.0, None 
 48.635, -123.945, 20.0, 2010-08-30 05:42:30, 0.0, None 
 48.66, -123.98, 40.0, 2010-08-30 05:45:00, 0.0, None 
 48.83, -123.8, 29.0, 2010-08-30 05:47:30, 0.0, None 
 48.72, -123.86, 31.0, 2010-08-30 05:50:00, 0.0, None 
 48.575, -123.85, 49.8, 2010-08-30 05:52:30, 0.0, None 
 48.588, -123.855, 43.2, 2010-08-30 05:55:00, 0.0, None 
 48.79, -124.06, 20.0, 2010-08-30 06:00:00, 0.0, None 
 48.805, -123.81, 43.0, 2010-08-30 06:12:30, 0.0, None 
 48.82, -123.98, 29.0, 2010-08-30 06:17:30, 0.0, None 
 48.84, -124.0, 30.5, 2010-08-30 06:20:00, 0.0, None 
 48.72, -124.0, 34.5, 2010-08-30 06:25:00, 0.0, None 
 48.7, -124.0, 33.0, 2010-08-30 06:27:30, 0.0, None 
 48.755, -123.865, 22.0, 2010-08-30 06:37:30, 0.0, None 
 48.81, -123.9, 23.5, 2010-08-30 06:40:00, 0.0, None 
 48.68, -123.97, 40.0, 2010-08-30 06:42:30, 0.0, None 
 48.75, -123.99, 40.0, 2010-08-30 06:45:00, 0.0, None 
 48.62, -123.83, 20.0, 2010-08-30 06:47:30, 0.0, None 
 48.85, -123.94, 20.0, 2010-08-30 06:50:00, 0.0, None 
 48.89, -123.95, 40.0, 2010-08-30 06:52:30, 0.0, None 
 48.87, -123.93, 31.0, 2010-08-30 06:55:00, 0.0, None 
 48.71, -123.96, 20.0, 2010-08-30 07:02:30, 0.0, None 
 48.65, -123.98, 20.0, 2010-08-30 07:05:00, 0.0, None 
 48.69, -123.805, 20.0, 2010-08-30 07:12:30, 0.0, None 
 48.69, -123.815, 20.0, 2010-08-30 07:15:00, 0.0, None 
 48.635, -123.76, 20.0, 2010-08-30 07:17:30, 0.0, None 
 48.7, -123.78, 34.0, 2010-08-30 07:20:00, 0.0, None 
 48.725, -123.86200000000001, 25.0, 2010-08-30 07:22:30, 0.0, None 
 48.655, -123.83, 23.5, 2010-08-30 07:25:00, 0.0, None 
 48.78, -123.82, 40.0, 2010-08-30 07:27:30, 0.0, None 
 48.72, -123.98, 31.0, 2010-08-30 07:30:00, 0.0, None 
 48.87, -123.98, 20.5, 2010-08-30 07:32:30, 0.0, None 
 48.81, -123.99, 29.0, 2010-08-30 07:35:00, 0.0, None 
 48.67, -123.945, 21.5, 2010-08-30 07:37:30, 0.0, None 
 48.82, -123.91, 33.0, 2010-08-30 07:40:00, 0.0, None 
 48.785, -123.83, 47.0, 2010-08-30 07:42:30, 0.0, None 
 48.72, -123.9, 26.0, 2010-08-30 07:45:00, 0.0, None 
 48.735, -123.905, 22.5, 2010-08-30 07:47:30, 0.0, None 
 48.82, -123.925, 20.0, 2010-08-30 07:50:00, 0.0, None 
 48.865, -123.87299999999999, 28.8, 2010-08-30 07:52:30, 0.0, None 
 48.75, -123.84, 25.0, 2010-08-30 07:55:00, 0.0, None 
 48.675, -123.76700000000001, 55.8, 2010-08-30 07:57:30, 0.0, None 
 48.88, -123.865, 20.0, 2010-08-30 08:00:00, 0.0, None 
 48.915, -123.905, 20.0, 2010-08-30 08:02:30, 0.0, None 
 48.895, -123.82, 37.0, 2010-08-30 08:05:00, 0.0, None 
 48.785, -123.713, 38.8, 2010-08-30 08:07:30, 0.0, None 
 48.845, -123.86, 24.2, 2010-08-30 08:10:00, 0.0, None 
 48.79, -123.79700000000001, 26.0, 2010-08-30 08:12:30, 0.0, None 
 48.81, -123.94, 46.0, 2010-08-30 08:17:30, 0.0, None 
 48.845, -124.0, 33.0, 2010-08-30 08:20:00, 0.0, None 
 48.87, -123.94, 20.0, 2010-08-30 08:22:30, 0.0, None 
 48.843, -123.915, 50.0, 2010-08-30 08:25:00, 0.0, None 
 48.77, -123.905, 40.0, 2010-08-30 08:27:30, 0.0, None 
 48.71, -123.81700000000001, 32.5, 2010-08-30 08:30:00, 0.0, None 
 48.79, -123.865, 24.5, 2010-08-30 08:32:30, 0.0, None 
 48.9, -123.91, 21.0, 2010-08-30 08:37:30, 0.0, None 
 48.89, -123.95, 20.0, 2010-08-30 08:40:00, 0.0, None 
 48.84, -123.96, 53.0, 2010-08-30 08:47:30, 0.0, None 
 48.85, -123.82, 30.0, 2010-08-30 08:50:00, 0.0, None 
 48.9, -123.74, 60.0, 2010-08-30 08:55:00, 0.0, None 
 48.72, -123.925, 60.0, 2010-08-30 08:57:30, 0.0, None 
 48.66, -123.91, 28.0, 2010-08-30 09:00:00, 0.0, None 
 48.69, -123.93, 30.0, 2010-08-30 09:02:30, 0.0, None 
 48.6, -124.1, 34.0, 2010-08-30 09:05:00, 0.0, None 
 48.8, -123.82, 60.0, 2010-08-30 09:12:30, 0.0, None 
 48.76, -124.03, 33.0, 2010-08-30 09:15:00, 0.0, None 
 48.825, -123.89, 42.0, 2010-08-30 09:17:30, 0.0, None 
 48.82, -123.87, 46.0, 2010-08-30 09:20:00, 0.0, None 
 48.71, -123.94, 33.0, 2010-08-30 09:22:30, 0.0, None 
 48.79, -123.91, 40.0, 2010-08-30 09:25:00, 0.0, None 
 48.8, -123.95, 33.0, 2010-08-30 09:27:30, 0.0, None 
 48.89, -123.94, 31.5, 2010-08-30 09:30:00, 0.0, None 
 48.9, -123.96, 35.0, 2010-08-30 09:32:30, 0.0, None 
 48.79, -123.995, 26.0, 2010-08-30 09:35:00, 0.0, None 
 48.708, -123.945, 24.5, 2010-08-30 09:37:30, 0.0, None 
 48.8, -123.84, 36.5, 2010-08-30 09:40:00, 0.0, None 
 48.8, -123.94, 43.0, 2010-08-30 09:47:30, 0.0, None 
 48.82, -123.89, 31.0, 2010-08-30 09:50:00, 0.0, None 
 48.91, -123.98, 20.0, 2010-08-30 09:52:30, 0.0, None 
 48.895, -123.8, 25.5, 2010-08-30 09:55:00, 0.0, None 
 48.9, -123.94, 60.0, 2010-08-30 09:57:30, 0.0, None 
 48.905, -123.865, 33.5, 2010-08-30 10:00:00, 0.0, None 
 48.9, -123.9, 36.0, 2010-08-30 10:02:30, 0.0, None 
 48.86, -123.99, 37.0, 2010-08-30 10:05:00, 0.0, None 
 48.83, -123.88, 20.0, 2010-08-30 10:07:30, 0.0, None 
 48.87, -123.88, 20.0, 2010-08-30 10:10:00, 0.0, None 
 48.73, -124.21, 30.0, 2010-08-30 10:20:00, 0.0, None 
 48.81, -124.17, 20.0, 2010-08-30 10:22:30, 0.0, None 
 48.42, -123.9, 26.0, 2010-08-30 10:30:00, 0.0, None 
 48.68, -124.25, 20.0, 2010-08-30 10:32:30, 0.0, None 
 48.83, -124.02, 25.5, 2010-08-30 10:37:30, 0.0, None 
 48.765, -123.97, 30.0, 2010-08-30 10:40:00, 0.0, None 
 48.775, -123.865, 38.5, 2010-08-30 10:42:30, 0.0, None 
 48.83, -123.85, 60.0, 2010-08-30 10:45:00, 0.0, None 
 48.81, -123.91, 35.0, 2010-08-30 10:47:30, 0.0, None 
 48.82, -123.94, 41.5, 2010-08-30 10:50:00, 0.0, None 
 48.81, -124.0, 35.0, 2010-08-30 10:52:30, 0.0, None 
 48.92, -123.97, 39.0, 2010-08-30 10:55:00, 0.0, None 
 48.89, -123.96, 60.0, 2010-08-30 10:57:30, 0.0, None 
 48.81, -123.91, 33.0, 2010-08-30 11:00:00, 0.0, None 
 48.85, -123.92, 40.0, 2010-08-30 11:02:30, 0.0, None 
 48.88, -123.91, 38.0, 2010-08-30 11:05:00, 0.0, None 
 48.86, -123.89, 20.0, 2010-08-30 11:07:30, 0.0, None 
 48.87, -124.0, 32.0, 2010-08-30 11:10:00, 0.0, None 
 48.905, -123.93, 20.0, 2010-08-30 11:12:30, 0.0, None 
 48.87, -124.1, 30.0, 2010-08-30 11:15:00, 0.0, None 
 48.76, -123.97, 54.0, 2010-08-30 11:17:30, 0.0, None 
 48.93, -123.94, 20.0, 2010-08-30 11:22:30, 0.0, None 
 48.91, -123.98, 29.0, 2010-08-30 11:25:00, 0.0, None 
 48.96, -123.99, 32.0, 2010-08-30 11:27:30, 0.0, None 
 48.675, -123.84, 44.0, 2010-08-30 11:32:30, 0.0, None 
 48.865, -123.96, 20.0, 2010-08-30 11:37:30, 0.0, None 
 48.83, -123.87, 24.0, 2010-08-30 11:40:00, 0.0, None 
 48.8, -123.955, 31.0, 2010-08-30 11:42:30, 0.0, None 
 48.815, -123.91, 36.5, 2010-08-30 11:45:00, 0.0, None 
 48.81, -123.91, 35.5, 2010-08-30 11:47:30, 0.0, None 
 48.83, -123.92, 30.0, 2010-08-30 11:50:00, 0.0, None 
 48.93, -123.9, 31.0, 2010-08-30 11:52:30, 0.0, None 
 48.81, -123.965, 40.5, 2010-08-30 11:57:30, 0.0, None 
 48.77, -123.8, 26.0, 2010-08-30 12:00:00, 0.0, None 
 48.8, -123.935, 20.0, 2010-08-30 12:02:30, 0.0, None 
 48.67, -123.99, 36.0, 2010-08-30 12:05:00, 0.0, None 
 48.82, -123.89, 24.5, 2010-08-30 12:07:30, 0.0, None 
 48.815, -123.845, 45.8, 2010-08-30 12:10:00, 0.0, None 
 48.81, -123.93, 32.0, 2010-08-30 12:12:30, 0.0, None 
 48.88, -123.9, 20.0, 2010-08-30 12:17:30, 0.0, None 
 48.89, -123.91, 22.0, 2010-08-30 12:20:00, 0.0, None 
 48.98, -123.89, 40.0, 2010-08-30 12:22:30, 0.0, None 
 49.0, -123.83, 30.5, 2010-08-30 12:25:00, 0.0, None 
 48.98, -123.86, 31.0, 2010-08-30 12:27:30, 0.0, None 
 48.99, -123.86, 43.0, 2010-08-30 12:30:00, 0.0, None 
 48.99, -123.74, 60.0, 2010-08-30 12:32:30, 0.0, None 
 48.96, -123.76, 44.0, 2010-08-30 12:35:00, 0.0, None 
 48.89, -123.885, 20.5, 2010-08-30 12:40:00, 0.0, None 
 48.97, -123.85, 26.0, 2010-08-30 12:42:30, 0.0, None 
 48.97, -123.845, 20.0, 2010-08-30 12:45:00, 0.0, None 
 48.96, -123.84, 20.0, 2010-08-30 12:47:30, 0.0, None 
 48.763000000000005, -123.865, 38.5, 2010-08-30 12:50:00, 0.0, None 
 48.86, -123.94, 38.0, 2010-08-30 12:52:30, 0.0, None 
 48.82, -123.925, 20.0, 2010-08-30 12:55:00, 0.0, None 
 48.94, -123.925, 28.5, 2010-08-30 12:57:30, 0.0, None 
 48.95, -123.905, 27.0, 2010-08-30 13:00:00, 0.0, None 
 48.96, -123.92, 36.5, 2010-08-30 13:02:30, 0.0, None 
 48.98, -123.83, 30.5, 2010-08-30 13:05:00, 0.0, None 
 48.97, -123.84, 34.5, 2010-08-30 13:07:30, 0.0, None 
 48.91, -123.82, 20.0, 2010-08-30 13:10:00, 0.0, None 
 48.91, -123.84, 20.0, 2010-08-30 13:12:30, 0.0, None 
 48.665, -123.6, 20.0, 2010-08-30 13:12:30, 0.0, None 
 48.852, -123.775, 20.0, 2010-08-30 13:15:00, 0.0, None 
 48.89, -123.905, 26.0, 2010-08-30 13:17:30, 0.0, None 
 48.895, -123.72, 38.0, 2010-08-30 13:20:00, 0.0, None 
 48.71, -123.99, 46.0, 2010-08-30 13:22:30, 0.0, None 
 48.72, -124.01, 57.0, 2010-08-30 13:25:00, 0.0, None 
 48.78, -123.93, 20.0, 2010-08-30 13:27:30, 0.0, None 
 48.6, -123.87, 39.0, 2010-08-30 13:30:00, 0.0, None 
 48.62, -123.99, 20.0, 2010-08-30 13:37:30, 0.0, None 
 48.6, -123.97, 32.0, 2010-08-30 13:40:00, 0.0, None 
 48.665, -124.055, 60.0, 2010-08-30 13:42:30, 0.0, None 
 48.58, -124.2, 60.0, 2010-08-30 13:47:30, 0.0, None 
 48.66, -124.11, 55.5, 2010-08-30 13:50:00, 0.0, None 
 48.63, -124.0, 26.0, 2010-08-30 13:52:30, 0.0, None 
 48.8, -124.335, 20.0, 2010-08-30 14:00:00, 0.0, None 
 48.89, -123.78, 20.0, 2010-08-30 14:32:30, 0.0, None 
 48.92, -124.13, 50.0, 2010-08-30 14:42:30, 0.0, None 
 48.86, -124.07, 26.0, 2010-08-30 14:45:00, 0.0, None 
 48.625, -124.225, 52.5, 2010-08-30 14:50:00, 0.0, None 
 48.715, -124.17, 43.5, 2010-08-30 14:52:30, 0.0, None 
 48.68, -124.08, 41.0, 2010-08-30 14:55:00, 0.0, None 
 49.0, -123.98, 43.0, 2010-08-30 15:02:30, 0.0, None 
 48.9, -123.95, 29.0, 2010-08-30 15:22:30, 0.0, None 
 49.0, -123.87, 20.0, 2010-08-30 15:25:00, 0.0, None 
 48.59, -124.18, 60.0, 2010-08-30 15:57:30, 0.0, None 
 48.67, -123.9, 40.0, 2010-08-30 16:00:00, 0.0, None 
 48.79, -123.94, 24.0, 2010-08-30 16:02:30, 0.0, None 
 48.81, -123.97, 36.5, 2010-08-30 16:05:00, 0.0, None 
 48.7, -124.02, 56.0, 2010-08-30 16:07:30, 0.0, None 
 48.855, -123.855, 40.0, 2010-08-30 16:10:00, 0.0, None 
 48.875, -123.91, 22.2, 2010-08-30 16:12:30, 0.0, None 
 48.88, -123.98, 20.0, 2010-08-30 16:15:00, 0.0, None 
 48.83, -124.02, 41.0, 2010-08-30 16:20:00, 0.0, None 
 48.81, -124.0, 33.0, 2010-08-30 16:22:30, 0.0, None 
 48.79, -123.94, 22.5, 2010-08-30 16:25:00, 0.0, None 
 48.79, -123.95, 28.5, 2010-08-30 16:27:30, 0.0, None 
 48.79, -124.0, 34.0, 2010-08-30 16:30:00, 0.0, None 
 48.8, -124.03, 60.0, 2010-08-30 16:32:30, 0.0, None 
 49.0, -123.75, 27.0, 2010-08-30 16:47:30, 0.0, None 
 48.73, -124.275, 60.0, 2010-08-30 16:57:30, 0.0, None 
 48.655, -124.015, 43.0, 2010-08-30 17:02:30, 0.0, None 
 48.82, -124.315, 60.0, 2010-08-30 17:07:30, 0.0, None 
 48.83, -124.32, 40.0, 2010-08-30 17:10:00, 0.0, None 
 48.84, -124.04, 40.0, 2010-08-30 17:12:30, 0.0, None 
 48.4, -124.03, 20.0, 2010-08-30 17:20:00, 0.0, None 
 48.42, -123.99, 20.0, 2010-08-30 17:22:30, 0.0, None 
 48.61, -123.93, 20.0, 2010-08-30 17:25:00, 0.0, None 
 48.8, -124.29, 23.0, 2010-08-30 18:00:00, 0.0, None 
 48.62, -124.1, 60.0, 2010-08-30 18:25:00, 0.0, None 
 48.94, -124.01, 60.0, 2010-08-30 18:35:00, 0.0, None 
 48.92, -124.1, 36.0, 2010-08-30 18:37:30, 0.0, None 
 48.81, -124.3, 32.0, 2010-08-30 18:40:00, 0.0, None 
 48.88, -123.935, 36.0, 2010-08-30 18:42:30, 0.0, None 
 48.88, -123.9, 20.0, 2010-08-30 18:45:00, 0.0, None 
 48.75, -123.9, 51.5, 2010-08-30 18:52:30, 0.0, None 
 48.835, -124.0, 37.0, 2010-08-30 18:55:00, 0.0, None 
 48.78, -124.09, 60.0, 2010-08-30 18:57:30, 0.0, None 
 48.89, -123.92, 20.0, 2010-08-30 19:05:00, 0.0, None 
 48.69, -124.09, 43.0, 2010-08-30 19:07:30, 0.0, None 
 48.765, -124.01, 49.0, 2010-08-30 19:15:00, 0.0, None 
 48.65, -124.095, 50.0, 2010-08-30 19:17:30, 0.0, None 
 48.87, -123.91, 23.0, 2010-08-30 19:32:30, 0.0, None 
 48.82, -123.97, 20.0, 2010-08-30 19:35:00, 0.0, None 
 48.79, -123.945, 20.0, 2010-08-30 19:37:30, 0.0, None 
 48.55, -123.78, 40.0, 2010-08-30 19:40:00, 0.0, None 
 48.82, -123.96, 31.0, 2010-08-30 19:42:30, 0.0, None 
 48.58, -124.21, 20.0, 2010-08-30 19:47:30, 0.0, None 
 48.77, -124.21, 28.0, 2010-08-30 19:52:30, 0.0, None 
 48.87, -123.96, 43.0, 2010-08-30 20:02:30, 0.0, None 
 48.88, -123.94, 34.0, 2010-08-30 20:05:00, 0.0, None 
 48.87, -124.015, 46.0, 2010-08-30 20:07:30, 0.0, None 
 48.885, -123.96, 48.0, 2010-08-30 20:10:00, 0.0, None 
 48.815, -123.96, 26.5, 2010-08-30 20:12:30, 0.0, None 
 48.84, -123.995, 28.5, 2010-08-30 20:15:00, 0.0, None 
 48.86, -123.91, 24.0, 2010-08-30 20:17:30, 0.0, None 
 48.625, -124.02, 20.0, 2010-08-30 20:20:00, 0.0, None 
 48.96, -123.88, 29.5, 2010-08-30 20:37:30, 0.0, None 
 48.86, -123.9, 30.0, 2010-08-30 20:40:00, 0.0, None 
 48.725, -123.95299999999999, 27.0, 2010-08-30 20:42:30, 0.0, None 
 48.748000000000005, -124.03200000000001, 36.0, 2010-08-30 20:45:00, 0.0, None 
 48.92, -123.92, 20.0, 2010-08-30 20:50:00, 0.0, None 
 48.832, -123.955, 43.5, 2010-08-30 20:52:30, 0.0, None 
 48.96, -123.885, 38.5, 2010-08-30 20:55:00, 0.0, None 
 48.74, -123.73, 60.0, 2010-08-30 21:00:00, 0.0, None 
 48.87, -123.89, 20.0, 2010-08-30 21:05:00, 0.0, None 
 48.86, -123.91, 20.0, 2010-08-30 21:07:30, 0.0, None 
 48.73, -123.75, 20.0, 2010-08-30 21:25:00, 0.0, None 
 48.795, -123.81, 20.0, 2010-08-30 21:27:30, 0.0, None 
 48.66, -124.04, 44.0, 2010-08-30 21:32:30, 0.0, None 
 48.69, -124.07, 49.0, 2010-08-30 21:35:00, 0.0, None 
 48.43, -124.01, 33.0, 2010-08-30 21:37:30, 0.0, None 
 48.806999999999995, -123.81, 24.0, 2010-08-30 21:40:00, 0.0, None 
 48.87, -123.78, 20.0, 2010-08-30 21:42:30, 0.0, None 
 48.845, -123.77, 20.0, 2010-08-30 21:45:00, 0.0, None 
 48.7, -124.175, 40.0, 2010-08-30 21:50:00, 0.0, None 
 48.63, -124.01, 41.0, 2010-08-30 22:02:30, 0.0, None 
 48.715, -124.125, 43.0, 2010-08-30 22:10:00, 0.0, None 
 48.7, -124.08, 20.0, 2010-08-30 22:12:30, 0.0, None 
 48.65, -124.0, 30.0, 2010-08-30 22:15:00, 0.0, None 
 48.76, -124.03, 46.0, 2010-08-30 22:17:30, 0.0, None 
 48.59, -124.09, 34.0, 2010-08-30 22:22:30, 0.0, None 
 48.655, -124.065, 40.0, 2010-08-30 22:25:00, 0.0, None 
 48.7, -124.18, 20.0, 2010-08-30 22:30:00, 0.0, None 
 48.77, -123.98, 34.0, 2010-08-30 22:32:30, 0.0, None 
 48.68, -123.67, 60.0, 2010-08-30 22:37:30, 0.0, None 
 48.645, -124.035, 20.0, 2010-08-30 22:45:00, 0.0, None 
 48.66, -123.995, 49.0, 2010-08-30 22:47:30, 0.0, None 
 48.65, -123.935, 32.0, 2010-08-30 22:52:30, 0.0, None 
 48.76, -124.06, 20.0, 2010-08-30 23:00:00, 0.0, None 
 48.67, -124.2, 36.0, 2010-08-30 23:05:00, 0.0, None 
 48.58, -123.98, 20.0, 2010-08-30 23:10:00, 0.0, None 
 48.68, -123.67, 53.0, 2010-08-30 23:12:30, 0.0, None 
 48.61, -124.12, 54.0, 2010-08-30 23:22:30, 0.0, None 
 48.66, -124.09, 45.5, 2010-08-30 23:25:00, 0.0, None 
 48.71, -124.1, 34.0, 2010-08-30 23:27:30, 0.0, None 
 48.655, -124.12, 31.0, 2010-08-30 23:30:00, 0.0, None 
 48.835, -124.065, 60.0, 2010-08-30 23:35:00, 0.0, None 
 48.79, -124.01, 39.0, 2010-08-30 23:37:30, 0.0, None 
 48.65, -123.99, 44.0, 2010-08-30 23:45:00, 0.0, None 
 48.56, -123.91, 57.0, 2010-08-30 23:52:30, 0.0, None 
 48.6, -124.11, 47.0, 2010-08-30 23:55:00, 0.0, None 
 48.71, -124.22, 55.0, 2010-08-31 00:00:00, 0.0, None 
 48.86, -123.79, 20.0, 2010-08-31 00:07:30, 0.0, None 
 48.72, -124.07, 20.0, 2010-08-31 00:25:00, 0.0, None 
 48.585, -124.125, 54.5, 2010-08-31 00:45:00, 0.0, None 
 48.775, -123.905, 60.0, 2010-08-31 00:57:30, 0.0, None 
 48.65, -124.04, 33.0, 2010-08-31 01:00:00, 0.0, None 
 48.67, -124.01, 23.5, 2010-08-31 01:02:30, 0.0, None 
 48.63, -124.065, 44.5, 2010-08-31 01:05:00, 0.0, None 
 46.4, -122.95, 20.0, 2010-08-31 01:12:30, 0.0, None 
 48.62, -123.96, 20.0, 2010-08-31 01:20:00, 0.0, None 
 48.9, -123.75, 27.0, 2010-08-31 01:22:30, 0.0, None 
 48.5, -123.97, 60.0, 2010-08-31 01:32:30, 0.0, None 
 48.68, -124.09, 27.0, 2010-08-31 01:35:00, 0.0, None 
 48.795, -123.84, 20.0, 2010-08-31 01:37:30, 0.0, None 
 48.7, -124.24, 33.0, 2010-08-31 02:12:30, 0.0, None 
 48.735, -124.095, 31.0, 2010-08-31 02:42:30, 0.0, None 
 48.73, -124.095, 38.5, 2010-08-31 02:45:00, 0.0, None 
 48.66, -124.0, 60.0, 2010-08-31 02:47:30, 0.0, None 
 48.885, -124.07, 39.0, 2010-08-31 02:52:30, 0.0, None 
 48.77, -124.09, 44.0, 2010-08-31 02:55:00, 0.0, None 
 48.68, -124.01, 43.0, 2010-08-31 03:00:00, 0.0, None 
 48.64, -124.03, 40.0, 2010-08-31 03:02:30, 0.0, None 
 46.52, -123.21, 20.0, 2010-08-31 03:02:30, 0.0, None 
 48.73, -123.96, 28.5, 2010-08-31 03:07:30, 0.0, None 
 48.845, -123.985, 23.5, 2010-08-31 03:10:00, 0.0, None 
 48.81, -124.13, 43.0, 2010-08-31 03:12:30, 0.0, None 
 48.54, -124.175, 53.0, 2010-08-31 03:15:00, 0.0, None 
 48.68, -124.09, 31.0, 2010-08-31 03:17:30, 0.0, None 
 48.67, -123.91, 25.8, 2010-08-31 03:20:00, 0.0, None 
 48.68, -123.99, 20.0, 2010-08-31 03:22:30, 0.0, None 
 48.705, -124.065, 34.8, 2010-08-31 03:25:00, 0.0, None 
 48.67, -123.97, 54.8, 2010-08-31 03:27:30, 0.0, None 
 48.742, -124.06, 23.0, 2010-08-31 03:30:00, 0.0, None 
 48.7, -124.08, 34.0, 2010-08-31 03:32:30, 0.0, None 
 48.7, -124.04, 52.5, 2010-08-31 03:35:00, 0.0, None 
 48.63, -123.977, 31.5, 2010-08-31 03:37:30, 0.0, None 
 48.685, -124.03200000000001, 20.0, 2010-08-31 03:40:00, 0.0, None 
 48.685, -124.015, 20.0, 2010-08-31 03:42:30, 0.0, None 
 48.71, -124.15, 43.0, 2010-08-31 03:45:00, 0.0, None 
 48.683, -124.14200000000001, 47.0, 2010-08-31 03:47:30, 0.0, None 
 48.7, -124.09, 41.5, 2010-08-31 03:50:00, 0.0, None 
 46.38, -123.04, 50.0, 2010-08-31 03:50:00, 0.0, None 
 48.7, -124.01700000000001, 27.2, 2010-08-31 03:52:30, 0.0, None 
 46.472, -123.073, 20.0, 2010-08-31 03:52:30, 0.0, None 
 48.67, -123.99, 20.0, 2010-08-31 03:55:00, 0.0, None 
 46.34, -123.16, 20.0, 2010-08-31 03:55:00, 0.0, None 
 48.64, -124.005, 53.0, 2010-08-31 03:57:30, 0.0, None 
 48.635, -124.015, 43.5, 2010-08-31 04:00:00, 0.0, None 
 48.775, -123.965, 27.0, 2010-08-31 04:02:30, 0.0, None 
 48.76, -123.95, 24.0, 2010-08-31 04:05:00, 0.0, None 
 48.742, -123.995, 40.5, 2010-08-31 04:07:30, 0.0, None 
 48.79, -123.88, 23.0, 2010-08-31 04:10:00, 0.0, None 
 48.68, -123.85799999999999, 27.5, 2010-08-31 04:12:30, 0.0, None 
 48.675, -123.838, 38.5, 2010-08-31 04:20:00, 0.0, None 
 48.611999999999995, -123.787, 35.8, 2010-08-31 04:22:30, 0.0, None 
 48.685, -123.805, 23.5, 2010-08-31 04:25:00, 0.0, None 
 48.68, -123.865, 20.0, 2010-08-31 04:27:30, 0.0, None 
 48.755, -123.95, 44.5, 2010-08-31 04:30:00, 0.0, None 
 48.707, -123.945, 23.2, 2010-08-31 04:32:30, 0.0, None 
 48.695, -123.945, 60.0, 2010-08-31 04:35:00, 0.0, None 
 48.38, -123.87, 60.0, 2010-08-31 04:35:00, 0.0, None 
 48.745, -123.85, 27.5, 2010-08-31 04:37:30, 0.0, None 
 48.61, -123.89, 35.0, 2010-08-31 04:40:00, 0.0, None 
 48.692, -123.82, 20.0, 2010-08-31 04:45:00, 0.0, None 
 48.703, -123.92, 27.0, 2010-08-31 04:47:30, 0.0, None 
 48.685, -123.975, 25.5, 2010-08-31 04:50:00, 0.0, None 
 48.57, -124.005, 38.0, 2010-08-31 04:52:30, 0.0, None 
 48.57, -123.955, 39.5, 2010-08-31 04:55:00, 0.0, None 
 46.51, -123.25, 32.0, 2010-08-31 04:55:00, 0.0, None 
 48.635, -124.005, 60.0, 2010-08-31 04:57:30, 0.0, None 
 48.69, -124.28, 20.0, 2010-08-31 05:10:00, 0.0, None 
 48.608000000000004, -123.975, 25.2, 2010-08-31 05:15:00, 0.0, None 
 48.688, -124.01700000000001, 34.2, 2010-08-31 05:17:30, 0.0, None 
 46.47, -123.18, 28.0, 2010-08-31 05:17:30, 0.0, None 
 48.685, -124.01700000000001, 30.0, 2010-08-31 05:20:00, 0.0, None 
 46.44, -123.18, 26.0, 2010-08-31 05:20:00, 0.0, None 
 48.655, -123.9, 20.0, 2010-08-31 05:27:30, 0.0, None 
 46.453, -123.10799999999999, 32.2, 2010-08-31 05:27:30, 0.0, None 
 48.623000000000005, -124.01299999999999, 20.0, 2010-08-31 05:30:00, 0.0, None 
 46.31, -123.01, 20.0, 2010-08-31 05:30:00, 0.0, None 
 48.515, -124.085, 39.5, 2010-08-31 05:32:30, 0.0, None 
 46.395, -122.965, 20.0, 2010-08-31 05:32:30, 0.0, None 
 48.7, -124.18, 60.0, 2010-08-31 05:35:00, 0.0, None 
 48.64, -123.9, 38.0, 2010-08-31 05:37:30, 0.0, None 
 48.62, -124.01, 32.0, 2010-08-31 05:40:00, 0.0, None 
 48.655, -124.095, 35.5, 2010-08-31 05:42:30, 0.0, None 
 48.623000000000005, -124.04299999999999, 28.5, 2010-08-31 05:45:00, 0.0, None 
 48.615, -124.01799999999999, 26.0, 2010-08-31 05:47:30, 0.0, None 
 48.61, -124.015, 25.0, 2010-08-31 05:50:00, 0.0, None 
 48.615, -124.005, 30.2, 2010-08-31 05:52:30, 0.0, None 
 48.575, -123.93, 34.2, 2010-08-31 05:55:00, 0.0, None 
 48.625, -124.05, 35.0, 2010-08-31 05:57:30, 0.0, None 
 48.67, -124.085, 34.0, 2010-08-31 06:00:00, 0.0, None 
 48.615, -123.97200000000001, 32.8, 2010-08-31 06:02:30, 0.0, None 
 46.445, -123.13, 27.5, 2010-08-31 06:02:30, 0.0, None 
 48.695, -123.945, 55.0, 2010-08-31 06:05:00, 0.0, None 
 48.68, -123.93, 21.0, 2010-08-31 06:07:30, 0.0, None 
 48.72, -124.01, 47.5, 2010-08-31 06:10:00, 0.0, None 
 48.71, -124.08, 34.0, 2010-08-31 06:12:30, 0.0, None 
 46.55, -123.09, 22.0, 2010-08-31 06:12:30, 0.0, None 
 48.695, -123.84299999999999, 28.5, 2010-08-31 06:15:00, 0.0, None 
 46.516999999999996, -123.175, 35.8, 2010-08-31 06:15:00, 0.0, None 
 46.6, -122.99, 60.0, 2010-08-31 06:17:30, 0.0, None 
 48.67, -123.98, 29.0, 2010-08-31 06:20:00, 0.0, None 
 48.66, -123.97, 20.0, 2010-08-31 06:22:30, 0.0, None 
 48.73, -124.3, 34.0, 2010-08-31 06:27:30, 0.0, None 
 48.73, -124.125, 60.0, 2010-08-31 06:30:00, 0.0, None 
 48.48, -123.915, 20.0, 2010-08-31 06:35:00, 0.0, None 
 48.435, -123.92200000000001, 22.8, 2010-08-31 06:37:30, 0.0, None 
 48.5, -124.03, 26.0, 2010-08-31 06:52:30, 0.0, None 
 48.66, -124.08, 60.0, 2010-08-31 06:57:30, 0.0, None 
 48.57, -124.19, 20.0, 2010-08-31 07:07:30, 0.0, None 
 48.575, -124.0, 36.5, 2010-08-31 07:10:00, 0.0, None 
 48.6, -124.17, 30.5, 2010-08-31 07:12:30, 0.0, None 
 48.57, -123.91, 20.0, 2010-08-31 07:15:00, 0.0, None 
 48.507, -123.90299999999999, 27.0, 2010-08-31 07:17:30, 0.0, None 
 48.55, -123.93, 23.5, 2010-08-31 07:20:00, 0.0, None 
 46.4, -123.08, 29.0, 2010-08-31 07:20:00, 0.0, None 
 48.48, -123.958, 30.5, 2010-08-31 07:25:00, 0.0, None 
 48.472, -123.975, 25.5, 2010-08-31 07:27:30, 0.0, None 
 46.47, -123.01, 20.0, 2010-08-31 07:30:00, 0.0, None 
 48.52, -123.99, 36.0, 2010-08-31 07:35:00, 0.0, None 
 48.59, -123.77, 60.0, 2010-08-31 07:37:30, 0.0, None 
 48.59, -123.92, 56.0, 2010-08-31 07:52:30, 0.0, None 
 48.555, -124.0, 37.5, 2010-08-31 07:55:00, 0.0, None 
 48.78, -124.0, 20.0, 2010-08-31 07:55:00, 0.0, None 
 48.485, -123.99799999999999, 60.0, 2010-08-31 07:57:30, 0.0, None 
 46.32, -123.03, 42.0, 2010-08-31 07:57:30, 0.0, None 
 48.47, -123.91, 20.0, 2010-08-31 08:00:00, 0.0, None 
 46.39, -123.045, 22.0, 2010-08-31 08:00:00, 0.0, None 
 48.495, -123.9, 34.5, 2010-08-31 08:02:30, 0.0, None 
 46.385, -122.95, 20.0, 2010-08-31 08:02:30, 0.0, None 
 48.6, -123.78, 43.0, 2010-08-31 08:05:00, 0.0, None 
 48.59, -123.78, 60.0, 2010-08-31 08:07:30, 0.0, None 
 46.34, -123.065, 60.0, 2010-08-31 08:07:30, 0.0, None 
 46.48, -123.11, 20.0, 2010-08-31 08:17:30, 0.0, None 
 48.7, -124.09, 51.0, 2010-08-31 08:22:30, 0.0, None 
 48.72, -124.02, 50.0, 2010-08-31 08:25:00, 0.0, None 
 48.7, -124.09, 38.0, 2010-08-31 08:27:30, 0.0, None 
 48.68, -124.06, 35.0, 2010-08-31 08:30:00, 0.0, None 
 48.69, -123.86, 55.0, 2010-08-31 08:35:00, 0.0, None 
 48.58, -124.25, 40.0, 2010-08-31 08:37:30, 0.0, None 
 48.6, -124.1, 40.0, 2010-08-31 08:40:00, 0.0, None 
 46.31, -123.09, 20.0, 2010-08-31 08:42:30, 0.0, None 
 48.59, -124.16, 31.0, 2010-08-31 08:45:00, 0.0, None 
 48.67, -124.18, 41.0, 2010-08-31 09:02:30, 0.0, None 
 48.67, -124.17, 41.0, 2010-08-31 09:05:00, 0.0, None 
 48.53, -123.83, 40.0, 2010-08-31 09:05:00, 0.0, None 
 48.63, -123.975, 41.0, 2010-08-31 09:07:30, 0.0, None 
 48.61, -124.02, 48.0, 2010-08-31 09:10:00, 0.0, None 
 46.34, -123.12, 20.0, 2010-08-31 09:17:30, 0.0, None 
 46.405, -123.085, 20.0, 2010-08-31 09:20:00, 0.0, None 
 48.685, -124.15, 32.5, 2010-08-31 09:27:30, 0.0, None 
 48.69, -124.08, 33.0, 2010-08-31 09:32:30, 0.0, None 
 48.7, -124.04, 42.0, 2010-08-31 09:35:00, 0.0, None 
 48.683, -124.113, 37.5, 2010-08-31 09:37:30, 0.0, None 
 48.67, -124.13, 31.5, 2010-08-31 09:40:00, 0.0, None 
 48.63, -124.22, 34.5, 2010-08-31 09:42:30, 0.0, None 
 48.51, -123.81, 60.0, 2010-08-31 09:42:30, 0.0, None 
 46.47, -123.12, 20.0, 2010-08-31 09:47:30, 0.0, None 
 46.385, -123.135, 20.8, 2010-08-31 09:50:00, 0.0, None 
 46.45, -123.11, 28.0, 2010-08-31 09:52:30, 0.0, None 
 46.49, -123.115, 20.0, 2010-08-31 10:00:00, 0.0, None 
 46.45, -123.16, 28.8, 2010-08-31 10:25:00, 0.0, None 
 46.535, -123.15, 28.5, 2010-08-31 10:27:30, 0.0, None 
 46.52, -123.11, 26.0, 2010-08-31 10:30:00, 0.0, None 
 46.575, -123.13, 49.0, 2010-08-31 10:32:30, 0.0, None 
 46.49, -123.06, 31.0, 2010-08-31 10:52:30, 0.0, None 
 48.63, -124.09, 44.0, 2010-08-31 11:30:00, 0.0, None 
 48.61, -124.1, 39.0, 2010-08-31 11:32:30, 0.0, None 
 48.61, -124.11, 41.5, 2010-08-31 11:35:00, 0.0, None 
 46.36, -123.09, 50.0, 2010-08-31 12:02:30, 0.0, None 
 46.405, -123.175, 20.8, 2010-08-31 12:05:00, 0.0, None 
 46.31, -123.02, 20.0, 2010-08-31 13:12:30, 0.0, None 
 47.8, -123.51, 60.0, 2010-08-31 13:55:00, 0.0, None 
 48.67, -124.0, 39.0, 2010-08-31 14:42:30, 0.0, None 
 48.69, -124.065, 20.0, 2010-08-31 14:45:00, 0.0, None 
 48.71, -124.06, 20.0, 2010-08-31 14:47:30, 0.0, None 
 48.625, -123.865, 53.0, 2010-08-31 14:50:00, 0.0, None 
 48.59, -124.07, 47.0, 2010-08-31 14:52:30, 0.0, None 
 48.61, -124.15, 50.0, 2010-08-31 14:55:00, 0.0, None 
 48.575, -124.06, 52.0, 2010-08-31 15:00:00, 0.0, None 
 46.49, -123.28, 20.0, 2010-08-31 15:05:00, 0.0, None 
 48.68, -124.29, 20.0, 2010-08-31 15:12:30, 0.0, None 
 48.69, -124.29, 20.0, 2010-08-31 15:15:00, 0.0, None 
 48.63, -123.86, 51.0, 2010-08-31 15:25:00, 0.0, None 
 46.42, -123.07, 20.0, 2010-08-31 16:05:00, 0.0, None 
 48.52, -123.78, 20.0, 2010-08-31 17:22:30, 0.0, None 
 48.59, -124.12, 42.0, 2010-08-31 19:27:30, 0.0, None 
 48.77, -124.11, 46.0, 2010-08-31 19:30:00, 0.0, None 
 48.56, -124.18, 32.0, 2010-08-31 19:32:30, 0.0, None 
 46.48, -123.27, 59.0, 2010-08-31 20:10:00, 0.0, None 
 46.49, -123.2, 60.0, 2010-08-31 21:57:30, 0.0, None 
 48.995, -123.97, 24.0, 2010-08-31 22:10:00, 0.0, None 
 46.44, -123.22, 50.0, 2010-08-31 22:27:30, 0.0, None 
 46.38, -123.07, 36.0, 2010-08-31 22:30:00, 0.0, None 
 46.42, -123.16, 60.0, 2010-08-31 22:32:30, 0.0, None 
 46.31, -123.12, 20.0, 2010-08-31 22:57:30, 0.0, None 
 46.42, -123.215, 20.0, 2010-08-31 23:00:00, 0.0, None 
 46.58, -122.985, 31.0, 2010-08-31 23:30:00, 0.0, None 
 46.43, -122.99, 20.0, 2010-08-31 23:32:30, 0.0, None 
 48.42, -124.0, 52.0, 2010-09-01 01:10:00, 0.0, None 
 48.7, -124.1, 40.0, 2010-09-01 01:22:30, 0.0, None 
 48.68, -124.095, 60.0, 2010-09-01 01:37:30, 0.0, None 
 48.59, -124.17, 20.0, 2010-09-01 01:40:00, 0.0, None 
 48.91, -124.21, 31.0, 2010-09-01 01:40:00, 0.0, None 
 48.57, -124.3, 38.0, 2010-09-01 01:42:30, 0.0, None 
 48.76, -124.05, 32.0, 2010-09-01 01:52:30, 0.0, None 
 48.52, -123.945, 47.5, 2010-09-01 01:57:30, 0.0, None 
 48.49, -123.88, 20.0, 2010-09-01 02:00:00, 0.0, None 
 48.57, -124.14, 20.0, 2010-09-01 02:02:30, 0.0, None 
 48.67, -124.08, 47.0, 2010-09-01 02:07:30, 0.0, None 
 48.69, -124.18, 49.0, 2010-09-01 02:10:00, 0.0, None 
 48.61, -124.18, 33.0, 2010-09-01 02:42:30, 0.0, None 
 48.59, -124.11, 49.0, 2010-09-01 02:45:00, 0.0, None 
 48.61, -124.09, 46.5, 2010-09-01 02:47:30, 0.0, None 
 48.59, -124.06, 40.5, 2010-09-01 02:50:00, 0.0, None 
 48.61, -124.095, 48.0, 2010-09-01 02:52:30, 0.0, None 
 48.655, -124.1, 36.0, 2010-09-01 02:55:00, 0.0, None 
 48.67, -124.09, 57.5, 2010-09-01 02:57:30, 0.0, None 
 48.68, -124.0, 43.0, 2010-09-01 03:00:00, 0.0, None 
 48.63, -124.08, 52.0, 2010-09-01 03:02:30, 0.0, None 
 48.695, -124.095, 46.5, 2010-09-01 03:05:00, 0.0, None 
 48.645, -124.05799999999999, 46.0, 2010-09-01 03:07:30, 0.0, None 
 48.69, -124.1, 35.0, 2010-09-01 03:10:00, 0.0, None 
 48.64, -124.037, 38.8, 2010-09-01 03:12:30, 0.0, None 
 48.635, -124.03, 34.5, 2010-09-01 03:15:00, 0.0, None 
 48.625, -123.99, 27.5, 2010-09-01 03:17:30, 0.0, None 
 48.66, -124.06700000000001, 42.0, 2010-09-01 03:20:00, 0.0, None 
 48.69, -124.01, 31.0, 2010-09-01 03:22:30, 0.0, None 
 48.69, -123.97, 30.0, 2010-09-01 03:25:00, 0.0, None 
 48.71, -124.01, 29.0, 2010-09-01 03:27:30, 0.0, None 
 48.7, -124.1, 25.0, 2010-09-01 03:30:00, 0.0, None 
 48.638000000000005, -124.01, 26.2, 2010-09-01 03:32:30, 0.0, None 
 48.655, -123.98, 20.2, 2010-09-01 03:35:00, 0.0, None 
 48.7, -124.29, 25.0, 2010-09-01 03:37:30, 0.0, None 
 48.69, -123.99, 48.5, 2010-09-01 03:40:00, 0.0, None 
 48.655, -124.1, 60.0, 2010-09-01 03:42:30, 0.0, None 
 48.71, -124.05, 30.0, 2010-09-01 03:45:00, 0.0, None 
 48.69, -124.03, 27.0, 2010-09-01 03:47:30, 0.0, None 
 48.65, -124.07, 41.5, 2010-09-01 03:50:00, 0.0, None 
 47.79, -122.87, 60.0, 2010-09-01 03:50:00, 0.0, None 
 48.73, -124.08, 33.5, 2010-09-01 03:52:30, 0.0, None 
 47.82, -122.87, 60.0, 2010-09-01 03:52:30, 0.0, None 
 47.8, -122.95, 60.0, 2010-09-01 03:57:30, 0.0, None 
 48.685, -124.22, 52.5, 2010-09-01 04:02:30, 0.0, None 
 48.67, -124.24, 51.5, 2010-09-01 04:05:00, 0.0, None 
 47.815, -122.955, 56.0, 2010-09-01 04:07:30, 0.0, None 
 47.89, -123.0, 60.0, 2010-09-01 04:15:00, 0.0, None 
 48.7, -124.27, 28.0, 2010-09-01 04:17:30, 0.0, None 
 47.8, -122.94, 60.0, 2010-09-01 04:20:00, 0.0, None 
 47.88, -122.96, 60.0, 2010-09-01 04:22:30, 0.0, None 
 48.63, -124.29, 48.0, 2010-09-01 04:30:00, 0.0, None 
 48.63, -124.22, 38.0, 2010-09-01 04:32:30, 0.0, None 
 48.782, -124.1, 46.5, 2010-09-01 04:37:30, 0.0, None 
 48.68, -124.105, 39.0, 2010-09-01 04:40:00, 0.0, None 
 48.68, -124.225, 39.5, 2010-09-01 04:42:30, 0.0, None 
 48.73, -124.02, 29.5, 2010-09-01 04:45:00, 0.0, None 
 48.7, -124.19, 20.0, 2010-09-01 04:50:00, 0.0, None 
 48.7, -124.04, 60.0, 2010-09-01 04:52:30, 0.0, None 
 48.7, -124.125, 37.0, 2010-09-01 04:55:00, 0.0, None 
 48.7, -123.975, 60.0, 2010-09-01 04:57:30, 0.0, None 
 48.63, -124.17, 35.0, 2010-09-01 05:02:30, 0.0, None 
 48.61, -124.05799999999999, 27.0, 2010-09-01 05:05:00, 0.0, None 
 48.635, -124.13, 34.0, 2010-09-01 05:07:30, 0.0, None 
 48.78, -123.95, 40.0, 2010-09-01 05:22:30, 0.0, None 
 48.63, -124.375, 59.5, 2010-09-01 05:27:30, 0.0, None 
 48.665, -124.255, 42.0, 2010-09-01 05:30:00, 0.0, None 
 48.68, -123.99, 49.5, 2010-09-01 05:40:00, 0.0, None 
 48.72, -124.14, 37.0, 2010-09-01 05:50:00, 0.0, None 
 48.71, -124.09, 60.0, 2010-09-01 05:52:30, 0.0, None 
 48.67, -124.18, 44.0, 2010-09-01 06:02:30, 0.0, None 
 48.64, -124.2, 50.5, 2010-09-01 06:05:00, 0.0, None 
 47.78, -122.95, 54.5, 2010-09-01 06:05:00, 0.0, None 
 47.76, -122.95, 60.0, 2010-09-01 06:07:30, 0.0, None 
 48.72, -123.99, 43.0, 2010-09-01 06:15:00, 0.0, None 
 48.79, -123.92, 20.0, 2010-09-01 06:35:00, 0.0, None 
 47.8, -122.98, 60.0, 2010-09-01 06:42:30, 0.0, None 
 48.65, -124.205, 28.0, 2010-09-01 06:45:00, 0.0, None 
 48.66, -124.22, 39.0, 2010-09-01 06:47:30, 0.0, None 
 48.65, -124.23, 39.0, 2010-09-01 06:50:00, 0.0, None 
 48.67, -124.055, 52.0, 2010-09-01 06:52:30, 0.0, None 
 48.71, -124.23, 34.0, 2010-09-01 07:00:00, 0.0, None 
 48.67, -124.105, 40.2, 2010-09-01 07:05:00, 0.0, None 
 48.668, -124.105, 29.5, 2010-09-01 07:07:30, 0.0, None 
 48.71, -124.21, 31.0, 2010-09-01 07:10:00, 0.0, None 
 48.71, -124.1, 34.0, 2010-09-01 07:12:30, 0.0, None 
 48.74, -124.17, 38.0, 2010-09-01 07:15:00, 0.0, None 
 48.69, -124.18, 39.0, 2010-09-01 07:17:30, 0.0, None 
 48.65, -124.14200000000001, 30.8, 2010-09-01 07:20:00, 0.0, None 
 48.66, -124.09, 41.5, 2010-09-01 07:22:30, 0.0, None 
 48.64, -124.205, 37.0, 2010-09-01 07:25:00, 0.0, None 
 48.605, -124.21, 38.0, 2010-09-01 07:30:00, 0.0, None 
 48.59, -124.34, 26.0, 2010-09-01 07:32:30, 0.0, None 
 48.62, -124.275, 43.0, 2010-09-01 07:52:30, 0.0, None 
 48.64, -124.235, 49.5, 2010-09-01 07:55:00, 0.0, None 
 48.7, -124.28, 50.0, 2010-09-01 08:10:00, 0.0, None 
 48.67, -124.27, 48.0, 2010-09-01 08:12:30, 0.0, None 
 48.63, -124.32, 53.0, 2010-09-01 08:15:00, 0.0, None 
 48.58, -124.26, 40.0, 2010-09-01 08:35:00, 0.0, None 
 48.69, -124.28, 33.0, 2010-09-01 08:37:30, 0.0, None 
 48.68, -124.26, 34.0, 2010-09-01 08:50:00, 0.0, None 
 48.63, -124.2, 44.8, 2010-09-01 08:52:30, 0.0, None 
 48.675, -124.255, 35.0, 2010-09-01 08:55:00, 0.0, None 
 48.65, -124.19, 53.5, 2010-09-01 08:57:30, 0.0, None 
 48.62, -124.33, 49.0, 2010-09-01 09:00:00, 0.0, None 
 48.58, -124.19, 46.0, 2010-09-01 09:35:00, 0.0, None 
 48.65, -124.165, 40.2, 2010-09-01 09:37:30, 0.0, None 
 48.645, -124.14200000000001, 31.2, 2010-09-01 09:40:00, 0.0, None 
 48.615, -124.37, 20.0, 2010-09-01 09:45:00, 0.0, None 
 48.51, -123.91, 20.0, 2010-09-01 10:07:30, 0.0, None 
 48.53, -124.0, 31.0, 2010-09-01 10:15:00, 0.0, None 
 48.565, -124.075, 31.5, 2010-09-01 10:17:30, 0.0, None 
 48.58, -124.165, 25.0, 2010-09-01 10:20:00, 0.0, None 
 48.5, -123.96, 44.5, 2010-09-01 10:25:00, 0.0, None 
 48.57, -123.945, 53.0, 2010-09-01 10:27:30, 0.0, None 
 48.67, -124.2, 40.0, 2010-09-01 10:32:30, 0.0, None 
 48.61, -124.28, 45.0, 2010-09-01 10:37:30, 0.0, None 
 48.635, -124.3, 46.0, 2010-09-01 10:40:00, 0.0, None 
 48.67, -124.26, 33.0, 2010-09-01 10:42:30, 0.0, None 
 48.7, -124.26, 30.0, 2010-09-01 10:45:00, 0.0, None 
 48.657, -124.145, 29.8, 2010-09-01 10:47:30, 0.0, None 
 48.7, -124.19, 34.0, 2010-09-01 10:50:00, 0.0, None 
 48.73, -124.29, 45.0, 2010-09-01 11:07:30, 0.0, None 
 48.545, -124.28, 50.0, 2010-09-01 11:12:30, 0.0, None 
 48.58, -124.22, 45.0, 2010-09-01 11:15:00, 0.0, None 
 48.66, -124.19, 32.5, 2010-09-01 11:17:30, 0.0, None 
 48.62, -124.25, 37.0, 2010-09-01 11:20:00, 0.0, None 
 48.67, -124.13, 35.0, 2010-09-01 11:22:30, 0.0, None 
 48.675, -124.0, 43.5, 2010-09-01 11:25:00, 0.0, None 
 48.68, -124.27, 33.0, 2010-09-01 11:27:30, 0.0, None 
 48.595, -124.245, 40.0, 2010-09-01 11:50:00, 0.0, None 
 48.67, -124.21, 33.5, 2010-09-01 11:52:30, 0.0, None 
 48.71, -124.12, 20.0, 2010-09-01 11:55:00, 0.0, None 
 48.67, -124.19, 33.5, 2010-09-01 11:57:30, 0.0, None 
 48.0, -123.6, 60.0, 2010-09-01 11:57:30, 0.0, None 
 48.68, -124.18, 20.0, 2010-09-01 12:00:00, 0.0, None 
 47.85, -123.0, 40.0, 2010-09-01 13:02:30, 0.0, None 
 48.62, -124.19, 52.0, 2010-09-01 13:27:30, 0.0, None 
 48.63, -124.18, 51.0, 2010-09-01 13:30:00, 0.0, None 
 48.8, -123.9, 60.0, 2010-09-01 13:32:30, 0.0, None 
 48.57, -124.3, 20.0, 2010-09-01 13:47:30, 0.0, None 
 48.62, -124.21, 20.0, 2010-09-01 13:50:00, 0.0, None 
 48.63, -124.22, 36.5, 2010-09-01 13:52:30, 0.0, None 
 48.67, -124.21, 29.5, 2010-09-01 13:55:00, 0.0, None 
 48.68, -124.22, 44.0, 2010-09-01 13:57:30, 0.0, None 
 48.72, -124.185, 34.5, 2010-09-01 14:00:00, 0.0, None 
 48.82, -124.11, 30.5, 2010-09-01 14:27:30, 0.0, None 
 48.71, -124.2, 27.5, 2010-09-01 14:30:00, 0.0, None 
 48.69, -124.23, 32.0, 2010-09-01 14:32:30, 0.0, None 
 48.65, -124.26, 46.0, 2010-09-01 14:35:00, 0.0, None 
 48.69, -124.37, 20.0, 2010-09-01 14:57:30, 0.0, None 
 48.67, -124.18, 34.5, 2010-09-01 15:47:30, 0.0, None 
 48.695, -124.18, 29.0, 2010-09-01 15:50:00, 0.0, None 
 48.6, -124.42, 20.0, 2010-09-01 15:52:30, 0.0, None 
 48.69, -124.13, 28.0, 2010-09-01 15:57:30, 0.0, None 
 48.69, -124.15, 20.0, 2010-09-01 16:00:00, 0.0, None 
 48.99, -124.06, 24.0, 2010-09-01 16:37:30, 0.0, None 
 49.0, -124.04, 25.0, 2010-09-01 16:47:30, 0.0, None 
 48.54, -123.9, 60.0, 2010-09-01 16:57:30, 0.0, None 
 47.78, -123.03, 20.0, 2010-09-01 17:22:30, 0.0, None 
 48.69, -124.21, 37.5, 2010-09-01 17:37:30, 0.0, None 
 48.6, -124.18, 40.0, 2010-09-01 17:40:00, 0.0, None 
 48.69, -124.23, 33.0, 2010-09-01 17:45:00, 0.0, None 
 48.64, -124.14, 60.0, 2010-09-01 17:47:30, 0.0, None 
 48.765, -124.135, 39.0, 2010-09-01 17:50:00, 0.0, None 
 48.66, -124.11, 20.0, 2010-09-01 17:52:30, 0.0, None 
 48.62, -124.4, 48.0, 2010-09-01 18:05:00, 0.0, None 
 48.55, -124.22, 40.0, 2010-09-01 18:20:00, 0.0, None 
 48.49, -124.32, 60.0, 2010-09-01 18:27:30, 0.0, None 
 48.6, -124.26, 37.0, 2010-09-01 18:30:00, 0.0, None 
 48.62, -124.22, 29.0, 2010-09-01 18:32:30, 0.0, None 
 48.615, -124.23, 39.5, 2010-09-01 18:35:00, 0.0, None 
 48.72, -124.2, 34.0, 2010-09-01 18:37:30, 0.0, None 
 48.715, -124.295, 32.0, 2010-09-01 18:42:30, 0.0, None 
 48.67, -124.17, 29.0, 2010-09-01 18:45:00, 0.0, None 
 48.62, -124.12, 39.0, 2010-09-01 18:47:30, 0.0, None 
 48.64, -124.11, 38.0, 2010-09-01 18:50:00, 0.0, None 
 48.615, -124.12, 24.5, 2010-09-01 18:52:30, 0.0, None 
 48.65, -124.22, 28.0, 2010-09-01 19:02:30, 0.0, None 
 48.68, -124.09, 41.0, 2010-09-01 19:05:00, 0.0, None 
 48.71, -124.1, 34.0, 2010-09-01 19:15:00, 0.0, None 
 48.7, -124.08, 35.0, 2010-09-01 19:17:30, 0.0, None 
 48.91, -124.21, 47.0, 2010-09-01 19:17:30, 0.0, None 
 48.72, -124.05, 24.5, 2010-09-01 19:20:00, 0.0, None 
 48.835, -124.095, 60.0, 2010-09-01 19:22:30, 0.0, None 
 48.66, -124.14, 20.0, 2010-09-01 19:27:30, 0.0, None 
 48.67, -124.165, 27.0, 2010-09-01 19:30:00, 0.0, None 
 48.67, -124.17, 24.0, 2010-09-01 19:32:30, 0.0, None 
 48.54, -124.13, 21.0, 2010-09-01 19:35:00, 0.0, None 
 48.63, -123.97, 20.0, 2010-09-01 19:42:30, 0.0, None 
 48.7, -124.24, 23.5, 2010-09-01 20:15:00, 0.0, None 
 48.295, -123.58, 60.0, 2010-09-01 20:15:00, 0.0, None 
 48.66, -124.12, 20.0, 2010-09-01 20:47:30, 0.0, None 
 48.69, -124.24, 31.5, 2010-09-01 20:50:00, 0.0, None 
 48.72, -124.22, 33.5, 2010-09-01 20:52:30, 0.0, None 
 48.71, -124.195, 39.5, 2010-09-01 20:55:00, 0.0, None 
 48.69, -124.2, 33.0, 2010-09-01 20:57:30, 0.0, None 
 48.72, -124.2, 23.0, 2010-09-01 21:00:00, 0.0, None 
 48.78, -124.28, 20.0, 2010-09-01 21:17:30, 0.0, None 
 48.7, -124.22, 20.0, 2010-09-01 21:27:30, 0.0, None 
 48.615, -124.41, 44.5, 2010-09-01 22:30:00, 0.0, None 
 48.64, -124.41, 20.0, 2010-09-01 22:32:30, 0.0, None 
 48.715, -124.305, 36.0, 2010-09-01 22:35:00, 0.0, None 
 48.72, -124.25, 34.0, 2010-09-01 22:37:30, 0.0, None 
 48.735, -124.16, 29.0, 2010-09-01 22:40:00, 0.0, None 
 48.58, -124.38, 60.0, 2010-09-01 22:42:30, 0.0, None 
 48.55, -124.14, 43.0, 2010-09-01 22:52:30, 0.0, None 
 48.7, -124.14, 54.0, 2010-09-01 22:57:30, 0.0, None 
 48.66, -124.26, 50.0, 2010-09-01 23:07:30, 0.0, None 
 48.51, -124.33, 60.0, 2010-09-01 23:10:00, 0.0, None 
 48.76, -124.23, 45.0, 2010-09-01 23:40:00, 0.0, None 
 48.71, -124.14, 48.0, 2010-09-01 23:45:00, 0.0, None 
 48.64, -124.02, 35.0, 2010-09-01 23:52:30, 0.0, None 
 48.72, -123.99, 20.0, 2010-09-01 23:55:00, 0.0, None 
 48.68, -124.01, 20.0, 2010-09-02 00:00:00, 0.0, None 
 48.7, -124.02, 20.0, 2010-09-02 00:02:30, 0.0, None 
 48.715, -124.23, 32.0, 2010-09-02 00:10:00, 0.0, None 
 48.78, -124.22, 41.0, 2010-09-02 00:15:00, 0.0, None 
 48.611999999999995, -124.12, 50.5, 2010-09-02 00:17:30, 0.0, None 
 48.69, -124.23, 20.0, 2010-09-02 00:20:00, 0.0, None 
 48.68, -124.22, 20.0, 2010-09-02 00:22:30, 0.0, None 
 48.72, -124.09, 41.5, 2010-09-02 00:25:00, 0.0, None 
 48.74, -124.07, 36.0, 2010-09-02 00:27:30, 0.0, None 
 48.7, -124.1, 38.0, 2010-09-02 00:30:00, 0.0, None 
 48.86, -124.15, 51.0, 2010-09-02 00:32:30, 0.0, None 
 48.85, -124.12, 54.0, 2010-09-02 00:35:00, 0.0, None 
 48.72, -124.045, 28.0, 2010-09-02 00:37:30, 0.0, None 
 48.655, -124.045, 20.0, 2010-09-02 00:40:00, 0.0, None 
 48.67, -124.09, 38.0, 2010-09-02 00:42:30, 0.0, None 
 48.63, -124.115, 20.0, 2010-09-02 00:45:00, 0.0, None 
 48.713, -124.07, 25.5, 2010-09-02 00:47:30, 0.0, None 
 46.9, -124.9, 20.0, 2010-09-02 00:47:30, 0.0, None 
 48.71, -124.06, 29.0, 2010-09-02 00:50:00, 0.0, None 
 48.69, -124.16, 48.0, 2010-09-02 00:52:30, 0.0, None 
 48.68, -124.19, 39.0, 2010-09-02 00:55:00, 0.0, None 
 48.66, -124.145, 60.0, 2010-09-02 00:57:30, 0.0, None 
 48.71, -124.162, 31.2, 2010-09-02 01:00:00, 0.0, None 
 48.69, -124.16, 36.0, 2010-09-02 01:02:30, 0.0, None 
 48.88, -124.38, 20.0, 2010-09-02 01:02:30, 0.0, None 
 48.64, -124.095, 47.0, 2010-09-02 01:05:00, 0.0, None 
 48.67, -124.135, 29.5, 2010-09-02 01:07:30, 0.0, None 
 48.715, -124.09700000000001, 20.0, 2010-09-02 01:10:00, 0.0, None 
 48.72, -124.01, 24.0, 2010-09-02 01:12:30, 0.0, None 
 48.855, -124.295, 20.0, 2010-09-02 01:12:30, 0.0, None 
 48.67, -124.09, 32.5, 2010-09-02 01:15:00, 0.0, None 
 48.67, -124.13, 25.0, 2010-09-02 01:17:30, 0.0, None 
 48.595, -124.19, 35.0, 2010-09-02 01:20:00, 0.0, None 
 48.65, -124.01, 35.0, 2010-09-02 01:25:00, 0.0, None 
 48.65, -124.07, 46.0, 2010-09-02 01:27:30, 0.0, None 
 48.66, -124.28, 38.0, 2010-09-02 01:32:30, 0.0, None 
 48.7, -124.28, 33.0, 2010-09-02 01:35:00, 0.0, None 
 48.6, -123.94, 48.0, 2010-09-02 01:42:30, 0.0, None 
 48.597, -124.09700000000001, 28.5, 2010-09-02 01:50:00, 0.0, None 
 48.67, -124.12, 31.0, 2010-09-02 01:52:30, 0.0, None 
 48.63, -124.11, 26.0, 2010-09-02 01:55:00, 0.0, None 
 48.64, -124.102, 24.0, 2010-09-02 01:57:30, 0.0, None 
 48.66, -124.18, 31.0, 2010-09-02 02:00:00, 0.0, None 
 48.62, -124.25, 20.0, 2010-09-02 02:02:30, 0.0, None 
 48.603, -124.162, 38.8, 2010-09-02 02:05:00, 0.0, None 
 48.685, -124.27, 24.0, 2010-09-02 02:07:30, 0.0, None 
 48.677, -124.255, 30.2, 2010-09-02 02:10:00, 0.0, None 
 48.7, -124.305, 25.5, 2010-09-02 02:12:30, 0.0, None 
 48.69, -124.24, 30.0, 2010-09-02 02:15:00, 0.0, None 
 48.715, -124.18, 29.5, 2010-09-02 02:17:30, 0.0, None 
 48.71, -124.2, 48.0, 2010-09-02 02:20:00, 0.0, None 
 48.66, -124.185, 41.5, 2010-09-02 02:22:30, 0.0, None 
 48.635, -124.11, 27.0, 2010-09-02 02:25:00, 0.0, None 
 48.87, -124.09, 20.0, 2010-09-02 02:35:00, 0.0, None 
 48.65, -124.26, 34.5, 2010-09-02 02:42:30, 0.0, None 
 48.66, -124.22, 30.0, 2010-09-02 02:45:00, 0.0, None 
 46.35, -123.1, 51.0, 2010-09-02 02:45:00, 0.0, None 
 48.685, -124.265, 25.0, 2010-09-02 02:47:30, 0.0, None 
 46.48, -123.09, 60.0, 2010-09-02 02:47:30, 0.0, None 
 48.7, -124.335, 38.0, 2010-09-02 02:50:00, 0.0, None 
 48.805, -124.155, 29.0, 2010-09-02 02:52:30, 0.0, None 
 48.6, -124.09, 60.0, 2010-09-02 03:00:00, 0.0, None 
 48.61, -124.22, 27.0, 2010-09-02 03:10:00, 0.0, None 
 48.655, -124.2, 29.0, 2010-09-02 03:12:30, 0.0, None 
 48.655, -124.075, 28.0, 2010-09-02 03:15:00, 0.0, None 
 48.56, -123.945, 26.8, 2010-09-02 03:17:30, 0.0, None 
 48.69, -124.18799999999999, 22.0, 2010-09-02 03:20:00, 0.0, None 
 48.685, -124.197, 28.8, 2010-09-02 03:22:30, 0.0, None 
 48.68, -124.205, 28.5, 2010-09-02 03:25:00, 0.0, None 
 48.7, -124.04, 30.5, 2010-09-02 03:32:30, 0.0, None 
 48.93, -124.3, 60.0, 2010-09-02 03:32:30, 0.0, None 
 48.69, -124.015, 26.5, 2010-09-02 03:35:00, 0.0, None 
 48.675, -124.12, 29.5, 2010-09-02 03:37:30, 0.0, None 
 48.7, -124.175, 20.0, 2010-09-02 03:40:00, 0.0, None 
 48.49, -123.885, 22.0, 2010-09-02 03:40:00, 0.0, None 
 48.68, -124.11, 20.0, 2010-09-02 03:42:30, 0.0, None 
 48.92, -124.31, 60.0, 2010-09-02 03:42:30, 0.0, None 
 48.68, -124.1, 27.5, 2010-09-02 03:45:00, 0.0, None 
 48.695, -124.195, 24.0, 2010-09-02 03:47:30, 0.0, None 
 48.685, -124.18, 25.0, 2010-09-02 03:50:00, 0.0, None 
 48.685, -124.245, 25.0, 2010-09-02 03:52:30, 0.0, None 
 48.71, -124.285, 24.2, 2010-09-02 03:55:00, 0.0, None 
 48.715, -124.155, 55.5, 2010-09-02 03:57:30, 0.0, None 
 48.76, -124.145, 27.5, 2010-09-02 04:00:00, 0.0, None 
 48.79, -124.14200000000001, 29.5, 2010-09-02 04:02:30, 0.0, None 
 48.675, -124.005, 58.0, 2010-09-02 04:05:00, 0.0, None 
 48.62, -124.023, 29.8, 2010-09-02 04:07:30, 0.0, None 
 48.625, -124.03200000000001, 46.0, 2010-09-02 04:10:00, 0.0, None 
 48.7, -124.1, 42.0, 2010-09-02 04:12:30, 0.0, None 
 48.89, -124.32, 30.0, 2010-09-02 04:12:30, 0.0, None 
 48.7, -124.02, 46.0, 2010-09-02 04:15:00, 0.0, None 
 48.705, -124.037, 32.0, 2010-09-02 04:17:30, 0.0, None 
 48.72, -124.04, 39.5, 2010-09-02 04:20:00, 0.0, None 
 48.68, -124.13, 45.5, 2010-09-02 04:22:30, 0.0, None 
 48.722, -124.15, 29.2, 2010-09-02 04:25:00, 0.0, None 
 48.715, -124.07, 31.2, 2010-09-02 04:27:30, 0.0, None 
 46.34, -123.1, 50.0, 2010-09-02 04:27:30, 0.0, None 
 48.685, -124.085, 26.5, 2010-09-02 04:30:00, 0.0, None 
 48.555, -123.98, 25.0, 2010-09-02 04:32:30, 0.0, None 
 48.648, -124.095, 38.2, 2010-09-02 04:35:00, 0.0, None 
 48.648, -124.03, 20.0, 2010-09-02 04:37:30, 0.0, None 
 48.6, -124.01299999999999, 23.2, 2010-09-02 04:40:00, 0.0, None 
 48.605, -124.06, 20.0, 2010-09-02 04:42:30, 0.0, None 
 48.63, -123.95, 48.2, 2010-09-02 04:45:00, 0.0, None 
 46.31, -123.09, 20.0, 2010-09-02 04:45:00, 0.0, None 
 48.64, -123.96, 22.5, 2010-09-02 04:47:30, 0.0, None 
 46.31, -123.2, 20.0, 2010-09-02 04:47:30, 0.0, None 
 48.635, -124.0, 23.0, 2010-09-02 04:50:00, 0.0, None 
 46.385, -123.2, 20.0, 2010-09-02 04:50:00, 0.0, None 
 48.64, -124.005, 29.5, 2010-09-02 04:52:30, 0.0, None 
 46.415, -123.25, 26.0, 2010-09-02 04:52:30, 0.0, None 
 48.648, -123.882, 47.0, 2010-09-02 04:55:00, 0.0, None 
 48.635, -123.88, 60.0, 2010-09-02 04:57:30, 0.0, None 
 48.605, -123.955, 49.0, 2010-09-02 05:00:00, 0.0, None 
 48.645, -124.005, 20.0, 2010-09-02 05:02:30, 0.0, None 
 48.76, -124.088, 20.0, 2010-09-02 05:05:00, 0.0, None 
 48.77, -124.132, 28.0, 2010-09-02 05:07:30, 0.0, None 
 48.6, -124.12299999999999, 27.0, 2010-09-02 05:10:00, 0.0, None 
 48.75, -124.21, 20.0, 2010-09-02 05:12:30, 0.0, None 
 48.71, -124.15, 25.5, 2010-09-02 05:15:00, 0.0, None 
 48.71, -124.21, 58.0, 2010-09-02 05:17:30, 0.0, None 
 48.525, -123.98, 33.5, 2010-09-02 05:17:30, 0.0, None 
 48.733000000000004, -124.27, 28.0, 2010-09-02 05:20:00, 0.0, None 
 48.715, -124.23, 20.0, 2010-09-02 05:22:30, 0.0, None 
 48.641999999999996, -124.19200000000001, 39.5, 2010-09-02 05:25:00, 0.0, None 
 48.51, -123.94, 29.2, 2010-09-02 05:30:00, 0.0, None 
 48.515, -123.93, 28.5, 2010-09-02 05:32:30, 0.0, None 
 48.653, -123.835, 22.8, 2010-09-02 05:35:00, 0.0, None 
 48.635, -123.928, 51.5, 2010-09-02 05:37:30, 0.0, None 
 48.61, -123.9, 51.0, 2010-09-02 05:40:00, 0.0, None 
 48.63, -123.885, 33.5, 2010-09-02 05:42:30, 0.0, None 
 48.74, -124.2, 23.2, 2010-09-02 05:45:00, 0.0, None 
 46.43, -123.03, 60.0, 2010-09-02 05:45:00, 0.0, None 
 48.71, -124.23, 31.0, 2010-09-02 05:47:30, 0.0, None 
 46.32, -123.28, 20.0, 2010-09-02 05:47:30, 0.0, None 
 48.68, -124.24, 31.5, 2010-09-02 05:50:00, 0.0, None 
 48.89, -124.37, 20.0, 2010-09-02 05:50:00, 0.0, None 
 48.755, -124.285, 24.0, 2010-09-02 05:52:30, 0.0, None 
 48.72, -124.24, 23.5, 2010-09-02 05:55:00, 0.0, None 
 48.62, -123.87, 60.0, 2010-09-02 06:00:00, 0.0, None 
 48.6, -123.91, 20.5, 2010-09-02 06:02:30, 0.0, None 
 48.56, -123.96799999999999, 23.2, 2010-09-02 06:05:00, 0.0, None 
 48.57, -124.007, 30.2, 2010-09-02 06:07:30, 0.0, None 
 48.553000000000004, -123.97200000000001, 29.5, 2010-09-02 06:10:00, 0.0, None 
 48.55, -124.045, 60.0, 2010-09-02 06:12:30, 0.0, None 
 48.6, -124.03, 30.5, 2010-09-02 06:15:00, 0.0, None 
 48.597, -124.01, 47.8, 2010-09-02 06:17:30, 0.0, None 
 48.605, -123.905, 49.5, 2010-09-02 06:20:00, 0.0, None 
 48.54, -124.007, 44.2, 2010-09-02 06:22:30, 0.0, None 
 48.62, -124.27, 20.0, 2010-09-02 06:25:00, 0.0, None 
 48.485, -123.985, 37.0, 2010-09-02 06:25:00, 0.0, None 
 48.683, -124.118, 28.0, 2010-09-02 06:30:00, 0.0, None 
 48.515, -123.89, 29.2, 2010-09-02 06:32:30, 0.0, None 
 48.51, -123.882, 27.5, 2010-09-02 06:35:00, 0.0, None 
 48.505, -123.93299999999999, 32.5, 2010-09-02 06:37:30, 0.0, None 
 48.715, -124.11, 60.0, 2010-09-02 06:40:00, 0.0, None 
 48.415, -123.86, 60.0, 2010-09-02 06:40:00, 0.0, None 
 48.46, -123.94, 60.0, 2010-09-02 06:42:30, 0.0, None 
 48.42, -123.855, 29.0, 2010-09-02 06:45:00, 0.0, None 
 48.68, -124.155, 50.2, 2010-09-02 06:50:00, 0.0, None 
 46.28, -123.0, 60.0, 2010-09-02 06:50:00, 0.0, None 
 48.685, -124.18, 28.0, 2010-09-02 06:52:30, 0.0, None 
 46.27, -122.99, 60.0, 2010-09-02 06:52:30, 0.0, None 
 48.655, -124.265, 50.5, 2010-09-02 06:55:00, 0.0, None 
 48.74, -124.3, 60.0, 2010-09-02 06:57:30, 0.0, None 
 46.29, -123.42, 55.5, 2010-09-02 06:57:30, 0.0, None 
 48.7, -124.29, 37.0, 2010-09-02 07:00:00, 0.0, None 
 46.515, -123.055, 47.0, 2010-09-02 07:00:00, 0.0, None 
 48.69, -124.235, 29.0, 2010-09-02 07:02:30, 0.0, None 
 46.38, -122.99, 41.0, 2010-09-02 07:02:30, 0.0, None 
 48.766999999999996, -124.32799999999999, 24.0, 2010-09-02 07:05:00, 0.0, None 
 46.4, -123.0, 39.0, 2010-09-02 07:05:00, 0.0, None 
 48.758, -124.29, 51.8, 2010-09-02 07:07:30, 0.0, None 
 48.65, -124.15700000000001, 27.0, 2010-09-02 07:10:00, 0.0, None 
 46.395, -123.13, 29.2, 2010-09-02 07:10:00, 0.0, None 
 48.64, -124.22, 27.0, 2010-09-02 07:12:30, 0.0, None 
 46.28, -123.0, 41.0, 2010-09-02 07:12:30, 0.0, None 
 48.71, -124.27, 54.0, 2010-09-02 07:15:00, 0.0, None 
 48.728, -124.32, 50.0, 2010-09-02 07:17:30, 0.0, None 
 48.71, -124.265, 39.5, 2010-09-02 07:20:00, 0.0, None 
 46.34, -123.17, 25.2, 2010-09-02 07:20:00, 0.0, None 
 48.655, -124.15, 58.5, 2010-09-02 07:22:30, 0.0, None 
 46.29, -123.02, 42.0, 2010-09-02 07:22:30, 0.0, None 
 48.681999999999995, -124.14299999999999, 24.8, 2010-09-02 07:25:00, 0.0, None 
 48.645, -124.09, 22.2, 2010-09-02 07:27:30, 0.0, None 
 48.63, -123.81, 60.0, 2010-09-02 07:32:30, 0.0, None 
 48.62, -123.8, 60.0, 2010-09-02 07:35:00, 0.0, None 
 48.66, -124.36, 20.0, 2010-09-02 07:37:30, 0.0, None 
 48.665, -124.185, 38.5, 2010-09-02 07:40:00, 0.0, None 
 48.51, -123.91, 37.0, 2010-09-02 07:40:00, 0.0, None 
 48.725, -124.275, 52.5, 2010-09-02 07:42:30, 0.0, None 
 48.51, -123.917, 25.5, 2010-09-02 07:47:30, 0.0, None 
 48.42, -123.9, 30.0, 2010-09-02 07:50:00, 0.0, None 
 48.565, -124.07, 22.5, 2010-09-02 07:55:00, 0.0, None 
 48.44, -123.90700000000001, 33.5, 2010-09-02 07:57:30, 0.0, None 
 48.54, -124.01700000000001, 34.5, 2010-09-02 08:00:00, 0.0, None 
 48.575, -124.0, 34.8, 2010-09-02 08:02:30, 0.0, None 
 48.65, -124.15299999999999, 21.5, 2010-09-02 08:05:00, 0.0, None 
 48.61, -124.17200000000001, 28.0, 2010-09-02 08:07:30, 0.0, None 
 48.645, -124.17200000000001, 49.8, 2010-09-02 08:10:00, 0.0, None 
 48.67, -124.09, 29.8, 2010-09-02 08:12:30, 0.0, None 
 48.53, -123.895, 20.0, 2010-09-02 08:15:00, 0.0, None 
 48.633, -124.023, 40.0, 2010-09-02 08:17:30, 0.0, None 
 48.657, -124.09, 40.0, 2010-09-02 08:20:00, 0.0, None 
 48.446999999999996, -124.005, 37.5, 2010-09-02 08:22:30, 0.0, None 
 48.49, -123.9, 23.0, 2010-09-02 08:25:00, 0.0, None 
 48.5, -124.005, 60.0, 2010-09-02 08:30:00, 0.0, None 
 48.52, -123.99, 29.5, 2010-09-02 08:32:30, 0.0, None 
 48.49, -123.95, 30.5, 2010-09-02 08:35:00, 0.0, None 
 48.6, -124.145, 46.0, 2010-09-02 08:37:30, 0.0, None 
 48.62, -124.1, 22.0, 2010-09-02 08:40:00, 0.0, None 
 48.61, -124.09, 20.0, 2010-09-02 08:42:30, 0.0, None 
 48.578, -124.085, 33.0, 2010-09-02 08:45:00, 0.0, None 
 48.597, -124.025, 30.5, 2010-09-02 08:47:30, 0.0, None 
 46.33, -122.91, 60.0, 2010-09-02 08:47:30, 0.0, None 
 48.623000000000005, -124.08200000000001, 39.2, 2010-09-02 08:50:00, 0.0, None 
 46.35, -123.185, 20.0, 2010-09-02 08:50:00, 0.0, None 
 48.675, -124.14, 49.0, 2010-09-02 08:52:30, 0.0, None 
 48.43, -123.93, 60.0, 2010-09-02 08:52:30, 0.0, None 
 48.69, -124.18, 42.0, 2010-09-02 08:55:00, 0.0, None 
 48.69, -124.2, 60.0, 2010-09-02 08:57:30, 0.0, None 
 48.43, -123.9, 41.5, 2010-09-02 08:57:30, 0.0, None 
 46.37, -123.04, 60.0, 2010-09-02 08:57:30, 0.0, None 
 48.48, -123.9, 23.0, 2010-09-02 09:00:00, 0.0, None 
 48.76, -124.08, 60.0, 2010-09-02 09:02:30, 0.0, None 
 48.51, -123.88, 31.0, 2010-09-02 09:02:30, 0.0, None 
 48.727, -124.35, 20.0, 2010-09-02 09:05:00, 0.0, None 
 48.665, -124.19200000000001, 37.0, 2010-09-02 09:07:30, 0.0, None 
 48.675, -124.04700000000001, 31.5, 2010-09-02 09:10:00, 0.0, None 
 46.36, -123.21, 20.0, 2010-09-02 09:10:00, 0.0, None 
 48.77, -124.1, 46.0, 2010-09-02 09:12:30, 0.0, None 
 48.71, -124.2, 60.0, 2010-09-02 09:15:00, 0.0, None 
 48.68, -124.24, 24.0, 2010-09-02 09:17:30, 0.0, None 
 48.7, -124.2, 36.0, 2010-09-02 09:20:00, 0.0, None 
 48.7, -124.2, 35.5, 2010-09-02 09:22:30, 0.0, None 
 46.445, -123.18, 44.5, 2010-09-02 09:22:30, 0.0, None 
 48.725, -124.262, 38.0, 2010-09-02 09:25:00, 0.0, None 
 48.71, -124.25, 23.0, 2010-09-02 09:27:30, 0.0, None 
 48.655, -124.15, 51.0, 2010-09-02 09:30:00, 0.0, None 
 46.315, -123.155, 40.0, 2010-09-02 09:30:00, 0.0, None 
 48.648, -124.15700000000001, 24.8, 2010-09-02 09:32:30, 0.0, None 
 46.37, -123.17, 29.0, 2010-09-02 09:32:30, 0.0, None 
 48.715, -124.175, 27.5, 2010-09-02 09:35:00, 0.0, None 
 46.43, -123.105, 20.0, 2010-09-02 09:35:00, 0.0, None 
 48.672, -124.15, 22.5, 2010-09-02 09:37:30, 0.0, None 
 46.44, -123.105, 20.0, 2010-09-02 09:37:30, 0.0, None 
 48.653, -124.155, 24.5, 2010-09-02 09:40:00, 0.0, None 
 46.45, -123.11, 20.0, 2010-09-02 09:40:00, 0.0, None 
 46.385, -123.18, 20.0, 2010-09-02 09:42:30, 0.0, None 
 46.365, -123.11, 40.0, 2010-09-02 09:45:00, 0.0, None 
 48.71, -124.275, 44.5, 2010-09-02 09:47:30, 0.0, None 
 46.415, -123.15299999999999, 20.0, 2010-09-02 09:52:30, 0.0, None 
 48.66, -124.26, 37.0, 2010-09-02 09:55:00, 0.0, None 
 46.405, -123.135, 20.0, 2010-09-02 09:55:00, 0.0, None 
 48.71, -124.3, 20.0, 2010-09-02 10:00:00, 0.0, None 
 48.71, -124.25, 28.5, 2010-09-02 10:02:30, 0.0, None 
 46.49, -123.09, 20.0, 2010-09-02 10:02:30, 0.0, None 
 48.72, -124.24, 29.0, 2010-09-02 10:05:00, 0.0, None 
 46.41, -123.177, 27.2, 2010-09-02 10:05:00, 0.0, None 
 48.73, -124.21, 20.0, 2010-09-02 10:07:30, 0.0, None 
 46.38, -123.12700000000001, 22.5, 2010-09-02 10:07:30, 0.0, None 
 48.735, -124.24, 30.0, 2010-09-02 10:10:00, 0.0, None 
 46.365, -123.11200000000001, 21.5, 2010-09-02 10:10:00, 0.0, None 
 48.727, -124.18799999999999, 27.8, 2010-09-02 10:12:30, 0.0, None 
 46.345, -123.19, 20.0, 2010-09-02 10:12:30, 0.0, None 
 48.74, -124.22, 45.0, 2010-09-02 10:15:00, 0.0, None 
 46.323, -123.22, 41.0, 2010-09-02 10:15:00, 0.0, None 
 46.41, -123.12, 31.0, 2010-09-02 10:22:30, 0.0, None 
 48.64, -124.195, 23.0, 2010-09-02 10:25:00, 0.0, None 
 48.655, -124.32, 30.5, 2010-09-02 10:27:30, 0.0, None 
 46.4, -122.98, 20.0, 2010-09-02 10:27:30, 0.0, None 
 46.46, -123.125, 21.0, 2010-09-02 10:30:00, 0.0, None 
 46.415, -123.15299999999999, 29.0, 2010-09-02 10:32:30, 0.0, None 
 46.4, -123.3, 20.0, 2010-09-02 10:40:00, 0.0, None 
 46.4, -123.31, 20.0, 2010-09-02 10:42:30, 0.0, None 
 48.68, -124.48, 39.0, 2010-09-02 10:45:00, 0.0, None 
 48.72, -124.28, 29.0, 2010-09-02 10:52:30, 0.0, None 
 48.79, -124.235, 20.0, 2010-09-02 10:55:00, 0.0, None 
 48.72, -124.15, 42.0, 2010-09-02 10:57:30, 0.0, None 
 48.657, -124.16, 22.0, 2010-09-02 11:00:00, 0.0, None 
 48.655, -124.14, 24.5, 2010-09-02 11:02:30, 0.0, None 
 48.685, -124.18, 25.0, 2010-09-02 11:05:00, 0.0, None 
 48.75, -124.29299999999999, 28.5, 2010-09-02 11:07:30, 0.0, None 
 48.705, -124.255, 20.0, 2010-09-02 11:10:00, 0.0, None 
 48.67, -124.27, 27.5, 2010-09-02 11:12:30, 0.0, None 
 48.705, -124.235, 25.5, 2010-09-02 11:15:00, 0.0, None 
 48.68, -124.23, 40.0, 2010-09-02 11:35:00, 0.0, None 
 48.695, -124.19, 29.5, 2010-09-02 11:37:30, 0.0, None 
 48.84, -124.48, 60.0, 2010-09-02 11:37:30, 0.0, None 
 48.7, -124.28, 29.5, 2010-09-02 11:40:00, 0.0, None 
 48.69, -124.28, 31.0, 2010-09-02 11:42:30, 0.0, None 
 48.69, -124.29, 28.0, 2010-09-02 11:45:00, 0.0, None 
 48.68, -124.1, 60.0, 2010-09-02 11:47:30, 0.0, None 
 48.62, -124.27, 27.0, 2010-09-02 11:50:00, 0.0, None 
 48.66, -124.22, 35.0, 2010-09-02 11:52:30, 0.0, None 
 48.68, -124.25, 60.0, 2010-09-02 11:57:30, 0.0, None 
 48.715, -124.24, 22.2, 2010-09-02 12:07:30, 0.0, None 
 48.75, -124.25, 31.0, 2010-09-02 12:10:00, 0.0, None 
 48.695, -124.24, 20.0, 2010-09-02 12:17:30, 0.0, None 
 48.74, -124.26, 30.0, 2010-09-02 12:22:30, 0.0, None 
 48.725, -124.315, 24.5, 2010-09-02 12:25:00, 0.0, None 
 48.69, -124.27, 34.0, 2010-09-02 12:45:00, 0.0, None 
 48.828, -124.275, 43.5, 2010-09-02 12:47:30, 0.0, None 
 48.78, -124.225, 24.0, 2010-09-02 12:50:00, 0.0, None 
 48.695, -124.24, 34.0, 2010-09-02 12:52:30, 0.0, None 
 48.7, -124.23, 31.0, 2010-09-02 12:55:00, 0.0, None 
 48.7, -124.24, 53.0, 2010-09-02 12:57:30, 0.0, None 
 48.59, -123.91, 28.0, 2010-09-02 12:57:30, 0.0, None 
 48.68, -124.25, 21.0, 2010-09-02 13:00:00, 0.0, None 
 48.7, -124.23, 27.0, 2010-09-02 13:02:30, 0.0, None 
 48.715, -124.21, 31.0, 2010-09-02 13:05:00, 0.0, None 
 46.3, -123.37, 60.0, 2010-09-02 13:22:30, 0.0, None 
 48.68, -124.17, 20.0, 2010-09-02 13:35:00, 0.0, None 
 48.62, -124.09, 40.5, 2010-09-02 14:00:00, 0.0, None 
 48.68, -124.21, 33.0, 2010-09-02 14:02:30, 0.0, None 
 48.77, -124.07, 20.0, 2010-09-02 14:25:00, 0.0, None 
 46.5, -123.4, 20.0, 2010-09-02 14:27:30, 0.0, None 
 48.685, -124.275, 29.5, 2010-09-02 14:45:00, 0.0, None 
 48.69, -124.15, 21.0, 2010-09-02 14:52:30, 0.0, None 
 48.675, -124.17, 60.0, 2010-09-02 15:00:00, 0.0, None 
 48.69, -124.26, 31.0, 2010-09-02 15:02:30, 0.0, None 
 48.74, -124.27, 35.5, 2010-09-02 15:05:00, 0.0, None 
 48.635, -124.215, 40.0, 2010-09-02 15:07:30, 0.0, None 
 48.6, -124.16, 26.0, 2010-09-02 15:10:00, 0.0, None 
 48.67, -124.09, 60.0, 2010-09-02 15:25:00, 0.0, None 
 48.625, -124.07, 49.5, 2010-09-02 15:30:00, 0.0, None 
 48.72, -124.085, 40.0, 2010-09-02 15:32:30, 0.0, None 
 48.78, -124.07, 29.0, 2010-09-02 15:35:00, 0.0, None 
 48.67, -124.06, 53.0, 2010-09-02 15:37:30, 0.0, None 
 48.81, -124.04, 37.0, 2010-09-02 15:40:00, 0.0, None 
 48.64, -123.805, 60.0, 2010-09-02 15:40:00, 0.0, None 
 48.765, -124.07, 30.0, 2010-09-02 15:42:30, 0.0, None 
 48.7, -124.215, 24.0, 2010-09-02 15:50:00, 0.0, None 
 48.69, -124.14, 20.0, 2010-09-02 15:52:30, 0.0, None 
 48.73, -124.2, 20.0, 2010-09-02 15:55:00, 0.0, None 
 48.71, -124.16, 29.0, 2010-09-02 15:57:30, 0.0, None 
 48.685, -124.13, 39.0, 2010-09-02 16:00:00, 0.0, None 
 48.66, -124.14, 52.0, 2010-09-02 16:02:30, 0.0, None 
 48.71, -124.195, 25.5, 2010-09-02 16:05:00, 0.0, None 
 48.7, -124.16, 36.0, 2010-09-02 16:07:30, 0.0, None 
 48.73, -124.22, 30.0, 2010-09-02 16:10:00, 0.0, None 
 48.722, -124.235, 26.0, 2010-09-02 16:12:30, 0.0, None 
 48.68, -124.17, 40.0, 2010-09-02 16:15:00, 0.0, None 
 48.69, -124.07, 32.0, 2010-09-02 16:22:30, 0.0, None 
 48.57, -124.06, 20.0, 2010-09-02 16:25:00, 0.0, None 
 48.81, -124.03, 44.0, 2010-09-02 16:30:00, 0.0, None 
 48.825, -124.12, 54.0, 2010-09-02 16:32:30, 0.0, None 
 48.74, -124.12, 49.0, 2010-09-02 16:35:00, 0.0, None 
 48.74, -124.25, 25.0, 2010-09-02 16:37:30, 0.0, None 
 48.68, -124.22, 32.0, 2010-09-02 16:40:00, 0.0, None 
 48.69, -124.28, 31.0, 2010-09-02 16:42:30, 0.0, None 
 48.705, -124.19, 20.0, 2010-09-02 16:45:00, 0.0, None 
 48.795, -124.01, 20.0, 2010-09-02 16:50:00, 0.0, None 
 48.775, -124.105, 20.0, 2010-09-02 16:52:30, 0.0, None 
 48.74, -124.09, 43.0, 2010-09-02 16:55:00, 0.0, None 
 48.82, -124.04, 60.0, 2010-09-02 16:57:30, 0.0, None 
 48.76, -124.0, 30.0, 2010-09-02 17:00:00, 0.0, None 
 48.74, -124.005, 27.0, 2010-09-02 17:02:30, 0.0, None 
 48.65, -124.165, 40.0, 2010-09-02 17:05:00, 0.0, None 
 48.68, -124.19, 20.0, 2010-09-02 17:07:30, 0.0, None 
 48.74, -124.243, 23.5, 2010-09-02 17:10:00, 0.0, None 
 48.64, -124.43, 60.0, 2010-09-02 17:12:30, 0.0, None 
 48.82, -124.095, 52.0, 2010-09-02 17:17:30, 0.0, None 
 48.72, -124.065, 20.0, 2010-09-02 17:25:00, 0.0, None 
 48.72, -124.09, 43.0, 2010-09-02 17:30:00, 0.0, None 
 48.79, -124.25, 23.5, 2010-09-02 17:32:30, 0.0, None 
 48.74, -124.205, 27.0, 2010-09-02 17:35:00, 0.0, None 
 48.7, -124.22, 20.0, 2010-09-02 17:37:30, 0.0, None 
 48.76, -124.2, 25.0, 2010-09-02 17:40:00, 0.0, None 
 48.775, -124.22, 28.0, 2010-09-02 17:45:00, 0.0, None 
 48.83, -124.295, 29.0, 2010-09-02 17:47:30, 0.0, None 
 48.74, -124.21, 20.0, 2010-09-02 17:50:00, 0.0, None 
 48.71, -124.21, 21.0, 2010-09-02 17:52:30, 0.0, None 
 48.725, -124.225, 22.0, 2010-09-02 17:55:00, 0.0, None 
 48.763000000000005, -124.27, 38.5, 2010-09-02 17:57:30, 0.0, None 
 48.68, -123.91, 25.8, 2010-09-02 18:00:00, 0.0, None 
 48.695, -123.95, 20.0, 2010-09-02 18:02:30, 0.0, None 
 48.72, -124.105, 38.5, 2010-09-02 18:07:30, 0.0, None 
 48.69, -124.19, 32.5, 2010-09-02 18:10:00, 0.0, None 
 48.68, -124.22, 39.0, 2010-09-02 18:12:30, 0.0, None 
 48.7, -124.20299999999999, 37.0, 2010-09-02 18:15:00, 0.0, None 
 48.67, -124.28, 60.0, 2010-09-02 18:17:30, 0.0, None 
 48.7, -124.25, 40.0, 2010-09-02 18:22:30, 0.0, None 
 48.755, -124.225, 56.0, 2010-09-02 18:27:30, 0.0, None 
 48.81, -124.24, 47.5, 2010-09-02 18:37:30, 0.0, None 
 48.81, -124.28, 54.0, 2010-09-02 18:40:00, 0.0, None 
 48.77, -124.03, 30.0, 2010-09-02 19:10:00, 0.0, None 
 48.8, -123.97, 30.0, 2010-09-02 19:12:30, 0.0, None 
 48.815, -123.98, 26.0, 2010-09-02 19:15:00, 0.0, None 
 48.8, -124.16, 34.0, 2010-09-02 19:27:30, 0.0, None 
 48.8, -124.22, 26.0, 2010-09-02 19:30:00, 0.0, None 
 48.72, -124.215, 37.0, 2010-09-02 19:32:30, 0.0, None 
 48.695, -124.17, 23.0, 2010-09-02 19:35:00, 0.0, None 
 48.7, -124.235, 36.5, 2010-09-02 19:37:30, 0.0, None 
 48.7, -124.29, 38.0, 2010-09-02 19:40:00, 0.0, None 
 48.68, -124.33, 50.0, 2010-09-02 19:42:30, 0.0, None 
 48.74, -124.245, 27.0, 2010-09-02 19:45:00, 0.0, None 
 48.72, -124.235, 20.0, 2010-09-02 19:47:30, 0.0, None 
 48.84, -124.18, 47.0, 2010-09-02 19:50:00, 0.0, None 
 48.665, -124.23, 20.0, 2010-09-02 19:52:30, 0.0, None 
 48.765, -124.26, 60.0, 2010-09-02 19:57:30, 0.0, None 
 48.72, -124.19, 29.0, 2010-09-02 20:02:30, 0.0, None 
 48.77, -124.215, 26.0, 2010-09-02 20:05:00, 0.0, None 
 48.79, -124.22, 20.0, 2010-09-02 20:07:30, 0.0, None 
 48.73, -124.22, 29.0, 2010-09-02 20:10:00, 0.0, None 
 48.925, -124.05, 43.0, 2010-09-02 20:45:00, 0.0, None 
 48.89, -124.05, 30.0, 2010-09-02 20:47:30, 0.0, None 
 48.88, -124.07, 31.0, 2010-09-02 20:50:00, 0.0, None 
 48.82, -123.88, 38.0, 2010-09-02 20:52:30, 0.0, None 
 48.905, -123.98, 60.0, 2010-09-02 20:55:00, 0.0, None 
 48.835, -124.01, 35.0, 2010-09-02 21:05:00, 0.0, None 
 48.785, -124.17, 29.0, 2010-09-02 21:07:30, 0.0, None 
 48.62, -124.37, 20.0, 2010-09-02 21:10:00, 0.0, None 
 48.605, -124.22, 20.0, 2010-09-02 21:12:30, 0.0, None 
 48.72, -124.305, 20.0, 2010-09-02 21:17:30, 0.0, None 
 48.73, -124.23, 31.0, 2010-09-02 21:20:00, 0.0, None 
 48.74, -124.38, 31.0, 2010-09-02 21:22:30, 0.0, None 
 48.78, -124.42, 54.5, 2010-09-02 21:25:00, 0.0, None 
 48.72, -124.3, 31.0, 2010-09-02 21:27:30, 0.0, None 
 48.715, -124.215, 33.0, 2010-09-02 21:30:00, 0.0, None 
 48.805, -124.29, 20.0, 2010-09-02 21:32:30, 0.0, None 
 48.81, -124.1, 40.0, 2010-09-02 21:45:00, 0.0, None 
 48.86, -124.05, 33.0, 2010-09-02 21:47:30, 0.0, None 
 48.89, -124.11, 20.0, 2010-09-02 21:50:00, 0.0, None 
 48.71, -124.41, 29.0, 2010-09-02 21:55:00, 0.0, None 
 48.7, -124.31, 20.0, 2010-09-02 22:00:00, 0.0, None 
 48.59, -123.93, 55.0, 2010-09-02 22:10:00, 0.0, None 
 48.88, -124.065, 60.0, 2010-09-02 22:15:00, 0.0, None 
 48.8, -123.96, 30.0, 2010-09-02 22:17:30, 0.0, None 
 48.765, -123.97, 32.0, 2010-09-02 22:20:00, 0.0, None 
 48.81, -124.3, 32.0, 2010-09-02 22:30:00, 0.0, None 
 48.79, -123.99, 47.5, 2010-09-02 22:45:00, 0.0, None 
 48.67, -124.07, 60.0, 2010-09-02 22:47:30, 0.0, None 
 48.68, -123.87, 42.5, 2010-09-02 22:52:30, 0.0, None 
 48.765, -123.91, 26.0, 2010-09-02 23:25:00, 0.0, None 
 48.8, -123.89, 41.0, 2010-09-02 23:27:30, 0.0, None 
 48.51, -123.91, 60.0, 2010-09-02 23:32:30, 0.0, None 
 48.78, -124.19, 46.0, 2010-09-02 23:40:00, 0.0, None 
 48.66, -124.2, 53.0, 2010-09-02 23:42:30, 0.0, None 
 48.82, -124.23, 42.0, 2010-09-03 00:10:00, 0.0, None 
 48.8, -124.26, 39.0, 2010-09-03 00:12:30, 0.0, None 
 48.79, -124.29, 26.0, 2010-09-03 00:15:00, 0.0, None 
 48.78, -124.25, 33.0, 2010-09-03 00:17:30, 0.0, None 
 48.81, -124.18, 32.0, 2010-09-03 00:20:00, 0.0, None 
 48.58, -123.86, 20.0, 2010-09-03 00:20:00, 0.0, None 
 48.805, -124.17, 37.0, 2010-09-03 00:22:30, 0.0, None 
 48.78, -124.33, 30.0, 2010-09-03 00:25:00, 0.0, None 
 48.72, -124.26, 21.0, 2010-09-03 00:30:00, 0.0, None 
 48.72, -124.26, 32.0, 2010-09-03 00:32:30, 0.0, None 
 48.73, -124.255, 32.0, 2010-09-03 00:35:00, 0.0, None 
 48.71, -124.29, 28.0, 2010-09-03 00:37:30, 0.0, None 
 48.73, -124.24, 31.5, 2010-09-03 00:40:00, 0.0, None 
 46.4, -123.33, 60.0, 2010-09-03 00:40:00, 0.0, None 
 48.77, -124.2, 24.5, 2010-09-03 00:42:30, 0.0, None 
 48.59, -123.81, 60.0, 2010-09-03 00:42:30, 0.0, None 
 48.73, -124.35, 60.0, 2010-09-03 00:45:00, 0.0, None 
 46.58, -123.24, 57.0, 2010-09-03 00:45:00, 0.0, None 
 48.74, -124.26, 20.0, 2010-09-03 00:47:30, 0.0, None 
 48.665, -124.17, 20.0, 2010-09-03 00:50:00, 0.0, None 
 48.72, -124.27, 31.0, 2010-09-03 00:52:30, 0.0, None 
 48.065, -123.59, 60.0, 2010-09-03 00:52:30, 0.0, None 
 48.72, -124.2, 31.0, 2010-09-03 00:55:00, 0.0, None 
 48.02, -123.61, 60.0, 2010-09-03 00:55:00, 0.0, None 
 48.69, -124.165, 40.0, 2010-09-03 00:57:30, 0.0, None 
 48.09, -123.59, 60.0, 2010-09-03 00:57:30, 0.0, None 
 48.09, -123.62, 60.0, 2010-09-03 01:00:00, 0.0, None 
 46.08, -122.61, 60.0, 2010-09-03 01:00:00, 0.0, None 
 46.5, -123.085, 60.0, 2010-09-03 01:02:30, 0.0, None 
 46.49, -123.08, 60.0, 2010-09-03 01:05:00, 0.0, None 
 46.475, -123.1, 60.0, 2010-09-03 01:07:30, 0.0, None 
 46.47, -122.91, 60.0, 2010-09-03 01:10:00, 0.0, None 
 46.43, -123.32, 60.0, 2010-09-03 01:12:30, 0.0, None 
 48.58, -124.15, 20.0, 2010-09-03 01:20:00, 0.0, None 
 46.505, -123.29, 60.0, 2010-09-03 01:40:00, 0.0, None 
 46.6, -122.935, 60.0, 2010-09-03 01:42:30, 0.0, None 
 48.09, -123.65, 60.0, 2010-09-03 01:45:00, 0.0, None 
 46.58, -122.89, 41.0, 2010-09-03 01:45:00, 0.0, None 
 48.8, -124.29, 55.0, 2010-09-03 01:47:30, 0.0, None 
 48.8, -124.3, 55.0, 2010-09-03 01:50:00, 0.0, None 
 46.515, -123.13, 60.0, 2010-09-03 01:50:00, 0.0, None 
 48.83, -124.245, 53.0, 2010-09-03 01:52:30, 0.0, None 
 46.595, -122.95, 60.0, 2010-09-03 02:02:30, 0.0, None 
 46.11, -122.6, 60.0, 2010-09-03 02:07:30, 0.0, None 
 46.11, -122.58, 60.0, 2010-09-03 02:12:30, 0.0, None 
 46.12, -122.6, 25.0, 2010-09-03 02:15:00, 0.0, None 
 48.71, -124.35, 30.5, 2010-09-03 02:37:30, 0.0, None 
 48.0, -123.6, 60.0, 2010-09-03 02:47:30, 0.0, None 
 46.1, -122.59, 60.0, 2010-09-03 02:50:00, 0.0, None 
 49.0, -123.8, 51.0, 2010-09-03 02:52:30, 0.0, None 
 48.625, -124.4, 55.5, 2010-09-03 02:55:00, 0.0, None 
 46.07, -122.63, 40.0, 2010-09-03 02:55:00, 0.0, None 
 48.78, -124.33, 55.0, 2010-09-03 03:00:00, 0.0, None 
 48.075, -123.615, 60.0, 2010-09-03 03:02:30, 0.0, None 
 48.93, -124.18, 33.0, 2010-09-03 03:07:30, 0.0, None 
 48.75, -124.31, 60.0, 2010-09-03 03:15:00, 0.0, None 
 48.79, -124.07, 60.0, 2010-09-03 03:17:30, 0.0, None 
 48.77, -124.28, 56.0, 2010-09-03 03:22:30, 0.0, None 
 48.77, -124.26, 60.0, 2010-09-03 03:25:00, 0.0, None 
 48.92, -124.12, 51.0, 2010-09-03 03:27:30, 0.0, None 
 48.965, -124.08, 30.0, 2010-09-03 03:30:00, 0.0, None 
 48.72, -124.3, 56.0, 2010-09-03 03:47:30, 0.0, None 
 48.1, -123.6, 31.0, 2010-09-03 03:47:30, 0.0, None 
 48.03, -123.64, 60.0, 2010-09-03 03:50:00, 0.0, None 
 46.6, -122.96, 20.0, 2010-09-03 03:50:00, 0.0, None 
 48.06, -123.62, 60.0, 2010-09-03 03:52:30, 0.0, None 
 46.395, -123.08, 20.0, 2010-09-03 03:52:30, 0.0, None 
 48.51, -124.2, 20.0, 2010-09-03 04:00:00, 0.0, None 
 46.48, -123.32, 49.0, 2010-09-03 04:00:00, 0.0, None 
 46.4, -123.00200000000001, 57.5, 2010-09-03 04:02:30, 0.0, None 
 48.61, -123.78, 46.0, 2010-09-03 04:07:30, 0.0, None 
 46.34, -123.19, 52.0, 2010-09-03 04:10:00, 0.0, None 
 46.285, -123.18799999999999, 37.5, 2010-09-03 04:12:30, 0.0, None 
 46.365, -123.04, 40.0, 2010-09-03 04:17:30, 0.0, None 
 46.433, -123.12, 20.0, 2010-09-03 04:20:00, 0.0, None 
 48.725, -124.275, 40.0, 2010-09-03 04:22:30, 0.0, None 
 46.422, -123.125, 33.5, 2010-09-03 04:22:30, 0.0, None 
 48.75, -124.29, 20.0, 2010-09-03 04:25:00, 0.0, None 
 46.555, -123.07, 20.5, 2010-09-03 04:25:00, 0.0, None 
 48.74, -124.31, 20.0, 2010-09-03 04:27:30, 0.0, None 
 48.69, -124.39, 20.0, 2010-09-03 04:30:00, 0.0, None 
 46.367, -123.09, 35.0, 2010-09-03 04:30:00, 0.0, None 
 48.73, -124.26, 20.0, 2010-09-03 04:32:30, 0.0, None 
 46.383, -123.11, 40.5, 2010-09-03 04:32:30, 0.0, None 
 48.67, -124.27, 20.0, 2010-09-03 04:35:00, 0.0, None 
 46.3, -123.095, 20.0, 2010-09-03 04:35:00, 0.0, None 
 48.67, -124.3, 20.0, 2010-09-03 04:37:30, 0.0, None 
 46.3, -123.03, 60.0, 2010-09-03 04:37:30, 0.0, None 
 48.715, -124.36, 20.0, 2010-09-03 04:40:00, 0.0, None 
 46.355, -123.23, 20.0, 2010-09-03 04:40:00, 0.0, None 
 48.705, -124.55, 47.0, 2010-09-03 04:42:30, 0.0, None 
 46.37, -123.17, 20.0, 2010-09-03 04:42:30, 0.0, None 
 46.403, -123.185, 22.5, 2010-09-03 04:45:00, 0.0, None 
 48.79, -124.39, 20.0, 2010-09-03 04:47:30, 0.0, None 
 46.395, -123.2, 27.0, 2010-09-03 04:47:30, 0.0, None 
 48.775, -124.4, 20.0, 2010-09-03 04:50:00, 0.0, None 
 46.405, -123.25200000000001, 20.0, 2010-09-03 04:50:00, 0.0, None 
 48.77, -124.37, 20.0, 2010-09-03 04:52:30, 0.0, None 
 46.335, -123.17200000000001, 23.0, 2010-09-03 04:52:30, 0.0, None 
 48.8, -124.36, 20.0, 2010-09-03 04:55:00, 0.0, None 
 46.38, -123.19, 28.0, 2010-09-03 04:55:00, 0.0, None 
 48.92, -124.13, 57.0, 2010-09-03 04:57:30, 0.0, None 
 46.375, -123.18, 35.0, 2010-09-03 04:57:30, 0.0, None 
 48.76, -124.375, 31.5, 2010-09-03 05:00:00, 0.0, None 
 48.76, -124.45, 20.0, 2010-09-03 05:02:30, 0.0, None 
 48.78, -124.44, 20.0, 2010-09-03 05:05:00, 0.0, None 
 48.79, -124.375, 20.0, 2010-09-03 05:07:30, 0.0, None 
 48.725, -124.44, 29.0, 2010-09-03 05:10:00, 0.0, None 
 48.68, -124.34, 27.5, 2010-09-03 05:12:30, 0.0, None 
 48.67, -124.32, 30.0, 2010-09-03 05:15:00, 0.0, None 
 48.69, -124.41, 20.0, 2010-09-03 05:17:30, 0.0, None 
 48.68, -124.41, 20.0, 2010-09-03 05:20:00, 0.0, None 
 46.48, -123.25, 40.0, 2010-09-03 05:20:00, 0.0, None 
 48.82, -124.32, 60.0, 2010-09-03 05:22:30, 0.0, None 
 48.8, -124.39, 51.0, 2010-09-03 05:25:00, 0.0, None 
 46.486999999999995, -123.25, 21.5, 2010-09-03 05:25:00, 0.0, None 
 46.5, -123.26, 20.0, 2010-09-03 05:27:30, 0.0, None 
 46.5, -123.06, 43.0, 2010-09-03 05:30:00, 0.0, None 
 48.73, -124.33, 21.0, 2010-09-03 05:32:30, 0.0, None 
 48.54, -124.11, 40.0, 2010-09-03 05:32:30, 0.0, None 
 48.795, -124.355, 20.0, 2010-09-03 05:35:00, 0.0, None 
 48.69, -124.28, 34.0, 2010-09-03 05:37:30, 0.0, None 
 46.4, -123.2, 30.0, 2010-09-03 05:37:30, 0.0, None 
 48.86, -124.33, 20.0, 2010-09-03 05:40:00, 0.0, None 
 46.4, -123.175, 28.0, 2010-09-03 05:40:00, 0.0, None 
 48.74, -124.37, 25.0, 2010-09-03 05:42:30, 0.0, None 
 48.76, -124.39, 21.0, 2010-09-03 05:45:00, 0.0, None 
 48.77, -124.415, 21.5, 2010-09-03 05:47:30, 0.0, None 
 46.49, -123.24, 45.5, 2010-09-03 05:47:30, 0.0, None 
 46.495, -123.3, 55.2, 2010-09-03 05:50:00, 0.0, None 
 48.86, -124.19, 40.0, 2010-09-03 05:52:30, 0.0, None 
 48.83, -124.195, 34.0, 2010-09-03 05:55:00, 0.0, None 
 46.3, -123.45, 60.0, 2010-09-03 05:57:30, 0.0, None 
 48.76, -124.1, 38.0, 2010-09-03 06:00:00, 0.0, None 
 48.64, -124.23, 20.0, 2010-09-03 06:02:30, 0.0, None 
 48.61, -124.25, 20.0, 2010-09-03 06:05:00, 0.0, None 
 46.48, -123.3, 20.0, 2010-09-03 06:05:00, 0.0, None 
 48.78, -124.35, 28.0, 2010-09-03 06:07:30, 0.0, None 
 48.785, -124.295, 49.0, 2010-09-03 06:10:00, 0.0, None 
 46.51, -123.29, 20.0, 2010-09-03 06:15:00, 0.0, None 
 48.72, -124.2, 52.0, 2010-09-03 06:17:30, 0.0, None 
 46.505, -123.25200000000001, 20.0, 2010-09-03 06:17:30, 0.0, None 
 48.825, -124.19, 38.0, 2010-09-03 06:20:00, 0.0, None 
 46.42, -123.205, 27.0, 2010-09-03 06:20:00, 0.0, None 
 46.28, -122.95, 48.0, 2010-09-03 06:22:30, 0.0, None 
 46.485, -123.2, 34.0, 2010-09-03 06:22:30, 0.0, None 
 48.67, -124.38, 32.0, 2010-09-03 06:25:00, 0.0, None 
 46.26, -122.99, 60.0, 2010-09-03 06:25:00, 0.0, None 
 48.78, -124.31, 31.0, 2010-09-03 06:27:30, 0.0, None 
 46.48, -123.205, 36.5, 2010-09-03 06:27:30, 0.0, None 
 48.79, -124.225, 26.0, 2010-09-03 06:30:00, 0.0, None 
 46.445, -123.213, 44.0, 2010-09-03 06:30:00, 0.0, None 
 48.79, -124.3, 20.5, 2010-09-03 06:32:30, 0.0, None 
 46.3, -123.22, 41.0, 2010-09-03 06:32:30, 0.0, None 
 48.8, -124.3, 20.0, 2010-09-03 06:35:00, 0.0, None 
 46.37, -123.145, 24.0, 2010-09-03 06:35:00, 0.0, None 
 48.72, -124.29, 38.0, 2010-09-03 06:37:30, 0.0, None 
 46.44, -123.15, 50.0, 2010-09-03 06:37:30, 0.0, None 
 48.665, -124.195, 20.0, 2010-09-03 06:40:00, 0.0, None 
 48.78, -124.26, 20.0, 2010-09-03 06:42:30, 0.0, None 
 46.5, -123.21, 20.0, 2010-09-03 06:42:30, 0.0, None 
 48.7, -124.33, 20.0, 2010-09-03 06:45:00, 0.0, None 
 46.453, -123.145, 25.2, 2010-09-03 06:45:00, 0.0, None 
 48.655, -124.42, 20.0, 2010-09-03 06:47:30, 0.0, None 
 46.485, -123.105, 31.0, 2010-09-03 06:47:30, 0.0, None 
 48.91, -124.08, 58.0, 2010-09-03 06:50:00, 0.0, None 
 46.457, -123.13, 24.5, 2010-09-03 06:50:00, 0.0, None 
 48.58, -124.29, 60.0, 2010-09-03 06:52:30, 0.0, None 
 46.525, -123.215, 49.5, 2010-09-03 06:52:30, 0.0, None 
 48.665, -124.165, 24.5, 2010-09-03 06:55:00, 0.0, None 
 46.565, -123.24, 33.0, 2010-09-03 06:55:00, 0.0, None 
 48.71, -124.28, 38.0, 2010-09-03 06:57:30, 0.0, None 
 46.32, -123.2, 33.0, 2010-09-03 06:57:30, 0.0, None 
 48.703, -124.243, 36.8, 2010-09-03 07:00:00, 0.0, None 
 48.81, -124.23, 43.0, 2010-09-03 07:02:30, 0.0, None 
 48.83, -124.31, 41.0, 2010-09-03 07:05:00, 0.0, None 
 48.82, -124.42, 20.0, 2010-09-03 07:07:30, 0.0, None 
 48.758, -124.083, 29.2, 2010-09-03 07:10:00, 0.0, None 
 48.895, -124.3, 53.5, 2010-09-03 07:12:30, 0.0, None 
 48.79, -124.21, 29.0, 2010-09-03 07:15:00, 0.0, None 
 48.825, -124.175, 26.0, 2010-09-03 07:17:30, 0.0, None 
 48.858000000000004, -124.22, 27.0, 2010-09-03 07:20:00, 0.0, None 
 48.78, -124.15, 33.0, 2010-09-03 07:22:30, 0.0, None 
 48.785, -124.12700000000001, 33.0, 2010-09-03 07:25:00, 0.0, None 
 48.76, -124.2, 34.0, 2010-09-03 07:27:30, 0.0, None 
 48.73, -124.16, 32.8, 2010-09-03 07:30:00, 0.0, None 
 48.755, -124.185, 46.5, 2010-09-03 07:32:30, 0.0, None 
 48.76, -124.205, 48.0, 2010-09-03 07:35:00, 0.0, None 
 48.808, -124.257, 24.5, 2010-09-03 07:37:30, 0.0, None 
 48.705, -124.10799999999999, 34.0, 2010-09-03 07:40:00, 0.0, None 
 48.735, -124.135, 24.0, 2010-09-03 07:42:30, 0.0, None 
 48.85, -124.375, 33.8, 2010-09-03 07:45:00, 0.0, None 
 48.69, -124.175, 35.5, 2010-09-03 07:47:30, 0.0, None 
 48.73, -124.18, 28.8, 2010-09-03 07:50:00, 0.0, None 
 48.735, -124.225, 21.0, 2010-09-03 07:52:30, 0.0, None 
 48.72, -124.21, 32.0, 2010-09-03 07:55:00, 0.0, None 
 48.665, -124.095, 60.0, 2010-09-03 07:57:30, 0.0, None 
 48.71, -124.24, 35.0, 2010-09-03 08:00:00, 0.0, None 
 48.645, -124.135, 22.5, 2010-09-03 08:02:30, 0.0, None 
 48.555, -124.135, 54.0, 2010-09-03 08:05:00, 0.0, None 
 48.72, -124.145, 49.0, 2010-09-03 08:07:30, 0.0, None 
 48.8, -124.08, 39.0, 2010-09-03 08:10:00, 0.0, None 
 48.8, -124.26, 28.5, 2010-09-03 08:12:30, 0.0, None 
 48.695, -124.23, 34.8, 2010-09-03 08:15:00, 0.0, None 
 48.68, -124.18, 23.5, 2010-09-03 08:17:30, 0.0, None 
 48.88, -124.505, 20.0, 2010-09-03 08:17:30, 0.0, None 
 48.685, -124.21, 32.0, 2010-09-03 08:20:00, 0.0, None 
 48.707, -124.39, 35.0, 2010-09-03 08:22:30, 0.0, None 
 48.64, -124.35, 29.5, 2010-09-03 08:25:00, 0.0, None 
 48.653, -124.15, 57.0, 2010-09-03 08:27:30, 0.0, None 
 48.75, -124.13, 30.0, 2010-09-03 08:30:00, 0.0, None 
 48.93, -124.35, 20.0, 2010-09-03 08:30:00, 0.0, None 
 48.75, -124.15, 20.0, 2010-09-03 08:32:30, 0.0, None 
 48.92, -124.41, 20.0, 2010-09-03 08:32:30, 0.0, None 
 48.675, -124.185, 21.2, 2010-09-03 08:35:00, 0.0, None 
 48.615, -124.125, 54.8, 2010-09-03 08:37:30, 0.0, None 
 48.663000000000004, -124.075, 22.0, 2010-09-03 08:40:00, 0.0, None 
 48.685, -124.19, 22.2, 2010-09-03 08:42:30, 0.0, None 
 48.66, -124.21, 41.5, 2010-09-03 08:45:00, 0.0, None 
 48.692, -124.065, 37.8, 2010-09-03 08:47:30, 0.0, None 
 48.751999999999995, -124.12299999999999, 39.0, 2010-09-03 08:50:00, 0.0, None 
 48.67, -124.02, 47.5, 2010-09-03 08:52:30, 0.0, None 
 48.715, -124.105, 39.5, 2010-09-03 08:55:00, 0.0, None 
 48.8, -124.11, 60.0, 2010-09-03 08:57:30, 0.0, None 
 48.74, -124.16, 50.0, 2010-09-03 09:02:30, 0.0, None 
 46.23, -123.1, 60.0, 2010-09-03 09:02:30, 0.0, None 
 48.745, -124.17, 25.8, 2010-09-03 09:05:00, 0.0, None 
 48.75, -124.19200000000001, 27.0, 2010-09-03 09:07:30, 0.0, None 
 48.74, -124.245, 42.0, 2010-09-03 09:10:00, 0.0, None 
 48.69, -124.162, 37.0, 2010-09-03 09:12:30, 0.0, None 
 48.711999999999996, -124.10799999999999, 22.0, 2010-09-03 09:15:00, 0.0, None 
 48.79, -124.28, 20.0, 2010-09-03 09:17:30, 0.0, None 
 48.67, -124.28, 60.0, 2010-09-03 09:20:00, 0.0, None 
 48.74, -124.38, 26.0, 2010-09-03 09:22:30, 0.0, None 
 48.77, -124.35, 24.0, 2010-09-03 09:25:00, 0.0, None 
 48.83, -124.345, 43.0, 2010-09-03 09:27:30, 0.0, None 
 48.81, -124.33, 34.5, 2010-09-03 09:30:00, 0.0, None 
 48.74, -124.34, 30.5, 2010-09-03 09:32:30, 0.0, None 
 48.65, -124.26, 22.5, 2010-09-03 09:35:00, 0.0, None 
 48.71, -124.273, 23.0, 2010-09-03 09:37:30, 0.0, None 
 48.675, -124.18799999999999, 28.0, 2010-09-03 09:40:00, 0.0, None 
 48.7, -124.28, 29.0, 2010-09-03 09:42:30, 0.0, None 
 48.695, -124.275, 26.0, 2010-09-03 09:45:00, 0.0, None 
 48.71, -124.38, 20.0, 2010-09-03 09:47:30, 0.0, None 
 48.77, -124.427, 41.5, 2010-09-03 09:50:00, 0.0, None 
 48.75, -124.37, 20.0, 2010-09-03 09:52:30, 0.0, None 
 48.62, -124.16, 51.0, 2010-09-03 10:00:00, 0.0, None 
 48.7, -124.33, 39.0, 2010-09-03 10:02:30, 0.0, None 
 48.76, -124.35, 30.0, 2010-09-03 10:05:00, 0.0, None 
 48.75, -124.26, 34.2, 2010-09-03 10:07:30, 0.0, None 
 48.735, -124.305, 37.5, 2010-09-03 10:10:00, 0.0, None 
 48.72, -124.375, 38.5, 2010-09-03 10:12:30, 0.0, None 
 48.76, -124.39, 30.0, 2010-09-03 10:15:00, 0.0, None 
 48.817, -124.275, 35.5, 2010-09-03 10:17:30, 0.0, None 
 46.47, -123.27, 20.0, 2010-09-03 10:17:30, 0.0, None 
 46.37, -122.91, 46.5, 2010-09-03 10:20:00, 0.0, None 
 48.68, -124.32, 49.0, 2010-09-03 10:25:00, 0.0, None 
 46.29, -123.01, 20.0, 2010-09-03 10:25:00, 0.0, None 
 48.78, -124.21, 44.5, 2010-09-03 10:27:30, 0.0, None 
 48.84, -124.19, 50.0, 2010-09-03 10:30:00, 0.0, None 
 48.745, -124.255, 25.0, 2010-09-03 10:32:30, 0.0, None 
 48.733000000000004, -124.22200000000001, 27.2, 2010-09-03 10:35:00, 0.0, None 
 48.92, -124.11, 55.0, 2010-09-03 10:52:30, 0.0, None 
 46.285, -122.98, 36.0, 2010-09-03 10:52:30, 0.0, None 
 48.72, -124.43, 60.0, 2010-09-03 10:57:30, 0.0, None 
 48.78, -124.35, 40.0, 2010-09-03 11:00:00, 0.0, None 
 48.76, -124.3, 20.0, 2010-09-03 11:02:30, 0.0, None 
 48.74, -124.325, 27.0, 2010-09-03 11:05:00, 0.0, None 
 48.7, -124.3, 47.0, 2010-09-03 11:07:30, 0.0, None 
 48.7, -124.33, 40.0, 2010-09-03 11:10:00, 0.0, None 
 48.725, -124.44, 25.0, 2010-09-03 11:12:30, 0.0, None 
 48.73, -124.44, 26.0, 2010-09-03 11:15:00, 0.0, None 
 46.565, -122.995, 60.0, 2010-09-03 11:25:00, 0.0, None 
 48.8, -124.32, 48.0, 2010-09-03 11:40:00, 0.0, None 
 48.73, -124.35, 30.0, 2010-09-03 11:42:30, 0.0, None 
 48.765, -124.23, 40.0, 2010-09-03 11:45:00, 0.0, None 
 48.74, -124.39, 48.0, 2010-09-03 11:47:30, 0.0, None 
 48.68, -124.34, 20.0, 2010-09-03 11:50:00, 0.0, None 
 46.37, -123.137, 31.2, 2010-09-03 11:50:00, 0.0, None 
 46.295, -123.105, 26.8, 2010-09-03 11:52:30, 0.0, None 
 48.815, -124.22, 29.0, 2010-09-03 12:05:00, 0.0, None 
 48.78, -124.18, 32.0, 2010-09-03 12:07:30, 0.0, None 
 48.78, -124.33, 27.0, 2010-09-03 12:10:00, 0.0, None 
 48.75, -124.34, 27.0, 2010-09-03 12:12:30, 0.0, None 
 48.76, -124.26, 30.0, 2010-09-03 12:15:00, 0.0, None 
 48.72, -124.375, 31.0, 2010-09-03 12:20:00, 0.0, None 
 48.7, -124.23, 58.0, 2010-09-03 12:37:30, 0.0, None 
 48.62, -124.345, 31.5, 2010-09-03 12:40:00, 0.0, None 
 48.7, -124.38, 30.0, 2010-09-03 12:42:30, 0.0, None 
 48.7, -124.38, 31.0, 2010-09-03 12:45:00, 0.0, None 
 48.755, -124.38, 56.5, 2010-09-03 12:47:30, 0.0, None 
 48.86, -124.23, 20.0, 2010-09-03 12:52:30, 0.0, None 
 48.71, -124.48, 46.0, 2010-09-03 12:57:30, 0.0, None 
 48.74, -124.41, 27.0, 2010-09-03 13:00:00, 0.0, None 
 48.7, -124.33, 20.0, 2010-09-03 13:02:30, 0.0, None 
 48.78, -124.35, 25.0, 2010-09-03 13:05:00, 0.0, None 
 48.76, -124.35, 32.0, 2010-09-03 13:07:30, 0.0, None 
 48.74, -124.365, 28.0, 2010-09-03 13:10:00, 0.0, None 
 48.72, -124.355, 20.0, 2010-09-03 13:12:30, 0.0, None 
 48.76, -124.27, 33.0, 2010-09-03 13:15:00, 0.0, None 
 48.8, -124.24, 27.5, 2010-09-03 13:17:30, 0.0, None 
 48.81, -124.23, 33.0, 2010-09-03 13:20:00, 0.0, None 
 48.77, -124.235, 31.0, 2010-09-03 13:22:30, 0.0, None 
 48.82, -124.25, 38.0, 2010-09-03 13:27:30, 0.0, None 
 48.8, -124.32, 33.0, 2010-09-03 13:30:00, 0.0, None 
 48.79, -124.31, 26.5, 2010-09-03 13:32:30, 0.0, None 
 48.81, -124.35, 20.0, 2010-09-03 13:35:00, 0.0, None 
 48.84, -124.35, 25.0, 2010-09-03 13:37:30, 0.0, None 
 48.735, -124.3, 22.0, 2010-09-03 13:42:30, 0.0, None 
 48.79, -124.28, 34.0, 2010-09-03 13:45:00, 0.0, None 
 48.727, -124.227, 41.2, 2010-09-03 13:47:30, 0.0, None 
 48.74, -124.31, 32.0, 2010-09-03 13:50:00, 0.0, None 
 48.88, -124.215, 38.0, 2010-09-03 13:52:30, 0.0, None 
 48.9, -124.215, 20.0, 2010-09-03 13:55:00, 0.0, None 
 48.8, -124.21, 57.0, 2010-09-03 13:57:30, 0.0, None 
 48.83, -124.21, 37.5, 2010-09-03 14:00:00, 0.0, None 
 48.86, -124.225, 39.0, 2010-09-03 14:02:30, 0.0, None 
 48.82, -124.34, 33.0, 2010-09-03 14:05:00, 0.0, None 
 48.79, -124.34, 29.0, 2010-09-03 14:07:30, 0.0, None 
 48.75, -124.255, 32.0, 2010-09-03 14:10:00, 0.0, None 
 48.84, -124.4, 45.5, 2010-09-03 14:12:30, 0.0, None 
 48.8, -124.29, 37.0, 2010-09-03 14:15:00, 0.0, None 
 48.72, -124.37, 30.5, 2010-09-03 14:17:30, 0.0, None 
 48.76, -124.36, 30.0, 2010-09-03 14:20:00, 0.0, None 
 48.81, -124.27, 33.0, 2010-09-03 14:22:30, 0.0, None 
 48.795, -124.26, 30.5, 2010-09-03 14:25:00, 0.0, None 
 48.76, -124.35, 60.0, 2010-09-03 14:27:30, 0.0, None 
 46.35, -123.03, 28.0, 2010-09-03 14:30:00, 0.0, None 
 48.79, -124.27, 20.0, 2010-09-03 14:32:30, 0.0, None 
 48.0, -123.64, 49.0, 2010-09-03 14:32:30, 0.0, None 
 48.79, -124.255, 32.5, 2010-09-03 14:35:00, 0.0, None 
 48.765, -124.315, 39.0, 2010-09-03 14:37:30, 0.0, None 
 48.79, -124.31, 40.0, 2010-09-03 14:40:00, 0.0, None 
 48.83, -124.395, 51.5, 2010-09-03 14:42:30, 0.0, None 
 48.74, -124.29, 29.5, 2010-09-03 14:45:00, 0.0, None 
 48.73, -124.28, 36.0, 2010-09-03 14:47:30, 0.0, None 
 48.82, -124.275, 42.5, 2010-09-03 14:50:00, 0.0, None 
 48.8, -124.33, 30.0, 2010-09-03 14:52:30, 0.0, None 
 48.82, -124.3, 25.5, 2010-09-03 14:55:00, 0.0, None 
 48.78, -124.26, 31.0, 2010-09-03 14:57:30, 0.0, None 
 48.78, -124.27, 25.5, 2010-09-03 15:00:00, 0.0, None 
 48.805, -124.335, 55.0, 2010-09-03 15:02:30, 0.0, None 
 48.82, -124.29, 39.0, 2010-09-03 15:05:00, 0.0, None 
 48.81, -124.14, 60.0, 2010-09-03 15:07:30, 0.0, None 
 48.82, -124.32, 27.5, 2010-09-03 15:10:00, 0.0, None 
 46.335, -122.993, 44.8, 2010-09-03 15:10:00, 0.0, None 
 48.8, -124.3, 27.0, 2010-09-03 15:12:30, 0.0, None 
 48.79, -124.24, 42.0, 2010-09-03 15:15:00, 0.0, None 
 48.78, -124.32, 32.0, 2010-09-03 15:17:30, 0.0, None 
 48.733000000000004, -124.20299999999999, 44.8, 2010-09-03 15:20:00, 0.0, None 
 48.785, -124.29, 33.0, 2010-09-03 15:22:30, 0.0, None 
 48.845, -124.235, 38.5, 2010-09-03 15:25:00, 0.0, None 
 48.73, -124.3, 37.5, 2010-09-03 15:27:30, 0.0, None 
 48.71, -124.24, 29.0, 2010-09-03 15:30:00, 0.0, None 
 48.67, -124.38, 34.0, 2010-09-03 15:32:30, 0.0, None 
 46.28, -123.41, 39.0, 2010-09-03 15:32:30, 0.0, None 
 48.8, -124.285, 27.0, 2010-09-03 15:35:00, 0.0, None 
 48.73, -124.32, 22.0, 2010-09-03 15:37:30, 0.0, None 
 46.42, -123.16, 60.0, 2010-09-03 15:37:30, 0.0, None 
 48.785, -124.19, 48.0, 2010-09-03 15:40:00, 0.0, None 
 48.84, -124.305, 45.0, 2010-09-03 15:42:30, 0.0, None 
 48.795, -124.27, 22.2, 2010-09-03 15:45:00, 0.0, None 
 48.7, -124.39, 47.0, 2010-09-03 15:47:30, 0.0, None 
 48.73, -124.38, 40.0, 2010-09-03 15:50:00, 0.0, None 
 48.635, -124.365, 20.0, 2010-09-03 15:52:30, 0.0, None 
 48.79, -124.34, 26.5, 2010-09-03 16:00:00, 0.0, None 
 48.82, -124.31, 32.0, 2010-09-03 16:02:30, 0.0, None 
 48.78, -124.33, 45.0, 2010-09-03 16:05:00, 0.0, None 
 48.775, -124.325, 46.5, 2010-09-03 16:07:30, 0.0, None 
 48.83, -124.195, 39.5, 2010-09-03 16:10:00, 0.0, None 
 48.71, -124.27, 47.0, 2010-09-03 16:15:00, 0.0, None 
 48.78, -124.25, 33.0, 2010-09-03 16:17:30, 0.0, None 
 48.845, -124.21, 24.0, 2010-09-03 16:20:00, 0.0, None 
 48.86, -124.2, 28.0, 2010-09-03 16:22:30, 0.0, None 
 48.64, -123.965, 20.0, 2010-09-03 16:22:30, 0.0, None 
 48.86, -124.125, 22.8, 2010-09-03 16:25:00, 0.0, None 
 48.8, -124.21, 31.0, 2010-09-03 16:27:30, 0.0, None 
 48.72, -124.355, 33.0, 2010-09-03 16:30:00, 0.0, None 
 46.305, -123.042, 40.2, 2010-09-03 16:30:00, 0.0, None 
 48.805, -124.325, 40.0, 2010-09-03 16:32:30, 0.0, None 
 46.32, -122.97, 20.0, 2010-09-03 16:32:30, 0.0, None 
 48.77, -124.55, 60.0, 2010-09-03 16:47:30, 0.0, None 
 48.66, -124.41, 60.0, 2010-09-03 16:50:00, 0.0, None 
 48.75, -124.41, 35.0, 2010-09-03 16:52:30, 0.0, None 
 48.73, -124.395, 30.0, 2010-09-03 16:55:00, 0.0, None 
 48.805, -124.33, 46.0, 2010-09-03 16:57:30, 0.0, None 
 48.69, -124.38, 45.0, 2010-09-03 17:00:00, 0.0, None 
 48.86, -124.35, 45.0, 2010-09-03 17:02:30, 0.0, None 
 48.82, -124.32, 36.0, 2010-09-03 17:30:00, 0.0, None 
 48.8, -124.325, 30.0, 2010-09-03 17:32:30, 0.0, None 
 46.5, -123.21, 20.0, 2010-09-03 17:35:00, 0.0, None 
 48.61, -124.23, 29.0, 2010-09-03 17:40:00, 0.0, None 
 48.68, -124.34, 31.0, 2010-09-03 17:42:30, 0.0, None 
 48.685, -124.345, 38.5, 2010-09-03 17:45:00, 0.0, None 
 48.76, -124.44, 59.5, 2010-09-03 17:50:00, 0.0, None 
 48.725, -124.38, 28.0, 2010-09-03 17:52:30, 0.0, None 
 48.76, -124.42, 30.0, 2010-09-03 17:55:00, 0.0, None 
 46.28, -123.15, 20.0, 2010-09-03 17:55:00, 0.0, None 
 46.28, -123.21, 60.0, 2010-09-03 17:57:30, 0.0, None 
 48.81, -124.155, 33.0, 2010-09-03 18:00:00, 0.0, None 
 48.79, -124.24, 31.0, 2010-09-03 18:07:30, 0.0, None 
 48.775, -124.24, 40.0, 2010-09-03 18:10:00, 0.0, None 
 48.8, -124.22, 50.0, 2010-09-03 18:12:30, 0.0, None 
 48.89, -124.33, 20.0, 2010-09-03 18:20:00, 0.0, None 
 46.34, -123.21, 29.5, 2010-09-03 18:27:30, 0.0, None 
 48.82, -124.37, 60.0, 2010-09-03 18:30:00, 0.0, None 
 46.39, -123.21, 29.0, 2010-09-03 18:30:00, 0.0, None 
 48.825, -124.375, 60.0, 2010-09-03 18:32:30, 0.0, None 
 46.35, -123.01, 39.2, 2010-09-03 18:32:30, 0.0, None 
 48.79, -124.31, 40.0, 2010-09-03 18:40:00, 0.0, None 
 48.78, -124.33, 25.5, 2010-09-03 18:42:30, 0.0, None 
 48.78, -124.32, 52.0, 2010-09-03 18:45:00, 0.0, None 
 48.59, -124.01, 41.5, 2010-09-03 18:45:00, 0.0, None 
 48.77, -124.275, 27.0, 2010-09-03 18:47:30, 0.0, None 
 48.78, -124.29, 32.0, 2010-09-03 18:50:00, 0.0, None 
 48.79, -124.33, 35.5, 2010-09-03 18:52:30, 0.0, None 
 48.82, -124.375, 20.0, 2010-09-03 18:55:00, 0.0, None 
 48.86, -124.2, 58.0, 2010-09-03 18:57:30, 0.0, None 
 48.87, -124.18, 33.0, 2010-09-03 19:00:00, 0.0, None 
 48.6, -124.46, 57.0, 2010-09-03 19:02:30, 0.0, None 
 48.81, -124.17, 31.0, 2010-09-03 19:05:00, 0.0, None 
 48.86, -124.18, 26.5, 2010-09-03 19:07:30, 0.0, None 
 48.83, -124.18, 32.0, 2010-09-03 19:10:00, 0.0, None 
 48.81, -124.215, 26.2, 2010-09-03 19:12:30, 0.0, None 
 48.855, -124.285, 41.5, 2010-09-03 19:15:00, 0.0, None 
 46.295, -123.025, 23.0, 2010-09-03 19:17:30, 0.0, None 
 48.815, -124.31, 20.0, 2010-09-03 19:22:30, 0.0, None 
 48.84, -124.31, 21.0, 2010-09-03 19:25:00, 0.0, None 
 48.75, -124.16, 30.5, 2010-09-03 19:27:30, 0.0, None 
 48.63, -123.83, 32.5, 2010-09-03 19:27:30, 0.0, None 
 48.69, -124.04, 27.0, 2010-09-03 19:30:00, 0.0, None 
 48.76, -124.25, 38.0, 2010-09-03 19:32:30, 0.0, None 
 48.73, -124.22, 35.0, 2010-09-03 19:35:00, 0.0, None 
 48.7, -124.22, 57.0, 2010-09-03 19:37:30, 0.0, None 
 48.69, -124.27, 29.0, 2010-09-03 19:40:00, 0.0, None 
 48.79, -124.29700000000001, 45.5, 2010-09-03 19:42:30, 0.0, None 
 48.7, -124.205, 23.0, 2010-09-03 19:45:00, 0.0, None 
 48.72, -124.215, 27.0, 2010-09-03 19:47:30, 0.0, None 
 48.73, -124.225, 21.0, 2010-09-03 19:50:00, 0.0, None 
 48.69, -124.33, 20.0, 2010-09-03 19:55:00, 0.0, None 
 48.81, -124.435, 60.0, 2010-09-03 19:57:30, 0.0, None 
 48.74, -124.22, 32.0, 2010-09-03 20:00:00, 0.0, None 
 48.72, -124.26, 20.0, 2010-09-03 20:02:30, 0.0, None 
 48.685, -124.155, 26.2, 2010-09-03 20:05:00, 0.0, None 
 46.45, -123.3, 50.0, 2010-09-03 20:05:00, 0.0, None 
 48.688, -124.02799999999999, 44.0, 2010-09-03 20:07:30, 0.0, None 
 48.78, -124.23, 28.0, 2010-09-03 20:10:00, 0.0, None 
 48.77, -124.36, 22.5, 2010-09-03 20:12:30, 0.0, None 
 46.235, -123.12, 42.5, 2010-09-03 20:12:30, 0.0, None 
 46.31, -123.085, 30.5, 2010-09-03 20:15:00, 0.0, None 
 48.78, -124.37, 20.0, 2010-09-03 20:20:00, 0.0, None 
 46.53, -122.96, 20.0, 2010-09-03 20:20:00, 0.0, None 
 48.74, -124.375, 44.0, 2010-09-03 20:22:30, 0.0, None 
 46.56, -122.94, 20.0, 2010-09-03 20:22:30, 0.0, None 
 48.64, -124.185, 60.0, 2010-09-03 20:25:00, 0.0, None 
 48.78, -124.28, 41.0, 2010-09-03 20:27:30, 0.0, None 
 48.78, -124.28, 37.0, 2010-09-03 20:30:00, 0.0, None 
 48.805, -124.31, 43.5, 2010-09-03 20:35:00, 0.0, None 
 48.835, -124.51, 60.0, 2010-09-03 20:42:30, 0.0, None 
 48.77, -124.38, 30.0, 2010-09-03 20:45:00, 0.0, None 
 46.29, -122.94, 39.0, 2010-09-03 20:57:30, 0.0, None 
 46.285, -122.925, 60.0, 2010-09-03 21:00:00, 0.0, None 
 48.76, -124.4, 30.0, 2010-09-03 21:10:00, 0.0, None 
 48.76, -124.38, 34.0, 2010-09-03 21:12:30, 0.0, None 
 48.71, -124.41, 31.0, 2010-09-03 21:15:00, 0.0, None 
 48.68, -124.54, 60.0, 2010-09-03 21:20:00, 0.0, None 
 48.89, -124.31, 26.0, 2010-09-03 21:25:00, 0.0, None 
 48.84, -124.32, 34.0, 2010-09-03 21:27:30, 0.0, None 
 48.81, -124.37, 41.0, 2010-09-03 21:30:00, 0.0, None 
 46.29, -123.05, 60.0, 2010-09-03 21:30:00, 0.0, None 
 48.795, -124.32, 35.0, 2010-09-03 21:32:30, 0.0, None 
 48.71, -124.255, 39.0, 2010-09-03 21:35:00, 0.0, None 
 48.81, -124.31, 20.0, 2010-09-03 21:37:30, 0.0, None 
 48.7, -124.475, 32.0, 2010-09-03 21:47:30, 0.0, None 
 48.81, -124.3, 20.0, 2010-09-03 21:52:30, 0.0, None 
 48.77, -124.475, 20.0, 2010-09-03 22:12:30, 0.0, None 
 48.69, -124.47, 20.0, 2010-09-03 22:15:00, 0.0, None 
 48.805, -124.29700000000001, 24.0, 2010-09-03 22:22:30, 0.0, None 
 48.81, -124.34, 35.5, 2010-09-03 22:25:00, 0.0, None 
 48.79, -124.305, 31.0, 2010-09-03 22:27:30, 0.0, None 
 46.22, -123.13, 60.0, 2010-09-03 22:27:30, 0.0, None 
 48.74, -124.29, 23.0, 2010-09-03 22:30:00, 0.0, None 
 48.69, -124.27, 51.5, 2010-09-03 22:37:30, 0.0, None 
 48.73, -124.46, 20.0, 2010-09-03 22:52:30, 0.0, None 
 48.78, -124.41, 26.0, 2010-09-03 22:55:00, 0.0, None 
 48.76, -124.43, 33.0, 2010-09-03 22:57:30, 0.0, None 
 48.71, -124.4, 20.0, 2010-09-03 23:00:00, 0.0, None 
 48.8, -124.36, 33.0, 2010-09-03 23:02:30, 0.0, None 
 48.76, -124.38, 25.0, 2010-09-03 23:05:00, 0.0, None 
 48.775, -124.34, 32.0, 2010-09-03 23:07:30, 0.0, None 
 48.85, -124.365, 24.0, 2010-09-03 23:10:00, 0.0, None 
 48.81, -124.28, 35.0, 2010-09-03 23:12:30, 0.0, None 
 48.85, -124.36, 40.0, 2010-09-03 23:15:00, 0.0, None 
 48.83, -124.28, 34.0, 2010-09-03 23:20:00, 0.0, None 
 48.81, -124.21, 32.0, 2010-09-03 23:22:30, 0.0, None 
 48.865, -124.2, 34.5, 2010-09-03 23:25:00, 0.0, None 
 46.19, -123.1, 20.0, 2010-09-03 23:27:30, 0.0, None 
 48.85, -124.11, 20.0, 2010-09-03 23:32:30, 0.0, None 
 48.79, -124.33, 20.0, 2010-09-03 23:35:00, 0.0, None 
 48.79, -124.33, 20.0, 2010-09-03 23:37:30, 0.0, None 
 48.82, -124.33, 60.0, 2010-09-03 23:40:00, 0.0, None 
 48.78, -124.23, 20.0, 2010-09-03 23:42:30, 0.0, None 
 48.76, -124.43, 24.0, 2010-09-03 23:45:00, 0.0, None 
 48.81, -124.41, 20.0, 2010-09-03 23:47:30, 0.0, None 
 48.89, -124.29, 30.0, 2010-09-03 23:52:30, 0.0, None 
 48.8, -124.34, 20.0, 2010-09-03 23:55:00, 0.0, None 
 48.76, -124.4, 24.0, 2010-09-04 00:00:00, 0.0, None 
 48.68, -124.55, 60.0, 2010-09-04 00:02:30, 0.0, None 
 48.91, -124.31, 56.0, 2010-09-04 00:05:00, 0.0, None 
 48.87, -124.21, 27.0, 2010-09-04 00:07:30, 0.0, None 
 48.845, -124.35, 32.0, 2010-09-04 00:10:00, 0.0, None 
 48.83, -124.315, 41.0, 2010-09-04 00:15:00, 0.0, None 
 48.815, -124.365, 20.8, 2010-09-04 00:17:30, 0.0, None 
 48.685, -124.205, 40.0, 2010-09-04 00:20:00, 0.0, None 
 48.78, -124.355, 30.5, 2010-09-04 00:22:30, 0.0, None 
 48.79, -124.35, 20.0, 2010-09-04 00:25:00, 0.0, None 
 48.78, -124.29, 31.0, 2010-09-04 00:27:30, 0.0, None 
 48.79, -124.29799999999999, 36.5, 2010-09-04 00:30:00, 0.0, None 
 46.3, -122.76, 48.0, 2010-09-04 00:30:00, 0.0, None 
 48.728, -124.305, 50.0, 2010-09-04 00:32:30, 0.0, None 
 48.77, -124.29, 47.0, 2010-09-04 00:35:00, 0.0, None 
 46.33, -122.9, 45.0, 2010-09-04 00:35:00, 0.0, None 
 48.805, -124.215, 25.5, 2010-09-04 00:37:30, 0.0, None 
 48.79, -124.10799999999999, 42.0, 2010-09-04 00:40:00, 0.0, None 
 48.77, -124.28, 20.0, 2010-09-04 00:42:30, 0.0, None 
 48.73, -124.385, 20.0, 2010-09-04 00:45:00, 0.0, None 
 48.782, -124.368, 36.8, 2010-09-04 00:47:30, 0.0, None 
 48.727, -124.27, 33.2, 2010-09-04 00:50:00, 0.0, None 
 48.77, -124.18, 34.0, 2010-09-04 00:52:30, 0.0, None 
 48.59, -123.975, 20.0, 2010-09-04 00:52:30, 0.0, None 
 48.86, -124.325, 20.0, 2010-09-04 00:55:00, 0.0, None 
 48.81, -124.31, 60.0, 2010-09-04 00:57:30, 0.0, None 
 48.76, -124.39, 30.0, 2010-09-04 01:00:00, 0.0, None 
 48.78, -124.47, 20.0, 2010-09-04 01:02:30, 0.0, None 
 48.76, -124.48, 20.0, 2010-09-04 01:05:00, 0.0, None 
 48.718, -124.34700000000001, 40.0, 2010-09-04 01:07:30, 0.0, None 
 48.83, -124.445, 42.5, 2010-09-04 01:10:00, 0.0, None 
 46.3, -123.07, 46.0, 2010-09-04 01:10:00, 0.0, None 
 48.77, -124.38, 29.0, 2010-09-04 01:12:30, 0.0, None 
 48.75, -124.37, 32.0, 2010-09-04 01:15:00, 0.0, None 
 48.68, -124.47, 50.0, 2010-09-04 01:17:30, 0.0, None 
 48.8, -124.46, 20.0, 2010-09-04 01:20:00, 0.0, None 
 46.251999999999995, -123.015, 35.2, 2010-09-04 01:20:00, 0.0, None 
 48.8, -124.455, 20.0, 2010-09-04 01:22:30, 0.0, None 
 46.2, -123.06, 33.0, 2010-09-04 01:22:30, 0.0, None 
 48.96, -124.4, 39.0, 2010-09-04 01:25:00, 0.0, None 
 46.3, -123.07, 27.5, 2010-09-04 01:25:00, 0.0, None 
 46.245, -123.07, 27.2, 2010-09-04 01:27:30, 0.0, None 
 48.74, -124.57, 20.0, 2010-09-04 01:30:00, 0.0, None 
 46.24, -123.08, 26.8, 2010-09-04 01:30:00, 0.0, None 
 48.74, -124.6, 21.0, 2010-09-04 01:32:30, 0.0, None 
 46.17, -123.13, 20.0, 2010-09-04 01:32:30, 0.0, None 
 48.78, -124.51, 20.0, 2010-09-04 01:35:00, 0.0, None 
 46.2, -123.14, 20.0, 2010-09-04 01:35:00, 0.0, None 
 48.76, -124.47, 20.0, 2010-09-04 01:37:30, 0.0, None 
 48.8, -124.375, 40.0, 2010-09-04 01:40:00, 0.0, None 
 48.75, -124.41, 20.0, 2010-09-04 01:42:30, 0.0, None 
 46.3, -123.16, 41.0, 2010-09-04 01:42:30, 0.0, None 
 48.735, -124.355, 24.2, 2010-09-04 01:45:00, 0.0, None 
 46.3, -123.0, 46.0, 2010-09-04 01:45:00, 0.0, None 
 48.765, -124.365, 40.5, 2010-09-04 01:47:30, 0.0, None 
 48.855, -124.47, 49.0, 2010-09-04 01:50:00, 0.0, None 
 48.92, -124.31, 60.0, 2010-09-04 01:57:30, 0.0, None 
 49.0, -124.54, 35.0, 2010-09-04 02:00:00, 0.0, None 
 48.82, -124.42, 37.0, 2010-09-04 02:05:00, 0.0, None 
 48.83, -124.31, 40.0, 2010-09-04 02:07:30, 0.0, None 
 48.82, -124.335, 38.0, 2010-09-04 02:10:00, 0.0, None 
 48.83, -124.38, 32.0, 2010-09-04 02:12:30, 0.0, None 
 48.75, -124.45, 50.0, 2010-09-04 02:15:00, 0.0, None 
 48.8, -124.15, 20.0, 2010-09-04 02:17:30, 0.0, None 
 48.73, -124.38, 29.0, 2010-09-04 02:20:00, 0.0, None 
 48.96, -124.46, 32.0, 2010-09-04 02:22:30, 0.0, None 
 48.7, -124.57, 29.0, 2010-09-04 02:25:00, 0.0, None 
 48.76, -124.52, 22.0, 2010-09-04 02:27:30, 0.0, None 
 48.78, -124.46, 25.0, 2010-09-04 02:30:00, 0.0, None 
 48.715, -124.56, 30.0, 2010-09-04 02:32:30, 0.0, None 
 48.79, -124.44, 21.0, 2010-09-04 02:35:00, 0.0, None 
 48.8, -124.4, 23.0, 2010-09-04 02:37:30, 0.0, None 
 48.805, -124.375, 23.0, 2010-09-04 02:40:00, 0.0, None 
 48.86, -124.4, 20.5, 2010-09-04 02:42:30, 0.0, None 
 48.8, -124.32, 20.0, 2010-09-04 02:45:00, 0.0, None 
 48.76, -124.38, 28.0, 2010-09-04 02:47:30, 0.0, None 
 48.77, -124.405, 24.0, 2010-09-04 02:50:00, 0.0, None 
 48.61, -123.9, 60.0, 2010-09-04 02:50:00, 0.0, None 
 48.83, -124.31, 38.5, 2010-09-04 02:52:30, 0.0, None 
 48.87, -124.32799999999999, 26.5, 2010-09-04 02:55:00, 0.0, None 
 49.0, -124.52, 60.0, 2010-09-04 02:57:30, 0.0, None 
 48.8, -124.295, 36.0, 2010-09-04 03:00:00, 0.0, None 
 48.83, -124.37, 32.0, 2010-09-04 03:02:30, 0.0, None 
 48.875, -124.33, 20.0, 2010-09-04 03:05:00, 0.0, None 
 48.83, -124.32, 37.0, 2010-09-04 03:07:30, 0.0, None 
 48.81, -124.28, 31.0, 2010-09-04 03:10:00, 0.0, None 
 48.71, -124.39, 39.0, 2010-09-04 03:12:30, 0.0, None 
 48.98, -124.38, 20.0, 2010-09-04 03:20:00, 0.0, None 
 48.955, -124.39, 26.0, 2010-09-04 03:22:30, 0.0, None 
 48.82, -124.265, 46.0, 2010-09-04 03:25:00, 0.0, None 
 48.86, -124.19, 31.0, 2010-09-04 03:27:30, 0.0, None 
 48.86, -124.23, 60.0, 2010-09-04 03:30:00, 0.0, None 
 48.92, -124.22, 35.0, 2010-09-04 03:35:00, 0.0, None 
 48.94, -124.225, 30.5, 2010-09-04 03:37:30, 0.0, None 
 48.68, -124.51, 53.0, 2010-09-04 03:45:00, 0.0, None 
 48.9, -124.09, 60.0, 2010-09-04 03:52:30, 0.0, None 
 48.98, -124.17, 48.5, 2010-09-04 03:55:00, 0.0, None 
 48.99, -124.135, 28.5, 2010-09-04 03:57:30, 0.0, None 
 48.83, -124.5, 36.0, 2010-09-04 04:00:00, 0.0, None 
 48.93, -124.49, 29.0, 2010-09-04 04:02:30, 0.0, None 
 48.79, -124.43, 23.5, 2010-09-04 04:05:00, 0.0, None 
 48.8, -124.43, 26.5, 2010-09-04 04:07:30, 0.0, None 
 48.751999999999995, -124.305, 25.0, 2010-09-04 04:10:00, 0.0, None 
 48.8, -124.41, 25.0, 2010-09-04 04:12:30, 0.0, None 
 48.845, -124.365, 37.5, 2010-09-04 04:15:00, 0.0, None 
 48.8, -124.48, 38.0, 2010-09-04 04:17:30, 0.0, None 
 48.81, -124.48, 30.0, 2010-09-04 04:20:00, 0.0, None 
 48.925, -124.415, 41.0, 2010-09-04 04:22:30, 0.0, None 
 48.96, -124.3, 42.0, 2010-09-04 04:25:00, 0.0, None 
 48.78, -124.41, 27.5, 2010-09-04 04:27:30, 0.0, None 
 48.82, -124.355, 20.0, 2010-09-04 04:30:00, 0.0, None 
 48.88, -124.29, 20.0, 2010-09-04 04:32:30, 0.0, None 
 48.8, -124.35, 22.0, 2010-09-04 04:35:00, 0.0, None 
 48.74, -124.38, 28.0, 2010-09-04 04:37:30, 0.0, None 
 48.78, -124.27, 60.0, 2010-09-04 04:40:00, 0.0, None 
 46.08, -123.11, 20.0, 2010-09-04 04:40:00, 0.0, None 
 48.87, -124.36, 23.5, 2010-09-04 04:42:30, 0.0, None 
 48.87, -124.36, 26.5, 2010-09-04 04:45:00, 0.0, None 
 48.84, -124.32, 34.0, 2010-09-04 04:47:30, 0.0, None 
 48.83, -124.365, 26.0, 2010-09-04 04:50:00, 0.0, None 
 48.82, -124.32, 25.0, 2010-09-04 04:52:30, 0.0, None 
 48.78, -124.227, 42.0, 2010-09-04 04:55:00, 0.0, None 
 48.84, -124.255, 60.0, 2010-09-04 04:57:30, 0.0, None 
 46.3, -123.39, 60.0, 2010-09-04 04:57:30, 0.0, None 
 48.865, -124.33, 34.5, 2010-09-04 05:00:00, 0.0, None 
 48.8, -124.31, 30.5, 2010-09-04 05:02:30, 0.0, None 
 48.825, -124.18, 29.5, 2010-09-04 05:05:00, 0.0, None 
 48.925, -124.265, 34.5, 2010-09-04 05:07:30, 0.0, None 
 48.84, -124.275, 30.5, 2010-09-04 05:10:00, 0.0, None 
 46.165, -123.39, 53.0, 2010-09-04 05:10:00, 0.0, None 
 48.8, -124.365, 27.0, 2010-09-04 05:12:30, 0.0, None 
 48.77, -124.27, 30.0, 2010-09-04 05:15:00, 0.0, None 
 48.805, -124.3, 40.5, 2010-09-04 05:17:30, 0.0, None 
 48.805, -124.37, 25.2, 2010-09-04 05:20:00, 0.0, None 
 48.85, -124.405, 35.0, 2010-09-04 05:22:30, 0.0, None 
 48.98, -124.18, 27.0, 2010-09-04 05:27:30, 0.0, None 
 48.69, -123.94, 20.0, 2010-09-04 05:27:30, 0.0, None 
 48.9, -124.095, 27.5, 2010-09-04 05:30:00, 0.0, None 
 48.93, -124.41, 29.0, 2010-09-04 05:32:30, 0.0, None 
 46.335, -123.18799999999999, 28.2, 2010-09-04 05:32:30, 0.0, None 
 48.71, -124.415, 44.0, 2010-09-04 05:35:00, 0.0, None 
 46.31, -123.21, 30.0, 2010-09-04 05:35:00, 0.0, None 
 46.255, -123.165, 29.5, 2010-09-04 05:37:30, 0.0, None 
 46.31, -123.17, 20.0, 2010-09-04 05:45:00, 0.0, None 
 48.985, -124.23, 29.0, 2010-09-04 05:47:30, 0.0, None 
 49.0, -124.23, 24.5, 2010-09-04 05:50:00, 0.0, None 
 46.21, -123.11, 20.0, 2010-09-04 05:52:30, 0.0, None 
 48.885, -124.085, 30.5, 2010-09-04 06:02:30, 0.0, None 
 46.3, -123.18, 20.0, 2010-09-04 06:02:30, 0.0, None 
 48.98, -124.155, 38.5, 2010-09-04 06:05:00, 0.0, None 
 48.65, -123.9, 21.0, 2010-09-04 06:05:00, 0.0, None 
 46.39, -123.01, 20.0, 2010-09-04 06:05:00, 0.0, None 
 46.39, -123.1, 20.0, 2010-09-04 06:07:30, 0.0, None 
 48.96, -124.19, 29.5, 2010-09-04 06:15:00, 0.0, None 
 46.305, -123.38, 32.0, 2010-09-04 06:15:00, 0.0, None 
 46.34, -123.205, 20.0, 2010-09-04 06:17:30, 0.0, None 
 46.27, -123.08, 60.0, 2010-09-04 06:20:00, 0.0, None 
 48.99, -124.225, 46.0, 2010-09-04 06:22:30, 0.0, None 
 48.705, -124.19, 60.0, 2010-09-04 06:22:30, 0.0, None 
 48.98, -124.305, 24.5, 2010-09-04 06:25:00, 0.0, None 
 48.83, -124.35, 38.0, 2010-09-04 06:27:30, 0.0, None 
 48.81, -124.36, 31.0, 2010-09-04 06:30:00, 0.0, None 
 46.21, -123.275, 26.0, 2010-09-04 06:30:00, 0.0, None 
 48.86, -124.37, 23.0, 2010-09-04 06:32:30, 0.0, None 
 46.365, -123.25, 29.0, 2010-09-04 06:32:30, 0.0, None 
 48.78, -124.305, 40.0, 2010-09-04 06:35:00, 0.0, None 
 46.31, -123.33, 20.0, 2010-09-04 06:35:00, 0.0, None 
 48.91, -124.42, 42.0, 2010-09-04 06:37:30, 0.0, None 
 46.29, -123.16, 60.0, 2010-09-04 06:40:00, 0.0, None 
 48.93, -124.32, 37.0, 2010-09-04 06:42:30, 0.0, None 
 48.7, -124.35, 51.0, 2010-09-04 06:45:00, 0.0, None 
 48.79, -124.26, 24.0, 2010-09-04 06:47:30, 0.0, None 
 46.17, -122.96, 24.5, 2010-09-04 06:47:30, 0.0, None 
 48.915, -124.275, 25.0, 2010-09-04 06:50:00, 0.0, None 
 46.29, -123.22, 47.0, 2010-09-04 06:50:00, 0.0, None 
 48.92, -124.33, 27.0, 2010-09-04 06:52:30, 0.0, None 
 48.78, -124.48, 57.0, 2010-09-04 07:00:00, 0.0, None 
 48.75, -124.32, 25.5, 2010-09-04 07:07:30, 0.0, None 
 48.82, -124.375, 20.0, 2010-09-04 07:10:00, 0.0, None 
 48.835, -124.29, 40.0, 2010-09-04 07:12:30, 0.0, None 
 48.8, -124.34, 25.0, 2010-09-04 07:15:00, 0.0, None 
 48.79, -124.33, 26.5, 2010-09-04 07:17:30, 0.0, None 
 48.74, -124.36, 40.0, 2010-09-04 07:22:30, 0.0, None 
 48.88, -124.405, 20.0, 2010-09-04 07:27:30, 0.0, None 
 48.81, -124.47, 24.5, 2010-09-04 07:30:00, 0.0, None 
 48.78, -124.41, 23.0, 2010-09-04 07:32:30, 0.0, None 
 48.84, -124.44, 31.0, 2010-09-04 07:35:00, 0.0, None 
 47.2, -122.61, 30.0, 2010-09-04 07:35:00, 0.0, None 
 48.84, -124.34, 42.2, 2010-09-04 07:37:30, 0.0, None 
 48.95, -124.34, 24.5, 2010-09-04 07:40:00, 0.0, None 
 48.91, -124.2, 52.0, 2010-09-04 07:42:30, 0.0, None 
 48.8, -124.39, 22.0, 2010-09-04 07:45:00, 0.0, None 
 48.84, -124.36, 31.8, 2010-09-04 07:47:30, 0.0, None 
 48.8, -124.38, 30.0, 2010-09-04 07:50:00, 0.0, None 
 48.82, -124.38, 32.0, 2010-09-04 07:52:30, 0.0, None 
 48.52, -123.92, 47.0, 2010-09-04 07:52:30, 0.0, None 
 48.92, -124.31, 29.5, 2010-09-04 07:55:00, 0.0, None 
 48.9, -124.31, 50.0, 2010-09-04 07:57:30, 0.0, None 
 48.92, -123.975, 60.0, 2010-09-04 08:00:00, 0.0, None 
 46.53, -123.375, 27.0, 2010-09-04 08:07:30, 0.0, None 
 48.55, -123.98, 27.0, 2010-09-04 08:10:00, 0.0, None 
 48.82, -124.28, 31.0, 2010-09-04 08:12:30, 0.0, None 
 48.84, -124.38, 28.0, 2010-09-04 08:15:00, 0.0, None 
 48.67, -124.1, 52.0, 2010-09-04 08:15:00, 0.0, None 
 48.85, -124.38, 25.0, 2010-09-04 08:17:30, 0.0, None 
 48.785, -124.32, 38.0, 2010-09-04 08:20:00, 0.0, None 
 48.876999999999995, -124.31, 45.0, 2010-09-04 08:22:30, 0.0, None 
 46.45, -123.3, 26.0, 2010-09-04 08:22:30, 0.0, None 
 48.87, -124.31, 25.0, 2010-09-04 08:25:00, 0.0, None 
 48.68, -124.57, 55.0, 2010-09-04 08:27:30, 0.0, None 
 48.75, -124.4, 49.0, 2010-09-04 08:30:00, 0.0, None 
 48.795, -124.335, 26.8, 2010-09-04 08:32:30, 0.0, None 
 46.52, -123.37, 28.0, 2010-09-04 08:32:30, 0.0, None 
 48.77, -124.345, 34.0, 2010-09-04 08:35:00, 0.0, None 
 46.5, -123.42, 20.0, 2010-09-04 08:35:00, 0.0, None 
 48.742, -124.315, 24.5, 2010-09-04 08:37:30, 0.0, None 
 48.79, -124.405, 29.0, 2010-09-04 08:40:00, 0.0, None 
 48.785, -124.47, 35.0, 2010-09-04 08:42:30, 0.0, None 
 48.77, -124.48, 20.0, 2010-09-04 08:45:00, 0.0, None 
 48.73, -124.38, 26.0, 2010-09-04 08:47:30, 0.0, None 
 48.72, -124.42, 25.0, 2010-09-04 08:50:00, 0.0, None 
 48.69, -124.345, 25.5, 2010-09-04 08:52:30, 0.0, None 
 48.74, -124.47, 20.0, 2010-09-04 08:55:00, 0.0, None 
 48.692, -124.33200000000001, 22.2, 2010-09-04 08:57:30, 0.0, None 
 48.72, -124.41, 60.0, 2010-09-04 09:00:00, 0.0, None 
 48.72, -124.41, 60.0, 2010-09-04 09:02:30, 0.0, None 
 46.38, -122.995, 60.0, 2010-09-04 09:02:30, 0.0, None 
 48.693000000000005, -124.295, 21.2, 2010-09-04 09:05:00, 0.0, None 
 46.235, -123.06, 20.0, 2010-09-04 09:05:00, 0.0, None 
 48.688, -124.27, 22.5, 2010-09-04 09:07:30, 0.0, None 
 46.255, -123.065, 27.5, 2010-09-04 09:07:30, 0.0, None 
 48.685, -124.27, 20.0, 2010-09-04 09:10:00, 0.0, None 
 46.31, -123.06, 43.0, 2010-09-04 09:10:00, 0.0, None 
 48.655, -124.18, 33.5, 2010-09-04 09:12:30, 0.0, None 
 46.285, -123.065, 26.5, 2010-09-04 09:12:30, 0.0, None 
 48.703, -124.205, 25.0, 2010-09-04 09:15:00, 0.0, None 
 46.29, -123.045, 25.0, 2010-09-04 09:15:00, 0.0, None 
 48.71, -124.19, 28.5, 2010-09-04 09:17:30, 0.0, None 
 48.75, -124.305, 35.8, 2010-09-04 09:20:00, 0.0, None 
 48.69, -124.29, 20.0, 2010-09-04 09:22:30, 0.0, None 
 46.23, -122.96, 26.0, 2010-09-04 09:22:30, 0.0, None 
 48.715, -124.225, 20.0, 2010-09-04 09:25:00, 0.0, None 
 48.742, -124.29, 21.5, 2010-09-04 09:27:30, 0.0, None 
 48.69, -124.23, 51.0, 2010-09-04 09:30:00, 0.0, None 
 48.735, -124.24, 53.5, 2010-09-04 09:32:30, 0.0, None 
 48.71, -124.225, 43.0, 2010-09-04 09:35:00, 0.0, None 
 48.77, -124.25, 40.0, 2010-09-04 09:37:30, 0.0, None 
 48.755, -124.18299999999999, 28.5, 2010-09-04 09:40:00, 0.0, None 
 48.715, -124.145, 26.0, 2010-09-04 09:42:30, 0.0, None 
 48.745, -124.19, 30.5, 2010-09-04 09:45:00, 0.0, None 
 48.797, -124.322, 31.0, 2010-09-04 09:47:30, 0.0, None 
 48.855, -124.287, 26.5, 2010-09-04 09:50:00, 0.0, None 
 48.78, -124.17, 38.5, 2010-09-04 09:52:30, 0.0, None 
 48.77, -124.25, 40.0, 2010-09-04 09:55:00, 0.0, None 
 48.67, -124.2, 60.0, 2010-09-04 09:57:30, 0.0, None 
 48.83, -124.35, 37.0, 2010-09-04 10:00:00, 0.0, None 
 48.7, -124.365, 49.5, 2010-09-04 10:02:30, 0.0, None 
 48.47, -124.03, 38.0, 2010-09-04 10:02:30, 0.0, None 
 48.672, -124.132, 33.0, 2010-09-04 10:05:00, 0.0, None 
 46.3, -123.023, 30.0, 2010-09-04 10:05:00, 0.0, None 
 48.725, -124.145, 28.8, 2010-09-04 10:07:30, 0.0, None 
 48.725, -124.16, 26.5, 2010-09-04 10:10:00, 0.0, None 
 48.715, -124.13, 23.5, 2010-09-04 10:12:30, 0.0, None 
 48.773, -124.15, 26.0, 2010-09-04 10:15:00, 0.0, None 
 48.75, -124.11, 33.0, 2010-09-04 10:17:30, 0.0, None 
 48.77, -124.1, 33.5, 2010-09-04 10:20:00, 0.0, None 
 48.685, -124.105, 45.2, 2010-09-04 10:22:30, 0.0, None 
 48.722, -124.08, 32.2, 2010-09-04 10:25:00, 0.0, None 
 48.655, -124.04799999999999, 24.0, 2010-09-04 10:27:30, 0.0, None 
 48.695, -124.09, 35.0, 2010-09-04 10:30:00, 0.0, None 
 46.45, -123.1, 24.0, 2010-09-04 10:30:00, 0.0, None 
 48.76, -124.14, 26.5, 2010-09-04 10:32:30, 0.0, None 
 48.76, -124.14, 31.5, 2010-09-04 10:35:00, 0.0, None 
 48.765, -124.11, 60.0, 2010-09-04 10:37:30, 0.0, None 
 48.625, -124.02, 47.0, 2010-09-04 10:40:00, 0.0, None 
 48.9, -124.065, 35.5, 2010-09-04 10:50:00, 0.0, None 
 48.875, -124.15, 37.0, 2010-09-04 10:52:30, 0.0, None 
 46.09, -123.015, 20.0, 2010-09-04 10:52:30, 0.0, None 
 48.87, -124.19, 48.8, 2010-09-04 10:55:00, 0.0, None 
 46.22, -123.03, 20.0, 2010-09-04 10:55:00, 0.0, None 
 48.82, -124.12, 50.0, 2010-09-04 10:57:30, 0.0, None 
 46.115, -123.01, 51.5, 2010-09-04 10:57:30, 0.0, None 
 48.805, -124.055, 24.8, 2010-09-04 11:00:00, 0.0, None 
 48.855, -124.02, 23.5, 2010-09-04 11:02:30, 0.0, None 
 48.84, -124.12, 21.0, 2010-09-04 11:05:00, 0.0, None 
 48.875, -124.208, 21.0, 2010-09-04 11:07:30, 0.0, None 
 48.73, -124.165, 24.5, 2010-09-04 11:10:00, 0.0, None 
 48.74, -124.15, 31.0, 2010-09-04 11:17:30, 0.0, None 
 48.8, -124.18, 32.5, 2010-09-04 11:20:00, 0.0, None 
 48.77, -124.09, 20.0, 2010-09-04 11:22:30, 0.0, None 
 48.785, -124.13799999999999, 20.8, 2010-09-04 11:25:00, 0.0, None 
 48.73, -124.095, 24.5, 2010-09-04 11:27:30, 0.0, None 
 48.802, -124.16, 21.8, 2010-09-04 11:30:00, 0.0, None 
 48.83, -124.215, 20.0, 2010-09-04 11:32:30, 0.0, None 
 48.84, -124.225, 36.8, 2010-09-04 11:35:00, 0.0, None 
 48.89, -124.305, 28.5, 2010-09-04 11:37:30, 0.0, None 
 48.53, -124.01, 45.0, 2010-09-04 11:37:30, 0.0, None 
 48.91, -124.22, 42.0, 2010-09-04 11:40:00, 0.0, None 
 48.82, -124.31, 29.0, 2010-09-04 11:42:30, 0.0, None 
 48.861999999999995, -124.40299999999999, 26.0, 2010-09-04 11:45:00, 0.0, None 
 48.88, -124.3, 47.5, 2010-09-04 11:47:30, 0.0, None 
 48.94, -124.115, 39.0, 2010-09-04 11:50:00, 0.0, None 
 48.92, -124.11, 31.5, 2010-09-04 11:52:30, 0.0, None 
 48.79, -124.3, 24.0, 2010-09-04 11:55:00, 0.0, None 
 48.81, -124.39, 60.0, 2010-09-04 11:57:30, 0.0, None 
 46.14, -123.08, 60.0, 2010-09-04 11:57:30, 0.0, None 
 48.76, -124.45, 20.0, 2010-09-04 12:00:00, 0.0, None 
 48.79, -124.465, 20.0, 2010-09-04 12:02:30, 0.0, None 
 48.8, -124.42, 35.5, 2010-09-04 12:05:00, 0.0, None 
 46.27, -122.91, 20.0, 2010-09-04 12:05:00, 0.0, None 
 46.08, -123.105, 37.0, 2010-09-04 12:05:00, 0.0, None 
 48.745, -124.36, 47.0, 2010-09-04 12:07:30, 0.0, None 
 48.77, -124.35, 42.0, 2010-09-04 12:10:00, 0.0, None 
 48.77, -124.41, 20.0, 2010-09-04 12:12:30, 0.0, None 
 48.76, -124.45, 20.0, 2010-09-04 12:15:00, 0.0, None 
 48.76, -124.48, 27.0, 2010-09-04 12:17:30, 0.0, None 
 48.733000000000004, -124.338, 30.5, 2010-09-04 12:20:00, 0.0, None 
 48.78, -124.15, 35.5, 2010-09-04 12:22:30, 0.0, None 
 48.79, -124.02, 22.5, 2010-09-04 12:25:00, 0.0, None 
 48.655, -124.075, 52.8, 2010-09-04 12:27:30, 0.0, None 
 48.61, -124.11, 51.0, 2010-09-04 12:30:00, 0.0, None 
 48.635, -123.965, 37.8, 2010-09-04 12:32:30, 0.0, None 
 48.565, -123.99, 35.0, 2010-09-04 12:35:00, 0.0, None 
 48.57, -124.03200000000001, 51.5, 2010-09-04 12:40:00, 0.0, None 
 48.61, -124.06700000000001, 35.0, 2010-09-04 12:42:30, 0.0, None 
 48.648, -124.07, 22.0, 2010-09-04 12:55:00, 0.0, None 
 48.64, -124.06, 57.0, 2010-09-04 12:57:30, 0.0, None 
 48.645, -123.925, 29.5, 2010-09-04 13:00:00, 0.0, None 
 48.695, -123.995, 29.2, 2010-09-04 13:02:30, 0.0, None 
 48.635, -124.005, 29.8, 2010-09-04 13:05:00, 0.0, None 
 48.61, -124.1, 20.0, 2010-09-04 13:10:00, 0.0, None 
 48.665, -123.958, 43.5, 2010-09-04 13:12:30, 0.0, None 
 48.655, -123.963, 34.5, 2010-09-04 13:15:00, 0.0, None 
 48.705, -124.065, 39.5, 2010-09-04 13:17:30, 0.0, None 
 48.69, -124.06, 45.8, 2010-09-04 13:20:00, 0.0, None 
 46.47, -123.16, 20.0, 2010-09-04 13:20:00, 0.0, None 
 48.875, -124.21, 30.5, 2010-09-04 13:22:30, 0.0, None 
 48.97, -124.18, 44.0, 2010-09-04 13:25:00, 0.0, None 
 46.4, -123.295, 29.0, 2010-09-04 13:25:00, 0.0, None 
 48.68, -124.1, 40.0, 2010-09-04 13:27:30, 0.0, None 
 46.41, -123.28, 30.0, 2010-09-04 13:27:30, 0.0, None 
 48.91, -123.97, 20.0, 2010-09-04 13:30:00, 0.0, None 
 48.87, -124.04, 60.0, 2010-09-04 13:32:30, 0.0, None 
 48.68, -124.105, 32.5, 2010-09-04 13:35:00, 0.0, None 
 48.55, -124.13, 60.0, 2010-09-04 13:45:00, 0.0, None 
 48.79, -124.5, 27.0, 2010-09-04 13:47:30, 0.0, None 
 48.72, -124.375, 50.0, 2010-09-04 13:50:00, 0.0, None 
 48.9, -123.88, 31.0, 2010-09-04 13:52:30, 0.0, None 
 48.89, -123.92, 31.0, 2010-09-04 13:55:00, 0.0, None 
 48.86, -123.99, 40.0, 2010-09-04 13:57:30, 0.0, None 
 48.97, -124.43, 28.0, 2010-09-04 14:05:00, 0.0, None 
 46.38, -123.11, 20.0, 2010-09-04 14:05:00, 0.0, None 
 48.91, -124.33, 45.0, 2010-09-04 14:12:30, 0.0, None 
 48.98, -124.4, 30.5, 2010-09-04 14:15:00, 0.0, None 
 48.96, -124.32, 20.0, 2010-09-04 14:20:00, 0.0, None 
 48.99, -124.35, 20.0, 2010-09-04 14:22:30, 0.0, None 
 48.99, -124.39, 20.0, 2010-09-04 14:25:00, 0.0, None 
 48.97, -124.215, 49.0, 2010-09-04 14:30:00, 0.0, None 
 48.89, -124.305, 45.8, 2010-09-04 14:32:30, 0.0, None 
 48.87, -124.26299999999999, 24.0, 2010-09-04 14:35:00, 0.0, None 
 48.84, -124.32, 30.0, 2010-09-04 14:37:30, 0.0, None 
 48.89, -124.29, 38.0, 2010-09-04 14:40:00, 0.0, None 
 48.76, -124.43, 30.0, 2010-09-04 14:42:30, 0.0, None 
 48.78, -124.46, 31.0, 2010-09-04 14:45:00, 0.0, None 
 48.9, -123.91, 20.0, 2010-09-04 14:47:30, 0.0, None 
 48.95, -124.315, 27.5, 2010-09-04 15:02:30, 0.0, None 
 48.95, -124.29, 20.0, 2010-09-04 15:05:00, 0.0, None 
 48.99, -124.385, 28.5, 2010-09-04 15:07:30, 0.0, None 
 48.935, -124.44, 20.0, 2010-09-04 15:10:00, 0.0, None 
 48.98, -124.49, 20.0, 2010-09-04 15:20:00, 0.0, None 
 48.85, -124.48, 20.0, 2010-09-04 15:42:30, 0.0, None 
 48.84, -124.36, 38.0, 2010-09-04 15:50:00, 0.0, None 
 48.81, -124.415, 45.5, 2010-09-04 15:52:30, 0.0, None 
 48.82, -124.57, 60.0, 2010-09-04 15:55:00, 0.0, None 
 48.88, -124.395, 60.0, 2010-09-04 15:57:30, 0.0, None 
 48.85, -124.32, 40.0, 2010-09-04 16:00:00, 0.0, None 
 48.855, -124.355, 60.0, 2010-09-04 16:02:30, 0.0, None 
 48.93, -124.39, 29.0, 2010-09-04 16:10:00, 0.0, None 
 48.92, -124.365, 43.0, 2010-09-04 16:12:30, 0.0, None 
 48.91, -124.275, 40.5, 2010-09-04 16:15:00, 0.0, None 
 48.98, -124.5, 35.0, 2010-09-04 16:17:30, 0.0, None 
 48.97, -124.49, 20.0, 2010-09-04 16:22:30, 0.0, None 
 49.0, -124.465, 20.0, 2010-09-04 16:25:00, 0.0, None 
 49.0, -124.34, 33.0, 2010-09-04 16:27:30, 0.0, None 
 48.75, -124.42, 49.0, 2010-09-04 16:30:00, 0.0, None 
 48.73, -124.59, 32.0, 2010-09-04 16:35:00, 0.0, None 
 48.82, -124.51, 39.5, 2010-09-04 16:37:30, 0.0, None 
 48.81, -124.45, 41.5, 2010-09-04 16:40:00, 0.0, None 
 48.87, -124.44, 20.0, 2010-09-04 16:47:30, 0.0, None 
 48.83, -124.51, 40.0, 2010-09-04 16:52:30, 0.0, None 
 48.94, -124.42, 33.0, 2010-09-04 16:55:00, 0.0, None 
 48.91, -124.37, 60.0, 2010-09-04 16:57:30, 0.0, None 
 46.14, -123.15, 60.0, 2010-09-04 16:57:30, 0.0, None 
 48.915, -124.36, 20.0, 2010-09-04 17:00:00, 0.0, None 
 46.39, -123.27, 55.0, 2010-09-04 17:00:00, 0.0, None 
 48.9, -124.37, 60.0, 2010-09-04 17:02:30, 0.0, None 
 48.88, -124.4, 32.0, 2010-09-04 17:05:00, 0.0, None 
 48.89, -124.34, 20.0, 2010-09-04 17:07:30, 0.0, None 
 48.79, -124.445, 23.5, 2010-09-04 17:10:00, 0.0, None 
 48.8, -124.37, 52.0, 2010-09-04 17:12:30, 0.0, None 
 48.78, -124.395, 37.0, 2010-09-04 17:15:00, 0.0, None 
 48.845, -124.368, 28.8, 2010-09-04 17:17:30, 0.0, None 
 48.85, -124.4, 38.0, 2010-09-04 17:20:00, 0.0, None 
 48.925, -124.32, 34.5, 2010-09-04 17:22:30, 0.0, None 
 48.825, -124.37, 33.5, 2010-09-04 17:25:00, 0.0, None 
 48.82, -124.37, 21.5, 2010-09-04 17:27:30, 0.0, None 
 48.68, -124.015, 60.0, 2010-09-04 17:27:30, 0.0, None 
 48.765, -124.265, 20.0, 2010-09-04 17:30:00, 0.0, None 
 48.795, -124.31, 34.0, 2010-09-04 17:32:30, 0.0, None 
 48.83, -124.31, 29.0, 2010-09-04 17:35:00, 0.0, None 
 48.87, -124.335, 23.8, 2010-09-04 17:37:30, 0.0, None 
 46.22, -123.31, 28.0, 2010-09-04 17:37:30, 0.0, None 
 48.84, -124.325, 44.0, 2010-09-04 17:40:00, 0.0, None 
 48.93, -124.335, 20.0, 2010-09-04 17:42:30, 0.0, None 
 48.93, -124.23, 29.0, 2010-09-04 17:45:00, 0.0, None 
 48.98, -124.385, 24.5, 2010-09-04 17:47:30, 0.0, None 
 46.28, -122.98, 40.0, 2010-09-04 17:47:30, 0.0, None 
 49.0, -124.405, 20.0, 2010-09-04 17:50:00, 0.0, None 
 46.3, -123.26, 20.0, 2010-09-04 17:50:00, 0.0, None 
 48.995, -124.315, 23.0, 2010-09-04 17:52:30, 0.0, None 
 48.92, -124.26, 36.0, 2010-09-04 17:55:00, 0.0, None 
 48.93, -124.21, 48.0, 2010-09-04 17:57:30, 0.0, None 
 48.98, -124.3, 29.0, 2010-09-04 18:00:00, 0.0, None 
 46.885, -123.2, 52.0, 2010-09-04 18:00:00, 0.0, None 
 48.97, -124.33, 20.0, 2010-09-04 18:02:30, 0.0, None 
 48.98, -124.295, 42.0, 2010-09-04 18:05:00, 0.0, None 
 46.28, -123.105, 20.0, 2010-09-04 18:12:30, 0.0, None 
 46.14, -123.0, 54.5, 2010-09-04 18:15:00, 0.0, None 
 46.215, -123.00200000000001, 51.0, 2010-09-04 18:17:30, 0.0, None 
 48.805, -124.41, 34.5, 2010-09-04 18:20:00, 0.0, None 
 46.305, -122.897, 39.0, 2010-09-04 18:20:00, 0.0, None 
 48.72, -124.48, 41.0, 2010-09-04 18:22:30, 0.0, None 
 48.7, -124.14, 43.0, 2010-09-04 18:25:00, 0.0, None 
 46.29, -123.12, 60.0, 2010-09-04 18:25:00, 0.0, None 
 48.79, -124.055, 20.0, 2010-09-04 18:30:00, 0.0, None 
 48.75, -123.99, 30.0, 2010-09-04 18:32:30, 0.0, None 
 48.68, -124.04, 60.0, 2010-09-04 18:37:30, 0.0, None 
 46.27, -122.975, 60.0, 2010-09-04 18:37:30, 0.0, None 
 48.935, -124.38, 25.0, 2010-09-04 18:40:00, 0.0, None 
 48.57, -123.99, 44.0, 2010-09-04 18:42:30, 0.0, None 
 48.96, -124.41, 20.0, 2010-09-04 18:52:30, 0.0, None 
 46.24, -123.2, 20.0, 2010-09-04 18:52:30, 0.0, None 
 48.93, -124.46, 20.0, 2010-09-04 19:02:30, 0.0, None 
 48.72, -124.455, 42.0, 2010-09-04 19:12:30, 0.0, None 
 48.81, -124.48, 20.0, 2010-09-04 19:20:00, 0.0, None 
 48.61, -124.11, 60.0, 2010-09-04 19:20:00, 0.0, None 
 48.81, -124.48, 20.0, 2010-09-04 19:22:30, 0.0, None 
 48.82, -124.43, 20.0, 2010-09-04 19:25:00, 0.0, None 
 48.9, -124.46, 25.0, 2010-09-04 19:27:30, 0.0, None 
 48.81, -124.41, 24.0, 2010-09-04 19:30:00, 0.0, None 
 48.86, -124.35, 20.0, 2010-09-04 19:32:30, 0.0, None 
 48.83, -124.42, 26.0, 2010-09-04 19:35:00, 0.0, None 
 48.79, -124.45, 32.0, 2010-09-04 19:37:30, 0.0, None 
 48.8, -124.41, 30.5, 2010-09-04 19:40:00, 0.0, None 
 48.83, -124.4, 22.0, 2010-09-04 19:42:30, 0.0, None 
 48.58, -124.08, 20.0, 2010-09-04 19:42:30, 0.0, None 
 48.83, -124.37, 20.0, 2010-09-04 19:45:00, 0.0, None 
 48.62, -124.0, 28.5, 2010-09-04 19:45:00, 0.0, None 
 48.79, -124.39, 20.0, 2010-09-04 19:47:30, 0.0, None 
 48.78, -124.39, 29.0, 2010-09-04 19:50:00, 0.0, None 
 48.79, -124.29700000000001, 28.0, 2010-09-04 19:52:30, 0.0, None 
 48.775, -124.28, 25.5, 2010-09-04 19:55:00, 0.0, None 
 48.795, -124.37, 41.0, 2010-09-04 19:57:30, 0.0, None 
 48.665, -124.485, 53.5, 2010-09-04 20:00:00, 0.0, None 
 48.91, -124.27, 20.0, 2010-09-04 20:02:30, 0.0, None 
 48.88, -124.355, 37.0, 2010-09-04 20:05:00, 0.0, None 
 48.96, -124.37, 25.0, 2010-09-04 20:07:30, 0.0, None 
 48.51, -123.98, 30.0, 2010-09-04 20:07:30, 0.0, None 
 48.985, -124.37, 34.5, 2010-09-04 20:10:00, 0.0, None 
 48.81, -124.33, 20.0, 2010-09-04 20:12:30, 0.0, None 
 48.74, -124.49, 60.0, 2010-09-04 20:15:00, 0.0, None 
 48.785, -124.25200000000001, 36.0, 2010-09-04 20:17:30, 0.0, None 
 48.795, -124.24, 45.0, 2010-09-04 20:20:00, 0.0, None 
 46.21, -123.24, 60.0, 2010-09-04 20:20:00, 0.0, None 
 48.845, -124.29, 53.8, 2010-09-04 20:22:30, 0.0, None 
 48.83, -124.23, 36.0, 2010-09-04 20:25:00, 0.0, None 
 48.8, -124.445, 58.0, 2010-09-04 20:27:30, 0.0, None 
 48.77, -124.285, 24.5, 2010-09-04 20:30:00, 0.0, None 
 46.23, -123.02, 38.0, 2010-09-04 20:30:00, 0.0, None 
 48.77, -124.22, 34.5, 2010-09-04 20:32:30, 0.0, None 
 46.295, -122.97, 20.0, 2010-09-04 20:32:30, 0.0, None 
 48.7, -124.29, 34.0, 2010-09-04 20:35:00, 0.0, None 
 48.74, -124.35, 46.0, 2010-09-04 20:37:30, 0.0, None 
 48.7, -124.28, 47.2, 2010-09-04 20:40:00, 0.0, None 
 48.641999999999996, -124.148, 29.0, 2010-09-04 20:42:30, 0.0, None 
 48.72, -124.29, 27.0, 2010-09-04 20:50:00, 0.0, None 
 48.72, -124.265, 22.8, 2010-09-04 20:52:30, 0.0, None 
 46.21, -123.15, 20.0, 2010-09-04 20:52:30, 0.0, None 
 48.65, -124.4, 60.0, 2010-09-04 20:57:30, 0.0, None 
 48.845, -124.41, 38.0, 2010-09-04 21:00:00, 0.0, None 
 48.83, -124.58, 60.0, 2010-09-04 21:02:30, 0.0, None 
 46.21, -123.23, 20.0, 2010-09-04 21:02:30, 0.0, None 
 46.42, -123.1, 20.0, 2010-09-04 21:05:00, 0.0, None 
 48.93, -124.41, 20.0, 2010-09-04 21:10:00, 0.0, None 
 46.29, -123.385, 20.0, 2010-09-04 21:10:00, 0.0, None 
 46.395, -123.24799999999999, 31.8, 2010-09-04 21:12:30, 0.0, None 
 46.315, -123.165, 22.0, 2010-09-04 21:15:00, 0.0, None 
 46.3, -123.26, 20.0, 2010-09-04 21:17:30, 0.0, None 
 46.45, -123.205, 29.0, 2010-09-04 21:20:00, 0.0, None 
 46.53, -123.21, 20.0, 2010-09-04 21:22:30, 0.0, None 
 48.91, -124.43, 20.0, 2010-09-04 21:27:30, 0.0, None 
 46.42, -123.2, 56.0, 2010-09-04 21:27:30, 0.0, None 
 48.97, -124.4, 27.0, 2010-09-04 21:30:00, 0.0, None 
 46.225, -123.3, 29.0, 2010-09-04 21:32:30, 0.0, None 
 48.765, -124.435, 31.0, 2010-09-04 21:35:00, 0.0, None 
 48.74, -124.395, 51.0, 2010-09-04 21:37:30, 0.0, None 
 46.27, -123.19, 20.0, 2010-09-04 21:37:30, 0.0, None 
 46.31, -123.243, 20.0, 2010-09-04 21:40:00, 0.0, None 
 46.36, -123.265, 20.0, 2010-09-04 21:47:30, 0.0, None 
 48.99, -124.48, 20.0, 2010-09-04 21:52:30, 0.0, None 
 48.89, -124.21, 50.0, 2010-09-04 21:55:00, 0.0, None 
 48.93, -124.46, 60.0, 2010-09-04 21:57:30, 0.0, None 
 46.39, -123.1, 34.0, 2010-09-04 22:12:30, 0.0, None 
 48.9, -124.475, 20.0, 2010-09-04 22:15:00, 0.0, None 
 46.41, -123.15, 31.0, 2010-09-04 22:15:00, 0.0, None 
 48.91, -124.57, 20.0, 2010-09-04 22:17:30, 0.0, None 
 46.32, -123.243, 20.0, 2010-09-04 22:25:00, 0.0, None 
 46.31, -123.23, 20.0, 2010-09-04 22:27:30, 0.0, None 
 49.0, -124.37, 25.0, 2010-09-04 22:37:30, 0.0, None 
 48.86, -124.43, 46.0, 2010-09-04 22:55:00, 0.0, None 
 48.805, -124.405, 51.0, 2010-09-04 22:57:30, 0.0, None 
 48.82, -124.435, 20.0, 2010-09-04 23:00:00, 0.0, None 
 48.8, -124.44, 20.0, 2010-09-04 23:02:30, 0.0, None 
 48.815, -124.292, 20.0, 2010-09-04 23:05:00, 0.0, None 
 48.81, -124.38, 20.0, 2010-09-04 23:07:30, 0.0, None 
 48.78, -124.38, 25.0, 2010-09-04 23:10:00, 0.0, None 
 46.29, -122.95, 21.0, 2010-09-04 23:10:00, 0.0, None 
 48.76, -124.38, 27.0, 2010-09-04 23:12:30, 0.0, None 
 48.77, -124.29, 38.0, 2010-09-04 23:15:00, 0.0, None 
 46.32, -122.86, 20.0, 2010-09-04 23:15:00, 0.0, None 
 48.733000000000004, -124.23299999999999, 39.0, 2010-09-04 23:17:30, 0.0, None 
 48.755, -124.28, 25.8, 2010-09-04 23:20:00, 0.0, None 
 48.805, -124.38, 35.0, 2010-09-04 23:22:30, 0.0, None 
 46.345, -123.28, 38.5, 2010-09-04 23:22:30, 0.0, None 
 48.8, -124.3, 30.0, 2010-09-04 23:27:30, 0.0, None 
 46.33, -123.14, 20.0, 2010-09-04 23:27:30, 0.0, None 
 48.82, -124.325, 31.0, 2010-09-04 23:30:00, 0.0, None 
 46.295, -123.08, 38.0, 2010-09-04 23:30:00, 0.0, None 
 48.7, -124.405, 54.0, 2010-09-04 23:32:30, 0.0, None 
 46.3, -122.885, 51.8, 2010-09-04 23:32:30, 0.0, None 
 48.78, -124.31, 39.5, 2010-09-04 23:35:00, 0.0, None 
 48.82, -124.29, 36.0, 2010-09-04 23:37:30, 0.0, None 
 48.86, -124.505, 20.5, 2010-09-04 23:40:00, 0.0, None 
 48.49, -124.04, 60.0, 2010-09-04 23:40:00, 0.0, None 
 48.85, -124.53, 20.0, 2010-09-04 23:42:30, 0.0, None 
 46.21, -123.175, 41.0, 2010-09-04 23:42:30, 0.0, None 
 48.905, -124.38, 20.0, 2010-09-04 23:45:00, 0.0, None 
 46.18, -123.2, 50.5, 2010-09-04 23:45:00, 0.0, None 
 46.37, -123.22, 20.0, 2010-09-04 23:47:30, 0.0, None 
 46.365, -123.213, 21.8, 2010-09-04 23:50:00, 0.0, None 
 48.83, -124.49, 20.0, 2010-09-04 23:55:00, 0.0, None 
 46.242, -123.17, 20.0, 2010-09-05 00:00:00, 0.0, None 
 46.21, -123.005, 34.0, 2010-09-05 00:05:00, 0.0, None 
 48.99, -124.3, 21.0, 2010-09-05 00:10:00, 0.0, None 
 46.235, -123.09299999999999, 30.2, 2010-09-05 00:10:00, 0.0, None 
 48.9, -124.45, 20.0, 2010-09-05 00:12:30, 0.0, None 
 46.275, -123.085, 51.5, 2010-09-05 00:12:30, 0.0, None 
 48.89, -124.43, 20.0, 2010-09-05 00:15:00, 0.0, None 
 46.272, -123.05, 20.5, 2010-09-05 00:15:00, 0.0, None 
 46.26, -123.045, 25.0, 2010-09-05 00:17:30, 0.0, None 
 46.21, -123.09, 46.8, 2010-09-05 00:20:00, 0.0, None 
 48.96, -124.225, 20.0, 2010-09-05 00:22:30, 0.0, None 
 46.235, -123.05799999999999, 26.0, 2010-09-05 00:22:30, 0.0, None 
 48.95, -124.46, 20.0, 2010-09-05 00:25:00, 0.0, None 
 46.205, -123.025, 25.2, 2010-09-05 00:25:00, 0.0, None 
 48.8, -124.39, 20.0, 2010-09-05 00:27:30, 0.0, None 
 48.8, -124.48, 60.0, 2010-09-05 00:32:30, 0.0, None 
 48.76, -124.29, 60.0, 2010-09-05 00:35:00, 0.0, None 
 48.9, -124.25, 20.0, 2010-09-05 00:37:30, 0.0, None 
 48.91, -124.28, 20.0, 2010-09-05 00:40:00, 0.0, None 
 48.91, -124.46, 32.0, 2010-09-05 00:42:30, 0.0, None 
 46.195, -123.10700000000001, 35.0, 2010-09-05 00:50:00, 0.0, None 
 48.92, -124.37, 20.0, 2010-09-05 00:55:00, 0.0, None 
 48.88, -124.33, 60.0, 2010-09-05 00:57:30, 0.0, None 
 48.79, -124.32, 20.0, 2010-09-05 01:00:00, 0.0, None 
 48.75, -124.69, 20.0, 2010-09-05 01:10:00, 0.0, None 
 48.93, -124.61, 20.0, 2010-09-05 01:12:30, 0.0, None 
 46.21, -123.32, 20.0, 2010-09-05 01:20:00, 0.0, None 
 46.2, -123.3, 20.0, 2010-09-05 01:22:30, 0.0, None 
 48.93, -124.62, 20.0, 2010-09-05 01:37:30, 0.0, None 
 48.94, -124.61, 20.0, 2010-09-05 01:40:00, 0.0, None 
 46.23, -123.22, 60.0, 2010-09-05 01:50:00, 0.0, None 
 48.81, -124.71, 60.0, 2010-09-05 01:52:30, 0.0, None 
 46.26, -123.18, 52.0, 2010-09-05 01:52:30, 0.0, None 
 48.9, -124.51, 20.0, 2010-09-05 01:55:00, 0.0, None 
 48.92, -124.5, 27.0, 2010-09-05 01:57:30, 0.0, None 
 48.945, -124.415, 20.0, 2010-09-05 02:00:00, 0.0, None 
 48.78, -124.33, 51.0, 2010-09-05 02:02:30, 0.0, None 
 48.8, -124.6, 20.0, 2010-09-05 02:07:30, 0.0, None 
 48.9, -124.42, 20.5, 2010-09-05 02:17:30, 0.0, None 
 46.21, -123.4, 49.0, 2010-09-05 02:17:30, 0.0, None 
 48.84, -124.48, 23.0, 2010-09-05 02:20:00, 0.0, None 
 48.83, -124.51, 20.5, 2010-09-05 02:22:30, 0.0, None 
 48.78, -124.51, 29.0, 2010-09-05 02:25:00, 0.0, None 
 48.885, -124.47, 20.0, 2010-09-05 02:27:30, 0.0, None 
 48.84, -124.45, 27.5, 2010-09-05 02:30:00, 0.0, None 
 48.865, -124.43, 38.0, 2010-09-05 02:32:30, 0.0, None 
 48.815, -124.35, 28.0, 2010-09-05 02:35:00, 0.0, None 
 48.82, -124.4, 31.0, 2010-09-05 02:37:30, 0.0, None 
 48.8, -124.47, 30.0, 2010-09-05 02:40:00, 0.0, None 
 48.87, -124.395, 33.0, 2010-09-05 02:42:30, 0.0, None 
 48.77, -124.57, 27.0, 2010-09-05 02:45:00, 0.0, None 
 48.79, -124.36, 45.5, 2010-09-05 02:55:00, 0.0, None 
 48.775, -124.445, 34.0, 2010-09-05 02:57:30, 0.0, None 
 46.18, -123.07, 60.0, 2010-09-05 02:57:30, 0.0, None 
 46.2, -123.51, 20.0, 2010-09-05 03:00:00, 0.0, None 
 48.86, -124.52, 20.0, 2010-09-05 03:02:30, 0.0, None 
 48.82, -124.54, 20.0, 2010-09-05 03:05:00, 0.0, None 
 46.235, -123.205, 26.8, 2010-09-05 03:05:00, 0.0, None 
 48.8, -124.54, 60.0, 2010-09-05 03:07:30, 0.0, None 
 46.19, -123.24, 30.5, 2010-09-05 03:07:30, 0.0, None 
 48.705, -124.57, 34.5, 2010-09-05 03:12:30, 0.0, None 
 48.73, -124.43, 20.0, 2010-09-05 03:15:00, 0.0, None 
 48.715, -124.42, 20.0, 2010-09-05 03:17:30, 0.0, None 
 48.725, -124.395, 20.0, 2010-09-05 03:20:00, 0.0, None 
 48.81, -124.66, 20.0, 2010-09-05 03:22:30, 0.0, None 
 48.92, -124.5, 26.5, 2010-09-05 03:25:00, 0.0, None 
 48.9, -124.375, 45.0, 2010-09-05 03:27:30, 0.0, None 
 48.95, -124.5, 30.0, 2010-09-05 03:30:00, 0.0, None 
 48.975, -124.56, 20.0, 2010-09-05 03:32:30, 0.0, None 
 48.91, -124.51, 20.0, 2010-09-05 03:35:00, 0.0, None 
 48.9, -124.34, 25.0, 2010-09-05 03:37:30, 0.0, None 
 49.0, -124.43, 20.0, 2010-09-05 03:40:00, 0.0, None 
 49.0, -124.49, 20.0, 2010-09-05 03:45:00, 0.0, None 
 49.0, -124.47, 26.0, 2010-09-05 03:50:00, 0.0, None 
 49.0, -124.46, 28.0, 2010-09-05 03:52:30, 0.0, None 
 48.965, -124.41, 34.5, 2010-09-05 03:55:00, 0.0, None 
 46.72, -122.79, 20.0, 2010-09-05 03:55:00, 0.0, None 
 48.925, -124.43, 40.0, 2010-09-05 03:57:30, 0.0, None 
 48.89, -124.41, 55.0, 2010-09-05 04:02:30, 0.0, None 
 48.82, -124.48, 23.5, 2010-09-05 04:10:00, 0.0, None 
 48.79, -124.59, 52.0, 2010-09-05 04:17:30, 0.0, None 
 46.43, -123.2, 20.0, 2010-09-05 04:22:30, 0.0, None 
 48.74, -124.6, 22.0, 2010-09-05 04:25:00, 0.0, None 
 48.72, -124.57, 20.0, 2010-09-05 04:27:30, 0.0, None 
 48.96, -124.48, 23.5, 2010-09-05 04:32:30, 0.0, None 
 48.99, -124.57, 20.0, 2010-09-05 04:35:00, 0.0, None 
 48.975, -124.57, 20.0, 2010-09-05 04:40:00, 0.0, None 
 49.0, -124.54, 20.0, 2010-09-05 04:42:30, 0.0, None 
 48.99, -124.55, 20.0, 2010-09-05 04:47:30, 0.0, None 
 48.98, -124.58, 20.0, 2010-09-05 04:50:00, 0.0, None 
 46.343, -123.22, 20.0, 2010-09-05 04:50:00, 0.0, None 
 46.28, -123.12299999999999, 33.5, 2010-09-05 04:52:30, 0.0, None 
 46.24, -123.13, 32.0, 2010-09-05 04:55:00, 0.0, None 
 46.32, -123.28, 48.0, 2010-09-05 05:07:30, 0.0, None 
 49.0, -124.485, 20.0, 2010-09-05 05:10:00, 0.0, None 
 46.25, -123.39, 40.0, 2010-09-05 05:10:00, 0.0, None 
 48.975, -124.585, 20.0, 2010-09-05 05:12:30, 0.0, None 
 48.93, -124.485, 39.0, 2010-09-05 05:17:30, 0.0, None 
 48.815, -124.555, 20.0, 2010-09-05 05:20:00, 0.0, None 
 46.1, -123.11, 38.0, 2010-09-05 05:20:00, 0.0, None 
 48.87, -124.5, 20.0, 2010-09-05 05:22:30, 0.0, None 
 48.98, -124.55, 20.0, 2010-09-05 05:25:00, 0.0, None 
 49.0, -124.56, 30.0, 2010-09-05 05:27:30, 0.0, None 
 48.91, -124.54, 37.5, 2010-09-05 05:30:00, 0.0, None 
 48.9, -124.395, 60.0, 2010-09-05 05:32:30, 0.0, None 
 48.875, -124.42, 25.0, 2010-09-05 05:35:00, 0.0, None 
 48.96, -124.415, 22.2, 2010-09-05 05:37:30, 0.0, None 
 46.41, -123.14, 60.0, 2010-09-05 05:40:00, 0.0, None 
 48.985, -124.57, 27.5, 2010-09-05 05:42:30, 0.0, None 
 48.95, -124.5, 20.0, 2010-09-05 05:45:00, 0.0, None 
 48.69, -124.175, 60.0, 2010-09-05 05:47:30, 0.0, None 
 48.885, -124.44, 40.5, 2010-09-05 05:55:00, 0.0, None 
 48.905, -124.4, 28.0, 2010-09-05 05:57:30, 0.0, None 
 49.0, -124.37, 30.5, 2010-09-05 06:02:30, 0.0, None 
 48.91, -124.295, 20.0, 2010-09-05 06:05:00, 0.0, None 
 48.98, -124.31, 20.0, 2010-09-05 06:07:30, 0.0, None 
 48.99, -124.32, 31.5, 2010-09-05 06:10:00, 0.0, None 
 49.0, -124.42, 33.5, 2010-09-05 06:12:30, 0.0, None 
 48.85, -124.43, 28.5, 2010-09-05 06:15:00, 0.0, None 
 48.8, -124.425, 20.0, 2010-09-05 06:17:30, 0.0, None 
 48.773, -124.37299999999999, 21.2, 2010-09-05 06:20:00, 0.0, None 
 48.845, -124.485, 20.0, 2010-09-05 06:22:30, 0.0, None 
 48.84, -124.315, 48.2, 2010-09-05 06:25:00, 0.0, None 
 48.97, -124.35, 38.0, 2010-09-05 06:27:30, 0.0, None 
 48.99, -124.25, 29.0, 2010-09-05 06:32:30, 0.0, None 
 48.995, -124.46, 29.0, 2010-09-05 06:42:30, 0.0, None 
 48.95, -124.48, 22.0, 2010-09-05 06:45:00, 0.0, None 
 48.99, -124.42, 22.0, 2010-09-05 06:47:30, 0.0, None 
 48.995, -124.54, 20.0, 2010-09-05 06:52:30, 0.0, None 
 49.0, -124.445, 32.5, 2010-09-05 07:00:00, 0.0, None 
 49.0, -124.38, 27.5, 2010-09-05 07:02:30, 0.0, None 
 49.0, -124.38, 29.0, 2010-09-05 07:05:00, 0.0, None 
 49.0, -124.43, 60.0, 2010-09-05 07:07:30, 0.0, None 
 48.925, -124.36, 60.0, 2010-09-05 07:20:00, 0.0, None 
 48.812, -124.39, 34.0, 2010-09-05 07:22:30, 0.0, None 
 48.815, -124.44200000000001, 38.2, 2010-09-05 07:25:00, 0.0, None 
 48.8, -124.46, 25.0, 2010-09-05 07:27:30, 0.0, None 
 48.71, -124.375, 29.0, 2010-09-05 07:30:00, 0.0, None 
 48.79, -124.42, 20.0, 2010-09-05 07:32:30, 0.0, None 
 48.79, -124.41, 30.0, 2010-09-05 07:35:00, 0.0, None 
 48.765, -124.322, 22.5, 2010-09-05 07:37:30, 0.0, None 
 48.8, -124.38, 31.0, 2010-09-05 07:40:00, 0.0, None 
 48.815, -124.405, 30.0, 2010-09-05 07:42:30, 0.0, None 
 46.3, -123.27, 29.0, 2010-09-05 07:42:30, 0.0, None 
 48.852, -124.445, 27.5, 2010-09-05 07:45:00, 0.0, None 
 48.995, -124.53, 44.5, 2010-09-05 07:47:30, 0.0, None 
 48.82, -124.415, 25.8, 2010-09-05 07:50:00, 0.0, None 
 48.855, -124.47200000000001, 31.5, 2010-09-05 07:52:30, 0.0, None 
 48.898, -124.48, 26.5, 2010-09-05 07:55:00, 0.0, None 
 48.91, -124.33, 60.0, 2010-09-05 07:57:30, 0.0, None 
 46.12, -123.13, 60.0, 2010-09-05 07:57:30, 0.0, None 
 48.93, -124.325, 27.0, 2010-09-05 08:00:00, 0.0, None 
 46.41, -123.325, 30.2, 2010-09-05 08:00:00, 0.0, None 
 48.89, -124.43, 40.0, 2010-09-05 08:02:30, 0.0, None 
 46.245, -123.48, 22.5, 2010-09-05 08:02:30, 0.0, None 
 48.808, -124.37, 25.0, 2010-09-05 08:07:30, 0.0, None 
 46.22, -123.52, 60.0, 2010-09-05 08:07:30, 0.0, None 
 46.5, -123.22, 41.0, 2010-09-05 08:10:00, 0.0, None 
 48.92, -124.34, 20.0, 2010-09-05 08:15:00, 0.0, None 
 48.84, -124.215, 32.0, 2010-09-05 08:17:30, 0.0, None 
 46.45, -123.21, 31.0, 2010-09-05 08:17:30, 0.0, None 
 46.2, -123.43, 20.0, 2010-09-05 08:17:30, 0.0, None 
 48.92, -124.21, 37.5, 2010-09-05 08:20:00, 0.0, None 
 46.4, -123.24, 26.0, 2010-09-05 08:20:00, 0.0, None 
 48.77, -124.303, 49.5, 2010-09-05 08:22:30, 0.0, None 
 48.83, -124.27, 41.5, 2010-09-05 08:25:00, 0.0, None 
 46.245, -123.17, 20.0, 2010-09-05 08:25:00, 0.0, None 
 48.86, -124.17, 33.0, 2010-09-05 08:27:30, 0.0, None 
 46.21, -123.19, 20.0, 2010-09-05 08:27:30, 0.0, None 
 48.87, -124.25, 31.5, 2010-09-05 08:30:00, 0.0, None 
 46.25, -123.13, 31.5, 2010-09-05 08:30:00, 0.0, None 
 48.91, -124.3, 37.0, 2010-09-05 08:32:30, 0.0, None 
 46.251999999999995, -123.2, 30.5, 2010-09-05 08:32:30, 0.0, None 
 49.0, -124.62, 23.5, 2010-09-05 08:35:00, 0.0, None 
 46.251999999999995, -123.245, 30.8, 2010-09-05 08:35:00, 0.0, None 
 46.4, -123.145, 22.2, 2010-09-05 08:37:30, 0.0, None 
 48.875, -124.33, 45.0, 2010-09-05 08:42:30, 0.0, None 
 46.72, -122.8, 20.0, 2010-09-05 08:42:30, 0.0, None 
 46.3, -123.19, 32.0, 2010-09-05 08:42:30, 0.0, None 
 48.91, -124.51, 33.0, 2010-09-05 08:45:00, 0.0, None 
 48.82, -124.25, 20.0, 2010-09-05 08:47:30, 0.0, None 
 46.315, -123.135, 39.5, 2010-09-05 08:52:30, 0.0, None 
 48.98, -124.535, 21.0, 2010-09-05 08:55:00, 0.0, None 
 46.345, -123.27799999999999, 24.5, 2010-09-05 08:55:00, 0.0, None 
 48.89, -124.515, 42.0, 2010-09-05 08:57:30, 0.0, None 
 46.21, -123.1, 60.0, 2010-09-05 08:57:30, 0.0, None 
 48.83, -124.14, 33.0, 2010-09-05 09:00:00, 0.0, None 
 48.83, -124.14, 42.5, 2010-09-05 09:02:30, 0.0, None 
 46.23, -123.19, 20.0, 2010-09-05 09:02:30, 0.0, None 
 48.875, -124.19, 26.5, 2010-09-05 09:05:00, 0.0, None 
 46.47, -123.25, 26.0, 2010-09-05 09:05:00, 0.0, None 
 48.836999999999996, -124.235, 29.5, 2010-09-05 09:07:30, 0.0, None 
 46.318000000000005, -123.275, 29.5, 2010-09-05 09:07:30, 0.0, None 
 48.79, -124.22, 60.0, 2010-09-05 09:10:00, 0.0, None 
 46.325, -123.33, 31.0, 2010-09-05 09:10:00, 0.0, None 
 48.81, -124.21, 33.0, 2010-09-05 09:12:30, 0.0, None 
 46.455, -123.25, 20.0, 2010-09-05 09:12:30, 0.0, None 
 48.861999999999995, -124.25, 46.0, 2010-09-05 09:15:00, 0.0, None 
 46.465, -123.21799999999999, 24.0, 2010-09-05 09:15:00, 0.0, None 
 48.83, -124.29, 31.5, 2010-09-05 09:17:30, 0.0, None 
 46.442, -123.24799999999999, 24.5, 2010-09-05 09:17:30, 0.0, None 
 48.858000000000004, -124.41, 35.2, 2010-09-05 09:20:00, 0.0, None 
 46.43, -123.14, 29.5, 2010-09-05 09:20:00, 0.0, None 
 48.83, -124.38, 20.0, 2010-09-05 09:22:30, 0.0, None 
 46.5, -123.18, 27.8, 2010-09-05 09:22:30, 0.0, None 
 48.785, -124.295, 25.0, 2010-09-05 09:25:00, 0.0, None 
 46.455, -123.17200000000001, 26.5, 2010-09-05 09:25:00, 0.0, None 
 48.89, -124.38, 38.0, 2010-09-05 09:27:30, 0.0, None 
 46.438, -123.155, 28.5, 2010-09-05 09:27:30, 0.0, None 
 48.855, -124.365, 30.0, 2010-09-05 09:30:00, 0.0, None 
 46.455, -123.145, 24.0, 2010-09-05 09:30:00, 0.0, None 
 48.81, -124.36, 28.0, 2010-09-05 09:32:30, 0.0, None 
 46.385, -123.13799999999999, 31.2, 2010-09-05 09:32:30, 0.0, None 
 48.865, -124.382, 24.2, 2010-09-05 09:35:00, 0.0, None 
 46.398, -123.14, 28.0, 2010-09-05 09:35:00, 0.0, None 
 48.843, -124.352, 46.0, 2010-09-05 09:37:30, 0.0, None 
 46.445, -123.125, 20.0, 2010-09-05 09:37:30, 0.0, None 
 48.84, -124.4, 25.0, 2010-09-05 09:40:00, 0.0, None 
 46.415, -123.19, 37.2, 2010-09-05 09:40:00, 0.0, None 
 48.84, -124.46, 20.0, 2010-09-05 09:42:30, 0.0, None 
 46.39, -123.205, 37.0, 2010-09-05 09:42:30, 0.0, None 
 48.875, -124.5, 25.0, 2010-09-05 09:45:00, 0.0, None 
 48.72, -124.135, 29.0, 2010-09-05 09:45:00, 0.0, None 
 46.391999999999996, -123.2, 22.5, 2010-09-05 09:45:00, 0.0, None 
 48.88, -124.395, 38.0, 2010-09-05 09:47:30, 0.0, None 
 46.55, -123.175, 24.2, 2010-09-05 09:47:30, 0.0, None 
 48.85, -124.41, 29.5, 2010-09-05 09:50:00, 0.0, None 
 46.38, -123.225, 20.0, 2010-09-05 09:50:00, 0.0, None 
 48.715, -124.235, 20.0, 2010-09-05 09:52:30, 0.0, None 
 46.37, -123.24, 20.0, 2010-09-05 09:52:30, 0.0, None 
 48.71, -124.27, 30.0, 2010-09-05 09:55:00, 0.0, None 
 46.59, -123.165, 60.0, 2010-09-05 09:57:30, 0.0, None 
 46.63, -123.155, 60.0, 2010-09-05 10:00:00, 0.0, None 
 48.84, -124.42, 20.0, 2010-09-05 10:02:30, 0.0, None 
 46.54, -123.22, 21.5, 2010-09-05 10:02:30, 0.0, None 
 48.86, -124.405, 27.0, 2010-09-05 10:05:00, 0.0, None 
 46.505, -123.215, 23.5, 2010-09-05 10:05:00, 0.0, None 
 48.77, -124.29, 60.0, 2010-09-05 10:07:30, 0.0, None 
 48.72, -124.33, 20.0, 2010-09-05 10:10:00, 0.0, None 
 48.83, -124.42, 31.5, 2010-09-05 10:12:30, 0.0, None 
 46.46, -123.18, 30.5, 2010-09-05 10:12:30, 0.0, None 
 48.82, -124.37, 28.0, 2010-09-05 10:15:00, 0.0, None 
 46.495, -123.09, 22.8, 2010-09-05 10:15:00, 0.0, None 
 48.89, -124.405, 34.0, 2010-09-05 10:17:30, 0.0, None 
 48.61, -123.72, 32.0, 2010-09-05 10:17:30, 0.0, None 
 46.48, -123.185, 40.0, 2010-09-05 10:17:30, 0.0, None 
 46.52, -123.235, 20.0, 2010-09-05 10:20:00, 0.0, None 
 48.97, -124.525, 20.0, 2010-09-05 10:22:30, 0.0, None 
 46.528, -123.23, 34.2, 2010-09-05 10:22:30, 0.0, None 
 48.885, -124.41, 38.0, 2010-09-05 10:27:30, 0.0, None 
 46.51, -123.21, 39.0, 2010-09-05 10:27:30, 0.0, None 
 48.69, -124.3, 28.5, 2010-09-05 10:32:30, 0.0, None 
 48.87, -124.21, 51.0, 2010-09-05 10:35:00, 0.0, None 
 48.77, -124.095, 50.0, 2010-09-05 10:42:30, 0.0, None 
 46.4, -123.11, 60.0, 2010-09-05 10:45:00, 0.0, None 
 48.89, -124.39, 20.0, 2010-09-05 10:47:30, 0.0, None 
 46.47, -123.07, 50.0, 2010-09-05 10:47:30, 0.0, None 
 46.35, -123.19, 60.0, 2010-09-05 10:50:00, 0.0, None 
 46.42, -123.155, 60.0, 2010-09-05 10:52:30, 0.0, None 
 48.92, -124.26, 60.0, 2010-09-05 10:55:00, 0.0, None 
 46.455, -123.085, 60.0, 2010-09-05 10:57:30, 0.0, None 
 46.5, -123.178, 21.5, 2010-09-05 11:00:00, 0.0, None 
 48.69, -124.12, 60.0, 2010-09-05 11:02:30, 0.0, None 
 46.505, -123.18, 40.2, 2010-09-05 11:02:30, 0.0, None 
 48.67, -124.22, 42.0, 2010-09-05 11:05:00, 0.0, None 
 46.505, -123.19, 35.8, 2010-09-05 11:05:00, 0.0, None 
 48.68, -124.235, 34.0, 2010-09-05 11:07:30, 0.0, None 
 48.707, -124.21, 32.0, 2010-09-05 11:10:00, 0.0, None 
 46.58, -123.24, 40.5, 2010-09-05 11:10:00, 0.0, None 
 48.86, -124.458, 31.0, 2010-09-05 11:12:30, 0.0, None 
 46.59, -123.13, 33.0, 2010-09-05 11:12:30, 0.0, None 
 48.775, -124.265, 33.5, 2010-09-05 11:15:00, 0.0, None 
 48.847, -124.31, 30.0, 2010-09-05 11:17:30, 0.0, None 
 48.89, -124.59, 20.0, 2010-09-05 11:20:00, 0.0, None 
 48.83, -124.635, 20.0, 2010-09-05 11:22:30, 0.0, None 
 48.87, -124.48, 43.0, 2010-09-05 11:25:00, 0.0, None 
 46.57, -123.06, 25.0, 2010-09-05 11:25:00, 0.0, None 
 48.865, -124.39, 47.0, 2010-09-05 11:27:30, 0.0, None 
 46.12, -123.3, 20.0, 2010-09-05 11:27:30, 0.0, None 
 48.96, -124.4, 26.0, 2010-09-05 11:30:00, 0.0, None 
 46.23, -123.345, 37.0, 2010-09-05 11:30:00, 0.0, None 
 46.23, -123.45, 45.5, 2010-09-05 11:32:30, 0.0, None 
 48.85, -124.35, 23.0, 2010-09-05 11:37:30, 0.0, None 
 48.87, -124.45, 29.5, 2010-09-05 11:40:00, 0.0, None 
 48.89, -124.62, 20.0, 2010-09-05 11:42:30, 0.0, None 
 48.79, -124.68, 39.0, 2010-09-05 11:45:00, 0.0, None 
 46.58, -123.135, 60.0, 2010-09-05 11:45:00, 0.0, None 
 48.9, -124.65, 21.0, 2010-09-05 11:47:30, 0.0, None 
 46.57, -123.17, 20.0, 2010-09-05 11:47:30, 0.0, None 
 46.22, -123.39, 20.0, 2010-09-05 11:47:30, 0.0, None 
 48.91, -124.78, 23.0, 2010-09-05 11:50:00, 0.0, None 
 46.58, -123.13, 20.0, 2010-09-05 11:50:00, 0.0, None 
 48.83, -124.68, 20.0, 2010-09-05 11:52:30, 0.0, None 
 46.24, -123.29, 44.0, 2010-09-05 11:52:30, 0.0, None 
 48.82, -124.7, 20.0, 2010-09-05 11:55:00, 0.0, None 
 46.2, -123.305, 41.0, 2010-09-05 11:55:00, 0.0, None 
 48.88, -124.685, 54.0, 2010-09-05 11:57:30, 0.0, None 
 46.7, -122.72, 60.0, 2010-09-05 11:57:30, 0.0, None 
 48.9, -124.57, 26.5, 2010-09-05 12:00:00, 0.0, None 
 48.89, -124.485, 31.0, 2010-09-05 12:02:30, 0.0, None 
 48.91, -124.575, 33.0, 2010-09-05 12:05:00, 0.0, None 
 48.87, -124.57, 40.0, 2010-09-05 12:10:00, 0.0, None 
 48.835, -124.52, 28.0, 2010-09-05 12:12:30, 0.0, None 
 48.9, -124.44, 20.0, 2010-09-05 12:15:00, 0.0, None 
 48.925, -124.615, 50.0, 2010-09-05 12:17:30, 0.0, None 
 48.9, -124.64, 20.0, 2010-09-05 12:20:00, 0.0, None 
 48.93, -124.51, 20.0, 2010-09-05 12:22:30, 0.0, None 
 48.94, -124.52, 20.0, 2010-09-05 12:25:00, 0.0, None 
 46.425, -123.29, 20.0, 2010-09-05 12:25:00, 0.0, None 
 48.9, -124.535, 20.0, 2010-09-05 12:27:30, 0.0, None 
 46.57, -123.22200000000001, 20.0, 2010-09-05 12:27:30, 0.0, None 
 48.89, -124.54, 20.0, 2010-09-05 12:30:00, 0.0, None 
 46.38, -123.25, 20.0, 2010-09-05 12:30:00, 0.0, None 
 48.96, -124.58, 20.0, 2010-09-05 12:32:30, 0.0, None 
 46.485, -123.14, 20.0, 2010-09-05 12:32:30, 0.0, None 
 48.93, -124.53, 51.0, 2010-09-05 12:35:00, 0.0, None 
 46.305, -123.25, 20.0, 2010-09-05 12:35:00, 0.0, None 
 48.89, -124.81, 60.0, 2010-09-05 12:37:30, 0.0, None 
 46.4, -123.12, 43.0, 2010-09-05 12:37:30, 0.0, None 
 48.87, -124.67, 26.5, 2010-09-05 12:40:00, 0.0, None 
 46.47, -123.09, 32.0, 2010-09-05 12:40:00, 0.0, None 
 48.83, -124.74, 20.0, 2010-09-05 12:42:30, 0.0, None 
 48.88, -124.66, 29.5, 2010-09-05 12:47:30, 0.0, None 
 48.88, -124.625, 20.0, 2010-09-05 12:50:00, 0.0, None 
 48.89, -124.6, 20.0, 2010-09-05 12:52:30, 0.0, None 
 48.85, -124.585, 20.0, 2010-09-05 12:55:00, 0.0, None 
 46.79, -122.77, 60.0, 2010-09-05 12:57:30, 0.0, None 
 46.5, -123.29, 37.0, 2010-09-05 13:00:00, 0.0, None 
 46.48, -123.235, 27.2, 2010-09-05 13:02:30, 0.0, None 
 48.84, -124.69, 25.0, 2010-09-05 13:10:00, 0.0, None 
 48.84, -124.665, 21.0, 2010-09-05 13:12:30, 0.0, None 
 46.5, -123.31, 23.0, 2010-09-05 13:17:30, 0.0, None 
 48.9, -124.64, 20.0, 2010-09-05 13:20:00, 0.0, None 
 48.89, -124.62, 20.0, 2010-09-05 13:22:30, 0.0, None 
 48.86, -124.65, 20.0, 2010-09-05 13:25:00, 0.0, None 
 48.89, -124.605, 20.0, 2010-09-05 13:27:30, 0.0, None 
 46.36, -123.18799999999999, 37.5, 2010-09-05 13:27:30, 0.0, None 
 48.925, -124.55, 20.0, 2010-09-05 13:30:00, 0.0, None 
 48.915, -124.57, 20.0, 2010-09-05 13:32:30, 0.0, None 
 48.84, -124.55, 27.5, 2010-09-05 13:35:00, 0.0, None 
 48.97, -124.39, 41.0, 2010-09-05 13:45:00, 0.0, None 
 48.93, -124.42, 40.0, 2010-09-05 13:47:30, 0.0, None 
 48.88, -124.67, 33.5, 2010-09-05 13:50:00, 0.0, None 
 48.89, -124.63, 20.0, 2010-09-05 13:52:30, 0.0, None 
 48.93, -124.68, 37.0, 2010-09-05 13:55:00, 0.0, None 
 46.35, -123.238, 25.5, 2010-09-05 14:05:00, 0.0, None 
 48.9, -124.54, 32.0, 2010-09-05 14:22:30, 0.0, None 
 46.32, -123.24, 20.0, 2010-09-05 14:22:30, 0.0, None 
 48.83, -124.69, 20.0, 2010-09-05 14:25:00, 0.0, None 
 48.82, -124.72, 22.0, 2010-09-05 14:27:30, 0.0, None 
 48.81, -124.735, 21.0, 2010-09-05 14:30:00, 0.0, None 
 48.835, -124.68, 20.0, 2010-09-05 14:32:30, 0.0, None 
 48.88, -124.64, 20.0, 2010-09-05 14:35:00, 0.0, None 
 48.87, -124.65, 20.0, 2010-09-05 14:37:30, 0.0, None 
 48.88, -124.63, 20.0, 2010-09-05 14:40:00, 0.0, None 
 48.88, -124.64, 20.0, 2010-09-05 14:42:30, 0.0, None 
 48.88, -124.66, 31.0, 2010-09-05 14:50:00, 0.0, None 
 48.83, -124.72, 29.0, 2010-09-05 14:52:30, 0.0, None 
 48.89, -124.69, 20.0, 2010-09-05 14:55:00, 0.0, None 
 48.9, -124.64, 20.0, 2010-09-05 14:57:30, 0.0, None 
 48.87, -124.72, 20.0, 2010-09-05 15:00:00, 0.0, None 
 48.87, -124.79, 20.0, 2010-09-05 15:02:30, 0.0, None 
 46.77, -122.775, 60.0, 2010-09-05 15:57:30, 0.0, None 
 46.58, -122.4, 60.0, 2010-09-05 16:15:00, 0.0, None 
 48.93, -124.25, 53.5, 2010-09-05 16:37:30, 0.0, None 
 48.83, -124.15, 20.0, 2010-09-05 17:00:00, 0.0, None 
 48.89, -124.66, 28.5, 2010-09-05 17:47:30, 0.0, None 
 48.84, -124.7, 26.0, 2010-09-05 17:50:00, 0.0, None 
 48.9, -124.6, 24.0, 2010-09-05 18:00:00, 0.0, None 
 48.87, -124.65, 21.0, 2010-09-05 18:02:30, 0.0, None 
 48.87, -124.71, 20.0, 2010-09-05 18:05:00, 0.0, None 
 48.89, -124.66, 20.0, 2010-09-05 18:07:30, 0.0, None 
 48.89, -124.61, 20.0, 2010-09-05 18:10:00, 0.0, None 
 46.105, -122.9, 60.0, 2010-09-05 18:10:00, 0.0, None 
 48.84, -124.7, 27.0, 2010-09-05 18:12:30, 0.0, None 
 48.86, -124.7, 20.0, 2010-09-05 18:20:00, 0.0, None 
 46.15, -122.95, 20.0, 2010-09-05 18:20:00, 0.0, None 
 48.85, -124.72, 20.5, 2010-09-05 18:22:30, 0.0, None 
 46.18, -122.98, 34.0, 2010-09-05 18:22:30, 0.0, None 
 48.8, -124.33, 20.0, 2010-09-05 18:27:30, 0.0, None 
 46.31, -123.04, 41.0, 2010-09-05 18:27:30, 0.0, None 
 48.81, -124.76, 20.0, 2010-09-05 18:32:30, 0.0, None 
 48.82, -124.71, 20.0, 2010-09-05 18:35:00, 0.0, None 
 48.83, -124.68, 20.0, 2010-09-05 18:37:30, 0.0, None 
 48.81, -124.65, 20.0, 2010-09-05 18:40:00, 0.0, None 
 48.79, -124.665, 26.0, 2010-09-05 18:42:30, 0.0, None 
 48.8, -124.68, 20.0, 2010-09-05 18:45:00, 0.0, None 
 48.79, -124.7, 20.0, 2010-09-05 18:47:30, 0.0, None 
 48.885, -124.625, 30.5, 2010-09-05 18:50:00, 0.0, None 
 48.89, -124.62, 25.0, 2010-09-05 18:52:30, 0.0, None 
 48.91, -124.44, 20.0, 2010-09-05 19:00:00, 0.0, None 
 48.85, -124.54, 20.0, 2010-09-05 19:02:30, 0.0, None 
 48.83, -124.6, 20.0, 2010-09-05 19:05:00, 0.0, None 
 48.89, -124.59, 20.0, 2010-09-05 19:07:30, 0.0, None 
 48.89, -124.6, 20.0, 2010-09-05 19:10:00, 0.0, None 
 48.9, -124.62, 20.0, 2010-09-05 19:12:30, 0.0, None 
 48.93, -124.65, 23.0, 2010-09-05 19:15:00, 0.0, None 
 48.9, -124.67, 23.0, 2010-09-05 19:17:30, 0.0, None 
 48.91, -124.63, 20.0, 2010-09-05 19:20:00, 0.0, None 
 48.91, -124.65, 23.5, 2010-09-05 19:22:30, 0.0, None 
 48.885, -124.71, 22.0, 2010-09-05 19:25:00, 0.0, None 
 46.215, -123.28, 22.0, 2010-09-05 19:25:00, 0.0, None 
 48.9, -124.75, 20.0, 2010-09-05 19:27:30, 0.0, None 
 46.22, -123.33, 28.5, 2010-09-05 19:27:30, 0.0, None 
 48.9, -124.62, 20.0, 2010-09-05 19:30:00, 0.0, None 
 46.19, -123.4, 20.0, 2010-09-05 19:30:00, 0.0, None 
 48.93, -124.74, 20.0, 2010-09-05 19:32:30, 0.0, None 
 46.18, -123.39, 32.0, 2010-09-05 19:32:30, 0.0, None 
 48.94, -124.75, 20.0, 2010-09-05 19:35:00, 0.0, None 
 48.83, -124.6, 30.0, 2010-09-05 19:37:30, 0.0, None 
 46.46, -123.08, 20.0, 2010-09-05 19:37:30, 0.0, None 
 48.88, -124.7, 20.0, 2010-09-05 19:40:00, 0.0, None 
 46.27, -123.23, 28.5, 2010-09-05 19:40:00, 0.0, None 
 48.92, -124.66, 27.0, 2010-09-05 19:42:30, 0.0, None 
 48.92, -124.66, 20.0, 2010-09-05 19:45:00, 0.0, None 
 48.931999999999995, -124.605, 24.0, 2010-09-05 19:47:30, 0.0, None 
 48.94, -124.69, 25.5, 2010-09-05 19:50:00, 0.0, None 
 48.86, -124.67, 23.0, 2010-09-05 19:52:30, 0.0, None 
 48.84, -124.71, 29.0, 2010-09-05 19:55:00, 0.0, None 
 48.87, -124.72, 32.0, 2010-09-05 19:57:30, 0.0, None 
 48.91, -124.715, 43.5, 2010-09-05 20:00:00, 0.0, None 
 48.94, -124.74, 20.0, 2010-09-05 20:02:30, 0.0, None 
 48.94, -124.7, 20.0, 2010-09-05 20:05:00, 0.0, None 
 48.91, -124.69, 31.0, 2010-09-05 20:07:30, 0.0, None 
 48.9, -124.715, 24.0, 2010-09-05 20:10:00, 0.0, None 
 48.9, -124.66, 23.0, 2010-09-05 20:12:30, 0.0, None 
 48.88, -124.67, 20.0, 2010-09-05 20:15:00, 0.0, None 
 48.89, -124.68, 20.0, 2010-09-05 20:17:30, 0.0, None 
 48.89, -124.7, 30.0, 2010-09-05 20:20:00, 0.0, None 
 48.92, -124.605, 20.0, 2010-09-05 20:22:30, 0.0, None 
 46.38, -123.177, 45.0, 2010-09-05 20:22:30, 0.0, None 
 48.95, -124.535, 20.0, 2010-09-05 20:25:00, 0.0, None 
 48.795, -124.24, 28.0, 2010-09-05 20:25:00, 0.0, None 
 48.91, -124.63, 34.0, 2010-09-05 20:27:30, 0.0, None 
 48.9, -124.63, 20.0, 2010-09-05 20:30:00, 0.0, None 
 48.96, -124.55, 32.5, 2010-09-05 20:32:30, 0.0, None 
 48.96, -124.55, 29.0, 2010-09-05 20:35:00, 0.0, None 
 48.88, -124.61, 46.0, 2010-09-05 20:37:30, 0.0, None 
 48.94, -124.72, 30.5, 2010-09-05 20:42:30, 0.0, None 
 48.96, -124.73, 38.0, 2010-09-05 20:45:00, 0.0, None 
 48.92, -124.705, 20.0, 2010-09-05 20:47:30, 0.0, None 
 48.89, -124.65, 20.0, 2010-09-05 20:52:30, 0.0, None 
 48.88, -124.66, 20.0, 2010-09-05 20:55:00, 0.0, None 
 48.93, -124.6, 20.0, 2010-09-05 20:57:30, 0.0, None 
 48.925, -124.725, 20.0, 2010-09-05 21:02:30, 0.0, None 
 48.96, -124.69, 20.0, 2010-09-05 21:05:00, 0.0, None 
 48.955, -124.59, 20.0, 2010-09-05 21:07:30, 0.0, None 
 48.935, -124.6, 20.0, 2010-09-05 21:10:00, 0.0, None 
 48.93, -124.62, 20.0, 2010-09-05 21:12:30, 0.0, None 
 46.16, -123.04, 47.0, 2010-09-05 21:12:30, 0.0, None 
 48.96, -124.565, 26.0, 2010-09-05 21:15:00, 0.0, None 
 48.92, -124.74, 20.0, 2010-09-05 21:22:30, 0.0, None 
 48.925, -124.74, 20.0, 2010-09-05 21:25:00, 0.0, None 
 48.84, -124.4, 20.0, 2010-09-05 21:25:00, 0.0, None 
 48.93, -124.69, 20.0, 2010-09-05 21:27:30, 0.0, None 
 48.93, -124.665, 20.0, 2010-09-05 21:30:00, 0.0, None 
 48.9, -124.625, 27.5, 2010-09-05 21:32:30, 0.0, None 
 48.905, -124.67, 20.0, 2010-09-05 21:35:00, 0.0, None 
 48.725, -124.4, 30.0, 2010-09-05 21:35:00, 0.0, None 
 46.14, -123.10799999999999, 45.5, 2010-09-05 21:35:00, 0.0, None 
 48.99, -124.61, 21.0, 2010-09-05 21:37:30, 0.0, None 
 46.145, -123.12299999999999, 36.0, 2010-09-05 21:37:30, 0.0, None 
 48.99, -124.53, 20.0, 2010-09-05 21:40:00, 0.0, None 
 48.93, -124.48, 60.0, 2010-09-05 21:45:00, 0.0, None 
 48.96, -124.51, 29.0, 2010-09-05 21:47:30, 0.0, None 
 48.98, -124.665, 31.5, 2010-09-05 21:50:00, 0.0, None 
 48.955, -124.425, 42.5, 2010-09-05 21:52:30, 0.0, None 
 48.97, -124.39200000000001, 24.0, 2010-09-05 21:55:00, 0.0, None 
 48.93, -124.48, 43.0, 2010-09-05 21:57:30, 0.0, None 
 48.805, -124.49, 20.0, 2010-09-05 22:00:00, 0.0, None 
 48.905, -124.69, 29.5, 2010-09-05 22:05:00, 0.0, None 
 48.86, -124.7, 20.0, 2010-09-05 22:07:30, 0.0, None 
 48.96, -124.61, 31.0, 2010-09-05 22:10:00, 0.0, None 
 48.885, -124.62, 42.5, 2010-09-05 22:12:30, 0.0, None 
 46.305, -123.105, 55.0, 2010-09-05 22:12:30, 0.0, None 
 48.91, -124.76, 20.0, 2010-09-05 22:15:00, 0.0, None 
 48.78, -124.34, 20.0, 2010-09-05 22:15:00, 0.0, None 
 48.95, -124.48, 31.0, 2010-09-05 22:17:30, 0.0, None 
 46.24, -123.17, 60.0, 2010-09-05 22:17:30, 0.0, None 
 48.785, -124.31, 20.0, 2010-09-05 22:20:00, 0.0, None 
 48.94, -124.555, 32.5, 2010-09-05 22:22:30, 0.0, None 
 48.95, -124.56, 27.0, 2010-09-05 22:25:00, 0.0, None 
 48.965, -124.535, 32.0, 2010-09-05 22:27:30, 0.0, None 
 48.74, -124.13, 20.0, 2010-09-05 22:27:30, 0.0, None 
 46.265, -123.275, 30.0, 2010-09-05 22:27:30, 0.0, None 
 48.945, -124.56, 33.5, 2010-09-05 22:30:00, 0.0, None 
 48.81, -124.25, 20.0, 2010-09-05 22:30:00, 0.0, None 
 46.25, -123.2, 44.0, 2010-09-05 22:30:00, 0.0, None 
 48.99, -124.62, 25.5, 2010-09-05 22:37:30, 0.0, None 
 48.725, -124.175, 39.0, 2010-09-05 22:37:30, 0.0, None 
 48.97, -124.64, 20.0, 2010-09-05 22:40:00, 0.0, None 
 48.74, -124.215, 20.0, 2010-09-05 22:40:00, 0.0, None 
 48.95, -124.72, 30.0, 2010-09-05 22:42:30, 0.0, None 
 48.81, -124.4, 37.5, 2010-09-05 22:42:30, 0.0, None 
 48.93, -124.84, 20.0, 2010-09-05 22:45:00, 0.0, None 
 48.83, -124.8, 20.0, 2010-09-05 22:47:30, 0.0, None 
 48.91, -124.81, 28.0, 2010-09-05 22:50:00, 0.0, None 
 46.32, -123.27, 20.0, 2010-09-05 22:50:00, 0.0, None 
 48.97, -124.81, 28.0, 2010-09-05 22:52:30, 0.0, None 
 48.69, -124.23, 60.0, 2010-09-05 22:52:30, 0.0, None 
 46.32, -123.26, 20.0, 2010-09-05 22:52:30, 0.0, None 
 48.93, -124.79, 20.0, 2010-09-05 22:55:00, 0.0, None 
 48.8, -124.33, 20.0, 2010-09-05 22:55:00, 0.0, None 
 48.91, -124.705, 60.0, 2010-09-05 22:57:30, 0.0, None 
 48.96, -124.745, 20.0, 2010-09-05 23:00:00, 0.0, None 
 48.92, -124.76, 20.0, 2010-09-05 23:02:30, 0.0, None 
 48.92, -124.745, 20.0, 2010-09-05 23:05:00, 0.0, None 
 46.33, -123.0, 35.0, 2010-09-05 23:05:00, 0.0, None 
 48.957, -124.59299999999999, 40.0, 2010-09-05 23:07:30, 0.0, None 
 46.33, -123.1, 60.0, 2010-09-05 23:07:30, 0.0, None 
 48.92, -124.755, 32.0, 2010-09-05 23:10:00, 0.0, None 
 48.93, -124.755, 24.0, 2010-09-05 23:12:30, 0.0, None 
 48.99, -124.62, 20.0, 2010-09-05 23:15:00, 0.0, None 
 46.29, -123.17, 45.0, 2010-09-05 23:22:30, 0.0, None 
 48.92, -124.25, 34.0, 2010-09-05 23:25:00, 0.0, None 
 49.0, -124.585, 20.0, 2010-09-05 23:27:30, 0.0, None 
 48.87, -124.28, 20.0, 2010-09-05 23:27:30, 0.0, None 
 48.92, -124.745, 20.0, 2010-09-05 23:30:00, 0.0, None 
 48.9, -124.755, 20.0, 2010-09-05 23:32:30, 0.0, None 
 46.85, -122.8, 48.5, 2010-09-05 23:32:30, 0.0, None 
 46.55, -123.27, 20.0, 2010-09-05 23:32:30, 0.0, None 
 48.91, -124.74, 20.0, 2010-09-05 23:35:00, 0.0, None 
 48.99, -124.73, 20.0, 2010-09-05 23:42:30, 0.0, None 
 48.97, -124.74, 30.0, 2010-09-05 23:45:00, 0.0, None 
 48.97, -124.56, 38.0, 2010-09-05 23:47:30, 0.0, None 
 48.945, -124.54299999999999, 32.0, 2010-09-05 23:50:00, 0.0, None 
 48.715, -124.31, 28.5, 2010-09-05 23:52:30, 0.0, None 
 48.86, -124.5, 40.0, 2010-09-05 23:55:00, 0.0, None 
 46.79, -122.88, 60.0, 2010-09-06 00:00:00, 0.0, None 
 48.73, -124.23, 39.0, 2010-09-06 00:02:30, 0.0, None 
 48.88, -124.46, 53.0, 2010-09-06 00:05:00, 0.0, None 
 48.84, -124.8, 20.0, 2010-09-06 00:32:30, 0.0, None 
 48.89, -124.74, 30.0, 2010-09-06 00:35:00, 0.0, None 
 48.89, -124.76, 46.5, 2010-09-06 00:37:30, 0.0, None 
 48.91, -124.8, 20.0, 2010-09-06 00:40:00, 0.0, None 
 48.89, -124.78, 26.0, 2010-09-06 00:42:30, 0.0, None 
 48.895, -124.66, 20.0, 2010-09-06 00:55:00, 0.0, None 
 48.98, -124.79, 37.0, 2010-09-06 00:57:30, 0.0, None 
 46.25, -123.14, 60.0, 2010-09-06 00:57:30, 0.0, None 
 48.955, -124.81, 35.0, 2010-09-06 01:00:00, 0.0, None 
 48.94, -124.76, 31.0, 2010-09-06 01:02:30, 0.0, None 
 48.93, -124.805, 41.0, 2010-09-06 01:05:00, 0.0, None 
 48.73, -124.655, 60.0, 2010-09-06 01:15:00, 0.0, None 
 48.91, -124.57, 27.5, 2010-09-06 01:17:30, 0.0, None 
 48.9, -124.61, 20.0, 2010-09-06 01:20:00, 0.0, None 
 48.88, -124.74, 23.5, 2010-09-06 01:22:30, 0.0, None 
 48.92, -124.745, 28.0, 2010-09-06 01:25:00, 0.0, None 
 48.92, -124.895, 20.0, 2010-09-06 01:27:30, 0.0, None 
 48.92, -124.88, 25.0, 2010-09-06 01:30:00, 0.0, None 
 48.915, -124.84, 41.0, 2010-09-06 01:32:30, 0.0, None 
 48.94, -124.83, 20.0, 2010-09-06 01:35:00, 0.0, None 
 48.97, -124.8, 20.0, 2010-09-06 01:37:30, 0.0, None 
 48.98, -124.85, 42.5, 2010-09-06 01:40:00, 0.0, None 
 48.99, -124.755, 37.0, 2010-09-06 01:45:00, 0.0, None 
 48.82, -124.82, 20.0, 2010-09-06 01:50:00, 0.0, None 
 48.89, -124.68, 32.0, 2010-09-06 01:52:30, 0.0, None 
 48.83, -124.74, 20.0, 2010-09-06 02:02:30, 0.0, None 
 48.89, -124.715, 20.0, 2010-09-06 02:05:00, 0.0, None 
 48.93, -124.69, 20.0, 2010-09-06 02:07:30, 0.0, None 
 48.955, -124.74, 20.0, 2010-09-06 02:10:00, 0.0, None 
 48.92, -124.71, 20.0, 2010-09-06 02:12:30, 0.0, None 
 48.95, -124.71, 20.0, 2010-09-06 02:15:00, 0.0, None 
 48.97, -124.68, 20.0, 2010-09-06 02:17:30, 0.0, None 
 48.97, -124.76, 20.0, 2010-09-06 02:20:00, 0.0, None 
 48.97, -124.73, 20.0, 2010-09-06 02:22:30, 0.0, None 
 48.96, -124.73, 20.0, 2010-09-06 02:25:00, 0.0, None 
 48.97, -124.76, 20.0, 2010-09-06 02:27:30, 0.0, None 
 48.76, -124.2, 20.0, 2010-09-06 02:27:30, 0.0, None 
 48.96, -124.73, 21.0, 2010-09-06 02:30:00, 0.0, None 
 48.73, -124.24, 20.0, 2010-09-06 02:30:00, 0.0, None 
 48.95, -124.71, 20.0, 2010-09-06 02:32:30, 0.0, None 
 48.97, -124.725, 39.5, 2010-09-06 02:35:00, 0.0, None 
 48.925, -124.75, 20.0, 2010-09-06 02:37:30, 0.0, None 
 48.99, -124.77, 24.0, 2010-09-06 02:40:00, 0.0, None 
 48.99, -124.63, 27.0, 2010-09-06 02:42:30, 0.0, None 
 48.89, -124.63, 21.5, 2010-09-06 02:45:00, 0.0, None 
 48.9, -124.585, 28.8, 2010-09-06 02:47:30, 0.0, None 
 48.92, -124.595, 28.0, 2010-09-06 02:50:00, 0.0, None 
 48.9, -124.63, 20.5, 2010-09-06 02:52:30, 0.0, None 
 48.835, -124.655, 23.5, 2010-09-06 02:55:00, 0.0, None 
 48.805, -124.86, 25.0, 2010-09-06 02:57:30, 0.0, None 
 48.86, -124.82, 25.0, 2010-09-06 03:00:00, 0.0, None 
 48.89, -124.715, 38.5, 2010-09-06 03:02:30, 0.0, None 
 48.88, -124.755, 36.0, 2010-09-06 03:12:30, 0.0, None 
 48.85, -124.7, 47.0, 2010-09-06 03:15:00, 0.0, None 
 48.86, -124.8, 26.0, 2010-09-06 03:35:00, 0.0, None 
 48.83, -124.81, 27.5, 2010-09-06 03:37:30, 0.0, None 
 48.8, -124.82, 34.0, 2010-09-06 03:40:00, 0.0, None 
 46.91, -122.79, 20.0, 2010-09-06 03:42:30, 0.0, None 
 48.8, -124.67, 32.0, 2010-09-06 03:50:00, 0.0, None 
 46.36, -122.9, 26.0, 2010-09-06 03:52:30, 0.0, None 
 48.8, -124.76, 20.0, 2010-09-06 03:55:00, 0.0, None 
 48.875, -124.75, 27.5, 2010-09-06 03:57:30, 0.0, None 
 48.83, -124.775, 31.0, 2010-09-06 04:00:00, 0.0, None 
 48.98, -124.59, 32.0, 2010-09-06 04:10:00, 0.0, None 
 48.825, -124.82, 20.0, 2010-09-06 04:15:00, 0.0, None 
 48.91, -124.71, 22.5, 2010-09-06 04:17:30, 0.0, None 
 48.97, -124.73, 20.0, 2010-09-06 04:20:00, 0.0, None 
 48.93, -124.72, 20.0, 2010-09-06 04:22:30, 0.0, None 
 48.95, -124.68, 20.0, 2010-09-06 04:25:00, 0.0, None 
 48.685, -124.68, 24.0, 2010-09-06 04:27:30, 0.0, None 
 48.82, -124.775, 20.0, 2010-09-06 04:30:00, 0.0, None 
 48.83, -124.88, 24.5, 2010-09-06 04:32:30, 0.0, None 
 48.82, -124.85, 25.0, 2010-09-06 04:35:00, 0.0, None 
 48.815, -124.9, 24.0, 2010-09-06 04:47:30, 0.0, None 
 48.91, -124.81, 35.0, 2010-09-06 05:00:00, 0.0, None 
 48.96, -124.79, 24.0, 2010-09-06 05:02:30, 0.0, None 
 48.97, -124.79, 20.5, 2010-09-06 05:05:00, 0.0, None 
 48.97, -124.83, 28.0, 2010-09-06 05:07:30, 0.0, None 
 48.82, -124.675, 20.0, 2010-09-06 05:12:30, 0.0, None 
 48.82, -124.66, 20.0, 2010-09-06 05:15:00, 0.0, None 
 48.68, -124.7, 25.0, 2010-09-06 05:25:00, 0.0, None 
 48.87, -124.61, 20.0, 2010-09-06 05:27:30, 0.0, None 
 48.86, -124.72, 25.5, 2010-09-06 05:32:30, 0.0, None 
 48.87, -124.78, 27.0, 2010-09-06 05:35:00, 0.0, None 
 48.88, -124.79, 25.0, 2010-09-06 05:37:30, 0.0, None 
 48.88, -124.78, 29.5, 2010-09-06 05:40:00, 0.0, None 
 48.89, -124.8, 20.0, 2010-09-06 05:42:30, 0.0, None 
 48.92, -124.775, 39.0, 2010-09-06 05:45:00, 0.0, None 
 49.0, -124.7, 20.0, 2010-09-06 05:50:00, 0.0, None 
 49.0, -124.71, 26.0, 2010-09-06 05:52:30, 0.0, None 
 46.185, -123.17, 60.0, 2010-09-06 05:57:30, 0.0, None 
 48.83, -124.81, 20.0, 2010-09-06 06:02:30, 0.0, None 
 48.86, -124.75, 20.0, 2010-09-06 06:05:00, 0.0, None 
 46.17, -123.19, 20.0, 2010-09-06 06:07:30, 0.0, None 
 48.89, -124.7, 35.0, 2010-09-06 06:20:00, 0.0, None 
 48.88, -124.66, 30.0, 2010-09-06 06:22:30, 0.0, None 
 48.89, -124.67, 24.0, 2010-09-06 06:40:00, 0.0, None 
 47.21, -123.99, 27.0, 2010-09-06 06:40:00, 0.0, None 
 48.9, -124.66, 28.0, 2010-09-06 06:42:30, 0.0, None 
 48.92, -124.81, 25.5, 2010-09-06 07:07:30, 0.0, None 
 48.86, -124.695, 20.0, 2010-09-06 07:10:00, 0.0, None 
 48.81, -124.69, 20.0, 2010-09-06 07:12:30, 0.0, None 
 46.89, -122.77, 25.0, 2010-09-06 07:12:30, 0.0, None 
 46.16, -123.22, 36.0, 2010-09-06 07:12:30, 0.0, None 
 48.8, -124.66, 20.0, 2010-09-06 07:15:00, 0.0, None 
 48.81, -124.68, 20.0, 2010-09-06 07:17:30, 0.0, None 
 48.83, -124.77, 29.0, 2010-09-06 07:20:00, 0.0, None 
 48.81, -124.83, 40.0, 2010-09-06 07:22:30, 0.0, None 
 48.81, -124.79, 20.0, 2010-09-06 07:27:30, 0.0, None 
 46.8, -122.895, 60.0, 2010-09-06 07:32:30, 0.0, None 
 46.77, -122.935, 60.0, 2010-09-06 07:35:00, 0.0, None 
 48.87, -124.63, 40.0, 2010-09-06 07:37:30, 0.0, None 
 48.87, -124.66, 39.0, 2010-09-06 07:40:00, 0.0, None 
 48.89, -124.66, 29.0, 2010-09-06 07:45:00, 0.0, None 
 48.95, -124.595, 34.0, 2010-09-06 07:47:30, 0.0, None 
 48.96, -124.69, 28.5, 2010-09-06 07:52:30, 0.0, None 
 48.89, -124.77, 30.0, 2010-09-06 07:55:00, 0.0, None 
 48.92, -124.78, 24.0, 2010-09-06 07:57:30, 0.0, None 
 48.95, -124.77, 20.0, 2010-09-06 08:00:00, 0.0, None 
 48.98, -124.72, 21.5, 2010-09-06 08:02:30, 0.0, None 
 48.95, -124.74, 60.0, 2010-09-06 08:05:00, 0.0, None 
 48.99, -124.71, 33.5, 2010-09-06 08:10:00, 0.0, None 
 49.0, -124.72, 20.0, 2010-09-06 08:12:30, 0.0, None 
 46.33, -123.01, 33.0, 2010-09-06 08:12:30, 0.0, None 
 48.95, -124.72, 24.0, 2010-09-06 08:15:00, 0.0, None 
 48.91, -124.72, 20.0, 2010-09-06 08:17:30, 0.0, None 
 48.905, -124.755, 22.5, 2010-09-06 08:20:00, 0.0, None 
 46.18, -123.1, 60.0, 2010-09-06 08:20:00, 0.0, None 
 48.9, -124.88, 28.5, 2010-09-06 08:22:30, 0.0, None 
 46.235, -123.11, 32.5, 2010-09-06 08:22:30, 0.0, None 
 48.99, -124.72, 20.0, 2010-09-06 08:25:00, 0.0, None 
 48.91, -124.67, 24.5, 2010-09-06 08:30:00, 0.0, None 
 46.105, -123.0, 26.5, 2010-09-06 08:30:00, 0.0, None 
 48.88, -124.66, 20.0, 2010-09-06 08:32:30, 0.0, None 
 48.91, -124.595, 56.5, 2010-09-06 08:35:00, 0.0, None 
 48.895, -124.605, 20.0, 2010-09-06 08:37:30, 0.0, None 
 48.86, -124.69, 20.0, 2010-09-06 08:40:00, 0.0, None 
 48.89, -124.62, 20.0, 2010-09-06 08:42:30, 0.0, None 
 48.92, -124.6, 20.0, 2010-09-06 08:45:00, 0.0, None 
 46.165, -123.165, 56.0, 2010-09-06 08:45:00, 0.0, None 
 48.94, -124.655, 26.5, 2010-09-06 08:47:30, 0.0, None 
 46.165, -123.20200000000001, 28.0, 2010-09-06 08:47:30, 0.0, None 
 48.92, -124.65, 20.0, 2010-09-06 08:50:00, 0.0, None 
 46.227, -123.115, 60.0, 2010-09-06 08:50:00, 0.0, None 
 48.9, -124.68, 23.0, 2010-09-06 08:52:30, 0.0, None 
 46.32, -122.94, 49.5, 2010-09-06 08:52:30, 0.0, None 
 48.88, -124.7, 27.0, 2010-09-06 08:55:00, 0.0, None 
 46.15, -123.125, 58.0, 2010-09-06 08:55:00, 0.0, None 
 48.985, -124.51, 20.0, 2010-09-06 09:00:00, 0.0, None 
 46.26, -123.09, 20.0, 2010-09-06 09:12:30, 0.0, None 
 46.23, -123.05, 20.0, 2010-09-06 09:15:00, 0.0, None 
 49.0, -124.77, 20.0, 2010-09-06 09:17:30, 0.0, None 
 46.31, -123.12, 20.0, 2010-09-06 09:22:30, 0.0, None 
 46.245, -123.132, 22.0, 2010-09-06 09:25:00, 0.0, None 
 48.98, -124.845, 20.0, 2010-09-06 09:27:30, 0.0, None 
 48.89, -124.525, 29.5, 2010-09-06 09:27:30, 0.0, None 
 46.315, -123.005, 60.0, 2010-09-06 09:27:30, 0.0, None 
 46.17, -123.27, 20.0, 2010-09-06 09:27:30, 0.0, None 
 48.98, -124.84, 20.0, 2010-09-06 09:30:00, 0.0, None 
 48.97, -124.81, 20.0, 2010-09-06 09:32:30, 0.0, None 
 46.16, -123.18, 51.0, 2010-09-06 09:32:30, 0.0, None 
 48.95, -124.79, 20.0, 2010-09-06 09:35:00, 0.0, None 
 46.21, -123.088, 30.5, 2010-09-06 09:35:00, 0.0, None 
 48.96, -124.7, 20.0, 2010-09-06 09:37:30, 0.0, None 
 48.99, -124.67, 20.0, 2010-09-06 09:40:00, 0.0, None 
 46.255, -123.18, 21.5, 2010-09-06 09:40:00, 0.0, None 
 46.27, -123.05, 20.0, 2010-09-06 09:42:30, 0.0, None 
 46.17, -123.11, 20.0, 2010-09-06 10:00:00, 0.0, None 
 46.24, -123.0, 49.0, 2010-09-06 10:02:30, 0.0, None 
 46.3, -122.935, 21.5, 2010-09-06 10:05:00, 0.0, None 
 48.98, -124.8, 20.0, 2010-09-06 10:07:30, 0.0, None 
 46.21, -123.09, 32.5, 2010-09-06 10:07:30, 0.0, None 
 48.99, -124.77, 20.0, 2010-09-06 10:10:00, 0.0, None 
 46.208, -123.11, 26.2, 2010-09-06 10:10:00, 0.0, None 
 48.97, -124.79, 28.0, 2010-09-06 10:12:30, 0.0, None 
 46.22, -123.105, 22.5, 2010-09-06 10:12:30, 0.0, None 
 46.22, -123.12, 26.5, 2010-09-06 10:15:00, 0.0, None 
 46.22, -123.095, 31.0, 2010-09-06 10:17:30, 0.0, None 
 46.27, -123.08, 60.0, 2010-09-06 10:20:00, 0.0, None 
 46.23, -123.01, 38.0, 2010-09-06 10:22:30, 0.0, None 
 46.308, -123.125, 20.0, 2010-09-06 10:25:00, 0.0, None 
 46.255, -123.16, 23.5, 2010-09-06 10:27:30, 0.0, None 
 48.93, -124.41, 23.5, 2010-09-06 10:30:00, 0.0, None 
 46.89, -122.82, 20.0, 2010-09-06 10:30:00, 0.0, None 
 48.91, -124.385, 49.0, 2010-09-06 10:32:30, 0.0, None 
 48.92, -124.42, 20.0, 2010-09-06 10:35:00, 0.0, None 
 46.215, -123.072, 32.8, 2010-09-06 10:35:00, 0.0, None 
 46.21, -123.07, 48.5, 2010-09-06 10:37:30, 0.0, None 
 49.0, -124.67, 34.0, 2010-09-06 10:42:30, 0.0, None 
 48.98, -124.67, 33.0, 2010-09-06 10:45:00, 0.0, None 
 48.95, -124.72, 60.0, 2010-09-06 10:47:30, 0.0, None 
 46.2, -123.04, 31.5, 2010-09-06 10:47:30, 0.0, None 
 48.93, -124.865, 20.0, 2010-09-06 10:50:00, 0.0, None 
 48.955, -124.81, 20.0, 2010-09-06 10:52:30, 0.0, None 
 46.27, -123.005, 50.0, 2010-09-06 10:52:30, 0.0, None 
 48.93, -124.8, 20.0, 2010-09-06 10:55:00, 0.0, None 
 46.185, -123.09, 26.2, 2010-09-06 10:55:00, 0.0, None 
 48.9, -124.81, 25.0, 2010-09-06 10:57:30, 0.0, None 
 46.225, -123.102, 37.0, 2010-09-06 10:57:30, 0.0, None 
 48.92, -124.77, 20.0, 2010-09-06 11:00:00, 0.0, None 
 46.257, -123.11, 24.5, 2010-09-06 11:00:00, 0.0, None 
 48.89, -124.68, 28.0, 2010-09-06 11:02:30, 0.0, None 
 46.265, -123.09, 38.0, 2010-09-06 11:02:30, 0.0, None 
 48.89, -124.62, 40.0, 2010-09-06 11:05:00, 0.0, None 
 46.275, -123.135, 24.8, 2010-09-06 11:05:00, 0.0, None 
 48.9, -124.71, 20.0, 2010-09-06 11:07:30, 0.0, None 
 46.275, -123.11, 30.0, 2010-09-06 11:07:30, 0.0, None 
 48.9, -124.61, 20.0, 2010-09-06 11:10:00, 0.0, None 
 46.185, -122.9, 49.0, 2010-09-06 11:10:00, 0.0, None 
 48.885, -124.545, 25.0, 2010-09-06 11:12:30, 0.0, None 
 48.87, -124.59, 20.0, 2010-09-06 11:15:00, 0.0, None 
 46.21, -123.07, 36.5, 2010-09-06 11:15:00, 0.0, None 
 48.92, -124.66, 24.0, 2010-09-06 11:17:30, 0.0, None 
 46.285, -122.97200000000001, 22.0, 2010-09-06 11:17:30, 0.0, None 
 48.89, -124.66, 20.0, 2010-09-06 11:20:00, 0.0, None 
 46.29, -122.96799999999999, 20.0, 2010-09-06 11:20:00, 0.0, None 
 48.88, -124.63, 20.0, 2010-09-06 11:22:30, 0.0, None 
 46.21, -123.07, 40.0, 2010-09-06 11:22:30, 0.0, None 
 48.925, -124.535, 40.0, 2010-09-06 11:25:00, 0.0, None 
 46.17, -122.99, 49.0, 2010-09-06 11:25:00, 0.0, None 
 48.91, -124.6, 20.0, 2010-09-06 11:27:30, 0.0, None 
 48.91, -124.58, 22.0, 2010-09-06 11:30:00, 0.0, None 
 46.2, -122.895, 38.5, 2010-09-06 11:30:00, 0.0, None 
 46.29, -122.98, 60.0, 2010-09-06 11:37:30, 0.0, None 
 48.92, -124.795, 20.0, 2010-09-06 11:40:00, 0.0, None 
 46.22, -123.005, 34.5, 2010-09-06 11:40:00, 0.0, None 
 48.88, -124.7, 33.0, 2010-09-06 11:42:30, 0.0, None 
 48.99, -124.82, 29.0, 2010-09-06 11:45:00, 0.0, None 
 48.96, -124.82, 28.0, 2010-09-06 11:47:30, 0.0, None 
 48.9, -124.72, 42.0, 2010-09-06 11:50:00, 0.0, None 
 46.195, -123.24, 41.0, 2010-09-06 11:50:00, 0.0, None 
 48.88, -124.715, 20.0, 2010-09-06 11:52:30, 0.0, None 
 46.21, -123.105, 32.5, 2010-09-06 11:52:30, 0.0, None 
 48.99, -124.81, 28.0, 2010-09-06 11:55:00, 0.0, None 
 46.205, -122.98, 31.0, 2010-09-06 12:02:30, 0.0, None 
 46.21, -122.96, 32.5, 2010-09-06 12:05:00, 0.0, None 
 46.255, -122.93, 42.5, 2010-09-06 12:07:30, 0.0, None 
 46.26, -123.005, 43.0, 2010-09-06 12:10:00, 0.0, None 
 48.95, -124.62, 20.5, 2010-09-06 12:15:00, 0.0, None 
 48.99, -124.77, 20.0, 2010-09-06 12:20:00, 0.0, None 
 48.99, -124.72, 22.0, 2010-09-06 12:22:30, 0.0, None 
 48.98, -124.69, 20.0, 2010-09-06 12:25:00, 0.0, None 
 48.95, -124.905, 20.0, 2010-09-06 12:35:00, 0.0, None 
 48.93, -124.67, 25.0, 2010-09-06 12:47:30, 0.0, None 
 48.85, -124.79, 38.0, 2010-09-06 12:57:30, 0.0, None 
 46.205, -123.18299999999999, 60.0, 2010-09-06 12:57:30, 0.0, None 
 46.2, -123.235, 20.0, 2010-09-06 13:00:00, 0.0, None 
 46.19, -123.235, 20.0, 2010-09-06 13:02:30, 0.0, None 
 48.92, -124.83, 40.0, 2010-09-06 13:05:00, 0.0, None 
 46.195, -123.2, 22.0, 2010-09-06 13:05:00, 0.0, None 
 46.17, -123.26, 20.0, 2010-09-06 13:07:30, 0.0, None 
 46.21, -123.325, 20.0, 2010-09-06 13:15:00, 0.0, None 
 46.17, -123.3, 20.0, 2010-09-06 13:20:00, 0.0, None 
 46.19, -123.31, 20.0, 2010-09-06 13:22:30, 0.0, None 
 46.215, -123.305, 42.5, 2010-09-06 13:25:00, 0.0, None 
 46.24, -123.36, 40.0, 2010-09-06 13:27:30, 0.0, None 
 48.95, -124.71, 33.0, 2010-09-06 13:30:00, 0.0, None 
 48.99, -124.7, 33.0, 2010-09-06 13:45:00, 0.0, None 
 46.11, -123.16, 60.0, 2010-09-06 13:57:30, 0.0, None 
 47.0, -123.05, 48.0, 2010-09-06 14:12:30, 0.0, None 
 46.74, -122.92, 50.0, 2010-09-06 14:17:30, 0.0, None 
 48.99, -124.73, 28.0, 2010-09-06 14:20:00, 0.0, None 
 48.96, -124.78, 24.0, 2010-09-06 14:22:30, 0.0, None 
 48.8, -124.8, 20.0, 2010-09-06 14:42:30, 0.0, None 
 46.28, -123.22, 43.0, 2010-09-06 14:52:30, 0.0, None 
 46.17, -123.2, 38.0, 2010-09-06 14:55:00, 0.0, None 
 46.198, -122.99, 60.0, 2010-09-06 15:02:30, 0.0, None 
 46.17, -123.197, 20.0, 2010-09-06 15:05:00, 0.0, None 
 46.203, -123.132, 20.2, 2010-09-06 15:07:30, 0.0, None 
 48.92, -124.875, 23.5, 2010-09-06 15:55:00, 0.0, None 
 47.19, -122.6, 20.0, 2010-09-06 16:02:30, 0.0, None 
 46.72, -122.92, 29.0, 2010-09-06 16:50:00, 0.0, None 
 47.015, -123.08, 60.0, 2010-09-06 17:05:00, 0.0, None 
 47.025, -123.09, 60.0, 2010-09-06 17:07:30, 0.0, None 
 48.875, -124.755, 31.0, 2010-09-06 19:52:30, 0.0, None 
 48.81, -124.79, 20.0, 2010-09-06 19:55:00, 0.0, None 
 48.9, -124.74, 39.0, 2010-09-06 19:57:30, 0.0, None 
 48.85, -124.785, 20.0, 2010-09-06 20:00:00, 0.0, None 
 48.865, -124.77, 20.0, 2010-09-06 20:02:30, 0.0, None 
 46.23, -122.88, 60.0, 2010-09-06 20:02:30, 0.0, None 
 48.86, -124.78, 20.0, 2010-09-06 20:05:00, 0.0, None 
 46.2, -123.115, 20.0, 2010-09-06 20:05:00, 0.0, None 
 48.795, -124.805, 24.0, 2010-09-06 20:07:30, 0.0, None 
 46.28, -123.09, 24.0, 2010-09-06 20:45:00, 0.0, None 
 46.27, -123.185, 31.0, 2010-09-06 20:50:00, 0.0, None 
 48.88, -124.59, 31.0, 2010-09-06 20:55:00, 0.0, None 
 48.82, -124.73, 20.0, 2010-09-06 20:57:30, 0.0, None 
 48.93, -124.72, 51.0, 2010-09-06 21:00:00, 0.0, None 
 48.89, -124.7, 46.0, 2010-09-06 21:02:30, 0.0, None 
 48.98, -124.77, 60.0, 2010-09-06 21:07:30, 0.0, None 
 48.84, -124.7, 22.5, 2010-09-06 21:10:00, 0.0, None 
 48.81, -124.76, 20.0, 2010-09-06 21:12:30, 0.0, None 
 48.82, -124.74, 20.0, 2010-09-06 21:15:00, 0.0, None 
 48.82, -124.73, 20.0, 2010-09-06 21:17:30, 0.0, None 
 48.86, -124.7, 20.0, 2010-09-06 21:20:00, 0.0, None 
 48.86, -124.69, 20.0, 2010-09-06 21:22:30, 0.0, None 
 48.88, -124.58, 20.0, 2010-09-06 21:25:00, 0.0, None 
 47.04, -123.1, 60.0, 2010-09-06 21:35:00, 0.0, None 
 48.9, -124.9, 24.0, 2010-09-06 22:02:30, 0.0, None 
 48.875, -124.78, 20.0, 2010-09-06 22:25:00, 0.0, None 
 48.905, -124.73, 29.0, 2010-09-06 22:27:30, 0.0, None 
 48.94, -124.7, 29.0, 2010-09-06 22:30:00, 0.0, None 
 48.915, -124.455, 50.5, 2010-09-06 22:52:30, 0.0, None 
 47.14, -122.63, 20.0, 2010-09-06 22:57:30, 0.0, None 
 49.0, -124.76, 24.0, 2010-09-06 23:00:00, 0.0, None 
 47.13, -122.6, 20.0, 2010-09-06 23:00:00, 0.0, None 
 48.97, -124.79, 27.0, 2010-09-06 23:22:30, 0.0, None 
 48.97, -124.78, 32.5, 2010-09-06 23:25:00, 0.0, None 
 48.915, -124.8, 24.0, 2010-09-06 23:27:30, 0.0, None 
 48.865, -124.77, 29.0, 2010-09-06 23:30:00, 0.0, None 
 48.98, -124.905, 20.0, 2010-09-06 23:35:00, 0.0, None 
 48.922, -124.66799999999999, 20.0, 2010-09-06 23:40:00, 0.0, None 
 48.96, -124.82, 20.0, 2010-09-06 23:42:30, 0.0, None 
 48.97, -124.8, 20.0, 2010-09-06 23:45:00, 0.0, None 
 48.93, -124.79, 20.0, 2010-09-06 23:47:30, 0.0, None 
 48.815, -124.265, 20.0, 2010-09-06 23:47:30, 0.0, None 
 48.905, -124.865, 20.0, 2010-09-06 23:50:00, 0.0, None 
 48.91, -124.82, 20.0, 2010-09-06 23:52:30, 0.0, None 
 48.995, -124.77, 20.0, 2010-09-06 23:55:00, 0.0, None 
 46.21, -123.09, 60.0, 2010-09-07 00:15:00, 0.0, None 
 46.22, -123.125, 30.0, 2010-09-07 00:17:30, 0.0, None 
 46.03, -123.31, 26.0, 2010-09-07 00:25:00, 0.0, None 
 46.28, -123.205, 30.5, 2010-09-07 00:25:00, 0.0, None 
 46.13, -123.05, 50.0, 2010-09-07 00:35:00, 0.0, None 
 46.18, -123.08, 28.0, 2010-09-07 00:37:30, 0.0, None 
 48.99, -124.83, 52.0, 2010-09-07 01:05:00, 0.0, None 
 46.24, -123.29, 60.0, 2010-09-07 01:20:00, 0.0, None 
 48.99, -124.68, 49.0, 2010-09-07 02:00:00, 0.0, None 
 49.0, -124.635, 25.0, 2010-09-07 02:02:30, 0.0, None 
 48.99, -124.795, 25.0, 2010-09-07 02:05:00, 0.0, None 
 46.0, -123.2, 27.0, 2010-09-07 03:45:00, 0.0, None 
 46.08, -122.99, 49.0, 2010-09-07 05:30:00, 0.0, None 
 46.21, -123.2, 20.0, 2010-09-07 07:42:30, 0.0, None 
 46.23, -123.29, 20.0, 2010-09-07 07:45:00, 0.0, None 
 46.205, -123.33200000000001, 40.0, 2010-09-07 07:50:00, 0.0, None 
 46.2, -123.265, 34.0, 2010-09-07 07:52:30, 0.0, None 
 46.117, -123.26299999999999, 40.5, 2010-09-07 07:55:00, 0.0, None 
 46.2, -123.47, 60.0, 2010-09-07 07:57:30, 0.0, None 
 46.195, -123.29, 25.5, 2010-09-07 08:00:00, 0.0, None 
 46.26, -123.24, 38.0, 2010-09-07 08:02:30, 0.0, None 
 46.24, -123.4, 44.0, 2010-09-07 08:07:30, 0.0, None 
 46.222, -123.245, 20.0, 2010-09-07 08:10:00, 0.0, None 
 46.235, -123.305, 20.0, 2010-09-07 08:12:30, 0.0, None 
 46.225, -123.335, 38.0, 2010-09-07 08:15:00, 0.0, None 
 46.2, -123.06, 42.0, 2010-09-07 08:25:00, 0.0, None 
 46.2, -123.33, 20.0, 2010-09-07 08:37:30, 0.0, None 
 46.22, -123.30799999999999, 24.5, 2010-09-07 08:40:00, 0.0, None 
 46.203, -123.34, 26.8, 2010-09-07 08:42:30, 0.0, None 
 46.19, -123.34, 31.0, 2010-09-07 08:45:00, 0.0, None 
 46.21, -123.04, 60.0, 2010-09-07 09:00:00, 0.0, None 
 46.2, -123.23, 60.0, 2010-09-07 09:02:30, 0.0, None 
 48.81, -124.76, 20.0, 2010-09-07 09:17:30, 0.0, None 
 48.88, -124.81, 33.0, 2010-09-07 09:20:00, 0.0, None 
 48.84, -124.82, 20.0, 2010-09-07 09:22:30, 0.0, None 
 46.185, -122.88, 32.0, 2010-09-07 09:22:30, 0.0, None 
 48.83, -124.805, 20.0, 2010-09-07 09:25:00, 0.0, None 
 46.185, -122.895, 46.0, 2010-09-07 09:25:00, 0.0, None 
 48.82, -124.81, 20.0, 2010-09-07 09:27:30, 0.0, None 
 48.81, -124.82, 20.0, 2010-09-07 09:30:00, 0.0, None 
 48.88, -124.8, 20.0, 2010-09-07 09:32:30, 0.0, None 
 48.88, -124.81, 20.0, 2010-09-07 09:35:00, 0.0, None 
 47.39, -122.41, 41.0, 2010-09-07 09:35:00, 0.0, None 
 46.25, -123.32, 46.0, 2010-09-07 09:35:00, 0.0, None 
 48.82, -124.78, 30.0, 2010-09-07 09:37:30, 0.0, None 
 46.24, -122.9, 45.0, 2010-09-07 09:37:30, 0.0, None 
 48.84, -124.78, 30.0, 2010-09-07 09:40:00, 0.0, None 
 48.87, -124.81, 24.0, 2010-09-07 09:42:30, 0.0, None 
 48.85, -124.83, 21.0, 2010-09-07 09:45:00, 0.0, None 
 48.86, -124.83, 20.5, 2010-09-07 09:47:30, 0.0, None 
 46.2, -123.07, 55.0, 2010-09-07 09:47:30, 0.0, None 
 48.88, -124.82, 25.0, 2010-09-07 09:50:00, 0.0, None 
 46.2, -123.275, 20.0, 2010-09-07 09:50:00, 0.0, None 
 48.9, -124.82, 20.0, 2010-09-07 09:52:30, 0.0, None 
 48.86, -124.81, 20.0, 2010-09-07 09:55:00, 0.0, None 
 46.17, -123.18, 31.5, 2010-09-07 09:55:00, 0.0, None 
 48.84, -124.78, 20.0, 2010-09-07 09:57:30, 0.0, None 
 48.87, -124.78, 20.0, 2010-09-07 10:00:00, 0.0, None 
 48.835, -124.83, 20.0, 2010-09-07 10:02:30, 0.0, None 
 48.92, -124.8, 20.0, 2010-09-07 10:05:00, 0.0, None 
 48.895, -124.81, 20.0, 2010-09-07 10:07:30, 0.0, None 
 48.9, -124.78, 52.0, 2010-09-07 10:10:00, 0.0, None 
 46.2, -123.315, 20.0, 2010-09-07 10:12:30, 0.0, None 
 46.21, -123.385, 20.0, 2010-09-07 10:15:00, 0.0, None 
 48.89, -124.78, 22.0, 2010-09-07 10:32:30, 0.0, None 
 48.89, -124.795, 20.0, 2010-09-07 10:35:00, 0.0, None 
 46.23, -123.24, 31.5, 2010-09-07 10:47:30, 0.0, None 
 46.22, -123.095, 58.0, 2010-09-07 10:50:00, 0.0, None 
 48.81, -124.87, 20.0, 2010-09-07 10:52:30, 0.0, None 
 48.86, -124.88, 20.0, 2010-09-07 10:55:00, 0.0, None 
 46.23, -123.42, 45.0, 2010-09-07 11:00:00, 0.0, None 
 47.38, -122.43, 60.0, 2010-09-07 11:12:30, 0.0, None 
 48.965, -124.78, 60.0, 2010-09-07 11:37:30, 0.0, None 
 49.0, -124.76, 60.0, 2010-09-07 11:40:00, 0.0, None 
 46.13, -122.99, 55.0, 2010-09-07 12:32:30, 0.0, None 
 48.93, -124.59, 50.0, 2010-09-07 12:40:00, 0.0, None 
 46.12, -122.94, 49.0, 2010-09-07 12:40:00, 0.0, None 
 46.22, -123.02, 35.5, 2010-09-07 12:42:30, 0.0, None 
 48.8, -124.75, 20.0, 2010-09-07 12:45:00, 0.0, None 
 46.09, -122.92, 21.0, 2010-09-07 12:45:00, 0.0, None 
 46.19, -122.895, 33.0, 2010-09-07 12:47:30, 0.0, None 
 48.8, -124.7, 20.0, 2010-09-07 12:55:00, 0.0, None 
 46.225, -123.02, 42.0, 2010-09-07 12:55:00, 0.0, None 
 48.79, -124.68, 20.0, 2010-09-07 12:57:30, 0.0, None 
 46.19, -123.06, 60.0, 2010-09-07 12:57:30, 0.0, None 
 46.1, -122.94, 20.0, 2010-09-07 13:47:30, 0.0, None 
 46.2, -123.4, 20.0, 2010-09-07 14:35:00, 0.0, None 
 46.9, -122.8, 60.0, 2010-09-07 18:57:30, 0.0, None 
 46.22, -123.13, 60.0, 2010-09-07 19:30:00, 0.0, None 
 46.0, -123.31, 40.0, 2010-09-07 20:32:30, 0.0, None 
 46.2, -123.29, 60.0, 2010-09-07 21:07:30, 0.0, None 
 47.4, -122.42, 31.0, 2010-09-07 21:50:00, 0.0, None 
 46.93, -122.74, 25.0, 2010-09-07 23:05:00, 0.0, None 
 48.79, -124.73, 20.0, 2010-09-07 23:40:00, 0.0, None 
 48.83, -124.7, 33.0, 2010-09-07 23:47:30, 0.0, None 
 48.89, -124.735, 37.0, 2010-09-08 01:47:30, 0.0, None 
 48.89, -124.73, 32.0, 2010-09-08 01:55:00, 0.0, None 
 48.82, -124.8, 20.0, 2010-09-08 02:17:30, 0.0, None 
 48.84, -124.83, 20.0, 2010-09-08 02:20:00, 0.0, None 
 48.86, -124.82, 20.0, 2010-09-08 02:22:30, 0.0, None 
 48.84, -124.78, 47.0, 2010-09-08 02:27:30, 0.0, None 
 48.66, -124.59, 60.0, 2010-09-08 07:02:30, 0.0, None 
 48.73, -124.43, 20.0, 2010-09-08 07:05:00, 0.0, None 
 48.72, -124.45, 20.0, 2010-09-08 07:07:30, 0.0, None 
 48.72, -124.495, 20.0, 2010-09-08 07:10:00, 0.0, None 
 48.74, -124.465, 20.0, 2010-09-08 07:12:30, 0.0, None 
 48.73, -124.445, 20.0, 2010-09-08 07:15:00, 0.0, None 
 48.71, -124.445, 31.5, 2010-09-08 07:30:00, 0.0, None 
 48.71, -124.555, 20.0, 2010-09-08 07:32:30, 0.0, None 
 48.7, -124.56, 20.0, 2010-09-08 07:35:00, 0.0, None 
 48.68, -124.7, 24.0, 2010-09-08 07:37:30, 0.0, None 
 48.79, -124.36, 20.0, 2010-09-08 07:40:00, 0.0, None 
 48.74, -124.405, 30.5, 2010-09-08 07:42:30, 0.0, None 
 48.77, -124.37, 31.0, 2010-09-08 07:45:00, 0.0, None 
 48.75, -124.485, 24.0, 2010-09-08 07:50:00, 0.0, None 
 48.72, -124.55, 20.0, 2010-09-08 07:52:30, 0.0, None 
 48.78, -124.42, 20.0, 2010-09-08 07:55:00, 0.0, None 
 48.72, -124.31, 30.0, 2010-09-08 08:05:00, 0.0, None 
 48.65, -124.56, 40.0, 2010-09-08 08:17:30, 0.0, None 
 48.57, -124.63, 41.0, 2010-09-08 08:27:30, 0.0, None 
 48.75, -124.45, 30.0, 2010-09-08 08:30:00, 0.0, None 
 48.61, -124.56, 41.0, 2010-09-08 08:32:30, 0.0, None 
 48.69, -124.445, 20.0, 2010-09-08 08:35:00, 0.0, None 
 48.7, -124.46, 20.0, 2010-09-08 08:37:30, 0.0, None 
 48.69, -124.54, 20.0, 2010-09-08 08:40:00, 0.0, None 
 48.7, -124.51, 20.0, 2010-09-08 08:42:30, 0.0, None 
 48.75, -124.39, 30.5, 2010-09-08 09:47:30, 0.0, None 
 48.79, -124.43, 20.0, 2010-09-08 09:50:00, 0.0, None 
 48.78, -124.36, 25.0, 2010-09-08 09:52:30, 0.0, None 
 48.7, -124.59, 20.0, 2010-09-08 09:57:30, 0.0, None 
 48.71, -124.57, 20.0, 2010-09-08 10:00:00, 0.0, None 
 48.68, -124.68, 31.0, 2010-09-08 10:02:30, 0.0, None 
 48.71, -124.42, 31.0, 2010-09-08 10:05:00, 0.0, None 
 48.625, -124.58, 21.0, 2010-09-08 10:07:30, 0.0, None 
 48.75, -124.6, 20.0, 2010-09-08 10:10:00, 0.0, None 
 48.7, -124.515, 25.0, 2010-09-08 10:12:30, 0.0, None 
 48.705, -124.525, 24.0, 2010-09-08 10:15:00, 0.0, None 
 48.73, -124.495, 20.0, 2010-09-08 10:17:30, 0.0, None 
 48.74, -124.49, 20.0, 2010-09-08 10:20:00, 0.0, None 
 48.75, -124.53, 20.0, 2010-09-08 10:22:30, 0.0, None 
 48.76, -124.53, 20.0, 2010-09-08 10:25:00, 0.0, None 
 48.74, -124.51, 41.5, 2010-09-08 10:27:30, 0.0, None 
 48.74, -124.53, 20.0, 2010-09-08 10:30:00, 0.0, None 
 48.72, -124.54, 20.0, 2010-09-08 10:32:30, 0.0, None 
 48.69, -124.58, 20.0, 2010-09-08 10:35:00, 0.0, None 
 48.72, -124.53, 20.0, 2010-09-08 10:37:30, 0.0, None 
 48.7, -124.59, 26.0, 2010-09-08 10:40:00, 0.0, None 
 48.69, -124.54, 20.0, 2010-09-08 10:42:30, 0.0, None 
 48.79, -124.535, 20.0, 2010-09-08 10:45:00, 0.0, None 
 48.79, -124.54, 20.0, 2010-09-08 10:47:30, 0.0, None 
 48.795, -124.365, 26.5, 2010-09-08 10:50:00, 0.0, None 
 48.77, -124.555, 20.0, 2010-09-08 10:55:00, 0.0, None 
 48.735, -124.59, 20.0, 2010-09-08 10:57:30, 0.0, None 
 48.7, -124.53, 20.0, 2010-09-08 11:00:00, 0.0, None 
 48.68, -124.54, 20.0, 2010-09-08 11:02:30, 0.0, None 
 48.78, -124.465, 20.0, 2010-09-08 11:07:30, 0.0, None 
 48.76, -124.49, 20.0, 2010-09-08 11:10:00, 0.0, None 
 48.69, -124.6, 20.0, 2010-09-08 11:20:00, 0.0, None 
 48.695, -124.58, 20.0, 2010-09-08 11:22:30, 0.0, None 
 48.68, -124.5, 20.0, 2010-09-08 11:25:00, 0.0, None 
 48.74, -124.55, 20.0, 2010-09-08 11:27:30, 0.0, None 
 48.71, -124.555, 45.0, 2010-09-08 11:30:00, 0.0, None 
 48.67, -124.58, 20.0, 2010-09-08 11:32:30, 0.0, None 
 48.72, -124.61, 20.0, 2010-09-08 11:35:00, 0.0, None 
 48.71, -124.4, 29.5, 2010-09-08 11:37:30, 0.0, None 
 48.7, -124.49, 20.0, 2010-09-08 11:40:00, 0.0, None 
 48.72, -124.49, 24.0, 2010-09-08 11:42:30, 0.0, None 
 48.71, -124.51, 20.0, 2010-09-08 11:45:00, 0.0, None 
 48.68, -124.49, 36.5, 2010-09-08 11:47:30, 0.0, None 
 48.71, -124.47, 60.0, 2010-09-08 11:50:00, 0.0, None 
 48.69, -124.53, 20.0, 2010-09-08 11:52:30, 0.0, None 
 48.745, -124.49, 20.0, 2010-09-08 11:55:00, 0.0, None 
 48.72, -124.48, 24.5, 2010-09-08 11:57:30, 0.0, None 
 48.69, -124.51, 20.0, 2010-09-08 12:00:00, 0.0, None 
 48.77, -124.54, 20.0, 2010-09-08 12:02:30, 0.0, None 
 48.7, -124.57, 27.5, 2010-09-08 12:05:00, 0.0, None 
 48.59, -124.565, 30.5, 2010-09-08 12:07:30, 0.0, None 
 48.76, -124.54, 20.0, 2010-09-08 12:10:00, 0.0, None 
 48.72, -124.55, 20.0, 2010-09-08 12:12:30, 0.0, None 
 48.79, -124.53, 29.0, 2010-09-08 12:15:00, 0.0, None 
 48.71, -124.64, 20.0, 2010-09-08 12:17:30, 0.0, None 
 48.7, -124.64, 48.5, 2010-09-08 12:20:00, 0.0, None 
 48.78, -124.52, 20.0, 2010-09-08 12:22:30, 0.0, None 
 48.78, -124.58, 20.0, 2010-09-08 12:25:00, 0.0, None 
 48.74, -124.61, 20.0, 2010-09-08 12:27:30, 0.0, None 
 48.76, -124.43, 24.0, 2010-09-08 12:30:00, 0.0, None 
 48.72, -124.46, 20.0, 2010-09-08 12:32:30, 0.0, None 
 48.79, -124.485, 23.5, 2010-09-08 12:35:00, 0.0, None 
 48.78, -124.48, 31.5, 2010-09-08 12:37:30, 0.0, None 
 48.77, -124.5, 20.0, 2010-09-08 12:40:00, 0.0, None 
 48.74, -124.48, 20.0, 2010-09-08 12:42:30, 0.0, None 
 48.78, -124.44, 20.0, 2010-09-08 12:45:00, 0.0, None 
 48.79, -124.45, 20.0, 2010-09-08 12:47:30, 0.0, None 
 48.79, -124.45, 20.0, 2010-09-08 12:50:00, 0.0, None 
 48.76, -124.52, 20.0, 2010-09-08 12:52:30, 0.0, None 
 48.76, -124.515, 20.0, 2010-09-08 12:55:00, 0.0, None 
 48.78, -124.475, 32.0, 2010-09-08 12:57:30, 0.0, None 
 48.73, -124.48, 20.0, 2010-09-08 13:00:00, 0.0, None 
 48.79, -124.51, 20.0, 2010-09-08 13:02:30, 0.0, None 
 48.78, -124.49, 20.0, 2010-09-08 13:05:00, 0.0, None 
 48.8, -124.46, 22.0, 2010-09-08 13:12:30, 0.0, None 
 48.79, -124.41, 30.0, 2010-09-08 13:15:00, 0.0, None 
 48.77, -124.35, 32.0, 2010-09-08 13:17:30, 0.0, None 
 48.785, -124.44, 20.0, 2010-09-08 13:20:00, 0.0, None 
 48.77, -124.43, 20.0, 2010-09-08 13:22:30, 0.0, None 
 48.74, -124.43, 25.0, 2010-09-08 13:25:00, 0.0, None 
 48.83, -124.38, 20.0, 2010-09-08 13:27:30, 0.0, None 
 48.82, -124.405, 20.0, 2010-09-08 13:30:00, 0.0, None 
 48.78, -124.43, 20.0, 2010-09-08 13:32:30, 0.0, None 
 48.8, -124.47, 33.0, 2010-09-08 13:35:00, 0.0, None 
 48.78, -124.345, 50.0, 2010-09-08 13:37:30, 0.0, None 
 48.8, -124.455, 60.0, 2010-09-08 13:40:00, 0.0, None 
 48.75, -124.41, 22.5, 2010-09-08 13:42:30, 0.0, None 
 48.75, -124.44, 21.0, 2010-09-08 13:45:00, 0.0, None 
 48.745, -124.49, 20.0, 2010-09-08 13:47:30, 0.0, None 
 48.74, -124.47, 21.0, 2010-09-08 13:50:00, 0.0, None 
 48.74, -124.39, 25.5, 2010-09-08 13:52:30, 0.0, None 
 48.79, -124.38, 25.0, 2010-09-08 13:55:00, 0.0, None 
 48.79, -124.4, 38.5, 2010-09-08 13:57:30, 0.0, None 
 48.77, -124.37, 26.0, 2010-09-08 14:00:00, 0.0, None 
 48.8, -124.38, 36.5, 2010-09-08 14:02:30, 0.0, None 
 48.67, -124.45, 49.5, 2010-09-08 14:05:00, 0.0, None 
 48.85, -124.6, 20.0, 2010-09-08 15:55:00, 0.0, None 
 48.83, -124.61, 34.0, 2010-09-08 15:57:30, 0.0, None 
 48.9, -124.57, 20.0, 2010-09-08 16:42:30, 0.0, None 
 48.89, -124.59, 20.0, 2010-09-08 16:45:00, 0.0, None 
 48.82, -124.69, 20.0, 2010-09-08 16:47:30, 0.0, None 
 48.83, -124.74, 20.0, 2010-09-08 16:50:00, 0.0, None 
 48.74, -124.75, 30.0, 2010-09-08 22:12:30, 0.0, None 
 